time,ur20-shoulder_pan_joint,ur20-shoulder_lift_joint,ur20-elbow_joint,ur20-wrist_1_joint,ur20-wrist_2_joint,ur20-wrist_3_joint,target-POS_X,target-POS_Y,target-POS_Z,target-ROT_X,target-ROT_Y,target-ROT_Z,target-ROT_W
0.0,-0.5610316395759583,-0.6463183164596558,1.7031667232513428,-1.8830475807189941,-0.7476782202720642,0.6721056699752808,1.092109203338623,-0.31524983048439026,-0.064222551882267,0.0,0.8660253882408142,0.5,0.0
1.0,-0.564744234085083,-0.6404578685760498,1.7134391069412231,-1.8962475061416626,-0.7501981258392334,0.6681013107299805,1.084040641784668,-0.31524983048439026,-0.07430397719144821,0.0,0.8660253882408142,0.5,0.0
2.0,-0.5609315037727356,-0.6270531415939331,1.6990853548049927,-1.898310899734497,-0.747610330581665,0.6722139120101929,1.0923283100128174,-0.31524983048439026,-0.08293206989765167,0.0,0.8660253882408142,0.5,0.0
3.0,-0.555721640586853,-0.6107965111732483,1.679354190826416,-1.898991346359253,-0.7440879940986633,0.6778708100318909,1.1038256883621216,-0.31524983048439026,-0.09264306724071503,0.0,0.8660253882408142,0.5,0.0
4.0,-0.5611805319786072,-0.6157321929931641,1.6973826885223389,-1.9077316522598267,-0.747779130935669,0.6719445586204529,1.0917836427688599,-0.31524983048439026,-0.094212606549263,0.0,0.8660253882408142,0.5,0.0
5.0,-0.5666453242301941,-0.619352400302887,1.7146790027618408,-1.917099952697754,-0.7514916062355042,0.6660591959953308,1.079947590827942,-0.31524983048439026,-0.0967942401766777,0.0,0.8660253882408142,0.5,0.0
6.0,-0.5709726214408875,-0.6287930607795715,1.7295405864715576,-1.919144630432129,-0.7544435262680054,0.6614319682121277,1.0707262754440308,-0.31524983048439026,-0.09238234907388687,0.0,0.8660253882408142,0.5,0.0
7.0,-0.5732423067092896,-0.6186771988868713,1.7338110208511353,-1.9317721128463745,-0.75599604845047,0.6590165495872498,1.0659418106079102,-0.31524983048439026,-0.10434538871049881,0.0,0.8660253882408142,0.5,0.0
8.0,-0.5638744235038757,-0.6061389446258545,1.7032928466796875,-1.9211053848266602,-0.7496070265769958,0.6690375208854675,1.0859220027923584,-0.31524983048439026,-0.10646606236696243,0.0,0.8660253882408142,0.5,0.0
9.0,-0.5659946799278259,-0.5973145365715027,1.7074052095413208,-1.932374358177185,-0.7510486841201782,0.6667574644088745,1.081345558166504,-0.31524983048439026,-0.11717703193426132,0.0,0.8660253882408142,0.5,0.0
10.0,-0.5565105676651001,-0.5840209126472473,1.6752398014068604,-1.9210205078125,-0.7446203827857971,0.6770114302635193,1.1020716428756714,-0.31524983048439026,-0.1195843443274498,0.0,0.8660253882408142,0.5,0.0
11.0,-0.5580441951751709,-0.6007011532783508,1.6842190027236938,-1.9120936393737793,-0.7456563115119934,0.6753436326980591,1.0986751317977905,-0.31524983048439026,-0.1051914170384407,0.0,0.8660253882408142,0.5,0.0
12.0,-0.5523635745048523,-0.5956648588180542,1.6651933193206787,-1.9026644229888916,-0.7418261766433716,0.6815399527549744,1.111344814300537,-0.31524983048439026,-0.10340646654367447,0.0,0.8660253882408142,0.5,0.0
13.0,-0.5483572483062744,-0.5960971117019653,1.6524176597595215,-1.8927052021026611,-0.7391365170478821,0.6859411001205444,1.1204290390014648,-0.31524983048439026,-0.09803390502929688,0.0,0.8660253882408142,0.5,0.0
14.0,-0.543607771396637,-0.5911688804626465,1.6356141567230225,-1.8847163915634155,-0.7359604835510254,0.6911924481391907,1.1313620805740356,-0.31524983048439026,-0.096792072057724,0.0,0.8660253882408142,0.5,0.0
15.0,-0.5478199124336243,-0.5768976211547852,1.6458631753921509,-1.9057879447937012,-0.7387765049934387,0.6865333914756775,1.1216570138931274,-0.31524983048439026,-0.11624947190284729,0.0,0.8660253882408142,0.5,0.0
16.0,-0.5426904559135437,-0.5746625661849976,1.628450632095337,-1.8948142528533936,-0.735348641872406,0.692210853099823,1.1334943771362305,-0.31524983048439026,-0.11197379231452942,0.0,0.8660253882408142,0.5,0.0
17.0,-0.537960946559906,-0.5778027772903442,1.6132893562316895,-1.8804287910461426,-0.7322023510932922,0.6974838972091675,1.1445978879928589,-0.31524983048439026,-0.10254063457250595,0.0,0.8660253882408142,0.5,0.0
18.0,-0.5382643938064575,-0.5887516140937805,1.6169674396514893,-1.8729056119918823,-0.7324038147926331,0.6971444487571716,1.1438798904418945,-0.31524983048439026,-0.09197410196065903,0.0,0.8660253882408142,0.5,0.0
19.0,-0.3014083206653595,-0.46602243185043335,1.2174290418624878,-1.2952061891555786,-1.8308091163635254,-0.15420594811439514,1.2485878467559814,-0.21921418607234955,-0.08730246871709824,0.6123724579811096,-0.6123723983764648,-0.3535533845424652,0.3535533845424652
20.0,-0.29250556230545044,-0.4736907184123993,1.222730040550232,-1.2916334867477417,-1.8231878280639648,-0.14944909512996674,1.2485878467559814,-0.20632889866828918,-0.08024601638317108,0.6123724579811096,-0.6123723983764648,-0.3535533845424652,0.3535533845424652
21.0,-0.2903863489627838,-0.4645732045173645,1.221575379371643,-1.2993152141571045,-1.8213728666305542,-0.1483195275068283,1.2485878467559814,-0.20326952636241913,-0.09151298552751541,0.6123724579811096,-0.6123723983764648,-0.3535533845424652,0.3535533845424652
22.0,-0.2974664270877838,-0.4585098624229431,1.2173393964767456,-1.3020905256271362,-1.8274352550506592,-0.1520974040031433,1.2485878467559814,-0.21350231766700745,-0.09708181023597717,0.6123724579811096,-0.6123723983764648,-0.3535533845424652,0.3535533845424652
23.0,-0.28352826833724976,-0.46023282408714294,1.2231416702270508,-1.3043277263641357,-1.8154971599578857,-0.1446712762117386,1.2485878467559814,-0.19338873028755188,-0.09805494546890259,0.6123724579811096,-0.6123723983764648,-0.3535533845424652,0.3535533845424652
24.0,-0.29067838191986084,-0.4511379301548004,1.2182027101516724,-1.3094165325164795,-1.8216229677200317,-0.14847512543201447,1.2485878467559814,-0.20369094610214233,-0.10720276832580566,0.6123724579811096,-0.6123723983764648,-0.3535533845424652,0.3535533845424652
25.0,-0.2992064654827118,-0.44352078437805176,1.2128095626831055,-1.31278657913208,-1.8289247751235962,-0.1530276983976364,1.2485878467559814,-0.21602235734462738,-0.11419384926557541,0.6123724579811096,-0.6123723983764648,-0.3535533845424652,0.3535533845424652
26.0,-0.2910272777080536,-0.4405653476715088,1.2152366638183594,-1.317069172859192,-1.8219218254089355,-0.1486610323190689,1.2485878467559814,-0.20419447124004364,-0.11939749121665955,0.6123724579811096,-0.6123723983764648,-0.3535533845424652,0.3535533845424652
27.0,-0.2819085717201233,-0.446832537651062,1.2203211784362793,-1.314699649810791,-1.8141090869903564,-0.14381122589111328,1.2485878467559814,-0.19105949997901917,-0.11399956047534943,0.6123724579811096,-0.6123723983764648,-0.3535533845424652,0.3535533845424652
28.0,-0.27686408162117004,-0.45491501688957214,1.2241920232772827,-1.3098492622375488,-1.8097846508026123,-0.14113642275333405,1.2485878467559814,-0.18381567299365997,-0.10558079928159714,0.6123724579811096,-0.6123723983764648,-0.3535533845424652,0.3535533845424652
29.0,-0.2574072778224945,-0.4594379961490631,1.231445074081421,-1.3102326393127441,-1.7930902242660522,-0.13087132573127747,1.2485878467559814,-0.1560165286064148,-0.10370172560214996,0.6123724579811096,-0.6123723983764648,-0.3535533845424652,0.3535533845424652
30.0,-0.2652777135372162,-0.44453004002571106,1.2251988649368286,-1.3198212385177612,-1.7998460531234741,-0.13501395285129547,1.2485878467559814,-0.16723541915416718,-0.11968939751386642,0.6123724579811096,-0.6123723983764648,-0.3535533845424652,0.3535533845424652
31.0,-0.25607654452323914,-0.4488758444786072,1.2290843725204468,-1.3182803392410278,-1.791947603225708,-0.13017213344573975,1.2485878467559814,-0.1541229635477066,-0.11616090685129166,0.6123724579811096,-0.6123723983764648,-0.3535533845424652,0.3535533845424652
32.0,-0.239519864320755,-0.4494408369064331,1.233481526374817,-1.3202708959579468,-1.7777224779129028,-0.12150247395038605,1.2485878467559814,-0.1306411325931549,-0.11785333603620529,0.6123724579811096,-0.6123723983764648,-0.3535533845424652,0.3535533845424652
33.0,-0.24554979801177979,-0.4578574299812317,1.234235405921936,-1.3132636547088623,-1.782905101776123,-0.12465376406908035,1.2485878467559814,-0.1391770839691162,-0.10730993002653122,0.6123724579811096,-0.6123723983764648,-0.3535533845424652,0.3535533845424652
34.0,-0.22701357305049896,-0.4653056263923645,1.240264892578125,-1.3098853826522827,-1.7669674158096313,-0.11498820036649704,1.2485878467559814,-0.1129925474524498,-0.10098277032375336,0.6123724579811096,-0.6123723983764648,-0.3535533845424652,0.3535533845424652
35.0,-0.21540682017803192,-0.46573054790496826,1.2425041198730469,-1.3105556964874268,-1.7569786310195923,-0.10896740108728409,1.2485878467559814,-0.09667569398880005,-0.10169199854135513,0.6123724579811096,-0.6123723983764648,-0.3535533845424652,0.3535533845424652
36.0,-0.22370076179504395,-0.4572482705116272,1.2388960123062134,-1.3162407875061035,-1.7641170024871826,-0.11326735466718674,1.2485878467559814,-0.10832949727773666,-0.11070004105567932,0.6123724579811096,-0.6123723983764648,-0.3535533845424652,0.3535533845424652
37.0,-0.21560707688331604,-0.4540897309780121,1.2395110130310059,-1.3192225694656372,-1.7571510076522827,-0.10907107591629028,1.2485878467559814,-0.09695673733949661,-0.11515714973211288,0.6123724579811096,-0.6123723983764648,-0.3535533845424652,0.3535533845424652
38.0,-0.20421718060970306,-0.4619801342487335,1.2432843446731567,-1.3140431642532349,-1.747342586517334,-0.10318437218666077,1.2485878467559814,-0.08099736273288727,-0.10701701790094376,0.6123724579811096,-0.6123723983764648,-0.3535533845424652,0.3535533845424652
39.0,-0.20775224268436432,-0.4514869451522827,1.2400373220443726,-1.3216125965118408,-1.75038743019104,-0.10500916093587875,1.2485878467559814,-0.0859452337026596,-0.11884429305791855,0.6123724579811096,-0.6123723983764648,-0.3535533845424652,0.3535533845424652
40.0,-0.19779054820537567,-0.45142215490341187,1.2413347959518433,-1.3220789432525635,-1.7418055534362793,-0.09987203031778336,1.2485878467559814,-0.07201416045427322,-0.11966627091169357,0.6123724579811096,-0.6123723983764648,-0.3535533845424652,0.3535533845424652
41.0,-0.18856938183307648,-0.4521917998790741,1.2425261735916138,-1.3217122554779053,-1.7338577508926392,-0.09513034671545029,1.2485878467559814,-0.059150125831365585,-0.11934936046600342,0.6123724579811096,-0.6123723983764648,-0.3535533845424652,0.3535533845424652
42.0,-0.19670909643173218,-0.4645859897136688,1.244886040687561,-1.3123717308044434,-1.7408736944198608,-0.09931526333093643,1.2485878467559814,-0.07050395756959915,-0.10454173386096954,0.6123724579811096,-0.6123723983764648,-0.3535533845424652,0.3535533845424652
43.0,-0.18365857005119324,-0.45947450399398804,1.2448906898498535,-1.3163901567459106,-1.729623556137085,-0.09261021018028259,1.2485878467559814,-0.0523107647895813,-0.11121731251478195,0.6123724579811096,-0.6123723983764648,-0.3535533845424652,0.3535533845424652
44.0,-0.17251434922218323,-0.46315282583236694,1.246573805809021,-1.3135195970535278,-1.7200112342834473,-0.08690376579761505,1.2485878467559814,-0.03681750223040581,-0.10741955041885376,0.6123724579811096,-0.6123723983764648,-0.3535533845424652,0.3535533845424652
45.0,-0.1617506444454193,-0.4531678259372711,1.2443726062774658,-1.3205115795135498,-1.7107226848602295,-0.08140778541564941,1.2485878467559814,-0.021886294707655907,-0.11920573562383652,0.6123724579811096,-0.6123723983764648,-0.3535533845424652,0.3535533845424652
46.0,-0.16461323201656342,-0.46356797218322754,1.2470096349716187,-1.3129538297653198,-1.7131932973861694,-0.08286799490451813,1.2485878467559814,-0.025854265317320824,-0.10715729743242264,0.6123724579811096,-0.6123723983764648,-0.3535533845424652,0.3535533845424652
47.0,-0.1624288707971573,-0.4764218032360077,1.2501208782196045,-1.3030540943145752,-1.7113080024719238,-0.08175366371870041,1.2485878467559814,-0.02282624877989292,-0.09223721921443939,0.6123724579811096,-0.6123723983764648,-0.3535533845424652,0.3535533845424652
48.0,-0.16973784565925598,-0.47876253724098206,1.2503763437271118,-1.30150306224823,-1.7176157236099243,-0.08548463881015778,1.2485878467559814,-0.03296303376555443,-0.08931419998407364,0.6123724579811096,-0.6123723983764648,-0.3535533845424652,0.3535533845424652
49.0,-0.17912298440933228,-0.4758567214012146,1.2491883039474487,-1.303942322731018,-1.7257120609283447,-0.09028568863868713,1.2485878467559814,-0.04600072279572487,-0.09237738698720932,0.6123724579811096,-0.6123723983764648,-0.3535533845424652,0.3535533845424652
50.0,-0.19755718111991882,-0.47721511125564575,1.247732162475586,-1.3026628494262695,-1.7416044473648071,-0.09975188225507736,1.2485878467559814,-0.07168823480606079,-0.08974338322877884,0.6123724579811096,-0.6123723983764648,-0.3535533845424652,0.3535533845424652
51.0,-0.20589827001094818,-0.4761585295200348,1.246400237083435,-1.3031337261199951,-1.7487906217575073,-0.10405191779136658,1.2485878467559814,-0.08334972709417343,-0.09034835547208786,0.6123724579811096,-0.6123723983764648,-0.3535533845424652,0.3535533845424652
52.0,-0.21448691189289093,-0.4789121747016907,1.245667815208435,-1.3004497289657593,-1.756186604499817,-0.1084911897778511,1.2485878467559814,-0.09538490325212479,-0.08634889125823975,0.6123724579811096,-0.6123723983764648,-0.3535533845424652,0.3535533845424652
53.0,-0.22715137898921967,-0.4631253778934479,1.2230175733566284,-1.2948322296142578,-1.7670859098434448,-0.11505983024835587,1.256820797920227,-0.11508961766958237,-0.09476033598184586,0.6123724579811096,-0.6123723983764648,-0.3535533845424652,0.3535533845424652
54.0,-0.24010030925273895,-0.4671214520931244,1.237833857536316,-1.3070049285888672,-1.7782214879989624,-0.12180551886558533,1.2485878467559814,-0.13146203756332397,-0.09725790470838547,0.6123724579811096,-0.6123723983764648,-0.3535533845424652,0.3535533845424652
55.0,-0.3931555449962616,-0.5318344235420227,1.3972530364990234,-1.4716330766677856,-1.0707522630691528,0.3209212124347687,1.209039330482483,-0.20375321805477142,-0.08943898975849152,-0.25216710567474365,0.8284996747970581,0.47833454608917236,-0.1455887407064438
56.0,-0.23704564571380615,-0.48396551609039307,1.2422161102294922,-1.2942168712615967,-1.7755954265594482,-0.12021143734455109,1.2485878467559814,-0.1271437704563141,-0.07782198488712311,0.6123724579811096,-0.6123723983764648,-0.3535533845424652,0.3535533845424652
57.0,-0.22960710525512695,-0.4782397747039795,1.225762128829956,-1.2827129364013672,-1.7691984176635742,-0.11633680015802383,1.256820797920227,-0.11857086420059204,-0.0765557736158371,0.6123724579811096,-0.6123723983764648,-0.3535533845424652,0.3535533845424652
58.0,-0.2182167023420334,-0.4913218021392822,1.2475100755691528,-1.2902415990829468,-1.7593973875045776,-0.11042285710573196,1.2485878467559814,-0.10062061995267868,-0.07128328084945679,0.6123724579811096,-0.6123723983764648,-0.3535533845424652,0.3535533845424652
59.0,-0.2080891728401184,-0.48707839846611023,1.2483654022216797,-1.2943803071975708,-1.7506775856018066,-0.1051831841468811,1.2485878467559814,-0.0864170715212822,-0.07728616148233414,0.6123724579811096,-0.6123723983764648,-0.3535533845424652,0.3535533845424652
60.0,-0.19515612721443176,-0.48773667216300964,1.2502105236053467,-1.2944108247756958,-1.7395353317260742,-0.0985160619020462,1.2485878467559814,-0.06833602488040924,-0.07750403136014938,0.6123724579811096,-0.6123723983764648,-0.3535533845424652,0.3535533845424652
61.0,-0.19470082223415375,-0.502564549446106,1.2529470920562744,-1.2822803258895874,-1.739142894744873,-0.09828182309865952,1.2485878467559814,-0.06770056486129761,-0.05985274538397789,0.6123724579811096,-0.6123723983764648,-0.3535533845424652,0.3535533845424652
62.0,-0.20481765270233154,-0.5057076811790466,1.252142310142517,-1.2792280912399292,-1.7478598356246948,-0.10349419713020325,1.2485878467559814,-0.0818374902009964,-0.055299948900938034,0.6123724579811096,-0.6123723983764648,-0.3535533845424652,0.3535533845424652
63.0,-0.20205388963222504,-0.49527832865715027,1.2507737874984741,-1.2880394458770752,-1.7454789876937866,-0.10206867754459381,1.2485878467559814,-0.07797180861234665,-0.06803415715694427,0.6123724579811096,-0.6123723983764648,-0.3535533845424652,0.3535533845424652
64.0,-0.2114722579717636,-0.4984484314918518,1.2499369382858276,-1.2848970890045166,-1.7535909414291382,-0.10693160444498062,1.2485878467559814,-0.09115719050168991,-0.06343253701925278,0.6123724579811096,-0.6123723983764648,-0.3535533845424652,0.3535533845424652
65.0,-0.22648534178733826,-0.49959054589271545,1.2473840713500977,-1.2826662063598633,-1.7665128707885742,-0.11471368372440338,1.2485878467559814,-0.11224869638681412,-0.06047859415411949,0.6123724579811096,-0.6123723983764648,-0.3535533845424652,0.3535533845424652
66.0,-0.22811554372310638,-0.48798897862434387,1.2279208898544312,-1.2749699354171753,-1.7679153680801392,-0.11556106060743332,1.256820797920227,-0.11645609885454178,-0.0650554746389389,0.6123724579811096,-0.6123723983764648,-0.3535533845424652,0.3535533845424652
67.0,-0.23760837316513062,-0.49450793862342834,1.2440646886825562,-1.2855827808380127,-1.7760791778564453,-0.1205049529671669,1.2485878467559814,-0.12793894112110138,-0.06517716497182846,0.6123724579811096,-0.6123723983764648,-0.3535533845424652,0.3535533845424652
68.0,-0.2500671148300171,-0.49928736686706543,1.2416998147964478,-1.2798006534576416,-1.7867861986160278,-0.12701918184757233,1.2485878467559814,-0.14558374881744385,-0.05762121453881264,0.6123724579811096,-0.6123723983764648,-0.3535533845424652,0.3535533845424652
69.0,-0.24177905917167664,-0.5028883218765259,1.2444429397583008,-1.2780283689498901,-1.779664397239685,-0.12268234044313431,1.2485878467559814,-0.13383714854717255,-0.05451245978474617,0.6123724579811096,-0.6123723983764648,-0.3535533845424652,0.3535533845424652
70.0,-0.3909163475036621,-0.5601887106895447,1.3982465267181396,-1.4449713230133057,-1.0689125061035156,0.3223764896392822,1.211960792541504,-0.2017933875322342,-0.05535642430186272,-0.25216710567474365,0.8284996747970581,0.47833454608917236,-0.1455887407064438
71.0,-0.22915656864643097,-0.5036215782165527,1.2301819324493408,-1.2617045640945435,-1.7688108682632446,-0.1161024272441864,1.256820797920227,-0.11793196946382523,-0.04595455899834633,0.6123724579811096,-0.6123723983764648,-0.3535533845424652,0.3535533845424652
72.0,-0.2202761024236679,-0.5140630602836609,1.250785231590271,-1.2709764242172241,-1.7611699104309082,-0.11149042099714279,1.2485878467559814,-0.10351398587226868,-0.0436764694750309,0.6123724579811096,-0.6123723983764648,-0.3535533845424652,0.3535533845424652
73.0,-0.21222981810569763,-0.5119157433509827,1.2519173622131348,-1.2734816074371338,-1.75424325466156,-0.10732336342334747,1.2485878467559814,-0.09221922606229782,-0.04711933806538582,0.6123724579811096,-0.6123723983764648,-0.3535533845424652,0.3535533845424652
74.0,-0.20237134397029877,-0.5163410305976868,1.25401771068573,-1.2702492475509644,-1.7457524538040161,-0.10223235934972763,1.2485878467559814,-0.07841566950082779,-0.04261888936161995,0.6123724579811096,-0.6123723983764648,-0.3535533845424652,0.3535533845424652
75.0,-0.21101261675357819,-0.520891547203064,1.2532860040664673,-1.2657599449157715,-1.7531951665878296,-0.10669394582509995,1.2485878467559814,-0.09051291644573212,-0.03629269078373909,0.6123724579811096,-0.6123723983764648,-0.3535533845424652,0.3535533845424652
76.0,-0.2250206023454666,-0.5213542580604553,1.250764012336731,-1.2641348838806152,-1.765252709388733,-0.11395271867513657,1.2485878467559814,-0.11018670350313187,-0.034217048436403275,0.6123724579811096,-0.6123723983764648,-0.3535533845424652,0.3535533845424652
77.0,-0.2173776626586914,-0.5270476341247559,1.2528700828552246,-1.2597943544387817,-1.758675217628479,-0.10998811572790146,1.2485878467559814,-0.09944231063127518,-0.028077397495508194,0.6123724579811096,-0.6123723983764648,-0.3535533845424652,0.3535533845424652
78.0,-0.2150861918926239,-0.5365650057792664,1.2541601657867432,-1.2513465881347656,-1.7567025423049927,-0.10880140215158463,1.2485878467559814,-0.09622574597597122,-0.01652391627430916,0.6123724579811096,-0.6123723983764648,-0.3535533845424652,0.3535533845424652
79.0,-0.22993595898151398,-0.523726224899292,1.2323397397994995,-1.243837833404541,-1.7694813013076782,-0.1165078803896904,1.256820797920227,-0.11903726309537888,-0.021002043038606644,0.6123724579811096,-0.6123723983764648,-0.3535533845424652,0.3535533845424652
80.0,-0.3895184397697449,-0.5790532827377319,1.398083209991455,-1.4263817071914673,-1.0677645206451416,0.3232864737510681,1.2137895822525024,-0.20056654512882233,-0.03225081041455269,-0.25216710567474365,0.8284996747970581,0.47833454608917236,-0.1455887407064438
81.0,-0.23704202473163605,-0.5307363271713257,1.2490475177764893,-1.254276990890503,-1.7755922079086304,-0.12020952999591827,1.2485878467559814,-0.1271386444568634,-0.021062690764665604,0.6123724579811096,-0.6123723983764648,-0.3535533845424652,0.3535533845424652
82.0,-0.25170302391052246,-0.5297025442123413,1.2450741529464722,-1.2529441118240356,-1.7881914377212524,-0.12787675857543945,1.2485878467559814,-0.14790643751621246,-0.02008577063679695,0.6123724579811096,-0.6123723983764648,-0.3535533845424652,0.3535533845424652
83.0,-0.26056185364723206,-0.5274343490600586,1.2422062158584595,-1.253365397453308,-1.7957985401153564,-0.13253019750118256,1.2485878467559814,-0.16050909459590912,-0.021360818296670914,0.6123724579811096,-0.6123723983764648,-0.3535533845424652,0.3535533845424652
84.0,-0.24474313855171204,-0.5251587629318237,1.246559739112854,-1.2581980228424072,-1.7822118997573853,-0.12423181533813477,1.2485878467559814,-0.1380341351032257,-0.02684122696518898,0.6123724579811096,-0.6123723983764648,-0.3535533845424652,0.3535533845424652
85.0,-0.23725220561027527,-0.5140254497528076,1.2471473217010498,-1.2691102027893066,-1.7757729291915894,-0.1203191801905632,1.2485878467559814,-0.12743563950061798,-0.04161747172474861,0.6123724579811096,-0.6123723983764648,-0.3535533845424652,0.3535533845424652
86.0,-0.2471342831850052,-0.5119983553886414,1.2443736791610718,-1.2694361209869385,-1.7842665910720825,-0.12548302114009857,1.2485878467559814,-0.1414230912923813,-0.04264812543988228,0.6123724579811096,-0.6123723983764648,-0.3535533845424652,0.3535533845424652
87.0,-0.25530651211738586,-0.5057214498519897,1.2412110567092896,-1.273472785949707,-1.7912863492965698,-0.12976771593093872,1.2485878467559814,-0.1530277281999588,-0.04898320510983467,0.6123724579811096,-0.6123723983764648,-0.3535533845424652,0.3535533845424652
88.0,-0.2582692801952362,-0.5159603357315063,1.2416952848434448,-1.264060616493225,-1.793830394744873,-0.1313244104385376,1.2485878467559814,-0.15724360942840576,-0.03596219792962074,0.6123724579811096,-0.6123723983764648,-0.3535533845424652,0.3535533845424652
89.0,-0.2716691195964813,-0.5124723315238953,1.2190495729446411,-1.2465049028396606,-1.8053295612335205,-0.1383877396583557,1.256820797920227,-0.17866522073745728,-0.02791852131485939,0.6123724579811096,-0.6123723983764648,-0.3535533845424652,0.3535533845424652
90.0,-0.27667316794395447,-0.5144773721694946,1.2354068756103516,-1.2614778280258179,-1.809620976448059,-0.1410353183746338,1.2485878467559814,-0.18354181945323944,-0.034267742186784744,0.6123724579811096,-0.6123723983764648,-0.3535533845424652,0.3535533845424652
91.0,-0.4358854293823242,-0.5581106543540955,1.359207272529602,-1.3946763277053833,-1.1060236692428589,0.29369136691093445,1.2137160301208496,-0.2672780752182007,-0.039692748337984085,-0.25216707587242126,0.8284996747970581,0.47833454608917236,-0.1455887407064438
92.0,-0.2708621025085449,-0.501990556716919,1.2180787324905396,-1.2559168338775635,-1.8046373128890991,-0.1379612535238266,1.256820797920227,-0.17750310897827148,-0.04107416048645973,0.6123724579811096,-0.6123723983764648,-0.3535533845424652,0.3535533845424652
93.0,-0.2768164575099945,-0.5029133558273315,1.2338277101516724,-1.2714805603027344,-1.8097437620162964,-0.14111119508743286,1.2485878467559814,-0.18374735116958618,-0.04841386154294014,0.6123724579811096,-0.6123723983764648,-0.3535533845424652,0.3535533845424652
94.0,-0.4352398216724396,-0.5422614812850952,1.3557405471801758,-1.4072400331497192,-1.1054885387420654,0.2940954267978668,1.2145479917526245,-0.2667198181152344,-0.05756138637661934,-0.25216707587242126,0.8284996747970581,0.47833454608917236,-0.1455887407064438
95.0,-0.2720370590686798,-0.4817149043083191,1.2144852876663208,-1.2727431058883667,-1.8056451082229614,-0.13858219981193542,1.256820797920227,-0.17919516563415527,-0.06557134538888931,0.6123724579811096,-0.6123723983764648,-0.3535533845424652,0.3535533845424652
96.0,-0.2673966586589813,-0.493277907371521,1.235511302947998,-1.281640648841858,-1.8016642332077026,-0.13613149523735046,1.2485878467559814,-0.17026181519031525,-0.06191534921526909,0.6123724579811096,-0.6123723983764648,-0.3535533845424652,0.3535533845424652
97.0,-0.2576427459716797,-0.49709010124206543,1.239181399345398,-1.2803441286087036,-1.7932924032211304,-0.13099507987499237,1.2485878467559814,-0.15635168552398682,-0.05904197320342064,0.6123724579811096,-0.6123723983764648,-0.3535533845424652,0.3535533845424652
98.0,-0.26131847500801086,-0.48747214674949646,1.2363864183425903,-1.2875968217849731,-1.796447992324829,-0.13292840123176575,1.2485878467559814,-0.1615874469280243,-0.06996617466211319,0.6123724579811096,-0.6123723983764648,-0.3535533845424652,0.3535533845424652
99.0,-0.25227415561676025,-0.48797422647476196,1.239113211631775,-1.2887760400772095,-1.7886821031570435,-0.12817630171775818,1.2485878467559814,-0.14871767163276672,-0.0708552822470665,0.6123724579811096,-0.6123723983764648,-0.3535533845424652,0.3535533845424652
100.0,-0.2544456720352173,-0.4786388576030731,1.2366622686386108,-1.2959078550338745,-1.7905471324920654,-0.12931576371192932,1.2485878467559814,-0.15180367231369019,-0.08161541819572449,0.6123724579811096,-0.6123723983764648,-0.3535533845424652,0.3535533845424652
101.0,-0.2521476745605469,-0.468248575925827,1.2350232601165771,-1.304397463798523,-1.7885733842849731,-0.12810994684696198,1.2485878467559814,-0.1485379934310913,-0.09421975165605545,0.6123724579811096,-0.6123723983764648,-0.3535533845424652,0.3535533845424652
102.0,-0.27576881647109985,-0.4600502550601959,1.2087442874908447,-1.2891292572021484,-1.8088455200195312,-0.1405564397573471,1.256820797920227,-0.18457470834255219,-0.09073866903781891,0.6123724579811096,-0.6123723983764648,-0.3535533845424652,0.3535533845424652
103.0,-0.4413038492202759,-0.521689236164093,1.3628053665161133,-1.433186411857605,-1.1105175018310547,0.2903086245059967,1.206761360168457,-0.271944135427475,-0.08662533015012741,-0.25216707587242126,0.8284996747970581,0.47833454608917236,-0.1455887407064438
104.0,-0.27643510699272156,-0.4734676480293274,1.2113707065582275,-1.2784216403961182,-1.8094168901443481,-0.14090923964977264,1.256820797920227,-0.18553607165813446,-0.07461398839950562,0.6123724579811096,-0.6123723983764648,-0.3535533845424652,0.3535533845424652
105.0,-0.4425685405731201,-0.5319356322288513,1.3670786619186401,-1.4268639087677002,-1.1115671396255493,0.2895212471485138,1.2051453590393066,-0.27302831411361694,-0.07611033320426941,-0.25216707587242126,0.8284996747970581,0.47833454608917236,-0.1455887407064438
106.0,-0.2814236581325531,-0.487596720457077,1.2296617031097412,-1.2832142114639282,-1.8136934041976929,-0.14355388283729553,1.2485878467559814,-0.19036249816417694,-0.06600209325551987,0.6123724579811096,-0.6123723983764648,-0.3535533845424652,0.3535533845424652
107.0,-0.2897012233734131,-0.48547595739364624,1.2261340618133545,-1.2828807830810547,-1.8207859992980957,-0.14795459806919098,1.2485878467559814,-0.20228104293346405,-0.06677372008562088,0.6123724579811096,-0.6123723983764648,-0.3535533845424652,0.3535533845424652
108.0,-0.5376980900764465,-0.6059554219245911,1.618786096572876,-1.8579916954040527,-0.7320279479026794,0.697778046131134,1.145220398902893,-0.31524983048439026,-0.07379406690597534,0.0,0.8660253882408142,0.5,0.0
109.0,-0.5411856770515442,-0.6021730303764343,1.6299678087234497,-1.8700629472732544,-0.7343460917472839,0.6938846111297607,1.137007236480713,-0.31524983048439026,-0.08252587914466858,0.0,0.8660253882408142,0.5,0.0
110.0,-0.5470900535583496,-0.6135498285293579,1.652166485786438,-1.8760343790054321,-0.7382877469062805,0.687338650226593,1.1233285665512085,-0.31524983048439026,-0.07908911257982254,0.0,0.8660253882408142,0.5,0.0
111.0,-0.5523161888122559,-0.6197792887687683,1.670486330986023,-1.8838812112808228,-0.7417942881584167,0.6815918684005737,1.1114516258239746,-0.31524983048439026,-0.07963407039642334,0.0,0.8660253882408142,0.5,0.0
112.0,-0.5562989711761475,-0.6332547068595886,1.6858930587768555,-1.8826093673706055,-0.7444775104522705,0.677241861820221,1.1025416851043701,-0.31524983048439026,-0.07129977643489838,0.0,0.8660253882408142,0.5,0.0
113.0,-0.542957603931427,-0.620840311050415,1.6398036479949951,-1.859769582748413,-0.7355267405509949,0.6919142007827759,1.1328728199005127,-0.31524983048439026,-0.06617492437362671,0.0,0.8660253882408142,0.5,0.0
114.0,-0.5427532196044922,-0.6329396367073059,1.64131498336792,-1.849349856376648,-0.7353904843330383,0.6921411752700806,1.1333483457565308,-0.31524983048439026,-0.05362892523407936,0.0,0.8660253882408142,0.5,0.0
115.0,-0.548402726650238,-0.6438897252082825,1.662211298942566,-1.8546690940856934,-0.7391669750213623,0.6858910322189331,1.1203252077102661,-0.31524983048439026,-0.0504315160214901,0.0,0.8660253882408142,0.5,0.0
116.0,-0.5535513162612915,-0.6545548439025879,1.6808475255966187,-1.8584705591201782,-0.7426254153251648,0.6802400946617126,1.108675479888916,-0.31524983048439026,-0.046629179269075394,0.0,0.8660253882408142,0.5,0.0
117.0,-0.5535680651664734,-0.6679560542106628,1.6828826665878296,-1.8470910787582397,-0.7426366806030273,0.6802217960357666,1.1086379289627075,-0.31524983048439026,-0.03318345919251442,0.0,0.8660253882408142,0.5,0.0
118.0,-0.5445289611816406,-0.6492074728012085,1.6500087976455688,-1.8403156995773315,-0.7365753650665283,0.6901710629463196,1.1292275190353394,-0.31524983048439026,-0.039602939039468765,0.0,0.8660253882408142,0.5,0.0
119.0,-0.5477599501609802,-0.6645446419715881,1.663138747215271,-1.8354653120040894,-0.7387363314628601,0.6865994930267334,1.1217941045761108,-0.31524983048439026,-0.02857716754078865,0.0,0.8660253882408142,0.5,0.0
120.0,-0.5434074401855469,-0.6624388098716736,1.6479946374893188,-1.8259917497634888,-0.7358267903327942,0.6914147138595581,1.1318271160125732,-0.31524983048439026,-0.02438836172223091,0.0,0.8660253882408142,0.5,0.0
121.0,-0.28576910495758057,-0.5085225105285645,1.2312616109848022,-1.2644476890563965,-1.8174173831939697,-0.1458621472120285,1.2485878467559814,-0.19661389291286469,-0.03963847830891609,0.6123724579811096,-0.6123723983764648,-0.3535533845424652,0.3535533845424652
122.0,-0.44271233677864075,-0.5535874962806702,1.3709973096847534,-1.4090911149978638,-1.1116864681243896,0.28943178057670593,1.2049617767333984,-0.2731514871120453,-0.051376331597566605,-0.25216707587242126,0.8284996747970581,0.47833454608917236,-0.1455887407064438
123.0,-0.2921423316001892,-0.4962901771068573,1.2269891500473022,-1.2732447385787964,-1.8228768110275269,-0.1492554098367691,1.2485878467559814,-0.20580434799194336,-0.05314577743411064,0.6123724579811096,-0.6123723983764648,-0.3535533845424652,0.3535533845424652
124.0,-0.30101481080055237,-0.49130934476852417,1.2224805355072021,-1.274916648864746,-1.8304723501205444,-0.15399529039859772,1.2485878467559814,-0.21864351630210876,-0.05708378925919533,0.6123724579811096,-0.6123723983764648,-0.3535533845424652,0.3535533845424652
125.0,-0.5360437631607056,-0.6305005550384521,1.6175169944763184,-1.83355712890625,-0.7309309244155884,0.699631929397583,1.1491515636444092,-0.31524983048439026,-0.046223822981119156,0.0,0.8660253882408142,0.5,0.0
126.0,-0.2953038215637207,-0.5070284008979797,1.2272183895111084,-1.2631587982177734,-1.8255839347839355,-0.15094220638275146,1.2485878467559814,-0.2103731632232666,-0.039265502244234085,0.6123724579811096,-0.6123723983764648,-0.3535533845424652,0.3535533845424652
127.0,-0.537976086139679,-0.6438248157501221,1.6264415979385376,-1.82754647731781,-0.7322124242782593,0.6974669098854065,1.144562005996704,-0.31524983048439026,-0.03541106358170509,0.0,0.8660253882408142,0.5,0.0
128.0,-0.2995551526546478,-0.5162522196769714,1.2264741659164429,-1.2537673711776733,-1.8292231559753418,-0.153214231133461,1.2485878467559814,-0.21652759611606598,-0.026801515370607376,0.6123724579811096,-0.6123723983764648,-0.3535533845424652,0.3535533845424652
129.0,-0.2895607352256775,-0.5175426006317139,1.2308180332183838,-1.2554796934127808,-1.820665717124939,-0.14787976443767548,1.2485878467559814,-0.2020784169435501,-0.02762984111905098,0.6123724579811096,-0.6123723983764648,-0.3535533845424652,0.3535533845424652
130.0,-0.2939249575138092,-0.5246543288230896,1.2296942472457886,-1.2478235960006714,-1.8244032859802246,-0.15020623803138733,1.2485878467559814,-0.20837970077991486,-0.017711106687784195,0.6123724579811096,-0.6123723983764648,-0.3535533845424652,0.3535533845424652
131.0,-0.5377362370491028,-0.6605933308601379,1.6278102397918701,-1.8123462200164795,-0.732053279876709,0.6977353692054749,1.1451300382614136,-0.31524983048439026,-0.017601776868104935,0.0,0.8660253882408142,0.5,0.0
132.0,-0.5424597859382629,-0.6732262969017029,1.6459624767303467,-1.8139525651931763,-0.7351948618888855,0.692467212677002,1.1340317726135254,-0.31524983048439026,-0.011784526519477367,0.0,0.8660253882408142,0.5,0.0
133.0,-0.5477296113967896,-0.6835945844650269,1.665263056755066,-1.8185644149780273,-0.7387160062789917,0.6866329312324524,1.1218634843826294,-0.31524983048439026,-0.008978876285254955,0.0,0.8660253882408142,0.5,0.0
134.0,-0.5459620356559753,-0.6923992037773132,1.6599947214126587,-1.8059355020523071,-0.7375330328941345,0.6885849237442017,1.125920295715332,-0.31524983048439026,0.0028128891717642546,0.0,0.8660253882408142,0.5,0.0
135.0,-0.5404747128486633,-0.680120050907135,1.6396384239196777,-1.8023744821548462,-0.7338728904724121,0.6946766376495361,1.1386734247207642,-0.31524983048439026,-0.0014810741413384676,0.0,0.8660253882408142,0.5,0.0
136.0,-0.5418195128440857,-0.6929494738578796,1.645480990409851,-1.7942761182785034,-0.7347682118415833,0.6931792497634888,1.1355254650115967,-0.31524983048439026,0.009876799769699574,0.0,0.8660253882408142,0.5,0.0
137.0,-0.5385831594467163,-0.6962087154388428,1.634039282798767,-1.7822555303573608,-0.7326154708862305,0.6967881321907043,1.1431266069412231,-0.31524983048439026,0.018627386540174484,0.0,0.8660253882408142,0.5,0.0
138.0,-0.29802846908569336,-0.5452972650527954,1.2291008234024048,-1.2271409034729004,-1.8279163837432861,-0.15239782631397247,1.2485878467559814,-0.21431608498096466,0.009533253498375416,0.6123724579811096,-0.6123723983764648,-0.3535533845424652,0.3535533845424652
139.0,-0.5343757271766663,-0.6731131672859192,1.6169040203094482,-1.7917274236679077,-0.7298266291618347,0.701505720615387,1.1531387567520142,-0.31524983048439026,0.0010661452542990446,0.0,0.8660253882408142,0.5,0.0
140.0,-0.2896610498428345,-0.5410029292106628,1.2325488328933716,-1.2337632179260254,-1.8207515478134155,-0.14793317019939423,1.2485878467559814,-0.20222309231758118,0.0019125908147543669,0.6123724579811096,-0.6123723983764648,-0.3535533845424652,0.3535533845424652
141.0,-0.2963635325431824,-0.5329886078834534,1.2292687892913818,-1.239391803741455,-1.826491117477417,-0.15150810778141022,1.2485878467559814,-0.21190610527992249,-0.006601917557418346,0.6123724579811096,-0.6123723983764648,-0.3535533845424652,0.3535533845424652
142.0,-0.2892906665802002,-0.5322976112365723,1.2322105169296265,-1.2420815229415894,-1.820434331893921,-0.14773592352867126,1.2485878467559814,-0.20168885588645935,-0.009220543317496777,0.6123724579811096,-0.6123723983764648,-0.3535533845424652,0.3535533845424652
143.0,-0.2771255075931549,-0.5307775735855103,1.2185349464416504,-1.2283625602722168,-1.8100087642669678,-0.14127491414546967,1.256820797920227,-0.18653251230716705,-0.003668609308078885,0.6123724579811096,-0.6123723983764648,-0.3535533845424652,0.3535533845424652
144.0,-0.2727002203464508,-0.5227346420288086,1.2196357250213623,-1.2369555234909058,-1.8062139749526978,-0.13893282413482666,1.256820797920227,-0.18015055358409882,-0.01483579259365797,0.6123724579811096,-0.6123723983764648,-0.3535533845424652,0.3535533845424652
145.0,-0.2706044912338257,-0.5282989144325256,1.2389658689498901,-1.2504639625549316,-1.804416298866272,-0.1378251314163208,1.2485878467559814,-0.17484833300113678,-0.01835540309548378,0.6123724579811096,-0.6123723983764648,-0.3535533845424652,0.3535533845424652
146.0,-0.28020745515823364,-0.5292491912841797,1.235564947128296,-1.2473100423812866,-1.8126509189605713,-0.14290861785411835,1.2485878467559814,-0.18861499428749084,-0.015142369084060192,0.6123724579811096,-0.6123723983764648,-0.3535533845424652,0.3535533845424652
147.0,-0.2645910680294037,-0.5350400805473328,1.2415279150009155,-1.245558261871338,-1.7992568016052246,-0.1346520483493805,1.2485878467559814,-0.16625526547431946,-0.011093798093497753,0.6123724579811096,-0.6123723983764648,-0.3535533845424652,0.3535533845424652
148.0,-0.2611134648323059,-0.5442050099372864,1.2432066202163696,-1.2376599311828613,-1.7962720394134521,-0.1328204870223999,1.2485878467559814,-0.16129522025585175,-0.0001872658758657053,0.6123724579811096,-0.6123723983764648,-0.3535533845424652,0.3535533845424652
149.0,-0.43933388590812683,-0.5995815992355347,1.3691681623458862,-1.3622033596038818,-1.1088831424713135,0.29153677821159363,1.2092839479446411,-0.27025166153907776,0.006380167789757252,-0.25216710567474365,0.8284998536109924,0.47833457589149475,-0.1455887407064438
150.0,-0.27459442615509033,-0.5501304864883423,1.238779902458191,-1.2289384603500366,-1.8078384399414062,-0.13993482291698456,1.2485878467559814,-0.18056152760982513,0.01010772306472063,0.6123724579811096,-0.6123723983764648,-0.3535533845424652,0.3535533845424652
151.0,-0.2892332673072815,-0.551292896270752,1.2330443859100342,-1.2239127159118652,-1.8203850984573364,-0.14770539104938507,1.2485878467559814,-0.20160609483718872,0.015007195062935352,0.6123724579811096,-0.6123723983764648,-0.3535533845424652,0.3535533845424652
152.0,-0.29491618275642395,-0.5551307201385498,1.230638861656189,-1.218424916267395,-1.8252519369125366,-0.1507352590560913,1.2485878467559814,-0.20981262624263763,0.02142561599612236,0.6123724579811096,-0.6123723983764648,-0.3535533845424652,0.3535533845424652
153.0,-0.5347975492477417,-0.698217511177063,1.6201682090759277,-1.7695337533950806,-0.7301057577133179,0.7010314464569092,1.1521282196044922,-0.31524983048439026,0.02725036069750786,0.0,0.8660253882408142,0.5,0.0
154.0,-0.29289335012435913,-0.5643632411956787,1.231438398361206,-1.2097209692001343,-1.8235198259353638,-0.14965589344501495,1.2485878467559814,-0.2068890482187271,0.03295901045203209,0.6123724579811096,-0.6123723983764648,-0.3535533845424652,0.3535533845424652
155.0,-0.44118714332580566,-0.6189074516296387,1.373066782951355,-1.346261978149414,-1.1104207038879395,0.29038137197494507,1.2069106101989746,-0.2718439996242523,0.028129782527685165,-0.25216710567474365,0.8284998536109924,0.47833457589149475,-0.1455887407064438
156.0,-0.2759436070919037,-0.5556240677833557,1.2195521593093872,-1.2043851613998413,-1.8089953660964966,-0.1406489759683609,1.256820797920227,-0.18482686579227448,0.028200652450323105,0.6123724579811096,-0.6123723983764648,-0.3535533845424652,0.3535533845424652
157.0,-0.27496394515037537,-0.5691764950752258,1.2386435270309448,-1.2098020315170288,-1.8081552982330322,-0.14013037085533142,1.2485878467559814,-0.18109111487865448,0.03490143641829491,0.6123724579811096,-0.6123723983764648,-0.3535533845424652,0.3535533845424652
158.0,-0.28708407282829285,-0.5729950070381165,1.2336499691009521,-1.2025346755981445,-1.8185440301895142,-0.14656150341033936,1.2485878467559814,-0.19850800931453705,0.04285023733973503,0.6123724579811096,-0.6123723983764648,-0.3535533845424652,0.3535533845424652
159.0,-0.44329744577407837,-0.6437236666679382,1.376357078552246,-1.3241535425186157,-1.1121721267700195,0.2890678644180298,1.2042152881622314,-0.2736523449420929,0.056893255561590195,-0.25216710567474365,0.8284998536109924,0.47833457589149475,-0.1455887407064438
160.0,-0.2729763686656952,-0.5825687050819397,1.238768219947815,-1.1962881088256836,-1.8064507246017456,-0.13907885551452637,1.2485878467559814,-0.178243488073349,0.05218423530459404,0.6123724579811096,-0.6123723983764648,-0.3535533845424652,0.3535533845424652
161.0,-0.27768269181251526,-0.5734607577323914,1.2181487083435059,-1.1853631734848022,-1.8104865550994873,-0.14157012104988098,1.256820797920227,-0.18733692169189453,0.05233229324221611,0.6123724579811096,-0.6123723983764648,-0.3535533845424652,0.3535533845424652
162.0,-0.2754040062427521,-0.5660535097122192,1.2194715738296509,-1.19380784034729,-1.80853271484375,-0.14036329090595245,1.256820797920227,-0.18404841423034668,0.0418645404279232,0.6123724579811096,-0.6123723983764648,-0.3535533845424652,0.3535533845424652
163.0,-0.26001864671707153,-0.5742442607879639,1.2437785863876343,-1.208064079284668,-1.7953321933746338,-0.13224440813064575,1.2485878467559814,-0.1597350835800171,0.03838905319571495,0.6123724579811096,-0.6123723983764648,-0.3535533845424652,0.3535533845424652
164.0,-0.2538359463214874,-0.5682005286216736,1.2459003925323486,-1.2155147790908813,-1.7900234460830688,-0.12899573147296906,1.2485878467559814,-0.15093691647052765,0.02929755672812462,0.6123724579811096,-0.6123723983764648,-0.3535533845424652,0.3535533845424652
165.0,-0.24724648892879486,-0.5636835098266602,1.2478820085525513,-1.2212718725204468,-1.7843629121780396,-0.12554176151752472,1.2485878467559814,-0.141582190990448,0.022271033376455307,0.6123724579811096,-0.6123723983764648,-0.3535533845424652,0.3535533845424652
166.0,-0.26110151410102844,-0.5641667246818542,1.2436320781707764,-1.2181222438812256,-1.7962617874145508,-0.1328142136335373,1.2485878467559814,-0.16127818822860718,0.02543027326464653,0.6123724579811096,-0.6123723983764648,-0.3535533845424652,0.3535533845424652
167.0,-0.2586829662322998,-0.5558276772499084,1.244368314743042,-1.226914405822754,-1.7941855192184448,-0.1315419226884842,1.2485878467559814,-0.15783263742923737,0.014191356487572193,0.6123724579811096,-0.6123723983764648,-0.3535533845424652,0.3535533845424652
168.0,-0.25261932611465454,-0.5497455596923828,1.246066689491272,-1.2339974641799927,-1.7889784574508667,-0.12835736572742462,1.2485878467559814,-0.14920802414417267,0.005308580584824085,0.6123724579811096,-0.6123723983764648,-0.3535533845424652,0.3535533845424652
169.0,-0.24294856190681458,-0.5504634976387024,1.2488131523132324,-1.234950304031372,-1.7806695699691772,-0.12329349666833878,1.2485878467559814,-0.13549259305000305,0.004615423269569874,0.6123724579811096,-0.6123723983764648,-0.3535533845424652,0.3535533845424652
170.0,-0.25314897298812866,-0.5400003790855408,1.2454301118850708,-1.2431663274765015,-1.7894333600997925,-0.1286352276802063,1.2485878467559814,-0.14996057748794556,-0.006943213753402233,0.6123724579811096,-0.6123723983764648,-0.3535533845424652,0.3535533845424652
171.0,-0.24542218446731567,-0.5378516912460327,1.2474706172943115,-1.246490478515625,-1.7827954292297363,-0.12458700686693192,1.2485878467559814,-0.13899624347686768,-0.010923313908278942,0.6123724579811096,-0.6123723983764648,-0.3535533845424652,0.3535533845424652
172.0,-0.39630791544914246,-0.6038570404052734,1.4135795831680298,-1.4149595499038696,-1.0733438730239868,0.3188773989677429,1.2049428224563599,-0.2065013200044632,-0.010039555840194225,-0.25216710567474365,0.8284996747970581,0.47833454608917236,-0.1455887407064438
173.0,-0.2297438532114029,-0.5391331315040588,1.251420021057129,-1.2474913597106934,-1.7693160772323608,-0.11640792340040207,1.2485878467559814,-0.11683931946754456,-0.011583882384002209,0.6123724579811096,-0.6123723983764648,-0.3535533845424652,0.3535533845424652
174.0,-0.3888912498950958,-0.6023737192153931,1.3989088535308838,-1.4040839672088623,-1.0672495365142822,0.3236951529979706,1.2146114110946655,-0.20001529157161713,-0.004209178499877453,-0.25216710567474365,0.8284996747970581,0.47833454608917236,-0.1455887407064438
175.0,-0.22653619945049286,-0.5478883385658264,1.25264573097229,-1.2396352291107178,-1.7665566205978394,-0.11474012583494186,1.2485878467559814,-0.11232031136751175,-0.0009847164619714022,0.6123724579811096,-0.6123723983764648,-0.3535533845424652,0.3535533845424652
176.0,-0.2190392166376114,-0.5516405701637268,1.2543426752090454,-1.2368353605270386,-1.7601053714752197,-0.11084915697574615,1.2485878467559814,-0.10177599638700485,0.0028545826207846403,0.6123724579811096,-0.6123723983764648,-0.3535533845424652,0.3535533845424652
177.0,-0.2305888533592224,-0.5452753305435181,1.2335432767868042,-1.2235592603683472,-1.770042896270752,-0.11684759706258774,1.256820797920227,-0.11996335536241531,0.006341692991554737,0.6123724579811096,-0.6123723983764648,-0.3535533845424652,0.3535533845424652
178.0,-0.22693996131420135,-0.5583252310752869,1.2529234886169434,-1.2295169830322266,-1.7669039964675903,-0.11494995653629303,1.2485878467559814,-0.1128888800740242,0.012337294407188892,0.6123724579811096,-0.6123723983764648,-0.3535533845424652,0.3535533845424652
179.0,-0.23959971964359283,-0.5601130127906799,1.2499339580535889,-1.2260597944259644,-1.777791142463684,-0.12154418230056763,1.2485878467559814,-0.13075406849384308,0.016430925577878952,0.6123724579811096,-0.6123723983764648,-0.3535533845424652,0.3535533845424652
180.0,-0.3894616961479187,-0.6242603063583374,1.4008944034576416,-1.384003758430481,-1.0677179098129272,0.32332348823547363,1.2138639688491821,-0.2005166858434677,0.021443944424390793,-0.25216710567474365,0.8284997344017029,0.47833451628685,-0.1455887258052826
181.0,-0.22314807772636414,-0.558597207069397,1.2354464530944824,-1.2113873958587646,-1.7636414766311646,-0.11298046261072159,1.256820797920227,-0.1094202995300293,0.022515293210744858,0.6123724579811096,-0.6123723983764648,-0.3535533845424652,0.3535533845424652
182.0,-0.23155461251735687,-0.5709033012390137,1.2519108057022095,-1.2163985967636108,-1.7708735466003418,-0.1173502579331398,1.2485878467559814,-0.11939240992069244,0.02918703481554985,0.6123724579811096,-0.6123723983764648,-0.3535533845424652,0.3535533845424652
183.0,-0.24060840904712677,-0.5736418962478638,1.2495791912078857,-1.2122846841812134,-1.778658151626587,-0.12207086384296417,1.2485878467559814,-0.13218075037002563,0.03412574157118797,0.6123724579811096,-0.6123723983764648,-0.3535533845424652,0.3535533845424652
184.0,-0.39093321561813354,-0.6417608261108398,1.403798222541809,-1.3689457178115845,-1.068926453590393,0.32236555218696594,1.211938738822937,-0.2018081694841385,0.041205521672964096,-0.25216710567474365,0.8284997344017029,0.47833451628685,-0.1455887258052826
185.0,-0.23927420377731323,-0.5842705965042114,1.2494926452636719,-1.2014260292053223,-1.7775112390518188,-0.12137424945831299,1.2485878467559814,-0.13029374182224274,0.04790031537413597,0.6123724579811096,-0.6123723983764648,-0.3535533845424652,0.3535533845424652
186.0,-0.2477690428495407,-0.5806774497032166,1.2473158836364746,-1.2037698030471802,-1.7848118543624878,-0.12581534683704376,1.2485878467559814,-0.14232321083545685,0.044577669352293015,0.6123724579811096,-0.6123723983764648,-0.3535533845424652,0.3535533845424652
187.0,-0.25992071628570557,-0.5868495106697083,1.2431269884109497,-1.194795846939087,-1.7952481508255005,-0.13219289481639862,1.2485878467559814,-0.1595955789089203,0.055087801069021225,0.6123724579811096,-0.6123723983764648,-0.3535533845424652,0.3535533845424652
188.0,-0.25416505336761475,-0.59371018409729,1.244441032409668,-1.1885833740234375,-1.7903060913085938,-0.12916845083236694,1.2485878467559814,-0.1514047086238861,0.06315562129020691,0.6123724579811096,-0.6123723983764648,-0.3535533845424652,0.3535533845424652
189.0,-0.14261706173419952,-0.6936227083206177,1.5530942678451538,-1.786302089691162,-2.466181755065918,-0.8048080801963806,1.2072100639343262,-0.09194261580705643,0.0626220703125,0.8284997344017029,-0.25216710567474365,-0.1455887258052826,0.47833451628685
190.0,-0.2766839861869812,-0.5900537371635437,1.236738920211792,-1.1872349977493286,-1.809630274772644,-0.14104105532169342,1.2485878467559814,-0.18355736136436462,0.06310977041721344,0.6123724579811096,-0.6123723983764648,-0.3535533845424652,0.3535533845424652
191.0,-0.2708653211593628,-0.5880019664764404,1.2195574045181274,-1.1713844537734985,-1.8046400547027588,-0.1379629522562027,1.256820797920227,-0.17750774323940277,0.07042896747589111,0.6123724579811096,-0.6123723983764648,-0.3535533845424652,0.3535533845424652
192.0,-0.26289355754852295,-0.6029800772666931,1.2404903173446655,-1.176378607749939,-1.7977999448776245,-0.13375768065452576,1.248587727546692,-0.16383330523967743,0.07754449546337128,0.6123724579811096,-0.6123723983764648,-0.3535534143447876,0.3535534143447876
193.0,-0.2543608248233795,-0.6023724675178528,1.2434557676315308,-1.1789581775665283,-1.7904741764068604,-0.12927120923995972,1.2485878467559814,-0.1516830176115036,0.07494235038757324,0.6123724579811096,-0.6123723983764648,-0.3535533845424652,0.3535533845424652
194.0,-0.24313482642173767,-0.606347918510437,1.2463881969451904,-1.1766613721847534,-1.780829668045044,-0.12339086830615997,1.2485878467559814,-0.13575629889965057,0.07826931774616241,0.6123724579811096,-0.6123723983764648,-0.3535533845424652,0.3535533845424652
195.0,-0.24643462896347046,-0.5954565405845642,1.2466450929641724,-1.1881718635559082,-1.783665418624878,-0.12511679530143738,1.2485878467559814,-0.14043118059635162,0.06406648457050323,0.6123724579811096,-0.6123723983764648,-0.3535533845424652,0.3535533845424652
196.0,-0.2392044961452484,-0.600228488445282,1.248206377029419,-1.1841742992401123,-1.7774513959884644,-0.12133786827325821,1.2485878467559814,-0.13019518554210663,0.0692654550075531,0.6123724579811096,-0.6123723983764648,-0.3535533845424652,0.3535533845424652
197.0,-0.2350200116634369,-0.5934632420539856,1.2499525547027588,-1.1922417879104614,-1.7738536596298218,-0.11915530264377594,1.2485878467559814,-0.12428265810012817,0.05947677418589592,0.6123724579811096,-0.6123723983764648,-0.3535533845424652,0.3535533845424652
198.0,-0.2299426645040512,-0.591769814491272,1.2321653366088867,-1.175620436668396,-1.7694870233535767,-0.11651136726140976,1.256820797920227,-0.11904675513505936,0.06757014989852905,0.6123724579811096,-0.6123723983764648,-0.3535533845424652,0.3535533845424652
199.0,-0.09244443476200104,-0.6947804093360901,1.53135085105896,-1.7157467603683472,-2.4350993633270264,-0.7429863810539246,1.2117887735366821,-0.028351906687021255,0.06846737861633301,0.8284997344017029,-0.25216710567474365,-0.1455887258052826,0.47833451628685
200.0,-0.21499159932136536,-0.6014370322227478,1.2536919116973877,-1.1859972476959229,-1.7566211223602295,-0.10875243693590164,1.2485878467559814,-0.09609302133321762,0.06744459271430969,0.6123724579811096,-0.6123723983764648,-0.3535533845424652,0.3535533845424652
201.0,-0.22416375577449799,-0.6013156175613403,1.2324178218841553,-1.1657415628433228,-1.7645153999328613,-0.11350775510072708,1.256820797920227,-0.11085798591375351,0.0797787755727768,0.6123724579811096,-0.6123723983764648,-0.3535533845424652,0.3535533845424652
202.0,-0.2356887310743332,-0.6115432381629944,1.2477344274520874,-1.1720139980316162,-1.7744287252426147,-0.11950385570526123,1.248587727546692,-0.1252269744873047,0.08413060009479523,0.6123724579811096,-0.6123723983764648,-0.3535534143447876,0.3535534143447876
203.0,-0.23037920892238617,-0.6072316765785217,1.2300385236740112,-1.158076524734497,-1.7698625326156616,-0.11673848330974579,1.256820797920227,-0.1196659654378891,0.08892174065113068,0.6123724579811096,-0.6123723983764648,-0.3535534143447876,0.3535534143447876
204.0,-0.08992315828800201,-0.7189114689826965,1.539880633354187,-1.6978758573532104,-2.4334890842437744,-0.7400004863739014,1.2062381505966187,-0.02462790533900261,0.09168882668018341,0.8284996747970581,-0.25216710567474365,-0.1455887407064438,0.47833454608917236
205.0,-0.229464590549469,-0.6210824251174927,1.2478151321411133,-1.161908507347107,-1.769075870513916,-0.11626264452934265,1.248587727546692,-0.11644570529460907,0.09635122120380402,0.6123724579811096,-0.6123723983764648,-0.3535534143447876,0.3535534143447876
206.0,-0.23723626136779785,-0.6194258332252502,1.2460815906524658,-1.1626423597335815,-1.775759220123291,-0.12031085789203644,1.2485878467559814,-0.1274130940437317,0.0953005701303482,0.6123724579811096,-0.6123723983764648,-0.3535533845424652,0.3535533845424652
207.0,-0.24645397067070007,-0.6174498796463013,1.2437608242034912,-1.1632964611053467,-1.7836819887161255,-0.125126913189888,1.2485878467559814,-0.1404585987329483,0.09419761598110199,0.6123724579811096,-0.6123723983764648,-0.3535533845424652,0.3535533845424652
208.0,-0.25691115856170654,-0.6115592122077942,1.241356372833252,-1.167965292930603,-1.7926641702651978,-0.1306106150150299,1.2485878467559814,-0.15531045198440552,0.08808968961238861,0.6123724579811096,-0.6123723983764648,-0.3535533845424652,0.3535533845424652
209.0,-0.26415857672691345,-0.6155250072479248,1.2381675243377686,-1.1616615056991577,-1.7988855838775635,-0.1344241201877594,1.2485878467559814,-0.1656380444765091,0.09517847001552582,0.6123724579811096,-0.6123723983764648,-0.3535533845424652,0.3535533845424652
210.0,-0.2575794756412506,-0.6195846199989319,1.2397849559783936,-1.1584458351135254,-1.7932380437850952,-0.1309618055820465,1.248587727546692,-0.15626160800457,0.09941519796848297,0.6123724579811096,-0.6123723983764648,-0.3535534143447876,0.3535534143447876
211.0,-0.24410055577754974,-0.6253812909126282,1.243026852607727,-1.154372215270996,-1.7816596031188965,-0.12389576435089111,1.2485878467559814,-0.13712389767169952,0.10486714541912079,0.6123724579811096,-0.6123723983764648,-0.3535533845424652,0.3535533845424652
212.0,-0.2856752574443817,-0.8906475901603699,1.8215930461883545,-2.501741886138916,-1.5707963705062866,1.2851210832595825,1.1470904350280762,-0.12742044031620026,0.1676350086927414,0.0,1.0,0.0,0.0
213.0,-0.2776964604854584,-0.8949244618415833,1.831203818321228,-2.507075786590576,-1.5707963705062866,1.2930998802185059,1.1423048973083496,-0.1166205033659935,0.1676350086927414,0.0,1.0,0.0,0.0
214.0,-0.2856368124485016,-0.9011380672454834,1.8451851606369019,-2.514843463897705,-1.5707963705062866,1.2851594686508179,1.1329371929168701,-0.12321854382753372,0.1676350086927414,0.0,1.0,0.0,0.0
215.0,-0.2855088412761688,-0.9097199440002441,1.8645328283309937,-2.525609254837036,-1.5707963705062866,1.2852874994277954,1.1212486028671265,-0.11963799595832825,0.1676350086927414,0.0,1.0,0.0,0.0
216.0,-0.29588428139686584,-0.9109089970588684,1.867216944694519,-2.527104377746582,-1.5707963705062866,1.2749119997024536,1.1183216571807861,-0.13076935708522797,0.1676350086927414,0.0,1.0,0.0,0.0
217.0,-0.30052128434181213,-0.9040709137916565,1.851792335510254,-2.5185177326202393,-1.5707963705062866,1.2702749967575073,1.127008080482483,-0.13883724808692932,0.1676350086927414,0.0,1.0,0.0,0.0
218.0,-0.3014664947986603,-0.8964242935180664,1.8345767259597778,-2.508948802947998,-1.5707963705062866,1.2693297863006592,1.1371963024139404,-0.14311133325099945,0.1676350086927414,0.0,1.0,0.0,0.0
219.0,-0.31151995062828064,-0.8952088356018066,1.8318432569503784,-2.5074307918548584,-1.5707963705062866,1.2592763900756836,1.1373273134231567,-0.15506064891815186,0.1676350086927414,0.0,1.0,0.0,0.0
220.0,-0.32089951634407043,-0.8944460153579712,1.8301281929016113,-2.5064785480499268,-1.5707963705062866,1.249896764755249,1.1368399858474731,-0.16605935990810394,0.1676350086927414,0.0,1.0,0.0,0.0
221.0,-0.3029114902019501,-0.8864346146583557,1.8121354579925537,-2.49649715423584,-1.5707963705062866,1.2678848505020142,1.1503345966339111,-0.1489255726337433,0.1676350086927414,0.0,1.0,0.0,0.0
222.0,-0.3132852613925934,-0.8849751353263855,1.8088613748550415,-2.494682550430298,-1.5707963705062866,1.257511019706726,1.1506590843200684,-0.161476269364357,0.1676350086927414,0.0,1.0,0.0,0.0
223.0,-0.2673344910144806,-0.6233862638473511,1.2355157136917114,-1.151529312133789,-1.8016109466552734,-0.1360987275838852,1.2485878467559814,-0.1701730191707611,0.10697351396083832,0.6123724579811096,-0.6123723983764648,-0.3535533845424652,0.3535533845424652
224.0,-0.32579150795936584,-0.8872262835502625,1.8139119148254395,-2.4974820613861084,-1.5707963705062866,1.2450047731399536,1.145581841468811,-0.17485107481479645,0.1676350086927414,0.0,1.0,0.0,0.0
225.0,-0.33667534589767456,-0.8892372846603394,1.8184260129928589,-2.4999849796295166,-1.5707963705062866,1.2341209650039673,1.1409635543823242,-0.18638218939304352,0.1676350086927414,0.0,1.0,0.0,0.0
226.0,-0.3397637605667114,-0.8821209669113159,1.8024617433547974,-2.4911370277404785,-1.5707963705062866,1.2310326099395752,1.1497148275375366,-0.19320377707481384,0.1676350086927414,0.0,1.0,0.0,0.0
227.0,-0.2787168323993683,-0.6191182732582092,1.2317863702774048,-1.1534736156463623,-1.8113731145858765,-0.1421181857585907,1.2485878467559814,-0.18647436797618866,0.10377587378025055,0.6123724579811096,-0.6123723983764648,-0.3535533845424652,0.3535533845424652
228.0,-0.2884559631347656,-0.6183812618255615,1.2276450395584106,-1.1513227224349976,-1.8197193145751953,-0.14729152619838715,1.248587727546692,-0.2004852294921875,0.10539327561855316,0.6123724579811096,-0.6123723983764648,-0.3535534143447876,0.3535534143447876
229.0,-0.35231977701187134,-0.880776047706604,1.7994476556777954,-2.4894678592681885,-1.5707963705062866,1.2184765338897705,1.148945927619934,-0.20826652646064758,0.1676350086927414,0.0,1.0,0.0,0.0
230.0,-0.36146214604377747,-0.8829831480979919,1.8043944835662842,-2.4922077655792236,-1.5707963705062866,1.209334135055542,1.1441344022750854,-0.2176806479692459,0.1676350086927414,0.0,1.0,0.0,0.0
231.0,-0.3502691090106964,-0.8888707756996155,1.8176031112670898,-2.499528646469116,-1.5707963705062866,1.220527172088623,1.1388051509857178,-0.20205004513263702,0.1676350086927414,0.0,1.0,0.0,0.0
232.0,-0.3595619201660156,-0.8924210071563721,1.825576901435852,-2.5039522647857666,-1.5707963705062866,1.211234450340271,1.1322307586669922,-0.21087683737277985,0.1676350086927414,0.0,1.0,0.0,0.0
233.0,-0.5460046529769897,-0.7880208492279053,1.6598608493804932,-1.7101449966430664,-0.7375615835189819,0.6885377764701843,1.1258221864700317,-0.31524983048439026,0.10591469705104828,0.0,0.8660253882408142,0.5,0.0
234.0,-0.5413825511932373,-0.7788619995117188,1.643272042274475,-1.7065154314041138,-0.7344771027565002,0.6936653852462769,1.1365467309951782,-0.31524983048439026,0.1042710691690445,0.0,0.8660253882408142,0.5000000596046448,0.0
235.0,-0.3007057011127472,-0.6137689352035522,1.2226533889770508,-1.1525875329971313,-1.8302078247070312,-0.15382985770702362,1.2485878467559814,-0.21819530427455902,0.10251040756702423,0.6123724579811096,-0.6123723983764648,-0.3535533845424652,0.3535533845424652
236.0,-0.2884908616542816,-0.6107543706893921,1.2290345430374146,-1.160343885421753,-1.8197492361068726,-0.14731013774871826,1.2485878467559814,-0.20053556561470032,0.09465114772319794,0.6123724579811096,-0.6123723983764648,-0.3535533845424652,0.3535533845424652
237.0,-0.4362024962902069,-0.6641144752502441,1.360112190246582,-1.289488434791565,-1.1062865257263184,0.29349297285079956,1.2133076190948486,-0.26755204796791077,0.09118841588497162,-0.25216707587242126,0.8284996747970581,0.4783346354961395,-0.1455887407064438
238.0,-0.27015402913093567,-0.6040154695510864,1.2176152467727661,-1.1533417701721191,-1.804029941558838,-0.13758717477321625,1.256820797920227,-0.1764838546514511,0.09247462451457977,0.6123724579811096,-0.6123723983764648,-0.3535534143447876,0.3535534143447876
239.0,-0.2738886773586273,-0.6066123843193054,1.2358777523040771,-1.1694667339324951,-1.807233214378357,-0.13956137001514435,1.248587727546692,-0.17955026030540466,0.08507181704044342,0.6123724579811096,-0.6123723983764648,-0.3535534143447876,0.3535534143447876
240.0,-0.28001129627227783,-0.5978699922561646,1.2345662117004395,-1.1776655912399292,-1.8124828338623047,-0.1428045630455017,1.2485878467559814,-0.18833321332931519,0.07455885410308838,0.6123724579811096,-0.6123723983764648,-0.3535533845424652,0.3535533845424652
241.0,-0.2868409752845764,-0.602390468120575,1.2310675382614136,-1.1705248355865479,-1.818335771560669,-0.14643216133117676,1.248587727546692,-0.19815775752067566,0.0825592428445816,0.6123724579811096,-0.6123723983764648,-0.3535534143447876,0.3535534143447876
242.0,-0.29750776290893555,-0.6043713688850403,1.2258524894714355,-1.164747714996338,-1.8274706602096558,-0.1521195024251938,1.2485878467559814,-0.21356216073036194,0.08833412826061249,0.6123724579811096,-0.6123723983764648,-0.3535533845424652,0.3535533845424652
243.0,-0.5382909178733826,-0.7610819935798645,1.6328332424163818,-1.716418981552124,-0.732421338558197,0.6971147656440735,1.1438173055648804,-0.31524983048439026,0.0901155024766922,0.0,0.8660253882408142,0.5000000596046448,0.0
244.0,-0.5361049771308899,-0.7471442818641663,1.62519109249115,-1.724536418914795,-0.7309715151786804,0.6995632648468018,1.1490057706832886,-0.31524983048439026,0.07863478362560272,0.0,0.8660253882408142,0.5,0.0
245.0,-0.2949049770832062,-0.5959840416908264,1.2282531261444092,-1.1751842498779297,-1.8252424001693726,-0.15072928369045258,1.2485878467559814,-0.20979642868041992,0.07597245275974274,0.6123724579811096,-0.6123723983764648,-0.3535533845424652,0.3535533845424652
246.0,-0.28744298219680786,-0.5927857756614685,1.2319914102554321,-1.1811320781707764,-1.8188514709472656,-0.14675244688987732,1.2485878467559814,-0.19902513921260834,0.06953988969326019,0.6123724579811096,-0.6123723983764648,-0.3535533845424652,0.3535533845424652
247.0,-0.5364124178886414,-0.7368038892745972,1.626718521118164,-1.7361475229263306,-0.7311752438545227,0.6992184519767761,1.1482735872268677,-0.31524983048439026,0.06655026972293854,0.0,0.8660253882408142,0.5,0.0
248.0,-0.3013130724430084,-0.5790835022926331,1.226878046989441,-1.1915810108184814,-1.8307275772094727,-0.154154971241951,1.2485878467559814,-0.2190760374069214,0.05484488233923912,0.6123724579811096,-0.6123723983764648,-0.3535533845424652,0.3535533845424652
249.0,-0.29293587803840637,-0.5805522203445435,1.230657935142517,-1.192757248878479,-1.8235563039779663,-0.14967858791351318,1.2485878467559814,-0.20695050060749054,0.054468777030706406,0.6123724579811096,-0.6123723983764648,-0.3535533845424652,0.3535533845424652
250.0,-0.2947181165218353,-0.5723145008087158,1.2303484678268433,-1.200924038887024,-1.8250824213027954,-0.15062953531742096,1.2485878467559814,-0.20952625572681427,0.0439499132335186,0.6123724579811096,-0.6123723983764648,-0.3535533845424652,0.3535533845424652
251.0,-0.5383179783821106,-0.713760495185852,1.6338205337524414,-1.7647054195404053,-0.732439398765564,0.6970846056938171,1.1437532901763916,-0.31524983048439026,0.03792892023921013,0.0,0.8660253882408142,0.5,0.0
252.0,-0.5392698049545288,-0.7265833616256714,1.6375502347946167,-1.754821538925171,-0.7330716848373413,0.6960209608078003,1.1415066719055176,-0.31524983048439026,0.05018134042620659,0.0,0.8660253882408142,0.5,0.0
253.0,-0.5411308407783508,-0.7396782040596008,1.6443867683410645,-1.7470219135284424,-0.7343096137046814,0.6939457058906555,1.137135624885559,-0.31524983048439026,0.061192404478788376,0.0,0.8660253882408142,0.5,0.0
254.0,-0.5476378202438354,-0.7535098791122437,1.6678292751312256,-1.7512903213500977,-0.7386544942855835,0.6867343187332153,1.1220736503601074,-0.31524983048439026,0.06500925123691559,0.0,0.8660253882408142,0.5,0.0
255.0,-0.5437906384468079,-0.7536835670471191,1.6538639068603516,-1.740301251411438,-0.7360824942588806,0.69098961353302,1.1309376955032349,-0.31524983048439026,0.07183744013309479,0.0,0.8660253882408142,0.5,0.0
256.0,-0.5423896312713623,-0.7611827850341797,1.6483521461486816,-1.7284437417984009,-0.7351480722427368,0.6925452947616577,1.134195327758789,-0.31524983048439026,0.08261166512966156,0.0,0.8660253882408142,0.5,0.0
257.0,-0.5449230074882507,-0.774871289730072,1.6569355726242065,-1.7212553024291992,-0.7368386387825012,0.6897345781326294,1.1283164024353027,-0.31524983048439026,0.09320862591266632,0.0,0.8660253882408142,0.5,0.0
258.0,-0.5503997206687927,-0.7760195136070251,1.6768391132354736,-1.7355444431304932,-0.7405064105987549,0.683694064617157,1.1157822608947754,-0.31524983048439026,0.08480037748813629,0.0,0.8660253882408142,0.5000000596046448,0.0
259.0,-0.5560080409049988,-0.7845587134361267,1.6961517333984375,-1.7417969703674316,-0.7442811131477356,0.6775587201118469,1.1031885147094727,-0.31524983048439026,0.08465735614299774,0.0,0.8660253882408142,0.5000000596046448,0.0
260.0,-0.5560300350189209,-0.7693043947219849,1.6968798637390137,-1.75776207447052,-0.7442960739135742,0.677534818649292,1.1031395196914673,-0.31524983048439026,0.06821964681148529,0.0,0.8660253882408142,0.5,0.0
261.0,-0.5607843399047852,-0.7694463133811951,1.7129764556884766,-1.769925594329834,-0.7475106120109558,0.6723731756210327,1.092650294303894,-0.31524983048439026,0.06096402928233147,0.0,0.8660253882408142,0.5,0.0
262.0,-0.5606500506401062,-0.7802031636238098,1.7122421264648438,-1.7585408687591553,-0.7474196553230286,0.6725184321403503,1.0929441452026367,-0.31524983048439026,0.07255564630031586,0.0,0.8660253882408142,0.5,0.0
263.0,-0.561955451965332,-0.7918989062309265,1.7161060571670532,-1.7496743202209473,-0.7483044266700745,0.6711071729660034,1.0900921821594238,-0.31524983048439026,0.08297903835773468,0.0,0.8660253882408142,0.5000000596046448,0.0
264.0,-0.5659291744232178,-0.8048773407936096,1.728603482246399,-1.7460612058639526,-0.7510040998458862,0.6668278574943542,1.0814863443374634,-0.31524983048439026,0.09063135087490082,0.0,0.8660253882408142,0.5,0.0
265.0,-0.5601406097412109,-0.8024829626083374,1.709214448928833,-1.733638048171997,-0.7470746040344238,0.6730700135231018,1.0940607786178589,-0.31524983048439026,0.09728287160396576,0.0,0.8660253882408142,0.5,0.0
266.0,-0.5510872602462769,-0.787226140499115,1.6785564422607422,-1.7254981994628906,-0.7409681677818298,0.6829392313957214,1.1142253875732422,-0.31524983048439026,0.09591053426265717,0.0,0.8660253882408142,0.5000000596046448,0.0
267.0,-0.5550053715705872,-0.8008708357810974,1.6914093494415283,-1.7215468883514404,-0.7436049580574036,0.6786518692970276,1.1054223775863647,-0.31524983048439026,0.10414551198482513,0.0,0.8660253882408142,0.5000000596046448,0.0
268.0,-0.5614790320396423,-0.8170083165168762,1.712482213973999,-1.7213184833526611,-0.7479814291000366,0.6716219782829285,1.091131567955017,-0.31524983048439026,0.11088602244853973,0.0,0.8660253882408142,0.5,0.0
269.0,-0.36981329321861267,-0.9209692478179932,1.8899630308151245,-2.539790153503418,-1.5707963705062866,1.2009830474853516,1.0921213626861572,-0.20778515934944153,0.1676350086927414,0.0,1.0,0.0,0.0
270.0,-0.36793053150177,-0.912481963634491,1.8707691431045532,-2.529083490371704,-1.5707963705062866,1.2028658390045166,1.1039067506790161,-0.21012160181999207,0.1676350086927414,0.0,1.0,0.0,0.0
271.0,-0.3566886782646179,-0.9113327264785767,1.8681737184524536,-2.527637243270874,-1.5707963705062866,1.214107632637024,1.1077406406402588,-0.19827306270599365,0.1676350086927414,0.0,1.0,0.0,0.0
272.0,-0.5515295267105103,-0.8026735186576843,1.6787327527999878,-1.709869146347046,-0.7412653565406799,0.6824540495872498,1.1132256984710693,-0.31524983048439026,0.11225192248821259,0.0,0.8660253882408142,0.5000000596046448,0.0
273.0,-0.3622252345085144,-0.9018023610115051,1.8466812372207642,-2.5156753063201904,-1.5707963705062866,1.2085710763931274,1.1193089485168457,-0.20920926332473755,0.1676350086927414,0.0,1.0,0.0,0.0
274.0,-0.35132503509521484,-0.900482177734375,1.8437083959579468,-2.5140225887298584,-1.5707963705062866,1.2194713354110718,1.1232764720916748,-0.1976391226053238,0.1676350086927414,0.0,1.0,0.0,0.0
275.0,-0.3439859449863434,-0.9053738713264465,1.8547292947769165,-2.5201516151428223,-1.5707963705062866,1.226810336112976,1.1181689500808716,-0.18705162405967712,0.1676350086927414,0.0,1.0,0.0,0.0
276.0,-0.3339232802391052,-0.8971055150032043,1.8361090421676636,-2.5097999572753906,-1.5707963705062866,1.2368730306625366,1.131047010421753,-0.17962485551834106,0.1676350086927414,0.0,1.0,0.0,0.0
277.0,-0.3263836205005646,-0.9024389982223511,1.84811532497406,-2.516472578048706,-1.5707963705062866,1.2444126605987549,1.1252328157424927,-0.16867657005786896,0.1676350086927414,0.0,1.0,0.0,0.0
278.0,-0.31101101636886597,-0.9036974906921387,1.850950837135315,-2.518049716949463,-1.5707963705062866,1.2597852945327759,1.1259942054748535,-0.15081354975700378,0.1676350086927414,0.0,1.0,0.0,0.0
279.0,-0.3164493441581726,-0.9117900729179382,1.8692065477371216,-2.528212785720825,-1.5707963705062866,1.2543469667434692,1.1141982078552246,-0.15334616601467133,0.1676350086927414,0.0,1.0,0.0,0.0
280.0,-0.306656152009964,-0.913157045841217,1.8722941875457764,-2.529933452606201,-1.5707963705062866,1.2641401290893555,1.1137797832489014,-0.14183637499809265,0.1676350086927414,0.0,1.0,0.0,0.0
281.0,-0.30787500739097595,-0.9215214848518372,1.8912135362625122,-2.5404884815216064,-1.5707963705062866,1.2629213333129883,1.1021275520324707,-0.1395438015460968,0.1676350086927414,0.0,1.0,0.0,0.0
282.0,-0.31982123851776123,-0.9202521443367004,1.8883395195007324,-2.538883686065674,-1.5707963705062866,1.2509751319885254,1.1021238565444946,-0.153276726603508,0.1676350086927414,0.0,1.0,0.0,0.0
283.0,-0.3299359977245331,-0.9158531427383423,1.8783875703811646,-2.5333306789398193,-1.5707963705062866,1.2408603429794312,1.1065146923065186,-0.16647028923034668,0.1676350086927414,0.0,1.0,0.0,0.0
284.0,-0.33865886926651,-0.9124601483345032,1.8707199096679688,-2.5290560722351074,-1.5707963705062866,1.2321374416351318,1.1096129417419434,-0.1777333766222,0.1676350086927414,0.0,1.0,0.0,0.0
285.0,-0.35212042927742004,-0.9186564087867737,1.8847280740737915,-2.53686785697937,-1.5707963705062866,1.2186758518218994,1.0987610816955566,-0.18958261609077454,0.1676350086927414,0.0,1.0,0.0,0.0
286.0,-0.34602341055870056,-0.9249041080474854,1.898877739906311,-2.5447700023651123,-1.5707963705062866,1.2247729301452637,1.091391921043396,-0.17981381714344025,0.1676350086927414,0.0,1.0,0.0,0.0
287.0,-0.3586481809616089,-0.927049994468689,1.9037437438964844,-2.547490119934082,-1.5707963705062866,1.2121481895446777,1.0861140489578247,-0.19248276948928833,0.1676350086927414,0.0,1.0,0.0,0.0
288.0,-0.37038561701774597,-0.9333998560905457,1.9181617498397827,-2.555558204650879,-1.5707963705062866,1.2004107236862183,1.075135350227356,-0.20186063647270203,0.1676350086927414,0.0,1.0,0.0,0.0
289.0,-0.3611004948616028,-0.9363670945167542,1.9249091148376465,-2.559338331222534,-1.5707963705062866,1.209695816040039,1.0728884935379028,-0.19033044576644897,0.1676350086927414,0.0,1.0,0.0,0.0
290.0,-0.34538447856903076,-0.9406921863555908,1.9347556829452515,-2.5648598670959473,-1.5707963705062866,1.2254118919372559,1.0697494745254517,-0.17128807306289673,0.1676350086927414,0.0,1.0,0.0,0.0
291.0,-0.3305862247943878,-0.9432826638221741,1.940659999847412,-2.56817364692688,-1.5707963705062866,1.2402100563049316,1.068542242050171,-0.15419554710388184,0.1676350086927414,0.0,1.0,0.0,0.0
292.0,-0.320352166891098,-0.9431486129760742,1.940354347229004,-2.5680019855499268,-1.5707963705062866,1.2504441738128662,1.070252776145935,-0.1433146893978119,0.1676350086927414,0.0,1.0,0.0,0.0
293.0,-0.3119358420372009,-0.9326074719429016,1.9163609743118286,-2.5545499324798584,-1.5707963705062866,1.258860468864441,1.0861960649490356,-0.13906651735305786,0.1676350086927414,0.0,1.0,0.0,0.0
294.0,-0.31799983978271484,-0.9270001649856567,1.9036308526992798,-2.54742693901062,-1.5707963705062866,1.2527965307235718,1.0931075811386108,-0.1482098549604416,0.1676350086927414,0.0,1.0,0.0,0.0
295.0,-0.3246953785419464,-0.9338831901550293,1.9192603826522827,-2.55617356300354,-1.5707963705062866,1.246100902557373,1.0825616121292114,-0.1523178368806839,0.1676350086927414,0.0,1.0,0.0,0.0
296.0,-0.32978761196136475,-0.9285147190093994,1.9070671796798706,-2.549348831176758,-1.5707963705062866,1.2410087585449219,1.0891976356506348,-0.16037018597126007,0.1676350086927414,0.0,1.0,0.0,0.0
297.0,-0.33994582295417786,-0.9316474795341492,1.914180040359497,-2.5533287525177,-1.5707963705062866,1.2308504581451416,1.0831997394561768,-0.16990076005458832,0.1676350086927414,0.0,1.0,0.0,0.0
298.0,-0.3398289084434509,-0.9480255842208862,1.9514837265014648,-2.5742545127868652,-1.5707963705062866,1.230967402458191,1.0604294538497925,-0.1617167890071869,0.1676350086927414,0.0,1.0,0.0,0.0
299.0,-0.32995644211769104,-0.9528006911277771,1.9623991250991821,-2.580394744873047,-1.5707963705062866,1.2408398389816284,1.0552290678024292,-0.14892993867397308,0.1676350086927414,0.0,1.0,0.0,0.0
300.0,-0.3121861219406128,-0.9532957077026367,1.963531732559204,-2.5810325145721436,-1.5707963705062866,1.2586102485656738,1.057003378868103,-0.12992797791957855,0.1676350086927414,0.0,1.0,0.0,0.0
301.0,-0.30626022815704346,-0.9597446918487549,1.9783062934875488,-2.589357852935791,-1.5707963705062866,1.2645361423492432,1.0485113859176636,-0.12073920667171478,0.1676350086927414,0.0,1.0,0.0,0.0
302.0,-0.2924792170524597,-0.9540278315544128,1.9652073383331299,-2.5819759368896484,-1.5707963705062866,1.2783170938491821,1.0583078861236572,-0.10875749588012695,0.1676350086927414,0.0,1.0,0.0,0.0
303.0,-0.3093920648097992,-0.9445118308067322,1.9434634447097778,-2.5697479248046875,-1.5707963705062866,1.261404275894165,1.0698343515396118,-0.13096092641353607,0.1676350086927414,0.0,1.0,0.0,0.0
304.0,-0.29801034927368164,-0.9393649101257324,1.9317325353622437,-2.563163995742798,-1.5707963705062866,1.272786021232605,1.0785337686538696,-0.12101171165704727,0.1676350086927414,0.0,1.0,0.0,0.0
305.0,-0.28806594014167786,-0.9423551559448242,1.9385453462600708,-2.566986560821533,-1.5707963705062866,1.2827303409576416,1.075447678565979,-0.10902532190084457,0.1676350086927414,0.0,1.0,0.0,0.0
306.0,-0.27692022919654846,-0.9442324042320251,1.9428260326385498,-2.569390058517456,-1.5707963705062866,1.293876051902771,1.0739208459854126,-0.0962718203663826,0.1676350086927414,0.0,1.0,0.0,0.0
307.0,-0.28099676966667175,-0.9584745764732361,1.9753936529159546,-2.5877153873443604,-1.5707963705062866,1.2897995710372925,1.053066372871399,-0.0947454497218132,0.1676350086927414,0.0,1.0,0.0,0.0
308.0,-0.2696671187877655,-0.955507218837738,1.9685943126678467,-2.58388352394104,-1.5707963705062866,1.3011292219161987,1.0583739280700684,-0.08399775624275208,0.1676350086927414,0.0,1.0,0.0,0.0
309.0,-0.24338217079639435,-0.9577683806419373,1.973774790763855,-2.5868027210235596,-1.5707963705062866,1.3274141550064087,1.05691659450531,-0.05533338710665703,0.1676350086927414,0.0,1.0,0.0,0.0
310.0,-0.23369146883487701,-0.9528911113739014,1.9626060724258423,-2.5805113315582275,-1.5707963705062866,1.3371047973632812,1.0645263195037842,-0.04678427428007126,0.1676350086927414,0.0,1.0,0.0,0.0
311.0,-0.24837756156921387,-0.9504569172859192,1.9570392370224,-2.577378749847412,-1.5707963705062866,1.3224188089370728,1.0672523975372314,-0.06330713629722595,0.1676350086927414,0.0,1.0,0.0,0.0
312.0,-0.2360709011554718,-0.9462199807167053,1.9473611116409302,-2.5719375610351562,-1.5707963705062866,1.3347253799438477,1.0740875005722046,-0.05164461210370064,0.1676350086927414,0.0,1.0,0.0,0.0
313.0,-0.22517909109592438,-0.9445066452026367,1.9434516429901123,-2.5697412490844727,-1.5707963705062866,1.3456172943115234,1.0770660638809204,-0.040511056780815125,0.1676350086927414,0.0,1.0,0.0,0.0
314.0,-0.21807321906089783,-0.9488412737846375,1.953347086906433,-2.5753021240234375,-1.5707963705062866,1.3527231216430664,1.0710338354110718,-0.03146212175488472,0.1676350086927414,0.0,1.0,0.0,0.0
315.0,-0.2248453050851822,-0.9558275938034058,1.9693280458450317,-2.584296941757202,-1.5707963705062866,1.3459510803222656,1.0606056451797485,-0.03638375177979469,0.1676350086927414,0.0,1.0,0.0,0.0
316.0,-0.21042907238006592,-0.9558316469192505,1.9693373441696167,-2.5843019485473633,-1.5707963705062866,1.3603672981262207,1.06101393699646,-0.021089285612106323,0.1676350086927414,0.0,1.0,0.0,0.0
317.0,-0.20178857445716858,-0.9502688050270081,1.9566092491149902,-2.577136754989624,-1.5707963705062866,1.3690077066421509,1.0693179368972778,-0.013590510003268719,0.1676350086927414,0.0,1.0,0.0,0.0
318.0,-0.18742643296718597,-0.9467180371284485,1.9484981298446655,-2.5725762844085693,-1.5707963705062866,1.3833699226379395,1.0746006965637207,0.0007822508923709393,0.1676350086927414,0.0,1.0,0.0,0.0
319.0,-0.2021685242652893,-0.93968266248703,1.932456135749817,-2.5635697841644287,-1.5707963705062866,1.3686277866363525,1.0847049951553345,-0.017151761800050735,0.1676350086927414,0.0,1.0,0.0,0.0
320.0,-0.21353620290756226,-0.9378459453582764,1.9282742738723755,-2.5612246990203857,-1.5707963705062866,1.3572601079940796,1.0870860815048218,-0.030054733157157898,0.1676350086927414,0.0,1.0,0.0,0.0
321.0,-0.23279404640197754,-0.9331045746803284,1.9174907207489014,-2.555182456970215,-1.5707963705062866,1.338002324104309,1.0930821895599365,-0.052589450031518936,0.1676350086927414,0.0,1.0,0.0,0.0
322.0,-0.22271572053432465,-0.9316380620002747,1.914158582687378,-2.553316831588745,-1.5707963705062866,1.3480806350708008,1.0956504344940186,-0.04204472154378891,0.1676350086927414,0.0,1.0,0.0,0.0
323.0,-0.21128720045089722,-0.9298569560050964,1.9101136922836304,-2.551053047180176,-1.5707963705062866,1.3595091104507446,1.0986042022705078,-0.03006640262901783,0.1676350086927414,0.0,1.0,0.0,0.0
324.0,-0.20171229541301727,-0.923458993434906,1.8956024646759033,-2.5429399013519287,-1.5707963705062866,1.3690840005874634,1.1079603433609009,-0.02141086757183075,0.1676350086927414,0.0,1.0,0.0,0.0
325.0,-0.21273893117904663,-0.9217941164970398,1.8918310403823853,-2.5408332347869873,-1.5707963705062866,1.3580573797225952,1.1100138425827026,-0.03413550183176994,0.1676350086927414,0.0,1.0,0.0,0.0
326.0,-0.20175574719905853,-0.914928138256073,1.8762964010238647,-2.5321645736694336,-1.5707963705062866,1.369040608406067,1.1200190782546997,-0.02392568439245224,0.1676350086927414,0.0,1.0,0.0,0.0
327.0,-0.21600331366062164,-0.914347767829895,1.874984622001648,-2.53143310546875,-1.5707963705062866,1.3547930717468262,1.1203784942626953,-0.04005885869264603,0.1676350086927414,0.0,1.0,0.0,0.0
328.0,-0.20982731878757477,-0.9080669283866882,1.8608026504516602,-2.5235321521759033,-1.5707963705062866,1.360969066619873,1.1293915510177612,-0.03500996530056,0.1676350086927414,0.0,1.0,0.0,0.0
329.0,-0.2182472199201584,-0.9040982723236084,1.851853847503662,-2.51855206489563,-1.5707963705062866,1.3525490760803223,1.1345678567886353,-0.04574024677276611,0.1676350086927414,0.0,1.0,0.0,0.0
330.0,-0.22634272277355194,-0.8990806341171265,1.8405534029006958,-2.5122690200805664,-1.5707963705062866,1.3444535732269287,1.1410812139511108,-0.0565173365175724,0.1676350086927414,0.0,1.0,0.0,0.0
331.0,-0.22925607860088348,-0.911392331123352,1.8683083057403564,-2.527712345123291,-1.5707963705062866,1.3415402173995972,1.1238734722137451,-0.05586545541882515,0.1676350086927414,0.0,1.0,0.0,0.0
332.0,-0.24373313784599304,-0.9204501509666443,1.8887877464294434,-2.5391340255737305,-1.5707963705062866,1.3270632028579712,1.1103087663650513,-0.06898658722639084,0.1676350086927414,0.0,1.0,0.0,0.0
333.0,-0.2238328605890274,-0.9215646386146545,1.8913112878799438,-2.5405430793762207,-1.5707963705062866,1.3469634056091309,1.1098905801773071,-0.046521272510290146,0.1676350086927414,0.0,1.0,0.0,0.0
334.0,-0.23302774131298065,-0.9248653054237366,1.8987897634506226,-2.5447208881378174,-1.5707963705062866,1.3377685546875,1.1047616004943848,-0.055619820952415466,0.1676350086927414,0.0,1.0,0.0,0.0
335.0,-0.2447902113199234,-0.9307284951210022,1.912092685699463,-2.5521605014801025,-1.5707963705062866,1.3260061740875244,1.09574556350708,-0.06654069572687149,0.1676350086927414,0.0,1.0,0.0,0.0
336.0,-0.25454404950141907,-0.9264902472496033,1.902474284172058,-2.5467803478240967,-1.5707963705062866,1.3162522315979004,1.1010240316390991,-0.07878090441226959,0.1676350086927414,0.0,1.0,0.0,0.0
337.0,-0.2538858652114868,-0.9361148476600647,1.924335241317749,-2.559016704559326,-1.5707963705062866,1.3169105052947998,1.0874541997909546,-0.07452163100242615,0.1676350086927414,0.0,1.0,0.0,0.0
338.0,-0.246412456035614,-0.9420786499977112,1.9379152059555054,-2.5666327476501465,-1.5707963705062866,1.3243838548660278,1.079451560974121,-0.06424736231565475,0.1676350086927414,0.0,1.0,0.0,0.0
339.0,-0.264716774225235,-0.9439714550971985,1.9422308206558228,-2.5690555572509766,-1.5707963705062866,1.3060795068740845,1.0753891468048096,-0.0832606703042984,0.1676350086927414,0.0,1.0,0.0,0.0
340.0,-0.2726031541824341,-0.9366737008094788,1.925606608390808,-2.5597293376922607,-1.5707963705062866,1.2981932163238525,1.0850775241851807,-0.094640351831913,0.1676350086927414,0.0,1.0,0.0,0.0
341.0,-0.2711528241634369,-0.9266786575317383,1.902901530265808,-2.5470192432403564,-1.5707963705062866,1.2996435165405273,1.0992997884750366,-0.09698247164487839,0.1676350086927414,0.0,1.0,0.0,0.0
342.0,-0.2828209102153778,-0.931335985660553,1.9134724140167236,-2.5529327392578125,-1.5707963705062866,1.2879754304885864,1.091570496559143,-0.10790669918060303,0.1676350086927414,0.0,1.0,0.0,0.0
343.0,-0.30044880509376526,-0.9312942028045654,1.9133775234222412,-2.552879571914673,-1.5707963705062866,1.2703475952148438,1.0895572900772095,-0.12714910507202148,0.1676350086927414,0.0,1.0,0.0,0.0
344.0,-0.2868068516254425,-0.9246045351028442,1.8981986045837402,-2.5443904399871826,-1.5707963705062866,1.283989429473877,1.1005377769470215,-0.11503095924854279,0.1676350086927414,0.0,1.0,0.0,0.0
345.0,-0.29561030864715576,-0.9220026731491089,1.8923033475875854,-2.5410969257354736,-1.5707963705062866,1.2751860618591309,1.1030900478363037,-0.1258135288953781,0.1676350086927414,0.0,1.0,0.0,0.0
346.0,-0.27905818819999695,-0.9190888404846191,1.8857065439224243,-2.537414073944092,-1.5707963705062866,1.2917381525039673,1.1090691089630127,-0.10869848728179932,0.1676350086927414,0.0,1.0,0.0,0.0
347.0,-0.2584924101829529,-0.9156201481819153,1.8778607845306396,-2.533036947250366,-1.5707963705062866,1.312303900718689,1.1158989667892456,-0.08714510500431061,0.1676350086927414,0.0,1.0,0.0,0.0
348.0,-0.26909831166267395,-0.911812961101532,1.869258165359497,-2.5282416343688965,-1.5707963705062866,1.3016979694366455,1.120176076889038,-0.10042688250541687,0.1676350086927414,0.0,1.0,0.0,0.0
349.0,-0.275480717420578,-0.9059343338012695,1.8559927940368652,-2.5208547115325928,-1.5707963705062866,1.2953156232833862,1.127583384513855,-0.10985563695430756,0.1676350086927414,0.0,1.0,0.0,0.0
350.0,-0.265152245759964,-0.9028578996658325,1.8490591049194336,-2.5169975757598877,-1.5707963705062866,1.3056440353393555,1.1328730583190918,-0.09934839606285095,0.1676350086927414,0.0,1.0,0.0,0.0
351.0,-0.25176405906677246,-0.9083498120307922,1.861440896987915,-2.5238873958587646,-1.5707963705062866,1.3190323114395142,1.126540184020996,-0.08222784847021103,0.1676350086927414,0.0,1.0,0.0,0.0
352.0,-0.2428622990846634,-0.9125922918319702,1.871018409729004,-2.5292224884033203,-1.5707963705062866,1.3279340267181396,1.1213419437408447,-0.07073836773633957,0.1676350086927414,0.0,1.0,0.0,0.0
353.0,-0.23770123720169067,-0.9052778482437134,1.8545128107070923,-2.520031213760376,-1.5707963705062866,1.3330950736999512,1.1318351030349731,-0.06740762293338776,0.1676350086927414,0.0,1.0,0.0,0.0
354.0,-0.24646802246570587,-0.9009741544723511,1.8448160886764526,-2.5146381855010986,-1.5707963705062866,1.3243283033370972,1.1371182203292847,-0.07881618291139603,0.1676350086927414,0.0,1.0,0.0,0.0
355.0,-0.23597858846187592,-0.8964900374412537,1.8347245454788208,-2.509030818939209,-1.5707963705062866,1.3348177671432495,1.1440340280532837,-0.06836356967687607,0.1676350086927414,0.0,1.0,0.0,0.0
356.0,-0.25592878460884094,-0.8922961354255676,1.825296401977539,-2.5037965774536133,-1.5707963705062866,1.3148674964904785,1.1481401920318604,-0.09266304224729538,0.1676350086927414,0.0,1.0,0.0,0.0
357.0,-0.26702427864074707,-0.8939485549926758,1.829010009765625,-2.5058577060699463,-1.5707963705062866,1.3037720918655396,1.1448062658309937,-0.10478481650352478,0.1676350086927414,0.0,1.0,0.0,0.0
358.0,-0.22651691734790802,-0.6299418807029724,1.246859073638916,-1.1517930030822754,-1.7665400505065918,-0.11473008245229721,1.248587727546692,-0.11229315400123596,0.10833139717578888,0.6123724579811096,-0.6123723983764648,-0.3535534143447876,0.3535534143447876
359.0,-0.21817223727703094,-0.6297011375427246,1.2487958669662476,-1.1531435251235962,-1.7593591213226318,-0.11039979755878448,1.248587727546692,-0.10055816173553467,0.10680337250232697,0.6123724579811096,-0.6123723983764648,-0.3535534143447876,0.3535534143447876
360.0,-0.2081616371870041,-0.6289660334587097,1.2508950233459473,-1.1550288200378418,-1.7507400512695312,-0.10522061586380005,1.248587727546692,-0.0865185558795929,0.10453392565250397,0.6123724579811096,-0.6123723983764648,-0.3535534143447876,0.3535534143447876
361.0,-0.19774410128593445,-0.6328984498977661,1.2517929077148438,-1.1510566473007202,-1.7417654991149902,-0.09984812140464783,1.2485878467559814,-0.07194928079843521,0.10899437963962555,0.6123724579811096,-0.6123723983764648,-0.3535533845424652,0.3535533845424652
362.0,-0.19384317100048065,-0.6252666115760803,1.2537939548492432,-1.160351276397705,-1.7384037971496582,-0.09784065186977386,1.248587727546692,-0.06650378555059433,0.09794993698596954,0.6123724579811096,-0.6123723983764648,-0.3535534143447876,0.3535534143447876
363.0,-0.3428989052772522,-0.6965987086296082,1.4320578575134277,-1.358290433883667,-1.0296859741210938,0.3543202579021454,1.212227463722229,-0.13495174050331116,0.09392674267292023,-0.25216710567474365,0.8284997344017029,0.47833451628685,-0.1455887258052826
364.0,-0.2017454355955124,-0.620578944683075,1.2534626722335815,-1.1654002666473389,-1.7452131509780884,-0.10190966725349426,1.2485878467559814,-0.07754054665565491,0.09216032922267914,0.6123724579811096,-0.6123723983764648,-0.3535533845424652,0.3535533845424652
365.0,-0.20766817033290863,-0.6159158945083618,1.2532166242599487,-1.1703550815582275,-1.7503150701522827,-0.10496573150157928,1.248587727546692,-0.08582750707864761,0.08633728325366974,0.6123724579811096,-0.6123723983764648,-0.3535534143447876,0.3535534143447876
366.0,-0.21424554288387299,-0.6101669669151306,1.2528163194656372,-1.1763204336166382,-1.7559788227081299,-0.10836628079414368,1.2485878467559814,-0.0950462743639946,0.07920785248279572,0.6123724579811096,-0.6123723983764648,-0.3535533845424652,0.3535533845424652
367.0,-0.2065720409154892,-0.6071798801422119,1.2545710802078247,-1.180344820022583,-1.7493709325790405,-0.10439973324537277,1.2485878467559814,-0.08429282903671265,0.07427613437175751,0.6123724579811096,-0.6123723983764648,-0.3535533845424652,0.3535533845424652
368.0,-0.19947297871112823,-0.6130848526954651,1.2549281120300293,-1.1741575002670288,-1.7432552576065063,-0.1007385402917862,1.248587727546692,-0.07436442375183105,0.08162759244441986,0.6123724579811096,-0.6123723983764648,-0.3535534143447876,0.3535534143447876
369.0,-0.19167622923851013,-0.6057857275009155,1.2568707466125488,-1.1827242374420166,-1.7365360260009766,-0.09672653675079346,1.2485878467559814,-0.06348111480474472,0.07103833556175232,0.6123724579811096,-0.6123723983764648,-0.3535533845424652,0.3535533845424652
370.0,-0.1842266023159027,-0.6045589447021484,1.2578115463256836,-1.1842727661132812,-1.7301133871078491,-0.0929015502333641,1.2485878467559814,-0.05310148373246193,0.0688633918762207,0.6123724579811096,-0.6123723983764648,-0.3535533845424652,0.3535533845424652
371.0,-0.17869631946086884,-0.5982627868652344,1.2399590015411377,-1.1722735166549683,-1.7253440618515015,-0.09006717056035995,1.256820797920227,-0.046894513070583344,0.07106932997703552,0.6123724579811096,-0.6123723983764648,-0.3535533845424652,0.3535533845424652
372.0,-0.34211915731430054,-0.6857165694236755,1.43156898021698,-1.368957281112671,-1.029052734375,0.3548511266708374,1.2132707834243774,-0.13425177335739136,0.08113507926464081,-0.25216710567474365,0.8284997344017029,0.47833451628685,-0.1455887258052826
373.0,-0.1925274282693863,-0.6156575083732605,1.2555065155029297,-1.1715604066848755,-1.7372697591781616,-0.0971640795469284,1.248587727546692,-0.06466827541589737,0.08455587923526764,0.6123724579811096,-0.6123723983764648,-0.3535534143447876,0.3535534143447876
374.0,-0.17951297760009766,-0.6129466891288757,1.257232904434204,-1.1749279499053955,-1.726048469543457,-0.09048546105623245,1.2485878467559814,-0.046543046832084656,0.079970583319664,0.6123724579811096,-0.6123723983764648,-0.3535533845424652,0.3535533845424652
375.0,-0.168073832988739,-0.6191883683204651,1.2570933103561401,-1.1676703691482544,-1.7161798477172852,-0.08463461697101593,1.248587727546692,-0.030653994530439377,0.08801789581775665,0.6123724579811096,-0.6123723983764648,-0.3535534143447876,0.3535534143447876
376.0,-0.17886438965797424,-0.6214450597763062,1.2560349702835083,-1.1651803255081177,-1.7254890203475952,-0.09015323221683502,1.248587727546692,-0.045641131699085236,0.0916101485490799,0.6123724579811096,-0.6123723983764648,-0.3535534143447876,0.3535534143447876
377.0,-0.15865221619606018,-0.6206362247467041,1.2571853399276733,-1.1656376123428345,-1.7080481052398682,-0.07982843369245529,1.248587727546692,-0.01759372651576996,0.0897732824087143,0.6123724579811096,-0.6123723983764648,-0.3535534143447876,0.3535534143447876
378.0,-0.16503818333148956,-0.6279383301734924,1.255757212638855,-1.1573618650436401,-1.7135601043701172,-0.083084836602211,1.248587727546692,-0.026443496346473694,0.10004924237728119,0.6123724579811096,-0.6123723983764648,-0.3535534143447876,0.3535534143447876
379.0,-0.17477448284626007,-0.6309812068939209,1.2546483278274536,-1.1539387702941895,-1.7219611406326294,-0.08805970847606659,1.2485878467559814,-0.0399567112326622,0.10468031466007233,0.6123724579811096,-0.6123723983764648,-0.3535533845424652,0.3535533845424652
380.0,-0.21672257781028748,-0.8932647109031677,1.8274729251861572,-2.505004644393921,-1.5707963705062866,1.3540737628936768,1.1495640277862549,-0.04729718714952469,0.1676350086927414,0.0,1.0,0.0,0.0
381.0,-0.20235095918178558,-0.8932211399078369,1.827375054359436,-2.5049502849578857,-1.5707963705062866,1.3684453964233398,1.1501847505569458,-0.030784042552113533,0.1676350086927414,0.0,1.0,0.0,0.0
382.0,-0.18893766403198242,-0.8924893140792847,1.8257304430007935,-2.504037380218506,-1.5707963705062866,1.3818587064743042,1.151502013206482,-0.015546674840152264,0.1676350086927414,0.0,1.0,0.0,0.0
383.0,-0.1534775346517563,-0.629063606262207,1.2557936906814575,-1.1554638147354126,-1.7035804986953735,-0.07719334214925766,1.248587727546692,-0.010429778136312962,0.10141120851039886,0.6123724579811096,-0.6123723983764648,-0.3535534143447876,0.3535534143447876
384.0,-0.1991652399301529,-0.9039346575737,1.851485252380371,-2.5183467864990234,-1.5707963705062866,1.3716310262680054,1.1354615688323975,-0.024129368364810944,0.1676350086927414,0.0,1.0,0.0,0.0
385.0,-0.18908922374248505,-0.90589839220047,1.8559118509292603,-2.5208096504211426,-1.5707963705062866,1.3817070722579956,1.1329071521759033,-0.01216304861009121,0.1676350086927414,0.0,1.0,0.0,0.0
386.0,-0.1786356270313263,-0.90782231092453,1.8602508306503296,-2.5232248306274414,-1.5707963705062866,1.3921606540679932,1.130277156829834,0.00016701362619642168,0.1676350086927414,0.0,1.0,0.0,0.0
387.0,-0.17911313474178314,-0.8970776200294495,1.8360462188720703,-2.5097649097442627,-1.5707963705062866,1.3916832208633423,1.1452561616897583,-0.0030847047455608845,0.1676350086927414,0.0,1.0,0.0,0.0
388.0,-0.1681557595729828,-0.899503231048584,1.841504454612732,-2.5127975940704346,-1.5707963705062866,1.4026405811309814,1.1418485641479492,0.01003674603998661,0.1676350086927414,0.0,1.0,0.0,0.0
389.0,-0.16258102655410767,-0.8917738795280457,1.8241229057312012,-2.503145456314087,-1.5707963705062866,1.4082152843475342,1.1525007486343384,0.014642715454101562,0.1676350086927414,0.0,1.0,0.0,0.0
390.0,-0.15486252307891846,-0.8972137570381165,1.8363524675369263,-2.509935140609741,-1.5707963705062866,1.4159338474273682,1.144804835319519,0.024716217070817947,0.1676350086927414,0.0,1.0,0.0,0.0
391.0,-0.12006702274084091,-0.6350433230400085,1.2529529333114624,-1.14464271068573,-1.6747146844863892,-0.060250651091337204,1.248587727546692,0.035696957260370255,0.11063189804553986,0.6123724579811096,-0.6123723983764648,-0.3535534143447876,0.3535534143447876
392.0,-0.13086439669132233,-0.8904367685317993,1.8211195468902588,-2.501479148864746,-1.5707963705062866,1.439931869506836,1.1533117294311523,0.050938528031110764,0.1676350086927414,0.0,1.0,0.0,0.0
393.0,-0.1120053380727768,-0.8926739692687988,1.8261452913284302,-2.504267692565918,-1.5707963705062866,1.4587910175323486,1.149033784866333,0.07302860170602798,0.1676350086927414,0.0,1.0,0.0,0.0
394.0,-0.08769849687814713,-0.6276307702064514,1.2495156526565552,-1.1471524238586426,-1.6467211246490479,-0.043933723121881485,1.248587727546692,0.0802454799413681,0.1029990166425705,0.6123724579811096,-0.6123723983764648,-0.3535534143447876,0.3535534143447876
395.0,-0.10000967234373093,-0.6324341297149658,1.2508180141448975,-1.14415442943573,-1.6573710441589355,-0.05013018473982811,1.248587727546692,0.06331174820661545,0.10846082866191864,0.6123724579811096,-0.6123723983764648,-0.3535534143447876,0.3535534143447876
396.0,-0.10601375252008438,-0.6273281574249268,1.2527480125427246,-1.151459813117981,-1.6625638008117676,-0.05315622687339783,1.248587727546692,0.055049534887075424,0.10075853765010834,0.6123724579811096,-0.6123723983764648,-0.3535534143447876,0.3535534143447876
397.0,-0.12006689608097076,-0.6245026588439941,1.2549775838851929,-1.15720796585083,-1.6747145652770996,-0.06025058776140213,1.248587727546692,0.03569713234901428,0.09585924446582794,0.6123724579811096,-0.6123723983764648,-0.3535534143447876,0.3535534143447876
398.0,-0.12950485944747925,-0.6294335126876831,1.2548977136611938,-1.1527118682861328,-1.6828720569610596,-0.06502506881952286,1.248587727546692,0.02268628403544426,0.10229717195034027,0.6123724579811096,-0.6123723983764648,-0.3535534143447876,0.3535534143447876
399.0,-0.14284735918045044,-0.6329150795936584,1.2549020051956177,-1.1500300168991089,-1.6943999528884888,-0.07178991287946701,1.2485878467559814,0.004268448334187269,0.10684068500995636,0.6123724579811096,-0.6123723983764648,-0.3535533845424652,0.3535533845424652
400.0,-0.17502787709236145,-0.8746441602706909,1.8278172016143799,-2.5239694118499756,-1.5707963705062866,1.395768404006958,1.1517390012741089,0.0004481016949284822,0.14934800565242767,0.0,1.0,0.0,0.0
401.0,-0.16416209936141968,-0.8730007410049438,1.8240221738815308,-2.521817684173584,-1.5707963705062866,1.4066342115402222,1.153997778892517,0.012576121836900711,0.14934800565242767,0.0,1.0,0.0,0.0
402.0,-2.9867138862609863,-2.5322155952453613,-1.2396392822265625,-1.982501745223999,1.7047902345657349,0.0779065489768982,1.256820797920227,0.013654418289661407,0.08551795780658722,0.6123724579811096,-0.6123723983764648,-0.3535534143447876,0.3535534143447876
403.0,-2.9781785011291504,-2.522285223007202,-1.2572659254074097,-1.9742084741592407,1.7121583223342896,0.08225617557764053,1.2485878467559814,0.02419178932905197,0.08804284036159515,0.6123724579811096,-0.6123723983764648,-0.3535533845424652,0.3535533845424652
404.0,-2.961512565612793,-2.520639657974243,-1.2560118436813354,-1.9758471250534058,1.7265375852584839,0.09077594429254532,1.248587727546692,0.04733169451355934,0.09099780023097992,0.6123724579811096,-0.6123723983764648,-0.3535534143447876,0.3535534143447876
405.0,-2.9681613445281982,-2.5278797149658203,-1.25757896900177,-1.9675582647323608,1.7208024263381958,0.08737269043922424,1.248587727546692,0.03809106722474098,0.08071739971637726,0.6123724579811096,-0.6123723983764648,-0.3535534143447876,0.3535534143447876
406.0,-2.986325979232788,-2.530524969100952,-1.2585818767547607,-1.9652233123779297,1.705125093460083,0.07810404151678085,1.2485878467559814,0.012905914336442947,0.07662267982959747,0.6123724579811096,-0.6123723983764648,-0.3535533845424652,0.3535533845424652
407.0,-2.995237112045288,-2.533625602722168,-1.2589081525802612,-1.9623860120773315,1.6974302530288696,0.07357179373502731,1.2485878467559814,0.0005797999911010265,0.07239456474781036,0.6123724579811096,-0.6123723983764648,-0.3535533845424652,0.3535533845424652
408.0,-2.9938433170318604,-2.5262246131896973,-1.2579898834228516,-1.970615267753601,1.6986340284347534,0.07428011298179626,1.2485878467559814,0.0025066728703677654,0.08246253430843353,0.6123724579811096,-0.6123723983764648,-0.3535533845424652,0.3535533845424652
409.0,-3.0021259784698486,-2.527876377105713,-1.2579902410507202,-1.9694846868515015,1.6914796829223633,0.07007412612438202,1.248587727546692,-0.008937995880842209,0.08029432594776154,0.6123724579811096,-0.6123723983764648,-0.3535534143447876,0.3535534143447876
410.0,-3.0122013092041016,-2.5315017700195312,-1.2579026222229004,-1.9665396213531494,1.6827739477157593,0.06496753543615341,1.248587727546692,-0.022843003273010254,0.07563020288944244,0.6123724579811096,-0.6123723983764648,-0.3535534143447876,0.3535534143447876
411.0,-3.020479202270508,-2.531931161880493,-1.2572717666625977,-1.9671940803527832,1.67561936378479,0.06077965721487999,1.2485878467559814,-0.03425488993525505,0.07540766894817352,0.6123724579811096,-0.6123723983764648,-0.3535533845424652,0.3535533845424652
412.0,-3.013192892074585,-2.5431418418884277,-1.2590481042861938,-1.9538097381591797,1.6819169521331787,0.06446555256843567,1.2485878467559814,-0.024210527539253235,0.059975650161504745,0.6123724579811096,-0.6123723983764648,-0.3535533845424652,0.3535533845424652
413.0,-3.0063836574554443,-2.5386714935302734,-1.2590551376342773,-1.9578804969787598,1.6878011226654053,0.06791488826274872,1.2485878467559814,-0.014816192910075188,0.06575864553451538,0.6123724579811096,-0.6123723983764648,-0.3535533845424652,0.3535533845424652
414.0,-2.9919769763946533,-2.546618700027466,-1.2414432764053345,-1.9666461944580078,1.7002456188201904,0.07522881776094437,1.256820797920227,0.006328267510980368,0.0657738447189331,0.6123724579811096,-0.6123723983764648,-0.3535533845424652,0.3535533845424652
415.0,-3.1324462890625,-2.4656670093536377,-1.496848225593567,-1.5105637311935425,2.3797385692596436,0.6500139832496643,1.2118418216705322,-0.07827449589967728,0.055364977568387985,-0.25216710567474365,0.8284997344017029,0.47833451628685,-0.1455887258052826
416.0,-3.003509283065796,-2.5486860275268555,-1.2600305080413818,-1.9467189311981201,1.6902846097946167,0.06937241554260254,1.2485878467559814,-0.01084810309112072,0.052319373935461044,0.6123724579811096,-0.6123723983764648,-0.3535533845424652,0.3535533845424652
417.0,-3.0168190002441406,-2.5504820346832275,-1.25931978225708,-1.9463984966278076,1.6787830591201782,0.06263060867786407,1.2485878467559814,-0.029210131615400314,0.050352033227682114,0.6123724579811096,-0.6123723983764648,-0.3535533845424652,0.3535533845424652
418.0,-3.025157928466797,-2.564776659011841,-1.2591615915298462,-1.9327014684677124,1.671574592590332,0.058415357023477554,1.2485878467559814,-0.04070108011364937,0.03199676796793938,0.6123724579811096,-0.6123723983764648,-0.3535533845424652,0.3535533845424652
419.0,-2.871628522872925,-2.4769446849823,-1.4678019285202026,-1.687770962715149,0.9710292220115662,-0.4058384895324707,1.2137998342514038,0.03696077689528465,0.03972826525568962,0.8284997344017029,-0.25216710567474365,-0.1455887258052826,0.47833451628685
420.0,-2.869988203048706,-2.4638237953186035,-1.4713633060455322,-1.69800865650177,0.9723346829414368,-0.4046359062194824,1.2115026712417603,0.03850201144814491,0.05338085815310478,0.8284997344017029,-0.25216710567474365,-0.1455887258052826,0.47833451628685
421.0,-3.028008460998535,-2.5419063568115234,-1.2575457096099854,-1.957330584526062,1.6691100597381592,0.05697590112686157,1.2485878467559814,-0.04462701454758644,0.06236959621310234,0.6123724579811096,-0.6123723983764648,-0.3535533845424652,0.3535533845424652
422.0,-3.034874200820923,-2.547010898590088,-1.2571128606796265,-1.952988624572754,1.6631731986999512,0.0535116046667099,1.2485878467559814,-0.054079554975032806,0.05601559206843376,0.6123724579811096,-0.6123723983764648,-0.3535533845424652,0.3535533845424652
423.0,-3.0388238430023193,-2.5549187660217285,-1.2570756673812866,-1.9452983140945435,1.6597574949264526,0.05152048170566559,1.2485878467559814,-0.05951517075300217,0.04583130404353142,0.6123724579811096,-0.6123723983764648,-0.3535533845424652,0.3535533845424652
424.0,-3.0452468395233154,-2.546962022781372,-1.255542516708374,-1.9550666809082031,1.6542019844055176,0.04828498885035515,1.2485878467559814,-0.06835217773914337,0.05694466456770897,0.6123724579811096,-0.6123723983764648,-0.3535533845424652,0.3535533845424652
425.0,-3.055788516998291,-2.5449142456054688,-1.2534472942352295,-1.959627628326416,1.6450819969177246,0.04298118129372597,1.2485878467559814,-0.08285047858953476,0.060759808868169785,0.6123724579811096,-0.6123723983764648,-0.3535533845424652,0.3535533845424652
426.0,-3.0629491806030273,-2.551255702972412,-1.2524619102478027,-1.954527497291565,1.6388859748840332,0.03938261419534683,1.2485878467559814,-0.09269635379314423,0.053123172372579575,0.6123724579811096,-0.6123723983764648,-0.3535533845424652,0.3535533845424652
427.0,-2.9177823066711426,-2.454458236694336,-1.495330810546875,-1.6625893115997314,0.9345846176147461,-0.4405893087387085,1.2073153257369995,-0.02535054460167885,0.05427367612719536,0.8284997344017029,-0.25216710567474365,-0.1455887258052826,0.47833451628685
428.0,-3.0790772438049316,-2.558764934539795,-1.2305048704147339,-1.9694695472717285,1.6249274015426636,0.03128824755549431,1.256820797920227,-0.11435562372207642,0.05604269728064537,0.6123724579811096,-0.6123723983764648,-0.3535533845424652,0.3535533845424652
429.0,-3.0789573192596436,-2.5587332248687744,-1.249071717262268,-1.9509310722351074,1.6250311136245728,0.031348373740911484,1.2485878467559814,-0.1147061213850975,0.045370470732450485,0.6123724579811096,-0.6123723983764648,-0.3535533845424652,0.3535533845424652
430.0,-3.0768649578094482,-2.5729150772094727,-1.231889247894287,-1.9538739919662476,1.6268424987792969,0.032397836446762085,1.256820797920227,-0.11129523068666458,0.036842431873083115,0.6123724579811096,-0.6123723983764648,-0.3535533845424652,0.3535533845424652
431.0,-3.0675859451293945,-2.560776948928833,-1.2519707679748535,-1.9456511735916138,1.6348732709884644,0.03705406188964844,1.2485878467559814,-0.09907140582799911,0.041099663823843,0.6123724579811096,-0.6123723983764648,-0.3535533845424652,0.3535533845424652
432.0,-3.0653629302978516,-2.5689992904663086,-1.252727746963501,-1.9365991353988647,1.6367971897125244,0.038170333951711655,1.2485878467559814,-0.09601490944623947,0.03005829080939293,0.6123724579811096,-0.6123723983764648,-0.3535533845424652,0.3535533845424652
433.0,-3.055419683456421,-2.56897234916687,-1.2547715902328491,-1.9342314004898071,1.6454012393951416,0.043166644871234894,1.2485878467559814,-0.08234324306249619,0.028964173048734665,0.6123724579811096,-0.6123723983764648,-0.3535533845424652,0.3535533845424652
434.0,-3.0538690090179443,-2.559461832046509,-1.2547794580459595,-1.9436752796173096,1.646742820739746,0.04394640401005745,1.2485878467559814,-0.08021081984043121,0.041233520954847336,0.6123724579811096,-0.6123723983764648,-0.3535533845424652,0.3535533845424652
435.0,-3.047089099884033,-2.5631494522094727,-1.2561287879943848,-1.9383695125579834,1.6526081562042236,0.0473574660718441,1.2485878467559814,-0.0708865225315094,0.0357314758002758,0.6123724579811096,-0.6123723983764648,-0.3535533845424652,0.3535533845424652
436.0,-3.0336201190948486,-2.575620651245117,-1.2582712173461914,-1.9231621026992798,1.6642576456069946,0.05414403975009918,1.2485878467559814,-0.05235346779227257,0.018494751304388046,0.6123724579811096,-0.6123723983764648,-0.3535533845424652,0.3535533845424652
437.0,-3.0427842140197754,-2.5765128135681152,-1.2569807767868042,-1.9239732027053833,1.6563321352005005,0.04952513426542282,1.2485878467559814,-0.06496436148881912,0.018035810440778732,0.6123724579811096,-0.6123723983764648,-0.3535533845424652,0.3535533845424652
438.0,-3.055824041366577,-2.5817761421203613,-1.2546783685684204,-1.9215359687805176,1.64505136013031,0.04296336695551872,1.2485878467559814,-0.08289919793605804,0.01249645370990038,0.6123724579811096,-0.6123723983764648,-0.3535533845424652,0.3535533845424652
439.0,-3.0595102310180664,-2.5899486541748047,-1.25372314453125,-1.914453148841858,1.6418617963790894,0.04111042618751526,1.2485878467559814,-0.08796802163124084,0.002473321510478854,0.6123724579811096,-0.6123723983764648,-0.3535533845424652,0.3535533845424652
440.0,-3.0473263263702393,-2.5883774757385254,-1.2559893131256104,-1.9132907390594482,1.6524029970169067,0.0472380667924881,1.2485878467559814,-0.07121279090642929,0.0032770901452749968,0.6123724579811096,-0.6123723983764648,-0.3535533845424652,0.3535533845424652
441.0,-3.031344175338745,-2.5869812965393066,-1.258303165435791,-1.911661148071289,1.6662259101867676,0.05529229715466499,1.2485878467559814,-0.049220066517591476,0.0038474618922919035,0.6123724579811096,-0.6123723983764648,-0.3535533845424652,0.3535533845424652
442.0,-3.0298779010772705,-2.5896987915039062,-1.2406651973724365,-1.9265105724334717,1.6674935817718506,0.05603218451142311,1.256820797920227,-0.04627782106399536,0.010202151723206043,0.6123724579811096,-0.6123723983764648,-0.3535533845424652,0.3535533845424652
443.0,-3.021864414215088,-2.584434747695923,-1.2593947649002075,-1.9126404523849487,1.6744219064712524,0.06007948890328407,1.2485878467559814,-0.036163609474897385,0.006559235043823719,0.6123724579811096,-0.6123723983764648,-0.3535533845424652,0.3535533845424652
444.0,-3.0172030925750732,-2.5761847496032715,-1.2599693536758423,-1.9200671911239624,1.6784510612487793,0.0624363087117672,1.2485878467559814,-0.02973962388932705,0.016882892698049545,0.6123724579811096,-0.6123723983764648,-0.3535533845424652,0.3535533845424652
445.0,-3.010735273361206,-2.5800845623016357,-1.2603681087493896,-1.9154078960418701,1.6840410232543945,0.06571004539728165,1.2485878467559814,-0.020820537582039833,0.011667531915009022,0.6123724579811096,-0.6123723983764648,-0.3535533845424652,0.3535533845424652
446.0,-3.013157844543457,-2.5880444049835205,-1.2599605321884155,-1.9079930782318115,1.6819473505020142,0.06448334455490112,1.2485878467559814,-0.024162016808986664,0.0016344755422323942,0.6123724579811096,-0.6123723983764648,-0.3535533845424652,0.3535533845424652
447.0,-3.0170843601226807,-2.596712827682495,-1.2592138051986694,-1.900288462638855,1.678553581237793,0.06249630078673363,1.2485878467559814,-0.02957610972225666,-0.009132388047873974,0.6123724579811096,-0.6123723983764648,-0.3535533845424652,0.3535533845424652
448.0,-3.0086495876312256,-2.599736213684082,-1.2595665454864502,-1.8964375257492065,1.6858432292938232,0.06676654517650604,1.2485878467559814,-0.017943140119314194,-0.01318125706166029,0.6123724579811096,-0.6123723983764648,-0.3535533845424652,0.3535533845424652
449.0,-3.0225560665130615,-2.604001045227051,-1.2582138776779175,-1.8942909240722656,1.6738240718841553,0.05972994491457939,1.2485878467559814,-0.03711657598614693,-0.017993096262216568,0.6123724579811096,-0.6123723983764648,-0.3535533845424652,0.3535533845424652
450.0,-3.0342414379119873,-2.602288007736206,-1.2570775747299194,-1.8977173566818237,1.6637204885482788,0.05383073911070824,1.2485878467559814,-0.053208522498607635,-0.015209379605948925,0.6123724579811096,-0.6123723983764648,-0.3535533845424652,0.3535533845424652
451.0,-3.030141592025757,-2.608583688735962,-1.2396999597549438,-1.9086039066314697,1.6672656536102295,0.05589915066957474,1.256820797920227,-0.04664294049143791,-0.013746696524322033,0.6123724579811096,-0.6123723983764648,-0.3535533845424652,0.3535533845424652
452.0,-3.0265378952026367,-2.5944344997406006,-1.2584881782531738,-1.9037866592407227,1.6703815460205078,0.057718437165021896,1.2485878467559814,-0.04260172322392464,-0.005837860517203808,0.6123724579811096,-0.6123723983764648,-0.3535533845424652,0.3535533845424652
453.0,-3.03865647315979,-2.5925800800323486,-1.2571134567260742,-1.9075919389724731,1.6599022150039673,0.05160479247570038,1.2485878467559814,-0.05928494408726692,-0.0027344555128365755,0.6123724579811096,-0.6123723983764648,-0.3535533845424652,0.3535533845424652
454.0,-3.0512664318084717,-2.5981695652008057,-1.254827618598938,-1.9048187732696533,1.6489943265914917,0.04525536671280861,1.2485878467559814,-0.07663194835186005,-0.00872011762112379,0.6123724579811096,-0.6123723983764648,-0.3535533845424652,0.3535533845424652
455.0,-3.059901475906372,-2.59804630279541,-1.253235936164856,-1.9068567752838135,1.6415233612060547,0.0409138947725296,1.2485878467559814,-0.08850576728582382,-0.007707553915679455,0.6123724579811096,-0.6123723983764648,-0.3535533845424652,0.3535533845424652
456.0,-3.056184768676758,-2.6060638427734375,-1.2533717155456543,-1.8985683917999268,1.6447391510009766,0.04278191551566124,1.2485878467559814,-0.08339547365903854,-0.018117312341928482,0.6123724579811096,-0.6123723983764648,-0.3535533845424652,0.3535533845424652
457.0,-3.0450329780578613,-2.6046807765960693,-1.2553799152374268,-1.8975017070770264,1.6543868780136108,0.04839262366294861,1.2485878467559814,-0.06805811077356339,-0.017400074750185013,0.6123724579811096,-0.6123723983764648,-0.3535533845424652,0.3535533845424652
458.0,-3.0527334213256836,-2.6148757934570312,-1.2531675100326538,-1.8898298740386963,1.6477253437042236,0.04451752081513405,1.2485878467559814,-0.07864918559789658,-0.029363024979829788,0.6123724579811096,-0.6123723983764648,-0.3535533845424652,0.3535533845424652
459.0,-3.042663335800171,-2.6135034561157227,-1.2549257278442383,-1.8890323638916016,1.656436562538147,0.0495859831571579,1.2485878467559814,-0.06479815393686295,-0.02851809933781624,0.6123724579811096,-0.6123723983764648,-0.3535533845424652,0.3535533845424652
460.0,-3.031815528869629,-2.61501145362854,-1.2561960220336914,-1.88576078414917,1.6658180952072144,0.05505438894033432,1.2485878467559814,-0.049869220703840256,-0.03111303225159645,0.6123724579811096,-0.6123723983764648,-0.3535533845424652,0.3535533845424652
461.0,-3.0282583236694336,-2.629619598388672,-1.2377840280532837,-1.889391303062439,1.6688939332962036,0.05684966966509819,1.256820797920227,-0.044034238904714584,-0.03996172919869423,0.6123724579811096,-0.6123723983764648,-0.3535533845424652,0.3535533845424652
462.0,-3.0346202850341797,-2.6491355895996094,-1.234141230583191,-1.8738240003585815,1.6633927822113037,0.053639642894268036,1.256820797920227,-0.05284598469734192,-0.06332153081893921,0.6123724579811096,-0.6123723983764648,-0.3535533845424652,0.3535533845424652
463.0,-3.022578716278076,-2.6405532360076904,-1.2536028623580933,-1.8623510599136353,1.6738044023513794,0.059718456119298935,1.2485878467559814,-0.03714790195226669,-0.06258632987737656,0.6123724579811096,-0.6123723983764648,-0.3535533845424652,0.3535533845424652
464.0,-3.0282373428344727,-2.6541309356689453,-1.2339671850204468,-1.8686959743499756,1.6689121723175049,0.05686035752296448,1.256820797920227,-0.044004909694194794,-0.0696810856461525,0.6123724579811096,-0.6123723983764648,-0.3535533845424652,0.3535533845424652
465.0,-3.0289952754974365,-2.6518359184265137,-1.250934362411499,-1.8540611267089844,1.6682567596435547,0.05647766590118408,1.2485878467559814,-0.0459861159324646,-0.07573217898607254,0.6123724579811096,-0.6123723983764648,-0.3535533845424652,0.3535533845424652
466.0,-3.01247501373291,-2.6553783416748047,-1.2516154050827026,-1.8489656448364258,1.682537317276001,0.06482896208763123,1.2485878467559814,-0.023220514878630638,-0.08058327436447144,0.6123724579811096,-0.6123723983764648,-0.3535533845424652,0.3535533845424652
467.0,-3.006967306137085,-2.6484508514404297,-1.2532655000686646,-1.8539252281188965,1.687296748161316,0.06761901080608368,1.2485878467559814,-0.015621818602085114,-0.07250797003507614,0.6123724579811096,-0.6123723983764648,-0.3535533845424652,0.3535533845424652
468.0,-3.01532244682312,-2.6460652351379395,-1.2532153129577637,-1.8568379878997803,1.6800764799118042,0.06338775902986526,1.2485878467559814,-0.0271469559520483,-0.06944788247346878,0.6123724579811096,-0.6123723983764648,-0.3535533845424652,0.3535533845424652
469.0,-3.005510091781616,-2.6388893127441406,-1.255021333694458,-1.8616447448730469,1.6885558366775513,0.06835777312517166,1.2485878467559814,-0.013610363006591797,-0.06112203374505043,0.6123724579811096,-0.6123723983764648,-0.3535533845424652,0.3535533845424652
470.0,-3.01586651802063,-2.636017322540283,-1.254887580871582,-1.8652435541152954,1.679606318473816,0.06311250478029251,1.2485878467559814,-0.027896951884031296,-0.05740043893456459,0.6123724579811096,-0.6123723983764648,-0.3535533845424652,0.3535533845424652
471.0,-3.0070018768310547,-2.6295433044433594,-1.2564035654067993,-1.869696855545044,1.6872668266296387,0.06760150194168091,1.2485878467559814,-0.015669507905840874,-0.049835193902254105,0.6123724579811096,-0.6123723983764648,-0.3535533845424652,0.3535533845424652
472.0,-3.01462459564209,-2.626997709274292,-1.2563152313232422,-1.8727668523788452,1.6806796789169312,0.06374093145132065,1.2485878467559814,-0.0261846911162138,-0.046545106917619705,0.6123724579811096,-0.6123723983764648,-0.3535533845424652,0.3535533845424652
473.0,-3.0050060749053955,-2.621338129043579,-1.2576028108596802,-1.876584529876709,1.6889913082122803,0.06861328333616257,1.2485878467559814,-0.012914715334773064,-0.03990696743130684,0.6123724579811096,-0.6123723983764648,-0.3535533845424652,0.3535533845424652
474.0,-3.0122182369232178,-2.617985486984253,-1.2576247453689575,-1.880334734916687,1.6827592849731445,0.06495900452136993,1.2485878467559814,-0.022866254672408104,-0.035636235028505325,0.6123724579811096,-0.6123723983764648,-0.3535533845424652,0.3535533845424652
475.0,-3.011584997177124,-2.6090786457061768,-1.2586110830307007,-1.8882192373275757,1.6833066940307617,0.06527972966432571,1.2485878467559814,-0.021992631256580353,-0.024700719863176346,0.6123724579811096,-0.6123723983764648,-0.3535533845424652,0.3535533845424652
476.0,-3.0034101009368896,-2.6095759868621826,-1.258978247642517,-1.886875033378601,1.6903702020645142,0.06942268460988998,1.2485878467559814,-0.010711275041103363,-0.025502625852823257,0.6123724579811096,-0.6123723983764648,-0.3535533845424652,0.3535533845424652
477.0,-2.989792585372925,-2.6140291690826416,-1.2588032484054565,-1.881731390953064,1.702131986618042,0.07633982598781586,1.2485878467559814,0.00810878723859787,-0.03107042983174324,0.6123724579811096,-0.6123723983764648,-0.3535533845424652,0.3535533845424652
478.0,-2.990849733352661,-2.6044225692749023,-1.259726643562317,-1.8904845714569092,1.701219081878662,0.07580205053091049,1.2485878467559814,0.006646258290857077,-0.01921326294541359,0.6123724579811096,-0.6123723983764648,-0.3535533845424652,0.3535533845424652
479.0,-2.982870101928711,-2.6023004055023193,-1.2598514556884766,-1.8919398784637451,1.7081087827682495,0.07986431568861008,1.2485878467559814,0.017691224813461304,-0.016506154090166092,0.6123724579811096,-0.6123723983764648,-0.3535533845424652,0.3535533845424652
480.0,-2.972050905227661,-2.6031525135040283,-1.2594319581985474,-1.8907262086868286,1.7174464464187622,0.08538441359996796,1.2485878467559814,0.03269077092409134,-0.01731056347489357,0.6123724579811096,-0.6123723983764648,-0.3535533845424652,0.3535533845424652
481.0,-2.9633665084838867,-2.603388786315918,-1.2588931322097778,-1.890363097190857,1.7249385118484497,0.08982641249895096,1.2485878467559814,0.0447537936270237,-0.01726626232266426,0.6123724579811096,-0.6123723983764648,-0.3535533845424652,0.3535533845424652
482.0,-2.968158483505249,-2.617983102798462,-1.2577550411224365,-1.8772785663604736,1.7208049297332764,0.08737415075302124,1.2485878467559814,0.03809501603245735,-0.03546817973256111,0.6123724579811096,-0.6123723983764648,-0.3535533845424652,0.3535533845424652
483.0,-2.9762496948242188,-2.6187336444854736,-1.258042335510254,-1.8768441677093506,1.7138231992721558,0.08324041962623596,1.2485878467559814,0.02686617523431778,-0.036638472229242325,0.6123724579811096,-0.6123723983764648,-0.3535533845424652,0.3535533845424652
484.0,-2.984952211380005,-2.622147560119629,-1.25782310962677,-1.874265432357788,1.7063112258911133,0.07880356907844543,1.2485878467559814,0.014807719737291336,-0.04096420481801033,0.6123724579811096,-0.6123723983764648,-0.3535533845424652,0.3535533845424652
485.0,-2.992234468460083,-2.631361484527588,-1.239572525024414,-1.8837910890579224,1.7000234127044678,0.0750979483127594,1.256820797920227,0.005970159079879522,-0.0430263914167881,0.6123724579811096,-0.6123723983764648,-0.3535533845424652,0.3535533845424652
486.0,-2.986856698989868,-2.643691062927246,-1.2377454042434692,-1.8729299306869507,1.7046669721603394,0.0778338760137558,1.256820797920227,0.01345561072230339,-0.057983096688985825,0.6123724579811096,-0.6123723983764648,-0.3535533845424652,0.3535533845424652
487.0,-2.971959352493286,-2.6356141567230225,-1.2555198669433594,-1.8621697425842285,1.717525601387024,0.08543127030134201,1.2485878467559814,0.03281806781888008,-0.0569903738796711,0.6123724579811096,-0.6123723983764648,-0.3535533845424652,0.3535533845424652
488.0,-2.964315414428711,-2.636547803878784,-1.254936933517456,-1.8612349033355713,1.724120020866394,0.08934050053358078,1.2485878467559814,0.04343448951840401,-0.05783430114388466,0.6123724579811096,-0.6123723983764648,-0.3535533845424652,0.3535533845424652
489.0,-2.955493927001953,-2.6344192028045654,-1.2545716762542725,-1.8630210161209106,1.7317276000976562,0.09386199712753296,1.2485878467559814,0.05570817366242409,-0.05484126880764961,0.6123724579811096,-0.6123723983764648,-0.3535533845424652,0.3535533845424652
490.0,-2.9504292011260986,-2.624566078186035,-1.2554798126220703,-1.8715437650680542,1.7360939979553223,0.09646298736333847,1.2485878467559814,0.06276606023311615,-0.04260258749127388,0.6123724579811096,-0.6123723983764648,-0.3535533845424652,0.3535533845424652
491.0,-2.958554983139038,-2.623660087585449,-1.2563726902008057,-1.8722286224365234,1.729088306427002,0.09229188412427902,1.2485878467559814,0.051446739584207535,-0.041971299797296524,0.6123724579811096,-0.6123723983764648,-0.3535533845424652,0.3535533845424652
492.0,-2.961286783218384,-2.6150033473968506,-1.2576298713684082,-1.8798472881317139,1.7267322540283203,0.09089167416095734,1.2485878467559814,0.047645825892686844,-0.031520579010248184,0.6123724579811096,-0.6123723983764648,-0.3535533845424652,0.3535533845424652
493.0,-2.941868543624878,-2.617884874343872,-1.2378562688827515,-1.895107626914978,1.7434717416763306,0.10086799412965775,1.256820797920227,0.07638202607631683,-0.024304945021867752,0.6123724579811096,-0.6123723983764648,-0.3535533845424652,0.3535533845424652
494.0,-2.942488670349121,-2.6163361072540283,-1.2555372714996338,-1.8790301084518433,1.7429373264312744,0.10054845362901688,1.2485878467559814,0.07384883612394333,-0.031974513083696365,0.6123724579811096,-0.6123723983764648,-0.3535533845424652,0.3535533845424652
495.0,-2.941018581390381,-2.629699945449829,-1.2364230155944824,-1.884650468826294,1.744204044342041,0.10130588710308075,1.256820797920227,0.07757695764303207,-0.03883909061551094,0.6123724579811096,-0.6123723983764648,-0.3535533845424652,0.3535533845424652
496.0,-2.934889554977417,-2.6240856647491455,-1.2535436153411865,-1.8725905418395996,1.7494838237762451,0.10446742177009583,1.2485878467559814,0.08447637408971786,-0.0408281572163105,0.6123724579811096,-0.6123723983764648,-0.3535533845424652,0.3535533845424652
497.0,-2.9246695041656494,-2.629681348800659,-1.2511076927185059,-1.8684684038162231,1.7582839727401733,0.10975270718336105,1.2485878467559814,0.0988042801618576,-0.04665278270840645,0.6123724579811096,-0.6123723983764648,-0.3535533845424652,0.3535533845424652
498.0,-2.942780017852783,-2.6294963359832764,-1.2539095878601074,-1.8675233125686646,1.7426862716674805,0.10039834678173065,1.2485878467559814,0.07344171404838562,-0.04805687442421913,0.6123724579811096,-0.6123723983764648,-0.3535533845424652,0.3535533845424652
499.0,-2.9403374195098877,-2.6419625282287598,-1.2346069812774658,-1.8741432428359985,1.7447909116744995,0.10165698081254959,1.256820797920227,0.07853498309850693,-0.053754907101392746,0.6123724579811096,-0.6123723983764648,-0.3535533845424652,0.3535533845424652
500.0,-2.93926739692688,-2.6408143043518066,-1.2516931295394897,-1.858109474182129,1.7457126379013062,0.10220856219530106,1.2485878467559814,0.07835112512111664,-0.061432015150785446,0.6123724579811096,-0.6123723983764648,-0.3535533845424652,0.3535533845424652
501.0,-2.942629098892212,-2.654104709625244,-1.2328639030456543,-1.8639472723007202,1.7428163290023804,0.10047614574432373,1.256820797920227,0.07531274855136871,-0.06858392804861069,0.6123724579811096,-0.6123723983764648,-0.3535533845424652,0.3535533845424652
502.0,-2.9435980319976807,-2.653376817703247,-1.2499676942825317,-1.8476566076278687,1.7419815063476562,0.09997715801000595,1.2485878467559814,0.07229930907487869,-0.07673869282007217,0.6123724579811096,-0.6123723983764648,-0.3535533845424652,0.3535533845424652
503.0,-2.956421375274658,-2.654224395751953,-1.2511476278305054,-1.8467161655426025,1.7309280633926392,0.09338618069887161,1.2485878467559814,0.05441683903336525,-0.07853978127241135,0.6123724579811096,-0.6123723983764648,-0.3535533845424652,0.3535533845424652
504.0,-2.965367317199707,-2.6551513671875,-1.2516365051269531,-1.8460136651992798,1.7232125997543335,0.08880206942558289,1.2485878467559814,0.041972532868385315,-0.08004820346832275,0.6123724579811096,-0.6123723983764648,-0.3535533845424652,0.3535533845424652
505.0,-2.9609456062316895,-2.6462550163269043,-1.2530351877212524,-1.8531631231307983,1.7270264625549316,0.09106643497943878,1.2485878467559814,0.048120249062776566,-0.0693025216460228,0.6123724579811096,-0.6123723983764648,-0.3535533845424652,0.3535533845424652
506.0,-2.969369888305664,-2.645470142364502,-1.2537198066711426,-1.8539189100265503,1.7197595834732056,0.08675463497638702,1.2485878467559814,0.03641249239444733,-0.06870701909065247,0.6123724579811096,-0.6123723983764648,-0.3535533845424652,0.3535533845424652
507.0,-2.977566957473755,-2.6419167518615723,-1.2546919584274292,-1.8571068048477173,1.71268630027771,0.0825682133436203,1.2485878467559814,0.02503972128033638,-0.06469663232564926,0.6123724579811096,-0.6123723983764648,-0.3535533845424652,0.3535533845424652
508.0,-2.9896292686462402,-2.6400601863861084,-1.2551870346069336,-1.8593056201934814,1.7022730112075806,0.07642288506031036,1.2485878467559814,0.008334646001458168,-0.06263699382543564,0.6123724579811096,-0.6123723983764648,-0.3535533845424652,0.3535533845424652
509.0,-2.997539520263672,-2.6462059020996094,-1.2540113925933838,-1.8548492193222046,1.695441484451294,0.07240214198827744,1.2485878467559814,-0.002602493856102228,-0.06996586173772812,0.6123724579811096,-0.6123723983764648,-0.3535533845424652,0.3535533845424652
510.0,-2.993238925933838,-2.6570587158203125,-1.235375165939331,-1.8623569011688232,1.6991559267044067,0.07458731532096863,1.256820797920227,0.004572785925120115,-0.07406669110059738,0.6123724579811096,-0.6123723983764648,-0.3535533845424652,0.3535533845424652
511.0,-2.9802677631378174,-2.651594638824463,-1.2529873847961426,-1.849326729774475,1.7103551626205444,0.08119068294763565,1.2485878467559814,0.021296270191669464,-0.07626923173666,0.6123724579811096,-0.6123723983764648,-0.3535533845424652,0.3535533845424652
512.0,-2.992117166519165,-2.6563549041748047,-1.252127766609192,-1.8462347984313965,1.7001245021820068,0.0751575157046318,1.2485878467559814,0.00489330617710948,-0.08200979977846146,0.6123724579811096,-0.6123723983764648,-0.3535533845424652,0.3535533845424652
513.0,-2.9877610206604004,-2.6651179790496826,-1.2337596416473389,-1.855549931526184,1.7038861513137817,0.07737357169389725,1.256820797920227,0.012196402996778488,-0.08362038433551788,0.6123724579811096,-0.6123723983764648,-0.3535533845424652,0.3535533845424652
514.0,-2.9811172485351562,-2.6629555225372314,-1.2506572008132935,-1.8403562307357788,1.7096219062805176,0.08075764775276184,1.2485878467559814,0.02011936530470848,-0.08967635780572891,0.6123724579811096,-0.6123723983764648,-0.3535533845424652,0.3535533845424652
515.0,-2.9722065925598145,-2.666830062866211,-1.2495012283325195,-1.8369910717010498,1.7173120975494385,0.08530490100383759,1.2485878467559814,0.03247480094432831,-0.0940093919634819,0.6123724579811096,-0.6123723983764648,-0.3535533845424652,0.3535533845424652
516.0,-2.986830949783325,-2.6758646965026855,-1.2313684225082397,-1.8471314907073975,1.7046891450881958,0.07784692198038101,1.256820797920227,0.013491302728652954,-0.09627707302570343,0.6123724579811096,-0.6123723983764648,-0.3535533845424652,0.3535533845424652
517.0,-3.00250244140625,-2.657815456390381,-1.2516003847122192,-1.8459583520889282,1.6911542415618896,0.0698830634355545,1.2485878467559814,-0.00945807434618473,-0.08366614580154419,0.6123724579811096,-0.6123723983764648,-0.3535533845424652,0.3535533845424652
518.0,-2.999168634414673,-2.668776750564575,-1.2492963075637817,-1.8370957374572754,1.694034218788147,0.07157493382692337,1.2485878467559814,-0.004853448364883661,-0.09655722230672836,0.6123724579811096,-0.6123723983764648,-0.3535533845424652,0.3535533845424652
519.0,-3.007111072540283,-2.6734471321105957,-1.2479021549224854,-1.8343009948730469,1.687172532081604,0.06754619628190994,1.2485878467559814,-0.015820078551769257,-0.10188467055559158,0.6123724579811096,-0.6123723983764648,-0.3535533845424652,0.3535533845424652
520.0,-2.9967687129974365,-2.68044376373291,-1.2465112209320068,-1.8280625343322754,1.696107268333435,0.0727936327457428,1.2485878467559814,-0.0015372992493212223,-0.1101224422454834,0.6123724579811096,-0.6123723983764648,-0.3535533845424652,0.3535533845424652
521.0,-2.985478401184082,-2.6782915592193604,-1.2471166849136353,-1.8288639783859253,1.7058570384979248,0.07853566855192184,1.2485878467559814,0.01407942920923233,-0.10760439187288284,0.6123724579811096,-0.6123723983764648,-0.3535533845424652,0.3535533845424652
522.0,-2.971790075302124,-2.6875014305114746,-1.2443455457687378,-1.821444034576416,1.7176716327667236,0.0855177715420723,1.2485878467559814,0.03305303677916527,-0.11795598268508911,0.6123724579811096,-0.6123723983764648,-0.3535533845424652,0.3535533845424652
523.0,-2.9600484371185303,-2.6840627193450928,-1.2445513010025024,-1.8237677812576294,1.7278003692626953,0.09152627736330032,1.2485878467559814,0.049368564039468765,-0.11356049031019211,0.6123724579811096,-0.6123723983764648,-0.3535533845424652,0.3535533845424652
524.0,-2.9788782596588135,-2.6732101440429688,-1.2482471466064453,-1.832352638244629,1.7115545272827148,0.08189930021762848,1.2485878467559814,0.023222029209136963,-0.10161052644252777,0.6123724579811096,-0.6123723983764648,-0.3535533845424652,0.3535533845424652
525.0,-2.9687726497650146,-2.677532196044922,-1.2467848062515259,-1.8287466764450073,1.7202749252319336,0.08705998212099075,1.2485878467559814,0.03724180534482002,-0.10635795444250107,0.6123724579811096,-0.6123723983764648,-0.3535533845424652,0.3535533845424652
526.0,-2.9605553150177,-2.6724936962127686,-1.247485637664795,-1.8324428796768188,1.727363109588623,0.0912664458155632,1.2485878467559814,0.048663195222616196,-0.10018163919448853,0.6123724579811096,-0.6123723983764648,-0.3535533845424652,0.3535533845424652
527.0,-2.959538698196411,-2.6635568141937256,-1.2494533061981201,-1.839330792427063,1.728239893913269,0.09178754687309265,1.2485878467559814,0.05007777735590935,-0.0896906703710556,0.6123724579811096,-0.6123723983764648,-0.3535533845424652,0.3535533845424652
528.0,-2.952167510986328,-2.6627275943756104,-1.2489821910858154,-1.8400259017944336,1.734595537185669,0.0955699160695076,1.2485878467559814,0.06034287437796593,-0.08832785487174988,0.6123724579811096,-0.6123723983764648,-0.3535533845424652,0.3535533845424652
529.0,-2.9496419429779053,-2.6808061599731445,-1.2444584369659424,-1.8262583017349243,1.7367726564407349,0.096867635846138,1.2485878467559814,0.06386397033929825,-0.10924902558326721,0.6123724579811096,-0.6123723983764648,-0.3535533845424652,0.3535533845424652
530.0,-2.9393835067749023,-2.679708957672119,-1.2435296773910522,-1.8273887634277344,1.745612621307373,0.10214870423078537,1.2485878467559814,0.07818882912397385,-0.1072828471660614,0.6123724579811096,-0.6123723983764648,-0.3535533845424652,0.3535533845424652
531.0,-2.944520950317383,-2.663090467453003,-1.248071551322937,-1.839919924736023,1.7411861419677734,0.09950190782546997,1.2485878467559814,0.07101023197174072,-0.08826585859060287,0.6123724579811096,-0.6123723983764648,-0.3535533845424652,0.3535533845424652
532.0,-2.9391062259674072,-2.6700868606567383,-1.2291806936264038,-1.8513349294662476,1.7458516359329224,0.10229170322418213,1.256820797920227,0.08026683330535889,-0.08732951432466507,0.6123724579811096,-0.6123723983764648,-0.3535533845424652,0.3535533845424652
533.0,-2.932650327682495,-2.6687204837799072,-1.2452143430709839,-1.83607816696167,1.7514123916625977,0.10562396794557571,1.2485878467559814,0.08761212229728699,-0.09394291788339615,0.6123724579811096,-0.6123723983764648,-0.3535533845424652,0.3535533845424652
534.0,-2.927842378616333,-2.658226728439331,-1.2467237710952759,-1.8446108102798462,1.7555525302886963,0.10811002552509308,1.2485878467559814,0.0943516418337822,-0.08116532117128372,0.6123724579811096,-0.6123723983764648,-0.3535533845424652,0.3535533845424652
535.0,-2.9308836460113525,-2.6488170623779297,-1.2490487098693848,-1.8519824743270874,1.7529338598251343,0.10653702169656754,1.2485878467559814,0.09008748829364777,-0.07028181850910187,0.6123724579811096,-0.6123723983764648,-0.3535533845424652,0.3535533845424652
536.0,-2.9229822158813477,-2.650841236114502,-1.2473324537277222,-1.8509200811386108,1.7597362995147705,0.11062689870595932,1.2485878467559814,0.10117363184690475,-0.07192188501358032,0.6123724579811096,-0.6123723983764648,-0.3535533845424652,0.3535533845424652
537.0,-2.9168617725372314,-2.6578354835510254,-1.2448135614395142,-1.8458402156829834,1.7650035619735718,0.11380230635404587,1.2485878467559814,0.10977911204099655,-0.07956667989492416,0.6123724579811096,-0.6123723983764648,-0.3535533845424652,0.3535533845424652
538.0,-2.9187166690826416,-2.643259048461914,-1.2478914260864258,-1.8575239181518555,1.7634073495864868,0.1128392219543457,1.2485878467559814,0.10716927796602249,-0.062401171773672104,0.6123724579811096,-0.6123723983764648,-0.3535533845424652,0.3535533845424652
539.0,-2.926811456680298,-2.639188289642334,-1.2500466108322144,-1.860228180885315,1.7564400434494019,0.1086435541510582,1.2485878467559814,0.09579791128635406,-0.05836375430226326,0.6123724579811096,-0.6123723983764648,-0.3535533845424652,0.3535533845424652
540.0,-2.914726495742798,-2.6343612670898438,-1.248511791229248,-1.8654009103775024,1.7668405771255493,0.11491162329912186,1.2485878467559814,0.11278504878282547,-0.05121605470776558,0.6123724579811096,-0.6123723983764648,-0.3535533845424652,0.3535533845424652
541.0,-2.909156322479248,-2.64113450050354,-1.2462586164474487,-1.8603098392486572,1.7716318368911743,0.11780931055545807,1.2485878467559814,0.12063612788915634,-0.05870676413178444,0.6123724579811096,-0.6123723983764648,-0.3535533845424652,0.3535533845424652
542.0,-2.9023659229278564,-2.645599603652954,-1.243937611579895,-1.8574492931365967,1.777470350265503,0.12134941667318344,1.2485878467559814,0.1302264779806137,-0.0631762444972992,0.6123724579811096,-0.6123723983764648,-0.3535533845424652,0.3535533845424652
543.0,-2.896388530731201,-2.650500535964966,-1.2243428230285645,-1.8714942932128906,1.7826080322265625,0.12447291612625122,1.256820797920227,0.14074744284152985,-0.05894119665026665,0.6123724579811096,-0.6123723983764648,-0.3535533845424652,0.3535533845424652
544.0,-2.8946728706359863,-2.6484110355377197,-1.2415088415145874,-1.8562283515930176,1.784082293510437,0.12537071108818054,1.2485878467559814,0.14111895859241486,-0.06544549763202667,0.6123724579811096,-0.6123723983764648,-0.3535533845424652,0.3535533845424652
545.0,-2.8871281147003174,-2.6479241847991943,-1.2395251989364624,-1.85784912109375,1.7905633449554443,0.12932568788528442,1.2485878467559814,0.1518305540084839,-0.06368572264909744,0.6123724579811096,-0.6123723983764648,-0.3535533845424652,0.3535533845424652
546.0,-2.8801112174987793,-2.6526684761047363,-1.2366046905517578,-1.855210542678833,1.7965879440307617,0.13301420211791992,1.2485878467559814,0.16181980073451996,-0.06820028275251389,0.6123724579811096,-0.6123723983764648,-0.3535533845424652,0.3535533845424652
547.0,-2.886014699935913,-2.6591694355010986,-1.237109661102295,-1.8488917350769043,1.7915194034576416,0.12991027534008026,1.2485878467559814,0.1534138023853302,-0.07694366574287415,0.6123724579811096,-0.6123723983764648,-0.3535533845424652,0.3535533845424652
548.0,-2.894768714904785,-2.6628005504608154,-1.2216894626617432,-1.8616687059402466,1.7839999198913574,0.12532056868076324,1.256820797920227,0.14305752515792847,-0.07350694388151169,0.6123724579811096,-0.6123723983764648,-0.3535533845424652,0.3535533845424652
549.0,-2.90881085395813,-2.66048264503479,-1.242598056793213,-1.8445861339569092,1.7719289064407349,0.1179892048239708,1.2485878467559814,0.12112350016832352,-0.08174914121627808,0.6123724579811096,-0.6123723983764648,-0.3535533845424652,0.3535533845424652
550.0,-2.899817943572998,-2.6700096130371094,-1.2384594678878784,-1.8382431268692017,1.779660701751709,0.12268008291721344,1.2485878467559814,0.13383103907108307,-0.09180394560098648,0.6123724579811096,-0.6123723983764648,-0.3535533845424652,0.3535533845424652
551.0,-2.907630681991577,-2.67138409614563,-1.2399585247039795,-1.8362013101577759,1.7729438543319702,0.11860391497612,1.2485878467559814,0.12278889864683151,-0.09443331509828568,0.6123724579811096,-0.6123723983764648,-0.3535533845424652,0.3535533845424652
552.0,-2.9225196838378906,-2.666923999786377,-1.243945598602295,-1.8381792306900024,1.7601344585418701,0.11086669564247131,1.2485878467559814,0.10182356834411621,-0.09088442474603653,0.6123724579811096,-0.6123723983764648,-0.3535533845424652,0.3535533845424652
553.0,-2.920053243637085,-2.676288604736328,-1.241318702697754,-1.8311994075775146,1.7622570991516113,0.11214564740657806,1.2485878467559814,0.10528970509767532,-0.10157753527164459,0.6123724579811096,-0.6123723983764648,-0.3535533845424652,0.3535533845424652
554.0,-2.9123456478118896,-2.6783947944641113,-1.2392979860305786,-1.830338954925537,1.7688885927200317,0.11614944040775299,1.2485878467559814,0.11613897234201431,-0.1031825840473175,0.6123724579811096,-0.6123723983764648,-0.3535533845424652,0.3535533845424652
555.0,-2.9299652576446533,-2.678670883178711,-1.2424297332763672,-1.828661561012268,1.7537245750427246,0.1070118099451065,1.2485878467559814,0.09137458354234695,-0.10530493408441544,0.6123724579811096,-0.6123723983764648,-0.3535533845424652,0.3535533845424652
556.0,-2.9239141941070557,-2.6860551834106445,-1.239542007446289,-1.8235872983932495,1.7589340209960938,0.11014389991760254,1.2485878467559814,0.09986457228660583,-0.11328920722007751,0.6123724579811096,-0.6123723983764648,-0.3535533845424652,0.3535533845424652
557.0,-2.9343786239624023,-2.690107583999634,-1.240114688873291,-1.8199504613876343,1.7499239444732666,0.1047312393784523,1.2485878467559814,0.08519169688224792,-0.11889048665761948,0.6123724579811096,-0.6123723983764648,-0.3535533845424652,0.3535533845424652
558.0,-2.901092290878296,-2.6884708404541016,-1.2342393398284912,-1.8241393566131592,1.7785652875900269,0.1220143735408783,1.2485878467559814,0.1320277750492096,-0.1134791225194931,0.6123724579811096,-0.6123723983764648,-0.3535533845424652,0.3535533845424652
559.0,-2.8946280479431152,-2.6941006183624268,-1.2311381101608276,-1.8209046125411987,1.784120798110962,0.12539424002170563,1.2485878467559814,0.14118267595767975,-0.11909733712673187,0.6123724579811096,-0.6123723983764648,-0.3535533845424652,0.3535533845424652
560.0,-2.88818359375,-2.6817140579223633,-1.2326754331588745,-1.8310296535491943,1.7896567583084106,0.12877164781093597,1.2485878467559814,0.1503300964832306,-0.10381113737821579,0.6123724579811096,-0.6123723983764648,-0.3535533845424652,0.3535533845424652
561.0,-2.8808658123016357,-2.686795711517334,-1.2293086051940918,-1.8284682035446167,1.7959401607513428,0.1326170414686203,1.2485878467559814,0.1607442945241928,-0.10856593400239944,0.6123724579811096,-0.6123723983764648,-0.3535533845424652,0.3535533845424652
562.0,-2.872405767440796,-2.696744918823242,-1.2240675687789917,-1.8227485418319702,1.803200364112854,0.1370764672756195,1.2485878467559814,0.17282088100910187,-0.11865302175283432,0.6123724579811096,-0.6123723983764648,-0.3535533845424652,0.3535533845424652
563.0,-2.630331039428711,-2.5706655979156494,-1.6451919078826904,-1.1995458602905273,0.7147075533866882,-0.7279539704322815,1.1396251916885376,0.27524980902671814,-0.11870759725570679,0.866025447845459,0.0,0.0,0.5
564.0,-2.6264278888702393,-2.555804967880249,-1.6626521348953247,-1.2003639936447144,0.7172360420227051,-0.723423957824707,1.1301697492599487,0.27524980902671814,-0.10929609835147858,0.866025447845459,0.0,0.0,0.5
565.0,-2.627753257751465,-2.5457730293273926,-1.6605722904205322,-1.2113183736801147,0.7163762450218201,-0.7249592542648315,1.133365273475647,0.27524980902671814,-0.09774284064769745,0.866025447845459,0.0,0.0,0.5
566.0,-2.631348133087158,-2.557661294937134,-1.6450371742248535,-1.2118096351623535,0.71405029296875,-0.7291388511657715,1.1421120166778564,0.27524980902671814,-0.10458330065011978,0.866025447845459,0.0,0.0,0.5
567.0,-2.867399215698242,-2.6871871948242188,-1.2249683141708374,-1.8307905197143555,1.8074946403503418,0.13972266018390656,1.2485878467559814,0.17998696863651276,-0.10667557269334793,0.6123724579811096,-0.6123723983764648,-0.3535533845424652,0.3535533845424652
568.0,-2.8838818073272705,-2.672243118286133,-1.2337117195129395,-1.8389698266983032,1.7933509349822998,0.13103087246418,1.2485878467559814,0.156448632478714,-0.09205353260040283,0.6123724579811096,-0.6123723983764648,-0.3535533845424652,0.3535533845424652
569.0,-2.892902135848999,-2.6759800910949707,-1.2184336185455322,-1.8515377044677734,1.785603642463684,0.12629790604114532,1.256820797920227,0.14572098851203918,-0.08890891820192337,0.6123724579811096,-0.6123723983764648,-0.3535533845424652,0.3535533845424652
570.0,-2.878227949142456,-2.6650824546813965,-1.2335877418518066,-1.8455907106399536,1.7982041835784912,0.1340058147907257,1.2485878467559814,0.1645052134990692,-0.08265937119722366,0.6123724579811096,-0.6123723983764648,-0.3535533845424652,0.3535533845424652
571.0,-2.8724205493927,-2.6592659950256348,-1.2329230308532715,-1.8513737916946411,1.803187608718872,0.13706862926483154,1.2485878467559814,0.17279963195323944,-0.07471054792404175,0.6123724579811096,-0.6123723983764648,-0.3535533845424652,0.3535533845424652
572.0,-2.870795488357544,-2.6706759929656982,-1.2300171852111816,-1.842671513557434,1.8045815229415894,0.1379268914461136,1.2485878467559814,0.1751239001750946,-0.08794708549976349,0.6123724579811096,-0.6123723983764648,-0.3535533845424652,0.3535533845424652
573.0,-2.6321892738342285,-2.545489549636841,-1.6450119018554688,-1.2232649326324463,0.7135072350502014,-0.7301201224327087,1.1441757678985596,0.27524980902671814,-0.0913911685347557,0.866025447845459,0.0,0.0,0.5
574.0,-2.628653049468994,-2.5332388877868652,-1.6603271961212158,-1.223309874534607,0.7157933712005615,-0.726003110408783,1.1355432271957397,0.27524980902671814,-0.08417731523513794,0.866025447845459,0.0,0.0,0.5
575.0,-2.6224043369293213,-2.5240132808685303,-1.6839475631713867,-1.2143549919128418,0.7198531627655029,-0.7187814712524414,1.120564341545105,0.27524980902671814,-0.08346673846244812,0.866025447845459,0.0,0.0,0.5
576.0,-2.6259841918945312,-2.519895553588867,-1.672510027885437,-1.2268022298812866,0.7175240516662598,-0.7229106426239014,1.1291035413742065,0.27524980902671814,-0.07464586198329926,0.866025447845459,0.0,0.0,0.5
577.0,-2.617431879043579,-2.507538318634033,-1.7041170597076416,-1.2149393558502197,0.7231022715568542,-0.7130822539329529,1.1088874340057373,0.27524980902671814,-0.07376983016729355,0.866025447845459,0.0,0.0,0.5
578.0,-2.6132521629333496,-2.488602638244629,-1.7215207815170288,-1.2200347185134888,0.7258456945419312,-0.708324134349823,1.0992342233657837,0.27524980902671814,-0.060603540390729904,0.866025447845459,0.0,0.0,0.5
579.0,-2.619565010070801,-2.4959890842437744,-1.699167251586914,-1.2296082973480225,0.7217064499855042,-0.7155219316482544,1.113870620727539,0.27524980902671814,-0.05970447137951851,0.866025447845459,0.0,0.0,0.5
580.0,-2.6240017414093018,-2.5059542655944824,-1.6821402311325073,-1.232837438583374,0.718812882900238,-0.7206211686134338,1.1243605613708496,0.27524980902671814,-0.06356808543205261,0.866025447845459,0.0,0.0,0.5
581.0,-2.6331067085266113,-2.5243642330169678,-1.6463059186935425,-1.2422858476638794,0.7129155397415161,-0.7311917543411255,1.1464340686798096,0.27524980902671814,-0.06900440901517868,0.866025447845459,0.0,0.0,0.5
582.0,-2.631847858428955,-2.512773275375366,-1.6531060934066772,-1.2481883764266968,0.7137276530265808,-0.7297215461730957,1.1433371305465698,0.27524980902671814,-0.05921846255660057,0.866025447845459,0.0,0.0,0.5
583.0,-2.8731861114501953,-2.6471312046051025,-1.2353824377059937,-1.8611422777175903,1.8025307655334473,0.1366644948720932,1.2485878467559814,0.1717052012681961,-0.06030171737074852,0.6123724579811096,-0.6123723983764648,-0.3535533845424652,0.3535533845424652
584.0,-2.881218910217285,-2.6429057121276855,-1.2386212348937988,-1.8630869388580322,1.7956371307373047,0.1324312686920166,1.2485878467559814,0.16024117171764374,-0.05664706602692604,0.6123724579811096,-0.6123723983764648,-0.3535533845424652,0.3535533845424652
585.0,-2.8764305114746094,-2.635481119155884,-1.238246202468872,-1.8703192472457886,1.7997469902038574,0.134953111410141,1.2485878467559814,0.16707061231136322,-0.04677920415997505,0.6123724579811096,-0.6123723983764648,-0.3535533845424652,0.3535533845424652
586.0,-2.869738817214966,-2.631524085998535,-1.2365578413009644,-1.8751530647277832,1.805487871170044,0.13848531246185303,1.2485878467559814,0.17663611471652985,-0.040665362030267715,0.6123724579811096,-0.6123723983764648,-0.3535533845424652,0.3535533845424652
587.0,-2.632542610168457,-2.5035173892974854,-1.6522270441055298,-1.2577100992202759,0.7132793068885803,-0.7305326461791992,1.1450445652008057,0.27524980902671814,-0.048843059688806534,0.866025447845459,0.0,0.0,0.5
588.0,-2.6294543743133545,-2.4882822036743164,-1.6658929586410522,-1.261998176574707,0.715274453163147,-0.7269344329833984,1.1374897956848145,0.27524980902671814,-0.03807980194687843,0.866025447845459,0.0,0.0,0.5
589.0,-2.6239826679229736,-2.4763107299804688,-1.6871429681777954,-1.257494568824768,0.7188252210617065,-0.7205992937088013,1.1243152618408203,0.27524980902671814,-0.03405666723847389,0.866025447845459,0.0,0.0,0.5
590.0,-2.618931293487549,-2.4669647216796875,-1.7059701681137085,-1.2523741722106934,0.7221207022666931,-0.7147966027259827,1.1123865842819214,0.27524980902671814,-0.031845126301050186,0.866025447845459,0.0,0.0,0.5
591.0,-2.6151938438415527,-2.4781198501586914,-1.716902494430542,-1.2334840297698975,0.7245697379112244,-0.7105310559272766,1.1037007570266724,0.27524980902671814,-0.047886986285448074,0.866025447845459,0.0,0.0,0.5
592.0,-2.6202516555786133,-2.480207681655884,-1.6994942426681519,-1.244471788406372,0.7212576866149902,-0.716309130191803,1.115483283996582,0.27524980902671814,-0.04318854585289955,0.866025447845459,0.0,0.0,0.5
593.0,-2.624929666519165,-2.487794876098633,-1.6820732355117798,-1.2502576112747192,0.7182092666625977,-0.7216920256614685,1.1265764236450195,0.27524980902671814,-0.04420631006360054,0.866025447845459,0.0,0.0,0.5
594.0,-2.633281946182251,-2.488384962081909,-1.6518950462341309,-1.2725211381912231,0.7128025889396667,-0.7313966155052185,1.1468663215637207,0.27524980902671814,-0.03231734409928322,0.866025447845459,0.0,0.0,0.5
595.0,-2.877065658569336,-2.622331380844116,-1.2401143312454224,-1.8816769123077393,1.7992017269134521,0.13461823761463165,1.2485878467559814,0.16616371273994446,-0.030762407928705215,0.6123724579811096,-0.6123723983764648,-0.3535533845424652,0.3535533845424652
596.0,-2.885709047317505,-2.6276566982269287,-1.2421597242355347,-1.875319242477417,1.791782021522522,0.13007085025310516,1.2485878467559814,0.15384867787361145,-0.03885865584015846,0.6123724579811096,-0.6123723983764648,-0.3535533845424652,0.3535533845424652
597.0,-2.8961403369903564,-2.634542226791382,-1.24413001537323,-1.8676382303237915,1.7828214168548584,0.12460281699895859,1.2485878467559814,0.1390390694141388,-0.04893026128411293,0.6123724579811096,-0.6123723983764648,-0.3535533845424652,0.3535533845424652
598.0,-2.733750581741333,-2.5815494060516357,-1.3811392784118652,-1.7187738418579102,1.0828406810760498,-0.31144803762435913,1.2142890691757202,0.2268935590982437,-0.04758721962571144,0.8284996747970581,-0.25216707587242126,-0.1455887407064438,0.47833454608917236
599.0,-2.894287109375,-2.633789300918579,-1.2262187004089355,-1.8860975503921509,1.7844135761260986,0.12557260692119598,1.256820797920227,0.14374437928199768,-0.03819114342331886,0.6123724579811096,-0.6123723983764648,-0.3535533845424652,0.3535533845424652
600.0,-2.732869863510132,-2.5644636154174805,-1.3849389553070068,-1.732324242591858,1.0835667848587036,-0.31088384985923767,1.2131441831588745,0.22766171395778656,-0.028556454926729202,0.8284997344017029,-0.25216707587242126,-0.1455887258052826,0.47833451628685
601.0,-2.8986823558807373,-2.6251184940338135,-1.2460569143295288,-1.8754132986068726,1.7806366682052612,0.12327349185943604,1.2485878467559814,0.13543838262557983,-0.03781161084771156,0.6123724579811096,-0.6123723983764648,-0.3535533845424652,0.3535533845424652
602.0,-2.9074342250823975,-2.6244137287139893,-1.248275637626648,-1.8748339414596558,1.7731127738952637,0.11870630085468292,1.2485878467559814,0.1230662539601326,-0.03818138316273689,0.6123724579811096,-0.6123723983764648,-0.3535533845424652,0.3535533845424652
603.0,-2.9149529933929443,-2.6253669261932373,-1.2498046159744263,-1.873125433921814,1.7666456699371338,0.11479388177394867,1.2485878467559814,0.11246595531702042,-0.04030381515622139,0.6123724579811096,-0.6123723983764648,-0.3535533845424652,0.3535533845424652
604.0,-2.922114133834839,-2.621365785598755,-1.251718521118164,-1.875924825668335,1.7604835033416748,0.11107686161994934,1.2485878467559814,0.10239317268133163,-0.036234740167856216,0.6123724579811096,-0.6123723983764648,-0.3535533845424652,0.3535533845424652
605.0,-2.9306600093841553,-2.6133384704589844,-1.2541142702102661,-1.88237464427948,1.7531263828277588,0.10665266960859299,1.2485878467559814,0.09040097147226334,-0.027248937636613846,0.6123724579811096,-0.6123723983764648,-0.3535533845424652,0.3535533845424652
606.0,-2.9169230461120605,-2.6144957542419434,-1.2514617443084717,-1.8825379610061646,1.7649507522583008,0.11377047002315521,1.2485878467559814,0.10969283431768417,-0.027187351137399673,0.6123724579811096,-0.6123723983764648,-0.3535533845424652,0.3535533845424652
607.0,-2.909574508666992,-2.611762046813965,-1.2501435279846191,-1.8858405351638794,1.7712721824645996,0.11759155988693237,1.2485878467559814,0.12004616111516953,-0.022876400500535965,0.6123724579811096,-0.6123723983764648,-0.3535533845424652,0.3535533845424652
608.0,-2.9178316593170166,-2.605888605117798,-1.2524346113204956,-1.8902629613876343,1.7641687393188477,0.11329856514930725,1.2485878467559814,0.10841406136751175,-0.01661834493279457,0.6123724579811096,-0.6123723983764648,-0.3535533845424652,0.3535533845424652
609.0,-2.9258503913879395,-2.599435567855835,-1.254452109336853,-1.8954832553863525,1.7572673559188843,0.10914106667041779,1.2485878467559814,0.0971464216709137,-0.009466397576034069,0.6123724579811096,-0.6123723983764648,-0.3535533845424652,0.3535533845424652
610.0,-2.9217991828918457,-2.5918455123901367,-1.2541146278381348,-1.9030181169509888,1.7607545852661133,0.11124017834663391,1.2485878467559814,0.1028357595205307,0.0005443066474981606,0.6123724579811096,-0.6123723983764648,-0.3535533845424652,0.3535533845424652
611.0,-2.910916566848755,-2.5893595218658447,-1.2519134283065796,-1.9066120386123657,1.7701178789138794,0.1168929785490036,1.2485878467559814,0.11815347522497177,0.005066824145615101,0.6123724579811096,-0.6123723983764648,-0.3535533845424652,0.3535533845424652
612.0,-2.9091169834136963,-2.600142478942871,-1.2509567737579346,-1.896599531173706,1.7716655731201172,0.11782974004745483,1.2485878467559814,0.12069147080183029,-0.008312779478728771,0.6123724579811096,-0.6123723983764648,-0.3535533845424652,0.3535533845424652
613.0,-2.900310516357422,-2.5972628593444824,-1.2489686012268066,-1.900533676147461,1.7792372703552246,0.1224227100610733,1.2485878467559814,0.13313382863998413,-0.0034149617422372103,0.6123724579811096,-0.6123723983764648,-0.3535533845424652,0.3535533845424652
614.0,-2.8938841819763184,-2.610008478164673,-1.2283941507339478,-1.9076581001281738,1.784759759902954,0.12578359246253967,1.256820797920227,0.1443193405866623,-0.008431616239249706,0.6123724579811096,-0.6123723983764648,-0.3535533845424652,0.3535533845424652
615.0,-2.89811372756958,-2.6176199913024902,-1.2289891242980957,-1.8999176025390625,1.781125545501709,0.12357079982757568,1.256820797920227,0.13828882575035095,-0.01870809867978096,0.6123724579811096,-0.6123723983764648,-0.3535533845424652,0.3535533845424652
616.0,-2.8926494121551514,-2.607257127761841,-1.2462425231933594,-1.892423391342163,1.7858208417892456,0.12643036246299744,1.2485878467559814,0.1439889818429947,-0.014760750345885754,0.6123724579811096,-0.6123723983764648,-0.3535533845424652,0.3535533845424652
617.0,-2.8836677074432373,-2.6137287616729736,-1.2430633306503296,-1.8881076574325562,1.793534755706787,0.1311434507369995,1.2485878467559814,0.15675349533557892,-0.02130116894841194,0.6123724579811096,-0.6123723983764648,-0.3535533845424652,0.3535533845424652
618.0,-2.8819527626037598,-2.6031668186187744,-1.243351697921753,-1.8981812000274658,1.7950071096420288,0.1320452094078064,1.2485878467559814,0.15919563174247742,-0.007767233066260815,0.6123724579811096,-0.6123723983764648,-0.3535533845424652,0.3535533845424652
619.0,-2.8729970455169678,-2.6097967624664307,-1.2399431467056274,-1.8938931226730347,1.8026930093765259,0.1367642879486084,1.2485878467559814,0.17197546362876892,-0.01438147109001875,0.6123724579811096,-0.6123723983764648,-0.3535533845424652,0.3535533845424652
620.0,-2.6321895122528076,-2.476255416870117,-1.657588243484497,-1.279922604560852,0.7135070562362671,-0.7301204800605774,1.1441764831542969,0.27524980902671814,-0.021618369966745377,0.866025447845459,0.0,0.0,0.5
621.0,-2.627906322479248,-2.4746131896972656,-1.673430323600769,-1.2694861888885498,0.7162771224975586,-0.7251366972923279,1.133734941482544,0.27524980902671814,-0.026559237390756607,0.866025447845459,0.0,0.0,0.5
622.0,-2.626136541366577,-2.4568753242492676,-1.6819559335708618,-1.280243992805481,0.7174251675605774,-0.7230868339538574,1.129469394683838,0.27524980902671814,-0.011201041750609875,0.866025447845459,0.0,0.0,0.5
623.0,-2.619763135910034,-2.4571499824523926,-1.704391598701477,-1.2630523443222046,0.7215768694877625,-0.7157491445541382,1.1143357753753662,0.27524980902671814,-0.020872969180345535,0.866025447845459,0.0,0.0,0.5
624.0,-2.621124267578125,-2.448255777359009,-1.7006709575653076,-1.2744948863983154,0.7206881046295166,-0.7173101902008057,1.1175377368927002,0.27524980902671814,-0.009952324442565441,0.866025447845459,0.0,0.0,0.5
625.0,-2.6164867877960205,-2.434715509414673,-1.7180927991867065,-1.274594783782959,0.7237215042114258,-0.7120040059089661,1.1066921949386597,0.27524980902671814,-0.0030120343435555696,0.866025447845459,0.0,0.0,0.5
626.0,-2.6221394538879395,-2.439021587371826,-1.6979938745498657,-1.2855294942855835,0.720025897026062,-0.7184766530990601,1.1199365854263306,0.27524980902671814,0.0009316176292486489,0.866025447845459,0.0,0.0,0.5
627.0,-2.617426872253418,-2.4239895343780518,-1.715749740600586,-1.2868597507476807,0.7231054306030273,-0.7130767703056335,1.10887610912323,0.27524980902671814,0.009190660901367664,0.866025447845459,0.0,0.0,0.5
628.0,-2.6216299533843994,-2.42742919921875,-1.7007302045822144,-1.2948256731033325,0.7203580737113953,-0.7178912162780762,1.1187318563461304,0.27524980902671814,0.01200259942561388,0.866025447845459,0.0,0.0,0.5
629.0,-2.62739634513855,-2.4370791912078857,-1.6791999340057373,-1.301696538925171,0.7166078090667725,-0.7245453596115112,1.132502794265747,0.27524980902671814,0.01111460942775011,0.866025447845459,0.0,0.0,0.5
630.0,-2.6329803466796875,-2.444894552230835,-1.65780508518219,-1.3103680610656738,0.7129970788955688,-0.7310438752174377,1.1461220979690552,0.27524980902671814,0.01217187661677599,0.866025447845459,0.0,0.0,0.5
631.0,-2.6292829513549805,-2.452089309692383,-1.67099928855896,-1.293235182762146,0.7153854966163635,-0.7267350554466248,1.1370728015899658,0.27524980902671814,-0.0013775855768471956,0.866025447845459,0.0,0.0,0.5
632.0,-2.6321640014648438,-2.465574026107788,-1.6589564085006714,-1.2892582416534424,0.7135235667228699,-0.7300906181335449,1.1441136598587036,0.27524980902671814,-0.010670962743461132,0.866025447845459,0.0,0.0,0.5
633.0,-2.8695971965789795,-2.600843906402588,-1.2393449544906616,-1.9030287265777588,1.8056094646453857,0.1385602056980133,1.2485878467559814,0.1768389344215393,-0.0024056017864495516,0.6123724579811096,-0.6123723983764648,-0.3535533845424652,0.3535533845424652
634.0,-2.875174045562744,-2.5915608406066895,-1.2416778802871704,-1.9106571674346924,1.8008249998092651,0.1356155425310135,1.2485878467559814,0.16886453330516815,0.008269530721008778,0.6123724579811096,-0.6123723983764648,-0.3535533845424652,0.3535533845424652
635.0,-2.7272448539733887,-2.5307929515838623,-1.3982558250427246,-1.7543529272079468,1.0882073640823364,-0.30729061365127563,1.2058660984039307,0.23254476487636566,0.005703208036720753,0.8284997344017029,-0.25216707587242126,-0.1455887258052826,0.47833451628685
636.0,-2.7339582443237305,-2.536633014678955,-1.3849308490753174,-1.759836196899414,1.0826694965362549,-0.3115811347961426,1.2145591974258423,0.22671236097812653,0.005614248104393482,0.8284997344017029,-0.25216707587242126,-0.1455887258052826,0.47833451628685
637.0,-2.8963959217071533,-2.5865232944488525,-1.2483484745025635,-1.9114667177200317,1.7826015949249268,0.12446903437376022,1.2485878467559814,0.13867667317390442,0.010850411839783192,0.6123724579811096,-0.6123723983764648,-0.3535533845424652,0.3535533845424652
638.0,-2.881458282470703,-2.586163282394409,-1.2438960075378418,-1.91458261013031,1.7954316139221191,0.1323053240776062,1.2485878467559814,0.15990005433559418,0.013955038972198963,0.6123724579811096,-0.6123723983764648,-0.3535533845424652,0.3535533845424652
639.0,-2.8742148876190186,-2.5814425945281982,-1.2415131330490112,-1.920824646949768,1.8016481399536133,0.13612160086631775,1.2485878467559814,0.17023496329784393,0.021487068384885788,0.6123724579811096,-0.6123723983764648,-0.3535533845424652,0.3535533845424652
640.0,-2.8843460083007812,-2.5777647495269775,-1.2448790073394775,-1.9223346710205078,1.792952299118042,0.1307869553565979,1.2485878467559814,0.15578800439834595,0.02424849197268486,0.6123724579811096,-0.6123723983764648,-0.3535533845424652,0.3535533845424652
641.0,-2.8797290325164795,-2.5706801414489746,-1.2432680130004883,-1.9304903745651245,1.7969160079956055,0.13321541249752045,1.2485878467559814,0.16236470639705658,0.03438272699713707,0.6123724579811096,-0.6123723983764648,-0.3535533845424652,0.3535533845424652
642.0,-2.6302528381347656,-2.4267659187316895,-1.6692252159118652,-1.3194807767868042,0.714758038520813,-0.7278631329536438,1.1394346952438354,0.27524980902671814,0.02658591791987419,0.866025447845459,0.0,0.0,0.5
643.0,-2.6288628578186035,-2.413755416870117,-1.6749780178070068,-1.3279584646224976,0.7156573534011841,-0.7262470722198486,1.1360526084899902,0.27524980902671814,0.037932198494672775,0.866025447845459,0.0,0.0,0.5
644.0,-2.625232696533203,-2.3997738361358643,-1.688858151435852,-1.3312302827835083,0.7180124521255493,-0.7220418453216553,1.1273012161254883,0.27524980902671814,0.04653308913111687,0.866025447845459,0.0,0.0,0.5
645.0,-2.624508857727051,-2.4095122814178467,-1.6912841796875,-1.3196948766708374,0.7184829115867615,-0.7212063074111938,1.1255706548690796,0.27524980902671814,0.03510696813464165,0.866025447845459,0.0,0.0,0.5
646.0,-2.62304425239563,-2.4169793128967285,-1.6962968111038208,-1.3084856271743774,0.7194361686706543,-0.7195180058479309,1.1220824718475342,0.27524980902671814,0.02497495338320732,0.866025447845459,0.0,0.0,0.5
647.0,-2.6177539825439453,-2.40838885307312,-1.7155665159225464,-1.302363634109497,0.7228913307189941,-0.7134501934051514,1.1096373796463013,0.27524980902671814,0.02559475228190422,0.866025447845459,0.0,0.0,0.5
648.0,-2.6186306476593018,-2.400028944015503,-1.7128069400787354,-1.3127312660217285,0.7223175168037415,-0.7144523859024048,1.1116831302642822,0.27524980902671814,0.03555436059832573,0.866025447845459,0.0,0.0,0.5
649.0,-2.613759994506836,-2.3844645023345947,-1.7303110361099243,-1.3149513006210327,0.7255117893218994,-0.7089007496833801,1.100399374961853,0.27524980902671814,0.04408053681254387,0.866025447845459,0.0,0.0,0.5
650.0,-2.6201040744781494,-2.3888988494873047,-1.7077624797821045,-1.3276394605636597,0.7213542461395264,-0.7161397337913513,1.1151360273361206,0.27524980902671814,0.049474965780973434,0.866025447845459,0.0,0.0,0.5
651.0,-2.6142594814300537,-2.3744640350341797,-1.7286447286605835,-1.3261933326721191,0.7251834869384766,-0.7094682455062866,1.1015474796295166,0.27524980902671814,0.05519161745905876,0.866025447845459,0.0,0.0,0.5
652.0,-2.6189959049224854,-2.376948833465576,-1.7117717266082764,-1.3365330696105957,0.7220785617828369,-0.7148703932762146,1.1125373840332031,0.27524980902671814,0.060196589678525925,0.866025447845459,0.0,0.0,0.5
653.0,-2.623767614364624,-2.3859050273895264,-1.6943590641021729,-1.3408708572387695,0.7189651727676392,-0.7203513979911804,1.1238030195236206,0.27524980902671814,0.058718811720609665,0.866025447845459,0.0,0.0,0.5
654.0,-2.624772071838379,-2.3767287731170654,-1.6904677152633667,-1.353066325187683,0.7183117270469666,-0.721510112285614,1.1261996030807495,0.27524980902671814,0.07023270428180695,0.866025447845459,0.0,0.0,0.5
655.0,-2.629026412963867,-2.3898205757141113,-1.6745692491531372,-1.3521589040756226,0.7155515551567078,-0.7264369130134583,1.1364494562149048,0.27524980902671814,0.06372199952602386,0.866025447845459,0.0,0.0,0.5
656.0,-2.633030414581299,-2.4018585681915283,-1.6591737270355225,-1.3519911766052246,0.7129647731781006,-0.7311025261878967,1.1462457180023193,0.27524980902671814,0.05800829455256462,0.866025447845459,0.0,0.0,0.5
657.0,-2.632279396057129,-2.412156343460083,-1.6620062589645386,-1.3395243883132935,0.7134491205215454,-0.7302252650260925,1.1443971395492554,0.27524980902671814,0.04558948799967766,0.866025447845459,0.0,0.0,0.5
658.0,-2.870776414871216,-2.5662317276000977,-1.2399708032608032,-1.937159776687622,1.8045979738235474,0.1379370242357254,1.2485878467559814,0.1751513034105301,0.04212194308638573,0.6123724579811096,-0.6123723983764648,-0.3535533845424652,0.3535533845424652
659.0,-2.882500410079956,-2.5567164421081543,-1.243541955947876,-1.9445054531097412,1.794536828994751,0.13175712525844574,1.2485878467559814,0.15841545164585114,0.05228511616587639,0.6123724579811096,-0.6123723983764648,-0.3535533845424652,0.3535533845424652
660.0,-2.7264649868011475,-2.4834983348846436,-1.3991658687591553,-1.800967812538147,1.0888512134552002,-0.30679380893707275,1.2048616409301758,0.233218714594841,0.06291182339191437,0.8284997344017029,-0.25216707587242126,-0.1455887258052826,0.47833451628685
661.0,-2.891930341720581,-2.5562667846679688,-1.2272635698318481,-1.9623122215270996,1.7864385843276978,0.1268070936203003,1.256820797920227,0.14710858464241028,0.06222177669405937,0.6123724579811096,-0.6123723983764648,-0.3535533845424652,0.3535533845424652
662.0,-2.892030954360962,-2.541344404220581,-1.2452137470245361,-1.9592957496643066,1.7863520383834839,0.12675431370735168,1.2485878467559814,0.14486637711524963,0.07112425565719604,0.6123724579811096,-0.6123723983764648,-0.3535533845424652,0.3535533845424652
663.0,-2.90104341506958,-2.537492513656616,-1.2473976612091064,-1.961954116821289,1.7786073684692383,0.12203998863697052,1.2485878467559814,0.13209712505340576,0.07475151121616364,0.6123724579811096,-0.6123723983764648,-0.3535533845424652,0.3535533845424652
664.0,-2.911900043487549,-2.53275990486145,-1.249626874923706,-1.9655992984771729,1.769271969795227,0.11638125032186508,1.2485878467559814,0.11676701158285141,0.07947181165218353,0.6123724579811096,-0.6123723983764648,-0.3535533845424652,0.3535533845424652
665.0,-2.920907497406006,-2.5313351154327393,-1.2514952421188354,-1.9660604000091553,1.7615219354629517,0.1117025688290596,1.2485878467559814,0.10408890247344971,0.08014623820781708,0.6123724579811096,-0.6123723983764648,-0.3535533845424652,0.3535533845424652
666.0,-2.9081289768218994,-2.5411078929901123,-1.2496824264526367,-1.9568054676055908,1.7725152969360352,0.11834436655044556,1.2485878467559814,0.12208571285009384,0.06868986785411835,0.6123724579811096,-0.6123723983764648,-0.3535533845424652,0.3535533845424652
667.0,-2.895516872406006,-2.5504813194274902,-1.2471308708190918,-1.948629379272461,1.7833569049835205,0.12492895126342773,1.2485878467559814,0.1399223804473877,0.058162953704595566,0.6123724579811096,-0.6123723983764648,-0.3535533845424652,0.3535533845424652
668.0,-2.732150077819824,-2.498769521713257,-1.3885459899902344,-1.7946268320083618,1.0841604471206665,-0.31042298674583435,1.2122094631195068,0.22828887403011322,0.05009303614497185,0.8284997344017029,-0.25216707587242126,-0.1455887258052826,0.47833451628685
669.0,-2.8942654132843018,-2.5613667964935303,-1.2474665641784668,-1.937269687652588,1.7844324111938477,0.12558406591415405,1.2485878467559814,0.14169679582118988,0.04390331730246544,0.6123724579811096,-0.6123723983764648,-0.3535533845424652,0.3535533845424652
670.0,-2.902397394180298,-2.5612995624542236,-1.249716877937317,-1.9359732866287231,1.7774434089660645,0.12133302539587021,1.2485878467559814,0.13018207252025604,0.042631011456251144,0.6123724579811096,-0.6123723983764648,-0.3535533845424652,0.3535533845424652
671.0,-3.027146100997925,-2.4651196002960205,-1.532944679260254,-1.3856379985809326,2.448960304260254,0.7695255279541016,1.214455246925354,0.05680295452475548,0.04915628954768181,-0.25216710567474365,0.8284997344017029,0.47833451628685,-0.1455887258052826
672.0,-2.9062020778656006,-2.553877115249634,-1.2502894401550293,-1.9432272911071777,1.774172306060791,0.11934845894575119,1.2485878467559814,0.12480591982603073,0.05186073109507561,0.6123724579811096,-0.6123723983764648,-0.3535533845424652,0.3535533845424652
673.0,-2.9135420322418213,-2.5550577640533447,-1.252140998840332,-1.9409550428390503,1.7678594589233398,0.11552732437849045,1.2485878467559814,0.11445329338312149,0.049211692065000534,0.6123724579811096,-0.6123723983764648,-0.3535533845424652,0.3535533845424652
674.0,-2.9199135303497314,-2.5601980686187744,-1.2538026571273804,-1.9347920417785645,1.7623772621154785,0.11221811175346375,1.2485878467559814,0.10548604279756546,0.041574906557798386,0.6123724579811096,-0.6123723983764648,-0.3535533845424652,0.3535533845424652
675.0,-2.9095969200134277,-2.5636303424835205,-1.2516250610351562,-1.9324930906295776,1.771252989768982,0.11757993698120117,1.2485878467559814,0.12001467496156693,0.03846956416964531,0.6123724579811096,-0.6123723983764648,-0.3535533845424652,0.3535533845424652
676.0,-2.916496753692627,-2.5716588497161865,-1.2533844709396362,-1.923409104347229,1.765317440032959,0.11399185657501221,1.2485878467559814,0.1102927103638649,0.027048271149396896,0.6123724579811096,-0.6123723983764648,-0.3535533845424652,0.3535533845424652
677.0,-2.9037444591522217,-2.5708258152008057,-1.2503621578216553,-1.92594575881958,1.7762854099273682,0.12063011527061462,1.2485878467559814,0.1282779574394226,0.02994188293814659,0.6123724579811096,-0.6123723983764648,-0.3535533845424652,0.3535533845424652
678.0,-2.898607015609741,-2.5755183696746826,-1.2303998470306396,-1.940662145614624,1.7807015180587769,0.12331294268369675,1.256820797920227,0.1375860720872879,0.03528579697012901,0.6123724579811096,-0.6123723983764648,-0.3535533845424652,0.3535533845424652
679.0,-2.732421875,-2.5103089809417725,-1.3883510828018188,-1.7832010984420776,1.0839362144470215,-0.3105969727039337,1.2125622034072876,0.22805215418338776,0.03606386110186577,0.8284997344017029,-0.25216707587242126,-0.1455887258052826,0.47833451628685
680.0,-2.8932876586914062,-2.589186668395996,-1.2290021181106567,-1.9278056621551514,1.7852723598480225,0.12609602510929108,1.256820797920227,0.14517080783843994,0.018340613692998886,0.6123724579811096,-0.6123723983764648,-0.3535533845424652,0.3535533845424652
681.0,-2.892538070678711,-2.5757832527160645,-1.2473554611206055,-1.92277193069458,1.7859163284301758,0.126488596200943,1.2485878467559814,0.14414669573307037,0.02533496543765068,0.6123724579811096,-0.6123723983764648,-0.3535533845424652,0.3535533845424652
682.0,-2.9121642112731934,-2.5793347358703613,-1.2524285316467285,-1.9162497520446777,1.7690446376800537,0.11624380946159363,1.2485878467559814,0.11639461666345596,0.017712946981191635,0.6123724579811096,-0.6123723983764648,-0.3535533845424652,0.3535533845424652
683.0,-2.922654867172241,-2.576688289642334,-1.2546664476394653,-1.9177069664001465,1.7600181102752686,0.11079663038253784,1.2485878467559814,0.10163363814353943,0.01978587731719017,0.6123724579811096,-0.6123723983764648,-0.3535533845424652,0.3535533845424652
684.0,-2.9303297996520996,-2.5712387561798096,-1.2560731172561646,-1.9224843978881836,1.7534106969833374,0.10682336986064911,1.2485878467559814,0.09086373448371887,0.025963526219129562,0.6123724579811096,-0.6123723983764648,-0.3535533845424652,0.3535533845424652
685.0,-2.942718029022217,-2.5563230514526367,-1.2575783729553223,-1.9370224475860596,1.7427396774291992,0.10043033957481384,1.2485878467559814,0.07352845370769501,0.044247012585401535,0.6123724579811096,-0.6123723983764648,-0.3535533845424652,0.3535533845424652
686.0,-2.9423561096191406,-2.5715200901031494,-1.2395811080932617,-1.9397904872894287,1.743051528930664,0.1006167083978653,1.256820797920227,0.07569630444049835,0.034873511642217636,0.6123724579811096,-0.6123723983764648,-0.3535533845424652,0.3535533845424652
687.0,-2.9412922859191895,-2.571268081665039,-1.2577928304672241,-1.9217368364334106,1.7439682483673096,0.10116488486528397,1.2485878467559814,0.07552068680524826,0.024875681847333908,0.6123724579811096,-0.6123723983764648,-0.3535533845424652,0.3535533845424652
688.0,-2.9389851093292236,-2.5896286964416504,-1.239137887954712,-1.9218249320983887,1.7459559440612793,0.10235414654016495,1.256820797920227,0.08043721318244934,0.011658486910164356,0.6123724579811096,-0.6123723983764648,-0.3535533845424652,0.3535533845424652
689.0,-2.940032482147217,-2.598949432373047,-1.2389675378799438,-1.9127683639526367,1.7450536489486694,0.10181418061256409,1.256820797920227,0.07896391302347183,-0.00034527777461335063,0.6123724579811096,-0.6123723983764648,-0.3535533845424652,0.3535533845424652
690.0,-2.953273057937622,-2.593247413635254,-1.2587039470672607,-1.8998769521713257,1.7336424589157104,0.09500211477279663,1.2485878467559814,0.058802153915166855,-0.004035416059195995,0.6123724579811096,-0.6123723983764648,-0.3535533845424652,0.3535533845424652
691.0,-2.9464774131774902,-2.60976505279541,-1.2391682863235474,-1.9023184776306152,1.7395001649856567,0.09849508851766586,1.256820797920227,0.06990618258714676,-0.014530855230987072,0.6123724579811096,-0.6123723983764648,-0.3535533845424652,0.3535533845424652
692.0,-2.7776570320129395,-2.539231061935425,-1.4253448247909546,-1.7029743194580078,1.0468169450759888,-0.3401477336883545,1.2099196910858154,0.16316263377666473,-0.01676957681775093,0.8284996747970581,-0.25216710567474365,-0.1455887407064438,0.47833454608917236
693.0,-2.9406943321228027,-2.5985569953918457,-1.2568761110305786,-1.8953115940093994,1.7444833517074585,0.10147298872470856,1.2485878467559814,0.07635630667209625,-0.009780528955161572,0.6123724579811096,-0.6123723983764648,-0.3535533845424652,0.3535533845424652
694.0,-2.932692527770996,-2.5948235988616943,-1.2559058666229248,-1.899287462234497,1.7513760328292847,0.10560213029384613,1.2485878467559814,0.08755288273096085,-0.004373612813651562,0.6123724579811096,-0.6123723983764648,-0.3535533845424652,0.3535533845424652
695.0,-2.9285669326782227,-2.584345579147339,-1.2556425333023071,-1.909641981124878,1.7549285888671875,0.10773511976003647,1.2485878467559814,0.09333536773920059,0.009315711446106434,0.6123724579811096,-0.6123723983764648,-0.3535533845424652,0.3535533845424652
696.0,-2.934835433959961,-2.5782504081726074,-1.2568094730377197,-1.9151545763015747,1.74953031539917,0.10449528694152832,1.2485878467559814,0.08455189317464828,0.016474928706884384,0.6123724579811096,-0.6123723983764648,-0.3535533845424652,0.3535533845424652
697.0,-2.9490458965301514,-2.575448989868164,-1.2587881088256836,-1.9172351360321045,1.7372862100601196,0.09717398136854172,1.2485878467559814,0.0646950900554657,0.018874626606702805,0.6123724579811096,-0.6123723983764648,-0.3535533845424652,0.3535533845424652
698.0,-2.9559743404388428,-2.5791821479797363,-1.259478211402893,-1.9133909940719604,1.7313134670257568,0.09361553192138672,1.2485878467559814,0.055039260536432266,0.013632652349770069,0.6123724579811096,-0.6123723983764648,-0.3535533845424652,0.3535533845424652
699.0,-2.956289291381836,-2.5700135231018066,-1.2595531940460205,-1.9225105047225952,1.7310419082641602,0.09345393627882004,1.2485878467559814,0.05460069701075554,0.025397296994924545,0.6123724579811096,-0.6123723983764648,-0.3535533845424652,0.3535533845424652
700.0,-2.966855049133301,-2.574988603591919,-1.2603994607925415,-1.917528510093689,1.7219293117523193,0.08804083615541458,1.2485878467559814,0.03990545496344566,0.01844778284430504,0.6123724579811096,-0.6123723983764648,-0.3535533845424652,0.3535533845424652
701.0,-2.975344181060791,-2.5732245445251465,-1.2608492374420166,-1.9194802045822144,1.7146044969558716,0.08370253443717957,1.2485878467559814,0.028121739625930786,0.02041539177298546,0.6123724579811096,-0.6123723983764648,-0.3535533845424652,0.3535533845424652
702.0,-2.975328207015991,-2.582598924636841,-1.260703206062317,-1.9102507829666138,1.7146183252334595,0.08371073007583618,1.2485878467559814,0.028144005686044693,0.00842913705855608,0.6123724579811096,-0.6123723983764648,-0.3535533845424652,0.3535533845424652
703.0,-2.966477870941162,-2.5853981971740723,-1.2601550817489624,-1.9073340892791748,1.7222546339035034,0.08823377639055252,1.2485878467559814,0.04042939841747284,0.00518347043544054,0.6123724579811096,-0.6123723983764648,-0.3535533845424652,0.3535533845424652
704.0,-2.9633803367614746,-2.5932235717773438,-1.2595882415771484,-1.899834394454956,1.7249265909194946,0.08981930464506149,1.2485878467559814,0.04473448917269707,-0.004559013061225414,0.6123724579811096,-0.6123723983764648,-0.3535533845424652,0.3535533845424652
705.0,-2.9779112339019775,-2.593156576156616,-1.2603496313095093,-1.9002341032028198,1.7123892307281494,0.0823926255106926,1.2485878467559814,0.024562552571296692,-0.004981103353202343,0.6123724579811096,-0.6123723983764648,-0.3535533845424652,0.3535533845424652
706.0,-2.9892776012420654,-2.5896859169006348,-1.260704517364502,-1.9041389226913452,1.7025766372680664,0.0766017735004425,1.2485878467559814,0.008821142837405205,-0.0007731795194558799,0.6123724579811096,-0.6123723983764648,-0.3535533845424652,0.3535533845424652
707.0,-2.9922678470611572,-2.6034388542175293,-1.2423298358917236,-1.9089585542678833,1.6999945640563965,0.0750809982419014,1.256820797920227,0.005923775490373373,-0.008364546112716198,0.6123724579811096,-0.6123723983764648,-0.3535533845424652,0.3535533845424652
708.0,-3.0055744647979736,-2.5909862518310547,-1.2602580785751343,-1.9043151140213013,1.688500165939331,0.06832509487867355,1.2485878467559814,-0.013699313625693321,-0.002282622503116727,0.6123724579811096,-0.6123723983764648,-0.3535533845424652,0.3535533845424652
709.0,-3.002511501312256,-2.582277297973633,-1.2607252597808838,-1.9123722314834595,1.6911464929580688,0.06987849622964859,1.2485878467559814,-0.009470519609749317,0.008684513159096241,0.6123724579811096,-0.6123723983764648,-0.3535533845424652,0.3535533845424652
710.0,-2.994527816772461,-2.5823588371276855,-1.243053674697876,-1.9294617176055908,1.6980427503585815,0.07393219321966171,1.256820797920227,0.0027798316441476345,0.01852935180068016,0.6123724579811096,-0.6123723983764648,-0.3535533845424652,0.3535533845424652
711.0,-2.9903976917266846,-2.5698492527008057,-1.261113166809082,-1.923641562461853,1.7016093730926514,0.07603196799755096,1.2485878467559814,0.007271557580679655,0.024527650326490402,0.6123724579811096,-0.6123723983764648,-0.3535533845424652,0.3535533845424652
712.0,-3.0058631896972656,-2.571268081665039,-1.260716199874878,-1.923592209815979,1.6882507801055908,0.06817873567342758,1.2485878467559814,-0.014097815379500389,0.022846411913633347,0.6123724579811096,-0.6123723983764648,-0.3535533845424652,0.3535533845424652
713.0,-3.013509511947632,-2.5660674571990967,-1.2602075338363647,-1.9297425746917725,1.6816434860229492,0.0643053725361824,1.2485878467559814,-0.02464689500629902,0.02979312464594841,0.6123724579811096,-0.6123723983764648,-0.3535533845424652,0.3535533845424652
714.0,-3.004493236541748,-2.5612220764160156,-1.2606093883514404,-1.9336631298065186,1.689434289932251,0.06887329369783401,1.2485878467559814,-0.0122068515047431,0.035846319049596786,0.6123724579811096,-0.6123723983764648,-0.3535533845424652,0.3535533845424652
715.0,-3.011415719985962,-2.5560686588287354,-1.2600268125534058,-1.9398038387298584,1.6834529638290405,0.06536544114351273,1.2485878467559814,-0.021759169176220894,0.0427793525159359,0.6123724579811096,-0.6123723983764648,-0.3535533845424652,0.3535533845424652
716.0,-2.99332332611084,-2.5630533695220947,-1.2426609992980957,-1.9490818977355957,1.699082851409912,0.07454431056976318,1.256820797920227,0.004455076064914465,0.04377114400267601,0.6123724579811096,-0.6123723983764648,-0.3535533845424652,0.3535533845424652
717.0,-2.989605188369751,-2.5715811252593994,-1.2429898977279663,-1.939980149269104,1.7022937536239624,0.07643511146306992,1.256820797920227,0.009628938511013985,0.03255435451865196,0.6123724579811096,-0.6123723983764648,-0.3535533845424652,0.3535533845424652
718.0,-2.996839761734009,-2.5632944107055664,-1.2609258890151978,-1.9308017492294312,1.6960458755493164,0.07275755703449249,1.2485878467559814,-0.0016354643739759922,0.03303731605410576,0.6123724579811096,-0.6123723983764648,-0.3535533845424652,0.3535533845424652
719.0,-2.984969139099121,-2.5584099292755127,-1.2608331441879272,-1.934994101524353,1.706296682357788,0.07879502326250076,1.2485878467559814,0.01478448137640953,0.039440374821424484,0.6123724579811096,-0.6123723983764648,-0.3535533845424652,0.3535533845424652
720.0,-2.976048707962036,-2.558499336242676,-1.2606120109558105,-1.934493899345398,1.7139966487884521,0.08334299176931381,1.2485878467559814,0.027144867926836014,0.03950146958231926,0.6123724579811096,-0.6123723983764648,-0.3535533845424652,0.3535533845424652
721.0,-2.981405019760132,-2.566192388534546,-1.2609882354736328,-1.9268085956573486,1.7093733549118042,0.08061089366674423,1.2485878467559814,0.01972048357129097,0.029354821890592575,0.6123724579811096,-0.6123723983764648,-0.3535533845424652,0.3535533845424652
722.0,-2.964233875274658,-2.566586494445801,-1.2601804733276367,-1.9259462356567383,1.7241904735565186,0.08938232809305191,1.2485878467559814,0.04354807361960411,0.029405858367681503,0.6123724579811096,-0.6123723983764648,-0.3535533845424652,0.3535533845424652
723.0,-2.9680111408233643,-2.5593974590301514,-1.2602427005767822,-1.9333651065826416,1.720931887626648,0.08744942396879196,1.2485878467559814,0.03829941153526306,0.038603316992521286,0.6123724579811096,-0.6123723983764648,-0.3535533845424652,0.3535533845424652
724.0,-2.957024097442627,-2.558213710784912,-1.2593339681625366,-1.9345895051956177,1.7304083108901978,0.09307698160409927,1.2485878467559814,0.05357762798666954,0.04071369394659996,0.6123724579811096,-0.6123723983764648,-0.3535533845424652,0.3535533845424652
725.0,-2.9614570140838623,-2.5495777130126953,-1.2592610120773315,-1.9436554908752441,1.7265853881835938,0.09080439060926437,1.2485878467559814,0.04740886762738228,0.05184830352663994,0.6123724579811096,-0.6123723983764648,-0.3535533845424652,0.3535533845424652
726.0,-2.970604419708252,-2.5480525493621826,-1.25978684425354,-1.9453626871109009,1.7186944484710693,0.08612356334924698,1.2485878467559814,0.03469846770167351,0.053453635424375534,0.6123724579811096,-0.6123723983764648,-0.3535533845424652,0.3535533845424652
727.0,-2.980059862136841,-2.5500991344451904,-1.260311484336853,-1.9434832334518433,1.710534691810608,0.08129677176475525,1.2485878467559814,0.021584559231996536,0.05046313628554344,0.6123724579811096,-0.6123723983764648,-0.3535533845424652,0.3535533845424652
728.0,-2.8272573947906494,-2.4647295475006104,-1.4524555206298828,-1.73281729221344,1.0065714120864868,-0.37403741478919983,1.2111835479736328,0.09565212577581406,0.06045350059866905,0.8284997344017029,-0.25216710567474365,-0.1455887258052826,0.47833451628685
729.0,-2.8220021724700928,-2.4527676105499268,-1.4635626077651978,-1.7356280088424683,1.0108108520507812,-0.3703673183917999,1.2040783166885376,0.10041923075914383,0.06871344149112701,0.8284997344017029,-0.25216710567474365,-0.1455887258052826,0.47833451628685
730.0,-2.972385883331299,-2.5355095863342285,-1.258754014968872,-1.9590719938278198,1.7171574831008911,0.08521337062120438,1.2485878467559814,0.03222614899277687,0.07018613815307617,0.6123724579811096,-0.6123723983764648,-0.3535533845424652,0.3535533845424652
731.0,-2.9599761962890625,-2.533057451248169,-1.2576067447662354,-1.9617115259170532,1.7278625965118408,0.09156326949596405,1.2485878467559814,0.049468930810689926,0.07408568263053894,0.6123724579811096,-0.6123723983764648,-0.3535533845424652,0.3535533845424652
732.0,-3.084125518798828,-2.4397125244140625,-1.5327723026275635,-1.4619851112365723,2.412379503250122,0.7025502920150757,1.2040972709655762,-0.016808506101369858,0.07224602997303009,-0.25216710567474365,0.8284997344017029,0.47833451628685,-0.1455887258052826
733.0,-2.953799247741699,-2.5433902740478516,-1.2580617666244507,-1.9504200220108032,1.7331887483596802,0.094731904566288,1.2485878467559814,0.058068882673978806,0.06055569276213646,0.6123724579811096,-0.6123723983764648,-0.3535533845424652,0.3535533845424652
734.0,-2.942268133163452,-2.5509862899780273,-1.2383408546447754,-1.9615569114685059,1.7431273460388184,0.10066203773021698,1.256820797920227,0.07581999897956848,0.06222393736243248,0.6123724579811096,-0.6123723983764648,-0.3535533845424652,0.3535533845424652
735.0,-2.773252487182617,-2.4715888500213623,-1.4354153871536255,-1.7620081901550293,1.050414800643921,-0.33721616864204407,1.204123616218567,0.16705083847045898,0.05938657745718956,0.8284997344017029,-0.25216710567474365,-0.1455887258052826,0.47833451628685
736.0,-2.7790210247039795,-2.483819007873535,-1.423799991607666,-1.7594749927520752,1.0457035303115845,-0.3410581052303314,1.2117228507995605,0.16195303201675415,0.05093660578131676,0.8284997344017029,-0.25216710567474365,-0.1455887258052826,0.47833451628685
737.0,-2.9280624389648438,-2.5531394481658936,-1.2550342082977295,-1.941408634185791,1.7553629875183105,0.1079961508512497,1.2485878467559814,0.09404295682907104,0.0499136857688427,0.6123724579811096,-0.6123723983764648,-0.3535533845424652,0.3535533845424652
738.0,-2.9212276935577393,-2.5495333671569824,-1.253448724746704,-1.9459401369094849,1.7612464427947998,0.11153656244277954,1.2485878467559814,0.10363900661468506,0.0555289052426815,0.6123724579811096,-0.6123723983764648,-0.3535533845424652,0.3535533845424652
739.0,-2.914362907409668,-2.5468978881835938,-1.2517375946044922,-1.9496017694473267,1.7671533823013306,0.11510060727596283,1.2485878467559814,0.11329706758260727,0.05997174605727196,0.6123724579811096,-0.6123723983764648,-0.3535533845424652,0.3535533845424652
740.0,-2.9223320484161377,-2.5402886867523193,-1.2528537511825562,-1.9558879137039185,1.7602959871292114,0.11096396297216415,1.2485878467559814,0.10208714753389359,0.06779186427593231,0.6123724579811096,-0.6123723983764648,-0.3535533845424652,0.3535533845424652
741.0,-2.773531436920166,-2.460860252380371,-1.4340267181396484,-1.7740331888198853,1.0501867532730103,-0.33740150928497314,1.2044895887374878,0.16680534183979034,0.07301695644855499,0.8284997344017029,-0.25216710567474365,-0.1455887258052826,0.47833451628685
742.0,-2.9389967918395996,-2.5419089794158936,-1.2368652820587158,-1.9718183279037476,1.745945930480957,0.10234818607568741,1.256820797920227,0.08042093366384506,0.07488358020782471,0.6123724579811096,-0.6123723983764648,-0.3535533845424652,0.3535533845424652
743.0,-2.946467399597168,-2.5436043739318848,-1.2381768226623535,-1.969469666481018,1.7395086288452148,0.09850016236305237,1.256820797920227,0.06992003321647644,0.07186399400234222,0.6123724579811096,-0.6123723983764648,-0.3535533845424652,0.3535533845424652
744.0,-2.9406304359436035,-2.529588460922241,-1.254853367805481,-1.9662970304489136,1.744538426399231,0.10150592029094696,1.248587727546692,0.07644564658403397,0.08028919994831085,0.6123724579811096,-0.6123723983764648,-0.3535534143447876,0.3535534143447876
745.0,-3.080674886703491,-2.4346840381622314,-1.5204341411590576,-1.4764434099197388,2.414656639099121,0.7064467072486877,1.2112884521484375,-0.011983711272478104,0.08451034128665924,-0.25216710567474365,0.8284997344017029,0.47833451628685,-0.1455887258052826
746.0,-2.9534285068511963,-2.522529125213623,-1.25551176071167,-1.9738004207611084,1.7335083484649658,0.09492224454879761,1.248587727546692,0.05858543887734413,0.088910773396492,0.6123724579811096,-0.6123723983764648,-0.3535534143447876,0.3535534143447876
747.0,-2.9458370208740234,-2.51898455619812,-1.2539989948272705,-1.9782129526138306,1.7400521039962769,0.09882460534572601,1.2485878467559814,0.06917296350002289,0.09441743791103363,0.6123724579811096,-0.6123723983764648,-0.3535533845424652,0.3535533845424652
748.0,-2.780829906463623,-2.455862045288086,-1.4175806045532227,-1.7930446863174438,1.0442274808883667,-0.34226712584495544,1.2141200304031372,0.1603448987007141,0.08809424936771393,0.8284996747970581,-0.25216710567474365,-0.1455887407064438,0.47833454608917236
749.0,-2.773604393005371,-2.4504761695861816,-1.432808756828308,-1.7856109142303467,1.0501271486282349,-0.3374500274658203,1.2045854330062866,0.16674105823040009,0.0861460417509079,0.8284997344017029,-0.25216710567474365,-0.1455887258052826,0.47833451628685
750.0,-2.9212987422943115,-2.5233099460601807,-1.250401258468628,-1.9752181768417358,1.7611851692199707,0.1114996150135994,1.2485878467559814,0.1035388708114624,0.09113951027393341,0.6123724579811096,-0.6123723983764648,-0.3535533845424652,0.3535533845424652
751.0,-2.910098075866699,-2.5234313011169434,-1.247801661491394,-1.9765673875808716,1.7708218097686768,0.11731897294521332,1.2485878467559814,0.11930765956640244,0.09260396659374237,0.6123724579811096,-0.6123723983764648,-0.3535533845424652,0.3535533845424652
752.0,-2.927708864212036,-2.5137364864349365,-1.2500354051589966,-1.9857765436172485,1.7556674480438232,0.10817908495664597,1.2485878467559814,0.09453883767127991,0.10365508496761322,0.6123724579811096,-0.6123723983764648,-0.3535533845424652,0.3535533845424652
753.0,-2.919374942779541,-2.5108463764190674,-1.247697114944458,-1.9901961088180542,1.762840986251831,0.11249762773513794,1.248587727546692,0.10624358803033829,0.10883654654026031,0.6123724579811096,-0.6123723983764648,-0.3535534143447876,0.3535534143447876
754.0,-2.881983757019043,-2.249152898788452,-1.8256189823150635,-0.6376170516014099,1.5707963705062866,1.8304051160812378,1.1475969552993774,0.09683595597743988,0.1676350086927414,0.0,1.0,0.0,0.0
755.0,-2.8699326515197754,-2.2435591220855713,-1.838196873664856,-0.6306329965591431,1.5707963705062866,1.8424562215805054,1.1387724876403809,0.10854855924844742,0.1676350086927414,0.0,1.0,0.0,0.0
756.0,-2.8596761226654053,-2.249647378921509,-1.8245081901550293,-0.638233482837677,1.5707963705062866,1.852712869644165,1.145816683769226,0.12260273844003677,0.1676350086927414,0.0,1.0,0.0,0.0
757.0,-2.9106264114379883,-2.513317584991455,-1.2460941076278687,-1.9884434938430786,1.7703675031661987,0.11704400181770325,1.248587727546692,0.1185627207159996,0.10667078197002411,0.6123724579811096,-0.6123723983764648,-0.3535534143447876,0.3535534143447876
758.0,-2.903367042541504,-2.5125951766967773,-1.2440035343170166,-1.9904948472976685,1.7766097784042358,0.12082694470882416,1.248587727546692,0.12881121039390564,0.10890881717205048,0.6123724579811096,-0.6123723983764648,-0.3535534143447876,0.3535534143447876
759.0,-2.8930585384368896,-2.5151469707489014,-1.2414519786834717,-1.9893699884414673,1.7854692935943604,0.12621600925922394,1.248587727546692,0.14340847730636597,0.10722015798091888,0.6123724579811096,-0.6123723983764648,-0.3535534143447876,0.3535534143447876
760.0,-2.8832755088806152,-2.514587879180908,-1.2380764484405518,-1.9921900033950806,1.793871521949768,0.1313495934009552,1.248587727546692,0.1573118269443512,0.11004649102687836,0.6123724579811096,-0.6123723983764648,-0.3535534143447876,0.3535534143447876
761.0,-2.900275468826294,-2.5235729217529297,-1.245179533958435,-1.9780091047286987,1.7792675495147705,0.12244106829166412,1.248587727546692,0.13318361341953278,0.09405134618282318,0.6123724579811096,-0.6123723983764648,-0.3535534143447876,0.3535534143447876
762.0,-2.846853733062744,-2.2791473865509033,-1.799700379371643,-0.6335413455963135,1.5707963705062866,1.8655353784561157,1.1602280139923096,0.14216525852680206,0.14934800565242767,0.0,1.0,0.0,0.0
763.0,-2.886103630065918,-2.522911548614502,-1.2406582832336426,-1.9816112518310547,1.791443109512329,0.12986354529857635,1.248587727546692,0.15328729152679443,0.09770818054676056,0.6123724579811096,-0.6123723983764648,-0.3535534143447876,0.3535534143447876
764.0,-2.885631561279297,-2.533336877822876,-1.2421605587005615,-1.9696296453475952,1.7918485403060913,0.13011151552200317,1.248587727546692,0.15395882725715637,0.08333136141300201,0.6123724579811096,-0.6123723983764648,-0.3535534143447876,0.3535534143447876
765.0,-2.8973567485809326,-2.5432674884796143,-1.2274740934371948,-1.9757025241851807,1.7817760705947876,0.12396655231714249,1.256820797920227,0.1393674612045288,0.0789719969034195,0.6123724579811096,-0.6123723983764648,-0.3535534143447876,0.3535534143447876
766.0,-2.8796138763427734,-2.5426650047302246,-1.2412981986999512,-1.9604618549346924,1.797014832496643,0.1332760453224182,1.2485878467559814,0.1625289022922516,0.0718136876821518,0.6123724579811096,-0.6123723983764648,-0.3535533845424652,0.3535533845424652
767.0,-2.873734951019287,-2.5493290424346924,-1.2398912906646729,-1.954501986503601,1.8020597696304321,0.13637475669384003,1.2485878467559814,0.17092056572437286,0.06405451893806458,0.6123724579811096,-0.6123723983764648,-0.3535533845424652,0.3535533845424652
768.0,-2.8690881729125977,-2.542938709259033,-1.2374675273895264,-1.9627487659454346,1.8060460090637207,0.1388293206691742,1.2485878467559814,0.177567720413208,0.07380066812038422,0.6123724579811096,-0.6123723983764648,-0.3535533845424652,0.3535533845424652
769.0,-2.630279064178467,-2.3810014724731445,-1.6695231199264526,-1.3649241924285889,0.714741051197052,-0.7278936505317688,1.1394987106323242,0.27524980902671814,0.07553993165493011,0.866025447845459,0.0,0.0,0.5
770.0,-2.877004861831665,-2.5348408222198486,-1.2393789291381836,-1.969895601272583,1.799254059791565,0.134650319814682,1.248587727546692,0.16625067591667175,0.08309994637966156,0.6123724579811096,-0.6123723983764648,-0.3535534143447876,0.3535534143447876
771.0,-2.631866216659546,-2.3724722862243652,-1.6629071235656738,-1.3786720037460327,0.7137157917022705,-0.7297430038452148,1.1433820724487305,0.27524980902671814,0.08786268532276154,0.866025447845459,0.0,0.0,0.5
772.0,-2.635735511779785,-2.3743724822998047,-1.647469401359558,-1.388783574104309,0.7112231254577637,-0.7342703938484192,1.1529481410980225,0.27524980902671814,0.09333394467830658,0.8660253882408142,0.0,0.0,0.5000000596046448
773.0,-2.873682737350464,-2.523346185684204,-1.23628568649292,-1.9840842485427856,1.8021048307418823,0.13640238344669342,1.248587727546692,0.17099544405937195,0.09985832870006561,0.6123724579811096,-0.6123723983764648,-0.3535534143447876,0.3535534143447876
774.0,-2.6328396797180176,-2.3601245880126953,-1.6581519842147827,-1.3949156999588013,0.7130877375602722,-0.7308794260025024,1.145775556564331,0.27524980902671814,0.10345940291881561,0.8660253882408142,0.0,0.0,0.5000000596046448
775.0,-2.874458074569702,-2.515132427215576,-1.2349543571472168,-1.993722677230835,1.8014394044876099,0.13599324226379395,1.2485878467559814,0.16988737881183624,0.11129121482372284,0.6123724579811096,-0.6123723983764648,-0.3535533845424652,0.3535533845424652
776.0,-2.8196420669555664,-2.2488317489624023,-1.8263407945632935,-0.6372164487838745,1.5707963705062866,1.8927468061447144,1.1389076709747314,0.1680022031068802,0.1676350086927414,0.0,1.0,0.0,0.0
777.0,-2.628607749938965,-2.3467295169830322,-1.6738688945770264,-1.3963172435760498,0.7158225774765015,-0.7259505987167358,1.135433554649353,0.27524980902671814,0.11006782948970795,0.8660253882408142,0.0,0.0,0.5000000596046448
778.0,-2.6273927688598633,-2.355563163757324,-1.6793943643569946,-1.3830212354660034,0.7166098952293396,-0.7245413661003113,1.132494568824768,0.27524980902671814,0.09796522557735443,0.8660253882408142,0.0,0.0,0.5000000596046448
779.0,-2.620814800262451,-2.3451390266418457,-1.7037805318832397,-1.374768614768982,0.7208899855613708,-0.7169551849365234,1.1168086528778076,0.27524980902671814,0.09726934134960175,0.866025447845459,0.0,0.0,0.5
780.0,-2.6253836154937744,-2.3639841079711914,-1.6876671314239502,-1.3680797815322876,0.717914342880249,-0.7222162485122681,1.1276627779006958,0.27524980902671814,0.08505652844905853,0.866025447845459,0.0,0.0,0.5
781.0,-2.620518922805786,-2.3638041019439697,-1.7059085369110107,-1.3542308807373047,0.7210832238197327,-0.7166155576705933,1.1161117553710938,0.27524980902671814,0.07667513191699982,0.866025447845459,0.0,0.0,0.5
782.0,-2.616406202316284,-2.362078905105591,-1.720831274986267,-1.3445618152618408,0.7237743735313416,-0.7119120359420776,1.1065051555633545,0.27524980902671814,0.07159559428691864,0.866025447845459,0.0,0.0,0.5
783.0,-2.61396861076355,-2.347050905227661,-1.728987693786621,-1.353510856628418,0.7253744602203369,-0.7091377377510071,1.1008788347244263,0.27524980902671814,0.0834527462720871,0.8660253882408142,0.0,0.0,0.5000000596046448
784.0,-2.6169533729553223,-2.343930959701538,-1.7180094718933105,-1.3650641441345215,0.7234156727790833,-0.7125359773635864,1.1077748537063599,0.27524980902671814,0.09180305898189545,0.8660253882408142,0.0,0.0,0.5000000596046448
785.0,-2.6157400608062744,-2.332306385040283,-1.7216023206710815,-1.3741320371627808,0.7242113947868347,-0.7111527919769287,1.1049624681472778,0.27524980902671814,0.10219721496105194,0.866025447845459,0.0,0.0,0.5
786.0,-2.822147846221924,-2.2194154262542725,-1.8926987648010254,-0.6002748012542725,1.5707963705062866,1.890241026878357,1.0995384454727173,0.15198743343353271,0.1676350086927414,0.0,1.0,0.0,0.0
787.0,-2.830146074295044,-2.225721836090088,-1.8784277439117432,-0.6082395315170288,1.5707963705062866,1.8822429180145264,1.1093790531158447,0.14597643911838531,0.1676350086927414,0.0,1.0,0.0,0.0
788.0,-2.8193185329437256,-2.2268223762512207,-1.8759396076202393,-0.6096270084381104,1.5707963705062866,1.8930704593658447,1.1092334985733032,0.15848025679588318,0.1676350086927414,0.0,1.0,0.0,0.0
789.0,-2.8078269958496094,-2.226872205734253,-1.8758268356323242,-0.6096898317337036,1.5707963705062866,1.9045618772506714,1.1074068546295166,0.1712397187948227,0.1676350086927414,0.0,1.0,0.0,0.0
790.0,-2.6220169067382812,-2.335451602935791,-1.698409080505371,-1.3887901306152344,0.7201057076454163,-0.7183358073234558,1.1196467876434326,0.27524980902671814,0.11002762615680695,0.8660253882408142,0.0,0.0,0.5000000596046448
791.0,-2.815704107284546,-2.2396044731140137,-1.847099781036377,-0.6256846785545349,1.5707963705062866,1.896685004234314,1.1259211301803589,0.16832402348518372,0.1676350086927414,0.0,1.0,0.0,0.0
792.0,-2.8303349018096924,-2.2415881156921387,-1.8426332473754883,-0.6281677484512329,1.5707963705062866,1.882054090499878,1.1309341192245483,0.15269266068935394,0.1676350086927414,0.0,1.0,0.0,0.0
793.0,-2.8358571529388428,-2.2489585876464844,-1.8260560035705566,-0.6373745203018188,1.5707963705062866,1.876531958580017,1.1416513919830322,0.14956708252429962,0.1676350086927414,0.0,1.0,0.0,0.0
794.0,-2.846278429031372,-2.245067834854126,-1.8348027467727661,-0.6325183510780334,1.5707963705062866,1.8661106824874878,1.1379197835922241,0.13607129454612732,0.1676350086927414,0.0,1.0,0.0,0.0
795.0,-2.8376452922821045,-2.238189697265625,-1.8502873182296753,-0.6239120960235596,1.5707963705062866,1.8747438192367554,1.1274299621582031,0.14298133552074432,0.1676350086927414,0.0,1.0,0.0,0.0
796.0,-2.8436076641082764,-2.2329764366149902,-1.8620418310165405,-0.6173706650733948,1.5707963705062866,1.868781328201294,1.121174693107605,0.13407975435256958,0.1676350086927414,0.0,1.0,0.0,0.0
797.0,-2.8523712158203125,-2.2296717166900635,-1.8695018291473389,-0.6132153868675232,1.5707963705062866,1.8600178956985474,1.1177805662155151,0.1229025349020958,0.1676350086927414,0.0,1.0,0.0,0.0
798.0,-2.8515963554382324,-2.2387290000915527,-1.849071741104126,-0.624588131904602,1.5707963705062866,1.8607927560806274,1.1300477981567383,0.12745779752731323,0.1676350086927414,0.0,1.0,0.0,0.0
799.0,-2.8614509105682373,-2.235445022583008,-1.8564735651016235,-0.6204702854156494,1.5707963705062866,1.850938081741333,1.126767635345459,0.11502621322870255,0.1676350086927414,0.0,1.0,0.0,0.0
800.0,-2.871628999710083,-2.229678153991699,-1.8694875240325928,-0.6132233142852783,1.5707963705062866,1.8407598733901978,1.1199487447738647,0.10135728120803833,0.1676350086927414,0.0,1.0,0.0,0.0
801.0,-2.8806722164154053,-2.2314934730529785,-1.8653889894485474,-0.615506649017334,1.5707963705062866,1.8317168951034546,1.123327612876892,0.0918952226638794,0.1676350086927414,0.0,1.0,0.0,0.0
802.0,-2.885132312774658,-2.2246272563934326,-1.8809024095535278,-0.6068592667579651,1.5707963705062866,1.8272565603256226,1.1142022609710693,0.0843864157795906,0.1676350086927414,0.0,1.0,0.0,0.0
803.0,-2.874464273452759,-2.222339153289795,-1.8860794305801392,-0.6039705276489258,1.5707963705062866,1.8379247188568115,1.1100575923919678,0.09539730101823807,0.1676350086927414,0.0,1.0,0.0,0.0
804.0,-2.8631670475006104,-2.2219080924987793,-1.887054443359375,-0.6034262776374817,1.5707963705062866,1.84922194480896,1.1083111763000488,0.10776061564683914,0.1676350086927414,0.0,1.0,0.0,0.0
805.0,-2.876290798187256,-2.2145941257476807,-1.9036270380020142,-0.5941677689552307,1.5707963705062866,1.8360981941223145,1.099399209022522,0.09042690694332123,0.1676350086927414,0.0,1.0,0.0,0.0
806.0,-2.887943744659424,-2.214311361312866,-1.904268503189087,-0.5938090682029724,1.5707963705062866,1.8244452476501465,1.0999798774719238,0.07750649005174637,0.1676350086927414,0.0,1.0,0.0,0.0
807.0,-2.89532208442688,-2.2236242294311523,-1.8831714391708374,-0.6055933237075806,1.5707963705062866,1.8170667886734009,1.113603115081787,0.07267662137746811,0.1676350086927414,0.0,1.0,0.0,0.0
808.0,-2.906773567199707,-2.224604368209839,-1.880954623222351,-0.6068301200866699,1.5707963705062866,1.8056153059005737,1.1157350540161133,0.06024808809161186,0.1676350086927414,0.0,1.0,0.0,0.0
809.0,-2.917370080947876,-2.228855609893799,-1.8713451623916626,-0.6121881008148193,1.5707963705062866,1.7950187921524048,1.1222635507583618,0.04977959021925926,0.1676350086927414,0.0,1.0,0.0,0.0
810.0,-2.894947052001953,-2.234714984893799,-1.858120322227478,-0.619553804397583,1.5707963705062866,1.8174420595169067,1.1289801597595215,0.07697279751300812,0.1676350086927414,0.0,1.0,0.0,0.0
811.0,-2.887002468109131,-2.2390379905700684,-1.8483760356903076,-0.6249750256538391,1.5707963705062866,1.82538640499115,1.134274959564209,0.0874856561422348,0.1676350086927414,0.0,1.0,0.0,0.0
812.0,-2.9061410427093506,-2.2393832206726074,-1.8475981950759888,-0.6254075765609741,1.5707963705062866,1.8062478303909302,1.1362172365188599,0.06587669253349304,0.1676350086927414,0.0,1.0,0.0,0.0
813.0,-2.9153056144714355,-2.2376811504364014,-1.8514330387115479,-0.6232748031616211,1.5707963705062866,1.7970834970474243,1.134421706199646,0.054919954389333725,0.1676350086927414,0.0,1.0,0.0,0.0
814.0,-2.9141318798065186,-2.245267868041992,-1.834352970123291,-0.6327682137489319,1.5707963705062866,1.7982569932937622,1.144801378250122,0.05866890028119087,0.1676350086927414,0.0,1.0,0.0,0.0
815.0,-2.9265081882476807,-2.244270086288452,-1.8365970849990845,-0.6315217018127441,1.5707963705062866,1.7858809232711792,1.144067406654358,0.04419674351811409,0.1676350086927414,0.0,1.0,0.0,0.0
816.0,-2.9267942905426025,-2.234842300415039,-1.857832670211792,-0.6197138428688049,1.5707963705062866,1.7855947017669678,1.1310359239578247,0.041023556143045425,0.1676350086927414,0.0,1.0,0.0,0.0
817.0,-2.9390764236450195,-2.2373218536376953,-1.8522425889968872,-0.6228244304656982,1.5707963705062866,1.7733124494552612,1.1349071264266968,0.027838084846735,0.1676350086927414,0.0,1.0,0.0,0.0
818.0,-2.9522082805633545,-2.2325997352600098,-1.8628920316696167,-0.6168972253799438,1.5707963705062866,1.7601808309555054,1.1285741329193115,0.011667642742395401,0.1676350086927414,0.0,1.0,0.0,0.0
819.0,-2.9399185180664062,-2.2269558906555176,-1.8756377696990967,-0.609795331954956,1.5707963705062866,1.772470474243164,1.1204310655593872,0.02391812950372696,0.1676350086927414,0.0,1.0,0.0,0.0
820.0,-2.925448417663574,-2.2264678478240967,-1.8767410516738892,-0.6091801524162292,1.5707963705062866,1.7869406938552856,1.1192829608917236,0.0399775356054306,0.1676350086927414,0.0,1.0,0.0,0.0
821.0,-2.924250602722168,-2.2142131328582764,-1.9044913053512573,-0.5936844944953918,1.5707963705062866,1.7881382703781128,1.1019287109375,0.037496455013751984,0.1676350086927414,0.0,1.0,0.0,0.0
822.0,-2.9359850883483887,-2.216646432876587,-1.8989732265472412,-0.5967693328857422,1.5707963705062866,1.7764039039611816,1.1057562828063965,0.025285929441452026,0.1676350086927414,0.0,1.0,0.0,0.0
823.0,-2.946988821029663,-2.220573663711548,-1.89007568359375,-0.6017396450042725,1.5707963705062866,1.7654000520706177,1.1115503311157227,0.01421748474240303,0.1676350086927414,0.0,1.0,0.0,0.0
824.0,-2.957212209701538,-2.2238569259643555,-1.8826450109481812,-0.6058870553970337,1.5707963705062866,1.7551769018173218,1.1162956953048706,0.003722067456692457,0.1676350086927414,0.0,1.0,0.0,0.0
825.0,-2.9693961143493652,-2.2247250080108643,-1.8806812763214111,-0.6069825291633606,1.5707963705062866,1.742992877960205,1.1174898147583008,-0.00966463703662157,0.1676350086927414,0.0,1.0,0.0,0.0
826.0,-2.9628560543060303,-2.2152812480926514,-1.9020683765411377,-0.5950392484664917,1.5707963705062866,1.74953293800354,1.1040844917297363,-0.004784928169101477,0.1676350086927414,0.0,1.0,0.0,0.0
827.0,-2.9728922843933105,-2.2107794284820557,-1.9122852087020874,-0.5893243551254272,1.5707963705062866,1.7394967079162598,1.0975111722946167,-0.01696723885834217,0.1676350086927414,0.0,1.0,0.0,0.0
828.0,-2.959829330444336,-2.2047276496887207,-1.9260421991348267,-0.5816192626953125,1.5707963705062866,1.7525595426559448,1.088912010192871,-0.004233597312122583,0.1676350086927414,0.0,1.0,0.0,0.0
829.0,-2.9500575065612793,-2.209711790084839,-1.914710283279419,-0.5879669189453125,1.5707963705062866,1.762331485748291,1.0960798263549805,0.007799140643328428,0.1676350086927414,0.0,1.0,0.0,0.0
830.0,-2.944793939590454,-2.199700117111206,-1.9374910593032837,-0.5751978158950806,1.5707963705062866,1.7675950527191162,1.0815794467926025,0.010688494890928268,0.1676350086927414,0.0,1.0,0.0,0.0
831.0,-2.9389126300811768,-2.205739974975586,-1.923738718032837,-0.5829102396965027,1.5707963705062866,1.773476243019104,1.09022057056427,0.018841788172721863,0.1676350086927414,0.0,1.0,0.0,0.0
832.0,-2.9244441986083984,-2.203355073928833,-1.9291657209396362,-0.5798681974411011,1.5707963705062866,1.7879446744918823,1.0864070653915405,0.033857040107250214,0.1676350086927414,0.0,1.0,0.0,0.0
833.0,-2.911170721054077,-2.2162458896636963,-1.899881362915039,-0.596261739730835,1.5707963705062866,1.8012181520462036,1.104222059249878,0.052581045776605606,0.1676350086927414,0.0,1.0,0.0,0.0
834.0,-2.9009342193603516,-2.2163889408111572,-1.8995568752288818,-0.5964431166648865,1.5707963705062866,1.8114547729492188,1.1038278341293335,0.06393106281757355,0.1676350086927414,0.0,1.0,0.0,0.0
835.0,-2.8969430923461914,-2.207425117492676,-1.919906735420227,-0.5850570797920227,1.5707963705062866,1.815445899963379,1.0908701419830322,0.06516716629266739,0.1676350086927414,0.0,1.0,0.0,0.0
836.0,-2.8861823081970215,-2.2065768241882324,-1.9218358993530273,-0.5839763879776001,1.5707963705062866,1.8262066841125488,1.088901162147522,0.07658714801073074,0.1676350086927414,0.0,1.0,0.0,0.0
837.0,-2.8850760459899902,-2.1985487937927246,-1.9401155710220337,-0.573724627494812,1.5707963705062866,1.82731294631958,1.0773652791976929,0.07478835433721542,0.1676350086927414,0.0,1.0,0.0,0.0
838.0,-2.903533458709717,-2.202293872833252,-1.931581974029541,-0.5785132050514221,1.5707963705062866,1.808855652809143,1.0839413404464722,0.05619681254029274,0.1676350086927414,0.0,1.0,0.0,0.0
839.0,-2.9300525188446045,-2.194807529449463,-1.9486514329910278,-0.5689300894737244,1.5707963705062866,1.7823364734649658,1.074209451675415,0.02510712668299675,0.1676350086927414,0.0,1.0,0.0,0.0
840.0,-2.9178225994110107,-2.195878744125366,-1.946205973625183,-0.5703042149543762,1.5707963705062866,1.7945663928985596,1.0753748416900635,0.038595762103796005,0.1676350086927414,0.0,1.0,0.0,0.0
841.0,-2.904801607131958,-2.192497730255127,-1.9539263248443604,-0.5659647583961487,1.5707963705062866,1.8075873851776123,1.0698899030685425,0.05141424015164375,0.1676350086927414,0.0,1.0,0.0,0.0
842.0,-2.8855419158935547,-2.1900999546051025,-1.9594075679779053,-0.5628815293312073,1.5707963705062866,1.8268471956253052,1.0652379989624023,0.0711025595664978,0.1676350086927414,0.0,1.0,0.0,0.0
843.0,-2.904104709625244,-2.184736490249634,-1.971684217453003,-0.5559682250022888,1.5707963705062866,1.8082842826843262,1.058558464050293,0.04942568764090538,0.1676350086927414,0.0,1.0,0.0,0.0
844.0,-2.8928449153900146,-2.181082010269165,-1.980063557624817,-0.5512434840202332,1.5707963705062866,1.8195440769195557,1.0525974035263062,0.059985700994729996,0.1676350086927414,0.0,1.0,0.0,0.0
845.0,-2.8814187049865723,-2.1791598796844482,-1.9844751358032227,-0.5487539172172546,1.5707963705062866,1.830970287322998,1.0490357875823975,0.07126129418611526,0.1676350086927414,0.0,1.0,0.0,0.0
846.0,-2.8767893314361572,-2.186089515686035,-1.9685847759246826,-0.557714581489563,1.5707963705062866,1.835599660873413,1.0587760210037231,0.07885068655014038,0.1676350086927414,0.0,1.0,0.0,0.0
847.0,-2.8745017051696777,-2.1936283111572266,-1.9513440132141113,-0.5674167275428772,1.5707963705062866,1.8378872871398926,1.0694658756256104,0.08424770832061768,0.1676350086927414,0.0,1.0,0.0,0.0
848.0,-2.8651747703552246,-2.190934658050537,-1.9574987888336182,-0.5639554858207703,1.5707963705062866,1.8472143411636353,1.0647691488265991,0.09312257170677185,0.1676350086927414,0.0,1.0,0.0,0.0
849.0,-2.860973358154297,-2.1830384731292725,-1.9755759239196777,-0.5537744760513306,1.5707963705062866,1.851415753364563,1.052986979484558,0.09431485086679459,0.1676350086927414,0.0,1.0,0.0,0.0
850.0,-2.8528220653533936,-2.1900222301483154,-1.959585189819336,-0.562781572341919,1.5707963705062866,1.8595668077468872,1.0622304677963257,0.10587946325540543,0.1676350086927414,0.0,1.0,0.0,0.0
851.0,-2.859616756439209,-2.1976771354675293,-1.9421032667160034,-0.5726085901260376,1.5707963705062866,1.8527721166610718,1.0738717317581177,0.1018306165933609,0.1676350086927414,0.0,1.0,0.0,0.0
852.0,-2.8751394748687744,-2.2019569873809814,-1.9323490858078003,-0.5780828595161438,1.5707963705062866,1.837249517440796,1.0814296007156372,0.08681640774011612,0.1676350086927414,0.0,1.0,0.0,0.0
853.0,-2.851750373840332,-2.205742359161377,-1.9237333536148071,-0.5829132199287415,1.5707963705062866,1.8606386184692383,1.0844448804855347,0.11367707699537277,0.1676350086927414,0.0,1.0,0.0,0.0
854.0,-2.8610503673553467,-2.2112009525299072,-1.9113280773162842,-0.5898599624633789,1.5707963705062866,1.8513387441635132,1.0931395292282104,0.10580132156610489,0.1676350086927414,0.0,1.0,0.0,0.0
855.0,-2.849299192428589,-2.215960741043091,-1.900527834892273,-0.5959004759788513,1.5707963705062866,1.8630897998809814,1.0984612703323364,0.12063752859830856,0.1676350086927414,0.0,1.0,0.0,0.0
856.0,-2.840705394744873,-2.2200214862823486,-1.8913259506225586,-0.6010414958000183,1.5707963705062866,1.8716835975646973,1.103007197380066,0.1318177878856659,0.1676350086927414,0.0,1.0,0.0,0.0
857.0,-2.8404953479766846,-2.210308313369751,-1.9133551120758057,-0.5887255668640137,1.5707963705062866,1.8718935251235962,1.0894883871078491,0.12785983085632324,0.1676350086927414,0.0,1.0,0.0,0.0
858.0,-2.831472396850586,-2.2058305740356445,-1.9235328435897827,-0.5830255746841431,1.5707963705062866,1.8809165954589844,1.0820403099060059,0.13568207621574402,0.1676350086927414,0.0,1.0,0.0,0.0
859.0,-2.829697608947754,-2.215982675552368,-1.9004780054092407,-0.5959283113479614,1.5707963705062866,1.8826913833618164,1.0959161520004272,0.14215432107448578,0.1676350086927414,0.0,1.0,0.0,0.0
860.0,-2.822608232498169,-2.2103350162506104,-1.9132941961288452,-0.5887596011161804,1.5707963705062866,1.889780879020691,1.0870643854141235,0.1473386436700821,0.1676350086927414,0.0,1.0,0.0,0.0
861.0,-2.8128697872161865,-2.2125988006591797,-1.9081544876098633,-0.5916357040405273,1.5707963705062866,1.8995193243026733,1.088706612586975,0.15898497402668,0.1676350086927414,0.0,1.0,0.0,0.0
862.0,-2.8054449558258057,-2.2183899879455566,-1.895021915435791,-0.5989771485328674,1.5707963705062866,1.906943917274475,1.0954443216323853,0.1698409616947174,0.1676350086927414,0.0,1.0,0.0,0.0
863.0,-2.7991228103637695,-2.2117977142333984,-1.9099732637405396,-0.5906181335449219,1.5707963705062866,1.9132663011550903,1.0853170156478882,0.173543319106102,0.1676350086927414,0.0,1.0,0.0,0.0
864.0,-2.6090846061706543,-2.3217318058013916,-1.7446866035461426,-1.3672617673873901,0.728592038154602,-0.7036093473434448,1.089753270149231,0.27524980902671814,0.10224290192127228,0.8660253882408142,0.0,0.0,0.5000000596046448
865.0,-2.603994607925415,-2.322263240814209,-1.7624318599700928,-1.3532458543777466,0.7319615483283997,-0.697890043258667,1.0783624649047852,0.27524980902671814,0.09350188076496124,0.866025447845459,0.0,0.0,0.5
866.0,-2.603435754776001,-2.30961537361145,-1.7633531093597412,-1.3654375076293945,0.7323323488235474,-0.6972646713256836,1.0771243572235107,0.27524980902671814,0.10589782893657684,0.8660253882408142,0.0,0.0,0.5000000596046448
867.0,-2.5961251258850098,-2.303959608078003,-1.7875282764434814,-1.3529529571533203,0.7372024655342102,-0.6891316771507263,1.0611492395401,0.27524980902671814,0.10050176084041595,0.8660253882408142,0.0,0.0,0.5000000596046448
868.0,-2.7877721786499023,-2.1990253925323486,-1.9390287399291992,-0.5743347406387329,1.5707963705062866,1.924616813659668,1.0656654834747314,0.17934556305408478,0.1676350086927414,0.0,1.0,0.0,0.0
869.0,-2.7977662086486816,-2.2027769088745117,-1.9304821491241455,-0.5791299939155579,1.5707963705062866,1.9146227836608887,1.0726220607757568,0.17055462300777435,0.1676350086927414,0.0,1.0,0.0,0.0
870.0,-2.8094208240509033,-2.204205274581909,-1.9272305965423584,-0.5809531211853027,1.5707963705062866,1.902968168258667,1.0765260457992554,0.1587284952402115,0.1676350086927414,0.0,1.0,0.0,0.0
871.0,-2.8043036460876465,-2.1968960762023926,-1.9438849687576294,-0.5716079473495483,1.5707963705062866,1.9080853462219238,1.0655063390731812,0.16066046059131622,0.1676350086927414,0.0,1.0,0.0,0.0
872.0,-2.808901071548462,-2.190814733505249,-1.9577728509902954,-0.5638012886047363,1.5707963705062866,1.9034879207611084,1.0576767921447754,0.15280349552631378,0.1676350086927414,0.0,1.0,0.0,0.0
873.0,-2.818652629852295,-2.1995198726654053,-1.9379016160964966,-0.5749674439430237,1.5707963705062866,1.8937363624572754,1.0713887214660645,0.1465892791748047,0.1676350086927414,0.0,1.0,0.0,0.0
874.0,-2.834470510482788,-2.197097063064575,-1.9434266090393066,-0.571865439414978,1.5707963705062866,1.8779183626174927,1.070151686668396,0.1285392940044403,0.1676350086927414,0.0,1.0,0.0,0.0
875.0,-2.8236563205718994,-2.190566062927246,-1.9583418369293213,-0.5634811520576477,1.5707963705062866,1.888732671737671,1.0594631433486938,0.1370648890733719,0.1676350086927414,0.0,1.0,0.0,0.0
876.0,-2.8305463790893555,-2.185540199279785,-1.9698433876037598,-0.5570055246353149,1.5707963705062866,1.8818426132202148,1.0532134771347046,0.12745726108551025,0.1676350086927414,0.0,1.0,0.0,0.0
877.0,-2.8415660858154297,-2.1903417110443115,-1.9588547945022583,-0.56319260597229,1.5707963705062866,1.8708229064941406,1.0614275932312012,0.11797017604112625,0.1676350086927414,0.0,1.0,0.0,0.0
878.0,-2.846989393234253,-2.182703971862793,-1.976343035697937,-0.5533419251441956,1.5707963705062866,1.8653995990753174,1.051082730293274,0.10888359695672989,0.1676350086927414,0.0,1.0,0.0,0.0
879.0,-2.835761785507202,-2.1800479888916016,-1.9824362993240356,-0.5499047040939331,1.5707963705062866,1.8766270875930786,1.0459710359573364,0.11947051435709,0.1676350086927414,0.0,1.0,0.0,0.0
880.0,-2.8240342140197754,-2.1775684356689453,-1.9881304502487183,-0.5466901063919067,1.5707963705062866,1.8883548974990845,1.040932297706604,0.1305568963289261,0.1676350086927414,0.0,1.0,0.0,0.0
881.0,-2.811946392059326,-2.178163528442383,-1.9867632389068604,-0.5474621653556824,1.5707963705062866,1.9004427194595337,1.0401314496994019,0.14342157542705536,0.1676350086927414,0.0,1.0,0.0,0.0
882.0,-2.8177273273468018,-2.1714930534362793,-2.002105474472046,-0.5387904047966003,1.5707963705062866,1.894661545753479,1.0313280820846558,0.1341785192489624,0.1676350086927414,0.0,1.0,0.0,0.0
883.0,-2.8015809059143066,-2.173494577407837,-1.99749755859375,-0.5413967967033386,1.5707963705062866,1.9108080863952637,1.031903862953186,0.1518302857875824,0.1676350086927414,0.0,1.0,0.0,0.0
884.0,-2.8137412071228027,-2.1851837635040283,-1.9706594944000244,-0.5565456748008728,1.5707963705062866,1.8986477851867676,1.0504159927368164,0.1449655294418335,0.1676350086927414,0.0,1.0,0.0,0.0
885.0,-2.801650285720825,-2.183043956756592,-1.975563645362854,-0.5537813901901245,1.5707963705062866,1.9107388257980347,1.0455505847930908,0.15658144652843475,0.1676350086927414,0.0,1.0,0.0,0.0
886.0,-2.7934608459472656,-2.189131498336792,-1.9616222381591797,-0.5616351962089539,1.5707963705062866,1.9189281463623047,1.0528258085250854,0.16825690865516663,0.1676350086927414,0.0,1.0,0.0,0.0
887.0,-2.5909361839294434,-2.293003559112549,-1.8035523891448975,-1.3521126508712769,0.7406788468360901,-0.6834121346473694,1.0500547885894775,0.27524980902671814,0.10414241254329681,0.8660253882408142,0.0,0.0,0.5000000596046448
888.0,-2.583563804626465,-2.2769758701324463,-1.8254903554916382,-1.3521311283111572,0.7456459403038025,-0.6753603219985962,1.0346276760101318,0.27524980902671814,0.11001650989055634,0.866025447845459,0.0,0.0,0.5
889.0,-2.787003993988037,-2.179516315460205,-1.9836570024490356,-0.5492157936096191,1.5707963705062866,1.9253849983215332,1.0381511449813843,0.1700284332036972,0.1676350086927414,0.0,1.0,0.0,0.0
890.0,-2.785797357559204,-2.1727068424224854,-1.9993107318878174,-0.5403714179992676,1.5707963705062866,1.9265915155410767,1.0282540321350098,0.16767962276935577,0.1676350086927414,0.0,1.0,0.0,0.0
891.0,-2.773871898651123,-2.170856237411499,-2.003572463989258,-0.537960410118103,1.5707963705062866,1.9385170936584473,1.0235466957092285,0.1789148598909378,0.1676350086927414,0.0,1.0,0.0,0.0
892.0,-2.576014995574951,-2.27669095993042,-1.848564624786377,-1.3353185653686523,0.7507649660110474,-0.6672053337097168,1.0192257165908813,0.27524980902671814,0.10011960566043854,0.866025447845459,0.0,0.0,0.5
893.0,-2.5823044776916504,-2.2870144844055176,-1.8302793502807617,-1.3383070230484009,0.7464975118637085,-0.6739937663078308,1.0320312976837158,0.27524980902671814,0.09812723100185394,0.866025447845459,0.0,0.0,0.5
894.0,-2.5882012844085693,-2.2994496822357178,-1.8127926588058472,-1.3386363983154297,0.7425177097320557,-0.6804148554801941,1.0442862510681152,0.27524980902671814,0.0936659723520279,0.8660253882408142,0.0,0.0,0.5000000596046448
895.0,-2.580413579940796,-2.2957136631011963,-1.8366479873657227,-1.3247413635253906,0.747778058052063,-0.671946108341217,1.0281527042388916,0.27524980902671814,0.08691684901714325,0.8660253882408142,0.0,0.0,0.5000000596046448
896.0,-2.5741915702819824,-2.2899885177612305,-1.8548798561096191,-1.3171354532241821,0.7520063519477844,-0.6652488708496094,1.0155633687973022,0.27524980902671814,0.08465893566608429,0.8660253882408142,0.0,0.0,0.5000000596046448
897.0,-2.569317579269409,-2.271801710128784,-1.8679002523422241,-1.326096773147583,0.7553339600563049,-0.6600449085235596,1.0058823823928833,0.27524980902671814,0.0964692085981369,0.8660253882408142,0.0,0.0,0.5000000596046448
898.0,-2.5641369819641113,-2.2652077674865723,-1.8822221755981445,-1.3223598003387451,0.75888592004776,-0.6545537114143372,0.9957606196403503,0.27524980902671814,0.09662474691867828,0.866025447845459,0.0,0.0,0.5
899.0,-2.560110330581665,-2.2698135375976562,-1.8937846422195435,-1.3092637062072754,0.761656641960144,-0.650314211845398,0.9880114197731018,0.27524980902671814,0.08749492466449738,0.8660253882408142,0.0,0.0,0.5000000596046448
900.0,-2.567922353744507,-2.2821013927459717,-1.8725879192352295,-1.3121882677078247,0.7562891244888306,-0.6585620641708374,1.0031394958496094,0.27524980902671814,0.08473335206508636,0.866025447845459,0.0,0.0,0.5
901.0,-2.5637001991271973,-2.2842330932617188,-1.8845990896224976,-1.301291823387146,0.7591859102249146,-0.6540927886962891,0.9949154257774353,0.27524980902671814,0.07776378095149994,0.866025447845459,0.0,0.0,0.5
902.0,-2.5632925033569336,-2.2999465465545654,-1.8862398862838745,-1.2842497825622559,0.759466290473938,-0.6536625027656555,0.9941270351409912,0.27524980902671814,0.06233729049563408,0.866025447845459,0.0,0.0,0.5
903.0,-2.55818772315979,-2.284677505493164,-1.8997533321380615,-1.289888858795166,0.762982964515686,-0.6482985615730286,0.9843465685844421,0.27524980902671814,0.0712260752916336,0.866025447845459,0.0,0.0,0.5
904.0,-2.554550886154175,-2.2690484523773193,-1.908864974975586,-1.2991477251052856,0.7654972076416016,-0.6445010304450989,0.9774759411811829,0.27524980902671814,0.08205761015415192,0.866025447845459,0.0,0.0,0.5
905.0,-2.5435502529144287,-2.261157274246216,-1.9372403621673584,-1.2868289947509766,0.7731452584266663,-0.6331346035003662,0.9571720957756042,0.27524980902671814,0.07800351083278656,0.8660253882408142,0.0,0.0,0.5000000596046448
906.0,-2.542639970779419,-2.275742292404175,-1.9400726556777954,-1.2700790166854858,0.7737811803817749,-0.6322020292282104,0.9555231332778931,0.27524980902671814,0.0637073963880539,0.866025447845459,0.0,0.0,0.5
907.0,-2.5482795238494873,-2.2776427268981934,-1.9257344007492065,-1.2783622741699219,0.769849419593811,-0.6379992365837097,0.965814471244812,0.27524980902671814,0.0674864798784256,0.866025447845459,0.0,0.0,0.5
908.0,-2.5514392852783203,-2.292095184326172,-1.9178498983383179,-1.2694449424743652,0.7676539421081543,-0.641267716884613,0.9716609120368958,0.27524980902671814,0.057278167456388474,0.866025447845459,0.0,0.0,0.5
909.0,-2.558523654937744,-2.30177903175354,-1.89923095703125,-1.2730553150177002,0.762751042842865,-0.6486504673957825,0.9849854111671448,0.27524980902671814,0.055508803576231,0.866025447845459,0.0,0.0,0.5
910.0,-2.5544254779815674,-2.308465003967285,-1.9101117849349976,-1.2585784196853638,0.7655839323997498,-0.6443705558776855,0.9772407412528992,0.27524980902671814,0.04512510821223259,0.866025447845459,0.0,0.0,0.5
911.0,-2.5494701862335205,-2.3121626377105713,-1.9228829145431519,-1.2458105087280273,0.7690215110778809,-0.6392291188240051,0.968010663986206,0.27524980902671814,0.03695152327418327,0.866025447845459,0.0,0.0,0.5
912.0,-2.5560898780822754,-2.327979326248169,-1.905393362045288,-1.2425308227539062,0.7644323706626892,-0.6461055874824524,0.9803735613822937,0.27524980902671814,0.028794776648283005,0.866025447845459,0.0,0.0,0.5
913.0,-2.5612597465515137,-2.3162035942077637,-1.891885757446289,-1.2638981342315674,0.7608649730682373,-0.6515217423439026,0.9902128577232361,0.27524980902671814,0.044872384518384933,0.866025447845459,0.0,0.0,0.5
914.0,-2.5670599937438965,-2.3276586532592773,-1.8759138584136963,-1.2639704942703247,0.7568799257278442,-0.6576470732688904,1.0014506578445435,0.27524980902671814,0.04024500772356987,0.866025447845459,0.0,0.0,0.5
915.0,-2.5740859508514404,-2.3356807231903076,-1.8560575246810913,-1.270348072052002,0.7520782947540283,-0.6651358604431152,1.0153521299362183,0.27524980902671814,0.040356677025556564,0.866025447845459,0.0,0.0,0.5
916.0,-2.574263572692871,-2.3226277828216553,-1.855629563331604,-1.2836902141571045,0.7519572973251343,-0.6653261184692383,1.0157077312469482,0.27524980902671814,0.05305502936244011,0.866025447845459,0.0,0.0,0.5
917.0,-2.578547954559326,-2.3347344398498535,-1.8431791067123413,-1.2806655168533325,0.7490435242652893,-0.6699318289756775,1.0243505239486694,0.27524980902671814,0.04640234634280205,0.866025447845459,0.0,0.0,0.5
918.0,-2.5835652351379395,-2.3376317024230957,-1.828303337097168,-1.2886611223220825,0.7456450462341309,-0.6753618121147156,1.034630537033081,0.27524980902671814,0.049630116671323776,0.866025447845459,0.0,0.0,0.5
919.0,-2.580531597137451,-2.324652671813965,-1.8373072147369385,-1.2950493097305298,0.7476981282234192,-0.6720739006996155,1.0283942222595215,0.27524980902671814,0.058567535132169724,0.866025447845459,0.0,0.0,0.5
920.0,-2.569742202758789,-2.309309720993042,-1.8684014081954956,-1.2877583503723145,0.755043625831604,-0.6604968905448914,1.0067194700241089,0.27524980902671814,0.06063226982951164,0.866025447845459,0.0,0.0,0.5
921.0,-2.573035955429077,-2.3042116165161133,-1.8588563203811646,-1.2998391389846802,0.7527941465377808,-0.6640117764472961,1.013253927230835,0.27524980902671814,0.0693848580121994,0.866025447845459,0.0,0.0,0.5
922.0,-2.577925205230713,-2.3067400455474854,-1.8446232080459595,-1.30770742893219,0.7494664192199707,-0.6692605018615723,1.023086428642273,0.27524980902671814,0.0728672593832016,0.866025447845459,0.0,0.0,0.5
923.0,-2.583767890930176,-2.320605516433716,-1.8275089263916016,-1.3063198328018188,0.7455078959465027,-0.675582230091095,1.0350499153137207,0.27524980902671814,0.0665888637304306,0.866025447845459,0.0,0.0,0.5
924.0,-2.5869767665863037,-2.3141276836395264,-1.8174428939819336,-1.3202933073043823,0.7433425784111023,-0.6790769100189209,1.0417211055755615,0.27524980902671814,0.07721437513828278,0.866025447845459,0.0,0.0,0.5
925.0,-2.5892770290374756,-2.329775810241699,-1.8107768297195435,-1.3094580173492432,0.7417938709259033,-0.681592583656311,1.0465490818023682,0.27524980902671814,0.06466029584407806,0.866025447845459,0.0,0.0,0.5
926.0,-2.593242883682251,-2.3249528408050537,-1.7981246709823608,-1.3237169981002808,0.7391314506530762,-0.6859495043754578,1.0549622774124146,0.27524980902671814,0.07487832009792328,0.866025447845459,0.0,0.0,0.5
927.0,-2.5978329181671143,-2.322716236114502,-1.7831354141235352,-1.3371875286102295,0.7360617518424988,-0.6910238265991211,1.0648447275161743,0.27524980902671814,0.08370770514011383,0.8660253882408142,0.0,0.0,0.5000000596046448
928.0,-2.6049413681030273,-2.3335297107696533,-1.7598609924316406,-1.3437612056732178,0.7313334941864014,-0.6989505290985107,1.0804656744003296,0.27524980902671814,0.08322690427303314,0.8660253882408142,0.0,0.0,0.5000000596046448
929.0,-2.602782726287842,-2.34039044380188,-1.7674425840377808,-1.33111572265625,0.7327662110328674,-0.6965345740318298,1.0756804943084717,0.27524980902671814,0.07286785542964935,0.866025447845459,0.0,0.0,0.5
930.0,-2.6082589626312256,-2.350950241088867,-1.749169945716858,-1.3342543840408325,0.729137659072876,-0.7026785612106323,1.0878911018371582,0.27524980902671814,0.07025785744190216,0.866025447845459,0.0,0.0,0.5
931.0,-2.6103367805480957,-2.362830400466919,-1.7422388792037964,-1.327555775642395,0.7277657985687256,-0.7050228714942932,1.092586874961853,0.27524980902671814,0.06115538999438286,0.866025447845459,0.0,0.0,0.5
932.0,-2.606574773788452,-2.368032217025757,-1.755081057548523,-1.3126734495162964,0.7302516102790833,-0.7007837295532227,1.0841104984283447,0.27524980902671814,0.050171833485364914,0.866025447845459,0.0,0.0,0.5
933.0,-2.60139536857605,-2.351621389389038,-1.7722920179367065,-1.3161861896514893,0.7336884140968323,-0.6949859857559204,1.0726243257522583,0.27524980902671814,0.059373121708631516,0.866025447845459,0.0,0.0,0.5
934.0,-2.5965769290924072,-2.341609239578247,-1.7878656387329102,-1.314595341682434,0.7369004487991333,-0.6896320581436157,1.0621250867843628,0.27524980902671814,0.06270532310009003,0.866025447845459,0.0,0.0,0.5
935.0,-2.596952438354492,-2.3531150817871094,-1.7867422103881836,-1.3039048910140991,0.7366496920585632,-0.6900478601455688,1.0629369020462036,0.27524980902671814,0.051659148186445236,0.866025447845459,0.0,0.0,0.5
936.0,-2.5894663333892822,-2.3454554080963135,-1.8103169202804565,-1.2940853834152222,0.7416665554046631,-0.6818000078201294,1.0469480752944946,0.27524980902671814,0.04936973378062248,0.866025447845459,0.0,0.0,0.5
937.0,-2.6010215282440186,-2.366262197494507,-1.7734813690185547,-1.3006653785705566,0.7339369654655457,-0.6945694088935852,1.0718036890029907,0.27524980902671814,0.044060926884412766,0.866025447845459,0.0,0.0,0.5
938.0,-2.5952348709106445,-2.3631222248077393,-1.7920892238616943,-1.2899576425552368,0.7377976775169373,-0.6881475448608398,1.0592318773269653,0.27524980902671814,0.039392124861478806,0.866025447845459,0.0,0.0,0.5
939.0,-2.588992118835449,-2.362058162689209,-1.8114758729934692,-1.2767066955566406,0.741985559463501,-0.6812804341316223,1.04594886302948,0.27524980902671814,0.03248954936861992,0.866025447845459,0.0,0.0,0.5
940.0,-2.594977855682373,-2.373861074447632,-1.7925747632980347,-1.2789435386657715,0.7379697561264038,-0.6878634095191956,1.0586791038513184,0.27524980902671814,0.028455596417188644,0.866025447845459,0.0,0.0,0.5
941.0,-2.6009361743927,-2.3805389404296875,-1.773380160331726,-1.2865604162216187,0.7339937686920166,-0.6944742798805237,1.0716164112091064,0.27524980902671814,0.029666554182767868,0.866025447845459,0.0,0.0,0.5
942.0,-2.6061248779296875,-2.381568670272827,-1.7563477754592896,-1.2982466220855713,0.7305493950843811,-0.7002784609794617,1.0831046104431152,0.27524980902671814,0.035795580595731735,0.866025447845459,0.0,0.0,0.5
943.0,-2.61076283454895,-2.391038656234741,-1.7404476404190063,-1.300779104232788,0.7274848818778992,-0.7055044770240784,1.0935540199279785,0.27524980902671814,0.032877128571271896,0.866025447845459,0.0,0.0,0.5
944.0,-2.6052448749542236,-2.392881393432617,-1.7588129043579102,-1.2852041721343994,0.7311325073242188,-0.6992908120155334,1.0811411142349243,0.27524980902671814,0.023204516619443893,0.866025447845459,0.0,0.0,0.5
945.0,-2.6114084720611572,-2.403298854827881,-1.7377142906188965,-1.2907066345214844,0.7270593643188477,-0.7062347531318665,1.095022201538086,0.27524980902671814,0.021387677639722824,0.866025447845459,0.0,0.0,0.5
946.0,-2.6095306873321533,-2.410806655883789,-1.7435643672943115,-1.2789335250854492,0.7282976508140564,-0.7041126489639282,1.0907611846923828,0.27524980902671814,0.011185985989868641,0.866025447845459,0.0,0.0,0.5
947.0,-2.6036856174468994,-2.405305862426758,-1.7631422281265259,-1.2697501182556152,0.732166588306427,-0.697544276714325,1.077677607536316,0.27524980902671814,0.0087536396458745,0.866025447845459,0.0,0.0,0.5
948.0,-2.5974462032318115,-2.403831720352173,-1.7830733060836792,-1.2564518451690674,0.7363199591636658,-0.6905950307846069,1.0640060901641846,0.27524980902671814,0.002227541757747531,0.866025447845459,0.0,0.0,0.5
949.0,-2.598586082458496,-2.3904786109924316,-1.7804136276245117,-1.2715271711349487,0.7355594038963318,-0.6918598413467407,1.0664814710617065,0.27524980902671814,0.016738157719373703,0.866025447845459,0.0,0.0,0.5
950.0,-2.5935778617858887,-2.3832712173461914,-1.7964837551116943,-1.2667666673660278,0.7389070391654968,-0.686318576335907,1.055678129196167,0.27524980902671814,0.017473559826612473,0.866025447845459,0.0,0.0,0.5
951.0,-2.587754011154175,-2.3811826705932617,-1.8143210411071777,-1.255734920501709,0.7428188323974609,-0.6799261569976807,1.0433484315872192,0.27524980902671814,0.012473148293793201,0.866025447845459,0.0,0.0,0.5
952.0,-2.592428207397461,-2.3932313919067383,-1.7993749380111694,-1.25485098361969,0.7396776080131531,-0.6850524544715881,1.0532246828079224,0.27524980902671814,0.006397080607712269,0.866025447845459,0.0,0.0,0.5
953.0,-2.591923236846924,-2.407355308532715,-1.7997304201126099,-1.2407820224761963,0.7400164008140564,-0.6844967603683472,1.0521498918533325,0.27524980902671814,-0.007805514149367809,0.866025447845459,0.0,0.0,0.5
954.0,-2.585210084915161,-2.3926730155944824,-1.8210314512252808,-1.2395769357681274,0.7445340156555176,-0.6771507859230042,1.038038969039917,0.27524980902671814,-0.0014314830768853426,0.866025447845459,0.0,0.0,0.5
955.0,-2.580456256866455,-2.391796827316284,-1.8348966836929321,-1.2303756475448608,0.7477491497993469,-0.6719923615455627,1.0282400846481323,0.27524980902671814,-0.005795794539153576,0.866025447845459,0.0,0.0,0.5
956.0,-2.580082893371582,-2.3795974254608154,-1.836944818496704,-1.2408227920532227,0.748002290725708,-0.6715887188911438,1.0274770259857178,0.27524980902671814,0.005307716317474842,0.866025447845459,0.0,0.0,0.5
957.0,-2.581629514694214,-2.365962266921997,-1.8332855701446533,-1.2568899393081665,0.7469544410705566,-0.6732621788978577,1.0306438207626343,0.27524980902671814,0.019990693777799606,0.866025447845459,0.0,0.0,0.5
958.0,-2.58249568939209,-2.3523218631744385,-1.8312640190124512,-1.2718628644943237,0.7463681697845459,-0.6742010712623596,1.0324246883392334,0.27524980902671814,0.0340905599296093,0.866025447845459,0.0,0.0,0.5
959.0,-2.576845407485962,-2.3505918979644775,-1.8477835655212402,-1.261546015739441,0.7502002716064453,-0.668097972869873,1.020900845527649,0.27524980902671814,0.029248308390378952,0.866025447845459,0.0,0.0,0.5
960.0,-2.5698463916778564,-2.344008684158325,-1.8677819967269897,-1.2535979747772217,0.7549724578857422,-0.6606076955795288,1.0069248676300049,0.27524980902671814,0.027838658541440964,0.866025447845459,0.0,0.0,0.5
961.0,-2.569913387298584,-2.35685396194458,-1.8670284748077393,-1.2414542436599731,0.7549266219139099,-0.660679042339325,1.0070571899414062,0.27524980902671814,0.01587827131152153,0.866025447845459,0.0,0.0,0.5
962.0,-2.5632760524749756,-2.3452024459838867,-1.885683536529541,-1.2395626306533813,0.7594775557518005,-0.6536452174186707,0.9940952658653259,0.27524980902671814,0.019971322268247604,0.866025447845459,0.0,0.0,0.5
963.0,-2.5595571994781494,-2.351580858230591,-1.8952291011810303,-1.2264719009399414,0.7620380520820618,-0.64973384141922,0.9869548082351685,0.27524980902671814,0.010495048947632313,0.866025447845459,0.0,0.0,0.5
964.0,-2.567035675048828,-2.36503005027771,-1.874401569366455,-1.2281301021575928,0.7568966746330261,-0.6576212048530579,1.0014028549194336,0.27524980902671814,0.0053733112290501595,0.866025447845459,0.0,0.0,0.5
965.0,-2.5614922046661377,-2.3652195930480957,-1.889209508895874,-1.2173813581466675,0.760704755783081,-0.6517664194107056,0.9906595945358276,0.27524980902671814,-0.00014008879952598363,0.866025447845459,0.0,0.0,0.5
966.0,-2.564213514328003,-2.3798699378967285,-1.880774736404419,-1.209086298942566,0.7588332891464233,-0.6546345353126526,0.9959090352058411,0.27524980902671814,-0.01096412818878889,0.866025447845459,0.0,0.0,0.5
967.0,-2.5719497203826904,-2.3735711574554443,-1.8603321313858032,-1.2298506498336792,0.753535270690918,-0.6628507971763611,1.0110913515090942,0.27524980902671814,0.002386879874393344,0.866025447845459,0.0,0.0,0.5
968.0,-2.5747029781341553,-2.389082908630371,-1.8513970375061035,-1.2211235761642456,0.7516580820083618,-0.6657970547676086,1.0165882110595703,0.27524980902671814,-0.009244340471923351,0.866025447845459,0.0,0.0,0.5
969.0,-2.569587230682373,-2.3932924270629883,-1.8650381565093994,-1.2072590589523315,0.7551496028900146,-0.6603318452835083,1.0064138174057007,0.27524980902671814,-0.01817191019654274,0.866025447845459,0.0,0.0,0.5
970.0,-2.570612907409668,-2.409937620162964,-1.860347032546997,-1.1945091485977173,0.7544484734535217,-0.6614242196083069,1.0084396600723267,0.27524980902671814,-0.032449159771203995,0.866025447845459,0.0,0.0,0.5
971.0,-2.576421022415161,-2.404054880142212,-1.8450859785079956,-1.2111144065856934,0.750488817691803,-0.6676415801048279,1.020044207572937,0.27524980902671814,-0.021418187767267227,0.866025447845459,0.0,0.0,0.5
972.0,-2.586587429046631,-2.4122185707092285,-1.8151150941848755,-1.2248430252075195,0.743604838848114,-0.6786521673202515,1.0409080982208252,0.27524980902671814,-0.018443364650011063,0.866025447845459,0.0,0.0,0.5
973.0,-2.5919647216796875,-2.4195923805236816,-1.798344612121582,-1.2298970222473145,0.7399885654449463,-0.6845423579216003,1.052237868309021,0.27524980902671814,-0.019465211778879166,0.866025447845459,0.0,0.0,0.5
974.0,-2.587341547012329,-2.4259707927703857,-1.8112843036651611,-1.21431565284729,0.7430967092514038,-0.6794753074645996,1.0424842834472656,0.27524980902671814,-0.03060382977128029,0.866025447845459,0.0,0.0,0.5
975.0,-2.580456018447876,-2.418971061706543,-1.8319772481918335,-1.2061209678649902,0.7477493286132812,-0.6719921827316284,1.0282396078109741,0.27524980902671814,-0.03121360018849373,0.866025447845459,0.0,0.0,0.5
976.0,-2.5845227241516113,-2.433750867843628,-1.8184053897857666,-1.2016749382019043,0.744998037815094,-0.6764026880264282,1.0366125106811523,0.27524980902671814,-0.04084329679608345,0.866025447845459,0.0,0.0,0.5
977.0,-2.5791194438934326,-2.4334380626678467,-1.8337550163269043,-1.190934658050537,0.7486557960510254,-0.6705480813980103,1.025512456893921,0.27524980902671814,-0.045934904366731644,0.866025447845459,0.0,0.0,0.5
978.0,-2.5758912563323975,-2.440737009048462,-1.8415639400482178,-1.1783703565597534,0.7508490681648254,-0.6670725345611572,1.0189768075942993,0.27524980902671814,-0.0556916706264019,0.866025447845459,0.0,0.0,0.5
979.0,-2.582813024520874,-2.4463047981262207,-1.8213837146759033,-1.1875073909759521,0.7461535930633545,-0.674545168876648,1.0330783128738403,0.27524980902671814,-0.05421746149659157,0.866025447845459,0.0,0.0,0.5
980.0,-2.587855100631714,-2.4569251537323,-1.805201768875122,-1.189030408859253,0.7427508234977722,-0.6800364851951599,1.0435600280761719,0.27524980902671814,-0.05904965475201607,0.866025447845459,0.0,0.0,0.5
981.0,-2.590859889984131,-2.4394845962524414,-1.799118161201477,-1.2101274728775024,0.7407301068305969,-0.6833284497261047,1.0498932600021362,0.27524980902671814,-0.03956029191613197,0.866025447845459,0.0,0.0,0.5
982.0,-2.597982168197632,-2.444927215576172,-1.7768903970718384,-1.2210986614227295,0.7359622716903687,-0.6911894083023071,1.0651686191558838,0.27524980902671814,-0.036790791898965836,0.866025447845459,0.0,0.0,0.5
983.0,-2.5972206592559814,-2.431842803955078,-1.7809381484985352,-1.2307610511779785,0.7364705204963684,-0.6903451085090637,1.0635175704956055,0.27524980902671814,-0.025133315473794937,0.866025447845459,0.0,0.0,0.5
984.0,-2.601884365081787,-2.4292662143707275,-1.766706109046936,-1.243721842765808,0.7333630919456482,-0.6955316066741943,1.073700189590454,0.27524980902671814,-0.01703527942299843,0.866025447845459,0.0,0.0,0.5
985.0,-2.6011524200439453,-2.4163906574249268,-1.7703334093093872,-1.253576636314392,0.7338499426841736,-0.694715142250061,1.0720908641815186,0.27524980902671814,-0.005399632267653942,0.866025447845459,0.0,0.0,0.5
986.0,-2.6058013439178467,-2.4228343963623047,-1.7548364400863647,-1.2587629556655884,0.7307637333869934,-0.6999151706695557,1.0823819637298584,0.27524980902671814,-0.005771431140601635,0.866025447845459,0.0,0.0,0.5
987.0,-2.606715440750122,-2.436431884765625,-1.7504594326019287,-1.2487775087356567,0.7301584482192993,-0.7009418606758118,1.084425449371338,0.27524980902671814,-0.017951328307390213,0.866025447845459,0.0,0.0,0.5
988.0,-2.6120738983154297,-2.436509847640991,-1.7328455448150635,-1.2618013620376587,0.7266210317611694,-0.7069883346557617,1.0965394973754883,0.27524980902671814,-0.010955783538520336,0.866025447845459,0.0,0.0,0.5
989.0,-2.613499879837036,-2.449591875076294,-1.726601481437683,-1.2537542581558228,0.7256827354431152,-0.7086054086685181,1.0998024940490723,0.27524980902671814,-0.022006306797266006,0.866025447845459,0.0,0.0,0.5
990.0,-2.6089696884155273,-2.453213930130005,-1.7410646677017212,-1.2394983768463135,0.7286681532859802,-0.7034796476364136,1.0894932746887207,0.27524980902671814,-0.03150244429707527,0.866025447845459,0.0,0.0,0.5
991.0,-2.6105165481567383,-2.466017246246338,-1.7341983318328857,-1.2322578430175781,0.7276472449302673,-0.7052261233329773,1.0929948091506958,0.27524980902671814,-0.04204561188817024,0.866025447845459,0.0,0.0,0.5
992.0,-2.6030499935150146,-2.45231294631958,-1.7601091861724854,-1.2263046503067017,0.7325886487960815,-0.6968333125114441,1.0762710571289062,0.27524980902671814,-0.03793685510754585,0.866025447845459,0.0,0.0,0.5
993.0,-2.59757924079895,-2.4561638832092285,-1.7764625549316406,-1.2106211185455322,0.73623126745224,-0.6907424330711365,1.0642940998077393,0.27524980902671814,-0.04796697571873665,0.866025447845459,0.0,0.0,0.5
994.0,-2.6074564456939697,-2.473984718322754,-1.742793083190918,-1.2182703018188477,0.7296682000160217,-0.7017751336097717,1.0860869884490967,0.27524980902671814,-0.053557250648736954,0.866025447845459,0.0,0.0,0.5
995.0,-2.6028523445129395,-2.475123167037964,-1.7570959329605103,-1.2066718339920044,0.7327198386192322,-0.696612536907196,1.0758345127105713,0.27524980902671814,-0.06006123498082161,0.866025447845459,0.0,0.0,0.5
996.0,-2.5967345237731934,-2.4709632396698,-1.7765530347824097,-1.1964248418807983,0.7367952466011047,-0.6898064017295837,1.0624654293060303,0.27524980902671814,-0.06292063742876053,0.866025447845459,0.0,0.0,0.5
997.0,-2.601834774017334,-2.4858310222625732,-1.7582775354385376,-1.1956268548965454,0.7333961129188538,-0.6954761743545532,1.073590874671936,0.27524980902671814,-0.07140355557203293,0.866025447845459,0.0,0.0,0.5
998.0,-2.5962698459625244,-2.4845521450042725,-1.7754045724868774,-1.1843652725219727,0.7371057271957397,-0.6892919540405273,1.0614616870880127,0.27524980902671814,-0.07620539516210556,0.866025447845459,0.0,0.0,0.5
999.0,-2.591257095336914,-2.4711172580718994,-1.7927930355072021,-1.1844979524612427,0.7404634356498718,-0.683764636516571,1.0507352352142334,0.27524980902671814,-0.06882103532552719,0.866025447845459,0.0,0.0,0.5
1000.0,-2.5866148471832275,-2.480966567993164,-1.804293155670166,-1.1668949127197266,0.7435864210128784,-0.6786820292472839,1.04096519947052,0.27524980902671814,-0.08253626525402069,0.866025447845459,0.0,0.0,0.5
1001.0,-2.5937554836273193,-2.4939239025115967,-1.7809430360794067,-1.171510100364685,0.7387880682945251,-0.6865143179893494,1.0560579299926758,0.27524980902671814,-0.0875449851155281,0.866025447845459,0.0,0.0,0.5
1002.0,-2.5986404418945312,-2.4988491535186768,-1.765363097190857,-1.1781623363494873,0.7355231642723083,-0.6919201016426086,1.0665996074676514,0.27524980902671814,-0.08713587373495102,0.866025447845459,0.0,0.0,0.5
1003.0,-2.603834390640259,-2.499330759048462,-1.7494105100631714,-1.1893328428268433,0.7320677638053894,-0.6977108120918274,1.078007459640503,0.27524980902671814,-0.08199328184127808,0.866025447845459,0.0,0.0,0.5
1004.0,-2.6068668365478516,-2.4884376525878906,-1.742090106010437,-1.2050144672393799,0.7300582528114319,-0.7011120319366455,1.0847647190093994,0.27524980902671814,-0.06815969944000244,0.866025447845459,0.0,0.0,0.5
1005.0,-2.6117942333221436,-2.498242139816284,-1.7244526147842407,-1.2086987495422363,0.7268050909042358,-0.7066716551780701,1.0959017276763916,0.27524980902671814,-0.07173535227775574,0.866025447845459,0.0,0.0,0.5
1006.0,-2.6106276512145996,-2.5158040523529053,-1.7245293855667114,-1.1920462846755981,0.7275739908218384,-0.7053515315055847,1.0932468175888062,0.27524980902671814,-0.08998994529247284,0.866025447845459,0.0,0.0,0.5
1007.0,-2.618018388748169,-2.522733449935913,-1.6989543437957764,-1.2044047117233276,0.7227181792259216,-0.7137523293495178,1.1102538108825684,0.27524980902671814,-0.08779741078615189,0.866025447845459,0.0,0.0,0.5
1008.0,-2.6186695098876953,-2.535597562789917,-1.693829894065857,-1.1961063146591187,0.7222919464111328,-0.7144969701766968,1.1117743253707886,0.27524980902671814,-0.0994422435760498,0.866025447845459,0.0,0.0,0.5
1009.0,-2.620978593826294,-2.5536155700683594,-1.6816520690917969,-1.188279628753662,0.7207831144332886,-0.7171429991722107,1.117194414138794,0.27524980902671814,-0.11401285976171494,0.866025447845459,0.0,0.0,0.5
1010.0,-2.6134958267211914,-2.5365183353424072,-1.710485577583313,-1.1829471588134766,0.7256853580474854,-0.7086008191108704,1.0997931957244873,0.27524980902671814,-0.10647393018007278,0.866025447845459,0.0,0.0,0.5
1011.0,-2.6057474613189697,-2.5200047492980957,-1.7389212846755981,-1.1775528192520142,0.7307994365692139,-0.6998546123504639,1.0822616815567017,0.27524980902671814,-0.09946738928556442,0.866025447845459,0.0,0.0,0.5
1012.0,-2.60805344581604,-2.5435566902160645,-1.7259081602096558,-1.1650822162628174,0.7292734384536743,-0.7024471163749695,1.0874286890029907,0.27524980902671814,-0.11920661479234695,0.866025447845459,0.0,0.0,0.5
1013.0,-2.6013784408569336,-2.5360355377197266,-1.748317837715149,-1.1557600498199463,0.7336995601654053,-0.6949672102928162,1.072587490081787,0.27524980902671814,-0.1191028580069542,0.866025447845459,0.0,0.0,0.5
1014.0,-2.6031205654144287,-2.5260729789733887,-1.7455497980117798,-1.16704523563385,0.7325417399406433,-0.6969122886657715,1.0764272212982178,0.27524980902671814,-0.10799041390419006,0.866025447845459,0.0,0.0,0.5
1015.0,-2.597756862640381,-2.5211710929870605,-1.7629015445709229,-1.1590291261672974,0.7361127138137817,-0.6909393668174744,1.064679503440857,0.27524980902671814,-0.10889261960983276,0.866025447845459,0.0,0.0,0.5
1016.0,-2.5992910861968994,-2.5115816593170166,-1.7605857849121094,-1.1696709394454956,0.7350893020629883,-0.6926432251930237,1.068017601966858,0.27524980902671814,-0.09839026629924774,0.866025447845459,0.0,0.0,0.5
1017.0,-2.5925285816192627,-2.5055837631225586,-1.7819606065750122,-1.1598315238952637,0.7396103739738464,-0.6851626634597778,1.0534381866455078,0.27524980902671814,-0.09957472234964371,0.866025447845459,0.0,0.0,0.5
1018.0,-2.586981773376465,-2.497982978820801,-1.7996177673339844,-1.1542590856552124,0.7433390617370605,-0.6790825724601746,1.041731834411621,0.27524980902671814,-0.09783436357975006,0.866025447845459,0.0,0.0,0.5
1019.0,-2.587531328201294,-2.5126304626464844,-1.794639229774475,-1.144148349761963,0.7429688572883606,-0.6796826124191284,1.0428816080093384,0.27524980902671814,-0.11074569821357727,0.866025447845459,0.0,0.0,0.5
1020.0,-2.5781781673431396,-2.512488842010498,-1.8205552101135254,-1.1258269548416138,0.7492945790290833,-0.6695331335067749,1.0235997438430786,0.27524980902671814,-0.11870086193084717,0.866025447845459,0.0,0.0,0.5
1021.0,-2.580533266067505,-2.4991235733032227,-1.817359447479248,-1.1405251026153564,0.7476969361305237,-0.6720756888389587,1.0283976793289185,0.27524980902671814,-0.10465147346258163,0.866025447845459,0.0,0.0,0.5
1022.0,-2.574681282043457,-2.4896466732025146,-1.8354014158248901,-1.1365723609924316,0.7516728639602661,-0.6657737493515015,1.0165446996688843,0.27524980902671814,-0.10105595737695694,0.866025447845459,0.0,0.0,0.5
1023.0,-2.5778005123138428,-2.480038642883301,-1.8290565013885498,-1.1500740051269531,0.7495511770248413,-0.669126033782959,1.0228335857391357,0.27524980902671814,-0.08973357826471329,0.866025447845459,0.0,0.0,0.5
1024.0,-2.571763277053833,-2.4731667041778564,-1.8467416763305664,-1.1439908742904663,0.753662645816803,-0.662651538848877,1.0107204914093018,0.27524980902671814,-0.08867723494768143,0.866025447845459,0.0,0.0,0.5
1025.0,-2.5681188106536865,-2.4844069480895996,-1.8539060354232788,-1.1284129619598389,0.7561545968055725,-0.6587705612182617,1.0035247802734375,0.27524980902671814,-0.1016586422920227,0.866025447845459,0.0,0.0,0.5
1026.0,-2.5682106018066406,-2.4992799758911133,-1.850204348564148,-1.1171706914901733,0.7560917139053345,-0.6588680744171143,1.0037050247192383,0.27524980902671814,-0.11479074507951736,0.866025447845459,0.0,0.0,0.5
1027.0,-2.5621557235717773,-2.4831085205078125,-1.8695096969604492,-1.1186861991882324,0.760248064994812,-0.6524646878242493,0.9919353127479553,0.27524980902671814,-0.1050429493188858,0.866025447845459,0.0,0.0,0.5
1028.0,-2.557093858718872,-2.4839205741882324,-1.8820018768310547,-1.1092239618301392,0.7637384533882141,-0.6471541523933411,0.9822715520858765,0.27524980902671814,-0.10939264297485352,0.866025447845459,0.0,0.0,0.5
1029.0,-2.551102876663208,-2.486830472946167,-1.8959523439407349,-1.096858024597168,0.7678874135017395,-0.640919029712677,0.9710357189178467,0.27524980902671814,-0.11597101390361786,0.866025447845459,0.0,0.0,0.5
1030.0,-2.5518453121185303,-2.4741477966308594,-1.8970848321914673,-1.1078543663024902,0.767372190952301,-0.6416888236999512,0.9724165201187134,0.27524980902671814,-0.10450809448957443,0.866025447845459,0.0,0.0,0.5
1031.0,-2.5565645694732666,-2.46793794631958,-1.886857509613037,-1.1207503080368042,0.7641041874885559,-0.646601140499115,0.9812701940536499,0.27524980902671814,-0.09580729156732559,0.866025447845459,0.0,0.0,0.5
1032.0,-2.5581650733947754,-2.455796718597412,-1.8853428363800049,-1.1331970691680908,0.7629985809326172,-0.6482748985290527,0.9843036532402039,0.27524980902671814,-0.08398184180259705,0.866025447845459,0.0,0.0,0.5
1033.0,-2.551623821258545,-2.454449415206909,-1.901784062385559,-1.123018741607666,0.767525851726532,-0.6414591073989868,0.9720042943954468,0.27524980902671814,-0.08756137639284134,0.866025447845459,0.0,0.0,0.5
1034.0,-2.545705795288086,-2.4513306617736816,-1.9166523218154907,-1.1156586408615112,0.771641731262207,-0.6353476047515869,0.9610950350761414,0.27524980902671814,-0.08892616629600525,0.866025447845459,0.0,0.0,0.5
1035.0,-2.5426833629608154,-2.4597816467285156,-1.922042727470398,-1.1040377616882324,0.7737507820129395,-0.6322464942932129,0.9556018114089966,0.27524980902671814,-0.09815584123134613,0.866025447845459,0.0,0.0,0.5
1036.0,-2.540562868118286,-2.4713683128356934,-1.9244359731674194,-1.0916072130203247,0.7752334475517273,-0.6300786733627319,0.9517784714698792,0.27524980902671814,-0.10936261713504791,0.866025447845459,0.0,0.0,0.5
1037.0,-2.5333502292633057,-2.463456630706787,-1.9426617622375488,-1.0865120887756348,0.7802938222885132,-0.6227540373802185,0.9389610290527344,0.27524980902671814,-0.10693004727363586,0.866025447845459,0.0,0.0,0.5
1038.0,-2.5285375118255615,-2.472327709197998,-1.951345443725586,-1.0723950862884521,0.7836850881576538,-0.6179084777832031,0.9305657148361206,0.27524980902671814,-0.11704457551240921,0.866025447845459,0.0,0.0,0.5
1039.0,-2.5248939990997314,-2.4539589881896973,-1.9634532928466797,-1.0812357664108276,0.7862604260444641,-0.6142616868019104,0.9242908358573914,0.27524980902671814,-0.10369538515806198,0.866025447845459,0.0,0.0,0.5
1040.0,-2.5345561504364014,-2.4456088542938232,-1.9437013864517212,-1.1024529933929443,0.7794458270072937,-0.623973548412323,0.9410843849182129,0.27524980902671814,-0.0911470353603363,0.866025447845459,0.0,0.0,0.5
1041.0,-2.5407791137695312,-2.4375131130218506,-1.9309333562850952,-1.118807315826416,0.7750821113586426,-0.63029944896698,0.9521672129631042,0.27524980902671814,-0.08032076060771942,0.866025447845459,0.0,0.0,0.5
1042.0,-2.533597230911255,-2.4303815364837646,-1.948796033859253,-1.113275408744812,0.7801200747489929,-0.6230037212371826,0.9393953680992126,0.27524980902671814,-0.07883671671152115,0.866025447845459,0.0,0.0,0.5
1043.0,-2.5481820106506348,-2.4363951683044434,-1.9135572910308838,-1.1318591833114624,0.7699173092842102,-0.6378984451293945,0.9656347632408142,0.27524980902671814,-0.07430411130189896,0.866025447845459,0.0,0.0,0.5
1044.0,-2.5540897846221924,-2.442662239074707,-1.897984266281128,-1.1367607116699219,0.7658163905143738,-0.6440210342407227,0.9766107797622681,0.27524980902671814,-0.07548977434635162,0.866025447845459,0.0,0.0,0.5
1045.0,-2.5512561798095703,-2.425638198852539,-1.907924771308899,-1.1459635496139526,0.7677809596061707,-0.641077995300293,0.9713207483291626,0.27524980902671814,-0.06268812716007233,0.866025447845459,0.0,0.0,0.5
1046.0,-2.556635856628418,-2.4244184494018555,-1.8947471380233765,-1.1563265323638916,0.7640549540519714,-0.6466755867004395,0.9814049601554871,0.27524980902671814,-0.05748157575726509,0.866025447845459,0.0,0.0,0.5
1047.0,-2.561246633529663,-2.4442975521087646,-1.8797023296356201,-1.1479978561401367,0.7608739733695984,-0.6515079140663147,0.9901877045631409,0.27524980902671814,-0.07144623249769211,0.866025447845459,0.0,0.0,0.5
1048.0,-2.5673887729644775,-2.4598171710968018,-1.8609400987625122,-1.146532416343689,0.7566547393798828,-0.6579955220222473,1.0020936727523804,0.27524980902671814,-0.08032438904047012,0.866025447845459,0.0,0.0,0.5
1049.0,-2.5745632648468018,-2.4609274864196777,-1.8416544198989868,-1.1591310501098633,0.7517531514167786,-0.6656473278999329,1.0163081884384155,0.27524980902671814,-0.07525281608104706,0.866025447845459,0.0,0.0,0.5
1050.0,-2.579692840576172,-2.4594976902008057,-1.827871322631836,-1.1703050136566162,0.7482667565345764,-0.671167254447937,1.0266809463500977,0.27524980902671814,-0.06932956725358963,0.866025447845459,0.0,0.0,0.5
1051.0,-2.5716075897216797,-2.4439356327056885,-1.8526519536972046,-1.1674329042434692,0.7537689208984375,-0.6624854207038879,1.0104115009307861,0.27524980902671814,-0.06246523931622505,0.866025447845459,0.0,0.0,0.5
1052.0,-2.563143491744995,-2.432135820388794,-1.8769028186798096,-1.1615113019943237,0.7595686316490173,-0.6535055041313171,0.9938395023345947,0.27524980902671814,-0.059079837054014206,0.866025447845459,0.0,0.0,0.5
1053.0,-2.571120023727417,-2.4248785972595215,-1.8569564819335938,-1.182564616203308,0.7541018724441528,-0.6619651317596436,1.0094443559646606,0.27524980902671814,-0.04560704901814461,0.866025447845459,0.0,0.0,0.5
1054.0,-2.563049554824829,-2.4105873107910156,-1.8803445100784302,-1.179689884185791,0.7596332430839539,-0.6534064412117004,0.9936580061912537,0.27524980902671814,-0.039838213473558426,0.866025447845459,0.0,0.0,0.5
1055.0,-2.5564539432525635,-2.40385365486145,-1.8981947898864746,-1.1735806465148926,0.764180600643158,-0.6464857459068298,0.9810613393783569,0.27524980902671814,-0.039380330592393875,0.866025447845459,0.0,0.0,0.5
1056.0,-2.554269552230835,-2.3878657817840576,-1.9056873321533203,-1.1837193965911865,0.7656919956207275,-0.6442080140113831,0.9769478440284729,0.27524980902671814,-0.0269518680870533,0.866025447845459,0.0,0.0,0.5
1057.0,-2.5609164237976074,-2.388507604598999,-1.8885773420333862,-1.1951639652252197,0.7611013054847717,-0.6511609554290771,0.9895547032356262,0.27524980902671814,-0.0218062587082386,0.866025447845459,0.0,0.0,0.5
1058.0,-2.5560617446899414,-2.375112533569336,-1.9024674892425537,-1.1983445882797241,0.764451801776886,-0.6460762619972229,0.9803205132484436,0.27524980902671814,-0.014011072926223278,0.866025447845459,0.0,0.0,0.5
1059.0,-2.5557475090026855,-2.3605453968048096,-1.9045240879058838,-1.2110919952392578,0.7646691799163818,-0.6457483172416687,0.9797276854515076,0.27524980902671814,-0.0011646926868706942,0.866025447845459,0.0,0.0,0.5
1060.0,-2.545581102371216,-2.357825517654419,-1.9302769899368286,-1.1956307888031006,0.771728515625,-0.6352196335792542,0.9608676433563232,0.27524980902671814,-0.007455053739249706,0.866025447845459,0.0,0.0,0.5
1061.0,-2.5314364433288574,-2.34415864944458,-1.9651179313659668,-1.184725046157837,0.7816409468650818,-0.620823323726654,0.9356078505516052,0.27524980902671814,-0.006537678651511669,0.866025447845459,0.0,0.0,0.5
1062.0,-2.5324130058288574,-2.357855796813965,-1.9616528749465942,-1.1737937927246094,0.7809533476829529,-0.621807873249054,0.937316358089447,0.27524980902671814,-0.017653796821832657,0.866025447845459,0.0,0.0,0.5
1063.0,-2.5395026206970215,-2.3625876903533936,-1.9445500373840332,-1.1810458898544312,0.7759755253791809,-0.6289974451065063,0.949876606464386,0.27524980902671814,-0.016466114670038223,0.866025447845459,0.0,0.0,0.5
1064.0,-2.5460891723632812,-2.3714935779571533,-1.9277713298797607,-1.184093952178955,0.7713744640350342,-0.6357420682907104,0.9617958068847656,0.27524980902671814,-0.0191204734146595,0.866025447845459,0.0,0.0,0.5
1065.0,-2.5461347103118896,-2.386336326599121,-1.926024317741394,-1.1709647178649902,0.7713427543640137,-0.6357888579368591,0.9618789553642273,0.27524980902671814,-0.03214067593216896,0.866025447845459,0.0,0.0,0.5
1066.0,-2.5346405506134033,-2.375579833984375,-1.9546089172363281,-1.1615134477615356,0.7793864607810974,-0.6240591406822205,0.9412334561347961,0.27524980902671814,-0.03132990375161171,0.866025447845459,0.0,0.0,0.5
1067.0,-2.537574052810669,-2.3912084102630615,-1.9458274841308594,-1.1525477170944214,0.7773271203041077,-0.6270343661308289,0.9464324712753296,0.27524980902671814,-0.04271608963608742,0.866025447845459,0.0,0.0,0.5
1068.0,-2.547278642654419,-2.4002413749694824,-1.9214626550674438,-1.160776138305664,0.7705458998680115,-0.6369670033454895,0.9639747738838196,0.27524980902671814,-0.04345026984810829,0.866025447845459,0.0,0.0,0.5
1069.0,-2.552454710006714,-2.4106009006500244,-1.9072898626327515,-1.1607412099838257,0.7669495940208435,-0.6423211693763733,0.9735520482063293,0.27524980902671814,-0.04856358841061592,0.866025447845459,0.0,0.0,0.5
1070.0,-2.5442006587982178,-2.4173331260681152,-1.926350474357605,-1.1410654783248901,0.7726914286613464,-0.6338016390800476,0.9583529233932495,0.27524980902671814,-0.06059667840600014,0.866025447845459,0.0,0.0,0.5
1071.0,-2.5374350547790527,-2.4059460163116455,-1.9440582990646362,-1.1396801471710205,0.7774245142936707,-0.6268932223320007,0.9461852312088013,0.27524980902671814,-0.05549008771777153,0.866025447845459,0.0,0.0,0.5
1072.0,-2.534320116043091,-2.416888475418091,-1.9495052099227905,-1.1255393028259277,0.7796117067337036,-0.6237347722053528,0.9406682252883911,0.27524980902671814,-0.06691499799489975,0.866025447845459,0.0,0.0,0.5
1073.0,-2.5278983116149902,-2.408118486404419,-1.9654479026794434,-1.1229560375213623,0.7841363549232483,-0.6172674298286438,0.9294599294662476,0.27524980902671814,-0.0635506734251976,0.866025447845459,0.0,0.0,0.5
1074.0,-2.5203583240509033,-2.40459942817688,-1.982593059539795,-1.1146390438079834,0.7894754409790039,-0.6097484230995178,0.9165759086608887,0.27524980902671814,-0.06513454020023346,0.866025447845459,0.0,0.0,0.5
1075.0,-2.524160385131836,-2.3951127529144287,-1.9757450819015503,-1.1283072233200073,0.7867797017097473,-0.6135298013687134,0.9230359196662903,0.27524980902671814,-0.054910819977521896,0.866025447845459,0.0,0.0,0.5
1076.0,-2.5284154415130615,-2.388690233230591,-1.967177391052246,-1.1402876377105713,0.7837713956832886,-0.6177858114242554,0.9303539991378784,0.27524980902671814,-0.04678427055478096,0.866025447845459,0.0,0.0,0.5
1077.0,-2.5232694149017334,-2.3773770332336426,-1.980147361755371,-1.1422674655914307,0.7874107360839844,-0.6126419305801392,0.9215155839920044,0.27524980902671814,-0.04053591564297676,0.866025447845459,0.0,0.0,0.5
1078.0,-2.51839280128479,-2.3840227127075195,-1.9899259805679321,-1.1292529106140137,0.7908719182014465,-0.6078014373779297,0.9132648706436157,0.27524980902671814,-0.049133751541376114,0.866025447845459,0.0,0.0,0.5
1079.0,-2.5121445655822754,-2.3916311264038086,-2.0021486282348633,-1.1137393712997437,0.795323371887207,-0.6016479134559631,0.9028680324554443,0.27524980902671814,-0.059060703963041306,0.866025447845459,0.0,0.0,0.5
1080.0,-2.5027005672454834,-2.386329174041748,-2.0224602222442627,-1.1051479578018188,0.8020872473716736,-0.5924484729766846,0.88751220703125,0.27524980902671814,-0.05978624150156975,0.866025447845459,0.0,0.0,0.5
1081.0,-2.507887840270996,-2.376197576522827,-2.013258934020996,-1.1209715604782104,0.7983668446540833,-0.5974864363670349,0.8958939909934998,0.27524980902671814,-0.048727039247751236,0.866025447845459,0.0,0.0,0.5
1082.0,-2.597133159637451,-2.310936689376831,-2.187025308609009,-2.3789329528808594,-1.1056395769119263,0.2939813435077667,0.7914122343063354,0.16331782937049866,-0.04842254891991615,0.6123724579811096,0.6123723983764648,0.3535533845424652,0.3535533845424652
1083.0,-2.5862889289855957,-2.3029181957244873,-2.1842739582061768,-2.392788887023926,-1.0966603755950928,0.30080026388168335,0.7914122343063354,0.17156413197517395,-0.04179484024643898,0.6123724579811096,0.6123723983764648,0.3535533845424652,0.3535533845424652
1084.0,-2.5066254138946533,-2.3612916469573975,-2.017781972885132,-1.1322120428085327,0.7992711663246155,-0.5962569117546082,0.893842339515686,0.27524980902671814,-0.03718544915318489,0.866025447845459,0.0,0.0,0.5
1085.0,-2.51304030418396,-2.37052321434021,-2.0031793117523193,-1.1332013607025146,0.794684112071991,-0.6025267243385315,0.9043464660644531,0.27524980902671814,-0.041088227182626724,0.866025447845459,0.0,0.0,0.5
1086.0,-2.515178918838501,-2.3571252822875977,-2.0001795291900635,-1.1481248140335083,0.7931592464447021,-0.6046295166015625,0.9078930020332336,0.27524980902671814,-0.02863301709294319,0.866025447845459,0.0,0.0,0.5
1087.0,-2.5095632076263428,-2.3430919647216797,-2.0135908126831055,-1.1526036262512207,0.797167956829071,-0.5991213917732239,0.8986284136772156,0.27524980902671814,-0.020403970032930374,0.866025447845459,0.0,0.0,0.5
1088.0,-2.5873587131500244,-2.279649019241333,-2.186631441116333,-2.4133925437927246,-1.0975452661514282,0.3001248240470886,0.7914122343063354,0.17074699699878693,-0.025031600147485733,0.6123724579811096,0.6123723983764648,0.3535533845424652,0.3535533845424652
1089.0,-2.6016316413879395,-2.270597457885742,-2.1919312477111816,-2.4131104946136475,-1.1093698740005493,0.2911708354949951,0.7914122343063354,0.1599208265542984,-0.019668329507112503,0.6123724579811096,0.6123723983764648,0.3535533845424652,0.3535533845424652
1090.0,-2.5892715454101562,-2.2582366466522217,-2.1886329650878906,-2.4322543144226074,-1.099128246307373,0.29891854524612427,0.7914122343063354,0.1692878156900406,-0.009637567214667797,0.6123724579811096,0.6123723983764648,0.3535533845424652,0.3535533845424652
1091.0,-2.5955238342285156,-2.241466760635376,-2.1914517879486084,-2.444429397583008,-1.1043058633804321,0.2949894368648529,0.7914122343063354,0.1645365059375763,0.0020188658963888884,0.6123724579811096,0.6123723983764648,0.3535533845424652,0.3535533845424652
1092.0,-2.5763494968414307,-2.251434803009033,-2.1844756603240967,-2.446972608566284,-1.088447093963623,0.30710554122924805,0.7914122343063354,0.17919577658176422,-0.003457519458606839,0.6123724579811096,0.6123723983764648,0.3535533845424652,0.3535533845424652
1093.0,-2.511922836303711,-2.3288402557373047,-2.0098042488098145,-1.1690268516540527,0.7954816818237305,-0.6014305353164673,0.9025026559829712,0.27524980902671814,-0.007026377134025097,0.866025447845459,0.0,0.0,0.5
1094.0,-2.515333414077759,-2.3436098098754883,-2.0012059211730957,-1.1605072021484375,0.7930490970611572,-0.6047816872596741,0.9081501364707947,0.27524980902671814,-0.017213840037584305,0.866025447845459,0.0,0.0,0.5
1095.0,-2.5262649059295654,-2.364596366882324,-1.9749821424484253,-1.158101201057434,0.7852907180786133,-0.6156315803527832,0.9266434907913208,0.27524980902671814,-0.027740273624658585,0.866025447845459,0.0,0.0,0.5
1096.0,-2.5232491493225098,-2.3490915298461914,-1.9833054542541504,-1.167409062385559,0.7874251008033752,-0.6126217246055603,0.9214809536933899,0.27524980902671814,-0.01659928634762764,0.866025447845459,0.0,0.0,0.5
1097.0,-2.5228004455566406,-2.3353257179260254,-1.985473871231079,-1.1793216466903687,0.787743091583252,-0.6121749877929688,0.9207167625427246,0.27524980902671814,-0.005182358436286449,0.866025447845459,0.0,0.0,0.5
1098.0,-2.5157718658447266,-2.317519426345825,-2.0022473335266113,-1.1852529048919678,0.792736828327179,-0.6052137017250061,0.9088802933692932,0.27524980902671814,0.005081486888229847,0.866025447845459,0.0,0.0,0.5
1099.0,-2.522524833679199,-2.31598162651062,-1.987338900566101,-1.1969940662384033,0.7879384160041809,-0.611900806427002,0.9202480316162109,0.27524980902671814,0.011184764094650745,0.866025447845459,0.0,0.0,0.5
1100.0,-2.5295097827911377,-2.318140745162964,-1.9712547063827515,-1.2059811353683472,0.7829990386962891,-0.6188847422599792,0.9322517514228821,0.27524980902671814,0.014578205533325672,0.866025447845459,0.0,0.0,0.5
1101.0,-2.5393013954162598,-2.334138870239258,-1.9472389221191406,-1.2069522142410278,0.7761165499687195,-0.6287921667098999,0.9495159983634949,0.27524980902671814,0.008342546410858631,0.866025447845459,0.0,0.0,0.5
1102.0,-2.5393013954162598,-2.346982717514038,-1.9463706016540527,-1.194976806640625,0.7761166095733643,-0.6287921667098999,0.9495159387588501,0.27524980902671814,-0.0029610723722726107,0.866025447845459,0.0,0.0,0.5
1103.0,-2.5489392280578613,-2.3447892665863037,-1.9229038953781128,-1.2135567665100098,0.7693905234336853,-0.6386804580688477,0.96703040599823,0.27524980902671814,0.00699616689234972,0.866025447845459,0.0,0.0,0.5
1104.0,-2.5512137413024902,-2.333527088165283,-1.9177652597427368,-1.2282658815383911,0.7678104043006897,-0.6410340666770935,0.9712417721748352,0.27524980902671814,0.019166242331266403,0.866025447845459,0.0,0.0,0.5
1105.0,-2.5462632179260254,-2.3199682235717773,-1.9307942390441895,-1.2324680089950562,0.7712531685829163,-0.6359211802482605,0.9621140360832214,0.27524980902671814,0.02693532034754753,0.866025447845459,0.0,0.0,0.5
1106.0,-2.5433828830718994,-2.3279671669006348,-1.9376277923583984,-1.2197544574737549,0.7732622623443604,-0.6329630613327026,0.9568685293197632,0.27524980902671814,0.01723529025912285,0.866025447845459,0.0,0.0,0.5
1107.0,-2.5366616249084473,-2.3158442974090576,-1.9544756412506104,-1.2199242115020752,0.7779672145843506,-0.6261075735092163,0.9448100924491882,0.27524980902671814,0.022329460829496384,0.866025447845459,0.0,0.0,0.5
1108.0,-2.5429389476776123,-2.305520534515381,-1.939439058303833,-1.2407152652740479,0.7735722661018372,-0.6325082182884216,0.9560642242431641,0.27524980902671814,0.03696594759821892,0.866025447845459,0.0,0.0,0.5
1109.0,-2.53495717048645,-2.291618824005127,-1.9591240882873535,-1.2407314777374268,0.7791640162467957,-0.6243796348571777,0.9417922496795654,0.27524980902671814,0.04239000007510185,0.866025447845459,0.0,0.0,0.5
1110.0,-2.5408413410186768,-2.288300037384033,-1.944749355316162,-1.254158854484558,0.775038480758667,-0.6303631663322449,0.9522793889045715,0.27524980902671814,0.05060381814837456,0.866025447845459,0.0,0.0,0.5
1111.0,-2.534909725189209,-2.2731215953826904,-1.9591412544250488,-1.259245753288269,0.7791973948478699,-0.624331533908844,0.9417083263397217,0.27524980902671814,0.05890757963061333,0.866025447845459,0.0,0.0,0.5
1112.0,-2.5275278091430664,-2.2590701580047607,-1.97652006149292,-1.2611949443817139,0.784398078918457,-0.6168960332870483,0.9288198351860046,0.27524980902671814,0.0649539977312088,0.866025447845459,0.0,0.0,0.5
1113.0,-2.5275981426239014,-2.2727017402648926,-1.9766126871109009,-1.2474210262298584,0.7843485474586487,-0.6169664263725281,0.9289410710334778,0.27524980902671814,0.05290542170405388,0.866025447845459,0.0,0.0,0.5
1114.0,-2.5203676223754883,-2.269258737564087,-1.993322491645813,-1.239243745803833,0.7894688844680786,-0.609757661819458,0.9165915250778198,0.27524980902671814,0.04998422786593437,0.866025447845459,0.0,0.0,0.5
1115.0,-2.5182862281799316,-2.282377243041992,-1.9979807138442993,-1.2229177951812744,0.7909476161003113,-0.6076961159706116,0.9130860567092896,0.27524980902671814,0.03696517273783684,0.866025447845459,0.0,0.0,0.5
1116.0,-2.528470277786255,-2.2870819568634033,-1.9745712280273438,-1.234462857246399,0.783732533454895,-0.6178410649299622,0.9304492473602295,0.27524980902671814,0.040937136858701706,0.866025447845459,0.0,0.0,0.5
1117.0,-2.527412176132202,-2.2985780239105225,-1.9768431186676025,-1.2214460372924805,0.7844799160957336,-0.6167800426483154,0.928619921207428,0.27524980902671814,0.02999473735690117,0.866025447845459,0.0,0.0,0.5
1118.0,-2.5200514793395996,-2.2998592853546143,-1.9936003684997559,-1.2085860967636108,0.789693295955658,-0.6094442009925842,0.9160577654838562,0.27524980902671814,0.02322227880358696,0.866025447845459,0.0,0.0,0.5
1119.0,-2.5124568939208984,-2.287745237350464,-2.0107808113098145,-1.2087786197662354,0.7951003909111023,-0.6019543409347534,0.9033832550048828,0.27524980902671814,0.028049658983945847,0.866025447845459,0.0,0.0,0.5
1120.0,-2.511766195297241,-2.300623655319214,-2.0118391513824463,-1.195316195487976,0.7955935597419739,-0.6012769937515259,0.902244508266449,0.27524980902671814,0.01662958785891533,0.866025447845459,0.0,0.0,0.5
1121.0,-2.5038464069366455,-2.3019068241119385,-2.028648614883423,-1.182610034942627,0.8012643456459045,-0.5935581922531128,0.8893527984619141,0.27524980902671814,0.01026944536715746,0.866025447845459,0.0,0.0,0.5
1122.0,-2.587174892425537,-2.215711832046509,-2.189215898513794,-2.4747979640960693,-1.0973933935165405,0.30024075508117676,0.7914122343063354,0.17088721692562103,0.021703775972127914,0.6123724579811096,0.6123723983764648,0.3535533845424652,0.3535533845424652
1123.0,-2.5057973861694336,-2.2824628353118896,-2.0252747535705566,-1.2041091918945312,0.799864649772644,-0.5954517722129822,0.8925008773803711,0.27524980902671814,0.027855943888425827,0.866025447845459,0.0,0.0,0.5
1124.0,-2.598956823348999,-2.198728084564209,-2.1931633949279785,-2.4844930171966553,-1.1071513891220093,0.292840838432312,0.7914122343063354,0.16193915903568268,0.03304023668169975,0.6123724579811096,0.6123723983764648,0.3535533845424652,0.3535533845424652
1125.0,-2.61498761177063,-2.192742347717285,-2.19813871383667,-2.4811110496520996,-1.120463252067566,0.28288716077804565,0.7914122343063354,0.14991386234760284,0.035901349037885666,0.6123724579811096,0.6123723983764648,0.3535533845424652,0.3535533845424652
1126.0,-2.509211540222168,-2.270388126373291,-2.018134593963623,-1.2210036516189575,0.797419548034668,-0.5987778306007385,0.8980532288551331,0.27524980902671814,0.04049975797533989,0.866025447845459,0.0,0.0,0.5
1127.0,-2.502389430999756,-2.261906623840332,-2.032799005508423,-1.2194408178329468,0.8023107647895813,-0.5921475291252136,0.8870136141777039,0.27524980902671814,0.04283032938838005,0.866025447845459,0.0,0.0,0.5
1128.0,-2.590139389038086,-2.181832790374756,-2.1899020671844482,-2.50714111328125,-1.0998464822769165,0.29837197065353394,0.7914122343063354,0.16862672567367554,0.04648588225245476,0.6123724579811096,0.6123723983764648,0.3535533845424652,0.3535533845424652
1129.0,-2.608088970184326,-2.1765918731689453,-2.1956489086151123,-2.501619815826416,-1.114729881286621,0.28715458512306213,0.7914122343063354,0.15506814420223236,0.04849834367632866,0.6123724579811096,0.6123723983764648,0.3535533845424652,0.3535533845424652
1130.0,-2.6391489505767822,-2.169055223464966,-2.2044386863708496,-2.49220609664917,-1.1405982971191406,0.26812443137168884,0.7914122343063354,0.13209418952465057,0.051153626292943954,0.6123724579811096,0.6123723983764648,0.3535533845424652,0.3535533845424652
1131.0,-2.623689651489258,-2.167361259460449,-2.2000484466552734,-2.5022714138031006,-1.1277055740356445,0.2775377035140991,0.7914122343063354,0.14345501363277435,0.053811635822057724,0.6123724579811096,0.6123723983764648,0.3535533845424652,0.3535533845424652
1132.0,-2.609192132949829,-2.151724338531494,-2.194873809814453,-2.526961326599121,-1.1156461238861084,0.2864706516265869,0.7914122343063354,0.15424196422100067,0.06691630184650421,0.6123724579811096,0.6123723983764648,0.3535533845424652,0.3535533845424652
1133.0,-2.596978187561035,-2.15877103805542,-2.1912920475006104,-2.5268754959106445,-1.1055110692977905,0.2940784990787506,0.7914122343063354,0.1634352207183838,0.0629662275314331,0.6123724579811096,0.6123723983764648,0.3535533845424652,0.3535533845424652
1134.0,-2.580230951309204,-2.1683154106140137,-2.185925006866455,-2.527501106262207,-1.091652512550354,0.3046368658542633,0.7914122343063354,0.17620699107646942,0.05772681161761284,0.6123724579811096,0.6123723983764648,0.3535533845424652,0.3535533845424652
1135.0,-2.5091426372528076,-2.2531917095184326,-2.0182158946990967,-1.2381656169891357,0.7974688410758972,-0.5987104773521423,0.8979405760765076,0.27524980902671814,0.05516786500811577,0.866025447845459,0.0,0.0,0.5
1136.0,-2.5156519412994385,-2.251594305038452,-2.0037384033203125,-1.2497700452804565,0.7928222417831421,-0.6050955057144165,0.9086804389953613,0.27524980902671814,0.06161896511912346,0.866025447845459,0.0,0.0,0.5
1137.0,-2.5108776092529297,-2.236009359359741,-2.013918399810791,-1.2584599256515503,0.7962282299995422,-0.60040682554245,0.9007833003997803,0.27524980902671814,0.07137386500835419,0.866025447845459,0.0,0.0,0.5
1138.0,-2.57883882522583,-2.150578022003174,-2.1844546794891357,-2.547116756439209,-1.0905026197433472,0.30552130937576294,0.7914122343063354,0.17727762460708618,0.07128466665744781,0.6123724579811096,0.6123723983764648,0.3535533845424652,0.3535533845424652
1139.0,-2.589912176132202,-2.134350299835205,-2.187237024307251,-2.5573532581329346,-1.0996583700180054,0.2985149919986725,0.7914122343063354,0.1687997728586197,0.08223642408847809,0.6123724579811096,0.6123723983764648,0.3535534143447876,0.3535534143447876
1140.0,-2.502183198928833,-2.2139201164245605,-2.0318875312805176,-1.2684773206710815,0.8024590015411377,-0.5919480323791504,0.8866832256317139,0.27524980902671814,0.08364979922771454,0.866025447845459,0.0,0.0,0.5
1141.0,-2.503972053527832,-2.2010929584503174,-2.0270912647247314,-1.2848966121673584,0.8011741638183594,-0.5936799645423889,0.8895549774169922,0.27524980902671814,0.09623496234416962,0.866025447845459,0.0,0.0,0.5
1142.0,-2.5086162090301514,-2.216862916946411,-2.017955780029297,-1.2751134634017944,0.7978455424308777,-0.5981966853141785,0.8970810174942017,0.27524980902671814,0.0862502008676529,0.866025447845459,0.0,0.0,0.5
1143.0,-2.5160062313079834,-2.231457471847534,-2.002164840698242,-1.2712351083755493,0.7925698757171631,-0.6054447889328003,0.9092710614204407,0.27524980902671814,0.07957024872303009,0.866025447845459,0.0,0.0,0.5
1144.0,-2.5206735134124756,-2.2436134815216064,-1.9920178651809692,-1.2659800052642822,0.7892517447471619,-0.6100611090660095,0.9171085357666016,0.27524980902671814,0.07278074324131012,0.866025447845459,0.0,0.0,0.5
1145.0,-2.531442165374756,-2.2438058853149414,-1.9664969444274902,-1.2836945056915283,0.7816368937492371,-0.620829164981842,0.9356179237365723,0.27524980902671814,0.08221156895160675,0.866025447845459,0.0,0.0,0.5
1146.0,-2.524061441421509,-2.224822998046875,-1.9830148220062256,-1.2913968563079834,0.786849856376648,-0.6134310960769653,0.9228666424751282,0.27524980902671814,0.09256525337696075,0.866025447845459,0.0,0.0,0.5
1147.0,-2.517428398132324,-2.2209675312042236,-1.9982672929763794,-1.2846370935440063,0.7915576100349426,-0.6068481206893921,0.9116476774215698,0.27524980902671814,0.09008850157260895,0.8660253882408142,0.0,0.0,0.5000000596046448
1148.0,-2.510615825653076,-2.2038135528564453,-2.0125088691711426,-1.2922443151474,0.7964153289794922,-0.6001506447792053,0.9003534913063049,0.27524980902671814,0.09942083060741425,0.866025447845459,0.0,0.0,0.5
1149.0,-2.503753423690796,-2.1822896003723145,-2.0258262157440186,-1.3051122426986694,0.8013310432434082,-0.5934680104255676,0.8892031908035278,0.27524980902671814,0.11258475482463837,0.8660253882408142,0.0,0.0,0.5000000596046448
1150.0,-0.03384997323155403,-0.8389944434165955,1.7062366008758545,0.7035541534423828,1.5707963705062866,-1.6046463251113892,0.8944112062454224,0.17082785069942474,0.1676350086927414,0.0,1.0,0.0,0.0
1151.0,-0.02382747456431389,-0.8311540484428406,1.6888285875320435,0.7131218314170837,1.5707963705062866,-1.5946238040924072,0.9029564261436462,0.179537832736969,0.1676350086927414,0.0,1.0,0.0,0.0
1152.0,-0.03433426469564438,-0.8281770348548889,1.682224988937378,0.7167484164237976,1.5707963705062866,-1.6051305532455444,0.9086792469024658,0.16990743577480316,0.1676350086927414,0.0,1.0,0.0,0.0
1153.0,-0.04586438462138176,-0.8263577222824097,1.67819082736969,0.7189631462097168,1.5707963705062866,-1.616660714149475,0.9129453897476196,0.15931053459644318,0.1676350086927414,0.0,1.0,0.0,0.0
1154.0,-0.05737762153148651,-0.8306732177734375,1.6877617835998535,0.7137078046798706,1.5707963705062866,-1.6281739473342896,0.9090986251831055,0.14911209046840668,0.1676350086927414,0.0,1.0,0.0,0.0
1155.0,-0.04885680973529816,-0.8385134339332581,1.7051678895950317,0.7041418552398682,1.5707963705062866,-1.6196531057357788,0.8975081443786621,0.15735583007335663,0.1676350086927414,0.0,1.0,0.0,0.0
1156.0,-0.061375975608825684,-0.8407998085021973,1.7102484703063965,0.7013477087020874,1.5707963705062866,-1.6321723461151123,0.8963925838470459,0.1462930291891098,0.1676350086927414,0.0,1.0,0.0,0.0
1157.0,-0.07581520080566406,-0.844959020614624,1.7194960117340088,0.6962592601776123,1.5707963705062866,-1.6466115713119507,0.8929118514060974,0.1337527632713318,0.1676350086927414,0.0,1.0,0.0,0.0
1158.0,-0.07734356075525284,-1.0606980323791504,2.20247220993042,-0.616878092288971,1.5038315057754517,-0.038729697465896606,0.7914122343063354,0.15062561631202698,0.11089994013309479,0.6123724579811096,0.6123723983764648,0.3535534143447876,0.3535534143447876
1159.0,-0.05989124998450279,-1.0570365190505981,2.198945999145508,-0.617533266544342,1.5189367532730103,-0.02997250109910965,0.7914122343063354,0.16191832721233368,0.10927136242389679,0.6123724579811096,0.6123723983764648,0.3535534143447876,0.3535534143447876
1160.0,-0.09337732195854187,-1.0513660907745361,2.207070827484131,-0.6302133202552795,1.489958643913269,-0.046790655702352524,0.7914122343063354,0.1402781903743744,0.10282887518405914,0.6123724579811096,0.6123723983764648,0.3535534143447876,0.3535534143447876
1161.0,-0.07811692357063293,-1.042563557624817,2.2048940658569336,-0.6374083161354065,1.5031622648239136,-0.039118144661188126,0.7914122343063354,0.15012596547603607,0.09705547988414764,0.6123724579811096,0.6123723983764648,0.3535533845424652,0.3535533845424652
1162.0,-0.05941729620099068,-1.0388859510421753,2.2010443210601807,-0.637794554233551,1.5193469524383545,-0.029734889045357704,0.7914122343063354,0.16222549974918365,0.0954580157995224,0.6123724579811096,0.6123723983764648,0.3535534143447876,0.3535534143447876
1163.0,-0.08913162350654602,-1.0328288078308105,2.2082691192626953,-0.6501177549362183,1.4936317205429077,-0.044654496014118195,0.7914122343063354,0.14301592111587524,0.08908601105213165,0.6123724579811096,0.6123723983764648,0.3535534143447876,0.3535534143447876
1164.0,-0.07135428488254547,-1.021428108215332,2.2055413722991943,-0.6594104766845703,1.5090148448944092,-0.03572261333465576,0.7914122343063354,0.15449722111225128,0.08154435455799103,0.6123724579811096,0.6123723983764648,0.3535533845424652,0.3535533845424652
1165.0,-0.08895659446716309,-1.0179978609085083,2.2096009254455566,-0.6662870645523071,1.4937831163406372,-0.04456646367907524,0.7914122343063354,0.14312881231307983,0.07800580561161041,0.6123724579811096,0.6123723983764648,0.3535534143447876,0.3535534143447876
1166.0,-0.10458894819021225,-1.001732587814331,2.2138607501983643,-0.6861534118652344,1.4802610874176025,-0.052437882870435715,0.7914122343063354,0.1330554485321045,0.06520633399486542,0.6123724579811096,0.6123723983764648,0.3535533845424652,0.3535533845424652
1167.0,-0.13869628310203552,-0.9936981201171875,2.220099449157715,-0.6986141204833984,1.450778603553772,-0.0696832612156868,0.7914122343063354,0.1111271008849144,0.05801486596465111,0.6123724579811096,0.6123723983764648,0.3535533845424652,0.3535533845424652
1168.0,-0.12266337126493454,-1.00352942943573,2.2169554233551025,-0.6865551471710205,1.464633584022522,-0.061563268303871155,0.7914122343063354,0.12142849713563919,0.06578010320663452,0.6123724579811096,0.6123723983764648,0.3535533845424652,0.3535533845424652
1169.0,-0.10877721011638641,-1.0207513570785522,2.2132174968719482,-0.666296660900116,1.4766391515731812,-0.054549966007471085,0.7914122343063354,0.13035954535007477,0.07908497750759125,0.6123724579811096,0.6123723983764648,0.3535534143447876,0.3535534143447876
1170.0,-0.12606990337371826,-1.0236414670944214,2.2159972190856934,-0.6652998924255371,1.4616892337799072,-0.06328640878200531,0.7914122343063354,0.11923898011445999,0.08048485219478607,0.6123724579811096,0.6123723983764648,0.3535534143447876,0.3535534143447876
1171.0,-0.13962891697883606,-1.0104105472564697,2.2191996574401855,-0.6809450387954712,1.4499728679656982,-0.07015641033649445,0.7914122343063354,0.11052810400724411,0.07021735608577728,0.6123724579811096,0.6123723983764648,0.3535533845424652,0.3535533845424652
1172.0,-0.16432072222232819,-1.0147385597229004,2.2223122119903564,-0.6780825853347778,1.4286518096923828,-0.08271874487400055,0.7914122343063354,0.09467341005802155,0.07263992726802826,0.6123724579811096,0.6123723983764648,0.3535533845424652,0.3535533845424652
1173.0,-0.16534557938575745,-1.0370087623596191,2.2204983234405518,-0.6539239883422852,1.427767276763916,-0.08324173092842102,0.7914122343063354,0.09401536732912064,0.08902882039546967,0.6123724579811096,0.6123723983764648,0.3535533845424652,0.3535533845424652
1174.0,-0.14717552065849304,-1.0300211906433105,2.2187066078186035,-0.6603672504425049,1.443454384803772,-0.0739884078502655,0.7914122343063354,0.10568184405565262,0.08442489802837372,0.6123724579811096,0.6123723983764648,0.3535534143447876,0.3535534143447876
1175.0,-0.13089631497859955,-1.039599061012268,2.215257167816162,-0.6483311653137207,1.4575181007385254,-0.06572971493005753,0.7914122343063354,0.11613761633634567,0.09215863049030304,0.6123724579811096,0.6123723983764648,0.3535533845424652,0.3535533845424652
1176.0,-0.15749621391296387,-1.049423336982727,2.218139886856079,-0.6397082209587097,1.4345425367355347,-0.07923948019742966,0.7914122343063354,0.09905519336462021,0.09851093590259552,0.6123724579811096,0.6123723983764648,0.3535534143447876,0.3535534143447876
1177.0,-0.13846759498119354,-1.0596585273742676,2.214125633239746,-0.6266939043998718,1.4509761333465576,-0.0695672482252121,0.7914122343063354,0.11127398163080215,0.10689820349216461,0.6123724579811096,0.6123723983764648,0.3535534143447876,0.3535534143447876
1178.0,-0.12004206329584122,-1.0525237321853638,2.211965799331665,-0.6327102780342102,1.4668995141983032,-0.06023803725838661,0.7914122343063354,0.12311366945505142,0.1023292988538742,0.6123724579811096,0.6123723983764648,0.3535534143447876,0.3535534143447876
1179.0,-0.09129932522773743,-0.8479598164558411,1.7261725664138794,0.6925836205482483,1.5707963705062866,-1.6620956659317017,0.8908969759941101,0.1202755942940712,0.1676350086927414,0.0,1.0,0.0,0.0
1180.0,-0.08485768735408783,-0.837557852268219,1.703045129776001,0.7053090333938599,1.5707963705062866,-1.655653953552246,0.9038459658622742,0.12484294921159744,0.1676350086927414,0.0,1.0,0.0,0.0
1181.0,-0.1026611328125,-0.8434824347496033,1.7162121534347534,0.6980665922164917,1.5707963705062866,-1.6734575033187866,0.8981311321258545,0.10953541845083237,0.1676350086927414,0.0,1.0,0.0,0.0
1182.0,-0.1149260476231575,-0.8493755459785461,1.7293236255645752,0.6908482313156128,1.5707963705062866,-1.6857223510742188,0.8916125893592834,0.09941170364618301,0.1676350086927414,0.0,1.0,0.0,0.0
1183.0,-0.17471858859062195,-1.0663419961929321,2.2182254791259766,-0.6216163039207458,1.4196797609329224,-0.08803112059831619,0.7914122343063354,0.08799634873867035,0.11066360771656036,0.6123724579811096,0.6123723983764648,0.3535533845424652,0.3535533845424652
1184.0,-0.13604305684566498,-1.0592780113220215,2.2123115062713623,-2.723829746246338,-1.5707963705062866,1.4347532987594604,0.8960545063018799,0.08021482825279236,0.1676350086927414,0.0,1.0,0.0,0.0
1185.0,-0.14749324321746826,-1.0573090314865112,2.207536458969116,-2.7210235595703125,-1.5707963705062866,1.4233031272888184,0.9002249240875244,0.06945792585611343,0.1676350086927414,0.0,1.0,0.0,0.0
1186.0,-0.12321505695581436,-1.053687334060669,2.19877290725708,-2.7158820629119873,-1.5707963705062866,1.4475812911987305,0.904359757900238,0.09053739905357361,0.1676350086927414,0.0,1.0,0.0,0.0
1187.0,-0.10788194090127945,-1.049752116203308,2.189279794692993,-2.7103240489959717,-1.5707963705062866,1.4629143476486206,0.9094559550285339,0.10367907583713531,0.1676350086927414,0.0,1.0,0.0,0.0
1188.0,-0.12278912961483002,-1.0448633432388306,2.1775264739990234,-2.7034595012664795,-1.5707963705062866,1.4480072259902954,0.9190256595611572,0.08910789340734482,0.1676350086927414,0.0,1.0,0.0,0.0
1189.0,-0.1262197196483612,-1.0377483367919922,2.1604959964752197,-2.6935439109802246,-1.5707963705062866,1.444576621055603,0.9310527443885803,0.08446650952100754,0.1676350086927414,0.0,1.0,0.0,0.0
1190.0,-0.11195946484804153,-1.0376826524734497,2.160339117050171,-2.693452835083008,-1.5707963705062866,1.4588369131088257,0.9298615455627441,0.09772238880395889,0.1676350086927414,0.0,1.0,0.0,0.0
1191.0,-0.10503236949443817,-1.0431324243545532,2.173375368118286,-2.7010390758514404,-1.5707963705062866,1.4657639265060425,0.9201685190200806,0.10510935634374619,0.1676350086927414,0.0,1.0,0.0,0.0
1192.0,-0.0940210372209549,-1.045055627822876,2.177988052368164,-2.703728675842285,-1.5707963705062866,1.4767752885818481,0.9157625436782837,0.1155361458659172,0.1676350086927414,0.0,1.0,0.0,0.0
1193.0,-0.07522475719451904,-1.0459412336349487,2.180114269256592,-2.7049694061279297,-1.5707963705062866,1.4955716133117676,0.9119539856910706,0.13283884525299072,0.1676350086927414,0.0,1.0,0.0,0.0
1194.0,-0.08296791464090347,-1.0362406969070435,2.156898260116577,-2.691453695297241,-1.5707963705062866,1.4878283739089966,0.92901211977005,0.12443824857473373,0.1676350086927414,0.0,1.0,0.0,0.0
1195.0,-0.07181568443775177,-1.0384420156478882,2.1621525287628174,-2.694506883621216,-1.5707963705062866,1.4989806413650513,0.9239374995231628,0.1350519359111786,0.1676350086927414,0.0,1.0,0.0,0.0
1196.0,-0.0694967731833458,-1.0314058065414429,2.1453850269317627,-2.6847755908966064,-1.5707963705062866,1.501299500465393,0.9351880550384521,0.13638898730278015,0.1676350086927414,0.0,1.0,0.0,0.0
1197.0,-0.057092487812042236,-1.0268030166625977,2.1344587802886963,-2.6784520149230957,-1.5707963705062866,1.5137038230895996,0.9409406781196594,0.14754894375801086,0.1676350086927414,0.0,1.0,0.0,0.0
1198.0,-0.05866916477680206,-1.0361297130584717,2.1566333770751953,-2.6912999153137207,-1.5707963705062866,1.512127161026001,0.9258974194526672,0.14696238934993744,0.1676350086927414,0.0,1.0,0.0,0.0
1199.0,-0.04468345269560814,-1.0359903573989868,2.1563010215759277,-2.6911070346832275,-1.5707963705062866,1.5261129140853882,0.923981249332428,0.1598866581916809,0.1676350086927414,0.0,1.0,0.0,0.0
1200.0,-0.04651370272040367,-1.0298957824707031,2.141796827316284,-2.6826975345611572,-1.5707963705062866,1.5242825746536255,0.934278666973114,0.15772950649261475,0.1676350086927414,0.0,1.0,0.0,0.0
1201.0,-0.032781846821308136,-1.027880072593689,2.137012481689453,-2.679928779602051,-1.5707963705062866,1.538014531135559,0.935319185256958,0.1704355776309967,0.1676350086927414,0.0,1.0,0.0,0.0
1202.0,-0.0320865660905838,-1.0348860025405884,2.1536684036254883,-2.6895787715911865,-1.5707963705062866,1.5387097597122192,0.9237139225006104,0.1714545339345932,0.1676350086927414,0.0,1.0,0.0,0.0
1203.0,0.2177475243806839,-0.8901323676109314,2.047783851623535,-2.370399236679077,-2.5784387588500977,-1.1541876792907715,0.9175657629966736,0.27524980902671814,0.10584227740764618,0.8660253882408142,0.0,0.0,0.5000000596046448
1204.0,0.21500042080879211,-0.8871732950210571,2.0303711891174316,-2.3600282669067383,-2.5793962478637695,-1.1590144634246826,0.9302352070808411,0.27524980902671814,0.10914193093776703,0.866025447845459,0.0,0.0,0.5
1205.0,0.21232415735721588,-0.8830957412719727,2.0128586292266846,-2.3505847454071045,-2.5803189277648926,-1.1637307405471802,0.9428815245628357,0.27524980902671814,0.11163283884525299,0.8660253882408142,0.0,0.0,0.5000000596046448
1206.0,-0.03548687696456909,-1.017825961112976,2.1132380962371826,-2.666208505630493,-1.5707963705062866,1.5353094339370728,0.9520847201347351,0.1673259288072586,0.1676350086927414,0.0,1.0,0.0,0.0
1207.0,0.21025314927101135,-0.860927164554596,1.9989269971847534,-2.3619203567504883,-2.5810258388519287,-1.167389988899231,0.9528805017471313,0.27524980902671814,0.097264364361763,0.866025447845459,0.0,0.0,0.5
1208.0,0.21129940450191498,-0.8516749143600464,2.0057787895202637,-2.376457929611206,-2.580669641494751,-1.165540337562561,0.9478055238723755,0.27524980902671814,0.08696819841861725,0.8660253882408142,0.0,0.0,0.5000000596046448
1209.0,0.20756939053535461,-0.8483062982559204,1.980261206626892,-2.35990309715271,-2.5819332599639893,-1.1721440553665161,0.9661242365837097,0.27524980902671814,0.092585489153862,0.8660253882408142,0.0,0.0,0.5000000596046448
1210.0,0.20764689147472382,-0.8606383204460144,1.9809482097625732,-2.3481414318084717,-2.581907272338867,-1.1720064878463745,0.9657371044158936,0.27524980902671814,0.10319812595844269,0.8660253882408142,0.0,0.0,0.5000000596046448
1211.0,0.20412005484104156,-0.8462468385696411,1.9555752277374268,-2.342473268508911,-2.5830843448638916,-1.178274393081665,0.9836392402648926,0.27524980902671814,0.09936453402042389,0.8660253882408142,0.0,0.0,0.5000000596046448
1212.0,0.2030244618654251,-0.854197084903717,1.9475088119506836,-2.3281121253967285,-2.583446502685547,-1.18022620677948,0.9893227815628052,0.27524980902671814,0.10941548645496368,0.8660253882408142,0.0,0.0,0.5000000596046448
1213.0,0.20553380250930786,-0.8611820340156555,1.965900182723999,-2.33573055267334,-2.5826146602630615,-1.1757590770721436,0.9763917922973633,0.27524980902671814,0.10900749266147614,0.866025447845459,0.0,0.0,0.5
1214.0,-0.031745970249176025,-1.001542568206787,2.0750250816345215,-2.6442790031433105,-1.5707963705062866,1.5390503406524658,0.9774497151374817,0.17006081342697144,0.1676350086927414,0.0,1.0,0.0,0.0
1215.0,-0.04140930995345116,-1.0063308477401733,2.0862269401550293,-2.6506924629211426,-1.5707963705062866,1.5293869972229004,0.9714574813842773,0.1609220653772354,0.1676350086927414,0.0,1.0,0.0,0.0
1216.0,-0.03234543651342392,-1.0098564624786377,2.0944931507110596,-2.655432939529419,-1.5707963705062866,1.538450837135315,0.9643411040306091,0.1699022799730301,0.1676350086927414,0.0,1.0,0.0,0.0
1217.0,-0.04831256717443466,-1.0129892826080322,2.10185170173645,-2.659658908843994,-1.5707963705062866,1.5224837064743042,0.961922287940979,0.15472568571567535,0.1676350086927414,0.0,1.0,0.0,0.0
1218.0,-0.06329632550477982,-1.012009620666504,2.0995492935180664,-2.6583359241485596,-1.5707963705062866,1.5075000524520874,0.9656996130943298,0.1401963233947754,0.1676350086927414,0.0,1.0,0.0,0.0
1219.0,-0.0698048323392868,-1.0211390256881714,2.12105655670166,-2.6707136631011963,-1.5707963705062866,1.5009914636611938,0.9519232511520386,0.1349337249994278,0.1676350086927414,0.0,1.0,0.0,0.0
1220.0,-0.08074473589658737,-1.0166584253311157,2.1104867458343506,-2.6646246910095215,-1.5707963705062866,1.4900516271591187,0.960555911064148,0.12392818182706833,0.1676350086927414,0.0,1.0,0.0,0.0
1221.0,-0.07938676327466965,-1.0092687606811523,2.093114137649536,-2.654641628265381,-1.5707963705062866,1.4914095401763916,0.9721994400024414,0.12429272383451462,0.1676350086927414,0.0,1.0,0.0,0.0
1222.0,-0.06900809705257416,-1.0043398141860962,2.0815656185150146,-2.648022174835205,-1.5707963705062866,1.5017882585525513,0.978684663772583,0.13383497297763824,0.1676350086927414,0.0,1.0,0.0,0.0
1223.0,-0.056282781064510345,-1.004866123199463,2.0827972888946533,-2.6487274169921875,-1.5707963705062866,1.5145134925842285,0.9760681390762329,0.14632487297058105,0.1676350086927414,0.0,1.0,0.0,0.0
1224.0,-0.05763305723667145,-0.9967014789581299,2.063727855682373,-2.6378226280212402,-1.5707963705062866,1.5131633281707764,0.9891484975814819,0.14426343142986298,0.1676350086927414,0.0,1.0,0.0,0.0
1225.0,-0.047842059284448624,-0.9917846322059631,2.052281379699707,-2.6312930583953857,-1.5707963705062866,1.5229542255401611,0.9953924417495728,0.15357226133346558,0.1676350086927414,0.0,1.0,0.0,0.0
1226.0,-0.04251967743039131,-0.9972152709960938,2.0649254322052,-2.6385064125061035,-1.5707963705062866,1.5282766819000244,0.9860475659370422,0.15923012793064117,0.1676350086927414,0.0,1.0,0.0,0.0
1227.0,-0.03109397552907467,-0.9898363947868347,2.04775333404541,-2.628713369369507,-1.5707963705062866,1.539702296257019,0.9957233667373657,0.17012622952461243,0.1676350086927414,0.0,1.0,0.0,0.0
1228.0,0.2007417380809784,-0.8451741337776184,1.9302653074264526,-2.3233482837677,-2.584195375442505,-1.1843003034591675,1.0013571977615356,0.27524980902671814,0.10757522284984589,0.866025447845459,0.0,0.0,0.5
1229.0,0.19890516996383667,-0.8448095917701721,1.9159899950027466,-2.312225580215454,-2.5847926139831543,-1.1875851154327393,1.0112336874008179,0.27524980902671814,0.11258111894130707,0.8660253882408142,0.0,0.0,0.5000000596046448
1230.0,-0.04923868179321289,-0.984601616859436,2.03560733795166,-2.6218020915985107,-1.5707963705062866,1.5215576887130737,1.0067815780639648,0.1516312062740326,0.1676350086927414,0.0,1.0,0.0,0.0
1231.0,-0.034677524119615555,-0.9771047234535217,2.0182621479034424,-2.6119539737701416,-1.5707963705062866,1.536118745803833,1.0160409212112427,0.16587300598621368,0.1676350086927414,0.0,1.0,0.0,0.0
1232.0,-0.047732751816511154,-0.9757241606712341,2.0150742530822754,-2.6101465225219727,-1.5707963705062866,1.5230635404586792,1.020239233970642,0.15249335765838623,0.1676350086927414,0.0,1.0,0.0,0.0
1233.0,-0.0597979836165905,-0.9816067218780518,2.0286715030670166,-2.617861032485962,-1.5707963705062866,1.5109983682632446,1.0129563808441162,0.1407148540019989,0.1676350086927414,0.0,1.0,0.0,0.0
1234.0,-0.06475783884525299,-0.9902439117431641,2.0487000942230225,-2.6292526721954346,-1.5707963705062866,1.5060385465621948,1.0002504587173462,0.1365574449300766,0.1676350086927414,0.0,1.0,0.0,0.0
1235.0,-0.07219206541776657,-0.9966692924499512,2.063652753829956,-2.637779712677002,-1.5707963705062866,1.4986042976379395,0.9911943674087524,0.12984398007392883,0.1676350086927414,0.0,1.0,0.0,0.0
1236.0,-0.08198040723800659,-0.9909554123878479,2.050353527069092,-2.6301944255828857,-1.5707963705062866,1.4888159036636353,1.001346230506897,0.11940216273069382,0.1676350086927414,0.0,1.0,0.0,0.0
1237.0,-0.07241110503673553,-0.9841099977493286,2.034468173980713,-2.621154546737671,-1.5707963705062866,1.4983851909637451,1.0107851028442383,0.12820786237716675,0.1676350086927414,0.0,1.0,0.0,0.0
1238.0,-0.08285202085971832,-0.9816135168075562,2.028687000274658,-2.6178698539733887,-1.5707963705062866,1.48794424533844,1.0159205198287964,0.11732765287160873,0.1676350086927414,0.0,1.0,0.0,0.0
1239.0,-0.094574473798275,-0.9866224527359009,2.040292739868164,-2.62446665763855,-1.5707963705062866,1.4762217998504639,1.0094945430755615,0.10614418238401413,0.1676350086927414,0.0,1.0,0.0,0.0
1240.0,-0.10431405156850815,-0.9835283756256104,2.033120632171631,-2.6203885078430176,-1.5707963705062866,1.4664822816848755,1.0152568817138672,0.09580718725919724,0.1676350086927414,0.0,1.0,0.0,0.0
1241.0,-0.09102842211723328,-0.9769440293312073,2.0178911685943604,-2.611743450164795,-1.5707963705062866,1.479767918586731,1.0240163803100586,0.10836272686719894,0.1676350086927414,0.0,1.0,0.0,0.0
1242.0,-0.07704439759254456,-0.9737588763237,2.0105392932891846,-2.607576847076416,-1.5707963705062866,1.493751883506775,1.0272762775421143,0.12229517847299576,0.1676350086927414,0.0,1.0,0.0,0.0
1243.0,-0.08604079484939575,-0.9697697758674622,2.0013458728790283,-2.602372407913208,-1.5707963705062866,1.484755516052246,1.0344115495681763,0.11252442747354507,0.1676350086927414,0.0,1.0,0.0,0.0
1244.0,-0.09663164615631104,-0.967512309551239,1.9961497783660889,-2.5994338989257812,-1.5707963705062866,1.4741647243499756,1.038968801498413,0.1012311652302742,0.1676350086927414,0.0,1.0,0.0,0.0
1245.0,-0.10641267150640488,-0.9719415307044983,2.0063493251800537,-2.6052041053771973,-1.5707963705062866,1.464383602142334,1.0331906080245972,0.09178196638822556,0.1676350086927414,0.0,1.0,0.0,0.0
1246.0,-0.11424602568149567,-0.9771987795829773,2.018479585647583,-2.612076997756958,-1.5707963705062866,1.4565502405166626,1.0258668661117554,0.08460511267185211,0.1676350086927414,0.0,1.0,0.0,0.0
1247.0,-0.12771019339561462,-0.9768128991127014,2.0175881385803223,-2.611571788787842,-1.5707963705062866,1.4430861473083496,1.0275015830993652,0.07070983201265335,0.1676350086927414,0.0,1.0,0.0,0.0
1248.0,-0.12180019170045853,-0.9701957106590271,2.0023269653320312,-2.6029274463653564,-1.5707963705062866,1.4489961862564087,1.0371280908584595,0.07554941624403,0.1676350086927414,0.0,1.0,0.0,0.0
1249.0,-0.14471815526485443,-0.9699838757514954,2.0018389225006104,-2.602651357650757,-1.5707963705062866,1.426078200340271,1.0389069318771362,0.051716167479753494,0.1676350086927414,0.0,1.0,0.0,0.0
1250.0,-0.1391497254371643,-0.9792991280555725,2.0233333110809326,-2.614830493927002,-1.5707963705062866,1.4316465854644775,1.0244518518447876,0.059482332319021225,0.1676350086927414,0.0,1.0,0.0,0.0
1251.0,-0.15629704296588898,-0.9833154678344727,2.032627582550049,-2.6201083660125732,-1.5707963705062866,1.414499282836914,1.0191893577575684,0.042874108999967575,0.1676350086927414,0.0,1.0,0.0,0.0
1252.0,-0.15131817758083344,-0.9920963644981384,2.053006172180176,-2.6317062377929688,-1.5707963705062866,1.419478178024292,1.005448818206787,0.05000868812203407,0.1676350086927414,0.0,1.0,0.0,0.0
1253.0,-0.16158892214298248,-0.9906546473503113,2.049654722213745,-2.629796266555786,-1.5707963705062866,1.4092073440551758,1.0081340074539185,0.039316900074481964,0.1676350086927414,0.0,1.0,0.0,0.0
1254.0,-0.17311742901802063,-0.993977427482605,2.057382822036743,-2.634201765060425,-1.5707963705062866,1.3976788520812988,1.0033974647521973,0.028588082641363144,0.1676350086927414,0.0,1.0,0.0,0.0
1255.0,-0.16605620086193085,-0.999369204044342,2.0699498653411865,-2.6413769721984863,-1.5707963705062866,1.4047400951385498,0.9948057532310486,0.03707446530461311,0.1676350086927414,0.0,1.0,0.0,0.0
1256.0,-0.1548154652118683,-1.0019116401672363,2.075887680053711,-2.6447722911834717,-1.5707963705062866,1.4159808158874512,0.9903562664985657,0.04887380078434944,0.1676350086927414,0.0,1.0,0.0,0.0
1257.0,-0.160981222987175,-1.0099332332611084,2.0946731567382812,-2.655536413192749,-1.5707963705062866,1.4098150730133057,0.9780478477478027,0.04481120780110359,0.1676350086927414,0.0,1.0,0.0,0.0
1258.0,-0.13910648226737976,-1.003523349761963,2.079655647277832,-2.646928548812866,-1.5707963705062866,1.4316898584365845,0.9869378209114075,0.0647786408662796,0.1676350086927414,0.0,1.0,0.0,0.0
1259.0,-0.12177504599094391,-0.9962736964225769,2.0627307891845703,-2.637253522872925,-1.5707963705062866,1.4490212202072144,0.997029185295105,0.08048257976770401,0.1676350086927414,0.0,1.0,0.0,0.0
1260.0,-0.14064519107341766,-0.9941213726997375,2.057717800140381,-2.634392738342285,-1.5707963705062866,1.430151104927063,1.0017168521881104,0.06118149682879448,0.1676350086927414,0.0,1.0,0.0,0.0
1261.0,-0.1347990483045578,-0.9855102300643921,2.0377135276794434,-2.622999429702759,-1.5707963705062866,1.4359972476959229,1.01465904712677,0.06523052603006363,0.1676350086927414,0.0,1.0,0.0,0.0
1262.0,-0.12201184779405594,-0.9855676889419556,2.037846565246582,-2.623075246810913,-1.5707963705062866,1.4487844705581665,1.0136533975601196,0.07821034640073776,0.1676350086927414,0.0,1.0,0.0,0.0
1263.0,-0.11327433586120605,-0.9893379807472229,2.046595573425293,-2.628053903579712,-1.5707963705062866,1.4575220346450806,1.0071009397506714,0.08772733062505722,0.1676350086927414,0.0,1.0,0.0,0.0
1264.0,-0.10593373328447342,-0.9952763915061951,2.0604074001312256,-2.635927200317383,-1.5707963705062866,1.464862585067749,0.9971875548362732,0.09610037505626678,0.1676350086927414,0.0,1.0,0.0,0.0
1265.0,-0.0929659754037857,-0.994697630405426,2.0590593814849854,-2.6351583003997803,-1.5707963705062866,1.477830410003662,0.9967622756958008,0.10893886536359787,0.1676350086927414,0.0,1.0,0.0,0.0
1266.0,-0.0890440121293068,-1.003260612487793,2.079041004180908,-2.6465768814086914,-1.5707963705062866,1.4817522764205933,0.9828746914863586,0.11404833942651749,0.1676350086927414,0.0,1.0,0.0,0.0
1267.0,-0.10233406722545624,-1.001866340637207,2.0757815837860107,-2.64471173286438,-1.5707963705062866,1.4684622287750244,0.9865003228187561,0.10075059533119202,0.1676350086927414,0.0,1.0,0.0,0.0
1268.0,-0.09945721924304962,-1.0108308792114258,2.09678053855896,-2.6567459106445312,-1.5707963705062866,1.4713391065597534,0.9720141887664795,0.10500437766313553,0.1676350086927414,0.0,1.0,0.0,0.0
1269.0,-0.11471493542194366,-1.0089237689971924,2.0923049449920654,-2.65417742729187,-1.5707963705062866,1.4560813903808594,0.9765299558639526,0.08981326222419739,0.1676350086927414,0.0,1.0,0.0,0.0
1270.0,-0.1282804310321808,-1.0069273710250854,2.0876245498657227,-2.651493549346924,-1.5707963705062866,1.4425158500671387,0.980814516544342,0.07615119218826294,0.1676350086927414,0.0,1.0,0.0,0.0
1271.0,-0.12368255853652954,-1.0143978595733643,2.1051645278930664,-2.6615631580352783,-1.5707963705062866,1.4471137523651123,0.9685985445976257,0.08213386684656143,0.1676350086927414,0.0,1.0,0.0,0.0
1272.0,-0.13633926212787628,-1.016714096069336,2.1106178760528564,-2.6647002696990967,-1.5707963705062866,1.4344570636749268,0.9658690690994263,0.07037477195262909,0.1676350086927414,0.0,1.0,0.0,0.0
1273.0,-0.11345932632684708,-1.0162436962127686,2.1095099449157715,-2.6640625,-1.5707963705062866,1.4573370218276978,0.9647589325904846,0.09236768633127213,0.1676350086927414,0.0,1.0,0.0,0.0
1274.0,-0.10258945822715759,-1.018485188484192,2.114792585372925,-2.6671037673950195,-1.5707963705062866,1.4682068824768066,0.9601033926010132,0.10321888327598572,0.1676350086927414,0.0,1.0,0.0,0.0
1275.0,-0.09293049573898315,-1.021719217300415,2.122426986694336,-2.671504259109497,-1.5707963705062866,1.4778658151626587,0.9538530111312866,0.11297296732664108,0.1676350086927414,0.0,1.0,0.0,0.0
1276.0,-0.08680941164493561,-1.0277824401855469,2.1367809772491455,-2.679795026779175,-1.5707963705062866,1.4839869737625122,0.9433168768882751,0.11966463178396225,0.1676350086927414,0.0,1.0,0.0,0.0
1277.0,-0.1009879857301712,-1.0316270589828491,2.14591121673584,-2.6850805282592773,-1.5707963705062866,1.4698083400726318,0.9386574029922485,0.10691263526678085,0.1676350086927414,0.0,1.0,0.0,0.0
1278.0,-0.10919661074876785,-1.0254325866699219,2.131211757659912,-2.6765754222869873,-1.5707963705062866,1.4615997076034546,0.9495680332183838,0.09810061752796173,0.1676350086927414,0.0,1.0,0.0,0.0
1279.0,-0.1208186000585556,-1.022983193397522,2.1254148483276367,-2.6732280254364014,-1.5707963705062866,1.4499777555465698,0.9545971155166626,0.08657842874526978,0.1676350086927414,0.0,1.0,0.0,0.0
1280.0,-0.11900743842124939,-1.0306119918823242,2.143498182296753,-2.683682680130005,-1.5707963705062866,1.4517889022827148,0.9420843720436096,0.08978445827960968,0.1676350086927414,0.0,1.0,0.0,0.0
1281.0,-0.13074061274528503,-1.0306732654571533,2.143644094467163,-2.683767080307007,-1.5707963705062866,1.4400557279586792,0.942973256111145,0.07873799651861191,0.1676350086927414,0.0,1.0,0.0,0.0
1282.0,-0.1424787938594818,-1.0283693075180054,2.1381733417510986,-2.680600166320801,-1.5707963705062866,1.4283175468444824,0.9475648403167725,0.06712863594293594,0.1676350086927414,0.0,1.0,0.0,0.0
1283.0,-0.14514456689357758,-1.0225918292999268,2.1244897842407227,-2.672694206237793,-1.5707963705062866,1.4256517887115479,0.9570488929748535,0.06324175000190735,0.1676350086927414,0.0,1.0,0.0,0.0
1284.0,-0.154623344540596,-1.0281881093978882,2.1377432346343994,-2.680351495742798,-1.5707963705062866,1.416172981262207,0.9486027359962463,0.05557062104344368,0.1676350086927414,0.0,1.0,0.0,0.0
1285.0,-0.16618934273719788,-1.0304971933364868,2.14322566986084,-2.6835246086120605,-1.5707963705062866,1.4046069383621216,0.9454560279846191,0.04522058740258217,0.1676350086927414,0.0,1.0,0.0,0.0
1286.0,-0.1685805767774582,-1.0236467123031616,2.1269845962524414,-2.6741340160369873,-1.5707963705062866,1.4022157192230225,0.9565797448158264,0.04108439013361931,0.1676350086927414,0.0,1.0,0.0,0.0
1287.0,-0.15861013531684875,-1.0173909664154053,2.112212896347046,-2.6656181812286377,-1.5707963705062866,1.4121861457824707,0.9661197066307068,0.049020636826753616,0.1676350086927414,0.0,1.0,0.0,0.0
1288.0,-0.17632919549942017,-1.0184259414672852,2.1146531105041504,-2.6670234203338623,-1.5707963705062866,1.3944671154022217,0.9651927351951599,0.03218800947070122,0.1676350086927414,0.0,1.0,0.0,0.0
1289.0,-0.18517477810382843,-1.0140358209609985,2.1043128967285156,-2.6610734462738037,-1.5707963705062866,1.3856215476989746,0.9723867774009705,0.0223478302359581,0.1676350086927414,0.0,1.0,0.0,0.0
1290.0,-0.195438951253891,-1.0239365100860596,2.1276700496673584,-2.674529790878296,-1.5707963705062866,1.3753573894500732,0.9568761587142944,0.0154719278216362,0.1676350086927414,0.0,1.0,0.0,0.0
1291.0,-0.21773593127727509,-1.0203790664672852,2.1192617416381836,-2.6696789264678955,-1.5707963705062866,1.3530603647232056,0.9626159071922302,-0.007111786399036646,0.1676350086927414,0.0,1.0,0.0,0.0
1292.0,-0.19720835983753204,-1.0161653757095337,2.109325408935547,-2.6639564037323,-1.5707963705062866,1.373587965965271,0.9692279100418091,0.011316027492284775,0.1676350086927414,0.0,1.0,0.0,0.0
1293.0,-0.19144324958324432,-1.0076993703842163,2.0894336700439453,-2.6525306701660156,-1.5707963705062866,1.3793530464172363,0.9824582934379578,0.014323469251394272,0.1676350086927414,0.0,1.0,0.0,0.0
1294.0,-0.17657995223999023,-1.0074115991592407,2.088759183883667,-2.652143955230713,-1.5707963705062866,1.3942164182662964,0.9825882315635681,0.028843380510807037,0.1676350086927414,0.0,1.0,0.0,0.0
1295.0,-0.17821072041988373,-1.0005122423171997,2.0726184844970703,-2.6429026126861572,-1.5707963705062866,1.3925856351852417,0.9934065341949463,0.025300603359937668,0.1676350086927414,0.0,1.0,0.0,0.0
1296.0,-0.19652508199214935,-1.000173807144165,2.0718281269073486,-2.6424505710601807,-1.5707963705062866,1.374271273612976,0.9942276477813721,0.006999361794441938,0.1676350086927414,0.0,1.0,0.0,0.0
1297.0,-0.1845383197069168,-0.9944350123405457,2.058448076248169,-2.6348094940185547,-1.5707963705062866,1.3862580060958862,1.0029529333114624,0.01725846901535988,0.1676350086927414,0.0,1.0,0.0,0.0
1298.0,-0.18891167640686035,-0.9873809218406677,2.0420522689819336,-2.6254677772521973,-1.5707963705062866,1.3818846940994263,1.013845443725586,0.01080208458006382,0.1676350086927414,0.0,1.0,0.0,0.0
1299.0,-0.18439701199531555,-0.9795390367507935,2.023888111114502,-2.615145444869995,-1.5707963705062866,1.386399269104004,1.025730013847351,0.013151455670595169,0.1676350086927414,0.0,1.0,0.0,0.0
1300.0,-0.17188571393489838,-0.9848067164421082,2.0360827445983887,-2.622072219848633,-1.5707963705062866,1.398910641670227,1.0174559354782104,0.027377180755138397,0.1676350086927414,0.0,1.0,0.0,0.0
1301.0,-0.16094988584518433,-0.9769948720932007,2.0180084705352783,-2.6118099689483643,-1.5707963705062866,1.4098464250564575,1.0290077924728394,0.03656807914376259,0.1676350086927414,0.0,1.0,0.0,0.0
1302.0,-0.17098280787467957,-0.9750075936317444,2.013420343399048,-2.6092090606689453,-1.5707963705062866,1.3998135328292847,1.0323313474655151,0.02572297304868698,0.1676350086927414,0.0,1.0,0.0,0.0
1303.0,-0.1760428249835968,-0.9687429666519165,1.9989819526672363,-2.6010353565216064,-1.5707963705062866,1.3947534561157227,1.0418798923492432,0.018821313977241516,0.1676350086927414,0.0,1.0,0.0,0.0
1304.0,-0.15849488973617554,-0.9670481085777283,1.995081901550293,-2.598830223083496,-1.5707963705062866,1.4123014211654663,1.0439372062683105,0.036693062633275986,0.1676350086927414,0.0,1.0,0.0,0.0
1305.0,-0.16466569900512695,-0.9617487192153931,1.9829047918319702,-2.591952323913574,-1.5707963705062866,1.4061306715011597,1.052071213722229,0.028933163732290268,0.1676350086927414,0.0,1.0,0.0,0.0
1306.0,-0.15470294654369354,-0.9570379257202148,1.9721007347106934,-2.5858592987060547,-1.5707963705062866,1.416093349456787,1.058750033378601,0.03831842541694641,0.1676350086927414,0.0,1.0,0.0,0.0
1307.0,-0.16956140100955963,-0.9544997215270996,1.9662874937057495,-2.5825841426849365,-1.5707963705062866,1.4012348651885986,1.062960147857666,0.02194005250930786,0.1676350086927414,0.0,1.0,0.0,0.0
1308.0,-0.18006977438926697,-0.9554136395454407,1.968380093574524,-2.5837626457214355,-1.5707963705062866,1.3907265663146973,1.061782717704773,0.01101468876004219,0.1676350086927414,0.0,1.0,0.0,0.0
1309.0,-0.17603418231010437,-0.9614553451538086,1.9822312593460083,-2.5915722846984863,-1.5707963705062866,1.3947621583938599,1.0527688264846802,0.0168934166431427,0.1676350086927414,0.0,1.0,0.0,0.0
1310.0,-0.1879311054944992,-0.9622185826301575,1.9839832782745361,-2.5925610065460205,-1.5707963705062866,1.3828651905059814,1.0517616271972656,0.004583412315696478,0.1676350086927414,0.0,1.0,0.0,0.0
1311.0,-0.19746428728103638,-0.9565220475196838,1.970918893814087,-2.585193157196045,-1.5707963705062866,1.3733320236206055,1.060180902481079,-0.007128555793315172,0.1676350086927414,0.0,1.0,0.0,0.0
1312.0,-0.20373576879501343,-0.9650440812110901,1.990473985671997,-2.596226215362549,-1.5707963705062866,1.3670605421066284,1.0475101470947266,-0.011173008009791374,0.1676350086927414,0.0,1.0,0.0,0.0
1313.0,-0.19578072428703308,-0.9712474942207336,2.0047497749328613,-2.6042985916137695,-1.5707963705062866,1.3750156164169312,1.038299798965454,-0.001002094242721796,0.1676350086927414,0.0,1.0,0.0,0.0
1314.0,-0.20584413409233093,-0.9734405279159546,2.009805202484131,-2.607161045074463,-1.5707963705062866,1.3649522066116333,1.0349525213241577,-0.010764890350401402,0.1676350086927414,0.0,1.0,0.0,0.0
1315.0,-0.20017647743225098,-0.9819146394729614,2.029384136199951,-2.6182656288146973,-1.5707963705062866,1.3706198930740356,1.0222139358520508,-0.002305407542735338,0.1676350086927414,0.0,1.0,0.0,0.0
1316.0,-0.21648897230625153,-0.9788033366203308,2.0221872329711914,-2.614180326461792,-1.5707963705062866,1.3543074131011963,1.0267317295074463,-0.02001100964844227,0.1676350086927414,0.0,1.0,0.0,0.0
1317.0,-0.22448371350765228,-0.973548173904419,2.0100533962249756,-2.6073014736175537,-1.5707963705062866,1.3463126420974731,1.0344114303588867,-0.030016278848052025,0.1676350086927414,0.0,1.0,0.0,0.0
1318.0,-0.22133618593215942,-0.9651898741722107,1.9908090829849243,-2.5964155197143555,-1.5707963705062866,1.3494601249694824,1.0469353199005127,-0.029558368027210236,0.1676350086927414,0.0,1.0,0.0,0.0
1319.0,-0.23296137154102325,-0.9613693952560425,1.9820340871810913,-2.591460943222046,-1.5707963705062866,1.3378349542617798,1.052151083946228,-0.04306274652481079,0.1676350086927414,0.0,1.0,0.0,0.0
1320.0,-0.23389893770217896,-0.9682028889656067,1.9977388381958008,-2.600332260131836,-1.5707963705062866,1.336897373199463,1.0420253276824951,-0.04164636507630348,0.1676350086927414,0.0,1.0,0.0,0.0
1321.0,-0.24263456463813782,-0.9752013087272644,2.0138673782348633,-2.6094624996185303,-1.5707963705062866,1.3281617164611816,1.0312354564666748,-0.04817666858434677,0.1676350086927414,0.0,1.0,0.0,0.0
1322.0,-0.25206848978996277,-0.9814991354942322,2.0284223556518555,-2.6177196502685547,-1.5707963705062866,1.3187278509140015,1.0213406085968018,-0.055483464151620865,0.1676350086927414,0.0,1.0,0.0,0.0
1323.0,-0.2416962832212448,-0.9833446741104126,2.0326950550079346,-2.6201467514038086,-1.5707963705062866,1.3291000127792358,1.0190881490707397,-0.04420354962348938,0.1676350086927414,0.0,1.0,0.0,0.0
1324.0,-0.23606206476688385,-0.9902232885360718,2.048652172088623,-2.629225254058838,-1.5707963705062866,1.3347342014312744,1.0089199542999268,-0.03595917671918869,0.1676350086927414,0.0,1.0,0.0,0.0
1325.0,-0.22554147243499756,-0.9851394295692444,2.036853790283203,-2.6225106716156006,-1.5707963705062866,1.345254898071289,1.0169566869735718,-0.027112927287817,0.1676350086927414,0.0,1.0,0.0,0.0
1326.0,-0.22059635818004608,-0.991693377494812,2.0520691871643066,-2.6311721801757812,-1.5707963705062866,1.3501999378204346,1.0071138143539429,-0.019849156960844994,0.1676350086927414,0.0,1.0,0.0,0.0
1327.0,-0.20700424909591675,-0.993976354598999,2.057380199432373,-2.63420033454895,-1.5707963705062866,1.363792061805725,1.0037916898727417,-0.005424124654382467,0.1676350086927414,0.0,1.0,0.0,0.0
1328.0,-0.21807578206062317,-1.001146674156189,2.0741000175476074,-2.643749713897705,-1.5707963705062866,1.3527204990386963,0.9926466345787048,-0.01409429032355547,0.1676350086927414,0.0,1.0,0.0,0.0
1329.0,-0.20842230319976807,-1.0037593841552734,2.080207586288452,-2.647244691848755,-1.5707963705062866,1.3623740673065186,0.9886882305145264,-0.003655113745480776,0.1676350086927414,0.0,1.0,0.0,0.0
1330.0,-0.21414586901664734,-1.0125690698623657,2.1008639335632324,-2.6590912342071533,-1.5707963705062866,1.356650471687317,0.9749253392219543,-0.006328755524009466,0.1676350086927414,0.0,1.0,0.0,0.0
1331.0,-0.23780211806297302,-1.0161628723144531,2.1093192100524902,-2.6639528274536133,-1.5707963705062866,1.3329942226409912,0.9688926339149475,-0.028028063476085663,0.1676350086927414,0.0,1.0,0.0,0.0
1332.0,-0.23223833739757538,-1.0236784219741821,2.1270592212677,-2.6741771697998047,-1.5707963705062866,1.3385579586029053,0.9572058320045471,-0.019839605316519737,0.1676350086927414,0.0,1.0,0.0,0.0
1333.0,-0.2444363832473755,-1.0306745767593384,2.1436469554901123,-2.6837687492370605,-1.5707963705062866,1.3263599872589111,0.945815920829773,-0.028751101344823837,0.1676350086927414,0.0,1.0,0.0,0.0
1334.0,-0.24857312440872192,-1.0246226787567139,2.129293918609619,-2.6754674911499023,-1.5707963705062866,1.32222318649292,0.9552662372589111,-0.035094376653432846,0.1676350086927414,0.0,1.0,0.0,0.0
1335.0,-0.2602221369743347,-1.0226995944976807,2.124744415283203,-2.6728413105010986,-1.5707963705062866,1.3105741739273071,0.9578115940093994,-0.0470234751701355,0.1676350086927414,0.0,1.0,0.0,0.0
1336.0,-0.250431090593338,-1.0173355340957642,2.1120822429656982,-2.6655430793762207,-1.5707963705062866,1.3203651905059814,0.9666312336921692,-0.039793435484170914,0.1676350086927414,0.0,1.0,0.0,0.0
1337.0,-0.2703544497489929,-1.0166512727737427,2.1104700565338135,-2.6646149158477783,-1.5707963705062866,1.300441861152649,0.9667091369628906,-0.05933728441596031,0.1676350086927414,0.0,1.0,0.0,0.0
1338.0,-0.2581940293312073,-1.0123624801635742,2.1003785133361816,-2.6588122844696045,-1.5707963705062866,1.3126022815704346,0.9740211367607117,-0.049336954951286316,0.1676350086927414,0.0,1.0,0.0,0.0
1339.0,-0.26522931456565857,-1.0085728168487549,2.0914816856384277,-2.65370512008667,-1.5707963705062866,1.3055670261383057,0.9794970154762268,-0.05777639150619507,0.1676350086927414,0.0,1.0,0.0,0.0
1340.0,-0.2509777545928955,-1.0060009956359863,2.085454225540161,-2.650249719619751,-1.5707963705062866,1.3198186159133911,0.9841889142990112,-0.044829003512859344,0.1676350086927414,0.0,1.0,0.0,0.0
1341.0,-0.23186428844928741,-1.0080435276031494,2.090240478515625,-2.6529932022094727,-1.5707963705062866,1.3389320373535156,0.9817007780075073,-0.025263343006372452,0.1676350086927414,0.0,1.0,0.0,0.0
1342.0,-0.2315651923418045,-1.0006048679351807,2.0728347301483154,-2.643026113510132,-1.5707963705062866,1.3392311334609985,0.9931997656822205,-0.02767936699092388,0.1676350086927414,0.0,1.0,0.0,0.0
1343.0,-0.2427341490983963,-0.9981070160865784,2.067004919052124,-2.6396942138671875,-1.5707963705062866,1.3280621767044067,0.9966546297073364,-0.03971777856349945,0.1676350086927414,0.0,1.0,0.0,0.0
1344.0,-0.25872814655303955,-1.0007693767547607,2.073219060897827,-2.6432459354400635,-1.5707963705062866,1.312068223953247,0.9918302297592163,-0.0545775406062603,0.1676350086927414,0.0,1.0,0.0,0.0
1345.0,-0.2532612681388855,-0.9899020791053772,2.047905921936035,-2.6288001537323,-1.5707963705062866,1.3175350427627563,1.00863778591156,-0.053431250154972076,0.1676350086927414,0.0,1.0,0.0,0.0
1346.0,-0.26579374074935913,-0.9933685660362244,2.0559659004211426,-2.6333935260772705,-1.5707963705062866,1.3050025701522827,1.0026581287384033,-0.06464342772960663,0.1676350086927414,0.0,1.0,0.0,0.0
1347.0,-0.2773192822933197,-0.9951550960540771,2.0601248741149902,-2.63576602935791,-1.5707963705062866,1.2934770584106445,0.9991510510444641,-0.07542780786752701,0.1676350086927414,0.0,1.0,0.0,0.0
1348.0,-0.27246031165122986,-1.0019773244857788,2.0760409832000732,-2.644860029220581,-1.5707963705062866,1.2983360290527344,0.9891472458839417,-0.0676778182387352,0.1676350086927414,0.0,1.0,0.0,0.0
1349.0,-0.2848684787750244,-1.0008397102355957,2.073383331298828,-2.6433398723602295,-1.5707963705062866,1.2859278917312622,0.9899581074714661,-0.08045145124197006,0.1676350086927414,0.0,1.0,0.0,0.0
1350.0,-0.29228076338768005,-0.9970058798789978,2.0644373893737793,-2.638227701187134,-1.5707963705062866,1.2785155773162842,0.9951248168945312,-0.08952929824590683,0.1676350086927414,0.0,1.0,0.0,0.0
1351.0,-0.2958262860774994,-1.004136323928833,2.081089496612549,-2.647749662399292,-1.5707963705062866,1.2749700546264648,0.9840229153633118,-0.08977211266756058,0.1676350086927414,0.0,1.0,0.0,0.0
1352.0,-0.3083358407020569,-1.010598063468933,2.09623384475708,-2.6564321517944336,-1.5707963705062866,1.262460470199585,0.9730154275894165,-0.09895080327987671,0.1676350086927414,0.0,1.0,0.0,0.0
1353.0,-0.3194425702095032,-1.0078104734420776,2.0896942615509033,-2.652679920196533,-1.5707963705062866,1.2513537406921387,0.9760813117027283,-0.11114898324012756,0.1676350086927414,0.0,1.0,0.0,0.0
1354.0,-0.30550649762153625,-1.0009363889694214,2.073608875274658,-2.6434688568115234,-1.5707963705062866,1.2652897834777832,0.9879413843154907,-0.1008177250623703,0.1676350086927414,0.0,1.0,0.0,0.0
1355.0,-0.31310948729515076,-0.996264636516571,2.0627095699310303,-2.6372413635253906,-1.5707963705062866,1.2576868534088135,0.994153618812561,-0.11059471219778061,0.1676350086927414,0.0,1.0,0.0,0.0
1356.0,-0.3277232348918915,-0.9956443309783936,2.0612642765045166,-2.636416435241699,-1.5707963705062866,1.2430731058120728,0.9933543801307678,-0.12542450428009033,0.1676350086927414,0.0,1.0,0.0,0.0
1357.0,-0.31827253103256226,-0.98729407787323,2.0418508052825928,-2.6253530979156494,-1.5707963705062866,1.2525237798690796,1.0068961381912231,-0.12011688202619553,0.1676350086927414,0.0,1.0,0.0,0.0
1358.0,-0.3070744276046753,-0.9877176880836487,2.0428338050842285,-2.6259124279022217,-1.5707963705062866,1.2637219429016113,1.007549524307251,-0.10863497108221054,0.1676350086927414,0.0,1.0,0.0,0.0
1359.0,-0.2928488850593567,-0.9863746166229248,2.03971791267395,-2.6241395473480225,-1.5707963705062866,1.2779474258422852,1.0109933614730835,-0.09489467740058899,0.1676350086927414,0.0,1.0,0.0,0.0
1360.0,-0.2951999604701996,-0.9790445566177368,2.02274489402771,-2.6144967079162598,-1.5707963705062866,1.2755963802337646,1.0216237306594849,-0.10057253390550613,0.1676350086927414,0.0,1.0,0.0,0.0
1361.0,-0.28246816992759705,-0.9775257706642151,2.0192348957061768,-2.6125054359436035,-1.5707963705062866,1.2883281707763672,1.025067925453186,-0.08820966631174088,0.1676350086927414,0.0,1.0,0.0,0.0
1362.0,-0.28082817792892456,-0.9852303862571716,2.037064552307129,-2.6226305961608887,-1.5707963705062866,1.2899681329727173,1.0137689113616943,-0.08322792500257492,0.1676350086927414,0.0,1.0,0.0,0.0
1363.0,-0.26653483510017395,-0.983783483505249,2.0337116718292236,-2.6207244396209717,-1.5707963705062866,1.3042614459991455,1.0170199871063232,-0.06932089477777481,0.1676350086927414,0.0,1.0,0.0,0.0
1364.0,-0.27174606919288635,-0.9776099920272827,2.0194296836853027,-2.6126158237457275,-1.5707963705062866,1.299050211906433,1.0258299112319946,-0.07717911154031754,0.1676350086927414,0.0,1.0,0.0,0.0
1365.0,-0.2573341727256775,-0.97026526927948,2.0024871826171875,-2.603018045425415,-1.5707963705062866,1.3134621381759644,1.0377223491668701,-0.06525253504514694,0.1676350086927414,0.0,1.0,0.0,0.0
1366.0,-0.24543263018131256,-0.9672734141349792,1.9956002235412598,-2.599123239517212,-1.5707963705062866,1.3253637552261353,1.042847990989685,-0.05400547385215759,0.1676350086927414,0.0,1.0,0.0,0.0
1367.0,-0.25550222396850586,-0.9635753631591797,1.9870991706848145,-2.594320297241211,-1.5707963705062866,1.3152941465377808,1.0476834774017334,-0.06592253595590591,0.1676350086927414,0.0,1.0,0.0,0.0
1368.0,-0.26755183935165405,-0.963600218296051,1.9871562719345093,-2.5943524837493896,-1.5707963705062866,1.3032444715499878,1.0467767715454102,-0.07853168994188309,0.1676350086927414,0.0,1.0,0.0,0.0
1369.0,-0.26995569467544556,-0.9707466959953308,2.003596067428589,-2.6036455631256104,-1.5707963705062866,1.3008406162261963,1.0361077785491943,-0.07814860343933105,0.1676350086927414,0.0,1.0,0.0,0.0
1370.0,-0.28097084164619446,-0.9678862690925598,1.997010350227356,-2.5999202728271484,-1.5707963705062866,1.289825439453125,1.039374589920044,-0.09076590836048126,0.1676350086927414,0.0,1.0,0.0,0.0
1371.0,-0.2902860939502716,-0.9626330733299255,1.9849350452423096,-2.5930984020233154,-1.5707963705062866,1.2805101871490479,1.0461243391036987,-0.10272624343633652,0.1676350086927414,0.0,1.0,0.0,0.0
1372.0,-0.29512643814086914,-0.9705668091773987,2.0031814575195312,-2.6034109592437744,-1.5707963705062866,1.2756699323654175,1.0340756177902222,-0.10428062081336975,0.1676350086927414,0.0,1.0,0.0,0.0
1373.0,-0.30816027522087097,-0.9772311449050903,2.018554449081421,-2.612119436264038,-1.5707963705062866,1.2626360654830933,1.0228955745697021,-0.11465130746364594,0.1676350086927414,0.0,1.0,0.0,0.0
1374.0,-0.3221113383769989,-0.9811137318611145,2.0275304317474365,-2.617213010787964,-1.5707963705062866,1.2486850023269653,1.0155181884765625,-0.1270151138305664,0.1676350086927414,0.0,1.0,0.0,0.0
1375.0,-0.3197609484195709,-0.973376452922821,2.009657382965088,-2.6070773601531982,-1.5707963705062866,1.2510353326797485,1.0271140336990356,-0.12836965918540955,0.1676350086927414,0.0,1.0,0.0,0.0
1376.0,-0.30726873874664307,-0.9684278964996338,1.998256802558899,-2.6006250381469727,-1.5707963705062866,1.2635276317596436,1.0358424186706543,-0.1178152933716774,0.1676350086927414,0.0,1.0,0.0,0.0
1377.0,-0.31974759697914124,-0.9636366963386536,1.9872400760650635,-2.5943996906280518,-1.5707963705062866,1.2510486841201782,1.0412015914916992,-0.13301987946033478,0.1676350086927414,0.0,1.0,0.0,0.0
1378.0,-0.33048728108406067,-0.9712079763412476,2.0046586990356445,-2.6042470932006836,-1.5707963705062866,1.2403090000152588,1.0288161039352417,-0.14045576751232147,0.1676350086927414,0.0,1.0,0.0,0.0
1379.0,-0.3347395956516266,-0.9800565838813782,2.025084972381592,-2.6158246994018555,-1.5707963705062866,1.2360566854476929,1.0153752565383911,-0.14036518335342407,0.1676350086927414,0.0,1.0,0.0,0.0
1380.0,-0.3297431468963623,-0.9885221719741821,2.044701337814331,-2.6269752979278564,-1.5707963705062866,1.2410532236099243,1.0036426782608032,-0.13103921711444855,0.1676350086927414,0.0,1.0,0.0,0.0
1381.0,-0.34715843200683594,-0.9889708757400513,2.045742988586426,-2.627568483352661,-1.5707963705062866,1.2236379384994507,1.0005508661270142,-0.1482592225074768,0.1676350086927414,0.0,1.0,0.0,0.0
1382.0,-0.3603874146938324,-0.9885056018829346,2.0446627140045166,-2.626953601837158,-1.5707963705062866,1.2104089260101318,0.9991807341575623,-0.16173788905143738,0.1676350086927414,0.0,1.0,0.0,0.0
1383.0,-0.37407177686691284,-0.9910582900047302,2.0505926609039307,-2.630330801010132,-1.5707963705062866,1.196724534034729,0.9931658506393433,-0.1739398092031479,0.1676350086927414,0.0,1.0,0.0,0.0
1384.0,-0.38382136821746826,-0.9969649910926819,2.0643420219421387,-2.6381733417510986,-1.5707963705062866,1.1869750022888184,0.9828339219093323,-0.18014571070671082,0.1676350086927414,0.0,1.0,0.0,0.0
1385.0,-0.3967941701412201,-0.9949299693107605,2.059600591659546,-2.6354668140411377,-1.5707963705062866,1.1740021705627441,0.9833641648292542,-0.19411636888980865,0.1676350086927414,0.0,1.0,0.0,0.0
1386.0,-0.41654321551322937,-0.9929389953613281,2.0549662113189697,-2.6328234672546387,-1.5707963705062866,1.1542531251907349,0.9821941256523132,-0.2147609442472458,0.1676350086927414,0.0,1.0,0.0,0.0
1387.0,-0.6084940433502197,-0.8821590542793274,1.8507553339004517,-1.758970856666565,-0.7804707884788513,0.6225000619888306,0.9959344267845154,-0.31524983048439026,0.11211557686328888,0.0,0.8660253882408142,0.5,0.0
1388.0,-0.39691734313964844,-0.9884937405586243,2.044635057449341,-2.6269378662109375,-1.5707963705062866,1.1738790273666382,0.9926242232322693,-0.19812901318073273,0.1676350086927414,0.0,1.0,0.0,0.0
1389.0,-0.3842359781265259,-0.9893489480018616,2.046621084213257,-2.628068447113037,-1.5707963705062866,1.1865603923797607,0.99382084608078,-0.18502581119537354,0.1676350086927414,0.0,1.0,0.0,0.0
1390.0,-0.36932680010795593,-0.9800805449485779,2.0251405239105225,-2.615856170654297,-1.5707963705062866,1.2014695405960083,1.0098795890808105,-0.17537987232208252,0.1676350086927414,0.0,1.0,0.0,0.0
1391.0,-0.3587729334831238,-0.977459728717804,2.0190823078155518,-2.6124188899993896,-1.5707963705062866,1.212023377418518,1.015455961227417,-0.16613034904003143,0.1676350086927414,0.0,1.0,0.0,0.0
1392.0,-0.34579136967658997,-0.9757437705993652,2.0151195526123047,-2.6101722717285156,-1.5707963705062866,1.2250049114227295,1.02000892162323,-0.15382863581180573,0.1676350086927414,0.0,1.0,0.0,0.0
1393.0,-0.3620651662349701,-0.9692350029945374,2.0001144409179688,-2.6016757488250732,-1.5707963705062866,1.2087311744689941,1.0266848802566528,-0.17393484711647034,0.1676350086927414,0.0,1.0,0.0,0.0
1394.0,-0.35073524713516235,-0.9687051773071289,1.9988949298858643,-2.6009860038757324,-1.5707963705062866,1.2200610637664795,1.0293478965759277,-0.16256915032863617,0.1676350086927414,0.0,1.0,0.0,0.0
1395.0,-0.3387211263179779,-0.9616631865501404,1.98270845413208,-2.591841459274292,-1.5707963705062866,1.2320752143859863,1.0413075685501099,-0.1537424623966217,0.1676350086927414,0.0,1.0,0.0,0.0
1396.0,-0.35042527318000793,-0.9604923725128174,1.9800214767456055,-2.590325355529785,-1.5707963705062866,1.2203710079193115,1.0410983562469482,-0.16652657091617584,0.1676350086927414,0.0,1.0,0.0,0.0
1397.0,-0.3592410981655121,-0.9579702019691467,1.974237322807312,-2.5870635509490967,-1.5707963705062866,1.2115552425384521,1.0431499481201172,-0.17703507840633392,0.1676350086927414,0.0,1.0,0.0,0.0
1398.0,-0.3509158790111542,-0.9490783214569092,1.9538886547088623,-2.57560658454895,-1.5707963705062866,1.21988046169281,1.0570982694625854,-0.17292429506778717,0.1676350086927414,0.0,1.0,0.0,0.0
1399.0,-0.36099809408187866,-0.9498608708381653,1.9556769132614136,-2.5766122341156006,-1.5707963705062866,1.2097982168197632,1.0542091131210327,-0.1831609606742859,0.1676350086927414,0.0,1.0,0.0,0.0
1400.0,-0.37115049362182617,-0.9444628953933716,1.9433518648147583,-2.569685220718384,-1.5707963705062866,1.1996458768844604,1.0597795248031616,-0.19676688313484192,0.1676350086927414,0.0,1.0,0.0,0.0
1401.0,-0.3818606734275818,-0.9394575953483582,1.9319435358047485,-2.5632822513580322,-1.5707963705062866,1.18893563747406,1.064482569694519,-0.2108650654554367,0.1676350086927414,0.0,1.0,0.0,0.0
1402.0,-0.5711678266525269,-0.8319054841995239,1.7435632944107056,-1.729903221130371,-0.7545769214630127,0.6612239480018616,1.0703133344650269,-0.31524983048439026,0.1114201694726944,0.0,0.8660253882408142,0.5,0.0
1403.0,-0.5669172406196594,-0.8173010349273682,1.7309104204177856,-1.735169768333435,-0.7516767978668213,0.6657676100730896,1.0793641805648804,-0.31524983048439026,0.1023903340101242,0.0,0.8660253882408142,0.5,0.0
1404.0,-0.5724011063575745,-0.8184495568275452,1.7488142251968384,-1.747653841972351,-0.7554203271865845,0.6599108576774597,1.0677108764648438,-0.31524983048439026,0.09519274532794952,0.0,0.8660253882408142,0.5,0.0
1405.0,-0.5760705471038818,-0.8163384795188904,1.7606732845306396,-1.7587934732437134,-0.7579346895217896,0.6560179591178894,1.0600297451019287,-0.31524983048439026,0.08759357035160065,0.0,0.8660253882408142,0.5,0.0
1406.0,-0.5811252593994141,-0.8303264379501343,1.775480031967163,-1.7557483911514282,-0.7614105939865112,0.6506890654563904,1.0495978593826294,-0.31524983048439026,0.09499357640743256,0.0,0.8660253882408142,0.5000000596046448,0.0
1407.0,-0.5776177048683167,-0.8337717652320862,1.7642029523849487,-1.7437026500701904,-0.7589970827102661,0.6543826460838318,1.0568186044692993,-0.31524983048439026,0.10364927351474762,0.0,0.8660253882408142,0.5000000596046448,0.0
1408.0,-0.3907405138015747,-0.9485141038894653,1.9525996446609497,-2.5748817920684814,-1.5707963705062866,1.180055856704712,1.0501528978347778,-0.2151949107646942,0.1676350086927414,0.0,1.0,0.0,0.0
1409.0,-0.3974847197532654,-0.9556629657745361,1.9689509868621826,-2.5840842723846436,-1.5707963705062866,1.1733115911483765,1.0388174057006836,-0.21813277900218964,0.1676350086927414,0.0,1.0,0.0,0.0
1410.0,-0.5868493914604187,-0.8440423607826233,1.791866660118103,-1.754093050956726,-0.7653639912605286,0.6447014808654785,1.0379877090454102,-0.31524983048439026,0.10127381980419159,0.0,0.8660253882408142,0.5,0.0
1411.0,-0.38330742716789246,-0.9543025493621826,1.9658361673355103,-2.5823299884796143,-1.5707963705062866,1.1874889135360718,1.043698787689209,-0.20414723455905914,0.1676350086927414,0.0,1.0,0.0,0.0
1412.0,-0.37108930945396423,-0.9549037218093872,1.967212438583374,-2.5831050872802734,-1.5707963705062866,1.19970703125,1.0452747344970703,-0.19105327129364014,0.1676350086927414,0.0,1.0,0.0,0.0
1413.0,-0.37704387307167053,-0.9626002907752991,1.984859824180603,-2.5930557250976562,-1.5707963705062866,1.193752408027649,1.033334732055664,-0.19300372898578644,0.1676350086927414,0.0,1.0,0.0,0.0
1414.0,-0.38897716999053955,-0.9612597227096558,1.98178231716156,-2.5913188457489014,-1.5707963705062866,1.181819200515747,1.0328339338302612,-0.20608963072299957,0.1676350086927414,0.0,1.0,0.0,0.0
1415.0,-0.3862851560115814,-0.9691148400306702,1.999837875366211,-2.6015193462371826,-1.5707963705062866,1.1845111846923828,1.0223411321640015,-0.19881671667099,0.1676350086927414,0.0,1.0,0.0,0.0
1416.0,-0.37888798117637634,-0.9740565419197083,2.011225938796997,-2.6079657077789307,-1.5707963705062866,1.191908359527588,1.0167652368545532,-0.18845468759536743,0.1676350086927414,0.0,1.0,0.0,0.0
1417.0,-0.39119482040405273,-0.9788423776626587,2.022277593612671,-2.614231586456299,-1.5707963705062866,1.1796015501022339,1.007568597793579,-0.19814836978912354,0.1676350086927414,0.0,1.0,0.0,0.0
1418.0,-0.40302181243896484,-0.9809291958808899,2.0271034240722656,-2.6169707775115967,-1.5707963705062866,1.1677745580673218,1.0021926164627075,-0.20878785848617554,0.1676350086927414,0.0,1.0,0.0,0.0
1419.0,-0.40839511156082153,-0.9730066061019897,2.0088045597076416,-2.6065943241119385,-1.5707963705062866,1.1624011993408203,1.0122389793395996,-0.2190088927745819,0.1676350086927414,0.0,1.0,0.0,0.0
1420.0,-0.39831477403640747,-0.9703091979026794,2.0025882720947266,-2.6030752658843994,-1.5707963705062866,1.1724815368652344,1.0181961059570312,-0.21039371192455292,0.1676350086927414,0.0,1.0,0.0,0.0
1421.0,-0.5929176807403564,-0.858328104019165,1.8086775541305542,-1.7520886659622192,-0.7695743441581726,0.6384074687957764,1.0259087085723877,-0.31524983048439026,0.10779865086078644,0.0,0.8660253882408142,0.5,0.0
1422.0,-0.598463237285614,-0.8591200709342957,1.8247613906860352,-1.763291358947754,-0.7734391689300537,0.6327033042907715,1.0150703191757202,-0.31524983048439026,0.10136853158473969,0.0,0.8660253882408142,0.5000000596046448,0.0
1423.0,-0.5929073691368103,-0.8415390253067017,1.8100780248641968,-1.770285725593567,-0.76956707239151,0.6384180188179016,1.0259289741516113,-0.31524983048439026,0.09063975512981415,0.0,0.8660253882408142,0.5000000596046448,0.0
1424.0,-0.5908399224281311,-0.8285160660743713,1.8048324584960938,-1.779599905014038,-0.7681305408477783,0.6405563354492188,1.0300183296203613,-0.31524983048439026,0.08008919656276703,0.0,0.8660253882408142,0.5,0.0
1425.0,-0.5972551107406616,-0.8325188755989075,1.8231112957000732,-1.7891291379928589,-0.7725957632064819,0.6339421272277832,1.0174155235290527,-0.31524983048439026,0.07610879838466644,0.0,0.8660253882408142,0.5000000596046448,0.0
1426.0,-0.5994995832443237,-0.8451535105705261,1.8287739753723145,-1.7805116176605225,-0.7741631865501404,0.6316423416137695,1.0130656957626343,-0.31524983048439026,0.08599977195262909,0.0,0.8660253882408142,0.5000000596046448,0.0
1427.0,-0.6058542132377625,-0.8594029545783997,1.8455387353897095,-1.7784099578857422,-0.7786151766777039,0.6251710653305054,1.000913143157959,-0.31524983048439026,0.09254692494869232,0.0,0.8660253882408142,0.5000000596046448,0.0
1428.0,-0.614230751991272,-0.8757098317146301,1.8669816255569458,-1.7775540351867676,-0.7845153212547302,0.6167296767234802,0.9852520227432251,-0.31524983048439026,0.09890197217464447,0.0,0.8660253882408142,0.5000000596046448,0.0
1429.0,-0.6143744587898254,-0.86139976978302,1.8684191703796387,-1.7932000160217285,-0.7846168875694275,0.6165858507156372,0.9849868416786194,-0.31524983048439026,0.08471448719501495,0.0,0.8660253882408142,0.5,0.0
1430.0,-0.6085937023162842,-0.8519886136054993,1.8535122871398926,-1.7918264865875244,-0.7805408239364624,0.6223993301391602,0.9957472085952759,-0.31524983048439026,0.08201639354228973,0.0,0.8660253882408142,0.5000000596046448,0.0
1431.0,-0.606956958770752,-0.8334059119224548,1.8498961925506592,-1.8079696893692017,-0.7793899178504944,0.6240541338920593,0.9988285303115845,-0.31524983048439026,0.06568069756031036,0.0,0.8660253882408142,0.5,0.0
1432.0,-0.6125252842903137,-0.8452237248420715,1.8643484115600586,-1.806618571281433,-0.7833111882209778,0.6184403300285339,0.9884083867073059,-0.31524983048439026,0.07102619111537933,0.0,0.8660253882408142,0.5,0.0
1433.0,-0.620823860168457,-0.8571005463600159,1.8854079246520996,-1.8099479675292969,-0.7891840934753418,0.6101556420326233,0.9732016921043396,-0.31524983048439026,0.07363443076610565,0.0,0.8660253882408142,0.5,0.0
1434.0,-0.6265866756439209,-0.8579893708229065,1.8998912572860718,-1.8195379972457886,-0.7932824492454529,0.604459285736084,0.9628615975379944,-0.31524983048439026,0.06863076984882355,0.0,0.8660253882408142,0.5,0.0
1435.0,-0.6280695796012878,-0.8719796538352966,1.902933955192566,-1.8075679540634155,-0.794339656829834,0.6030009388923645,0.9602293968200684,-0.31524983048439026,0.08040188252925873,0.0,0.8660253882408142,0.5,0.0
1436.0,-0.6210213303565979,-0.8714005947113037,1.8851242065429688,-1.7952260971069336,-0.7893242239952087,0.609959602355957,0.9728444218635559,-0.31524983048439026,0.08717410266399384,0.0,0.8660253882408142,0.5000000596046448,0.0
1437.0,-0.6272968649864197,-0.8917722105979919,1.8995684385299683,-1.7849422693252563,-0.7937885522842407,0.6037603616714478,0.9615995287895203,-0.31524983048439026,0.10014773905277252,0.0,0.8660253882408142,0.5000000596046448,0.0
1438.0,-0.6211086511611938,-0.8861212134361267,1.8841972351074219,-1.7795175313949585,-0.7893862128257751,0.6098731160163879,0.9726865887641907,-0.31524983048439026,0.10136820375919342,0.0,0.8660253882408142,0.5,0.0
1439.0,-0.40757688879966736,-1.0012093782424927,2.074246644973755,-2.643833637237549,-1.5707963705062866,1.1632194519042969,0.9721305966377258,-0.20078645646572113,0.1676350086927414,0.0,1.0,0.0,0.0
1440.0,-0.40416038036346436,-1.0081114768981934,2.090399742126465,-2.6530847549438477,-1.5707963705062866,1.1666359901428223,0.9627344608306885,-0.1931542456150055,0.1676350086927414,0.0,1.0,0.0,0.0
1441.0,-0.3949137032032013,-1.0025126934051514,2.0772924423217773,-2.645576000213623,-1.5707963705062866,1.1758825778961182,0.9726912975311279,-0.18766683340072632,0.1676350086927414,0.0,1.0,0.0,0.0
1442.0,-0.3872012495994568,-1.007058024406433,2.087930679321289,-2.6516690254211426,-1.5707963705062866,1.183595061302185,0.9674257636070251,-0.17743389308452606,0.1676350086927414,0.0,1.0,0.0,0.0
1443.0,-0.3762062191963196,-1.0026240348815918,2.077552556991577,-2.6457250118255615,-1.5707963705062866,1.1945900917053223,0.9758676886558533,-0.16937369108200073,0.1676350086927414,0.0,1.0,0.0,0.0
1444.0,-0.34895792603492737,-1.0135997533798218,2.1032872200012207,-2.6604838371276855,-1.5707963705062866,1.221838355064392,0.9636754393577576,-0.1367400586605072,0.1676350086927414,0.0,1.0,0.0,0.0
1445.0,-0.34650495648384094,-1.0199273824691772,2.1181955337524414,-2.669064521789551,-1.5707963705062866,1.2242913246154785,0.9544200301170349,-0.1309138685464859,0.1676350086927414,0.0,1.0,0.0,0.0
1446.0,-0.33697956800460815,-1.0138713121414185,2.103925943374634,-2.660850763320923,-1.5707963705062866,1.2338167428970337,0.9648329019546509,-0.12504318356513977,0.1676350086927414,0.0,1.0,0.0,0.0
1447.0,-0.33821988105773926,-1.0042386054992676,2.0813286304473877,-2.6478865146636963,-1.5707963705062866,1.2325764894485474,0.979181170463562,-0.13134139776229858,0.1676350086927414,0.0,1.0,0.0,0.0
1448.0,-0.3416905701160431,-0.9966099858283997,2.063514471054077,-2.6377007961273193,-1.5707963705062866,1.2291057109832764,0.990075409412384,-0.13877767324447632,0.1676350086927414,0.0,1.0,0.0,0.0
1449.0,-0.3504624664783478,-1.0014349222183228,2.0747735500335693,-2.644134998321533,-1.5707963705062866,1.2203338146209717,0.9816719889640808,-0.14484409987926483,0.1676350086927414,0.0,1.0,0.0,0.0
1450.0,-0.3608124554157257,-0.9966030716896057,2.0634982585906982,-2.6376917362213135,-1.5707963705062866,1.2099838256835938,0.9872510433197021,-0.15768711268901825,0.1676350086927414,0.0,1.0,0.0,0.0
1451.0,-0.36262431740760803,-1.006380319595337,2.0863428115844727,-2.650758743286133,-1.5707963705062866,1.2081719636917114,0.9725025296211243,-0.1539890021085739,0.1676350086927414,0.0,1.0,0.0,0.0
1452.0,-0.37728917598724365,-1.0107966661453247,2.0967001914978027,-2.6566998958587646,-1.5707963705062866,1.193507194519043,0.9635902047157288,-0.16563811898231506,0.1676350086927414,0.0,1.0,0.0,0.0
1453.0,-0.3938368558883667,-1.0148353576660156,2.106194019317627,-2.6621551513671875,-1.5707963705062866,1.17695951461792,0.9547379612922668,-0.17907510697841644,0.1676350086927414,0.0,1.0,0.0,0.0
1454.0,-0.38460078835487366,-1.0171175003051758,2.1115684509277344,-2.6652472019195557,-1.5707963705062866,1.1861954927444458,0.9529464840888977,-0.16887150704860687,0.1676350086927414,0.0,1.0,0.0,0.0
1455.0,-0.3698960840702057,-1.0173139572143555,2.1120314598083496,-2.665513753890991,-1.5707963705062866,1.2009001970291138,0.9550313353538513,-0.15472647547721863,0.1676350086927414,0.0,1.0,0.0,0.0
1456.0,-0.36123958230018616,-1.022765040397644,2.12489914894104,-2.6729304790496826,-1.5707963705062866,1.2095566987991333,0.9480872750282288,-0.1433374136686325,0.1676350086927414,0.0,1.0,0.0,0.0
1457.0,-0.37313714623451233,-1.0255643129348755,2.131523609161377,-2.676755666732788,-1.5707963705062866,1.1976591348648071,0.9420774579048157,-0.15294812619686127,0.1676350086927414,0.0,1.0,0.0,0.0
1458.0,-0.3894495666027069,-1.0272074937820435,2.1354174613952637,-2.679006338119507,-1.5707963705062866,1.1813467741012573,0.9369792938232422,-0.16727764904499054,0.1676350086927414,0.0,1.0,0.0,0.0
1459.0,-0.3970113694667816,-1.021529197692871,2.121978282928467,-2.6712453365325928,-1.5707963705062866,1.1737849712371826,0.9442026019096375,-0.17792817950248718,0.1676350086927414,0.0,1.0,0.0,0.0
1460.0,-0.40786924958229065,-1.0293045043945312,2.140393018722534,-2.681884765625,-1.5707963705062866,1.1629271507263184,0.9305939078330994,-0.18314801156520844,0.1676350086927414,0.0,1.0,0.0,0.0
1461.0,-0.40820759534835815,-1.0228396654129028,2.125075578689575,-2.673032283782959,-1.5707963705062866,1.1625887155532837,0.9402008652687073,-0.18764473497867584,0.1676350086927414,0.0,1.0,0.0,0.0
1462.0,-0.4165452718734741,-1.0172690153121948,2.1119253635406494,-2.665452718734741,-1.5707963705062866,1.1542510986328125,0.9468435049057007,-0.19912280142307281,0.1676350086927414,0.0,1.0,0.0,0.0
1463.0,-0.4269453287124634,-1.01145601272583,2.0982487201690674,-2.6575889587402344,-1.5707963705062866,1.1438510417938232,0.9532206654548645,-0.21282561123371124,0.1676350086927414,0.0,1.0,0.0,0.0
1464.0,-0.4205246865749359,-1.0052752494812012,2.0837550163269043,-2.6492760181427,-1.5707963705062866,1.1502716541290283,0.9635658860206604,-0.2107250839471817,0.1676350086927414,0.0,1.0,0.0,0.0
1465.0,-0.6235386729240417,-0.8990195393562317,1.8892319202423096,-1.7699604034423828,-0.7911127805709839,0.6074663996696472,0.9683085083961487,-0.31524983048439026,0.11127831041812897,0.0,0.8660253882408142,0.5,0.0
1466.0,-0.6329346299171448,-0.9032885432243347,1.9126296043395996,-1.7826226949691772,-0.7978155612945557,0.5982375741004944,0.9516736268997192,-0.31524983048439026,0.10530678927898407,0.0,0.8660253882408142,0.5,0.0
1467.0,-0.6382678151130676,-0.9145895838737488,1.9245963096618652,-1.779675006866455,-0.8016387820243835,0.5930528044700623,0.9424331784248352,-0.31524983048439026,0.11063425242900848,0.0,0.8660253882408142,0.5000000596046448,0.0
1468.0,-0.43322375416755676,-1.022335171699524,2.12388277053833,-2.6723439693450928,-1.5707963705062866,1.1375725269317627,0.9359559416770935,-0.21144741773605347,0.1676350086927414,0.0,1.0,0.0,0.0
1469.0,-0.4446026682853699,-1.027793288230896,2.1368067264556885,-2.679809808731079,-1.5707963705062866,1.126193642616272,0.9254699945449829,-0.21826308965682983,0.1676350086927414,0.0,1.0,0.0,0.0
1470.0,-0.6523680090904236,-0.9223241806030273,1.9571634531021118,-1.795150637626648,-0.8118107318878174,0.5795287489891052,0.9186750054359436,-0.31524983048439026,0.10421638190746307,0.0,0.8660253882408142,0.5,0.0
1471.0,-0.6572843194007874,-0.9152140021324158,1.9689193964004517,-1.8108198642730713,-0.8153786063194275,0.5748746991157532,0.9106119275093079,-0.31524983048439026,0.09323839843273163,0.0,0.8660253882408142,0.5,0.0
1472.0,-0.6635672450065613,-0.9077861309051514,1.983250617980957,-1.8285422325134277,-0.8199539184570312,0.5689724087715149,0.9004673361778259,-0.31524983048439026,0.08118773996829987,0.0,0.8660253882408142,0.5,0.0
1473.0,-0.6715201139450073,-0.9181998372077942,1.9995778799057007,-1.829423427581787,-0.8257699012756348,0.561573326587677,0.887876033782959,-0.31524983048439026,0.08409203588962555,0.0,0.8660253882408142,0.5,0.0
1474.0,-0.6692231893539429,-0.9028711318969727,1.9955897331237793,-1.8422086238861084,-0.8240873217582703,0.5637021064758301,0.8914844989776611,-0.31524983048439026,0.07230119407176971,0.0,0.8660253882408142,0.5,0.0
1475.0,-0.6618488430976868,-0.8934224843978882,1.980257511138916,-1.84101140499115,-0.8187008500099182,0.5705816745758057,0.9032243490219116,-0.31524983048439026,0.06972013413906097,0.0,0.8660253882408142,0.5,0.0
1476.0,-0.656411349773407,-0.9020290374755859,1.9678895473480225,-1.8235400915145874,-0.814744234085083,0.575698733329773,0.9120355248451233,-0.31524983048439026,0.0819806307554245,0.0,0.8660253882408142,0.5000000596046448,0.0
1477.0,-0.6491809487342834,-0.8941314220428467,1.9520440101623535,-1.8203142881393433,-0.8095036149024963,0.5825626254081726,0.923961877822876,-0.31524983048439026,0.08107875287532806,0.0,0.8660253882408142,0.5,0.0
1478.0,-0.6493837237358093,-0.9070074558258057,1.9516345262527466,-1.80689537525177,-0.8096502423286438,0.5823692083358765,0.9236240983009338,-0.31524983048439026,0.09276475012302399,0.0,0.8660253882408142,0.5,0.0
1479.0,-0.6423524618148804,-0.890589714050293,1.9364097118377686,-1.8127487897872925,-0.80457603931427,0.5891079902648926,0.9354519248008728,-0.31524983048439026,0.08403225243091583,0.0,0.8660253882408142,0.5,0.0
1480.0,-0.6341410875320435,-0.8804365396499634,1.9173829555511475,-1.8094069957733154,-0.7986792325973511,0.5970613360404968,0.9495707154273987,-0.31524983048439026,0.08237208425998688,0.0,0.8660253882408142,0.5,0.0
1481.0,-0.6363362669944763,-0.8951667547225952,1.9216980934143066,-1.7975037097930908,-0.8002525568008423,0.5949262380599976,0.945763349533081,-0.31524983048439026,0.09411604702472687,0.0,0.8660253882408142,0.5,0.0
1482.0,-0.6441949009895325,-0.9125495553016663,1.939042091369629,-1.7921934127807617,-0.8059034943580627,0.5873358249664307,0.932329535484314,-0.31524983048439026,0.10281585156917572,0.0,0.8660253882408142,0.5,0.0
1483.0,-0.4251804053783417,-1.0289090871810913,2.1394541263580322,-2.6813414096832275,-1.5707963705062866,1.1456159353256226,0.9278733134269714,-0.19949623942375183,0.1676350086927414,0.0,1.0,0.0,0.0
1484.0,-0.4331865906715393,-1.0377781391143799,2.160567283630371,-2.6935853958129883,-1.5707963705062866,1.1376097202301025,0.9130085706710815,-0.2007961869239807,0.1676350086927414,0.0,1.0,0.0,0.0
1485.0,-0.44385090470314026,-1.0348728895187378,2.153637409210205,-2.689560651779175,-1.5707963705062866,1.1269453763961792,0.9151464700698853,-0.2125806361436844,0.1676350086927414,0.0,1.0,0.0,0.0
1486.0,-0.4375264644622803,-1.0448590517044067,2.177515983581543,-2.703453302383423,-1.5707963705062866,1.1332699060440063,0.9014723300933838,-0.19977207481861115,0.1676350086927414,0.0,1.0,0.0,0.0
1487.0,-0.44750285148620605,-1.0428204536437988,2.1726279258728027,-2.700603723526001,-1.5707963705062866,1.1232935190200806,0.9024979472160339,-0.21022579073905945,0.1676350086927414,0.0,1.0,0.0,0.0
1488.0,-0.6655811667442322,-0.9442465901374817,1.9845374822616577,-1.7920860052108765,-0.8214240670204163,0.5670910477638245,0.8972527384757996,-0.31524983048439026,0.11251361668109894,0.0,0.8660253882408142,0.5000000596046448,0.0
1489.0,-0.6647652387619019,-0.9314957857131958,1.984049916267395,-1.8048683404922485,-0.8208282589912415,0.5678527355194092,0.8985529541969299,-0.31524983048439026,0.10159467160701752,0.0,0.8660253882408142,0.5,0.0
1490.0,-0.6121770143508911,-1.0175509452819824,2.161776304244995,-0.5298421382904053,1.0498952865600586,-0.3376385569572449,0.7914122343063354,-0.2162712663412094,0.09899027645587921,0.6123724579811096,0.6123723983764648,0.3535533845424652,0.3535533845424652
1491.0,-0.4568827748298645,-0.8380377292633057,1.704111099243164,0.7047230005264282,1.5707963705062866,-2.027679204940796,0.886829674243927,-0.2119685411453247,0.1676350086927414,0.0,1.0,0.0,0.0
1492.0,-0.5934334993362427,-1.0307544469833374,2.1686670780181885,-0.5295931696891785,1.0652440786361694,-0.3252893090248108,0.7914122343063354,-0.20124851167201996,0.10626856982707977,0.6123724579811096,0.6123723983764648,0.3535533845424652,0.3535533845424652
1493.0,-0.5924651026725769,-1.0147498846054077,2.170804023742676,-0.5480406284332275,1.066038727760315,-0.32465699315071106,0.7914122343063354,-0.20048044621944427,0.0936165601015091,0.6123724579811096,0.6123723983764648,0.3535534143447876,0.3535534143447876
1494.0,-0.5738954544067383,-1.014290452003479,2.1784048080444336,-0.5618325471878052,1.0813109874725342,-0.31263843178749084,0.7914122343063354,-0.18589848279953003,0.09054295718669891,0.6123724579811096,0.6123723983764648,0.3535533845424652,0.3535533845424652
1495.0,-0.5886237621307373,-1.0035088062286377,2.180673837661743,-0.5703582763671875,1.0691930055618286,-0.3221544325351715,0.7873662114143372,-0.19474036991596222,0.08229626715183258,0.6123724579811096,0.6123723983764648,0.3535533845424652,0.3535533845424652
1496.0,-0.5707149505615234,-1.0000756978988647,2.187962532043457,-0.5865612030029297,1.0839327573776245,-0.3105997145175934,0.7873662114143372,-0.18083056807518005,0.07724802196025848,0.6123724579811096,0.6123723983764648,0.3535533845424652,0.3535533845424652
1497.0,-0.41688573360443115,-0.8179468512535095,1.7239049673080444,0.6648382544517517,1.5707963705062866,-1.9876821041107178,0.8856774568557739,-0.17238828539848328,0.13753999769687653,0.0,1.0,0.0,0.0
1498.0,-0.5265775322914124,-1.0079879760742188,2.1954472064971924,-0.5986599922180176,1.1204860210418701,-0.2828701436519623,0.7914122343063354,-0.1498933732509613,0.07990778982639313,0.6123724579811096,0.6123723983764648,0.3535534143447876,0.3535534143447876
1499.0,-0.5423572063446045,-1.0153497457504272,2.1897406578063965,-0.5812699794769287,1.1073824167251587,-0.29266658425331116,0.7914122343063354,-0.1617286056280136,0.08727683126926422,0.6123724579811096,0.6123723983764648,0.3535534143447876,0.3535534143447876
1500.0,-0.5174713730812073,-1.0215898752212524,2.197035551071167,-0.5890631079673767,1.1280649900436401,-0.27727341651916504,0.7914122343063354,-0.14313597977161407,0.08920563757419586,0.6123724579811096,0.6123723983764648,0.3535533845424652,0.3535533845424652
1501.0,-0.5014883279800415,-1.015462040901184,2.202117443084717,-0.6043815612792969,1.1413962841033936,-0.26754632592201233,0.7914122343063354,-0.1313965916633606,0.0829697698354721,0.6123724579811096,0.6123723983764648,0.3535533845424652,0.3535533845424652
1502.0,-0.5385745763778687,-1.0171388387680054,2.2151105403900146,-0.6059020757675171,1.1105201244354248,-0.2903067469596863,0.7773402333259583,-0.15046866238117218,0.08154831826686859,0.6123724579811096,0.6123723983764648,0.3535533845424652,0.3535533845424652
1503.0,-0.5215566754341125,-1.0250595808029175,2.2195425033569336,-0.6070231199264526,1.1246633529663086,-0.27977925539016724,0.7773402333259583,-0.13807494938373566,0.0856369286775589,0.6123724579811096,0.6123723983764648,0.3535533845424652,0.3535533845424652
1504.0,-0.3885388672351837,-0.8431387543678284,1.7493706941604614,0.6645643711090088,1.5707963705062866,-1.959335207939148,0.8752252459526062,-0.14108319580554962,0.15206299722194672,0.0,1.0,0.0,0.0
1505.0,-0.6461678743362427,-0.613180935382843,1.736129879951477,1.1046501398086548,0.6832980513572693,-2.3532845973968506,0.859635591506958,-0.24668754637241364,0.0956367701292038,0.07992599159479141,0.8623293042182922,0.49786609411239624,0.04614529386162758
1506.0,-0.6402571201324463,-0.6088066101074219,1.7159017324447632,1.114720106124878,0.6797027587890625,-2.345837354660034,0.8714594841003418,-0.24889953434467316,0.09690196812152863,0.07992599904537201,0.8623294234275818,0.49786609411239624,0.04614529013633728
1507.0,-0.5519059300422668,-1.0324407815933228,2.184727430343628,-0.556466817855835,1.0994718074798584,-0.29865697026252747,0.7914122343063354,-0.1689714789390564,0.10156185925006866,0.6123724579811096,0.6123723983764648,0.3535534143447876,0.3535534143447876
1508.0,-0.5688681602478027,-1.0301772356033325,2.178717851638794,-0.547766923904419,1.0854558944702148,-0.30941852927207947,0.7914122343063354,-0.18199707567691803,0.10211805999279022,0.6123724579811096,0.6123723983764648,0.3535533845424652,0.3535533845424652
1509.0,-0.43557289242744446,-0.8402873277664185,1.7091094255447388,0.7019742131233215,1.5707963705062866,-2.006369113922119,0.8884518146514893,-0.19177024066448212,0.1676350086927414,0.0,1.0,0.0,0.0
1510.0,-0.4192993640899658,-0.8437649011611938,1.7168402671813965,0.6977209448814392,1.5707963705062866,-1.9900957345962524,0.88724684715271,-0.17541161179542542,0.1676350086927414,0.0,1.0,0.0,0.0
1511.0,-0.5378624796867371,-1.0451323986053467,2.1880581378936768,-0.5510533452033997,1.111111044883728,-0.289863258600235,0.7914122343063354,-0.15834076702594757,0.10956086218357086,0.6123724579811096,0.6123723983764648,0.3535534143447876,0.3535534143447876
1512.0,-0.3979930579662323,-0.837604284286499,1.7031482458114624,0.7052523493766785,1.5707963705062866,-1.9687893390655518,0.8982947468757629,-0.15962761640548706,0.1676350086927414,0.0,1.0,0.0,0.0
1513.0,-0.41566532850265503,-0.8329629302024841,1.692842721939087,0.7109165787696838,1.5707963705062866,-1.9864616394042969,0.9009159207344055,-0.1779407113790512,0.1676350086927414,0.0,1.0,0.0,0.0
1514.0,-0.4231310784816742,-0.8260927796363831,1.6776036024093628,0.7192855477333069,1.5707963705062866,-1.9939273595809937,0.9077436923980713,-0.1883460283279419,0.1676350086927414,0.0,1.0,0.0,0.0
1515.0,-0.40990397334098816,-0.8173825144767761,1.6583079099655151,0.7298709750175476,1.5707963705062866,-1.9807002544403076,0.9204958081245422,-0.18081609904766083,0.1676350086927414,0.0,1.0,0.0,0.0
1516.0,-0.39282840490341187,-0.8192756175994873,1.6624993085861206,0.7275726795196533,1.5707963705062866,-1.9636247158050537,0.9211941957473755,-0.16413821280002594,0.1676350086927414,0.0,1.0,0.0,0.0
1517.0,-0.3807215690612793,-0.8210481405258179,1.6664249897003174,0.7254195213317871,1.5707963705062866,-1.951517939567566,0.9209877252578735,-0.15212272107601166,0.1676350086927414,0.0,1.0,0.0,0.0
1518.0,-0.3669705390930176,-0.8226407170295715,1.6699529886245728,0.7234840989112854,1.5707963705062866,-1.9377669095993042,0.9210680723190308,-0.13870453834533691,0.1676350086927414,0.0,1.0,0.0,0.0
1519.0,-0.3688092827796936,-0.8311789631843567,1.688883900642395,0.7130914330482483,1.5707963705062866,-1.9396055936813354,0.9104412794113159,-0.13638989627361298,0.1676350086927414,0.0,1.0,0.0,0.0
1520.0,-0.3816451132297516,-0.8319466710090637,1.6905872821807861,0.7121556997299194,1.5707963705062866,-1.9524414539337158,0.9076829552650452,-0.1476903110742569,0.1676350086927414,0.0,1.0,0.0,0.0
1521.0,-0.38248756527900696,-0.8421658873558044,1.713284969329834,0.6996772289276123,1.5707963705062866,-1.9532839059829712,0.8950689435005188,-0.14343048632144928,0.1676350086927414,0.0,1.0,0.0,0.0
1522.0,-0.5170400142669678,-1.0383602380752563,2.195434093475342,-0.5708045959472656,1.1284242868423462,-0.2770092189311981,0.7914122343063354,-0.14281710982322693,0.10190726816654205,0.6123724579811096,0.6123723983764648,0.3535534143447876,0.3535534143447876
1523.0,-0.5037862062454224,-1.046802043914795,2.1982696056365967,-0.5686132907867432,1.1394773721694946,-0.2689374089241028,0.7914122343063354,-0.13307517766952515,0.10692737996578217,0.6123724579811096,0.6123723983764648,0.3535533845424652,0.3535533845424652
1524.0,-0.4859423339366913,-1.0509625673294067,2.2024996280670166,-0.5730997920036316,1.1543970108032227,-0.25819864869117737,0.7914122343063354,-0.12011832743883133,0.10830871760845184,0.6123724579811096,0.6123723983764648,0.3535534143447876,0.3535534143447876
1525.0,-0.34505999088287354,-0.8514514565467834,1.7339458465576172,0.6883019804954529,1.5707963705062866,-1.9158563613891602,0.8881698250770569,-0.10565397143363953,0.1676350086927414,0.0,1.0,0.0,0.0
1526.0,-0.35677438974380493,-0.8435530066490173,1.7163690328598022,0.6979802250862122,1.5707963705062866,-1.9275707006454468,0.8967371582984924,-0.11972812563180923,0.1676350086927414,0.0,1.0,0.0,0.0
1527.0,-0.3692038953304291,-0.8399330377578735,1.7083220481872559,0.7024072408676147,1.5707963705062866,-1.9400001764297485,0.8996508717536926,-0.13259467482566833,0.1676350086927414,0.0,1.0,0.0,0.0
1528.0,-0.3541611135005951,-0.8334012031555176,1.6938154697418213,0.7103820443153381,1.5707963705062866,-1.9249573945999146,0.9096105098724365,-0.12202969193458557,0.1676350086927414,0.0,1.0,0.0,0.0
1529.0,-0.33970144391059875,-0.8326162695884705,1.6920733451843262,0.7113392353057861,1.5707963705062866,-1.910497784614563,0.912250280380249,-0.10920768976211548,0.1676350086927414,0.0,1.0,0.0,0.0
1530.0,-0.33325430750846863,-0.8401992917060852,1.708913803100586,0.7020817995071411,1.5707963705062866,-1.904050588607788,0.9035027027130127,-0.10005877166986465,0.1676350086927414,0.0,1.0,0.0,0.0
1531.0,-0.31562569737434387,-0.8319739699363708,1.6906479597091675,0.71212238073349,1.5707963705062866,-1.886422038078308,0.9154149293899536,-0.08747628331184387,0.1676350086927414,0.0,1.0,0.0,0.0
1532.0,-0.3238605856895447,-0.826879620552063,1.6793479919433594,0.7183279395103455,1.5707963705062866,-1.8946568965911865,0.9209703207015991,-0.09712862968444824,0.1676350086927414,0.0,1.0,0.0,0.0
1533.0,-0.31396129727363586,-0.8187586665153503,1.6613545417785645,0.728200376033783,1.5707963705062866,-1.8847576379776,0.9318968653678894,-0.09125739336013794,0.1676350086927414,0.0,1.0,0.0,0.0
1534.0,-0.3298789858818054,-0.8197774291038513,1.663610577583313,0.726963222026825,1.5707963705062866,-1.9006752967834473,0.9290822744369507,-0.10565290600061417,0.1676350086927414,0.0,1.0,0.0,0.0
1535.0,-0.3545771539211273,-0.820556640625,1.6653363704681396,0.7260167002677917,1.5707963705062866,-1.9253734350204468,0.9252456426620483,-0.12821544706821442,0.1676350086927414,0.0,1.0,0.0,0.0
1536.0,-0.3707555830478668,-0.8125028014183044,1.6475096940994263,0.7357894778251648,1.5707963705062866,-1.941551923751831,0.9327080845832825,-0.1469213217496872,0.1676350086927414,0.0,1.0,0.0,0.0
1537.0,-0.35836848616600037,-0.8109732270240784,1.6441266536712646,0.7376429438591003,1.5707963705062866,-1.9291647672653198,0.9362890124320984,-0.13604320585727692,0.1676350086927414,0.0,1.0,0.0,0.0
1538.0,-0.34239014983177185,-0.8168997764587402,1.6572391986846924,0.7304568886756897,1.5707963705062866,-1.9131864309310913,0.9311825633049011,-0.11851388216018677,0.1676350086927414,0.0,1.0,0.0,0.0
1539.0,-0.34312596917152405,-0.806424081325531,1.634069561958313,0.7431508302688599,1.5707963705062866,-1.9139223098754883,0.9437152743339539,-0.12370767444372177,0.1676350086927414,0.0,1.0,0.0,0.0
1540.0,-0.3294431269168854,-0.8069945573806763,1.6353304386138916,0.7424604892730713,1.5707963705062866,-1.9002394676208496,0.9446329474449158,-0.11054907739162445,0.1676350086927414,0.0,1.0,0.0,0.0
1541.0,-0.3134918212890625,-0.8051607608795166,1.6312779188156128,0.7446791529655457,1.5707963705062866,-1.8842881917953491,0.9484931826591492,-0.09618622064590454,0.1676350086927414,0.0,1.0,0.0,0.0
1542.0,-0.32239508628845215,-0.7947545647621155,1.608302354812622,0.75724858045578,1.5707963705062866,-1.8931914567947388,0.9600529670715332,-0.1087871566414833,0.1676350086927414,0.0,1.0,0.0,0.0
1543.0,-0.3074135482311249,-0.7937039732933044,1.6059845685958862,0.7585157155990601,1.5707963705062866,-1.8782098293304443,0.9628298282623291,-0.09479082375764847,0.1676350086927414,0.0,1.0,0.0,0.0
1544.0,-0.28936517238616943,-0.786375105381012,1.589825987815857,0.7673454880714417,1.5707963705062866,-1.860161542892456,0.9731423854827881,-0.08000646531581879,0.1676350086927414,0.0,1.0,0.0,0.0
1545.0,-0.28303468227386475,-0.7963457703590393,1.6118133068084717,0.7553288340568542,1.5707963705062866,-1.8538310527801514,0.9616724252700806,-0.07036681473255157,0.1676350086927414,0.0,1.0,0.0,0.0
1546.0,-0.2953188121318817,-0.8042256832122803,1.6292120218276978,0.7458100318908691,1.5707963705062866,-1.8661150932312012,0.9512195587158203,-0.07927962392568588,0.1676350086927414,0.0,1.0,0.0,0.0
1547.0,-0.2823728322982788,-0.8061522245407104,1.6334688663482666,0.7434797286987305,1.5707963705062866,-1.8531692028045654,0.9498170614242554,-0.06627734750509262,0.1676350086927414,0.0,1.0,0.0,0.0
1548.0,-0.2623872458934784,-0.8120121359825134,1.6464242935180664,0.7363841533660889,1.5707963705062866,-1.8331835269927979,0.9437338709831238,-0.04534410685300827,0.1676350086927414,0.0,1.0,0.0,0.0
1549.0,-0.2780255377292633,-0.8159089088439941,1.655045986175537,0.7316591739654541,1.5707963705062866,-1.8488218784332275,0.9381028413772583,-0.058724477887153625,0.1676350086927414,0.0,1.0,0.0,0.0
1550.0,-0.2893160879611969,-0.8196312189102173,1.663286805152893,0.7271407842636108,1.5707963705062866,-1.8601124286651611,0.9327834248542786,-0.06794394552707672,0.1676350086927414,0.0,1.0,0.0,0.0
1551.0,-0.3039524257183075,-0.8238925337791443,1.6727268695831299,0.721962034702301,1.5707963705062866,-1.874748706817627,0.9264260530471802,-0.07993783056735992,0.1676350086927414,0.0,1.0,0.0,0.0
1552.0,-0.2933935523033142,-0.8283506035804749,1.6826097965240479,0.7165371179580688,1.5707963705062866,-1.864189863204956,0.92166668176651,-0.06847428530454636,0.1676350086927414,0.0,1.0,0.0,0.0
1553.0,-0.3058958351612091,-0.8418706059455872,1.7126284837722778,0.7000383734703064,1.5707963705062866,-1.8766921758651733,0.9037927389144897,-0.07463992387056351,0.1676350086927414,0.0,1.0,0.0,0.0
1554.0,-0.2922481596469879,-0.8387598395347595,1.705715298652649,0.7038408517837524,1.5707963705062866,-1.8630445003509521,0.9086658954620361,-0.06348369270563126,0.1676350086927414,0.0,1.0,0.0,0.0
1555.0,-0.27494192123413086,-0.8347735404968262,1.6968618631362915,0.7087079286575317,1.5707963705062866,-1.8457382917404175,0.9146807789802551,-0.04917457699775696,0.1676350086927414,0.0,1.0,0.0,0.0
1556.0,-0.2807616591453552,-0.8444924354553223,1.7184582948684692,0.6968305110931396,1.5707963705062866,-1.851557970046997,0.9020413160324097,-0.05093897506594658,0.1676350086927414,0.0,1.0,0.0,0.0
1557.0,-0.26303955912590027,-0.8418750166893005,1.7126383781433105,0.7000329494476318,1.5707963705062866,-1.8338358402252197,0.906154990196228,-0.035848528146743774,0.1676350086927414,0.0,1.0,0.0,0.0
1558.0,-0.25974583625793457,-0.8507242798805237,1.7323265075683594,0.6891941428184509,1.5707963705062866,-1.8305422067642212,0.8948829770088196,-0.02983810566365719,0.1676350086927414,0.0,1.0,0.0,0.0
1559.0,-0.24766211211681366,-0.8403282165527344,1.7092002630233765,0.701924204826355,1.5707963705062866,-1.8184584379196167,0.9085837006568909,-0.02241230197250843,0.1676350086927414,0.0,1.0,0.0,0.0
1560.0,-0.2608432173728943,-0.8293309211730957,1.6847840547561646,0.715343177318573,1.5707963705062866,-1.8316395282745361,0.922170877456665,-0.038112808018922806,0.1676350086927414,0.0,1.0,0.0,0.0
1561.0,-0.26754507422447205,-0.8233458399772644,1.6715152263641357,0.7226268649101257,1.5707963705062866,-1.8383413553237915,0.9294058084487915,-0.04635109007358551,0.1676350086927414,0.0,1.0,0.0,0.0
1562.0,-0.25021660327911377,-0.8203155994415283,1.6648024320602417,0.7263095378875732,1.5707963705062866,-1.8210129737854004,0.9338698983192444,-0.031211059540510178,0.1676350086927414,0.0,1.0,0.0,0.0
1563.0,-0.24940374493598938,-0.8299168348312378,1.6860837936401367,0.7146294116973877,1.5707963705062866,-1.8202000856399536,0.9218048453330994,-0.027372505515813828,0.1676350086927414,0.0,1.0,0.0,0.0
1564.0,-0.23160986602306366,-0.8267435431480408,1.6790462732315063,0.7184935808181763,1.5707963705062866,-1.8024061918258667,0.9261742234230042,-0.011916588991880417,0.1676350086927414,0.0,1.0,0.0,0.0
1565.0,-0.2186235785484314,-0.829865038394928,1.6859687566757202,0.7146925330162048,1.5707963705062866,-1.7894198894500732,0.9222767353057861,0.0009946092031896114,0.1676350086927414,0.0,1.0,0.0,0.0
1566.0,-0.2061956524848938,-0.82075434923172,1.6657742261886597,0.7257764935493469,1.5707963705062866,-1.7769919633865356,0.9337835907936096,0.010031862184405327,0.1676350086927414,0.0,1.0,0.0,0.0
1567.0,-0.21709202229976654,-0.8155921697616577,1.654345154762268,0.7320433855056763,1.5707963705062866,-1.7878884077072144,0.9403354525566101,-0.0015766345895826817,0.1676350086927414,0.0,1.0,0.0,0.0
1568.0,-0.22202014923095703,-0.8077014684677124,1.6368927955627441,0.7416049242019653,1.5707963705062866,-1.7928165197372437,0.9501628279685974,-0.00843345932662487,0.1676350086927414,0.0,1.0,0.0,0.0
1569.0,-0.21004529297351837,-0.8055279850959778,1.632089376449585,0.7442349195480347,1.5707963705062866,-1.780841588973999,0.9528990387916565,0.0023686098866164684,0.1676350086927414,0.0,1.0,0.0,0.0
1570.0,-0.19755344092845917,-0.8116591572761536,1.645643711090088,0.7368118166923523,1.5707963705062866,-1.7683497667312622,0.9451317191123962,0.015805531293153763,0.1676350086927414,0.0,1.0,0.0,0.0
1571.0,-0.18176721036434174,-0.8089433312416077,1.6396381855010986,0.7401014566421509,1.5707963705062866,-1.7525634765625,0.9481760859489441,0.030095964670181274,0.1676350086927414,0.0,1.0,0.0,0.0
1572.0,-0.19317267835140228,-0.8222959637641907,1.6691890954971313,0.7239031791687012,1.5707963705062866,-1.7639689445495605,0.9316160082817078,0.022574279457330704,0.1676350086927414,0.0,1.0,0.0,0.0
1573.0,-0.1796896904706955,-0.820332407951355,1.6648396253585815,0.7262891530990601,1.5707963705062866,-1.7504860162734985,0.9337263703346252,0.03467879444360733,0.1676350086927414,0.0,1.0,0.0,0.0
1574.0,-0.16381745040416718,-0.8200938105583191,1.664311170578003,0.726578950881958,1.5707963705062866,-1.7346137762069702,0.9333624839782715,0.04944385215640068,0.1676350086927414,0.0,1.0,0.0,0.0
1575.0,-0.14007394015789032,-0.8188502192497253,1.6615573167800903,0.7280892133712769,1.5707963705062866,-1.7108702659606934,0.9335152506828308,0.07136499881744385,0.1676350086927414,0.0,1.0,0.0,0.0
1576.0,-0.15259888768196106,-0.8244408965110779,1.673941969871521,0.721295177936554,1.5707963705062866,-1.7233952283859253,0.9271843433380127,0.060767341405153275,0.1676350086927414,0.0,1.0,0.0,0.0
1577.0,-0.13856029510498047,-0.8278935551643372,1.6815961599349976,0.7170936465263367,1.5707963705062866,-1.709356665611267,0.9217910766601562,0.07439769804477692,0.1676350086927414,0.0,1.0,0.0,0.0
1578.0,-0.14810138940811157,-0.8353821635246277,1.6982132196426392,0.7079652547836304,1.5707963705062866,-1.7188977003097534,0.9127621650695801,0.06704624742269516,0.1676350086927414,0.0,1.0,0.0,0.0
1579.0,-0.16484104096889496,-0.842158854007721,1.7132693529129028,0.69968581199646,1.5707963705062866,-1.7356374263763428,0.9049332141876221,0.053226012736558914,0.1676350086927414,0.0,1.0,0.0,0.0
1580.0,-0.17190781235694885,-0.8291806578636169,1.6844507455825806,0.7155262231826782,1.5707963705062866,-1.742704153060913,0.9221047163009644,0.04390982165932655,0.1676350086927414,0.0,1.0,0.0,0.0
1581.0,-0.1837829053401947,-0.8321504592895508,1.6910396814346313,0.7119072079658508,1.5707963705062866,-1.7545791864395142,0.9187427759170532,0.03366665914654732,0.1676350086927414,0.0,1.0,0.0,0.0
1582.0,-0.20103569328784943,-0.8303298950195312,1.687000036239624,0.7141261696815491,1.5707963705062866,-1.77183198928833,0.9215213060379028,0.017335835844278336,0.1676350086927414,0.0,1.0,0.0,0.0
1583.0,-0.1961992084980011,-0.8369873762130737,1.7017779350280762,0.7060057520866394,1.5707963705062866,-1.7669955492019653,0.9128581285476685,0.023495592176914215,0.1676350086927414,0.0,1.0,0.0,0.0
1584.0,-0.18543560802936554,-0.8421003222465515,1.7131391763687134,0.6997573971748352,1.5707963705062866,-1.7562319040298462,0.9059136509895325,0.0345650389790535,0.1676350086927414,0.0,1.0,0.0,0.0
1585.0,-0.19698670506477356,-0.8455057740211487,1.7207123041152954,0.6955898404121399,1.5707963705062866,-1.7677830457687378,0.9018192291259766,0.02498343214392662,0.1676350086927414,0.0,1.0,0.0,0.0
1586.0,-0.21100693941116333,-0.8445106744766235,1.7184988260269165,0.6968081593513489,1.5707963705062866,-1.7818032503128052,0.9033742547035217,0.012060627341270447,0.1676350086927414,0.0,1.0,0.0,0.0
1587.0,-0.21931475400924683,-0.83909672498703,1.7064638137817383,0.7034292817115784,1.5707963705062866,-1.7901110649108887,0.9104421138763428,0.002995192538946867,0.1676350086927414,0.0,1.0,0.0,0.0
1588.0,-0.23469102382659912,-0.8437098264694214,1.7167178392410278,0.6977882981300354,1.5707963705062866,-1.8054873943328857,0.9044408798217773,-0.009583655744791031,0.1676350086927414,0.0,1.0,0.0,0.0
1589.0,-0.21964092552661896,-0.8529312014579773,1.7372416257858276,0.6864858865737915,1.5707963705062866,-1.7904372215270996,0.8924745321273804,0.006709569599479437,0.1676350086927414,0.0,1.0,0.0,0.0
1590.0,-0.2514791786670685,-0.8551281690597534,1.7421367168426514,0.6837878227233887,1.5707963705062866,-1.8222755193710327,0.8893784284591675,-0.020969735458493233,0.1676350086927414,0.0,1.0,0.0,0.0
1591.0,-0.23807628452777863,-0.8566124439239502,1.7454450130462646,0.6819636821746826,1.5707963705062866,-1.8088725805282593,0.8876385688781738,-0.00857694074511528,0.1676350086927414,0.0,1.0,0.0,0.0
1592.0,-0.3112877905368805,-1.0541621446609497,2.2258942127227783,-0.6265478134155273,1.3023327589035034,-0.15950734913349152,0.7914122343063354,-0.0004930761642754078,0.10099853575229645,0.6123724579811096,0.6123723983764648,0.3535533845424652,0.3535533845424652
1593.0,-0.28671345114707947,-1.0429415702819824,2.22751522064209,-0.642742395401001,1.3233661651611328,-0.14636434614658356,0.7914122343063354,0.015615072101354599,0.09231708943843842,0.6123724579811096,0.6123723983764648,0.3535533845424652,0.3535533845424652
1594.0,-0.275823712348938,-1.0550733804702759,2.226138114929199,-0.6306226849555969,1.3327000141143799,-0.14058548212051392,0.7914122343063354,0.02271793782711029,0.1011851578950882,0.6123724579811096,0.6123723983764648,0.3535534143447876,0.3535534143447876
1595.0,-0.25573301315307617,-1.0577791929244995,2.225399971008301,-0.6295883655548096,1.3499400615692139,-0.12999171018600464,0.7914122343063354,0.035773783922195435,0.1031162291765213,0.6123724579811096,0.6123723983764648,0.3535533845424652,0.3535533845424652
1596.0,-0.19829557836055756,-0.8564719557762146,1.7451319694519043,0.6821363568305969,1.5707963705062866,-1.7690918445587158,0.8874629139900208,0.0266941636800766,0.1676350086927414,0.0,1.0,0.0,0.0
1597.0,-0.18232013285160065,-0.8504690527915955,1.7317581176757812,0.689507246017456,1.5707963705062866,-1.753116488456726,0.8948457837104797,0.03940710425376892,0.1676350086927414,0.0,1.0,0.0,0.0
1598.0,-0.16937926411628723,-0.8552999496459961,1.742519497871399,0.6835767030715942,1.5707963705062866,-1.7401756048202515,0.8878746628761292,0.05207572504878044,0.1676350086927414,0.0,1.0,0.0,0.0
1599.0,-0.1548769176006317,-0.855378270149231,1.7426940202713013,0.6834805011749268,1.5707963705062866,-1.7256731986999512,0.8869220614433289,0.06496230512857437,0.1676350086927414,0.0,1.0,0.0,0.0
1600.0,-0.1940414309501648,-1.06523597240448,2.2204606533050537,-0.6233838796615601,1.4030179977416992,-0.09794262051582336,0.7914122343063354,0.07558044046163559,0.10934267938137054,0.6123724579811096,0.6123723983764648,0.3535534143447876,0.3535534143447876
1601.0,-0.1844344437122345,-1.051423192024231,2.2211785316467285,-0.6387182474136353,1.4113000631332397,-0.0930081456899643,0.7914122343063354,0.08175505697727203,0.09923554956912994,0.6123724579811096,0.6123723983764648,0.3535534143447876,0.3535534143447876
1602.0,-0.20278601348400116,-1.050312876701355,2.2230968475341797,-0.6401742100715637,1.3954830169677734,-0.10244619101285934,0.7914122343063354,0.06995628774166107,0.09802855551242828,0.6123724579811096,0.6123723983764648,0.3535533845424652,0.3535533845424652
1603.0,-0.22628384828567505,-1.0492501258850098,2.2249908447265625,-0.6408884525299072,1.3752530813217163,-0.11460897326469421,0.7914122343063354,0.05481849983334541,0.09692220389842987,0.6123724579811096,0.6123723983764648,0.3535534143447876,0.3535534143447876
1604.0,-0.2548757791519165,-1.0420767068862915,2.2271218299865723,-0.6471115350723267,1.35067617893219,-0.1295415312051773,0.7914122343063354,0.03632960096001625,0.09149281680583954,0.6123724579811096,0.6123723983764648,0.3535534143447876,0.3535534143447876
1605.0,-0.23845776915550232,-1.036657452583313,2.2269859313964844,-0.6542119383811951,1.3647831678390503,-0.12094812840223312,0.7914122343063354,0.046957191079854965,0.08753834664821625,0.6123724579811096,0.6123723983764648,0.3535534143447876,0.3535534143447876
1606.0,-0.21332862973213196,-1.035858392715454,2.225477457046509,-0.6560351848602295,1.386403203010559,-0.10789178311824799,0.7914122343063354,0.06316960602998734,0.0871739536523819,0.6123724579811096,0.6123723983764648,0.3535534143447876,0.3535534143447876
1607.0,-0.18243694305419922,-1.0362945795059204,2.2225778102874756,-0.6554079651832581,1.413022518157959,-0.09198383241891861,0.7914122343063354,0.08303844928741455,0.08805464208126068,0.6123724579811096,0.6123723983764648,0.3535534143447876,0.3535534143447876
1608.0,-0.19964933395385742,-1.0264289379119873,2.22519850730896,-0.6664395928382874,1.3981853723526,-0.10082941502332687,0.7914122343063354,0.07197414338588715,0.08044366538524628,0.6123724579811096,0.6123723983764648,0.3535533845424652,0.3535533845424652
1609.0,-0.18845021724700928,-1.016086459159851,2.224959373474121,-0.6775049567222595,1.4078376293182373,-0.09506916254758835,0.7914122343063354,0.07917449623346329,0.0730680376291275,0.6123724579811096,0.6123723983764648,0.3535533845424652,0.3535533845424652
1610.0,-0.21557849645614624,-1.0206965208053589,2.2269773483276367,-0.6724823713302612,1.384466290473938,-0.1090562716126442,0.7914122343063354,0.06172027811408043,0.07602100074291229,0.6123724579811096,0.6123723983764648,0.3535534143447876,0.3535534143447876
1611.0,-0.23463207483291626,-1.0205854177474976,2.228196144104004,-0.6718990802764893,1.3680726289749146,-0.11895312368869781,0.7914122343063354,0.049429234117269516,0.07578130066394806,0.6123724579811096,0.6123723983764648,0.3535533845424652,0.3535533845424652
1612.0,-0.2525525689125061,-1.0193617343902588,2.2290806770324707,-0.6720500588417053,1.352671504020691,-0.12832234799861908,0.7914122343063354,0.03783543407917023,0.07484443485736847,0.6123724579811096,0.6123723983764648,0.3535533845424652,0.3535533845424652
1613.0,-0.26848354935646057,-1.0266666412353516,2.2289044857025146,-0.6626991033554077,1.3389958143234253,-0.13670510053634644,0.7914122343063354,0.02749478816986084,0.0802215188741684,0.6123724579811096,0.6123723983764648,0.3535533845424652,0.3535533845424652
1614.0,-0.2755067050457001,-1.010373830795288,2.230238437652588,-0.6794619560241699,1.3329719305038452,-0.1404176652431488,0.7914122343063354,0.022924423217773438,0.06840257346630096,0.6123724579811096,0.6123723983764648,0.3535533845424652,0.3535533845424652
1615.0,-0.2523965537548065,-1.0052098035812378,2.230056047439575,-0.6871950626373291,1.352805495262146,-0.12824051082134247,0.7914122343063354,0.03793652728199959,0.0645623505115509,0.6123724579811096,0.6123723983764648,0.3535533845424652,0.3535533845424652
1616.0,-0.23559871315956116,-1.0042486190795898,2.229386806488037,-0.6893247365951538,1.367241382598877,-0.119456946849823,0.7914122343063354,0.04880477115511894,0.06389617919921875,0.6123724579811096,0.6123723983764648,0.3535533845424652,0.3535533845424652
1617.0,-0.21487513184547424,-1.0060458183288574,2.2279698848724365,-0.6881929636001587,1.3850717544555664,-0.10869214683771133,0.7914122343063354,0.06217341497540474,0.06535448133945465,0.6123724579811096,0.6123723983764648,0.3535533845424652,0.3535533845424652
1618.0,-0.1997545212507248,-0.9969983696937561,2.227268695831299,-0.6979309916496277,1.3980947732925415,-0.1008836105465889,0.7914122343063354,0.07190648466348648,0.05898294970393181,0.6123724579811096,0.6123723983764648,0.3535533845424652,0.3535533845424652
1619.0,-0.21531817317008972,-0.9893034100532532,2.2289111614227295,-0.7058340907096863,1.3846904039382935,-0.10892150551080704,0.7914122343063354,0.06188799813389778,0.053234558552503586,0.6123724579811096,0.6123723983764648,0.3535533845424652,0.3535533845424652
1620.0,-0.17504586279392242,-0.9951484799385071,2.224853038787842,-0.6994121074676514,1.4193974733352661,-0.08819855004549026,0.7914122343063354,0.08778616040945053,0.058088671416044235,0.6123724579811096,0.6123723983764648,0.3535533845424652,0.3535533845424652
1621.0,-0.16289834678173065,-0.9773518443107605,2.224170684814453,-0.7174301147460938,1.4298794269561768,-0.08199311792850494,0.7914122343063354,0.09558669477701187,0.045479666441679,0.6123724579811096,0.6123723983764648,0.3535533845424652,0.3535533845424652
1622.0,-0.1877814531326294,-0.9831675887107849,2.226778268814087,-0.7122983336448669,1.4084142446517944,-0.09472577273845673,0.7914122343063354,0.07960429042577744,0.04917379841208458,0.6123724579811096,0.6123723983764648,0.3535533845424652,0.3535533845424652
1623.0,-0.20810528099536896,-0.9705953598022461,2.229025363922119,-0.7253351211547852,1.3909012079238892,-0.10519152134656906,0.7914122343063354,0.06653299182653427,0.03985869511961937,0.6123724579811096,0.6123723983764648,0.3535533845424652,0.3535533845424652
1624.0,-0.1915045827627182,-0.9657205939292908,2.2276763916015625,-0.7303311824798584,1.4052046537399292,-0.09663831442594528,0.7914122343063354,0.07721130549907684,0.036572765558958054,0.6123724579811096,0.6123723983764648,0.3535533845424652,0.3535533845424652
1625.0,-0.18574616312980652,-0.9495030045509338,2.2273149490356445,-0.7466675043106079,1.410169005393982,-0.09368111193180084,0.7914122343063354,0.08091221004724503,0.025064628571271896,0.6123724579811096,0.6123723983764648,0.3535533845424652,0.3535533845424652
1626.0,-0.20750302076339722,-0.9547824859619141,2.2292561531066895,-0.7414343357086182,1.3914198875427246,-0.10488045960664749,0.7914122343063354,0.0669206827878952,0.028563451021909714,0.6123724579811096,0.6123723983764648,0.3535533845424652,0.3535533845424652
1627.0,-0.22332943975925446,-0.9614911079406738,2.2303102016448975,-0.7342628240585327,1.3777951002120972,-0.11307460069656372,0.7914122343063354,0.0567241869866848,0.03322615846991539,0.6123724579811096,0.6123723983764648,0.3535533845424652,0.3535533845424652
1628.0,-0.22627705335617065,-0.9763049483299255,2.2301440238952637,-0.7189874053001404,1.3752589225769043,-0.11460546404123306,0.7914122343063354,0.054822888225317,0.04380468651652336,0.6123724579811096,0.6123723983764648,0.3535533845424652,0.3535533845424652
1629.0,-0.25264930725097656,-0.9608932137489319,2.231752872467041,-0.7331799268722534,1.352588415145874,-0.12837308645248413,0.7914122343063354,0.03777274489402771,0.03274441882967949,0.6123724579811096,0.6123723983764648,0.3535533845424652,0.3535533845424652
1630.0,-0.27637478709220886,-0.9654422998428345,2.23218035697937,-0.7262271046638489,1.3322275876998901,-0.14087730646133423,0.7914122343063354,0.0223589688539505,0.036107998341321945,0.6123724579811096,0.6123723983764648,0.3535533845424652,0.3535533845424652
1631.0,-0.2631610631942749,-0.9755050539970398,2.231722116470337,-0.7173168659210205,1.3435630798339844,-0.13389860093593597,0.7914122343063354,0.03095349296927452,0.043209996074438095,0.6123724579811096,0.6123723983764648,0.3535533845424652,0.3535533845424652
1632.0,-0.24604342877864838,-0.9876168370246887,2.2307350635528564,-0.7061780691146851,1.3582634925842285,-0.1249120756983757,0.7914122343063354,0.042050860822200775,0.05186473950743675,0.6123724579811096,0.6123723983764648,0.3535533845424652,0.3535533845424652
1633.0,-0.2641875445842743,-0.9929271340370178,2.2310633659362793,-0.6991139650344849,1.342682123184204,-0.1344393938779831,0.7914122343063354,0.0302867628633976,0.05572223290801048,0.6123724579811096,0.6123723983764648,0.3535533845424652,0.3535533845424652
1634.0,-0.2821487784385681,-0.9872944355010986,2.2315399646759033,-0.7030037641525269,1.3272777795791626,-0.14393876492977142,0.7914122343063354,0.01859482377767563,0.05179948732256889,0.6123724579811096,0.6123723983764648,0.3535533845424652,0.3535533845424652
1635.0,-0.29898640513420105,-0.9771144390106201,2.231809616088867,-0.711227297782898,1.3128563165664673,-0.1529100239276886,0.7914122343063354,0.007584936451166868,0.04470580443739891,0.6123724579811096,0.6123723983764648,0.3535533845424652,0.3535533845424652
1636.0,-0.2931390106678009,-0.9602398872375488,2.232266664505005,-0.7293479442596436,1.3178623914718628,-0.14978693425655365,0.7914122343063354,0.011414337903261185,0.03258047625422478,0.6123724579811096,0.6123723983764648,0.3535533845424652,0.3535533845424652
1637.0,-0.31373363733291626,-0.9636707305908203,2.231796979904175,-0.7225914001464844,1.3002417087554932,-0.16082358360290527,0.7914122343063354,-0.0021029417403042316,0.03534926101565361,0.6123724579811096,0.6123723983764648,0.3535533845424652,0.3535533845424652
1638.0,-0.33685117959976196,-0.9646286368370056,2.230759382247925,-0.7171313166618347,1.2805001735687256,-0.17334173619747162,0.7914122343063354,-0.017385972663760185,0.03654200956225395,0.6123724579811096,0.6123723983764648,0.3535533845424652,0.3535533845424652
1639.0,-0.35764244198799133,-0.9680952429771423,2.2292563915252686,-0.7088062763214111,1.2627822160720825,-0.18472658097743988,0.7914122343063354,-0.031245609745383263,0.03961477801203728,0.6123724579811096,0.6123723983764648,0.3535533845424652,0.3535533845424652
1640.0,-0.342019259929657,-0.9806005358695984,2.230010747909546,-0.6995980143547058,1.2760926485061646,-0.17616011202335358,0.7914122343063354,-0.020820314064621925,0.04811469838023186,0.6123724579811096,0.6123723983764648,0.3535533845424652,0.3535533845424652
1641.0,-0.3217414319515228,-0.9804198145866394,2.231065511703491,-0.7039421796798706,1.2933986186981201,-0.16514377295970917,0.7914122343063354,-0.007382877636700869,0.04748600348830223,0.6123724579811096,0.6123723983764648,0.3535533845424652,0.3535533845424652
1642.0,-0.3506655693054199,-0.9959196448326111,2.228745937347412,-0.6816228628158569,1.268723726272583,-0.18089225888252258,0.7914122343063354,-0.026581712067127228,0.05940748378634453,0.6123724579811096,0.6123723983764648,0.3535533845424652,0.3535533845424652
1643.0,-0.37204059958457947,-0.9838827252388,2.2274720668792725,-0.6887748837471008,1.2505344152450562,-0.19268570840358734,0.7914122343063354,-0.040915075689554214,0.051455046981573105,0.6123724579811096,0.6123723983764648,0.3535533845424652,0.3535533845424652
1644.0,-0.39430171251296997,-0.9871689677238464,2.224855899810791,-0.6788464784622192,1.2316359281539917,-0.20512022078037262,0.7914122343063354,-0.05599350482225418,0.05475324019789696,0.6123724579811096,0.6123723983764648,0.3535533845424652,0.3535533845424652
1645.0,-0.3858489394187927,-1.0022192001342773,2.225080966949463,-0.6655823588371277,1.2388063669204712,-0.20037971436977386,0.7914122343063354,-0.05024876445531845,0.06529678404331207,0.6123724579811096,0.6123723983764648,0.3535533845424652,0.3535533845424652
1646.0,-0.40825387835502625,-1.0053867101669312,2.2219932079315186,-0.6551013588905334,1.2198160886764526,-0.21299777925014496,0.7914122343063354,-0.06553088128566742,0.06868802011013031,0.6123724579811096,0.6123723983764648,0.3535533845424652,0.3535533845424652
1647.0,-0.3945949673652649,-1.0143003463745117,2.2232134342193604,-0.6500177383422852,1.2313873767852783,-0.20528510212898254,0.7914122343063354,-0.056193239986896515,0.07451930642127991,0.6123724579811096,0.6123723983764648,0.3535533845424652,0.3535533845424652
1648.0,-0.36726969480514526,-1.0131628513336182,2.2262957096099854,-0.6591459512710571,1.2545907497406006,-0.19004136323928833,0.7914122343063354,-0.037704166024923325,0.07250536978244781,0.6123724579811096,0.6123723983764648,0.3535533845424652,0.3535533845424652
1649.0,-0.3433944582939148,-1.0099064111709595,2.22841477394104,-0.668477475643158,1.2749202251434326,-0.17691132426261902,0.7914122343063354,-0.021735338494181633,0.06932415068149567,0.6123724579811096,0.6123723983764648,0.3535533845424652,0.3535533845424652
1650.0,-0.3297860324382782,-1.0019786357879639,2.2296950817108154,-0.679805338382721,1.2865290641784668,-0.16950078308582306,0.7914122343063354,-0.012701808474957943,0.06320366263389587,0.6123724579811096,0.6123723983764648,0.3535533845424652,0.3535533845424652
1651.0,-0.3102242052555084,-0.9975866079330444,2.2306981086730957,-0.6880787014961243,1.3032420873641968,-0.15893547236919403,0.7914122343063354,0.00020657248387578875,0.05960669741034508,0.6123724579811096,0.6123723983764648,0.3535533845424652,0.3535533845424652
1652.0,-0.295391321182251,-1.0136030912399292,2.229999542236328,-0.6734159588813782,1.3159338235855103,-0.15098892152309418,0.7914122343063354,0.009940095245838165,0.07096301019191742,0.6123724579811096,0.6123723983764648,0.3535533845424652,0.3535533845424652
1653.0,-0.31830117106437683,-1.0157631635665894,2.229287624359131,-0.6673272252082825,1.2963378429412842,-0.1632857322692871,0.7914122343063354,-0.005112798418849707,0.07294045388698578,0.6123724579811096,0.6123723983764648,0.3535533845424652,0.3535533845424652
1654.0,-0.30168047547340393,-1.028821587562561,2.228703498840332,-0.6560449004173279,1.310550570487976,-0.15435165166854858,0.7914122343063354,0.005818418692797422,0.08215482532978058,0.6123724579811096,0.6123723983764648,0.3535534143447876,0.3535534143447876
1655.0,-0.31917819380760193,-1.0333901643753052,2.2277944087982178,-0.648078441619873,1.295588493347168,-0.16375906765460968,0.7914122343063354,-0.005691241007298231,0.08584107458591461,0.6123724579811096,0.6123723983764648,0.3535534143447876,0.3535534143447876
1656.0,-0.3459739089012146,-1.02454674243927,2.227139472961426,-0.6521492600440979,1.2727214097976685,-0.17832185328006744,0.7914122343063354,-0.023452995344996452,0.0800812691450119,0.6123724579811096,0.6123723983764648,0.3535533845424652,0.3535533845424652
1657.0,-0.35935816168785095,-1.0309596061706543,2.2255542278289795,-0.6419526934623718,1.261321783065796,-0.18567165732383728,0.7914122343063354,-0.03239462152123451,0.08524082601070404,0.6123724579811096,0.6123723983764648,0.3535534143447876,0.3535534143447876
1658.0,-0.3353016972541809,-1.0402021408081055,2.2263691425323486,-0.6374085545539856,1.2818219661712646,-0.17249815165996552,0.7914122343063354,-0.016357604414224625,0.09126080572605133,0.6123724579811096,0.6123723983764648,0.3535534143447876,0.3535534143447876
1659.0,-0.3457162380218506,-1.0537782907485962,2.2242376804351807,-0.6200574040412903,1.272940993309021,-0.17818082869052887,0.7914122343063354,-0.02328132651746273,0.10162882506847382,0.6123724579811096,0.6123723983764648,0.3535534143447876,0.3535534143447876
1660.0,-0.36845359206199646,-1.0425403118133545,2.2236013412475586,-0.6268700957298279,1.2535839080810547,-0.19069688022136688,0.7914122343063354,-0.038500312715768814,0.09413696825504303,0.6123724579811096,0.6123723983764648,0.3535534143447876,0.3535534143447876
1661.0,-0.39607101678848267,-1.0338762998580933,2.2213616371154785,-0.6283131837844849,1.2301359176635742,-0.2061154693365097,0.7914122343063354,-0.05719910189509392,0.08899934589862823,0.6123724579811096,0.6123723983764648,0.3535534143447876,0.3535534143447876
1662.0,-0.4163440465927124,-1.0367432832717896,2.2181975841522217,-0.618353009223938,1.212971568107605,-0.21759675443172455,0.7914122343063354,-0.07109422236680984,0.09224937856197357,0.6123724579811096,0.6123723983764648,0.3535533845424652,0.3535533845424652
1663.0,-0.38613462448120117,-1.0502235889434814,2.220871686935425,-0.6133166551589966,1.238563895225525,-0.20053952932357788,0.7914122343063354,-0.05044250935316086,0.1006365567445755,0.6123724579811096,0.6123723983764648,0.3535533845424652,0.3535533845424652
1664.0,-0.36916181445121765,-1.0584843158721924,2.22171950340271,-0.6089216470718384,1.2529817819595337,-0.1910892277956009,0.7914122343063354,-0.038976769894361496,0.10602177679538727,0.6123724579811096,0.6123723983764648,0.3535534143447876,0.3535534143447876
1665.0,-0.3865320086479187,-1.0651127099990845,2.2189931869506836,-0.5964767336845398,1.2382265329360962,-0.20076186954975128,0.7914122343063354,-0.05071207880973816,0.11179696023464203,0.6123724579811096,0.6123723983764648,0.3535534143447876,0.3535534143447876
1666.0,-0.4050849378108978,-1.054531455039978,2.217905282974243,-0.6024835109710693,1.2224990129470825,-0.21120266616344452,0.7914122343063354,-0.06335845589637756,0.10485993325710297,0.6123724579811096,0.6123723983764648,0.3535533845424652,0.3535533845424652
1667.0,-0.420045405626297,-1.0508768558502197,2.216073513031006,-0.6013526916503906,1.2098424434661865,-0.219708651304245,0.7914122343063354,-0.07364795356988907,0.10302551090717316,0.6123724579811096,0.6123723983764648,0.3535533845424652,0.3535533845424652
1668.0,-0.2953953146934509,-0.8499285578727722,1.7305548191070557,0.6901701092720032,1.5707963705062866,-1.8661916255950928,0.8942689299583435,-0.062024299055337906,0.1676350086927414,0.0,1.0,0.0,0.0
1669.0,-0.3094756305217743,-0.8515626192092896,1.7341933250427246,0.6881656646728516,1.5707963705062866,-1.8802719116210938,0.8912246823310852,-0.07394348084926605,0.1676350086927414,0.0,1.0,0.0,0.0
1670.0,-0.320672869682312,-0.8490527272224426,1.728605031967163,0.6912440061569214,1.5707963705062866,-1.8914692401885986,0.8935260772705078,-0.08497583866119385,0.1676350086927414,0.0,1.0,0.0,0.0
1671.0,-0.4479866027832031,-1.058964729309082,2.2100489139556885,-0.5813738107681274,1.1862696409225464,-0.23581644892692566,0.7914122343063354,-0.09310829639434814,0.11109061539173126,0.6123724579811096,0.6123723983764648,0.3535534143447876,0.3535534143447876
1672.0,-0.4382975995540619,-1.043489933013916,2.213759660720825,-0.602645993232727,1.1944339275360107,-0.23019708693027496,0.7914122343063354,-0.08632240444421768,0.09871445596218109,0.6123724579811096,0.6123723983764648,0.3535533845424652,0.3535533845424652
1673.0,-0.45406490564346313,-1.0461150407791138,2.210383653640747,-0.5932203531265259,1.1811535358428955,-0.23936064541339874,0.7914122343063354,-0.0973869115114212,0.10186176002025604,0.6123724579811096,0.6123723983764648,0.3535534143447876,0.3535534143447876
1674.0,-0.4715120196342468,-1.041831374168396,2.2070581912994385,-0.5902127027511597,1.16649329662323,-0.24961772561073303,0.7914122343063354,-0.10976529866456985,0.100071981549263,0.6123724579811096,0.6123723983764648,0.3535534143447876,0.3535534143447876
1675.0,-0.4992114305496216,-1.0321497917175293,2.2011702060699463,-0.5873183608055115,1.1432982683181763,-0.26617035269737244,0.7914122343063354,-0.12973634898662567,0.09532220661640167,0.6123724579811096,0.6123723983764648,0.3535534143447876,0.3535534143447876
1676.0,-0.483722984790802,-1.023888111114502,2.2059717178344727,-0.6041812300682068,1.1562556028366089,-0.2568730115890503,0.7914122343063354,-0.11851899325847626,0.08764703571796417,0.6123724579811096,0.6123723983764648,0.3535534143447876,0.3535534143447876
1677.0,-0.46840471029281616,-1.0151777267456055,2.210315465927124,-0.6208437085151672,1.1691014766693115,-0.2477816790342331,0.7914122343063354,-0.10754986852407455,0.0798536092042923,0.6123724579811096,0.6123723983764648,0.3535534143447876,0.3535534143447876
1678.0,-0.45336708426475525,-1.013994574546814,2.213609457015991,-0.6287211179733276,1.1817407608032227,-0.23895303905010223,0.7914122343063354,-0.09689484536647797,0.07783152163028717,0.6123724579811096,0.6123723983764648,0.3535533845424652,0.3535533845424652
1679.0,-0.4442579746246338,-1.028443694114685,2.2141687870025635,-0.6168243288993835,1.1894102096557617,-0.2336495816707611,0.7914122343063354,-0.09049195796251297,0.08790247142314911,0.6123724579811096,0.6123723983764648,0.3535534143447876,0.3535534143447876
1680.0,-0.43531957268714905,-1.0176894664764404,2.21675443649292,-0.6320714354515076,1.1969454288482666,-0.22847720980644226,0.7914122343063354,-0.08424491435289383,0.07932038605213165,0.6123724579811096,0.6123723983764648,0.3535533845424652,0.3535533845424652
1681.0,-0.41915151476860046,-1.0195187330245972,2.2193236351013184,-0.6361410021781921,1.2105979919433594,-0.21919816732406616,0.7914122343063354,-0.0730307325720787,0.07966776192188263,0.6123724579811096,0.6123723983764648,0.3535533845424652,0.3535533845424652
1682.0,-0.4412913918495178,-1.0038576126098633,2.216675281524658,-0.6445552110671997,1.1919100284576416,-0.23192951083183289,0.7914122343063354,-0.0884147584438324,0.06951972842216492,0.6123724579811096,0.6123723983764648,0.3535533845424652,0.3535533845424652
1683.0,-0.42596200108528137,-1.0019844770431519,2.219481945037842,-0.6524496078491211,1.2048436403274536,-0.22309492528438568,0.7914122343063354,-0.07774142920970917,0.06718902289867401,0.6123724579811096,0.6123723983764648,0.3535533845424652,0.3535533845424652
1684.0,-0.41412124037742615,-0.9808353781700134,2.2224082946777344,-0.6789140105247498,1.2148514986038208,-0.21633082628250122,0.7914122343063354,-0.06956316530704498,0.05113309249281883,0.6123724579811096,0.6123723983764648,0.3535533845424652,0.3535533845424652
1685.0,-0.4315933883190155,-0.9859365820884705,2.219395875930786,-0.6672466993331909,1.2000893354415894,-0.22633002698421478,0.7914122343063354,-0.08165083825588226,0.05580708011984825,0.6123724579811096,0.6123723983764648,0.3535533845424652,0.3535533845424652
1686.0,-0.4493367075920105,-0.9911770820617676,2.2158892154693604,-0.6547062993049622,1.1851329803466797,-0.23660244047641754,0.7914122343063354,-0.09405719488859177,0.060752224177122116,0.6123724579811096,0.6123723983764648,0.3535533845424652,0.3535533845424652
1687.0,-0.45494216680526733,-0.9774529933929443,2.215392589569092,-0.666696310043335,1.1804156303405762,-0.23987343907356262,0.7914122343063354,-0.09800583869218826,0.0511019192636013,0.6123724579811096,0.6123723983764648,0.3535533845424652,0.3535533845424652
1688.0,-0.46575871109962463,-0.9863141179084778,2.2127480506896973,-0.6527482867240906,1.171323537826538,-0.24622143805027008,0.7914122343063354,-0.1056670993566513,0.058340396732091904,0.6123724579811096,0.6123723983764648,0.3535533845424652,0.3535533845424652
1689.0,-0.48238226771354675,-0.9900379180908203,2.208754539489746,-0.6411358118057251,1.1573787927627563,-0.2560732960700989,0.7914122343063354,-0.11755407601594925,0.06236327812075615,0.6123724579811096,0.6123723983764648,0.3535533845424652,0.3535533845424652
1690.0,-0.5050057768821716,-0.9741488695144653,2.203686237335205,-0.6463735699653625,1.138459324836731,-0.26967668533325195,0.7914122343063354,-0.13396728038787842,0.05256659910082817,0.6123724579811096,0.6123723983764648,0.3535533845424652,0.3535533845424652
1691.0,-0.5218449831008911,-0.9842413067817688,2.222097873687744,-0.6503203511238098,1.1244233846664429,-0.2799564003944397,0.7773402333259583,-0.13828343152999878,0.0557980053126812,0.6123724579811096,0.6123723983764648,0.3535533845424652,0.3535533845424652
1692.0,-0.6474044919013977,-0.93011873960495,2.1498591899871826,-2.1325325965881348,-0.684053897857666,0.7867584824562073,0.8571992516517639,-0.2462317794561386,0.0685327798128128,0.07992599904537201,0.8623294234275818,0.49786609411239624,0.04614529013633728
1693.0,-0.5251045227050781,-1.007217526435852,2.219900369644165,-0.6242782473564148,1.121711254119873,-0.2819620966911316,0.7773402333259583,-0.14064402878284454,0.07285937666893005,0.6123724579811096,0.6123723983764648,0.3535533845424652,0.3535533845424652
1694.0,-0.47929462790489197,-1.0038795471191406,2.2086470127105713,-0.627923309803009,1.1599661111831665,-0.2542344331741333,0.7914122343063354,-0.11533550918102264,0.07234802842140198,0.6123724579811096,0.6123723983764648,0.3535533845424652,0.3535533845424652
1695.0,-0.5107449293136597,-0.9928206205368042,2.2011797428131104,-0.6237262487411499,1.1336710453033447,-0.2731650173664093,0.7914122343063354,-0.1381770372390747,0.06693261861801147,0.6123724579811096,0.6123723983764648,0.3535533845424652,0.3535533845424652
1696.0,-0.5258905291557312,-0.9936327934265137,2.1966710090637207,-0.6144231557846069,1.1210575103759766,-0.2824465334415436,0.7914122343063354,-0.14938177168369293,0.06905035674571991,0.6123724579811096,0.6123723983764648,0.3535533845424652,0.3535533845424652
1697.0,-0.5244105458259583,-0.9761539101600647,2.198038339614868,-0.6336652636528015,1.1222885847091675,-0.2815346419811249,0.7914122343063354,-0.14828062057495117,0.05586787685751915,0.6123724579811096,0.6123723983764648,0.3535533845424652,0.3535533845424652
1698.0,-0.5434149503707886,-0.9843775629997253,2.1916096210479736,-0.6138152480125427,1.1065055131912231,-0.29332786798477173,0.7914122343063354,-0.16252785921096802,0.06399975717067719,0.6123724579811096,0.6123723983764648,0.3535533845424652,0.3535533845424652
1699.0,-0.5623306035995483,-0.9873337149620056,2.191877841949463,-0.605704128742218,1.0908522605895996,-0.3052522838115692,0.7873662114143372,-0.1744021475315094,0.06659078598022461,0.6123724579811096,0.6123723983764648,0.3535533845424652,0.3535533845424652
1700.0,-0.5789213180541992,-0.9888657331466675,2.178443670272827,-0.5857701897621155,1.0771716833114624,-0.3158716857433319,0.7914122343063354,-0.18981815874576569,0.071746826171875,0.6123724579811096,0.6123723983764648,0.3535533845424652,0.3535533845424652
1701.0,-0.5974278450012207,-0.9885421395301819,2.178098201751709,-0.5799669623374939,1.0619676113128662,-0.32790321111679077,0.7873662114143372,-0.20167207717895508,0.07212449610233307,0.6123724579811096,0.6123723983764648,0.3535533845424652,0.3535533845424652
1702.0,-0.6090498566627502,-0.9765118360519409,2.1737804412841797,-0.5839158296585083,1.052451491355896,-0.3355633020401001,0.7873662114143372,-0.21092161536216736,0.06464318931102753,0.6123724579811096,0.6123723983764648,0.3535533845424652,0.3535533845424652
1703.0,-0.5755617022514343,-0.9756041169166565,2.1805081367492676,-0.6021184921264648,1.0799381732940674,-0.3137088119983673,0.7914122343063354,-0.18719585239887238,0.06123259291052818,0.6123724579811096,0.6123723983764648,0.3535533845424652,0.3535533845424652
1704.0,-0.5502367615699768,-0.9626291990280151,2.1902339458465576,-0.6322612166404724,1.100853681564331,-0.2976064085960388,0.7914122343063354,-0.16770082712173462,0.04849086329340935,0.6123724579811096,0.6123723983764648,0.3535533845424652,0.3535533845424652
1705.0,-0.5586378574371338,-0.9497161507606506,2.187629222869873,-0.6401515603065491,1.0939035415649414,-0.30290934443473816,0.7914122343063354,-0.1741160899400711,0.03979746624827385,0.6123724579811096,0.6123723983764648,0.3535533845424652,0.3535533845424652
1706.0,-0.5724610090255737,-0.9549986124038696,2.1824588775634766,-0.6256106495857239,1.0824933052062988,-0.311718225479126,0.7914122343063354,-0.18478330969810486,0.04533159360289574,0.6123724579811096,0.6123723983764648,0.3535533845424652,0.3535533845424652
1707.0,-0.5859584212303162,-0.9434264302253723,2.1774415969848633,-0.6280391812324524,1.0713831186294556,-0.32042306661605835,0.7914122343063354,-0.19533969461917877,0.03830289468169212,0.6123724579811096,0.6123723983764648,0.3535533845424652,0.3535533845424652
1708.0,-0.5789517164230347,-0.9331997632980347,2.180284023284912,-0.6432672739028931,1.0771466493606567,-0.315891295671463,0.7914122343063354,-0.18984195590019226,0.0298079214990139,0.6123724579811096,0.6123723983764648,0.3535533845424652,0.3535533845424652
1709.0,-0.5935015678405762,-0.9256240129470825,2.1744799613952637,-0.6405149698257446,1.0651881694793701,-0.3253338038921356,0.7914122343063354,-0.20130255818367004,0.02590174600481987,0.6123724579811096,0.6123723983764648,0.3535533845424652,0.3535533845424652
1710.0,-0.6027233004570007,-0.9378922581672668,2.170558214187622,-0.621374785900116,1.0576286315917969,-0.33138325810432434,0.7914122343063354,-0.20865650475025177,0.03630148991942406,0.6123724579811096,0.6123723983764648,0.3535533845424652,0.3535533845424652
1711.0,-0.6680070161819458,-0.8680318593978882,1.9938390254974365,-1.8760648965835571,-0.8231974244117737,0.5648319125175476,0.8934041857719421,-0.31524983048439026,0.04264048859477043,0.0,0.8660253882408142,0.5,0.0
1712.0,-0.6023193597793579,-0.9548904895782471,2.170384645462036,-0.6043335795402527,1.0579594373703003,-0.331117182970047,0.7914122343063354,-0.2083328515291214,0.04910756275057793,0.6123724579811096,0.6123723983764648,0.3535533845424652,0.3535533845424652
1713.0,-0.6720658540725708,-0.8898774981498718,2.001985549926758,-1.8598111867904663,-0.826170027256012,0.5610684752464294,0.8870219588279724,-0.31524983048439026,0.05873505398631096,0.0,0.8660253882408142,0.5,0.0
1714.0,-0.6653230786323547,-0.8778174519538879,1.9881319999694824,-1.8622738122940063,-0.8212355971336365,0.5673319697380066,0.8976637125015259,-0.31524983048439026,0.05318404361605644,0.0,0.8660253882408142,0.5,0.0
1715.0,-0.6596662402153015,-0.8794764280319214,1.9759901762008667,-1.8520914316177368,-0.8171111345291138,0.5726311206817627,0.9067451357841492,-0.31524983048439026,0.059022169560194016,0.0,0.8660253882408142,0.5,0.0
1716.0,-0.651515781879425,-0.873748242855072,1.9581844806671143,-1.84530508518219,-0.8111933469772339,0.580338716506958,0.9200839996337891,-0.31524983048439026,0.06050936505198479,0.0,0.8660253882408142,0.5,0.0
1717.0,-0.6592679619789124,-0.8654299974441528,1.9753395318984985,-1.865743637084961,-0.816821277141571,0.573005735874176,0.9073898792266846,-0.31524983048439026,0.046865593641996384,0.0,0.8660253882408142,0.5,0.0
1718.0,-0.6507731676101685,-0.8571756482124329,1.956771969795227,-1.8609519004821777,-0.8106556534767151,0.5810452699661255,0.9213146567344666,-0.31524983048439026,0.04621244594454765,0.0,0.8660253882408142,0.5,0.0
1719.0,-0.6411429643630981,-0.8528416156768799,1.9349308013916016,-1.849826693534851,-0.8037055134773254,0.5902737379074097,0.9375105500221252,-0.31524983048439026,0.05035514757037163,0.0,0.8660253882408142,0.5,0.0
1720.0,-0.6451706290245056,-0.8758450746536255,1.9437086582183838,-1.8329159021377563,-0.8066071271896362,0.5863991379737854,0.9306827187538147,-0.31524983048439026,0.06786172091960907,0.0,0.8660253882408142,0.5,0.0
1721.0,-0.6380378603935242,-0.8690510392189026,1.927284836769104,-1.8280572891235352,-0.8014736771583557,0.5932756662368774,0.9428286552429199,-0.31524983048439026,0.06803573668003082,0.0,0.8660253882408142,0.5,0.0
1722.0,-0.6270580887794495,-0.8468343615531921,1.9013673067092896,-1.8318437337875366,-0.793618381023407,0.6039953827857971,0.9620236158370972,-0.31524983048439026,0.057671766728162766,0.0,0.8660253882408142,0.5,0.0
1723.0,-0.6299062371253967,-0.8379338383674622,1.908413052558899,-1.8458309173583984,-0.7956505417823792,0.6011988520622253,0.9569849967956543,-0.31524983048439026,0.04669056460261345,0.0,0.8660253882408142,0.5,0.0
1724.0,-0.636601448059082,-0.8366409540176392,1.9243520498275757,-1.8585041761398315,-0.8004428148269653,0.5946687459945679,0.9453050494194031,-0.31524983048439026,0.03950894996523857,0.0,0.8660253882408142,0.5,0.0
1725.0,-0.6361030340194702,-0.8244965672492981,1.9229850769042969,-1.8696186542510986,-0.8000853061676025,0.595152735710144,0.9461666941642761,-0.31524983048439026,0.02887539193034172,0.0,0.8660253882408142,0.5,0.0
1726.0,-0.6426829695701599,-0.8420138955116272,1.9384815692901611,-1.863175868988037,-0.8048141002655029,0.588789701461792,0.9348905682563782,-0.31524983048439026,0.03921092674136162,0.0,0.8660253882408142,0.5,0.0
1727.0,-0.6501086950302124,-0.844597339630127,1.955237627029419,-1.872431993484497,-0.8101747632026672,0.5816780924797058,0.922417938709259,-0.31524983048439026,0.03549812361598015,0.0,0.8660253882408142,0.5,0.0
1728.0,-0.6457222700119019,-0.8278940916061401,1.945090889930725,-1.881883144378662,-0.8070051074028015,0.5858701467514038,0.9297536611557007,-0.31524983048439026,0.024058889597654343,0.0,0.8660253882408142,0.5,0.0
1729.0,-0.6522026658058167,-0.8297306895256042,1.959489107131958,-1.890177845954895,-0.8116909265518188,0.5796858072280884,0.9189481139183044,-0.31524983048439026,0.02069978043437004,0.0,0.8660253882408142,0.5,0.0
1730.0,-0.6589404940605164,-0.8399307727813721,1.974347710609436,-1.890462040901184,-0.816582977771759,0.5733139514923096,0.9079205393791199,-0.31524983048439026,0.024681072682142258,0.0,0.8660253882408142,0.5,0.0
1731.0,-0.6627601981163025,-0.8543598055839539,1.9827502965927124,-1.881983757019043,-0.8193652629852295,0.5697277188301086,0.901760458946228,-0.31524983048439026,0.034516822546720505,0.0,0.8660253882408142,0.5,0.0
1732.0,-0.6709609627723694,-0.8563683032989502,1.9998266696929932,-1.8918547630310059,-0.825360119342804,0.5620908737182617,0.8887523412704468,-0.31524983048439026,0.030461829155683517,0.0,0.8660253882408142,0.5,0.0
1733.0,-0.6668985486030579,-0.8399842977523804,1.9910430908203125,-1.9020180702209473,-0.8223868012428284,0.565863311290741,0.8951595425605774,-0.31524983048439026,0.019123654812574387,0.0,0.8660253882408142,0.5,0.0
1734.0,-0.6573218703269958,-0.819393515586853,1.9700640439987183,-1.907760739326477,-0.8154059052467346,0.5748392939567566,0.9105507731437683,-0.31524983048439026,0.007925224490463734,0.0,0.8660253882408142,0.5,0.0
1735.0,-0.6646557450294495,-0.8192790746688843,1.9854274988174438,-1.9185322523117065,-0.8207483291625977,0.5679548978805542,0.8987276554107666,-0.31524983048439026,0.0028237372171133757,0.0,0.8660253882408142,0.5,0.0
1736.0,-0.616624116897583,-0.889795184135437,2.1637744903564453,-0.6581175923347473,1.0462632179260254,-0.34060031175613403,0.7914122343063354,-0.21988071501255035,0.0020063191186636686,0.6123724579811096,0.6123723983764648,0.3535533845424652,0.3535533845424652
1737.0,-0.5986027121543884,-0.9097754955291748,2.1721770763397217,-0.6524366736412048,1.0610045194625854,-0.3286738395690918,0.7914122343063354,-0.20536163449287415,0.014688876457512379,0.6123724579811096,0.6123723983764648,0.3535533845424652,0.3535533845424652
1738.0,-0.5901254415512085,-0.8998126983642578,2.1753952503204346,-0.6683052182197571,1.0679596662521362,-0.3231317400932312,0.7914122343063354,-0.19862797856330872,0.006283116526901722,0.6123724579811096,0.6123723983764648,0.3535533845424652,0.3535533845424652
1739.0,-0.5954506397247314,-0.8826265931129456,2.1725423336029053,-0.6809567213058472,1.063589096069336,-0.3266081213951111,0.7914122343063354,-0.20285090804100037,-0.005841138772666454,0.6123724579811096,0.6123723983764648,0.3535533845424652,0.3535533845424652
1740.0,-0.6045607328414917,-0.8707607388496399,2.1680963039398193,-0.6854490041732788,1.056124210357666,-0.33259472250938416,0.7914122343063354,-0.21013040840625763,-0.013596328906714916,0.6123724579811096,0.6123723983764648,0.3535533845424652,0.3535533845424652
1741.0,-0.5965822339057922,-0.8591521978378296,2.1706442832946777,-0.7021728157997131,1.062661051750183,-0.3273490071296692,0.7914122343063354,-0.20375126600265503,-0.023037318140268326,0.6123724579811096,0.6123723983764648,0.3535533845424652,0.3535533845424652
1742.0,-0.6720791459083557,-0.796612560749054,1.998727560043335,-1.9498097896575928,-0.8261798024177551,0.5610561370849609,0.8870011568069458,-0.31524983048439026,-0.02106880024075508,0.0,0.8660253882408142,0.5,0.0
1743.0,-0.6660698056221008,-0.78592848777771,1.9856188297271729,-1.9511752128601074,-0.8217810988426208,0.5666354894638062,0.8964754939079285,-0.31524983048439026,-0.02649255469441414,0.0,0.8660253882408142,0.5,0.0
1744.0,-0.6609603762626648,-0.7919719815254211,1.9757252931594849,-1.9384993314743042,-0.8180534839630127,0.5714151859283447,0.9046549201011658,-0.31524983048439026,-0.018169093877077103,0.0,0.8660253882408142,0.5,0.0
1745.0,-0.6662901043891907,-0.8064044713973999,1.9879010915756226,-1.9328417778015137,-0.8219420909881592,0.5664301514625549,0.8961253762245178,-0.31524983048439026,-0.009242433123290539,0.0,0.8660253882408142,0.5,0.0
1746.0,-0.6569775342941284,-0.802743136882782,1.9682722091674805,-1.922842025756836,-0.8151556849479675,0.5751641988754272,0.9111117720603943,-0.31524983048439026,-0.006277936510741711,0.0,0.8660253882408142,0.5,0.0
1747.0,-0.6521295309066772,-0.7828250527381897,1.9562660455703735,-1.9339081048965454,-0.8116379380226135,0.5797551870346069,0.9190688729286194,-0.31524983048439026,-0.02023470774292946,0.0,0.8660253882408142,0.5,0.0
1748.0,-0.6572304964065552,-0.7780272960662842,1.966586947441101,-1.9457088708877563,-0.8153395056724548,0.5749254822731018,0.9106995463371277,-0.31524983048439026,-0.027723614126443863,0.0,0.8660253882408142,0.5,0.0
1749.0,-0.6512464284896851,-0.7698897123336792,1.9530446529388428,-1.9442002773284912,-0.8109983205795288,0.5805948376655579,0.9205300211906433,-0.31524983048439026,-0.030834082514047623,0.0,0.8660253882408142,0.5,0.0
1750.0,-0.6447906494140625,-0.762854814529419,1.9382789134979248,-1.940728783607483,-0.806333065032959,0.5867636799812317,0.9313234686851501,-0.31524983048439026,-0.03258419409394264,0.0,0.8660253882408142,0.5,0.0
1751.0,-0.6368141770362854,-0.758152425289154,1.9199904203414917,-1.9324872493743896,-0.8005954027175903,0.5944622755050659,0.9449376463890076,-0.31524983048439026,-0.031054425984621048,0.0,0.8660253882408142,0.5,0.0
1752.0,-0.6396409869194031,-0.7477179765701294,1.9250657558441162,-1.9460924863815308,-0.8026254177093506,0.591724157333374,0.940077006816864,-0.31524983048439026,-0.04224233701825142,0.0,0.8660253882408142,0.5,0.0
1753.0,-0.6343762874603271,-0.7374812364578247,1.911873698234558,-1.9466933012008667,-0.7988477349281311,0.5968322157859802,0.9491615891456604,-0.31524983048439026,-0.04751997068524361,0.0,0.8660253882408142,0.5,0.0
1754.0,-0.6456623673439026,-0.7430112957954407,1.937658667564392,-1.9593734741210938,-0.8069618940353394,0.5859274864196777,0.9298544526100159,-0.31524983048439026,-0.05039982125163078,0.0,0.8660253882408142,0.5,0.0
1755.0,-0.6392764449119568,-0.7329925298690796,1.922221302986145,-1.9582184553146362,-0.802363395690918,0.5920766592025757,0.9407017230987549,-0.31524983048439026,-0.0548572801053524,0.0,0.8660253882408142,0.5,0.0
1756.0,-0.6447697281837463,-0.7280750274658203,1.9335085153579712,-1.9707520008087158,-0.8063179850578308,0.5867838263511658,0.931358814239502,-0.31524983048439026,-0.06272851675748825,0.0,0.8660253882408142,0.5,0.0
1757.0,-0.6513589024543762,-0.7252140045166016,1.9471173286437988,-1.9828749895095825,-0.811079740524292,0.5804879069328308,0.920343816280365,-0.31524983048439026,-0.06924594193696976,0.0,0.8660253882408142,0.5,0.0
1758.0,-0.6546024084091187,-0.7525920867919922,1.9580333232879639,-1.964295506477356,-0.8134309649467468,0.5774096846580505,0.9149966835975647,-0.31524983048439026,-0.04784010723233223,0.0,0.8660253882408142,0.5,0.0
1759.0,-0.6571328639984131,-0.7418091297149658,1.9617782831192017,-1.9771815538406372,-0.8152685761451721,0.5750175714492798,0.9108586311340332,-0.31524983048439026,-0.058548953384160995,0.0,0.8660253882408142,0.5,0.0
1760.0,-0.6639564037322998,-0.7379288673400879,1.9751105308532715,-1.9900110960006714,-0.8202378749847412,0.5686084032058716,0.899844765663147,-0.31524983048439026,-0.06570680439472198,0.0,0.8660253882408142,0.5,0.0
1761.0,-0.6640517711639404,-0.7546209096908569,1.9777724742889404,-1.9759202003479004,-0.8203074336051941,0.5685192346572876,0.8996922969818115,-0.31524983048439026,-0.05173363909125328,0.0,0.8660253882408142,0.5,0.0
1762.0,-0.663063645362854,-0.766798734664917,1.9773560762405396,-1.963956594467163,-0.8195865154266357,0.5694435834884644,0.9012739062309265,-0.31524983048439026,-0.040880460292100906,0.0,0.8660253882408142,0.5,0.0
1763.0,-0.6722182035446167,-0.7555649876594543,1.9941682815551758,-1.9862109422683716,-0.826281726360321,0.5609275698661804,0.88678377866745,-0.31524983048439026,-0.05545559152960777,0.0,0.8660253882408142,0.5,0.0
1764.0,-0.5919927954673767,-0.8264274597167969,2.169546127319336,-0.7352541089057922,1.066426396369934,-0.32434889674186707,0.7914122343063354,-0.2001061588525772,-0.04749462381005287,0.6123724579811096,0.6123723983764648,0.3535533845424652,0.3535533845424652
1765.0,-0.6046826243400574,-0.8244414925575256,2.1641452312469482,-0.7277776002883911,1.056024432182312,-0.33267515897750854,0.7914122343063354,-0.21022829413414001,-0.04771928861737251,0.6123724579811096,0.6123723983764648,0.3535533845424652,0.3535533845424652
1766.0,-0.6113134026527405,-0.8408471345901489,2.16294264793396,-0.7079978585243225,1.0506010055541992,-0.33706480264663696,0.7914122343063354,-0.21557238698005676,-0.0349554605782032,0.6123724579811096,0.6123723983764648,0.3535533845424652,0.3535533845424652
1767.0,-0.596947431564331,-0.8400746583938599,2.168912887573242,-0.719402551651001,1.062361478805542,-0.32758828997612,0.7914122343063354,-0.20404210686683655,-0.037019554525613785,0.6123724579811096,0.6123723983764648,0.3535533845424652,0.3535533845424652
1768.0,-0.5831668972969055,-0.8483976125717163,2.1751105785369873,-0.7216015458106995,1.0736782550811768,-0.3186141550540924,0.7914122343063354,-0.19314469397068024,-0.032273996621370316,0.6123724579811096,0.6123723983764648,0.3535533845424652,0.3535533845424652
1769.0,-0.5699391961097717,-0.8491647243499756,2.1801137924194336,-0.7298558354377747,1.084572434425354,-0.31010326743125916,0.7914122343063354,-0.18282660841941833,-0.03293970599770546,0.6123724579811096,0.6123723983764648,0.3535533845424652,0.3535533845424652
1770.0,-0.5683161616325378,-0.8664092421531677,2.18203067779541,-0.7150121927261353,1.0859111547470093,-0.3090658187866211,0.7914122343063354,-0.18156985938549042,-0.02052382007241249,0.6123724579811096,0.6123723983764648,0.3535533845424652,0.3535533845424652
1771.0,-0.5831449031829834,-0.8760902285575867,2.177093982696533,-0.6958990693092346,1.0736963748931885,-0.3185999393463135,0.7914122343063354,-0.19312742352485657,-0.011980745010077953,0.6123724579811096,0.6123723983764648,0.3535533845424652,0.3535533845424652
1772.0,-0.5685321092605591,-0.8811794519424438,2.182851552963257,-0.7009987831115723,1.0857330560684204,-0.30920374393463135,0.7914122343063354,-0.18173693120479584,-0.009710955433547497,0.6123724579811096,0.6123723983764648,0.3535533845424652,0.3535533845424652
1773.0,-0.5459179878234863,-0.870171070098877,2.1899666786193848,-0.7256755232810974,1.1044307947158813,-0.29489487409591675,0.7914122343063354,-0.1644221991300583,-0.019771669059991837,0.6123724579811096,0.6123723983764648,0.3535533845424652,0.3535533845424652
1774.0,-0.5485989451408386,-0.8553113341331482,2.187993049621582,-0.7378036379814148,1.1022098064422607,-0.29657691717147827,0.7914122343063354,-0.166455939412117,-0.03030802682042122,0.6123724579811096,0.6123723983764648,0.3535533845424652,0.3535533845424652
1775.0,-0.5623716711997986,-0.8318984508514404,2.1811673641204834,-0.7504168748855591,1.0908182859420776,-0.30527839064598083,0.7914122343063354,-0.1769835501909256,-0.04612177982926369,0.6123724579811096,0.6123723983764648,0.3535533845424652,0.3535533845424652
1776.0,-0.5760970711708069,-0.8178553581237793,2.1746888160705566,-0.7538856267929077,1.079497218132019,-0.3140529692173004,0.7914122343063354,-0.1876131147146225,-0.05515875294804573,0.6123724579811096,0.6123723983764648,0.3535533845424652,0.3535533845424652
1777.0,-0.5926464200019836,-0.810762345790863,2.1674888134002686,-0.7486557364463806,1.0658899545669556,-0.32477542757987976,0.7914122343063354,-0.2006242275238037,-0.05887429043650627,0.6123724579811096,0.6123723983764648,0.3535533845424652,0.3535533845424652
1778.0,-0.6037431359291077,-0.7989556789398193,2.16146183013916,-0.7508848309516907,1.0567935705184937,-0.33205536007881165,0.7914122343063354,-0.20947417616844177,-0.06648816913366318,0.6123724579811096,0.6123723983764648,0.3535533845424652,0.3535533845424652
1779.0,-0.5829407572746277,-0.7962443828582764,2.169372797012329,-0.7680866718292236,1.073864221572876,-0.3184678554534912,0.7914122343063354,-0.19296714663505554,-0.07027988880872726,0.6123724579811096,0.6123723983764648,0.3535533845424652,0.3535533845424652
1780.0,-0.5686530470848083,-0.795197069644928,2.174487590789795,-0.778580904006958,1.0856332778930664,-0.30928105115890503,0.7914122343063354,-0.1818305253982544,-0.07217118889093399,0.6123724579811096,0.6123723983764648,0.3535533845424652,0.3535533845424652
1781.0,-0.5547653436660767,-0.795333981513977,2.1793012619018555,-0.7873266339302063,1.0971057415008545,-0.30046021938323975,0.7914122343063354,-0.17115271091461182,-0.0730946809053421,0.6123724579811096,0.6123723983764648,0.3535533845424652,0.3535533845424652
1782.0,-0.5375856757164001,-0.8006366491317749,2.185549259185791,-0.7931163907051086,1.1113407611846924,-0.2896910011768341,0.7914122343063354,-0.15813255310058594,-0.07046318054199219,0.6123724579811096,0.6123723983764648,0.3535533845424652,0.3535533845424652
1783.0,-0.5636838674545288,-0.8144058585166931,2.1787445545196533,-0.7651009559631348,1.0897345542907715,-0.30611273646354675,0.7914122343063354,-0.17799367010593414,-0.05867116525769234,0.6123724579811096,0.6123723983764648,0.3535533845424652,0.3535533845424652
1784.0,-0.546931266784668,-0.8210848569869995,2.1851696968078613,-0.769679069519043,1.1035912036895752,-0.29553017020225525,0.7914122343063354,-0.16519027948379517,-0.05512859299778938,0.6123724579811096,0.6123723983764648,0.3535533845424652,0.3535533845424652
1785.0,-0.5136496424674988,-0.8332454562187195,2.1964497566223145,-0.7778196334838867,1.1312493085861206,-0.2749364972114563,0.7914122343063354,-0.14031513035297394,-0.04869982972741127,0.6123724579811096,0.6123723983764648,0.3535533845424652,0.3535533845424652
1786.0,-0.5009397864341736,-0.842994749546051,2.2008066177368164,-0.775675892829895,1.1418544054031372,-0.26721465587615967,0.7914122343063354,-0.13099637627601624,-0.042543817311525345,0.6123724579811096,0.6123723983764648,0.3535533845424652,0.3535533845424652
1787.0,-0.5141549706459045,-0.8416920304298401,2.219813585281372,-0.7926055788993835,1.1308281421661377,-0.2752450704574585,0.7773402333259583,-0.1327393651008606,-0.04597577825188637,0.6123724579811096,0.6123723983764648,0.3535533845424652,0.3535533845424652
1788.0,-0.5385053753852844,-0.8036364912986755,2.208522319793701,-0.8128355145454407,1.1105774641036987,-0.2902636229991913,0.7773402333259583,-0.15041790902614594,-0.07118983566761017,0.6123724579811096,0.6123723983764648,0.3535533845424652,0.3535533845424652
1789.0,-0.5109068751335144,-0.8113094568252563,2.217135429382324,-0.8211514353752136,1.1335359811782837,-0.27326369285583496,0.7773402333259583,-0.13040804862976074,-0.06738227605819702,0.6123724579811096,0.6123723983764648,0.3535533845424652,0.3535533845424652
1790.0,-0.5213101506233215,-0.8222624063491821,2.215766429901123,-0.8061094880104065,1.1248685121536255,-0.27962779998779297,0.7773402333259583,-0.13789671659469604,-0.059150274842977524,0.6123724579811096,0.6123723983764648,0.3535533845424652,0.3535533845424652
1791.0,-0.5268818736076355,-0.8121715188026428,2.190270185470581,-0.7892176508903503,1.1202329397201538,-0.28305792808532715,0.7914122343063354,-0.15012012422084808,-0.06290587037801743,0.6123724579811096,0.6123723983764648,0.3535533845424652,0.3535533845424652
1792.0,-0.5058014392852783,-0.8164681792259216,2.196647882461548,-0.7968136072158813,1.1377952098846436,-0.2701593339443207,0.7914122343063354,-0.13454973697662354,-0.06113855168223381,0.6123724579811096,0.6123723983764648,0.3535533845424652,0.3535533845424652
1793.0,-0.4841901361942291,-0.824063241481781,2.2028958797454834,-0.8008180260658264,1.1558643579483032,-0.25715187191963196,0.7914122343063354,-0.11885540187358856,-0.05695443972945213,0.6123724579811096,0.6123723983764648,0.3535533845424652,0.3535533845424652
1794.0,-0.4580881893634796,-0.8102526664733887,2.2068114280700684,-0.8246126174926758,1.177769660949707,-0.24171479046344757,0.7914122343063354,-0.10022839158773422,-0.06797832995653152,0.6123724579811096,0.6123723983764648,0.3535533845424652,0.3535533845424652
1795.0,-0.4745415449142456,-0.8082210421562195,2.2031192779541016,-0.819176197052002,1.1639516353607178,-0.2514117956161499,0.7914122343063354,-0.11192991584539413,-0.0686495304107666,0.6123724579811096,0.6123723983764648,0.3535533845424652,0.3535533845424652
1796.0,-0.4893835783004761,-0.8095062971115112,2.1998870372772217,-0.8111074566841125,1.151516318321228,-0.2602584958076477,0.7914122343063354,-0.12260343879461288,-0.06699249893426895,0.6123724579811096,0.6123723983764648,0.3535533845424652,0.3535533845424652
1797.0,-0.5121059417724609,-0.8005793690681458,2.1929080486297607,-0.807344377040863,1.1325361728668213,-0.2739945352077484,0.7914122343063354,-0.13917820155620575,-0.0720788910984993,0.6123724579811096,0.6123723983764648,0.3535533845424652,0.3535533845424652
1798.0,-0.4964838922023773,-0.7960066795349121,2.196321725845337,-0.8192932605743408,1.1455777883529663,-0.26452523469924927,0.7914122343063354,-0.12775136530399323,-0.0761876255273819,0.6123724579811096,0.6123723983764648,0.3535533845424652,0.3535533845424652
1799.0,-0.48310163617134094,-0.792051374912262,2.198951005935669,-0.8291465044021606,1.1567760705947876,-0.25650230050086975,0.7914122343063354,-0.11807167530059814,-0.07966116815805435,0.6123724579811096,0.6123723983764648,0.3535533845424652,0.3535533845424652
1800.0,-0.4737146198749542,-0.7801313996315002,2.199232339859009,-0.843572735786438,1.1646451950073242,-0.25092169642448425,0.7914122343063354,-0.11133860796689987,-0.08851200342178345,0.6123724579811096,0.6123723983764648,0.3535533845424652,0.3535533845424652
1801.0,-0.46235454082489014,-0.7927920818328857,2.203545331954956,-0.8378441333770752,1.1741833686828613,-0.24421840906143188,0.7914122343063354,-0.1032499149441719,-0.08008559048175812,0.6123724579811096,0.6123723983764648,0.3535533845424652,0.3535533845424652
1802.0,-0.4463612735271454,-0.7981746196746826,2.2073984146118164,-0.839867353439331,1.1876384019851685,-0.23487123847007751,0.7914122343063354,-0.09196704626083374,-0.07696551829576492,0.6123724579811096,0.6123723983764648,0.3535533845424652,0.3535533845424652
1803.0,-0.441360741853714,-0.7831614017486572,2.206056594848633,-0.8546178340911865,1.1918516159057617,-0.2319696843624115,0.7914122343063354,-0.08846325427293777,-0.08769600838422775,0.6123724579811096,0.6123723983764648,0.3535533845424652,0.3535533845424652
1804.0,-0.4276407063007355,-0.7916409373283386,2.2096428871154785,-0.8526089191436768,1.2034258842468262,-0.22405807673931122,0.7914122343063354,-0.07890545576810837,-0.08225053548812866,0.6123724579811096,0.6123723983764648,0.3535533845424652,0.3535533845424652
1805.0,-0.4111101031303406,-0.8100125789642334,2.2146763801574707,-0.8425994515419006,1.2173988819122314,-0.2146187573671341,0.7914122343063354,-0.06749215722084045,-0.06996679306030273,0.6123724579811096,0.6123723983764648,0.3535533845424652,0.3535533845424652
1806.0,-0.4303891360759735,-0.8130038976669312,2.212153196334839,-0.8331874012947083,1.2011057138442993,-0.22563722729682922,0.7914122343063354,-0.08081372082233429,-0.06718438863754272,0.6123724579811096,0.6123723983764648,0.3535533845424652,0.3535533845424652
1807.0,-0.4162822663784027,-0.8272979855537415,2.2160637378692627,-0.8256769180297852,1.2130237817764282,-0.2175615280866623,0.7914122343063354,-0.07105162739753723,-0.057693611830472946,0.6123724579811096,0.6123723983764648,0.3535533845424652,0.3535533845424652
1808.0,-0.4345053434371948,-0.8359978199005127,2.2141590118408203,-0.8113389611244202,1.1976321935653687,-0.22800755500793457,0.7914122343063354,-0.08367757499217987,-0.050884101539850235,0.6123724579811096,0.6123723983764648,0.3535533845424652,0.3535533845424652
1809.0,-0.4502742290496826,-0.8295034170150757,2.210642099380493,-0.8109273314476013,1.184343695640564,-0.23714862763881683,0.7914122343063354,-0.0947166159749031,-0.05477232113480568,0.6123724579811096,0.6123723983764648,0.3535533845424652,0.3535533845424652
1810.0,-0.46907278895378113,-0.8303270936012268,2.20696759223938,-0.8021921515464783,1.1685407161712646,-0.24817608296871185,0.7914122343063354,-0.10802576690912247,-0.053302403539419174,0.6123724579811096,0.6123723983764648,0.3535533845424652,0.3535533845424652
1811.0,-0.48471641540527344,-0.8461295962333679,2.2050864696502686,-0.7808155417442322,1.1554235219955444,-0.2574661374092102,0.7914122343063354,-0.11923456192016602,-0.041274089366197586,0.6123724579811096,0.6123723983764648,0.3535533845424652,0.3535533845424652
1812.0,-0.4507063627243042,-0.850909411907196,2.212726354598999,-0.7915107607841492,1.1839799880981445,-0.23740048706531525,0.7914122343063354,-0.09502068161964417,-0.03966348245739937,0.6123724579811096,0.6123723983764648,0.3535533845424652,0.3535533845424652
1813.0,-0.4294637143611908,-0.8525482416152954,2.216613292694092,-0.798295259475708,1.201886773109436,-0.2251051664352417,0.7914122343063354,-0.08017084002494812,-0.03945981338620186,0.6123724579811096,0.6123723983764648,0.3535533845424652,0.3535533845424652
1814.0,-0.41250574588775635,-0.8508627414703369,2.2190425395965576,-0.8058404922485352,1.2162179946899414,-0.21541188657283783,0.7914122343063354,-0.06845162808895111,-0.04131842032074928,0.6123724579811096,0.6123723983764648,0.3535533845424652,0.3535533845424652
1815.0,-0.41428184509277344,-0.8741220235824585,2.2206661701202393,-0.78385329246521,1.214715600013733,-0.2164222151041031,0.7914122343063354,-0.06967372447252274,-0.024906251579523087,0.6123724579811096,0.6123723983764648,0.3535533845424652,0.3535533845424652
1816.0,-0.3955000340938568,-0.8853532671928406,2.2238967418670654,-0.7794786095619202,1.23062002658844,-0.20579417049884796,0.7914122343063354,-0.05680990591645241,-0.017723936587572098,0.6123724579811096,0.6123723983764648,0.3535533845424652,0.3535533845424652
1817.0,-0.41538843512535095,-0.8927809596061707,2.2216291427612305,-0.7659375071525574,1.2137796878814697,-0.21705231070518494,0.7914122343063354,-0.0704357773065567,-0.011704015545547009,0.6123724579811096,0.6123723983764648,0.3535533845424652,0.3535533845424652
1818.0,-0.407225102186203,-0.9079257845878601,2.2234506607055664,-0.7542198896408081,1.2206870317459106,-0.21241462230682373,0.7914122343063354,-0.06482521444559097,-0.0013401389587670565,0.6123724579811096,0.6123723983764648,0.3535533845424652,0.3535533845424652
1819.0,-0.4210796356201172,-0.9139557480812073,2.2216291427612305,-0.7436205148696899,1.2089684009552002,-0.2202996462583542,0.7914122343063354,-0.07436248660087585,0.003546056104823947,0.6123724579811096,0.6123723983764648,0.3535533845424652,0.3535533845424652
1820.0,-0.41080179810523987,-0.9277981519699097,2.2234742641448975,-0.7336722612380981,1.217659831047058,-0.21444366872310638,0.7914122343063354,-0.06728030741214752,0.012916666455566883,0.6123724579811096,0.6123723983764648,0.3535533845424652,0.3535533845424652
1821.0,-0.4272422790527344,-0.9284068942070007,2.220975399017334,-0.727257490158081,1.203762412071228,-0.22382938861846924,0.7914122343063354,-0.07862907648086548,0.014131215400993824,0.6123724579811096,0.6123723983764648,0.3535533845424652,0.3535533845424652
1822.0,-0.4395623803138733,-0.9198134541511536,2.2187118530273438,-0.7310054302215576,1.1933674812316895,-0.23092855513095856,0.7914122343063354,-0.08720587193965912,0.008635801263153553,0.6123724579811096,0.6123723983764648,0.3535533845424652,0.3535533845424652
1823.0,-0.4673038721084595,-0.9203872680664062,2.213282346725464,-0.7188544869422913,1.1700258255004883,-0.24713221192359924,0.7914122343063354,-0.10676614195108414,0.01065219659358263,0.6123724579811096,0.6123723983764648,0.3535533845424652,0.3535533845424652
1824.0,-0.47803881764411926,-0.9078782200813293,2.210566282272339,-0.7261417508125305,1.1610188484191895,-0.2534877061843872,0.7914122343063354,-0.11443458497524261,0.0023626654874533415,0.6123724579811096,0.6123723983764648,0.3535533845424652,0.3535533845424652
1825.0,-0.4554354250431061,-0.9065282940864563,2.215336799621582,-0.7374553680419922,1.18000066280365,-0.24016188085079193,0.7914122343063354,-0.09835400432348251,2.8413534892024472e-05,0.6123724579811096,0.6123723983764648,0.3535533845424652,0.3535533845424652
1826.0,-0.43130114674568176,-0.9000393748283386,2.2194788455963135,-0.753287672996521,1.20033597946167,-0.2261618673801422,0.7914122343063354,-0.08144764602184296,-0.005846965126693249,0.6123724579811096,0.6123723983764648,0.3535533845424652,0.3535533845424652
1827.0,-0.44947779178619385,-0.8902901411056519,2.2157771587371826,-0.7554503679275513,1.1850141286849976,-0.2366846203804016,0.7914122343063354,-0.0941564068198204,-0.011852818541228771,0.6123724579811096,0.6123723983764648,0.3535533845424652,0.3535533845424652
1828.0,-0.43375542759895325,-0.884666383266449,2.218284845352173,-0.7669536471366882,1.1982648372650146,-0.22757522761821747,0.7914122343063354,-0.08315528929233551,-0.016618195921182632,0.6123724579811096,0.6123723983764648,0.3535533845424652,0.3535533845424652
1829.0,-0.4385986328125,-0.8686573505401611,2.2163925170898438,-0.780047595500946,1.1941800117492676,-0.23037110269069672,0.7914122343063354,-0.08653261512517929,-0.027704942971467972,0.6123724579811096,0.6123723983764648,0.3535533845424652,0.3535533845424652
1830.0,-0.45851898193359375,-0.8688852190971375,2.2126760482788086,-0.7717478275299072,1.1774073839187622,-0.24196726083755493,0.7914122343063354,-0.10053309798240662,-0.026562411338090897,0.6123724579811096,0.6123723983764648,0.3535533845424652,0.3535533845424652
1831.0,-0.47456321120262146,-0.869913637638092,2.2093663215637207,-0.7637255191802979,1.1639333963394165,-0.251424640417099,0.7914122343063354,-0.11194542050361633,-0.024953622370958328,0.6123724579811096,0.6123723983764648,0.3535533845424652,0.3535533845424652
1832.0,-0.4880608320236206,-0.860516369342804,2.205544948577881,-0.7660773992538452,1.1526234149932861,-0.2594660818576813,0.7914122343063354,-0.12164746224880219,-0.03084680810570717,0.6123724579811096,0.6123723983764648,0.3535533845424652,0.3535533845424652
1833.0,-0.5113844275474548,-0.8669898509979248,2.2000629901885986,-0.7482751607894897,1.133137822151184,-0.2735547125339508,0.7914122343063354,-0.13864734768867493,-0.024709243327379227,0.6123724579811096,0.6123723983764648,0.3535533845424652,0.3535533845424652
1834.0,-0.5203375816345215,-0.85140460729599,2.1963255405426025,-0.7577835917472839,1.1256781816482544,-0.2790306806564331,0.7914122343063354,-0.1452573537826538,-0.03525972738862038,0.6123724579811096,0.6123723983764648,0.3535533845424652,0.3535533845424652
1835.0,-0.5262743830680847,-0.8600274324417114,2.2182233333587646,-0.7694778442382812,1.12073814868927,-0.28268322348594666,0.7773402333259583,-0.14149285852909088,-0.03235035017132759,0.6123724579811096,0.6123723983764648,0.3535533845424652,0.3535533845424652
1836.0,-0.5112298727035522,-0.8748829960823059,2.2234039306640625,-0.7637629508972168,1.1332666873931885,-0.2734605073928833,0.7773402333259583,-0.13063961267471313,-0.022896576672792435,0.6123724579811096,0.6123723983764648,0.3535533845424652,0.3535533845424652
1837.0,-0.5249587297439575,-0.8775421380996704,2.219892978668213,-0.7539852261543274,1.1218324899673462,-0.2818722724914551,0.7773402333259583,-0.1405383050441742,-0.020106647163629532,0.6123724579811096,0.6123723983764648,0.3535533845424652,0.3535533845424652
1838.0,-0.5408728718757629,-0.8801556825637817,2.215437650680542,-0.7425748109817505,1.10861337184906,-0.29173967242240906,0.7773402333259583,-0.15215641260147095,-0.017099861055612564,0.6123724579811096,0.6123723983764648,0.3535533845424652,0.3535533845424652
1839.0,-0.5241751670837402,-0.8942548036575317,2.2210752964019775,-0.7386640906333923,1.1224843263626099,-0.2813897132873535,0.7773402333259583,-0.1399703323841095,-0.008363503031432629,0.6123724579811096,0.6123723983764648,0.3535533845424652,0.3535533845424652
1840.0,-0.5082883834838867,-0.8886381387710571,2.202230930328369,-0.729591429233551,1.1357200145721436,-0.27166998386383057,0.7914122343063354,-0.13637275993824005,-0.009381267242133617,0.6123724579811096,0.6123723983764648,0.3535533845424652,0.3535533845424652
1841.0,-0.5217748284339905,-0.8792043328285217,2.1979453563690186,-0.7312234044075012,1.1244817972183228,-0.2799133062362671,0.7914122343063354,-0.14632301032543182,-0.015173214487731457,0.6123724579811096,0.6123723983764648,0.3535533845424652,0.3535533845424652
1842.0,-0.49573835730552673,-0.8743142485618591,2.204665422439575,-0.7495145201683044,1.1462010145187378,-0.2640761733055115,0.7914122343063354,-0.12720952928066254,-0.020518813282251358,0.6123724579811096,0.6123723983764648,0.3535533845424652,0.3535533845424652
1843.0,-0.48300692439079285,-0.8852262496948242,2.208413600921631,-0.7454569339752197,1.1568554639816284,-0.25644582509994507,0.7914122343063354,-0.11800353229045868,-0.013533624820411205,0.6123724579811096,0.6123723983764648,0.3535533845424652,0.3535533845424652
1844.0,-0.46578872203826904,-0.886768639087677,2.2123255729675293,-0.7518644332885742,1.1712982654571533,-0.24623911082744598,0.7914122343063354,-0.1056884303689003,-0.013464066199958324,0.6123724579811096,0.6123723983764648,0.3535533845424652,0.3535533845424652
1845.0,-0.49059104919433594,-0.8990238904953003,2.2072646617889404,-0.7286723852157593,1.1505060195922852,-0.2609824538230896,0.7914122343063354,-0.12347692996263504,-0.0031590491998940706,0.6123724579811096,0.6123723983764648,0.3535533845424652,0.3535533845424652
1846.0,-0.5132027268409729,-0.9234421849250793,2.225088357925415,-0.7163775563240051,1.1316218376159668,-0.2746637165546417,0.7773402333259583,-0.13205528259277344,0.011500579304993153,0.6123724579811096,0.6123723983764648,0.3535533845424652,0.3535533845424652
1847.0,-0.5327647924423218,-0.9186921119689941,2.21952486038208,-0.7103592157363892,1.1153435707092285,-0.2866964042186737,0.7773402333259583,-0.14621728658676147,0.009641182608902454,0.6123724579811096,0.6123723983764648,0.3535533845424652,0.3535533845424652
1848.0,-0.5161603093147278,-0.9012431502342224,2.2006113529205322,-0.7133292555809021,1.1291571855545044,-0.2764708697795868,0.7914122343063354,-0.14216724038124084,0.00030293763848021626,0.6123724579811096,0.6123723983764648,0.3535533845424652,0.3535533845424652
1849.0,-0.537044882774353,-0.8853207230567932,2.193692445755005,-0.7167247533798218,1.111789584159851,-0.28935444355010986,0.7914122343063354,-0.15772594511508942,-0.009535017423331738,0.6123724579811096,0.6123723983764648,0.3535533845424652,0.3535533845424652
1850.0,-0.5473591685295105,-0.893182098865509,2.1907541751861572,-0.7030450701713562,1.1032367944717407,-0.2957986295223236,0.7914122343063354,-0.16551482677459717,-0.0029268742073327303,0.6123724579811096,0.6123723983764648,0.3535533845424652,0.3535533845424652
1851.0,-0.5593184232711792,-0.9025976657867432,2.1870474815368652,-0.6864904761314392,1.0933411121368408,-0.3033405542373657,0.7914122343063354,-0.17463797330856323,0.005079221911728382,0.6123724579811096,0.6123723983764648,0.3535533845424652,0.3535533845424652
1852.0,-0.5760022401809692,-0.9012077450752258,2.1809403896331787,-0.676813542842865,1.0795753002166748,-0.3139920234680176,0.7914122343063354,-0.18753919005393982,0.005761307664215565,0.6123724579811096,0.6123723983764648,0.3535533845424652,0.3535533845424652
1853.0,-0.5826566815376282,-0.9170824289321899,2.17875075340271,-0.6567142009735107,1.074097990989685,-0.3182840645313263,0.7914122343063354,-0.192744180560112,0.01824427768588066,0.6123724579811096,0.6123723983764648,0.3535533845424652,0.3535533845424652
1854.0,-0.5652840733528137,-0.9149609208106995,2.18524169921875,-0.6705709099769592,1.0884134769439697,-0.3071315288543701,0.7914122343063354,-0.17922724783420563,0.014773753471672535,0.6123724579811096,0.6123723983764648,0.3535533845424652,0.3535533845424652
1855.0,-0.5559983253479004,-0.9272724986076355,2.1886801719665527,-0.6644113659858704,1.0960859060287476,-0.30123913288116455,0.7914122343063354,-0.17209509015083313,0.022891458123922348,0.6123724579811096,0.6123723983764648,0.3535533845424652,0.3535533845424652
1856.0,-0.5419034957885742,-0.9224408864974976,2.1933555603027344,-0.6779201626777649,1.107758641242981,-0.29238319396972656,0.7914122343063354,-0.16138602793216705,0.01794920489192009,0.6123724579811096,0.6123723983764648,0.3535533845424652,0.3535533845424652
1857.0,-0.5212386846542358,-0.9253911972045898,2.1997482776641846,-0.6869813203811646,1.1249279975891113,-0.2795839309692383,0.7914122343063354,-0.14592532813549042,0.01824694499373436,0.6123724579811096,0.6123723983764648,0.3535533845424652,0.3535533845424652
1858.0,-0.514639139175415,-0.9389740824699402,2.22491192817688,-0.700295627117157,1.1304246187210083,-0.27554091811180115,0.7773402333259583,-0.1330874264240265,0.022654902189970016,0.6123724579811096,0.6123723983764648,0.3535533845424652,0.3535533845424652
1859.0,-0.5304439067840576,-0.9386774301528931,2.220491409301758,-0.691971480846405,1.117271900177002,-0.2852589190006256,0.7773402333259583,-0.14452487230300903,0.023725252598524094,0.6123724579811096,0.6123723983764648,0.3535533845424652,0.3535533845424652
1860.0,-0.5437396764755249,-0.9435055255889893,2.192795753479004,-0.6557824015617371,1.106236219406128,-0.29353097081184387,0.7914122343063354,-0.16277337074279785,0.03362400457262993,0.6123724579811096,0.6123723983764648,0.3535533845424652,0.3535533845424652
1861.0,-0.5279732346534729,-0.9449421167373657,2.197768449783325,-0.6636514663696289,1.1193256378173828,-0.2837316393852234,0.7914122343063354,-0.15093368291854858,0.03315543755888939,0.6123724579811096,0.6123723983764648,0.3535533845424652,0.3535533845424652
1862.0,-0.5179653763771057,-0.9592697024345398,2.200505018234253,-0.6547231078147888,1.1276535987854004,-0.2775759994983673,0.7914122343063354,-0.14350122213363647,0.04277006909251213,0.6123724579811096,0.6123723983764648,0.3535533845424652,0.3535533845424652
1863.0,-0.5319341421127319,-0.9696204662322998,2.219691276550293,-0.6598235368728638,1.116033673286438,-0.28618159890174866,0.7773402333259583,-0.14561116695404053,0.046128179877996445,0.6123724579811096,0.6123723983764648,0.3535533845424652,0.3535533845424652
1864.0,-0.5403713583946228,-0.9543789029121399,2.2174530029296875,-0.6705062985420227,1.1090294122695923,-0.29142677783966064,0.7773402333259583,-0.15178783237934113,0.03589219972491264,0.6123724579811096,0.6123723983764648,0.3535533845424652,0.3535533845424652
1865.0,-0.5250574350357056,-0.9564526081085205,2.2219619750976562,-0.6771172881126404,1.1217503547668457,-0.28193309903144836,0.7773402333259583,-0.14060990512371063,0.03601829335093498,0.6123724579811096,0.6123723983764648,0.3535533845424652,0.3535533845424652
1866.0,-0.5124157667160034,-0.94376540184021,2.2023212909698486,-0.6734911203384399,1.1322778463363647,-0.2741835415363312,0.7914122343063354,-0.13940630853176117,0.03090415522456169,0.6123724579811096,0.6123723983764648,0.3535533845424652,0.3535533845424652
1867.0,-0.4798482358455658,-0.9334755539894104,2.210660457611084,-0.7002092003822327,1.1595021486282349,-0.2545638382434845,0.7914122343063354,-0.11573293805122375,0.020906131714582443,0.6123724579811096,0.6123723983764648,0.3535533845424652,0.3535533845424652
1868.0,-0.45627641677856445,-0.937243640422821,2.215787410736084,-0.7070029377937317,1.1792932748794556,-0.2406539022922516,0.7914122343063354,-0.09894788265228271,0.02207772061228752,0.6123724579811096,0.6123723983764648,0.3535533845424652,0.3535533845424652
1869.0,-0.4679711163043976,-0.951015293598175,2.213299512863159,-0.6880901455879211,1.1694656610488892,-0.24752582609653473,0.7914122343063354,-0.10724109411239624,0.032774295657873154,0.6123724579811096,0.6123723983764648,0.3535533845424652,0.3535533845424652
1870.0,-0.4865826368331909,-0.9671130776405334,2.2086822986602783,-0.6629767417907715,1.1538609266281128,-0.2585815489292145,0.7914122343063354,-0.12058024853467941,0.045857157558202744,0.6123724579811096,0.6123723983764648,0.3535533845424652,0.3535533845424652
1871.0,-0.47027236223220825,-0.9663070440292358,2.212507486343384,-0.6714742183685303,1.1675337553024292,-0.24888476729393005,0.7914122343063354,-0.10888086259365082,0.04404300078749657,0.6123724579811096,0.6123723983764648,0.3535533845424652,0.3535533845424652
1872.0,-0.44024085998535156,-0.9657819271087646,2.2185699939727783,-0.6847501397132874,1.1927956342697144,-0.23132120072841644,0.7914122343063354,-0.08768008649349213,0.041693489998579025,0.6123724579811096,0.6123723983764648,0.3535533845424652,0.3535533845424652
1873.0,-0.45307624340057373,-0.9573740363121033,2.216306447982788,-0.688103199005127,1.1819854974746704,-0.23878319561481476,0.7914122343063354,-0.09668982774019241,0.03639906272292137,0.6123724579811096,0.6123723983764648,0.3535533845424652,0.3535533845424652
1874.0,-0.44110873341560364,-0.9480873942375183,2.2186789512634277,-0.7023681402206421,1.1920640468597412,-0.23182371258735657,0.7914122343063354,-0.08828697353601456,0.028976958245038986,0.6123724579811096,0.6123723983764648,0.3535533845424652,0.3535533845424652
1875.0,-0.4248553514480591,-0.9443121552467346,2.2214717864990234,-0.7123385667800903,1.2057782411575317,-0.2224605828523636,0.7914122343063354,-0.07697471231222153,0.02538275346159935,0.6123724579811096,0.6123723983764648,0.3535533845424652,0.3535533845424652
1876.0,-0.4046032726764679,-0.9498823881149292,2.2244513034820557,-0.7137715220451355,1.2229069471359253,-0.21093010902404785,0.7914122343063354,-0.06302857398986816,0.028393801301717758,0.6123724579811096,0.6123723983764648,0.3535533845424652,0.3535533845424652
1877.0,-0.4181222915649414,-0.9630189538002014,2.2223286628723145,-0.6958526968955994,1.2114681005477905,-0.2186107486486435,0.7914122343063354,-0.07232043147087097,0.03847375139594078,0.6123724579811096,0.6123723983764648,0.3535533845424652,0.3535533845424652
1878.0,-0.4004465937614441,-0.9692460894584656,2.224699020385742,-0.6954524517059326,1.2264277935028076,-0.20858144760131836,0.7914122343063354,-0.06018533930182457,0.04209844395518303,0.6123724579811096,0.6123723983764648,0.3535533845424652,0.3535533845424652
1879.0,-0.37957799434661865,-0.9659567475318909,2.2272555828094482,-0.7051520347595215,1.2441303730010986,-0.19687797129154205,0.7914122343063354,-0.04600231721997261,0.038855548948049545,0.6123724579811096,0.6123723983764648,0.3535533845424652,0.3535533845424652
1880.0,-0.3769926130771637,-0.9486388564109802,2.2277441024780273,-0.7234189510345459,1.2463264465332031,-0.1954379677772522,0.7914122343063354,-0.044255323708057404,0.02638057991862297,0.6123724579811096,0.6123723983764648,0.3535533845424652,0.3535533845424652
1881.0,-0.34960681200027466,-0.9457176923751831,2.230123519897461,-0.7333748936653137,1.2696257829666138,-0.1803116500377655,0.7914122343063354,-0.025875145569443703,0.023419421166181564,0.6123724579811096,0.6123723983764648,0.3535533845424652,0.3535533845424652
1882.0,-0.3636583983898163,-0.9351345896720886,2.2289602756500244,-0.7404568195343018,1.2576625347137451,-0.18804442882537842,0.7914122343063354,-0.03527829051017761,0.016329463571310043,0.6123724579811096,0.6123723983764648,0.3535533845424652,0.3535533845424652
1883.0,-0.38166725635528564,-0.9339240193367004,2.2271974086761475,-0.7367516756057739,1.2423561811447144,-0.19804321229457855,0.7914122343063354,-0.04741565138101578,0.016084205359220505,0.6123724579811096,0.6123723983764648,0.3535533845424652,0.3535533845424652
1884.0,-0.3899465501308441,-0.9210864305496216,2.226043224334717,-0.7469255924224854,1.235329508781433,-0.2026747763156891,0.7914122343063354,-0.05303056538105011,0.007289019413292408,0.6123724579811096,0.6123723983764648,0.3535533845424652,0.3535533845424652
1885.0,-0.37063711881637573,-0.9219457507133484,2.22810435295105,-0.7515890598297119,1.2517274618148804,-0.19190707802772522,0.7914122343063354,-0.0399697870016098,0.007216108031570911,0.6123724579811096,0.6123723983764648,0.3535533845424652,0.3535533845424652
1886.0,-0.3533359169960022,-0.9232630729675293,2.229597806930542,-0.7546936869621277,1.266449213027954,-0.18235813081264496,0.7914122343063354,-0.028365179896354675,0.007623073644936085,0.6123724579811096,0.6123723983764648,0.3535533845424652,0.3535533845424652
1887.0,-0.3377264738082886,-0.9221320748329163,2.2306010723114014,-0.7593328952789307,1.279753565788269,-0.17381854355335236,0.7914122343063354,-0.01796715520322323,0.006420922465622425,0.6123724579811096,0.6123723983764648,0.3535533845424652,0.3535533845424652
1888.0,-0.35038870573043823,-0.9022855162620544,2.2291207313537598,-0.7756770253181458,1.2689595222473145,-0.1807403862476349,0.7914122343063354,-0.026396919041872025,-0.00723226647824049,0.6123724579811096,0.6123723983764648,0.3535533845424652,0.3535533845424652
1889.0,-0.3691898286342621,-0.9051558375358582,2.2277050018310547,-0.768230676651001,1.252958059310913,-0.19110476970672607,0.7914122343063354,-0.03899560868740082,-0.0046762702986598015,0.6123724579811096,0.6123723983764648,0.3535533845424652,0.3535533845424652
1890.0,-0.3802720308303833,-0.8881552219390869,2.2257893085479736,-0.7813630104064941,1.24354088306427,-0.1972649097442627,0.7914122343063354,-0.04647166654467583,-0.016280371695756912,0.6123724579811096,0.6123723983764648,0.3535533845424652,0.3535533845424652
1891.0,-0.363392174243927,-0.8882274031639099,2.22739839553833,-0.7858473062515259,1.2578890323638916,-0.18789736926555634,0.7914122343063354,-0.03509960696101189,-0.016746345907449722,0.6123724579811096,0.6123723983764648,0.3535533845424652,0.3535533845424652
1892.0,-0.340626984834671,-0.8900806307792664,2.229156732559204,-0.7894843220710754,1.2772797346115112,-0.17540009319782257,0.7914122343063354,-0.019894437864422798,-0.016035426408052444,0.6123724579811096,0.6123723983764648,0.3535533845424652,0.3535533845424652
1893.0,-0.31662267446517944,-0.9090406894683838,2.2311625480651855,-0.7761691808700562,1.2977722883224487,-0.16238030791282654,0.7914122343063354,-0.004006190691143274,-0.0032335103023797274,0.6123724579811096,0.6123723983764648,0.3535533845424652,0.3535533845424652
1894.0,-0.3000880777835846,-0.9003488421440125,2.2312166690826416,-0.7872495055198669,1.3119133710861206,-0.15349933505058289,0.7914122343063354,0.006862744223326445,-0.009597468189895153,0.6123724579811096,0.6123723983764648,0.3535533845424652,0.3535533845424652
1895.0,-0.3228064179420471,-0.8897492289543152,2.2300333976745605,-0.7934225797653198,1.2924888134002686,-0.16571956872940063,0.7914122343063354,-0.008086152374744415,-0.016643542796373367,0.6123724579811096,0.6123723983764648,0.3535533845424652,0.3535533845424652
1896.0,-0.2943896949291229,-0.8858985304832458,2.2305281162261963,-0.8017836213111877,1.3167914152145386,-0.15045423805713654,0.7914122343063354,0.010595818981528282,-0.019786719232797623,0.6123724579811096,0.6123723983764648,0.3535533845424652,0.3535533845424652
1897.0,-0.3122384250164032,-0.8732107281684875,2.2293410301208496,-0.8108100891113281,1.3015198707580566,-0.16001875698566437,0.7914122343063354,-0.0011186380870640278,-0.028387103229761124,0.6123724579811096,0.6123723983764648,0.3535533845424652,0.3535533845424652
1898.0,-0.30932965874671936,-0.85612952709198,2.228048324584961,-0.8270130157470703,1.3040071725845337,-0.15845467150211334,0.7914122343063354,0.0007948610000312328,-0.040337491780519485,0.6123724579811096,0.6123723983764648,0.3535533845424652,0.3535533845424652
1899.0,-0.29606467485427856,-0.8640767335891724,2.2289721965789795,-0.8218240737915039,1.3153573274612427,-0.15134850144386292,0.7914122343063354,0.009499166160821915,-0.03499099984765053,0.6123724579811096,0.6123723983764648,0.3535533845424652,0.3535533845424652
1900.0,-0.2820907533168793,-0.8723665475845337,2.2296743392944336,-0.8160735368728638,1.3273274898529053,-0.14390793442726135,0.7914122343063354,0.018632683902978897,-0.029373545199632645,0.6123724579811096,0.6123723983764648,0.3535533845424652,0.3535533845424652
1901.0,-0.2641059458255768,-0.8783098459243774,2.229875087738037,-0.8125525712966919,1.34275221824646,-0.13439638912677765,0.7914122343063354,0.03033977746963501,-0.025374654680490494,0.6123724579811096,0.6123723983764648,0.3535533845424652,0.3535533845424652
1902.0,-0.24295349419116974,-0.8646133542060852,2.228186845779419,-0.8269721865653992,1.3609187602996826,-0.12329606711864471,0.7914122343063354,0.0440501905977726,-0.035022933036088943,0.6123724579811096,0.6123723983764648,0.3535533845424652,0.3535533845424652
1903.0,-0.27097392082214355,-0.8601948618888855,2.2286205291748047,-0.8285834193229675,1.3368594646453857,-0.1380203366279602,0.7914122343063354,0.025875024497509003,-0.037955377250909805,0.6123724579811096,0.6123723983764648,0.3535533845424652,0.3535533845424652
1904.0,-0.2506830394268036,-0.8503195643424988,2.2272403240203857,-0.8394633531570435,1.3542773723602295,-0.12734200060367584,0.7914122343063354,0.039046697318553925,-0.04495306685566902,0.6123724579811096,0.6123723983764648,0.3535533845424652,0.3535533845424652
1905.0,-0.22802306711673737,-0.8569053411483765,2.226790189743042,-0.8348560333251953,1.3737568855285645,-0.11551298946142197,0.7914122343063354,0.05369627848267555,-0.040413979440927505,0.6123724579811096,0.6123723983764648,0.3535533845424652,0.3535533845424652
1906.0,-0.21623361110687256,-0.8442369103431702,2.224856376647949,-0.8467580080032349,1.3839023113250732,-0.10939551144838333,0.7914122343063354,0.0612981952726841,-0.04923098161816597,0.6123724579811096,0.6123723983764648,0.3535533845424652,0.3535533845424652
1907.0,-0.19406047463417053,-0.8546508550643921,2.2240588665008545,-0.8375654220581055,1.4030016660690308,-0.09795243293046951,0.7914122343063354,0.07556819170713425,-0.04187679663300514,0.6123724579811096,0.6123723983764648,0.3535533845424652,0.3535533845424652
1908.0,-0.20760801434516907,-0.8628748655319214,2.2259092330932617,-0.8299853801727295,1.3913294076919556,-0.1049346849322319,0.7914122343063354,0.0668530985713005,-0.03620389476418495,0.6123724579811096,0.6123723983764648,0.3535533845424652,0.3535533845424652
1909.0,-0.2255144566297531,-0.8749784827232361,2.22806715965271,-0.8183138370513916,1.3759150505065918,-0.11420925706624985,0.7914122343063354,0.05531485751271248,-0.027797628194093704,0.6123724579811096,0.6123723983764648,0.3535533845424652,0.3535533845424652
1910.0,-0.24406611919403076,-0.880556046962738,2.229391574859619,-0.8121126294136047,1.3599625825881958,-0.12387776374816895,0.7914122343063354,0.04333039000630379,-0.02389175072312355,0.6123724579811096,0.6123723983764648,0.3535533845424652,0.3535533845424652
1911.0,-0.2080746740102768,-0.8850122690200806,2.2275142669677734,-0.8094099164009094,1.3909275531768799,-0.10517571121454239,0.7914122343063354,0.06655269861221313,-0.020717117935419083,0.6123724579811096,0.6123723983764648,0.3535533845424652,0.3535533845424652
1912.0,-0.22443389892578125,-0.8970571756362915,2.2293124198913574,-0.7975888252258301,1.3768447637557983,-0.11364801228046417,0.7914122343063354,0.0560118742287159,-0.012335765175521374,0.6123724579811096,0.6123723983764648,0.3535533845424652,0.3535533845424652
1913.0,-0.24545933306217194,-0.902012825012207,2.2306177616119385,-0.7917290925979614,1.3587653636932373,-0.12460646033287048,0.7914122343063354,0.0424288809299469,-0.008865955285727978,0.6123724579811096,0.6123723983764648,0.3535533845424652,0.3535533845424652
1914.0,-0.2668745219707489,-0.8965590000152588,2.2309954166412354,-0.7950921654701233,1.340376377105713,-0.135856032371521,0.7914122343063354,0.028540819883346558,-0.012596446089446545,0.6123724579811096,0.6123723983764648,0.3535533845424652,0.3535533845424652
1915.0,-0.2808429002761841,-0.9143123626708984,2.2318778038024902,-0.776490330696106,1.3283970355987549,-0.14324569702148438,0.7914122343063354,0.019446630030870438,-2.7823447453556582e-05,0.6123724579811096,0.6123723983764648,0.3535533845424652,0.3535533845424652
1916.0,-0.30957624316215515,-0.9287270903587341,2.2319159507751465,-0.7582480311393738,1.3037962913513184,-0.15858718752861023,0.7914122343063354,0.0006327065639197826,0.010500323958694935,0.6123724579811096,0.6123723983764648,0.3535533845424652,0.3535533845424652
1917.0,-0.3281693756580353,-0.9382477402687073,2.231355905532837,-0.7454424500465393,1.2879091501235962,-0.16862379014492035,0.7914122343063354,-0.011631671339273453,0.017587196081876755,0.6123724579811096,0.6123723983764648,0.3535533845424652,0.3535533845424652
1918.0,-0.28779101371765137,-0.9378333687782288,2.2323601245880127,-0.7525547742843628,1.3224430084228516,-0.14693765342235565,0.7914122343063354,0.014911122620105743,0.016623269766569138,0.6123724579811096,0.6123723983764648,0.3535533845424652,0.3535533845424652
1919.0,-0.264975905418396,-0.9424086809158325,2.232189416885376,-0.750664234161377,1.3420056104660034,-0.13485488295555115,0.7914122343063354,0.029774606227874756,0.019666101783514023,0.6123724579811096,0.6123723983764648,0.3535533845424652,0.3535533845424652
1920.0,-0.24875587224960327,-0.9382973909378052,2.231692314147949,-0.7561535239219666,1.3559329509735107,-0.12633216381072998,0.7914122343063354,0.040294867008924484,0.016698013991117477,0.6123724579811096,0.6123723983764648,0.3535533845424652,0.3535533845424652
1921.0,-0.2648824453353882,-0.9220367074012756,2.231898069381714,-0.770756185054779,1.342085838317871,-0.13480563461780548,0.7914122343063354,0.029835324734449387,0.005281594581902027,0.6123724579811096,0.6123723983764648,0.3535533845424652,0.3535533845424652
1922.0,-0.24608081579208374,-0.9199255704879761,2.2312729358673096,-0.7744030356407166,1.3582313060760498,-0.12493164092302322,0.7914122343063354,0.04202665761113167,0.003725615097209811,0.6123724579811096,0.6123723983764648,0.3535533845424652,0.3535533845424652
1923.0,-0.22651749849319458,-0.946478545665741,2.230633020401001,-0.7492785453796387,1.3750520944595337,-0.11473040282726288,0.7914122343063354,0.05466775968670845,0.022525113075971603,0.6123724579811096,0.6123723983764648,0.3535533845424652,0.3535533845424652
1924.0,-0.20256631076335907,-0.9340401291847229,2.2288289070129395,-0.7621986865997314,1.39567232131958,-0.10233289748430252,0.7914122343063354,0.07009764760732651,0.013867122121155262,0.6123724579811096,0.6123723983764648,0.3535533845424652,0.3535533845424652
1925.0,-0.2243594378232956,-0.9270634055137634,2.2303223609924316,-0.7686000466346741,1.3769088983535767,-0.11360935866832733,0.7914122343063354,0.05605990067124367,0.00878520030528307,0.6123724579811096,0.6123723983764648,0.3535533845424652,0.3535533845424652
1926.0,-0.2072688341140747,-0.9168887734413147,2.2288687229156494,-0.7789624333381653,1.3916215896606445,-0.10475950688123703,0.7914122343063354,0.06707142293453217,0.0016993700992316008,0.6123724579811096,0.6123723983764648,0.3535533845424652,0.3535533845424652
1927.0,-0.18995057046413422,-0.9038869738578796,2.226891279220581,-0.7915109395980835,1.4065442085266113,-0.09583976864814758,0.7914122343063354,0.07821019738912582,-0.007312151603400707,0.6123724579811096,0.6123723983764648,0.3535533845424652,0.3535533845424652
1928.0,-0.17665614187717438,-0.913138210773468,2.225857734680176,-0.7823021411895752,1.4180083274841309,-0.08902261406183243,0.7914122343063354,0.08675190806388855,-0.0006197720649652183,0.6123724579811096,0.6123723983764648,0.3535533845424652,0.3535533845424652
1929.0,-0.1602046638727188,-0.9103314876556396,2.2238237857818604,-0.7842950820922852,1.4322044849395752,-0.08061961829662323,0.7914122343063354,0.097316212952137,-0.0023431063164025545,0.6123724579811096,0.6123723983764648,0.3535533845424652,0.3535533845424652
1930.0,-0.1639891117811203,-0.9262614250183105,2.2247114181518555,-0.7689828276634216,1.4289379119873047,-0.082549549639225,0.7914122343063354,0.09488633275032043,0.008885023184120655,0.6123724579811096,0.6123723983764648,0.3535533845424652,0.3535533845424652
1931.0,-0.18066686391830444,-0.9354140758514404,2.2267515659332275,-0.7606040835380554,1.4145489931106567,-0.09107662737369537,0.7914122343063354,0.08417561650276184,0.015110221691429615,0.6123724579811096,0.6123723983764648,0.3535533845424652,0.3535533845424652
1932.0,-0.15376195311546326,-0.9384911060333252,2.2235448360443115,-0.7563006281852722,1.437766671180725,-0.07733810693025589,0.7914122343063354,0.1014527902007103,0.017798569053411484,0.6123724579811096,0.6123723983764648,0.3535533845424652,0.3535533845424652
1933.0,-0.13141094148159027,-0.9354994893074036,2.22029185295105,-0.7574358582496643,1.457073450088501,-0.0659903734922409,0.7914122343063354,0.11580697447061539,0.01621299609541893,0.6123724579811096,0.6123723983764648,0.3535533845424652,0.3535533845424652
1934.0,-0.16687655448913574,-0.9545835852622986,2.2251734733581543,-0.7409126162528992,1.4264460802078247,-0.08402324467897415,0.7914122343063354,0.09303231537342072,0.0290246419608593,0.6123724579811096,0.6123723983764648,0.3535533845424652,0.3535533845424652
1935.0,-0.13269543647766113,-0.9575697779655457,2.2204086780548096,-0.7354082465171814,1.4559634923934937,-0.06664107739925385,0.7914122343063354,0.1149817481637001,0.03201986476778984,0.6123724579811096,0.6123723983764648,0.3535533845424652,0.3535533845424652
1936.0,-0.1453341841697693,-0.9756450653076172,2.221860408782959,-0.7180152535438538,1.4450446367263794,-0.07305285334587097,0.7914122343063354,0.10686422139406204,0.04470048472285271,0.6123724579811096,0.6123723983764648,0.3535533845424652,0.3535533845424652
1937.0,-0.12455632537603378,-0.9725217223167419,2.218759298324585,-0.719264566898346,1.4629974365234375,-0.06252066045999527,0.7914122343063354,0.12021175771951675,0.04308402165770531,0.6123724579811096,0.6123723983764648,0.3535533845424652,0.3535533845424652
1938.0,-0.10138432681560516,-0.9625347852706909,2.214947462081909,-0.7265817523002625,1.4830325841903687,-0.05082276463508606,0.7914122343063354,0.1351189911365509,0.03668680414557457,0.6123724579811096,0.6123723983764648,0.3535533845424652,0.3535533845424652
1939.0,-0.1180395781993866,-0.94826740026474,2.2181239128112793,-0.7432288527488708,1.4686306715011597,-0.05922609940171242,0.7914122343063354,0.12440123409032822,0.025777380913496017,0.6123724579811096,0.6123723983764648,0.3535533845424652,0.3535533845424652
1940.0,-0.09914995729923248,-0.947620153427124,2.2147414684295654,-0.7413878440856934,1.484965205192566,-0.04969712346792221,0.7914122343063354,0.1365581899881363,0.025973808020353317,0.6123724579811096,0.6123723983764648,0.3535533845424652,0.3535533845424652
1941.0,-0.07032262533903122,-0.942240834236145,2.2089085578918457,-0.7419966459274292,1.5099077224731445,-0.03520484268665314,0.7914122343063354,0.15516449511051178,0.02327149733901024,0.6123724579811096,0.6123723983764648,0.3535533845424652,0.3535533845424652
1942.0,-0.08225946128368378,-0.932735800743103,2.211407423019409,-0.7536047697067261,1.4995776414871216,-0.04119943082332611,0.7914122343063354,0.14745059609413147,0.015884872525930405,0.6123724579811096,0.6123723983764648,0.3535533845424652,0.3535533845424652
1943.0,-0.062442172318696976,-0.9290711283683777,2.20711612701416,-0.7536010146141052,1.5167286396026611,-0.03125155344605446,0.7914122343063354,0.16026553511619568,0.01408058125525713,0.6123724579811096,0.6123723983764648,0.3535533845424652,0.3535533845424652
1944.0,-0.0749063789844513,-0.9182994961738586,2.209660053253174,-0.7665448784828186,1.5059406757354736,-0.03750580549240112,0.7914122343063354,0.1522006094455719,0.005774152465164661,0.6123724579811096,0.6123723983764648,0.3535533845424652,0.3535533845424652
1945.0,-0.09366795420646667,-0.9204972982406616,2.2134997844696045,-0.7674991488456726,1.4897072315216064,-0.04693693667650223,0.7914122343063354,0.14009083807468414,0.006648642010986805,0.6123724579811096,0.6123723983764648,0.3535533845424652,0.3535533845424652
1946.0,-0.10506384819746017,-0.9318030476570129,2.2158102989196777,-0.7580108046531677,1.4798502922058105,-0.05267729610204697,0.7914122343063354,0.13274970650672913,0.014370155520737171,0.6123724579811096,0.6123723983764648,0.3535533845424652,0.3535533845424652
1947.0,-0.1292613297700882,-0.9175845384597778,2.219658136367798,-0.774839460849762,1.4589310884475708,-0.06490177661180496,0.7914122343063354,0.11718813329935074,0.0034802674781531096,0.6123724579811096,0.6123723983764648,0.3535533845424652,0.3535533845424652
1948.0,-0.13724470138549805,-0.9041506052017212,2.2204418182373047,-0.7885916829109192,1.4520326852798462,-0.06894702464342117,0.7914122343063354,0.11205943673849106,-0.006261217407882214,0.6123724579811096,0.6123723983764648,0.3535533845424652,0.3535533845424652
1949.0,-0.10860028117895126,-0.9049115180969238,2.2158052921295166,-0.7847325801849365,1.4767920970916748,-0.05446072667837143,0.7914122343063354,0.13047340512275696,-0.004978555254638195,0.6123724579811096,0.6123723983764648,0.3535533845424652,0.3535533845424652
1950.0,-0.09222869575023651,-0.905623197555542,2.2127983570098877,-0.7817301154136658,1.4909522533416748,-0.04621262103319168,0.7914122343063354,0.14101870357990265,-0.0039557842537760735,0.6123724579811096,0.6123723983764648,0.3535533845424652,0.3535533845424652
1951.0,-0.07537462562322617,-0.8980122804641724,2.2091000080108643,-0.786256730556488,1.5055354833602905,-0.03774091973900795,0.7914122343063354,0.15189796686172485,-0.008811133913695812,0.6123724579811096,0.6123723983764648,0.3535533845424652,0.3535533845424652
1952.0,-0.0951683297753334,-0.8906040191650391,2.212707281112671,-0.7965382933616638,1.4884092807769775,-0.047692157328128815,0.7914122343063354,0.13912375271320343,-0.014769035391509533,0.6123724579811096,0.6123723983764648,0.3535533845424652,0.3535533845424652
1953.0,-0.12080395221710205,-0.8950794339179993,2.217471122741699,-0.7956197261810303,1.4662408828735352,-0.060623154044151306,0.7914122343063354,0.12262383848428726,-0.012304547242820263,0.6123724579811096,0.6123723983764648,0.3535533845424652,0.3535533845424652
1954.0,-0.13722500205039978,-0.8827885389328003,2.2193710803985596,-0.8088842630386353,1.452049732208252,-0.0689370408654213,0.7914122343063354,0.11207208782434464,-0.021378684788942337,0.6123724579811096,0.6123723983764648,0.3535533845424652,0.3535533845424652
1955.0,-0.15146391093730927,-0.8947705030441284,2.2220380306243896,-0.798668384552002,1.4397509098052979,-0.07616880536079407,0.7914122343063354,0.1029282957315445,-0.013189706020057201,0.6123724579811096,0.6123723983764648,0.3535533845424652,0.3535533845424652
1956.0,-0.16947460174560547,-0.8887032866477966,2.2239768505096436,-0.8054038882255554,1.4242041110992432,-0.0853501558303833,0.7914122343063354,0.09136402606964111,-0.017756331712007523,0.6123724579811096,0.6123723983764648,0.3535533845424652,0.3535533845424652
1957.0,-0.18773804605007172,-0.8880663514137268,2.225900650024414,-0.8065255880355835,1.4084515571594238,-0.09470347315073013,0.7914122343063354,0.07963219285011292,-0.01841968670487404,0.6123724579811096,0.6123723983764648,0.3535533845424652,0.3535533845424652
1958.0,-0.15696613490581512,-0.8731076717376709,2.2214624881744385,-0.8193830847740173,1.4350001811981201,-0.07896947860717773,0.7914122343063354,0.09939553588628769,-0.028548259288072586,0.6123724579811096,0.6123723983764648,0.3535533845424652,0.3535533845424652
1959.0,-0.17565932869911194,-0.8571262359619141,2.222428560256958,-0.8349623084068298,1.4188681840896606,-0.08851245790719986,0.7914122343063354,0.08739214390516281,-0.039994750171899796,0.6123724579811096,0.6123723983764648,0.3535533845424652,0.3535533845424652
1960.0,-0.15549373626708984,-0.8514565229415894,2.219517230987549,-0.8391900658607483,1.4362714290618896,-0.07821968197822571,0.7914122343063354,0.10034088790416718,-0.04373018816113472,0.6123724579811096,0.6123723983764648,0.3535533845424652,0.3535533845424652
1961.0,-0.13989411294460297,-0.8543223738670349,2.2176411151885986,-0.8354586362838745,1.4497438669204712,-0.0702909603714943,0.7914122343063354,0.11035778373479843,-0.04148254171013832,0.6123724579811096,0.6123723983764648,0.3535533845424652,0.3535533845424652
1962.0,-0.12320619076490402,-0.8539029955863953,2.215057134628296,-0.8342542052268982,1.46416437625885,-0.06183777377009392,0.7914122343063354,0.12107957154512405,-0.04147041216492653,0.6123724579811096,0.6123723983764648,0.3535533845424652,0.3535533845424652
1963.0,-0.1148255243897438,-0.8709209561347961,2.2150321006774902,-0.8176465630531311,1.4714093208312988,-0.057602640241384506,0.7914122343063354,0.1264682412147522,-0.029273319989442825,0.6123724579811096,0.6123723983764648,0.3535533845424652,0.3535533845424652
1964.0,-0.0947519913315773,-0.8707531094551086,2.2114179134368896,-0.8151170015335083,1.48876953125,-0.04748257249593735,0.7914122343063354,0.13939209282398224,-0.028871212154626846,0.6123724579811096,0.6123723983764648,0.3535533845424652,0.3535533845424652
1965.0,-0.10199064761400223,-0.8551371693611145,2.2115330696105957,-0.8305381536483765,1.4825081825256348,-0.051128290593624115,0.7914122343063354,0.13472850620746613,-0.04012564197182655,0.6123724579811096,0.6123723983764648,0.3535533845424652,0.3535533845424652
1966.0,-0.08129850029945374,-0.857862651348114,2.207794189453125,-0.8248990774154663,1.5004091262817383,-0.04071652889251709,0.7914122343063354,0.1480710655450821,-0.037635449320077896,0.6123724579811096,0.6123723983764648,0.3535533845424652,0.3535533845424652
1967.0,-0.06093212962150574,-0.8625638484954834,2.2038474082946777,-0.8168801069259644,1.5180357694625854,-0.030494367703795433,0.7914122343063354,0.16124382615089417,-0.0336352176964283,0.6123724579811096,0.6123723983764648,0.3535533845424652,0.3535533845424652
1968.0,-0.0753440260887146,-0.8418792486190796,2.205127000808716,-0.8384178280830383,1.5055619478225708,-0.03772555664181709,0.7914122343063354,0.1519177407026291,-0.04880857840180397,0.6123724579811096,0.6123723983764648,0.3535533845424652,0.3535533845424652
1969.0,-0.09028144925832748,-0.8377851843833923,2.2077012062072754,-0.8445483446121216,1.4926369190216064,-0.04523289576172829,0.7914122343063354,0.14227433502674103,-0.052107032388448715,0.6123724579811096,0.6123723983764648,0.3535533845424652,0.3535533845424652
1970.0,-0.10983075201511383,-0.8427090644836426,2.2117748260498047,-0.8428460955619812,1.4757280349731445,-0.05508148670196533,0.7914122343063354,0.1296815723180771,-0.04908284917473793,0.6123724579811096,0.6123723983764648,0.3535533845424652,0.3535533845424652
1971.0,-0.12253409624099731,-0.8285377025604248,2.2123985290527344,-0.8569968938827515,1.4647454023361206,-0.061497896909713745,0.7914122343063354,0.12151160091161728,-0.059306416660547256,0.6123724579811096,0.6123723983764648,0.3535533845424652,0.3535533845424652
1972.0,-0.10117805749177933,-0.823469877243042,2.2081634998321533,-0.8588719367980957,1.4832110404968262,-0.05071883276104927,0.7914122343063354,0.13525183498859406,-0.062463413923978806,0.6123724579811096,0.6123723983764648,0.3535533845424652,0.3535533845424652
1973.0,-0.07420851290225983,-0.8251772522926331,2.2031137943267822,-0.853143572807312,1.506544589996338,-0.03715541213750839,0.7914122343063354,0.15265171229839325,-0.06061879172921181,0.6123724579811096,0.6123723983764648,0.3535533845424652,0.3535533845424652
1974.0,-0.05340327322483063,-0.8237523436546326,2.198413848876953,-0.8504447340965271,1.5245531797409058,-0.026720687747001648,0.7914122343063354,0.16612568497657776,-0.06103740260004997,0.6123724579811096,0.6123723983764648,0.3535533845424652,0.3535533845424652
1975.0,-0.10868488997220993,-0.8064076900482178,2.2073564529418945,-0.8747835755348206,1.4767189025878906,-0.05450340360403061,0.7914122343063354,0.13041895627975464,-0.07462094724178314,0.6123724579811096,0.6123723983764648,0.3535533845424652,0.3535533845424652
1976.0,-0.08891208469867706,-0.8026021122932434,2.2032206058502197,-0.8753041625022888,1.493821620941162,-0.044544074684381485,0.7914122343063354,0.14315752685070038,-0.07692309468984604,0.6123724579811096,0.6123723983764648,0.3535533845424652,0.3535533845424652
1977.0,-0.0669877678155899,-0.798869252204895,2.1982460021972656,-0.8748052716255188,1.5127941370010376,-0.03353149816393852,0.7914122343063354,0.15732228755950928,-0.07906872034072876,0.6123724579811096,0.6123723983764648,0.3535533845424652,0.3535533845424652
1978.0,-0.05551685765385628,-0.8090677857398987,2.1970975399017334,-0.8637629747390747,1.5227235555648804,-0.02777983620762825,0.7914122343063354,0.1647544652223587,-0.07153661549091339,0.6123724579811096,0.6123723983764648,0.3535533845424652,0.3535533845424652
1979.0,-0.035291653126478195,-0.808491587638855,2.1922569274902344,-0.8598968386650085,1.5402344465255737,-0.017651325091719627,0.7914122343063354,0.17790129780769348,-0.07133997976779938,0.6123724579811096,0.6123723983764648,0.3535533845424652,0.3535533845424652
1980.0,-0.05315529555082321,-0.7873165011405945,2.1935181617736816,-0.8819905519485474,1.5247678756713867,-0.026596438139677048,0.7914122343063354,0.16628660261631012,-0.08691637963056564,0.6123724579811096,0.6123723983764648,0.3535533845424652,0.3535533845424652
1981.0,0.22453831136226654,-0.6518564820289612,2.053879737854004,-2.604743003845215,-2.5760269165039062,-1.1423192024230957,0.8875271677970886,0.27524980902671814,-0.09357216209173203,0.866025447845459,0.0,0.0,0.5
1982.0,0.22347857058048248,-0.6629180312156677,2.0510284900665283,-2.5923891067504883,-2.5764076709747314,-1.1441653966903687,0.8920993208885193,0.27524980902671814,-0.08402014523744583,0.866025447845459,0.0,0.0,0.5
1983.0,0.22044166922569275,-0.6738646030426025,2.0368053913116455,-2.5716991424560547,-2.5774896144866943,-1.149468183517456,0.9054355621337891,0.27524980902671814,-0.07238918542861938,0.866025447845459,0.0,0.0,0.5
1984.0,0.21675406396389008,-0.6603063344955444,2.012011766433716,-2.5659279823303223,-2.5787861347198486,-1.1559314727783203,0.9221118092536926,0.27524980902671814,-0.07902158796787262,0.866025447845459,0.0,0.0,0.5
1985.0,0.21574680507183075,-0.6460117101669312,2.002257823944092,-2.5719659328460693,-2.579137086868286,-1.1577016115188599,0.9267622232437134,0.27524980902671814,-0.08929546922445297,0.866025447845459,0.0,0.0,0.5
1986.0,0.21876473724842072,-0.6552253365516663,2.0224404335021973,-2.5784549713134766,-2.5780816078186035,-1.1524040699005127,0.9129520654678345,0.27524980902671814,-0.08530332148075104,0.866025447845459,0.0,0.0,0.5
1987.0,0.22125603258609772,-0.6545146107673645,2.036454200744629,-2.5894949436187744,-2.5772006511688232,-1.148044466972351,0.9018248915672302,0.27524980902671814,-0.08843015134334564,0.866025447845459,0.0,0.0,0.5
1988.0,0.21905231475830078,-0.6412659883499146,2.0203068256378174,-2.5898547172546387,-2.5779802799224854,-1.1519001722335815,0.9116551280021667,0.27524980902671814,-0.09665108472108841,0.866025447845459,0.0,0.0,0.5
1989.0,0.2184946984052658,-0.6265842914581299,2.0128848552703857,-2.597940444946289,-2.578176498413086,-1.1528773307800293,0.9141727685928345,0.27524980902671814,-0.10771388560533524,0.866025447845459,0.0,0.0,0.5
1990.0,0.221332386136055,-0.6315993070602417,2.0304901599884033,-2.6063334941864014,-2.5771734714508057,-1.1479110717773438,0.9014876484870911,0.27524980902671814,-0.10647030919790268,0.866025447845459,0.0,0.0,0.5
1991.0,0.22150154411792755,-0.6146330237388611,2.0263442993164062,-2.6189041137695312,-2.577113389968872,-1.1476154327392578,0.9007412791252136,0.27524980902671814,-0.11992276459932327,0.866025447845459,0.0,0.0,0.5
1992.0,0.22448280453681946,-0.619437575340271,2.0442123413085938,-2.6275758743286133,-2.576046943664551,-1.1424158811569214,0.8877655863761902,0.27524980902671814,-0.11864476650953293,0.866025447845459,0.0,0.0,0.5
1993.0,-0.07971826940774918,-0.7543804049491882,2.1937060356140137,-0.9143485426902771,1.5017765760421753,-0.0399225614964962,0.7914122343063354,0.14909157156944275,-0.11077961325645447,0.6123724579811096,0.6123723983764648,0.3535533845424652,0.3535533845424652
1994.0,-0.05548712983727455,-0.7566439509391785,2.188974380493164,-0.9080645442008972,1.5227491855621338,-0.027764935046434402,0.7914122343063354,0.16477374732494354,-0.10873015224933624,0.6123724579811096,0.6123723983764648,0.3535533845424652,0.3535533845424652
1995.0,-0.03260636702179909,-0.7611857652664185,2.184396266937256,-0.8993814587593079,1.5425596237182617,-0.016307517886161804,0.7914122343063354,0.17965133488178253,-0.10497702658176422,0.6123724579811096,0.6123723983764648,0.3535533845424652,0.3535533845424652
1996.0,-0.04683145135641098,-0.7704724073410034,2.1893935203552246,-0.8948471546173096,1.5302428007125854,-0.023428570479154587,0.7914122343063354,0.17039307951927185,-0.09872113913297653,0.6123724579811096,0.6123723983764648,0.3535533845424652,0.3535533845424652
1997.0,-0.06456979364156723,-0.7707639336585999,2.1934194564819336,-0.8981530666351318,1.5148869752883911,-0.03231858089566231,0.7914122343063354,0.1588876098394394,-0.09891336411237717,0.6123724579811096,0.6123723983764648,0.3535533845424652,0.3535533845424652
1998.0,-0.07832320779561996,-0.7817506194114685,2.1980698108673096,-0.8913899660110474,1.502983808517456,-0.039221759885549545,0.7914122343063354,0.1499927043914795,-0.09142576158046722,0.6123724579811096,0.6123723983764648,0.3535533845424652,0.3535533845424652
1999.0,-0.1032675951719284,-0.7808253169059753,2.202671527862549,-0.8959314823150635,1.4814038276672363,-0.051771823316812515,0.7914122343063354,0.13390621542930603,-0.09252201020717621,0.6123724579811096,0.6123723983764648,0.3535533845424652,0.3535533845424652
2000.0,-0.09472893923521042,-0.7654350996017456,2.1985719203948975,-0.9075900316238403,1.488789439201355,-0.04747097194194794,0.7914122343063354,0.1394069492816925,-0.10322144627571106,0.6123724579811096,0.6123723983764648,0.3535533845424652,0.3535533845424652
2001.0,-0.11696334183216095,-0.7615012526512146,2.2017836570739746,-0.9137098789215088,1.4695611000061035,-0.05868236720561981,0.7914122343063354,0.12509332597255707,-0.10628525912761688,0.6123724579811096,0.6123723983764648,0.3535533845424652,0.3535533845424652
2002.0,-0.12509432435035706,-0.7440013289451599,2.1998486518859863,-0.9288449883460999,1.4625324010849,-0.0627928152680397,0.7914122343063354,0.11986597627401352,-0.11864838749170303,0.6123724579811096,0.6123723983764648,0.3535533845424652,0.3535533845424652
2003.0,-0.16978766024112701,-0.7464617490768433,2.20635724067688,-0.9300025701522827,1.423933982849121,-0.08551008999347687,0.7914122343063354,0.09116299450397491,-0.117189921438694,0.6123724579811096,0.6123723983764648,0.3535533845424652,0.3535533845424652
2004.0,-0.14835837483406067,-0.7587851285934448,2.205991744995117,-0.9188116788864136,1.4424327611923218,-0.07458961755037308,0.7914122343063354,0.10492231696844101,-0.10847529023885727,0.6123724579811096,0.6123723983764648,0.3535533845424652,0.3535533845424652
2005.0,-0.13309234380722046,-0.7679196000099182,2.205429792404175,-0.9100565314292908,1.455620527267456,-0.06684218347072601,0.7914122343063354,0.11472675949335098,-0.10195676982402802,0.6123724579811096,0.6123723983764648,0.3535533845424652,0.3535533845424652
2006.0,-0.1213148981332779,-0.7793214917182922,2.205491065979004,-0.8993706703186035,1.4657992124557495,-0.06088145077228546,0.7914122343063354,0.12229535728693008,-0.09383351355791092,0.6123724579811096,0.6123723983764648,0.3535533845424652,0.3535533845424652
2007.0,-0.1337672919034958,-0.7901929020881653,2.209101915359497,-0.8914159536361694,1.455037236213684,-0.06718418747186661,0.7914122343063354,0.1142931655049324,-0.08636575937271118,0.6123724579811096,0.6123723983764648,0.3535533845424652,0.3535533845424652
2008.0,-0.13378854095935822,-0.8061476945877075,2.2113730907440186,-0.8777310252189636,1.4550188779830933,-0.06719495356082916,0.7914122343063354,0.11427951604127884,-0.07518980652093887,0.6123724579811096,0.6123723983764648,0.3535533845424652,0.3535533845424652
2009.0,-0.15413877367973328,-0.7942937016487122,2.212542772293091,-0.8894703984260559,1.4374412298202515,-0.0775298923254013,0.7914122343063354,0.10121085494756699,-0.08370725065469742,0.6123724579811096,0.6123723983764648,0.3535533845424652,0.3535533845424652
2010.0,-0.16911429166793823,-0.7821863889694214,2.2125275135040283,-0.9004982709884644,1.4245150089263916,-0.0851660668849945,0.7914122343063354,0.09159540385007858,-0.09226659685373306,0.6123724579811096,0.6123723983764648,0.3535533845424652,0.3535533845424652
2011.0,-0.175008162856102,-0.8021929860115051,2.2161576747894287,-0.883675217628479,1.419429898262024,-0.08817926049232483,0.7914122343063354,0.08781036734580994,-0.07835208624601364,0.6123724579811096,0.6123723983764648,0.3535533845424652,0.3535533845424652
2012.0,-0.15354576706886292,-0.812646210193634,2.214988946914673,-0.8736041784286499,1.4379533529281616,-0.07722807675600052,0.7914122343063354,0.10159160196781158,-0.07087594270706177,0.6123724579811096,0.6123723983764648,0.3535533845424652,0.3535533845424652
2013.0,-0.17397280037403107,-0.8242993354797363,2.2188851833343506,-0.8643759489059448,1.420323133468628,-0.08764961361885071,0.7914122343063354,0.08847533166408539,-0.06292418390512466,0.6123724579811096,0.6123723983764648,0.3535533845424652,0.3535533845424652
2014.0,-0.14511604607105255,-0.8294110298156738,2.2158777713775635,-0.8582805395126343,1.4452331066131592,-0.07294204086065292,0.7914122343063354,0.10700429230928421,-0.05904225632548332,0.6123724579811096,0.6123723983764648,0.3535533845424652,0.3535533845424652
2015.0,-0.16027268767356873,-0.8371794819831848,2.218716621398926,-0.8523349165916443,1.4321457147598267,-0.08065428584814072,0.7914122343063354,0.09727254509925842,-0.05379056558012962,0.6123724579811096,0.6123723983764648,0.3535533845424652,0.3535533845424652
2016.0,-0.18444494903087616,-0.8374906182289124,2.2214648723602295,-0.8529362678527832,1.4112910032272339,-0.09301353245973587,0.7914122343063354,0.08174831420183182,-0.05379515513777733,0.6123724579811096,0.6123723983764648,0.3535533845424652,0.3535533845424652
2017.0,-0.19571930170059204,-0.8255628943443298,2.2212064266204834,-0.8636577725410461,1.4015719890594482,-0.09880585223436356,0.7914122343063354,0.07450161129236221,-0.06217650696635246,0.6123724579811096,0.6123723983764648,0.3535533845424652,0.3535533845424652
2018.0,-0.21632978320121765,-0.8261942863464355,2.2229111194610596,-0.8628461956977844,1.3838194608688354,-0.10944531857967377,0.7914122343063354,0.06123622879385948,-0.06179085746407509,0.6123724579811096,0.6123723983764648,0.3535533845424652,0.3535533845424652
2019.0,-0.19533441960811615,-0.8090076446533203,2.219102621078491,-0.8781427145004272,1.4019036293029785,-0.09860780090093613,0.7914122343063354,0.07474908977746964,-0.07370316982269287,0.6123724579811096,0.6123723983764648,0.3535533845424652,0.3535533845424652
2020.0,-0.20996183156967163,-0.8019413352012634,2.2193422317504883,-0.8841336369514465,1.3893022537231445,-0.10615077614784241,0.7914122343063354,0.06533775478601456,-0.07864921540021896,0.6123724579811096,0.6123723983764648,0.3535533845424652,0.3535533845424652
2021.0,-0.22576148808002472,-0.7977140545845032,2.219804525375366,-0.8872907757759094,1.3757025003433228,-0.11433757841587067,0.7914122343063354,0.055155497044324875,-0.08157838135957718,0.6123724579811096,0.6123723983764648,0.3535533845424652,0.3535533845424652
2022.0,-0.19396403431892395,-0.7892754077911377,2.2161734104156494,-0.8950636982917786,1.4030847549438477,-0.0979028269648552,0.7914122343063354,0.07563020288944244,-0.08743099868297577,0.6123724579811096,0.6123723983764648,0.3535533845424652,0.3535533845424652
2023.0,-0.22400613129138947,-0.7802363038063049,2.2170403003692627,-0.902180552482605,1.3772128820419312,-0.11342589557170868,0.7914122343063354,0.05628777667880058,-0.09371798485517502,0.6123724579811096,0.6123723983764648,0.3535533845424652,0.3535533845424652
2024.0,-0.2048577070236206,-0.7689618468284607,2.2138261795043945,-0.9120672941207886,1.3936983346939087,-0.10351486504077911,0.7914122343063354,0.06862322986125946,-0.10157304257154465,0.6123724579811096,0.6123723983764648,0.3535533845424652,0.3535533845424652
2025.0,-0.1700555831193924,-0.7643465995788574,2.2096662521362305,-0.9154065847396851,1.4237028360366821,-0.08564698696136475,0.7914122343063354,0.09099095314741135,-0.10471274703741074,0.6123724579811096,0.6123723983764648,0.3535533845424652,0.3535533845424652
2026.0,-0.18638713657855988,-0.7596828937530518,2.2105636596679688,-0.9196836352348328,1.4096163511276245,-0.09401004016399384,0.7914122343063354,0.08050032705068588,-0.1080135703086853,0.6123724579811096,0.6123723983764648,0.3535533845424652,0.3535533845424652
2027.0,-0.22708064317703247,-0.7618579268455505,2.2141168117523193,-0.9173258543014526,1.3745676279067993,-0.11502306163311005,0.7914122343063354,0.054304417222738266,-0.10647256672382355,0.6123724579811096,0.6123723983764648,0.3535533845424652,0.3535533845424652
2028.0,-0.241172194480896,-0.7550501227378845,2.213601589202881,-0.922143280506134,1.3624498844146729,-0.1223653107881546,0.7914122343063354,0.04520226642489433,-0.11114039272069931,0.6123724579811096,0.6123723983764648,0.3535533845424652,0.3535533845424652
2029.0,-0.2441956102848053,-0.7757623791694641,2.2173423767089844,-0.9048431515693665,1.359851360321045,-0.1239454597234726,0.7914122343063354,0.043246615678071976,-0.09674989432096481,0.6123724579811096,0.6123723983764648,0.3535533845424652,0.3535533845424652
2030.0,-0.26332661509513855,-0.7677924036979675,2.216599464416504,-0.9098870754241943,1.3434209823608398,-0.13398580253124237,0.7914122343063354,0.030845973640680313,-0.10215511173009872,0.6123724579811096,0.6123723983764648,0.3535533845424652,0.3535533845424652
2031.0,-0.2692016363143921,-0.7837740778923035,2.2193424701690674,-0.8959423303604126,1.3383797407150269,-0.1370842009782791,0.7914122343063354,0.02702782303094864,-0.0910256952047348,0.6123724579811096,0.6123723983764648,0.3535533845424652,0.3535533845424652
2032.0,-0.2538887560367584,-0.7924877405166626,2.220315456390381,-0.8900067210197449,1.3515238761901855,-0.1290234476327896,0.7914122343063354,0.03696943446993828,-0.08509451150894165,0.6123724579811096,0.6123723983764648,0.3535533845424652,0.3535533845424652
2033.0,-0.24330170452594757,-0.80641108751297,2.221909523010254,-0.8788592219352722,1.3606195449829102,-0.12347809225320816,0.7914122343063354,0.0438249297440052,-0.07548945397138596,0.6123724579811096,0.6123723983764648,0.3535533845424652,0.3535533845424652
2034.0,-0.2291722595691681,-0.8162675499916077,2.222507953643799,-0.8710944652557373,1.3727682828903198,-0.11611059308052063,0.7914122343063354,0.05295461788773537,-0.06868672370910645,0.6123724579811096,0.6123723983764648,0.3535533845424652,0.3535533845424652
2035.0,-0.2600626051425934,-0.8157314658164978,2.2236971855163574,-0.8694307208061218,1.3462227582931519,-0.1322675347328186,0.7914122343063354,0.03296509012579918,-0.06893210113048553,0.6123724579811096,0.6123723983764648,0.3535533845424652,0.3535533845424652
2036.0,-0.24914851784706116,-0.8317059874534607,2.2252695560455322,-0.8562784194946289,1.355595588684082,-0.12653784453868866,0.7914122343063354,0.040040597319602966,-0.057901639491319656,0.6123724579811096,0.6123723983764648,0.3535533845424652,0.3535533845424652
2037.0,-0.27108660340309143,-0.8324374556541443,2.225902795791626,-0.8536093831062317,1.33676278591156,-0.13807988166809082,0.7914122343063354,0.025801707059144974,-0.05725441500544548,0.6123724579811096,0.6123723983764648,0.3535533845424652,0.3535533845424652
2038.0,-0.2862319052219391,-0.8384482860565186,2.2266483306884766,-0.8464314341545105,1.323778748512268,-0.1461082100868225,0.7914122343063354,0.015929602086544037,-0.05293488875031471,0.6123724579811096,0.6123723983764648,0.3535533845424652,0.3535533845424652
2039.0,-0.28520897030830383,-0.8187747597694397,2.2243900299072266,-0.8639794588088989,1.324655294418335,-0.14556434750556946,0.7914122343063354,0.016597583889961243,-0.06660349667072296,0.6123724579811096,0.6123723983764648,0.3535533845424652,0.3535533845424652
2040.0,-0.27469000220298767,-0.800900936126709,2.221968173980713,-0.8807663917541504,1.333672285079956,-0.13998539745807648,0.7914122343063354,0.023456282913684845,-0.07910352945327759,0.6123724579811096,0.6123723983764648,0.3535533845424652,0.3535533845424652
2041.0,-0.2852530777454376,-0.7900397181510925,2.2204315662384033,-0.8887503147125244,1.3246173858642578,-0.14558780193328857,0.7914122343063354,0.016568772494792938,-0.0865289568901062,0.6123724579811096,0.6123723983764648,0.3535533845424652,0.3535533845424652
2042.0,-0.3020040690898895,-0.8045581579208374,2.222374200820923,-0.873934268951416,1.3102737665176392,-0.15452496707439423,0.7914122343063354,0.00560613302513957,-0.07626182585954666,0.6123724579811096,0.6123723983764648,0.3535533845424652,0.3535533845424652
2043.0,-0.3158889412879944,-0.8183049559593201,2.223825216293335,-0.8596741557121277,1.2983993291854858,-0.16198474168777466,0.7914122343063354,-0.0035226386971771717,-0.06652186065912247,0.6123724579811096,0.6123723983764648,0.3535533845424652,0.3535533845424652
2044.0,-0.33181169629096985,-0.8181759715080261,2.223154306411743,-0.8567579388618469,1.2848000526428223,-0.17060059309005737,0.7914122343063354,-0.014043545350432396,-0.06633605062961578,0.6123724579811096,0.6123723983764648,0.3535533845424652,0.3535533845424652
2045.0,-0.3462085723876953,-0.8330013751983643,2.2240676879882812,-0.8405851721763611,1.2725214958190918,-0.17845022678375244,0.7914122343063354,-0.023609329015016556,-0.05573917552828789,0.6123724579811096,0.6123723983764648,0.3535533845424652,0.3535533845424652
2046.0,-0.3181398808956146,-0.8378608822822571,2.2260029315948486,-0.8419683575630188,1.2964756488800049,-0.16319867968559265,0.7914122343063354,-0.005006435792893171,-0.052902717143297195,0.6123724579811096,0.6123723983764648,0.3535533845424652,0.3535533845424652
2047.0,-0.3311515152454376,-0.8511294722557068,2.226775884628296,-0.8275269269943237,1.2853635549545288,-0.1702420562505722,0.7914122343063354,-0.013606156222522259,-0.04343590512871742,0.6123724579811096,0.6123723983764648,0.3535533845424652,0.3535533845424652
2048.0,-0.35559338331222534,-0.8502632975578308,2.225165605545044,-0.8228883147239685,1.2645268440246582,-0.18359898030757904,0.7914122343063354,-0.029874436557292938,-0.04349863901734352,0.6123724579811096,0.6123723983764648,0.3535533845424652,0.3535533845424652
2049.0,-0.3634105622768402,-0.8652044534683228,2.2258286476135254,-0.8072975873947144,1.2578734159469604,-0.18790750205516815,0.7914122343063354,-0.0351119339466095,-0.03286596015095711,0.6123724579811096,0.6123723983764648,0.3535533845424652,0.3535533845424652
2050.0,-0.3467070162296295,-0.876171350479126,2.2279069423675537,-0.8011741042137146,1.2720966339111328,-0.1787230521440506,0.7914122343063354,-0.023941481485962868,-0.02562664821743965,0.6123724579811096,0.6123723983764648,0.3535533845424652,0.3535533845424652
2051.0,-0.38074809312820435,-0.8724347352981567,2.22472882270813,-0.7959375977516174,1.2431366443634033,-0.1975303739309311,0.7914122343063354,-0.04679369181394577,-0.027296070009469986,0.6123724579811096,0.6123723983764648,0.3535533845424652,0.3535533845424652
2052.0,-0.39826250076293945,-0.8631935119628906,2.22200870513916,-0.799229621887207,1.2282785177230835,-0.2073497176170349,0.7914122343063354,-0.05869387835264206,-0.0331885851919651,0.6123724579811096,0.6123723983764648,0.3535533845424652,0.3535533845424652
2053.0,-0.38322731852531433,-0.8561716079711914,2.223167896270752,-0.8101930022239685,1.2410316467285156,-0.19891422986984253,0.7914122343063354,-0.048471927642822266,-0.03860436752438545,0.6123724579811096,0.6123723983764648,0.3535533845424652,0.3535533845424652
2054.0,-0.37396231293678284,-0.8424792885780334,2.222822666168213,-0.8251921534538269,1.248901128768921,-0.19375285506248474,0.7914122343063354,-0.042210403829813004,-0.04844367876648903,0.6123724579811096,0.6123723983764648,0.3535533845424652,0.3535533845424652
2055.0,-0.39517778158187866,-0.8355663418769836,2.2197959423065186,-0.8252251148223877,1.2308931350708008,-0.20561286807060242,0.7914122343063354,-0.05659030005335808,-0.05263153091073036,0.6123724579811096,0.6123723983764648,0.3535533845424652,0.3535533845424652
2056.0,-0.36850467324256897,-0.8272086977958679,2.2216789722442627,-0.840270459651947,1.2535405158996582,-0.1907251626253128,0.7914122343063354,-0.038534656167030334,-0.059237074106931686,0.6123724579811096,0.6123723983764648,0.3535533845424652,0.3535533845424652
2057.0,-0.38224950432777405,-0.8151301145553589,2.2188687324523926,-0.8471119999885559,1.2418618202209473,-0.19836817681789398,0.7914122343063354,-0.047809768468141556,-0.06728126108646393,0.6123724579811096,0.6123723983764648,0.3535533845424652,0.3535533845424652
2058.0,-0.3560219407081604,-0.8139583468437195,2.221100330352783,-0.855056881904602,1.2641618251800537,-0.18383468687534332,0.7914122343063354,-0.03016110695898533,-0.06876341253519058,0.6123724579811096,0.6123723983764648,0.3535533845424652,0.3535533845424652
2059.0,-0.39514023065567017,-0.8010741472244263,2.21553635597229,-0.8554646968841553,1.2309249639511108,-0.20559176802635193,0.7914122343063354,-0.05656472593545914,-0.07671009004116058,0.6123724579811096,0.6123723983764648,0.3535533845424652,0.3535533845424652
2060.0,-0.4104391038417816,-0.7904836535453796,2.212024450302124,-0.8596082329750061,1.2179666757583618,-0.21423771977424622,0.7914122343063354,-0.067031130194664,-0.08363441377878189,0.6123724579811096,0.6123723983764648,0.3535533845424652,0.3535533845424652
2061.0,-0.39524000883102417,-0.7840096354484558,2.212996244430542,-0.8699705600738525,1.2308404445648193,-0.20564787089824677,0.7914122343063354,-0.05663270130753517,-0.08860699832439423,0.6123724579811096,0.6123723983764648,0.3535533845424652,0.3535533845424652
2062.0,-0.3757409453392029,-0.7945122122764587,2.216712236404419,-0.8667353391647339,1.247389793395996,-0.19474157691001892,0.7914122343063354,-0.04341031610965729,-0.08181383460760117,0.6123724579811096,0.6123723983764648,0.3535533845424652,0.3535533845424652
2063.0,-0.34176626801490784,-0.7985697984695435,2.2199835777282715,-0.8716417551040649,1.276308298110962,-0.17602194845676422,0.7914122343063354,-0.020652038976550102,-0.07975931465625763,0.6123724579811096,0.6123723983764648,0.3535533845424652,0.3535533845424652
2064.0,-0.3594062924385071,-0.7778847813606262,2.2155916690826416,-0.8850566744804382,1.26128089427948,-0.18569819629192352,0.7914122343063354,-0.032426867634058,-0.09376260638237,0.6123724579811096,0.6123723983764648,0.3535533845424652,0.3535533845424652
2065.0,-0.33830246329307556,-0.7762736678123474,2.2167611122131348,-0.8912611603736877,1.2792621850967407,-0.17413240671157837,0.7914122343063354,-0.018349692225456238,-0.09530435502529144,0.6123724579811096,0.6123723983764648,0.3535533845424652,0.3535533845424652
2066.0,-0.3217875361442566,-0.7740340232849121,2.2171754837036133,-0.8964312076568604,1.2933591604232788,-0.1651686578989029,0.7914122343063354,-0.007413302082568407,-0.09714093804359436,0.6123724579811096,0.6123723983764648,0.3535533845424652,0.3535533845424652
2067.0,-0.32010090351104736,-0.7904664874076843,2.2198452949523926,-0.8829172849655151,1.2948001623153687,-0.16425734758377075,0.7914122343063354,-0.006300018634647131,-0.08576897531747818,0.6123724579811096,0.6123723983764648,0.3535533845424652,0.3535533845424652
2068.0,-0.3028082549571991,-0.7858030796051025,2.2196125984191895,-0.8898168802261353,1.3095855712890625,-0.1549557000398636,0.7914122343063354,0.005078495945781469,-0.08925561606884003,0.6123724579811096,0.6123723983764648,0.3535533845424652,0.3535533845424652
2069.0,-0.3028586208820343,-0.7666709423065186,2.216468334197998,-0.9057976007461548,1.3095425367355347,-0.15498270094394684,0.7914122343063354,0.0050454470328986645,-0.1025213673710823,0.6123724579811096,0.6123723983764648,0.3535533845424652,0.3535533845424652
2070.0,-0.28313279151916504,-0.771002471446991,2.217379093170166,-0.9050086140632629,1.3264343738555908,-0.1444612294435501,0.7914122343063354,0.017952777445316315,-0.09974922984838486,0.6123724579811096,0.6123723983764648,0.3535533845424652,0.3535533845424652
2071.0,-0.2742670178413391,-0.7522427439689636,2.2139840126037598,-0.9214931130409241,1.3340349197387695,-0.1397615522146225,0.7914122343063354,0.023731708526611328,-0.11284806579351425,0.6123724579811096,0.6123723983764648,0.3535533845424652,0.3535533845424652
2072.0,-0.31626465916633606,-0.7533988952636719,2.213740110397339,-0.9144406318664551,1.298078179359436,-0.16218727827072144,0.7914122343063354,-0.0037702438421547413,-0.11154374480247498,0.6123724579811096,0.6123723983764648,0.3535533845424652,0.3535533845424652
2073.0,-0.33472147583961487,-0.7615472078323364,2.2144365310668945,-0.9042207598686218,1.282317042350769,-0.17218245565891266,0.7914122343063354,-0.01597268506884575,-0.10559225082397461,0.6123724579811096,0.6123723983764648,0.3535533845424652,0.3535533845424652
2074.0,-0.36015790700912476,-0.761858344078064,2.2128069400787354,-0.8981721997261047,1.260641098022461,-0.18611253798007965,0.7914122343063354,-0.03293051943182945,-0.10488801449537277,0.6123724579811096,0.6123723983764648,0.3535533845424652,0.3535533845424652
2075.0,-0.37998589873313904,-0.7694547176361084,2.212318181991577,-0.886643648147583,1.2437838315963745,-0.19710536301136017,0.7914122343063354,-0.04627814516425133,-0.09915050119161606,0.6123724579811096,0.6123723983764648,0.3535533845424652,0.3535533845424652
2076.0,-0.3701063394546509,-0.7494946122169495,2.2096879482269287,-0.9057160019874573,1.2521787881851196,-0.19161275029182434,0.7914122343063354,-0.03961244225502014,-0.1132766455411911,0.6123724579811096,0.6123723983764648,0.3535533845424652,0.3535533845424652
2077.0,-0.3876347243785858,-0.7437717318534851,2.206820011138916,-0.9054425358772278,1.237290859222412,-0.2013792246580124,0.7914122343063354,-0.051460400223731995,-0.11686107516288757,0.6123724579811096,0.6123723983764648,0.3535533845424652,0.3535533845424652
2078.0,-0.43074581027030945,-0.7405625581741333,2.2003250122070312,-0.8937262892723083,1.200804591178894,-0.22584234178066254,0.7914122343063354,-0.08106159418821335,-0.11792305111885071,0.6123724579811096,0.6123723983764648,0.3535533845424652,0.3535533845424652
2079.0,-0.41921889781951904,-0.7542795538902283,2.204723596572876,-0.8867666721343994,1.210541009902954,-0.2192365974187851,0.7914122343063354,-0.0730772465467453,-0.10866811871528625,0.6123724579811096,0.6123723983764648,0.3535533845424652,0.3535533845424652
2080.0,-0.40422162413597107,-0.764254093170166,2.2086009979248047,-0.8836232423782349,1.2232301235198975,-0.210714191198349,0.7914122343063354,-0.06276725232601166,-0.10213558375835419,0.6123724579811096,0.6123723983764648,0.3535533845424652,0.3535533845424652
2081.0,-0.4156148135662079,-0.7742504477500916,2.208737373352051,-0.8715311288833618,1.2135882377624512,-0.21718120574951172,0.7914122343063354,-0.07059170305728912,-0.09481429308652878,0.6123724579811096,0.6123723983764648,0.3535533845424652,0.3535533845424652
2082.0,-0.4363420605659485,-0.7614493370056152,2.2033042907714844,-0.8746455907821655,1.1960829496383667,-0.22906731069087982,0.7914122343063354,-0.0849577784538269,-0.10309971123933792,0.6123724579811096,0.6123723983764648,0.3535533845424652,0.3535533845424652
2083.0,-0.4517868161201477,-0.7579590082168579,2.199923038482666,-0.8714198470115662,1.1830705404281616,-0.2380305975675583,0.7914122343063354,-0.0957813411951065,-0.10500518232584,0.6123724579811096,0.6123723983764648,0.3535533845424652,0.3535533845424652
2084.0,-0.455454558134079,-0.7724794149398804,2.2017362117767334,-0.85789954662323,1.1799845695495605,-0.24017304182052612,0.7914122343063354,-0.09836750477552414,-0.09465992450714111,0.6123724579811096,0.6123723983764648,0.3535533845424652,0.3535533845424652
2085.0,-0.4713500142097473,-0.7587184906005859,2.196131467819214,-0.8624366521835327,1.1666293144226074,-0.2495218962430954,0.7914122343063354,-0.1096496656537056,-0.10371367633342743,0.6123724579811096,0.6123723983764648,0.3535533845424652,0.3535533845424652
2086.0,-0.48489004373550415,-0.7654754519462585,2.1943044662475586,-0.8506458401679993,1.155278205871582,-0.2575698494911194,0.7914122343063354,-0.11935967952013016,-0.09836336970329285,0.6123724579811096,0.6123723983764648,0.3535533845424652,0.3535533845424652
2087.0,-0.513642430305481,-0.7633909583091736,2.209099531173706,-0.8603257536888123,1.1312553882598877,-0.27493205666542053,0.7773402333259583,-0.13237108290195465,-0.1006675586104393,0.6123724579811096,0.6123723983764648,0.3535533845424652,0.3535533845424652
2088.0,-0.513801634311676,-0.7605459690093994,2.1861793994903564,-0.8402093648910522,1.1311227083206177,-0.2750293016433716,0.7914122343063354,-0.1404271423816681,-0.1004675030708313,0.6123724579811096,0.6123723983764648,0.3535533845424652,0.3535533845424652
2089.0,-0.5007268190383911,-0.7393614649772644,2.185657262802124,-0.8642134666442871,1.1420323848724365,-0.26708585023880005,0.7914122343063354,-0.13084100186824799,-0.11614654958248138,0.6123724579811096,0.6123723983764648,0.3535533845424652,0.3535533845424652
2090.0,-0.5162398815155029,-0.7346638441085815,2.1806387901306152,-0.8599151372909546,1.1290907859802246,-0.2765195965766907,0.7914122343063354,-0.14222602546215057,-0.11876656115055084,0.6123724579811096,0.6123723983764648,0.3535533845424652,0.3535533845424652
2091.0,-0.5425763726234436,-0.7358798384666443,2.173156261444092,-0.8440941572189331,1.1072007417678833,-0.292803555727005,0.7914122343063354,-0.16189412772655487,-0.1165418028831482,0.6123724579811096,0.6123723983764648,0.3535533845424652,0.3535533845424652
2092.0,-0.5532355904579163,-0.7475206851959229,2.1719791889190674,-0.8282575607299805,1.0983713865280151,-0.29949501156806946,0.7914122343063354,-0.1699850708246231,-0.10757112503051758,0.6123724579811096,0.6123723983764648,0.3535533845424652,0.3535533845424652
2093.0,-0.5360614061355591,-0.7745064496994019,2.2048516273498535,-0.8389688730239868,1.1126060485839844,-0.2887428402900696,0.7773402333259583,-0.14862696826457977,-0.09176996350288391,0.6123724579811096,0.6123723983764648,0.3535533845424652,0.3535533845424652
2094.0,-0.5228229761123657,-0.7868247032165527,2.210524082183838,-0.8359031677246094,1.1236094236373901,-0.28055769205093384,0.7773402333259583,-0.1389910727739334,-0.0838494822382927,0.6123724579811096,0.6123723983764648,0.3535533845424652,0.3535533845424652
2095.0,-0.52022784948349,-0.7780017852783203,2.1873250007629395,-0.8222149014472961,1.1257694959640503,-0.2789633274078369,0.7914122343063354,-0.14517603814601898,-0.08769416809082031,0.6123724579811096,0.6123723983764648,0.3535533845424652,0.3535533845424652
2096.0,-0.5404942035675049,-0.7759204506874084,2.180990219116211,-0.8124679923057556,1.1089274883270264,-0.2915034294128418,0.7914122343063354,-0.16032275557518005,-0.08798187971115112,0.6123724579811096,0.6123723983764648,0.3535533845424652,0.3535533845424652
2097.0,-0.5637585520744324,-0.7692380547523499,2.172248363494873,-0.8037505745887756,1.0896729230880737,-0.30616021156311035,0.7914122343063354,-0.1780511885881424,-0.09126243740320206,0.6123724579811096,0.6123723983764648,0.3535533845424652,0.3535533845424652
2098.0,-0.5751038789749146,-0.7777738571166992,2.1695780754089355,-0.7891573309898376,1.0803152322769165,-0.3134145438671112,0.7914122343063354,-0.18683916330337524,-0.08428427577018738,0.6123724579811096,0.6123723983764648,0.3535533845424652,0.3535533845424652
2099.0,-0.5753098130226135,-0.7498466968536377,2.16474986076355,-0.8121938705444336,1.0801455974578857,-0.3135468363761902,0.7914122343063354,-0.18699955940246582,-0.10446911305189133,0.6123724579811096,0.6123723983764648,0.3535533845424652,0.3535533845424652
2100.0,-0.5875838994979858,-0.7422201037406921,2.1587209701538086,-0.8100189566612244,1.0700472593307495,-0.3214784264564514,0.7914122343063354,-0.19662071764469147,-0.10913526266813278,0.6123724579811096,0.6123723983764648,0.3535533845424652,0.3535533845424652
2101.0,-0.5834017395973206,-0.7625895738601685,2.1640024185180664,-0.7962290048599243,1.0734851360321045,-0.31876614689826965,0.7914122343063354,-0.1933290958404541,-0.09466312825679779,0.6123724579811096,0.6123723983764648,0.3535533845424652,0.3535533845424652
2102.0,-0.6003388166427612,-0.7663228511810303,2.157970905303955,-0.7811259627342224,1.0595817565917969,-0.329814076423645,0.7914122343063354,-0.20674805343151093,-0.09062103927135468,0.6123724579811096,0.6123723983764648,0.3535533845424652,0.3535533845424652
2103.0,-0.6012303233146667,-0.7808146476745605,2.1599113941192627,-0.7682877779006958,1.0588513612747192,-0.33040037751197815,0.7914122343063354,-0.20746098458766937,-0.07997175306081772,0.6123724579811096,0.6123723983764648,0.3535533845424652,0.3535533845424652
2104.0,-0.6152955889701843,-0.7899119257926941,2.1552929878234863,-0.7499626874923706,1.0473477840423584,-0.3397141993045807,0.7914122343063354,-0.21880055963993073,-0.07203252613544464,0.6123724579811096,0.6123723983764648,0.3535533845424652,0.3535533845424652
2105.0,-0.6596269011497498,-0.7213205695152283,1.9635825157165527,-1.9978649616241455,-0.8170824646949768,0.5726680159568787,0.9068087339401245,-0.31524983048439026,-0.07727931439876556,0.0,0.8660253882408142,0.5,0.0
2106.0,-0.6688554883003235,-0.7204287648200989,1.981895089149475,-2.011188268661499,-0.8238182067871094,0.5640434622764587,0.8920642733573914,-0.31524983048439026,-0.08288509398698807,0.0,0.8660253882408142,0.5,0.0
2107.0,-0.6140903234481812,-0.7577513456344604,2.1507389545440674,-0.7779701352119446,1.0483320951461792,-0.3389112949371338,0.7914122343063354,-0.21782200038433075,-0.09572765976190567,0.6123724579811096,0.6123723983764648,0.3535533845424652,0.3535533845424652
2108.0,-0.6040565371513367,-0.7409057021141052,2.15190052986145,-0.7992718815803528,1.0565369129180908,-0.3322620689868927,0.7914122343063354,-0.20972564816474915,-0.10886557400226593,0.6123724579811096,0.6123723983764648,0.3535533845424652,0.3535533845424652
2109.0,-0.6143162250518799,-0.7298350930213928,2.145397901535034,-0.8004704117774963,1.0481476783752441,-0.3390616774559021,0.7914122343063354,-0.21800528466701508,-0.11615553498268127,0.6123724579811096,0.6123723983764648,0.3535533845424652,0.3535533845424652
2110.0,-0.6631678342819214,-0.6924190521240234,1.9651587009429932,-2.0260722637176514,-0.8196625709533691,0.569346010684967,0.9011068940162659,-0.31524983048439026,-0.10331468284130096,0.0,0.8660253882408142,0.5,0.0
2111.0,-0.6539461016654968,-0.6989488005638123,1.9477534294128418,-2.0080862045288086,-0.812954843044281,0.5780313611030579,0.9160746335983276,-0.31524983048439026,-0.09302285313606262,0.0,0.8660253882408142,0.5,0.0
2112.0,-0.6462773680686951,-0.6884462237358093,1.9295473098754883,-2.0054197311401367,-0.8074057102203369,0.5853381752967834,0.9288203120231628,-0.31524983048439026,-0.09763290733098984,0.0,0.8660253882408142,0.5,0.0
2113.0,-0.6517624258995056,-0.6806477308273315,1.93942391872406,-2.0194835662841797,-0.8113719820976257,0.5801041722297668,0.919675886631012,-0.31524983048439026,-0.1073000580072403,0.0,0.8660253882408142,0.5,0.0
2114.0,-0.6617061495780945,-0.6765075922012329,1.9587600231170654,-2.03652024269104,-0.8185968399047852,0.5707154273986816,0.9034538865089417,-0.31524983048439026,-0.11584311723709106,0.0,0.8660253882408142,0.5,0.0
2115.0,-0.6542441844940186,-0.6679494380950928,1.9416793584823608,-2.0328171253204346,-0.8131710886955261,0.5777488946914673,0.9155847430229187,-0.31524983048439026,-0.11929560452699661,0.0,0.8660253882408142,0.5,0.0
2116.0,-0.6445099711418152,-0.6751201152801514,1.9229438304901123,-2.013314962387085,-0.8061306476593018,0.5870331525802612,0.9317972660064697,-0.31524983048439026,-0.10799306631088257,0.0,0.8660253882408142,0.5,0.0
2117.0,-0.6284294724464417,-0.6532729864120483,1.8826097249984741,-2.0057027339935303,-0.7945963740348816,0.6026474237442017,0.9595922827720642,-0.31524983048439026,-0.11722088605165482,0.0,0.8660253882408142,0.5,0.0
2118.0,-0.6350442171096802,-0.6642025709152222,1.8999428749084473,-2.0075876712799072,-0.7993261814117432,0.5961820483207703,0.9480013847351074,-0.31524983048439026,-0.11182261258363724,0.0,0.8660253882408142,0.5000000596046448,0.0
2119.0,-0.6317614316940308,-0.6715390086174011,1.8942654132843018,-1.9968082904815674,-0.7969763278961182,0.5993832349777222,0.9537256360054016,-0.31524983048439026,-0.10343228280544281,0.0,0.8660253882408142,0.5,0.0
2120.0,-0.6376178860664368,-0.6804400086402893,1.909168004989624,-1.998834490776062,-0.8011721968650818,0.5936826467514038,0.9435516595840454,-0.31524983048439026,-0.09936811774969101,0.0,0.8660253882408142,0.5,0.0
2121.0,-0.6311895847320557,-0.6838528513908386,1.8955568075180054,-1.9861767292022705,-0.7965674996376038,0.5999423265457153,0.9547284245491028,-0.31524983048439026,-0.09233874082565308,0.0,0.8660253882408142,0.5,0.0
2122.0,-0.641547679901123,-0.6990950107574463,1.9214866161346436,-1.9898581504821777,-0.803996741771698,0.5898833870887756,0.936820924282074,-0.31524983048439026,-0.08569357544183731,0.0,0.8660253882408142,0.5,0.0
2123.0,-0.6480962634086609,-0.709561824798584,1.9375027418136597,-1.991057276725769,-0.8087194561958313,0.5835981369018555,0.9257721304893494,-0.31524983048439026,-0.08066821098327637,0.0,0.8660253882408142,0.5,0.0
2124.0,-0.6421464681625366,-0.7123438715934753,1.9252046346664429,-1.9799270629882812,-0.8044277429580688,0.5893062949180603,0.9358019828796387,-0.31524983048439026,-0.07464312762022018,0.0,0.8660253882408142,0.5,0.0
2125.0,-0.6325790882110596,-0.69835364818573,1.9014949798583984,-1.9766652584075928,-0.7975611090660095,0.5985845923423767,0.9522947669029236,-0.31524983048439026,-0.08059520274400711,0.0,0.8660253882408142,0.5,0.0
2126.0,-0.6254780888557434,-0.6944435834884644,1.8845336437225342,-1.9684927463531494,-0.7924928069114685,0.6055514812469482,0.9648370742797852,-0.31524983048439026,-0.0791604071855545,0.0,0.8660253882408142,0.5,0.0
2127.0,-0.6307939887046814,-0.7112807631492615,1.8997269868850708,-1.9631896018981934,-0.7962847352027893,0.6003294587135315,0.95542311668396,-0.31524983048439026,-0.06804917007684708,0.0,0.8660253882408142,0.5,0.0
2128.0,-0.6290270090103149,-0.7224526405334473,1.8974614143371582,-1.9509638547897339,-0.7950227856636047,0.6020609140396118,0.9585359692573547,-0.31524983048439026,-0.05693996325135231,0.0,0.8660253882408142,0.5,0.0
2129.0,-0.6223788857460022,-0.7052222490310669,1.8791871070861816,-1.9545201063156128,-0.7902883887290955,0.6086140275001526,0.9703941345214844,-0.31524983048439026,-0.06735816597938538,0.0,0.8660253882408142,0.5,0.0
2130.0,-0.6167122721672058,-0.7035666704177856,1.8653779029846191,-1.9463388919830322,-0.7862700819969177,0.6142481565475464,0.9806884527206421,-0.31524983048439026,-0.06452690064907074,0.0,0.8660253882408142,0.5,0.0
2131.0,-0.6163294911384583,-0.6910149455070496,1.8622723817825317,-1.9560551643371582,-0.7859991788864136,0.614630401134491,0.9813902378082275,-0.31524983048439026,-0.07549812644720078,0.0,0.8660253882408142,0.5,0.0
2132.0,-0.6164027452468872,-0.6787979602813721,1.8601343631744385,-1.9660825729370117,-0.7860509753227234,0.6145572662353516,0.9812558889389038,-0.31524983048439026,-0.08648280054330826,0.0,0.8660253882408142,0.5,0.0
2133.0,-0.623579204082489,-0.6763009428977966,1.8765830993652344,-1.9800020456314087,-0.7911415696144104,0.6074262857437134,0.9682357907295227,-0.31524983048439026,-0.09384474158287048,0.0,0.8660253882408142,0.5,0.0
2134.0,-0.6231111288070679,-0.6643921732902527,1.8729608058929443,-1.9886139631271362,-0.7908087968826294,0.6078891754150391,0.9690764546394348,-0.31524983048439026,-0.10401532053947449,0.0,0.8660253882408142,0.5,0.0
2135.0,-0.6166070103645325,-0.661115825176239,1.8569391965866089,-1.9804253578186035,-0.7861955165863037,0.6143532991409302,0.98088139295578,-0.31524983048439026,-0.10238362103700638,0.0,0.8660253882408142,0.5,0.0
2136.0,-0.609984278678894,-0.6593669652938843,1.8405425548553467,-1.9704822301864624,-0.7815198302268982,0.6209965348243713,0.9931414723396301,-0.31524983048439026,-0.09906170517206192,0.0,0.8660253882408142,0.5,0.0
2137.0,-0.6041969656944275,-0.6525684595108032,1.824693202972412,-1.9655970335006714,-0.7774521708488464,0.6268531084060669,1.0040594339370728,-0.31524983048439026,-0.1007009744644165,0.0,0.8660253882408142,0.5,0.0
2138.0,-0.6187192797660828,-0.6472232937812805,1.8587638139724731,-1.994655728340149,-0.7876914739608765,0.6122474670410156,0.9770224094390869,-0.31524983048439026,-0.11616457253694534,0.0,0.8660253882408142,0.5,0.0
2139.0,-0.6083796620368958,-0.6356436610221863,1.8311296701431274,-1.9859424829483032,-0.7803903222084045,0.6226155161857605,0.9961492419242859,-0.31524983048439026,-0.11913333833217621,0.0,0.8660253882408142,0.5,0.0
2140.0,-0.5997723937034607,-0.6380236744880676,1.8101800680160522,-1.9688481092453003,-0.7743539810180664,0.6313633918762207,1.012539029121399,-0.31524983048439026,-0.11036025732755661,0.0,0.8660253882408142,0.5,0.0
2141.0,-0.5968390703201294,-0.6518862843513489,1.8057565689086914,-1.9527130126953125,-0.7723056077957153,0.6343692541122437,1.0182251930236816,-0.31524983048439026,-0.09528154134750366,0.0,0.8660253882408142,0.5,0.0
2142.0,-0.5898085832595825,-0.635813295841217,1.783677577972412,-1.9519169330596924,-0.7674146890640259,0.6416252851486206,1.0320683717727661,-0.31524983048439026,-0.10398194193840027,0.0,0.8660253882408142,0.5,0.0
2143.0,-0.5936974287033081,-0.6312586665153503,1.7928844690322876,-1.9627870321273804,-0.7701168060302734,0.6376026272773743,1.0243732929229736,-0.31524983048439026,-0.11153019964694977,0.0,0.8660253882408142,0.5,0.0
2144.0,-0.5846582651138306,-0.6182219982147217,1.7656069993972778,-1.9553035497665405,-0.763848602771759,0.6469875574111938,1.0424067974090576,-0.31524983048439026,-0.11567331850528717,0.0,0.8660253882408142,0.5,0.0
2145.0,-0.5788102149963379,-0.6206800937652588,1.750078558921814,-1.9417576789855957,-0.7598169445991516,0.6531248092651367,1.0543543100357056,-0.31524983048439026,-0.10794325917959213,0.0,0.8660253882408142,0.5,0.0
2146.0,-0.5805190205574036,-0.6341909766197205,1.7579717636108398,-1.9348368644714355,-0.7609930634498596,0.6513261198997498,1.050839900970459,-0.31524983048439026,-0.0969066247344017,0.0,0.8660253882408142,0.5,0.0
2147.0,-0.5760201811790466,-0.6397873163223267,1.7464830875396729,-1.92119300365448,-0.7579001784324646,0.6560711860656738,1.0601345300674438,-0.31524983048439026,-0.0871531218290329,0.0,0.8660253882408142,0.5,0.0
2148.0,-0.5869044661521912,-0.647510290145874,1.7784385681152344,-1.9371556043624878,-0.76540207862854,0.644644021987915,1.0378769636154175,-0.31524983048439026,-0.09049452841281891,0.0,0.8660253882408142,0.5,0.0
2149.0,-0.592713475227356,-0.6578333973884583,1.7961742877960205,-1.9402315616607666,-0.7694323658943176,0.6386182904243469,1.0263112783432007,-0.31524983048439026,-0.08620451390743256,0.0,0.8660253882408142,0.5,0.0
2150.0,-0.5871515274047852,-0.6631582975387573,1.7822569608688354,-1.9251405000686646,-0.7655731439590454,0.6443867087364197,1.0373806953430176,-0.31524983048439026,-0.07610490918159485,0.0,0.8660253882408142,0.5,0.0
2151.0,-0.5815937519073486,-0.6520358324050903,1.764740228652954,-1.922943115234375,-0.7617335915565491,0.6501972079277039,1.0486395359039307,-0.31524983048439026,-0.08116240799427032,0.0,0.8660253882408142,0.5,0.0
2152.0,-0.5726349353790283,-0.6467208862304688,1.7381218671798706,-1.9085091352462769,-0.7555803060531616,0.659662127494812,1.0672186613082886,-0.31524983048439026,-0.07700308412313461,0.0,0.8660253882408142,0.5,0.0
2153.0,-0.5818048119544983,-0.667654275894165,1.768284559249878,-1.9107087850570679,-0.7618790864944458,0.6499756574630737,1.048208236694336,-0.31524983048439026,-0.06660550087690353,0.0,0.8660253882408142,0.5,0.0
2154.0,-0.5860958099365234,-0.6783358454704285,1.78208589553833,-1.9105852842330933,-0.7648425102233887,0.6454868316650391,1.0395039319992065,-0.31524983048439026,-0.0608060322701931,0.0,0.8660253882408142,0.5,0.0
2155.0,-0.5928314328193665,-0.6867803335189819,1.8018194437026978,-1.9168421030044556,-0.7695143818855286,0.638496458530426,1.0260785818099976,-0.31524983048439026,-0.05939755216240883,0.0,0.8660253882408142,0.5,0.0
2156.0,-0.5967901945114136,-0.6725637912750244,1.8097964525222778,-1.936111330986023,-0.7722715139389038,0.6344194412231445,1.0183203220367432,-0.31524983048439026,-0.07621967047452927,0.0,0.8660253882408142,0.5,0.0
2157.0,-0.6034864187240601,-0.6662266254425049,1.8257906436920166,-1.9535514116287231,-0.776953935623169,0.6275755763053894,1.0054134130477905,-0.31524983048439026,-0.08773135393857956,0.0,0.8660253882408142,0.5,0.0
2158.0,-0.6093816161155701,-0.6823078393936157,1.8436857461929321,-1.9511159658432007,-0.7810954451560974,0.6216041445732117,0.9942694306373596,-0.31524983048439026,-0.07791191339492798,0.0,0.8660253882408142,0.5,0.0
2159.0,-0.6032434105873108,-0.6799981594085693,1.8278369903564453,-1.9420024156570435,-0.7767835855484009,0.627822756767273,1.0058772563934326,-0.31524983048439026,-0.07496828585863113,0.0,0.8660253882408142,0.5,0.0
2160.0,-0.604005753993988,-0.6934463977813721,1.8321443796157837,-1.9323089122772217,-0.7773180603981018,0.6270474791526794,1.0044236183166504,-0.31524983048439026,-0.06330468505620956,0.0,0.8660253882408142,0.5,0.0
2161.0,-0.5982307195663452,-0.701394259929657,1.8184576034545898,-1.9148838520050049,-0.7732768058776855,0.6329416036605835,1.0155210494995117,-0.31524983048439026,-0.05081785097718239,0.0,0.8660253882408142,0.5,0.0
2162.0,-0.6046092510223389,-0.7100386619567871,1.8362854719161987,-1.919420599937439,-0.7777414321899414,0.6264342665672302,1.0032752752304077,-0.31524983048439026,-0.04858044162392616,0.0,0.8660253882408142,0.5,0.0
2163.0,-0.6089356541633606,-0.7069923877716064,1.8467864990234375,-1.929851770401001,-0.7807815074920654,0.6220541596412659,0.9951054453849792,-0.31524983048439026,-0.05511251464486122,0.0,0.8660253882408142,0.5,0.0
2164.0,-0.614334225654602,-0.7162228226661682,1.8615684509277344,-1.9315546751022339,-0.7845884561538696,0.6166260838508606,0.9850611686706543,-0.31524983048439026,-0.0512014664709568,0.0,0.8660253882408142,0.5,0.0
2165.0,-0.6224697232246399,-0.7296967506408691,1.8831480741500854,-1.933943271636963,-0.7903529405593872,0.6085240244865417,0.9702305197715759,-0.31524983048439026,-0.045551080256700516,0.0,0.8660253882408142,0.5,0.0
2166.0,-0.6225858330726624,-0.7435649633407593,1.8852059841156006,-1.922052025794983,-0.7904354333877563,0.6084091067314148,0.9700213670730591,-0.31524983048439026,-0.03317037597298622,0.0,0.8660253882408142,0.5,0.0
2167.0,-0.6162561774253845,-0.7374071478843689,1.8691312074661255,-1.9165736436843872,-0.7859472632408142,0.6147037148475647,0.9815247654914856,-0.31524983048439026,-0.03355037048459053,0.0,0.8660253882408142,0.5,0.0
2168.0,-0.6102763414382935,-0.7264777421951294,1.852916955947876,-1.9155371189117432,-0.7817255854606628,0.6207022666931152,0.9925956130027771,-0.31524983048439026,-0.03843295946717262,0.0,0.8660253882408142,0.5,0.0
2169.0,-0.6019942164421082,-0.7183297276496887,1.8306899070739746,-1.9074316024780273,-0.7759084701538086,0.6290950179100037,1.0082664489746094,-0.31524983048439026,-0.03854948654770851,0.0,0.8660253882408142,0.5,0.0
2170.0,-0.5969913005828857,-0.7237610220909119,1.8181877136230469,-1.8931573629379272,-0.7724118232727051,0.6342129111289978,1.0179287195205688,-0.31524983048439026,-0.02872796729207039,0.0,0.8660253882408142,0.5,0.0
2171.0,-0.604371190071106,-0.7344136238098145,1.8388229608535767,-1.8977556228637695,-0.777574360370636,0.6266762018203735,1.0037280321121216,-0.31524983048439026,-0.025796163827180862,0.0,0.8660253882408142,0.5,0.0
2172.0,-0.6118554472923279,-0.7415882349014282,1.8586989641189575,-1.9050813913345337,-0.7828386425971985,0.6191132664680481,0.9896525740623474,-0.31524983048439026,-0.025938648730516434,0.0,0.8660253882408142,0.5,0.0
2173.0,-0.6090078949928284,-0.7498623728752136,1.8523547649383545,-1.8924983739852905,-0.7808323502540588,0.6219813227653503,0.9949699640274048,-0.31524983048439026,-0.01573069766163826,0.0,0.8660253882408142,0.5,0.0
2174.0,-0.6158414483070374,-0.7557899951934814,1.8701077699661255,-1.8994601964950562,-0.7856538891792297,0.6151180863380432,0.9822860956192017,-0.31524983048439026,-0.016394931823015213,0.0,0.8660253882408142,0.5,0.0
2175.0,-0.6225682497024536,-0.7680008411407471,1.887685775756836,-1.9001082181930542,-0.7904229164123535,0.6084265112876892,0.9700530767440796,-0.31524983048439026,-0.01102400105446577,0.0,0.8660253882408142,0.5,0.0
2176.0,-0.6256312727928162,-0.7592378854751587,1.8941960334777832,-1.9132548570632935,-0.7926018834114075,0.6054005026817322,0.9645636677742004,-0.31524983048439026,-0.021493826061487198,0.0,0.8660253882408142,0.5,0.0
2177.0,-0.6295282244682312,-0.7535446286201477,1.9027488231658936,-1.9248151779174805,-0.7953805923461914,0.6015692949295044,0.9576513171195984,-0.31524983048439026,-0.029678557068109512,0.0,0.8660253882408142,0.5,0.0
2178.0,-0.6318566799163818,-0.7716014385223389,1.9100104570388794,-1.9124258756637573,-0.7970443964004517,0.5992901921272278,0.9535588622093201,-0.31524983048439026,-0.015344175510108471,0.0,0.8660253882408142,0.5,0.0
2179.0,-0.6433941721916199,-0.7784790992736816,1.9368239641189575,-1.9245787858963013,-0.8053264021873474,0.5881054401397705,0.9336845278739929,-0.31524983048439026,-0.01792772486805916,0.0,0.8660253882408142,0.5,0.0
2180.0,-0.6502974033355713,-0.7932778000831604,1.9532381296157837,-1.9216279983520508,-0.8103113174438477,0.5814982652664185,0.9221043586730957,-0.31524983048439026,-0.009886103682219982,0.0,0.8660253882408142,0.5,0.0
2181.0,-0.6429106593132019,-0.7920940518379211,1.936896562576294,-1.9113587141036987,-0.80497807264328,0.5885705947875977,0.9345042109489441,-0.31524983048439026,-0.005575689487159252,0.0,0.8660253882408142,0.5,0.0
2182.0,-0.6462479829788208,-0.8099858164787292,1.9454935789108276,-1.8998459577560425,-0.8073844909667969,0.585366427898407,0.9288696646690369,-0.31524983048439026,0.007740330882370472,0.0,0.8660253882408142,0.5,0.0
2183.0,-0.6363793015480042,-0.7901450395584106,1.9219648838043213,-1.9027628898620605,-0.8002834320068359,0.5948843359947205,0.9456889033317566,-0.31524983048439026,-0.002305883215740323,0.0,0.8660253882408142,0.5,0.0
2184.0,-0.6335280537605286,-0.7980303764343262,1.9158791303634644,-1.8907262086868286,-0.7982403039932251,0.5976587533950806,0.9506382942199707,-0.31524983048439026,0.007064622826874256,0.0,0.8660253882408142,0.5,0.0
2185.0,-0.6373403072357178,-0.8131773471832275,1.9254823923110962,-1.8825989961624146,-0.8009729385375977,0.5939518809318542,0.9440300464630127,-0.31524983048439026,0.017599444836378098,0.0,0.8660253882408142,0.5,0.0
2186.0,-0.6292994022369385,-0.8030539155006409,1.9061740636825562,-1.8788882493972778,-0.7952172160148621,0.6017937660217285,0.9580550193786621,-0.31524983048439026,0.01516957301646471,0.0,0.8660253882408142,0.5,0.0
2187.0,-0.6233969926834106,-0.8093639612197876,1.89214289188385,-1.8626254796981812,-0.7910120487213135,0.6076064705848694,0.96856290102005,-0.31524983048439026,0.02620704099535942,0.0,0.8660253882408142,0.5,0.0
2188.0,-0.627321720123291,-0.8238580226898193,1.9020575284957886,-1.8553284406661987,-0.7938063144683838,0.6037360429763794,0.9615554809570312,-0.31524983048439026,0.036028902977705,0.0,0.8660253882408142,0.5,0.0
2189.0,-0.6171699166297913,-0.8141576647758484,1.8767192363739014,-1.8467665910720825,-0.7865939736366272,0.6137915253639221,0.9798505306243896,-0.31524983048439026,0.036578964442014694,0.0,0.8660253882408142,0.5,0.0
2190.0,-0.6213203072547913,-0.8348128199577332,1.887258768081665,-1.8337396383285522,-0.7895365357398987,0.6096631288528442,0.9723039865493774,-0.31524983048439026,0.05195952579379082,0.0,0.8660253882408142,0.5,0.0
2191.0,-0.6143200397491455,-0.8223038911819458,1.8694885969161987,-1.8334038257598877,-0.7845784425735474,0.6166403293609619,0.9850872159004211,-0.31524983048439026,0.047133248299360275,0.0,0.8660253882408142,0.5,0.0
2192.0,-0.6105862855911255,-0.826479971408844,1.8597195148468018,-1.8221158981323242,-0.7819439172744751,0.6203901171684265,0.9920168519020081,-0.31524983048439026,0.055019717663526535,0.0,0.8660253882408142,0.5,0.0
2193.0,-0.602607250213623,-0.8068667054176331,1.8384692668914795,-1.8262282609939575,-0.7763378620147705,0.6284704208374023,1.0070927143096924,-0.31524983048439026,0.04470808431506157,0.0,0.8660253882408142,0.5,0.0
2194.0,-0.6088041663169861,-0.8118726015090942,1.855067491531372,-1.8333468437194824,-0.780689001083374,0.6221868991851807,0.9953521490097046,-0.31524983048439026,0.042882781475782394,0.0,0.8660253882408142,0.5,0.0
2195.0,-0.6114333868026733,-0.8048631548881531,1.8618443012237549,-1.8452528715133667,-0.782541036605835,0.6195376515388489,0.9904378056526184,-0.31524983048439026,0.03349916264414787,0.0,0.8660253882408142,0.5,0.0
2196.0,-0.6074257493019104,-0.7923311591148376,1.8510445356369019,-1.8498555421829224,-0.7797194123268127,0.6235798001289368,0.9979444146156311,-0.31524983048439026,0.025667350739240646,0.0,0.8660253882408142,0.5,0.0
2197.0,-0.6161872148513794,-0.7988407611846924,1.8738361597061157,-1.859893560409546,-0.7858985662460327,0.6147725582122803,0.9816511869430542,-0.31524983048439026,0.023160170763731003,0.0,0.8660253882408142,0.5,0.0
2198.0,-0.6202087998390198,-0.7918359041213989,1.8835731744766235,-1.8738081455230713,-0.7887476682662964,0.6107664108276367,0.9743158221244812,-0.31524983048439026,0.012901526875793934,0.0,0.8660253882408142,0.5,0.0
2199.0,-0.6253217458724976,-0.7853232026100159,1.8956513404846191,-1.8888390064239502,-0.7923814654350281,0.6057056188583374,0.9651161432266235,-0.31524983048439026,0.0024132251273840666,0.0,0.8660253882408142,0.5,0.0
2200.0,-0.61495041847229,-0.7766111493110657,1.8695777654647827,-1.8787391185760498,-0.7850239276885986,0.6160091161727905,0.9839250445365906,-0.31524983048439026,0.0036147802602499723,0.0,0.8660253882408142,0.5,0.0
2201.0,-0.6074878573417664,-0.7754393815994263,1.8504258394241333,-1.8660838603973389,-0.7797631025314331,0.6235169768333435,0.9978273510932922,-0.31524983048439026,0.009624791331589222,0.0,0.8660253882408142,0.5,0.0
2202.0,-0.6021731495857239,-0.7620373368263245,1.8356000185012817,-1.8685039281845093,-0.7760338187217712,0.6289125680923462,1.0079236030578613,-0.31524983048439026,0.002251502824947238,0.0,0.8660253882408142,0.5,0.0
2203.0,-0.6079986691474915,-0.7624262571334839,1.8508615493774414,-1.8791654109954834,-0.7801222801208496,0.6230005025863647,0.9968656301498413,-0.31524983048439026,-0.003082323120906949,0.0,0.8660253882408142,0.5,0.0
2204.0,-0.6032120585441589,-0.7502278685569763,1.8373960256576538,-1.881354570388794,-0.7767616510391235,0.6278546452522278,1.0059369802474976,-0.31524983048439026,-0.009909617714583874,0.0,0.8660253882408142,0.5,0.0
2205.0,-0.5967348217964172,-0.7366936206817627,1.818913459777832,-1.8811391592025757,-0.7722328901290894,0.6344763040542603,1.0184282064437866,-0.31524983048439026,-0.01627400889992714,0.0,0.8660253882408142,0.5,0.0
2206.0,-0.5970264077186584,-0.7487709522247314,1.8208045959472656,-1.8707386255264282,-0.772436261177063,0.6341769695281982,1.0178605318069458,-0.31524983048439026,-0.005112471990287304,0.0,0.8660253882408142,0.5,0.0
2207.0,-0.5885581374168396,-0.7425141930580139,1.7969608306884766,-1.8594340085983276,-0.7665475606918335,0.6429235339164734,1.0345628261566162,-0.31524983048439026,-0.002126592444255948,0.0,0.8660253882408142,0.5,0.0
2208.0,-0.5960348844528198,-0.7611594796180725,1.8190191984176636,-1.8572945594787598,-0.7717448472976685,0.6351955533027649,1.019793152809143,-0.31524983048439026,0.007752847857773304,0.0,0.8660253882408142,0.5,0.0
2209.0,-0.5945274829864502,-0.769955039024353,1.8153667449951172,-1.8459588289260864,-0.7706946134567261,0.6367470026016235,1.0227429866790771,-0.31524983048439026,0.01784692332148552,0.0,0.8660253882408142,0.5,0.0
2210.0,-0.5874926447868347,-0.7557694315910339,1.7948696613311768,-1.844886064529419,-0.7658093571662903,0.6440316438674927,1.036696195602417,-0.31524983048439026,0.011927557177841663,0.0,0.8660253882408142,0.5,0.0
2211.0,-0.5802099704742432,-0.7565728425979614,1.7737767696380615,-1.8284953832626343,-0.7607802152633667,0.6516512036323547,1.0514742136001587,-0.31524983048439026,0.021305125206708908,0.0,0.8660253882408142,0.5,0.0
2212.0,-0.5868622064590454,-0.7698325514793396,1.7937326431274414,-1.8301591873168945,-0.7653728723526001,0.6446881294250488,1.0379619598388672,-0.31524983048439026,0.026433240622282028,0.0,0.8660253882408142,0.5,0.0
2213.0,-0.6010535359382629,-0.7784104347229004,1.8335615396499634,-1.850907564163208,-0.7752500176429749,0.6300545334815979,1.0100717544555664,-0.31524983048439026,0.018982093781232834,0.0,0.8660253882408142,0.5,0.0
2214.0,-0.6016317009925842,-0.7926927208900452,1.835620403289795,-1.8382630348205566,-0.775654673576355,0.6294646859169006,1.00896155834198,-0.31524983048439026,0.03207750245928764,0.0,0.8660253882408142,0.5,0.0
2215.0,-0.5927090048789978,-0.7796035408973694,1.81067955493927,-1.8329700231552124,-0.7694292664527893,0.6386229395866394,1.0263200998306274,-0.31524983048439026,0.029248010367155075,0.0,0.8660253882408142,0.5,0.0
2216.0,-0.5964955687522888,-0.7911866903305054,1.821529507637024,-1.829438328742981,-0.772066056728363,0.634722113609314,1.0188944339752197,-0.31524983048439026,0.036263030022382736,0.0,0.8660253882408142,0.5,0.0
2217.0,-0.5961406230926514,-0.8022141456604004,1.8206515312194824,-1.8177943229675293,-0.7718185186386108,0.6350868940353394,1.0195868015289307,-0.31524983048439026,0.04744590446352959,0.0,0.8660253882408142,0.5,0.0
2218.0,-0.5898423194885254,-0.8018510341644287,1.802753210067749,-1.8049296140670776,-0.7674381136894226,0.6415902972221375,1.0320011377334595,-0.31524983048439026,0.054562460631132126,0.0,0.8660253882408142,0.5,0.0
2219.0,-0.5970491766929626,-0.8182646632194519,1.8230223655700684,-1.8034459352493286,-0.772452175617218,0.6341536045074463,1.017816185951233,-0.31524983048439026,0.06219486519694328,0.0,0.8660253882408142,0.5,0.0
2220.0,-0.5913138389587402,-0.8153731822967529,1.806745171546936,-1.7943027019500732,-0.7684596180915833,0.640065610408783,1.0290786027908325,-0.31524983048439026,0.06625990569591522,0.0,0.8660253882408142,0.5,0.0
2221.0,-0.5860871076583862,-0.8057671785354614,1.7917124032974243,-1.7927870750427246,-0.7648364901542664,0.6454960107803345,1.03952157497406,-0.31524983048439026,0.06317736208438873,0.0,0.8660253882408142,0.5,0.0
2222.0,-0.5829728245735168,-0.8105500340461731,1.7822622060775757,-1.7809051275253296,-0.76268470287323,0.6487510800361633,1.0458271503448486,-0.31524983048439026,0.0720834881067276,0.0,0.8660253882408142,0.5,0.0
2223.0,-0.5856450200080872,-0.8276163935661316,1.7894651889801025,-1.7690232992172241,-0.7645306587219238,0.6459571123123169,1.0404127836227417,-0.31524983048439026,0.08597920835018158,0.0,0.8660253882408142,0.5000000596046448,0.0
2224.0,-0.5753452777862549,-0.8024688959121704,1.759118914604187,-1.771666407585144,-0.7574371695518494,0.6567857265472412,1.0615406036376953,-0.31524983048439026,0.0741933137178421,0.0,0.8660253882408142,0.5,0.0
2225.0,-0.5701509714126587,-0.7948207855224609,1.7429392337799072,-1.767154335975647,-0.7538821697235107,0.6623083353042603,1.0724669694900513,-0.31524983048439026,0.0736648291349411,0.0,0.8660253882408142,0.5,0.0
2226.0,-0.566077470779419,-0.783006489276886,1.7301439046859741,-1.7693562507629395,-0.751105010509491,0.6666685938835144,1.081167459487915,-0.31524983048439026,0.06727723777294159,0.0,0.8660253882408142,0.5,0.0
2227.0,-0.5721405744552612,-0.7874225378036499,1.7495039701461792,-1.7795723676681519,-0.755242109298706,0.6601880192756653,1.0682597160339355,-0.31524983048439026,0.06312550604343414,0.0,0.8660253882408142,0.5,0.0
2228.0,-0.5777832865715027,-0.79200679063797,1.766982078552246,-1.7881200313568115,-0.7591109275817871,0.6542079448699951,1.0564757585525513,-0.31524983048439026,0.060080867260694504,0.0,0.8660253882408142,0.5,0.0
2229.0,-0.5828227400779724,-0.7934508323669434,1.7822151184082031,-1.7980707883834839,-0.7625811696052551,0.6489083170890808,1.0461325645446777,-0.31524983048439026,0.054929863661527634,0.0,0.8660253882408142,0.5,0.0
2230.0,-0.5858280658721924,-0.7857356071472168,1.7910932302474976,-1.812394380569458,-0.7646573185920715,0.6457661986351013,1.040043592453003,-0.31524983048439026,0.04342271015048027,0.0,0.8660253882408142,0.5,0.0
2231.0,-0.5815781950950623,-0.7717328667640686,1.7783544063568115,-1.8168721199035645,-0.7617228627204895,0.6502135396003723,1.0486713647842407,-0.31524983048439026,0.03470839187502861,0.0,0.8660253882408142,0.5,0.0
2232.0,-0.578501284122467,-0.7764552235603333,1.7692220211029053,-1.805362343788147,-0.7596045136451721,0.6534504890441895,1.0549917221069336,-0.31524983048439026,0.04334742948412895,0.0,0.8660253882408142,0.5,0.0
2233.0,-0.5754940509796143,-0.763166606426239,1.7598474025726318,-1.8115825653076172,-0.7575392127037048,0.6566281318664551,1.0612303018569946,-0.31524983048439026,0.03383589908480644,0.0,0.8660253882408142,0.5,0.0
2234.0,-0.5716179609298706,-0.7676042914390564,1.7479639053344727,-1.7982558012008667,-0.754884660243988,0.6607443690299988,1.0693622827529907,-0.31524983048439026,0.04348228499293327,0.0,0.8660253882408142,0.5,0.0
2235.0,-0.5690397024154663,-0.7744436860084534,1.7398433685302734,-1.7853012084960938,-0.7531236410140991,0.6634953022003174,1.0748289823532104,-0.31524983048439026,0.054080378264188766,0.0,0.8660253882408142,0.5,0.0
2236.0,-0.5641272664070129,-0.7624555826187134,1.7240362167358398,-1.7853327989578247,-0.7497788071632385,0.6687652468681335,1.0853745937347412,-0.31524983048439026,0.04868800565600395,0.0,0.8660253882408142,0.5,0.0
2237.0,-0.5595842599868774,-0.751216471195221,1.7090152502059937,-1.7851475477218628,-0.7466979622840881,0.6736726760864258,1.0952820777893066,-0.31524983048439026,0.04364694282412529,0.0,0.8660253882408142,0.5,0.0
2238.0,-0.5549728870391846,-0.7454582452774048,1.6934574842453003,-1.7790337800979614,-0.743583083152771,0.6786874532699585,1.1054949760437012,-0.31524983048439026,0.04457936808466911,0.0,0.8660253882408142,0.5,0.0
2239.0,-0.5538086295127869,-0.7547635436058044,1.6894948482513428,-1.7667020559310913,-0.7427986860275269,0.6799588799476624,1.1080986261367798,-0.31524983048439026,0.05624951049685478,0.0,0.8660253882408142,0.5,0.0
2240.0,-0.546692430973053,-0.7384198307991028,1.664585828781128,-1.7639087438583374,-0.7380216717720032,0.6877777576446533,1.1242408752441406,-0.31524983048439026,0.05031929537653923,0.0,0.8660253882408142,0.5,0.0
2241.0,-0.5516664981842041,-0.7327919602394104,1.681909203529358,-1.7828165292739868,-0.7413575053215027,0.6823039054870605,1.1129164695739746,-0.31524983048439026,0.03634918853640556,0.0,0.8660253882408142,0.5,0.0
2242.0,-0.5468319654464722,-0.7234994173049927,1.6648175716400146,-1.7789467573165894,-0.7381150126457214,0.6876236200332642,1.1239205598831177,-0.31524983048439026,0.034162502735853195,0.0,0.8660253882408142,0.5,0.0
2243.0,-0.5420739054679871,-0.7126764059066772,1.647491216659546,-1.7763495445251465,-0.7349376678466797,0.69289630651474,1.1349315643310547,-0.31524983048439026,0.030402403324842453,0.0,0.8660253882408142,0.5,0.0
2244.0,-0.5437179803848267,-0.705090343952179,1.653009057044983,-1.7880994081497192,-0.7360340356826782,0.6910701990127563,1.1311062574386597,-0.31524983048439026,0.01965663954615593,0.0,0.8660253882408142,0.5,0.0
2245.0,-0.5491335988044739,-0.7101923227310181,1.6722204685211182,-1.7977811098098755,-0.739656925201416,0.6850863099098206,1.1186590194702148,-0.31524983048439026,0.016535501927137375,0.0,0.8660253882408142,0.5,0.0
2246.0,-0.5524364709854126,-0.7063196897506714,1.6831954717636108,-1.8099528551101685,-0.741875171661377,0.6814602017402649,1.1111807823181152,-0.31524983048439026,0.007563215680420399,0.0,0.8660253882408142,0.5,0.0
2247.0,-0.5523240566253662,-0.723587155342102,1.6838328838348389,-1.7934136390686035,-0.7417995929718018,0.6815832853317261,1.1114338636398315,-0.31524983048439026,0.025678228586912155,0.0,0.8660253882408142,0.5,0.0
2248.0,-0.5560129284858704,-0.7354543805122375,1.6967475414276123,-1.79149329662323,-0.7442845106124878,0.6775534749031067,1.103177547454834,-0.31524983048439026,0.03251762315630913,0.0,0.8660253882408142,0.5,0.0
2249.0,-0.5563691258430481,-0.7240025401115417,1.6974526643753052,-1.8033649921417236,-0.7445248961448669,0.6771654486656189,1.1023857593536377,-0.31524983048439026,0.020099323242902756,0.0,0.8660253882408142,0.5,0.0
2250.0,-0.5614690780639648,-0.7212942242622375,1.713963270187378,-1.818521499633789,-0.747974693775177,0.6716327667236328,1.0911533832550049,-0.31524983048439026,0.010106396861374378,0.0,0.8660253882408142,0.5,0.0
2251.0,-0.5626634359359741,-0.7365108132362366,1.718663215637207,-1.8070597648620605,-0.7487848401069641,0.6703429818153381,1.0885504484176636,-0.31524983048439026,0.024000894278287888,0.0,0.8660253882408142,0.5,0.0
2252.0,-0.5662419199943542,-0.7491210699081421,1.7306110858917236,-1.8035796880722046,-0.7512169480323792,0.6664921045303345,1.0808138847351074,-0.31524983048439026,0.03194625303149223,0.0,0.8660253882408142,0.5,0.0
2253.0,-0.5726238489151001,-0.749946653842926,1.7506083250045776,-1.817778468132019,-0.7555727362632751,0.6596739292144775,1.0672420263290405,-0.31524983048439026,0.02423543855547905,0.0,0.8660253882408142,0.5,0.0
2254.0,-0.5693482756614685,-0.732571542263031,1.7395788431167603,-1.8266681432724,-0.7533341646194458,0.6631655097007751,1.0741722583770752,-0.31524983048439026,0.011000496335327625,0.0,0.8660253882408142,0.5,0.0
2255.0,-0.5747801065444946,-0.742353081703186,1.756798505783081,-1.8298969268798828,-0.7570496201515198,0.6573846340179443,1.062720537185669,-0.31524983048439026,0.013872814364731312,0.0,0.8660253882408142,0.5,0.0
2256.0,-0.5734794735908508,-0.7297641634941101,1.7520231008529663,-1.8387140035629272,-0.7561584711074829,0.6587646007537842,1.065443992614746,-0.31524983048439026,0.0029590546619147062,0.0,0.8660253882408142,0.5,0.0
2257.0,-0.5809400677680969,-0.7382898926734924,1.77482008934021,-1.8472658395767212,-0.7612830996513367,0.6508836150169373,1.0499769449234009,-0.31524983048439026,0.00239430065266788,0.0,0.8660253882408142,0.5,0.0
2258.0,-0.5770569443702698,-0.7227576971054077,1.7621221542358398,-1.853065848350525,-0.7586119174957275,0.6549749970436096,1.0579805374145508,-0.31524983048439026,-0.008284124545753002,0.0,0.8660253882408142,0.5,0.0
2259.0,-0.5707225799560547,-0.716802179813385,1.7425755262374878,-1.8443645238876343,-0.7542726397514343,0.6616985201835632,1.0712554454803467,-0.31524983048439026,-0.006500023417174816,0.0,0.8660253882408142,0.5,0.0
2260.0,-0.5666037201881409,-0.7187091112136841,1.7300409078598022,-1.8331377506256104,-0.7514632344245911,0.6661038994789124,1.0800368785858154,-0.31524983048439026,0.000633281480986625,0.0,0.8660253882408142,0.5,0.0
2261.0,-0.5709134936332703,-0.7050586342811584,1.7419766187667847,-1.855360984802246,-0.7544031143188477,0.6614949703216553,1.0708513259887695,-0.31524983048439026,-0.018359500914812088,0.0,0.8660253882408142,0.5,0.0
2262.0,-0.5658769607543945,-0.7000754475593567,1.7260106801986694,-1.848311185836792,-0.7509685754776001,0.6668838262557983,1.0815986394882202,-0.31524983048439026,-0.017069105058908463,0.0,0.8660253882408142,0.5,0.0
2263.0,-0.5595105290412903,-0.6985235810279846,1.7057608366012573,-1.8346446752548218,-0.7466480731964111,0.6737526059150696,1.0954442024230957,-0.31524983048439026,-0.010333704762160778,0.0,0.8660253882408142,0.5,0.0
2264.0,-0.5548475980758667,-0.6999512910842896,1.690712332725525,-1.8218963146209717,-0.7434986233711243,0.6788240671157837,1.1057746410369873,-0.31524983048439026,-0.002456921385601163,0.0,0.8660253882408142,0.5,0.0
2265.0,-0.5544373989105225,-0.6877015233039856,1.688154697418213,-1.8319181203842163,-0.743222177028656,0.6792719960212708,1.1066912412643433,-0.31524983048439026,-0.014378118328750134,0.0,0.8660253882408142,0.5,0.0
2266.0,-0.5575587749481201,-0.6818802356719971,1.6976325511932373,-1.8447157144546509,-0.7453282475471497,0.6758711934089661,1.0997483730316162,-0.31524983048439026,-0.024506215006113052,0.0,0.8660253882408142,0.5,0.0
2267.0,-0.5621093511581421,-0.6844916939735413,1.7124214172363281,-1.8532752990722656,-0.748408854007721,0.6709409952163696,1.089756727218628,-0.31524983048439026,-0.02781473472714424,0.0,0.8660253882408142,0.5,0.0
2268.0,-0.5654547810554504,-0.6783063411712646,1.72198486328125,-1.8663861751556396,-0.7506813406944275,0.6673374176025391,1.082507848739624,-0.31524983048439026,-0.038115087896585464,0.0,0.8660253882408142,0.5,0.0
2269.0,-0.5706179141998291,-0.6937986016273499,1.7397594451904297,-1.8646334409713745,-0.7542011737823486,0.6618101596832275,1.0714771747589111,-0.31524983048439026,-0.02908748760819435,0.0,0.8660253882408142,0.5,0.0
2270.0,-0.5760185718536377,-0.6929979920387268,1.7556835412979126,-1.8771840333938599,-0.7578990459442139,0.6560729146003723,1.0601378679275513,-0.31524983048439026,-0.036121103912591934,0.0,0.8660253882408142,0.5,0.0
2271.0,-0.5758252143859863,-0.7087172269821167,1.7570539712905884,-1.8629839420318604,-0.7577663660049438,0.656277596950531,1.0605404376983643,-0.31524983048439026,-0.02059542015194893,0.0,0.8660253882408142,0.5,0.0
2272.0,-0.5795611143112183,-0.704600989818573,1.7674771547317505,-1.874662160873413,-0.7603335976600647,0.6523338556289673,1.0528076887130737,-0.31524983048439026,-0.02884512022137642,0.0,0.8660253882408142,0.5,0.0
2273.0,-0.5822081565856934,-0.7193116545677185,1.776776671409607,-1.8672374486923218,-0.7621572017669678,0.649552583694458,1.0473849773406982,-0.31524983048439026,-0.017550338059663773,0.0,0.8660253882408142,0.5,0.0
2274.0,-0.583993673324585,-0.7323617339134216,1.783158779144287,-1.8592175245285034,-0.763389527797699,0.6476824283599854,1.0437531471252441,-0.31524983048439026,-0.006892266683280468,0.0,0.8660253882408142,0.5,0.0
2275.0,-0.5901243686676025,-0.730175256729126,1.8002150058746338,-1.8738566637039185,-0.767633855342865,0.6412978172302246,1.0314399003982544,-0.31524983048439026,-0.015674088150262833,0.0,0.8660253882408142,0.5,0.0
2276.0,-0.5864667892456055,-0.7161564230918884,1.78850519657135,-1.8789050579071045,-0.7650992274284363,0.6451001167297363,1.0387569665908813,-0.31524983048439026,-0.025225255638360977,0.0,0.8660253882408142,0.5,0.0
2277.0,-0.5853302478790283,-0.703780472278595,1.783785343170166,-1.8874167203903198,-0.7643131017684937,0.6462857127189636,1.0410481691360474,-0.31524983048439026,-0.03586556389927864,0.0,0.8660253882408142,0.5,0.0
2278.0,-0.5907954573631287,-0.7005550861358643,1.7984405755996704,-1.9012022018432617,-0.7680996656417847,0.6406023502349854,1.030106544494629,-0.31524983048439026,-0.044496674090623856,0.0,0.8660253882408142,0.5,0.0
2279.0,-0.5860440135002136,-0.691093921661377,1.783981204032898,-1.8997615575790405,-0.7648066878318787,0.6455409526824951,1.039608359336853,-0.31524983048439026,-0.048680637031793594,0.0,0.8660253882408142,0.5,0.0
2280.0,-0.5817726850509644,-0.6804449558258057,1.770362377166748,-1.9000203609466553,-0.7618569135665894,0.6500093936920166,1.0482739210128784,-0.31524983048439026,-0.054414693266153336,0.0,0.8660253882408142,0.5,0.0
2281.0,-0.58094722032547,-0.6907075643539429,1.7695897817611694,-1.8896124362945557,-0.761288046836853,0.6508761048316956,1.0499622821807861,-0.31524983048439026,-0.04373583570122719,0.0,0.8660253882408142,0.5,0.0
2282.0,-0.5725876092910767,-0.673791766166687,1.7427875995635986,-1.8861405849456787,-0.7555479407310486,0.6597124338150024,1.067318320274353,-0.31524983048439026,-0.050876278430223465,0.0,0.8660253882408142,0.5,0.0
2283.0,-0.573634684085846,-0.6623280048370361,1.7439465522766113,-1.8979536294937134,-0.7562647461891174,0.6585997939109802,1.065118432044983,-0.31524983048439026,-0.06310107558965683,0.0,0.8660253882408142,0.5,0.0
2284.0,-0.566702663898468,-0.6580039262771606,1.7225979566574097,-1.8863224983215332,-0.751530647277832,0.6659977436065674,1.0798245668411255,-0.31524983048439026,-0.059495266526937485,0.0,0.8660253882408142,0.5,0.0
2285.0,-0.5637449622154236,-0.6635304689407349,1.714496374130249,-1.8750194311141968,-0.7495191097259521,0.6691769361495972,1.0862025022506714,-0.31524983048439026,-0.0505884550511837,0.0,0.8660253882408142,0.5,0.0
2286.0,-0.5582943558692932,-0.6540042161941528,1.6959413290023804,-1.870313286781311,-0.7458254098892212,0.6750719547271729,1.0981228351593018,-0.31524983048439026,-0.053281527012586594,0.0,0.8660253882408142,0.5,0.0
