time,ur20-shoulder_pan_joint,ur20-shoulder_lift_joint,ur20-elbow_joint,ur20-wrist_1_joint,ur20-wrist_2_joint,ur20-wrist_3_joint,target-POS_X,target-POS_Y,target-POS_Z,target-ROT_X,target-ROT_Y,target-ROT_Z,target-ROT_W
0.0,-0.430375337600708,-0.7490460276603699,2.2529971599578857,-0.8954173922538757,1.0646886825561523,-0.3257315456867218,0.7508829236030579,-0.041236717253923416,-0.11165553331375122,0.6603988429042814,-0.5602440192802117,-0.3234570577733061,0.3812814431992151
1.0,-0.470356822013855,-0.7420618534088135,2.2304012775421143,-0.8402450084686279,0.9760120511054993,-0.4012632369995117,0.7552448511123657,-0.06149984151124954,-0.11152632534503937,0.6794832949104154,-0.5369380243473509,-0.31000133800223195,0.39229986029117486
2.0,-0.4945162832736969,-0.751054048538208,2.203674077987671,-0.7648966908454895,0.9070260524749756,-0.4685382843017578,0.7643998265266418,-0.07580778002738953,-0.09932049363851547,0.6962291984812236,-0.5150387769703483,-0.29735771678066664,0.40196809533851047
3.0,-0.4821520745754242,-0.7695226669311523,2.2070207595825195,-0.7619389295578003,0.9265841245651245,-0.44854462146759033,0.7675617933273315,-0.07024914026260376,-0.0876234769821167,0.6929132728332085,-0.5194913247527484,-0.2999284067484478,0.40005363473357397
4.0,-0.46797773241996765,-0.791846513748169,2.2086126804351807,-0.7538347840309143,0.9483250975608826,-0.4272101819515228,0.7721854448318481,-0.06426507979631424,-0.07303790003061295,0.689379142284019,-0.524172106855653,-0.30263092007039494,0.39801322439788667
5.0,-0.4453054666519165,-0.8200217485427856,2.213050127029419,-0.7516718506813049,0.98945152759552,-0.38911789655685425,0.77731853723526,-0.05438753962516785,-0.05545050650835037,0.6816888576570954,-0.5341350830325634,-0.3083830782936897,0.393573235169859
6.0,-0.4360961318016052,-0.8359458446502686,2.211632251739502,-0.7406277656555176,1.0025590658187866,-0.3775339126586914,0.7811322212219238,-0.0506587028503418,-0.04442176967859268,0.6797856152929642,-0.5365552279231275,-0.30978032503264175,0.3924744002502553
7.0,-0.4815489947795868,-0.8118603825569153,2.17948842048645,-0.669097900390625,0.8906692266464233,-0.4858975112438202,0.7847033739089966,-0.07379098236560822,-0.051112156361341476,0.7049416411334487,-0.503047992682871,-0.29043486313583966,0.40699826772245645
8.0,-0.48609763383865356,-0.7981030941009521,2.183572769165039,-0.6865603923797607,0.8901116251945496,-0.48650020360946655,0.7805663347244263,-0.075279600918293,-0.061802394688129425,0.7039794517045488,-0.5043936336983902,-0.29121177974919915,0.40644273052620966
9.0,-0.5005185008049011,-0.7750903964042664,2.180184841156006,-0.6905640959739685,0.8680235147476196,-0.5109871625900269,0.7764583826065063,-0.08192728459835052,-0.0766933485865593,0.7076481958431595,-0.4992335184381326,-0.2882324956800652,0.4085608319722359
10.0,-0.5285623669624329,-0.7471898794174194,2.1561965942382812,-0.6438562273979187,0.8065007328987122,-0.5865407586097717,0.7767370343208313,-0.0971851497888565,-0.08913532644510269,0.7211573851300985,-0.47951230362723907,-0.27684652652508907,0.4163603935215386
11.0,-0.5337738394737244,-0.7546969652175903,2.1370368003845215,-0.5887694954872131,0.7773575186729431,-0.6269904971122742,0.7839248776435852,-0.10206787288188934,-0.07783732563257217,0.7296129352552668,-0.4665458084386016,-0.26936031903776997,0.4212422009538412
12.0,-0.5186228156089783,-0.7831829190254211,2.14042329788208,-0.5821759104728699,0.7959499359130859,-0.6007882952690125,0.7894080877304077,-0.09481621533632278,-0.05862224102020264,0.727009449538028,-0.4705924524418303,-0.2716966856870405,0.4197391034605602
13.0,-0.5309892296791077,-0.7842344045639038,2.1028835773468018,-0.4845846891403198,0.7410542368888855,-0.6827990412712097,0.8010099530220032,-0.10528130829334259,-0.04472051188349724,0.742306316212285,-0.446073249668797,-0.2575405203888214,0.4285707283507837
14.0,-0.5472429394721985,-0.7609925270080566,2.079460382461548,-0.4341558516025543,0.7028959393501282,-0.7497276663780212,0.8030291795730591,-0.11606742441654205,-0.05297243967652321,0.7515415293335906,-0.43033167077033996,-0.24845204235944077,0.43390271428784427
15.0,-0.5582112669944763,-0.7348286509513855,2.08508038520813,-0.4639776051044464,0.7015382051467896,-0.7522980570793152,0.7953093647956848,-0.12071302533149719,-0.07468906044960022,0.749635689709541,-0.4336430875278199,-0.2503639718262531,0.43280236478608053
16.0,-0.5720793008804321,-0.7079710960388184,2.076125383377075,-0.4555456042289734,0.6841696500778198,-0.7865215539932251,0.7916361689567566,-0.1284564733505249,-0.09152758866548538,0.7526635604526042,-0.4283662032422847,-0.2473173270916838,0.4345504578375494
17.0,-0.5744737386703491,-0.6965582370758057,2.0887160301208496,-0.49735212326049805,0.695740282535553,-0.7634396553039551,0.7849675416946411,-0.12758928537368774,-0.10457993298768997,0.7481036016397554,-0.43628092302480986,-0.2518868421315889,0.4319177886811588
18.0,-0.5563997030258179,-0.7205309867858887,2.1164817810058594,-0.5563483834266663,0.7365039587020874,-0.6902896761894226,0.7822912931442261,-0.1152249127626419,-0.09608016908168793,0.7381218663492125,-0.4529637181694443,-0.2615186531428335,0.42615487149348175
19.0,-0.5357740521430969,-0.7239062786102295,2.1629347801208496,-0.676071286201477,0.8088940978050232,-0.5833673477172852,0.7693720459938049,-0.09915001690387726,-0.10745761543512344,0.718623599423745,-0.4833012938291399,-0.27903405314275836,0.4148975523199251
20.0,-0.4518090486526489,-0.7557742595672607,2.1435439586639404,-0.5009765625,1.0564048290252686,-0.5429613590240479,0.7698779106140137,-0.06581105291843414,-0.09380006045103073,0.7304375552465746,-0.5512140689928252,-0.24291389998695448,0.32189573657149934
21.0,-0.41116660833358765,-0.8063579797744751,2.2421321868896484,-0.8342788815498352,1.083465814590454,-0.31096234917640686,0.7664320468902588,-0.036079976707696915,-0.07209218293428421,0.6593836613468377,-0.5614385535304799,-0.32414664000448934,0.38069527647744916
22.0,-0.3616529107093811,-0.8270068168640137,2.2529826164245605,-0.8596092462539673,1.1994673013687134,-0.2267543226480484,0.7687156200408936,-0.01603643223643303,-0.06199539825320244,0.6336260935199329,-0.5903541486341304,-0.3408410694712348,0.3658241629018583
23.0,-0.34854161739349365,-0.8210753202438354,2.258565902709961,-0.8809365034103394,1.242203712463379,-0.19814340770244598,0.7662145495414734,-0.011585604399442673,-0.06746374815702438,0.6224846516360057,-0.6020904230299915,-0.34761705389222575,0.35939165935849976
24.0,-0.3270030915737152,-0.8370850086212158,2.256756544113159,-0.8708013296127319,1.2812080383300781,-0.17288990318775177,0.77000492811203,-0.002395888324826956,-0.05694318935275078,0.615127476200485,-0.6096049187551118,-0.35195560981464336,0.355144026801519
25.0,-0.3163784146308899,-0.8554220199584961,2.251648426055908,-0.8504306077957153,1.2986953258514404,-0.16179807484149933,0.7751831412315369,0.0013560880906879902,-0.043951962143182755,-0.6121164758557313,0.6126282705648669,0.35370111967928786,-0.3534056310081639
26.0,-0.29929789900779724,-0.8524577617645264,2.2534706592559814,-0.8615264296531677,1.3393664360046387,-0.13647712767124176,0.774378776550293,0.008441897109150887,-0.0467473641037941,-0.6027309160864054,0.6218645060770238,0.35903362103453895,-0.3479868357309639
27.0,-0.3293955624103546,-0.8632428050041199,2.2464399337768555,-0.8311921954154968,1.2645736932754517,-0.18356865644454956,0.7783093452453613,-0.004486692138016224,-0.037324171513319016,0.6203244501070985,-0.6043158252296906,-0.34890185347958486,0.35814446333120137
28.0,-0.37716519832611084,-0.8467866778373718,2.2402541637420654,-0.8140415549278259,1.1509928703308105,-0.26063352823257446,0.776069164276123,-0.02358359470963478,-0.04564914107322693,0.645930915754936,-0.5768649909969965,-0.333053224998767,0.3729283893081157
29.0,-0.33342570066452026,-0.7980540990829468,2.268005847930908,-0.9200117588043213,1.275405764579773,-0.17660008370876312,0.7586776614189148,-0.0025215863715857267,-0.08446884155273438,0.6152435470582387,-0.6094877688040315,-0.3518879658497815,0.35521105975403316
30.0,-0.294173002243042,-0.7974095940589905,2.269500732421875,-0.9340450763702393,1.3498378992080688,-0.13005422055721283,0.7586998343467712,0.015499068424105644,-0.0859927162528038,-0.6005274129035388,0.6239926957414199,0.36026229111122243,-0.34671461407911724
31.0,-0.29635798931121826,-0.8141748905181885,2.2649905681610107,-0.9118682742118835,1.3432223796844482,-0.13410773873329163,0.7634199261665344,0.013450381346046925,-0.07421904802322388,-0.6022476598699454,0.622332514361965,0.35930384812852634,-0.34770784067823657
32.0,-0.2532972991466522,-0.8081392645835876,2.2644715309143066,-0.9286149740219116,1.4517779350280762,-0.06909655034542084,0.7625244855880737,0.029165180400013924,-0.07918157428503036,-0.5759233958459166,0.6467706724495234,0.37341314498745865,-0.3325094923864196
33.0,-0.23539218306541443,-0.8304641842842102,2.2556636333465576,-0.8998852968215942,1.4938267469406128,-0.044541068375110626,0.7696107029914856,0.03431912511587143,-0.0632941946387291,-0.5659187162761435,0.6555425586550868,0.37847761995410245,-0.32673330340536433
34.0,-0.24421009421348572,-0.8516197204589844,2.2504069805145264,-0.8723694682121277,1.4722191095352173,-0.05712971091270447,0.7754624485969543,0.0295640267431736,-0.04800493270158768,-0.5711985640813682,0.6509471974206523,0.3758244757712962,-0.3297816095127379
35.0,-0.25662994384765625,-0.8728010058403015,2.2325448989868164,-0.8002621531486511,1.4436246156692505,-0.07925756275653839,0.7831816673278809,0.022518215700984,-0.032069481909275055,-0.5838664644599023,0.6498695719697037,0.3619605164330947,-0.325198517294429
36.0,-0.2032867968082428,-0.8407749533653259,2.24458646774292,-0.8802024126052856,1.5648038387298584,-0.0034597909543663263,0.7752693295478821,0.04636051133275032,-0.055043067783117294,-0.5493947574238844,0.6694515539307749,0.38650804599858946,-0.317193234217211
37.0,-0.1992708444595337,-0.8166108131408691,2.250525951385498,-0.9103161692619324,1.5713212490081787,0.0003030420921277255,0.7686766982078552,0.049740176647901535,-0.07244084030389786,-0.5482191578593474,0.6704146509817315,0.3870640352958273,-0.31651442824228687
38.0,-0.2023627907037735,-0.7983046174049377,2.256303071975708,-0.9343873858451843,1.5642508268356323,-0.003779128659516573,0.7631521224975586,0.049641210585832596,-0.08553415536880493,-0.5499176317218482,0.6690220966766955,0.3862601274738099,-0.3174951124091021
39.0,-0.16683533787727356,-0.7879484295845032,2.2471840381622314,-0.9342841506004333,1.6391716003417969,0.03954841196537018,0.7637888193130493,0.0645170658826828,-0.0917915627360344,-0.532679201771313,0.6828270864725647,0.39423044407999824,-0.3075425091595516
40.0,-0.16030308604240417,-0.8057435154914856,2.239910840988159,-0.9083366990089417,1.6585534811019897,0.05081893503665924,0.7695542573928833,0.06548172980546951,-0.07873877137899399,-0.5272439435452106,0.6870326459900892,0.3966584577051456,-0.3044043943009478
41.0,-0.11561857163906097,-0.805092990398407,2.2176032066345215,-0.878150999546051,1.7620866298675537,0.11204291880130768,0.7762233018875122,0.08266950398683548,-0.07612166553735733,-0.501016686069405,0.7063868166305998,0.40783256045748817,-0.2892620752902254
42.0,-0.101491779088974,-0.7813957929611206,2.216193914413452,-0.8972382545471191,1.7880949974060059,0.12781786918640137,0.7717007398605347,0.09001034498214722,-0.09257236123085022,-0.4953060632075198,0.7104026570113996,0.41015113631942024,-0.2859650573704775
43.0,-0.08252787590026855,-0.7923091650009155,2.2004482746124268,-0.8632352352142334,1.8375744819641113,0.15844771265983582,0.778622567653656,0.09646584093570709,-0.08243732899427414,-0.4814455099391258,0.7198681591631502,0.4156161218941608,-0.27796275578604185
44.0,-0.09468034654855728,-0.8165708184242249,2.2005271911621094,-0.8422985672950745,1.8170827627182007,0.14565451443195343,0.7836765050888062,0.0896947979927063,-0.06513745337724686,-0.4856792110089085,0.7170186206645749,0.41397090037552625,-0.2804070171310103
45.0,-0.11540412902832031,-0.8410483002662659,2.20515513420105,-0.8282155394554138,1.7749866247177124,0.11984220892190933,0.7871992588043213,0.07959683239459991,-0.04852329567074776,-0.4957821514293803,0.7100704489168346,0.4099593737531615,-0.28623998283086866
46.0,-0.11296653747558594,-0.8552009463310242,2.197464942932129,-0.8048736453056335,1.7868040800094604,0.12703007459640503,0.7925085425376892,0.07909609377384186,-0.036896251142024994,-0.4917578349208464,0.7128633762491073,0.41157189268148636,-0.28391656477082167
47.0,-0.06642086803913116,-0.8432266116142273,2.167901039123535,-0.7676846385002136,1.901435136795044,0.1994895488023758,0.7987675070762634,0.09810742735862732,-0.03907671198248863,-0.46006420004754833,0.7337172117922844,0.4236118099785406,-0.26561818349102223
48.0,-0.06177756190299988,-0.8190789222717285,2.174285888671875,-0.7981256246566772,1.9018630981445312,0.19977137446403503,0.7919920086860657,0.10214309394359589,-0.05818931758403778,-0.4615816896293603,0.7327635081313066,0.4230611903523704,-0.2664943041936186
49.0,-0.030733227729797363,-0.8006162643432617,2.152108669281006,-0.7770039439201355,1.9731967449188232,0.2482779324054718,0.7952742576599121,0.1161891520023346,-0.06709367781877518,-0.44183995458832387,0.7448338958706658,0.4300299864967799,-0.25509632064201426
50.0,-0.04258718714118004,-0.7916347980499268,2.167722702026367,-0.8108615875244141,1.9374827146530151,0.22359322011470795,0.7885110974311829,0.11221115291118622,-0.07698867470026016,-0.45316916406820584,0.7379957555414688,0.4260820202886057,-0.26163731677128993
51.0,-0.03465747460722923,-0.7614907622337341,2.1715245246887207,-0.8433989882469177,1.9432071447372437,0.2274928241968155,0.7808689475059509,0.11786934733390808,-0.09977606683969498,-0.45359267944306464,0.7377355047351011,0.4259318039124864,-0.2618818524158599
52.0,-0.010622229427099228,-0.7691994905471802,2.1442036628723145,-0.7900115847587585,2.0090832710266113,0.27401411533355713,0.7909966707229614,0.1271219700574875,-0.08886533975601196,-0.43332706315946584,0.7498183813438462,0.4329078933640597,-0.2501815484714632
53.0,-0.0028348304331302643,-0.7823224067687988,2.129058361053467,-0.7517130970954895,2.0398056507110596,0.2968977391719818,0.7983678579330444,0.12899324297904968,-0.07560852915048599,-0.42233994394980057,0.7560614703348448,0.4365123051272134,-0.24383812723222434
54.0,0.02201147750020027,-0.7657739520072937,2.103661298751831,-0.7202920913696289,2.099534749984741,0.3440490961074829,0.8030254244804382,0.14087270200252533,-0.08229951560497284,-0.4041422892531055,0.7659432342662092,0.4422175104432305,-0.23333162103853358
55.0,0.01071162335574627,-0.7922996282577515,2.1052322387695312,-0.7008383870124817,2.085991382598877,0.3330165147781372,0.808112382888794,0.1336393654346466,-0.062117382884025574,-0.4061627917772396,0.7648736920711621,0.44160003128014264,-0.23449826039125535
56.0,0.019315851852297783,-0.8022525906562805,2.085165023803711,-0.6560665965080261,2.1210737228393555,0.3620550036430359,0.816658616065979,0.13611175119876862,-0.04886365309357643,-0.39291628544881707,0.7717621350393727,0.44557709899909503,-0.22685027748742886
57.0,0.0006522327894344926,-0.8198809027671814,2.1032145023345947,-0.6747509837150574,2.0770299434661865,0.32583194971084595,0.8143144249916077,0.1267131268978119,-0.040170229971408844,-0.40649798476703264,0.764695664771523,0.44149717644411185,-0.23469165271022563
58.0,-0.038657549768686295,-0.8264232873916626,2.1482744216918945,-0.7489290833473206,1.967456579208374,0.2442515343427658,0.8016608953475952,0.11048775166273117,-0.046937279403209686,-0.44143391937469717,0.7450745637430521,0.4301689792099808,-0.25486199915647884
59.0,-0.1336822807788849,-0.8282602429389954,2.2204220294952393,-0.8614717721939087,1.7265710830688477,0.09079588949680328,0.7799586057662964,0.07376280426979065,-0.06026012822985649,-0.5091624087299177,0.7005381716216892,0.4044558192436543,-0.29396496715975146
60.0,-0.17849700152873993,-0.8570714592933655,2.230802536010742,-0.8492149114608765,1.6271247863769531,0.03256145119667053,0.7826154232025146,0.054220713675022125,-0.041720569133758545,-0.5334497378656576,0.6822253120170407,0.393882966161538,-0.30798735328273025
61.0,-0.175526425242424,-0.8801765441894531,2.1527066230773926,-0.5721274018287659,1.6313971281051636,0.05100949481129646,0.7998396158218384,0.05279301479458809,-0.016817918047308922,-0.5543613506219558,0.7171852867552855,0.3341127361769054,-0.25825846921780055
62.0,-0.26515066623687744,-0.8782290816307068,2.073427677154541,-0.2786135971546173,1.4338407516479492,-0.17618639767169952,0.8151005506515503,0.008771889843046665,0.0035677156411111355,-0.6538985637291539,0.6822503331278684,0.2361015728482563,-0.22629007622616162
63.0,-0.18394741415977478,-0.8502843379974365,1.970415472984314,-0.04062831029295921,1.603475570678711,0.060990337282419205,0.8404492735862732,0.042955078184604645,0.016990892589092255,-0.5937418720906367,0.7668747534272321,0.1926694823746745,-0.14917162077185858
64.0,-0.1436183601617813,-0.8303096890449524,1.921344518661499,0.05208177492022514,1.678187608718872,0.23095403611660004,0.8543554544448853,0.0628284439444542,0.02047872543334961,-0.5400526604059068,0.8128267907627845,0.18182708147550392,-0.120808297102789
65.0,-0.09537205845117569,-0.8181633949279785,1.8999947309494019,0.05899647995829582,1.7736549377441406,0.4139469563961029,0.8620291352272034,0.08822518587112427,0.018373632803559303,-0.47334729439024037,0.8491833221708979,0.20452940080776258,-0.11400766836250216
66.0,-0.049858108162879944,-0.8133522272109985,1.9087861776351929,-0.015902362763881683,1.8886873722076416,0.5287331938743591,0.8609827160835266,0.10999888926744461,0.010333853773772717,-0.42204549000081765,0.8606143806579231,0.2558796615310035,-0.12548342914316737
67.0,0.011714019812643528,-0.7861395478248596,1.8824200630187988,-0.040804944932460785,2.0529086589813232,0.6860066056251526,0.8692078590393066,0.13964980840682983,0.0006252931198105216,-0.3521441710052461,0.872623499437324,0.3138224501172144,-0.12664193957459524
68.0,0.04813453182578087,-0.7558004260063171,1.8396217823028564,-0.0002816480991896242,2.159149646759033,0.8085514307022095,0.8810522556304932,0.1579403430223465,-0.0044715809635818005,-0.3018380048013465,0.8811448538329051,0.3443325829573903,-0.11795184498439605
69.0,0.05066657066345215,-0.7193382382392883,1.7509669065475464,0.20343820750713348,2.142130136489868,0.9977450370788574,0.90779048204422,0.1637466549873352,0.0039062246214598417,-0.24544482478410132,0.9148035938423029,0.3098093065416909,-0.0831228985302206
70.0,-0.03187204524874687,-0.7634373307228088,1.7913661003112793,0.23130880296230316,1.8924893140792847,0.7761949300765991,0.8968449234962463,0.12369785457849503,0.020189546048641205,-0.33987185343490617,0.9143309897566013,0.20639722106711347,-0.076721258782743
71.0,-0.10145562887191772,-0.7794855237007141,1.8117165565490723,0.26662659645080566,1.7352014780044556,0.5307596325874329,0.8876170516014099,0.08629079163074493,0.027248820289969444,-0.43663967120728636,0.8857073358841877,0.1414430978256786,-0.06972921028093956
72.0,-0.13961023092269897,-0.7877974510192871,1.828105092048645,0.26723310351371765,1.6668213605880737,0.34178513288497925,0.8804233074188232,0.06431466341018677,0.02898772619664669,-0.5077001261348956,0.8501708443879276,0.11973814343248114,-0.07150450533128694
73.0,-0.1436026245355606,-0.7373616695404053,1.7330306768417358,0.46635448932647705,1.6291791200637817,-1.713931679725647,0.9111115336418152,0.062248595058918,0.03396560996770859,0.9980956168733098,-0.0018197984275625345,-0.04961491035164439,-0.03660858618915027
74.0,-0.15435908734798431,-0.7279213666915894,1.7237555980682373,0.5107406377792358,1.5939003229141235,-1.7249176502227783,0.910495936870575,0.05814077705144882,0.03410647064447403,0.9994177545009179,-0.0004896838297110301,-0.02994818665858994,-0.016340695026599787
75.0,-0.12639805674552917,-0.71224045753479,1.687605381011963,0.5436182022094727,1.6094149351119995,-1.6971515417099,0.927376925945282,0.07876421511173248,0.03412020206451416,0.9994780755818948,-0.000521561129445092,-0.023259546098103837,-0.022412003935629785
76.0,-0.12717773020267487,-0.6940320134162903,1.6517380475997925,0.5967100262641907,1.5869419574737549,-1.6979777812957764,0.9428433179855347,0.07956573367118835,0.03481804579496384,0.9999338772642417,-6.425394943345432e-05,-0.007099744206602107,-0.009046026914137896
77.0,-0.14542901515960693,-0.694976806640625,1.6568182706832886,0.6007248759269714,1.5778889656066895,-1.716225266456604,0.9401232004165649,0.06434508413076401,0.03498150780797005,0.9999852452951679,-1.4630757614761676e-05,-0.0035576015944687946,-0.004105173418860577
78.0,-0.15424419939517975,-0.6882092952728271,1.640616774559021,0.6135694980621338,1.5760103464126587,-1.725041389465332,0.9494045972824097,0.05498812347650528,0.03498523309826851,0.9999936984996063,-5.850397536519662e-06,-0.0019805332826657585,-0.0029462543624021015
79.0,-0.14106649160385132,-0.6823433041572571,1.6258213520050049,0.6232513785362244,1.5765615701675415,-1.7118644714355469,0.9568710327148438,0.06623315066099167,0.03498588874936104,0.9999937778029203,-5.035142246132204e-06,-0.001607946214676689,-0.003139878829209091
80.0,-0.13530772924423218,-0.6712948679924011,1.598531723022461,0.6420326232910156,1.5735797882080078,-1.7061045169830322,0.9714944362640381,0.07016182690858841,0.0349874384701252,0.9999987401352085,-8.320088451165338e-07,-0.000568707566222379,-0.0014819915680237298
81.0,-0.13184024393558502,-0.6603185534477234,1.5712677240371704,0.6598471403121948,1.5707963705062866,-1.7026365995407104,0.9862160086631775,0.07197804003953934,0.03498800843954086,0.9999999999999998,1.4405114190368966e-08,-5.004543600830393e-09,-2.2710676622361194e-08
82.0,-0.14719456434249878,-0.6646861433982849,1.5822980403900146,0.6531528830528259,1.5708521604537964,-1.7179908752441406,0.9811134934425354,0.05772191658616066,0.03498800843954086,0.9999999994859258,-8.386970045603243e-09,-1.1508425723867457e-05,-2.9928328846520017e-05
83.0,-0.15894575417041779,-0.6689608097076416,1.592917799949646,0.6461958885192871,1.5719047784805298,-1.729742169380188,0.9759069085121155,0.04695690795779228,0.0349879153072834,0.9999997946637055,-1.3410032448096402e-07,-0.00022994712478838705,-0.0005981612232717434
84.0,-0.17952241003513336,-0.6745156049728394,1.6070550680160522,0.6376115679740906,1.5718660354614258,-1.7503188848495483,0.9688094854354858,0.028299419209361076,0.0349879153072834,0.9999998049146124,-9.85598655148317e-08,-0.00022195913871093334,-0.0005838705920390489
85.0,-0.19272394478321075,-0.6771798133850098,1.6139614582061768,0.6336514949798584,1.5713914632797241,-1.7635202407836914,0.965219259262085,0.016339218243956566,0.034987982362508774,0.9999999392384716,-6.94336636874533e-08,-0.00012123732757603899,-0.0003268402646689185
86.0,-0.20615005493164062,-0.6775632500648499,1.6150562763214111,0.6332504749298096,1.570894479751587,-1.7769464254379272,0.9647088050842285,0.003591777291148901,0.03498800843954086,0.9999999984469313,2.055944750320969e-08,-1.580793272874422e-05,-5.344386038803885e-05
87.0,-0.2051132619380951,-0.6685504913330078,1.5921084880828857,0.6472382545471191,1.5707963705062866,-1.7759095430374146,0.9774135947227478,0.0019634696654975414,0.03498800843954086,0.9999999999999988,-2.284778942940848e-08,-3.2506128677675943e-08,-2.908618587956503e-08
88.0,-0.21817298233509064,-0.6679947376251221,1.5906975269317627,0.6480935215950012,1.5707963705062866,-1.7889692783355713,0.9781308770179749,-0.010972910560667515,0.03498800843954086,0.9999999999999998,-1.539720816939698e-08,-3.0276653806121954e-09,-2.3057613318862644e-08
89.0,-0.230274498462677,-0.6662237048149109,1.5862048864364624,0.6508150696754456,1.5707963705062866,-1.8010708093643188,0.9803838729858398,-0.023384777829051018,0.03498800843954086,0.999999999999999,-7.946628239687597e-09,-3.1764071891536063e-08,-2.989478785227912e-08
90.0,-0.24554231762886047,-0.6695932149887085,1.594706416130066,0.645541250705719,1.569690465927124,-1.8163387775421143,0.9753387570381165,-0.03702767938375473,0.034987930208444595,0.9999998446179046,1.0578265440552317e-07,-0.00020321742990320765,0.0005191019474662329
91.0,-0.25606536865234375,-0.6769453287124634,1.6133168935775757,0.6339312791824341,1.5676995515823364,-1.8268626928329468,0.9648370146751404,-0.044338077306747437,0.034987468272447586,0.9999987708072189,8.807433686003055e-07,-0.0006308660894776313,0.0014354063023208216
92.0,-0.2746236324310303,-0.6843920946121216,1.6319721937179565,0.6215324401855469,1.5640437602996826,-1.845424771308899,0.9539319276809692,-0.05885529890656471,0.034985337406396866,0.999993945960893,5.248492953909791e-06,-0.0017259425700650978,0.003021446054614335
93.0,-0.26513907313346863,-0.692258894443512,1.651918888092041,0.608555793762207,1.5642975568771362,-1.8359386920928955,0.9434858560562134,-0.04686936363577843,0.03498531132936478,0.9999938883516543,5.8386465939853105e-06,-0.002096658229077721,0.002797722202064304
94.0,-0.24632211029529572,-0.6876481771469116,1.6404770612716675,0.6166388988494873,1.566909909248352,-1.8171197175979614,0.9503123760223389,-0.031060846522450447,0.034987080842256546,0.9999978913412337,1.931070631130025e-06,-0.0011180504053013762,0.0017225773272561199
95.0,-0.24322059750556946,-0.6969128847122192,1.664139747619629,0.6014165878295898,1.5667178630828857,-1.8140177726745605,0.9372455477714539,-0.02481767348945141,0.03498683124780655,0.9999973414082637,2.6192906938077747e-06,-0.00153586093247871,0.0017199711451093118
96.0,-0.25921520590782166,-0.7036788463592529,1.6803983449935913,0.5883390307426453,1.5625561475753784,-1.8300127983093262,0.9282743334770203,-0.036898475140333176,0.03498246148228645,0.9999873971829805,1.2452865435356195e-05,-0.0038290901410782028,0.003247058488191009
97.0,-0.27044615149497986,-0.7242789268493652,1.7227740287780762,0.5343983769416809,1.5422364473342896,-1.8410853147506714,0.9095569252967834,-0.03901025280356407,0.03470790013670921,0.9997185070189548,0.00019204014724421504,-0.02207316928420347,0.0086974158302968
98.0,-0.25590214133262634,-0.7228196859359741,1.7209244966506958,0.5414236187934875,1.5500307083129883,-1.8265899419784546,0.9097367525100708,-0.026944536715745926,0.03491051867604256,0.9998239053572863,0.00010806125868912743,-0.017750783183913457,0.006087388210593536
99.0,-0.23462191224098206,-0.7092415690422058,1.6955748796463013,0.5803236961364746,1.5665374994277954,-1.8054174184799194,0.9198251962661743,-0.012522578239440918,0.034986067563295364,0.9999955910605691,3.996879734411393e-06,-0.0025079840570536374,0.0015899243433416903
100.0,-0.2271510362625122,-0.6996294260025024,1.6716986894607544,0.5978582501411438,1.569212555885315,-1.7979475259780884,0.9329412579536438,-0.009089981205761433,0.03498782962560654,0.9999995921041833,4.254605259791604e-07,-0.000601582121731867,0.0006737137647924442
101.0,-0.21400964260101318,-0.6966248154640198,1.6641596555709839,0.603121280670166,1.5708980560302734,-1.7848060131072998,0.9371048808097839,0.0020079980604350567,0.034988004714250565,0.9999999962491792,1.8289932148366108e-08,-5.770114610021055e-05,-6.459271545673598e-05
102.0,-0.2028297632932663,-0.700239896774292,1.6729469299316406,0.5963360667228699,1.572099208831787,-1.7736260890960693,0.9322224259376526,0.013282617554068565,0.034987736493349075,0.9999994035868365,-5.715578964158531e-07,-0.000727415550436123,-0.0008146731013054881
103.0,-0.19303348660469055,-0.6924226880073547,1.6526377201080322,0.6088098883628845,1.5725687742233276,-1.7638299465179443,0.9436296224594116,0.02007639780640602,0.03498764708638191,0.9999992150689709,-7.183718174699923e-07,-0.0006992419771566512,-0.0010396737871635313
104.0,-0.1815502941608429,-0.6858208775520325,1.6355738639831543,0.6191995143890381,1.5731937885284424,-1.7523469924926758,0.9530104994773865,0.029036857187747955,0.03498776629567146,0.9999988565609859,-9.193568775363957e-07,-0.0006903240484967169,-0.0013454845163085201
105.0,-0.16934119164943695,-0.6953486204147339,1.6587908267974854,0.601818323135376,1.575323462486267,-1.7401373386383057,0.9399009943008423,0.04250512644648552,0.03498518094420433,0.9999936075116536,-6.35521544687179e-06,-0.0023468123233465143,-0.002697659607739075
106.0,-0.20826813578605652,-0.6878896951675415,1.6414631605148315,0.6168705224990845,1.5711209774017334,-1.779064416885376,0.9499621391296387,0.0046303062699735165,0.034987978637218475,0.9999999713074056,-5.144455102741873e-08,-0.0001387992204830027,-0.0001952433404665367
107.0,-0.22179512679576874,-0.6888062953948975,1.6438016891479492,0.6153780221939087,1.569719672203064,-1.7925915718078613,0.9486817121505737,-0.007714920677244663,0.0349879190325737,0.9999998327451615,1.7294080832923668e-07,-0.00032469747427951024,0.0004786242466430971
108.0,-0.22456806898117065,-0.6776874661445618,1.6153596639633179,0.6330323815345764,1.5701096057891846,-1.795364499092102,0.9644760489463806,-0.014020734466612339,0.034987982362508774,0.9999999399995819,6.740923779094905e-08,-0.00012118319747364717,0.00032452343628641353
109.0,-0.24024838209152222,-0.6594204902648926,1.5707106590270996,0.6642815470695496,1.5719661712646484,-1.8110419511795044,0.9877275824546814,-0.03521567955613136,0.034986671060323715,0.999996978393255,1.77649163591452e-08,0.0024582929768123814,1.2300962231510502e-08
110.0,-0.25771358609199524,-0.6628177762031555,1.577581763267517,0.656032383441925,1.5707963705062866,-1.8285099267959595,0.9840429425239563,-0.051504261791706085,0.03498800843954086,0.9999999999999997,6.954534276801643e-09,2.670428402998954e-08,-1.556354791805933e-08
111.0,-0.2723068296909332,-0.6702902913093567,1.59642493724823,0.6443665623664856,1.5678784847259521,-1.8431041240692139,0.9731643199920654,-0.0625925362110138,0.03498752787709236,0.9999989248878214,6.990683807465658e-07,-0.0005345051180849918,0.0013654768366166217
112.0,-0.2739796042442322,-0.6610317230224609,1.5730682611465454,0.6587597727775574,1.5707963705062866,-1.844775915145874,0.9855006337165833,-0.06818490475416183,0.03498800843954086,0.9999999999999997,-7.946627587428673e-09,-1.7368519995609355e-09,-2.319059364535118e-08
113.0,-0.29378509521484375,-0.6693680882453918,1.5940778255462646,0.6457772850990295,1.5669021606445312,-1.8645833730697632,0.9729076623916626,-0.0837179496884346,0.034987159073352814,0.9999980924749502,1.276648635358793e-06,-0.0007118580903977117,0.0018188740722101734
114.0,-0.29654550552368164,-0.6598302125930786,1.5700278282165527,0.6605777144432068,1.570522427558899,-1.8673418760299683,0.9853469133377075,-0.09085998684167862,0.034988004714250565,0.999999990567293,2.329344174527149e-08,-5.005930757941325e-05,0.0001279041794557737
115.0,-0.32968175411224365,-0.6566373705863953,1.5737979412078857,0.6751657128334045,1.459297776222229,-1.9025733470916748,0.9820407629013062,-0.10543748736381531,0.03413797542452812,0.9983886402953372,0.000446127698993631,-0.00792763938155618,0.056187867312614895
116.0,-0.3576391935348511,-0.6659287810325623,1.6044645309448242,0.6507912278175354,1.3846772909164429,-1.6706156730651855,0.9668616056442261,-0.11626729369163513,0.0323396734893322,0.9872585417832859,-0.12884528182891863,-0.01208413736757956,0.09259286500831634
117.0,-0.36300405859947205,-0.6812597513198853,1.6377118825912476,0.6105608940124512,1.3693580627441406,-1.551889419555664,0.9525683522224426,-0.11378460377454758,0.03192349150776863,0.9768819195796185,-0.18864814301815777,-0.01906832677797392,0.09874204903752459
118.0,-0.3463999032974243,-0.6967741250991821,1.6642546653747559,0.5770424008369446,1.40957510471344,-1.4085253477096558,0.9413318037986755,-0.09975143522024155,0.033000167459249496,0.9648708017952479,-0.24973987074615656,-0.020440437898566824,0.07897164871777555
119.0,-0.31985968351364136,-0.7076709270477295,1.682845115661621,0.5592405200004578,1.4680389165878296,-1.8916678428649902,0.9322322010993958,-0.08037395030260086,0.03426026552915573,0.998514574383372,0.0014393224910728868,-0.033411591610291315,0.04301440038902496
120.0,-0.2918204367160797,-0.7016440033912659,1.6733033657073975,0.5878762006759644,1.5513396263122559,-1.8626333475112915,0.9319060444831848,-0.06693364679813385,0.03486703708767891,0.9999368296771822,6.306465010664491e-05,-0.00819083988594302,0.007696935751233362
121.0,-0.292013943195343,-0.6891735792160034,1.6436607837677002,0.6129200458526611,1.5609569549560547,-1.8628193140029907,0.9467276930809021,-0.07312276214361191,0.034982044249773026,0.9999864626095841,1.285850324014388e-05,-0.0030390791479118786,0.004223556577432711
122.0,-0.29206034541130066,-0.7244894504547119,1.7217798233032227,0.5271825790405273,1.5235530138015747,-1.862687110900879,0.9112139940261841,-0.056466393172740936,0.03414328768849373,0.9994529193651147,0.00046228336468242593,-0.028970160309288572,0.015949234410927715
123.0,-0.28129851818084717,-0.7502172589302063,1.768600344657898,0.44414347410202026,1.4852811098098755,-1.850794792175293,0.8964280486106873,-0.03609102964401245,0.03364630788564682,0.9976237292686504,0.0016643615161361393,-0.06376599013251291,0.0260388786869711
124.0,-0.24982672929763794,-0.7509118318557739,1.774769902229309,0.4526621401309967,1.5392640829086304,-1.8194968700408936,0.8891244530677795,-0.01440625824034214,0.033515214920043945,0.9987653227361875,0.00018048067142756346,-0.049543504645045935,0.0036384988516116553
125.0,-0.21707601845264435,-0.7492198348045349,1.7690786123275757,0.45622381567955017,1.5549030303955078,-1.7868865728378296,0.8920758366584778,0.011593328788876534,0.03384872153401375,0.9988473981775479,-0.00011613434432867576,-0.04793749585359904,-0.002420363204938802
126.0,-0.20572836697101593,-0.7538244128227234,1.7710241079330444,0.4326518177986145,1.571262240409851,-1.7750657796859741,0.8947141766548157,0.018546802923083305,0.03402729332447052,0.9981717982176823,-0.0007422024524058618,-0.0591227719618313,-0.012530291854043616
127.0,-0.19161047041416168,-0.7457061409950256,1.7616357803344727,0.4646848440170288,1.5728875398635864,-1.7616541385650635,0.8946288824081421,0.030869005247950554,0.033766184002161026,0.9989829420543996,-0.0004230779731801819,-0.04405537167408457,-0.009593055614507509
128.0,-0.22494132816791534,-0.7159264087677002,1.713151216506958,0.5693328976631165,1.5683927536010742,-1.7957358360290527,0.9097064733505249,-0.0015781630063429475,0.034986693412065506,0.9999970321200261,1.6374924893188704e-06,-0.002333972477171458,0.0006987996378454601
129.0,-0.21433229744434357,-0.7083364129066467,1.6941311359405518,0.583246648311615,1.5714383125305176,-1.7851283550262451,0.9201846122741699,0.005303598009049892,0.03498779982328415,0.9999995634982087,-4.162704891056196e-07,-0.000789126177517443,-0.0005002830145442207
130.0,-0.19101202487945557,-0.6672001481056213,1.5886812210083008,0.6493152379989624,1.5707963705062866,-1.7618083953857422,0.9791809916496277,0.015379648655653,0.03498800843954086,0.9999999999999997,2.185569480839301e-08,-3.6527376290045724e-09,-2.2966884788514276e-08
131.0,-0.17119340598583221,-0.6564124822616577,1.5655238628387451,0.6731325387954712,1.5727754831314087,-1.741978406906128,0.9895738363265991,0.032588738948106766,0.03498058393597603,0.9999831295143707,1.2702306626744229e-09,0.005808673397925364,-3.828281321059456e-08
132.0,-0.15763577818870544,-0.6445240378379822,1.5446478128433228,0.7069098949432373,1.5765554904937744,-1.728327751159668,0.996479868888855,0.044228602200746536,0.034913960844278336,0.9998317174093092,3.139598591164503e-09,0.018344941055044015,-1.9551759654162977e-07
133.0,-0.13409516215324402,-0.6081153154373169,1.4858195781707764,0.8123032450675964,1.587018609046936,-1.7039340734481812,1.014120101928711,0.06348550319671631,0.03396992385387421,0.9981913928896126,5.3358918585167756e-06,0.060116014852337474,-8.883072016244692e-05
134.0,-0.14494670927524567,-0.5923729538917542,1.4635411500930786,0.8575411438941956,1.5943964719772339,2.9944708347320557,1.0207797288894653,0.05044671148061752,0.03277987986803055,0.7034289460730446,0.7062782943563894,0.05649950851817421,0.05627161171318758
135.0,-0.1574420928955078,-0.5880356431007385,1.4580979347229004,0.8712673783302307,1.5984077453613281,2.982625961303711,1.0223274230957031,0.036903299391269684,0.032510120421648026,0.7031015172316876,0.7058382483039553,0.061112704249092945,0.06087578399549326
136.0,-0.1733371913433075,-0.6008765697479248,1.4777461290359497,0.8384689092636108,1.5960450172424316,2.9698572158813477,1.0162546634674072,0.022162718698382378,0.0337672159075737,0.705125242375243,0.7052848136832313,0.051831162521526225,0.05181944369377213
137.0,-0.1966695934534073,-0.5919466614723206,1.4651691913604736,0.864102303981781,1.6038137674331665,2.9476635456085205,1.0197535753250122,-0.0034238274674862623,0.03312186151742935,0.7045562899147407,0.7045670743845864,0.059940715287602774,0.05993982553804292
138.0,-0.2158271074295044,-0.6217823028564453,1.5100525617599487,0.7774432301521301,1.5915732383728027,-1.7856366634368896,1.0065549612045288,-0.01818678341805935,0.03446923568844795,0.9988202757117222,2.4139861445136323e-08,0.04855982729322826,-6.410291100420747e-07
139.0,-0.2397771030664444,-0.6227717399597168,1.5097370147705078,0.7716509699821472,1.5922365188598633,-1.80963134765625,1.0069990158081055,-0.04267721623182297,0.03453891724348068,0.9989788191680355,-1.3524176489844303e-09,0.04518095675705189,-3.938104743186522e-07
140.0,-0.2540417015552521,-0.6345539689064026,1.5274101495742798,0.7349695563316345,1.5855951309204102,-1.824415922164917,1.0017766952514648,-0.05480693280696869,0.034797150641679764,0.9995661412821032,-2.724778277966275e-10,0.029453848685743193,-6.37726253756674e-08
141.0,-0.2647014558315277,-0.6145659685134888,1.4942548274993896,0.7915604710578918,1.5979734659194946,-1.8341315984725952,1.011617660522461,-0.07030206173658371,0.034349486231803894,0.9986469406619302,3.0632681193514386e-08,0.05200276825786919,-2.9107293400317005e-07
142.0,-0.28520864248275757,-0.6093332767486572,1.4841235876083374,0.801110029220581,1.6015466451644897,-1.8543874025344849,1.014318585395813,-0.09288252890110016,0.033765874803066254,0.9985017553973322,2.0262706537681807e-08,0.05471968995202473,2.8235143501644903e-09
143.0,-0.3281382918357849,-0.6060284972190857,1.4913455247879028,0.8220412135124207,1.4700449705123901,-2.509751558303833,1.0079753398895264,-0.11443782597780228,0.03280222788453102,0.9513277627661623,0.29632496206352243,0.025176687559309456,0.08082783587305666
144.0,-0.3668719530105591,-0.5433772802352905,1.418660044670105,0.9826428890228271,1.3478275537490845,-2.498831033706665,1.0265518426895142,-0.14259052276611328,0.02333267591893673,0.9495130998399892,0.257069311667329,0.04699595338423154,0.1735846266137873
145.0,-0.32977256178855896,-0.5172392129898071,1.3642781972885132,1.051781177520752,1.4533910751342773,-2.8100991249084473,1.04696786403656,-0.12679557502269745,0.022767065092921257,0.8889893873041635,0.424004461472291,0.07446172046110654,0.15612026805681736
146.0,-0.2945578694343567,-0.5217844843864441,1.3566111326217651,1.026328444480896,1.5373483896255493,-3.030137777328491,1.0547655820846558,-0.10455939173698425,0.023695368319749832,0.8275788362002744,0.5421401324618308,0.07978196658096455,0.12178745607057297
147.0,-0.2819741666316986,-0.5137984752655029,1.3357839584350586,1.0241254568099976,1.5843538045883179,3.0936379432678223,1.0653538703918457,-0.10153909027576447,0.02102169208228588,0.7768028204473374,0.6145754770052905,0.08524110911097213,0.10774188844786742
148.0,-0.27507632970809937,-0.4980699121952057,1.3064748048782349,1.0463941097259521,1.5824881792068481,3.101559638977051,1.0784895420074463,-0.09740577638149261,0.017645081505179405,0.7767102666162979,0.6137256280353363,0.08781368640626218,0.11113402586613272
149.0,-0.25209763646125793,-0.4807480275630951,1.2701482772827148,1.062023401260376,1.5995595455169678,3.042144298553467,1.0965468883514404,-0.0794675201177597,0.01351547334343195,0.7501191780453978,0.6461914846905008,0.09174104387415863,0.10649584363186529
150.0,-0.23997731506824493,-0.5012615919113159,1.302567958831787,1.0179073810577393,1.6207033395767212,2.9474024772644043,1.0859233140945435,-0.06671208888292313,0.01690865121781826,0.7151788958461229,0.6874351470807909,0.08752498326098286,0.0910573599413933
151.0,-0.23059716820716858,-0.49212729930877686,1.284359335899353,1.0276614427566528,1.6200697422027588,2.9503378868103027,1.0947057008743286,-0.058349061757326126,0.014734601601958275,0.7129566854276977,0.6896900373046638,0.08800307016659722,0.090971846127774
152.0,-0.2248087227344513,-0.5042982697486877,1.308592438697815,1.0130679607391357,1.6192066669464111,2.9516422748565674,1.0843019485473633,-0.04942293092608452,0.017322944477200508,0.7115869523316865,0.691342259425312,0.08728448254957287,0.0898404625436671
153.0,-0.21155044436454773,-0.4927920997142792,1.2854487895965576,1.0248898267745972,1.6177397966384888,2.9574027061462402,1.095462441444397,-0.03708839416503906,0.014554339461028576,0.7090558581657358,0.6939461883557531,0.08758087668767167,0.08948780758289122
154.0,-0.20403480529785156,-0.4789038896560669,1.2597670555114746,1.045891523361206,1.6159299612045288,2.970865488052368,1.1062078475952148,-0.030741557478904724,0.011798020452260971,0.7107221104645826,0.6914420074483578,0.09033440943864178,0.09285325252206714
155.0,-0.19610413908958435,-0.49094071984291077,1.2816007137298584,1.025892734527588,1.6160435676574707,2.963178873062134,1.0978152751922607,-0.02027679793536663,0.013967444188892841,0.7058306071026129,0.697340360159601,0.08755502822815094,0.08862106522493782
156.0,-0.20051142573356628,-0.5051447153091431,1.3097689151763916,1.0093152523040771,1.6163196563720703,2.9601492881774902,1.08512282371521,-0.022599108517169952,0.017117636278271675,0.7064310950959293,0.6969543492595813,0.08661504726808782,0.08779280446862867
157.0,-0.1856236606836319,-0.4995737671852112,1.2982438802719116,1.014119029045105,1.6145912408828735,2.966045618057251,1.0908476114273071,-0.00720547791570425,0.01569446362555027,0.7034362186556271,0.7001022839667135,0.08649524548875687,0.08690713880863858
158.0,-0.16419492661952972,-0.48723870515823364,1.2744925022125244,1.0306198596954346,1.6132357120513916,2.974947214126587,1.1010420322418213,0.01467670127749443,0.013134618289768696,0.6988486237151456,0.7042653951824219,0.08871715174983656,0.08803477304673686
159.0,-0.14800222218036652,-0.4833276569843292,1.267743468284607,1.0385816097259521,1.6134105920791626,2.977752923965454,1.103101134300232,0.03211161121726036,0.012601408176124096,0.6938477532430188,0.7087443034117201,0.09111005866863192,0.08919509465463447
160.0,-0.13678836822509766,-0.4763558804988861,1.2551349401474,1.0507194995880127,1.6156492233276367,2.97375226020813,1.107541799545288,0.0434606708586216,0.011455710977315903,0.6879781399673325,0.7138356596564125,0.09422387020151321,0.09081074944208029
161.0,-0.1305367648601532,-0.48869630694389343,1.277899146080017,1.0322651863098145,1.610616683959961,2.9873549938201904,1.097997784614563,0.05238061770796776,0.013918314129114151,0.6912792382315817,0.7114225544592327,0.09074885049225626,0.08817941897630367
162.0,-0.14153072237968445,-0.4983319342136383,1.2966972589492798,1.0192973613739014,1.6113064289093018,2.9822487831115723,1.09030020236969,0.04136830195784569,0.015823891386389732,0.6935276794767387,0.7095513035519297,0.08919521109499624,0.08718095976236061
163.0,-0.12672628462314606,-0.5157984495162964,1.3311704397201538,1.0000931024551392,1.6092723608016968,2.988725423812866,1.0737165212631226,0.059840280562639236,0.019978635013103485,0.690779749222994,0.7124416543858068,0.08865933159013939,0.08596365558433358
164.0,-0.11178404837846756,-0.5205756425857544,1.3408048152923584,0.996509850025177,1.6102720499038696,2.9856514930725098,1.067953109741211,0.07625475525856018,0.021385986357927322,0.684220448716505,0.7186227697678615,0.08994363747403121,0.08563780944940046
165.0,-0.10932797193527222,-0.5059826374053955,1.3117700815200806,1.013227105140686,1.607911467552185,2.9962165355682373,1.0812870264053345,0.07775914669036865,0.01808466576039791,0.6871358146625054,0.7156720149718523,0.09026270514563832,0.08666362128376293
166.0,-0.11037298291921616,-0.533694863319397,1.3671753406524658,0.9832005500793457,1.6039992570877075,3.0100784301757812,1.0552326440811157,0.08013248443603516,0.02457522228360176,0.6927620684353073,0.7104749115298353,0.08857898199452927,0.08637060016417844
167.0,-0.1015884056687355,-0.5394855737686157,1.378444790840149,0.9774816036224365,1.6009888648986816,3.021758556365967,1.0490719079971313,0.09041783213615417,0.026128873229026794,0.6939498246305712,0.7093680288527283,0.08821926300188161,0.08630180862646682
168.0,-0.10524427145719528,-0.5650750398635864,1.4203767776489258,0.9244033694267273,1.594730257987976,3.029184341430664,1.033286690711975,0.08925433456897736,0.030018623918294907,0.6997936067775843,0.7065958703167105,0.0745576802050237,0.07383993693818926
169.0,-0.12436837702989578,-0.5410029292106628,1.3819717168807983,0.9745349884033203,1.6046302318572998,3.006946325302124,1.049147605895996,0.06614664942026138,0.026110710576176643,0.6966373676309311,0.7067693180013793,0.08772852522531192,0.08647089113628958
170.0,-0.1361759752035141,-0.5495800971984863,1.3990262746810913,0.9643169641494751,1.6052961349487305,3.003319501876831,1.041656255722046,0.054774247109889984,0.028002286329865456,0.6995750460181829,0.704002986419574,0.0868015839506217,0.08625563821943254
171.0,-0.13538634777069092,-0.5353569388389587,1.3709043264389038,0.9800231456756592,1.6079181432724,2.994089365005493,1.0551233291625977,0.05334828048944473,0.024604013189673424,0.695820850835234,0.7075275101392197,0.08801242876721324,0.08655621480646886
172.0,-0.14728739857673645,-0.5372080206871033,1.3748029470443726,0.9777616858482361,1.609841227531433,2.986431837081909,1.0537641048431396,0.04077273607254028,0.024945927783846855,0.6972350360006327,0.7061271200565653,0.08786641455660456,0.0867599451750882
173.0,-0.1433931142091751,-0.5255272388458252,1.350844383239746,0.9886821508407593,1.6124340295791626,2.975372314453125,1.0652860403060913,0.04278451204299927,0.02204914018511772,0.6918724694868789,0.711461662335427,0.08819648195256773,0.08576811507914306
174.0,-0.16416732966899872,-0.5298223495483398,1.3593769073486328,0.9829409122467041,1.6120336055755615,2.9758946895599365,1.0620378255844116,0.021356219425797462,0.022867433726787567,0.6995041701048788,0.7040934203477396,0.08672978355310011,0.08616447106399859
175.0,-0.1656012237071991,-0.5147098302841187,1.3288120031356812,0.998565673828125,1.612898588180542,2.972609043121338,1.0765712261199951,0.01727408729493618,0.019282421097159386,0.6988001193222328,0.7047651456830584,0.08692480016009108,0.08618910477954309
176.0,-0.18152153491973877,-0.5270690321922302,1.3534785509109497,0.9844632148742676,1.6144859790802002,2.9650344848632812,1.065199613571167,0.0019970580469816923,0.022072866559028625,0.7017456069108254,0.7019612322061078,0.08604671175552485,0.08602031769937701
177.0,-0.2019234597682953,-0.524468719959259,1.348258376121521,0.9875707626342773,1.6167899370193481,2.956319808959961,1.0673737525939941,-0.020578589290380478,0.02153821848332882,0.7056958760739164,0.6979123613046233,0.08586700988157166,0.08682466840979496
178.0,-0.21554449200630188,-0.5345615744590759,1.3686330318450928,0.9777464270591736,1.6219849586486816,2.9363608360290527,1.0570939779281616,-0.03376690298318863,0.02410983107984066,0.7031933527790338,0.700307385408577,0.08667934343127696,0.08703657835592409
179.0,-0.22667250037193298,-0.5345038771629333,1.3682563304901123,0.9777601957321167,1.624337077140808,2.926945209503174,1.056801438331604,-0.045934151858091354,0.024183277040719986,0.7036875010477155,0.6997941154701309,0.08668404456977896,0.0871663538277431
180.0,-0.23816516995429993,-0.5417255163192749,1.3825411796569824,0.9705103039741516,1.6268534660339355,2.917020320892334,1.0493216514587402,-0.05680449306964874,0.02606772631406784,0.7041152281459948,0.6993317748501182,0.08675684587705619,0.08735023681342877
181.0,-0.24496522545814514,-0.5301892757415771,1.3590896129608154,0.9824948906898499,1.6256800889968872,2.92162823677063,1.0601152181625366,-0.06655308604240417,0.023349901661276817,0.7081497885190877,0.6952628390520219,0.08618456128182382,0.08778202008585448
182.0,-0.2550642192363739,-0.525150716304779,1.3488181829452515,0.988534688949585,1.6239609718322754,2.929020643234253,1.064195156097412,-0.07823503017425537,0.02232191152870655,0.7142488091581933,0.6889587021456856,0.08554934306778006,0.08868965697592113
183.0,-0.2578945457935333,-0.5381339192390442,1.3746076822280884,0.9743332266807556,1.6310961246490479,2.9001502990722656,1.0517091751098633,-0.07914965599775314,0.025464791804552078,0.7049198640264309,0.6984790713125988,0.08681968803478013,0.08762028309011148
184.0,-0.25407952070236206,-0.5499473810195923,1.3977105617523193,0.9598596096038818,1.6314380168914795,2.895578622817993,1.0412943363189697,-0.07241009175777435,0.02809424325823784,0.7021347723498933,0.7015390675287476,0.08613099506059797,0.0862041175230634
185.0,-0.2700884938240051,-0.5499914288520813,1.3968682289123535,0.9592477679252625,1.6352075338363647,2.8793253898620605,1.0404648780822754,-0.08980072289705276,0.028303489089012146,0.7019302722689837,0.7017866899963736,0.08598346730942105,0.08600103467850818
186.0,-0.23452875018119812,-0.5584213137626648,1.4123971462249756,0.9427087306976318,1.6242600679397583,2.913120746612549,1.0369110107421875,-0.04956462234258652,0.029176676645874977,0.702350629849965,0.7023568147631553,0.08184930038225159,0.08184857684803262
187.0,-0.2195247858762741,-0.5480058789253235,1.3954558372497559,0.9635295271873474,1.6230664253234863,2.931415319442749,1.0440906286239624,-0.03527543321251869,0.02738853357732296,0.7028430774451963,0.7007107366321105,0.08651718306149402,0.0867804649155272
188.0,-0.20678550004959106,-0.5436593294143677,1.3872016668319702,0.9687460660934448,1.620239496231079,2.9435596466064453,1.048385500907898,-0.022351352497935295,0.026304207742214203,0.7027119903433714,0.7007807565583233,0.08677737570526363,0.08701653251485675
189.0,-0.21524594724178314,-0.5675243139266968,1.427175760269165,0.9222028851509094,1.6165695190429688,2.931183099746704,1.0324492454528809,-0.02720663882791996,0.03024505265057087,0.7029865286746795,0.702995565195582,0.07618176061360042,0.07618080576549678
190.0,-0.18657159805297852,-0.5503091216087341,1.4006131887435913,0.9617668390274048,1.6158660650253296,2.960500717163086,1.04220712184906,0.000740812043659389,0.027864055708050728,0.7017973290851184,0.7017867118863869,0.08653232907860309,0.08653366936008129
191.0,-0.1742473542690277,-0.5498345494270325,1.3997595310211182,0.9626604318618774,1.6132967472076416,2.9709830284118652,1.0425419807434082,0.013912521302700043,0.02777935191988945,0.7012538018149661,0.7023249323919513,0.0866188531075723,0.08648681441136594
192.0,-0.161452978849411,-0.5475339293479919,1.3952202796936035,0.9656202793121338,1.6106486320495605,2.9819083213806152,1.0444902181625366,0.02730313502252102,0.027287296950817108,0.7006932254763173,0.7028603889534154,0.08678320123446535,0.08651562515145363
193.0,-0.15141518414020538,-0.46707481145858765,1.2377036809921265,1.0636528730392456,1.6197558641433716,2.9621222019195557,1.1151620149612427,0.02553267404437065,0.0095285065472126,0.6885652545915447,0.712771679401201,0.09604783441080408,0.09278597263524069
194.0,-0.1802961677312851,-0.467623233795166,1.2364673614501953,1.0560392141342163,1.6133579015731812,2.9791972637176514,1.1172815561294556,-0.00601475453004241,0.009022800251841545,0.7056082433616525,0.6968682341346213,0.09023892234405284,0.09137071767454648
195.0,-0.16227790713310242,-0.41511204838752747,1.1573320627212524,1.183236837387085,1.6349741220474243,2.9701085090637207,1.139083981513977,0.007160315290093422,0.0023123284336179495,0.6884298512053684,0.7028380142877648,0.12795997314539342,0.12533678994619424
196.0,-0.1426043063402176,-0.3952517509460449,1.12711501121521,1.2241761684417725,1.6558692455291748,2.9350392818450928,1.1474533081054688,0.025065762922167778,-0.0013652030611410737,0.6649425440345251,0.7207837674214864,0.14388492982975368,0.13273771401703802
197.0,-0.16710132360458374,-0.37704938650131226,1.0997306108474731,1.2645409107208252,1.6359272003173828,2.995487689971924,1.1559133529663086,-0.001317958696745336,-0.004669200163334608,0.6939797766765784,0.6889795313486728,0.1472808028285672,0.1483497221590332
198.0,-0.18142707645893097,-0.37430062890052795,1.0964449644088745,1.2719296216964722,1.6240863800048828,3.023906707763672,1.1566609144210815,-0.016184668987989426,-0.005251683294773102,0.708925793790377,0.6727933153191646,0.1456593680331538,0.15348199329143852
199.0,-0.19269363582134247,-0.4060785174369812,1.144963026046753,1.2062352895736694,1.6104979515075684,3.0408992767333984,1.1424063444137573,-0.024349696934223175,0.0007899599731899798,0.7233390360448401,0.6646739952752623,0.1265636869677851,0.13773435330251738
200.0,-0.2054000198841095,-0.41769641637802124,1.1642122268676758,1.1842106580734253,1.6013431549072266,3.0606110095977783,1.1358909606933594,-0.036147426813840866,0.0028875942807644606,0.7356962908579008,0.6530645992625405,0.11923185147282907,0.1343181387689161
201.0,-0.22448554635047913,-0.4409659504890442,1.202982783317566,1.1385753154754639,1.5943233966827393,3.0729737281799316,1.1222275495529175,-0.05379292741417885,0.006776830181479454,0.7483956406222825,0.6425163742215712,0.10718708161284729,0.12485032434899893
202.0,-0.2208620309829712,-0.4801883399486542,1.262535572052002,1.0460731983184814,1.6178431510925293,2.964958906173706,1.1040544509887695,-0.04932078719139099,0.012347729876637459,0.7142963497837422,0.687564366066209,0.09051655720246429,0.0940357382796932
203.0,-0.2506104111671448,-0.5104811191558838,1.3207679986953735,1.0081313848495483,1.6192301511764526,2.9523768424987793,1.0769872665405273,-0.07593022286891937,0.01916465535759926,0.7206395872236149,0.6818057916628986,0.08644083522423646,0.09136426974940816
204.0,-0.24024946987628937,-0.3963075876235962,1.1420708894729614,1.2472745180130005,1.5697669982910156,-3.1393015384674072,1.1375691890716553,-0.07157578319311142,-0.0008680934552103281,0.7700369000055474,0.602602073123715,0.12914666099153965,0.16503046401069027
205.0,-0.22419068217277527,-0.39767882227897644,1.1389713287353516,1.235925555229187,1.5819246768951416,3.1157419681549072,1.1410523653030396,-0.055788975208997726,-0.0006607600953429937,0.756999456825673,0.6214451091577843,0.12809846067226216,0.15604032505382212
206.0,-0.21199728548526764,-0.37857767939567566,1.1077570915222168,1.2713762521743774,1.5925710201263428,3.094123363494873,1.1514517068862915,-0.04566210135817528,-0.004470594692975283,0.7437308209807272,0.6334743395878566,0.13842678432347633,0.1625200061190139
207.0,-0.23409408330917358,-0.3082255721092224,1.025848388671875,1.4624741077423096,1.5334556102752686,-3.0881500244140625,1.1680349111557007,-0.06597882509231567,-0.016665318980813026,0.7674497003696371,0.5663562283429173,0.1783950689053519,0.24173700463519107
208.0,-0.24976597726345062,-0.3308505713939667,1.062105655670166,1.4187910556793213,1.5105805397033691,-3.04984712600708,1.156627893447876,-0.07802756130695343,-0.012005724012851715,0.7875563073582773,0.5453745922231265,0.16334527995238265,0.23588119131234475
209.0,-0.2814130187034607,-0.29520082473754883,1.0323323011398315,1.5101871490478516,1.44069242477417,-2.9813966751098633,1.1606090068817139,-0.10544601082801819,-0.02228851057589054,0.8067905819137076,0.48545984382948953,0.17363376719584456,0.28856370501809137
210.0,-0.2884814441204071,-0.3806668221950531,1.1453652381896973,1.3199372291564941,1.4618841409683228,-2.9513368606567383,1.1280019283294678,-0.10758671909570694,-0.0032042376697063446,0.8325000017073035,0.48968937901160475,0.131380541939112,0.22335445471347512
211.0,-0.3135800361633301,-0.43904560804367065,1.2414460182189941,1.2081767320632935,1.4336987733840942,-2.8589046001434326,1.0934271812438965,-0.12110278010368347,0.008273803628981113,0.867310800934426,0.4426616346991278,0.10348723087454975,0.20276351938624965
212.0,-0.34750640392303467,-0.46648892760276794,1.300839900970459,1.1614402532577515,1.3714462518692017,-2.7291266918182373,1.0678294897079468,-0.14049574732780457,0.012014356441795826,0.9020891456674205,0.36432709614558917,0.0866188082677657,0.21447172852713756
213.0,-0.3513754606246948,-0.39302757382392883,1.2044049501419067,1.3169727325439453,1.3227099180221558,-2.766447067260742,1.099679946899414,-0.14869533479213715,-0.004680346231907606,0.884208002489727,0.3598091071483744,0.11226387385069365,0.2758812015601141
214.0,-0.33345964550971985,-0.37799015641212463,1.1713078022003174,1.3451002836227417,1.3615760803222656,-2.8266923427581787,1.1127160787582397,-0.13880595564842224,-0.00653097266331315,0.8679993457692154,0.39871618449135504,0.12354641795764387,0.2689587748683892
215.0,-0.35392189025878906,-0.3081966042518616,1.1059839725494385,1.5118814706802368,1.272891879081726,-2.8299098014831543,1.129501461982727,-0.15476422011852264,-0.02559060789644718,0.8527864364530274,0.3550905744361441,0.14721231232591267,0.35354563050335336
216.0,-0.3829699456691742,-0.39536142349243164,1.2350184917449951,1.3188217878341675,1.2417035102844238,-2.689925193786621,1.0848746299743652,-0.16659338772296906,-0.00736269960179925,0.898038141461159,0.29548439165576273,0.10186247657596492,0.30958117939342245
217.0,-0.40401560068130493,-0.42103269696235657,1.2873928546905518,1.2636651992797852,1.1960965394973755,-2.612447500228882,1.064302682876587,-0.1750093698501587,-0.0038562475237995386,0.9128664230982797,0.24718528886957097,0.08492381406104584,0.31362760138665136
218.0,-0.43193042278289795,-0.5166442394256592,1.4309736490249634,1.0173425674438477,1.1435972452163696,-2.3095955848693848,1.0150784254074097,-0.17618808150291443,0.009716078639030457,0.9559278205264294,0.10934011844741849,0.030964952506849337,0.27071740276115147
219.0,-0.48309919238090515,-0.5606173276901245,1.5437599420547485,0.8350412845611572,0.9679847359657288,-1.9898723363876343,0.9739387035369873,-0.18512332439422607,0.003951128106564283,0.9459664350231382,-0.06693754649796477,-0.022395092596446294,0.3164890653814826
220.0,-0.5094380378723145,-0.5738314390182495,1.5995845794677734,0.7542839646339417,0.8794955611228943,-1.8923146724700928,0.9502346515655518,-0.18790480494499207,-0.002068198285996914,0.9282639915415364,-0.12301554920874525,-0.04611062903680433,0.3479467582117638
221.0,-0.5661518573760986,-0.5151344537734985,1.626746654510498,0.7876912355422974,0.6367846131324768,-1.9717739820480347,0.9277921915054321,-0.2045067548751831,-0.027698824182152748,0.8718268237342427,-0.14603487980679264,-0.07723863212496712,0.4611138655524701
222.0,-0.5724340677261353,-0.7431289553642273,2.063770294189453,-2.384329080581665,-0.6089209914207458,0.9754658341407776,0.9436473846435547,-0.21840456128120422,-0.04100775346159935,0.8594876975493666,-0.10621170229396598,-0.061321392665684385,0.4962254113390883
223.0,-0.5780452489852905,-0.7273159027099609,2.062605142593384,-2.402400255203247,-0.6076020002365112,0.9796373844146729,0.9419606924057007,-0.22326608002185822,-0.05320676788687706,0.8590375661928779,-0.10979294533981974,-0.06338897322923502,0.4959655301489894
224.0,-0.5786752104759216,-0.7164546251296997,2.0425684452056885,-2.3626904487609863,-0.6198896765708923,0.9422882795333862,0.9472032785415649,-0.22868061065673828,-0.06286748498678207,0.8603002245237935,-0.09941601310403764,-0.0573979322835958,0.4966945312688437
225.0,-0.5860862135887146,-0.6986013054847717,2.045825481414795,-2.394421339035034,-0.6154798865318298,0.9553161859512329,0.9431948065757751,-0.2337021380662918,-0.07667095959186554,0.8594693772247156,-0.10635975028291034,-0.06140680471281129,0.4962148702605345
226.0,-0.5907905697822571,-0.6853611469268799,2.0435268878936768,-2.405623197555542,-0.6153737306594849,0.9556347727775574,0.9417126774787903,-0.23787561058998108,-0.0871480330824852,0.8592053278518642,-0.10847227456084862,-0.06262655304744238,0.49606238024664073
227.0,-0.6007461547851562,-0.6716033220291138,2.072813034057617,-2.5028493404388428,-0.5950735211372375,1.0215089321136475,0.928894579410553,-0.23794995248317719,-0.09474895894527435,0.8560575886000138,-0.13101686663881007,-0.07564255968366966,0.49424506959703735
228.0,-0.606967568397522,-0.6543741822242737,2.0707297325134277,-2.521121025085449,-0.594006359577179,1.0252820253372192,0.9264429807662964,-0.24295015633106232,-0.10778995603322983,0.8554870653573792,-0.13469193207182828,-0.07776446042097263,0.49391563362219293
229.0,-0.5990915298461914,-0.6555781364440918,2.0250513553619385,-2.3976032733917236,-0.6235044598579407,0.9318976402282715,0.9428567886352539,-0.2487179934978485,-0.11160784959793091,0.8596165436154354,-0.10516370550790653,-0.060716326366311066,0.49629982943688206
230.0,-0.585371732711792,-0.6780879497528076,2.000887870788574,-2.307131052017212,-0.6438894271850586,0.8775535821914673,0.9557230472564697,-0.24431927502155304,-0.094679094851017,0.8620519403313102,-0.08286397966653197,-0.04784156257704206,0.4977059352017362
231.0,-0.5777221322059631,-0.670388400554657,1.9562909603118896,-2.2085227966308594,-0.6779606342315674,0.7994078993797302,0.9702311158180237,-0.2491113692522049,-0.10079964995384216,0.8643293753714228,-0.05417309882287261,-0.03127688227007879,0.49902080404471855
232.0,-0.5677971839904785,-0.6808092594146729,1.9365391731262207,-2.1486029624938965,-0.6970387101173401,0.7609206438064575,0.9790486097335815,-0.24576336145401,-0.09102778881788254,0.8652566762501689,-0.03648104304773907,-0.02106234363923414,0.4995561984232427
233.0,-0.5570030808448792,-0.6898587942123413,1.9135483503341675,-2.085345983505249,-0.7192611694335938,0.7198277115821838,0.9888596534729004,-0.24230225384235382,-0.08122297376394272,0.8658630825718597,-0.01676678555140286,-0.009680281587061164,0.49990628050648184
234.0,-0.5537036061286926,-0.7050930261611938,1.923346757888794,-2.0873613357543945,-0.7137351632118225,0.7297083139419556,0.98743736743927,-0.2370097041130066,-0.06889663636684418,0.865816352205496,-0.019028208693979948,-0.010985934135970588,0.499879266201977
235.0,-0.5528426766395569,-0.7232537269592285,1.9450194835662842,-2.113013744354248,-0.6981374025344849,0.758800208568573,0.9820482730865479,-0.2308739721775055,-0.05522841960191727,0.8655312040508412,-0.02925301587278459,-0.016889241868756247,0.49971466797138037
236.0,-0.5681575536727905,-0.7146164774894714,1.9874770641326904,-2.223952531814575,-0.6613879799842834,0.8357199430465698,0.9656979441642761,-0.23355062305927277,-0.06507478654384613,0.8637940924911579,-0.06212704086066276,-0.03586909640139041,0.49871174489340253
237.0,-0.564386785030365,-0.7351964116096497,2.006377696990967,-2.2439239025115967,-0.6497780084609985,0.863031804561615,0.9619699716567993,-0.2257016897201538,-0.048606324940919876,0.8632512199145932,-0.06926262445033987,-0.03998877773388255,0.49839835255101755
238.0,-0.5361460447311401,-0.7372643947601318,1.9099280834197998,-2.0178818702697754,-0.7319826483726501,0.6978546380996704,0.9964094758033752,-0.2247527688741684,-0.0387696735560894,0.8660251891337116,0.0006424730897661372,0.00037089073401146404,0.4999998214542795
239.0,-0.5292365550994873,-0.7083552479743958,1.8580386638641357,-1.9454915523529053,-0.775200605392456,0.6301267147064209,1.012336254119873,-0.23156963288784027,-0.056545503437519073,0.86546823915185,0.031060406800946308,0.017932700605288256,0.49967829290230026
240.0,-0.5281140804290771,-0.6808353066444397,1.8253614902496338,-1.914918065071106,-0.8008688688278198,0.5940926671028137,1.0213721990585327,-0.2388041466474533,-0.07608217000961304,0.8647376590971151,0.04721006197529177,0.027256787639094403,0.4992565057314006
241.0,-0.530901312828064,-0.6535026431083679,1.8016152381896973,-1.904525876045227,-0.8161678910255432,0.5738513469696045,1.0270228385925293,-0.24734069406986237,-0.09720626473426819,0.8642670867696305,0.05515813539000936,0.03184552874324123,0.4989848145245473
242.0,-0.5416046380996704,-0.6440211534500122,1.8161842823028564,-1.9444248676300049,-0.7988891005516052,0.5967761874198914,1.0195221900939941,-0.2531861364841461,-0.1089678704738617,0.8650927280234396,0.04018181478691322,0.02319902754693302,0.4994615088295297
243.0,-0.5432885885238647,-0.67072993516922,1.8508416414260864,-1.9775784015655518,-0.7736140489578247,0.6324470639228821,1.0096670389175415,-0.24598516523838043,-0.0901329442858696,0.8656928739793314,0.023996605758868663,0.013854461912581533,0.49980802788527884
244.0,-0.5632044076919556,-0.6534810662269592,1.8841798305511475,-2.0691611766815186,-0.737433135509491,0.6887502670288086,0.9940316677093506,-0.25486353039741516,-0.11026442050933838,0.8659926715086483,-0.007530812697930045,-0.004347949022005264,0.4999810747345594
245.0,-0.5198431611061096,-0.6555058360099792,1.8187843561172485,-2.0334341526031494,-0.9026461839675903,0.6335605978965759,1.0289713144302368,-0.2471964955329895,-0.10257399827241898,0.891396387842368,0.07375057759145492,0.036872290290063524,0.4456610441302568
246.0,-0.5268440842628479,-0.6308271884918213,1.767094612121582,-1.8696624040603638,-0.8434512615203857,0.5397562384605408,1.0376906394958496,-0.25239139795303345,-0.11175692826509476,0.8629487621844102,0.07293409965142275,0.04210856296748722,0.4982237648659925
247.0,-0.50959712266922,-0.6398146748542786,1.7402814626693726,-1.8060534000396729,-0.8804621696472168,0.4970476031303406,1.0490195751190186,-0.24340833723545074,-0.09703686833381653,0.8600499901240245,0.10155801223697665,0.0586345359382764,0.49655007384295335
248.0,-0.5051895976066589,-0.6462410688400269,1.7384178638458252,-1.7952584028244019,-0.8840446472167969,0.49310529232025146,1.051001787185669,-0.2397787719964981,-0.09010214358568192,0.8595785366372329,0.10547391139284502,0.06089537508122723,0.4962778925781444
249.0,-0.49695849418640137,-0.658428966999054,1.7365074157714844,-1.783660888671875,-0.8804678320884705,0.4970413148403168,1.05619478225708,-0.23240038752555847,-0.07669977098703384,0.8593906179002262,0.1069940462072445,0.061773104048793416,0.4961694504475732
250.0,-0.4959891736507416,-0.6560125350952148,1.7301231622695923,-1.7673920392990112,-0.8985000252723694,0.4775109589099884,1.055415391921997,-0.2332904189825058,-0.07823772728443146,0.8580135454205473,0.1175277122458925,0.06785462866767014,0.49537434541716197
251.0,-0.4901145100593567,-0.6763372421264648,1.7421727180480957,-1.7761362791061401,-0.8738383650779724,0.504421055316925,1.057876467704773,-0.22433678805828094,-0.059818293899297714,0.8594909492351698,0.10618520092844078,0.06130603754028899,0.4962273481457085
252.0,-0.48568370938301086,-0.6826786398887634,1.736191987991333,-1.745295524597168,-0.9007757902145386,0.47510015964508057,1.0562127828598022,-0.2218940556049347,-0.053076837211847305,0.8572153544544417,0.1232147285122572,0.07113803632789627,0.4949134738038635
253.0,-0.4646201729774475,-0.6591647267341614,1.6748355627059937,-1.6656779050827026,-0.9723005890846252,0.40466728806495667,1.0770055055618286,-0.21773740649223328,-0.05900198221206665,0.8489464804176341,0.17114285350167005,0.09880938837481744,0.4901394718351216
254.0,-0.4634329378604889,-0.6452072858810425,1.6644588708877563,-1.6804896593093872,-0.9513619542121887,0.4242997467517853,1.0863479375839233,-0.21803604066371918,-0.06884440034627914,0.8510376021538,0.16042129722740414,0.09261927372120088,0.4913467993704087
255.0,-0.4544176161289215,-0.6574757695198059,1.6612149477005005,-1.6615370512008667,-0.9576262831687927,0.41834789514541626,1.0897470712661743,-0.2098332643508911,-0.054772280156612396,0.8496481954524044,0.1676245628417761,0.09677804687536902,0.4905445540820579
256.0,-0.4574631452560425,-0.6765521168708801,1.683017611503601,-1.667033314704895,-0.9786776304244995,0.40918952226638794,1.0764904022216797,-0.20992469787597656,-0.04405353218317032,0.8506581828257145,0.1758881903873861,0.10031531288512267,0.4851606316207695
257.0,-0.44888678193092346,-0.6374831199645996,1.6298819780349731,-1.6187342405319214,-1.0216697454452515,0.36107808351516724,1.0932120084762573,-0.21408720314502716,-0.06704069674015045,0.8417107640221965,0.20377188259276036,0.11764776066190206,0.48596194707508983
258.0,-0.4324793219566345,-0.6178487539291382,1.587301254272461,-1.578011393547058,-1.0646239519119263,0.3257831335067749,1.110005259513855,-0.2086276113986969,-0.07307802885770798,0.834171573476544,0.23271835736022617,0.1343599720278788,0.48160912581458887
259.0,-0.4289759397506714,-0.6343386769294739,1.597361445426941,-1.5738877058029175,-1.0587093830108643,0.33051446080207825,1.1077592372894287,-0.2025027871131897,-0.05868646129965782,0.8346019443964074,0.2311700781020938,0.13346611537515204,0.48185764022859995
260.0,-0.4209555685520172,-0.6656506061553955,1.63338041305542,-1.6473472118377686,-1.084803581237793,0.3608899414539337,1.1021130084991455,-0.19424599409103394,-0.04116502031683922,0.8484351601144315,0.2408719670418945,0.12872027906737105,0.4533977992136547
261.0,-0.40787363052368164,-0.6287286281585693,1.5639981031417847,-1.5323667526245117,-1.0957969427108765,0.3014599680900574,1.122818112373352,-0.18934014439582825,-0.052057597786188126,0.8264998422626503,0.2586464892835712,0.1493296047010418,0.477179917306804
262.0,-0.4137948155403137,-0.6016989350318909,1.54770827293396,-1.5406291484832764,-1.1029646396636963,0.2960048019886017,1.1269487142562866,-0.19937631487846375,-0.07591783255338669,0.8261448760599579,0.25977808253193696,0.14998294544469928,0.47697495497315084
263.0,-0.39954695105552673,-0.5848588347434998,1.5144904851913452,-1.513020634651184,-1.1377198696136475,0.27021417021751404,1.1401808261871338,-0.19297650456428528,-0.08188735693693161,0.8185420085582237,0.282823221814548,0.1632880890406431,0.4725854477291518
264.0,-0.39417168498039246,-0.5575560331344604,1.482964277267456,-1.5013492107391357,-1.163169264793396,0.2519649267196655,1.1511616706848145,-0.19487035274505615,-0.10048942267894745,0.8133496832951288,0.2974260590336676,0.17171906159625322,0.4695876872064659
265.0,-0.4072374701499939,-0.5536081790924072,1.4948567152023315,-1.5239118337631226,-1.140107274055481,0.26848042011260986,1.1453474760055542,-0.20498700439929962,-0.10966424643993378,0.8192227244645038,0.28084537269570703,0.16214614574540398,0.47297846861804993
266.0,-0.43432268500328064,-0.5687879920005798,1.544299840927124,-1.573782205581665,-1.0924595594406128,0.30401691794395447,1.1227036714553833,-0.22091533243656158,-0.11155396699905396,0.8303462515539476,0.24601842355908848,0.1420388422807335,0.47940067280236304
267.0,-0.43772366642951965,-0.5857000946998596,1.5647321939468384,-1.5823994874954224,-1.0783604383468628,0.31494125723838806,1.1153510808944702,-0.21952149271965027,-0.1003136858344078,0.8328234993762348,0.23749742029601853,0.13711919256530572,0.48083086555430027
268.0,-0.4331980049610138,-0.5971082448959351,1.5693129301071167,-1.5758087635040283,-1.0777207612991333,0.31544169783592224,1.115212321281433,-0.21385735273361206,-0.08933937549591064,0.8323768687554953,0.2390580195786955,0.13802022410179698,0.48057302189656764
269.0,-0.4633331596851349,-0.6149780750274658,1.6357150077819824,-1.673872470855713,-0.966323971748352,0.41019582748413086,1.0960217714309692,-0.2248622626066208,-0.09125245362520218,0.8494754305322401,0.16849779077151492,0.09728224396567267,0.4904448515747592
270.0,-0.46650955080986023,-0.6197612285614014,1.640663504600525,-1.6557189226150513,-1.003074049949646,0.37708383798599243,1.08536696434021,-0.22862845659255981,-0.0897054523229599,0.8456778976570901,0.18662508873786451,0.10774801039974315,0.48825232812836167
271.0,-0.47329285740852356,-0.6088307499885559,1.640749454498291,-1.6684728860855103,-0.9993963837623596,0.3803061246871948,1.083267092704773,-0.23518025875091553,-0.10139800608158112,0.8467236938563025,0.18182127641729443,0.10497458934169518,0.48885616012981487
272.0,-0.46616214513778687,-0.5892122983932495,1.6151707172393799,-1.674512267112732,-0.9751166105270386,0.40208250284194946,1.101833462715149,-0.2324618399143219,-0.11197908222675323,0.8487754836049178,0.17198893743904853,0.09929785559601541,0.4900407326986786
273.0,-0.473339706659317,-0.6308813095092773,1.6670106649398804,-1.7011168003082275,-0.9446778893470764,0.43072745203971863,1.0827901363372803,-0.22715750336647034,-0.0847521424293518,0.8524765682315144,0.15259010706958867,0.08809789943686873,0.49217752890143507
274.0,-0.511509358882904,-0.6802292466163635,1.7862926721572876,-1.8429052829742432,-0.8391873836517334,0.5449276566505432,1.0372000932693481,-0.23350778222084045,-0.06806851923465729,0.8625893172622578,0.07706950755851613,0.044496067170182486,0.49801612499607517
275.0,-0.5102301239967346,-0.7058022618293762,1.8103644847869873,-1.8562912940979004,-0.8215004205703735,0.5669938325881958,1.030752182006836,-0.22609686851501465,-0.049012456089258194,0.8634106512270955,0.06724640985558221,0.038824710679228415,0.4984903304476549
276.0,-0.48508086800575256,-0.7601794004440308,1.8816702365875244,-2.0827882289886475,-0.9290997385978699,0.7087262868881226,1.0223630666732788,-0.2072603553533554,-0.01865535043179989,0.9069392052501397,0.07667205720690184,0.03489387287002714,0.412753063295764
277.0,-0.5072084665298462,-0.7789487242698669,1.9682543277740479,-2.2513158321380615,-0.8605221509933472,0.8631671667098999,0.9916560053825378,-0.20601217448711395,-0.014199329540133476,0.9116253037216717,0.0037138413520780983,0.0016744006175503365,0.4110020795316653
278.0,-0.5319845080375671,-0.6936301589012146,1.9962722063064575,-2.5095057487487793,-0.9238221049308777,1.0072436332702637,0.9772664308547974,-0.2340502142906189,-0.08700977265834808,0.9332705926019649,-0.042798923144284545,-0.016336855197309787,0.35624059331346486
279.0,-0.5272576808929443,-0.6997970938682556,2.0589051246643066,-2.7005038261413574,-0.9738271236419678,1.177086591720581,0.9559283256530762,-0.2236221432685852,-0.08144532144069672,0.945141189287362,-0.09693621361776976,-0.031827319949767764,0.3103200356192559
280.0,-0.5908808708190918,-0.7056806087493896,2.1015465259552,-2.5414628982543945,-0.5810161232948303,1.0743353366851807,0.9255309104919434,-0.22352494299411774,-0.06508885324001312,0.8545201611982002,-0.14069572788557905,-0.08123074413545718,0.4933574489837459
281.0,-0.6054706573486328,-0.4635903537273407,1.6454848051071167,0.7039227485656738,0.5537476539611816,-1.9366730451583862,0.9050302505493164,-0.22238895297050476,-0.08032415807247162,0.8473410886566793,-0.17892197817348485,-0.10330063313656901,0.48921261675695216
282.0,-0.6011148691177368,-0.506135106086731,1.6891225576400757,0.6084501147270203,0.5380033850669861,-1.8262789249420166,0.8951830863952637,-0.20950403809547424,-0.06267489492893219,0.8420954422332353,-0.20217627001479802,-0.11672651804142721,0.48618406185192836
283.0,-0.5981963872909546,-0.5290882587432861,1.7116830348968506,0.5547403693199158,0.5317180156707764,-1.7633997201919556,0.890410840511322,-0.2026260793209076,-0.05382979288697243,0.8389962843740542,-0.2146748021164946,-0.12394255015272833,0.48439468246917566
284.0,-0.5902869701385498,-0.534214973449707,1.700057864189148,0.6081768274307251,0.5357728004455566,-1.8060095310211182,0.8977600336074829,-0.19982896745204926,-0.03956149145960808,0.8421180858293568,-0.20208205696616702,-0.11667215718025466,0.48619705831106064
285.0,-0.5950849056243896,-0.5699544548988342,1.7577108144760132,0.4342423975467682,0.5243566632270813,-1.629928469657898,0.8790503144264221,-0.19104917347431183,-0.04346037656068802,0.8316379888594682,-0.2416159951410166,-0.13949706778588747,0.48014636774314484
286.0,-0.6007518172264099,-0.5761740207672119,1.7833982706069946,0.3464629054069519,0.5236832499504089,-1.5510401725769043,0.8688861727714539,-0.18975120782852173,-0.05500755086541176,0.8259736195677306,-0.26032203599358966,-0.15029706948888852,0.47687609319128826
287.0,-0.6050306558609009,-0.5413989424705505,1.7448768615722656,0.44665610790252686,0.5254216194152832,-1.6624397039413452,0.877419650554657,-0.20009887218475342,-0.06409678608179092,0.8324045471383444,-0.23896169335491513,-0.1379645625272572,0.4805889704300566
288.0,-0.6101949214935303,-0.5065736174583435,1.7105274200439453,0.5249538421630859,0.5309068560600281,-1.7536247968673706,0.8843370079994202,-0.21071527898311615,-0.07775462418794632,0.8371393528535273,-0.22180556459989856,-0.12805956939507798,0.48332260665402926
289.0,-0.6178381443023682,-0.5136576890945435,1.7399554252624512,0.42915773391723633,0.5256751775741577,-1.6685913801193237,0.8716003894805908,-0.20908066630363464,-0.0897074043750763,0.83123446314534,-0.24300052798002933,-0.14029643296654232,0.47991345217421233
290.0,-0.6245002150535583,-0.48170092701911926,1.7123380899429321,0.484108030796051,0.529643177986145,-1.7372076511383057,0.8753722906112671,-0.218998983502388,-0.10559111088514328,0.8345675040871822,-0.23129437652634918,-0.13353783557992938,0.48183777246870785
291.0,-0.6191548705101013,-0.4404120445251465,1.6448054313659668,0.6657373905181885,0.5506816506385803,-1.918248176574707,0.8972118496894836,-0.2311049997806549,-0.10672419518232346,0.8451497239709694,-0.1890025536111983,-0.10912064003647061,0.4879473995404333
292.0,-0.6073358654975891,-0.58202064037323,1.8136197328567505,0.24304941296577454,0.5262798070907593,-1.459717035293579,0.8571556806564331,-0.18844148516654968,-0.06947031617164612,0.8188681604546831,-0.28187752368984037,-0.16274204411842813,0.4727737561542543
293.0,-0.6144371628761292,-0.5780889987945557,1.832959532737732,0.17547574639320374,0.5293500423431396,-1.4084389209747314,0.8475700616836548,-0.18901190161705017,-0.08476835489273071,0.8140901331169287,-0.2953934165174892,-0.17054547295002676,0.4700151341138264
294.0,-0.6217412352561951,-0.5596732497215271,1.8265399932861328,0.17858289182186127,0.5281703472137451,-1.4259309768676758,0.8451809883117676,-0.1943781077861786,-0.09842374920845032,0.8143259553338148,-0.2947426903340455,-0.17016975809645288,0.47015129308948395
295.0,-0.6282335519790649,-0.544769823551178,1.8233115673065186,0.1738148331642151,0.5276768803596497,-1.4339264631271362,0.842250645160675,-0.19861474633216858,-0.11076740175485611,0.8139665510431873,-0.2957337257397275,-0.170741948780375,0.4699438308666665
296.0,-0.6170080304145813,-0.5951196551322937,1.8796664476394653,0.037504252046346664,0.5420318841934204,-1.2825478315353394,0.8328384160995483,-0.18231096863746643,-0.09587269276380539,0.8035725888066751,-0.3229103908612615,-0.1864324214419855,0.4639428049098761
297.0,-0.6225932836532593,-0.5884331464767456,1.8944101333618164,-0.01468949019908905,0.5470709800720215,-1.246583342552185,0.8250855207443237,-0.1826304793357849,-0.10963532328605652,0.7994927159931644,-0.33288344887904814,-0.19219037036917005,0.4615873352612967
298.0,-0.6114110946655273,-0.625223696231842,1.936373233795166,-0.11335819214582443,0.5667827129364014,-1.1364794969558716,0.8188608884811401,-0.169597327709198,-0.09866569191217422,0.7908800204142432,-0.3528580901051918,-0.2037226664063205,0.45661475748072544
299.0,-0.6069003939628601,-0.6337047219276428,1.9307698011398315,-0.09009884297847748,0.5645339488983154,-1.1473472118377686,0.8232203125953674,-0.16817700862884521,-0.0886879414319992,0.7927659547764324,-0.348600239941262,-0.20126443964616153,0.45770365848900824
300.0,-0.5972429513931274,-0.6623875498771667,1.9632784128189087,-0.16489629447460175,0.583916962146759,-1.06283700466156,0.8183025121688843,-0.1577606499195099,-0.08013916015625,0.7856071944318358,-0.36444660173305327,-0.21041333306766966,0.4535705455709431
301.0,-0.5861262083053589,-0.6895912289619446,1.9910805225372314,-0.23012711107730865,0.6059838533401489,-0.984812319278717,0.8154534101486206,-0.1479223370552063,-0.07115448266267776,0.7785692144768379,-0.37924925173807555,-0.21895962105218292,0.4495071386237534
302.0,-0.5830201506614685,-0.6954236030578613,1.9775397777557373,-0.18643246591091156,0.5971369743347168,-1.0143115520477295,0.8214630484580994,-0.1481262743473053,-0.05997403338551521,0.7826936095672677,-0.3706625759308997,-0.21400211152067805,0.4518883320152477
303.0,-0.567720353603363,-0.7301059365272522,1.9921178817749023,-0.20912392437458038,0.6131775379180908,-0.9622803330421448,0.8245379328727722,-0.13778828084468842,-0.03903920575976372,0.7792574004170545,-0.37783321082525423,-0.21814210938836057,0.44990442185460955
304.0,-0.5651150941848755,-0.7356814742088318,2.0224196910858154,-0.29213348031044006,0.6388490796089172,-0.8903751373291016,0.815670371055603,-0.13253900408744812,-0.04865848645567894,0.7702196611934398,-0.39593141926849096,-0.22859115275965847,0.44468648464633126
305.0,-0.5689885020256042,-0.7237323522567749,2.046736001968384,-0.3651566803455353,0.6576778292655945,-0.8442675471305847,0.8047567009925842,-0.13113217055797577,-0.06813079118728638,0.7626652341389158,-0.4102947150469238,-0.23688372685038606,0.4403249792980953
306.0,-0.5893954038619995,-0.6818587183952332,2.0167124271392822,-0.30870693922042847,0.6243674159049988,-0.92945396900177,0.8048422336578369,-0.14578747749328613,-0.0886327400803566,0.7708047155871636,-0.3947912223119563,-0.2279328021852143,0.44502429023820694
307.0,-0.6005105972290039,-0.6576426029205322,1.992206335067749,-0.25512734055519104,0.60297030210495,-0.994625449180603,0.8071436882019043,-0.15513992309570312,-0.09757336229085922,0.7770373576755041,-0.3823780321731203,-0.22076605549366202,0.44862270788475783
308.0,-0.6017463207244873,-0.6541552543640137,2.0108354091644287,-0.3106629550457001,0.615962564945221,-0.9538706541061401,0.7997831702232361,-0.15260684490203857,-0.10820501297712326,0.7716205132140884,-0.39319436707896005,-0.227010829586143,0.44549529350512107
309.0,-0.6150606274604797,-0.620369017124176,1.9502137899398804,-0.1585502177476883,0.5736935138702393,-1.1050031185150146,0.8123628497123718,-0.1691398322582245,-0.10934890061616898,0.7869521670900652,-0.36153323064257264,-0.20873129844838725,0.45434706436978856
310.0,-0.6042653918266296,-0.6244020462036133,1.8856900930404663,0.04335464909672737,0.5448006391525269,-1.2622098922729492,0.838169276714325,-0.17407557368278503,-0.07288841158151627,0.803873872175929,-0.32215954846798606,-0.1859989201501053,0.4641168222191222
311.0,-0.5866547226905823,-0.6687387228012085,1.9029364585876465,0.021479900926351547,0.5537674427032471,-1.2048044204711914,0.8424103260040283,-0.16102388501167297,-0.04359234496951103,0.8016534431503988,-0.32764581949873217,-0.1891663305404882,0.46283482306321927
312.0,-0.5937784910202026,-0.6212111115455627,1.833556056022644,0.2127448469400406,0.5297932624816895,-1.4023481607437134,0.8585667610168457,-0.17641444504261017,-0.04466214403510094,0.8166508387736261,-0.28823845371605156,-0.16641456742348548,0.4714935769222813
313.0,-0.5863745212554932,-0.6123140454292297,1.7999018430709839,0.3188515901565552,0.5428601503372192,-1.495671272277832,0.87068772315979,-0.1784898191690445,-0.03389115259051323,0.8283127181375444,-0.2676879789163394,-0.15135170828553374,0.46833091646220576
314.0,-0.5442790985107422,-0.7049042582511902,1.877250075340271,0.14707936346530914,0.7324044704437256,-1.2382563352584839,0.857007622718811,-0.14965170621871948,-0.016328435391187668,0.8421683268904518,-0.3384893161284716,-0.15653212261731397,0.3894549866651283
315.0,-0.46336469054222107,-0.794123113155365,1.9559557437896729,0.008760389871895313,0.9972528219223022,-0.9086043834686279,0.8408846259117126,-0.1018577441573143,0.0010821467731148005,0.8250463847446169,-0.4539859300538122,-0.16219689094753667,0.2947666991028084
316.0,-0.43811604380607605,-0.8161975741386414,1.9866384267807007,-0.05583225563168526,1.0581891536712646,-0.785134494304657,0.8333976864814758,-0.08489757031202316,0.0023378191981464624,0.804243316258268,-0.49433611697330193,-0.1727444117859375,0.28104067304643304
317.0,-0.38980790972709656,-0.8322398662567139,1.9856573343276978,-0.03716190904378891,1.1805638074874878,-0.6614620089530945,0.8342644572257996,-0.06198304519057274,0.009402712807059288,0.7875660521057003,-0.5433214130550889,-0.16510972399558743,0.23933310412177394
318.0,-0.342927485704422,-0.8453609347343445,1.9914919137954712,-0.04601619765162468,1.2861665487289429,-0.504274308681488,0.8330503106117249,-0.03799392282962799,0.013053316622972488,0.7547269683896872,-0.5984039631063015,-0.16705502153912383,0.21069532482365913
319.0,-0.2697049379348755,-0.8304218053817749,1.9273669719696045,0.10151942819356918,1.4479899406433105,-0.30393797159194946,0.8502182960510254,-0.006885650102049112,0.023635467514395714,0.7132414439800179,-0.6734388252048447,-0.13341755224607274,0.1413030362330702
320.0,-0.22374308109283447,-0.8263524770736694,1.9123547077178955,0.12342320382595062,1.5339949131011963,-0.09703846275806427,0.8543480634689331,0.017551086843013763,0.024980027228593826,-0.6525333786564232,0.735927995727452,0.13511734146959647,-0.1198060051833675
321.0,-0.29796120524406433,-0.7910932302474976,1.849181056022644,0.2840508222579956,1.4265975952148438,-0.553156852722168,0.8713334202766418,-0.03413000330328941,0.02945169433951378,0.7891545481779442,-0.5993051144110816,-0.0812958069482946,0.10704891733880736
322.0,-0.31857579946517944,-0.7593073844909668,1.788524866104126,0.39956724643707275,1.4189116954803467,-0.8136879801750183,0.8915044069290161,-0.0577942356467247,0.03176267445087433,0.8569404297378278,-0.5048975467498342,-0.052586895398751395,0.08925349068281178
323.0,-0.3638077676296234,-0.7581430077552795,1.797192931175232,0.37361425161361694,1.319465160369873,-1.00062894821167,0.8903961181640625,-0.08288601040840149,0.02823261357843876,0.8875764231253518,-0.4364135378643867,-0.06507535753732566,0.132349971371683
324.0,-0.35024189949035645,-0.7341975569725037,1.7427241802215576,0.4671408534049988,1.376285195350647,-1.1122385263442993,0.9097192287445068,-0.08657954633235931,0.031481195241212845,0.9157760322603108,-0.3869203538307521,-0.04200207684790361,0.09941189098649385
325.0,-0.38407522439956665,-0.7899144887924194,1.8746562004089355,0.2181701511144638,1.2383325099945068,-0.8715464472770691,0.8657180666923523,-0.07876528799533844,0.02145456336438656,0.8488646004822671,-0.4849664805656642,-0.10433413081290202,0.18262199189405162
326.0,-0.444064736366272,-0.7244872450828552,1.777449131011963,0.39481186866760254,1.1073867082595825,-1.3009295463562012,0.8971325159072876,-0.1278476119041443,0.017897924408316612,0.9151304191309283,-0.3262250604110837,-0.0795410341150561,0.2231294463600537
327.0,-0.43285858631134033,-0.6548504829406738,1.636566162109375,0.6339463591575623,1.1536422967910767,-1.6811561584472656,0.9484834671020508,-0.1479908674955368,0.021632665768265724,0.9646465046394275,-0.16161675998343417,-0.03439830038189758,0.20531415175342585
328.0,-0.411738783121109,-0.6259455680847168,1.5676555633544922,0.7302496433258057,1.214018702507019,-1.8536489009857178,0.9765146970748901,-0.14830893278121948,0.024356774985790253,0.9802542402547832,-0.0722484746290708,-0.013529946359973387,0.1835721191460916
329.0,-0.41790446639060974,-0.5268436670303345,1.4865179061889648,0.6956309080123901,1.3863519430160522,-2.003492832183838,0.9994112253189087,-0.1929100900888443,-0.06478387862443924,0.9948633161533116,0.003467941074920056,0.00035265865463577825,0.10116734250246275
330.0,-0.4076751470565796,-0.5304095149040222,1.4800643920898438,0.6735842823982239,1.4580931663513184,-1.981228232383728,1.0050945281982422,-0.1962241679430008,-0.06497524678707123,0.998070541114882,-0.00010094790512131367,0.001623368860142617,0.06206890881682289
331.0,-0.40217360854148865,-0.5112273097038269,1.4420455694198608,0.7278295159339905,1.4224960803985596,-2.1083438396453857,1.0215017795562744,-0.19130010902881622,-0.06450603902339935,0.9942288398572061,0.06413874794655666,0.005536130683695188,0.08581716765947975
332.0,-0.37191224098205566,-0.5328571200370789,1.4689080715179443,0.6597285270690918,1.5240554809570312,-1.9431273937225342,1.0180015563964844,-0.17359799146652222,-0.06267685443162918,0.9996489658894866,-8.255978757861496e-05,0.003137268904733267,0.026307712249092917
333.0,-0.3840232789516449,-0.5440859198570251,1.4992499351501465,0.6383302211761475,1.5193711519241333,-1.9553539752960205,1.0013413429260254,-0.17928296327590942,-0.0628552958369255,0.999605114503594,-2.4693313392171764e-05,0.0008795082109812772,0.028086311858343895
334.0,-0.3900519013404846,-0.5624485611915588,1.547797441482544,0.602574348449707,1.5130969285964966,-1.9615259170532227,0.9769121408462524,-0.17467981576919556,-0.06266891956329346,0.9995472517475062,9.167535087888239e-05,-0.0030610730395525124,0.02993180501546651
335.0,-0.39647069573402405,-0.5814788341522217,1.598328948020935,0.5617769956588745,1.510565996170044,-1.9679734706878662,0.9512054920196533,-0.1702401489019394,-0.06273237615823746,0.9995388903082283,0.0002351666768672567,-0.008027900401054987,0.029283173891857795
336.0,-0.3981728255748749,-0.6028162837028503,1.6559257507324219,0.5139327049255371,1.5099536180496216,-1.9695945978164673,0.9221888184547424,-0.1596735268831253,-0.06280360370874405,0.9995354786604572,0.0003696718664236669,-0.013531549926997137,0.027305446311955653
337.0,-0.4289777874946594,-0.6118929386138916,1.6874969005584717,0.4806813597679138,1.444642424583435,-2.0024399757385254,0.9054186344146729,-0.17174911499023438,-0.06508748978376389,0.9979835437451717,0.0017875916700541305,-0.032875507725847186,0.05426648985900783
338.0,-0.44796687364578247,-0.6077466607093811,1.683274745941162,0.4744533598423004,1.3286012411117554,-1.4842122793197632,0.912326991558075,-0.17435726523399353,-0.06570161879062653,0.9577108946783822,-0.2609437127493895,-0.03187093001069188,0.11697206850847104
339.0,-0.4356960654258728,-0.6259722113609314,1.7229459285736084,0.4309222996234894,1.3669955730438232,-1.3617979288101196,0.8943344354629517,-0.16018179059028625,-0.06488588452339172,0.9440483934463179,-0.3130084931819434,-0.03270331481518747,0.09863471613734318
340.0,-0.4245850741863251,-0.6269530653953552,1.7263450622558594,0.44126251339912415,1.4422820806503296,-1.9976633787155151,0.8876887559890747,-0.15902124345302582,-0.06496245414018631,0.9978211380473538,0.0021062142186880867,-0.040212595383621215,0.05226363458526337
341.0,-0.428308367729187,-0.6425719857215881,1.7670396566390991,0.3889560103416443,1.3810235261917114,-1.2752349376678467,0.8726829290390015,-0.14548921585083008,-0.06487098336219788,0.9315857390930908,-0.349805174303318,-0.034771787144705184,0.09260277300258768
342.0,-0.41012224555015564,-0.646471381187439,1.7679798603057861,0.38246384263038635,1.430064082145691,-1.1256260871887207,0.8736118674278259,-0.13704964518547058,-0.06390602141618729,0.9081600931215569,-0.4113357594280651,-0.03208667361043244,0.07084196252081142
343.0,-0.41088730096817017,-0.6487804651260376,1.7834947109222412,0.38171616196632385,1.4499661922454834,-1.9827717542648315,0.8613863587379456,-0.13575829565525055,-0.06497501581907272,0.9978057644491968,0.0021839291007634118,-0.049003683436017936,0.04446938154887909
344.0,-0.4030908942222595,-0.6567972898483276,1.8050545454025269,0.3592490553855896,1.457128882408142,-1.974390983581543,0.8512125611305237,-0.12545306980609894,-0.06506095081567764,0.997885061230441,0.0020485841651303382,-0.051337568649656426,0.039820370681089824
345.0,-0.39091816544532776,-0.6656447052955627,1.827485203742981,0.33310747146606445,1.460184097290039,-1.9616398811340332,0.8417043089866638,-0.11106716096401215,-0.06495385617017746,0.9977531480548895,0.0020586456551854237,-0.05604760875750797,0.03664809786591223
346.0,-0.37288063764572144,-0.6721627116203308,1.8342653512954712,0.31241393089294434,1.4664031267166138,-0.8233582377433777,0.8429920077323914,-0.09666574001312256,-0.06369787454605103,0.8463704980429562,-0.5278559620095591,-0.03751286661409492,0.06014855153596305
347.0,-0.38035479187965393,-0.6740030646324158,1.8446046113967896,0.30391383171081543,1.4478368759155273,-0.9037601947784424,0.8370689153671265,-0.09782843291759491,-0.06457122415304184,0.8648181926664497,-0.496000267025632,-0.03877167680461965,0.06760167025595992
348.0,-0.35767337679862976,-0.6820489764213562,1.8679759502410889,0.2823062539100647,1.474156141281128,-1.9270635843276978,0.8249514698982239,-0.07785050570964813,-0.06478457152843475,0.9975212294725743,0.001774563161865936,-0.06482771374418529,0.027305955537399545
349.0,-0.3158169090747833,-0.6656928062438965,1.8308507204055786,0.3573657274246216,1.5317127704620361,-1.8863128423690796,0.8378803730010986,-0.05597936362028122,-0.06258108466863632,0.9995179133231021,0.00032146690339973486,-0.0290017465544525,0.011078641706141507
350.0,-0.28562813997268677,-0.6726664900779724,1.8505570888519287,0.33649885654449463,1.5444177389144897,-1.8559705018997192,0.8281263113021851,-0.02945672906935215,-0.06276559829711914,0.9995154252544055,0.00014505086969070655,-0.030768392571102626,0.004711651232923622
351.0,-0.2614150643348694,-0.6750622987747192,1.857361078262329,0.32906243205070496,1.5518704652786255,-1.831740140914917,0.8246643543243408,-0.00953659974038601,-0.06285569816827774,0.9995137509584524,4.565907236096952e-05,-0.031146612655253897,0.0014656330774237786
352.0,-0.2515076696872711,-0.6983287930488586,1.9023650884628296,0.22848978638648987,1.5379133224487305,-0.23200279474258423,0.8115904927253723,0.00422997260466218,-0.06442510336637497,-0.6992210760314483,0.7113719934107708,0.05062901483067859,-0.049764210849614146
353.0,-0.2815753221511841,-0.7098854780197144,1.9223138093948364,0.1735135316848755,1.5014901161193848,-0.35468408465385437,0.809129536151886,-0.01368581410497427,-0.0648871511220932,0.7310891241522909,-0.6751372389795574,-0.06681258190431406,0.07234970620932488
354.0,-0.21311891078948975,-0.7115357518196106,1.9200431108474731,0.16366498172283173,1.562156081199646,-0.04289979860186577,0.8104110360145569,0.031639523804187775,-0.06490849703550339,-0.641584547894308,0.7606053394128877,0.07585773050850503,-0.06398742284200522
355.0,-0.18565575778484344,-0.6964762806892395,1.8924131393432617,0.22880919277668,1.5796631574630737,0.06020477041602135,0.8161293268203735,0.049838144332170486,-0.06464382261037827,-0.6131642935462214,0.7865665292824989,0.057647022093237875,-0.04493845765298125
356.0,-0.16332265734672546,-0.6923767924308777,1.8824485540390015,0.24172887206077576,1.592315673828125,-1.7326862812042236,0.819421648979187,0.06531302630901337,-0.06479556113481522,0.9975274603548876,-0.0014617384909955998,-0.06678426667127017,-0.021833251789257876
357.0,-0.14314399659633636,-0.686687707901001,1.8714358806610107,0.2612675726413727,1.6007227897644043,-1.7129805088043213,0.821950376033783,0.07994481176137924,-0.06513860076665878,0.9979420651778517,-0.0014118398307646923,-0.059586221280070135,-0.023645792234971336
358.0,-0.1228649839758873,-0.695077121257782,1.872655987739563,0.21229036152362823,1.637056827545166,0.347287654876709,0.8294930458068848,0.08980102092027664,-0.06483610719442368,-0.5179867368943496,0.8499700488003947,0.0820863504372488,-0.0500248699717652
359.0,-0.11208046972751617,-0.7060843706130981,1.8874168395996094,0.1480199545621872,1.6485673189163208,0.3056209981441498,0.8307164907455444,0.09670653194189072,-0.06597381085157394,-0.5368311842090793,0.8341712467946034,0.10627031901291419,-0.06839027693106575
360.0,-0.10462053120136261,-0.6785135865211487,1.8399242162704468,0.278370201587677,1.6330664157867432,0.44120991230010986,0.8387987613677979,0.10437306016683578,-0.06465377658605576,-0.4872778541582995,0.8702381226389796,0.06319612913666088,-0.03538576005697473
361.0,-0.07721926271915436,-0.6663252711296082,1.8109773397445679,0.3152908682823181,1.6416852474212646,-1.647782564163208,0.849705696105957,0.12489471584558487,-0.06501676887273788,0.9978369738565707,-0.0020794131000822463,-0.05247364761029823,-0.0395419518030071
362.0,-0.07636775076389313,-0.6931818723678589,1.8530292510986328,0.18495365977287292,1.6870360374450684,0.4671785235404968,0.8447989821434021,0.1189987063407898,-0.06597939133644104,-0.481675319814738,0.8671714671679538,0.11058656257027477,-0.06142593092529719
363.0,-0.05142202973365784,-0.6527624726295471,1.7747135162353516,0.3520112931728363,1.6554632186889648,-1.6221832036972046,0.8658203482627869,0.1436387449502945,-0.06508560478687286,0.9979332134977028,-0.0020657857091110642,-0.04611887541776878,-0.044699924583300084
364.0,-0.05630982667207718,-0.646522045135498,1.752699851989746,0.3747479021549225,1.6479064226150513,-1.6270681619644165,0.8789666295051575,0.13986708223819733,-0.06338927149772644,0.9982481421641904,-0.001750433442794556,-0.042649285729429304,-0.04097097845151322
365.0,-0.07178086787462234,-0.6369205117225647,1.7403788566589355,0.42237067222595215,1.612549066543579,-1.6425769329071045,0.880782961845398,0.13172955811023712,-0.06278170645236969,0.9995294047980984,-0.00046943427792102746,-0.020922233288628245,-0.022427856108734948
366.0,-0.0881020650267601,-0.6435811519622803,1.759094476699829,0.4070361256599426,1.6090075969696045,-1.6588746309280396,0.8721396327018738,0.11882837116718292,-0.06260766088962555,0.999526584437006,-0.0004726956925328836,-0.022342933596167187,-0.021146557185331667
367.0,-0.12854504585266113,-0.6596440076828003,1.8066178560256958,0.36687102913856506,1.5948933362960815,-1.6991946697235107,0.8490133285522461,0.08918184041976929,-0.06273557245731354,0.9995220131668883,-0.0004163516413440197,-0.026692211908393534,-0.015591589705959266
368.0,-0.15435786545276642,-0.6668217182159424,1.8290016651153564,0.3484521806240082,1.5855703353881836,-1.7249168157577515,0.8379955291748047,0.07072318345308304,-0.06284980475902557,0.9995202629022361,-0.00034081237285333676,-0.028585362613937675,-0.01191658252189578
369.0,-0.17770491540431976,-0.6700673699378967,1.8386213779449463,0.3406820297241211,1.5793373584747314,-1.7481943368911743,0.8339061141014099,0.05310798063874245,-0.06270617246627808,0.9995171824945908,-0.0002848045075543023,-0.02953729400843021,-0.009636858779033513
370.0,-0.19842612743377686,-0.6735195517539978,1.8506351709365845,0.3315630555152893,1.5703142881393433,-1.7688485383987427,0.82773756980896,0.03866396099328995,-0.06288370490074158,0.9995176683339015,-0.00017938316745459305,-0.03049308316447139,-0.005879658932708415
371.0,-0.21460333466529846,-0.6720503568649292,1.8440115451812744,0.33671343326568604,1.5657469034194946,-1.7849867343902588,0.8325619101524353,0.025051498785614967,-0.06242316588759422,0.9995144598388775,-0.00012795628455527619,-0.03088162777001089,-0.0041416502098677605
372.0,-0.19853128492832184,-0.7456938028335571,1.987566351890564,-0.039483338594436646,1.5565471649169922,-0.03689388930797577,0.8004217147827148,0.0462399385869503,-0.06978447735309601,-0.6377338197506164,0.7481305428212245,0.1394901660065914,-0.11890651635533678
373.0,-0.23538494110107422,-0.784960150718689,2.151721954345703,-0.5165781378746033,1.491093635559082,-0.0904185101389885,0.7685931324958801,0.035001035779714584,-0.08871214836835861,-0.6221843446290577,0.6981366299081257,0.26446385638732695,-0.23569207866149827
374.0,-0.3252550959587097,-0.7781056761741638,2.201674699783325,-0.658488392829895,1.3227033615112305,-0.23154616355895996,0.7570849061012268,-0.0032056989148259163,-0.09795444458723068,0.6504275598742901,-0.6423696699596062,-0.2848306972296429,0.28840365876257323
375.0,-0.35693109035491943,-0.7761428356170654,2.201230764389038,-0.6614959239959717,1.262821078300476,-0.2824324667453766,0.758381724357605,-0.01836331933736801,-0.0975722074508667,0.6623720803711053,-0.6251042012751471,-0.2834122861032566,0.3003089089233621
376.0,-0.28231874108314514,-0.781768262386322,2.2729742527008057,-0.956257164478302,1.374432921409607,-0.11510446667671204,0.7545844912528992,0.021750926971435547,-0.09697862714529037,-0.5952771452568277,0.6290032870495905,0.36315521145896784,-0.34368339733813796
377.0,-0.20663246512413025,-0.7643640637397766,2.2652976512908936,-0.9772571325302124,1.55439031124115,-0.009473025798797607,0.7533135414123535,0.05004216358065605,-0.10915273427963257,-0.552294710706938,0.6670611212680149,0.3851279368371748,-0.3188675042793474
378.0,-0.1416410207748413,-0.781407356262207,2.1452295780181885,-0.5745947957038879,1.691502571105957,0.12074869871139526,0.7747015953063965,0.07379624992609024,-0.09069540351629257,-0.543394547071929,0.7463542509961686,0.310670896151271,-0.22618862154628253
379.0,-0.06802961230278015,-0.7579100728034973,2.2008111476898193,-0.8941935896873474,1.8594896793365479,0.17231902480125427,0.7710182666778564,0.10490182787179947,-0.10696986317634583,-0.4774221087210055,0.7225428174872235,0.417160285730416,-0.27563980665232485
380.0,0.010427710600197315,-0.7398533225059509,2.1324024200439453,-0.7944068908691406,2.0487701892852783,0.30373841524124146,0.7879658341407776,0.13824895024299622,-0.10850450396537781,-0.4232567908243671,0.7555485834519989,0.4362161861335459,-0.24436748151061324
381.0,0.03680574893951416,-0.7375680804252625,2.0966804027557373,-0.7318793535232544,2.121943473815918,0.3627947270870209,0.799045205116272,0.14970269799232483,-0.1025758683681488,-0.3992374982553708,0.768511199929679,0.4437001006252553,-0.23049984007494778
382.0,0.056745659559965134,-0.7466820478439331,2.05657696723938,-0.6475725769996643,2.192178726196289,0.4261648654937744,0.8139734268188477,0.1575910747051239,-0.08503113687038422,-0.3729197229754954,0.7816206748860856,0.45126888789587005,-0.21530534508860896
383.0,0.045048266649246216,-0.7653466463088989,2.0654900074005127,-0.6492035984992981,2.171085834503174,0.4063204526901245,0.8152536153793335,0.150705024600029,-0.07256585359573364,-0.378744983159389,0.7788146554997857,0.44964881846251653,-0.21866849376535155
384.0,0.058961398899555206,-0.7684212327003479,2.0339059829711914,-0.5846090912818909,2.2237143516540527,0.4573461413383484,0.826015055179596,0.15620791912078857,-0.060538798570632935,-0.3579770357398889,0.7885762248871306,0.4552846644006145,-0.20667814056465697
385.0,0.04440806806087494,-0.7981095910072327,2.039907455444336,-0.5727922916412354,2.2039194107055664,0.4375511407852173,0.8302551507949829,0.14670857787132263,-0.038203753530979156,-0.36223000969436064,0.7866317252569905,0.4541619984326837,-0.20913351734158972
386.0,0.08474399149417877,-0.7443382143974304,1.9875462055206299,-0.5113922953605652,2.2961649894714355,0.537378191947937,0.8365545868873596,0.17005403339862823,-0.06531950831413269,-0.33040602257365476,0.8005197575260398,0.46218025386332406,-0.19076003511307454
387.0,0.09087042510509491,-0.7231026291847229,1.9936901330947876,-0.5426152944564819,2.2912962436676025,0.5315687656402588,0.82987380027771,0.17522919178009033,-0.085482656955719,-0.33546648967152953,0.7984123119794908,0.46096357319907616,-0.1936816939479987
388.0,0.10125618427991867,-0.7060690522193909,1.9807242155075073,-0.530469536781311,2.311274766921997,0.5558661222457886,0.8303295969963074,0.1817663013935089,-0.09571022540330887,-0.3288401218404655,0.801164275371577,0.4625524005261679,-0.18985587929733283
389.0,0.0944102331995964,-0.7036932706832886,2.003704786300659,-0.5801157355308533,2.2807793617248535,0.5192534923553467,0.8219254612922668,0.17870280146598816,-0.10502390563488007,-0.3424702722853901,0.795433306475502,0.45924359284947586,-0.1977252891689025
390.0,0.0748218521475792,-0.7240619659423828,2.0352842807769775,-0.6253882646560669,2.231611728668213,0.46546584367752075,0.8159064054489136,0.16775676608085632,-0.0974017009139061,-0.3602137918535195,0.7875570177774553,0.4546962494574782,-0.20796944159489608
391.0,0.11545158922672272,-0.6823329329490662,1.9615775346755981,-0.5108368992805481,2.338606357574463,0.5912390947341919,0.8311120271682739,0.19083981215953827,-0.10975593328475952,-0.3194542196566642,0.8049527777771722,0.4647397263016986,-0.18443701876084556
392.0,0.13763363659381866,-0.6558364033699036,1.898703932762146,-0.396614134311676,2.410433530807495,0.6992458701133728,0.8468579649925232,0.20425903797149658,-0.11063475161790848,-0.286366494522392,0.8173091563974295,0.4718736372802795,-0.16533373558883455
393.0,0.15316948294639587,-0.6321021914482117,1.8356516361236572,-0.2700403034687042,2.470154285430908,0.8133518695831299,0.8635635375976562,0.21446004509925842,-0.1064402163028717,-0.2537847312018239,0.828005636515024,0.47804925039438667,-0.1465226614061228
394.0,0.14627543091773987,-0.6487918496131897,1.8417385816574097,-0.26745307445526123,2.4653759002685547,0.8030946254730225,0.8652774095535278,0.2090042680501938,-0.09311577677726746,-0.25423728116438726,0.8278668137074536,0.4779690493985485,-0.14678396181142006
395.0,0.15439708530902863,-0.6299725770950317,1.7894216775894165,-0.15607067942619324,2.5069189071655273,0.9012871980667114,0.8801929950714111,0.21466103196144104,-0.08655713498592377,-0.2273278295765379,0.835656680868346,0.48246656302672014,-0.13124780067225406
396.0,0.1636846363544464,-0.6058278679847717,1.7646650075912476,-0.1171543151140213,2.523841619491577,0.9485570788383484,0.8835680484771729,0.22216840088367462,-0.09813548624515533,-0.21763057242312378,0.8382344400824615,0.48395481787572286,-0.1256490814184554
397.0,0.16702398657798767,-0.5984965562820435,1.7737020254135132,-0.14903974533081055,2.5172336101531982,0.9294774532318115,0.8782820105552673,0.22495409846305847,-0.11015382409095764,-0.22443778693576713,0.8364374835987031,0.48291741671891436,-0.12957925935880107
398.0,0.16010820865631104,-0.610355019569397,1.7391008138656616,-0.041048575192689896,2.541626214981079,1.004644513130188,0.8940184712409973,0.2189774215221405,-0.07944110035896301,-0.20071833063848862,0.8424441569700583,0.4863853559741236,-0.1158847687430549
399.0,0.15160004794597626,-0.6340376138687134,1.7632627487182617,-0.08187689632177353,2.526174306869507,0.955501139163971,0.8906455039978027,0.21194526553153992,-0.06863237917423248,-0.21061189267312852,0.8400254047263391,0.48498882672451404,-0.12159682574546117
400.0,0.1385783702135086,-0.6689102649688721,1.8202760219573975,-0.19486701488494873,2.4831807613372803,0.8425635695457458,0.8777256011962891,0.20213675498962402,-0.06365174800157547,-0.23849547824680348,0.8325382488330866,0.4806661414446914,-0.13769543040507215
401.0,0.13085855543613434,-0.6873425841331482,1.8334429264068604,-0.20963042974472046,2.4718875885009766,0.817130982875824,0.8768842816352844,0.19612547755241394,-0.052295565605163574,-0.24331961072428399,0.8311411293212393,0.4798595410963916,-0.14048064281728764
402.0,0.12623843550682068,-0.6986066102981567,1.8262033462524414,-0.18134014308452606,2.4774980545043945,0.8295861482620239,0.8817746043205261,0.19203916192054749,-0.037896137684583664,-0.2374329937405656,0.8328419055987525,0.4808414087082115,-0.13708199529308704
403.0,0.13843563199043274,-0.6576768755912781,1.7464993000030518,-0.006359849125146866,2.5320019721984863,0.9958575963973999,0.9016504287719727,0.20083577930927277,-0.03521675616502762,-0.1957039931227768,0.8452845324861693,0.48437348331824,-0.11214425920925675
404.0,0.14657218754291534,-0.6409950256347656,1.7384977340698242,-0.00463268393650651,2.5434670448303223,1.0109078884124756,0.9009475708007812,0.207291841506958,-0.04724341630935669,-0.19333150643302674,0.8441699894387698,0.48738172008002656,-0.11161996453645102
405.0,0.15851770341396332,-0.6015869975090027,1.6927889585494995,0.08141212910413742,2.568258285522461,1.1065740585327148,0.9095598459243774,0.21768049895763397,-0.06125693768262863,-0.17367964527392954,0.848431135535211,0.4898419257096962,-0.10027400904008649
406.0,0.16584202647209167,-0.5746675729751587,1.6616852283477783,0.14049217104911804,2.5818350315093994,1.1716268062591553,0.9155543446540833,0.2244708240032196,-0.07099975645542145,-0.1608781970147585,0.850951350717304,0.4912969939238079,-0.09288308887578213
407.0,0.17233359813690186,-0.5545186400413513,1.6454030275344849,0.16366109251976013,2.5875966548919678,1.2034733295440674,0.9171844124794006,0.23047322034835815,-0.08290357887744904,-0.15606838298662026,0.8518466015097744,0.4918139060825793,-0.09010609919414489
408.0,0.18104051053524017,-0.5312503576278687,1.6335160732269287,0.16858159005641937,2.590794563293457,1.222623348236084,0.9159868955612183,0.23834146559238434,-0.1013893187046051,-0.15528538544249912,0.8519896736872085,0.4918965166889349,-0.08965412353947423
409.0,0.18151432275772095,-0.5425347089767456,1.6672320365905762,0.08111006021499634,2.5767786502838135,1.1459754705429077,0.905200719833374,0.2379804253578186,-0.1100398376584053,-0.17373081533188742,0.8484206521373904,0.48983588825000696,-0.10030355633380918
410.0,0.17348667979240417,-0.5254706144332886,1.587283730506897,0.31507954001426697,2.6069319248199463,1.346418023109436,0.9334456324577332,0.23285861313343048,-0.07547934353351593,-0.12389392555843973,0.857117417974746,0.4948570115169717,-0.07153016962454636
411.0,0.17966172099113464,-0.4827403128147125,1.5313434600830078,0.4369705319404602,2.615889549255371,1.472349762916565,0.9470686912536621,0.24064642190933228,-0.08584640920162201,-0.09894535907812292,0.8603544878184947,0.4967258602690161,-0.05712609690398051
412.0,0.18766991794109344,-0.4514927268028259,1.5031616687774658,0.4804975092411041,2.617562770843506,1.5261865854263306,0.9511503577232361,0.24923811852931976,-0.10359923541545868,-0.09075961712543786,0.8612564624241809,0.4972466528956073,-0.052400038320071375
413.0,0.1850557178258896,-0.4119694232940674,1.4359002113342285,0.6638997793197632,2.6140124797821045,1.7060394287109375,0.9719786047935486,0.25080811977386475,-0.09951689839363098,-0.05068699624727679,0.8645408523305022,0.4991428187336235,-0.02926413452898791
414.0,0.19013544917106628,-0.3967871367931366,1.4256212711334229,0.6680513620376587,2.6133675575256348,1.7165212631225586,0.9722129106521606,0.2560860216617584,-0.11196713894605637,-0.050583498028169284,0.8645468885393898,0.4991463627355713,-0.02920438001300064
415.0,0.176509827375412,-0.4596967399120331,1.4848586320877075,0.5727956295013428,2.6177806854248047,1.6021605730056763,0.9621375799179077,0.24006499350070953,-0.07696620374917984,-0.06956376473660743,0.8632270543437212,0.4983842897548256,-0.040162607115453386
416.0,0.17185558378696442,-0.46137726306915283,1.4755581617355347,0.6162279844284058,2.6169662475585938,1.6396446228027344,0.9670652747154236,0.2363113909959793,-0.06631398946046829,-0.059445086379042014,0.863982789699951,0.49882072283154366,-0.03432065386170176
417.0,0.17093254625797272,-0.4166809320449829,1.411840796470642,0.783359944820404,2.6052627563476562,1.8112436532974243,0.9864016771316528,0.2396460473537445,-0.07038898020982742,-0.021192064502334195,0.8657660721604586,0.49985028210879306,-0.012235202235371811
418.0,0.16578127443790436,-0.4261002540588379,1.413785696029663,0.7999329566955566,2.604095458984375,1.8218321800231934,0.9884042143821716,0.2347857803106308,-0.05858099088072777,-0.016563599044308177,0.8658670046690521,0.4999085182866473,-0.009562988894269887
419.0,0.17094384133815765,-0.38241907954216003,1.3661980628967285,0.8958039283752441,2.5890860557556152,1.9293463230133057,1.0001517534255981,0.24334317445755005,-0.07748228311538696,0.006184476589114908,0.8660033230361445,0.49998724747702,0.003570588190684404
420.0,0.17963498830795288,-0.3565007746219635,1.3483121395111084,0.9005207419395447,2.5865159034729004,1.944335699081421,1.000640630722046,0.2527180016040802,-0.09960716962814331,0.006011394406595468,0.8660045314339853,0.49998796864949163,0.003470717339018623
421.0,0.16349460184574127,-0.3503434658050537,1.3131117820739746,1.0365486145019531,2.5595836639404297,2.0712318420410156,1.0200847387313843,0.2413589358329773,-0.07690030336380005,0.044760127084353285,0.8648679019203492,0.49933177525275035,0.025842242051001097
422.0,0.15600158274173737,-0.34167084097862244,1.289392352104187,1.1088464260101318,2.540663003921509,2.1401870250701904,1.031514048576355,0.23687419295310974,-0.06941955536603928,0.06651053498566363,0.8634676530703886,0.49852322252039055,0.038399966730727944
423.0,0.15349076688289642,-0.36397939920425415,1.3135002851486206,1.0732245445251465,2.552262783050537,2.0993449687957764,1.0254743099212646,0.23224225640296936,-0.056944962590932846,0.05650966344432574,0.8641797597323837,0.4989344184543501,0.032625862255398125
424.0,0.14559166133403778,-0.3676619827747345,1.3049378395080566,1.1182314157485962,2.541046142578125,2.138901472091675,1.0323492288589478,0.2258588969707489,-0.04408572241663933,0.07064945349288336,0.863138880524398,0.4983333692014337,0.04078946908938053
425.0,0.14406457543373108,-0.395268052816391,1.3389488458633423,1.0520037412643433,2.538100004196167,2.073267698287964,1.020499348640442,0.22277335822582245,-0.03594353422522545,0.057775682183691314,0.8690179185565764,0.4903133719945824,0.0325979296751636
426.0,0.14283907413482666,-0.6588629484176636,1.7924576997756958,-2.120107889175415,-2.4987876415252686,-0.8802807927131653,1.0500142574310303,0.22930441796779633,-0.061146609485149384,0.1075033875887231,0.8593270747953221,0.4961327186997472,0.062067105750644114
427.0,0.14115643501281738,-0.650671124458313,1.779056191444397,-2.1164071559906006,-2.499533176422119,-0.8821653723716736,1.0583631992340088,0.22859948873519897,-0.06493068486452103,0.10764501668851167,0.8593093422676212,0.4961224932385715,0.0621488244173786
428.0,0.14677582681179047,-0.6449069380760193,1.7828770875930786,-2.115347146987915,-2.4941956996917725,-0.8688468337059021,1.0515928268432617,0.2342349737882614,-0.07326366752386093,0.10936389374301626,0.8590923090775208,0.4959971051842942,0.06314122962074778
429.0,0.15148936212062836,-0.6311774253845215,1.7797026634216309,-2.1352546215057373,-2.498894691467285,-0.8805508613586426,1.0524414777755737,0.23904797434806824,-0.08472024649381638,0.10370226713668797,0.8597940703023186,0.4964023386836954,0.05987248627742864
430.0,0.15871718525886536,-0.6165165901184082,1.7780036926269531,-2.145336151123047,-2.497462511062622,-0.8769508600234985,1.0488566160202026,0.24648994207382202,-0.09917479008436203,0.10170878923045079,0.8600321744229568,0.4965397762247673,0.05872164658160265
431.0,0.16417574882507324,-0.6037877798080444,1.773504614830017,-2.1478772163391113,-2.4945950508117676,-0.869828999042511,1.0470930337905884,0.25241464376449585,-0.11128424853086472,0.10157860727182373,0.8600475199637861,0.4965487322867062,0.05864645269172214
432.0,0.1668201982975006,-0.6148201823234558,1.8157625198364258,-2.259495735168457,-2.5306663513183594,-0.9692023396492004,1.0358834266662598,0.2500879168510437,-0.1011420413851738,0.07085658084022185,0.8631218568558323,0.49832363794713014,0.04090913140743968
433.0,0.17434683442115784,-0.6026272773742676,1.8314682245254517,-2.324852705001831,-2.5445704460144043,-1.0147082805633545,1.0277899503707886,0.2555514872074127,-0.11159302294254303,0.05493361020926318,0.8642813771813944,0.4989930850974956,0.03171593529588015
434.0,0.14950188994407654,-0.6308807134628296,1.8727284669876099,-2.492243766784668,-2.3739664554595947,-1.1386995315551758,1.0238226652145386,0.2452007234096527,-0.09674137085676193,0.06623427751748731,0.9083818690936212,0.4117693053355739,0.030023983199680162
435.0,0.12542982399463654,-0.6299854516983032,1.789096474647522,-2.3127498626708984,-2.2903406620025635,-0.9788061380386353,1.065778374671936,0.2344820499420166,-0.09432337433099747,0.1407538457688306,0.9077404486192839,0.3905487454540271,0.060558321195611775
436.0,0.14262621104717255,-0.6332285404205322,1.7534250020980835,-2.077326774597168,-2.483525037765503,-0.8433618545532227,1.065853476524353,0.2327890843153,-0.07846254110336304,0.1192142360314921,0.8577808488824281,0.49523998445033873,0.06882833006543872
437.0,0.15088655054569244,-0.6110124588012695,1.7421398162841797,-2.0740013122558594,-2.475579261779785,-0.8252872824668884,1.064756989479065,0.2424788773059845,-0.09930156171321869,0.12152945998244392,0.8574558986633379,0.4950523644997757,0.07016500984824461
438.0,0.14272290468215942,-0.5991054177284241,1.6986591815948486,-1.9920454025268555,-2.4442965984344482,-0.7604231834411621,1.0815681219100952,0.23898746073246002,-0.103996641933918,0.14703263108206915,0.8534526349289194,0.4927411117047481,0.08488935248862349
439.0,0.13114547729492188,-0.6088746786117554,1.6717053651809692,-1.88509202003479,-2.3905246257781982,-0.6667268872261047,1.0855491161346436,0.23216357827186584,-0.092939093708992,0.18682719103247164,0.8456332333478903,0.4882266237063013,0.10786472663876069
440.0,0.12956394255161285,-0.5981130003929138,1.663723111152649,-1.9219037294387817,-2.4182629585266113,-0.7126862406730652,1.098044991493225,0.22912557423114777,-0.09752555191516876,0.1699064310691565,0.8491948251538426,0.4902828024116156,0.09809550077699485
441.0,0.12128758430480957,-0.6256754994392395,1.6805492639541626,-1.9174686670303345,-2.4230356216430664,-0.7210748195648193,1.0946829319000244,0.21890398859977722,-0.07349462062120438,0.17031662338627987,0.8491126076757181,0.49023542699627537,0.09833236192738269
442.0,0.12715713679790497,-0.6375710964202881,1.7017592191696167,-1.9148229360580444,-2.4138848781585693,-0.7051225304603577,1.0785424709320068,0.22437059879302979,-0.06997958570718765,0.17375439991138347,0.848415848153526,0.4898330717805032,0.10031709178123606
443.0,0.12419262528419495,-0.6530322432518005,1.7159336805343628,-1.9274121522903442,-2.4244656562805176,-0.7236183881759644,1.0754886865615845,0.2196207493543625,-0.05720493197441101,0.16814827769327445,0.8495446524139944,0.49048487767713955,0.09708050800038316
444.0,0.11552275717258453,-0.6494978666305542,1.6980359554290771,-1.9204756021499634,-2.4299187660217285,-0.7334487438201904,1.0900347232818604,0.21120494604110718,-0.053569305688142776,0.16824637375497264,0.8495252502019425,0.49047363351119955,0.09713712893611116
445.0,0.11562226712703705,-0.6606141328811646,1.7041352987289429,-1.8907068967819214,-2.41117262840271,-0.700498104095459,1.0812753438949585,0.2122209072113037,-0.04712582007050514,0.18038331120901419,0.8470312048299706,0.4890336835344409,0.1041443971142794
446.0,0.10022149980068207,-0.6415165066719055,1.6422268152236938,-1.7804455757141113,-2.350466728210449,-0.6074482202529907,1.1030149459838867,0.2039041668176651,-0.05175716057419777,0.2240337761078926,0.8365457939575393,0.48297993739864403,0.12934597730579486
447.0,0.10670067369937897,-0.6164352893829346,1.62471604347229,-1.7781842947006226,-2.3402040004730225,-0.593390703201294,1.1069140434265137,0.21274635195732117,-0.07329476624727249,0.22732929268517985,0.8356563023234472,0.4824663129236455,0.13124859606190936
448.0,0.10353321582078934,-0.5963469743728638,1.5946511030197144,-1.7460801601409912,-2.315507650375366,-0.5611758232116699,1.117078185081482,0.2130105048418045,-0.0860409066081047,0.24283144643952426,0.8312838980497422,0.4799419457628764,0.14019878088149879
449.0,0.10977254807949066,-0.5862014293670654,1.5940464735031128,-1.7583461999893188,-2.318676710128784,-0.5651897192001343,1.115552306175232,0.21959565579891205,-0.09674441069364548,0.23843603388469684,0.8325552527218788,0.48067602250526714,0.1376610703832427
450.0,0.11011841148138046,-0.5689337849617004,1.573923110961914,-1.7445482015609741,-2.305720806121826,-0.5489873886108398,1.1220403909683228,0.22219058871269226,-0.10928324609994888,0.2456199207082093,0.8304642207497942,0.47946877816977435,0.1418087563097352
451.0,0.09558933973312378,-0.5663169026374817,1.5447415113449097,-1.6971546411514282,-2.279228448867798,-0.5174633860588074,1.1361241340637207,0.21000038087368011,-0.10280241072177887,0.26632331469599524,0.8240581944228779,0.4757702123368225,0.15376179404136478
452.0,0.09486551582813263,-0.5812061429023743,1.5610188245773315,-1.7057685852050781,-2.2887074947357178,-0.5285080671310425,1.1307390928268433,0.20753999054431915,-0.09182637184858322,0.26141118902015087,0.8256295630199612,0.4766774740384229,0.15092581179800743
453.0,0.09251251816749573,-0.5992277264595032,1.5778656005859375,-1.711713194847107,-2.2977423667907715,-0.5392751097679138,1.1254929304122925,0.2032967209815979,-0.07768675684928894,0.2573765107431154,0.826896198783853,0.4774087657324875,0.14859636118120992
454.0,0.08050388842821121,-0.6058061122894287,1.564245581626892,-1.6772743463516235,-2.2793684005737305,-0.5176247358322144,1.1323915719985962,0.19227543473243713,-0.06618262827396393,0.2724548348603877,0.8220513092607669,0.4746115405015194,0.15730191838192234
455.0,0.0750783383846283,-0.5845464468002319,1.5315992832183838,-1.6436049938201904,-2.2479968070983887,-0.48274654150009155,1.1433805227279663,0.19061297178268433,-0.07885672152042389,0.29157637410726794,0.8154650458577637,0.4708089527159933,0.16834163801366395
456.0,0.07434827089309692,-0.5679750442504883,1.5119279623031616,-1.630592703819275,-2.2328755855560303,-0.46677765250205994,1.1498839855194092,0.19208663702011108,-0.09051908552646637,0.2998632361845003,0.812454342681978,0.46907072612201944,0.17312606544802878
457.0,0.070539690554142,-0.5398433208465576,1.4744046926498413,-1.6029036045074463,-2.2027745246887207,-0.4364294409751892,1.1627298593521118,0.19227728247642517,-0.10892874747514725,0.31703404979967653,0.8059090390486063,0.4652918452869059,0.1830396972158615
458.0,0.05847131833434105,-0.5586269497871399,1.4777594804763794,-1.5800634622573853,-2.1896767616271973,-0.42377060651779175,1.1629794836044312,0.17975634336471558,-0.08909720182418823,0.32856891036156727,0.8012755064486491,0.4626166704513851,0.18969936776317387
459.0,0.054342541843652725,-0.5721902847290039,1.48673677444458,-1.5760711431503296,-2.190746784210205,-0.42479318380355835,1.1603087186813354,0.17463338375091553,-0.07713427394628525,0.3296795650889591,0.8008191919566287,0.4623531853492136,0.19034058462168088
460.0,0.05960076302289963,-0.590153694152832,1.5135011672973633,-1.599920392036438,-2.2166881561279297,-0.45023080706596375,1.1508814096450806,0.17699222266674042,-0.06659605354070663,0.31427336053485455,0.8069896441028247,0.4659156483168775,0.1814457985801528
461.0,0.04495377838611603,-0.5956512093544006,1.4990850687026978,-1.5626047849655151,-2.1864819526672363,-0.4207298159599304,1.1563392877578735,0.164018914103508,-0.05551573634147644,0.33559204282593597,0.7983595695261718,0.46093307780773235,0.19375416465354175
462.0,0.029468538239598274,-0.5770086050033569,1.4596877098083496,-1.5169817209243774,-2.137422561645508,-0.3761272728443146,1.1707756519317627,0.1527358740568161,-0.06180543079972267,0.3660518915243288,0.784860504081385,0.4531394145769108,0.2113401826474799
463.0,0.03774739056825638,-0.554306149482727,1.446461796760559,-1.5274649858474731,-2.139565944671631,-0.37799954414367676,1.1749613285064697,0.16235150396823883,-0.08259154111146927,0.36175293495707955,0.7868512020084674,0.45428874705436795,0.20885816777790128
464.0,0.0539059117436409,-0.5418877005577087,1.4537467956542969,-1.5604510307312012,-2.166550397872925,-0.40215054154396057,1.171240210533142,0.1777815967798233,-0.09936346113681793,0.3420311047101256,0.7956222102537857,0.45935271612131495,0.1974717806513709
465.0,0.048945825546979904,-0.5258819460868835,1.4301105737686157,-1.5419998168945312,-2.1447465419769287,-0.38255199790000916,1.1796648502349854,0.1751486361026764,-0.10885292291641235,0.3547986524833859,0.7900113332682717,0.45611326020412757,0.20484311892183057
466.0,0.031599223613739014,-0.5186877250671387,1.4013880491256714,-1.5010936260223389,-2.101452350616455,-0.3456287682056427,1.190830945968628,0.16061213612556458,-0.10620982199907303,0.3825544351764283,0.7769505072553848,0.44857259340413563,0.22086792852094245
467.0,0.016551420092582703,-0.5018717050552368,1.3682924509048462,-1.468017816543579,-2.0584068298339844,-0.3111797571182251,1.2030547857284546,0.14863966405391693,-0.11278329789638519,0.40857619501301945,0.7635872597927017,0.4408573083413964,0.23589154972769838
468.0,0.006993770133703947,-0.5115159749984741,1.3689857721328735,-1.4537725448608398,-2.0435147285461426,-0.2997186779975891,1.2033414840698242,0.13916516304016113,-0.10174407064914703,0.4190699753023289,0.7578788718783286,0.43756154465040503,0.2419501312330487
469.0,-0.0026852914597839117,-0.49339601397514343,1.341328740119934,-1.4336891174316406,-2.011533260345459,-0.2758086919784546,1.2133835554122925,0.13191688060760498,-0.11179637163877487,0.4372083875010646,0.7475619382792787,0.4316050818305774,0.2524223200766274
470.0,-0.010309201665222645,-0.5116472840309143,1.3538569211959839,-1.4260528087615967,-2.005357265472412,-0.2712945342063904,1.2091668844223022,0.12357904762029648,-0.09540940076112747,0.44281414809426445,0.7442550991692745,0.429695850899348,0.25565886123498616
471.0,-0.0013755273539572954,-0.5319425463676453,1.3817981481552124,-1.4442213773727417,-2.0378835201263428,-0.2954409420490265,1.1991411447525024,0.12987133860588074,-0.08300555497407913,0.4248066026342384,0.7546783239266442,0.4357137192616029,0.24526217115741333
472.0,0.016258373856544495,-0.5382608771324158,1.405763030052185,-1.4773619174957275,-2.0803191661834717,-0.3284584581851959,1.190009355545044,0.14510446786880493,-0.08532503992319107,0.39847663163574887,0.7689059485933762,0.44392807785911625,0.23006059624859362
473.0,0.018024178221821785,-0.5525504946708679,1.422113299369812,-1.485034465789795,-2.0943751335144043,-0.3398207724094391,1.1842906475067139,0.14522095024585724,-0.07525043189525604,0.39117479404808453,0.7726463081003181,0.44608748800275033,0.22584489395995555
474.0,0.00913323275744915,-0.5621333718299866,1.4225108623504639,-1.4705350399017334,-2.081080913543701,-0.32906854152679443,1.184311866760254,0.13645806908607483,-0.064385324716568,0.4008566810689792,0.7676678453674425,0.44321322902180454,0.23143472957042668
475.0,-0.02284565567970276,-0.5478340983390808,1.379608392715454,-1.413979411125183,-1.9999679327011108,-0.267380952835083,1.199892282485962,0.10941164940595627,-0.06354432553052902,0.4498616359563954,0.740016585730132,0.42724873411650943,0.25972770459616756
476.0,-0.024806464090943336,-0.5297797322273254,1.3605090379714966,-1.408279299736023,-1.9841066598892212,-0.2559969425201416,1.2068891525268555,0.10912445932626724,-0.07679519057273865,0.4575779598238807,0.7352702965176624,0.42450850417053043,0.2641827617940709
477.0,-0.03917889669537544,-0.5330915451049805,1.3530877828598022,-1.389540195465088,-1.9546794891357422,-0.23537196218967438,1.2096267938613892,0.09590484946966171,-0.06972122937440872,0.4755992677607837,0.7237440122190636,0.417853752382444,0.2745872955953529
478.0,-0.03621004521846771,-0.5102037191390991,1.3326389789581299,-1.3904104232788086,-1.9485502243041992,-0.23115165531635284,1.2172657251358032,0.10008696466684341,-0.0881715938448906,0.4771562214037363,0.7227184265974894,0.4172616968695844,0.27548628379226653
479.0,-0.05016385763883591,-0.5190088152885437,1.3328839540481567,-1.375458002090454,-1.922113060951233,-0.21322320401668549,1.2169724702835083,0.08698706328868866,-0.07784578949213028,0.49338437503356736,0.7117386533696379,0.4109224695753448,0.2848555278916148
480.0,-0.05899819731712341,-0.49585267901420593,1.305343508720398,-1.3642011880874634,-1.8905514478683472,-0.19235490262508392,1.2271465063095093,0.08028049021959305,-0.09367172420024872,0.509636885039711,0.7001930450170617,0.40425659293048444,0.29423893724147404
481.0,-0.04971294850111008,-0.47698575258255005,1.2915947437286377,-1.3716223239898682,-1.901545524597168,-0.1995622217655182,1.2321066856384277,0.08977528661489487,-0.1104208379983902,0.5018236552510493,0.7058137226838592,0.4075017448714769,0.2897280376979937
482.0,-0.07979016751050949,-0.48087719082832336,1.2809340953826904,-1.3449714183807373,-1.8376373052597046,-0.1584872007369995,1.2360634803771973,0.061989448964595795,-0.1011209636926651,0.5381955921761653,0.6784876901464972,0.3917250134547186,0.31072732856271007
483.0,-0.09539815783500671,-0.4878491759300232,1.2824122905731201,-1.3351086378097534,-1.809601068496704,-0.14102306962013245,1.2354936599731445,0.04703036695718765,-0.09336502850055695,0.5544385624049784,0.6652803314153272,0.384099734213294,0.3201052253986032
484.0,-0.1033359095454216,-0.46042847633361816,1.2529809474945068,-1.3300033807754517,-1.7872661352157593,-0.12731195986270905,1.2466250658035278,0.03947756439447403,-0.11361900717020035,0.5656551890026758,0.6557699278387378,0.37860895685461854,0.3265811793202138
485.0,-0.11583692580461502,-0.4764792025089264,1.266173243522644,-1.324081540107727,-1.7623347043991089,-0.11219239979982376,1.241405725479126,0.0283366646617651,-0.10005877912044525,0.5791387827273687,0.6438930453521962,0.3717518471140795,0.33436593824043537
486.0,-0.10722071677446365,-0.5022698640823364,1.328078269958496,-1.4870723485946655,-1.753376841545105,-0.14035481214523315,1.239106297492981,0.04061386361718178,-0.10328878462314606,0.5932469607071699,0.6708291139790215,0.33336551373751955,0.2948114273571271
487.0,-0.10630176216363907,-0.51557457447052,1.3052254915237427,-1.3283058404922485,-1.7962466478347778,-0.1328049749135971,1.2264446020126343,0.03658565506339073,-0.07005240768194199,0.563194625329208,0.6578843803916572,0.37982967730932266,0.32516053307877696
488.0,-0.13480572402477264,-0.5209956765174866,1.3051271438598633,-1.3151028156280518,-1.7295961380004883,-0.09259387105703354,1.225569248199463,0.01199506688863039,-0.06377717852592468,0.597243146886142,0.6271368129005006,0.36207764758303784,0.3448185298432701
489.0,-0.1367272287607193,-0.507071852684021,1.2920992374420166,-1.3151936531066895,-1.7207776308059692,-0.08735799789428711,1.2308127880096436,0.010278698056936264,-0.07475525885820389,0.6010405993770244,0.6234983540316167,0.3599769389773942,0.34701095634696827
490.0,-0.14376695454120636,-0.49262309074401855,1.2778892517089844,-1.3138339519500732,-1.7014342546463013,-0.07592879980802536,1.23636794090271,0.0038018992636352777,-0.08593791723251343,0.6101562107734962,0.6145806626143048,0.3548283158496874,0.35227386202550637
491.0,-0.14940406382083893,-0.4777177572250366,1.2636864185333252,-1.3138362169265747,-1.6919530630111694,-0.07035218179225922,1.2418473958969116,-0.002524474635720253,-0.09772150963544846,0.6152405466110734,0.6094908228880216,0.35188969502951095,0.3552093033030354
492.0,-0.16129416227340698,-0.4886954724788666,1.2747063636779785,-1.3128173351287842,-1.6759161949157715,-0.06095324084162712,1.237300157546997,-0.014077951200306416,-0.08944901823997498,0.6244477730241434,0.6000541555156657,0.34644142709613435,0.36052507098004016
493.0,-0.1701124608516693,-0.47440823912620544,1.266000509262085,-1.333770513534546,-1.6599692106246948,-0.05359470471739769,1.2433795928955078,-0.02357715182006359,-0.10413560271263123,0.6352099885006693,0.5945457894200159,0.33687465339432565,0.3599153271150907
494.0,-0.16446149349212646,-0.5028472542762756,1.326668620109558,-1.489686131477356,-1.6611922979354858,-0.07079494744539261,1.2420121431350708,-0.016495298594236374,-0.10316362231969833,0.6510499278990018,0.6194696093634188,0.30235166178377554,0.3177654277520248
495.0,-0.14235323667526245,-0.5097185373306274,1.339989185333252,-1.5234968662261963,-1.6919784545898438,-0.10009323805570602,1.2414897680282593,0.006277007982134819,-0.10137636214494705,0.6345016727479045,0.6438753810896597,0.3045596755241751,0.3001258485225254
496.0,-0.150178924202919,-0.5136367678642273,1.2971950769424438,-1.3115955591201782,-1.6943200826644897,-0.0717429369688034,1.2285321950912476,-0.001838873722590506,-0.0692308098077774,0.6146413467168974,0.6100950713038008,0.35223857268283754,0.35486336355167236
497.0,-0.1594468653202057,-0.5176563858985901,1.301011323928833,-1.3098211288452148,-1.670214295387268,-0.05762076750397682,1.2267794609069824,-0.009210139513015747,-0.06623733788728714,0.6258706010208404,0.5985699527339224,0.34558451194361667,0.3613465754184122
498.0,-0.171463280916214,-0.50745689868927,1.2925177812576294,-1.3101187944412231,-1.6418002843856812,-0.04107474535703659,1.2300925254821777,-0.02012557163834572,-0.07489218562841415,0.6391398743410058,0.584380233519483,0.3373920510508281,0.3690075440784283
499.0,-0.19372621178627014,-0.5215182900428772,1.3083878755569458,-1.3105707168579102,-1.5896283388137817,-0.010874182917177677,1.2235264778137207,-0.03816893696784973,-0.06538006663322449,0.6627029519382186,0.5575166189338867,0.32188237823458404,0.38261175058660524
500.0,-0.19507715106010437,-0.5082377791404724,1.2967808246612549,-1.3122410774230957,-1.58933687210083,-0.010705848224461079,1.228163480758667,-0.040702611207962036,-0.07620413601398468,0.6631731305692542,0.556957271041936,0.3215594171724286,0.3828831915248079
501.0,-0.20393399894237518,-0.4863688051700592,1.2788385152816772,-1.3160713911056519,-1.5739927291870117,-0.0018454397795721889,1.2350072860717773,-0.050660841166973114,-0.09479209035634995,0.6705149799107665,0.5480963808114367,0.3164436133995076,0.38712202029248083
502.0,-0.22193890810012817,-0.5069641470909119,1.303068995475769,-1.320151925086975,-1.5314090251922607,0.022754032164812088,1.2254397869110107,-0.06424538791179657,-0.08100508898496628,0.6885439487381778,0.5252687694806281,0.3032640360564133,0.39753097350913286
503.0,-0.23883429169654846,-0.5026710033416748,1.3061999082565308,-1.3286811113357544,-1.4975380897521973,0.042384203523397446,1.2238612174987793,-0.07949182391166687,-0.08792581409215927,0.7029866038638429,0.505776470966563,0.2920101886522911,0.4058694937142274
504.0,-0.23870830237865448,-0.5222779512405396,1.3239493370056152,-1.3270621299743652,-1.4921307563781738,0.04552726075053215,1.217064619064331,-0.07682505249977112,-0.07223647087812424,0.7045319718808531,0.5036215944376689,0.2907660661872322,0.4067617053850317
505.0,-0.24123072624206543,-0.47672754526138306,1.282939076423645,-1.331304907798767,-1.498936414718628,0.04157188907265663,1.232436180114746,-0.08480347692966461,-0.10902001708745956,0.7031839038925791,0.505502152699152,0.2918517849144236,0.4059833821293432
506.0,-0.2648518979549408,-0.48576492071151733,1.303076982498169,-1.3453031778335571,-1.447912573814392,0.0713667944073677,1.2242356538772583,-0.1041831374168396,-0.10744964331388474,0.7234638068823185,0.47602535630441445,0.27483334205467297,0.41769200899904463
507.0,-0.26633551716804504,-0.5012686848640442,1.3185219764709473,-1.345820665359497,-1.440164566040039,0.07592520117759705,1.2185596227645874,-0.10326406359672546,-0.09560466557741165,0.7259422439752399,0.47223709592599156,0.2726462154645571,0.41912292330106865
508.0,-0.281742662191391,-0.5158421993255615,1.3416448831558228,-1.3574621677398682,-1.404850959777832,0.09684921056032181,1.2093695402145386,-0.11425796896219254,-0.08862636238336563,0.7389547433048063,0.45160374124647307,0.26073350445556476,0.42663566176989565
509.0,-0.2886876165866852,-0.532325267791748,1.3611116409301758,-1.3626288175582886,-1.3840724229812622,0.10929317027330399,1.2020084857940674,-0.11741974204778671,-0.07762012630701065,0.7458800660466095,0.4400714946774684,0.25407539856843836,0.4306340656391849
510.0,-0.3022233545780182,-0.52117520570755,1.360425353050232,-1.3759119510650635,-1.3604414463043213,0.12358640879392624,1.2017614841461182,-0.13038715720176697,-0.09082265943288803,0.754746007358417,0.4246862806889093,0.24519275772547125,0.4357528415628837
511.0,-0.3113735616207123,-0.5093743205070496,1.356759786605835,-1.3858451843261719,-1.346774935722351,0.1319291740655899,1.2024437189102173,-0.1398344486951828,-0.10346971452236176,0.7600081002939711,0.4151959946806595,0.23971349552819415,0.4387908539957753
512.0,-0.3149024546146393,-0.49749287962913513,1.3483773469924927,-1.3897037506103516,-1.3441499471664429,0.13353851437568665,1.2050901651382446,-0.14468686282634735,-0.11409582197666168,0.7613713969383593,0.4126907049631112,0.23826707509788952,0.43957795541346045
513.0,-0.3272453546524048,-0.5243474841117859,1.3836921453475952,-1.4032500982284546,-1.3101272583007812,0.15461666882038116,1.1917831897735596,-0.15029017627239227,-0.0975315123796463,0.7718508452249246,0.39274205244250493,0.2267497048097443,0.44562823557031483
514.0,-0.33776941895484924,-0.508773148059845,1.377972960472107,-1.4155703783035278,-1.2953273057937622,0.16392414271831512,1.1929516792297363,-0.16147920489311218,-0.1136632189154625,0.7772414189879195,0.3819629937642071,0.2205264966147516,0.4487405846312026
515.0,-0.3480052947998047,-0.5386256575584412,1.4158008098602295,-1.4296083450317383,-1.2623838186264038,0.18498432636260986,1.178999423980713,-0.16406399011611938,-0.09460912644863129,0.7863404172876226,0.36286195360689627,0.20949840964947342,0.45399379634402015
516.0,-0.36102741956710815,-0.5241022706031799,1.4151757955551147,-1.4473704099655151,-1.243418574333191,0.19734519720077515,1.1778481006622314,-0.17684119939804077,-0.11149856448173523,0.792626921855902,0.3489162531090062,0.20144689895866302,0.45762338004689845
517.0,-0.3697892725467682,-0.5398522019386292,1.4388116598129272,-1.4605066776275635,-1.2196335792541504,0.21312005817890167,1.1689072847366333,-0.18059521913528442,-0.10294937342405319,0.7989150095007636,0.33426756126403856,0.19298947570326122,0.4612537992784097
518.0,-0.3763360381126404,-0.5803300142288208,1.4828975200653076,-1.472378134727478,-1.1858835220336914,0.23608337342739105,1.153428077697754,-0.17737977206707,-0.07431799173355103,0.8064736613461483,0.3155950714541557,0.1822088858310207,0.4656177685108279
519.0,-0.387564092874527,-0.6033540964126587,1.5166016817092896,-1.492794156074524,-1.1505807638168335,0.2609288692474365,1.140886664390564,-0.1806291937828064,-0.061793603003025055,0.8145946395986291,0.29399934418803625,0.1697405646814611,0.4703063889166326
520.0,-0.3500766158103943,-0.5693275332450867,1.4456497430801392,-1.4324623346328735,-1.2441617250442505,0.1968573033809662,1.1683858633041382,-0.15991199016571045,-0.07139471173286438,0.7905499454876647,0.3535968766392844,0.20414926735460334,0.4564242644283631
521.0,-0.33996355533599854,-0.5768890976905823,1.4422649145126343,-1.4181562662124634,-1.260621190071106,0.18612542748451233,1.1702481508255005,-0.15075433254241943,-0.06106153503060341,0.785253584282365,0.36520791154083737,0.2108528627026924,0.45336636400350433
522.0,-0.3133961856365204,-0.5450193285942078,1.3910434246063232,-1.386968731880188,-1.3292763233184814,0.14270153641700745,1.1899842023849487,-0.13555912673473358,-0.07605646550655365,0.7646146447092068,0.4066502475644916,0.23477963998616252,0.44145049767773414
523.0,-0.3057647943496704,-0.5556999444961548,1.3943036794662476,-1.3779915571212769,-1.3400670289993286,0.13604623079299927,1.1891167163848877,-0.1275821328163147,-0.06473711878061295,0.7604657905639888,0.41435711381964146,0.23922915424621347,0.4390550937725085
524.0,-0.28436079621315,-0.1785166710615158,0.9132994413375854,1.80881929397583,1.3905739784240723,-3.0200917720794678,1.1908462047576904,-0.10983767360448837,-0.05297895893454552,0.7583964767621976,0.44918499280112406,0.2406865864334676,0.40637125069072577
525.0,-0.2579548954963684,-0.20351646840572357,0.9174374341964722,1.7304093837738037,1.4596590995788574,-3.048959493637085,1.1918758153915405,-0.08887936174869537,-0.04297993332147598,0.7549633798535081,0.4991094393040174,0.23457186571469535,0.3548184077706847
526.0,-0.2254217565059662,-0.2663823962211609,0.9692012071609497,1.5544713735580444,1.5409533977508545,-3.105196237564087,1.1830812692642212,-0.060362424701452255,-0.02611974999308586,0.75005369480334,0.5691957341559039,0.20360167966764348,0.26829466481295133
527.0,-0.19041797518730164,-0.2976592481136322,0.9991448521614075,1.470717430114746,1.60574471950531,3.090717077255249,1.178154468536377,-0.027883946895599365,-0.018175296485424042,0.7173126365241642,0.6304610151432999,0.19581778971821404,0.22279336412268985
528.0,-0.17496271431446075,-0.31649214029312134,1.0231622457504272,1.4285088777542114,1.6308335065841675,3.0470972061157227,1.1721248626708984,-0.01248218771070242,-0.013491460122168064,0.6999208696064372,0.6571218476498113,0.19153007919006984,0.2040046136637916
529.0,-0.15371617674827576,-0.3144015073776245,1.0187032222747803,1.4287782907485962,1.6672228574752808,2.9899771213531494,1.1732516288757324,0.006583690643310547,-0.013974936679005623,0.6698228482045264,0.6873079089946801,0.20122013892647664,0.19610111153929244
530.0,-0.13744571805000305,-0.3176606297492981,1.0233877897262573,1.4198509454727173,1.6952505111694336,2.9438984394073486,1.1714578866958618,0.021544018760323524,-0.013314644806087017,0.6456090208966871,0.7105698448826805,0.2070766213913277,0.1881455834011978
531.0,-0.11678218841552734,-0.32149621844291687,1.030848741531372,1.410753846168518,1.729650855064392,2.888714551925659,1.1680563688278198,0.04077107086777687,-0.012725898064672947,0.6145397914775567,0.7371662217856172,0.2157896517423892,0.179893391623867
532.0,-0.10023757815361023,-0.3212724030017853,1.033492088317871,1.4107922315597534,1.7589353322982788,2.8468875885009766,1.1657538414001465,0.05576426535844803,-0.013202128000557423,0.58858379140633,0.7561347218099386,0.22573151128308294,0.17571194547045596
533.0,-0.06918681412935257,-0.3164779841899872,1.0352306365966797,1.4196618795394897,1.8193608522415161,2.773357629776001,1.1614183187484741,0.08294792473316193,-0.01569809764623642,0.5377987358988587,0.7870244537181393,0.24956487909940808,0.17053562687999282
534.0,-0.045381613075733185,-0.3300996422767639,1.0627927780151367,1.3881663084030151,1.8652840852737427,2.699497699737549,1.1500787734985352,0.10414718091487885,-0.014306345023214817,0.49414118462306306,0.8146906023112644,0.25948552333842395,0.15738797712280742
535.0,-0.005520911421626806,-0.331847220659256,1.0868821144104004,1.3822097778320312,1.9625543355941772,2.6009044647216797,1.135462999343872,0.1358194351196289,-0.017107021063566208,0.418914265061233,0.845253240688117,0.2972462176762489,0.14731762865185946
536.0,-0.027561379596590996,-0.3942575752735138,1.1614292860031128,1.2513588666915894,1.8747961521148682,2.584230661392212,1.1169517040252686,0.12407828122377396,-0.0021263433154672384,0.4501485339421925,0.8528861185552195,0.23390363206560455,0.12345305614696482
537.0,-0.040395308285951614,-0.4384744167327881,1.222930908203125,1.1650476455688477,1.8280057907104492,2.572783946990967,1.098665714263916,0.11747569590806961,0.007732235360890627,0.4640409592180152,0.8567116427439081,0.19801003370762604,0.10725285966427003
538.0,-0.028899885714054108,-0.47279608249664307,1.28132963180542,1.0961250066757202,1.8460705280303955,2.4768919944763184,1.0756334066390991,0.12803170084953308,0.01369474921375513,0.41983591526309555,0.8822383255753422,0.19238434840344618,0.09155109846745232
539.0,-0.027917301282286644,-0.5115914344787598,1.3434275388717651,1.0187734365463257,1.8289629220962524,2.415175199508667,1.0522254705429077,0.1322859823703766,0.020283587276935577,0.3985728599558829,0.8976455321319016,0.171892061250334,0.07632360859744092
540.0,-0.06662297248840332,-0.5426028370857239,1.3860445022583008,0.9698604941368103,1.7105971574783325,2.6285958290100098,1.0410301685333252,0.11043871194124222,0.02704586461186409,0.5207047380725696,0.8423187276736798,0.118369540755589,0.0731736877592012
541.0,-0.07069259881973267,-0.5929358601570129,1.4600141048431396,0.8397084474563599,1.6952892541885376,2.4046735763549805,1.0181111097335815,0.11020258069038391,0.032297033816576004,0.4313660690117522,0.8974815852322114,0.08285135879255903,0.03982174055276477
542.0,-0.11330502480268478,-0.623745858669281,1.507647156715393,0.7633851766586304,1.579492449760437,-1.683768630027771,1.007373332977295,0.08631527423858643,0.034662216901779175,0.9992593142363522,1.331020798784949e-08,0.03848146192292224,-4.1199653958370007e-07
543.0,-0.11108081787824631,-0.6632100343704224,1.5782819986343384,0.6549080610275269,1.5723717212677002,-1.6818772554397583,0.9807227253913879,0.09261211007833481,0.03498782590031624,0.9999996064730732,-2.661158911323863e-07,-0.00031831687247706354,-0.0008280869500036307
544.0,-0.11016866564750671,-0.6779375672340393,1.6122843027114868,0.624528706073761,1.5925170183181763,-1.6809861660003662,0.9630221128463745,0.09232811629772186,0.03475591912865639,0.999923265315894,-5.4144845384678475e-05,-0.004729795879531732,-0.011449435762266523
545.0,-0.08255594968795776,-0.6623556613922119,1.5717616081237793,0.6398279070854187,1.669245719909668,-1.6537474393844604,0.9833683967590332,0.10510100424289703,0.034412018954753876,0.9987307479886322,-0.0003331478595865614,-0.006664129050950016,-0.04992365590141988
546.0,-0.029653942212462425,-0.6891284584999084,1.6354146003723145,0.5180405378341675,1.8409390449523926,1.189882516860962,0.9530889987945557,0.13162127137184143,0.028467293828725815,-0.16583662409138453,0.975518341962451,0.14239454275745925,-0.02420687500892078
547.0,-0.02805386856198311,-0.7123462557792664,1.683735728263855,0.43587109446525574,1.8634257316589355,1.0512089729309082,0.9343881607055664,0.13033047318458557,0.026342293247580528,-0.22834614518787083,0.9592783101711255,0.16174305440997785,-0.03850124625516252
548.0,-0.08834189921617508,-0.7214382290840149,1.6949479579925537,0.47843611240386963,1.7102222442626953,0.8609592914581299,0.929267406463623,0.09795168042182922,0.03247169032692909,-0.3005505745222617,0.9493810335701865,0.08709105940448195,-0.027570865480572318
549.0,-0.011681403033435345,-0.6365857720375061,1.5411534309387207,0.6573745608329773,1.8773274421691895,1.5414618253707886,0.9872607588768005,0.14291690289974213,0.027333343401551247,-0.008047050955963258,0.9882355920849417,0.15272233942302912,-0.0012436030693837067
550.0,0.01311665028333664,-0.5827435255050659,1.4645416736602783,0.7921631932258606,1.956031084060669,1.8396425247192383,1.0078721046447754,0.15625062584877014,0.022375551983714104,0.11520253648837991,0.9734577205583669,0.19638809984458175,0.023241258816737376
551.0,0.0372200533747673,-0.5058066248893738,1.3650206327438354,0.9724892973899841,2.043855667114258,2.100865364074707,1.0350043773651123,0.1693304032087326,0.0104709193110466,0.20556931738763665,0.9422139515255032,0.25844655919296544,0.05638706714127671
552.0,0.005477993283420801,-0.46661603450775146,1.2878386974334717,1.09565007686615,1.9428577423095703,2.352123260498047,1.066907286643982,0.15075305104255676,0.009507302194833755,0.33671048741792997,0.9081848533923752,0.23314136680915507,0.08643739245146793
553.0,0.0013244306901469827,-0.41897597908973694,1.2137796878814697,1.1948621273040771,1.9465594291687012,2.4522228240966797,1.0937418937683105,0.14582331478595734,0.0005573395173996687,0.3742116962162936,0.8859289576888009,0.2524395381921411,0.10662911375744388
554.0,0.023822154849767685,-0.36446788907051086,1.1523414850234985,1.3037570714950562,2.0370492935180664,2.4769163131713867,1.1091564893722534,0.1581004559993744,-0.013266755267977715,0.34763214208611987,0.8755342651899849,0.3118634250782702,0.12382587922279881
555.0,0.06317311525344849,-0.3593684434890747,1.1823230981826782,1.2939486503601074,2.177084445953369,2.388402223587036,1.0911738872528076,0.1823273003101349,-0.020423296838998795,0.26367157433012633,0.8840812997064158,0.3697522210898941,0.11027625038410346
556.0,0.10314206779003143,-0.3864964544773102,1.2640281915664673,1.1765273809432983,2.334190845489502,2.220041036605835,1.0558282136917114,0.2041124403476715,-0.02395487017929554,0.15716202879367275,0.8917275606203294,0.41796607632244054,0.07366419333161282
557.0,0.11415223032236099,-0.45479875802993774,1.3658519983291626,0.9599443674087524,2.3826744556427,1.9740495681762695,1.0205390453338623,0.20663166046142578,-0.015145283192396164,0.07241929991312705,0.9074338122103657,0.41259554059584647,0.03292782012033314
558.0,0.123273566365242,-0.48904141783714294,1.4249008893966675,0.823431134223938,2.4024593830108643,1.823395848274231,0.9988030195236206,0.2113826721906662,-0.017685865983366966,0.020913481673769007,0.9112740721209733,0.41116073977724193,0.009435985914103747
559.0,0.12135729938745499,-0.5282965302467346,1.482056736946106,0.7004773020744324,2.4154393672943115,1.682185173034668,0.9811248779296875,0.2059136927127838,-0.01234510075300932,-0.021637562614173208,0.9112496055683635,0.4111698572685007,-0.009763232529277877
560.0,0.14158649742603302,-0.5113821625709534,1.4841378927230835,0.6576637029647827,2.5146501064300537,1.644375205039978,0.9768747687339783,0.21605663001537323,-0.024949146434664726,-0.043810289968268246,0.889322872860785,0.45462501970107627,-0.02239593180317922
561.0,0.13249726593494415,-0.593574047088623,1.6043517589569092,0.3845333755016327,2.470993757247925,1.3482273817062378,0.9425152540206909,0.20643877983093262,-0.0211768951267004,-0.12087682348745601,0.8895753318578935,0.4364936182567529,-0.059311413021686445
562.0,0.15277767181396484,-0.49771952629089355,1.5309370756149292,0.4935569167137146,2.3773841857910156,1.5098544359207153,0.9511001110076904,0.2371102124452591,-0.09175625443458557,-0.08948783340036087,0.9152265455349837,0.39101230331237685,-0.03823188041098475
563.0,0.06871252506971359,-0.6176711916923523,1.6951178312301636,0.2907717227935791,2.0160365104675293,1.1257864236831665,0.9083915948867798,0.19738146662712097,-0.07474610209465027,-0.22491427496382582,0.9441607811116726,0.23422384104440452,-0.05579588349061912
564.0,0.06693888455629349,-0.6443032622337341,1.760054349899292,0.16681386530399323,2.0453014373779297,0.9951850175857544,0.885002076625824,0.19012318551540375,-0.07736830413341522,-0.27172137338668906,0.9233524802644384,0.26023634266343676,-0.07658157997534243
565.0,0.004716102499514818,-0.657150387763977,1.7649329900741577,0.2536194324493408,1.8261868953704834,0.8714274764060974,0.8823872208595276,0.1661834865808487,-0.06825893372297287,-0.32764304263663274,0.9305187427632555,0.15437101600660047,-0.054355270169413356
566.0,-0.03607012331485748,-0.6543708443641663,1.7670857906341553,0.32806849479675293,1.7092489004135132,0.8124051690101624,0.8739627003669739,0.14828430116176605,-0.06479429453611374,-0.34756567329875576,0.9328633164497567,0.08872123160675914,-0.03305568981164189
567.0,-0.027656933292746544,-0.6362538933753967,1.7287434339523315,0.3931470811367035,1.6755976676940918,-1.5985119342803955,0.8878374695777893,0.16036832332611084,-0.0648801177740097,0.997722323106142,-0.002200247752486599,-0.04104365285826187,-0.05348591819873197
568.0,-0.013750518672168255,-0.626306414604187,1.699355125427246,0.41267988085746765,1.7068074941635132,1.0094001293182373,0.9029628038406372,0.16767814755439758,-0.06457018852233887,-0.2667629653110676,0.9604314366765487,0.07713594227794528,-0.021424803167360805
569.0,-0.001114654471166432,-0.6064682006835938,1.6524016857147217,0.468567818403244,1.6914169788360596,-1.5719174146652222,0.9231973886489868,0.18140441179275513,-0.06489758938550949,0.9977864940613297,-0.0016931230826905748,-0.028025257172037077,-0.060281262125706433
570.0,-0.024418598040938377,-0.5943388938903809,1.6229841709136963,0.5195744037628174,1.6271729469299316,-1.5952483415603638,0.9388128519058228,0.16943399608135223,-0.06283024698495865,0.9995390539390245,-0.00030144919411860055,-0.010591644082713932,-0.02845005895755417
571.0,-0.03698926046490669,-0.6117914319038391,1.670353889465332,0.48034706711769104,1.6226381063461304,-1.6078187227249146,0.9150151014328003,0.15927532315254211,-0.06288908421993256,0.9995370286225443,-0.0003966432963723502,-0.014967682878483393,-0.02648659199972551
572.0,0.014521072618663311,-0.5808051824569702,1.5873268842697144,0.5263696312904358,1.7350687980651855,1.3429269790649414,0.9542911648750305,0.18964344263076782,-0.06460774689912796,-0.11892607413757467,0.989328593604614,0.08357388669948229,-0.01004630422011401
573.0,0.03507810831069946,-0.5949351191520691,1.6226617097854614,0.45125970244407654,1.8449203968048096,1.2429598569869995,0.9392862915992737,0.1922903209924698,-0.06696514785289764,-0.17241535361048216,0.9744624784301363,0.1416601455450791,-0.025064459605495772
574.0,0.02241518162190914,-0.5514335632324219,1.5177829265594482,0.5965858101844788,1.7515314817428589,1.527090311050415,0.9861208200454712,0.1954154670238495,-0.06471128761768341,-0.03256492850615798,0.9953794421985687,0.09028049339977973,-0.002953640355177907
575.0,0.01847260445356369,-0.5328919291496277,1.4722708463668823,0.6420345306396484,1.7331675291061401,1.6363810300827026,1.008288025856018,0.19471393525600433,-0.06455235928297043,0.023045575900012553,0.9964258416294823,0.08124600123232859,0.0018790551272025236
576.0,0.018132170662283897,-0.5174389481544495,1.4374600648880005,0.6791560649871826,1.743038535118103,1.7349411249160767,1.023720145225525,0.19314724206924438,-0.06450590491294861,0.07144653771642084,0.9936289502682912,0.08693575493451655,0.006251075990206013
577.0,0.004230418708175421,-0.5046261548995972,1.4005388021469116,0.7045433521270752,1.682267665863037,-1.566541314125061,1.045288324356079,0.18825924396514893,-0.06444497406482697,0.9983373904429304,0.0008138161632148703,0.014569810596129263,-0.055763008940027274
578.0,-0.0005707411910407245,-0.4931856393814087,1.371496558189392,0.7261747121810913,1.6654994487762451,-1.5713692903518677,1.0602372884750366,0.18580403923988342,-0.06460777670145035,0.9987374146242343,0.0007983946125412635,0.016852037042033044,-0.047317523638472476
579.0,-0.006879876833409071,-0.4781113266944885,1.3390982151031494,0.7641720771789551,1.693455696105957,-1.5777177810668945,1.0740678310394287,0.17473582923412323,-0.06405870616436005,0.9977511946162748,0.0016865137405363752,0.027549020755625504,-0.061079953901470065
580.0,-0.01696086674928665,-0.4704609215259552,1.3180224895477295,0.7771143913269043,1.6719732284545898,-1.5878180265426636,1.0862679481506348,0.16701588034629822,-0.0639507994055748,0.9983582446042703,0.0013924641408018937,0.027757056979395112,-0.050084151806129275
581.0,-0.02505737543106079,-0.46227604150772095,1.2969473600387573,0.791592001914978,1.660853624343872,-1.5959137678146362,1.0975595712661743,0.15967397391796112,-0.06388871371746063,0.9986021847516213,0.0012782107126903615,0.02882183491318131,-0.04428707056128358
582.0,-0.029770415276288986,-0.45612087845802307,1.2778571844100952,0.7937807440757751,1.6345616579055786,-1.6005949974060059,1.1092609167099,0.15821950137615204,-0.06437500566244125,0.9992419252750276,0.0007268447201492137,0.023286296073515577,-0.03118965989852207
583.0,-0.03941123187541962,-0.4497477412223816,1.2620854377746582,0.8064053654670715,1.6314414739608765,-1.6102302074432373,1.117672085762024,0.14772547781467438,-0.06412103027105331,0.9992530823726544,0.0007380691208447728,0.02513599305145374,-0.029341344141659422
584.0,-0.04922078922390938,-0.44404569268226624,1.2499829530715942,0.8221465945243835,1.6360207796096802,-1.6200319528579712,1.123171329498291,0.13584648072719574,-0.06372881680727005,0.9990582750756453,0.0009412550663487747,0.03019379142331383,-0.03114501567285179
585.0,-0.056412745267152786,-0.43836313486099243,1.2328470945358276,0.8246342539787292,1.6197751760482788,-1.627203345298767,1.1336216926574707,0.12973517179489136,-0.0639866292476654,0.9994083768363321,0.0005887092159202324,0.025493105427859934,-0.02307923972905401
586.0,-0.06833609193563461,-0.43336057662963867,1.2199183702468872,0.832999050617218,1.6146204471588135,-1.6391068696975708,1.1409881114959717,0.11660225689411163,-0.06379631906747818,0.9994628347113869,0.0005213583753893843,0.02581050428074419,-0.020188810883683034
587.0,-0.07797044515609741,-0.4235696494579315,1.1945059299468994,0.8447942733764648,1.6046890020370483,-1.6487237215042114,1.1542011499404907,0.10619157552719116,-0.06406654417514801,0.9996040834780285,0.00035916833897083555,0.02371300763659028,-0.015140692222680769
588.0,-0.09382897615432739,-0.44883620738983154,1.244267463684082,0.7822176218032837,1.5708187818527222,-1.6646231412887573,1.140217900276184,0.09458401054143906,-0.06328047066926956,0.999994130259752,-1.0423553554994722e-06,0.0034122500356816026,0.00030983003367456133
589.0,-0.07152523845434189,-0.4588833451271057,1.2712340354919434,0.770626425743103,1.5769634246826172,-1.642317295074463,1.124302864074707,0.12000778317451477,-0.06319240480661392,0.9999766995965044,1.6644846509899163e-05,0.006295109555030177,-0.002640375488841229
590.0,-0.06872056424617767,-0.46658647060394287,1.292186975479126,0.7622706294059753,1.5831668376922607,-1.6395111083984375,1.1131614446640015,0.12294458597898483,-0.06304530799388885,0.9999444288041303,4.991388419837377e-05,0.008941671712330639,-0.005584202644505764
591.0,-0.04710719734430313,-0.4836719036102295,1.3365510702133179,0.736810028553009,1.5933054685592651,-1.617906093597412,1.088391661643982,0.14643745124340057,-0.06290587782859802,0.9998920534463456,0.00010759632795133273,0.009965171226644455,-0.010796538348219765
592.0,-0.0325993075966835,-0.4982350766658783,1.3735082149505615,0.711327075958252,1.6024869680404663,-1.603407382965088,1.068256139755249,0.16137845814228058,-0.06289324164390564,0.9998432485053803,0.0001310756554551076,0.008413180492611035,-0.015578178050710443
593.0,-0.02745739370584488,-0.5136949419975281,1.412772297859192,0.6843869686126709,1.613573670387268,-1.5982762575149536,1.047943353652954,0.1656937599182129,-0.06263501942157745,0.9997512143741076,0.0001467302909752085,0.006917506601021069,-0.021204620490440623
594.0,-0.0167852733284235,-0.5358301997184753,1.4697178602218628,0.6421398520469666,1.623679757118225,-1.5876047611236572,1.017543911933899,0.1757897138595581,-0.06268005818128586,0.9996470178839061,8.072903662577346e-05,0.0030583702204338916,-0.026390897867092613
595.0,0.027483992278575897,-0.4536822438240051,1.3182363510131836,0.835227370262146,1.837607979774475,2.0279805660247803,1.065779209136963,0.18967749178409576,-0.0674169734120369,0.20249218740623315,0.9681418109786843,0.1441836222978051,0.030156772629647374
596.0,0.09379317611455917,-0.326355904340744,1.1677720546722412,1.122991681098938,2.1734750270843506,2.2030768394470215,1.090746283531189,0.21664167940616608,-0.08695734292268753,0.19316821050819813,0.9182033240164197,0.33840838491698955,0.07119314034465164
597.0,0.045637331902980804,-0.26525571942329407,1.0344942808151245,1.315220594406128,2.062934398651123,2.444387197494507,1.142775535583496,0.18041448295116425,-0.08476056903600693,0.320689823254619,0.8837155160465355,0.3204416482843043,0.11628445297788127
598.0,0.02248642034828663,-0.233298659324646,0.9699279069900513,1.3969637155532837,2.001342535018921,2.5571112632751465,1.1655113697052002,0.1628473848104477,-0.0875496119260788,0.38240524222586014,0.8591019539003881,0.3107656208657214,0.13832856686404074
599.0,-0.007350178901106119,-0.21861067414283752,0.9299284815788269,1.4427540302276611,1.946635365486145,2.6339566707611084,1.182492733001709,0.13567590713500977,-0.08453696966171265,0.43372153765896837,0.8367122741737578,0.29685044576491776,0.1538766092259903
600.0,-0.03461863100528717,-0.20479753613471985,0.8946504592895508,1.476501226425171,1.884937047958374,2.7137629985809326,1.196457862854004,0.11197702586650848,-0.08427932113409042,0.48621403094206855,0.8107142277272671,0.27965730542398815,0.16772044776544204
601.0,-0.0737038254737854,-0.189857617020607,0.857027530670166,1.5122783184051514,1.8035472631454468,2.8219738006591797,1.2113391160964966,0.07641786336898804,-0.08401397615671158,0.5553781164989542,0.7685726036041897,0.2574007883189,0.18600036256943178
602.0,-0.0926218032836914,-0.17781755328178406,0.8338133692741394,1.538301944732666,1.7612143754959106,2.884263753890991,1.2187803983688354,0.059325721114873886,-0.08568764477968216,0.5903469835808887,0.7416690849918046,0.24916524546970772,0.19832823246927178
603.0,-0.076740562915802,-0.10071483254432678,0.7800028920173645,1.9134141206741333,1.8604949712753296,2.968632221221924,1.223766803741455,0.06328799575567245,-0.07607900351285934,0.5280232283203424,0.6864339022902911,0.3963127358552851,0.3048543644752124
604.0,-0.09900540113449097,-0.23757709562778473,0.9247418642044067,1.6017121076583862,1.7847421169281006,2.9031982421875,1.1927789449691772,0.05058843642473221,-0.031818535178899765,0.5824866466333348,0.7270898129633083,0.2836020601752741,0.22719943187247255
605.0,-0.13645079731941223,-0.2657460868358612,0.9529968500137329,1.5325253009796143,1.7019729614257812,2.970846652984619,1.189321517944336,0.019215304404497147,-0.025209447368979454,0.642171799851188,0.6946534663475901,0.2380222197508233,0.22003946026123167
606.0,-0.1587149053812027,-0.2504643499851227,0.9350252747535706,1.5755573511123657,1.6616154909133911,3.031993865966797,1.193702220916748,-0.0016791484085842967,-0.02809305489063263,0.6703850478977172,0.6594182890771829,0.23858158686643227,0.2425494464928572
607.0,-0.16120049357414246,-0.4025525748729706,1.140241026878357,0.8727349042892456,1.578784465789795,-1.7318693399429321,1.1839966773986816,0.009859954006969929,-0.0639672577381134,0.9997957470314887,1.5403972914759354e-05,0.02019608819730094,-0.0007628905504163512
608.0,-0.15215955674648285,-0.4091710150241852,1.1553828716278076,0.8615150451660156,1.580506443977356,-1.7228525876998901,1.1778388023376465,0.021218247711658478,-0.06374688446521759,0.9998177409549062,3.800609857705136e-05,0.018986352813846297,-0.0020004584956436833
609.0,-0.14359457790851593,-0.4172876477241516,1.1737946271896362,0.8468573093414307,1.5816493034362793,-1.7143168449401855,1.1703814268112183,0.032173074781894684,-0.06353757530450821,0.9998527000979197,5.133606681167114e-05,0.016891756668886843,-0.003040399340043353
610.0,-0.12996448576450348,-0.41317489743232727,1.1657341718673706,0.8566969633102417,1.5864276885986328,-1.7006714344024658,1.1722431182861328,0.04706364497542381,-0.06370555609464645,0.9997845791900525,0.00010560495153196563,0.02007849344928654,-0.005257200982546165
611.0,-0.11561201512813568,-0.41098153591156006,1.1614010334014893,0.8609136343002319,1.5899332761764526,-1.6863248348236084,1.1728894710540771,0.06317081302404404,-0.06394601613283157,0.9997488420851323,0.00015217839609606588,0.02123402337649237,-0.007165601329946045
612.0,-0.11054062843322754,-0.42063817381858826,1.185194969177246,0.848199188709259,1.5933457612991333,-1.6812567710876465,1.161910891532898,0.06976979970932007,-0.06356970965862274,0.9997163951825155,0.00019643857296401925,0.022092046824280204,-0.008889999003236929
613.0,-0.12205760180950165,-0.4398748278617859,1.219395399093628,0.78978031873703,1.567071795463562,-1.6928545236587524,1.1552287340164185,0.061376724392175674,-0.0634060800075531,0.999997986442423,1.6899759715190373e-06,-0.0009688942247552079,0.00175737082734742
614.0,-0.1461067497730255,-0.43731409311294556,1.211830735206604,0.7905113697052002,1.5672303438186646,-1.716901183128357,1.1604785919189453,0.03295015171170235,-0.06348296999931335,0.9999942513027756,4.195704075019629e-06,-0.0031129981542985124,0.001344093110105388
615.0,-0.15476323664188385,-0.43479123711586,1.2050447463989258,0.7931720018386841,1.568007230758667,-1.7255555391311646,1.1639972925186157,0.02227081172168255,-0.06348315626382828,0.9999922365252164,3.1273277076803237e-06,-0.0038563093367035557,0.0008097887472886372
616.0,-0.16506953537464142,-0.4329722225666046,1.2002531290054321,0.7953400611877441,1.5688056945800781,-1.7358603477478027,1.166403889656067,0.00977547001093626,-0.06347642093896866,0.9999911501339609,1.3113348633058058e-06,-0.004195651261599726,0.0003101008382468641
617.0,-0.17575764656066895,-0.4337844252586365,1.202231764793396,0.7939441800117493,1.5695701837539673,-1.7465476989746094,1.1655855178833008,-0.002659253077581525,-0.0634889155626297,0.999990981991367,-5.607959520199556e-07,-0.004244847448092264,-0.00013117076371267636
618.0,-0.19215704500675201,-0.4334909915924072,1.2015639543533325,0.7946589589118958,1.570894479751587,-1.7629473209381104,1.1655845642089844,-0.02201991155743599,-0.06346860527992249,0.999991869472852,-3.22329293619509e-06,-0.003948607512826895,-0.0008182154428003043
619.0,-0.2030298262834549,-0.43781745433807373,1.2129014730453491,0.7893636226654053,1.5724300146102905,-1.7738229036331177,1.1599366664886475,-0.03383416309952736,-0.06347805261611938,0.9999946281575889,-4.2176517507556194e-06,-0.0029444324609607065,-0.0014401234877534335
620.0,-0.2144186645746231,-0.4424959123134613,1.2256762981414795,0.784809947013855,1.5739790201187134,-1.7852156162261963,1.1531590223312378,-0.04591096565127373,-0.06346509605646133,0.9999977496099663,-1.9202252453053772e-06,-0.0010322605622204788,-0.0018534318027608266
621.0,-0.22020040452480316,-0.4135046899318695,1.1682136058807373,0.8597175478935242,1.5670125484466553,-1.79080331325531,1.1704663038253784,-0.05541352927684784,-0.06374955177307129,0.9997602629668999,-0.0001379542418713571,0.020874090169655607,0.006608322069290494
622.0,-0.23298509418964386,-0.419255793094635,1.1831809282302856,0.8532681465148926,1.56354820728302,-1.8035634756088257,1.1629407405853271,-0.06822829693555832,-0.06362422555685043,0.9997243471629923,-0.00019300759390063557,0.021733978047950585,0.008878436563323138
623.0,-0.25181177258491516,-0.41658085584640503,1.1785857677459717,0.8589862585067749,1.559098243713379,-1.8223570585250854,1.1629258394241333,-0.08977988362312317,-0.06408115476369858,0.9996679497335761,-0.0002722583657129139,0.02284756823134765,0.01191237913955677
624.0,-0.26628419756889343,-0.4277205467224121,1.209898829460144,0.8522156476974487,1.5503761768341064,-1.8367098569869995,1.1462960243225098,-0.10105712711811066,-0.06358294934034348,0.9994422873638172,-0.0005098381314482697,0.027989310432104494,0.018205845094264466
625.0,-0.2798299789428711,-0.428573876619339,1.2108007669448853,0.8451898097991943,1.5489094257354736,-1.8503588438034058,1.1455357074737549,-0.11654448509216309,-0.06410826742649078,0.9995393881032045,-0.0004434329347829825,0.024184951713324333,0.018327659646783796
626.0,-0.2699386477470398,-0.4550345838069916,1.2612701654434204,0.7759866118431091,1.5712406635284424,-1.8407179117202759,1.1307655572891235,-0.10439278930425644,-0.06321942806243896,0.9999836565361446,-7.262045242054777e-06,0.005565278634956033,0.0013093057626163576
627.0,-0.29123976826667786,-0.463412344455719,1.2841238975524902,0.7667164206504822,1.5671522617340088,-1.8620048761367798,1.1172996759414673,-0.12450210750102997,-0.06315118819475174,0.9999637635374624,-3.076041464630022e-05,0.007442432144920096,0.004132900864902648
628.0,-0.30867651104927063,-0.4735618233680725,1.3117997646331787,0.7546787261962891,1.5615808963775635,-1.8794331550598145,1.1016913652420044,-0.13883134722709656,-0.06307293474674225,0.9999282208799711,-7.080086371652068e-05,0.009137530850368013,0.007749426108552625
629.0,-0.31922170519828796,-0.48187416791915894,1.3340535163879395,0.7436373829841614,1.5570675134658813,-1.8899866342544556,1.0896265506744385,-0.14622391760349274,-0.06297076493501663,0.9998981888647919,-0.00010156947294486477,0.009723705294259933,0.01044275557032516
630.0,-0.3354669213294983,-0.49207353591918945,1.360863208770752,0.7275296449661255,1.5508286952972412,-1.90627920627594,1.0748035907745361,-0.15859608352184296,-0.06299528479576111,0.9998687403896208,-0.00011942481671797821,0.008762640520374912,0.01362732037111419
631.0,-0.34459957480430603,-0.5013607144355774,1.3855113983154297,0.7133029103279114,1.544705867767334,-1.9154704809188843,1.0617828369140625,-0.16326414048671722,-0.06291256844997406,0.9998261006230642,-0.00013658183110797895,0.00813656880301497,0.016779335695906922
632.0,-0.36095479130744934,-0.5170494914054871,1.4273691177368164,0.6877157092094421,1.534987211227417,-1.9319621324539185,1.0393080711364746,-0.17158260941505432,-0.06285785138607025,0.999747008697766,-0.00013835015390051053,0.006414767041829675,0.021558066307139225
633.0,-0.3718890845775604,-0.4899473786354065,1.3736830949783325,0.7517473101615906,1.4950088262557983,-1.9435994625091553,1.0591144561767578,-0.1848069280385971,-0.06466636061668396,0.9987599482588592,-0.0007686451686306,0.01632488411923843,0.04702630218356003
634.0,-0.3708341121673584,-0.4793410003185272,1.359224557876587,0.7916882038116455,1.4554145336151123,-2.29150652885437,1.0628423690795898,-0.17853876948356628,-0.06420369446277618,0.9823567608253998,0.17067729448296687,0.01308639388756915,0.07532066053628705
635.0,-0.38677075505256653,-0.4306098520755768,1.2971550226211548,0.9439172744750977,1.363633632659912,-2.441927671432495,1.0736786127090454,-0.18599313497543335,-0.06808982044458389,0.9616535952868206,0.2248239259012562,0.03576107209152755,0.1529631025350325
636.0,-0.3796195387840271,-0.3815891146659851,1.2176085710525513,1.073552131652832,1.333335518836975,-2.552943706512451,1.0988932847976685,-0.18294130265712738,-0.07188154757022858,0.9405932666194989,0.271352515468581,0.05657059580026137,0.19609152666481433
637.0,-0.32280784845352173,-0.45251744985580444,1.2797294855117798,0.8246553540229797,1.51551353931427,-1.8935257196426392,1.1070575714111328,-0.14938265085220337,-0.06382210552692413,0.9987968179229303,-0.001159189736877369,0.029657753443346882,0.03903832023635775
638.0,-0.3142116963863373,-0.44671908020973206,1.2597379684448242,0.8223088979721069,1.5318621397018433,-1.88485848903656,1.1190077066421509,-0.1459897756576538,-0.06420022249221802,0.9992900774975064,-0.0007026853274717294,0.024663878889615624,0.028469989927586436
639.0,-0.24484644830226898,-0.44637805223464966,1.2370660305023193,0.7833901643753052,1.5738768577575684,-1.81564199924469,1.1451665163040161,-0.07944150269031525,-0.06333630532026291,0.9999974675047547,2.1395064444432694e-06,0.0019653351245954016,-0.0010965570425645768
640.0,-0.20171664655208588,-0.41552624106407166,1.170852541923523,0.8524215817451477,1.5706793069839478,-1.7723791599273682,1.171154260635376,-0.03432029113173485,-0.06358782947063446,0.9998293236488596,-6.797624503396266e-05,0.018088665743610663,0.003757542110218096
641.0,-0.18662029504776,-0.4105595648288727,1.1589263677597046,0.8600773811340332,1.573836326599121,-1.7572842836380005,1.1764392852783203,-0.018057910725474358,-0.06368923932313919,0.9998216797962437,-3.754663413130729e-05,0.018778074724144937,0.001997776094105374
642.0,-0.24570490419864655,-0.5896905064582825,1.51087486743927,-1.8439509868621826,-1.495711088180542,0.0987592339515686,1.2072502374649048,-0.08358738571405411,-0.08344488590955734,0.7816045842143615,0.5353582069874253,0.180907164410801,0.26411827277026423
643.0,-0.21104156970977783,-0.5637571811676025,1.4517160654067993,-1.7462892532348633,-1.5711544752120972,-0.0004146206774748862,1.223389983177185,-0.05658455938100815,-0.08929314464330673,0.7286653339286094,0.5894259033147403,0.21933022820049228,0.2711423733573024
644.0,-0.1902124285697937,-0.5096786618232727,1.3395183086395264,-1.5007299184799194,-1.615617275238037,-0.03554771840572357,1.2372509241104126,-0.040569204837083817,-0.1013888344168663,0.6775040167007869,0.592889458015251,0.28665528697449166,0.3275654810541763
645.0,-0.2907801866531372,-0.49088966846466064,1.3242104053497314,-1.3660467863082886,-1.3943734169006348,0.10311055928468704,1.2152589559555054,-0.1256062537431717,-0.11107983440160751,0.7436993934055272,0.44374681440872377,0.2561973355989265,0.42937501345836565
646.0,-0.32130053639411926,-0.6073967218399048,1.5652724504470825,-1.8678498268127441,-1.3491123914718628,0.2756239175796509,1.1751973628997803,-0.1435478925704956,-0.08439487218856812,0.8476289647419427,0.4081777988894667,0.14707789868439866,0.30542448222569557
647.0,-0.3615169823169708,-0.6207497715950012,1.6161149740219116,-1.9348816871643066,-1.2935853004455566,0.358195424079895,1.151174783706665,-0.17526401579380035,-0.0874924585223198,0.8752206347543452,0.349593202922988,0.12401390390268248,0.31047380663924656
648.0,-0.45407769083976746,-0.6819430589675903,1.8348596096038818,-2.269185781478882,-1.130952000617981,0.7167739272117615,1.05767822265625,-0.21947258710861206,-0.08175240457057953,0.941636273339263,0.1406998933428309,0.04519383300466872,0.3024602225143116
649.0,-0.42132264375686646,-0.7202388048171997,2.069376230239868,-2.883302927017212,-1.4316550493240356,1.312467098236084,0.9685719609260559,-0.19036179780960083,-0.06456761807203293,0.9939995475120756,-0.08246486721263979,-0.005941636786648336,0.07161802966911579
650.0,-0.432885080575943,-0.7232701778411865,2.090866804122925,-2.898812770843506,-1.3860735893249512,1.358443260192871,0.955330491065979,-0.1888299286365509,-0.06476140767335892,0.9892958263391486,-0.11136624588088882,-0.010548109472406076,0.09370199919370337
651.0,-0.43608376383781433,-0.7226593494415283,2.1146273612976074,-2.944272994995117,-1.369193196296692,1.4787020683288574,0.943307638168335,-0.18374571204185486,-0.06476282328367233,0.980042918824976,-0.17118861337315044,-0.01738687125389732,0.0995391009623859
652.0,-0.5514241456985474,-0.6660571694374084,2.2074320316314697,-3.106161594390869,-0.9144279360771179,1.5609486103057861,0.8852556943893433,-0.19796861708164215,-0.08265652507543564,0.911871163610673,-0.25414688127691,-0.08653966571554178,0.31050157804813183
653.0,-0.5797921419143677,-0.5828397870063782,1.7965110540390015,0.29347366094589233,0.7824999094009399,-1.4811588525772095,0.8580398559570312,-0.1908431202173233,-0.09068330377340317,0.8756557987606879,-0.291616615878691,-0.12163109653890854,0.36522944541066854
654.0,-0.5438919067382812,-0.6791455745697021,1.9694455862045288,-0.07999951392412186,0.8744439482688904,-1.0394649505615234,0.8099696636199951,-0.13925834000110626,-0.08943350613117218,0.8256366256984835,-0.4210237932398497,-0.17062112171288069,0.33459163267569764
655.0,-0.4465145766735077,-0.7312671542167664,2.012275457382202,-0.11426148563623428,1.1514230966567993,-0.760981023311615,0.7983059287071228,-0.08969257771968842,-0.07857029885053635,0.7998344412569659,-0.5293053832098255,-0.15619041560262756,0.2360195584228889
656.0,-0.3995613753795624,-0.7358326315879822,1.9978760480880737,-0.05816229060292244,1.2708169221878052,-0.6554844975471497,0.8002954721450806,-0.07026532292366028,-0.07410826534032822,0.7861983385242023,-0.5725110513679843,-0.13694891050022034,0.18806452210906782
657.0,-0.368228018283844,-0.7618076205253601,2.0708234310150146,-0.2453940212726593,1.2931140661239624,-0.4583061933517456,0.7827774286270142,-0.041237153112888336,-0.07967856526374817,0.731160962490296,-0.6210648289822684,-0.18274623339580537,0.21514167265115197
658.0,-0.3818472921848297,-0.8679746389389038,2.148923635482788,-0.4963621497154236,1.1509343385696411,-0.3865034282207489,0.7967346906661987,-0.03555420786142349,-0.016562413424253464,0.6966312177528928,-0.5807654383839236,-0.2697165760892604,0.3235265377268716
659.0,-0.4755841791629791,-0.829345703125,2.173105239868164,-0.6449664831161499,0.8902825117111206,-0.48631551861763,0.7903822064399719,-0.0717620700597763,-0.03709694370627403,0.7065653108781025,-0.5007648936890711,-0.2891167379034682,0.4079356500434365
660.0,-0.3696603775024414,-0.6463860869407654,1.7772059440612793,0.4086749255657196,1.5178276300430298,-1.9405479431152344,0.8626275658607483,-0.10992227494716644,-0.0628061518073082,0.9995268623146017,0.00046003295018187505,-0.024155191298897906,0.01903592956820239
661.0,-0.38011449575424194,-0.6353948712348938,1.7459462881088257,0.4369654953479767,1.513934850692749,-1.9511924982070923,0.8780828714370728,-0.12494130432605743,-0.06269817054271698,0.9995281040247922,0.00047164479009135466,-0.02135381751920014,0.02207626085080827
662.0,-0.4636472761631012,-0.6768409609794617,1.8679558038711548,0.1955384910106659,1.2034679651260376,-1.0923542976379395,0.8407781720161438,-0.13371065258979797,-0.0713450014591217,0.8800169353096056,-0.42933196444748906,-0.08904736614487226,0.18252349014472222
663.0,-0.0379040464758873,-0.8378804326057434,2.014246702194214,-0.31408971548080444,1.947932243347168,0.4058688282966614,0.833994448184967,0.11265432834625244,-0.008374160155653954,-0.4371357495133884,0.8135685478534196,0.33776171002997524,-0.1814816290390672
664.0,0.10902514308691025,-0.7160714268684387,1.9333044290542603,-0.418480783700943,2.369201183319092,0.634242832660675,0.8485991954803467,0.18391099572181702,-0.06976477056741714,-0.2993922926561109,0.8126279834497017,0.4691710204397494,-0.17285418476887887
665.0,0.11964403092861176,-0.6957882642745972,1.917078971862793,-0.4008527398109436,2.3889379501342773,0.6642305254936218,0.8498194813728333,0.19118016958236694,-0.08158721774816513,-0.2920702333087163,0.8152882698270983,0.47070692652845436,-0.1686268223488327
666.0,0.1289432793855667,-0.6870027780532837,1.8700424432754517,-0.29985424876213074,2.437913179397583,0.7482507228851318,0.8642082810401917,0.1961047202348709,-0.06985761225223541,-0.2654217226979197,0.8243490056585431,0.47593816259484906,-0.15324128482781352
667.0,0.04249817132949829,-0.7173165082931519,1.966734528541565,-0.30307474732398987,2.0859313011169434,0.5996473431587219,0.8229662775993347,0.1600923240184784,-0.09051382541656494,-0.3782854342788496,0.8425556432160737,0.34977031409284026,-0.1570377205533957
668.0,0.05968610197305679,-0.6356241703033447,1.5860803127288818,0.5229047536849976,2.138690710067749,1.3910282850265503,0.962595522403717,0.17574088275432587,0.01016263011842966,-0.10097737079558071,0.9535837471006491,0.2821155006183221,-0.02987393786514878
669.0,-0.09438788890838623,-0.7737470269203186,1.8289183378219604,-2.3432841300964355,-1.6507654190063477,-0.2683883011341095,1.0989164113998413,0.08548396825790405,0.01258885394781828,0.6317579795480978,0.76125064984013,0.1125167512254254,0.09337710687829656
670.0,-0.11226543039083481,-0.7727304697036743,1.828700065612793,-2.3530654907226562,-1.6293104887008667,-0.20536810159683228,1.1023932695388794,0.06890936940908432,0.012451129965484142,0.6639039936586898,0.7347082731161894,0.10343600721413017,0.0934678181529221
671.0,-0.10378748923540115,-0.7289406657218933,1.7187495231628418,-2.1587750911712646,-1.698896050453186,-0.29202666878700256,1.1423571109771729,0.06327911466360092,-0.001823526225052774,0.6135765881591246,0.7615291879446486,0.16259034547553866,0.13100170201000075
672.0,-0.025962550193071365,-0.607964277267456,1.4809918403625488,-1.6206179857254028,-1.9702060222625732,-0.3460228145122528,1.1830570697784424,0.11032210290431976,-0.04318106919527054,0.4614937655466577,0.7747284530783066,0.3713358499094704,0.2211990391581119
673.0,0.06829778105020523,-0.61338871717453,1.5524656772613525,-1.6418893337249756,-2.257160186767578,-0.49268046021461487,1.1373538970947266,0.18125662207603455,-0.0542677640914917,0.2894564379598776,0.8162199475699655,0.47124477551484273,0.16711771079819196
674.0,0.08694417774677277,-0.5498405694961548,1.511257290840149,-1.6576942205429077,-2.2475881576538086,-0.48230817914009094,1.1484534740447998,0.2048620581626892,-0.11016769707202911,0.2869508064880594,0.8171041848517977,0.4717553126699731,0.16567109199008587
