time,ur20-shoulder_pan_joint,ur20-shoulder_lift_joint,ur20-elbow_joint,ur20-wrist_1_joint,ur20-wrist_2_joint,ur20-wrist_3_joint,target-POS_X,target-POS_Y,target-POS_Z,target-ROT_X,target-ROT_Y,target-ROT_Z,target-ROT_W
0.0,-0.34037819504737854,-0.7617752552032471,2.264976978302002,-0.9109628796577454,1.2740508317947388,-0.19425320625305176,0.7481075525283813,-0.003853212809190154,-0.1103161871433258,0.6152883522442298,0.6231623040607835,0.34354969565142834,0.33920877495732227
1.0,-0.3138826787471771,-0.7793600559234619,2.274064064025879,-0.9516401290893555,1.3154048919677734,-0.15131883323192596,0.7532921433448792,0.007778003811836243,-0.09798826277256012,0.6178205392242583,0.6068754202924156,0.35037970384740585,0.35669884873567337
2.0,-0.3066091239452362,-0.763262152671814,2.277773380279541,-0.9738911390304565,1.3314825296401978,-0.1413375586271286,0.7489751577377319,0.012076469138264656,-0.10909286886453629,0.6212973913369346,0.6033154811985537,0.34832434138069124,0.35870619574490903
3.0,-0.329009473323822,-0.7980219721794128,2.2686007022857666,-0.9221946597099304,1.2838913202285767,-0.17117927968502045,0.7584818601608276,-0.0004282360023353249,-0.08466339856386185,0.6111872460687174,0.6135553613804856,0.3542363326150524,0.3528690825499405
4.0,-0.31712794303894043,-0.8150936365127563,2.264545202255249,-0.9045007228851318,1.3037358522415161,-0.15862512588500977,0.7633342742919922,0.0038751892279833555,-0.07306268811225891,0.6146587358813937,0.6100775682333971,0.3522284529446551,0.3548733803475925
5.0,-0.3013131022453308,-0.8350577354431152,2.2587668895721436,-0.8829666972160339,1.3306472301483154,-0.14185373485088348,0.7693744897842407,0.009811216965317726,-0.05922277644276619,0.6194028749848164,0.6052603355407855,0.3494472327033905,0.3576124106313175
6.0,-0.2881249487400055,-0.8441362380981445,2.256265163421631,-0.8762727975845337,1.366892695426941,-0.11966836452484131,0.7720552682876587,0.01341438852250576,-0.05311112478375435,0.6281213225389923,0.5962076668525694,0.3442206731929557,0.36264603996827455
7.0,-0.29303625226020813,-0.8601889610290527,2.250915765762329,-0.8532295823097229,1.3539738655090332,-0.12752722203731537,0.7767416834831238,0.01026175357401371,-0.04123884066939354,0.6250962660336499,0.5993785768594135,0.34605136592361296,0.36089947621903556
8.0,-0.3179183006286621,-0.854997992515564,2.2516655921936035,-0.85037761926651,1.2957977056503296,-0.16362695395946503,0.775081992149353,0.0006492598913609982,-0.0442066416144371,0.6120615605417792,0.6126831759811002,0.3537327761434187,0.35337387432964584
9.0,-0.33518436551094055,-0.8356337547302246,2.2560200691223145,-0.8685778379440308,1.265584111213684,-0.1829162836074829,0.7699488401412964,-0.006250885780900717,-0.057614997029304504,0.6064756193490172,0.6182130154776013,0.3569254442571984,0.3501488510207037
10.0,-0.36075371503829956,-0.836127758026123,2.2498605251312256,-0.8469251394271851,1.1976910829544067,-0.22796736657619476,0.7714698910713196,-0.01610611379146576,-0.055319223552942276,0.5894016369830775,0.6345122027656687,0.3663357716577063,0.3402911654261397
11.0,-0.37057197093963623,-0.8198481202125549,2.2529819011688232,-0.8618407845497131,1.180227279663086,-0.24000431597232819,0.7671077847480774,-0.019378148019313812,-0.06650129705667496,0.5859309229059954,0.6377185527003387,0.36818697246224313,0.3382873843840494
12.0,-0.36695632338523865,-0.7957484722137451,2.262730121612549,-0.9034233689308167,1.211041808128357,-0.21889850497245789,0.7596445083618164,-0.01845015585422516,-0.08449047058820724,0.5963491516420188,0.6279870394155007,0.3625684642726391,0.3443023037636823
13.0,-0.37397301197052,-0.7703449726104736,2.2683258056640625,-0.9322768449783325,1.202155351638794,-0.22492238879203796,0.7525919675827026,-0.01969391293823719,-0.10181991755962372,0.5952485076239643,0.6290303986593577,0.3631708486895149,0.3436668537930742
14.0,-0.4152761697769165,-0.784749448299408,2.2483713626861572,-0.8621372580528259,1.083494782447815,-0.3109397292137146,0.7600210309028625,-0.036475181579589844,-0.08758071064949036,0.5628038389386646,0.6582186980206345,0.38002273220556165,0.3249349280378192
15.0,-0.41325151920318604,-0.8020777702331543,2.2427496910095215,-0.8381150960922241,1.0805604457855225,-0.31322333216667175,0.7653465270996094,-0.036803364753723145,-0.0750274807214737,0.5609635558451226,0.6597877375075145,0.3809286619479801,0.3238724825526752
16.0,-0.41296079754829407,-0.8191473484039307,2.235774278640747,-0.8114864230155945,1.073601245880127,-0.31867480278015137,0.7709797620773315,-0.0380120649933815,-0.06217298284173012,0.5580733141851837,0.6622342473500978,0.3823411018805453,0.3222037545463824
17.0,-0.4046776294708252,-0.8391889929771423,2.231398344039917,-0.790833055973053,1.0837926864624023,-0.3107084035873413,0.7764257192611694,-0.03534146398305893,-0.04789701849222183,0.5594272557684252,0.6610908553726867,0.38168101105058283,0.3229854985125853
18.0,-0.39826706051826477,-0.8558502793312073,2.2240865230560303,-0.7657861113548279,1.0916696786880493,-0.3070255517959595,0.7823278307914734,-0.033925894647836685,-0.03542647510766983,0.5605973999812037,0.6611794622120944,0.38027877560626583,0.3224287932344742
19.0,-0.45200955867767334,-0.8308193683624268,2.200639009475708,-0.7141011357307434,0.9614749550819397,-0.41472485661506653,0.782913863658905,-0.05852670222520828,-0.044572290033102036,0.524402472907446,0.6892039354424139,0.39791205613275316,0.3027638970608106
20.0,-0.45907774567604065,-0.8046055436134338,2.209683895111084,-0.7502287030220032,0.9630975723266602,-0.4132048487663269,0.7747828364372253,-0.06048310920596123,-0.06479376554489136,0.5275379746085906,0.6868068776208918,0.39652813164086587,0.304574192957827
21.0,-0.48253417015075684,-0.7849335074424744,2.1971473693847656,-0.7279207706451416,0.9124130606651306,-0.46295130252838135,0.7737680077552795,-0.07184440642595291,-0.07459976524114609,0.5132895136330007,0.6975198203340693,0.4027132328589371,0.2963478151021679
22.0,-0.49309176206588745,-0.7906568050384521,2.1793322563171387,-0.6798657178878784,0.8759171366691589,-0.5020950436592102,0.7801668643951416,-0.0788944736123085,-0.06570625305175781,0.5002933156643581,0.7068992905625071,0.4081284858890944,0.28884447425848786
23.0,-0.5127901434898376,-0.7691702842712402,2.1655142307281494,-0.6559106111526489,0.8348134160041809,-0.5502907633781433,0.7792396545410156,-0.08919084072113037,-0.07652618736028671,0.4877803413299271,0.7155909007724107,0.41314659458456565,0.28162012131054504
24.0,-0.5105494260787964,-0.7583044171333313,2.177706480026245,-0.6938414573669434,0.8533953428268433,-0.527907133102417,0.7733495831489563,-0.08649083971977234,-0.08760164678096771,0.4958925654034618,0.7099933344006009,0.409914871363678,0.28630373193374387
25.0,-0.5270153880119324,-0.7235695123672485,2.177579641342163,-0.7148309946060181,0.8363328576087952,-0.5484208464622498,0.7652518153190613,-0.09311195462942123,-0.11161322891712189,0.4935899240028097,0.7115960861467081,0.4108401855736413,0.28497427782416307
26.0,-0.4964277744293213,-0.7434237599372864,2.2058358192443848,-0.7753286361694336,0.9080235362052917,-0.4674990773200989,0.7620694041252136,-0.07622358202934265,-0.10501662641763687,0.5161527658135371,0.6954037252882879,0.4014915062233908,0.2980009255500397
27.0,-0.48202791810035706,-0.760274350643158,2.212374448776245,-0.7812547087669373,0.9345185160636902,-0.4406544864177704,0.7640023827552795,-0.06939508765935898,-0.09518022835254669,0.5229577506037536,0.6903008024329425,0.3985453466488481,0.3019297930122956
28.0,-0.4737715721130371,-0.7750588059425354,2.212374448776245,-0.7729125618934631,0.9457097053527832,-0.4297298789024353,0.7674192786216736,-0.06612363457679749,-0.08529100567102432,0.525024392922116,0.6887302651845093,0.3976386076397114,0.30312298885104483
29.0,-0.44371435046195984,-0.793586254119873,2.2278337478637695,-0.8042711615562439,1.0135517120361328,-0.368007630109787,0.7676958441734314,-0.05200399458408356,-0.07699162513017654,0.5437467088889469,0.6740471257850703,0.3891612803999605,0.3139322962531696
30.0,-0.46099111437797546,-0.7553620934486389,2.2318947315216064,-0.8361578583717346,0.9914594292640686,-0.38732704520225525,0.7579505443572998,-0.057713817805051804,-0.10310699045658112,0.5403130719491189,0.6768026321759485,0.3907521583974053,0.31194988711070726
31.0,-0.4138042628765106,-0.7632594108581543,2.219836711883545,-0.7518510222434998,1.1396898031234741,-0.34144365787506104,0.7563742995262146,-0.042219750583171844,-0.10393472015857697,0.5881262569697291,0.6696143619043227,0.3407859418335623,0.29931430644534
32.0,-0.35289978981018066,-0.7733940482139587,2.120159387588501,-0.38852474093437195,1.2999967336654663,-0.36372461915016174,0.7723473906517029,-0.026283130049705505,-0.08526004105806351,0.6354691015313161,0.700258018026332,0.24089306034738694,0.21860526678304362
33.0,-0.2227167934179306,-0.7761775255203247,2.0871965885162354,-0.31790614128112793,1.5220602750778198,-0.0745960995554924,0.7804672122001648,0.03704221919178963,-0.08016960322856903,0.7213631669160799,0.6308746185569711,0.18809014098276605,0.21506858427600087
34.0,-0.14391586184501648,-0.7701127529144287,2.058530807495117,-0.2942701280117035,1.66509211063385,0.14377017319202423,0.7907921075820923,0.07381978631019592,-0.07902917265892029,0.7752616821840982,0.5623651534110556,0.1688720214922162,0.2328024886533106
35.0,-0.12184737622737885,-0.7381712198257446,1.9619011878967285,-0.03706462308764458,1.6749529838562012,0.2517561614513397,0.811886727809906,0.08692046254873276,-0.0708581879734993,0.8154362030595909,0.5441633906749171,0.10954941701291993,0.16416128721798115
36.0,-0.11038655042648315,-0.7081149220466614,1.891323208808899,0.13605229556560516,1.6539520025253296,0.3126187026500702,0.8299424648284912,0.09734781831502914,-0.06627651304006577,0.8352700608716251,0.53377546463268,0.07104644638451778,0.11117590217223533
37.0,-0.12263756990432739,-0.682447612285614,1.8559991121292114,0.27103352546691895,1.6152986288070679,-1.6926708221435547,0.8298768997192383,0.09331726282835007,-0.06497115641832352,0.0017838048322496268,0.9977618356565152,-0.02972811819496066,0.05986966123378556
38.0,-0.13606876134872437,-0.6970325112342834,1.8800007104873657,0.2097606509923935,1.6246532201766968,0.2906345725059509,0.8257073163986206,0.08144006133079529,-0.0647810623049736,0.838456995588692,0.5370011883525477,0.05007239832972425,0.0781814887415518
39.0,-0.15948651731014252,-0.703874945640564,1.8971643447875977,0.18654631078243256,1.606754183769226,0.18386505544185638,0.8195073008537292,0.06614535301923752,-0.06485618650913239,0.8146419011211024,0.571797530464891,0.05571865098494128,0.07938254861407938
40.0,-0.18350350856781006,-0.6943029165267944,1.8823338747024536,0.23823106288909912,1.5715280771255493,0.005027601961046457,0.8224309086799622,0.051681410521268845,-0.06375262141227722,0.768530186878133,0.635726173097969,0.046022837421934734,0.055637066160134745
41.0,-0.18723073601722717,-0.6947115659713745,1.8935093879699707,0.23770762979984283,1.5756988525390625,-1.7564046382904053,0.8133494853973389,0.049716562032699585,-0.06497488915920258,0.0009738298840787638,0.9977431304939881,-0.014838823424618426,0.06547905410729794
42.0,-0.20559728145599365,-0.7028602361679077,1.9049155712127686,0.2033790498971939,1.5672144889831543,-0.021459609270095825,0.8131669163703918,0.03630778193473816,-0.0646355003118515,0.7663993292016772,0.637030863050118,0.052803023062796,0.06352628177589895
43.0,-0.22765859961509705,-0.7009575366973877,1.9047602415084839,0.21497614681720734,1.5516051054000854,-0.12461265921592712,0.8118756413459778,0.02127186208963394,-0.06454508751630783,0.7399184202028062,0.6683288963552254,0.051299313293102534,0.05679435004334765
44.0,-0.24834182858467102,-0.6977243423461914,1.9029816389083862,0.2312752902507782,1.5399529933929443,-1.8168578147888184,0.8103389143943787,0.006787740159779787,-0.06460439413785934,0.00010301308176480765,0.9976293884769972,-0.0014937460368632338,0.06879942847215313
45.0,-0.2762320637702942,-0.6959272623062134,1.9049235582351685,0.23926381766796112,1.5285029411315918,-1.8449110984802246,0.8072376251220703,-0.013133920729160309,-0.06507619470357895,-0.00023828358216856083,0.9979013434970876,0.003678144235634156,0.06464768458826897
46.0,-0.30239319801330566,-0.6937892436981201,1.900258183479309,0.24642109870910645,1.5142555236816406,-1.8710800409317017,0.809268593788147,-0.03277217596769333,-0.06508339196443558,-0.0006129656088219317,0.9978650831001369,0.00946595207445895,0.06461653003716157
47.0,-0.31852442026138306,-0.6999050378799438,1.9038903713226318,0.21460090577602386,1.4800893068313599,-0.5334147810935974,0.8142887949943542,-0.04215051978826523,-0.06471336632966995,0.6220566031502132,0.7779672315492714,0.06903373474295163,0.0551988458232652
48.0,-0.321260541677475,-0.6915009021759033,1.8823904991149902,0.25134021043777466,1.4980504512786865,-0.5121660232543945,0.8222486972808838,-0.049977753311395645,-0.06379692256450653,0.6329585717128795,0.7706654934983371,0.05698694230289533,0.04680418820065804
49.0,-0.33397433161735535,-0.6892179846763611,1.8857187032699585,0.25950685143470764,1.4885730743408203,-1.902766466140747,0.8173649907112122,-0.0574331171810627,-0.0647861436009407,-0.0013579972281660925,0.9975116837850619,0.020045255212699738,0.06757798679508419
50.0,-0.3605651259422302,-0.6813769340515137,1.8651847839355469,0.2837156057357788,1.4688864946365356,-0.776107668876648,0.8267930150032043,-0.08015158027410507,-0.0646742582321167,0.542399517793052,0.836993714465174,0.060772504060825114,0.039382582366225515
51.0,-0.38159286975860596,-0.6823642253875732,1.8626734018325806,0.26818588376045227,1.4219797849655151,-0.8786183595657349,0.8321982622146606,-0.09269995242357254,-0.06483229249715805,0.5051896472574549,0.8576500361426458,0.08273381543181067,0.048733475071064236
52.0,-0.34024813771247864,-0.6615719795227051,1.8205443620681763,0.3681982457637787,1.526888132095337,-1.9108350276947021,0.8417646288871765,-0.07758977264165878,-0.06285044550895691,-0.00037416312625383253,0.9995212296056305,0.013414731872509971,0.027878603594733216
53.0,-0.31064099073410034,-0.666962742805481,1.8344053030014038,0.35380819439888,1.533260703086853,-1.8811115026474,0.8361809849739075,-0.051257506012916565,-0.06257785111665726,-0.0003020056232466765,0.9995171759738019,0.01029763007531576,0.0293135214669239
54.0,-0.2623156011104584,-0.6730537414550781,1.8496321439743042,0.3351055085659027,1.5510879755020142,-1.8326448202133179,0.8294008374214172,-0.011428390629589558,-0.06256771832704544,-5.7771492139175474e-05,0.9995147563850975,0.001857096840588241,0.03109340158649256
55.0,-0.2415173053741455,-0.675258219242096,1.8570126295089722,0.32811278104782104,1.5572030544281006,-1.811856746673584,0.8249860405921936,0.005953163839876652,-0.06281059980392456,2.1279256513829848e-05,0.9995129266363388,-0.0006816937426709219,0.03120006935401426
56.0,-0.21680836379528046,-0.6751471757888794,1.856309413909912,0.3276057541370392,1.5639983415603638,-1.7871860265731812,0.8249863982200623,0.02517225593328476,-0.06289652734994888,0.00010383070870844452,0.999513325996124,-0.0033461750150705163,0.03101456896554563
57.0,-0.19729818403720856,-0.672401487827301,1.846260905265808,0.3348165452480316,1.5711188316345215,-1.7677245140075684,0.8304059505462646,0.03892875462770462,-0.0627240464091301,0.00018992249589284385,0.9995176406765278,-0.006239868099934008,0.03042226079647303
58.0,-0.17768122255802155,-0.6699482798576355,1.8381725549697876,0.34103336930274963,1.5794926881790161,-1.7481714487075806,0.8341774344444275,0.05305444076657295,-0.06268912553787231,0.00028673096231592623,0.9995171810183431,-0.009710674972678253,0.029513139888446064
59.0,-0.13632497191429138,-0.6609082221984863,1.8100367784500122,0.3640502691268921,1.5934239625930786,-1.706956386566162,0.8477393984794617,0.08306912332773209,-0.06262437254190445,0.0004083320601645793,0.9995210526730766,-0.015116166107859992,0.027000000933949594
60.0,-0.10667537152767181,-0.6530110836029053,1.7870537042617798,0.3832368552684784,1.6013797521591187,-1.677388072013855,0.8581805229187012,0.10550826787948608,-0.06279027462005615,0.0004508841947784004,0.9995251227621557,-0.018046104985704258,0.024973261012248928
61.0,-0.08723101764917374,-0.6442614793777466,1.7613071203231812,0.4049946665763855,1.6083248853683472,-1.6579991579055786,0.8707770109176636,0.11980375647544861,-0.06271004676818848,0.0004714417739995314,0.9995268736100175,-0.020809183282717685,0.02264474696578129
62.0,-0.06717076152563095,-0.6313319802284241,1.7241891622543335,0.43672093749046326,1.6160858869552612,-1.6379872560501099,0.8892371654510498,0.13463199138641357,-0.06255028396844864,0.0004565114617791019,0.9995313170685779,-0.02397001857475648,0.019036176243272526
63.0,-0.050515446811914444,-0.6235303282737732,1.7027788162231445,0.4536173939704895,1.6186403036117554,-1.621337890625,0.8990305662155151,0.14841419458389282,-0.06285187602043152,0.00044057674867684245,0.999534105323611,-0.024842429474273345,0.017726586949353314
64.0,-0.037733614444732666,-0.6103991866111755,1.66641366481781,0.4840543866157532,1.6234183311462402,-1.6085666418075562,0.9172486066818237,0.15839402377605438,-0.06277461349964142,0.00038581188044558293,0.9995359131700976,-0.026865791352639584,0.014354047770878788
65.0,-0.006989980116486549,-0.6148267388343811,1.6737494468688965,0.4478440284729004,1.686546802520752,-1.5778193473815918,0.913162112236023,0.176800936460495,-0.06493138521909714,0.001835034571936548,0.9978141531183962,-0.05803578096781152,0.031549906690729546
66.0,0.0019492703722789884,-0.601368248462677,1.639750599861145,0.48131152987480164,1.6906050443649292,-1.5688356161117554,0.9290469884872437,0.1843690127134323,-0.06497260928153992,0.001535280345041254,0.9978804314507256,-0.05979903472322425,0.025619580171161154
67.0,0.010198419913649559,-0.5847838521003723,1.5982437133789062,0.5214760303497314,1.693535327911377,-1.5605276823043823,0.9485785365104675,0.19179269671440125,-0.06503518670797348,0.0011346629516840534,0.9979570030025217,-0.06113480694836844,0.018522097008630202
68.0,0.0166441909968853,-0.5906142592430115,1.6116340160369873,0.4967491030693054,1.7584385871887207,1.293591022491455,0.9426809549331665,0.1879318803548813,-0.064818374812603,0.9848928109365712,0.14324477899885701,0.014004010949721517,0.09628588646498681
69.0,0.0011581669095903635,-0.5732793807983398,1.5632718801498413,0.5506154894828796,1.6855672597885132,-1.5696309804916382,0.9692105054855347,0.18445232510566711,-0.06339217722415924,0.0008692413842470181,0.9982401736008925,-0.057329919664692565,0.015135406830210332
70.0,0.015547558665275574,-0.566031813621521,1.551518440246582,0.5655673742294312,1.6999292373657227,-1.555121898651123,0.9709526300430298,0.19624918699264526,-0.06495218724012375,0.0007001747543542519,0.9978676519753635,-0.06435680201030501,0.010856377457261389
71.0,0.0165272057056427,-0.5533030033111572,1.5203043222427368,0.5952420234680176,1.6964138746261597,-1.5541387796401978,0.9859961271286011,0.19799019396305084,-0.06501608341932297,0.00033346077699451663,0.9980190302646134,-0.06268747755552323,0.0053088785366192616
72.0,0.002782603492960334,-0.540131688117981,1.4870060682296753,0.6352998614311218,1.682848334312439,-1.5679963827133179,1.003460168838501,0.18653948605060577,-0.06333546340465546,-0.00030987978096621075,0.9984148008070519,-0.0560114146692293,-0.005523670037944393
73.0,-0.013923450373113155,-0.5403646230697632,1.4817352294921875,0.6331624388694763,1.6247893571853638,-1.5847399234771729,1.0108649730682373,0.17861595749855042,-0.06278011202812195,-6.05197774135585e-05,0.9996338703141588,-0.026964568071602364,-0.002243596845211648
74.0,-0.015773028135299683,-0.5261412262916565,1.4457756280899048,0.6614046692848206,1.6177691221237183,-1.5865858793258667,1.0291467905044556,0.1775447577238083,-0.06288694590330124,-0.00012850165151103796,0.9997110950444558,-0.023400237909488576,-0.0054898814304218755
75.0,0.008247165009379387,-0.5087723731994629,1.4122754335403442,0.6967986226081848,1.7067034244537354,-1.5624758005142212,1.0385253429412842,0.1886652410030365,-0.06431973725557327,-0.0009650729815820869,0.99758351389995,-0.06801347791657911,-0.014155149270128752
76.0,0.016442570835351944,-0.5244890451431274,1.4518520832061768,0.6615965366363525,1.729080319404602,1.6855342388153076,1.0182262659072876,0.19344627857208252,-0.06447797268629074,0.9956603952118291,-0.04825498685134104,-0.0038519998372496997,0.07947953037012108
77.0,-0.012959218584001064,-0.5554561614990234,1.5209096670150757,0.6030673384666443,1.6287732124328613,-1.5837773084640503,0.990526020526886,0.17923814058303833,-0.06275875866413116,2.2081565417843612e-05,0.9995792173923154,-0.028996693688212165,0.0007611996603206158
78.0,-0.01687372475862503,-0.579030454158783,1.5822782516479492,0.5527799725532532,1.6295734643936157,-1.5876976251602173,0.9593077301979065,0.17577460408210754,-0.06282733380794525,0.00020319223361548567,0.9995409373692918,-0.029504014988610414,0.006883773339218062
79.0,-0.02335125021636486,-0.6325885653495789,1.7199324369430542,0.40324610471725464,1.6756707429885864,-1.5942057371139526,0.8915116190910339,0.16407623887062073,-0.06496565788984299,0.0020723772449538808,0.9978226270224346,-0.05329271958746427,0.038802014040169544
80.0,-0.0310994703322649,-0.6452156901359558,1.7460108995437622,0.3596261441707611,1.6999300718307495,0.860173761844635,0.882463276386261,0.15376463532447815,-0.06463503837585449,0.9406232226500381,0.32870598721827615,0.027954037140729342,0.07999311711547458
81.0,-0.05325056612491608,-0.6466930508613586,1.7522315979003906,0.3717919886112213,1.6557276248931885,-1.6240288019180298,0.8793909549713135,0.14130520820617676,-0.06348516792058945,0.001992233486838491,0.9980076515600204,-0.044830273738636205,0.04435092997791383
82.0,-0.05246930196881294,-0.6562449336051941,1.7768133878707886,0.3353649377822876,1.6746032238006592,0.7317938804626465,0.8679211139678955,0.13968525826931,-0.06455320119857788,0.9220386747544927,0.37931005661969647,0.029392002824882482,0.0714469969563715
83.0,-0.07289034128189087,-0.6649290919303894,1.8053315877914429,0.31765785813331604,1.6482089757919312,-1.6434885263442993,0.8529468774795532,0.1272885948419571,-0.06486892700195312,0.002278929654449004,0.9976637179429357,-0.04262714720968208,0.05333702935740394
84.0,0.010410872288048267,-0.6993833780288696,1.8758745193481445,-0.0002333261800231412,1.926477074623108,0.6965123414993286,0.8465357422828674,0.15608979761600494,-0.0763353779911995,0.8870857586276005,0.3818049042339992,0.1025631675936722,0.23829533901466396
85.0,-0.030643166974186897,-0.731650710105896,1.9550124406814575,-0.13827025890350342,1.8640166521072388,0.50095134973526,0.8219926953315735,0.13127876818180084,-0.07795525342226028,0.8509504347238598,0.4462999101322538,0.12863296790469333,0.24526171211024048
86.0,0.03203286975622177,-0.7194963693618774,1.960705280303955,-0.26212164759635925,2.0487401485443115,0.6001939177513123,0.8238030076026917,0.15649358928203583,-0.08768606185913086,0.8481772386422863,0.3861171904199576,0.150249829191992,0.33005132318947267
87.0,0.04907340928912163,-0.7569875121116638,2.063922882080078,-0.6532211899757385,2.176361560821533,0.41121307015419006,0.8139386177062988,0.15327952802181244,-0.07882167398929596,0.7793089341161905,0.3777268771540439,0.21808070912319202,0.44993421273611417
88.0,0.05231144651770592,-0.7350667715072632,2.072716236114502,-0.6890892386436462,2.1664886474609375,0.4020940363407135,0.8062491416931152,0.15679636597633362,-0.09870040416717529,0.7763292988061317,0.3838135229105787,0.22159484181275796,0.4482139283067068
89.0,0.07227792590856552,-0.7128605842590332,2.0498077869415283,-0.6639216542243958,2.2107696533203125,0.44431403279304504,0.808434009552002,0.16767491400241852,-0.11053053289651871,0.783132279222225,0.369734849847985,0.21346649994780528,0.45214160110315527
90.0,0.08200625330209732,-0.7178447842597961,2.023207187652588,-0.6069595813751221,2.2507357597351074,0.4856950044631958,0.8185957670211792,0.17161598801612854,-0.09904158115386963,0.7907059861417044,0.3532478787461327,0.20394774451804584,0.45651429018929307
91.0,0.09910289943218231,-0.695589542388916,1.9985301494598389,-0.5767519474029541,2.2890074253082275,0.5288617014884949,0.8217499852180481,0.18166054785251617,-0.1102728545665741,0.7965048776145087,0.3399705794128177,0.19628209575070035,0.4598622880360189
92.0,0.09988703578710556,-0.714796781539917,1.9744064807891846,-0.5092061758041382,2.31856369972229,0.5650461912155151,0.8344316482543945,0.18018397688865662,-0.08605548739433289,0.8030103900310621,0.32430591782558543,0.18723810815551667,0.4636182438384076
93.0,0.08739640563726425,-0.7353591918945312,1.9902108907699585,-0.5248132348060608,2.29392409324646,0.5346958041191101,0.8337740302085876,0.17232844233512878,-0.07390815019607544,0.7995811658995823,0.3326709837608075,0.1920676693589111,0.4616383715521459
94.0,0.07575271278619766,-0.7593466639518738,1.9976005554199219,-0.5196752548217773,2.279026508331299,0.517230749130249,0.8363820314407349,0.1643984168767929,-0.05609834939241409,0.7982025758214436,0.33596525533511323,0.1939696314711159,0.460842464652059
95.0,0.06240053102374077,-0.7843319177627563,2.0078296661376953,-0.5199549794197083,2.258211135864258,0.4938325583934784,0.8380046486854553,0.1556512415409088,-0.03864264115691185,0.7958109318707004,0.34159180082563667,0.19721813045205494,0.4594616538349881
96.0,0.05368670076131821,-0.7830719947814941,2.03281569480896,-0.5705119967460632,2.2210495471954346,0.45463553071022034,0.829399585723877,0.1523144245147705,-0.048153892159461975,0.7889065222756645,0.3572484677785137,0.20625750912847138,0.4554754343638516
97.0,0.05001458525657654,-0.7758517265319824,2.047369956970215,-0.6050652861595154,2.1994881629943848,0.4332239031791687,0.823223888874054,0.15160374343395233,-0.058692317456007004,0.7845818144990094,0.36664886342923203,0.2116848087104725,0.4529785083916289
98.0,0.024686573073267937,-0.7821223735809326,2.0897939205169678,-0.6813893914222717,2.119802474975586,0.3609760105609894,0.811103880405426,0.14054429531097412,-0.06601026654243469,0.7703940875305171,0.3955919020027533,0.22839508392154056,0.4447872329646375
99.0,0.0038080152589827776,-0.7999249696731567,2.1108484268188477,-0.7044896483421326,2.071418523788452,0.3213781416416168,0.8077993392944336,0.1300174593925476,-0.05766084045171738,0.7626556259431047,0.41031256103542246,0.23689406939922714,0.4403194276401602
100.0,0.0045689125545322895,-0.8130385875701904,2.101691484451294,-0.6776081919670105,2.0833399295806885,0.3308812379837036,0.8134930729866028,0.1290500909090042,-0.0450737364590168,0.7654626480233224,0.40505173923488935,0.23385674419899102,0.44194009347032787
101.0,-0.030906837433576584,-0.8164619207382202,2.1447956562042236,-0.7511605620384216,1.9827853441238403,0.2550574243068695,0.8007407188415527,0.1145234927535057,-0.05356694012880325,0.7473852645848174,0.4375103121255181,0.2525966916847765,0.43150307578882985
102.0,-0.052469443529844284,-0.8390964269638062,2.1563706398010254,-0.7521541714668274,1.9370458126068115,0.22329644858837128,0.8016107082366943,0.10384481400251389,-0.03942760452628136,0.7401096029809138,0.44970857370606565,0.259639349131615,0.4273024487329811
103.0,-0.046865686774253845,-0.7941064238548279,2.1707658767700195,-0.8137454986572266,1.9278267621994019,0.21706163883209229,0.7880592942237854,0.11027480661869049,-0.07577085494995117,0.7363715580474227,0.45580363225561854,0.2631583355220553,0.42514429052576647
104.0,-0.07808800041675568,-0.790213942527771,2.1979949474334717,-0.8611376285552979,1.8478466272354126,0.16492395102977753,0.7788722515106201,0.09833679348230362,-0.08352073282003403,0.7216872475976065,0.47871443975039407,0.2763859128091743,0.4166663281693121
105.0,-0.08712457865476608,-0.8053520917892456,2.199256658554077,-0.8500022292137146,1.8314460515975952,0.15460453927516937,0.7817196249961853,0.09356963634490967,-0.07292496412992477,0.7192495778713931,0.48236922020370826,0.27849597973454876,0.415258918511792
106.0,-0.09628613293170929,-0.8241446614265442,2.1988747119903564,-0.8332117199897766,1.8161582946777344,0.14508114755153656,0.785709023475647,0.08839276432991028,-0.05941729247570038,0.7171465666945814,0.4854902796091365,0.2802979347846912,0.4140447536663803
107.0,-0.11387460678815842,-0.8497679829597473,2.2008142471313477,-0.8142385482788086,1.7822964191436768,0.12428325414657593,0.7902112007141113,0.07933147251605988,-0.04144827276468277,0.7117950206736471,0.4933030264732606,0.28480861332343466,0.41095501748160496
108.0,-0.16246065497398376,-0.8256058096885681,2.2349085807800293,-0.883496105670929,1.6580817699432373,0.05054418742656708,0.7750944495201111,0.06300948560237885,-0.0643155574798584,0.6874574410696666,0.5266899430785248,0.30408454773372734,0.3969037142777338
109.0,-0.19660818576812744,-0.8382534980773926,2.2433228492736816,-0.8814460039138794,1.5800273418426514,0.00532971415668726,0.7751773595809937,0.04909525811672211,-0.0566452257335186,0.6724358233176007,0.5457381114273262,0.3150820239993007,0.38823098202928114
110.0,-0.19949524104595184,-0.8521901965141296,2.239745855331421,-0.8639488220214844,1.5760812759399414,0.003051295643672347,0.7789536714553833,0.0467427596449852,-0.04645942896604538,0.671980029956529,0.5462992581508566,0.3154059990805817,0.38796780230764805
111.0,-0.21591714024543762,-0.825251042842865,2.252811908721924,-0.9036265015602112,1.5367096662521362,-0.01968882605433464,0.769550621509552,0.04237128421664238,-0.06669172644615173,0.6639763536173099,0.5559994672476939,0.32100643768731657,0.38334692019193367
112.0,-0.22864621877670288,-0.7892787456512451,2.2653746604919434,-0.9514129161834717,1.5095664262771606,-0.03540275990962982,0.7582666873931885,0.039604514837265015,-0.09226953238248825,0.6587697458162209,0.5621587184067269,0.3245624885146326,0.38034088442570446
113.0,-0.23285040259361267,-0.7632948756217957,2.272007703781128,-0.983687698841095,1.5005884170532227,-0.040612466633319855,0.750811755657196,0.03964277356863022,-0.11008448898792267,0.6570322821320185,0.5641884011462972,0.3257343534526333,0.37933779040476784
114.0,-0.16651219129562378,-0.7920172214508057,2.246026039123535,-0.9289906620979309,1.6408318281173706,0.040512364357709885,0.764971137046814,0.06430250406265259,-0.0888836532831192,0.6832518327442167,0.5321343128221256,0.3072279022874948,0.39447562944371944
115.0,-0.15064872801303864,-0.7759032845497131,2.2438085079193115,-0.9411967396736145,1.6743055582046509,0.06001146882772446,0.7620861530303955,0.07149321585893631,-0.0996944010257721,0.6892836346119106,0.5242977064443852,0.30270340277871755,0.39795808324437515
116.0,-0.12421047687530518,-0.7562900185585022,2.2354817390441895,-0.9482700824737549,1.7290666103363037,0.09227900952100754,0.7605586051940918,0.0830942839384079,-0.11233742535114288,0.6988596865861486,0.5114636987778663,0.2952937243001814,0.4034868519370892
117.0,-0.10016260296106339,-0.7680760025978088,2.219060182571411,-0.9135282635688782,1.7873040437698364,0.12733513116836548,0.7679886221885681,0.09151674807071686,-0.10229012370109558,0.7098449932285676,0.4961049137107782,0.2864263082622312,0.40982919627037967
118.0,-0.06160889193415642,-0.7680627703666687,2.1928062438964844,-0.8722400665283203,1.87956702709198,0.18521609902381897,0.7756102085113525,0.10655802488327026,-0.09852136671543121,0.7266073137928337,0.471213139923852,0.2720550211939228,0.4195069174030876
119.0,-0.04214087501168251,-0.7505940198898315,2.181925058364868,-0.8703293204307556,1.919582486152649,0.21152937412261963,0.7752583026885986,0.11570918560028076,-0.10941039025783539,0.7330551414347282,0.46111835117203104,0.2662268225020932,0.42322961239608103
120.0,-0.022165507078170776,-0.7605823278427124,2.1597745418548584,-0.8243805766105652,1.9743682146072388,0.24910254776477814,0.7843095064163208,0.12305253744125366,-0.09833255410194397,0.7432446212417297,0.44450808000788716,0.2566368668252609,0.42911247754994575
121.0,-0.0005727278185077012,-0.7393665313720703,2.1451849937438965,-0.8176464438438416,2.0191574096679688,0.2814261019229889,0.7839756608009338,0.1336636245250702,-0.11135352402925491,0.7502614595365662,0.43255952934743025,0.24973835911218686,0.4331636502440426
122.0,0.01422507967799902,-0.7566550970077515,2.1195876598358154,-0.7567791938781738,2.070678234100342,0.3207932710647583,0.7958248853683472,0.1383749097585678,-0.09302696585655212,0.7603215201628519,0.41462175252816386,0.23938197376867124,0.43897182021439524
123.0,0.033391572535037994,-0.7311837077140808,2.1051218509674072,-0.7530637979507446,2.107339382171631,0.35050642490386963,0.7948576211929321,0.1487463265657425,-0.10944414138793945,0.7655800227016606,0.4048298925274296,0.23372863373664562,0.4420078197588317
124.0,0.12252664566040039,-0.678921103477478,1.9360873699188232,-0.4584210515022278,2.369194746017456,0.634233295917511,0.8391667008399963,0.1945056915283203,-0.1038365289568901,0.810586928010421,0.30487505113494456,0.17601970550079926,0.4679926266614736
125.0,0.12551695108413696,-0.6825762987136841,1.9119079113006592,-0.4013371765613556,2.3954432010650635,0.6745520234107971,0.8485984206199646,0.195468008518219,-0.09147726744413376,0.8158280625360605,0.2905590308405539,0.16775434376833415,0.471018579381442
126.0,0.11612793058156967,-0.7033191919326782,1.920858383178711,-0.40248802304267883,2.3841865062713623,0.6568337678909302,0.8501842617988586,0.18866151571273804,-0.07630542665719986,0.8147859409516487,0.29346867417440886,0.16943422827027887,0.4704168895738188
127.0,0.09872576594352722,-0.7322641015052795,1.9528448581695557,-0.4469243288040161,2.344170331954956,0.5987741351127625,0.845356822013855,0.17740002274513245,-0.06297945231199265,0.8088031080923401,0.3095763798831138,0.17873400910476547,0.466962687318777
128.0,0.097852922976017,-0.7413931488990784,1.9402856826782227,-0.41183680295944214,2.35784649848938,0.6178218722343445,0.8515214323997498,0.17574499547481537,-0.05006682872772217,0.8118759277753148,0.3014257427885944,0.174028241046406,0.46873678200202096
129.0,0.09124963730573654,-0.7568265795707703,1.9384204149246216,-0.3970125615596771,2.3553762435913086,0.6143239140510559,0.8559292554855347,0.17068776488304138,-0.035921525210142136,0.8123434066973856,0.3001636539590488,0.1732995554911631,0.469006646545445
130.0,0.11744261533021927,-0.7107518315315247,1.8900930881500244,-0.3257172107696533,2.4162087440490723,0.7091217637062073,0.8624552488327026,0.1878964751958847,-0.056756291538476944,0.8213672788933722,0.2745101396563718,0.158488487245,0.47421659165399094
131.0,0.11393208056688309,-0.7222892642021179,1.8683457374572754,-0.26459822058677673,2.4367055892944336,0.7459843158721924,0.8724565505981445,0.18384987115859985,-0.03624942526221275,0.8260712552638967,0.2600121221252166,0.15011806129839328,0.4769324325800077
132.0,0.13084353506565094,-0.6876164674758911,1.8200675249099731,-0.17662927508354187,2.4828109741210938,0.8417075872421265,0.8817942142486572,0.19571006298065186,-0.045452531427145004,0.833378905815699,0.2355411356278311,0.13598972327291894,0.48115150205806784
133.0,0.1344749480485916,-0.6787877678871155,1.8259410858154297,-0.19938313961029053,2.4783499240875244,0.8315075635910034,0.8778015971183777,0.19889412820339203,-0.05687516927719116,0.8320324065906546,0.24025418990588843,0.1387108236028378,0.4803741313091825
134.0,0.1460723876953125,-0.6506709456443787,1.8055458068847656,-0.17602500319480896,2.4949452877044678,0.8706929087638855,0.879054844379425,0.20801669359207153,-0.07417907565832138,0.834099386500739,0.23297687769072592,0.13450925910200842,0.4815674896796921
135.0,0.13889174163341522,-0.6654804944992065,1.853063702583313,-0.2789722681045532,2.4548850059509277,0.7813574075698853,0.8652141094207764,0.20341803133487701,-0.08240941166877747,0.8266026113585613,0.25831789152628226,0.14913990054829712,0.47723922709377864
136.0,0.1451873928308487,-0.6498869061470032,1.8524346351623535,-0.2930850088596344,2.4554286003112793,0.7824586629867554,0.8618300557136536,0.20850226283073425,-0.09694156795740128,0.8259007119968711,0.26055329348465356,0.1504305132537551,0.4768339919296582
137.0,0.148142009973526,-0.6407349109649658,1.8599077463150024,-0.32055485248565674,2.4483892917633057,0.7684012055397034,0.8569837808609009,0.211115762591362,-0.10886868089437485,0.8240117257299493,0.2664669909298658,0.15384479478554708,0.47574341584695307
138.0,0.1593298763036728,-0.6182367205619812,1.8007023334503174,-0.19734492897987366,2.498096466064453,0.8785406351089478,0.87312251329422,0.21885830163955688,-0.10373332351446152,0.8332099943395408,0.23613790345365912,0.13633428008185822,0.4810540093999574
139.0,0.1677422821521759,-0.5938891172409058,1.7450536489486694,-0.077818363904953,2.5363564491271973,0.9872254729270935,0.8879991173744202,0.22553160786628723,-0.09997779130935669,0.8405175862485796,0.2086388949811734,0.12045772356338019,0.4852730525609523
140.0,0.16137611865997314,-0.6075229048728943,1.7394057512283325,-0.0452977791428566,2.541226387023926,1.0032968521118164,0.893261194229126,0.22006811201572418,-0.08257512003183365,0.842230157797516,0.2016144094490151,0.11640213052403696,0.4862617969863165
141.0,0.15477310121059418,-0.6189417839050293,1.723004698753357,0.01543834526091814,2.5524747371673584,1.043034315109253,0.901772677898407,0.2142852246761322,-0.06097647547721863,0.8453053389271663,0.18830535612622729,0.10871813622115359,0.48803723596873455
142.0,0.14677593111991882,-0.6410170197486877,1.7407714128494263,-0.011060231365263462,2.5419833660125732,1.0058523416519165,0.9001386165618896,0.20749251544475555,-0.048564523458480835,0.8438384667749639,0.194773338929827,0.11245243556698041,0.48719035106214803
143.0,0.1330999732017517,-0.6748887300491333,1.7764194011688232,-0.07104499638080597,2.509934425354004,0.9316192865371704,0.894608736038208,0.19693523645401,-0.035118378698825836,0.841621375616351,0.21179672398021435,0.12124250555955665,0.48178404151915494
144.0,0.1542348563671112,-0.6033816337585449,1.6723380088806152,0.14671193063259125,2.579124927520752,1.1576406955718994,0.9175944924354553,0.21397583186626434,-0.04596596956253052,0.8512464735748171,0.15930930260385526,0.09197726246370419,0.4914673646540476
145.0,0.16324523091316223,-0.5798985362052917,1.661102056503296,0.14997291564941406,2.582650661468506,1.175952672958374,0.916904628276825,0.2221517711877823,-0.06468947231769562,0.8513535070005243,0.15873634871777212,0.09164646359788102,0.4915291480916067
146.0,0.16369794309139252,-0.5559015870094299,1.6088690757751465,0.2891834080219269,2.602496385574341,1.3059897422790527,0.9317534565925598,0.2234165072441101,-0.05523570254445076,0.8564000520550333,0.12875936601077698,0.07433925078631148,0.49444276948618543
147.0,0.15932044386863708,-0.5561826825141907,1.5921251773834229,0.34701216220855713,2.6076250076293945,1.353461742401123,0.9386773109436035,0.2198827713727951,-0.04243829473853111,0.8581872830852709,0.11625236111244693,0.06711832756614818,0.4954746267885224
148.0,0.16515448689460754,-0.5032251477241516,1.5217244625091553,0.5168639421463013,2.617631196975708,1.529878854751587,0.9565531611442566,0.22776128351688385,-0.05114899203181267,0.8622981787463424,0.08026125610355372,0.046338854843925546,0.49784806139139925
149.0,0.16052283346652985,-0.50459223985672,1.5109739303588867,0.5636649131774902,2.6179938316345215,1.5699306726455688,0.9616921544075012,0.22396302223205566,-0.039915066212415695,0.863222423487938,0.0696206499944081,0.04019550288377962,0.4983817153847914
150.0,0.17036691308021545,-0.47662362456321716,1.494620442390442,0.5708073377609253,2.6179001331329346,1.5915902853012085,0.9621596932411194,0.23389405012130737,-0.06267756223678589,0.8632566917634074,0.06919469662197975,0.0399495736446725,0.4984014543023514
151.0,0.1791582554578781,-0.44054117798805237,1.4630922079086304,0.6191758513450623,2.6165378093719482,1.6527228355407715,0.9671542048454285,0.24373415112495422,-0.08388037979602814,0.8639608640242736,0.05976284791684151,0.034504097706152904,0.4988080739971873
152.0,0.18660971522331238,-0.43441012501716614,1.472165584564209,0.5650750994682312,2.6176974773406982,1.6077884435653687,0.9608373045921326,0.24999815225601196,-0.10055764764547348,0.8629679577343301,0.07270693792560938,0.041977370468144384,0.4982347895017982
153.0,0.1911715269088745,-0.44031137228012085,1.4949792623519897,0.48842573165893555,2.617772340774536,1.538806676864624,0.9516060948371887,0.25280889868736267,-0.11163674294948578,0.8613833728943693,0.08954710340205865,0.05170004406778582,0.4973199238084176
154.0,0.18368005752563477,-0.49487465620040894,1.5670297145843506,0.3323248028755188,2.609896659851074,1.3784509897232056,0.9343031048774719,0.24273407459259033,-0.09780854731798172,0.8575068086443293,0.12116969883939588,0.06995735563879708,0.49508175648453745
155.0,0.1865486353635788,-0.5063328742980957,1.6011158227920532,0.2351742684841156,2.6007485389709473,1.2917734384536743,0.9227461218833923,0.2440979778766632,-0.10848822444677353,0.8543465002789021,0.1417465337982095,0.08183739456476895,0.49325715247549645
156.0,0.17778293788433075,-0.5504180788993835,1.6665136814117432,0.09407167136669159,2.5778262615203857,1.1511352062225342,0.907554566860199,0.2347778081893921,-0.10085610300302505,0.8489964435939606,0.17089484283818152,0.09866618031327401,0.49016831427429963
157.0,0.17849119007587433,-0.5608184933662415,1.7050931453704834,-0.00555211678147316,2.558509111404419,1.066105842590332,0.894871711730957,0.23480553925037384,-0.11249347031116486,0.844391501549657,0.19236163828612077,0.11106004268428968,0.4875096503101855
158.0,0.06933354586362839,-0.6474380493164062,1.770099401473999,0.1424945443868637,2.0603690147399902,0.979813814163208,0.881309986114502,0.18995238840579987,-0.07833275943994522,0.9190541562439237,0.27596309057095003,0.08092500959061588,0.2695087630413114
159.0,0.06362047791481018,-0.609889805316925,1.6726139783859253,0.33660387992858887,1.9848346710205078,1.1643301248550415,0.9175282120704651,0.19765770435333252,-0.07299152761697769,0.9523425230047284,0.20995888350305558,0.04763872975678554,0.21608224717060517
160.0,0.009241289459168911,-0.6321547627449036,1.7045079469680786,0.3534713089466095,1.794111967086792,0.9879590272903442,0.9063131809234619,0.17521095275878906,-0.06629837304353714,0.9504012278992743,0.28143736864565866,0.03759408841314727,0.12695352714180017
161.0,0.09942605346441269,-0.6529839038848877,2.0732851028442383,-3.0850062370300293,-2.111149549484253,-1.751875400543213,0.9480844140052795,0.21680186688899994,-0.07724319398403168,0.9549602328844291,0.12216897964620431,0.03431512049876093,0.26823155393554626
162.0,0.1672060489654541,-0.6419755816459656,1.9723505973815918,-2.730257511138916,-2.60943603515625,-1.373116374015808,0.9821881055831909,0.23477528989315033,-0.059537775814533234,0.8655337992720904,0.029175636393960747,0.016844562454711557,0.4997162047345847
163.0,0.17167577147483826,-0.630631685256958,1.9571478366851807,-2.6928019523620605,-2.6056618690490723,-1.3340861797332764,0.9858627915382385,0.24028465151786804,-0.0719853937625885,0.8657367553524223,0.02235799299483232,0.012908392974775999,0.4998333361950879
164.0,0.17714647948741913,-0.6160104274749756,1.9382447004318237,-2.649444341659546,-2.6003408432006836,-1.2885686159133911,0.9901964664459229,0.24711602926254272,-0.08752630650997162,0.8659063353396899,0.01436056365266817,0.008291075382959943,0.49993124597204397
165.0,0.18262851238250732,-0.6006474494934082,1.91481614112854,-2.5935778617858887,-2.592393398284912,-1.232666015625,0.9958711862564087,0.2544882893562317,-0.10426770895719528,0.8660174281553423,0.003719524629277422,0.002147468453104218,0.499995367625523
166.0,0.17951013147830963,-0.6005973815917969,1.8657211065292358,-2.431363344192505,-2.5665080547332764,-1.0989820957183838,1.0143036842346191,0.2567467987537384,-0.11132648587226868,0.8654906710885935,-0.03042863688361378,-0.01756798157694937,0.4996912670232823
167.0,0.1713879555463791,-0.6260509490966797,1.8832107782363892,-2.4409146308898926,-2.571227550506592,-1.119822382926941,1.0120495557785034,0.24735426902770996,-0.08904213458299637,0.8655514869441391,-0.028646585241873537,-0.01653911454833818,0.49972637942450776
168.0,0.16958977282047272,-0.6356654763221741,1.9033335447311401,-2.490347385406494,-2.5807435512542725,-1.1659241914749146,1.0062114000320435,0.2436600774526596,-0.0788876935839653,0.8658390539594897,-0.017965472489128304,-0.010372370246458226,0.4998923767894933
169.0,0.15780097246170044,-0.6561664342880249,1.8682838678359985,-2.344670057296753,-2.5566134452819824,-1.0587100982666016,1.0225080251693726,0.2359723150730133,-0.06488320231437683,0.864564600605383,-0.050279788785656844,-0.02902905030028411,0.49915659712998683
170.0,0.1577313095331192,-0.6452603936195374,1.8375157117843628,-2.271792411804199,-2.5386595726013184,-0.9947476983070374,1.0324437618255615,0.23904860019683838,-0.07469677180051804,0.8633824801752485,-0.06760692604436469,-0.039032877487275616,0.4984741025894241
171.0,0.1602691262960434,-0.6323713660240173,1.820481538772583,-2.2442612648010254,-2.529716730117798,-0.9662684798240662,1.0369230508804321,0.24328845739364624,-0.08575800061225891,0.8628135020837481,-0.07451751563639823,-0.04302270812806608,0.49814560830211546
172.0,0.15792900323867798,-0.6203711628913879,1.7835800647735596,-2.157534122467041,-2.5026087760925293,-0.8900269269943237,1.0481348037719727,0.24503614008426666,-0.09557152539491653,0.8604604446094909,-0.09801939774479869,-0.05659152722902932,0.4967870972298601
173.0,0.16128340363502502,-0.6110211610794067,1.7768049240112305,-2.148019790649414,-2.496654748916626,-0.8749328851699829,1.0477458238601685,0.24917934834957123,-0.10450097918510437,0.8600884457071606,-0.10123177167126929,-0.05844618985210918,0.4965722876451202
174.0,0.1714027374982834,-0.6018562912940979,1.8106098175048828,-2.2665700912475586,-2.5303759574890137,-0.9683025479316711,1.0356472730636597,0.2550177276134491,-0.11245117336511612,0.8632614903520422,-0.06913445713982404,-0.03991479802389081,0.4984042887153608
175.0,0.14638638496398926,-0.6373291015625,1.7674903869628906,-2.0849313735961914,-2.4822349548339844,-0.8403773307800293,1.0559110641479492,0.2355826497077942,-0.07905429601669312,0.857871409059208,-0.11856063103050889,-0.06845101442045391,0.49529231864952994
176.0,0.14375925064086914,-0.6239151954650879,1.7411742210388184,-2.06022572517395,-2.4756321907043457,-0.8254053592681885,1.0691258907318115,0.23526503145694733,-0.08585646003484726,0.8570229724866844,-0.12454569295831582,-0.0719064868131143,0.49480243749381064
177.0,0.14225651323795319,-0.6060661673545837,1.7072540521621704,-1.999864935874939,-2.448428153991699,-0.7684780359268188,1.0787053108215332,0.2376444935798645,-0.09882386773824692,0.8539002775308104,-0.14441030879129615,-0.08337532826178798,0.4929995267592518
178.0,0.13412785530090332,-0.6039527058601379,1.6722068786621094,-1.8928420543670654,-2.392533302307129,-0.6699066162109375,1.0844295024871826,0.23512984812259674,-0.09806650131940842,0.8461841633171562,-0.18431587578877384,-0.10641482505867489,0.4885446803427434
179.0,0.12656021118164062,-0.6181201934814453,1.6731913089752197,-1.876083493232727,-2.3894388675689697,-0.665017306804657,1.0866137742996216,0.22730040550231934,-0.0837990790605545,0.8450519748312081,-0.18943906598269608,-0.10937269812148907,0.4878909847692463
180.0,0.12943550944328308,-0.6228143572807312,1.6973435878753662,-1.955456256866455,-2.4363327026367188,-0.745286762714386,1.0863001346588135,0.22561010718345642,-0.08020360767841339,0.8514779676951708,-0.15806739129294436,-0.09126024848471787,0.491600994085704
181.0,0.12656602263450623,-0.6069713234901428,1.6683626174926758,-1.9188096523284912,-2.4191226959228516,-0.7141861319541931,1.0973777770996094,0.22557255625724792,-0.08960550278425217,0.8490513592146418,-0.1706217691244222,-0.09850853079884447,0.490200031289753
182.0,0.13145309686660767,-0.5930027365684509,1.661410927772522,-1.9244781732559204,-2.4180917739868164,-0.7123878598213196,1.0982342958450317,0.23129971325397491,-0.10218340158462524,0.849332804440214,-0.16921521686563595,-0.0976964540358194,0.49036251952169474
183.0,0.11784099787473679,-0.6304300427436829,1.6686716079711914,-1.850110650062561,-2.381333827972412,-0.6524484753608704,1.0905280113220215,0.21891522407531738,-0.07011332362890244,0.8430605024415452,-0.19811359761945033,-0.1143809357887805,0.48674119734143195
184.0,0.1181269958615303,-0.6423977613449097,1.6951193809509277,-1.9241045713424683,-2.429516315460205,-0.7327160239219666,1.090378761291504,0.21419033408164978,-0.060039371252059937,0.8496913214724274,-0.1674057670808932,-0.0966517555924024,0.4905694706189982
185.0,0.12501287460327148,-0.6503661274909973,1.7143080234527588,-1.92708158493042,-2.42344331741333,-0.7217984199523926,1.0756984949111938,0.22065645456314087,-0.059566594660282135,0.8494812201318195,-0.16846849441505712,-0.09726533537685826,0.49044824147600563
186.0,0.11196740716695786,-0.6529402136802673,1.6844760179519653,-1.856296420097351,-2.392681837081909,-0.6701425909996033,1.0878126621246338,0.21085146069526672,-0.05057526379823685,0.8441111948609678,-0.19358795828648787,-0.1117680574149746,0.4873478167167072
187.0,0.1031508669257164,-0.688650906085968,1.7479748725891113,-2.0188369750976562,-2.3432414531707764,-0.783294677734375,1.073854684829712,0.20497804880142212,-0.03327057510614395,0.8702254790096986,-0.18963836642510598,-0.09681377976993394,0.44426568369458436
188.0,0.07937993109226227,-0.7306563854217529,1.820716381072998,-2.2226181030273438,-2.2223362922668457,-0.9128671884536743,1.0592280626296997,0.19202855229377747,-0.013237754814326763,0.9061734299235981,-0.19711559135193743,-0.07952927962100512,0.3656094257940322
189.0,0.06971418857574463,-0.7562389969825745,1.8811895847320557,-2.3642327785491943,-2.167879581451416,-1.0214303731918335,1.039853572845459,0.18713587522506714,-0.0021737925708293915,0.9272143661529263,-0.1767731753760001,-0.0618366756856975,0.32434701972926344
190.0,0.11178985983133316,-0.7248182892799377,1.8911304473876953,-2.392500877380371,-2.372946262359619,-1.1077015399932861,1.0292072296142578,0.206183522939682,-0.016865722835063934,0.9047501297045072,-0.0925939116542123,-0.042328259225689085,0.4135962872115416
191.0,0.12117552012205124,-0.7217333316802979,1.990978479385376,-2.7060048580169678,-2.4099411964416504,-1.3915163278579712,0.989783525466919,0.20735439658164978,-0.013458052650094032,0.9116209732075002,0.0008002231138670449,0.0003608039484483502,0.41103093639249244
192.0,0.0904286652803421,-0.7368478178977966,2.062887668609619,-2.9636220932006836,-2.2576053142547607,-1.6758930683135986,0.9685471057891846,0.19140973687171936,0.00012569240061566234,0.9376924451191796,0.08066943457127973,0.02896867032627869,0.33672858036093656
193.0,0.07580966502428055,-0.7321752309799194,2.11934494972229,-3.139108896255493,-2.2112340927124023,-1.8682094812393188,0.9421516060829163,0.18067330121994019,0.0030882437713444233,0.9341469209982209,0.14740097437721802,0.0506598683923669,0.32105460668966995
194.0,0.04241946339607239,-0.705317497253418,1.711272120475769,0.3006470203399658,2.1011955738067627,1.0797368288040161,0.9213278293609619,0.16215944290161133,0.009519967250525951,0.931901385824792,0.21885502643909605,0.06612925171463763,0.28158339185370446
195.0,-0.008826673030853271,-0.7503623366355896,1.7732981443405151,0.24029336869716644,1.9526911973953247,0.8649493455886841,0.9028096795082092,0.13553212583065033,0.0173613503575325,0.9218375767592799,0.3040103865984981,0.07529281592326698,0.22830715885656191
196.0,-0.03692382574081421,-0.7799690365791321,1.8278073072433472,0.15818724036216736,1.893164873123169,0.6925671696662903,0.8851771950721741,0.11952037364244461,0.017651408910751343,0.8979331913643,0.3698069918968983,0.09088455360121889,0.22067797920770865
197.0,-0.06874862313270569,-0.741328239440918,1.7353570461273193,0.3865678608417511,1.7742352485656738,0.8095000982284546,0.9148297905921936,0.10723501443862915,0.02905392460525036,0.9348258799119491,0.3270452102739139,0.04568761118191073,0.13059344113787616
198.0,-0.05836886167526245,-0.7062487006187439,1.6642009019851685,0.4987049698829651,1.7668871879577637,1.0389666557312012,0.94231116771698,0.11616414040327072,0.03113560564815998,0.9671757430117387,0.22759149211282861,0.025887930714336933,0.11001368047146491
199.0,-0.07743086665868759,-0.6866664290428162,1.6242889165878296,0.5754368305206299,1.7038593292236328,1.1599186658859253,0.9587317705154419,0.10668730735778809,0.03345813602209091,0.9838605731755167,0.16362354149994296,0.011882012082204761,0.07144597264114158
200.0,-0.09425662457942963,-0.7056730389595032,1.6638375520706177,0.5334940552711487,1.6807271242141724,-1.6654045581817627,0.9416781067848206,0.09586934745311737,0.033687982708215714,0.0019978746254577942,0.997708586126945,-0.058374580041768695,0.03414665533402647
201.0,-0.1277398020029068,-0.7073802351951599,1.6783803701400757,0.559015691280365,1.601662039756775,-1.6985117197036743,0.9311855435371399,0.078249491751194,0.03436749801039696,0.00032687425365898493,0.9996730628250374,-0.01790017878521762,0.018254977805749212
202.0,-0.1386256366968155,-0.716628909111023,1.699110507965088,0.5381048321723938,1.598564863204956,-1.7093287706375122,0.92153000831604,0.07004893571138382,0.03427165001630783,0.0003950777685890744,0.9995885145811634,-0.017213602918153208,0.022942042314418324
203.0,-0.14825990796089172,-0.6950141787528992,1.657036304473877,0.6008696556091309,1.5775737762451172,-1.719056248664856,0.9401314854621887,0.06175801903009415,0.034982044249773026,1.3413014934135378e-05,0.9999864480885231,-0.003935353384328793,0.0034082918201357422
204.0,-0.13987956941127777,-0.685368537902832,1.6331952810287476,0.6178396940231323,1.5770667791366577,-1.7106773853302002,0.952768087387085,0.06785663962364197,0.03498466685414314,7.280054118349943e-06,0.9999917958818184,-0.0034621789737580987,0.0021027203356749533
205.0,-0.140666201710701,-0.6760155558586121,1.6101815700531006,0.6340623497962952,1.5748820304870605,-1.711463451385498,0.9654644727706909,0.06565729528665543,0.034987084567546844,2.1694167609234927e-06,0.9999970890487876,-0.0022026999111563945,0.0009848869713854395
206.0,-0.14046069979667664,-0.6669641137123108,1.5878221988677979,0.6492159366607666,1.572095513343811,-1.7112571001052856,0.977717936038971,0.06455549597740173,0.034987885504961014,1.8500028292514595e-07,0.9999997238059603,-0.0006937395245374219,0.00026667103582063813
207.0,-0.15234625339508057,-0.6724902391433716,1.601690411567688,0.6403921842575073,1.5729079246520996,-1.7231428623199463,0.9707492589950562,0.05398080497980118,0.034987673163414,4.935091849138959e-07,0.9999992614469082,-0.0011349076150871558,0.00043484491489912335
208.0,-0.1643112599849701,-0.6704022288322449,1.5965150594711304,0.6438590288162231,1.5721993446350098,-1.735107660293579,0.9741663336753845,0.04200201854109764,0.034987855702638626,2.2171541139980345e-07,0.9999996689925535,-0.0007594656918544945,0.0002919359469218891
209.0,-0.15430514514446259,-0.6572165489196777,1.566538691520691,0.6701167225837708,1.5721406936645508,-1.7250956296920776,0.9887827634811401,0.04941010847687721,0.034983791410923004,-2.0283002886937688e-10,0.9999904374451203,-4.637961638453482e-08,-0.0043732160151408695
210.0,-0.1791204959154129,-0.6627183556556702,1.577330231666565,0.6561843752861023,1.5707963705062866,-1.7499167919158936,0.9851873517036438,0.02588908188045025,0.03498800843954086,0.0,1.0,0.0,0.0
211.0,-0.19484713673591614,-0.6701999306678772,1.5962988138198853,0.644694447517395,1.570801019668579,-1.7656434774398804,0.9750261902809143,0.012453699484467506,0.03498800843954086,2.6114251819901232e-12,0.9999999999961013,-2.606449015719433e-06,1.0019091405371957e-06
212.0,-0.21626785397529602,-0.6700795888900757,1.5959938764572144,0.6448820233345032,1.5707963705062866,-1.7870641946792603,0.9752368927001953,-0.008469405584037304,0.03498800843954086,0.0,1.0,0.0,0.0
213.0,-0.22090649604797363,-0.6577392220497131,1.5680440664291382,0.6696453094482422,1.5728520154953003,-1.7916934490203857,0.9889584183692932,-0.016410790383815765,0.03498315066099167,0.0,0.9999889977867155,0.0,-0.004690874707406728
214.0,-0.2345208078622818,-0.6626728773117065,1.577215313911438,0.6562538743019104,1.5707963705062866,-1.8053171634674072,0.9851718544960022,-0.02871733531355858,0.03498800843954086,0.0,1.0,0.0,0.0
215.0,-0.2417096048593521,-0.6484816074371338,1.5514973402023315,0.6955647468566895,1.577644944190979,-1.812410831451416,0.994257926940918,-0.03918426111340523,0.03494297340512276,0.0,0.9998976452623205,0.0,-0.014307305786444669
216.0,-0.26906630396842957,-0.6345845460891724,1.5263651609420776,0.733089029788971,1.5856988430023193,-1.8394596576690674,1.0018229484558105,-0.07013905048370361,0.03481502830982208,0.0,0.9996068021156237,0.0,-0.028039992228535832
217.0,-0.2772934138774872,-0.6658805012702942,1.5852854251861572,0.651252031326294,1.569347858428955,-1.8480899333953857,0.978780210018158,-0.06937092542648315,0.03498788923025131,-1.7972114460909495e-07,0.9999997353089979,0.0006775060604322531,0.00026526861885423303
218.0,-0.2698155641555786,-0.6822199821472168,1.626629114151001,0.6253451704978943,1.5650124549865723,-1.8406156301498413,0.9570142030715942,-0.055200353264808655,0.034986093640327454,-3.371537085207515e-06,0.9999956825605628,0.002648447181615658,0.001273018614659754
219.0,-0.2545083165168762,-0.6778210401535034,1.6155245304107666,0.632513165473938,1.567422866821289,-1.8253058195114136,0.9637137055397034,-0.04248173162341118,0.034987349063158035,-1.0996797332741355e-06,0.9999985354382837,0.0015594380330672408,0.0007051759353223128
220.0,-0.23275157809257507,-0.6867889761924744,1.638529658317566,0.618444561958313,1.5686373710632324,-1.8035483360290527,0.9515628814697266,-0.018653329461812973,0.03498772159218788,-5.35272582795638e-07,0.9999993707142637,0.0009798819360927705,0.0005462620082053971
221.0,-0.2454437017440796,-0.6961662769317627,1.662131428718567,0.6024951338768005,1.5663467645645142,-1.8162411451339722,0.9383639693260193,-0.02713674306869507,0.03498661145567894,-3.1368303122849013e-06,0.9999968430389498,0.001874272699234409,0.001673620071433723
222.0,-0.2605418860912323,-0.6967486143112183,1.6632544994354248,0.6009179353713989,1.5641300678253174,-1.8313407897949219,0.9374659657478333,-0.04084507003426552,0.03498493880033493,-6.932086427775652e-06,0.9999930234324077,0.002786228763849928,0.002487964576542505
223.0,-0.27422401309013367,-0.6939493417739868,1.655849814414978,0.6051204800605774,1.5624276399612427,-1.8450253009796143,0.9410929083824158,-0.0545966699719429,0.034983355551958084,-1.0375576653997483e-05,0.9999894639426452,0.003516796188318786,0.0029502611101967827
224.0,-0.28631237149238586,-0.6877708435058594,1.64029061794281,0.6155605316162109,1.5620912313461304,-1.8571161031723022,0.9488382935523987,-0.06840936094522476,0.034983426332473755,-9.600909569438354e-06,0.999989605495093,0.003791817988530898,0.0025319806343209713
225.0,-0.29117533564567566,-0.7074610590934753,1.6861369609832764,0.573876142501831,1.54522705078125,-1.8619773387908936,0.926101565361023,-0.06359564512968063,0.03474368527531624,-0.00011946104292303942,0.9998766743434647,0.009627124528217158,0.012407268282352057
226.0,-0.27386271953582764,-0.7087280750274658,1.6910852193832397,0.5760699510574341,1.5562633275985718,-1.8446534872055054,0.9228881001472473,-0.04814913123846054,0.03496797755360603,-4.2154753824252616e-05,0.9999544752867764,0.00532294594489231,0.007919079706141665
227.0,-0.2556106150150299,-0.7066643834114075,1.6877208948135376,0.582750678062439,1.562195897102356,-1.8264061212539673,0.9244520664215088,-0.03246269375085831,0.03498123958706856,-1.4642147143689678e-05,0.9999846482295391,0.0032769010789523347,0.004468222260739606
228.0,-0.23911695182323456,-0.7085961103439331,1.6933811902999878,0.5805891156196594,1.5651673078536987,-1.809911847114563,0.9212685823440552,-0.016807325184345245,0.03498464077711105,-6.90577371291954e-06,0.9999923643798787,0.002092324579083043,0.003300501796102749
229.0,-0.22193282842636108,-0.6944853663444519,1.6585047245025635,0.6063769459724426,1.5698761940002441,-1.7927292585372925,0.9403733015060425,-0.00599577696993947,0.03498794510960579,-1.19961284644245e-07,0.999999874162346,0.0004047752027915655,0.0002963651683651564
230.0,-0.20299911499023438,-0.6915673613548279,1.6507534980773926,0.610706090927124,1.571677565574646,-1.773795485496521,0.9447415471076965,0.010614756494760513,0.0349879115819931,1.850057238058386e-07,0.9999998007538135,-0.000522703147137501,0.0003539402762125742
231.0,-0.18795250356197357,-0.6925455927848816,1.6527938842773438,0.6083493232727051,1.5730208158493042,-1.758749008178711,0.9434813261032104,0.02480616420507431,0.034987468272447586,1.1321271025575673e-06,0.9999987771669261,-0.0012980792997816864,0.0008721545174199542
232.0,-0.17366313934326172,-0.6933954358100891,1.6542972326278687,0.6058538556098938,1.574529767036438,-1.7444597482681274,0.9424258470535278,0.03815464302897453,0.03498634323477745,3.647767641660015e-06,0.9999962168644247,-0.0021877085277940364,0.0016673856572535152
233.0,-0.16776645183563232,-0.6837866306304932,1.6301268339157104,0.6220269203186035,1.57423734664917,-1.7385635375976562,0.9556673169136047,0.04147344455122948,0.03498750180006027,1.7287398805680096e-06,0.9999977822774193,-0.0018991767152662003,0.0009102554910785087
234.0,-0.16340883076190948,-0.7017024755477905,1.6737568378448486,0.5891547203063965,1.5769766569137573,-1.7342023849487305,0.9316372871398926,0.04913986101746559,0.03498085215687752,1.6184605054975387e-05,0.9999837360966155,-0.0038287801387156257,0.004227022943245514
235.0,-0.16831499338150024,-0.7147475481033325,1.7021535634994507,0.5588704943656921,1.5791620016098022,-1.7390731573104858,0.9177529215812683,0.04662482813000679,0.03495107963681221,7.033380079737267e-05,0.9999161004267739,-0.006176883513405209,0.01138566074201997
236.0,-0.18157927691936493,-0.706851065158844,1.6872209310531616,0.5809299945831299,1.5754812955856323,-1.7523709535598755,0.9246407151222229,0.033859267830848694,0.03498183190822601,1.3427185761597106e-05,0.9999859833403799,-0.0031613895586401685,0.004247182424031332
237.0,-0.19541482627391815,-0.7015628814697266,1.6755348443984985,0.592840850353241,1.5731600522994995,-1.7662105560302734,0.9309359788894653,0.020257750526070595,0.03498681262135506,2.6660812758008435e-06,0.999997318038035,-0.0015461326258108439,0.0017243501768440417
238.0,-0.20552420616149902,-0.7094704508781433,1.6958198547363281,0.5794132351875305,1.572688102722168,-1.7763187885284424,0.9196069240570068,0.013314601965248585,0.03498641029000282,3.2691921554380325e-06,0.9999963853099485,-0.0014396130405012091,0.0022708744225408924
239.0,-0.189993754029274,-0.7227915525436401,1.719319224357605,0.5393308997154236,1.576188325881958,-1.7606862783432007,0.9103133678436279,0.02877053990960121,0.03491927310824394,9.896993918140599e-05,0.999843786216442,-0.005945066626593644,0.01664480555988313
240.0,-0.1739109754562378,-0.7382248044013977,1.7455452680587769,0.48440173268318176,1.5846977233886719,-1.744223952293396,0.9013264775276184,0.04355042055249214,0.03397320583462715,0.0005162257955855343,0.9991942800609168,-0.0136706781683735,0.037731111339195704
241.0,-0.1530953049659729,-0.7563925981521606,1.7691805362701416,0.40306317806243896,1.6296601295471191,0.3602059483528137,0.8981563448905945,0.0556059293448925,0.03295644372701645,0.8616257611618836,0.500754856923325,0.041574133679830906,0.07153469353171767
242.0,-0.11732113361358643,-0.7624022364616394,1.776803731918335,0.35638707876205444,1.6869779825210571,0.5194491147994995,0.8979191184043884,0.0785500630736351,0.031009459868073463,0.8895668546945571,0.4420404712925592,0.051264350031795976,0.10316491256285924
243.0,-0.19412802159786224,-0.8049300312995911,1.8651045560836792,0.22148503363132477,1.5842061042785645,0.04504711180925369,0.8674436211585999,0.0321962796151638,0.028564434498548508,0.7787917447648498,0.610479742362969,0.08897026048374594,0.11349975859013428
244.0,-0.2549644708633423,-0.7945045232772827,1.8497490882873535,0.2793191373348236,1.4939241409301758,-0.3088121712207794,0.8707279562950134,-0.0069832527078688145,0.03051271103322506,0.6792308684059181,0.7234107628324067,0.0902401547427676,0.08472903926505473
245.0,-0.26393231749534607,-0.7643023729324341,1.794068694114685,0.39701545238494873,1.4966262578964233,-0.4723954498767853,0.8875460028648376,-0.01979331113398075,0.03306175023317337,0.6255638761832558,0.7759724890483759,0.0629425180432264,0.05074221592546322
246.0,-0.24786272644996643,-0.7464125156402588,1.7640985250473022,0.46584269404411316,1.5391494035720825,-1.8177070617675781,0.8942899703979492,-0.013942241668701172,0.034039247781038284,-0.00021470449372949598,0.9989233417188188,0.004646547760621389,0.04615756563334843
247.0,-0.22964799404144287,-0.7503379583358765,1.7668392658233643,0.448535680770874,1.5459859371185303,-1.7991383075714111,0.8956719636917114,0.0009671607404015958,0.03428599610924721,-3.6457698347599837e-06,0.9985255750288862,6.706293681219364e-05,0.05428325250483294
248.0,-0.21392129361629486,-0.751406729221344,1.7744206190109253,0.4497802257537842,1.555798888206482,-1.7836793661117554,0.889376163482666,0.014843649230897427,0.03355245664715767,0.00015119981184507142,0.9987716604004786,-0.0030535491189914474,0.04945526622379135
249.0,-0.2056896984577179,-0.7593372464179993,1.7806848287582397,0.4123527705669403,1.5705845355987549,-1.7746081352233887,0.8917648196220398,0.019303422421216965,0.03366830572485924,0.0009295027978156749,0.9976510684454184,-0.013823039576488796,0.06708505967151833
250.0,-0.2903174161911011,-0.7632173895835876,1.7935905456542969,0.3956933915615082,1.4618383646011353,-0.6409973502159119,0.8885536789894104,-0.03817259520292282,0.032547347247600555,0.5673411640881277,0.8185123295370257,0.07424917230297481,0.05146484566500453
251.0,-0.2813454568386078,-0.7361026406288147,1.74575936794281,0.4956579804420471,1.5223429203033447,-1.851638674736023,0.9010977745056152,-0.043422214686870575,0.03388518840074539,-0.0005416297041310633,0.9991709413817731,0.01418287117574541,0.03815734137406907
252.0,-0.30119577050209045,-0.728468656539917,1.7260960340499878,0.5083437561988831,1.4812198877334595,-1.8720229864120483,0.9130681157112122,-0.05871289223432541,0.03423527628183365,-0.0014663662420218984,0.9984724386821617,0.03313022320405604,0.04419306815090409
253.0,-0.3236076831817627,-0.7596543431282043,1.789899230003357,0.3960800766944885,1.4092704057693481,-0.835435152053833,0.8912392258644104,-0.06074193865060806,0.03148939087986946,0.4971039028253743,0.8609518594471971,0.09347145648642714,0.053969364759098255
254.0,-0.37647053599357605,-0.7671395540237427,1.8214269876480103,0.32589438557624817,1.2784031629562378,-0.9808887243270874,0.8825779557228088,-0.08494404703378677,0.025699669495224953,0.4452872627316355,0.8785362923414788,0.1542184767912809,0.07816583719268091
255.0,-0.3938784897327423,-0.7501335740089417,1.79384446144104,0.37226632237434387,1.2460325956344604,-1.1158974170684814,0.8923420906066895,-0.09986905008554459,0.025108955800533295,0.3937369995138222,0.9017574955255819,0.16343805319128166,0.07136243582114081
256.0,-0.36822274327278137,-0.721589982509613,1.7220460176467896,0.49508562684059143,1.340559482574463,-1.251699686050415,0.918201208114624,-0.10107655078172684,0.030579913407564163,0.33039966909898405,0.9360899729418095,0.11383059230048685,0.040177325366489096
257.0,-0.3501121997833252,-0.6982297301292419,1.668197512626648,0.5714913010597229,1.3994029760360718,-1.4004056453704834,0.9397695064544678,-0.10116446763277054,0.03272014111280441,0.2551384718289444,0.962998652023419,0.08392580914658108,0.02223544361960145
258.0,-0.31882473826408386,-0.6984222531318665,1.6632720232009888,0.5831505060195923,1.5069323778152466,-1.8900082111358643,0.9391991496086121,-0.08797890692949295,0.03403355926275253,-0.0005573256908379367,0.9994252046615292,0.026740752783939784,0.02082982995329644
259.0,-0.3137770891189575,-0.6841805577278137,1.63032066822052,0.6156786680221558,1.5269889831542969,-1.8848059177398682,0.9546559453010559,-0.09136132895946503,0.034445732831954956,-0.00021455951280794025,0.9997500336118335,0.019445913885288418,0.011030897085875511
260.0,-0.3510652780532837,-0.6627113223075867,1.5953426361083984,0.6602888703346252,1.4029042720794678,-1.702447772026062,0.9709997773170471,-0.11410032957792282,0.03279723972082138,0.11001666417517285,0.9903258549877575,0.08404675723284984,0.009336870202411146
261.0,-0.3448539674282074,-0.6396032571792603,1.5498921871185303,0.7217864990234375,1.4204859733581543,-1.9596673250198364,0.9889693856239319,-0.11712004989385605,0.03284936398267746,-0.019634707209986762,0.9965183909552074,0.08101251051944607,-0.0015962143212222707
262.0,-0.38390639424324036,-0.5929698944091797,1.4985088109970093,0.8431949019432068,1.3020195960998535,-2.1660754680633545,1.000710368156433,-0.14326520264148712,0.026482626795768738,-0.09228687550523375,0.9828124073337211,0.15918378458426835,-0.014947485601492226
263.0,-0.37298306822776794,-0.5470927357673645,1.4271373748779297,0.9714404940605164,1.3298394680023193,-2.450176239013672,1.02337646484375,-0.14506648480892181,0.02321058139204979,-0.2299645381938313,0.9558603914419723,0.17781226512691375,-0.04277875192351565
264.0,-0.31047478318214417,-0.580174446105957,1.448502779006958,0.8928726315498352,1.5134166479110718,-2.8523921966552734,1.022192358970642,-0.10758578777313232,0.03152860701084137,-0.4619879147430635,0.8813189120441882,0.08787599169873463,-0.04606465008624908
265.0,-0.2761898636817932,-0.5854556560516357,1.448901653289795,0.8666374683380127,1.615722894668579,2.868988513946533,1.0248701572418213,-0.08876781910657883,0.03182270750403404,0.7046888828063651,-0.7046884085455134,-0.05842867752880558,0.0584287168517656
266.0,-0.2534818947315216,-0.5635095238685608,1.4189894199371338,0.9289339780807495,1.6256605386734009,2.893991708755493,1.0340481996536255,-0.0689801350235939,0.029862668365240097,0.7028168039686233,-0.7028147066764666,-0.0777817203157971,0.07778195242674797
267.0,-0.23970501124858856,-0.5844526290893555,1.4512505531311035,0.8770551681518555,1.612857699394226,2.9055299758911133,1.024504542350769,-0.05015606805682182,0.03201315551996231,0.7043090688618799,-0.7043043542222448,-0.0628651701351957,0.06286559095699008
268.0,-0.22256487607955933,-0.5644207000732422,1.4221506118774414,0.929216206073761,1.6192984580993652,2.9242799282073975,1.0339864492416382,-0.03559272736310959,0.02988029085099697,0.702780872893484,-0.7027730380690614,-0.07813118950378278,0.07813206054481277
269.0,-0.21577414870262146,-0.5405757427215576,1.3809069395065308,0.9720289707183838,1.6221892833709717,2.936032772064209,1.05111825466156,-0.03273380175232887,0.02561422623693943,-0.7003308748072277,0.7031203329389143,0.0872316468602018,-0.08688557409415436
270.0,-0.20417776703834534,-0.5463038682937622,1.3924825191497803,0.9658623337745667,1.6196402311325073,2.9456934928894043,1.045920729637146,-0.019001374021172523,0.026926495134830475,-0.7009351108933711,0.702589217334933,0.0868730571185891,-0.08666852916978643
271.0,-0.19377654790878296,-0.5507663488388062,1.401451826095581,0.9611170291900635,1.6173715591430664,2.9543821811676025,1.0417653322219849,-0.0069222464226186275,0.02797560580074787,-0.7014667886761918,0.7021160592298517,0.08657724973082485,-0.0864971883063304
272.0,-0.17793884873390198,-0.5466164946556091,1.3933804035186768,0.9660941958427429,1.6141234636306763,2.9679322242736816,1.0456585884094238,0.009381860494613647,0.02699255384504795,0.7021197984301181,-0.7014236501117956,-0.08665373460280665,0.08673973712020402
273.0,-0.17326682806015015,-0.5339823961257935,1.367980718612671,0.9790792465209961,1.6136467456817627,2.9699628353118896,1.0579347610473633,0.012183425948023796,0.02389856055378914,0.703021126479644,-0.7005086211415654,-0.08658835984563855,0.08689892616642107
274.0,-0.16386684775352478,-0.5251025557518005,1.349792718887329,0.9876176118850708,1.6133453845977783,2.9705917835235596,1.066615343093872,0.020712412893772125,0.021723944693803787,0.7061030978916941,-0.6974724371121597,-0.08592659133595706,0.08698985870755638
275.0,-0.15145176649093628,-0.5234485268592834,1.346580147743225,0.9902122020721436,1.6123994588851929,2.9750490188598633,1.0677117109298706,0.03388097137212753,0.021453844383358955,0.7088026879103189,-0.6946534466145222,-0.08588306773508772,0.087632399225874
276.0,-0.13928107917308807,-0.5234537124633789,1.3466676473617554,0.9911442399024963,1.6119945049285889,2.977342367172241,1.0670708417892456,0.04695694148540497,0.02160884626209736,0.7121738583660778,-0.6911144840769974,-0.08577288362954011,0.08838652495054411
277.0,-0.12744927406311035,-0.5165280103683472,1.3326505422592163,0.9992779493331909,1.609514594078064,2.987736940383911,1.0730592012405396,0.059116050601005554,0.02013976499438286,0.71254439787025,-0.690676141967282,-0.08594136334348275,0.08866245004271715
278.0,-0.13786904513835907,-0.5053207874298096,1.310873031616211,1.012427568435669,1.6110941171646118,2.9832777976989746,1.0835121870040894,0.046313200145959854,0.017523813992738724,0.7104442075289044,-0.692587996384723,-0.0871610929124645,0.08940827218287314
279.0,-0.1398981511592865,-0.4925159811973572,1.2852072715759277,1.0263832807540894,1.6112525463104248,2.983384370803833,1.0953621864318848,0.042434100061655045,0.014578243717551231,0.7096694431239203,-0.6932828936660617,-0.08763775052901751,0.0897091719302493
280.0,-0.14959083497524261,-0.5025423169136047,1.3048769235610962,1.0134527683258057,1.6118615865707397,2.9788389205932617,1.087017297744751,0.03303225710988045,0.01663699746131897,0.7080253033227011,-0.6952416741629119,-0.08677479457020447,0.0883703535652513
281.0,-0.1612698882818222,-0.5073550343513489,1.3143140077590942,1.0072213411331177,1.612792730331421,2.974095106124878,1.0831059217453003,0.020876534283161163,0.017628775909543037,0.7057010513494895,-0.6977264371926566,-0.0865780614513333,0.0875675981285113
282.0,-0.167100727558136,-0.48825398087501526,1.2763499021530151,1.0289546251296997,1.6133908033370972,2.973778247833252,1.1003327369689941,0.011579008772969246,0.013317651115357876,0.7036935072862377,-0.699493951897345,-0.08783717536945508,0.08836452730221554
283.0,-0.1794399917125702,-0.49549198150634766,1.2900450229644775,1.0186235904693604,1.6140085458755493,2.968615770339966,1.0946067571640015,-0.0010462262434884906,0.014770474284887314,-0.7013380560147909,0.7021798396640934,0.08685182663872341,-0.0867477040861569
284.0,-0.18820935487747192,-0.508141279220581,1.3154878616333008,1.0049673318862915,1.6149535179138184,2.9642696380615234,1.0828964710235596,-0.008572746999561787,0.01768193580210209,-0.699846651174577,0.7037254380766671,0.0867986038290281,-0.0863201889297324
285.0,-0.20100007951259613,-0.5173834562301636,1.3340094089508057,0.9952459335327148,1.6165837049484253,2.957528829574585,1.074061393737793,-0.020919373258948326,0.019897865131497383,-0.6977869943283648,0.7057799333091892,0.08700134641217021,-0.08601605667974253
286.0,-0.20991533994674683,-0.5099064707756042,1.3195990324020386,1.0053941011428833,1.6170426607131958,2.958214521408081,1.0801552534103394,-0.03191341832280159,0.018375739455223083,-0.6942976998327061,0.7089334189553672,0.0885566820489378,-0.0867284587649918
287.0,-0.22147463262081146,-0.5189896821975708,1.3371697664260864,0.9942625761032104,1.6187652349472046,2.9494380950927734,1.0718008279800415,-0.042887132614851,0.02045055292546749,-0.6934608471233344,0.7099480839230808,0.08786403559203292,-0.08582355673365874
288.0,-0.2342432290315628,-0.5178346037864685,1.3349310159683228,0.9966996908187866,1.6196058988571167,2.947261333465576,1.072030782699585,-0.05690828338265419,0.02039121650159359,-0.689676062494934,0.713497880209665,0.0888424369512319,-0.08587621995852686
289.0,-0.22923347353935242,-0.5035399198532104,1.30709969997406,1.0143228769302368,1.6196130514144897,2.950497627258301,1.0846858024597168,-0.05442759394645691,0.017224805429577827,-0.6901712360141433,0.7126715152491704,0.09019005772158421,-0.0873426002551944
290.0,-0.23299643397331238,-0.49091023206710815,1.2819674015045166,1.029399037361145,1.6203954219818115,2.9495468139648438,1.095565676689148,-0.06126502528786659,0.014521949924528599,-0.6891090836281947,0.713464147635518,0.09125915682650915,-0.0881439004988323
291.0,-0.24248866736888885,-0.5059357285499573,1.3118431568145752,1.0127668380737305,1.6196345090866089,2.9510364532470703,1.0816173553466797,-0.0682465210556984,0.017998695373535156,-0.6852136881551327,0.7173715094038458,0.0910692402291639,-0.08698685271103386
292.0,-0.2580735385417938,-0.5173385143280029,1.3336756229400635,0.9989821910858154,1.6218132972717285,2.9399936199188232,1.0707184076309204,-0.08288022130727768,0.02070700190961361,-0.6837725780671873,0.7189925808131782,0.09022973641412545,-0.08580981811887894
293.0,-0.2509787082672119,-0.5292762517929077,1.3571218252182007,0.9837322235107422,1.6260501146316528,2.920363426208496,1.0605964660644531,-0.07321659475564957,0.023228399455547333,-0.6935860524472919,0.7097699012750366,0.08807611164033458,-0.08606784331518197
294.0,-0.23422127962112427,-0.5389806628227234,1.3772284984588623,0.9735888242721558,1.626090168952942,2.920447587966919,1.052046537399292,-0.05314340442419052,0.025379745289683342,-0.6994719061607574,0.7039474853554777,0.08744689095214332,-0.08689091791631759
295.0,-0.21523608267307281,-0.49727416038513184,1.2943553924560547,1.0197865962982178,1.6180781126022339,2.955585479736328,1.0913398265838623,-0.04030921682715416,0.015567953698337078,-0.6933189731553073,0.7097219667506011,0.08935413999933844,-0.08728899724196523
296.0,-0.20387981832027435,-0.47850245237350464,1.2588456869125366,1.0460041761398315,1.6158287525177002,2.9709622859954834,1.1066761016845703,-0.030650023370981216,0.01168068777769804,-0.6914736257875382,0.7107291030677452,0.09270307278868842,-0.09019150286079841
297.0,-0.21855846047401428,-0.46441999077796936,1.2367870807647705,1.0792343616485596,1.610234260559082,3.005735397338867,1.1130183935165405,-0.04754221811890602,0.009888343513011932,-0.672506618342938,0.7264830314646706,0.10367006012792451,-0.0959675565590842
298.0,-0.23479148745536804,-0.4292282462120056,1.1881192922592163,1.171847939491272,1.5830613374710083,3.1090145111083984,1.1250042915344238,-0.06438007205724716,0.005314400885254145,-0.62275351931887,0.76164386146809,0.1386520175110536,-0.11336798712182078
299.0,-0.2480938732624054,-0.43323197960853577,1.1984516382217407,1.170281171798706,1.5752568244934082,3.1299097537994385,1.1194504499435425,-0.07693225145339966,0.006073850207030773,-0.6088397635390642,0.7722849940821194,0.14242026850024883,-0.11227865945759317
300.0,-0.2748851776123047,-0.4117427468299866,1.1822917461395264,1.2460660934448242,1.4934167861938477,-2.9812302589416504,1.1191515922546387,-0.09439469873905182,0.00360538880340755,-0.5168502552682158,0.8262232419194786,0.18998908719473698,-0.11884912657717649
301.0,-0.2891576290130615,-0.42477816343307495,1.2083394527435303,1.2278486490249634,1.4781914949417114,-2.947938919067383,1.108044981956482,-0.10504593700170517,0.0062006618827581406,-0.4958511027514982,0.8393086337680841,0.19192695008718252,-0.1133875963794417
302.0,-0.3035285770893097,-0.3622177243232727,1.130319595336914,1.3676468133926392,1.4211217164993286,-2.910546064376831,1.1299723386764526,-0.11917582154273987,-0.008112633600831032,-0.4561759795907601,0.8423116878493799,0.25243603986732277,-0.13671335681945185
303.0,-0.33036670088768005,-0.37948915362358093,1.170953631401062,1.3405488729476929,1.369361162185669,-2.8334648609161377,1.113349199295044,-0.13667872548103333,-0.005968654062598944,-0.40480865119186715,0.8665304139947658,0.2645414392529239,-0.12358326933801521
304.0,-0.3371323347091675,-0.42561817169189453,1.236336350440979,1.2434290647506714,1.378340721130371,-2.792140007019043,1.091410517692566,-0.13829104602336884,0.003990239463746548,-0.39270416997044727,0.8833634408884455,0.23377697060590397,-0.10392686949905808
305.0,-0.3217097222805023,-0.4714305102825165,1.2927602529525757,1.145111083984375,1.434174656867981,-2.82637619972229,1.074385166168213,-0.12405825406312943,0.014681782573461533,-0.42836384698652025,0.879533629486519,0.1862664616522796,-0.09071832483418082
306.0,-0.30485042929649353,-0.5260452628135681,1.367239236831665,1.0231112241744995,1.5174751281738281,-2.9670493602752686,1.0492411851882935,-0.11081622540950775,0.02451937459409237,-0.5099242909274394,0.8472982257480445,0.1272660228314097,-0.0765917332291109
307.0,-0.280971884727478,-0.4999028742313385,1.311524748802185,1.0470322370529175,1.5750421285629272,3.127253770828247,1.0754729509353638,-0.10186711698770523,0.018164267763495445,-0.6008082828173167,0.7864173298510623,0.11398849253698519,-0.08708509733116492
308.0,-0.26909181475639343,-0.48533427715301514,1.2833423614501953,1.0662950277328491,1.5838046073913574,3.0985803604125977,1.0883122682571411,-0.09371402859687805,0.015099724754691124,-0.616869101276787,0.7733366766332287,0.11442217042778596,-0.09127137217351892
309.0,-0.25364258885383606,-0.4833126962184906,1.2748866081237793,1.0583040714263916,1.6002196073532104,3.0392885208129883,1.0944722890853882,-0.08076108247041702,0.014060375280678272,-0.6467766030494038,0.7497508975913785,0.10588114540689847,-0.09133893121839924
310.0,-0.19324590265750885,-0.43621861934661865,1.190377950668335,1.1367052793502808,1.6100190877914429,3.023838996887207,1.1293977499008179,-0.022362379357218742,0.0053543043322861195,-0.6733931957841489,0.7216533432963269,0.1173415304058183,-0.10949438900174384
311.0,-0.18670183420181274,-0.39031195640563965,1.1206356287002563,1.2382968664169312,1.6172082424163818,3.0316336154937744,1.1497308015823364,-0.019916865974664688,-0.002234498504549265,-0.6692475908860106,0.7159359909527977,0.1452686420567941,-0.13579521562515245
312.0,-0.17004604637622833,-0.37705016136169434,1.0999327898025513,1.2649699449539185,1.63343346118927,3.0012357234954834,1.1558163166046143,-0.004317036364227533,-0.004669941030442715,-0.6857605607021832,0.697121669612319,0.14911858501914962,-0.146688372900673
313.0,-0.20937879383563995,-0.3811975121498108,1.1110159158706665,1.2647939920425415,1.595418095588684,3.0870776176452637,1.1507905721664429,-0.04293081536889076,-0.0039524780586361885,-0.6376628575190578,0.7409528211975798,0.15966729558239623,-0.13740943061297123
314.0,-0.1924801766872406,-0.2919580340385437,0.9916807413101196,1.4829834699630737,1.6025878190994263,3.0963292121887207,1.1800230741500854,-0.030193351209163666,-0.019610993564128876,-0.6264022673989159,0.7188112375244645,0.227337654893125,-0.19811157178150707
315.0,-0.21251513063907623,-0.28192418813705444,0.9824485182762146,1.5090171098709106,1.56951105594635,-3.139861822128296,1.181403398513794,-0.04908650368452072,-0.022527411580085754,-0.5955651233809012,0.7394079394027884,0.24451766959318227,-0.19694972002298894
316.0,-0.16962651908397675,-0.2829218804836273,0.9764535427093506,1.4984188079833984,1.642067790031433,3.0424139499664307,1.1842803955078125,-0.010055575519800186,-0.021339306607842445,-0.6567021105470888,0.6887043706856426,0.22239413791412152,-0.21206007456125867
317.0,-0.15129415690898895,-0.25591838359832764,0.9410455226898193,1.5599169731140137,1.6785972118377686,3.0077710151672363,1.1923089027404785,0.004750813823193312,-0.026982372626662254,0.6731983867472064,-0.6596400481257616,-0.2338878570004917,0.23869522269479784
318.0,-0.14614170789718628,-0.31352710723876953,1.0174977779388428,1.4295614957809448,1.6803808212280273,2.9699149131774902,1.1733489036560059,0.013402306474745274,-0.014233414083719254,0.6975007139066455,-0.658677020612327,-0.19375431637356344,0.2051745634907046
319.0,-0.12697505950927734,-0.2996603548526764,0.9988270998001099,1.4557543992996216,1.7144782543182373,2.928290367126465,1.1774989366531372,0.03003632463514805,-0.01775899901986122,0.7179005886057859,-0.6304112117857182,-0.19484782905876896,0.22188909942900148
320.0,-0.1282745897769928,-0.38222211599349976,1.108749270439148,1.2525477409362793,1.6731027364730835,2.9097506999969482,1.1516939401626587,0.03822746500372887,-0.003877768525853753,0.7333252631436558,-0.6470992158388149,-0.13799253768712513,0.15638005895492615
321.0,-0.10754043608903885,-0.38437479734420776,1.1153162717819214,1.251139760017395,1.6980162858963013,2.858509063720703,1.1473681926727295,0.05861067771911621,-0.003529945155605674,0.7570428376380853,-0.6176457690062439,-0.1346963774370482,0.16509612931530934
322.0,-0.09202650934457779,-0.3904586434364319,1.1291358470916748,1.2449922561645508,1.7121374607086182,2.8304522037506104,1.1403818130493164,0.07478274405002594,-0.0022603983525186777,0.7707637634916957,-0.5994514514564356,-0.1325004589930224,0.1703666827801972
323.0,-0.0892876386642456,-0.4052814245223999,1.1546320915222168,1.2230631113052368,1.7428432703018188,2.7584116458892822,1.130731225013733,0.07405268400907516,0.0021493060048669577,0.7941866316841187,-0.5680564458198895,-0.12555860983743208,0.17554060473975935
324.0,-0.0660749152302742,-0.3803700804710388,1.125050663948059,1.2791578769683838,1.7972228527069092,2.7094998359680176,1.135688066482544,0.09157408773899078,-0.0030041744466871023,0.8121703433630051,-0.5276969932501725,-0.13556958390569065,0.20865307233775401
325.0,-0.058301255106925964,-0.40528470277786255,1.1645598411560059,1.2274882793426514,1.8031270503997803,2.6611125469207764,1.1220804452896118,0.10026170313358307,0.0015546913491562009,0.8289398692918855,-0.5078714673258182,-0.12243534719487507,0.19983706245825086
326.0,-0.0598415769636631,-0.42976680397987366,1.202414631843567,1.1828010082244873,1.7855992317199707,2.656934976577759,1.1092634201049805,0.10195223987102509,0.006839829031378031,0.831146643447273,-0.5118677026849829,-0.1139104833282801,0.18496246598228333
327.0,-0.03903753682971001,-0.43462592363357544,1.2175408601760864,1.1723836660385132,1.832565426826477,2.5725977420806885,1.100281834602356,0.11821743100881577,0.006867606658488512,0.8567418384778787,-0.4622732623927018,-0.1085926446788258,0.20125727465115642
328.0,-0.009165840223431587,-0.43470585346221924,1.231029748916626,1.1661367416381836,1.9089124202728271,2.4649219512939453,1.0899620056152344,0.13983267545700073,0.0047264969907701015,0.8842399861370692,-0.39254492282981385,-0.1026699551881046,0.23127258976913775
329.0,0.00935275387018919,-0.44719845056533813,1.260600209236145,1.1331688165664673,1.9614768028259277,2.3738667964935303,1.0759496688842773,0.15230943262577057,0.0053138029761612415,0.9028303523148243,-0.33906211725871355,-0.09297525182280894,0.2475678455042452
330.0,0.016016885638237,-0.4763018488883972,1.3088459968566895,1.068608045578003,1.9755208492279053,2.287288188934326,1.0573923587799072,0.15719753503799438,0.01005219854414463,0.9189401154588257,-0.30050331314381457,-0.07939268252110174,0.24278308209637356
331.0,0.04040500149130821,-0.3928353488445282,1.2048343420028687,1.2323582172393799,2.081763982772827,2.3795878887176514,1.088605523109436,0.16965559124946594,-0.00963940192013979,0.8941991708632233,-0.2975683846392425,-0.10560523786487606,0.3173459201348254
332.0,0.04711852967739105,-0.32871168851852417,1.1273280382156372,1.3767515420913696,2.1327171325683594,2.4846479892730713,1.1121408939361572,0.17136026918888092,-0.024341534823179245,0.8670986966654363,-0.3102535348758494,-0.13129335474711587,0.366939571779046
333.0,0.024450456723570824,-0.29488518834114075,1.0640298128128052,1.4631720781326294,2.0760767459869385,2.5853402614593506,1.1362974643707275,0.15413694083690643,-0.028679832816123962,0.844396026641747,-0.3636261896993889,-0.15560134512517437,0.3613302723984952
334.0,0.0017699887976050377,-0.3725827634334564,1.1477259397506714,1.2924957275390625,1.9673510789871216,2.5226266384124756,1.1152526140213013,0.14337694644927979,-0.00905731599777937,0.8672425035724008,-0.3915691153820352,-0.12654431526517976,0.28026880695231066
335.0,-0.02156195603311062,-0.34125569462776184,1.090073585510254,1.3627655506134033,1.9176199436187744,2.626511573791504,1.1377264261245728,0.12405066937208176,-0.013689595274627209,0.8384533531837111,-0.447352960998843,-0.14651194991726973,0.2746007125846512
336.0,-0.07828584313392639,-0.33438554406166077,1.0570882558822632,1.3819419145584106,1.7949702739715576,2.781874179840088,1.1566342115402222,0.07647755742073059,-0.011220257729291916,0.7838769965950981,-0.5524439773626727,-0.16328558999456566,0.23169014261484175
337.0,-0.12775717675685883,-0.4212069511413574,1.1683125495910645,1.1715213060379028,1.6620291471481323,2.895411491394043,1.1338363885879517,0.04282933846116066,0.0034168593119829893,0.7409064526384057,-0.6474256239283092,-0.11751921033812408,0.13448763928821586
338.0,-0.15297693014144897,-0.43742111325263977,1.1908392906188965,1.130110740661621,1.6341062784194946,2.948366641998291,1.129509687423706,0.01934797503054142,0.005406028591096401,0.7154515240680713,-0.6803853377689616,-0.10940592672299133,0.11504456551951392
339.0,-0.16916817426681519,-0.46790611743927,1.2366663217544556,1.0546525716781616,1.6159954071044922,2.968306541442871,1.117307186126709,0.006001241505146027,0.009018059819936752,0.7047458506594783,-0.6978321674983584,-0.09000620613917622,0.09089793638594808
340.0,-0.18002992868423462,-0.47904372215270996,1.2575817108154297,1.0380134582519531,1.6138484477996826,2.971658706665039,1.1089003086090088,-0.004268481861799955,0.011131246574223042,-0.6999368895152644,0.7032893600588295,0.08816563268856438,-0.08774535848900313
341.0,-0.1919822096824646,-0.5260642170906067,1.351473331451416,0.985641598701477,1.6156799793243408,2.9604527950286865,1.0660628080368042,-0.009508100338280201,0.021860145032405853,-0.6999309370711326,0.7037373974084453,0.08640283388723811,-0.08593549392287367
342.0,-0.1652631014585495,-0.5450857281684875,1.3903872966766357,0.96819007396698,1.6114872694015503,2.9787352085113525,1.0469114780426025,0.022804483771324158,0.026676051318645477,0.7026605484493937,-0.7008660883322284,-0.08664982103544261,0.08687167773908959
343.0,-0.15415020287036896,-0.542414128780365,1.385074496269226,0.971542477607727,1.6093165874481201,2.9877395629882812,1.0491619110107422,0.034376632422208786,0.02610768936574459,0.703295657372828,-0.7001975027159751,-0.08669491706304663,0.08707850978436153
344.0,-0.14036312699317932,-0.5477054119110107,1.3953874111175537,0.9662129878997803,1.6062040328979492,2.9998090267181396,1.0436331033706665,0.05002261698246002,0.027503304183483124,0.7037946992745601,-0.6997622570078852,-0.08637008254967987,0.086867794841492
345.0,-0.15158051252365112,-0.5633759498596191,1.42105233669281,0.9332854151725769,1.605267882347107,2.988790512084961,1.0342587232589722,0.039966557174921036,0.0298155490309,0.7044894411964554,-0.7009532188373447,-0.07841243396292083,0.0788080100261524
346.0,-0.1644296646118164,-0.5743560194969177,1.4380531311035156,0.9069555401802063,1.6045005321502686,2.976742744445801,1.0287501811981201,0.027779290452599525,0.031108640134334564,0.7048156390004804,-0.7021425473333679,-0.07138586636133366,0.07165763272949825
347.0,-0.19239456951618195,-0.5824605226516724,1.4505903720855713,0.8871781826019287,1.6065245866775513,2.952486038208008,1.0247248411178589,-0.0004575929488055408,0.03202467039227486,0.7039946705016614,-0.7039821030350575,-0.0663345513406553,0.0663357355429845
348.0,-0.206900492310524,-0.6011626720428467,1.478461742401123,0.8380375504493713,1.6010234355926514,2.93686580657959,1.0158995389938354,-0.012626309879124165,0.03379122167825699,0.7051860810297261,-0.7051756425118955,-0.0521527746389588,0.05215354664191336
349.0,-0.17967957258224487,-0.6218114495277405,1.5103175640106201,0.7777805328369141,1.5881145000457764,-1.7496484518051147,1.006425380706787,0.018767455592751503,0.03447045013308525,-3.5781687981151454e-08,0.9988230551972772,-7.368585784246866e-07,-0.04850262266963114
350.0,-0.13473738729953766,-0.6343613862991333,1.5265156030654907,0.7347174882888794,1.5783942937850952,-1.7053205966949463,1.001956820487976,0.06583135575056076,0.03481193631887436,-8.484408975328003e-09,0.9995997624048842,-2.9979009185434525e-07,-0.028289839165484203
351.0,-0.1178286001086235,-0.6121455430984497,1.4903759956359863,0.797954261302948,1.583433985710144,-1.687968134880066,1.012607216835022,0.0805705264210701,0.034137241542339325,-4.895472290632731e-06,0.9985921025017876,-9.215857587585337e-05,-0.0530453042586288
352.0,-0.10556605458259583,-0.6204807162284851,1.5016710758209229,0.771839439868927,1.579500675201416,-1.6760042905807495,1.0090171098709106,0.0938592255115509,0.034612126648426056,-1.8278324342482894e-08,0.9991453805206991,-4.4183130454388753e-07,-0.041334109207188996
353.0,-0.07373754680156708,-0.599647581577301,1.4699862003326416,0.823163628578186,1.6878780126571655,2.3833022117614746,1.0151987075805664,0.10847988724708557,0.03305213525891304,0.9017112845091078,-0.42398103139337834,-0.03599704965140173,0.07655753930173474
354.0,-0.07127047330141068,-0.552262008190155,1.3999298810958862,0.9470771551132202,1.6958203315734863,2.640688419342041,1.0370750427246094,0.10818339139223099,0.028287585824728012,0.8384534727523346,-0.5298156517647347,-0.06818162501089226,0.1079000240293463
355.0,-0.09769751131534576,-0.5288169384002686,1.3576762676239014,0.9901447296142578,1.6099262237548828,2.9884417057037354,1.0583913326263428,0.0921655148267746,0.023698175325989723,0.7223774662063555,-0.6800565691499041,-0.08587065996486483,0.09121452094127422
356.0,-0.10911064594984055,-0.5413340330123901,1.38227117061615,0.9749347567558289,1.6017582416534424,3.018441915512085,1.04789137840271,0.08260519057512283,0.026427406817674637,0.7079578358331662,-0.6954298829850174,-0.08631947995400929,0.08787450093362896
357.0,-0.1174977496266365,-0.5353365540504456,1.3706930875778198,0.9812984466552734,1.6051489114761353,3.005566358566284,1.0540385246276855,0.07263888418674469,0.024875640869140625,0.7096128063704169,-0.693633830290408,-0.08652420959087287,0.08851743142699786
358.0,-0.12382888793945312,-0.5617150068283081,1.4175024032592773,0.9366830587387085,1.6001137495040894,3.012255907058716,1.034461259841919,0.06923804432153702,0.029766669496893883,0.7057681570005703,-0.6996049413484575,-0.07853371636706444,0.07922556404606516
359.0,-0.09184085577726364,-0.4987106919288635,1.3022379875183105,1.032590389251709,1.639559268951416,2.893925189971924,1.0817184448242188,0.09157784283161163,0.017286887392401695,0.7558310663695602,-0.6403774343820317,-0.08824680352013502,0.10415681597197204
360.0,-0.07721039652824402,-0.5041417479515076,1.3150664567947388,1.0290279388427734,1.6646109819412231,2.814218044281006,1.0735161304473877,0.10405135154724121,0.018712271004915237,0.7856551060785477,-0.6021829673578608,-0.0862928944873125,0.11258447707294772
361.0,-0.1168925017118454,-0.48797422647476196,1.2773354053497314,1.0362523794174194,1.6136691570281982,2.9785122871398926,1.0968888998031616,0.06691709160804749,0.014105427078902721,0.7191004593591899,-0.682865001179436,-0.08869306852235045,0.09339945990047553
362.0,-0.1301104873418808,-0.4763215482234955,1.2556246519088745,1.0528019666671753,1.615761399269104,2.975064277648926,1.106693148612976,0.050908077508211136,0.01166299358010292,0.7155816084384043,-0.6859162438857879,-0.09144116196686408,0.09539592201173148
363.0,-0.10394942760467529,-0.4455372095108032,1.2109079360961914,1.1283690929412842,1.666090488433838,2.8645832538604736,1.116899847984314,0.07080843299627304,0.00782175362110138,0.7596808998829394,-0.6283998452328318,-0.10665236329722325,0.12893346449823437
364.0,-0.09366879612207413,-0.41647428274154663,1.1761236190795898,0.8542780876159668,1.5975282192230225,-1.664401650428772,1.1642475128173828,0.08836887031793594,-0.06405225396156311,-0.0002565075517465575,0.9996781795796442,-0.01128787690676942,-0.02271685081921348
365.0,-0.11567593365907669,-0.41057488322257996,1.160420298576355,0.861483633518219,1.5898456573486328,-1.686388611793518,1.1733179092407227,0.06306012719869614,-0.06396230310201645,-0.00015119818009876843,0.9997493007203168,-0.007120983314881604,-0.021227445559400062
366.0,-0.1311238408088684,-0.4141882061958313,1.168088436126709,0.8551455140113831,1.5862873792648315,-1.7018307447433472,1.171319842338562,0.04585525393486023,-0.06365368515253067,-0.000103435456927762,0.9997871425867833,-0.005178149994482618,-0.019971118694160264
367.0,-0.14284715056419373,-0.40676164627075195,1.1498804092407227,0.8653490543365479,1.5821828842163086,-1.7135438919067383,1.1797722578048706,0.03161049261689186,-0.06387101858854294,-5.747362688149816e-05,0.9998064129050176,-0.0029539600976622514,-0.019452699826116235
368.0,-0.15511780977249146,-0.4054050147533417,1.1467139720916748,0.8677670955657959,1.5796325206756592,-1.7258001565933228,1.181380033493042,0.01732553355395794,-0.06387702375650406,-2.7599570394844216e-05,0.9998070837720014,-0.0014085104602489429,-0.019591084091323995
369.0,-0.16751500964164734,-0.41688820719718933,1.1718506813049316,0.8454359173774719,1.5765626430511475,-1.7382372617721558,1.1722819805145264,0.0047186315059661865,-0.06352628767490387,-5.658087284336006e-06,0.999886311864942,-0.0003753139046095773,-0.01507389971384518
370.0,-0.17771783471107483,-0.40691420435905457,1.1503779888153076,0.8658431768417358,1.5760281085968018,-1.74838125705719,1.1799837350845337,-0.008543852716684341,-0.0638047307729721,1.6082640860394906e-05,0.9998112027692139,0.0008282818097282047,-0.019413204469393056
371.0,-0.19129455089569092,-0.4106021225452423,1.159078598022461,0.8600699305534363,1.5728869438171387,-1.7619553804397583,1.176287293434143,-0.023396849632263184,-0.06369766592979431,4.797522119522664e-05,0.9998213239516225,0.002561151877585626,-0.01872854428574438
372.0,-0.19360211491584778,-0.43846750259399414,1.2143878936767578,0.7878555059432983,1.5718166828155518,-1.7643941640853882,1.159672737121582,-0.022696658968925476,-0.06351228058338165,3.935441962444512e-06,0.9999937089689969,-0.001175979209878041,0.0033465026280644606
373.0,-0.2056235820055008,-0.43541842699050903,1.2067809104919434,0.7928534746170044,1.5722593069076538,-1.7764161825180054,1.1625958681106567,-0.03738947585225105,-0.0634479895234108,4.262799545046752e-06,0.9999943198782618,-0.0013878519329777361,0.0030714915030603017
374.0,-0.21900004148483276,-0.4382686913013458,1.2145720720291138,0.7902765274047852,1.5734386444091797,-1.7897957563400269,1.1581233739852905,-0.052262526005506516,-0.06342195719480515,3.094767417577826e-06,0.9999969049637639,-0.001747633140949033,0.0017708279759406208
375.0,-0.2123284637928009,-0.4169243574142456,1.1751878261566162,0.8523375988006592,1.5688629150390625,-1.7829654216766357,1.1684573888778687,-0.04597083479166031,-0.0635702982544899,9.891410292162865e-05,0.9998014823163607,0.005137143443378652,-0.01925086832458574
376.0,-0.22291649878025055,-0.41566333174705505,1.1737027168273926,0.8572329878807068,1.566059947013855,-1.7935123443603516,1.1678673028945923,-0.057887639850378036,-0.06367059051990509,0.0001528947231334945,0.9997499320329578,0.007222740981279821,-0.021163223667892875
377.0,-0.23894871771335602,-0.4136906862258911,1.1704111099243164,0.8618535995483398,1.5627787113189697,-1.809511423110962,1.1677453517913818,-0.07631473243236542,-0.06397641450166702,0.0002125297996661892,0.9997066234095204,0.009544679513443914,-0.022260301777044612
378.0,-0.2564256489276886,-0.4250592291355133,1.2013620138168335,0.8524613976478577,1.5549585819244385,-1.826899528503418,1.1516705751419067,-0.09164497256278992,-0.0635862648487091,0.000390628779744169,0.999548604903281,0.015002248272848483,-0.0260262635009503
379.0,-0.26830247044563293,-0.4252043068408966,1.2015619277954102,0.8497011661529541,1.5526376962661743,-1.8388210535049438,1.150897741317749,-0.10505414009094238,-0.06394865363836288,0.000389643613886354,0.9995770373281111,0.016071295180224706,-0.02423444027495829
380.0,-0.28587210178375244,-0.4325714707374573,1.2218753099441528,0.841851532459259,1.5450133085250854,-1.856389045715332,1.1395821571350098,-0.12130062282085419,-0.06397944688796997,0.0005285870291746762,0.999461511754756,0.02086728283924461,-0.025317259400600957
381.0,-0.3016408383846283,-0.44221070408821106,1.2483396530151367,0.8315607309341431,1.5346589088439941,-1.8722007274627686,1.125368356704712,-0.13379891216754913,-0.06386233121156693,0.0007223237783486819,0.9992774911343735,0.027172288081494612,-0.02656389882844358
382.0,-0.3154224753379822,-0.44795286655426025,1.263175129890442,0.8211646676063538,1.5304187536239624,-1.8860794305801392,1.1172080039978027,-0.14658112823963165,-0.06415576487779617,0.0007315823362044871,0.9992585567614827,0.029349231627182597,-0.024908314457994733
383.0,-0.3139423727989197,-0.47722646594047546,1.3217941522598267,0.750191867351532,1.5595475435256958,-1.8846986293792725,1.0961320400238037,-0.1427382081747055,-0.06303488463163376,8.741004741323674e-05,0.9999124037717871,0.009048799677630993,-0.009659004462400127
384.0,-0.3218631148338318,-0.48572802543640137,1.344220757484436,0.738195538520813,1.5548650026321411,-1.8926382064819336,1.084459900856018,-0.14715056121349335,-0.06290056556463242,0.000113736552665354,0.9998844778055479,0.011650789652664873,-0.009761004456138886
385.0,-0.34291115403175354,-0.4641198515892029,1.3126726150512695,0.8099371790885925,1.4964690208435059,-1.9141021966934204,1.0889067649841309,-0.1631646305322647,-0.06393025070428848,0.0014315855303147487,0.9983493611815263,0.04969166461600717,-0.02876181598922299
386.0,-0.35522735118865967,-0.4752999246120453,1.3356539011001587,0.7784146070480347,1.5054744482040405,-1.926504135131836,1.0787632465362549,-0.17505477368831635,-0.06444819271564484,0.0008696331789399291,0.9988897517703633,0.04241556511840384,-0.02047992631731857
387.0,-0.36920061707496643,-0.4848784804344177,1.3673487901687622,0.7735934853553772,1.4723738431930542,-1.9415041208267212,1.0607444047927856,-0.17866812646389008,-0.06413246691226959,0.0013445904816197748,0.9978830852337807,0.061213511762897126,-0.02191908434223235
388.0,-0.3844117522239685,-0.4911959767341614,1.390692949295044,0.7693377137184143,1.4402822256088257,-2.217954635620117,1.0468506813049316,-0.1850040704011917,-0.06435412168502808,-0.12739212231969596,0.988503044049219,0.08077509095576882,-0.010409791419574554
389.0,-0.39005589485168457,-0.48648807406425476,1.3930456638336182,0.7968218922615051,1.4263584613800049,-2.3180930614471436,1.040391445159912,-0.18638931214809418,-0.06475696712732315,-0.1721159641159995,0.9802178995963077,0.09624634719414796,-0.016899847904833138
390.0,-0.38736945390701294,-0.5061348676681519,1.4176348447799683,0.7248196005821228,1.4735795259475708,-1.959985613822937,1.0364601612091064,-0.18959824740886688,-0.06459517031908035,0.0006832189382966382,0.9982838969523409,0.057334833119236414,-0.01189584838167516
391.0,-0.40421777963638306,-0.5245086550712585,1.467660903930664,0.690376341342926,1.4436174631118774,-2.030630111694336,1.0111817121505737,-0.19265246391296387,-0.06460639834403992,-0.0257424750183005,0.9971577565531965,0.07078413881471247,-0.001827352726730701
392.0,-0.42034202814102173,-0.534874677658081,1.5035427808761597,0.6756700873374939,1.397170901298523,-1.973912000656128,0.991520345211029,-0.19382937252521515,-0.06471958011388779,0.01176216054542704,0.9954963336224335,0.09406097060112618,0.0011113654529623788
393.0,-0.42608195543289185,-0.528743326663971,1.49599289894104,0.6896671056747437,1.3578448295593262,-1.9586056470870972,0.9945698976516724,-0.19487464427947998,-0.0653778463602066,0.023583131220142495,0.9931456819339538,0.11444695182823354,0.002717645124269662
394.0,-0.42246952652931213,-0.563529908657074,1.5652060508728027,0.6018674373626709,1.432047963142395,-1.8033726215362549,0.964191198348999,-0.1896674484014511,-0.06460084021091461,0.09569316703639157,0.9928606437939519,0.07087941248955636,0.0068314473385895184
395.0,-0.42635923624038696,-0.5759252309799194,1.597108006477356,0.5728508234024048,1.4232370853424072,-1.7275782823562622,0.9490740299224854,-0.18541039526462555,-0.06450772285461426,0.1348549123329531,0.9880521611054726,0.07392746932787693,0.010090036335567588
396.0,-0.4291917681694031,-0.5916503071784973,1.6352654695510864,0.5317631959915161,1.4392973184585571,-2.003380060195923,0.9305190443992615,-0.1825472116470337,-0.064935103058815,-0.0015417683331494796,0.9978354811249563,0.06065132977845955,0.025365168137396435
397.0,-0.4285396635532379,-0.6057888865470886,1.671722650527954,0.49700742959976196,1.4301239252090454,-2.0028953552246094,0.9138386845588684,-0.17272379994392395,-0.06467843800783157,-0.0020512817099262006,0.9975176650299987,0.06223626237450593,0.0328777712459005
398.0,-0.3995969593524933,-0.6027435660362244,1.6557767391204834,0.5136836171150208,1.510034441947937,-1.9710150957107544,0.9220792651176453,-0.16105031967163086,-0.06288011372089386,-0.0003727375189621943,0.9995363869130075,0.02718566096005382,0.013704457004837502
399.0,-0.39144206047058105,-0.5789763927459717,1.591651201248169,0.5688197612762451,1.510936975479126,-1.9629442691802979,0.9551052451133728,-0.16677775979042053,-0.0624731071293354,-0.00019269084045566288,0.999537834765188,0.02969886338363815,0.006485156658074571
400.0,-0.39133110642433167,-0.5622557401657104,1.54725182056427,0.6023987531661987,1.5130362510681152,-1.9628074169158936,0.9770453572273254,-0.17606674134731293,-0.06275247782468796,-0.00010021085500129735,0.9995486003533122,0.029855135185191513,0.003355054782450796
401.0,-0.38200777769088745,-0.5419265627861023,1.4934375286102295,0.6424540877342224,1.5204814672470093,-1.9533116817474365,1.0044775009155273,-0.17856436967849731,-0.06283976137638092,3.7683403393390026e-05,0.9996165332630618,0.027657367931079656,-0.0013619861322181044
402.0,-0.37074121832847595,-0.5291786789894104,1.4594581127166748,0.6665171980857849,1.5269370079040527,-1.941898226737976,1.0225468873977661,-0.17457042634487152,-0.06276153773069382,0.00010477084346832009,0.9996751094733207,0.025145892716764075,-0.004165165309065835
403.0,-0.3583049476146698,-0.5152987241744995,1.4226148128509521,0.6907843947410583,1.5356165170669556,-1.929300308227539,1.0420300960540771,-0.16978205740451813,-0.06281790882349014,0.00014061115374793714,0.9997521463977752,0.021257829187595785,-0.0066129191569403445
404.0,-0.44727396965026855,-0.4689064919948578,1.4144247770309448,0.8510873913764954,1.2329630851745605,-2.176884174346924,1.017565131187439,-0.2084721028804779,-0.07119885832071304,-0.058815688719090244,0.9779071179036296,0.20023324303680176,-0.012042918951861725
405.0,-0.4792931079864502,-0.528709888458252,1.5481460094451904,0.6727666258811951,1.1737362146377563,-1.8764114379882812,0.9637554883956909,-0.20710499584674835,-0.07156189531087875,0.09678967293166556,0.9738268089145051,0.20464456116805585,0.020339838679478653
406.0,-0.5084125995635986,-0.529146671295166,1.584307074546814,0.6459743976593018,1.0689096450805664,-1.8368120193481445,0.9445129632949829,-0.21127192676067352,-0.0759386494755745,0.13291914062618718,0.9575764952880702,0.2532663781416922,0.03515536132657255
407.0,-0.5404819846153259,-0.5434471964836121,1.6537988185882568,0.5555108189582825,0.9534512758255005,-1.7340532541275024,0.9134537577629089,-0.2095687985420227,-0.08090796321630478,0.1926117626812377,0.9320777094806411,0.30046087654708925,0.062089564587805436
408.0,-0.5536333918571472,-0.5630223751068115,1.7101072072982788,0.4597480595111847,0.9037275910377502,-1.629002571105957,0.8916482329368591,-0.20261552929878235,-0.08327868580818176,0.23735684917911787,0.9144539207977327,0.31726086107435497,0.08234864246467241
409.0,-0.6081603765487671,-0.5296271443367004,1.7368335723876953,0.4607415199279785,0.5263363718986511,-1.6830365657806396,0.8779839873313904,-0.2037622183561325,-0.07096778601408005,0.23594282360388175,0.833265259053755,0.4810859108945345,0.13622165166625289
410.0,-0.6029849648475647,-0.55399090051651,1.7569361925125122,0.4190736413002014,0.5243571996688843,-1.62995183467865,0.8750705122947693,-0.19630558788776398,-0.05915985256433487,0.2448942418643742,0.8306785253139457,0.4795924678811998,0.14138975435137624
411.0,-0.5952851176261902,-0.5778341889381409,1.7696658372879028,0.3988550007343292,0.5237129926681519,-1.5937641859054565,0.8755602240562439,-0.18882742524147034,-0.04384515434503555,0.24921804211353435,0.8293915639007997,0.47884944586004946,0.14388609875455588
412.0,-0.6075584888458252,-0.5709293484687805,1.7962266206741333,0.2936680316925049,0.5243753790855408,-1.5109379291534424,0.8617765307426453,-0.19169482588768005,-0.06890450417995453,0.27140079548692525,0.8223999193303064,0.4748127899095203,0.1566933164908681
413.0,-0.6154094338417053,-0.5323906540870667,1.7601693868637085,0.3814657926559448,0.5240257978439331,-1.6151961088180542,0.8673166036605835,-0.20342113077640533,-0.08342909067869186,0.2531129625893768,0.8282112223717246,0.478167969386204,0.14613484307254393
414.0,-0.621077835559845,-0.5271602272987366,1.7686594724655151,0.3427020311355591,0.5236506462097168,-1.5862752199172974,0.861831784248352,-0.20520898699760437,-0.09460557252168655,0.2614398222626209,0.8256205126512627,0.47667221176805963,0.15094234314102117
415.0,-0.6292085647583008,-0.5013529062271118,1.7526874542236328,0.3671330511569977,0.5242555141448975,-1.6258493661880493,0.8614569306373596,-0.21322958171367645,-0.110802061855793,0.2566151051596814,0.8271328108750349,0.47754535314319957,0.14815679758008443
416.0,-0.6255065202713013,-0.5327907204627991,1.792137861251831,0.26618722081184387,0.5241908431053162,-1.5185264348983765,0.8526862263679504,-0.2031322717666626,-0.10385677963495255,0.2772103192708987,0.820459907754836,0.4736927185059606,0.160047452622918
417.0,-0.6203485131263733,-0.5670701265335083,1.8350944519042969,0.1577419638633728,0.5297352075576782,-1.4031320810317993,0.8435567617416382,-0.19199731945991516,-0.09639188647270203,0.29889921327212443,0.8128094717600671,0.4692757973436057,0.1725695481536324
418.0,-0.626882016658783,-0.5569120049476624,1.8412762880325317,0.12705610692501068,0.5310257077217102,-1.3865015506744385,0.8379746675491333,-0.19450721144676208,-0.10951751470565796,0.30500489944625203,0.8105380982484913,0.4679643934354381,0.17609465942527439
419.0,-0.6221712231636047,-0.5901806950569153,1.896887183189392,-0.020957475528120995,0.5480504035949707,-1.2400964498519897,0.8245955109596252,-0.1819724142551422,-0.10936931520700455,0.3341199686347319,0.7989767480423533,0.4612894420519419,0.19290425941020545
420.0,-0.6162756085395813,-0.6032676696777344,1.897807002067566,-0.013128688558936119,0.548833429813385,-1.235012412071228,0.8278740644454956,-0.1787574142217636,-0.09833439439535141,0.33286846937005093,0.7994989708122223,0.461590920468373,0.19218168463877364
421.0,-0.6058249473571777,-0.6298337578773499,1.9093456268310547,-0.028331877663731575,0.5546818375587463,-1.1995151042938232,0.830478310585022,-0.17121270298957825,-0.08117955923080444,0.3364839790184558,0.797984055249103,0.46071628377021234,0.19426910536950906
422.0,-0.5921143293380737,-0.6715950965881348,1.9524540901184082,-0.12721115350723267,0.5786539912223816,-1.0839592218399048,0.824589192867279,-0.1567160189151764,-0.06730960309505463,0.35741476888681883,0.7888312019771166,0.45543193078893757,0.20635351750522668
423.0,-0.5788257122039795,-0.700498104095459,1.949864149093628,-0.10171560943126678,0.5804077386856079,-1.0767914056777954,0.8324165940284729,-0.14972372353076935,-0.04199884459376335,0.35386565371517786,0.7904297093104319,0.456354774146559,0.20430441471930919
424.0,-0.5892643928527832,-0.6612318158149719,1.8979382514953613,0.03209482878446579,0.5511884689331055,-1.220221757888794,0.8425325155258179,-0.16333508491516113,-0.04729427397251129,0.32528659144699645,0.8026136312724759,0.4633891860063867,0.18780429870677465
425.0,-0.5895400047302246,-0.6394059658050537,1.8502633571624756,0.17207889258861542,0.5339698195457458,-1.353440523147583,0.8559918403625488,-0.1709497570991516,-0.03823244199156761,0.29676167120823,0.8135923617957066,0.4697277440840085,0.17133541889268272
426.0,-0.5990039706230164,-0.52289879322052,1.7056405544281006,0.5692312121391296,0.5332328677177429,-1.780389666557312,0.8916820883750916,-0.2044685333967209,-0.05618777126073837,0.21133828402957913,0.8398429246483282,0.48488352798272844,0.12201621167942477
427.0,-0.5895567536354065,-0.5406196713447571,1.706612229347229,0.5913928151130676,0.5338274836540222,-1.7866758108139038,0.8962400555610657,-0.19787511229515076,-0.0374615304172039,0.2060014638149444,0.8411678933793768,0.48564847406160766,0.11893498936576126
428.0,-0.5884602069854736,-0.4852381944656372,1.6374660730361938,0.7720723748207092,0.5620890259742737,-1.982032299041748,0.9166537523269653,-0.21310147643089294,-0.04944174364209175,0.16090667879911819,0.8509459552160888,0.491293905274613,0.09289951915502621
429.0,-0.581085741519928,-0.48338747024536133,1.6213825941085815,0.8319471478462219,0.5735965371131897,-2.036165952682495,0.9250218868255615,-0.21195822954177856,-0.039809420704841614,0.14442184511362902,0.8538983198189766,0.49299841224589935,0.08338198598813784
430.0,-0.5945683717727661,-0.4613642990589142,1.6209449768066406,0.7902965545654297,0.5683120489120483,-2.0123186111450195,0.9180891513824463,-0.22117967903614044,-0.06611400842666626,0.1561112609941442,0.8518387733657439,0.49180931640077075,0.09013087530347022
431.0,-0.5973172783851624,-0.43760591745376587,1.5977299213409424,0.8320968747138977,0.5799007415771484,-2.0627429485321045,0.922976553440094,-0.22861741483211517,-0.0785054862499237,0.14460443027449973,0.8538674108157664,0.49298058393316513,0.0834874083720534
432.0,-0.6057990193367004,-0.43083325028419495,1.6057127714157104,0.7887284159660339,0.5718888640403748,-2.0286288261413574,0.9159456491470337,-0.23211447894573212,-0.09220682084560394,0.15684758033014654,0.8517034981590496,0.49173122784959555,0.09055599000477822
433.0,-0.6106124520301819,-0.4110228717327118,1.5905925035476685,0.8056449294090271,0.5778672695159912,-2.054373025894165,0.9171534180641174,-0.23876738548278809,-0.10593783110380173,0.15241348703366522,0.8525081538571233,0.49219578183417995,0.0879959596913313
434.0,-0.6174180507659912,-0.444658488035202,1.6465705633163452,0.6669463515281677,0.5504410862922668,-1.9167553186416626,0.8977597951889038,-0.2296275496482849,-0.10296019911766052,0.18861393211907257,0.8452365304094885,0.48799752847608,0.10889630146680558
435.0,-0.602870523929596,-0.47873789072036743,1.658681035041809,0.6814116835594177,0.5490474700927734,-1.9079550504684448,0.9027714133262634,-0.21762292087078094,-0.07186884433031082,0.1844940741584902,0.8461453554223538,0.4885222159750837,0.10651769147129553
436.0,-0.6194427013397217,-0.49045246839523315,1.7117278575897217,0.49872922897338867,0.5300979614257812,-1.7433029413223267,0.878568172454834,-0.21610966324806213,-0.09578612446784973,0.22788257803161402,0.835505538431824,0.48237938064543684,0.1315680774638665
437.0,-0.6261531114578247,-0.46712809801101685,1.6962473392486572,0.5208745002746582,0.5330200791358948,-1.7780914306640625,0.8788183927536011,-0.22352643311023712,-0.11085396260023117,0.22321571685910852,0.8367644505960173,0.4831061774366194,0.12887365630103578
438.0,-0.5947867035865784,-0.6816709637641907,2.058805465698242,-2.4510068893432617,-0.6050386428833008,0.9878653287887573,0.9356357455253601,-0.23707066476345062,-0.08873102068901062,0.1192720029333109,0.8577728165122971,0.49523534549788073,0.06886172477096393
439.0,-0.5862679481506348,-0.6999746561050415,2.049844264984131,-2.4031803607940674,-0.6130082011222839,0.9627970457077026,0.941998302936554,-0.23284319043159485,-0.07534506171941757,0.10857314142201181,0.8591925841417482,0.49605503840935916,0.06268472849323388
440.0,-0.5842223763465881,-0.6784663200378418,1.9960362911224365,-2.2943005561828613,-0.6477267742156982,0.8680365681648254,0.9574448466300964,-0.24460113048553467,-0.09448588639497757,0.07939629596672358,0.8623782383247854,0.49789431078696017,0.04583947574505913
441.0,-0.5779171586036682,-0.6671082377433777,1.9520721435546875,-2.203073263168335,-0.6807326078414917,0.7936096787452698,0.9712291359901428,-0.2503040134906769,-0.10339740663766861,0.05227899291301102,0.8644460242225617,0.4990881156880633,0.030183288169881174
442.0,-0.5692315101623535,-0.6855073571205139,1.9482240676879883,-2.16923189163208,-0.688051700592041,0.7786460518836975,0.9755210280418396,-0.2440851330757141,-0.08774568885564804,0.04335251730239343,0.8649396258107295,0.4993731296626199,0.025029588828052268
443.0,-0.5601345896720886,-0.707649827003479,1.9482324123382568,-2.140322208404541,-0.692463219165802,0.7698590159416199,0.9787859916687012,-0.236393004655838,-0.0688926950097084,0.036335692975653464,0.865262801330805,0.4995597139489598,0.02097842340072956
444.0,-0.5640153288841248,-0.7234413623809814,1.9849375486373901,-2.206317186355591,-0.6649061441421509,0.8277627229690552,0.9678102731704712,-0.23067334294319153,-0.05768639221787453,0.05773249120764725,0.864098939788281,0.49888773115364027,0.033331867935972696
445.0,-0.5647376775741577,-0.7385947108268738,2.0140602588653564,-2.258878707885742,-0.6443480849266052,0.8764055371284485,0.9597897529602051,-0.22411024570465088,-0.045942194759845734,0.07360869013804051,0.8628915281028717,0.4981906182097519,0.042497992802462276
446.0,-0.5498489141464233,-0.7304430603981018,1.9447219371795654,-2.1032521724700928,-0.6996854543685913,0.7558290362358093,0.9830664992332458,-0.22831633687019348,-0.048994045704603195,0.026892795916176843,0.8656077673224277,0.49975883840548513,0.01552656157984941
447.0,-0.5365247130393982,-0.762108564376831,1.9886032342910767,-2.2459466457366943,-0.7394333481788635,0.8766592144966125,0.9781739711761475,-0.2152334600687027,-0.02648444101214409,0.0402731725259406,0.8862201255089908,0.46103471671828056,0.020951150279146177
448.0,-0.5161281228065491,-0.7279404401779175,1.8488852977752686,-1.9022094011306763,-0.7976387739181519,0.6057750582695007,1.0170278549194336,-0.22208669781684875,-0.037257276475429535,-0.04892462815458208,0.8657941949852535,0.4972095925548197,-0.028096507990196827
449.0,-0.5057099461555481,-0.7102046608924866,1.8046150207519531,-1.8404316902160645,-0.8281455636024475,0.5585838556289673,1.0335922241210938,-0.2233087420463562,-0.043389782309532166,-0.0731127417274547,0.8629337110115851,0.498214926855862,-0.04221165780772913
450.0,-0.5144914984703064,-0.6875417828559875,1.8008512258529663,-1.8606441020965576,-0.8266016840934753,0.5605244636535645,1.0322381258010864,-0.23254068195819855,-0.06440232694149017,-0.06841517649164074,0.863318806750542,0.49843734765211367,-0.039499519009273676
451.0,-0.5270519256591797,-0.6671583652496338,1.8077781200408936,-1.8988006114959717,-0.814183235168457,0.5764291286468506,1.0265623331069946,-0.2423098087310791,-0.0854577049612999,-0.055641357374221004,0.8642361138569782,0.4989669248474571,-0.032124550786191246
452.0,-0.5356943607330322,-0.6552513837814331,1.8148504495620728,-1.9273301362991333,-0.8037124872207642,0.5902645587921143,1.0218628644943237,-0.24828951060771942,-0.09815505892038345,-0.04564359105324253,0.8648217650998167,0.49930504859443514,-0.026352336775145882
453.0,-0.5265867710113525,-0.6334620714187622,1.7694429159164429,-1.870575189590454,-0.8419602513313293,0.5415583252906799,1.0371462106704712,-0.25157150626182556,-0.10970870405435562,-0.07217867214736705,0.8630123110886545,0.498260377290413,-0.04167237236920497
454.0,-0.5172927975654602,-0.6423047780990601,1.7589391469955444,-1.839343786239624,-0.8571044206619263,0.5235608220100403,1.04266357421875,-0.2457749843597412,-0.0987839326262474,-0.08493936633566163,0.8618499182398178,0.49758931230534376,-0.04903976708764912
455.0,-0.5091594457626343,-0.6390012502670288,1.7386342287063599,-1.804368257522583,-0.8816747665405273,0.49570968747138977,1.0496671199798584,-0.24341659247875214,-0.0974118560552597,-0.1024309274814713,0.8599464710500679,0.49649028955684005,-0.05913851874696713
456.0,-0.5027588605880737,-0.6482613682746887,1.7356438636779785,-1.7874830961227417,-0.8883665800094604,0.48839104175567627,1.0523247718811035,-0.23822158575057983,-0.08740293234586716,-0.10894962958363065,0.8591449239576976,0.4960275238181768,-0.06290209429041167
457.0,-0.5016565322875977,-0.6487265825271606,1.735095500946045,-1.7903071641921997,-0.8828145861625671,0.4944554269313812,1.0542984008789062,-0.23724374175071716,-0.08634492754936218,-0.10629903227014045,0.8594768967630876,0.49621919057167946,-0.06137177345744418
458.0,-0.5013315081596375,-0.6622055768966675,1.7468955516815186,-1.7906702756881714,-0.8799029588699341,0.49766576290130615,1.0498268604278564,-0.23401297628879547,-0.07635244727134705,-0.10479577073017098,0.8596614726328199,0.4963257811719866,-0.06050386642073341
459.0,-0.4929957985877991,-0.669865071773529,1.7409182786941528,-1.7799750566482544,-0.8757603168487549,0.5022702217102051,1.056878685951233,-0.22745579481124878,-0.06615432351827621,-0.10603571310824392,0.8595094158021206,0.49623798168441424,-0.06121974540050565
460.0,-0.4931519627571106,-0.6865973472595215,1.754753589630127,-1.7747540473937988,-0.8790285587310791,0.49863409996032715,1.0496978759765625,-0.22422096133232117,-0.054149728268384933,-0.10781689503557619,0.8592878038610356,0.4961100279023117,-0.06224811238369862
461.0,-0.4894770085811615,-0.6505895853042603,1.714780569076538,-1.7591578960418701,-0.8959625363349915,0.4802130460739136,1.065619945526123,-0.23070450127124786,-0.07830203324556351,-0.1189049998414646,0.8578237725968841,0.4952647545387707,-0.06864982951182076
462.0,-0.4735926687717438,-0.62930828332901,1.6659283638000488,-1.701380968093872,-0.945077657699585,0.4303407669067383,1.083080768585205,-0.22766605019569397,-0.08605209738016129,-0.15269876741674338,0.852457096290835,0.492166314073996,-0.08816067549436071
463.0,-0.4689458906650543,-0.6268776059150696,1.6512784957885742,-1.664427399635315,-0.9921743869781494,0.38669076561927795,1.081917405128479,-0.2282242476940155,-0.08555934578180313,-0.17985407173445941,0.8471437446851636,0.4890986545219957,-0.10383879268417735
464.0,-0.46601051092147827,-0.6455295085906982,1.6642924547195435,-1.664034128189087,-0.9815728664398193,0.3962039351463318,1.079396367073059,-0.22191721200942993,-0.06998176872730255,-0.1754855651105927,0.8480594402664815,0.4896273488313967,-0.10131663974420016
465.0,-0.455962210893631,-0.6462736129760742,1.6533819437026978,-1.6630480289459229,-0.9610632658004761,0.4151111841201782,1.0920734405517578,-0.21330031752586365,-0.06394446641206741,-0.16881199145951392,0.8494130478626979,0.4904088324890838,-0.09746364797589384
466.0,-0.45782262086868286,-0.6271556615829468,1.638460397720337,-1.6635557413101196,-0.9680021405220032,0.40863755345344543,1.0966451168060303,-0.2187616527080536,-0.07918073982000351,-0.17173430312247434,0.8488270430968425,0.4900704959079167,-0.09915084003213323
467.0,-0.44331809878349304,-0.6391656398773193,1.6228325366973877,-1.6059534549713135,-1.0309504270553589,0.35326167941093445,1.0965818166732788,-0.2103942185640335,-0.0627511665225029,-0.21092192313064878,0.839947586970506,0.48494395716075595,-0.12177582641296222
468.0,-0.43578243255615234,-0.6531444787979126,1.624274730682373,-1.591578722000122,-1.0352559089660645,0.3496726453304291,1.0975886583328247,-0.20249933004379272,-0.04819279536604881,-0.21630619013597668,0.8385771570259007,0.48415272612029314,-0.1248844330311225
469.0,-0.4169832170009613,-0.631330132484436,1.5784956216812134,-1.5500893592834473,-1.0795621871948242,0.31400224566459656,1.1163204908370972,-0.19504082202911377,-0.05482560396194458,-0.24672679786617646,0.8301360674146703,0.4792792776182923,-0.14244778284584467
470.0,-0.41137468814849854,-0.6154168248176575,1.5568732023239136,-1.5373958349227905,-1.0991259813308716,0.2989201843738556,1.1243618726730347,-0.19473452866077423,-0.06415129452943802,-0.2588626052112463,0.8264321881597989,0.47714083493358667,-0.14945438647136827
471.0,-0.40203481912612915,-0.5956207513809204,1.5272129774093628,-1.5185445547103882,-1.1262613534927368,0.27860087156295776,1.1357823610305786,-0.1924087554216385,-0.07472012937068939,-0.2761701486664273,0.8208106136674047,0.4738952112191599,-0.15944690106756457
472.0,-0.40329888463020325,-0.5762964487075806,1.5112172365188599,-1.5190508365631104,-1.1353012323379517,0.2719752788543701,1.140722393989563,-0.1974283754825592,-0.0902908518910408,-0.2800997644365749,0.8194779559461532,0.4731258186272916,-0.1617156808387637
473.0,-0.3979877233505249,-0.5596616268157959,1.4894628524780273,-1.5081206560134888,-1.154806137084961,0.2579066753387451,1.1484806537628174,-0.1971680223941803,-0.10066355019807816,-0.2918087503235985,0.815381909737635,0.4707609577939372,-0.16847585917312227
474.0,-0.40086889266967773,-0.5450809597969055,1.4791572093963623,-1.5119085311889648,-1.1565001010894775,0.2566988170146942,1.1514081954956055,-0.20221945643424988,-0.11326277256011963,-0.2914587375808708,0.8155070872441222,0.47083322929302834,-0.16827378029827342
475.0,-0.38155946135520935,-0.5373645424842834,1.449242115020752,-1.4787135124206543,-1.1975772380828857,0.22804518043994904,1.164018988609314,-0.18983562290668488,-0.11015103757381439,-0.319080593128474,0.8051009758527045,0.4648252599317792,-0.18422125691450023
476.0,-0.37827813625335693,-0.5505117774009705,1.4578206539154053,-1.4742121696472168,-1.1973075866699219,0.22822953760623932,1.1616665124893188,-0.18479344248771667,-0.09840374439954758,-0.3202724522688512,0.8046275946038438,0.46455194458254995,-0.1849093861984848
477.0,-0.38162878155708313,-0.5737303495407104,1.4831079244613647,-1.4809707403182983,-1.179095983505249,0.2407911866903305,1.1527488231658936,-0.18254822492599487,-0.08199388533830643,-0.31020141393295825,0.8085636017374775,0.46682439388869046,-0.179094863158518
478.0,-0.38698792457580566,-0.596782922744751,1.5101187229156494,-1.4913824796676636,-1.155753254890442,0.25723108649253845,1.1430869102478027,-0.1816139668226242,-0.06663829833269119,-0.2967489500469085,0.8135969879126286,0.4697304413132939,-0.17132808995950918
479.0,-0.3972792625427246,-0.6174849271774292,1.540758728981018,-1.5114116668701172,-1.122541904449463,0.2813471257686615,1.1318697929382324,-0.18442368507385254,-0.05549447610974312,-0.2762878252461778,0.8207710043226577,0.47387235528943866,-0.15951484876447555
480.0,-0.3711346983909607,-0.5973556637763977,1.4919899702072144,-1.464134931564331,-1.1870800256729126,0.23525668680667877,1.150776982307434,-0.17017698287963867,-0.058540526777505875,-0.31826367222264107,0.8054242489991659,0.4650119273328908,-0.18374961634147507
481.0,-0.34822940826416016,-0.5857861042022705,1.4582185745239258,-1.4296469688415527,-1.2391083240509033,0.20018061995506287,1.1641095876693726,-0.15530957281589508,-0.05760013312101364,-0.35197361251151454,0.7912740226954613,0.4568422684981893,-0.20321205381661137
482.0,-0.3351236581802368,-0.5648845434188843,1.4269767999649048,-1.4119634628295898,-1.2757748365402222,0.17636367678642273,1.1760834455490112,-0.14923496544361115,-0.06845688819885254,-0.3740691632785703,0.781071230006459,0.4509516761010992,-0.2159689342518432
483.0,-0.34274399280548096,-0.5529542565345764,1.4237134456634521,-1.4224307537078857,-1.2662917375564575,0.18245971202850342,1.1766929626464844,-0.15734386444091797,-0.0811154693365097,-0.3667306184970272,0.7845436044195818,0.45295644171596544,-0.21173201961236254
484.0,-0.3332981765270233,-0.5323143005371094,1.396105408668518,-1.410367488861084,-1.2941339015960693,0.16467858850955963,1.187103033065796,-0.15368545055389404,-0.09348990768194199,-0.38315735752826785,0.7766533686724234,0.44840101084294137,-0.2212159980127125
485.0,-0.3294741213321686,-0.5082995295524597,1.3705500364303589,-1.4059092998504639,-1.311660885810852,0.15365716814994812,1.1962147951126099,-0.1548185646533966,-0.11096196621656418,-0.3925735562344408,0.7719365329654643,0.4456777566646714,-0.22665244148927494
486.0,-0.31908369064331055,-0.5159170031547546,1.3691167831420898,-1.3941497802734375,-1.3292410373687744,0.14272341132164001,1.1975198984146118,-0.14507003128528595,-0.1011464074254036,-0.4044584690522702,0.7657763144183201,0.4421211413072619,-0.23351419549344837
487.0,-0.3047153949737549,-0.526206910610199,1.3670153617858887,-1.3783460855484009,-1.3536661863327026,0.12771497666835785,1.1992242336273193,-0.13161595165729523,-0.08775322884321213,-0.4207643813221408,0.7569394639860777,0.4370191867478459,-0.24292841267607437
488.0,-0.31196707487106323,-0.5436431765556335,1.388654112815857,-1.3854305744171143,-1.332854986190796,0.1404898315668106,1.190908670425415,-0.13465802371501923,-0.07662465423345566,-0.4087907895769984,0.7634723930505259,0.4407909856460686,-0.23601547063674586
489.0,-0.29864683747291565,-0.5469771027565002,1.3809397220611572,-1.3709585666656494,-1.3578293323516846,0.12517648935317993,1.194387435913086,-0.12326453626155853,-0.06907067447900772,-0.4248888344541271,0.7546320268312343,0.43568697870652057,-0.24530967983832339
490.0,-0.2744496166706085,-0.5446075201034546,1.3627502918243408,-1.3493926525115967,-1.4090651273727417,0.09433815628290176,1.2016897201538086,-0.10371364653110504,-0.06346914172172546,-0.45609611891194407,0.7361904336654254,0.4250397181560357,-0.26332719890435313
491.0,-0.2655143141746521,-0.5192641615867615,1.3345468044281006,-1.3441567420959473,-1.4362279176712036,0.07824532687664032,1.2126314640045166,-0.10000434517860413,-0.081060491502285,-0.4708794999567073,0.7268235711722091,0.4196317769857712,-0.27186240021886415
492.0,-0.276666522026062,-0.5119774341583252,1.3348487615585327,-1.3534561395645142,-1.4161654710769653,0.09011650085449219,1.2120943069458008,-0.1105225533246994,-0.09016364067792892,-0.4583088288866026,0.7348149667982581,0.42424559614273066,-0.2646047166763377
493.0,-0.27992239594459534,-0.4961867928504944,1.3222250938415527,-1.3567790985107422,-1.414469599723816,0.09112384170293808,1.2165552377700806,-0.11558710038661957,-0.10363633930683136,-0.4563885677053787,0.7360091652425444,0.42493506816148385,-0.263496056504459
494.0,-0.2897619903087616,-0.4891152083873749,1.3218591213226318,-1.3652030229568481,-1.3969327211380005,0.10157862305641174,1.216151475906372,-0.12500275671482086,-0.11216825246810913,-0.44522924777114187,0.7428128522164963,0.4288631793800631,-0.257053217998065
495.0,-0.2635051906108856,-0.4796987771987915,1.2965036630630493,-1.344473123550415,-1.4524812698364258,0.06868372112512589,1.226658582687378,-0.1038753092288971,-0.11185409873723984,-0.47842289245804703,0.7218805563862609,0.41677793127610147,-0.2762175850389542
496.0,-0.2354820966720581,-0.4887818396091461,1.2918015718460083,-1.3277658224105835,-1.5078140497207642,0.036419011652469635,1.2293733358383179,-0.07827585935592651,-0.09823170304298401,-0.5111140157168991,0.69911549261851,0.4036345102045216,-0.2950918045125606
497.0,-0.21867530047893524,-0.5044472217559814,1.2997559309005737,-1.3191968202590942,-1.5391486883163452,0.018278906121850014,1.226745367050171,-0.06171329319477081,-0.08250980824232101,-0.5294599306608908,0.6853263382941692,0.3956733393286448,-0.3056838242521017
498.0,-0.22750690579414368,-0.5219311118125916,1.318709373474121,-1.3212471008300781,-1.515938401222229,0.03170938044786453,1.2192577123641968,-0.06727607548236847,-0.07008303701877594,-0.5171636070172426,0.694652294110273,0.4010576823264702,-0.2985845429876937
499.0,-0.20827384293079376,-0.5251895785331726,1.3154854774475098,-1.3139513731002808,-1.5567758083343506,0.00809537060558796,1.2205896377563477,-0.050306834280490875,-0.0644024983048439,-0.539936313824154,0.6771032061664739,0.39092574495901644,-0.31173239668232133
500.0,-0.1869930624961853,-0.49487176537513733,1.2825652360916138,-1.3116323947906494,-1.6051089763641357,-0.01981951855123043,1.2339799404144287,-0.03429454565048218,-0.08585076034069061,-0.5656290484570561,0.6557924955230304,0.378621952956366,-0.3265660715640078
501.0,-0.19665004312992096,-0.48125001788139343,1.2721410989761353,-1.3145724534988403,-1.5876966714859009,-0.009758506901562214,1.2377808094024658,-0.044305361807346344,-0.09788347035646439,-0.5558068481042308,0.664137605578988,0.3834400158131347,-0.3208952207956243
502.0,-0.18826039135456085,-0.46445390582084656,1.2540522813796997,-1.3135160207748413,-1.604020118713379,-0.019190024584531784,1.2448760271072388,-0.0377718023955822,-0.1100911945104599,-0.5648007022847576,0.6565060451550173,0.379033924030289,-0.32608781609830806
503.0,-0.17176607251167297,-0.4729383587837219,1.266908884048462,-1.3441601991653442,-1.656683087348938,-0.05256685987114906,1.2444459199905396,-0.025312576442956924,-0.10689182579517365,-0.5943211477921833,0.638156133526536,0.35815971551842724,-0.33355770221837655
504.0,-0.17248529195785522,-0.48302388191223145,1.2699010372161865,-1.3118664026260376,-1.6401129961013794,-0.04009496420621872,1.2390238046646118,-0.022678758949041367,-0.09436334669589996,-0.5834298367767784,0.6400075370366295,0.36950850410241515,-0.3368433515611145
505.0,-0.16538429260253906,-0.4956413805484772,1.2812042236328125,-1.311301589012146,-1.6567360162734985,-0.04976033791899681,1.234687328338623,-0.01572706177830696,-0.08402695506811142,-0.5918000052550655,0.6322758564652426,0.36504463057286585,-0.3416758885276638
506.0,-0.15839755535125732,-0.4893389344215393,1.2751529216766357,-1.312887191772461,-1.6801743507385254,-0.06344503164291382,1.2371922731399536,-0.011132558807730675,-0.08883655816316605,-0.6024920967123271,0.6220958867646843,0.35916720687822307,-0.34784895942483557
507.0,-0.16126808524131775,-0.4743656814098358,1.2611019611358643,-1.3134431838989258,-1.6742819547653198,-0.059997670352458954,1.2425745725631714,-0.014649586752057076,-0.10077792406082153,-0.5994718006193372,0.625006858165592,0.3608478708025465,-0.34610518870056545
508.0,-0.1402139514684677,-0.4654277265071869,1.2524216175079346,-1.316733717918396,-1.7042371034622192,-0.07774987071752548,1.246401071548462,0.006342645268887281,-0.10766241699457169,0.6168449810544337,-0.6082027659360134,-0.35076368000330993,0.35574781186435134
509.0,-0.125092014670372,-0.47336241602897644,1.2646883726119995,-1.334334135055542,-1.7265770435333252,-0.09336569160223007,1.2436976432800293,0.0220612995326519,-0.10419363528490067,0.6315648237156708,-0.5969541310919151,-0.3398461582365559,0.3595500348340188
510.0,-0.11615365743637085,-0.49049606919288635,1.2795932292938232,-1.3238636255264282,-1.7656062841415405,-0.11416617035865784,1.23624849319458,0.028047475963830948,-0.08902416378259659,0.6449013071907416,-0.578015856524125,-0.33371758235845733,0.37233392111810193
511.0,-0.10518261045217514,-0.47664326429367065,1.2684301137924194,-1.3293315172195435,-1.7879787683486938,-0.12774692475795746,1.2408428192138672,0.03768528997898102,-0.10074891149997711,0.6554822045909551,-0.5659886055713317,-0.3267736542170652,0.3784428051074914
512.0,-0.0967901423573494,-0.5016451478004456,1.2951736450195312,-1.3342229127883911,-1.8106181621551514,-0.1416514813899994,1.2305219173431396,0.04564632475376129,-0.0823582112789154,0.6652232826052907,-0.5545069947560767,-0.3201447430184484,0.3840668178378309
513.0,-0.08616632968187332,-0.5252667665481567,1.3211926221847534,-1.3420928716659546,-1.845077633857727,-0.1631738543510437,1.2206354141235352,0.05436115711927414,-0.06539537757635117,0.6791135564658969,-0.5374056029498694,-0.310271269310537,0.3920863868878344
514.0,-0.07131081819534302,-0.5193898677825928,1.321593999862671,-1.3539127111434937,-1.8754931688308716,-0.18258364498615265,1.2209405899047852,0.06788943707942963,-0.07251562178134918,0.6924672265984124,-0.5200857100561594,-0.30027162207031094,0.39979613212454634
515.0,-0.07668714225292206,-0.5055299997329712,1.3061267137527466,-1.3487896919250488,-1.8566393852233887,-0.1705031394958496,1.2267147302627563,0.06369872391223907,-0.08240582793951035,0.6852533319482843,-0.5295544130836899,-0.3057383812784735,0.3956311879144282
516.0,-0.08377856761217117,-0.47745126485824585,1.2761809825897217,-1.3422397375106812,-1.8290011882781982,-0.15307551622390747,1.2378627061843872,0.058219313621520996,-0.1031830757856369,0.6746812650276064,-0.5429596795237692,-0.31347789808809895,0.3895273859980352
517.0,-0.05895890295505524,-0.4829852879047394,1.292597770690918,-1.3630894422531128,-1.8844704627990723,-0.18839535117149353,1.2318272590637207,0.08094540238380432,-0.10362574458122253,0.6983764312637409,-0.5121233608817378,-0.2956745774056352,0.4032078468612856
518.0,-0.05655071139335632,-0.5041100978851318,1.3147860765457153,-1.3673168420791626,-1.899798035621643,-0.19841237366199493,1.2236337661743164,0.08211669325828552,-0.08785829693078995,0.7035745936727382,-0.5049582247401789,-0.29153774516949754,0.4062089678317964
519.0,-0.042604006826877594,-0.4942609369754791,1.3129817247390747,-1.3810582160949707,-1.9253660440444946,-0.21540617942810059,1.2243378162384033,0.09536968171596527,-0.09885264188051224,0.7145403677138611,-0.4893179792460048,-0.28250784450605326,0.4125400536753864
520.0,-0.03671641647815704,-0.4809933602809906,1.303087592124939,-1.3858458995819092,-1.9313634634017944,-0.2194472849369049,1.2278543710708618,0.10155835747718811,-0.11051228642463684,0.7177008950700241,-0.4846704324087433,-0.27982460815454635,0.4143647980168716
521.0,-0.03457358106970787,-0.5132566094398499,1.3368451595306396,-1.3928974866867065,-1.9537699222564697,-0.23474405705928802,1.215704321861267,0.10137884318828583,-0.08633426576852798,0.7245811820349152,-0.47432279292625323,-0.2738503976849873,0.4183371349035344
522.0,-0.042578261345624924,-0.5253514051437378,1.3435297012329102,-1.384691596031189,-1.9427180290222168,-0.2271588146686554,1.2131373882293701,0.09337334334850311,-0.07483545690774918,0.7195333714008844,-0.48194577802204036,-0.27825151927089764,0.415422780442581
523.0,-0.041108887642621994,-0.5385687947273254,1.357128381729126,-1.3877863883972168,-1.95345139503479,-0.23452430963516235,1.2080460786819458,0.0938185453414917,-0.06497398018836975,0.7229372333573929,-0.47682465833683274,-0.2752948436717838,0.4173880099802216
524.0,-0.024816161021590233,-0.5576726794242859,1.3926068544387817,-1.4342074394226074,-1.994896650314331,-0.27401381731033325,1.197291612625122,0.10782946646213531,-0.05853186920285225,0.7428422127233042,-0.4530146298923139,-0.25663978052062225,0.42083157575709823
525.0,-0.022568345069885254,-0.5322056412696838,1.3646248579025269,-1.4118667840957642,-1.990673303604126,-0.26068612933158875,1.2053951025009155,0.11092668771743774,-0.07565638422966003,0.7375673286861619,-0.45386609853466253,-0.26203971775037826,0.42583469395645235
526.0,-0.003319583833217621,-0.5182207822799683,1.3661890029907227,-1.4380697011947632,-2.025113582611084,-0.28584957122802734,1.2047392129898071,0.12928709387779236,-0.09271059185266495,0.750968010919429,-0.4313317201706526,-0.249029468244944,0.43357158312784133
527.0,0.0007430471014231443,-0.5352417230606079,1.3871922492980957,-1.4485974311828613,-2.044504404067993,-0.300473690032959,1.197129726409912,0.13149955868721008,-0.08135970681905746,0.7568173881908701,-0.42098391472070495,-0.24305517354927605,0.43694870075251535
528.0,-0.0021103264298290014,-0.5573802590370178,1.4065109491348267,-1.4485032558441162,-2.0522360801696777,-0.3064039647579193,1.190150260925293,0.12703919410705566,-0.0634545311331749,0.7581818753096348,-0.41852147347905927,-0.2416334869292747,0.43773653969400667
529.0,0.015117899514734745,-0.5345695614814758,1.4008285999298096,-1.4741171598434448,-2.0751495361328125,-0.32433563470840454,1.1917463541030884,0.14446838200092316,-0.08765612542629242,0.7674178037502855,-0.40133516976053896,-0.23171096545869524,0.44306887104215215
530.0,0.02549225091934204,-0.5641024112701416,1.441757321357727,-1.5037392377853394,-2.1193549633026123,-0.3605966567993164,1.1772587299346924,0.15059569478034973,-0.06960759311914444,0.779971881444625,-0.37635606896067375,-0.21728926625258088,0.4503169420348464
531.0,0.03349677845835686,-0.5812787413597107,1.4691047668457031,-1.5281634330749512,-2.150056838989258,-0.38725903630256653,1.1673771142959595,0.15571877360343933,-0.060527246445417404,0.7884366540931206,-0.358284304375522,-0.2068555444922864,0.45520411183708875
532.0,0.042685382068157196,-0.5525271892547607,1.4507888555526733,-1.5381780862808228,-2.1491918563842773,-0.38648948073387146,1.1731261014938354,0.1668592095375061,-0.08624172955751419,0.7898830251864148,-0.3550842233210352,-0.2050079766967929,0.45603917634512703
533.0,0.050324421375989914,-0.538413405418396,1.4454076290130615,-1.5504103899002075,-2.15631103515625,-0.39285650849342346,1.1743775606155396,0.17502593994140625,-0.10025100409984589,0.7927900467084406,-0.3485454832157126,-0.20123282502091877,0.4577175309118655
534.0,0.06159912422299385,-0.5316798686981201,1.452633261680603,-1.5747476816177368,-2.1765127182006836,-0.41135403513908386,1.1709072589874268,0.18558233976364136,-0.1104564443230629,0.7990392266125156,-0.33397052422977597,-0.1928179779655266,0.4613255148519833
535.0,0.05709431320428848,-0.5721901059150696,1.4904308319091797,-1.583305835723877,-2.197052001953125,-0.4308602809906006,1.1588996648788452,0.17698144912719727,-0.07842566072940826,0.802580248748751,-0.3253689547862309,-0.18785184679415937,0.46336990756385155
536.0,0.05637934431433678,-0.5909279584884644,1.5094056129455566,-1.5910664796829224,-2.2100329399108887,-0.4435824453830719,1.1525675058364868,0.17417055368423462,-0.06429079174995422,0.8051304475388249,-0.3190061755571429,-0.18417830909885413,0.4648423096705203
537.0,0.07262880355119705,-0.5976577997207642,1.5422078371047974,-1.6449182033538818,-2.2536168098449707,-0.48881545662879944,1.1402608156204224,0.1868748664855957,-0.06801441311836243,0.8161753658935355,-0.2895820860783886,-0.1671902897802634,0.47121905153997523
538.0,0.07414242625236511,-0.5792644023895264,1.5242254734039307,-1.6369836330413818,-2.241183042526245,-0.47548729181289673,1.1458218097686768,0.19053474068641663,-0.08223051577806473,0.8140262429980855,-0.2955694228222713,-0.170647083431006,0.4699782600497845
539.0,0.08124145865440369,-0.5711744427680969,1.5264701843261719,-1.6539157629013062,-2.2510557174682617,-0.4860404133796692,1.1442524194717407,0.19745589792728424,-0.09178837388753891,0.816934912421101,-0.2874323501721328,-0.16594914309706174,0.47165758220069304
540.0,0.09125929325819016,-0.588322639465332,1.562881588935852,-1.6997578144073486,-2.287729263305664,-0.5273565649986267,1.1310360431671143,0.20353451371192932,-0.08464980125427246,0.8249848170808562,-0.26343890899421446,-0.1520965126365839,0.4763052001162636
541.0,0.09579387307167053,-0.5780206322669983,1.5589340925216675,-1.7063125371932983,-2.2879884243011475,-0.5276612639427185,1.1312085390090942,0.20873728394508362,-0.0946291908621788,0.8256252468210074,-0.26142479985846523,-0.15093368683352706,0.47667499201190616
542.0,0.10810506343841553,-0.5788357257843018,1.5821269750595093,-1.7458910942077637,-2.3093841075897217,-0.5535133481025696,1.1198288202285767,0.21922165155410767,-0.10112394392490387,0.8308258812655578,-0.24439383184614244,-0.14110084800829845,0.4796775590604669
543.0,0.10834440588951111,-0.5625834465026855,1.5630966424942017,-1.7339599132537842,-2.298205614089966,-0.5398339033126831,1.1262339353561401,0.22148145735263824,-0.11280354112386703,0.8289858311475422,-0.2505643410509652,-0.14466339412556595,0.47861519527736035
544.0,0.10710656642913818,-0.5952473878860474,1.5999853610992432,-1.7577927112579346,-2.3216123580932617,-0.568938672542572,1.1144684553146362,0.21610823273658752,-0.08877905458211899,0.832716370696791,-0.23787274758761906,-0.1373358994040578,0.4807690221546724
545.0,0.10430546849966049,-0.6098968982696533,1.612298607826233,-1.7624088525772095,-2.329444408416748,-0.5790866613388062,1.1114044189453125,0.21171684563159943,-0.07670038193464279,0.8336575197395238,-0.23455309412569625,-0.13541928690720018,0.481312375231879
546.0,0.09966490417718887,-0.622843861579895,1.6189302206039429,-1.7585242986679077,-2.3321287631988525,-0.582615077495575,1.1105077266693115,0.20606860518455505,-0.06483740359544754,0.833548011255649,-0.23494194377457375,-0.13564379523402348,0.48124916291011655
547.0,0.08742213994264603,-0.6237084865570068,1.596954345703125,-1.7152560949325562,-2.3086776733398438,-0.5526372194290161,1.1203649044036865,0.1957666277885437,-0.05724939703941345,0.8281327677576696,-0.2533695569906622,-0.14628298440011167,0.47812265688981304
548.0,0.07381756603717804,-0.6204701662063599,1.5697071552276611,-1.6645632982254028,-2.274650812149048,-0.512218177318573,1.13076651096344,0.1850416362285614,-0.05233243480324745,0.8202705740946213,-0.2777700192016661,-0.16037060560231906,0.4735834356963212
549.0,0.04643313214182854,-0.6153804659843445,1.6387405395507812,-2.0627856254577637,-2.0721561908721924,-0.6854482293128967,1.1447994709014893,0.18017230927944183,-0.08567550033330917,0.880246489202143,-0.32120489439722955,-0.11972964357835415,0.3281133135231889
550.0,0.019953450188040733,-0.6022453904151917,1.590208888053894,-1.9942553043365479,-1.9920809268951416,-0.5734003186225891,1.1676832437515259,0.16123148798942566,-0.08796639740467072,0.8565945347251984,-0.38953501384201616,-0.14007888789710593,0.30803600639459505
551.0,-0.02574137970805168,-0.5917748212814331,1.5414336919784546,-1.9287869930267334,-1.8970699310302734,-0.44505903124809265,1.1937001943588257,0.12086041271686554,-0.08560072630643845,0.8174791604829666,-0.47417210605613286,-0.16403970097990356,0.28280666985907454
552.0,-0.042545463889837265,-0.5912402868270874,1.5317050218582153,-1.912176489830017,-1.8724700212478638,-0.41043752431869507,1.1991791725158691,0.1042446717619896,-0.08339758217334747,0.8039453890031114,-0.49794615269007997,-0.1712093650999255,0.27642140623306294
553.0,-0.06405188888311386,-0.5871330499649048,1.5164151191711426,-1.8941197395324707,-1.8263225555419922,-0.3497692942619324,1.2075226306915283,0.08488280326128006,-0.08343904465436935,0.7806644130025109,-0.536839833612712,-0.18128969509112047,0.2636287423098807
554.0,-0.09046041965484619,-0.5682360529899597,1.4679559469223022,-1.8020352125167847,-1.7694882154464722,-0.2449083924293518,1.2213804721832275,0.06045437976717949,-0.08794142305850983,0.7351427755930604,-0.586708845639984,-0.21184577963906887,0.2654415106765399
555.0,-0.12042150646448135,-0.5724135041236877,1.4741623401641846,-1.8277219533920288,-1.711255669593811,-0.18404410779476166,1.2248196601867676,0.03249524533748627,-0.0862400159239769,0.7051734954579312,-0.6311877784993981,-0.2154242427620188,0.24067556005346408
556.0,-0.1371079683303833,-0.5467617511749268,1.4150972366333008,-1.6907113790512085,-1.6923099756240845,-0.12979412078857422,1.2331181764602661,0.013885756023228168,-0.09234197437763214,0.6703030418979363,-0.6437193157757338,-0.2557399389379465,0.26630125450626374
557.0,-0.15524445474147797,-0.5492295622825623,1.4195014238357544,-1.6997110843658447,-1.6647975444793701,-0.10216037184000015,1.232894778251648,-0.00416532950475812,-0.0916796624660492,-0.6529994480312271,0.6638825484117212,0.25985320659365696,-0.2555934150330673
558.0,-0.18682508170604706,-0.55404132604599,1.4296249151229858,-1.7114309072494507,-1.6155109405517578,-0.049413472414016724,1.2295507192611694,-0.03488108888268471,-0.09093273431062698,-0.6189408777224722,0.6981933225802558,0.269219966885047,-0.23866060340762774
559.0,-0.22177007794380188,-0.5828443765640259,1.4909416437149048,-1.8143314123153687,-1.5367090702056885,0.04347388818860054,1.2143305540084839,-0.06236893683671951,-0.08334879577159882,-0.5696703508196115,0.7542151473380951,0.2605740301306417,-0.19681559324482345
560.0,-0.268547922372818,-0.5907148122787476,1.5201847553253174,-1.8520883321762085,-1.463506817817688,0.1404646337032318,1.2014472484588623,-0.1050233393907547,-0.08598770201206207,-0.5051791294477752,0.8006839143067275,0.2723467389188015,-0.17183297221761368
561.0,-0.30243200063705444,-0.6011353135108948,1.547498345375061,-1.8599129915237427,-1.391152262687683,0.2275298535823822,1.1852400302886963,-0.13036131858825684,-0.08487378060817719,-0.44361875330304607,0.8322686269313682,0.2933870257362932,-0.15638218400200826
562.0,-0.2793175280094147,-0.665427029132843,1.572792887687683,-1.7726470232009888,-1.438014030456543,0.1541999727487564,1.1654645204544067,-0.10391749441623688,-0.025362106040120125,-0.4849012142380251,0.8013482384272802,0.29970454215230435,-0.1813532481464321
563.0,-0.2610918879508972,-0.7176485061645508,1.6761244535446167,-1.9982742071151733,-1.5002598762512207,0.11944068968296051,1.1441220045089722,-0.08639178425073624,-0.006534138694405556,-0.5329769711236544,0.8037502414177778,0.22037653407324725,-0.14613446172132719
564.0,-0.2579721212387085,-0.65630704164505,1.8242069482803345,-2.732889413833618,-1.5731810331344604,1.312828540802002,1.1409246921539307,-0.09353618323802948,-0.06328609585762024,-1.2824217163306302e-06,0.9999950741533034,-0.0004121455258758541,-0.003111559665211997
565.0,-0.2440909743309021,-0.6545280814170837,1.8197534084320068,-2.732713460922241,-1.5739132165908813,1.326706051826477,1.145107388496399,-0.07855252176523209,-0.06333864480257034,-2.204630640416844e-06,0.9999974175929834,-0.0011124856809949938,-0.0019817109056832582
566.0,-0.276435911655426,-0.6659554243087769,1.8502641916275024,-2.7379708290100098,-1.5684846639633179,1.2943953275680542,1.121968388557434,-0.10899879038333893,-0.06310366839170456,2.734711186779182e-05,0.9999626334969169,0.003449983114072373,-0.00792644173377484
567.0,-0.2873806953430176,-0.666566789150238,1.8530365228652954,-2.7409768104553223,-1.5677101612091064,1.2834463119506836,1.1191575527191162,-0.120688796043396,-0.0631486251950264,2.7931724127420153e-05,0.9999656419312218,0.0037881449456373963,-0.007373203833415438
568.0,-0.39604490995407104,-0.6661659479141235,1.7493077516555786,-2.182433605194092,-1.2527577877044678,0.5501513481140137,1.1059176921844482,-0.19226476550102234,-0.077691450715065,-0.259782640019094,0.924995799258731,0.2669719029109448,-0.07497835924131946
569.0,-0.4141789376735687,-0.6809983849525452,1.8111858367919922,-2.304936170578003,-1.2367217540740967,0.6650146245956421,1.0819188356399536,-0.20078881084918976,-0.0760546624660492,-0.20353184864876553,0.9457103737120321,0.2477184041440349,-0.05331292420602281
570.0,-0.3660638928413391,-0.6298812627792358,1.6365418434143066,-1.9651200771331787,-1.2770538330078125,0.3909863233566284,1.1446290016174316,-0.17567604780197144,-0.08414775133132935,-0.33276525241188293,0.8836829426968148,0.3080793508376924,-0.11601231469710416
571.0,-0.3712237775325775,-0.7135306596755981,1.6913214921951294,-1.875135898590088,-1.2507237195968628,0.3756139576435089,1.1082651615142822,-0.16362737119197845,-0.017640093341469765,-0.3248621080730054,0.8749011044651267,0.33672024275031465,-0.12502858179725926
572.0,-0.3823961913585663,-0.7656242847442627,1.8010013103485107,-2.07558536529541,-1.2578270435333252,0.48326483368873596,1.0727834701538086,-0.16361409425735474,-0.00029965967405587435,-0.290808064081387,0.9087005366591224,0.2852389244501858,-0.09128395543117199
573.0,-0.4263240694999695,-0.7808281779289246,1.8615236282348633,-2.1328723430633545,-1.144099235534668,0.6274082064628601,1.0419085025787354,-0.1823161542415619,-0.0008437738288193941,-0.18902439481027167,0.9271385505015048,0.3170270781220594,-0.06463526961318201
574.0,-0.4839429557323456,-0.7592918276786804,1.877990484237671,-2.075946092605591,-0.9320012331008911,0.7025505304336548,1.0236918926239014,-0.20707732439041138,-0.01878325454890728,-0.07977111732789215,0.9065490628066791,0.41289865512105794,-0.03633271478726794
575.0,-0.538469135761261,-0.684714138507843,1.8546751737594604,-1.9677331447601318,-0.773323118686676,0.6328737735748291,1.0102959871292114,-0.24075433611869812,-0.07785631716251373,-0.02590234876609849,0.8656379548107056,0.49977630559358893,-0.014954727906657717
576.0,-0.5609375834465027,-0.6711552143096924,1.900861144065857,-2.081892490386963,-0.7264983057975769,0.7071996927261353,0.9906811118125916,-0.24881155788898468,-0.09637324512004852,0.013684946257654316,0.8659172814846956,0.499937554060809,0.007901007010218045
577.0,-0.5613169074058533,-0.652185320854187,1.8767439126968384,-2.055054187774658,-0.7440358996391296,0.6779550313949585,0.9966169595718384,-0.2551232576370239,-0.1105864867568016,0.0024562743491765137,0.8660219021308515,0.49999802064725757,0.0014181307444245306
578.0,-0.5146195292472839,-0.6251561641693115,1.7339537143707275,-1.8102716207504272,-0.8863670825958252,0.4905663728713989,1.048124074935913,-0.2496752142906189,-0.11038047075271606,-0.1027280601606664,0.8599110084286129,0.49646985650128755,-0.0593100735499767
579.0,-0.48203012347221375,-0.6172698140144348,1.6680450439453125,-1.718941330909729,-0.939123272895813,0.4361310601234436,1.079920768737793,-0.23532947897911072,-0.09933117777109146,-0.1458688412390931,0.8536523316456252,0.49285637450819353,-0.08421740875965669
580.0,-0.47300881147384644,-0.6055722832679749,1.6371461153030396,-1.6665376424789429,-1.002760887145996,0.3773574233055115,1.0842620134353638,-0.2358386218547821,-0.10372622311115265,-0.1837113812999975,0.8463156166350874,0.4886205550829955,-0.10606582187869978
581.0,-0.4259113371372223,-0.6167484521865845,1.5774832963943481,-1.565096378326416,-1.0756828784942627,0.3170388638973236,1.1145808696746826,-0.20444157719612122,-0.0706157386302948,-0.2410595032837414,0.8317994481725626,0.48023962816224797,-0.13917576455332362
582.0,-0.41841796040534973,-0.5950808525085449,1.5478070974349976,-1.5482851266860962,-1.1002283096313477,0.29808157682418823,1.1257919073104858,-0.20407289266586304,-0.08339714258909225,-0.25650143303209794,0.8271680738829152,0.47756570117155606,-0.14809116606276193
583.0,-0.4167788326740265,-0.5676807165145874,1.5200910568237305,-1.5425790548324585,-1.1162736415863037,0.2860026955604553,1.1353906393051147,-0.20875237882137299,-0.10348132997751236,-0.26516656060311317,0.8244311349300943,0.47598553798300147,-0.15309397939443917
584.0,-0.21016491949558258,-0.4730267822742462,1.2678723335266113,-1.3184614181518555,-1.5630898475646973,0.004449427127838135,1.2390085458755493,-0.057560890913009644,-0.10620769113302231,-0.541762521654668,0.675642938541877,0.3900826262620646,-0.3127867235311681
585.0,-0.1556292176246643,-0.514256477355957,1.2978055477142334,-1.3105781078338623,-1.6794809103012085,-0.06303904950618744,1.228161334991455,-0.0061788433231413364,-0.06884174793958664,-0.6031033391542701,0.6215033197744657,0.3588251023962066,-0.3482018548207917
586.0,-0.1461969017982483,-0.5167441368103027,1.300000786781311,-1.3117252588272095,-1.70013427734375,-0.07516325265169144,1.2274361848831177,0.002314608544111252,-0.06670957058668137,0.6133788920286203,-0.6113643028156777,-0.35297136511803767,0.3541344934670323
587.0,-0.14396435022354126,-0.4977295696735382,1.2826610803604126,-1.3135119676589966,-1.701598882675171,-0.07602576166391373,1.2344712018966675,0.003807477653026581,-0.08189130574464798,0.6145786134183747,-0.6101583015341171,-0.352275033056689,0.3548271073109528
588.0,-0.13193130493164062,-0.5014747381210327,1.2874923944473267,-1.3170931339263916,-1.7306993007659912,-0.09325004369020462,1.232750654220581,0.014390046708285809,-0.07941629737615585,0.6283758615942588,-0.5959393873586087,-0.34406578472589183,0.3627929973707808
589.0,-0.10997077077627182,-0.5408042669296265,1.340399146080017,-1.382722020149231,-1.7874209880828857,-0.14084212481975555,1.2199335098266602,0.034155163913965225,-0.05840442329645157,0.6641232705522899,-0.5725592869046149,-0.31391006375250463,0.36411071992610666
590.0,-0.07101381570100784,-0.6172958612442017,1.4845536947250366,-1.6639221906661987,-1.8571264743804932,-0.2812150716781616,1.192934513092041,0.0729607343673706,-0.03762552887201309,0.7463873344721447,-0.5346629528655608,-0.23077255223238974,0.3221575746568674
591.0,-0.1316869556903839,-0.4404524564743042,1.2206987142562866,0.7883224487304688,1.5668472051620483,-1.7024837732315063,1.155303955078125,0.05034612864255905,-0.06344791501760483,-2.4694138035980173e-06,0.9999974303347527,0.0018111912966225642,0.0013634162534709167
592.0,-0.14083018898963928,-0.4364587664604187,1.209752082824707,0.7920723557472229,1.567099690437317,-1.7116249799728394,1.1611652374267578,0.038969069719314575,-0.06345990300178528,-4.271088828500208e-06,0.9999946053966705,0.0014488636667540535,0.002947872688955158
593.0,-0.12161445617675781,-0.4448941946029663,1.2330694198608398,0.7846532464027405,1.5679287910461426,-1.6924110651016235,1.14838707447052,0.06258828192949295,-0.06340061128139496,1.2907041183974292e-06,0.9999984559605845,0.0015464373822011888,-0.0008346293813668591
594.0,-0.09394795447587967,-0.44745513796806335,1.2404524087905884,0.7834958434104919,1.5701298713684082,-1.6647428274154663,1.1421886682510376,0.09437048435211182,-0.06329554319381714,1.679824524327383e-06,0.9999958877940692,0.0005989560930355546,-0.0028045754987801198
595.0,-0.08683713525533676,-0.45464444160461426,1.260104775428772,0.776206374168396,1.5741245746612549,-1.6576285362243652,1.1314702033996582,0.10274338722229004,-0.06321894377470016,-6.5956966202012985e-06,0.9999838449407172,-0.001186478255137638,-0.005558964240456322
596.0,-0.06534848362207413,-0.4345371723175049,1.2254010438919067,0.8369724750518799,1.6235690116882324,-1.6361167430877686,1.1366993188858032,0.11888599395751953,-0.06363644450902939,-0.0007383008819006519,0.9992453852749656,-0.024455162030991417,-0.030167200210351453
597.0,-0.0559341162443161,-0.4364524483680725,1.22779381275177,0.8262833952903748,1.6174894571304321,-1.626723289489746,1.1361219882965088,0.1304870992898941,-0.06413698941469193,-0.0005429495410992852,0.999453457519059,-0.021993121775163053,-0.024673752320576704
598.0,-0.04734128713607788,-0.4448224902153015,1.2523232698440552,0.8214976191520691,1.6385751962661743,-1.6181573867797852,1.1216555833816528,0.137623131275177,-0.06373284012079239,-0.0009957391017012711,0.9990026347621112,-0.032454188380177454,-0.0306507732135016
599.0,-0.03297266736626625,-0.4569665789604187,1.2824686765670776,0.7995148301124573,1.6489052772521973,-1.6038166284561157,1.1059789657592773,0.15258251130580902,-0.06384503841400146,-0.0010821426417732848,0.9988702645209467,-0.038115367014555576,-0.02835916819130283
600.0,-0.02084750309586525,-0.4653249979019165,1.3012186288833618,0.7779521942138672,1.6426197290420532,-1.591676950454712,1.0968986749649048,0.1670975387096405,-0.06443270295858383,-0.000789332664325573,0.9991237320197525,-0.03543911932818439,-0.022253401764896978
601.0,-0.013991214334964752,-0.4768514037132263,1.3320167064666748,0.7621046900749207,1.6673272848129272,-1.5848369598388672,1.0801703929901123,0.17103272676467896,-0.0640057921409607,-0.0011456518388164492,0.9985657703671232,-0.04790373648352048,-0.023881410425171275
602.0,-0.035052310675382614,-0.4996647238731384,1.3769338130950928,0.7090486288070679,1.6043208837509155,-1.6058634519577026,1.066975712776184,0.1585332155227661,-0.06277847290039062,-0.00013749251773511099,0.9998294061090552,-0.016478677766609478,-0.008342239176973229
603.0,-0.02777959033846855,-0.5059036016464233,1.3933532238006592,0.6982342004776001,1.6070786714553833,-1.5985907316207886,1.057561993598938,0.16609208285808563,-0.0628669410943985,-0.00014242324159483108,0.9998077521139939,-0.01792590456457937,-0.007943580674024594
604.0,-0.04395223408937454,-0.4869767129421234,1.3449610471725464,0.7311934232711792,1.5951961278915405,-1.6147533655166626,1.0838557481765747,0.14975756406784058,-0.06290223449468613,-0.00011451417081539686,0.9998833507297538,-0.011783494432472416,-0.009717050936620803
605.0,-0.04933975636959076,-0.4768509864807129,1.318992018699646,0.746942400932312,1.589286208152771,-1.6201354265213013,1.0974094867706299,0.1441987007856369,-0.06305240839719772,-8.42097394208836e-05,0.9999154658067732,-0.008782264978539385,-0.009587803241115194
606.0,-0.05708470940589905,-0.47091227769851685,1.3033314943313599,0.7554239630699158,1.5853829383850098,-1.6278780698776245,1.106301188468933,0.13585205376148224,-0.06307554990053177,-6.06497116461728e-05,0.9999370809201046,-0.006794847303885681,-0.008925277178306929
607.0,0.007422867696732283,-0.44472023844718933,1.2872886657714844,0.8562831878662109,1.7804172039031982,2.1249048709869385,1.0845861434936523,0.17694738507270813,-0.06607496738433838,0.9574348759792686,-0.2614747952896162,-0.03221159931757789,0.117948304592392
608.0,0.031219953671097755,-0.4526631832122803,1.3187397718429565,0.8364554643630981,1.8518022298812866,2.0165226459503174,1.064398169517517,0.1915275752544403,-0.06785111874341965,0.9687519355803856,-0.19428275781671556,-0.030318607076234756,0.15117764183021537
609.0,0.11691562831401825,-0.4011063277721405,1.3131992816925049,0.9037866592407227,2.2087948322296143,1.9683725833892822,1.0350713729858398,0.23142102360725403,-0.08498091995716095,0.9385269204272171,-0.0938596549802023,-0.03305767495357176,0.3305522272305328
610.0,0.1473328173160553,-0.3887302279472351,1.3373032808303833,0.8797440528869629,2.3577497005462646,1.9268301725387573,1.0158745050430298,0.24349258840084076,-0.09389399737119675,0.9160817097160014,-0.04644218382053901,-0.020166189117911314,0.3977822890756294
611.0,0.14856113493442535,-0.3386402726173401,1.2741029262542725,1.1638599634170532,2.524085521697998,2.1923153400421143,1.040036678314209,0.23168879747390747,-0.06067202612757683,0.8618991078938252,-0.08443882976219118,-0.04875078395855234,0.49761769753862917
612.0,0.14965835213661194,-0.3714563548564911,1.3162903785705566,1.0817372798919678,2.551013469696045,2.1039488315582275,1.0266941785812378,0.2284698486328125,-0.04838842898607254,0.8639861175326214,-0.05939664991939553,-0.03429267332954467,0.4988226530994492
613.0,0.1562754362821579,-0.40333446860313416,1.366198182106018,0.9534856677055359,2.5813252925872803,1.972641110420227,1.0078777074813843,0.22995899617671967,-0.04670746251940727,0.8657202601368279,-0.022988259346918342,-0.01327227757322501,0.49982378671772076
614.0,0.15470395982265472,-0.4328482747077942,1.401225209236145,0.8753148913383484,2.5956618785858154,1.8872686624526978,0.9975745677947998,0.22553576529026031,-0.03676731511950493,0.8660191701755298,-0.0032888453112384333,-0.0018988156534541136,0.49999637487097826
615.0,0.13652285933494568,-0.3368488550186157,1.2561103105545044,1.2397691011428833,2.4968183040618896,2.266251802444458,1.0509196519851685,0.22278016805648804,-0.04698063060641289,0.8587857788048101,-0.11174527200585657,-0.06451615960661317,0.49582017451548593
616.0,0.14011552929878235,-0.31867125630378723,1.2338827848434448,1.233565330505371,2.501877784729004,2.2534468173980713,1.0577261447906494,0.2271559089422226,-0.06138448789715767,0.8594823379172339,-0.10625493280942568,-0.06134631283734344,0.49622235939471004
617.0,0.18889474868774414,-0.38849398493766785,1.4111424684524536,0.7093837261199951,2.6103901863098145,1.7572481632232666,0.9770267009735107,0.255975604057312,-0.11069390922784805,0.8650516424242621,0.04105650517857313,0.023703984915698754,0.4994378243792963
618.0,0.011090392246842384,-0.5954821705818176,1.4838131666183472,0.7556670904159546,1.9507169723510742,1.7660218477249146,1.0022180080413818,0.1549026370048523,0.02305365726351738,0.9778330189017568,-0.08334314557040945,-0.016312705990626414,0.19139070733755495
619.0,-0.006719698663800955,-0.6597186923027039,1.5857264995574951,0.5784691572189331,1.9026387929916382,1.3696856498718262,0.9708009958267212,0.14421109855175018,0.02610030025243759,0.9816034264468195,0.09020734386158413,0.015399476169367966,0.16757149051974934
620.0,-0.052659325301647186,-0.6340870261192322,1.5265204906463623,0.7081059217453003,1.7438032627105713,1.7419356107711792,0.9957739114761353,0.12219484150409698,0.03242664039134979,0.9900640871783791,-0.10995934902835021,-0.009674870685943781,0.08711166235421448
621.0,-0.08384088426828384,-0.6662811636924744,1.5805290937423706,0.6317262053489685,1.6688939332962036,-1.655031681060791,0.9791593551635742,0.10425657778978348,0.034402959048748016,0.0004114923399479502,0.9987205261829354,-0.04989282024566874,0.008236974133027321
622.0,-0.11194309592247009,-0.6658297777175903,1.5847313404083252,0.6505695581436157,1.5733484029769897,-1.6827397346496582,0.9772782921791077,0.09201090782880783,0.034987546503543854,6.923351325418173e-07,0.999998966387441,-0.0013420477963928877,0.0005158791355993697
623.0,-0.12260627001523972,-0.6825447082519531,1.6257531642913818,0.6219165921211243,1.578445553779602,-1.6934047937393188,0.9557459950447083,0.08355990797281265,0.0349835641682148,9.72132990477075e-06,0.9999886657033034,-0.004142685761974053,0.002346598623631566
624.0,-0.02226170338690281,-0.5548183917999268,1.4100075960159302,0.909124493598938,1.838889479637146,2.2077419757843018,1.029149055480957,0.13725227117538452,0.025070281699299812,0.9374757593464108,-0.3070478987376137,-0.05101266666809383,0.15575139279665082
625.0,-0.11184682697057724,-0.8250895142555237,1.9134238958358765,0.0428677499294281,1.7410948276519775,0.34588298201560974,0.8577547669410706,0.0796099603176117,0.01860608346760273,0.8354567171330287,0.49792476236142913,0.11906048081806049,0.19976888329264172
626.0,-0.1516549289226532,-0.8498262166976929,1.973719835281372,-0.07320114225149155,1.6700845956802368,0.17138619720935822,0.8406335711479187,0.059388503432273865,0.014265992678701878,0.7908177372193608,0.5534927282845997,0.14980425318548043,0.2140368939292032
627.0,-0.2475954294204712,-0.8608185052871704,2.0025646686553955,-0.09281156957149506,1.478270411491394,-0.1593131572008133,0.8317539095878601,0.011774669401347637,0.014769229106605053,0.703833853239195,0.6604620705975013,0.17897305266855587,0.19072599915854838
628.0,-0.35330450534820557,-0.8228446245193481,1.9355874061584473,0.08882681280374527,1.2852377891540527,-0.6292319893836975,0.8477258086204529,-0.05206365883350372,0.019071754068136215,0.5660253053028095,0.791855738162466,0.186545340419922,0.13334421496132906
629.0,-0.4063367247581482,-0.8161938786506653,1.9538776874542236,0.03572853282094002,1.1533751487731934,-0.7680585384368896,0.8427070379257202,-0.07568629086017609,0.01117976475507021,0.5114572650294867,0.8123200223244594,0.23716866470817968,0.14932739822244998
630.0,-0.4682597815990448,-0.7791280150413513,1.9241001605987549,0.08231062442064285,0.9916706681251526,-0.9919141530990601,0.8497138023376465,-0.1098862811923027,0.003119011875241995,0.4298469567619774,0.8421722456124788,0.28995696072884836,0.14799480871770637
631.0,-0.4762613773345947,-0.8036051392555237,2.0034565925598145,-0.12177211791276932,0.9411038756370544,-0.8315670490264893,0.8279992341995239,-0.09872418642044067,-0.00754080293700099,0.4645580557614005,0.8001389248207041,0.3281296546259719,0.19051100642481372
632.0,-0.4357720613479614,-0.8423104286193848,2.082421064376831,-0.31596699357032776,1.0304204225540161,-0.5981739163398743,0.8100950717926025,-0.06791576743125916,-0.011291136965155602,0.5269724620271581,0.7513279504697586,0.3252263932515014,0.22810990386339475
633.0,-0.526578426361084,-0.7885274291038513,2.1114132404327393,-0.5047122836112976,0.7546404004096985,-0.6611251831054688,0.7993432879447937,-0.10216191411018372,-0.04473159834742546,0.4518624086451752,0.7387965828668127,0.4265443755045259,0.26088286360578716
634.0,-0.5466876029968262,-0.7554518580436707,2.0943470001220703,-0.47733402252197266,0.7193328738212585,-0.719700813293457,0.7972373962402344,-0.11399540305137634,-0.06278584152460098,0.43970017541722844,0.7460990300432827,0.43076046568481446,0.25386101376448744
635.0,-0.536151111125946,-0.758242130279541,2.1260921955108643,-0.5587434768676758,0.7627635598182678,-0.6486316323280334,0.7881038784980774,-0.1047363132238388,-0.07178398221731186,0.45974116052272396,0.7339196759386956,0.4237286951178633,0.26543166262707235
636.0,-0.5391320586204529,-0.7465165853500366,2.1328258514404297,-0.5828847885131836,0.7679992914199829,-0.6407521963119507,0.7833608984947205,-0.10508880019187927,-0.08240571618080139,0.46360430457976975,0.7314855159139937,0.42232334876045124,0.26766205908739593
637.0,-0.5604177713394165,-0.723247766494751,2.0982418060302734,-0.5065324902534485,0.7142086029052734,-0.7288533449172974,0.7885611057281494,-0.11990194767713547,-0.08804265409708023,0.44187322893318154,0.7448141133864227,0.43001861747482023,0.2551156104153681
638.0,-0.5681904554367065,-0.7073633074760437,2.0952086448669434,-0.5080731511116028,0.7060725092887878,-0.7437697052955627,0.7856376767158508,-0.12380032241344452,-0.09875982254743576,0.4400446945612164,0.7458958682666789,0.43064320643163423,0.2540599323890016
639.0,-0.5812884569168091,-0.6859840154647827,2.078601598739624,-0.47655606269836426,0.6820045709609985,-0.7909733653068542,0.7854386568069458,-0.13221634924411774,-0.1089981198310852,0.43049522273527535,0.7514478457664414,0.43384861335443337,0.2485465328374461
640.0,-0.5606039762496948,-0.7052126526832581,2.1242458820343018,-0.5866996049880981,0.7424953579902649,-0.680451512336731,0.776246964931488,-0.11576235294342041,-0.10966270416975021,0.45780348500097123,0.7351298985441942,0.4244274473750661,0.26431296468779925
641.0,-0.5687272548675537,-0.7209253311157227,2.060835599899292,-0.40485772490501404,0.6705327033996582,-0.8153225779533386,0.7994354963302612,-0.12894976139068604,-0.07581275701522827,0.41855556751439205,0.7581630846587248,0.4377256298555383,0.24165315419221195
642.0,-0.5844510793685913,-0.6898706555366516,2.0410189628601074,-0.37073203921318054,0.6458542943000793,-0.8726550936698914,0.7985783219337463,-0.13955038785934448,-0.0921119824051857,0.4082245934440992,0.7637752925041642,0.4409658524815924,0.2356885674205708
643.0,-0.5878509283065796,-0.6858131289482117,2.0107200145721436,-0.2894922196865082,0.6203811764717102,-0.9408606886863708,0.8078900575637817,-0.14599508047103882,-0.08299480378627777,0.3912037121865221,0.7726316524099076,0.4460790794111609,0.22586155090566423
644.0,-0.5752031803131104,-0.7138345837593079,2.0164177417755127,-0.288280725479126,0.6296355128288269,-0.914827823638916,0.8127011060714722,-0.1387253850698471,-0.06325697153806686,0.39320141866184233,0.771616887212579,0.44549324902476345,0.2270149528203928
645.0,-0.5537968277931213,-0.7548657655715942,2.0565779209136963,-0.37487906217575073,0.6754093170166016,-0.8048113584518433,0.8087260723114014,-0.12216077744960785,-0.04833188280463219,0.41598943842983055,0.7595740960516585,0.43854027828425324,0.24017161373590726
646.0,-0.5543159246444702,-0.7573848962783813,2.0339202880859375,-0.31321701407432556,0.654731810092926,-0.8511731624603271,0.8168779611587524,-0.12535075843334198,-0.03694198653101921,0.4027191145511142,0.7666924684628459,0.44265007041049587,0.2325099755776032
647.0,-0.601436972618103,-0.6540525555610657,1.9701944589614868,-0.19173330068588257,0.5875411033630371,-1.048933506011963,0.8137825727462769,-0.15892334282398224,-0.09037379175424576,0.36942448651817317,0.7832787335483111,0.45222615874619526,0.2132873078206933
648.0,-0.6063481569290161,-0.6441627144813538,1.9800900220870972,-0.2291862666606903,0.5933372974395752,-1.0276654958724976,0.8078542351722717,-0.1599607914686203,-0.10318649560213089,0.37649559522502957,0.7799045302735361,0.45027807946433857,0.2173698267673611
649.0,-0.5992839932441711,-0.6582045555114746,2.0266847610473633,-0.3525860011577606,0.6289160847663879,-0.9167964458465576,0.7954390048980713,-0.14882579445838928,-0.11133287101984024,0.40194027449157693,0.7671010525732388,0.4428859907731396,0.23206031556377654
650.0,-0.5141188502311707,-0.7878074645996094,2.145134687423706,-0.5922820568084717,0.8066150546073914,-0.5863886475563049,0.7891238331794739,-0.0922199934720993,-0.05692828819155693,0.47434921979823147,0.7245638800479022,0.41832715068635273,0.2738656539352388
651.0,-0.4608919620513916,-0.7371280193328857,2.0479860305786133,-0.21772970259189606,1.0893651247024536,-0.7297785878181458,0.7901530265808105,-0.08816999197006226,-0.08319948613643646,0.5269065108568186,0.7848134604062257,0.270863812154644,0.18185201798977274
652.0,-0.4015732407569885,-0.6605657935142517,1.8050010204315186,0.33993569016456604,1.4254257678985596,-1.0317699909210205,0.8572627902030945,-0.12138000875711441,-0.06412552297115326,0.44873852985583385,0.8896703800704604,0.07534100282230947,0.03800105185171111
653.0,-0.4107254445552826,-0.656487762928009,1.8005484342575073,0.35305023193359375,1.4142988920211792,-1.1284698247909546,0.8570500016212463,-0.12777607142925262,-0.06466792523860931,0.40954335742642306,0.9081980346151025,0.07868631093483351,0.035482851923499856
654.0,-0.3810701072216034,-0.6375826597213745,1.7523835897445679,0.4309244751930237,1.514790415763855,-1.9521054029464722,0.8745580911636353,-0.12455812841653824,-0.06283718347549438,-0.0004703839794477679,0.9995293565179387,0.021326027637971867,0.022046422451994042
655.0,-0.389994740486145,-0.6258459687232971,1.7194249629974365,0.45992138981819153,1.5120874643325806,-1.961198091506958,0.8907374143600464,-0.13902972638607025,-0.06280827522277832,-0.0004572272726097604,0.9995317411008454,0.02385505762966642,0.01915791482962599
656.0,-0.42499756813049316,-0.6253514289855957,1.7220534086227417,0.44554129242897034,1.4388662576675415,-1.9982812404632568,0.8899357318878174,-0.15986044704914093,-0.0648743286728859,-0.002181889361646228,0.9977214678433577,0.05412360876878551,0.0402212249583833
657.0,-0.44897106289863586,-0.6258252263069153,1.7292011976242065,0.42014893889427185,1.3180876970291138,-1.383800983428955,0.8921903371810913,-0.16391044855117798,-0.06606432050466537,0.30724342470450394,0.9429634350485149,0.12184169149366879,0.03969937469677381
658.0,-0.36074548959732056,-0.6506149768829346,1.7889808416366577,0.39802733063697815,1.5196826457977295,-1.9315587282180786,0.857211709022522,-0.10013338178396225,-0.06271711736917496,-0.00044802284340535794,0.9995255440134266,0.01783609426819666,0.025106968782614394
659.0,-0.5371313095092773,-0.6541342735290527,1.8865894079208374,0.11884980648756027,0.9412470459938049,-1.2086161375045776,0.8346229195594788,-0.15736575424671173,-0.08299651741981506,0.38027420917993254,0.8659340956047036,0.29746451134241103,0.13063128413079958
660.0,-0.48384493589401245,-0.7144264578819275,1.8014589548110962,0.3440447449684143,0.9731324315071106,-1.3258891105651855,0.8864648342132568,-0.1406945288181305,0.007492338307201862,0.3205408490239855,0.8980823912703974,0.2836419068842706,0.10123661025578871
661.0,-0.5208299160003662,-0.651374340057373,1.7367430925369263,0.47679194808006287,0.8466752171516418,-1.5577614307403564,0.9031080603599548,-0.16850978136062622,-0.002558686537668109,0.2451954942914701,0.9024445581300287,0.341829105321556,0.09287546412117514
662.0,-0.4596922993659973,-0.6568350195884705,1.6670068502426147,0.593955397605896,1.0659207105636597,-1.639621376991272,0.9345896244049072,-0.15512005984783173,0.015830770134925842,0.1920941767724397,0.9489331254053676,0.24527629064661327,0.0496517069712385
663.0,-0.4365764558315277,-0.6898006200790405,1.703389286994934,0.5244863033294678,1.1412620544433594,-1.4923570156097412,0.923801839351654,-0.13833752274513245,0.020969415083527565,0.24541564156869936,0.945572695867176,0.2068371061204135,0.053682876558896794
664.0,-0.3244662284851074,-0.8803489804267883,2.1445136070251465,-0.4768184423446655,1.289607286453247,-0.27169281244277954,0.7987427711486816,-0.011419400572776794,-0.011289739049971104,0.627124651700058,0.6686132516731367,0.291449490054923,0.27336456548697197
665.0,-0.24730469286441803,-0.8546170592308044,2.249840259552002,-0.8683556914329529,1.4646856784820557,-0.061532825231552124,0.7762329578399658,0.02818439155817032,-0.0458206944167614,0.649339652494482,0.5730253371356201,0.3308363147349581,0.3748964010917498
666.0,-0.19287708401679993,-0.8730193376541138,2.2101778984069824,-0.7594159841537476,1.5938559770584106,0.015031176619231701,0.7884438633918762,0.04718557745218277,-0.029766220599412918,0.6862901799158834,0.5495456040877542,0.2978061299857143,0.3719098370866006
667.0,-0.28547289967536926,-0.8064281940460205,2.2668704986572266,-0.9243482947349548,1.3649654388427734,-0.1208375096321106,0.7614418268203735,0.01886899769306183,-0.0798606276512146,0.626660650510271,0.5977427682518186,0.34510694575706113,0.36180271985562723
668.0,-0.11118033528327942,-0.8669771552085876,2.0785958766937256,-0.4034150242805481,1.7738604545593262,0.20803238451480865,0.8170790672302246,0.0797181949019432,-0.00804866012185812,0.7705103869926517,0.51030318296515,0.21091585198470567,0.3184633548363717
669.0,-0.06480621546506882,-0.8500978350639343,2.0379600524902344,-0.3430159389972687,1.8821157217025757,0.332289457321167,0.8277242183685303,0.10034212470054626,-0.007562389597296715,0.7995038360272845,0.4655675939517229,0.1909845911237107,0.32797151948449715
670.0,-0.0004265427414793521,-0.8256056904792786,2.047907590866089,-0.4894436001777649,2.0673348903656006,0.40507104992866516,0.8276904225349426,0.12714076042175293,-0.024224381893873215,0.7944045508306965,0.4037631802436569,0.20559517304670044,0.4045087498669281
671.0,-0.17108678817749023,-0.6468374133110046,1.8008389472961426,-2.7328543663024902,-1.5692170858383179,1.3997151851654053,1.1609784364700317,0.0036362833343446255,-0.06353046000003815,-3.7873022372139056e-07,0.9999915750848751,9.228672362708396e-05,0.004103808266448055
672.0,-0.1810331791639328,-0.6449295282363892,1.7944622039794922,-2.7285730838775635,-1.5699933767318726,1.3897693157196045,1.1648637056350708,-0.008748072199523449,-0.06348882615566254,1.4329999756218415e-06,0.9999914237075522,-0.0003472244950423152,0.004126977639783631
673.0,-0.007050007581710815,-0.49074074625968933,1.3350929021835327,-1.4267973899841309,-2.0007643699645996,-0.26795780658721924,1.2157132625579834,0.1281137764453888,-0.1123749166727066,0.7437580041134545,-0.44364854877826215,-0.2561406034487212,0.4294088817770743
674.0,0.03531939163804054,-0.5358461141586304,1.4239522218704224,-1.5151418447494507,-2.1215004920959473,-0.36241796612739563,1.1829100847244263,0.16212883591651917,-0.09511873126029968,0.7823043502055173,-0.3714834042182683,-0.21447604003766177,0.4516636052303677
