time,ur20-shoulder_pan_joint,ur20-shoulder_lift_joint,ur20-elbow_joint,ur20-wrist_1_joint,ur20-wrist_2_joint,ur20-wrist_3_joint,target-POS_X,target-POS_Y,target-POS_Z,target-ROT_X,target-ROT_Y,target-ROT_Z,target-ROT_W
0.0,-0.30246487259864807,-0.9526600241661072,1.962077260017395,-2.5802135467529297,-1.5707963705062866,1.2683314085006714,1.0591250658035278,-0.11993013322353363,0.1676350086927414,0.0,1.0,0.0,0.0
1.0,-0.3078159689903259,-0.9624109268188477,1.9844250679016113,-2.5928103923797607,-1.5707963705062866,1.262980341911316,1.0444833040237427,-0.12114975601434708,0.1676350086927414,0.0,1.0,0.0,0.0
2.0,-0.31622570753097534,-0.9553425908088684,1.968217372894287,-2.5836710929870605,-1.5707963705062866,1.2545706033706665,1.053552508354187,-0.1332421749830246,0.1676350086927414,0.0,1.0,0.0,0.0
3.0,-0.3321881592273712,-0.9585466980934143,1.9755589962005615,-2.587808609008789,-1.5707963705062866,1.2386081218719482,1.0467361211776733,-0.14847029745578766,0.1676350086927414,0.0,1.0,0.0,0.0
4.0,-0.34549227356910706,-0.9544456005096436,1.9661636352539062,-2.5825142860412598,-1.5707963705062866,1.2253040075302124,1.0504688024520874,-0.16447040438652039,0.1676350086927414,0.0,1.0,0.0,0.0
5.0,-0.3387625515460968,-0.9457937479019165,1.9463883638381958,-2.5713908672332764,-1.5707963705062866,1.2320337295532227,1.0637322664260864,-0.16168905794620514,0.1676350086927414,0.0,1.0,0.0,0.0
6.0,-0.3233496844768524,-0.9472662210464478,1.9497497081756592,-2.573279857635498,-1.5707963705062866,1.2474466562271118,1.0640220642089844,-0.14457973837852478,0.1676350086927414,0.0,1.0,0.0,0.0
7.0,-0.30870434641838074,-0.9434365630149841,1.9410109519958496,-2.568370819091797,-1.5707963705062866,1.2620919942855835,1.07144296169281,-0.13070949912071228,0.1676350086927414,0.0,1.0,0.0,0.0
8.0,-0.286788672208786,-0.9466768503189087,1.94840407371521,-2.572523593902588,-1.5707963705062866,1.2840076684951782,1.0694366693496704,-0.10583803057670593,0.1676350086927414,0.0,1.0,0.0,0.0
9.0,-0.27981430292129517,-0.9386146664619446,1.930024266242981,-2.5622060298919678,-1.5707963705062866,1.2909820079803467,1.081620216369629,-0.10167320817708969,0.1676350086927414,0.0,1.0,0.0,0.0
10.0,-0.26862359046936035,-0.9463747143745422,1.9477143287658691,-2.5721359252929688,-1.5707963705062866,1.3021727800369263,1.0716158151626587,-0.08651447296142578,0.1676350086927414,0.0,1.0,0.0,0.0
11.0,-0.2592182755470276,-0.9370384216308594,1.9264365434646606,-2.560194492340088,-1.5707963705062866,1.3115780353546143,1.085728406906128,-0.07997115701436996,0.1676350086927414,0.0,1.0,0.0,0.0
12.0,-0.2515605688095093,-0.9465236067771912,1.9480541944503784,-2.572326898574829,-1.5707963705062866,1.3192358016967773,1.0727216005325317,-0.06816266477108002,0.1676350086927414,0.0,1.0,0.0,0.0
13.0,-0.24197779595851898,-0.9354208707809448,1.9227567911148071,-2.5581321716308594,-1.5707963705062866,1.3288185596466064,1.0892542600631714,-0.06181149557232857,0.1676350086927414,0.0,1.0,0.0,0.0
14.0,-0.23030485212802887,-0.9341718554496765,1.9199166297912598,-2.5565412044525146,-1.5707963705062866,1.3404914140701294,1.091686487197876,-0.049511268734931946,0.1676350086927414,0.0,1.0,0.0,0.0
15.0,-0.2360600382089615,-0.9456960558891296,1.9461654424667358,-2.571265697479248,-1.5707963705062866,1.3347362279891968,1.0748449563980103,-0.051815006881952286,0.1676350086927414,0.0,1.0,0.0,0.0
16.0,-0.22140084207057953,-0.9420369863510132,1.9378201961517334,-2.566579580307007,-1.5707963705062866,1.349395513534546,1.0807808637619019,-0.03724478557705879,0.1676350086927414,0.0,1.0,0.0,0.0
17.0,-0.21176041662693024,-0.9303030967712402,1.911126732826233,-2.5516200065612793,-1.5707963705062866,1.3590359687805176,1.0979528427124023,-0.030449341982603073,0.1676350086927414,0.0,1.0,0.0,0.0
18.0,-0.22188317775726318,-0.9214490652084351,1.8910495042800903,-2.5403966903686523,-1.5707963705062866,1.3489131927490234,1.1101422309875488,-0.04439403861761093,0.1676350086927414,0.0,1.0,0.0,0.0
19.0,-0.23404571413993835,-0.9240527153015137,1.896947979927063,-2.543691635131836,-1.5707963705062866,1.3367506265640259,1.1058515310287476,-0.05701790004968643,0.1676350086927414,0.0,1.0,0.0,0.0
20.0,-0.24168455600738525,-0.9153018593788147,1.8771412372589111,-2.5326356887817383,-1.5707963705062866,1.3291118144989014,1.117650032043457,-0.0684872567653656,0.1676350086927414,0.0,1.0,0.0,0.0
21.0,-0.22945423424243927,-0.9151908755302429,1.8768903017044067,-2.5324957370758057,-1.5707963705062866,1.3413420915603638,1.1185593605041504,-0.0548495389521122,0.1676350086927414,0.0,1.0,0.0,0.0
22.0,-0.2079668790102005,-0.9129253625869751,1.8717707395553589,-2.529641628265381,-1.5707963705062866,1.3628294467926025,1.1226602792739868,-0.0314750112593174,0.1676350086927414,0.0,1.0,0.0,0.0
23.0,-0.22066421806812286,-0.9035059213638306,1.8505191802978516,-2.5178096294403076,-1.5707963705062866,1.3501321077346802,1.1352739334106445,-0.04866629093885422,0.1676350086927414,0.0,1.0,0.0,0.0
24.0,-0.23484578728675842,-0.9034414887428284,1.8503738641738892,-2.517728805541992,-1.5707963705062866,1.335950493812561,1.1345585584640503,-0.06478212028741837,0.1676350086927414,0.0,1.0,0.0,0.0
25.0,-0.2433931529521942,-0.895484447479248,1.832463026046753,-2.507774829864502,-1.5707963705062866,1.32740318775177,1.1448686122894287,-0.07718503475189209,0.1676350086927414,0.0,1.0,0.0,0.0
26.0,-0.25898420810699463,-0.890206515789032,1.8206024169921875,-2.501192092895508,-1.5707963705062866,1.311812162399292,1.1506786346435547,-0.09691957384347916,0.1676350086927414,0.0,1.0,0.0,0.0
27.0,-0.2169526368379593,-0.6243993639945984,1.2500615119934082,-1.1595929861068726,-1.758309245109558,-0.10976793617010117,1.2485878467559814,-0.09884552657604218,0.09920476377010345,0.6123724579811096,-0.6123723983764648,-0.3535533845424652,0.3535533845424652
28.0,-0.22575725615024567,-0.6301170587539673,1.2470049858093262,-1.1516871452331543,-1.7658865451812744,-0.11433536559343338,1.248587727546692,-0.11122360080480576,0.10846458375453949,0.6123724579811096,-0.6123723983764648,-0.3535534143447876,0.3535534143447876
29.0,-0.27230650186538696,-0.8975127339363098,1.8370251655578613,-2.5103087425231934,-1.5707963705062866,1.2984898090362549,1.1394089460372925,-0.1094823032617569,0.1676350086927414,0.0,1.0,0.0,0.0
30.0,-0.25966551899909973,-0.9021541476249695,1.8474737405776978,-2.51611590385437,-1.5707963705062866,1.3111307621002197,1.1343648433685303,-0.093387171626091,0.1676350086927414,0.0,1.0,0.0,0.0
31.0,-0.24619165062904358,-0.9070335626602173,1.8584716320037842,-2.5222344398498535,-1.5707963705062866,1.3246046304702759,1.1287997961044312,-0.07640613615512848,0.1676350086927414,0.0,1.0,0.0,0.0
32.0,-0.2570326328277588,-0.9133715033531189,1.8727787733078003,-2.5302035808563232,-1.5707963705062866,1.3137637376785278,1.1191469430923462,-0.0863366350531578,0.1676350086927414,0.0,1.0,0.0,0.0
33.0,-0.2696572244167328,-0.9121791124343872,1.8700851202011108,-2.5287022590637207,-1.5707963705062866,1.3011391162872314,1.119614601135254,-0.10091330856084824,0.1676350086927414,0.0,1.0,0.0,0.0
34.0,-0.24931064248085022,-0.9264213442802429,1.902318000793457,-2.5466928482055664,-1.5707963705062866,1.3214856386184692,1.1015183925628662,-0.07304246723651886,0.1676350086927414,0.0,1.0,0.0,0.0
35.0,-0.26619285345077515,-0.9286994338035583,1.9074863195419312,-2.5495831966400146,-1.5707963705062866,1.3046034574508667,1.0969278812408447,-0.09075461328029633,0.1676350086927414,0.0,1.0,0.0,0.0
36.0,-0.28394079208374023,-0.9204768538475037,1.8888481855392456,-2.539167642593384,-1.5707963705062866,1.2868555784225464,1.106601357460022,-0.11355090141296387,0.1676350086927414,0.0,1.0,0.0,0.0
37.0,-0.2998655140399933,-0.9313681721687317,1.9135456085205078,-2.552973747253418,-1.5707963705062866,1.2709307670593262,1.0895278453826904,-0.12648159265518188,0.1676350086927414,0.0,1.0,0.0,0.0
38.0,-0.31236696243286133,-0.9280554056167603,1.9060248136520386,-2.5487656593322754,-1.5707963705062866,1.2584294080734253,1.0924628973007202,-0.14157798886299133,0.1676350086927414,0.0,1.0,0.0,0.0
39.0,-0.33279454708099365,-0.9353034496307373,1.9224897623062134,-2.5579826831817627,-1.5707963705062866,1.238001823425293,1.0793226957321167,-0.16039973497390747,0.1676350086927414,0.0,1.0,0.0,0.0
40.0,-0.34162867069244385,-0.9245451092720032,1.8980640172958374,-2.5443150997161865,-1.5707963705062866,1.2291676998138428,1.0926625728607178,-0.17519031465053558,0.1676350086927414,0.0,1.0,0.0,0.0
41.0,-0.32862088084220886,-0.924994945526123,1.8990836143493652,-2.5448851585388184,-1.5707963705062866,1.2421754598617554,1.0942308902740479,-0.16075199842453003,0.1676350086927414,0.0,1.0,0.0,0.0
42.0,-0.32468152046203613,-0.913524866104126,1.8731250762939453,-2.5303966999053955,-1.5707963705062866,1.2461148500442505,1.11054265499115,-0.16172033548355103,0.1676350086927414,0.0,1.0,0.0,0.0
43.0,-0.31269049644470215,-0.9185143709182739,1.884406566619873,-2.5366885662078857,-1.5707963705062866,1.2581058740615845,1.1055752038955688,-0.14618542790412903,0.1676350086927414,0.0,1.0,0.0,0.0
44.0,-0.2993425726890564,-0.9193418025970459,1.8862789869308472,-2.537733554840088,-1.5707963705062866,1.2714537382125854,1.1062874794006348,-0.13106371462345123,0.1676350086927414,0.0,1.0,0.0,0.0
45.0,-0.3094395101070404,-0.9058161973953247,1.8557263612747192,-2.5207066535949707,-1.5707963705062866,1.2613568305969238,1.1233634948730469,-0.1481274515390396,0.1676350086927414,0.0,1.0,0.0,0.0
46.0,-0.29623278975486755,-0.9089715480804443,1.8628438711166382,-2.5246684551239014,-1.5707963705062866,1.2745635509490967,1.1209229230880737,-0.1319669634103775,0.1676350086927414,0.0,1.0,0.0,0.0
47.0,-0.2831875681877136,-0.9024362564086914,1.848109245300293,-2.5164692401885986,-1.5707963705062866,1.2876087427139282,1.131470799446106,-0.11992977559566498,0.1676350086927414,0.0,1.0,0.0,0.0
48.0,-0.29648303985595703,-0.8979359865188599,1.837977409362793,-2.5108377933502197,-1.5707963705062866,1.2743133306503296,1.1358588933944702,-0.13682031631469727,0.1676350086927414,0.0,1.0,0.0,0.0
49.0,-0.2826257646083832,-0.8866201043128967,1.812551736831665,-2.49672794342041,-1.5707963705062866,1.288170576095581,1.152870774269104,-0.12548914551734924,0.1676350086927414,0.0,1.0,0.0,0.0
50.0,-0.2335871011018753,-0.6202356815338135,1.246915578842163,-1.1622822284698486,-1.772621512413025,-0.11840866506099701,1.2485878467559814,-0.12225990742444992,0.09582330286502838,0.6123724579811096,-0.6123723983764648,-0.3535533845424652,0.3535533845424652
51.0,-0.2429691106081009,-0.623677670955658,1.2436904907226562,-1.1566158533096313,-1.7806873321533203,-0.12330422550439835,1.248587727546692,-0.13552168011665344,0.10226063430309296,0.6123724579811096,-0.6123723983764648,-0.3535534143447876,0.3535534143447876
52.0,-0.3011838495731354,-0.8846001625061035,1.8080203533172607,-2.4942164421081543,-1.5707963705062866,1.269612431526184,1.1530264616012573,-0.14769475162029266,0.1676350086927414,0.0,1.0,0.0,0.0
53.0,-0.3139425218105316,-0.8843275904655457,1.8074090480804443,-2.49387788772583,-1.5707963705062866,1.2568538188934326,1.1514084339141846,-0.16251036524772644,0.1676350086927414,0.0,1.0,0.0,0.0
54.0,-0.26589465141296387,-0.6196238398551941,1.2367914915084839,-1.1563940048217773,-1.8003754615783691,-0.13533924520015717,1.248587727546692,-0.16811633110046387,0.101323202252388,0.6123724579811096,-0.6123723983764648,-0.3535534143447876,0.3535534143447876
55.0,-0.2550343871116638,-0.6144309043884277,1.2415318489074707,-1.165052890777588,-1.7910526990890503,-0.12962481379508972,1.248587727546692,-0.15264073014259338,0.09168602526187897,0.6123724579811096,-0.6123723983764648,-0.3535534143447876,0.3535534143447876
56.0,-0.24691659212112427,-0.611315906047821,1.2445883750915527,-1.170309066772461,-1.7840795516967773,-0.12536904215812683,1.248587727546692,-0.14111444354057312,0.08578158915042877,0.6123724579811096,-0.6123723983764648,-0.3535534143447876,0.3535534143447876
57.0,-0.23814602196216583,-0.6079438924789429,1.2475720643997192,-1.1757113933563232,-1.7765414714813232,-0.12078545242547989,1.248587727546692,-0.12869881093502045,0.07959635555744171,0.6123724579811096,-0.6123723983764648,-0.3535534143447876,0.3535534143447876
58.0,-0.25910431146621704,-0.5986919403076172,1.242311716079712,-1.1820425987243652,-1.794547200202942,-0.1317634880542755,1.2485878467559814,-0.15843267738819122,0.0708896666765213,0.6123724579811096,-0.6123723983764648,-0.3535533845424652,0.3535533845424652
59.0,-0.24972088634967804,-0.5932352542877197,1.2458676099777222,-1.1899816989898682,-1.7864887714385986,-0.12683774530887604,1.2485878467559814,-0.14509232342243195,0.06167354807257652,0.6123724579811096,-0.6123723983764648,-0.3535533845424652,0.3535533845424652
60.0,-0.25920265913009644,-0.5877513885498047,1.2432996034622192,-1.1939826011657715,-1.7946316003799438,-0.13181520998477936,1.2485878467559814,-0.158572718501091,0.056149210780858994,0.6123724579811096,-0.6123723983764648,-0.3535533845424652,0.3535533845424652
61.0,-0.2691705822944641,-0.5795502662658691,1.2403645515441895,-1.2004364728927612,-1.803186297416687,-0.13706782460212708,1.2485878467559814,-0.17279744148254395,0.04731154069304466,0.6123724579811096,-0.6123723983764648,-0.3535533845424652,0.3535533845424652
62.0,-0.2819022238254547,-0.5722039937973022,1.2358269691467285,-1.2048332691192627,-1.814103603363037,-0.14380788803100586,1.2485878467559814,-0.19105039536952972,0.04051649197936058,0.6123724579811096,-0.6123723983764648,-0.3535533845424652,0.3535533845424652
63.0,-0.28564849495887756,-0.581142246723175,1.2337912321090698,-1.1943418979644775,-1.8173140287399292,-0.14579801261425018,1.2485878467559814,-0.1964402198791504,0.05334123596549034,0.6123724579811096,-0.6123723983764648,-0.3535533845424652,0.3535533845424652
64.0,-0.2742493748664856,-0.5776553750038147,1.2192151546478271,-1.181805968284607,-1.8075425624847412,-0.13975222408771515,1.256820797920227,-0.18238331377506256,0.05715448781847954,0.6123724579811096,-0.6123723983764648,-0.3535533845424652,0.3535533845424652
65.0,-0.26878923177719116,-0.5917537212371826,1.2395973205566406,-1.1874195337295532,-1.8028590679168701,-0.1368664801120758,1.2485878467559814,-0.17225216329097748,0.06357350945472717,0.6123724579811096,-0.6123723983764648,-0.3535533845424652,0.3535533845424652
66.0,-0.2804601788520813,-0.5918583869934082,1.2350436449050903,-1.1842116117477417,-1.812867522239685,-0.1430426687002182,1.2485878467559814,-0.18897804617881775,0.06647877395153046,0.6123724579811096,-0.6123723983764648,-0.3535533845424652,0.3535533845424652
67.0,-0.276798814535141,-0.5919191241264343,1.2167062759399414,-1.1653512716293335,-1.809728741645813,-0.1411018818616867,1.256820797920227,-0.18606099486351013,0.07728554308414459,0.6123724579811096,-0.6123723983764648,-0.3535533845424652,0.3535533845424652
68.0,-0.287831574678421,-0.6024563908576965,1.23062002658844,-1.1701408624649048,-1.819184422492981,-0.14695923030376434,1.2485878467559814,-0.1995851844549179,0.08291937410831451,0.6123724579811096,-0.6123723983764648,-0.3535533845424652,0.3535533845424652
69.0,-0.5348522067070007,-0.7503694891929626,1.6201725006103516,-1.717340350151062,-0.7301418781280518,0.7009699940681458,1.151997447013855,-0.31524983048439026,0.08465196192264557,0.0,0.8660253882408142,0.5,0.0
70.0,-0.5423120260238647,-0.768744707107544,1.6476060152053833,-1.720199465751648,-0.7350963354110718,0.6926314234733582,1.134376049041748,-0.31524983048439026,0.09116487205028534,0.0,0.8660253882408142,0.5000000596046448,0.0
71.0,-0.29406604170799255,-0.609304666519165,1.2266991138458252,-1.160197138786316,-1.8245240449905396,-0.15028151869773865,1.2485878467559814,-0.20858359336853027,0.0942138284444809,0.6123724579811096,-0.6123723983764648,-0.3535533845424652,0.3535533845424652
72.0,-0.14155642688274384,-0.7133141160011292,1.5572664737701416,-1.7697250843048096,-2.4655444622039795,-0.8034524917602539,1.204642653465271,-0.0902203693985939,0.0828806608915329,0.8284997344017029,-0.25216710567474365,-0.1455887258052826,0.47833451628685
73.0,-0.2713044583797455,-0.6020636558532715,1.2174766063690186,-1.1552956104278564,-1.8050167560577393,-0.1381949931383133,1.256820797920227,-0.1781400740146637,0.09002096951007843,0.6123724579811096,-0.6123723983764648,-0.3535534143447876,0.3535534143447876
74.0,-0.2821173369884491,-0.6139814853668213,1.2312898635864258,-1.1585462093353271,-1.8142879009246826,-0.14392206072807312,1.2485878467559814,-0.19135962426662445,0.09743691980838776,0.6123724579811096,-0.6123723983764648,-0.3535533845424652,0.3535533845424652
75.0,-0.3269047141075134,-0.8841044902801514,1.8069088459014893,-2.493600606918335,-1.5707963705062866,1.2438915967941284,1.149498701095581,-0.1775205284357071,0.1676350086927414,0.0,1.0,0.0,0.0
76.0,-0.28576281666755676,-0.6237919926643372,1.2277491092681885,-1.1456648111343384,-1.81741201877594,-0.14585880935192108,1.2485878467559814,-0.1966048628091812,0.11233444511890411,0.6123724579811096,-0.6123723983764648,-0.3535533845424652,0.3535533845424652
77.0,-0.29657959938049316,-0.6177038550376892,1.2239280939102173,-1.149364948272705,-1.8266761302947998,-0.15162353217601776,1.248587727546692,-0.212218776345253,0.10682465136051178,0.6123724579811096,-0.6123723983764648,-0.3535534143447876,0.3535534143447876
78.0,-0.36177340149879456,-0.8848598599433899,1.8086028099060059,-2.494539260864258,-1.5707963705062866,1.209022879600525,1.141629934310913,-0.21711465716362,0.1676350086927414,0.0,1.0,0.0,0.0
79.0,-0.3501316010951996,-0.8885565400123596,1.8168976306915283,-2.4991374015808105,-1.5707963705062866,1.2206647396087646,1.1392449140548706,-0.20204387605190277,0.1676350086927414,0.0,1.0,0.0,0.0
80.0,-0.338003009557724,-0.893257737159729,1.8274571895599365,-2.504995822906494,-1.5707963705062866,1.2327933311462402,1.1354069709777832,-0.18603110313415527,0.1676350086927414,0.0,1.0,0.0,0.0
81.0,-0.3196084797382355,-0.8990961909294128,1.8405883312225342,-2.5122885704040527,-1.5707963705062866,1.251187801361084,1.1308376789093018,-0.16253440082073212,0.1676350086927414,0.0,1.0,0.0,0.0
82.0,-0.3397251069545746,-0.9045844674110413,1.8529497385025024,-2.5191614627838135,-1.5707963705062866,1.2310712337493896,1.1200132369995117,-0.1826593279838562,0.1676350086927414,0.0,1.0,0.0,0.0
83.0,-0.3526843190193176,-0.9073554277420044,1.8591976165771484,-2.5226385593414307,-1.5707963705062866,1.2181119918823242,1.1138536930084229,-0.19579680263996124,0.1676350086927414,0.0,1.0,0.0,0.0
84.0,-0.3594805598258972,-0.900317907333374,1.8433386087417603,-2.513817071914673,-1.5707963705062866,1.2113157510757446,1.1218446493148804,-0.2068750262260437,0.1676350086927414,0.0,1.0,0.0,0.0
85.0,-0.544391930103302,-0.7869152426719666,1.653921365737915,-1.7066329717636108,-0.7364838123321533,0.6903228759765625,1.1295446157455444,-0.31524983048439026,0.10767172276973724,0.0,0.8660253882408142,0.5000000596046448,0.0
86.0,-0.5489416122436523,-0.7847881317138672,1.6709729433059692,-1.7220938205718994,-0.7395281195640564,0.6852975487709045,1.119096279144287,-0.31524983048439026,0.09699471294879913,0.0,0.8660253882408142,0.5000000596046448,0.0
87.0,-0.5515797734260559,-0.7998648285865784,1.679208755493164,-1.7131133079528809,-0.7412992119789124,0.6823990345001221,1.1131123304367065,-0.31524983048439026,0.1090332418680191,0.0,0.8660253882408142,0.5,0.0
88.0,-0.5600935816764832,-0.8083888292312622,1.708544135093689,-1.727099061012268,-0.747042715549469,0.6731207966804504,1.0941637754440308,-0.31524983048439026,0.10377998650074005,0.0,0.8660253882408142,0.5000000596046448,0.0
89.0,-0.36623141169548035,-0.9124175906181335,1.8706237077713013,-2.5290024280548096,-1.5707963705062866,1.2045649290084839,1.1043481826782227,-0.20827864110469818,0.1676350086927414,0.0,1.0,0.0,0.0
90.0,-0.3551415503025055,-0.9186167120933533,1.8846381902694702,-2.536817789077759,-1.5707963705062866,1.215654730796814,1.0982369184494019,-0.19292114675045013,0.1676350086927414,0.0,1.0,0.0,0.0
91.0,-0.36975204944610596,-0.9258381128311157,1.9009953737258911,-2.5459535121917725,-1.5707963705062866,1.2010443210601807,1.0855531692504883,-0.20516766607761383,0.1676350086927414,0.0,1.0,0.0,0.0
92.0,-0.3545900881290436,-0.9280941486358643,1.9061126708984375,-2.5488147735595703,-1.5707963705062866,1.2162061929702759,1.0854603052139282,-0.18754573166370392,0.1676350086927414,0.0,1.0,0.0,0.0
93.0,-0.3489677309989929,-0.938296377658844,1.9292995929718018,-2.5617995262145996,-1.5707963705062866,1.221828579902649,1.0724503993988037,-0.17632873356342316,0.1676350086927414,0.0,1.0,0.0,0.0
94.0,-0.36236733198165894,-0.9398477673530579,1.9328322410583496,-2.5637807846069336,-1.5707963705062866,1.208428978919983,1.0678521394729614,-0.1898718774318695,0.1676350086927414,0.0,1.0,0.0,0.0
95.0,-0.3764265179634094,-0.9417076706886292,1.9370695352554321,-2.5661582946777344,-1.5707963705062866,1.1943697929382324,1.0625219345092773,-0.20385567843914032,0.1676350086927414,0.0,1.0,0.0,0.0
96.0,-0.5693706274032593,-0.8222487568855286,1.738600492477417,-1.7359951734542847,-0.7533494830131531,0.6631416082382202,1.0741245746612549,-0.31524983048439026,0.10385869443416595,0.0,0.8660253882408142,0.5,0.0
97.0,-0.3910292983055115,-0.9408736824989319,1.9351692199707031,-2.565091848373413,-1.5707963705062866,1.1797670125961304,1.060571551322937,-0.21981903910636902,0.1676350086927414,0.0,1.0,0.0,0.0
98.0,-0.5836686491966248,-0.8419141173362732,1.7823491096496582,-1.749101161956787,-0.7631649374961853,0.648022472858429,1.0444128513336182,-0.31524983048439026,0.10348711907863617,0.0,0.8660253882408142,0.5000000596046448,0.0
99.0,-0.5777854919433594,-0.8280271887779236,1.7652314901351929,-1.7503472566604614,-0.7591123580932617,0.6542055606842041,1.0564712285995483,-0.31524983048439026,0.0973602682352066,0.0,0.8660253882408142,0.5000000596046448,0.0
100.0,-0.575279176235199,-0.8108031153678894,1.7585084438323975,-1.7627723217010498,-0.7573917508125305,0.6568556427955627,1.0616785287857056,-0.31524983048439026,0.08294995129108429,0.0,0.8660253882408142,0.5000000596046448,0.0
101.0,-0.5664820671081543,-0.8029589056968689,1.7305628061294556,-1.7495051622390747,-0.7513803839683533,0.6662342548370361,1.0802979469299316,-0.31524983048439026,0.08773411810398102,0.0,0.8660253882408142,0.5000000596046448,0.0
102.0,-0.5692369937896729,-0.7958901524543762,1.7399485111236572,-1.7638057470321655,-0.7532581686973572,0.6632843613624573,1.074409008026123,-0.31524983048439026,0.07612340152263641,0.0,0.8660253882408142,0.5000000596046448,0.0
103.0,-0.5756873488426208,-0.7946605086326599,1.7604490518569946,-1.7805416584014893,-0.7576717734336853,0.6564235091209412,1.060827612876892,-0.31524983048439026,0.0656539648771286,0.0,0.8660253882408142,0.5,0.0
104.0,-0.5847955942153931,-0.8029589056968689,1.7879464626312256,-1.7928025722503662,-0.7639434933662415,0.6468441486358643,1.0421288013458252,-0.31524983048439026,0.06199590489268303,0.0,0.8660253882408142,0.5,0.0
105.0,-0.5859086513519287,-0.8179764151573181,1.7907681465148926,-1.7797678709030151,-0.7647130489349365,0.6456820964813232,1.0398811101913452,-0.31524983048439026,0.0757790058851242,0.0,0.8660253882408142,0.5,0.0
106.0,-0.5883658528327942,-0.8349080681800842,1.7971394062042236,-1.7673627138137817,-0.7664142847061157,0.64312344789505,1.0349472761154175,-0.31524983048439026,0.0898209661245346,0.0,0.8660253882408142,0.5,0.0
107.0,-0.594778299331665,-0.8276457786560059,1.8162728548049927,-1.7889888286590576,-0.770869255065918,0.6364886164665222,1.0222511291503906,-0.31524983048439026,0.07426892220973969,0.0,0.8660253882408142,0.5,0.0
108.0,-0.599790632724762,-0.8210684657096863,1.8306154012680054,-1.8062254190444946,-0.7743666768074036,0.6313447952270508,1.0125038623809814,-0.31524983048439026,0.0617506317794323,0.0,0.8660253882408142,0.5,0.0
109.0,-0.592246413230896,-0.8108683824539185,1.809542179107666,-1.8009110689163208,-0.7691076397895813,0.6391010284423828,1.0272334814071655,-0.31524983048439026,0.06061480566859245,0.0,0.8660253882408142,0.5,0.0
110.0,-0.5919434428215027,-0.7969493865966797,1.8087995052337646,-1.8143125772476196,-0.7688970565795898,0.6394142508506775,1.027832269668579,-0.31524983048439026,0.047169964760541916,0.0,0.8660253882408142,0.5,0.0
111.0,-0.6003782749176025,-0.806117594242096,1.832389235496521,-1.8225207328796387,-0.7747775912284851,0.6307441592216492,1.0113710165023804,-0.31524983048439026,0.04644937440752983,0.0,0.8660253882408142,0.5,0.0
112.0,-0.6069146394729614,-0.8004938364028931,1.849921464920044,-1.8409374952316284,-0.7793601751327515,0.6240969896316528,0.9989084005355835,-0.31524983048439026,0.03397221490740776,0.0,0.8660253882408142,0.5,0.0
113.0,-0.596445620059967,-0.7911887764930725,1.8213911056518555,-1.8293344974517822,-0.7720311880111694,0.6347734332084656,1.0189918279647827,-0.31524983048439026,0.03632120415568352,0.0,0.8660253882408142,0.5,0.0
114.0,-0.5879557132720947,-0.7757993340492249,1.7970695495605469,-1.8267089128494263,-0.7661300897598267,0.643549919128418,1.0357681512832642,-0.31524983048439026,0.03102002665400505,0.0,0.8660253882408142,0.5,0.0
115.0,-0.5813239812850952,-0.7661289572715759,1.77744460105896,-1.8217594623565674,-0.7615476846694946,0.6504803895950317,1.0491909980773926,-0.31524983048439026,0.029436897486448288,0.0,0.8660253882408142,0.5,0.0
116.0,-0.5833060145378113,-0.7829979062080383,1.783653974533081,-1.8095966577529907,-0.7629146575927734,0.6484021544456482,1.0451494455337524,-0.31524983048439026,0.04381392523646355,0.0,0.8660253882408142,0.5,0.0
117.0,-0.5754785537719727,-0.76418536901474,1.7598259449005127,-1.8105542659759521,-0.7575286030769348,0.6566445827484131,1.0612627267837524,-0.31524983048439026,0.03488362953066826,0.0,0.8660253882408142,0.5,0.0
118.0,-0.5726736783981323,-0.7716780304908752,1.7512943744659424,-1.7966945171356201,-0.7556068301200867,0.659621000289917,1.0671371221542358,-0.31524983048439026,0.04621080681681633,0.0,0.8660253882408142,0.5,0.0
119.0,-0.5665329694747925,-0.7612162828445435,1.7317966222763062,-1.7924418449401855,-0.7514151334762573,0.6661797165870667,1.0801886320114136,-0.31524983048439026,0.04396573826670647,0.0,0.8660253882408142,0.5,0.0
120.0,-0.5603516697883606,-0.7485507130622864,1.711510419845581,-1.7896984815597534,-0.7472175359725952,0.6728414297103882,1.0935978889465332,-0.31524983048439026,0.03973821923136711,0.0,0.8660253882408142,0.5,0.0
121.0,-0.5539417862892151,-0.7471499443054199,1.6899553537368774,-1.7746690511703491,-0.742888331413269,0.6798133850097656,1.1078003644943237,-0.31524983048439026,0.04796324297785759,0.0,0.8660253882408142,0.5,0.0
122.0,-0.5660277605056763,-0.7754216194152832,1.730143427848816,-1.7769795656204224,-0.7510712146759033,0.6667219996452332,1.081274390220642,-0.31524983048439026,0.059419553726911545,0.0,0.8660253882408142,0.5,0.0
123.0,-0.5583282709121704,-0.7644506692886353,1.7048088312149048,-1.768707275390625,-0.7458482980728149,0.6750351786613464,1.0980479717254639,-0.31524983048439026,0.059452127665281296,0.0,0.8660253882408142,0.5,0.0
124.0,-0.5628998875617981,-0.7852319478988647,1.7195872068405151,-1.7590758800506592,-0.7489452958106995,0.6700879335403442,1.0880364179611206,-0.31524983048439026,0.07441563904285431,0.0,0.8660253882408142,0.5,0.0
125.0,-0.5568708777427673,-0.7791985273361206,1.6994118690490723,-1.749726414680481,-0.7448635101318359,0.6766192317008972,1.1012722253799438,-0.31524983048439026,0.07747156918048859,0.0,0.8660253882408142,0.5000000596046448,0.0
126.0,-0.558093249797821,-0.7927969098091125,1.7028696537017822,-1.7386093139648438,-0.7456893920898438,0.6752903461456299,1.0985668897628784,-0.31524983048439026,0.090145543217659,0.0,0.8660253882408142,0.5000000596046448,0.0
127.0,-0.5470565557479858,-0.7698050141334534,1.6651060581207275,-1.7327462434768677,-0.7382652759552002,0.687375545501709,1.1234053373336792,-0.31524983048439026,0.0837927907705307,0.0,0.8660253882408142,0.5000000596046448,0.0
128.0,-0.5529187917709351,-0.7631281018257141,1.6862728595733643,-1.7558326721191406,-0.7421996593475342,0.6809321045875549,1.110095739364624,-0.31524983048439026,0.0666201263666153,0.0,0.8660253882408142,0.5,0.0
129.0,-0.548460066318512,-0.7465353608131409,1.670857310295105,-1.7606228590011597,-0.7392054200172424,0.685827910900116,1.1201943159103394,-0.31524983048439026,0.05611155554652214,0.0,0.8660253882408142,0.5,0.0
130.0,-0.54559725522995,-0.752912163734436,1.6604856252670288,-1.7462120056152344,-0.7372891902923584,0.6889883279800415,1.126760482788086,-0.31524983048439026,0.06784416735172272,0.0,0.8660253882408142,0.5,0.0
131.0,-0.5384323000907898,-0.7439820170402527,1.6341959238052368,-1.7347642183303833,-0.7325153350830078,0.6969567537307739,1.14348304271698,-0.31524983048439026,0.07078014314174652,0.0,0.8660253882408142,0.5,0.0
132.0,-0.2921805679798126,-0.5908318758010864,1.2300926446914673,-1.1818116903305054,-1.8229094743728638,-0.14927580952644348,1.2485878467559814,-0.20585955679416656,0.06816111505031586,0.6123724579811096,-0.6123723983764648,-0.3535533845424652,0.3535533845424652
133.0,-0.5352659225463867,-0.7249582409858704,1.6225064992904663,-1.744739294052124,-0.7304157614707947,0.7005051374435425,1.1510080099105835,-0.31524983048439026,0.05557669326663017,0.0,0.8660253882408142,0.5,0.0
134.0,-0.2944035232067108,-0.5742527842521667,1.230392336845398,-1.1989874839782715,-1.8248130083084106,-0.1504616141319275,1.2485878467559814,-0.20907141268253326,0.046443115919828415,0.6123724579811096,-0.6123723983764648,-0.3535533845424652,0.3535533845424652
135.0,-0.5402594208717346,-0.7242141366004944,1.6411832571029663,-1.7600034475326538,-0.7337296605110168,0.6949167251586914,1.13917875289917,-0.31524983048439026,0.04588494822382927,0.0,0.8660253882408142,0.5,0.0
136.0,-0.5458682179450989,-0.7229785919189453,1.661397933959961,-1.7768360376358032,-0.7374703288078308,0.6886886358261108,1.1261361837387085,-0.31524983048439026,0.03516535088419914,0.0,0.8660253882408142,0.5,0.0
137.0,-0.5533524751663208,-0.7295078635215759,1.6875666379928589,-1.7903969287872314,-0.7424915432929993,0.680457592010498,1.109121561050415,-0.31524983048439026,0.030310403555631638,0.0,0.8660253882408142,0.5,0.0
138.0,-0.5441137552261353,-0.7089502811431885,1.6546180248260498,-1.7855230569839478,-0.736298143863678,0.6906312704086304,1.1301887035369873,-0.31524983048439026,0.023106258362531662,0.0,0.8660253882408142,0.5,0.0
139.0,-0.5385996699333191,-0.7070305943489075,1.6346348524093628,-1.7720154523849487,-0.7326264977455139,0.696769654750824,1.1430875062942505,-0.31524983048439026,0.030189495533704758,0.0,0.8660253882408142,0.5,0.0
140.0,-0.29749348759651184,-0.5555546283721924,1.2294907569885254,-1.2172008752822876,-1.8274585008621216,-0.15211187303066254,1.2485878467559814,-0.21354150772094727,0.022659312933683395,0.6123724579811096,-0.6123723983764648,-0.3535533845424652,0.3535533845424652
141.0,-0.4405461549758911,-0.6165800094604492,1.371840476989746,-1.3475406169891357,-1.1098889112472534,0.29078081250190735,1.207730770111084,-0.2712936997413635,0.02592560276389122,-0.25216710567474365,0.8284998536109924,0.47833457589149475,-0.1455887407064438
142.0,-0.2728855311870575,-0.5602952241897583,1.2206439971923828,-1.2004261016845703,-1.806372880935669,-0.1390308141708374,1.256820797920227,-0.18041753768920898,0.033642496913671494,0.6123724579811096,-0.6123723983764648,-0.3535533845424652,0.3535533845424652
143.0,-0.2781435251235962,-0.5531015396118164,1.2375141382217407,-1.225145697593689,-1.8108816146850586,-0.14181433618068695,1.2485878467559814,-0.1856514811515808,0.014713284559547901,0.6123724579811096,-0.6123723983764648,-0.3535533845424652,0.3535533845424652
144.0,-0.26807665824890137,-0.555878758430481,1.2412352561950684,-1.2248460054397583,-1.8022477626800537,-0.1364903450012207,1.2485878467559814,-0.17123357951641083,0.01611396297812462,0.6123724579811096,-0.6123723983764648,-0.3535533845424652,0.3535533845424652
145.0,-0.2579843997955322,-0.5639498829841614,1.2446439266204834,-1.2189866304397583,-1.7935857772827148,-0.13117466866970062,1.2485878467559814,-0.15683801472187042,0.02454638108611107,0.6123724579811096,-0.6123723983764648,-0.3535533845424652,0.3535533845424652
146.0,-0.24729298055171967,-0.5629459619522095,1.2478680610656738,-1.2220005989074707,-1.784402847290039,-0.12556609511375427,1.2485878467559814,-0.14164811372756958,0.021325495094060898,0.6123724579811096,-0.6123723983764648,-0.3535533845424652,0.3535533845424652
147.0,-0.255147248506546,-0.5512005686759949,1.2453558444976807,-1.2321202754974365,-1.791149616241455,-0.12968410551548004,1.2485878467559814,-0.15280123054981232,0.007612970657646656,0.6123724579811096,-0.6123723983764648,-0.3535533845424652,0.3535533845424652
148.0,-0.2477080076932907,-0.540881872177124,1.2470431327819824,-1.2432857751846313,-1.784759521484375,-0.12578339874744415,1.2485878467559814,-0.14223666489124298,-0.00674727838486433,0.6123724579811096,-0.6123723983764648,-0.3535533845424652,0.3535533845424652
149.0,-0.24167507886886597,-0.5520296692848206,1.2492057085037231,-1.2336386442184448,-1.7795751094818115,-0.12262802571058273,1.2485878467559814,-0.1336899846792221,0.006409508176147938,0.6123724579811096,-0.6123723983764648,-0.3535533845424652,0.3535533845424652
150.0,-0.23037169873714447,-0.5533593893051147,1.25202214717865,-1.2339318990707397,-1.7698560953140259,-0.1167345941066742,1.2485878467559814,-0.11772437393665314,0.006457892246544361,0.6123724579811096,-0.6123723983764648,-0.3535533845424652,0.3535533845424652
151.0,-0.22400476038455963,-0.5386689305305481,1.2347317934036255,-1.2306863069534302,-1.7643786668777466,-0.11342519521713257,1.256820797920227,-0.11063289642333984,-0.0029640973079949617,0.6123724579811096,-0.6123723983764648,-0.3535533845424652,0.3535533845424652
152.0,-0.20852458477020264,-0.5502179861068726,1.2561426162719727,-1.239058256149292,-1.7510526180267334,-0.10540812462568283,1.2485878467559814,-0.08702688664197922,-6.07848160143476e-05,0.6123724579811096,-0.6123723983764648,-0.3535533845424652,0.3535533845424652
153.0,-0.21843217313289642,-0.5594707727432251,1.2546974420547485,-1.229300856590271,-1.7595828771591187,-0.11053452640771866,1.2485878467559814,-0.10092326253652573,0.012754303403198719,0.6123724579811096,-0.6123723983764648,-0.3535533845424652,0.3535533845424652
154.0,-0.22640496492385864,-0.5652474164962769,1.2531203031539917,-1.222737431526184,-1.7664437294006348,-0.11467193067073822,1.2485878467559814,-0.11213552206754684,0.021158631891012192,0.6123724579811096,-0.6123723983764648,-0.3535533845424652,0.3535533845424652
155.0,-0.3894832134246826,-0.620391309261322,1.4008681774139404,-1.3878397941589355,-1.0677355527877808,0.32330945134162903,1.2138357162475586,-0.2005356103181839,0.01673993095755577,-0.25216710567474365,0.8284997344017029,0.47833451628685,-0.1455887258052826
156.0,-0.3958596885204315,-0.6359536647796631,1.4138599634170532,-1.3832818269729614,-1.0729752779006958,0.31916770339012146,1.2055240869522095,-0.2061113566160202,0.028746094554662704,-0.25216710567474365,0.8284997344017029,0.47833451628685,-0.1455887258052826
157.0,-0.2502537965774536,-0.5728400945663452,1.2468842267990112,-1.2114533185958862,-1.7869465351104736,-0.12711700797080994,1.2485878467559814,-0.14584870636463165,0.0347086600959301,0.6123724579811096,-0.6123723983764648,-0.3535533845424652,0.3535533845424652
158.0,-0.2581634521484375,-0.5785368084907532,1.2442094087600708,-1.2039859294891357,-1.7937394380569458,-0.13126879930496216,1.2485878467559814,-0.15709292888641357,0.04368361458182335,0.6123724579811096,-0.6123723983764648,-0.3535533845424652,0.3535533845424652
159.0,-0.24399231374263763,-0.5809406638145447,1.2483826875686646,-1.204156756401062,-1.7815666198730469,-0.12383916229009628,1.2485878467559814,-0.13697059452533722,0.04427343234419823,0.6123724579811096,-0.6123723983764648,-0.3535533845424652,0.3535533845424652
160.0,-0.2337239682674408,-0.5797635912895203,1.251134991645813,-1.2069880962371826,-1.7727391719818115,-0.11847996711730957,1.2485878467559814,-0.12245307862758636,0.04109009727835655,0.6123724579811096,-0.6123723983764648,-0.3535533845424652,0.3535533845424652
161.0,-0.22807930409908295,-0.5825804471969604,1.2334389686584473,-1.185892939567566,-1.7678841352462769,-0.1155422255396843,1.256820797920227,-0.11640471965074539,0.05487046763300896,0.6123724579811096,-0.6123723983764648,-0.3535533845424652,0.3535533845424652
162.0,-0.23836587369441986,-0.5897057056427002,1.2493788003921509,-1.1957800388336182,-1.7767304182052612,-0.12090019136667252,1.2485878467559814,-0.12900957465171814,0.05498146638274193,0.6123724579811096,-0.6123723983764648,-0.3535533845424652,0.3535533845424652
163.0,-0.389630526304245,-0.6620237827301025,1.400010347366333,-1.3453031778335571,-1.0678565502166748,0.32321351766586304,1.2136428356170654,-0.20066501200199127,0.0679502934217453,-0.25216710567474365,0.8284997344017029,0.47833451628685,-0.1455887258052826
164.0,-0.22526977956295013,-0.60474693775177,1.2511730194091797,-1.1811763048171997,-1.7654670476913452,-0.11408215761184692,1.2485878467559814,-0.11053740978240967,0.07325915992259979,0.6123724579811096,-0.6123723983764648,-0.3535533845424652,0.3535533845424652
165.0,-0.22969137132167816,-0.603245735168457,1.2308111190795898,-1.1627644300460815,-1.769270896911621,-0.11638060957193375,1.256820797920227,-0.1186903640627861,0.08327879011631012,0.6123724579811096,-0.6123723983764648,-0.3535534143447876,0.3535534143447876
166.0,-0.21697048842906952,-0.6119739413261414,1.2520352602005005,-1.1739939451217651,-1.7583246231079102,-0.10977718234062195,1.2485878467559814,-0.09887059032917023,0.08201585710048676,0.6123724579811096,-0.6123723983764648,-0.3535533845424652,0.3535533845424652
167.0,-0.20637698471546173,-0.6067376136779785,1.2546559572219849,-1.1808542013168335,-1.7492029666900635,-0.10429903864860535,1.2485878467559814,-0.08401978760957718,0.07365517318248749,0.6123724579811096,-0.6123723983764648,-0.3535533845424652,0.3535533845424652
168.0,-0.08917897194623947,-0.6940451264381409,1.5435491800308228,-1.7257431745529175,-2.4330129623413086,-0.7391214966773987,1.2046091556549072,-0.023534972220659256,0.06135113164782524,0.8284997344017029,-0.25216710567474365,-0.1455887258052826,0.47833451628685
169.0,-0.19952455163002014,-0.5937265157699585,1.2569626569747925,-1.1955550909042358,-1.7432997226715088,-0.10076513141393661,1.2485878467559814,-0.0744364857673645,0.05550217255949974,0.6123724579811096,-0.6123723983764648,-0.3535533845424652,0.3535533845424652
170.0,-0.20676001906394958,-0.5868356227874756,1.2563066482543945,-1.202441930770874,-1.7495328187942505,-0.1044967845082283,1.2485878467559814,-0.0845559760928154,0.04704863950610161,0.6123724579811096,-0.6123723983764648,-0.3535533845424652,0.3535533845424652
171.0,-0.20975741744041443,-0.5734037756919861,1.2562923431396484,-1.2161368131637573,-1.7521142959594727,-0.10604512691497803,1.2485878467559814,-0.08875391632318497,0.02976113185286522,0.6123724579811096,-0.6123723983764648,-0.3535533845424652,0.3535533845424652
172.0,-0.20028716325759888,-0.5796389579772949,1.2576117515563965,-1.2103593349456787,-1.7439568042755127,-0.10115805268287659,1.2485878467559814,-0.07550214976072311,0.03698178753256798,0.6123724579811096,-0.6123723983764648,-0.3535533845424652,0.3535533845424652
173.0,-0.17545947432518005,-0.5859876275062561,1.2599592208862305,-1.2042959928512573,-1.7225520610809326,-0.08841018378734589,1.2485878467559814,-0.04090842232108116,0.0436590276658535,0.6123724579811096,-0.6123723983764648,-0.3535533845424652,0.3535533845424652
174.0,-0.16684837639331818,-0.5938337445259094,1.259968876838684,-1.1958104372024536,-1.7151223421096802,-0.08400885760784149,1.2485878467559814,-0.028953958302736282,0.05370272323489189,0.6123724579811096,-0.6123723983764648,-0.3535533845424652,0.3535533845424652
175.0,-0.18109671771526337,-0.5827088952064514,1.2411216497421265,-1.1891804933547974,-1.7274143695831299,-0.09129689633846283,1.256820797920227,-0.05025334656238556,0.0502508245408535,0.6123724579811096,-0.6123723983764648,-0.3535533845424652,0.3535533845424652
176.0,-0.04098476469516754,-0.6849842667579651,1.509403109550476,-1.6595250368118286,-2.4014012813568115,-0.6842103600502014,1.213146686553955,0.03739900514483452,0.06262004375457764,0.8284997344017029,-0.25216710567474365,-0.1455887258052826,0.47833451628685
177.0,-0.3432959020137787,-0.6736984252929688,1.435237169265747,-1.3842309713363647,-1.0300084352493286,0.3540500998497009,1.211696743965149,-0.13530778884887695,0.06470471620559692,-0.25216710567474365,0.8284997344017029,0.47833451628685,-0.1455887258052826
178.0,-0.16851717233657837,-0.605384111404419,1.2588640451431274,-1.1832784414291382,-1.7165623903274536,-0.08486106246709824,1.2485878467559814,-0.03126910701394081,0.06921841204166412,0.6123724579811096,-0.6123723983764648,-0.3535533845424652,0.3535533845424652
179.0,-0.1812116801738739,-0.6042678952217102,1.2389957904815674,-1.1655046939849854,-1.7275135517120361,-0.09135580062866211,1.256820797920227,-0.05041426792740822,0.07943238317966461,0.6123724579811096,-0.6123723983764648,-0.3535534143447876,0.3535534143447876
180.0,-0.19400374591350555,-0.6125311851501465,1.2557542324066162,-1.175060749053955,-1.7385421991348267,-0.09792324155569077,1.248587727546692,-0.06672784686088562,0.08039368689060211,0.6123724579811096,-0.6123723983764648,-0.3535534143447876,0.3535534143447876
181.0,-0.19888295233249664,-0.6232817769050598,1.2534420490264893,-1.1624224185943604,-1.7427469491958618,-0.10043460130691528,1.248587727546692,-0.07354006916284561,0.09563522040843964,0.6123724579811096,-0.6123723983764648,-0.3535534143447876,0.3535534143447876
182.0,-0.22351866960525513,-0.8704606294631958,1.8181607723236084,-2.518496513366699,-1.5707963705062866,1.3472776412963867,1.1562646627426147,-0.05671083182096481,0.14934800565242767,0.0,1.0,0.0,0.0
183.0,-0.19219619035720825,-0.6320073008537292,1.2527287006378174,-1.1524046659469604,-1.736984133720398,-0.0969938114285469,1.2485878467559814,-0.06420626491308212,0.10725243389606476,0.6123724579811096,-0.6123723983764648,-0.3535533845424652,0.3535533845424652
184.0,-0.16943727433681488,-0.6295158267021179,1.2552598714828491,-1.1556109189987183,-1.7173563241958618,-0.08533106744289398,1.248587727546692,-0.032545894384384155,0.10239960253238678,0.6123724579811096,-0.6123723983764648,-0.3535534143447876,0.3535534143447876
185.0,-0.2143719643354416,-0.8943687081336975,1.8299545049667358,-2.5063819885253906,-1.5707963705062866,1.356424331665039,1.148158073425293,-0.0442652627825737,0.1676350086927414,0.0,1.0,0.0,0.0
186.0,-0.20480094850063324,-0.8984664678573608,1.8391711711883545,-2.5115010738372803,-1.5707963705062866,1.3659954071044922,1.1428823471069336,-0.03210145980119705,0.1676350086927414,0.0,1.0,0.0,0.0
187.0,-0.1599690467119217,-0.635871171951294,1.2543519735336304,-1.1476616859436035,-1.7091847658157349,-0.08049952238798141,1.2485878467559814,-0.019417770206928253,0.11106343567371368,0.6123724579811096,-0.6123723983764648,-0.3535533845424652,0.3535533845424652
188.0,-0.1776142567396164,-0.6203310489654541,1.2563132047653198,-1.1664743423461914,-1.7244107723236084,-0.08951309323310852,1.2485878467559814,-0.043903108686208725,0.0900045782327652,0.6123724579811096,-0.6123723983764648,-0.3535533845424652,0.3535533845424652
189.0,-0.16711093485355377,-0.6169581413269043,1.2574704885482788,-1.1702067852020264,-1.7153489589691162,-0.08414290100336075,1.248587727546692,-0.02931816875934601,0.08492045104503632,0.6123724579811096,-0.6123723983764648,-0.3535534143447876,0.3535534143447876
190.0,-0.15676935017108917,-0.6181516051292419,1.2575957775115967,-1.1684021949768066,-1.7064225673675537,-0.07886924594640732,1.248587727546692,-0.014986309222877026,0.08632431924343109,0.6123724579811096,-0.6123723983764648,-0.3535534143447876,0.3535534143447876
191.0,-0.1438741236925125,-0.617847204208374,1.2575539350509644,-1.1678142547607422,-1.6952868700027466,-0.07231126725673676,1.248587727546692,0.002849757205694914,0.0858885794878006,0.6123724579811096,-0.6123723983764648,-0.3535534143447876,0.3535534143447876
192.0,-0.14193695783615112,-0.60149747133255,1.24057936668396,-1.1670682430267334,-1.6936135292053223,-0.07132772356271744,1.256820797920227,0.004349709954112768,0.0746900737285614,0.6123724579811096,-0.6123723983764648,-0.3535533845424652,0.3535533845424652
193.0,0.005960814189165831,-0.6894408464431763,1.49540376663208,-1.6047788858413696,-2.3692615032196045,-0.6343318223953247,1.2081605195999146,0.09768039733171463,0.07059721648693085,0.8284997344017029,-0.25216710567474365,-0.1455887258052826,0.47833451628685
194.0,-0.11621604114770889,-0.6071408987045288,1.2570708990097046,-1.1764644384384155,-1.6713855266571045,-0.05830489844083786,1.2485878467559814,0.041002314537763596,0.07225759327411652,0.6123724579811096,-0.6123723983764648,-0.3535533845424652,0.3535533845424652
195.0,-0.11978244036436081,-0.5986945033073425,1.258297085762024,-1.1863207817077637,-1.6744686365127563,-0.060106825083494186,1.2485878467559814,0.036089081317186356,0.06068451330065727,0.6123724579811096,-0.6123723983764648,-0.3535533845424652,0.3535533845424652
196.0,-0.11289286613464355,-0.5909426212310791,1.2581508159637451,-1.193576693534851,-1.6685123443603516,-0.05662686750292778,1.2485878467559814,0.04557910934090614,0.05075530335307121,0.6123724579811096,-0.6123723983764648,-0.3535533845424652,0.3535533845424652
197.0,-0.13054396212100983,-0.5954713821411133,1.2594375610351562,-1.1912730932235718,-1.6837700605392456,-0.0655512660741806,1.2485878467559814,0.021253015846014023,0.05592551454901695,0.6123724579811096,-0.6123723983764648,-0.3535533845424652,0.3535533845424652
198.0,-0.15087077021598816,-0.6049493551254272,1.259294033050537,-1.1829044818878174,-1.7013294696807861,-0.07586711645126343,1.2485878467559814,-0.006823218893259764,0.0683104544878006,0.6123724579811096,-0.6123723983764648,-0.3535533845424652,0.3535533845424652
199.0,-0.14277401566505432,-0.5978376269340515,1.2598257064819336,-1.1900266408920288,-1.6943366527557373,-0.07175267487764359,1.2485878467559814,0.004369770642369986,0.05880759283900261,0.6123724579811096,-0.6123723983764648,-0.3535533845424652,0.3535533845424652
200.0,-0.15385334193706512,-0.5936992764472961,1.2602818012237549,-1.1953418254852295,-1.7039048671722412,-0.07738461345434189,1.2485878467559814,-0.010949836112558842,0.053276728838682175,0.6123724579811096,-0.6123723983764648,-0.3535533845424652,0.3535533845424652
201.0,-0.14028559625148773,-0.5873523354530334,1.2604496479034424,-1.200981616973877,-1.6921870708465576,-0.07048961520195007,1.2485878467559814,0.007807161193341017,0.044940363615751266,0.6123724579811096,-0.6123723983764648,-0.3535533845424652,0.3535533845424652
202.0,-0.14576326310634613,-0.5774648785591125,1.2609670162200928,-1.2117297649383545,-1.6969186067581177,-0.07327083498239517,1.2485878467559814,0.0002389825094724074,0.03194643184542656,0.6123724579811096,-0.6123723983764648,-0.3535533845424652,0.3535533845424652
203.0,-0.15428656339645386,-0.5815324187278748,1.260913610458374,-1.2081698179244995,-1.7042789459228516,-0.07760512083768845,1.2485878467559814,-0.011549403890967369,0.0372576080262661,0.6123724579811096,-0.6123723983764648,-0.3535533845424652,0.3535533845424652
204.0,-0.16530974209308624,-0.5799081325531006,1.260730504989624,-1.2103852033615112,-1.713794469833374,-0.08322344720363617,1.2485878467559814,-0.02682005800306797,0.035332705825567245,0.6123724579811096,-0.6123723983764648,-0.3535533845424652,0.3535533845424652
205.0,-0.1757955700159073,-0.5688772201538086,1.2421420812606812,-1.2036153078079224,-1.7228419780731201,-0.08858217298984528,1.256820797920227,-0.042837854474782944,0.03170592710375786,0.6123724579811096,-0.6123723983764648,-0.3535533845424652,0.3535533845424652
206.0,-0.1854424923658371,-0.5774042010307312,1.2594465017318726,-1.213161826133728,-1.7311618328094482,-0.09352529793977737,1.2485878467559814,-0.05479436740279198,0.03296072408556938,0.6123724579811096,-0.6123723983764648,-0.3535533845424652,0.3535533845424652
207.0,-0.1936967372894287,-0.5686880350112915,1.2586590051651,-1.2217824459075928,-1.738277554512024,-0.09776536375284195,1.2485878467559814,-0.06629948318004608,0.02223290130496025,0.6123724579811096,-0.6123723983764648,-0.3535533845424652,0.3535533845424652
208.0,-0.19759595394134521,-0.5577992796897888,1.2580199241638184,-1.2323698997497559,-1.741637945175171,-0.09977184236049652,1.2485878467559814,-0.07174237817525864,0.00858799833804369,0.6123724579811096,-0.6123723983764648,-0.3535533845424652,0.3535533845424652
209.0,-0.19632360339164734,-0.5448671579360962,1.257594108581543,-1.244765281677246,-1.7405414581298828,-0.09911685436964035,1.2485878467559814,-0.06996572017669678,-0.007848772220313549,0.6123724579811096,-0.6123723983764648,-0.3535533845424652,0.3535533845424652
210.0,-0.18458345532417297,-0.5425270795822144,1.258702278137207,-1.2472245693206787,-1.7304210662841797,-0.09308459609746933,1.2485878467559814,-0.05359828472137451,-0.011553185991942883,0.6123724579811096,-0.6123723983764648,-0.3535533845424652,0.3535533845424652
211.0,-0.17067597806453705,-0.5384389758110046,1.259376049041748,-1.2508965730667114,-1.7184251546859741,-0.08596401661634445,1.2485878467559814,-0.03426516056060791,-0.01727459207177162,0.6123724579811096,-0.6123723983764648,-0.3535533845424652,0.3535533845424652
212.0,-0.1588561236858368,-0.543418824672699,1.2601549625396729,-1.2458391189575195,-1.7082240581512451,-0.07993234694004059,1.2485878467559814,-0.017876144498586655,-0.011360066942870617,0.6123724579811096,-0.6123723983764648,-0.3535533845424652,0.3535533845424652
213.0,-0.16844551265239716,-0.5513549447059631,1.2603191137313843,-1.2387573719024658,-1.7165005207061768,-0.08482445776462555,1.2485878467559814,-0.031169675290584564,-0.0011787444818764925,0.6123724579811096,-0.6123723983764648,-0.3535533845424652,0.3535533845424652
214.0,-0.15797829627990723,-0.5565447211265564,1.2608528137207031,-1.2333498001098633,-1.7074662446975708,-0.07948508113622665,1.2485878467559814,-0.01666036993265152,0.005145859904587269,0.6123724579811096,-0.6123723983764648,-0.3535533845424652,0.3535533845424652
215.0,-0.17622514069080353,-0.5579999089241028,1.2601405382156372,-1.2325243949890137,-1.723212480545044,-0.08880201727151871,1.2485878467559814,-0.04197238013148308,0.007523191161453724,0.6123724579811096,-0.6123723983764648,-0.3535533845424652,0.3535533845424652
216.0,-0.16732636094093323,-0.5664747357368469,1.260794758796692,-1.2240303754806519,-1.7155348062515259,-0.08425291627645493,1.2485878467559814,-0.029617007821798325,0.01801493391394615,0.6123724579811096,-0.6123723983764648,-0.3535533845424652,0.3535533845424652
217.0,-0.13822998106479645,-0.5544683337211609,1.2427617311477661,-1.2160521745681763,-1.6904112100601196,-0.06944673508405685,1.256820797920227,0.009500440210103989,0.012475443072617054,0.6123724579811096,-0.6123723983764648,-0.3535533845424652,0.3535533845424652
218.0,-0.13743947446346283,-0.5519977807998657,1.2603884935379028,-1.236101746559143,-1.6897282600402832,-0.06904580444097519,1.2485878467559814,0.011737212538719177,-0.0005568295600824058,0.6123724579811096,-0.6123723983764648,-0.3535533845424652,0.3535533845424652
219.0,-0.14631271362304688,-0.5422512292861938,1.2600752115249634,-1.246086835861206,-1.6973931789398193,-0.07354999333620071,1.2485878467559814,-0.0005204793997108936,-0.012886750511825085,0.6123724579811096,-0.6123723983764648,-0.3535533845424652,0.3535533845424652
220.0,-0.1365034282207489,-0.533929169178009,1.241723656654358,-1.2354495525360107,-1.6889194250106812,-0.06857114285230637,1.256820797920227,0.011898580938577652,-0.013566303066909313,0.6123724579811096,-0.6123723983764648,-0.3535533845424652,0.3535533845424652
221.0,-0.12614235281944275,-0.5435793399810791,1.2592520713806152,-1.2427326440811157,-1.6799660921096802,-0.06332308053970337,1.2485878467559814,0.027323205024003983,-0.010821106843650341,0.6123724579811096,-0.6123723983764648,-0.3535533845424652,0.3535533845424652
222.0,-0.11077293008565903,-0.5452340245246887,1.257900357246399,-1.23893141746521,-1.6666792631149292,-0.05555690452456474,1.2485878467559814,0.04849812015891075,-0.008009168319404125,0.6123724579811096,-0.6123723983764648,-0.3535533845424652,0.3535533845424652
223.0,-0.12409872561693192,-0.5543551445007324,1.2596726417541504,-1.232265591621399,-1.6781997680664062,-0.06228918209671974,1.2485878467559814,0.030140548944473267,0.0028138875495642424,0.6123724579811096,-0.6123723983764648,-0.3535533845424652,0.3535533845424652
224.0,-0.09984689950942993,-0.5565126538276672,1.2569752931594849,-1.2262262105941772,-1.657230257987976,-0.05004819482564926,1.2485878467559814,0.06353570520877838,0.00699849147349596,0.6123724579811096,-0.6123723983764648,-0.3535533845424652,0.3535533845424652
225.0,-0.1090063750743866,-0.5627926588058472,1.2583669424057007,-1.2217546701431274,-1.6651517152786255,-0.05466558411717415,1.2485878467559814,0.0509301982820034,0.014348355121910572,0.6123724579811096,-0.6123723983764648,-0.3535533845424652,0.3535533845424652
226.0,-0.11943775415420532,-0.5671420693397522,1.2595487833023071,-1.2191070318222046,-1.674170732498169,-0.05993262305855751,1.2485878467559814,0.03656400367617607,0.019330810755491257,0.6123724579811096,-0.6123723983764648,-0.3535533845424652,0.3535533845424652
227.0,-0.1356774866580963,-0.5650791525840759,1.2427024841308594,-1.2052292823791504,-1.6882058382034302,-0.06815239787101746,1.256820797920227,0.013045590370893478,0.026244889944791794,0.6123724579811096,-0.6123723983764648,-0.3535533845424652,0.3535533845424652
228.0,-0.12177689373493195,-0.5845556855201721,1.2594187259674072,-1.2016865015029907,-1.6761927604675293,-0.06111503392457962,1.2485878467559814,0.033340711146593094,0.04184148833155632,0.6123724579811096,-0.6123723983764648,-0.3535533845424652,0.3535533845424652
229.0,-0.11088879406452179,-0.5734448432922363,1.2586021423339844,-1.211427927017212,-1.6667795181274414,-0.0556153729557991,1.2485878467559814,0.048338595777750015,0.027947958558797836,0.6123724579811096,-0.6123723983764648,-0.3535533845424652,0.3535533845424652
230.0,-0.09929922223091125,-0.5702282786369324,1.2570561170578003,-1.2125675678253174,-1.6567565202713013,-0.04977230727672577,1.2485878467559814,0.06428921967744827,0.02463197335600853,0.6123724579811096,-0.6123723983764648,-0.3535533845424652,0.3535533845424652
231.0,-0.08825741708278656,-0.5687299370765686,1.2371089458465576,-1.193668007850647,-1.6472046375274658,-0.04421481490135193,1.256820797920227,0.07874836027622223,0.03398173674941063,0.6123724579811096,-0.6123723983764648,-0.3535533845424652,0.3535533845424652
232.0,-0.08983306586742401,-0.5800999402999878,1.2368919849395752,-1.1821421384811401,-1.648567795753479,-0.04500734061002731,1.256820797920227,0.07656841725111008,0.04887133464217186,0.6123724579811096,-0.6123723983764648,-0.3535533845424652,0.3535533845424652
233.0,-0.06707733869552612,-0.5869413614273071,1.249975323677063,-1.187608242034912,-1.6288760900497437,-0.033576443791389465,1.2485878467559814,0.10859838873147964,0.05013727769255638,0.6123724579811096,-0.6123723983764648,-0.3535533845424652,0.3535533845424652
234.0,-0.07423022389411926,-0.5756480693817139,1.2522082328796387,-1.201353907585144,-1.6350667476654053,-0.03716631233692169,1.2485878467559814,0.09876400977373123,0.03429197892546654,0.6123724579811096,-0.6123723983764648,-0.3535533845424652,0.3535533845424652
235.0,-0.06368781626224518,-0.5715016722679138,1.2497601509094238,-1.2027366161346436,-1.6259422302246094,-0.03187623247504234,1.2485878467559814,0.11325883120298386,0.03030030056834221,0.6123724579811096,-0.6123723983764648,-0.3535533845424652,0.3535533845424652
236.0,-0.05530371889472008,-0.5762442350387573,1.2473652362823486,-1.1953825950622559,-1.6186846494674683,-0.0276730228215456,1.2485878467559814,0.1247880831360817,0.03777776286005974,0.6123724579811096,-0.6123723983764648,-0.3535533845424652,0.3535533845424652
237.0,-0.04648718982934952,-0.5701139569282532,1.2266277074813843,-1.180580735206604,-1.6110517978668213,-0.02325616218149662,1.256820797920227,0.1365327388048172,0.04170636460185051,0.6123724579811096,-0.6123723983764648,-0.3535533845424652,0.3535533845424652
238.0,-0.04096531495451927,-0.5829049944877625,1.2426486015319824,-1.1837059259414673,-1.6062707901000977,-0.020491257309913635,1.2485878467559814,0.14451418817043304,0.04907969757914543,0.6123724579811096,-0.6123723983764648,-0.3535533845424652,0.3535533845424652
239.0,-0.03738752380013466,-0.5935761332511902,1.2405896186828613,-1.170915126800537,-1.603173017501831,-0.01870029978454113,1.2485878467559814,0.14943885803222656,0.06409300863742828,0.6123724579811096,-0.6123723983764648,-0.3535533845424652,0.3535533845424652
240.0,-0.046161092817783356,-0.5870821475982666,1.2252916097640991,-1.162269949913025,-1.610769510269165,-0.023092851042747498,1.256820797920227,0.13698409497737885,0.06459106504917145,0.6123724579811096,-0.6123723983764648,-0.3535533845424652,0.3535533845424652
241.0,-0.038927748799324036,-0.6036946773529053,1.2399709224700928,-1.160203218460083,-1.6045066118240356,-0.019471250474452972,1.248587727546692,0.14731866121292114,0.07756848633289337,0.6123724579811096,-0.6123723983764648,-0.3535534143447876,0.3535534143447876
242.0,-0.050977759063243866,-0.60256028175354,1.2440470457077026,-1.1656485795974731,-1.614939570426941,-0.02550545334815979,1.2485878467559814,0.13073810935020447,0.07373391091823578,0.6123724579811096,-0.6123723983764648,-0.3535533845424652,0.3535533845424652
243.0,-0.06675238907337189,-0.6065212488174438,1.2480295896530151,-1.1660730838775635,-1.6285948753356934,-0.033413421362638474,1.2485878467559814,0.10904517024755478,0.07656262814998627,0.6123724579811096,-0.6123723983764648,-0.3535533845424652,0.3535533845424652
244.0,-0.060985032469034195,-0.5952337980270386,1.2477282285690308,-1.1768993139266968,-1.6236027479171753,-0.03052089735865593,1.2485878467559814,0.11697524040937424,0.062136854976415634,0.6123724579811096,-0.6123723983764648,-0.3535533845424652,0.3535533845424652
245.0,-0.07154012471437454,-0.5965809226036072,1.2503191232681274,-1.1784467697143555,-1.632738709449768,-0.03581589460372925,1.2485878467559814,0.102462537586689,0.062402304261922836,0.6123724579811096,-0.6123723983764648,-0.3535533845424652,0.3535533845424652
246.0,-0.08410224318504333,-0.5971224904060364,1.2530653476715088,-1.1810762882232666,-1.6436095237731934,-0.04212561994791031,1.2485878467559814,0.08519066870212555,0.0615481398999691,0.6123724579811096,-0.6123723983764648,-0.3535533845424652,0.3535533845424652
247.0,-0.24925442039966583,-0.6843718886375427,1.4731673002243042,-1.4482433795928955,-0.9546056985855103,0.42120930552482605,1.214617371559143,-0.009750250726938248,0.06117881461977959,-0.25216710567474365,0.8284997344017029,0.47833451628685,-0.1455887258052826
248.0,-0.10721038281917572,-0.6007392406463623,1.2566453218460083,-1.1820018291473389,-1.663598656654358,-0.053759679198265076,1.2485878467559814,0.05340247228741646,0.06422129273414612,0.6123724579811096,-0.6123723983764648,-0.3535533845424652,0.3535533845424652
249.0,-0.09265042841434479,-0.6045210957527161,1.2539575099945068,-1.1748985052108765,-1.6510051488876343,-0.04642484709620476,1.2485878467559814,0.0734352394938469,0.07060174643993378,0.6123724579811096,-0.6123723983764648,-0.3535533845424652,0.3535533845424652
250.0,-0.2524528205394745,-0.7056190371513367,1.4795811176300049,-1.4320271015167236,-0.9571347832679749,0.41881227493286133,1.2100704908370972,-0.012800943106412888,0.0827844887971878,-0.25216710567474365,0.8284996747970581,0.47833454608917236,-0.1455887407064438
251.0,0.05493186041712761,-0.6817598342895508,1.4563415050506592,-1.5391857624053955,-2.3344976902008057,-0.585750937461853,1.212956190109253,0.16112565994262695,0.07772310078144073,0.8284997344017029,-0.25216710567474365,-0.1455887258052826,0.47833451628685
252.0,-0.0770021453499794,-0.613126814365387,1.2496447563171387,-1.1614025831222534,-1.6374655961990356,-0.0385582260787487,1.248587727546692,0.09495294839143753,0.08417482674121857,0.6123724579811096,-0.6123723983764648,-0.3535534143447876,0.3535534143447876
253.0,-0.08653415739536285,-0.6194168925285339,1.250740885734558,-1.1565476655960083,-1.6457136869430542,-0.04334823414683342,1.2485878467559814,0.08184660971164703,0.09167589247226715,0.6123724579811096,-0.6123723983764648,-0.3535533845424652,0.3535533845424652
254.0,-0.06967347860336304,-0.6277108192443848,1.2453418970108032,-1.142282485961914,-1.6311230659484863,-0.03487907350063324,1.2485878467559814,0.10502894967794418,0.1055288165807724,0.6123724579811096,-0.6123723983764648,-0.3535533845424652,0.3535533845424652
255.0,-0.05977240949869156,-0.6300722360610962,1.2421234846115112,-1.1364243030548096,-1.6225529909133911,-0.0299129206687212,1.248587727546692,0.11864271014928818,0.11047415435314178,0.6123724579811096,-0.6123723983764648,-0.3535534143447876,0.3535534143447876
256.0,-0.06406568735837936,-0.6182690262794495,1.2455838918685913,-1.1518034934997559,-1.6262693405151367,-0.032065752893686295,1.2485878467559814,0.11273925751447678,0.09317301213741302,0.6123724579811096,-0.6123723983764648,-0.3535533845424652,0.3535533845424652
257.0,-0.05476278439164162,-0.6210649609565735,1.2424097061157227,-1.145593285560608,-1.6182163953781128,-0.027401935309171677,1.248587727546692,0.12553204596042633,0.0986456423997879,0.6123724579811096,-0.6123723983764648,-0.3535534143447876,0.3535534143447876
258.0,-0.0433909073472023,-0.6185136437416077,1.2392116785049438,-1.1447045803070068,-1.6083710193634033,-0.021705668419599533,1.248587727546692,0.14117611944675446,0.09721942245960236,0.6123724579811096,-0.6123723983764648,-0.3535534143447876,0.3535534143447876
259.0,-0.04236486926674843,-0.6026526689529419,1.222051978111267,-1.143386960029602,-1.607482671737671,-0.021191945299506187,1.256820797920227,0.14223907887935638,0.08678646385669708,0.6123724579811096,-0.6123723983764648,-0.3535533845424652,0.3535533845424652
260.0,0.11058255285024643,-0.6839746832847595,1.4302177429199219,-1.4760745763778687,-2.2936623096466064,-0.5343831777572632,1.2047381401062012,0.2333015650510788,0.09040166437625885,0.8284996747970581,-0.25216707587242126,-0.1455887407064438,0.4783346354961395
261.0,-0.024366918951272964,-0.606605589389801,1.2341763973236084,-1.1512982845306396,-1.5918982028961182,-0.01218527089804411,1.2485878467559814,0.1673726886510849,0.08473478257656097,0.6123724579811096,-0.6123723983764648,-0.3535533845424652,0.3535533845424652
262.0,-0.02679937705397606,-0.6180493235588074,1.2332136631011963,-1.1389187574386597,-1.5940046310424805,-0.013402096927165985,1.2485878467559814,0.1640208214521408,0.10015983879566193,0.6123724579811096,-0.6123723983764648,-0.3535533845424652,0.3535533845424652
263.0,-0.026119302958250046,-0.8846946358680725,1.8082321882247925,-2.4943339824676514,-1.5707963705062866,1.5446770191192627,1.1496655941009521,0.17103329300880432,0.1676350086927414,0.0,1.0,0.0,0.0
264.0,-0.034991536289453506,-0.6279683113098145,1.234337329864502,-1.1302330493927002,-1.6010982990264893,-0.01750112697482109,1.2485878467559814,0.15273752808570862,0.11236287653446198,0.6123724579811096,-0.6123723983764648,-0.3535533845424652,0.3535533845424652
265.0,-0.055710699409246445,-0.8917414546012878,1.8240501880645752,-2.5031051635742188,-1.5707963705062866,1.5150855779647827,1.144408941268921,0.13749046623706818,0.1676350086927414,0.0,1.0,0.0,0.0
266.0,-0.03710124269127846,-0.8938283920288086,1.828739881515503,-2.5057077407836914,-1.5707963705062866,1.533695101737976,1.1387287378311157,0.15887077152729034,0.1676350086927414,0.0,1.0,0.0,0.0
267.0,-0.04785684123635292,-0.9030346870422363,1.8494573831558228,-2.517219066619873,-1.5707963705062866,1.5229394435882568,1.1274007558822632,0.14723533391952515,0.1676350086927414,0.0,1.0,0.0,0.0
268.0,-0.038058266043663025,-0.9081075191497803,1.8608942031860352,-2.523582935333252,-1.5707963705062866,1.5327380895614624,1.1186976432800293,0.15854939818382263,0.1676350086927414,0.0,1.0,0.0,0.0
269.0,-0.05512161925435066,-0.9141094088554382,1.874445915222168,-2.531132936477661,-1.5707963705062866,1.5156747102737427,1.1126689910888672,0.1399114429950714,0.1676350086927414,0.0,1.0,0.0,0.0
270.0,-0.05992116406559944,-0.9016119837760925,1.84625244140625,-2.515436887741089,-1.5707963705062866,1.5108751058578491,1.1311067342758179,0.13350293040275574,0.1676350086927414,0.0,1.0,0.0,0.0
271.0,-0.07896332442760468,-0.8972477316856384,1.8364289999008179,-2.5099775791168213,-1.5707963705062866,1.491832971572876,1.1395870447158813,0.11145519465208054,0.1676350086927414,0.0,1.0,0.0,0.0
272.0,-0.07345937937498093,-0.9077706336975098,1.8601341247558594,-2.523159980773926,-1.5707963705062866,1.497336983680725,1.1240872144699097,0.1188199445605278,0.1676350086927414,0.0,1.0,0.0,0.0
273.0,-0.07425922155380249,-0.9205778241157532,1.8890767097473145,-2.539295196533203,-1.5707963705062866,1.4965370893478394,1.1058536767959595,0.11928435415029526,0.1676350086927414,0.0,1.0,0.0,0.0
274.0,-0.08520341664552689,-0.928299069404602,1.9065778255462646,-2.549075126647949,-1.5707963705062866,1.4855929613113403,1.0959283113479614,0.10812834650278091,0.1676350086927414,0.0,1.0,0.0,0.0
275.0,-0.09807709604501724,-0.9308965802192688,1.9124743938446045,-2.5523741245269775,-1.5707963705062866,1.4727191925048828,1.0934568643569946,0.09438234567642212,0.1676350086927414,0.0,1.0,0.0,0.0
276.0,-0.08881309628486633,-0.9183853268623352,1.8841146230697632,-2.5365257263183594,-1.5707963705062866,1.4819831848144531,1.1106246709823608,0.10289715230464935,0.1676350086927414,0.0,1.0,0.0,0.0
277.0,-0.08673989772796631,-0.9065474271774292,1.8573753833770752,-2.5216243267059326,-1.5707963705062866,1.4840564727783203,1.1273013353347778,0.10373053699731827,0.1676350086927414,0.0,1.0,0.0,0.0
278.0,-0.10073503106832504,-0.9098921418190002,1.8649214506149292,-2.5258257389068604,-1.5707963705062866,1.4700613021850586,1.1238981485366821,0.0884237214922905,0.1676350086927414,0.0,1.0,0.0,0.0
279.0,-0.11446662247180939,-0.9185563325881958,1.884501576423645,-2.5367414951324463,-1.5707963705062866,1.4563297033309937,1.1126536130905151,0.07440313696861267,0.1676350086927414,0.0,1.0,0.0,0.0
280.0,-0.12678024172782898,-0.9113519191741943,1.8682169914245605,-2.5276613235473633,-1.5707963705062866,1.4440160989761353,1.123749852180481,0.05938871577382088,0.1676350086927414,0.0,1.0,0.0,0.0
281.0,-0.15232297778129578,-0.9132656455039978,1.8725396394729614,-2.5300703048706055,-1.5707963705062866,1.4184733629226685,1.122191071510315,0.031084690243005753,0.1676350086927414,0.0,1.0,0.0,0.0
282.0,-0.15737919509410858,-0.9026167392730713,1.8485157489776611,-2.516695261001587,-1.5707963705062866,1.413417100906372,1.1373242139816284,0.023031435906887054,0.1676350086927414,0.0,1.0,0.0,0.0
283.0,-0.13964904844760895,-0.906404435634613,1.8570529222488403,-2.521444797515869,-1.5707963705062866,1.4311473369598389,1.131411075592041,0.043940331786870956,0.1676350086927414,0.0,1.0,0.0,0.0
284.0,-0.12220568209886551,-0.900426983833313,1.8435840606689453,-2.513953447341919,-1.5707963705062866,1.448590636253357,1.1388869285583496,0.06263482570648193,0.1676350086927414,0.0,1.0,0.0,0.0
285.0,-0.1114821508526802,-0.9043058753013611,1.852321743965149,-2.5188121795654297,-1.5707963705062866,1.459314227104187,1.1326889991760254,0.0754551962018013,0.1676350086927414,0.0,1.0,0.0,0.0
286.0,-0.09296227246522903,-0.8945931792259216,1.8304591178894043,-2.506662130355835,-1.5707963705062866,1.4778341054916382,1.1447534561157227,0.09514514356851578,0.1676350086927414,0.0,1.0,0.0,0.0
287.0,-0.10357388854026794,-0.8892681002616882,1.8184951543807983,-2.500023365020752,-1.5707963705062866,1.4672224521636963,1.1531165838241577,0.08222127705812454,0.1676350086927414,0.0,1.0,0.0,0.0
288.0,-0.11979721486568451,-0.8908671140670776,1.8220860958099365,-2.5020153522491455,-1.5707963705062866,1.450999140739441,1.1520798206329346,0.06377097964286804,0.1676350086927414,0.0,1.0,0.0,0.0
289.0,-0.09474866092205048,-0.6262785196304321,1.251116394996643,-1.1503853797912598,-1.652820348739624,-0.04748088866472244,1.248587727546692,0.07054922729730606,0.10033024847507477,0.6123724579811096,-0.6123723983764648,-0.3535534143447876,0.3535534143447876
290.0,-0.118609718978405,-0.6287548542022705,1.2540582418441772,-1.1519606113433838,-1.6734548807144165,-0.059514183551073074,1.2485878467559814,0.03770484775304794,0.10187186300754547,0.6123724579811096,-0.6123723983764648,-0.3535533845424652,0.3535533845424652
291.0,-0.11268452554941177,-0.6193163990974426,1.255009651184082,-1.1620514392852783,-1.6683322191238403,-0.0565216951072216,1.2485878467559814,0.04586600884795189,0.08913005888462067,0.6123724579811096,-0.6123723983764648,-0.3535533845424652,0.3535533845424652
292.0,-0.12300500273704529,-0.618440568447113,1.2562429904937744,-1.1646915674209595,-1.677254319190979,-0.061736028641462326,1.2485878467559814,0.03164811432361603,0.08732177317142487,0.6123724579811096,-0.6123723983764648,-0.3535533845424652,0.3535533845424652
293.0,0.0038096029311418533,-0.7021188735961914,1.4879616498947144,-1.5862445831298828,-2.370760917663574,-0.6365441679954529,1.2122529745101929,0.09493464976549149,0.08942414820194244,0.8284997344017029,-0.25216710567474365,-0.1455887258052826,0.47833451628685
294.0,-0.12987001240253448,-0.6296567320823669,1.2548813819885254,-1.1524930000305176,-1.6831876039505005,-0.06520996242761612,1.248587727546692,0.022182647138834,0.10259594023227692,0.6123724579811096,-0.6123723983764648,-0.3535534143447876,0.3535534143447876
295.0,-0.14588521420955658,-0.6277744174003601,1.2559642791748047,-1.1564252376556396,-1.697023868560791,-0.0733327865600586,1.2485878467559814,7.043361983960494e-05,0.0996110588312149,0.6123724579811096,-0.6123723983764648,-0.3535533845424652,0.3535533845424652
296.0,-0.1730409860610962,-0.8950752019882202,1.8315428495407104,-2.5072638988494873,-1.5707963705062866,1.3977553844451904,1.14802885055542,0.003384403418749571,0.1676350086927414,0.0,1.0,0.0,0.0
297.0,-0.18491914868354797,-0.8999810814857483,1.8425801992416382,-2.5133955478668213,-1.5707963705062866,1.3858771324157715,1.14119291305542,-0.008980900049209595,0.1676350086927414,0.0,1.0,0.0,0.0
298.0,-0.19219231605529785,-0.9090930819511414,1.8631179332733154,-2.5248212814331055,-1.5707963705062866,1.3786040544509888,1.1283966302871704,-0.014809180051088333,0.1676350086927414,0.0,1.0,0.0,0.0
299.0,-0.17093689739704132,-0.9099720120429993,1.8651018142700195,-2.525926113128662,-1.5707963705062866,1.3998594284057617,1.127219796180725,0.009390374645590782,0.1676350086927414,0.0,1.0,0.0,0.0
300.0,-0.16482749581336975,-0.9193990230560303,1.8864084482192993,-2.5378057956695557,-1.5707963705062866,1.4059687852859497,1.1137893199920654,0.018497750163078308,0.1676350086927414,0.0,1.0,0.0,0.0
301.0,-0.18012551963329315,-0.9219995141029358,1.8922961950302124,-2.541092872619629,-1.5707963705062866,1.3906707763671875,1.1102442741394043,0.0021308246068656445,0.1676350086927414,0.0,1.0,0.0,0.0
302.0,-0.1921454221010208,-0.9218723773956299,1.8920083045959473,-2.5409321784973145,-1.5707963705062866,1.3786509037017822,1.11037015914917,-0.011249174363911152,0.1676350086927414,0.0,1.0,0.0,0.0
303.0,-0.19695517420768738,-0.9325287342071533,1.9161821603775024,-2.5544497966766357,-1.5707963705062866,1.3738411664962769,1.0950915813446045,-0.013554266653954983,0.1676350086927414,0.0,1.0,0.0,0.0
304.0,-0.17861035466194153,-0.9315392374992371,1.9139341115951538,-2.5531911849975586,-1.5707963705062866,1.392185926437378,1.096580982208252,0.006278898101300001,0.1676350086927414,0.0,1.0,0.0,0.0
305.0,-0.15540853142738342,-0.9247410297393799,1.898508071899414,-2.5445632934570312,-1.5707963705062866,1.415387749671936,1.1059263944625854,0.030184362083673477,0.1676350086927414,0.0,1.0,0.0,0.0
306.0,-0.1408834606409073,-0.9274091124534607,1.904558539390564,-2.547945737838745,-1.5707963705062866,1.4299129247665405,1.101530909538269,0.04678894951939583,0.1676350086927414,0.0,1.0,0.0,0.0
307.0,-0.12669681012630463,-0.9249447584152222,1.8989698886871338,-2.5448215007781982,-1.5707963705062866,1.4440995454788208,1.1043106317520142,0.06195798143744469,0.1676350086927414,0.0,1.0,0.0,0.0
308.0,-0.11172347515821457,-0.9284952282905579,1.9070228338241577,-2.5493240356445312,-1.5707963705062866,1.4590728282928467,1.0981260538101196,0.07906152307987213,0.1676350086927414,0.0,1.0,0.0,0.0
309.0,-0.12494353204965591,-0.9362752437591553,1.924700140953064,-2.5592212677001953,-1.5707963705062866,1.4458527565002441,1.0877749919891357,0.06595704704523087,0.1676350086927414,0.0,1.0,0.0,0.0
310.0,-0.1109246164560318,-0.9415464401245117,1.9367022514343262,-2.5659520626068115,-1.5707963705062866,1.459871768951416,1.0790194272994995,0.08205980062484741,0.1676350086927414,0.0,1.0,0.0,0.0
311.0,-0.10186895728111267,-0.9483130574226379,1.9521404504776,-2.5746235847473145,-1.5707963705062866,1.4689273834228516,1.0682414770126343,0.09284880757331848,0.1676350086927414,0.0,1.0,0.0,0.0
312.0,-0.11448191106319427,-0.95625901222229,1.9703162908554077,-2.5848536491394043,-1.5707963705062866,1.4563144445419312,1.0575164556503296,0.08072619885206223,0.1676350086927414,0.0,1.0,0.0,0.0
313.0,-0.1343618780374527,-0.9630681872367859,1.9859342575073242,-2.5936625003814697,-1.5707963705062866,1.4364343881607056,1.048733115196228,0.061064209789037704,0.1676350086927414,0.0,1.0,0.0,0.0
314.0,-0.13174104690551758,-0.9510191679000854,1.958324670791626,-2.578101873397827,-1.5707963705062866,1.439055323600769,1.0665357112884521,0.06143186613917351,0.1676350086927414,0.0,1.0,0.0,0.0
315.0,-0.1444959044456482,-0.9487997889518738,1.9532523155212402,-2.575248956680298,-1.5707963705062866,1.4263004064559937,1.0705100297927856,0.047346826642751694,0.1676350086927414,0.0,1.0,0.0,0.0
316.0,-0.14884725213050842,-0.9608001112937927,1.9807275533676147,-2.590723752975464,-1.5707963705062866,1.421949028968811,1.052899718284607,0.04535837098956108,0.1676350086927414,0.0,1.0,0.0,0.0
317.0,-0.16121931374073029,-0.9592722654342651,1.9772226810455322,-2.5887467861175537,-1.5707963705062866,1.4095770120620728,1.0556560754776,0.03195859491825104,0.1676350086927414,0.0,1.0,0.0,0.0
318.0,-0.17401574552059174,-0.9578239321708679,1.9739021062850952,-2.586874485015869,-1.5707963705062866,1.3967806100845337,1.058127760887146,0.018069904297590256,0.1676350086927414,0.0,1.0,0.0,0.0
319.0,-0.16371533274650574,-0.9478871822357178,1.9511677026748657,-2.5740768909454346,-1.5707963705062866,1.4070810079574585,1.072563648223877,0.026543159037828445,0.1676350086927414,0.0,1.0,0.0,0.0
320.0,-0.15289491415023804,-0.9408702254295349,1.9351612329483032,-2.56508731842041,-1.5707963705062866,1.4179013967514038,1.0825002193450928,0.036561835557222366,0.1676350086927414,0.0,1.0,0.0,0.0
321.0,-0.14097686111927032,-0.9360275864601135,1.924136757850647,-2.5589053630828857,-1.5707963705062866,1.4298194646835327,1.0890530347824097,0.04845749959349632,0.1676350086927414,0.0,1.0,0.0,0.0
322.0,-0.16415253281593323,-0.9364802241325378,1.9251664876937866,-2.5594825744628906,-1.5707963705062866,1.4066437482833862,1.0892270803451538,0.023315954953432083,0.1676350086927414,0.0,1.0,0.0,0.0
323.0,-0.17519450187683105,-0.9440260529518127,1.9423553943634033,-2.5691256523132324,-1.5707963705062866,1.3956018686294556,1.078446865081787,0.013229593634605408,0.1676350086927414,0.0,1.0,0.0,0.0
324.0,-0.1864011287689209,-0.9532917141914368,1.9635226726531982,-2.5810272693634033,-1.5707963705062866,1.3843952417373657,1.0649582147598267,0.0037022694014012814,0.1676350086927414,0.0,1.0,0.0,0.0
325.0,-0.1897517591714859,-0.9420525431632996,1.93785560131073,-2.5665993690490723,-1.5707963705062866,1.3810445070266724,1.0813956260681152,-0.0030217976309359074,0.1676350086927414,0.0,1.0,0.0,0.0
326.0,-0.2089938223361969,-0.9475979208946228,1.9505070447921753,-2.5737054347991943,-1.5707963705062866,1.3618024587631226,1.0730870962142944,-0.02212085947394371,0.1676350086927414,0.0,1.0,0.0,0.0
327.0,-0.22355739772319794,-0.9520642161369324,1.9607144594192505,-2.57944655418396,-1.5707963705062866,1.3472388982772827,1.0661524534225464,-0.03626842796802521,0.1676350086927414,0.0,1.0,0.0,0.0
328.0,-0.22661854326725006,-0.9632031917572021,1.9862444400787354,-2.5938374996185303,-1.5707963705062866,1.3441777229309082,1.0496995449066162,-0.035764966160058975,0.1676350086927414,0.0,1.0,0.0,0.0
329.0,-0.2136036455631256,-0.9576212763786316,1.9734376668930054,-2.5866127014160156,-1.5707963705062866,1.3571926355361938,1.058311939239502,-0.0238870307803154,0.1676350086927414,0.0,1.0,0.0,0.0
330.0,-0.20022432506084442,-0.963212788105011,1.9862664937973022,-2.5938498973846436,-1.5707963705062866,1.3705719709396362,1.0502636432647705,-0.008046824485063553,0.1676350086927414,0.0,1.0,0.0,0.0
331.0,-0.21239912509918213,-0.9693326950073242,2.0003395080566406,-2.6018030643463135,-1.5707963705062866,1.3583972454071045,1.0409969091415405,-0.018872184678912163,0.1676350086927414,0.0,1.0,0.0,0.0
332.0,-0.22706884145736694,-0.9718411564826965,2.006117820739746,-2.6050729751586914,-1.5707963705062866,1.343727469444275,1.0368759632110596,-0.033278439193964005,0.1676350086927414,0.0,1.0,0.0,0.0
333.0,-0.2172894924879074,-0.9821059703826904,2.0298268795013428,-2.6185171604156494,-1.5707963705062866,1.3535068035125732,1.0217359066009521,-0.019733581691980362,0.1676350086927414,0.0,1.0,0.0,0.0
334.0,-0.20372751355171204,-0.9843204021453857,2.0349557399749756,-2.621431589126587,-1.5707963705062866,1.3670687675476074,1.0185505151748657,-0.005181468557566404,0.1676350086927414,0.0,1.0,0.0,0.0
335.0,-0.18979358673095703,-0.9822394847869873,2.0301358699798584,-2.6186928749084473,-1.5707963705062866,1.3810027837753296,1.0216894149780273,0.008402863517403603,0.1676350086927414,0.0,1.0,0.0,0.0
336.0,-0.19817468523979187,-0.9748367071151733,2.013026237487793,-2.608985662460327,-1.5707963705062866,1.3726216554641724,1.032906174659729,-0.002405709121376276,0.1676350086927414,0.0,1.0,0.0,0.0
337.0,-0.18558955192565918,-0.969179093837738,1.999985933303833,-2.6016030311584473,-1.5707963705062866,1.3852068185806274,1.0413588285446167,0.008996717631816864,0.1676350086927414,0.0,1.0,0.0,0.0
338.0,-0.17629550397396088,-0.9757147431373596,2.0150527954101562,-2.6101343631744385,-1.5707963705062866,1.3945008516311646,1.0313845872879028,0.020428579300642014,0.1676350086927414,0.0,1.0,0.0,0.0
339.0,-0.16262079775333405,-0.9704912900924683,2.003007650375366,-2.6033127307891846,-1.5707963705062866,1.4081754684448242,1.038901925086975,0.033235084265470505,0.1676350086927414,0.0,1.0,0.0,0.0
340.0,-0.1568901538848877,-0.979246973991394,2.0232129096984863,-2.614762306213379,-1.5707963705062866,1.413906216621399,1.0254251956939697,0.041287150233983994,0.1676350086927414,0.0,1.0,0.0,0.0
341.0,-0.17453499138355255,-0.9917178153991699,2.052125930786133,-2.631204605102539,-1.5707963705062866,1.3962613344192505,1.0069218873977661,0.02655116468667984,0.1676350086927414,0.0,1.0,0.0,0.0
342.0,-0.16238859295845032,-0.9948918223381042,2.059511661529541,-2.635416269302368,-1.5707963705062866,1.4084076881408691,1.001617193222046,0.03958345949649811,0.1676350086927414,0.0,1.0,0.0,0.0
343.0,-0.17644549906253815,-1.0009284019470215,2.0735902786254883,-2.643458127975464,-1.5707963705062866,1.3943507671356201,0.9927129149436951,0.027169566601514816,0.1676350086927414,0.0,1.0,0.0,0.0
344.0,-0.16134929656982422,-1.0067517757415771,2.0872130393981934,-2.6512575149536133,-1.5707963705062866,1.4094470739364624,0.9830719828605652,0.04363613203167915,0.1676350086927414,0.0,1.0,0.0,0.0
345.0,-0.150215744972229,-0.9996988773345947,2.0707192420959473,-2.6418168544769287,-1.5707963705062866,1.4205806255340576,0.9935792684555054,0.05290519818663597,0.1676350086927414,0.0,1.0,0.0,0.0
346.0,-0.13418321311473846,-0.9965801239013672,2.0634450912475586,-2.6376612186431885,-1.5707963705062866,1.4366130828857422,0.9974734783172607,0.06816987693309784,0.1676350086927414,0.0,1.0,0.0,0.0
347.0,-0.15082117915153503,-0.9895731806755066,2.0471420288085938,-2.6283650398254395,-1.5707963705062866,1.4199751615524292,1.0093214511871338,0.049916062504053116,0.1676350086927414,0.0,1.0,0.0,0.0
348.0,-0.1368534117937088,-0.9848645925521851,2.0362167358398438,-2.6221485137939453,-1.5707963705062866,1.4339429140090942,1.0157837867736816,0.06300916522741318,0.1676350086927414,0.0,1.0,0.0,0.0
349.0,-0.14280904829502106,-0.9773327112197876,2.0187888145446777,-2.6122524738311768,-1.5707963705062866,1.4279872179031372,1.0276607275009155,0.055302057415246964,0.1676350086927414,0.0,1.0,0.0,0.0
350.0,-0.12607184052467346,-0.9745395183563232,2.0123403072357178,-2.6085970401763916,-1.5707963705062866,1.444724440574646,1.0308479070663452,0.0719541534781456,0.1676350086927414,0.0,1.0,0.0,0.0
351.0,-0.1256638765335083,-0.9884737133979797,2.044588804244995,-2.6269114017486572,-1.5707963705062866,1.4451324939727783,1.0094472169876099,0.07507453113794327,0.1676350086927414,0.0,1.0,0.0,0.0
352.0,-0.10907524824142456,-0.9841893911361694,2.0346522331237793,-2.6212589740753174,-1.5707963705062866,1.4617210626602173,1.0146830081939697,0.091083824634552,0.1676350086927414,0.0,1.0,0.0,0.0
353.0,-0.09993193298578262,-0.9744954109191895,2.0122385025024414,-2.608539581298828,-1.5707963705062866,1.4708644151687622,1.0286823511123657,0.09886603057384491,0.1676350086927414,0.0,1.0,0.0,0.0
354.0,-0.10358400642871857,-0.963111162185669,1.9860329627990723,-2.5937180519104004,-1.5707963705062866,1.4672123193740845,1.0462926626205444,0.09331469237804413,0.1676350086927414,0.0,1.0,0.0,0.0
355.0,-0.08750834316015244,-0.9665446281433105,1.9939239025115967,-2.598175525665283,-1.5707963705062866,1.4832879304885864,1.0394681692123413,0.11057702451944351,0.1676350086927414,0.0,1.0,0.0,0.0
356.0,-0.08193347603082657,-0.9743245840072632,2.0118443965911865,-2.60831618309021,-1.5707963705062866,1.4888628721237183,1.0269975662231445,0.1173422709107399,0.1676350086927414,0.0,1.0,0.0,0.0
357.0,-0.07448908686637878,-0.9661752581596375,1.9930745363235474,-2.5976955890655518,-1.5707963705062866,1.4963072538375854,1.038500189781189,0.12405859678983688,0.1676350086927414,0.0,1.0,0.0,0.0
358.0,-0.05679582059383392,-0.9595668911933899,1.9778984785079956,-2.589127779006958,-1.5707963705062866,1.5140005350112915,1.046130895614624,0.14184479415416718,0.1676350086927414,0.0,1.0,0.0,0.0
359.0,-0.07573874294757843,-0.9569706320762634,1.9719465970993042,-2.5857722759246826,-1.5707963705062866,1.4950575828552246,1.052529215812683,0.12170786410570145,0.1676350086927414,0.0,1.0,0.0,0.0
360.0,-0.07137913256883621,-0.9461145997047424,1.9471206665039062,-2.5718023777008057,-1.5707963705062866,1.4994171857833862,1.0681772232055664,0.1251378208398819,0.1676350086927414,0.0,1.0,0.0,0.0
361.0,-0.08651909977197647,-0.9469068646430969,1.9489291906356812,-2.5728187561035156,-1.5707963705062866,1.4842772483825684,1.0687757730484009,0.10905370861291885,0.1676350086927414,0.0,1.0,0.0,0.0
362.0,-0.07767285406589508,-0.9360546469688416,1.9241982698440552,-2.5589399337768555,-1.5707963705062866,1.4931235313415527,1.0837665796279907,0.11725891381502151,0.1676350086927414,0.0,1.0,0.0,0.0
363.0,-0.06092538684606552,-0.9300018548965454,1.91044282913208,-2.5512373447418213,-1.5707963705062866,1.5098708868026733,1.0905011892318726,0.1348520964384079,0.1676350086927414,0.0,1.0,0.0,0.0
364.0,-0.059199921786785126,-0.9382938742637634,1.9292938709259033,-2.5617964267730713,-1.5707963705062866,1.511596441268921,1.0781261920928955,0.1374530792236328,0.1676350086927414,0.0,1.0,0.0,0.0
365.0,-0.057063475251197815,-0.9480295777320862,1.9514930248260498,-2.5742597579956055,-1.5707963705062866,1.5137327909469604,1.063432216644287,0.14057861268520355,0.1676350086927414,0.0,1.0,0.0,0.0
366.0,-0.04326879605650902,-0.9412887692451477,1.936115026473999,-2.565622568130493,-1.5707963705062866,1.5275275707244873,1.0713839530944824,0.1548018604516983,0.1676350086927414,0.0,1.0,0.0,0.0
367.0,-0.04105602949857712,-0.9302253723144531,1.9109501838684082,-2.5515213012695312,-1.5707963705062866,1.529740333557129,1.0872806310653687,0.15650500357151031,0.1676350086927414,0.0,1.0,0.0,0.0
368.0,-0.020247822627425194,-0.9358914494514465,1.923827052116394,-2.558732032775879,-1.5707963705062866,1.5505485534667969,1.0754899978637695,0.17926190793514252,0.1676350086927414,0.0,1.0,0.0,0.0
369.0,-2.608354091644287,-2.321465253829956,-1.7472432851791382,-1.3655858039855957,0.7290748357772827,-0.7027857303619385,1.088105320930481,0.27524980902671814,0.10132293403148651,0.866025447845459,0.0,0.0,0.5
370.0,-2.6152806282043457,-2.3226373195648193,-1.722407579421997,-1.383387804031372,0.7245127558708191,-0.7106296420097351,1.1039009094238281,0.27524980902671814,0.11184702813625336,0.8660253882408142,0.0,0.0,0.5000000596046448
371.0,-2.8163743019104004,-2.2227284908294678,-1.8851979970932007,-0.6044625043869019,1.5707963705062866,1.8960145711898804,1.1031792163848877,0.15986283123493195,0.1676350086927414,0.0,1.0,0.0,0.0
372.0,-2.809591054916382,-2.2342329025268555,-1.8592073917388916,-0.6189486980438232,1.5707963705062866,1.902797818183899,1.117659091949463,0.17271696031093597,0.1676350086927414,0.0,1.0,0.0,0.0
373.0,-2.809720754623413,-2.245549201965332,-1.833720326423645,-0.633119523525238,1.5707963705062866,1.9026682376861572,1.1328264474868774,0.17779141664505005,0.1676350086927414,0.0,1.0,0.0,0.0
374.0,-2.6301820278167725,-2.357968807220459,-1.6686128377914429,-1.3889527320861816,0.7148038148880005,-0.7277805209159851,1.1392617225646973,0.27524980902671814,0.1006401926279068,0.8660253882408142,0.0,0.0,0.5000000596046448
375.0,-2.630606174468994,-2.372519016265869,-1.6678837537765503,-1.3747584819793701,0.7145296335220337,-0.728274405002594,1.1402970552444458,0.27524980902671814,0.08541278541088104,0.866025447845459,0.0,0.0,0.5
376.0,-2.8803091049194336,-2.5440151691436768,-1.2416889667510986,-1.9588028192520142,1.7964180707931519,0.13291004300117493,1.2485878467559814,0.16153772175312042,0.06983008980751038,0.6123724579811096,-0.6123723983764648,-0.3535533845424652,0.3535533845424652
377.0,-2.870227336883545,-2.546776533126831,-1.238330602645874,-1.9581878185272217,1.8050689697265625,0.1382271945476532,1.2485878467559814,0.17593710124492645,0.06830742955207825,0.6123724579811096,-0.6123723983764648,-0.3535533845424652,0.3535533845424652
378.0,-2.627861261367798,-2.385606050491333,-1.6789594888687134,-1.3530036211013794,0.7163063883781433,-0.7250843644142151,1.133625864982605,0.27524980902671814,0.06616945564746857,0.866025447845459,0.0,0.0,0.5
379.0,-2.624375581741333,-2.3603100776672363,-1.6913094520568848,-1.368987798690796,0.7185697555541992,-0.7210522890090942,1.1252520084381104,0.27524980902671814,0.08721719682216644,0.866025447845459,0.0,0.0,0.5
380.0,-2.617462635040283,-2.33872127532959,-1.715775489807129,-1.372071623802185,0.7230820059776306,-0.7131175398826599,1.1089591979980469,0.27524980902671814,0.09828384220600128,0.866025447845459,0.0,0.0,0.5
381.0,-2.6190884113311768,-2.3638947010040283,-1.7111650705337524,-1.350114345550537,0.7220181226730347,-0.7149761915206909,1.1127537488937378,0.27524980902671814,0.0741439014673233,0.866025447845459,0.0,0.0,0.5
382.0,-2.610086441040039,-2.3450889587402344,-1.7426278591156006,-1.3451194763183594,0.7279309034347534,-0.7047401070594788,1.0920193195343018,0.27524980902671814,0.07922546565532684,0.866025447845459,0.0,0.0,0.5
383.0,-2.612656593322754,-2.3636622428894043,-1.7341768741607666,-1.3328238725662231,0.7262374758720398,-0.7076486349105835,1.0978705883026123,0.27524980902671814,0.06390206515789032,0.866025447845459,0.0,0.0,0.5
384.0,-2.6050643920898438,-2.353412389755249,-1.760093092918396,-1.3235435485839844,0.7312520146369934,-0.6990885734558105,1.0807394981384277,0.27524980902671814,0.06289131939411163,0.866025447845459,0.0,0.0,0.5
385.0,-2.5990190505981445,-2.3356120586395264,-1.7797733545303345,-1.3266773223876953,0.7352706789970398,-0.6923408508300781,1.0674244165420532,0.27524980902671814,0.07224579155445099,0.866025447845459,0.0,0.0,0.5
386.0,-2.604090929031372,-2.336049795150757,-1.76287043094635,-1.3389405012130737,0.7318976521492004,-0.6979978680610657,1.0785760879516602,0.27524980902671814,0.07931064069271088,0.866025447845459,0.0,0.0,0.5
387.0,-2.6012279987335205,-2.318795919418335,-1.771593689918518,-1.3498483896255493,0.7337996363639832,-0.6947994828224182,1.0722569227218628,0.27524980902671814,0.09283770620822906,0.866025447845459,0.0,0.0,0.5
388.0,-2.5972070693969727,-2.3020377159118652,-1.7837777137756348,-1.3577380180358887,0.7364795804023743,-0.690329909324646,1.0634880065917969,0.27524980902671814,0.10412870347499847,0.8660253882408142,0.0,0.0,0.5000000596046448
389.0,-2.798788070678711,-2.1929352283477783,-1.9529272317886353,-0.5665265917778015,1.5707963705062866,1.913601040840149,1.0590568780899048,0.16455520689487457,0.1676350086927414,0.0,1.0,0.0,0.0
390.0,-2.5918850898742676,-2.2867190837860107,-1.799880862236023,-1.3612987995147705,0.740041971206665,-0.6844548583030701,1.0520687103271484,0.27524980902671814,0.11202166974544525,0.866025447845459,0.0,0.0,0.5
391.0,-2.592332601547241,-2.3019955158233643,-1.7997702360153198,-1.3457695245742798,0.7397416830062866,-0.6849470138549805,1.0530208349227905,0.27524980902671814,0.09694154560565948,0.8660253882408142,0.0,0.0,0.5000000596046448
392.0,-2.593144178390503,-2.316981792449951,-1.798092007637024,-1.331801176071167,0.7391976118087769,-0.6858407258987427,1.0547515153884888,0.27524980902671814,0.0828142911195755,0.866025447845459,0.0,0.0,0.5
393.0,-2.5875084400177,-2.3290257453918457,-1.816243290901184,-1.3061673641204834,0.7429842352867126,-0.6796577572822571,1.0428338050842285,0.27524980902671814,0.06308405101299286,0.866025447845459,0.0,0.0,0.5
394.0,-2.586477756500244,-2.340728998184204,-1.8194929361343384,-1.292042851448059,0.7436788082122803,-0.6785325407981873,1.0406790971755981,0.27524980902671814,0.05022219941020012,0.866025447845459,0.0,0.0,0.5
395.0,-2.5803260803222656,-2.341294288635254,-1.8378931283950806,-1.277984857559204,0.7478373646736145,-0.6718517541885376,1.0279741287231445,0.27524980902671814,0.04216970130801201,0.866025447845459,0.0,0.0,0.5
396.0,-2.5811312198638916,-2.3256704807281494,-1.8355331420898438,-1.2953299283981323,0.7472918033599854,-0.6727227568626404,1.029621958732605,0.27524980902671814,0.05831099674105644,0.866025447845459,0.0,0.0,0.5
397.0,-2.5820517539978027,-2.3078155517578125,-1.832291603088379,-1.3156949281692505,0.7466685771942139,-0.6737195253372192,1.0315111875534058,0.27524980902671814,0.07703016698360443,0.8660253882408142,0.0,0.0,0.5000000596046448
398.0,-2.5769119262695312,-2.291243553161621,-1.8469045162200928,-1.3217209577560425,0.7501548528671265,-0.6681696176528931,1.0210355520248413,0.27524980902671814,0.08684124052524567,0.8660253882408142,0.0,0.0,0.5000000596046448
399.0,-2.5847418308258057,-2.2995307445526123,-1.8236206769943237,-1.3305045366287231,0.7448501586914062,-0.6766409873962402,1.0370666980743408,0.27524980902671814,0.08883880078792572,0.866025447845459,0.0,0.0,0.5
400.0,-2.5810799598693848,-2.281195640563965,-1.833574891090393,-1.3418039083480835,0.7473264932632446,-0.6726670861244202,1.0295168161392212,0.27524980902671814,0.10232780873775482,0.8660253882408142,0.0,0.0,0.5000000596046448
401.0,-2.571719169616699,-2.2725741863250732,-1.8609633445739746,-1.330396294593811,0.7536926865577698,-0.6626044511795044,1.0106329917907715,0.27524980902671814,0.09870217740535736,0.8660253882408142,0.0,0.0,0.5000000596046448
402.0,-2.7912662029266357,-2.1604549884796143,-2.0275862216949463,-0.5243479609489441,1.5707963705062866,1.9211227893829346,1.01149582862854,0.15560100972652435,0.1676350086927414,0.0,1.0,0.0,0.0
403.0,-2.8089282512664795,-2.1642308235168457,-2.0188562870025635,-0.5293018817901611,1.5707963705062866,1.9034607410430908,1.0195891857147217,0.13961389660835266,0.1676350086927414,0.0,1.0,0.0,0.0
404.0,-2.797067880630493,-2.1706182956695557,-2.004120349884033,-0.5376503467559814,1.5707963705062866,1.9153211116790771,1.0270792245864868,0.15500403940677643,0.1676350086927414,0.0,1.0,0.0,0.0
405.0,-2.79634165763855,-2.181020498275757,-1.980204701423645,-0.5511638522148132,1.5707963705062866,1.9160473346710205,1.0418325662612915,0.16109660267829895,0.1676350086927414,0.0,1.0,0.0,0.0
406.0,-2.7839224338531494,-2.1741580963134766,-1.9959707260131836,-0.5422600507736206,1.5707963705062866,1.928466558456421,1.0300081968307495,0.17038105428218842,0.1676350086927414,0.0,1.0,0.0,0.0
407.0,-2.5761537551879883,-2.2654755115509033,-1.8471250534057617,-1.3478646278381348,0.7506704330444336,-0.6673545837402344,1.0195056200027466,0.27524980902671814,0.1115197092294693,0.866025447845459,0.0,0.0,0.5
408.0,-2.7739837169647217,-2.1595404148101807,-2.029702663421631,-0.5231459140777588,1.5707963705062866,1.938405156135559,1.0073363780975342,0.17254982888698578,0.1676350086927414,0.0,1.0,0.0,0.0
409.0,-2.7878568172454834,-2.1508893966674805,-2.04976749420166,-0.5117320418357849,1.5707963705062866,1.924532175064087,0.9970178604125977,0.15390050411224365,0.1676350086927414,0.0,1.0,0.0,0.0
410.0,-2.7732884883880615,-2.150041341781616,-2.0517385005950928,-0.5106089115142822,1.5707963705062866,1.9391005039215088,0.9934335947036743,0.16793131828308105,0.1676350086927414,0.0,1.0,0.0,0.0
411.0,-2.5601422786712646,-2.2483251094818115,-1.892006278038025,-1.3325060606002808,0.7616347074508667,-0.6503478288650513,0.9880725145339966,0.27524980902671814,0.10827530920505524,0.866025447845459,0.0,0.0,0.5
412.0,-2.557081699371338,-2.259394884109497,-1.9014071226119995,-1.3143538236618042,0.7637467980384827,-0.6471413969993591,0.9822484254837036,0.27524980902671814,0.09403876960277557,0.8660253882408142,0.0,0.0,0.5000000596046448
413.0,-2.548949956893921,-2.2420461177825928,-1.9219343662261963,-1.317261815071106,0.7693830728530884,-0.6386914253234863,0.9670500755310059,0.27524980902671814,0.10153163969516754,0.8660253882408142,0.0,0.0,0.5000000596046448
414.0,-2.5493147373199463,-2.259913921356201,-1.922255039215088,-1.2988024950027466,0.7691295146942139,-0.6390682458877563,0.9677232503890991,0.27524980902671814,0.08506934344768524,0.8660253882408142,0.0,0.0,0.5000000596046448
415.0,-2.5550572872161865,-2.2761337757110596,-1.9078474044799805,-1.2926996946334839,0.7651466131210327,-0.6450284719467163,0.9784277677536011,0.27524980902671814,0.07591773569583893,0.8660253882408142,0.0,0.0,0.5000000596046448
416.0,-2.562494993209839,-2.2879927158355713,-1.888096809387207,-1.2949559688568115,0.7600147128105164,-0.652821958065033,0.992588460445404,0.27524980902671814,0.07281304895877838,0.866025447845459,0.0,0.0,0.5
417.0,-2.5655763149261475,-2.280062437057495,-1.8791309595108032,-1.309491753578186,0.7578974962234497,-0.6560751795768738,0.998555600643158,0.27524980902671814,0.08393894135951996,0.8660253882408142,0.0,0.0,0.5000000596046448
418.0,-2.5722177028656006,-2.3089513778686523,-1.8613367080688477,-1.293257236480713,0.7533524632453918,-0.6631369590759277,1.0116238594055176,0.27524980902671814,0.06383754312992096,0.866025447845459,0.0,0.0,0.5
419.0,-2.5665268898010254,-2.31502628326416,-1.877470850944519,-1.2754566669464111,0.7572455406188965,-0.6570817232131958,1.0004085302352905,0.27524980902671814,0.051594506949186325,0.866025447845459,0.0,0.0,0.5
420.0,-2.573230028152466,-2.3298232555389404,-1.8585717678070068,-1.2743604183197021,0.7526617050170898,-0.6642194986343384,1.013641357421875,0.27524980902671814,0.04497973248362541,0.866025447845459,0.0,0.0,0.5
421.0,-2.567586898803711,-2.3356316089630127,-1.8742938041687012,-1.2572112083435059,0.7565188407897949,-0.658206045627594,1.0024820566177368,0.27524980902671814,0.03331093117594719,0.866025447845459,0.0,0.0,0.5
422.0,-2.574734687805176,-2.357370376586914,-1.8535246849060059,-1.2506834268569946,0.7516363859176636,-0.6658312082290649,1.0166521072387695,0.27524980902671814,0.02049649879336357,0.866025447845459,0.0,0.0,0.5
423.0,-2.565601110458374,-2.3483176231384277,-1.8792613744735718,-1.2410871982574463,0.7578805685043335,-0.6561014652252197,0.998603880405426,0.27524980902671814,0.01941661164164543,0.866025447845459,0.0,0.0,0.5
424.0,-2.568084716796875,-2.3666346073150635,-1.8714406490325928,-1.2286769151687622,0.7561779618263245,-0.6587344408035278,1.0034579038619995,0.27524980902671814,0.004930567927658558,0.866025447845459,0.0,0.0,0.5
425.0,-2.5766043663024902,-2.3738739490509033,-1.847277045249939,-1.2389599084854126,0.7503640651702881,-0.6678388714790344,1.0204143524169922,0.27524980902671814,0.006955099292099476,0.866025447845459,0.0,0.0,0.5
426.0,-2.5706865787506104,-2.3825523853302,-1.8630789518356323,-1.2191053628921509,0.7543980479240417,-0.6615028977394104,1.008585810661316,0.27524980902671814,-0.00721034687012434,0.866025447845459,0.0,0.0,0.5
427.0,-2.578932762145996,-2.3948652744293213,-1.8389607667922974,-1.2244490385055542,0.7487823367118835,-0.6703467965126038,1.0251328945159912,0.27524980902671814,-0.0102854548022151,0.866025447845459,0.0,0.0,0.5
428.0,-2.572476863861084,-2.4011244773864746,-1.8563182353973389,-1.2059005498886108,0.7531754970550537,-0.6634140014648438,1.0121397972106934,0.27524980902671814,-0.02259204164147377,0.866025447845459,0.0,0.0,0.5
429.0,-2.5645923614501953,-2.3895177841186523,-1.8788167238235474,-1.2011061906814575,0.7585731148719788,-0.6550346612930298,0.9966434836387634,0.27524980902671814,-0.0194028802216053,0.866025447845459,0.0,0.0,0.5
430.0,-2.5585882663726807,-2.3950304985046387,-1.8938586711883545,-1.1851272583007812,0.7627065777778625,-0.6487179398536682,0.9851080179214478,0.27524980902671814,-0.02970607951283455,0.866025447845459,0.0,0.0,0.5
431.0,-2.560922861099243,-2.362920045852661,-1.8908816576004028,-1.218442440032959,0.7610968351364136,-0.6511676907539368,0.9895670413970947,0.27524980902671814,0.0014247267972677946,0.866025447845459,0.0,0.0,0.5
432.0,-2.5529425144195557,-2.353194236755371,-1.9122353792190552,-1.2128372192382812,0.7666113972663879,-0.6428279280662537,0.9744629263877869,0.27524980902671814,0.0029635995160788298,0.866025447845459,0.0,0.0,0.5
433.0,-2.552525758743286,-2.372387409210205,-1.9117043018341064,-1.1944867372512817,0.7669001817703247,-0.6423951983451843,0.9736850261688232,0.27524980902671814,-0.01461074035614729,0.866025447845459,0.0,0.0,0.5
434.0,-2.5449411869049072,-2.382636070251465,-1.9293581247329712,-1.1722102165222168,0.7721746563911438,-0.634562075138092,0.9597007632255554,0.27524980902671814,-0.029818911105394363,0.866025447845459,0.0,0.0,0.5
435.0,-2.5345327854156494,-2.3553550243377686,-1.9569565057754517,-1.1794686317443848,0.7794622778892517,-0.6239498853683472,0.9410430788993835,0.27524980902671814,-0.013931083492934704,0.866025447845459,0.0,0.0,0.5
436.0,-2.541316509246826,-2.350276231765747,-1.9412697553634644,-1.1953157186508179,0.774706244468689,-0.6308483481407166,0.9531343579292297,0.27524980902671814,-0.004249277524650097,0.866025447845459,0.0,0.0,0.5
437.0,-2.537214994430542,-2.331059694290161,-1.9524238109588623,-1.206360101699829,0.7775788307189941,-0.626669704914093,0.9457938075065613,0.27524980902671814,0.009362888522446156,0.866025447845459,0.0,0.0,0.5
438.0,-2.5462796688079834,-2.339094400405884,-1.9298837184906006,-1.2142400741577148,0.7712417840957642,-0.6359380483627319,0.9621439576148987,0.27524980902671814,0.009790134616196156,0.866025447845459,0.0,0.0,0.5
439.0,-2.5534815788269043,-2.3371880054473877,-1.9117931127548218,-1.2288819551467896,0.7662376761436462,-0.6433883905410767,0.9754713177680969,0.27524980902671814,0.017927389591932297,0.866025447845459,0.0,0.0,0.5
440.0,-2.5411477088928223,-2.3177080154418945,-1.943535327911377,-1.2257415056228638,0.7748242616653442,-0.6306759715080261,0.95283043384552,0.27524980902671814,0.024466346949338913,0.866025447845459,0.0,0.0,0.5
441.0,-2.5482594966888428,-2.321305990219116,-1.9257299900054932,-1.2347182035446167,0.7698633670806885,-0.6379785537719727,0.9657775163650513,0.27524980902671814,0.027532082051038742,0.866025447845459,0.0,0.0,0.5
442.0,-2.5596816539764404,-2.333510637283325,-1.895749568939209,-1.2439271211624146,0.76195228099823,-0.6498642563819885,0.9871922135353088,0.27524980902671814,0.027209799736738205,0.866025447845459,0.0,0.0,0.5
443.0,-2.5607311725616455,-2.3183481693267822,-1.8932901620864868,-1.260751485824585,0.7612289786338806,-0.650966227054596,0.9891995191574097,0.27524980902671814,0.04232509061694145,0.866025447845459,0.0,0.0,0.5
444.0,-2.551558494567871,-2.2926340103149414,-1.9175461530685425,-1.2691208124160767,0.7675711512565613,-0.6413914561271667,0.9718828201293945,0.27524980902671814,0.05689908191561699,0.866025447845459,0.0,0.0,0.5
445.0,-2.543024778366089,-2.279982566833496,-1.9391969442367554,-1.2664324045181274,0.7735123634338379,-0.6325961351394653,0.9562196135520935,0.27524980902671814,0.06020055338740349,0.866025447845459,0.0,0.0,0.5
446.0,-2.535407543182373,-2.2746572494506836,-1.9579569101333618,-1.258535623550415,0.7788476943969727,-0.624835729598999,0.9425880312919617,0.27524980902671814,0.057974111288785934,0.866025447845459,0.0,0.0,0.5
447.0,-2.5447916984558105,-2.303178310394287,-1.9348490238189697,-1.246287226676941,0.7722790241241455,-0.6344084739685059,0.9594283699989319,0.27524980902671814,0.0407647006213665,0.866025447845459,0.0,0.0,0.5
448.0,-2.5362906455993652,-2.2991106510162354,-1.9558205604553223,-1.2355809211730957,0.7782274484634399,-0.6257312893867493,0.9441522359848022,0.27524980902671814,0.03686488792300224,0.866025447845459,0.0,0.0,0.5
449.0,-2.5264241695404053,-2.286541700363159,-1.9793498516082764,-1.231675386428833,0.785178005695343,-0.6157910823822021,0.9269177913665771,0.27524980902671814,0.03973961994051933,0.866025447845459,0.0,0.0,0.5
450.0,-2.5315957069396973,-2.3090412616729736,-1.966758131980896,-1.2180882692337036,0.7815287709236145,-0.6209837794303894,0.9358860850334167,0.27524980902671814,0.024179767817258835,0.866025447845459,0.0,0.0,0.5
451.0,-2.524172306060791,-2.3123741149902344,-1.9837888479232788,-1.2029937505722046,0.7867713570594788,-0.6135416030883789,0.9230560660362244,0.27524980902671814,0.01551122684031725,0.866025447845459,0.0,0.0,0.5
452.0,-2.5219030380249023,-2.3289613723754883,-1.9879449605941772,-1.1838443279266357,0.7883793711662292,-0.6112823486328125,0.9191915392875671,0.27524980902671814,-0.0003804445150308311,0.866025447845459,0.0,0.0,0.5
453.0,-2.510575294494629,-2.295980215072632,-2.0146024227142334,-1.1980119943618774,0.7964443564414978,-0.6001108884811401,0.9002867937088013,0.27524980902671814,0.019735079258680344,0.866025447845459,0.0,0.0,0.5
454.0,-2.5194520950317383,-2.2950785160064697,-1.9950963258743286,-1.2122890949249268,0.7901191115379333,-0.6088500618934631,0.915046751499176,0.27524980902671814,0.026890497654676437,0.866025447845459,0.0,0.0,0.5
455.0,-2.5140175819396973,-2.276632785797119,-2.0075557231903076,-1.2220426797866821,0.7939870357513428,-0.6034868955612183,0.9059643745422363,0.27524980902671814,0.038693618029356,0.866025447845459,0.0,0.0,0.5
456.0,-2.520707368850708,-2.2693493366241455,-1.9925481081008911,-1.2396900653839111,0.7892277240753174,-0.6100947260856628,0.9171657562255859,0.27524980902671814,0.050177376717329025,0.866025447845459,0.0,0.0,0.5
457.0,-2.504865884780884,-2.261885643005371,-2.027529716491699,-1.2230618000030518,0.8005327582359314,-0.5945469737052917,0.8909955024719238,0.27524980902671814,0.0445999912917614,0.866025447845459,0.0,0.0,0.5
458.0,-2.5972561836242676,-2.176487922668457,-2.1921420097351074,-2.508230686187744,-1.1057416200637817,0.2939043641090393,0.7914122343063354,0.1632247269153595,0.0496983639895916,0.6123724579811096,0.6123723983764648,0.3535533845424652,0.3535533845424652
459.0,-2.611975908279419,-2.164762020111084,-2.1964163780212402,-2.5116255283355713,-1.1179593801498413,0.28474724292755127,0.7914122343063354,0.15216030180454254,0.05689289793372154,0.6123724579811096,0.6123723983764648,0.3535533845424652,0.3535533845424652
460.0,-2.5822184085845947,-2.1669657230377197,-2.186579704284668,-2.527615547180176,-1.0932949781417847,0.3033759295940399,0.7914122343063354,0.17468078434467316,0.058506231755018234,0.6123724579811096,0.6123723983764648,0.3535533845424652,0.3535533845424652
461.0,-2.5139617919921875,-2.2488086223602295,-2.007462978363037,-1.249997854232788,0.7940268516540527,-0.6034319400787354,0.9058717489242554,0.27524980902671814,0.06269557774066925,0.866025447845459,0.0,0.0,0.5
462.0,-2.5944807529449463,-2.1424343585968018,-2.189434766769409,-2.5457730293273926,-1.103441596031189,0.29564347863197327,0.7914122343063354,0.1653273105621338,0.07555587589740753,0.6123724579811096,0.6123723983764648,0.3535534143447876,0.3535534143447876
463.0,-2.5047261714935303,-2.2234439849853516,-2.026888370513916,-1.2622390985488892,0.8006328344345093,-0.5944114327430725,0.8907703161239624,0.27524980902671814,0.07740874588489532,0.8660253882408142,0.0,0.0,0.5000000596046448
464.0,-2.5124707221984863,-2.2288105487823486,-2.010028600692749,-1.2684561014175415,0.7950905561447144,-0.6019678711891174,0.9034059643745422,0.27524980902671814,0.07895328104496002,0.866025447845459,0.0,0.0,0.5
465.0,-2.514965057373047,-2.214101791381836,-2.0034356117248535,-1.288040041923523,0.793311595916748,-0.6044190526008606,0.9075374007225037,0.27524980902671814,0.09405051171779633,0.866025447845459,0.0,0.0,0.5
466.0,-2.5264956951141357,-2.2320034503936768,-1.9777096509933472,-1.287803292274475,0.7851274609565735,-0.6158626675605774,0.9270408749580383,0.27524980902671814,0.08831597864627838,0.866025447845459,0.0,0.0,0.5
467.0,-2.5251822471618652,-2.249086856842041,-1.981718897819519,-1.2676390409469604,0.7860564589500427,-0.6145495176315308,0.9247846603393555,0.27524980902671814,0.07180754840373993,0.866025447845459,0.0,0.0,0.5
468.0,-2.5345354080200195,-2.2527999877929688,-1.9594002962112427,-1.2795780897140503,0.7794603109359741,-0.6239525675773621,0.9410478472709656,0.27524980902671814,0.07693873345851898,0.8660253882408142,0.0,0.0,0.5000000596046448
469.0,-2.5434772968292236,-2.2651894092559814,-1.9376052618026733,-1.2824856042861938,0.7731963396072388,-0.6330597996711731,0.9570395946502686,0.27524980902671814,0.0742095559835434,0.866025447845459,0.0,0.0,0.5
470.0,-2.540708303451538,-2.246127128601074,-1.9436225891113281,-1.297555685043335,0.7751315236091614,-0.630227267742157,0.9520401954650879,0.27524980902671814,0.08906377851963043,0.8660253882408142,0.0,0.0,0.5000000596046448
471.0,-2.53794002532959,-2.2308037281036377,-1.9494863748550415,-1.3090283870697021,0.7770705223083496,-0.6274064779281616,0.9470844268798828,0.27524980902671814,0.10048229992389679,0.866025447845459,0.0,0.0,0.5
472.0,-2.7420451641082764,-2.116023302078247,-2.131535530090332,-0.4648301601409912,1.5707963705062866,1.970343828201294,0.9377024173736572,0.17776933312416077,0.1676350086927414,0.0,1.0,0.0,0.0
473.0,-2.749375581741333,-2.1064538955688477,-2.154270648956299,-0.45166435837745667,1.5707963705062866,1.9630134105682373,0.9244936108589172,0.16489845514297485,0.1676350086927414,0.0,1.0,0.0,0.0
474.0,-2.52351975440979,-2.211474657058716,-1.9832113981246948,-1.3049297332763672,0.7872334718704224,-0.6128912568092346,0.9219421148300171,0.27524980902671814,0.10414944589138031,0.866025447845459,0.0,0.0,0.5
475.0,-2.512820243835449,-2.1913859844207764,-2.0063037872314453,-1.3093655109405518,0.7948411107063293,-0.6023107767105103,0.9039829969406128,0.27524980902671814,0.1124463826417923,0.866025447845459,0.0,0.0,0.5
476.0,-2.50304913520813,-2.1861138343811035,-2.0277795791625977,-1.299809217453003,0.8018369078636169,-0.5927858352661133,0.8880714178085327,0.27524980902671814,0.10861103236675262,0.866025447845459,0.0,0.0,0.5
477.0,-0.03777921944856644,-0.8383567929267883,1.7048197984695435,0.7043332457542419,1.5707963705062866,-1.6085755825042725,0.8959165215492249,0.1672803908586502,0.1676350086927414,0.0,1.0,0.0,0.0
478.0,-0.06697171926498413,-1.0619641542434692,2.19994854927063,-0.6134130954742432,1.5128079652786255,-0.033523451536893845,0.7914122343063354,0.1573326736688614,0.11255986988544464,0.6123724579811096,0.6123723983764648,0.3535533845424652,0.3535533845424652
479.0,-0.06489627063274384,-0.8480005264282227,1.7262630462646484,0.6925337910652161,1.5707963705062866,-1.6356925964355469,0.8873569965362549,0.14375686645507812,0.1676350086927414,0.0,1.0,0.0,0.0
480.0,-0.06456170976161957,-0.8349052667617798,1.6971544027328491,0.7085472345352173,1.5707963705062866,-1.6353580951690674,0.9046100378036499,0.14293518662452698,0.1676350086927414,0.0,1.0,0.0,0.0
481.0,-0.05258582532405853,-0.8256367444992065,1.6765927076339722,0.719840407371521,1.5707963705062866,-1.6233822107315063,0.9149320125579834,0.15312138199806213,0.1676350086927414,0.0,1.0,0.0,0.0
482.0,-0.0680386871099472,-0.8249012231826782,1.6749622821807861,0.7207352519035339,1.5707963705062866,-1.638835072517395,0.918142557144165,0.13890035450458527,0.1676350086927414,0.0,1.0,0.0,0.0
483.0,-0.056607574224472046,-0.81462162733078,1.6521973609924316,0.7332205772399902,1.5707963705062866,-1.6274038553237915,0.9297487139701843,0.1486353725194931,0.1676350086927414,0.0,1.0,0.0,0.0
484.0,-0.07069271802902222,-0.8115689158439636,1.6454440355300903,0.7369211912155151,1.5707963705062866,-1.641489028930664,0.9356520175933838,0.13524910807609558,0.1676350086927414,0.0,1.0,0.0,0.0
485.0,-0.055784840136766434,-0.7988116145133972,1.6172555685043335,0.7523522973060608,1.5707963705062866,-1.6265811920166016,0.9497033953666687,0.1482790857553482,0.1676350086927414,0.0,1.0,0.0,0.0
486.0,-0.03682388365268707,-0.797656238079071,1.6147053241729736,0.7537472248077393,1.5707963705062866,-1.6076202392578125,0.9481751918792725,0.16620507836341858,0.1676350086927414,0.0,1.0,0.0,0.0
487.0,-0.02480815351009369,-0.7884514331817627,1.5944021940231323,0.7648455500602722,1.5707963705062866,-1.5956045389175415,0.9576253890991211,0.1773000806570053,0.1676350086927414,0.0,1.0,0.0,0.0
488.0,-0.03161155432462692,-0.7751398086547852,1.5650850534439087,0.7808511257171631,1.5707963705062866,-1.6024079322814941,0.975235641002655,0.17026148736476898,0.1676350086927414,0.0,1.0,0.0,0.0
489.0,-0.04857499152421951,-0.7749836444854736,1.5647413730621338,0.7810385823249817,1.5707963705062866,-1.6193712949752808,0.9781743884086609,0.15368515253067017,0.1676350086927414,0.0,1.0,0.0,0.0
490.0,-0.04909012094140053,-0.7887816429138184,1.5951300859451294,0.7644478678703308,1.5707963705062866,-1.6198863983154297,0.9612373113632202,0.15401723980903625,0.1676350086927414,0.0,1.0,0.0,0.0
491.0,-0.06780111789703369,-0.7910745739936829,1.600185513496399,0.7616854310035706,1.5707963705062866,-1.6385974884033203,0.9610984921455383,0.13619929552078247,0.1676350086927414,0.0,1.0,0.0,0.0
492.0,-0.08199090510606766,-0.7897073030471802,1.5971707105636597,0.7633329033851624,1.5707963705062866,-1.652787208557129,0.9646342396736145,0.12240856140851974,0.1676350086927414,0.0,1.0,0.0,0.0
493.0,-0.0696353018283844,-0.7807871103286743,1.5775161981582642,0.7740671634674072,1.5707963705062866,-1.6404316425323486,0.9740802645683289,0.1335480958223343,0.1676350086927414,0.0,1.0,0.0,0.0
494.0,-0.0817515179514885,-0.7768173217773438,1.5687767267227173,0.7788369059562683,1.5707963705062866,-1.652547836303711,0.9804937839508057,0.1213376447558403,0.1676350086927414,0.0,1.0,0.0,0.0
495.0,-0.06465689837932587,-0.7658864855766296,1.544735074043274,0.7919477820396423,1.5707963705062866,-1.635453224182129,0.9915724992752075,0.1372193843126297,0.1676350086927414,0.0,1.0,0.0,0.0
496.0,-0.0952027440071106,-0.7742214798927307,1.5630643367767334,0.7819533944129944,1.5707963705062866,-1.6659990549087524,0.9852031469345093,0.10783589631319046,0.1676350086927414,0.0,1.0,0.0,0.0
497.0,-0.0871606171131134,-0.7624232172966003,1.537124514579773,0.796095073223114,1.5707963705062866,-1.6579569578170776,0.998577356338501,0.11450821906328201,0.1676350086927414,0.0,1.0,0.0,0.0
498.0,-0.07460208237171173,-0.7520346641540527,1.51431405544281,0.8085169792175293,1.5707963705062866,-1.6453983783721924,1.009468674659729,0.12611214816570282,0.1676350086927414,0.0,1.0,0.0,0.0
499.0,-0.09729372709989548,-0.7555009126663208,1.521921992301941,0.8043752312660217,1.5707963705062866,-1.6680901050567627,1.0079561471939087,0.10357668250799179,0.1676350086927414,0.0,1.0,0.0,0.0
500.0,-0.11249827593564987,-0.7632648944854736,1.5389738082885742,0.7950873970985413,1.5707963705062866,-1.683294653892517,1.0001490116119385,0.08928653597831726,0.1676350086927414,0.0,1.0,0.0,0.0
501.0,-0.1130499392747879,-0.7758381366729736,1.5666217803955078,0.7800127267837524,1.5707963705062866,-1.6838462352752686,0.9850038290023804,0.09045984596014023,0.1676350086927414,0.0,1.0,0.0,0.0
502.0,-0.13620804250240326,-0.7806751728057861,1.5772697925567627,0.7742017507553101,1.5707963705062866,-1.707004427909851,0.9809433817863464,0.0684342160820961,0.1676350086927414,0.0,1.0,0.0,0.0
503.0,-0.12588967382907867,-0.7863320112228394,1.589730978012085,0.767397403717041,1.5707963705062866,-1.696686029434204,0.9732421040534973,0.07943081855773926,0.1676350086927414,0.0,1.0,0.0,0.0
504.0,-0.10594870895147324,-0.7937994003295898,1.606195092201233,0.7584006190299988,1.5707963705062866,-1.676745057106018,0.9622053503990173,0.09980583935976028,0.1676350086927414,0.0,1.0,0.0,0.0
505.0,-0.12232401221990585,-0.7958190441131592,1.610650897026062,0.755964457988739,1.5707963705062866,-1.6931203603744507,0.9611968398094177,0.08434580266475677,0.1676350086927414,0.0,1.0,0.0,0.0
506.0,-0.14186835289001465,-0.7944440841674805,1.6076172590255737,0.7576231360435486,1.5707963705062866,-1.7126647233963013,0.9643692374229431,0.06530103832483292,0.1676350086927414,0.0,1.0,0.0,0.0
507.0,-0.13240113854408264,-0.8073450922966003,1.6361050605773926,0.7420362830162048,1.5707963705062866,-1.7031974792480469,0.9475542902946472,0.07657919079065323,0.1676350086927414,0.0,1.0,0.0,0.0
508.0,-0.11223277449607849,-0.805534839630127,1.6321046352386475,0.7442265748977661,1.5707963705062866,-1.683029055595398,0.9481043219566345,0.09541517496109009,0.1676350086927414,0.0,1.0,0.0,0.0
509.0,-0.12110529839992523,-0.8149539828300476,1.6529327630996704,0.732817530632019,1.5707963705062866,-1.691901683807373,0.93697190284729,0.08845275640487671,0.1676350086927414,0.0,1.0,0.0,0.0
510.0,-0.09628346562385559,-0.8000004291534424,1.6198803186416626,0.7509164810180664,1.5707963705062866,-1.6670798063278198,0.9534359574317932,0.1098504438996315,0.1676350086927414,0.0,1.0,0.0,0.0
511.0,-0.08145790547132492,-0.8050071001052856,1.6309384107589722,0.7448650002479553,1.5707963705062866,-1.6522542238235474,0.9453873634338379,0.12448864430189133,0.1676350086927414,0.0,1.0,0.0,0.0
512.0,-0.09646526724100113,-0.8186007142066956,1.6610047817230225,0.7283921837806702,1.5707963705062866,-1.6672616004943848,0.9298369288444519,0.11196260899305344,0.1676350086927414,0.0,1.0,0.0,0.0
513.0,-0.10784489661455154,-0.8285472393035889,1.6830459833145142,0.7162976264953613,1.5707963705062866,-1.6786412000656128,0.9182239174842834,0.1027630865573883,0.1676350086927414,0.0,1.0,0.0,0.0
514.0,-0.12398993968963623,-0.8322110176086426,1.691174030303955,0.7118333578109741,1.5707963705062866,-1.6947863101959229,0.915010392665863,0.088517926633358,0.1676350086927414,0.0,1.0,0.0,0.0
515.0,-0.08691276609897614,-0.8274077773094177,1.6805191040039062,0.7176850438117981,1.5707963705062866,-1.6577091217041016,0.9173518419265747,0.12183060497045517,0.1676350086927414,0.0,1.0,0.0,0.0
516.0,-0.09465713798999786,-0.8368726372718811,1.7015230655670166,0.7061458230018616,1.5707963705062866,-1.6654534339904785,0.9059247970581055,0.11589456349611282,0.1676350086927414,0.0,1.0,0.0,0.0
517.0,-0.08154123276472092,-0.8407682776451111,1.7101783752441406,0.7013862133026123,1.5707963705062866,-1.6523375511169434,0.8992017507553101,0.12818512320518494,0.1676350086927414,0.0,1.0,0.0,0.0
518.0,-0.11348678916692734,-1.0584769248962402,2.2100512981414795,-0.6251768469810486,1.472566843032837,-0.05692668259143829,0.7914122343063354,0.12732936441898346,0.10714443027973175,0.6123724579811096,0.6123723983764648,0.3535534143447876,0.3535534143447876
519.0,-0.12400437146425247,-1.0384353399276733,2.2142350673675537,-0.6488566398620605,1.4634745121002197,-0.06224146485328674,0.7914122343063354,0.12056652456521988,0.09157951176166534,0.6123724579811096,0.6123723983764648,0.3535533845424652,0.3535533845424652
520.0,-0.09361469745635986,-1.0428276062011719,2.2081186771392822,-0.6397901177406311,1.489753246307373,-0.0469101220369339,0.7914122343063354,0.14012517035007477,0.09636248648166656,0.6123724579811096,0.6123723983764648,0.3535534143447876,0.3535534143447876
521.0,-0.07064705342054367,-1.043923020362854,2.203078508377075,-0.6344747543334961,1.509626865386963,-0.035367656499147415,0.7914122343063354,0.15495464205741882,0.0985485166311264,0.6123724579811096,0.6123723983764648,0.3535534143447876,0.3535534143447876
522.0,-0.0491340197622776,-1.039147973060608,2.1985137462615967,-0.6352439522743225,1.5282492637634277,-0.024581843987107277,0.7914122343063354,0.16889724135398865,0.09636451303958893,0.6123724579811096,0.6123723983764648,0.3535534143447876,0.3535534143447876
523.0,0.22363592684268951,-0.5987744331359863,1.594117283821106,0.9422028660774231,2.5763511657714844,1.997701644897461,0.8914178013801575,0.27524980902671814,0.09078212082386017,0.8660253882408142,0.0,0.0,0.5000000596046448
524.0,-0.0792161226272583,-1.0226000547409058,2.2071588039398193,-0.6595988273620605,1.502211093902588,-0.039670299738645554,0.7914122343063354,0.14941591024398804,0.08196951448917389,0.6123724579811096,0.6123723983764648,0.3535533845424652,0.3535533845424652
525.0,-0.1054747924208641,-1.0209625959396362,2.212585926055908,-0.6656080484390259,1.4794949293136597,-0.05288448557257652,0.7914122343063354,0.13248515129089355,0.0793948620557785,0.6123724579811096,0.6123723983764648,0.3535533845424652,0.3535533845424652
526.0,-0.13525697588920593,-1.0126854181289673,2.2183616161346436,-0.6780954003334045,1.4537501335144043,-0.06793922185897827,0.7914122343063354,0.11333621293306351,0.07204321026802063,0.6123724579811096,0.6123723983764648,0.3535533845424652,0.3535533845424652
527.0,-0.11329959332942963,-0.9987826943397522,2.215632200241089,-0.6904610991477966,1.4727287292480469,-0.05683219060301781,0.7914122343063354,0.12744978070259094,0.06266596913337708,0.6123724579811096,0.6123723983764648,0.3535533845424652,0.3535533845424652
528.0,-0.13802246749401093,-0.9922524094581604,2.2200729846954346,-0.7000741958618164,1.451360821723938,-0.06934148073196411,0.7914122343063354,0.11155987530946732,0.05698242411017418,0.6123724579811096,0.6123723983764648,0.3535533845424652,0.3535533845424652
529.0,-0.10409481078386307,-0.9759477376937866,2.215061902999878,-0.713161826133728,1.480688452720642,-0.05218878760933876,0.7914122343063354,0.13337358832359314,0.04633427783846855,0.6123724579811096,0.6123723983764648,0.3535533845424652,0.3535533845424652
530.0,-0.12797492742538452,-0.97240149974823,2.2193195819854736,-0.7197564840316772,1.4600428342819214,-0.06425053626298904,0.7914122343063354,0.11801474541425705,0.04288279637694359,0.6123724579811096,0.6123723983764648,0.3535533845424652,0.3535533845424652
531.0,-0.154820054769516,-0.9769413471221924,2.2231342792510986,-0.7173680663108826,1.436853051185608,-0.07787669450044632,0.7914122343063354,0.10077343136072159,0.045381736010313034,0.6123724579811096,0.6123723983764648,0.3535533845424652,0.3535533845424652
532.0,-0.18166600167751312,-0.9816542267799377,2.226201295852661,-0.7137336730957031,1.4136873483657837,-0.09158866107463837,0.7914122343063354,0.08353374153375626,0.04819053038954735,0.6123724579811096,0.6123723983764648,0.3535533845424652,0.3535533845424652
533.0,-0.2036232352256775,-0.9920066595077515,2.2278614044189453,-0.7031693458557129,1.3947618007659912,-0.10287798941135406,0.7914122343063354,0.06941760331392288,0.05531783029437065,0.6123724579811096,0.6123723983764648,0.3535533845424652,0.3535533845424652
534.0,-0.22794121503829956,-0.9968323707580566,2.229379653930664,-0.6975268721580505,1.3738272190093994,-0.11547043174505234,0.7914122343063354,0.05374910309910774,0.05857014283537865,0.6123724579811096,0.6123723983764648,0.3535533845424652,0.3535533845424652
535.0,-0.18289922177791595,-1.0053995847702026,2.225123643875122,-0.6888113617897034,1.4126238822937012,-0.09222085028886795,0.7914122343063354,0.08274145424365997,0.06537804007530212,0.6123724579811096,0.6123723983764648,0.3535533845424652,0.3535533845424652
536.0,-0.15539319813251495,-1.004165768623352,2.2218782901763916,-0.688848614692688,1.4363582134246826,-0.07816848903894424,0.7914122343063354,0.10040543973445892,0.06514818966388702,0.6123724579811096,0.6123723983764648,0.3535533845424652,0.3535533845424652
537.0,-0.1586555689573288,-1.026064395904541,2.2206578254699707,-0.665504515171051,1.4335416555404663,-0.07983013987541199,0.7914122343063354,0.09831082075834274,0.081131711602211,0.6123724579811096,0.6123723983764648,0.3535534143447876,0.3535534143447876
538.0,-0.179904967546463,-1.031312346458435,2.2227747440338135,-0.6607897281646729,1.4152060747146606,-0.09068624675273895,0.7914122343063354,0.08466506004333496,0.08443470299243927,0.6123724579811096,0.6123723983764648,0.3535534143447876,0.3535534143447876
539.0,-0.1493813693523407,-1.0563119649887085,2.2161853313446045,-0.6314116716384888,1.441549301147461,-0.07510970532894135,0.7914122343063354,0.10426545143127441,0.10395465791225433,0.6123724579811096,0.6123723983764648,0.3535533845424652,0.3535533845424652
540.0,-0.17160657048225403,-1.0518628358840942,2.2196648120880127,-0.6377722024917603,1.422364592552185,-0.08643966168165207,0.7914122343063354,0.08999494463205338,0.09989933669567108,0.6123724579811096,0.6123723983764648,0.3535534143447876,0.3535534143447876
541.0,-0.19361059367656708,-1.0553441047668457,2.221658945083618,-0.6345106959342957,1.40338933467865,-0.09772105515003204,0.7914122343063354,0.07585743069648743,0.10195191204547882,0.6123724579811096,0.6123723983764648,0.3535533845424652,0.3535533845424652
542.0,-0.12176983058452606,-0.8504141569137573,1.7316359281539917,0.6895745396614075,1.5707963705062866,-1.692566156387329,0.8908940553665161,0.09347604960203171,0.1676350086927414,0.0,1.0,0.0,0.0
543.0,-0.13680198788642883,-0.8398224711418152,1.7080764770507812,0.7025423645973206,1.5707963705062866,-1.707598328590393,0.9061479568481445,0.07815361768007278,0.1676350086927414,0.0,1.0,0.0,0.0
544.0,-0.14831139147281647,-0.8485856652259827,1.7275654077529907,0.6918165683746338,1.5707963705062866,-1.719107747077942,0.8954771161079407,0.06943919509649277,0.1676350086927414,0.0,1.0,0.0,0.0
545.0,-0.227891206741333,-1.0668816566467285,2.2229490280151367,-0.6210521459579468,1.3738702535629272,-0.11544442921876907,0.7914122343063354,0.053781379014253616,0.11003811657428741,0.6123724579811096,0.6123723983764648,0.3535533845424652,0.3535533845424652
546.0,-0.25348928570747375,-1.0619816780090332,2.224809169769287,-0.6250522136688232,1.3518669605255127,-0.12881380319595337,0.7914122343063354,0.037228360772132874,0.10624460875988007,0.6123724579811096,0.6123723983764648,0.3535533845424652,0.3535533845424652
547.0,-0.2900632619857788,-1.056602120399475,2.225985050201416,-0.627112627029419,1.3204965591430664,-0.14814740419387817,0.7914122343063354,0.013426046818494797,0.10246209800243378,0.6123724579811096,0.6123723983764648,0.3535534143447876,0.3535534143447876
548.0,-0.30334627628326416,-1.0437837839126587,2.2272379398345947,-0.6393869519233704,1.3091251850128174,-0.15524396300315857,0.7914122343063354,0.004725416656583548,0.0931742936372757,0.6123724579811096,0.6123723983764648,0.3535534143447876,0.3535534143447876
549.0,-0.3252420425415039,-1.0364395380020142,2.227252960205078,-0.643588662147522,1.2904086112976074,-0.16703756153583527,0.7914122343063354,-0.00969554204493761,0.08822382986545563,0.6123724579811096,0.6123723983764648,0.3535534143447876,0.3535534143447876
550.0,-0.35504189133644104,-1.0235992670059204,2.2265470027923584,-0.6510249972343445,1.2649964094161987,-0.18329569697380066,0.7914122343063354,-0.029505589976906776,0.07968704402446747,0.6123724579811096,0.6123723983764648,0.3535533845424652,0.3535533845424652
551.0,-0.374351441860199,-1.018026351928711,2.2252426147460938,-0.6519968509674072,1.248570442199707,-0.19396904110908508,0.7914122343063354,-0.04247283563017845,0.07633994519710541,0.6123724579811096,0.6123723983764648,0.3535534143447876,0.3535534143447876
552.0,-0.36525723338127136,-1.0408141613006592,2.2240803241729736,-0.6296245455741882,1.2563024759292603,-0.1889280527830124,0.7914122343063354,-0.036351826041936874,0.09273098409175873,0.6123724579811096,0.6123723983764648,0.3535533845424652,0.3535533845424652
553.0,-0.36122071743011475,-1.0593762397766113,2.2223458290100098,-0.6100141406059265,1.2597366571426392,-0.18669869005680084,0.7914122343063354,-0.0336429700255394,0.1063612848520279,0.6123724579811096,0.6123723983764648,0.3535534143447876,0.3535534143447876
554.0,-0.32727646827697754,-1.0582284927368164,2.224790334701538,-0.6190310716629028,1.2886714935302734,-0.16813969612121582,0.7914122343063354,-0.011040898971259594,0.10439087450504303,0.6123724579811096,0.6123723983764648,0.3535534143447876,0.3535534143447876
555.0,-0.2264770269393921,-0.8569289445877075,1.7461506128311157,0.6815746426582336,1.5707963705062866,-1.7972733974456787,0.8872629404067993,0.0018150857649743557,0.1676350086927414,0.0,1.0,0.0,0.0
556.0,-0.2250610888004303,-0.8433362245559692,1.7158870697021484,0.6982454657554626,1.5707963705062866,-1.7958574295043945,0.9049745202064514,-0.0009842854924499989,0.1676350086927414,0.0,1.0,0.0,0.0
557.0,-0.24033595621585846,-0.8446976542472839,1.7189147472381592,0.6965792179107666,1.5707963705062866,-1.8111323118209839,0.9030981659889221,-0.014376705512404442,0.1676350086927414,0.0,1.0,0.0,0.0
558.0,-0.25743213295936584,-0.8382849097251892,1.704660177230835,0.7044210433959961,1.5707963705062866,-1.82822847366333,0.9109309911727905,-0.031975019723176956,0.1676350086927414,0.0,1.0,0.0,0.0
559.0,-0.2570256292819977,-0.8486652970314026,1.7277426719665527,0.6917189359664917,1.5707963705062866,-1.827821969985962,0.8976219296455383,-0.028103163465857506,0.1676350086927414,0.0,1.0,0.0,0.0
560.0,-0.2735651135444641,-0.850383460521698,1.731567621231079,0.6896121501922607,1.5707963705062866,-1.844361424446106,0.8948241472244263,-0.04232466593384743,0.1676350086927414,0.0,1.0,0.0,0.0
561.0,-0.3898469805717468,-1.0600857734680176,2.2192397117614746,-0.6011412143707275,1.2354140281677246,-0.20261894166469574,0.7914122343063354,-0.05296289548277855,0.10819293558597565,0.6123724579811096,0.6123723983764648,0.3535533845424652,0.3535533845424652
562.0,-0.3954698145389557,-1.0411933660507202,2.2207064628601074,-0.6204537749290466,1.2306455373764038,-0.2057771384716034,0.7914122343063354,-0.05678930878639221,0.09439022839069366,0.6123724579811096,0.6123723983764648,0.3535534143447876,0.3535534143447876
563.0,-0.4166945517063141,-1.0580459833145142,2.2157366275787354,-0.5945193767547607,1.2126752138137817,-0.21779651939868927,0.7914122343063354,-0.0713358223438263,0.10819624364376068,0.6123724579811096,0.6123723983764648,0.3535533845424652,0.3535533845424652
564.0,-0.29386770725250244,-0.8474539518356323,1.7250467538833618,0.6932035088539124,1.5707963705062866,-1.864664077758789,0.8975241780281067,-0.061614904552698135,0.1676350086927414,0.0,1.0,0.0,0.0
565.0,-0.30924591422080994,-0.8442139625549316,1.717839002609253,0.6971713304519653,1.5707963705062866,-1.8800421953201294,0.9005769491195679,-0.07672135531902313,0.1676350086927414,0.0,1.0,0.0,0.0
566.0,-0.2951718866825104,-0.8370588421821594,1.7019367218017578,0.7059184908866882,1.5707963705062866,-1.8659682273864746,0.9106223583221436,-0.06679258495569229,0.1676350086927414,0.0,1.0,0.0,0.0
567.0,-0.27412736415863037,-0.8365939259529114,1.700904130935669,0.706486165523529,1.5707963705062866,-1.844923734664917,0.9124156832695007,-0.04778137803077698,0.1676350086927414,0.0,1.0,0.0,0.0
568.0,-0.2811805307865143,-0.8263339400291443,1.678138256072998,0.7189920544624329,1.5707963705062866,-1.8519768714904785,0.9249582290649414,-0.05794214457273483,0.1676350086927414,0.0,1.0,0.0,0.0
569.0,-0.27103275060653687,-0.817215621471405,1.6579384803771973,0.7300735116004944,1.5707963705062866,-1.8418290615081787,0.9368706345558167,-0.051713015884160995,0.1676350086927414,0.0,1.0,0.0,0.0
570.0,-0.2553483247756958,-0.8251482844352722,1.6755098104476929,0.7204347252845764,1.5707963705062866,-1.8261446952819824,0.927638053894043,-0.03442118689417839,0.1676350086927414,0.0,1.0,0.0,0.0
571.0,-0.24407728016376495,-0.8314911127090454,1.689576506614685,0.712710976600647,1.5707963705062866,-1.8148735761642456,0.9199397563934326,-0.021964631974697113,0.1676350086927414,0.0,1.0,0.0,0.0
572.0,-0.24149231612682343,-0.8168382048606873,1.6571029424667358,0.7305315732955933,1.5707963705062866,-1.8122886419296265,0.9384610652923584,-0.024135103449225426,0.1676350086927414,0.0,1.0,0.0,0.0
573.0,-0.22581413388252258,-0.8177511692047119,1.6591240167617798,0.7294235229492188,1.5707963705062866,-1.7966104745864868,0.9375783205032349,-0.009156156331300735,0.1676350086927414,0.0,1.0,0.0,0.0
574.0,-0.2159234583377838,-0.8318008184432983,1.6902637481689453,0.7123334407806396,1.5707963705062866,-1.786719799041748,0.919797420501709,0.004027338232845068,0.1676350086927414,0.0,1.0,0.0,0.0
575.0,-0.20334556698799133,-0.8406793475151062,1.7099807262420654,0.7014949321746826,1.5707963705062866,-1.7741419076919556,0.9082297086715698,0.01795559749007225,0.1676350086927414,0.0,1.0,0.0,0.0
576.0,-0.1862255334854126,-0.8371691703796387,1.7021816968917847,0.7057837843894958,1.5707963705062866,-1.7570219039916992,0.9123430848121643,0.0326431579887867,0.1676350086927414,0.0,1.0,0.0,0.0
577.0,-0.1959587186574936,-0.8259595632553101,1.6773083209991455,0.7194476127624512,1.5707963705062866,-1.7667549848556519,0.9270110726356506,0.020904548466205597,0.1676350086927414,0.0,1.0,0.0,0.0
578.0,-0.17983020842075348,-0.8195822238922119,1.6631783246994019,0.7272002696990967,1.5707963705062866,-1.750626564025879,0.9346845746040344,0.03437428176403046,0.1676350086927414,0.0,1.0,0.0,0.0
579.0,-0.19083046913146973,-0.8121945858001709,1.6468279361724854,0.7361630201339722,1.5707963705062866,-1.7616268396377563,0.9443313479423523,0.022289179265499115,0.1676350086927414,0.0,1.0,0.0,0.0
580.0,-0.15826450288295746,-0.8053253293037415,1.6316415071487427,0.7444800734519958,1.5707963705062866,-1.7290607690811157,0.9517533779144287,0.051644694060087204,0.1676350086927414,0.0,1.0,0.0,0.0
581.0,-0.1494104415178299,-0.8143102526664734,1.6515084505081177,0.7335981726646423,1.5707963705062866,-1.7202067375183105,0.9399170875549316,0.06177673861384392,0.1676350086927414,0.0,1.0,0.0,0.0
582.0,-0.1640104502439499,-0.8207379579544067,1.6657378673553467,0.7257964015007019,1.5707963705062866,-1.734806776046753,0.9325506687164307,0.04939965531229973,0.1676350086927414,0.0,1.0,0.0,0.0
583.0,-0.14435485005378723,-0.8254218101501465,1.6761161088943481,0.7201019525527954,1.5707963705062866,-1.7151511907577515,0.9253907799720764,0.06859224289655685,0.1676350086927414,0.0,1.0,0.0,0.0
584.0,-0.16560302674770355,-0.8326504230499268,1.6921491622924805,0.7112976312637329,1.5707963705062866,-1.7363994121551514,0.9173327684402466,0.050470802932977676,0.1676350086927414,0.0,1.0,0.0,0.0
585.0,-0.1675340086221695,-0.8437095880508423,1.7167173624038696,0.6977885961532593,1.5707963705062866,-1.738330364227295,0.9030455350875854,0.05113179609179497,0.1676350086927414,0.0,1.0,0.0,0.0
586.0,-0.1931401491165161,-0.8487778902053833,1.7279932498931885,0.6915809512138367,1.5707963705062866,-1.7639365196228027,0.8974374532699585,0.02928900718688965,0.1676350086927414,0.0,1.0,0.0,0.0
587.0,-0.26799893379211426,-1.0445894002914429,2.2271933555603027,-0.6431240439414978,1.3394116163253784,-0.13644930720329285,0.7914122343063354,0.02780986577272415,0.09338076412677765,0.6123724579811096,0.6123723983764648,0.3535534143447876,0.3535534143447876
588.0,-0.22637876868247986,-1.0400240421295166,2.2259743213653564,-0.6510884165763855,1.375171422958374,-0.11465829610824585,0.7914122343063354,0.054757263511419296,0.09010080993175507,0.6123724579811096,0.6123723983764648,0.3535534143447876,0.3535534143447876
589.0,-0.24889320135116577,-1.0290452241897583,2.228148937225342,-0.6618470549583435,1.3558149337768555,-0.1264040768146515,0.7914122343063354,0.0402059331536293,0.08192063868045807,0.6123724579811096,0.6123723983764648,0.3535534143447876,0.3535534143447876
590.0,-0.2047136425971985,-1.0180866718292236,2.2263216972351074,-0.6754509210586548,1.393822431564331,-0.1034405380487442,0.7914122343063354,0.06871594488620758,0.0742538720369339,0.6123724579811096,0.6123723983764648,0.3535533845424652,0.3535533845424652
591.0,-0.22575071454048157,-1.0171009302139282,2.22794771194458,-0.676048219203949,1.3757117986679077,-0.11433199048042297,0.7914122343063354,0.055162448436021805,0.07329800724983215,0.6123724579811096,0.6123723983764648,0.3535533845424652,0.3535533845424652
592.0,-0.27435383200645447,-1.0259122848510742,2.229052782058716,-0.6628815531730652,1.3339605331420898,-0.13980747759342194,0.7914122343063354,0.023675188422203064,0.07970698177814484,0.6123724579811096,0.6123723983764648,0.3535534143447876,0.3535534143447876
593.0,-0.2609655261039734,-1.0053614377975464,2.2303035259246826,-0.6863011717796326,1.3454476594924927,-0.13274264335632324,0.7914122343063354,0.032379020005464554,0.06468948721885681,0.6123724579811096,0.6123723983764648,0.3535533845424652,0.3535533845424652
594.0,-0.2866595685482025,-1.0043121576309204,2.230668067932129,-0.684531569480896,1.3234124183654785,-0.1463356912136078,0.7914122343063354,0.015650272369384766,0.06411674618721008,0.6123724579811096,0.6123723983764648,0.3535533845424652,0.3535533845424652
595.0,-0.3125189244747162,-1.0165592432022095,2.2294247150421143,-0.6675052046775818,1.30128014087677,-0.16016970574855804,0.7914122343063354,-0.0013032560236752033,0.07340079545974731,0.6123724579811096,0.6123723983764648,0.3535533845424652,0.3535533845424652
596.0,-0.33522143959999084,-1.014102578163147,2.2286200523376465,-0.6657713055610657,1.2818905115127563,-0.17245452105998993,0.7914122343063354,-0.016304368153214455,0.0721438080072403,0.6123724579811096,0.6123723983764648,0.3535533845424652,0.3535533845424652
597.0,-0.3530159890651703,-0.997559666633606,2.228482961654663,-0.6793347597122192,1.2667217254638672,-0.18218238651752472,0.7914122343063354,-0.028151392936706543,0.06066839024424553,0.6123724579811096,0.6123723983764648,0.3535533845424652,0.3535533845424652
598.0,-0.3434043526649475,-0.9803398251533508,2.229931592941284,-0.6995592713356018,1.2749117612838745,-0.17691674828529358,0.7914122343063354,-0.02174193598330021,0.04796617850661278,0.6123724579811096,0.6123723983764648,0.3535533845424652,0.3535533845424652
599.0,-0.32329535484313965,-0.9952205419540405,2.230363130569458,-0.6882083415985107,1.2920712232589722,-0.16598404943943024,0.7914122343063354,-0.008409124799072742,0.058166902512311935,0.6123724579811096,0.6123723983764648,0.3535533845424652,0.3535533845424652
600.0,-0.29094013571739197,-0.9840981364250183,2.23165225982666,-0.7051677703857422,1.3197455406188965,-0.14861461520195007,0.7914122343063354,0.01285269483923912,0.04960225149989128,0.6123724579811096,0.6123723983764648,0.3535533845424652,0.3535533845424652
601.0,-0.26631760597229004,-0.9869513511657715,2.231377363204956,-0.7051488161087036,1.340854287147522,-0.13556230068206787,0.7914122343063354,0.028902780264616013,0.05143333598971367,0.6123724579811096,0.6123723983764648,0.3535533845424652,0.3535533845424652
602.0,-0.24364793300628662,-0.9826803207397461,2.230833053588867,-0.7114756107330322,1.3603219985961914,-0.12365910410881042,0.7914122343063354,0.04360095039010048,0.04831927642226219,0.6123724579811096,0.6123723983764648,0.3535533845424652,0.3535533845424652
603.0,-0.21561944484710693,-0.964633047580719,2.2297303676605225,-0.7312947511672974,1.384431004524231,-0.10907749086618423,0.7914122343063354,0.06169389560818672,0.03552291914820671,0.6123724579811096,0.6123723983764648,0.3535533845424652,0.3535533845424652
604.0,-0.2341800183057785,-0.949053943157196,2.2310616970062256,-0.7463432550430298,1.36846125125885,-0.11871756613254547,0.7914122343063354,0.049721237272024155,0.024328481405973434,0.6123724579811096,0.6123723983764648,0.3535533845424652,0.3535533845424652
605.0,-0.25281038880348206,-0.9636906385421753,2.2317123413085938,-0.7303237318992615,1.3524500131607056,-0.12845759093761444,0.7914122343063354,0.03766835480928421,0.03473816439509392,0.6123724579811096,0.6123723983764648,0.3535533845424652,0.3535533845424652
606.0,-0.28839346766471863,-0.9653601050376892,2.2322115898132324,-0.7248005270957947,1.3219269514083862,-0.14725828170776367,0.7914122343063354,0.014517467468976974,0.036169376224279404,0.6123724579811096,0.6123723983764648,0.3535533845424652,0.3535533845424652
607.0,-0.31544607877731323,-0.9671670794487,2.231673002243042,-0.7187239527702332,1.2987779378890991,-0.1617460548877716,0.7914122343063354,-0.003230844158679247,0.037875693291425705,0.6123724579811096,0.6123723983764648,0.3535533845424652,0.3535533845424652
608.0,-0.3367656469345093,-0.9591920375823975,2.2308530807495117,-0.7226747274398804,1.2805731296539307,-0.17329515516757965,0.7914122343063354,-0.017329184338450432,0.03266232833266258,0.6123724579811096,0.6123723983764648,0.3535533845424652,0.3535533845424652
609.0,-0.3814599812030792,-0.9437284469604492,2.227280378341675,-0.7270674705505371,1.2425321340560913,-0.1979275345802307,0.7914122343063354,-0.0472753643989563,0.023047517985105515,0.6123724579811096,0.6123723983764648,0.3535533845424652,0.3535533845424652
610.0,-0.3984321057796478,-0.9305175542831421,2.225184440612793,-0.7350488901138306,1.2281347513198853,-0.20744532346725464,0.7914122343063354,-0.05880964174866676,0.014317658729851246,0.6123724579811096,0.6123723983764648,0.3535533845424652,0.3535533845424652
611.0,-0.3647902309894562,-0.933914303779602,2.2288479804992676,-0.7413718104362488,1.2566996812820435,-0.18866987526416779,0.7914122343063354,-0.03603818267583847,0.015500259585678577,0.6123724579811096,0.6123723983764648,0.3535533845424652,0.3535533845424652
612.0,-0.3414458930492401,-0.9361864328384399,2.2306175231933594,-0.7447097301483154,1.2765815258026123,-0.17584705352783203,0.7914122343063354,-0.020438959822058678,0.016442429274320602,0.6123724579811096,0.6123723983764648,0.3535533845424652,0.3535533845424652
613.0,-0.3117557168006897,-0.945694625377655,2.232010841369629,-0.7410650253295898,1.3019325733184814,-0.1597590446472168,0.7914122343063354,-0.0008009676821529865,0.022536005824804306,0.6123724579811096,0.6123723983764648,0.3535533845424652,0.3535533845424652
614.0,-0.2686682641506195,-0.9417638182640076,2.2322559356689453,-0.7509310245513916,1.3388373851776123,-0.13680261373519897,0.7914122343063354,0.027374673634767532,0.01923195645213127,0.6123724579811096,0.6123723983764648,0.3535533845424652,0.3535533845424652
615.0,-0.24438895285129547,-0.9292215704917908,2.231405258178711,-0.765425443649292,1.3596851825714111,-0.12404657900333405,0.7914122343063354,0.04312151297926903,0.010278415866196156,0.6123724579811096,0.6123723983764648,0.3535533845424652,0.3535533845424652
616.0,-0.29792746901512146,-0.9232575297355652,2.2320401668548584,-0.7654591202735901,1.3137626647949219,-0.15234382450580597,0.7914122343063354,0.008278917521238327,0.006466311402618885,0.6123724579811096,0.6123723983764648,0.3535533845424652,0.3535533845424652
617.0,-0.3194871246814728,-0.919282853603363,2.231389045715332,-0.7657350897789001,1.2953245639801025,-0.1639258861541748,0.7914122343063354,-0.005895042326301336,0.0040223123505711555,0.6123724579811096,0.6123723983764648,0.3535533845424652,0.3535533845424652
618.0,-0.2827300727367401,-0.9078606367111206,2.2316558361053467,-0.7824790477752686,1.3267794847488403,-0.1442473828792572,0.7914122343063354,0.018215559422969818,-0.0045402077957987785,0.6123724579811096,0.6123723983764648,0.3535533845424652,0.3535533845424652
619.0,-0.3027641475200653,-0.9016061425209045,2.2312262058258057,-0.785633385181427,1.30962336063385,-0.15493208169937134,0.7914122343063354,0.005107439588755369,-0.008677619509398937,0.6123724579811096,0.6123723983764648,0.3535533845424652,0.3535533845424652
620.0,-0.3265996277332306,-0.8911973237991333,2.229951858520508,-0.7913257479667664,1.2892494201660156,-0.16777290403842926,0.7914122343063354,-0.010593184269964695,-0.015555831603705883,0.6123724579811096,0.6123723983764648,0.3535533845424652,0.3535533845424652
621.0,-0.34951475262641907,-0.8874257802963257,2.2284293174743652,-0.7899877429008484,1.2697041034698486,-0.18026116490364075,0.7914122343063354,-0.025813722983002663,-0.01768064871430397,0.6123724579811096,0.6123723983764648,0.3535533845424652,0.3535533845424652
622.0,-0.3380729556083679,-0.9110197424888611,2.2302539348602295,-0.7700438499450684,1.2794580459594727,-0.1740073412656784,0.7914122343063354,-0.018197260797023773,-0.0013971657026559114,0.6123724579811096,0.6123723983764648,0.3535533845424652,0.3535533845424652
623.0,-0.36285293102264404,-0.90436851978302,2.2282354831695557,-0.7706350088119507,1.2583478689193726,-0.1875995695590973,0.7914122343063354,-0.034737735986709595,-0.00542196910828352,0.6123724579811096,0.6123723983764648,0.3535533845424652,0.3535533845424652
624.0,-0.3771558403968811,-0.9162032604217529,2.227313756942749,-0.755395233631134,1.246187686920166,-0.1955288201570511,0.7914122343063354,-0.04436556249856949,0.003374677849933505,0.6123724579811096,0.6123723983764648,0.3535533845424652,0.3535533845424652
625.0,-0.4027691185474396,-0.9126884937286377,2.224212884902954,-0.7510799765586853,1.224460244178772,-0.20989301800727844,0.7914122343063354,-0.06177320331335068,0.0018473833333700895,0.6123724579811096,0.6123723983764648,0.3535533845424652,0.3535533845424652
626.0,-0.411510169506073,-0.894641637802124,2.222282648086548,-0.7654978632926941,1.2170603275299072,-0.21484605967998505,0.7914122343063354,-0.06776712089776993,-0.010553049854934216,0.6123724579811096,0.6123723983764648,0.3535533845424652,0.3535533845424652
627.0,-0.38926512002944946,-0.8921285271644592,2.2250163555145264,-0.7749823927879333,1.2359075546264648,-0.20229269564151764,0.7914122343063354,-0.05256754532456398,-0.013180228881537914,0.6123724579811096,0.6123723983764648,0.3535533845424652,0.3535533845424652
628.0,-0.42114320397377014,-0.8762854337692261,2.2197914123535156,-0.7794402837753296,1.2089146375656128,-0.22033599019050598,0.7914122343063354,-0.07440642267465591,-0.023098651319742203,0.6123724579811096,0.6123723983764648,0.3535533845424652,0.3535533845424652
629.0,-0.4045371413230896,-0.8656532764434814,2.2213940620422363,-0.794956386089325,1.2229628562927246,-0.2108926773071289,0.7914122343063354,-0.06298328191041946,-0.03123614564538002,0.6123724579811096,0.6123723983764648,0.3535533845424652,0.3535533845424652
630.0,-0.3779241144657135,-0.8684617877006531,2.224726915359497,-0.8004133105278015,1.245535135269165,-0.1959565430879593,0.7914122343063354,-0.044884514063596725,-0.03016733005642891,0.6123724579811096,0.6123723983764648,0.3535533845424652,0.3535533845424652
631.0,-0.3529456555843353,-0.8678222894668579,2.2268617153167725,-0.8074626922607422,1.2667815685272217,-0.18214377760887146,0.7914122343063354,-0.028104418888688087,-0.0313093401491642,0.6123724579811096,0.6123723983764648,0.3535533845424652,0.3535533845424652
632.0,-0.33149972558021545,-0.8654288649559021,2.2279932498931885,-0.8143916130065918,1.2850663661956787,-0.17043116688728333,0.7914122343063354,-0.013836845755577087,-0.03346382454037666,0.6123724579811096,0.6123723983764648,0.3535533845424652,0.3535533845424652
633.0,-0.31089913845062256,-0.8773622512817383,2.2296700477600098,-0.8071789145469666,1.3026649951934814,-0.1592983454465866,0.7914122343063354,-0.0002373796742176637,-0.02551126852631569,0.6123724579811096,0.6123723983764648,0.3535533845424652,0.3535533845424652
634.0,-0.2906258702278137,-0.8749561309814453,2.2298452854156494,-0.8125444650650024,1.3200147151947021,-0.1484471559524536,0.7914122343063354,0.013058196753263474,-0.027473721653223038,0.6123724579811096,0.6123723983764648,0.3535533845424652,0.3535533845424652
635.0,-0.268289178609848,-0.851986289024353,2.227851390838623,-0.8363499045372009,1.3391625881195068,-0.1366025060415268,0.7914122343063354,0.027621157467365265,-0.04368937388062477,0.6123724579811096,0.6123723983764648,0.3535533845424652,0.3535533845424652
636.0,-0.2948232591152191,-0.8509825468063354,2.2278435230255127,-0.8339568972587585,1.3164201974868774,-0.1506856381893158,0.7914122343063354,0.010311998426914215,-0.04412153735756874,0.6123724579811096,0.6123723983764648,0.3535533845424652,0.3535533845424652
637.0,-0.3141808807849884,-0.835572361946106,2.225888729095459,-0.844717264175415,1.2998592853546143,-0.16106443107128143,0.7914122343063354,-0.0023974631913006306,-0.05455785617232323,0.6123724579811096,0.6123723983764648,0.3535533845424652,0.3535533845424652
638.0,-0.3328354060649872,-0.8202131986618042,2.2233548164367676,-0.8547638654708862,1.2839264869689941,-0.1711568832397461,0.7914122343063354,-0.01472201757133007,-0.06490176916122437,0.6123724579811096,0.6123723983764648,0.3535533845424652,0.3535533845424652
639.0,-0.35390007495880127,-0.8290708065032959,2.223090887069702,-0.8422860503196716,1.265968680381775,-0.18266808986663818,0.7914122343063354,-0.028742218390107155,-0.05830030515789986,0.6123724579811096,0.6123723983764648,0.3535533845424652,0.3535533845424652
640.0,-0.36170291900634766,-0.8509241342544556,2.2247419357299805,-0.8207805156707764,1.2593263387680054,-0.18696476519107819,0.7914122343063354,-0.0339663028717041,-0.042883146554231644,0.6123724579811096,0.6123723983764648,0.3535533845424652,0.3535533845424652
641.0,-0.3891409635543823,-0.8471781611442566,2.2216861248016357,-0.8166254162788391,1.2360129356384277,-0.20222312211990356,0.7914122343063354,-0.0524832159280777,-0.0447077639400959,0.6123724579811096,0.6123723983764648,0.3535533845424652,0.3535533845424652
642.0,-0.3742113709449768,-0.8334125876426697,2.22184419631958,-0.8332366943359375,1.2486895322799683,-0.19389121234416962,0.7914122343063354,-0.042378347367048264,-0.05476077273488045,0.6123724579811096,0.6123723983764648,0.3535533845424652,0.3535533845424652
643.0,-0.40204137563705444,-0.8259084820747375,2.2178595066070557,-0.8316460847854614,1.225076675415039,-0.20948182046413422,0.7914122343063354,-0.06127544492483139,-0.05915766581892967,0.6123724579811096,0.6123723983764648,0.3535533845424652,0.3535533845424652
644.0,-0.37288492918014526,-0.8149532675743103,2.219785690307617,-0.8498703837394714,1.2498167753219604,-0.19315440952777863,0.7914122343063354,-0.0414840430021286,-0.06765784323215485,0.6123724579811096,0.6123723983764648,0.3535533845424652,0.3535533845424652
645.0,-0.34895774722099304,-0.8019284009933472,2.219996690750122,-0.867142915725708,1.2701786756515503,-0.1799558401107788,0.7914122343063354,-0.025442132726311684,-0.07727985829114914,0.6123724579811096,0.6123723983764648,0.3535533845424652,0.3535533845424652
646.0,-0.36860933899879456,-0.7872307896614075,2.2162892818450928,-0.8748404383659363,1.2534515857696533,-0.19078314304351807,0.7914122343063354,-0.038605060428380966,-0.0870552733540535,0.6123724579811096,0.6123723983764648,0.3535533845424652,0.3535533845424652
647.0,-0.39295870065689087,-0.7864372730255127,2.213644027709961,-0.868617057800293,1.2327747344970703,-0.20436543226242065,0.7914122343063354,-0.05507911741733551,-0.08697860687971115,0.6123724579811096,0.6123723983764648,0.3535533845424652,0.3535533845424652
648.0,-0.40613844990730286,-0.8047497868537903,2.2146499156951904,-0.8488060235977173,1.221606969833374,-0.2117990404367447,0.7914122343063354,-0.06408026069402695,-0.0738067552447319,0.6123724579811096,0.6123723983764648,0.3535533845424652,0.3535533845424652
649.0,-0.42464521527290344,-0.7820805311203003,2.208650588989258,-0.8617919087409973,1.2059557437896729,-0.22234013676643372,0.7914122343063354,-0.07682916522026062,-0.08904556185007095,0.6123724579811096,0.6123723983764648,0.3535533845424652,0.3535533845424652
650.0,-0.3956291079521179,-0.7629780769348145,2.209454298019409,-0.8873869776725769,1.2305105924606323,-0.20586679875850677,0.7914122343063354,-0.056897882372140884,-0.10326242446899414,0.6123724579811096,0.6123723983764648,0.3535533845424652,0.3535533845424652
651.0,-0.4222511947154999,-0.7591879963874817,2.2051608562469482,-0.8816826343536377,1.207978367805481,-0.2209695726633072,0.7914122343063354,-0.07517241686582565,-0.10514118522405624,0.6123724579811096,0.6123723983764648,0.3535533845424652,0.3535533845424652
652.0,-0.4219234883785248,-0.740699827671051,2.2017321586608887,-0.8968085050582886,1.2082552909851074,-0.22078213095664978,0.7914122343063354,-0.07494580745697021,-0.11809229105710983,0.6123724579811096,0.6123723983764648,0.3535533845424652,0.3535533845424652
653.0,-0.39792919158935547,-0.7390496134757996,2.2046890258789062,-0.9061169028282166,1.2285609245300293,-0.20716188848018646,0.7914122343063354,-0.05846641585230827,-0.11990193277597427,0.6123724579811096,0.6123723983764648,0.3535533845424652,0.3535533845424652
654.0,-0.36494147777557373,-0.7414962649345398,2.2086002826690674,-0.9135165214538574,1.2565709352493286,-0.18875345587730408,0.7914122343063354,-0.036139752715826035,-0.1189555674791336,0.6123724579811096,0.6123723983764648,0.3535533845424652,0.3535533845424652
655.0,-0.3340316414833069,-0.7454769611358643,2.2114899158477783,-0.9174509644508362,1.2829056978225708,-0.17180722951889038,0.7914122343063354,-0.015515150502324104,-0.11676615476608276,0.6123724579811096,0.6123723983764648,0.3535533845424652,0.3535533845424652
656.0,-0.37293314933776855,-0.7628961205482483,2.2118756771087646,-0.8940091133117676,1.2497758865356445,-0.19318117201328278,0.7914122343063354,-0.041516534984111786,-0.10388427972793579,0.6123724579811096,0.6123723983764648,0.3535533845424652,0.3535533845424652
657.0,-0.34840887784957886,-0.7609377503395081,2.2135090827941895,-0.9017348885536194,1.2706464529037476,-0.179655060172081,0.7914122343063354,-0.025076044723391533,-0.10576485842466354,0.6123724579811096,0.6123723983764648,0.3535533845424652,0.3535533845424652
658.0,-0.33087900280952454,-0.7755168676376343,2.2170252799987793,-0.8934307098388672,1.2855961322784424,-0.17009404301643372,0.7914122343063354,-0.01342562772333622,-0.09596170485019684,0.6123724579811096,0.6123723983764648,0.3535533845424652,0.3535533845424652
659.0,-0.30823642015457153,-0.7852136492729187,2.2194037437438965,-0.8894389271736145,1.304942011833191,-0.15786735713481903,0.7914122343063354,0.001513566356152296,-0.08959007263183594,0.6123724579811096,0.6123723983764648,0.3535533845424652,0.3535533845424652
660.0,-0.2871609926223755,-0.772685170173645,2.217660665512085,-0.9030858278274536,1.3229827880859375,-0.14660240709781647,0.7914122343063354,0.015322726219892502,-0.09853950142860413,0.6123724579811096,0.6123723983764648,0.3535533845424652,0.3535533845424652
661.0,-0.3128820061683655,-0.7634660005569458,2.215667486190796,-0.906789243221283,1.3009697198867798,-0.16036508977413177,0.7914122343063354,-0.0015422501601278782,-0.10460692644119263,0.6123724579811096,0.6123723983764648,0.3535533845424652,0.3535533845424652
662.0,-0.281521201133728,-0.7472383975982666,2.213087320327759,-0.924687385559082,1.3278156518936157,-0.14360563457012177,0.7914122343063354,0.019004222005605698,-0.11624991148710251,0.6123724579811096,0.6123723983764648,0.3535533845424652,0.3535533845424652
663.0,-0.2652108371257782,-0.7575798034667969,2.2148303985595703,-0.9181060791015625,1.3418039083480835,-0.13497871160507202,0.7914122343063354,0.029621966183185577,-0.10922424495220184,0.6123724579811096,0.6123723983764648,0.3535533845424652,0.3535533845424652
664.0,-0.24485823512077332,-0.7435854077339172,2.211582899093628,-0.9311878085136414,1.3592818975448608,-0.12429200112819672,0.7914122343063354,0.0428178645670414,-0.11908189207315445,0.6123724579811096,0.6123723983764648,0.3535533845424652,0.3535533845424652
665.0,-0.20659956336021423,-0.7514212727546692,2.2108216285705566,-0.9264441132545471,1.3921979665756226,-0.10441393405199051,0.7914122343063354,0.0675022080540657,-0.1137714833021164,0.6123724579811096,0.6123723983764648,0.3535533845424652,0.3535533845424652
666.0,-0.2227342128753662,-0.7713648676872253,2.2155025005340576,-0.9096407294273376,1.3783073425292969,-0.11276564002037048,0.7914122343063354,0.057108040899038315,-0.09988173097372055,0.6123724579811096,0.6123723983764648,0.3535533845424652,0.3535533845424652
667.0,-0.2012336403131485,-0.7711809873580933,2.2139077186584473,-0.9102559685707092,1.3968204259872437,-0.10164584219455719,0.7914122343063354,0.07095501571893692,-0.10002895444631577,0.6123724579811096,0.6123723983764648,0.3535533845424652,0.3535533845424652
668.0,-0.15186268091201782,-0.7762618660926819,2.2094554901123047,-0.9045679569244385,1.4394066333770752,-0.07637166231870651,0.7914122343063354,0.10267225652933121,-0.09628592431545258,0.6123724579811096,0.6123723983764648,0.3535533845424652,0.3535533845424652
669.0,-0.1267770528793335,-0.7801395654678345,2.2064850330352783,-0.8992506265640259,1.4610780477523804,-0.06364425271749496,0.7914122343063354,0.11878452450037003,-0.09332682937383652,0.6123724579811096,0.6123723983764648,0.3535533845424652,0.3535533845424652
670.0,-0.18404963612556458,-0.78459632396698,2.2145092487335205,-0.8989070653915405,1.4116318225860596,-0.09281077980995178,0.7914122343063354,0.08200231194496155,-0.09065726399421692,0.6123724579811096,0.6123723983764648,0.3535533845424652,0.3535533845424652
671.0,-0.20573891699314117,-0.7924866080284119,2.217653751373291,-0.8922898173332214,1.3929393291473389,-0.10396965593099594,0.7914122343063354,0.0680561289191246,-0.0852181538939476,0.6123724579811096,0.6123723983764648,0.3535533845424652,0.3535533845424652
672.0,-0.23412078619003296,-0.7897445559501648,2.2190892696380615,-0.8936865329742432,1.3685122728347778,-0.11868669837713242,0.7914122343063354,0.049759503453969955,-0.08708983659744263,0.6123724579811096,0.6123723983764648,0.3535533845424652,0.3535533845424652
673.0,-0.1908278912305832,-0.8200894594192505,2.2201030254364014,-0.8684463500976562,1.4057879447937012,-0.09629053622484207,0.7914122343063354,0.07764628529548645,-0.0659673884510994,0.6123724579811096,0.6123723983764648,0.3535533845424652,0.3535533845424652
674.0,-0.21237729489803314,-0.8125460743904114,2.220949172973633,-0.8749092221260071,1.387222409248352,-0.10739964991807938,0.7914122343063354,0.06378232687711716,-0.07127880305051804,0.6123724579811096,0.6123723983764648,0.3535533845424652,0.3535533845424652
675.0,-0.23922120034694672,-0.8118387460708618,2.2224526405334473,-0.8744156956672668,1.3641269207000732,-0.12134657055139542,0.7914122343063354,0.046463701874017715,-0.0717373639345169,0.6123724579811096,0.6123723983764648,0.3535533845424652,0.3535533845424652
676.0,-0.261260986328125,-0.8092131614685059,2.2228784561157227,-0.8749896287918091,1.3451939821243286,-0.13289813697338104,0.7914122343063354,0.032187238335609436,-0.07344628870487213,0.6123724579811096,0.6123723983764648,0.3535533845424652,0.3535533845424652
677.0,-0.25463107228279114,-0.7789387702941895,2.218233585357666,-0.9013891220092773,1.350886344909668,-0.12941308319568634,0.7914122343063354,0.036488231271505356,-0.09448651224374771,0.6123724579811096,0.6123723983764648,0.3535533845424652,0.3535533845424652
678.0,-0.27550172805786133,-0.7896064519882202,2.220322608947754,-0.8903143405914307,1.3329761028289795,-0.1404150426387787,0.7914122343063354,0.022927656769752502,-0.08692662417888641,0.6123724579811096,0.6123723983764648,0.3535533845424652,0.3535533845424652
679.0,-0.3157729506492615,-0.8024798035621643,2.2217395305633545,-0.8734303712844849,1.298498511314392,-0.16192223131656647,0.7914122343063354,-0.0034462199546396732,-0.0775042176246643,0.6123724579811096,0.6123723983764648,0.3535533845424652,0.3535533845424652
680.0,-0.29361748695373535,-0.8056362271308899,2.2226357460021973,-0.8742570877075195,1.3174526691436768,-0.15004217624664307,0.7914122343063354,0.011101238429546356,-0.07562070339918137,0.6123724579811096,0.6123723983764648,0.3535533845424652,0.3535533845424652
681.0,-0.2752944529056549,-0.8283719420433044,2.2254927158355713,-0.8567447066307068,1.3331538438796997,-0.1403053253889084,0.7914122343063354,0.023062650114297867,-0.060040947049856186,0.6123724579811096,0.6123723983764648,0.3535533845424652,0.3535533845424652
682.0,-0.25367864966392517,-0.8326555490493774,2.225529193878174,-0.855076789855957,1.3517043590545654,-0.12891316413879395,0.7914122343063354,0.03710562363266945,-0.05722002312541008,0.6123724579811096,0.6123723983764648,0.3535533845424652,0.3535533845424652
683.0,-0.22144632041454315,-0.8338972926139832,2.2241227626800537,-0.8558560609817505,1.3794156312942505,-0.1120973750948906,0.7914122343063354,0.05793846771121025,-0.05643506720662117,0.6123724579811096,0.6123723983764648,0.3535533845424652,0.3535533845424652
684.0,-0.1750819981098175,-0.8346669673919678,2.220179319381714,-0.8552171587944031,1.4193662405014038,-0.08821703493595123,0.7914122343063354,0.08776295185089111,-0.05569405481219292,0.6123724579811096,0.6123723983764648,0.3535533845424652,0.3535533845424652
685.0,-0.15021365880966187,-0.8491210341453552,2.2186057567596436,-0.8409683704376221,1.4408305883407593,-0.07553291320800781,0.7914122343063354,0.10373105108737946,-0.04529509320855141,0.6123724579811096,0.6123723983764648,0.3535533845424652,0.3535533845424652
686.0,-0.19873130321502686,-0.8473170399665833,2.2237937450408936,-0.8442279696464539,1.398976445198059,-0.10035650432109833,0.7914122343063354,0.07256461679935455,-0.04702406004071236,0.6123724579811096,0.6123723983764648,0.3535533845424652,0.3535533845424652
687.0,-0.20575645565986633,-0.866980254650116,2.2260894775390625,-0.8262302875518799,1.392924189567566,-0.10397869348526001,0.7914122343063354,0.06804484128952026,-0.033326540142297745,0.6123724579811096,0.6123723983764648,0.3535533845424652,0.3535533845424652
688.0,-0.2185630202293396,-0.8832724690437317,2.22817063331604,-0.8108113408088684,1.381897211074829,-0.11060231924057007,0.7914122343063354,0.05979710444808006,-0.02198037877678871,0.6123724579811096,0.6123723983764648,0.3535533845424652,0.3535533845424652
689.0,-0.2303515523672104,-0.8625578284263611,2.2274014949798584,-0.8295767307281494,1.3717539310455322,-0.11672409623861313,0.7914122343063354,0.05219340696930885,-0.03647253289818764,0.6123724579811096,0.6123723983764648,0.3535533845424652,0.3535533845424652
690.0,-0.25018712878227234,-0.8723511099815369,2.22906231880188,-0.8193097710609436,1.3547033071517944,-0.12708206474781036,0.7914122343063354,0.0393679216504097,-0.029603440314531326,0.6123724579811096,0.6123723983764648,0.3535533845424652,0.3535533845424652
691.0,-0.26919978857040405,-0.8829033970832825,2.230268955230713,-0.8077396750450134,1.3383814096450806,-0.1370832473039627,0.7914122343063354,0.027029018849134445,-0.02213161066174507,0.6123724579811096,0.6123723983764648,0.3535533845424652,0.3535533845424652
692.0,-0.24487854540348053,-0.8896356225013733,2.2299745082855225,-0.8035270571708679,1.3592643737792969,-0.12430262565612793,0.7914122343063354,0.04280472174286842,-0.017539922147989273,0.6123724579811096,0.6123723983764648,0.3535533845424652,0.3535533845424652
693.0,-0.25957101583480835,-0.9089271426200867,2.2313692569732666,-0.7839648127555847,1.3466447591781616,-0.13200893998146057,0.7914122343063354,0.03328411653637886,-0.0039655594155192375,0.6123724579811096,0.6123723983764648,0.3535533845424652,0.3535533845424652
694.0,-0.23314300179481506,-0.90622478723526,2.230217456817627,-0.788436770439148,1.3693530559539795,-0.11817732453346252,0.7914122343063354,0.05039101466536522,-0.005914631299674511,0.6123724579811096,0.6123723983764648,0.3535533845424652,0.3535533845424652
695.0,-0.20226681232452393,-0.8974691033363342,2.2277164459228516,-0.7976841926574707,1.395930290222168,-0.10217845439910889,0.7914122343063354,0.07029033452272415,-0.011937576346099377,0.6123724579811096,0.6123723983764648,0.3535533845424652,0.3535533845424652
696.0,-0.21578262746334076,-0.9178822040557861,2.229536294937134,-0.7778359651565552,1.3842905759811401,-0.10916198045015335,0.7914122343063354,0.06158876791596413,0.002345603657886386,0.6123724579811096,0.6123723983764648,0.3535533845424652,0.3535533845424652
697.0,-0.19422391057014465,-0.9206675887107849,2.227848529815674,-0.775324285030365,1.4028607606887817,-0.09803649038076401,0.7914122343063354,0.07546311616897583,0.004485187120735645,0.6123724579811096,0.6123723983764648,0.3535533845424652,0.3535533845424652
698.0,-0.1717938780784607,-0.9218804240226746,2.2255496978759766,-0.773625373840332,1.4222029447555542,-0.08653542399406433,0.7914122343063354,0.08987465500831604,0.005642366595566273,0.6123724579811096,0.6123723983764648,0.3535533845424652,0.3535533845424652
699.0,-0.184361532330513,-0.9403976202011108,2.2271735668182373,-0.7557448744773865,1.411362886428833,-0.09297076612710953,0.7914122343063354,0.08180190622806549,0.018599268049001694,0.6123724579811096,0.6123723983764648,0.3535533845424652,0.3535533845424652
700.0,-0.2078748345375061,-0.9392793774604797,2.2293100357055664,-0.7569571137428284,1.3910996913909912,-0.1050724908709526,0.7914122343063354,0.06668134033679962,0.01753481850028038,0.6123724579811096,0.6123723983764648,0.3535533845424652,0.3535533845424652
701.0,-0.18421003222465515,-0.9599117040634155,2.2270524501800537,-0.7361218333244324,1.4114935398101807,-0.09289305657148361,0.7914122343063354,0.0818992480635643,0.032524581998586655,0.6123724579811096,0.6123723983764648,0.3535533845424652,0.3535533845424652
702.0,-0.15633752942085266,-0.9569993019104004,2.2238125801086426,-0.7378848791122437,1.4355429410934448,-0.07864934951066971,0.7914122343063354,0.09979912638664246,0.030984636396169662,0.6123724579811096,0.6123723983764648,0.3535533845424652,0.3535533845424652
703.0,-0.14741498231887817,-0.9379403591156006,2.2226738929748535,-0.756399929523468,1.4432475566864014,-0.07411012053489685,0.7914122343063354,0.1055280789732933,0.017549972981214523,0.6123724579811096,0.6123723983764648,0.3535533845424652,0.3535533845424652
704.0,-0.12646959722042084,-0.9470081329345703,2.2195262908935547,-0.7454401850700378,1.461343765258789,-0.06348866969347,0.7914122343063354,0.11898211389780045,0.024607505649328232,0.6123724579811096,0.6123723983764648,0.3535533845424652,0.3535533845424652
705.0,-0.10350704938173294,-0.9525550603866577,2.215510129928589,-0.7370295524597168,1.4811967611312866,-0.05189251899719238,0.7914122343063354,0.1337520331144333,0.029377084225416183,0.6123724579811096,0.6123723983764648,0.3535533845424652,0.3535533845424652
706.0,-0.08053488284349442,-0.9654121994972229,2.2107460498809814,-0.720328152179718,1.5010699033737183,-0.0403328463435173,0.7914122343063354,0.1485641747713089,0.03966734930872917,0.6123724579811096,0.6123723983764648,0.3535533845424652,0.3535533845424652
707.0,-0.055470701307058334,-0.9580172896385193,2.2053699493408203,-0.7230868935585022,1.5227634906768799,-0.0277567058801651,0.7914122343063354,0.16478440165519714,0.035492490977048874,0.6123724579811096,0.6123723983764648,0.3535533845424652,0.3535533845424652
708.0,-0.08244297653436661,-0.9334585666656494,2.2114503383636475,-0.7529183626174927,1.49941885471344,-0.041291654109954834,0.7914122343063354,0.1473321169614792,0.016399141401052475,0.6123724579811096,0.6123723983764648,0.3535533845424652,0.3535533845424652
709.0,-0.060065124183893204,-0.9261728525161743,2.206545114517212,-0.755991518497467,1.5187861919403076,-0.030059678480029106,0.7914122343063354,0.1618056446313858,0.012089666910469532,0.6123724579811096,0.6123723983764648,0.3535533845424652,0.3535533845424652
710.0,-2.505157232284546,-2.308452844619751,-2.0255417823791504,-1.1782854795455933,0.8003237247467041,-0.5948299169540405,0.8914660215377808,0.27524980902671814,0.005656522698700428,0.866025447845459,0.0,0.0,0.5
711.0,-2.5086331367492676,-2.330045700073242,-2.0167131423950195,-1.1631617546081543,0.7978333234786987,-0.5982133150100708,0.8971088528633118,0.27524980902671814,-0.010128277353942394,0.866025447845459,0.0,0.0,0.5
712.0,-2.5890746116638184,-2.249082565307617,-2.18900465965271,-2.4410932064056396,-1.0989651679992676,0.29904264211654663,0.7914122343063354,0.1694379597902298,-0.0029467374552041292,0.6123724579811096,0.6123723983764648,0.3535533845424652,0.3535533845424652
713.0,-2.6223087310791016,-2.2397193908691406,-2.1997454166412354,-2.430579662322998,-1.1265554428100586,0.2783842086791992,0.7914122343063354,0.14447690546512604,0.0010053336154669523,0.6123724579811096,0.6123723983764648,0.3535533845424652,0.3535533845424652
714.0,-2.6400344371795654,-2.2456490993499756,-2.204360008239746,-2.4154677391052246,-1.1413379907608032,0.2675885856151581,0.7914122343063354,0.13144759833812714,-0.004609900526702404,0.6123724579811096,0.6123723983764648,0.3535533845424652,0.3535533845424652
715.0,-2.63966965675354,-2.2252681255340576,-2.2049427032470703,-2.4353580474853516,-1.1410331726074219,0.26780933141708374,0.7914122343063354,0.13171394169330597,0.010113772936165333,0.6123724579811096,0.6123723983764648,0.3535533845424652,0.3535533845424652
716.0,-2.672807455062866,-2.2289984226226807,-2.212769031524658,-2.415800094604492,-1.168782114982605,0.24800634384155273,0.7914122343063354,0.10782090574502945,0.00515670794993639,0.6123724579811096,0.6123723983764648,0.3535533845424652,0.3535533845424652
717.0,-2.661616563796997,-2.248826742172241,-2.209507942199707,-2.4018568992614746,-1.1593949794769287,0.2546399235725403,0.7914122343063354,0.11582476645708084,-0.008335026912391186,0.6123724579811096,0.6123723983764648,0.3535533845424652,0.3535533845424652
718.0,-2.6819825172424316,-2.2460410594940186,-2.2140488624572754,-2.395383834838867,-1.176490068435669,0.2426069974899292,0.7914122343063354,0.10130520164966583,-0.007560390047729015,0.6123724579811096,0.6123723983764648,0.3535533845424652,0.3535533845424652
719.0,-2.6993987560272217,-2.2557663917541504,-2.216878890991211,-2.3789963722229004,-1.1911495923995972,0.232452392578125,0.7914122343063354,0.08904620260000229,-0.01539010088890791,0.6123724579811096,0.6123723983764648,0.3535533845424652,0.3535533845424652
720.0,-2.7108864784240723,-2.2762131690979004,-2.2174837589263916,-2.355516195297241,-1.2008382081985474,0.22581948339939117,0.7914122343063354,0.08103396743535995,-0.030372802168130875,0.6123724579811096,0.6123723983764648,0.3535533845424652,0.3535533845424652
721.0,-2.691066265106201,-2.2805850505828857,-2.213627815246582,-2.359239339828491,-1.184131383895874,0.23729568719863892,0.7914122343063354,0.09489411860704422,-0.03254054859280586,0.6123724579811096,0.6123723983764648,0.3535533845424652,0.3535533845424652
722.0,-2.6717889308929443,-2.2764580249786377,-2.2100534439086914,-2.371291399002075,-1.1679270267486572,0.24860787391662598,0.7914122343063354,0.10854674130678177,-0.02861662581562996,0.6123724579811096,0.6123723983764648,0.3535533845424652,0.3535533845424652
723.0,-2.654103994369507,-2.2881643772125244,-2.2050912380218506,-2.368741750717163,-1.1531025171279907,0.2591235637664795,0.7914122343063354,0.12123415619134903,-0.03592580929398537,0.6123724579811096,0.6123723983764648,0.3535533845424652,0.3535533845424652
724.0,-2.6410393714904785,-2.2748193740844727,-2.2029190063476562,-2.3874857425689697,-1.1421773433685303,0.26698100566864014,0.7914122343063354,0.13071446120738983,-0.025596145540475845,0.6123724579811096,0.6123723983764648,0.3535533845424652,0.3535533845424652
725.0,-2.6203486919403076,-2.276932716369629,-2.197131633758545,-2.396497964859009,-1.124923586845398,0.27958714962005615,0.7914122343063354,0.1459292471408844,-0.02568008378148079,0.6123724579811096,0.6123723983764648,0.3535533845424652,0.3535533845424652
726.0,-2.615945816040039,-2.2579522132873535,-2.197066307067871,-2.4167165756225586,-1.1212600469589233,0.2822963297367096,0.7914122343063354,0.149200439453125,-0.011673900298774242,0.6123724579811096,0.6123723983764648,0.3535533845424652,0.3535533845424652
727.0,-2.595412254333496,-2.26878023147583,-2.1900532245635986,-2.418545961380005,-1.1042133569717407,0.2950593829154968,0.7914122343063354,0.16462105512619019,-0.017834756523370743,0.6123724579811096,0.6123723983764648,0.3535533845424652,0.3535533845424652
728.0,-2.5760116577148438,-2.275453567504883,-2.182993173599243,-2.4245362281799316,-1.0881682634353638,0.30732080340385437,0.7914122343063354,0.179456427693367,-0.020973864942789078,0.6123724579811096,0.6123723983764648,0.3535533845424652,0.3535533845424652
729.0,-2.601306915283203,-2.285351037979126,-2.190744161605835,-2.3996341228485107,-1.109100341796875,0.29137346148490906,0.7914122343063354,0.1601656675338745,-0.03030211105942726,0.6123724579811096,0.6123723983764648,0.3535533845424652,0.3535533845424652
730.0,-2.618664503097534,-2.2994697093963623,-2.1947333812713623,-2.3768062591552734,-1.1235219240188599,0.28062230348587036,0.7914122343063354,0.14717905223369598,-0.041732776910066605,0.6123724579811096,0.6123723983764648,0.3535533845424652,0.3535533845424652
731.0,-2.5995919704437256,-2.3099007606506348,-2.187917470932007,-2.3783886432647705,-1.1076780557632446,0.2924438714981079,0.7914122343063354,0.16145941615104675,-0.047859612852334976,0.6123724579811096,0.6123723983764648,0.3535533845424652,0.3535533845424652
732.0,-2.5756163597106934,-2.318589687347412,-2.178941011428833,-2.3855690956115723,-1.0878419876098633,0.3075726628303528,0.7914122343063354,0.17976146936416626,-0.05226751044392586,0.6123724579811096,0.6123723983764648,0.3535533845424652,0.3535533845424652
733.0,-2.6123054027557373,-2.322960615158081,-2.19035005569458,-2.3594040870666504,-1.1182332038879395,0.28454354405403137,0.7914122343063354,0.1519142985343933,-0.05812547728419304,0.6123724579811096,0.6123723983764648,0.3535533845424652,0.3535533845424652
734.0,-2.6457128524780273,-2.310699224472046,-2.2008464336395264,-2.352511167526245,-1.1460827589035034,0.26416128873825073,0.7914122343063354,0.12731227278709412,-0.05145825073122978,0.6123724579811096,0.6123723983764648,0.3535533845424652,0.3535533845424652
735.0,-2.646977424621582,-2.3295953273773193,-2.1989362239837646,-2.335212469100952,-1.1471399068832397,0.2634001672267914,0.7914122343063354,0.1263938993215561,-0.06494662910699844,0.6123724579811096,0.6123723983764648,0.3535533845424652,0.3535533845424652
736.0,-2.662601947784424,-2.318791151046753,-2.2039403915405273,-2.3372256755828857,-1.1602208614349365,0.25405362248420715,0.7914122343063354,0.1151173934340477,-0.05812055990099907,0.6123724579811096,0.6123723983764648,0.3535533845424652,0.3535533845424652
737.0,-2.6749136447906494,-2.3333728313446045,-2.204800605773926,-2.318908452987671,-1.1705505847930908,0.24676376581192017,0.7914122343063354,0.10632152110338211,-0.06902191787958145,0.6123724579811096,0.6123723983764648,0.3535533845424652,0.3535533845424652
738.0,-2.688723087310791,-2.350473642349243,-2.205162286758423,-2.298332691192627,-1.1821593046188354,0.2386625111103058,0.7914122343063354,0.09654416143894196,-0.08166004717350006,0.6123724579811096,0.6123723983764648,0.3535533845424652,0.3535533845424652
739.0,-2.6600418090820312,-2.3470845222473145,-2.1996634006500244,-2.313819169998169,-1.1580753326416016,0.2555776834487915,0.7914122343063354,0.1169561818242073,-0.07799937576055527,0.6123724579811096,0.6123723983764648,0.3535533845424652,0.3535533845424652
740.0,-2.625896692276001,-2.3427212238311768,-2.1916921138763428,-2.3346898555755615,-1.1295440196990967,0.27618691325187683,0.7914122343063354,0.14182445406913757,-0.0730862021446228,0.6123724579811096,0.6123723983764648,0.3535533845424652,0.3535533845424652
741.0,-2.5944647789001465,-2.336927652359009,-2.1830787658691406,-2.357640504837036,-1.1034284830093384,0.29565343260765076,0.7914122343063354,0.16533930599689484,-0.06692276895046234,0.6123724579811096,0.6123723983764648,0.3535533845424652,0.3535533845424652
742.0,-2.505971670150757,-2.408219575881958,-2.0122570991516113,-1.091252088546753,0.7997395992279053,-0.5956212878227234,0.8927832245826721,0.27524980902671814,-0.07591908425092697,0.866025447845459,0.0,0.0,0.5
743.0,-2.5164899826049805,-2.4185566902160645,-1.988515853881836,-1.0974501371383667,0.7922255396842957,-0.605921745300293,0.9100781679153442,0.27524980902671814,-0.07889275252819061,0.866025447845459,0.0,0.0,0.5
744.0,-2.5234055519104004,-2.406207323074341,-1.9756935834884644,-1.1177951097488403,0.7873142957687378,-0.6127775311470032,0.9217475652694702,0.27524980902671814,-0.06468014419078827,0.866025447845459,0.0,0.0,0.5
745.0,-2.5131702423095703,-2.3987693786621094,-1.9988840818405151,-1.1091610193252563,0.7945913076400757,-0.6026544570922852,0.9045616388320923,0.27524980902671814,-0.06437821686267853,0.866025447845459,0.0,0.0,0.5
746.0,-2.5164663791656494,-2.3830997943878174,-1.994202733039856,-1.1272363662719727,0.7922423481941223,-0.6058984398841858,0.9100387096405029,0.27524980902671814,-0.049513284116983414,0.866025447845459,0.0,0.0,0.5
747.0,-2.5076372623443604,-2.362260103225708,-2.01556134223938,-1.1327769756317139,0.7985461950302124,-0.5972423553466797,0.8954864144325256,0.27524980902671814,-0.03740348294377327,0.866025447845459,0.0,0.0,0.5
748.0,-2.517669439315796,-2.3616418838500977,-1.9942975044250488,-1.147765040397644,0.7913862466812134,-0.6070863008499146,0.9120514392852783,0.27524980902671814,-0.030855122953653336,0.866025447845459,0.0,0.0,0.5
749.0,-2.515927791595459,-2.343914270401001,-1.9998905658721924,-1.1611069440841675,0.7926257848739624,-0.6053673028945923,0.9091401100158691,0.27524980902671814,-0.017086211591959,0.866025447845459,0.0,0.0,0.5
750.0,-2.523409366607666,-2.3561182022094727,-1.9822659492492676,-1.1613093614578247,0.7873117327690125,-0.6127812266349792,0.9217538237571716,0.27524980902671814,-0.0224602110683918,0.866025447845459,0.0,0.0,0.5
751.0,-2.5355241298675537,-2.3740720748901367,-1.9527264833450317,-1.1642670631408691,0.7787656784057617,-0.6249539256095886,0.9427944421768188,0.27524980902671814,-0.02939644828438759,0.866025447845459,0.0,0.0,0.5
752.0,-2.5272717475891113,-2.382553815841675,-1.970567226409912,-1.143845796585083,0.7845790386199951,-0.6166394948959351,0.9283779263496399,0.27524980902671814,-0.04232584312558174,0.866025447845459,0.0,0.0,0.5
753.0,-2.539205551147461,-2.393023729324341,-1.9417574405670166,-1.1536184549331665,0.7761836051940918,-0.6286945939064026,0.9493446350097656,0.27524980902671814,-0.04312296584248543,0.866025447845459,0.0,0.0,0.5
754.0,-2.5384228229522705,-2.409369707107544,-1.9412344694137573,-1.1383641958236694,0.7767319679260254,-0.6278977394104004,0.9479458332061768,0.27524980902671814,-0.05775494500994682,0.866025447845459,0.0,0.0,0.5
755.0,-2.545642614364624,-2.405529737472534,-1.9246846437454224,-1.1534737348556519,0.7716856598854065,-0.6352828145027161,0.9609799981117249,0.27524980902671814,-0.04929577186703682,0.866025447845459,0.0,0.0,0.5
756.0,-2.551818370819092,-2.399179697036743,-1.9104418754577637,-1.1694855690002441,0.7673909664154053,-0.641660749912262,0.9723661541938782,0.27524980902671814,-0.03898725286126137,0.866025447845459,0.0,0.0,0.5
757.0,-2.55291748046875,-2.4176297187805176,-1.9050956964492798,-1.1555601358413696,0.7666287422180176,-0.6428018808364868,0.9744161367416382,0.27524980902671814,-0.05439518764615059,0.866025447845459,0.0,0.0,0.5
758.0,-2.5601518154144287,-2.411496162414551,-1.8877217769622803,-1.173612356185913,0.7616280913352966,-0.6503577828407288,0.9880907535552979,0.27524980902671814,-0.04312405362725258,0.866025447845459,0.0,0.0,0.5
759.0,-2.5631320476531982,-2.4279568195343018,-1.8775988817214966,-1.1650029420852661,0.7595764994621277,-0.6534934639930725,0.9938174486160278,0.27524980902671814,-0.05535237863659859,0.866025447845459,0.0,0.0,0.5
760.0,-2.5568578243255615,-2.439554452896118,-1.8916513919830322,-1.1441185474395752,0.7639014720916748,-0.64690762758255,0.9818249940872192,0.27524980902671814,-0.07067316025495529,0.866025447845459,0.0,0.0,0.5
761.0,-2.5492725372314453,-2.4295523166656494,-1.912115454673767,-1.1393349170684814,0.7691588401794434,-0.6390247941017151,0.967645525932312,0.27524980902671814,-0.0675690546631813,0.866025447845459,0.0,0.0,0.5
762.0,-2.550065040588379,-2.4475820064544678,-1.9069188833236694,-1.1259129047393799,0.7686080932617188,-0.6398443579673767,0.9691110253334045,0.27524980902671814,-0.0826897844672203,0.866025447845459,0.0,0.0,0.5
763.0,-2.5432581901550293,-2.436335563659668,-1.9253265857696533,-1.1237787008285522,0.7733493447303772,-0.6328352093696594,0.9566423892974854,0.27524980902671814,-0.07765807211399078,0.866025447845459,0.0,0.0,0.5
764.0,-2.5357773303985596,-2.4227771759033203,-1.9451671838760376,-1.122938632965088,0.7785878777503967,-0.6252106428146362,0.943242609500885,0.27524980902671814,-0.07098861783742905,0.866025447845459,0.0,0.0,0.5
765.0,-2.533596992492676,-2.4402379989624023,-1.9469363689422607,-1.105278491973877,0.7801201343536377,-0.6230036020278931,0.9393952488899231,0.27524980902671814,-0.08718454837799072,0.866025447845459,0.0,0.0,0.5
766.0,-2.52500581741333,-2.430274248123169,-1.9679852724075317,-1.1003094911575317,0.7861812114715576,-0.614373505115509,0.9244826436042786,0.27524980902671814,-0.0838797464966774,0.866025447845459,0.0,0.0,0.5
767.0,-2.5250961780548096,-2.449155807495117,-1.9640332460403442,-1.08531653881073,0.7861173748970032,-0.6144635677337646,0.9246370792388916,0.27524980902671814,-0.09958520531654358,0.866025447845459,0.0,0.0,0.5
768.0,-2.5184054374694824,-2.4527218341827393,-1.9776740074157715,-1.0727970600128174,0.7908627986907959,-0.6078139543533325,0.9132862091064453,0.27524980902671814,-0.10607369244098663,0.8660253882408142,0.0,0.0,0.4999999403953552
769.0,-2.514054775238037,-2.433403491973877,-1.9908579587936401,-1.0819441080093384,0.7939605116844177,-0.6035233736038208,0.9060259461402893,0.27524980902671814,-0.09240151196718216,0.866025447845459,0.0,0.0,0.5
770.0,-2.5048274993896484,-2.430856466293335,-2.010370969772339,-1.0712754726409912,0.8005602359771729,-0.5945097804069519,0.8909337520599365,0.27524980902671814,-0.09484931826591492,0.866025447845459,0.0,0.0,0.5
771.0,-2.5885672569274902,-2.3654985427856445,-2.176997423171997,-2.336829900741577,-1.0985453128814697,0.299362450838089,0.7914122343063354,0.1698247343301773,-0.08705230057239532,0.6123724579811096,0.6123723983764648,0.3535533845424652,0.3535533845424652
772.0,-2.608964443206787,-2.357215404510498,-2.184713363647461,-2.331692695617676,-1.1154569387435913,0.28661173582077026,0.7914122343063354,0.1544124037027359,-0.08241556584835052,0.6123724579811096,0.6123723983764648,0.3535533845424652,0.3535533845424652
773.0,-2.632549524307251,-2.377958059310913,-2.1879944801330566,-2.3014276027679443,-1.1350903511047363,0.27212899923324585,0.7914122343063354,0.13692674040794373,-0.09851479530334473,0.6123724579811096,0.6123723983764648,0.3535533845424652,0.3535533845424652
774.0,-2.668379068374634,-2.386359214782715,-2.1951024532318115,-2.277134418487549,-1.1650655269622803,0.2506248652935028,0.7914122343063354,0.11098050326108932,-0.10609564930200577,0.6123724579811096,0.6123723983764648,0.3535533845424652,0.3535533845424652
775.0,-2.686396837234497,-2.4015157222747803,-2.195903778076172,-2.257065534591675,-1.1802022457122803,0.2400217205286026,0.7914122343063354,0.09818485379219055,-0.11745716631412506,0.6123724579811096,0.6123723983764648,0.3535533845424652,0.3535533845424652
776.0,-2.6467180252075195,-2.3978779315948486,-2.1879594326019287,-2.277970790863037,-1.1469230651855469,0.26355624198913574,0.7914122343063354,0.12658224999904633,-0.11331982910633087,0.6123724579811096,0.6123723983764648,0.3535533845424652,0.3535533845424652
777.0,-2.6236705780029297,-2.397439479827881,-2.182037353515625,-2.2902090549468994,-1.1276895999908447,0.2775493860244751,0.7914122343063354,0.14346913993358612,-0.11192634701728821,0.6123724579811096,0.6123723983764648,0.3535533845424652,0.3535533845424652
778.0,-2.6096394062042236,-2.380129814147949,-2.1811740398406982,-2.312134027481079,-1.1160176992416382,0.28619346022605896,0.7914122343063354,0.1539071649312973,-0.09883169084787369,0.6123724579811096,0.6123723983764648,0.3535533845424652,0.3535533845424652
779.0,-2.590573310852051,-2.385422945022583,-2.174288511276245,-2.319040298461914,-1.100205659866333,0.2980988025665283,0.7914122343063354,0.16829638183116913,-0.10149408876895905,0.6123724579811096,0.6123723983764648,0.3535533845424652,0.3535533845424652
780.0,-2.5073764324188232,-2.4493789672851562,-2.001331329345703,-1.0600653886795044,0.798733115196228,-0.5969880819320679,0.8950619697570801,0.27524980902671814,-0.10867318511009216,0.866025447845459,0.0,0.0,0.5
781.0,-2.5139379501342773,-2.466672658920288,-1.9839098453521729,-1.0557032823562622,0.794043779373169,-0.6034085750579834,0.9058323502540588,0.27524980902671814,-0.11970657110214233,0.866025447845459,0.0,0.0,0.5
782.0,-2.525977611541748,-2.4693503379821777,-1.9576478004455566,-1.0708848237991333,0.7854939103126526,-0.615344226360321,0.9261496067047119,0.27524980902671814,-0.11592462658882141,0.866025447845459,0.0,0.0,0.5
783.0,-2.5357167720794678,-2.4767560958862305,-1.9342795610427856,-1.0798912048339844,0.7786305546760559,-0.6251490116119385,0.9431350827217102,0.27524980902671814,-0.11678420752286911,0.866025447845459,0.0,0.0,0.5
784.0,-2.539482831954956,-2.4587783813476562,-1.9296987056732178,-1.099721074104309,0.7759894132614136,-0.6289771795272827,0.9498410820960999,0.27524980902671814,-0.09930886328220367,0.866025447845459,0.0,0.0,0.5
785.0,-2.5494649410247803,-2.482354164123535,-1.9009464979171753,-1.0975590944290161,0.7690250277519226,-0.6392237544059753,0.968001127243042,0.27524980902671814,-0.11317741125822067,0.866025447845459,0.0,0.0,0.5
786.0,-2.549121141433716,-2.4672415256500244,-1.9051786661148071,-1.1086950302124023,0.7692641019821167,-0.6388683319091797,0.9673660397529602,0.27524980902671814,-0.10036670416593552,0.866025447845459,0.0,0.0,0.5
787.0,-2.556917190551758,-2.4676365852355957,-1.8860455751419067,-1.1215975284576416,0.7638605237007141,-0.6469695568084717,0.9819371700286865,0.27524980902671814,-0.09528932720422745,0.866025447845459,0.0,0.0,0.5
788.0,-2.5634963512420654,-2.462420701980591,-1.870506763458252,-1.1373525857925415,0.7593260407447815,-0.6538776159286499,0.9945212006568909,0.27524980902671814,-0.08575042337179184,0.866025447845459,0.0,0.0,0.5
789.0,-2.5609827041625977,-2.4837427139282227,-1.8723291158676147,-1.1161266565322876,0.7610556483268738,-0.6512306332588196,0.9896817803382874,0.27524980902671814,-0.10646054893732071,0.866025447845459,0.0,0.0,0.5
790.0,-2.568117380142212,-2.4830195903778076,-1.85421884059906,-1.1294887065887451,0.7561555504798889,-0.6587691307067871,1.0035220384597778,0.27524980902671814,-0.10042580962181091,0.866025447845459,0.0,0.0,0.5
791.0,-2.5752463340759277,-2.486576795578003,-1.834567666053772,-1.1400330066680908,0.7512879967689514,-0.6663800477981567,1.0176794528961182,0.27524980902671814,-0.09782356768846512,0.866025447845459,0.0,0.0,0.5
792.0,-2.5762319564819336,-2.511111259460449,-1.82614266872406,-1.1231497526168823,0.7506173253059387,-0.6674384474754333,1.0196630954742432,0.27524980902671814,-0.11905031651258469,0.866025447845459,0.0,0.0,0.5
793.0,-2.58422589302063,-2.4977176189422607,-1.8074431419372559,-1.148908019065857,0.7451986074447632,-0.6760798096656799,1.0359972715377808,0.27524980902671814,-0.10011202841997147,0.866025447845459,0.0,0.0,0.5
794.0,-2.59905743598938,-2.531735420227051,-1.7563854455947876,-1.1539102792739868,0.7352451086044312,-0.6923834085464478,1.0675079822540283,0.27524980902671814,-0.11742256581783295,0.866025447845459,0.0,0.0,0.5
795.0,-2.5951344966888428,-2.5117738246917725,-1.7729028463363647,-1.1605744361877441,0.7378648519515991,-0.6880365610122681,1.0590159893035889,0.27524980902671814,-0.10276168584823608,0.866025447845459,0.0,0.0,0.5
796.0,-2.598367691040039,-2.4997615814208984,-1.7659878730773926,-1.1768497228622437,0.7357050180435181,-0.6916173696517944,1.0660065412521362,0.27524980902671814,-0.08827678114175797,0.866025447845459,0.0,0.0,0.5
797.0,-2.590355396270752,-2.4919726848602295,-1.7912710905075073,-1.1658952236175537,0.7410690188407898,-0.6827746033668518,1.0488252639770508,0.27524980902671814,-0.08909396827220917,0.866025447845459,0.0,0.0,0.5
798.0,-2.581080198287964,-2.4786813259124756,-1.8203160762786865,-1.1575767993927002,0.7473264932632446,-0.6726672649383545,1.0295169353485107,0.27524980902671814,-0.08558537811040878,0.866025447845459,0.0,0.0,0.5
799.0,-2.5884759426116943,-2.4692811965942383,-1.8012197017669678,-1.1801562309265137,0.742332935333252,-0.6807153224945068,1.0448631048202515,0.27524980902671814,-0.06991536915302277,0.866025447845459,0.0,0.0,0.5
800.0,-2.582172155380249,-2.4639694690704346,-1.8201385736465454,-1.171598196029663,0.7465870976448059,-0.6738501787185669,1.0317589044570923,0.27524980902671814,-0.07111326605081558,0.866025447845459,0.0,0.0,0.5
801.0,-2.5742619037628174,-2.4553821086883545,-1.8434950113296509,-1.1630717515945435,0.7519584894180298,-0.6653242707252502,1.0157042741775513,0.27524980902671814,-0.07049362361431122,0.866025447845459,0.0,0.0,0.5
802.0,-2.567265510559082,-2.452761650085449,-1.8625965118408203,-1.1520265340805054,0.7567391395568848,-0.6578648686408997,1.0018525123596191,0.27524980902671814,-0.07411515712738037,0.866025447845459,0.0,0.0,0.5
803.0,-2.572092056274414,-2.4374146461486816,-1.8524242639541626,-1.1738042831420898,0.7534381747245789,-0.6630026698112488,1.0113739967346191,0.27524980902671814,-0.056123893707990646,0.866025447845459,0.0,0.0,0.5
804.0,-2.5763726234436035,-2.4212045669555664,-1.843118667602539,-1.1959699392318726,0.7505216002464294,-0.6675897240638733,1.0199469327926636,0.27524980902671814,-0.03731704130768776,0.866025447845459,0.0,0.0,0.5
805.0,-2.5860490798950195,-2.4192745685577393,-1.8158820867538452,-1.217452049255371,0.7439678907394409,-0.6780649423599243,1.0397850275039673,0.27524980902671814,-0.0256817527115345,0.866025447845459,0.0,0.0,0.5
806.0,-2.588789224624634,-2.436227560043335,-1.8056772947311401,-1.208499550819397,0.7421221137046814,-0.6810582280158997,1.0455217361450195,0.27524980902671814,-0.038711611181497574,0.866025447845459,0.0,0.0,0.5
807.0,-2.5790514945983887,-2.447347402572632,-1.8317631483078003,-1.1790709495544434,0.7487018704414368,-0.6704747676849365,1.0253740549087524,0.27524980902671814,-0.058795105665922165,0.866025447845459,0.0,0.0,0.5
808.0,-2.586150884628296,-2.4501760005950928,-1.8112345933914185,-1.1911165714263916,0.7438993453979492,-0.6781758069992065,1.0399969816207886,0.27524980902671814,-0.05448946729302406,0.866025447845459,0.0,0.0,0.5
809.0,-2.593759298324585,-2.4673101902008057,-1.7861000299453735,-1.1929636001586914,0.7387853860855103,-0.6865187287330627,1.0560663938522339,0.27524980902671814,-0.06265943497419357,0.866025447845459,0.0,0.0,0.5
810.0,-2.598708152770996,-2.4588229656219482,-1.7725979089736938,-1.2108979225158691,0.7354780435562134,-0.6919953227043152,1.0667469501495361,0.27524980902671814,-0.04922722652554512,0.866025447845459,0.0,0.0,0.5
811.0,-2.599649429321289,-2.446481227874756,-1.7715370655059814,-1.223524570465088,0.7348506450653076,-0.6930415630340576,1.0687994956970215,0.27524980902671814,-0.036346692591905594,0.866025447845459,0.0,0.0,0.5
812.0,-2.604020833969116,-2.442293167114258,-1.7583913803100586,-1.237234354019165,0.7319440841674805,-0.697919487953186,1.0784207582473755,0.27524980902671814,-0.027058739215135574,0.866025447845459,0.0,0.0,0.5
813.0,-2.6063425540924072,-2.4637207984924316,-1.747995376586914,-1.2242650985717773,0.7304052710533142,-0.7005228996276855,1.0835912227630615,0.27524980902671814,-0.044986654072999954,0.866025447845459,0.0,0.0,0.5
814.0,-2.6116504669189453,-2.4634954929351807,-1.7308646440505981,-1.2371551990509033,0.7268998622894287,-0.7065087556838989,1.0955736637115479,0.27524980902671814,-0.03813428059220314,0.866025447845459,0.0,0.0,0.5
815.0,-2.6184072494506836,-2.4700944423675537,-1.7073155641555786,-1.2483489513397217,0.7224636077880859,-0.7141969799995422,1.111161470413208,0.27524980902671814,-0.035677600651979446,0.866025447845459,0.0,0.0,0.5
816.0,-2.621237277984619,-2.461010217666626,-1.6988013982772827,-1.263512372970581,0.7206143736839294,-0.7174398899078369,1.1178042888641357,0.27524980902671814,-0.022641155868768692,0.866025447845459,0.0,0.0,0.5
817.0,-2.614898204803467,-2.4530177116394043,-1.721490502357483,-1.254250168800354,0.7247639298439026,-0.71019446849823,1.1030184030532837,0.27524980902671814,-0.023512322455644608,0.866025447845459,0.0,0.0,0.5
818.0,-2.6155362129211426,-2.436183214187622,-1.7212029695510864,-1.2708284854888916,0.7243450880050659,-0.7109206318855286,1.1044912338256836,0.27524980902671814,-0.005836608819663525,0.866025447845459,0.0,0.0,0.5
819.0,-2.608997106552124,-2.436404228210449,-1.7430330514907837,-1.2543164491653442,0.7286499738693237,-0.7035106420516968,1.0895553827285767,0.27524980902671814,-0.01496193092316389,0.866025447845459,0.0,0.0,0.5
820.0,-2.598759889602661,-2.420997381210327,-1.7773971557617188,-1.2438818216323853,0.7354435324668884,-0.6920528411865234,1.0668597221374512,0.27524980902671814,-0.012836518697440624,0.866025447845459,0.0,0.0,0.5
821.0,-2.593055009841919,-2.4248507022857666,-1.7944585084915161,-1.2276382446289062,0.7392573952674866,-0.6857423782348633,1.0545610189437866,0.27524980902671814,-0.0232439823448658,0.866025447845459,0.0,0.0,0.5
822.0,-2.591425895690918,-2.405031681060791,-1.8014482259750366,-1.2417913675308228,0.7403501272201538,-0.6839501261711121,1.051093339920044,0.27524980902671814,-0.006154092960059643,0.866025447845459,0.0,0.0,0.5
823.0,-2.5843701362609863,-2.3902294635772705,-1.8236939907073975,-1.2400299310684204,0.7451011538505554,-0.6762366890907288,1.0362961292266846,0.27524980902671814,-4.574954436975531e-05,0.866025447845459,0.0,0.0,0.5
824.0,-2.5906224250793457,-2.3867721557617188,-1.8053175210952759,-1.2568328380584717,0.7408896088600159,-0.683067798614502,1.0493903160095215,0.27524980902671814,0.010478985495865345,0.866025447845459,0.0,0.0,0.5
825.0,-2.5855345726013184,-2.373718500137329,-1.8213781118392944,-1.2579246759414673,0.7443150877952576,-0.6775041222572327,1.0387135744094849,0.27524980902671814,0.017055224627256393,0.866025447845459,0.0,0.0,0.5
826.0,-2.5878920555114746,-2.358922243118286,-1.8149147033691406,-1.27729070186615,0.7427259683609009,-0.6800768971443176,1.0436375141143799,0.27524980902671814,0.03419141098856926,0.866025447845459,0.0,0.0,0.5
827.0,-2.592042922973633,-2.374385356903076,-1.8016630411148071,-1.2717219591140747,0.7399359941482544,-0.6846286058425903,1.0524046421051025,0.27524980902671814,0.024239223450422287,0.866025447845459,0.0,0.0,0.5
828.0,-2.5986483097076416,-2.3978331089019775,-1.7797497510910034,-1.2647851705551147,0.7355179190635681,-0.6919289827346802,1.0666168928146362,0.27524980902671814,0.009595555253326893,0.866025447845459,0.0,0.0,0.5
829.0,-2.604139566421509,-2.4171717166900635,-1.7607241868972778,-1.2599241733551025,0.7318652868270874,-0.6980524659156799,1.0786842107772827,0.27524980902671814,-0.002355876611545682,0.866025447845459,0.0,0.0,0.5
830.0,-2.610927104949951,-2.4232285022735596,-1.7379398345947266,-1.270958423614502,0.7273765802383423,-0.7056901454925537,1.093927264213562,0.27524980902671814,0.000700962555129081,0.866025447845459,0.0,0.0,0.5
831.0,-2.6198782920837402,-2.4291093349456787,-1.7067978382110596,-1.2885878086090088,0.7215016484260559,-0.7158811092376709,1.1146061420440674,0.27524980902671814,0.007629496045410633,0.866025447845459,0.0,0.0,0.5
832.0,-2.6141507625579834,-2.4144465923309326,-1.7277113199234009,-1.2872365713119507,0.7252548336982727,-0.7093448042869568,1.1012976169586182,0.27524980902671814,0.014072907157242298,0.866025447845459,0.0,0.0,0.5
833.0,-2.607970952987671,-2.40615177154541,-1.7490613460540771,-1.2794032096862793,0.7293279767036438,-0.7023543119430542,1.0872431993484497,0.27524980902671814,0.013686162419617176,0.866025447845459,0.0,0.0,0.5
834.0,-2.609346866607666,-2.3908498287200928,-1.7452486753463745,-1.297360897064209,0.7284190058708191,-0.7039052248001099,1.0903455018997192,0.27524980902671814,0.03101537749171257,0.866025447845459,0.0,0.0,0.5
835.0,-2.600898265838623,-2.3803858757019043,-1.7735087871551514,-1.2866164445877075,0.7340191006660461,-0.6944318413734436,1.071532964706421,0.27524980902671814,0.029767822474241257,0.866025447845459,0.0,0.0,0.5
836.0,-2.5939273834228516,-2.355876922607422,-1.7963305711746216,-1.2940293550491333,0.7386728525161743,-0.6867040395736694,1.0564260482788086,0.27524980902671814,0.044856827706098557,0.866025447845459,0.0,0.0,0.5
837.0,-2.6005489826202393,-2.3603317737579346,-1.7750838994979858,-1.3053842782974243,0.7342515587806702,-0.6940428018569946,1.0707672834396362,0.27524980902671814,0.04936937615275383,0.866025447845459,0.0,0.0,0.5
838.0,-2.607057571411133,-2.3731424808502197,-1.7534080743789673,-1.308831810951233,0.7299320697784424,-0.7013265490531921,1.085192084312439,0.27524980902671814,0.045672427862882614,0.866025447845459,0.0,0.0,0.5
839.0,-2.6145758628845215,-2.381699562072754,-1.727500557899475,-1.3198328018188477,0.7249755859375,-0.7098279595375061,1.1022758483886719,0.27524980902671814,0.04818917438387871,0.866025447845459,0.0,0.0,0.5
840.0,-2.6212849617004395,-2.383333444595337,-1.7034882307052612,-1.3364613056182861,0.7205832004547119,-0.7174948453903198,1.1179170608520508,0.27524980902671814,0.057259898632764816,0.866025447845459,0.0,0.0,0.5
841.0,-2.619433879852295,-2.3992273807525635,-1.7099705934524536,-1.3156793117523193,0.7217921018600464,-0.7153719067573547,1.1135634183883667,0.27524980902671814,0.03764675185084343,0.866025447845459,0.0,0.0,0.5
842.0,-2.620497941970825,-2.4142961502075195,-1.7055667638778687,-1.3040986061096191,0.7210968732833862,-0.7165915369987488,1.1160625219345093,0.27524980902671814,0.02374560758471489,0.866025447845459,0.0,0.0,0.5
843.0,-2.626223087310791,-2.405456066131592,-1.6850725412368774,-1.328471064567566,0.7173690795898438,-0.7231867909431458,1.1296769380569458,0.27524980902671814,0.04221094772219658,0.866025447845459,0.0,0.0,0.5
844.0,-2.6316258907318115,-2.4122729301452637,-1.6645177602767944,-1.3374727964401245,0.7138709425926208,-0.7294626832008362,1.1427925825119019,0.27524980902671814,0.04430551454424858,0.866025447845459,0.0,0.0,0.5
845.0,-2.875314950942993,-2.5585081577301025,-1.2411918640136719,-1.944212794303894,1.8007042407989502,0.13554129004478455,1.2485878467559814,0.16866342723369598,0.051387857645750046,0.6123724579811096,-0.6123723983764648,-0.3535533845424652,0.3535533845424652
846.0,-2.8714146614074707,-2.5729103088378906,-1.2404277324676514,-1.9301023483276367,1.8040504455566406,0.13759981095790863,1.2485878467559814,0.17423810064792633,0.03319359943270683,0.6123724579811096,-0.6123723983764648,-0.3535533845424652,0.3535533845424652
847.0,-2.630866527557373,-2.4244415760040283,-1.6670180559158325,-1.3234726190567017,0.7143613696098328,-0.7285776734352112,1.1409335136413574,0.27524980902671814,0.03007812425494194,0.866025447845459,0.0,0.0,0.5
848.0,-2.6339807510375977,-2.442526340484619,-1.654167890548706,-1.3154882192611694,0.712352454662323,-0.7322138547897339,1.1485923528671265,0.27524980902671814,0.016360413283109665,0.866025447845459,0.0,0.0,0.5
849.0,-2.876559019088745,-2.591207504272461,-1.242158055305481,-1.910696268081665,1.799636721611023,0.13488537073135376,1.2485878467559814,0.16688713431358337,0.008444261737167835,0.6123724579811096,-0.6123723983764648,-0.3535533845424652,0.3535533845424652
850.0,-2.8797216415405273,-2.5787832736968994,-1.2433843612670898,-1.9222700595855713,1.796922206878662,0.13321921229362488,1.2485878467559814,0.16237498819828033,0.02381977066397667,0.6123724579811096,-0.6123723983764648,-0.3535533845424652,0.3535533845424652
851.0,-2.890991687774658,-2.580418348312378,-1.2469052076339722,-1.9184136390686035,1.7872447967529297,0.1272989958524704,1.2485878467559814,0.14634157717227936,0.019607137888669968,0.6123724579811096,-0.6123723983764648,-0.3535533845424652,0.3535533845424652
852.0,-2.7306787967681885,-2.510974407196045,-1.3918496370315552,-1.7795579433441162,1.0853737592697144,-0.3094820976257324,1.2103022336959839,0.2295684665441513,0.03335249051451683,0.8284997344017029,-0.25216707587242126,-0.1455887258052826,0.47833451628685
853.0,-2.898845672607422,-2.5938704013824463,-1.2305097579956055,-1.9222263097763062,1.78049635887146,0.12318812310695648,1.256820797920227,0.13724587857723236,0.011339825578033924,0.6123724579811096,-0.6123723983764648,-0.3535533845424652,0.3535533845424652
854.0,-2.8923285007476807,-2.606165647506714,-1.2281765937805176,-1.911544919013977,1.786096453666687,0.12659847736358643,1.256820797920227,0.1465400904417038,-0.003292429493740201,0.6123724579811096,-0.6123723983764648,-0.3535533845424652,0.3535533845424652
855.0,-2.8833837509155273,-2.602379083633423,-1.2438491582870483,-1.8986384868621826,1.7937785387039185,0.13129271566867828,1.2485878467559814,0.15715771913528442,-0.007036793045699596,0.6123724579811096,-0.6123723983764648,-0.3535533845424652,0.3535533845424652
856.0,-2.8724143505096436,-2.6051836013793945,-1.2400740385055542,-1.8983045816421509,1.8031929731369019,0.13707192242145538,1.2485878467559814,0.17280857264995575,-0.008467334322631359,0.6123724579811096,-0.6123723983764648,-0.3535533845424652,0.3535533845424652
857.0,-2.6312623023986816,-2.4577834606170654,-1.6631276607513428,-1.2936729192733765,0.7141057848930359,-0.729038655757904,1.1419016122817993,0.27524980902671814,-0.004078763537108898,0.866025447845459,0.0,0.0,0.5
858.0,-2.628753185272217,-2.4418015480041504,-1.6738457679748535,-1.3011409044265747,0.7157285213470459,-0.7261194586753845,1.1357860565185547,0.27524980902671814,0.008409363217651844,0.866025447845459,0.0,0.0,0.5
859.0,-2.6257400512695312,-2.4506804943084717,-1.6840312480926514,-1.284708857536316,0.7176826596260071,-0.7226283550262451,1.1285176277160645,0.27524980902671814,-0.00548300426453352,0.866025447845459,0.0,0.0,0.5
860.0,-2.6301004886627197,-2.4682741165161133,-1.6662639379501343,-1.2810678482055664,0.7148566246032715,-0.7276856303215027,1.139062762260437,0.27524980902671814,-0.01672333851456642,0.866025447845459,0.0,0.0,0.5
861.0,-2.8676841259002686,-2.618079662322998,-1.2373688220977783,-1.8875329494476318,1.8072502613067627,0.1395719349384308,1.2485878467559814,0.17957879602909088,-0.023648906499147415,0.6123724579811096,-0.6123723983764648,-0.3535533845424652,0.3535533845424652
862.0,-2.8801681995391846,-2.614368200302124,-1.2419148683547974,-1.888207197189331,1.7965389490127563,0.13298416137695312,1.2485878467559814,0.16173844039440155,-0.021464083343744278,0.6123724579811096,-0.6123723983764648,-0.3535533845424652,0.3535533845424652
863.0,-2.890933036804199,-2.6071224212646484,-1.2457678318023682,-1.8928403854370117,1.7872953414916992,0.1273297816514969,1.2485878467559814,0.14642499387264252,-0.014308887533843517,0.6123724579811096,-0.6123723983764648,-0.3535533845424652,0.3535533845424652
864.0,-2.897773265838623,-2.6208486557006836,-1.2286039590835571,-1.8970367908477783,1.7814180850982666,0.12374880164861679,1.256820797920227,0.13877394795417786,-0.022693444043397903,0.6123724579811096,-0.6123723983764648,-0.3535533845424652,0.3535533845424652
865.0,-2.904346227645874,-2.606520891189575,-1.249364972114563,-1.891311764717102,1.7757680416107178,0.12031619250774384,1.2485878467559814,0.1274275928735733,-0.015633780509233475,0.6123724579811096,-0.6123723983764648,-0.3535533845424652,0.3535533845424652
866.0,-2.904949426651001,-2.5945186614990234,-1.2502800226211548,-1.9024629592895508,1.7752493619918823,0.12000150233507156,1.2485878467559814,0.12657509744167328,-0.0006374150398187339,0.6123724579811096,-0.6123723983764648,-0.3535533845424652,0.3535533845424652
867.0,-2.916512966156006,-2.591552734375,-1.253055214881897,-1.9038461446762085,1.7653034925460815,0.11398337781429291,1.2485878467559814,0.11026977747678757,0.0015531450044363737,0.6123724579811096,-0.6123723983764648,-0.3535533845424652,0.3535533845424652
868.0,-2.908515214920044,-2.5802254676818848,-1.2515695095062256,-1.9158411026000977,1.7721830606460571,0.11814314126968384,1.2485878467559814,0.12154053896665573,0.017075996845960617,0.6123724579811096,-0.6123723983764648,-0.3535533845424652,0.3535533845424652
869.0,-2.919768810272217,-2.5785253047943115,-1.254076600074768,-1.916176438331604,1.7625019550323486,0.11229325085878372,1.2485878467559814,0.10568968206644058,0.017769809812307358,0.6123724579811096,-0.6123723983764648,-0.3535533845424652,0.3535533845424652
870.0,-2.9412946701049805,-2.5863826274871826,-1.239537239074707,-1.9248780012130737,1.7439661026000977,0.10116361081600189,1.256820797920227,0.07718868553638458,0.015627514570951462,0.6123724579811096,-0.6123723983764648,-0.3535533845424652,0.3535533845424652
871.0,-2.9290220737457275,-2.584092140197754,-1.2557291984558105,-1.9098517894744873,1.754536747932434,0.10749964416027069,1.2485878467559814,0.09269705414772034,0.009590682573616505,0.6123724579811096,-0.6123723983764648,-0.3535533845424652,0.3535533845424652
872.0,-2.9393091201782227,-2.588144063949585,-1.2572318315505981,-1.9052448272705078,1.7456767559051514,0.10218708217144012,1.2485878467559814,0.07829287648200989,0.003453311277553439,0.6123724579811096,-0.6123723983764648,-0.3535533845424652,0.3535533845424652
873.0,-2.9289164543151855,-2.5942678451538086,-1.2553038597106934,-1.900091528892517,1.7546277046203613,0.10755427181720734,1.2485878467559814,0.09284516423940659,-0.003295260714367032,0.6123724579811096,-0.6123723983764648,-0.3535533845424652,0.3535533845424652
874.0,-2.7802445888519287,-2.5396270751953125,-1.4200702905654907,-1.706986665725708,1.0447050333023071,-0.34187567234039307,1.213343620300293,0.16086579859256744,-0.014547395519912243,0.8284996747970581,-0.25216710567474365,-0.1455887407064438,0.47833454608917236
875.0,-2.9155397415161133,-2.603471040725708,-1.2521467208862305,-1.8927385807037354,1.7661408185958862,0.11448898911476135,1.2485878467559814,0.1116398349404335,-0.01332064252346754,0.6123724579811096,-0.6123723983764648,-0.3535533845424652,0.3535533845424652
876.0,-2.9201390743255615,-2.614079475402832,-1.2521469593048096,-1.8825886249542236,1.7621831893920898,0.11210112273693085,1.2485878467559814,0.10516900569200516,-0.02705012634396553,0.6123724579811096,-0.6123723983764648,-0.3535533845424652,0.3535533845424652
877.0,-2.9103710651397705,-2.6145236492156982,-1.2500548362731934,-1.8832499980926514,1.7705870866775513,0.11717691272497177,1.2485878467559814,0.11892276257276535,-0.026401225477457047,0.6123724579811096,-0.6123723983764648,-0.3535533845424652,0.3535533845424652
878.0,-2.889528512954712,-2.6209802627563477,-1.2440619468688965,-1.8805296421051025,1.7885016202926636,0.12806612253189087,1.2485878467559814,0.14841924607753754,-0.03128990903496742,0.6123724579811096,-0.6123723983764648,-0.3535533845424652,0.3535533845424652
879.0,-2.899127721786499,-2.6313557624816895,-1.2278281450271606,-1.887453317642212,1.7802540063858032,0.12304078042507172,1.256820797920227,0.13684435188770294,-0.03595045581459999,0.6123724579811096,-0.6123723983764648,-0.3535533845424652,0.3535533845424652
880.0,-2.9047510623931885,-2.624743700027466,-1.2476054430007935,-1.8748914003372192,1.77541983127594,0.12010499089956284,1.2485878467559814,0.12685540318489075,-0.03822121396660805,0.6123724579811096,-0.6123723983764648,-0.3535533845424652,0.3535533845424652
881.0,-2.914602279663086,-2.6259891986846924,-1.2496514320373535,-1.8726210594177246,1.7669473886489868,0.11497611552476883,1.2485878467559814,0.11295979470014572,-0.04102121666073799,0.6123724579811096,-0.6123723983764648,-0.3535533845424652,0.3535533845424652
882.0,-2.923656702041626,-2.630317449569702,-1.2508355379104614,-1.8680063486099243,1.7591556310653687,0.11027732491493225,1.2485878467559814,0.10022616386413574,-0.0473189540207386,0.6123724579811096,-0.6123723983764648,-0.3535533845424652,0.3535533845424652
883.0,-2.933607339859009,-2.635680913925171,-1.2517046928405762,-1.8627159595489502,1.7505881786346436,0.10512953996658325,1.2485878467559814,0.08627161383628845,-0.0547792874276638,0.6123724579811096,-0.6123723983764648,-0.3535533845424652,0.3535533845424652
884.0,-2.779512405395508,-2.5508155822753906,-1.4204936027526855,-1.6956202983856201,1.0453025102615356,-0.3413863480091095,1.2123733758926392,0.16151665151119232,-0.02829812839627266,0.8284997344017029,-0.25216710567474365,-0.1455887258052826,0.47833451628685
885.0,-2.9548521041870117,-2.6083767414093018,-1.257744312286377,-1.8858379125595093,1.7322810888290405,0.09419144690036774,1.2485878467559814,0.05660222843289375,-0.023006591945886612,0.6123724579811096,-0.6123723983764648,-0.3535533845424652,0.3535533845424652
886.0,-2.965221405029297,-2.6110763549804688,-1.2583239078521729,-1.883389949798584,1.7233386039733887,0.08887682110071182,1.2485878467559814,0.0421755313873291,-0.026865962892770767,0.6123724579811096,-0.6123723983764648,-0.3535533845424652,0.3535533845424652
887.0,-2.9614644050598145,-2.6228134632110596,-1.2567148208618164,-1.8729664087295532,1.7265790700912476,0.09080064296722412,1.2485878467559814,0.047398727387189865,-0.04108411446213722,0.6123724579811096,-0.6123723983764648,-0.3535533845424652,0.3535533845424652
888.0,-2.9493229389190674,-2.628237009048462,-1.2548624277114868,-1.8683964014053345,1.7370474338531494,0.09703154861927032,1.2485878467559814,0.06430869549512863,-0.046991992741823196,0.6123724579811096,-0.6123723983764648,-0.3535533845424652,0.3535533845424652
889.0,-2.9444143772125244,-2.6376829147338867,-1.252872347831726,-1.8605173826217651,1.7412779331207275,0.09955676645040512,1.2485878467559814,0.0711589977145195,-0.05806216970086098,0.6123724579811096,-0.6123723983764648,-0.3535533845424652,0.3535533845424652
890.0,-2.959082841873169,-2.637194871902466,-1.2544437646865845,-1.8606655597686768,1.7286330461502075,0.09202121943235397,1.2485878467559814,0.05071206018328667,-0.05837112292647362,0.6123724579811096,-0.6123723983764648,-0.3535533845424652,0.3535533845424652
891.0,-2.969210147857666,-2.6315395832061768,-1.256008267402649,-1.8655489683151245,1.7198975086212158,0.08683636039495468,1.2485878467559814,0.03663446381688118,-0.05198870226740837,0.6123724579811096,-0.6123723983764648,-0.3535533845424652,0.3535533845424652
892.0,-2.9685940742492676,-2.643447160720825,-1.2540385723114014,-1.8555641174316406,1.7204289436340332,0.08715131878852844,1.2485878467559814,0.03748985752463341,-0.0662667453289032,0.6123724579811096,-0.6123723983764648,-0.3535533845424652,0.3535533845424652
893.0,-2.960061550140381,-2.651810646057129,-1.2519230842590332,-1.8486491441726685,1.7277889251708984,0.09151951968669891,1.2485878467559814,0.049350183457136154,-0.07586351037025452,0.6123724579811096,-0.6123723983764648,-0.3535533845424652,0.3535533845424652
894.0,-2.9440081119537354,-2.655167579650879,-1.2328459024429321,-1.8630236387252808,1.7416280508041382,0.09976595640182495,1.256820797920227,0.0733746588230133,-0.0699625089764595,0.6123724579811096,-0.6123723983764648,-0.3535533845424652,0.3535533845424652
895.0,-2.9352076053619385,-2.649444341659546,-1.249591588973999,-1.8512128591537476,1.7492097616195679,0.10430313646793365,1.2485878467559814,0.08403092622756958,-0.0714106410741806,0.6123724579811096,-0.6123723983764648,-0.3535533845424652,0.3535533845424652
896.0,-2.7785074710845947,-2.599029064178467,-1.4149746894836426,-1.6532622575759888,1.046122670173645,-0.3407152593135834,1.2110435962677002,0.1624087244272232,-0.08389613032341003,0.8284997344017029,-0.25216710567474365,-0.1455887258052826,0.47833451628685
897.0,-2.9260923862457275,-2.6656577587127686,-1.244849681854248,-1.8388867378234863,1.7570589780807495,0.10901571065187454,1.2485878467559814,0.09680667519569397,-0.08975250273942947,0.6123724579811096,-0.6123723983764648,-0.3535533845424652,0.3535533845424652
898.0,-2.9155988693237305,-2.6669371128082275,-1.2426339387893677,-1.8387912511825562,1.7660900354385376,0.11445830017328262,1.2485878467559814,0.11155664175748825,-0.09015851467847824,0.6123724579811096,-0.6123723983764648,-0.3535533845424652,0.3535533845424652
899.0,-2.920062303543091,-2.656409502029419,-1.245715618133545,-1.8466824293136597,1.7622493505477905,0.1121409460902214,1.2485878467559814,0.10527696460485458,-0.07822833210229874,0.6123724579811096,-0.6123723983764648,-0.3535533845424652,0.3535533845424652
900.0,-2.9091010093688965,-2.6563992500305176,-1.2434873580932617,-1.8478105068206787,1.771679401397705,0.11783812195062637,1.2485878467559814,0.12071418017148972,-0.07694727182388306,0.6123724579811096,-0.6123723983764648,-0.3535533845424652,0.3535533845424652
901.0,-2.9206795692443848,-2.6435515880584717,-1.2482165098190308,-1.857100248336792,1.7617180347442627,0.11182073503732681,1.2485878467559814,0.10440918058156967,-0.06296795606613159,0.6123724579811096,-0.6123723983764648,-0.3535533845424652,0.3535533845424652
902.0,-2.9056901931762695,-2.640730619430542,-1.245537281036377,-1.861072063446045,1.774612545967102,0.11961532384157181,1.2485878467559814,0.12552888691425323,-0.05776934698224068,0.6123724579811096,-0.6123723983764648,-0.3535533845424652,0.3535533845424652
903.0,-2.8944694995880127,-2.641584634780884,-1.2252123355865479,-1.879328727722168,1.7842570543289185,0.12547723948955536,1.256820797920227,0.1434844732284546,-0.04779066517949104,0.6123724579811096,-0.6123723983764648,-0.3535533845424652,0.3535533845424652
904.0,-2.894573450088501,-2.643829345703125,-1.2422693967819214,-1.8600386381149292,1.7841676473617554,0.12542271614074707,1.2485878467559814,0.1412598192691803,-0.05992570146918297,0.6123724579811096,-0.6123723983764648,-0.3535533845424652,0.3535533845424652
905.0,-2.898892879486084,-2.660916805267334,-1.2231353521347046,-1.86255943775177,1.7804557085037231,0.12316341698169708,1.256820797920227,0.13717855513095856,-0.07186815142631531,0.6123724579811096,-0.6123723983764648,-0.3535533845424652,0.3535533845424652
906.0,-2.8860971927642822,-2.6489717960357666,-1.2390459775924683,-1.857162594795227,1.791448712348938,0.12986698746681213,1.2485878467559814,0.1532965451478958,-0.06477555632591248,0.6123724579811096,-0.6123723983764648,-0.3535533845424652,0.3535533845424652
907.0,-2.876079559326172,-2.6516897678375244,-1.2355247735977173,-1.8567899465560913,1.8000481128692627,0.13513809442520142,1.2485878467559814,0.167571559548378,-0.06631557643413544,0.6123724579811096,-0.6123723983764648,-0.3535533845424652,0.3535533845424652
908.0,-2.8679893016815186,-2.642608642578125,-1.2343641519546509,-1.86604642868042,1.8069884777069092,0.13941043615341187,1.2485878467559814,0.17914149165153503,-0.053835730999708176,0.6123724579811096,-0.6123723983764648,-0.3535533845424652,0.3535533845424652
909.0,-2.880039930343628,-2.6396303176879883,-1.2387731075286865,-1.8660719394683838,1.7966490983963013,0.13305173814296722,1.2485878467559814,0.16192150115966797,-0.05247482284903526,0.6123724579811096,-0.6123723983764648,-0.3535533845424652,0.3535533845424652
910.0,-2.8792057037353516,-2.628711223602295,-1.24004065990448,-1.8756247758865356,1.7973651885986328,0.13349096477031708,1.2485878467559814,0.16311095654964447,-0.0390092171728611,0.6123724579811096,-0.6123723983764648,-0.3535533845424652,0.3535533845424652
911.0,-2.631948709487915,-2.4917657375335693,-1.6562964916229248,-1.2659164667129517,0.7136625647544861,-0.7298393249511719,1.1435847282409668,0.27524980902671814,-0.03782973065972328,0.866025447845459,0.0,0.0,0.5
912.0,-2.623399496078491,-2.48616623878479,-1.687682867050171,-1.2476050853729248,0.7192049622535706,-0.7199269533157349,1.1229264736175537,0.27524980902671814,-0.044746194034814835,0.866025447845459,0.0,0.0,0.5
913.0,-2.6160354614257812,-2.4799296855926514,-1.7138022184371948,-1.234056830406189,0.7240175008773804,-0.7114893794059753,1.1056462526321411,0.27524980902671814,-0.04856494441628456,0.866025447845459,0.0,0.0,0.5
914.0,-2.623117446899414,-2.5047292709350586,-1.6854233741760254,-1.2315458059310913,0.7193886041641235,-0.719602108001709,1.1222561597824097,0.27524980902671814,-0.06356102973222733,0.866025447845459,0.0,0.0,0.5
915.0,-2.6292026042938232,-2.507096529006958,-1.663654088973999,-1.2456438541412354,0.7154375314712524,-0.7266414761543274,1.1368772983551025,0.27524980902671814,-0.057389337569475174,0.866025447845459,0.0,0.0,0.5
916.0,-2.633512258529663,-2.5275180339813232,-1.64419424533844,-1.240884780883789,0.7126541137695312,-0.7316659688949585,1.147434949874878,0.27524980902671814,-0.07157150655984879,0.866025447845459,0.0,0.0,0.5
917.0,-2.887667417526245,-2.6618127822875977,-1.2370439767837524,-1.8465033769607544,1.7901002168655396,0.1290426403284073,1.2485878467559814,0.1510639786720276,-0.08034566789865494,0.6123724579811096,-0.6123723983764648,-0.3535533845424652,0.3535533845424652
918.0,-2.8919806480407715,-2.6781935691833496,-1.2176835536956787,-1.849971055984497,1.7863953113555908,0.1267806738615036,1.256820797920227,0.14703664183616638,-0.09138425439596176,0.6123724579811096,-0.6123723983764648,-0.3535533845424652,0.3535533845424652
919.0,-2.881734609603882,-2.672299861907959,-1.2330706119537354,-1.8393038511276245,1.795194387435913,0.13215996325016022,1.2485878467559814,0.1595064401626587,-0.09176932275295258,0.6123724579811096,-0.6123723983764648,-0.3535533845424652,0.3535533845424652
920.0,-2.8713669776916504,-2.668400526046753,-1.2307004928588867,-1.844333529472351,1.804091453552246,0.1376250982284546,1.2485878467559814,0.17430657148361206,-0.08536360412836075,0.6123724579811096,-0.6123723983764648,-0.3535533845424652,0.3535533845424652
921.0,-2.6308228969573975,-2.5392353534698486,-1.6513184309005737,-1.224416971206665,0.7143896222114563,-0.7285267114639282,1.1408265829086304,0.27524980902671814,-0.08710485696792603,0.866025447845459,0.0,0.0,0.5
922.0,-2.625602960586548,-2.5228073596954346,-1.6732268333435059,-1.2235057353973389,0.7177717685699463,-0.7224698066711426,1.1281886100769043,0.27524980902671814,-0.0780382975935936,0.866025447845459,0.0,0.0,0.5
923.0,-2.619802236557007,-2.515904426574707,-1.6944738626480103,-1.2141820192337036,0.7215513586997986,-0.7157939076423645,1.1144274473190308,0.27524980902671814,-0.0789051428437233,0.866025447845459,0.0,0.0,0.5
924.0,-2.6157941818237305,-2.5222508907318115,-1.7063912153244019,-1.1993523836135864,0.724175751209259,-0.7112146019935608,1.1050879955291748,0.27524980902671814,-0.09006021916866302,0.866025447845459,0.0,0.0,0.5
925.0,-2.6128244400024414,-2.5025384426116943,-1.720262885093689,-1.2077195644378662,0.7261269688606262,-0.7078390121459961,1.0982547998428345,0.27524980902671814,-0.07463496178388596,0.866025447845459,0.0,0.0,0.5
926.0,-2.607259511947632,-2.480742931365967,-1.7422548532485962,-1.2122153043746948,0.7297984957695007,-0.7015535235404968,1.0856448411941528,0.27524980902671814,-0.060307350009679794,0.866025447845459,0.0,0.0,0.5
927.0,-2.6029672622680664,-2.488131284713745,-1.7543399333953857,-1.196324110031128,0.7326434850692749,-0.696740984916687,1.0760884284973145,0.27524980902671814,-0.07232523709535599,0.866025447845459,0.0,0.0,0.5
928.0,-2.6071407794952393,-2.5062625408172607,-1.7376435995101929,-1.191406488418579,0.7298769950866699,-0.7014201283454895,1.0853787660598755,0.27524980902671814,-0.08487728238105774,0.866025447845459,0.0,0.0,0.5
929.0,-2.6084678173065186,-2.5263266563415527,-1.728938102722168,-1.1789343357086182,0.728999674320221,-0.7029138207435608,1.0883615016937256,0.27524980902671814,-0.10246208310127258,0.866025447845459,0.0,0.0,0.5
930.0,-2.6182377338409424,-2.552863597869873,-1.690910816192627,-1.1821300983428955,0.7225745916366577,-0.7140030264854431,1.1107654571533203,0.27524980902671814,-0.11658095568418503,0.866025447845459,0.0,0.0,0.5
931.0,-2.6229684352874756,-2.5514421463012695,-1.6755449771881104,-1.1948405504226685,0.7194856405258179,-0.7194305658340454,1.1219022274017334,0.27524980902671814,-0.10945425927639008,0.866025447845459,0.0,0.0,0.5
932.0,-2.622668743133545,-2.537662982940674,-1.6799508333206177,-1.2044734954833984,0.7196809649467468,-0.7190855145454407,1.1211907863616943,0.27524980902671814,-0.09644775092601776,0.866025447845459,0.0,0.0,0.5
933.0,-2.6300899982452393,-2.5572359561920166,-1.6495743989944458,-1.2088048458099365,0.7148631811141968,-0.7276736497879028,1.1390377283096313,0.27524980902671814,-0.1058683767914772,0.8660253882408142,0.0,0.0,0.4999999403953552
934.0,-2.6356801986694336,-2.5578207969665527,-1.6294854879379272,-1.2233684062957764,0.7112588882446289,-0.7342053651809692,1.1528100967407227,0.27524980902671814,-0.09868326783180237,0.866025447845459,0.0,0.0,0.5
935.0,-0.023663826286792755,-0.4537796378135681,1.2232387065887451,-1.2931790351867676,-1.5912892818450928,-0.011833569966256618,1.2485878467559814,0.16834168136119843,-0.10791754722595215,0.6123724579811096,-0.6123723983764648,-0.3535533845424652,0.3535533845424652
936.0,-0.06100598722696304,-0.4585306942462921,1.2351069450378418,-1.3009816408157349,-1.623620867729187,-0.030531402677297592,1.2485878467559814,0.11694642156362534,-0.10789865255355835,0.6123724579811096,-0.6123723983764648,-0.3535533845424652,0.3535533845424652
937.0,-0.07414841651916504,-0.45798563957214355,1.2378509044647217,-1.3046562671661377,-1.6349960565567017,-0.03712524101138115,1.2485878467559814,0.0988764762878418,-0.10999607294797897,0.6123724579811096,-0.6123723983764648,-0.3535533845424652,0.3535533845424652
938.0,-0.09147506207227707,-0.4656970202922821,1.2265822887420654,-1.2863000631332397,-1.6499884128570557,-0.04583340883255005,1.256820797920227,0.07429657131433487,-0.09407000988721848,0.6123724579811096,-0.6123723983764648,-0.3535533845424652,0.3535533845424652
939.0,-0.1094258725643158,-0.4662005603313446,1.2454419136047363,-1.3054416179656982,-1.6655144691467285,-0.05487721040844917,1.2485878467559814,0.05035268887877464,-0.10322152823209763,0.6123724579811096,-0.6123723983764648,-0.3535533845424652,0.3535533845424652
940.0,-0.11332765966653824,-0.4549739360809326,1.2429924011230469,-1.314408302307129,-1.6688882112503052,-0.05684635415673256,1.2485878467559814,0.04498036578297615,-0.11640576273202896,0.6123724579811096,-0.6123723983764648,-0.3535533845424652,0.3535533845424652
941.0,-0.12563176453113556,-0.45423591136932373,1.2438405752182007,-1.3166364431381226,-1.6795247793197632,-0.06306472420692444,1.2485878467559814,0.028027154505252838,-0.11774048209190369,0.6123724579811096,-0.6123723983764648,-0.3535533845424652,0.3535533845424652
942.0,-0.12213561683893204,-0.4657540023326874,1.2465440034866333,-1.307632565498352,-1.6765028238296509,-0.06129639968276024,1.2485878467559814,0.03284633159637451,-0.10431629419326782,0.6123724579811096,-0.6123723983764648,-0.3535533845424652,0.3535533845424652
943.0,-0.12245219945907593,-0.47672343254089355,1.2491329908370972,-1.2992689609527588,-1.6767765283584595,-0.06145647540688515,1.2485878467559814,0.032410021871328354,-0.09153393656015396,0.6123724579811096,-0.6123723983764648,-0.3535533845424652,0.3535533845424652
944.0,-0.1256185621023178,-0.48805078864097595,1.2517503499984741,-1.2907307147979736,-1.6795133352279663,-0.0630580484867096,1.2485878467559814,0.02804536372423172,-0.07830514758825302,0.6123724579811096,-0.6123723983764648,-0.3535533845424652,0.3535533845424652
945.0,-0.13420304656028748,-0.4830128252506256,1.2512364387512207,-1.295742392539978,-1.6869319677352905,-0.06740503013134003,1.2485878467559814,0.016204483807086945,-0.0844828188419342,0.6123724579811096,-0.6123723983764648,-0.3535533845424652,0.3535533845424652
946.0,-0.14266183972358704,-0.4734300971031189,1.2330100536346436,-1.2876113653182983,-1.6942397356033325,-0.0716957151889801,1.256820797920227,0.0033421902917325497,-0.0872267484664917,0.6123724579811096,-0.6123723983764648,-0.3535533845424652,0.3535533845424652
947.0,-0.14210093021392822,-0.46183115243911743,1.230337142944336,-1.2965024709701538,-1.6937551498413086,-0.07141096889972687,1.256820797920227,0.004121794831007719,-0.10085082054138184,0.6123724579811096,-0.6123723983764648,-0.3535533845424652,0.3535533845424652
948.0,-0.14899800717830658,-0.453474760055542,1.244550347328186,-1.319512128829956,-1.6997122764587402,-0.07491478323936462,1.2485878467559814,-0.004233077634125948,-0.11897159367799759,0.6123724579811096,-0.6123723983764648,-0.3535533845424652,0.3535533845424652
949.0,-0.15172676742076874,-0.4643481969833374,1.2473945617675781,-1.311663031578064,-1.7020686864852905,-0.07630252838134766,1.2485878467559814,-0.008007352240383625,-0.1064237579703331,0.6123724579811096,-0.6123723983764648,-0.3535533845424652,0.3535533845424652
950.0,-0.16259579360485077,-0.46927502751350403,1.2484641075134277,-1.308556079864502,-1.7114521265029907,-0.08183879405260086,1.2485878467559814,-0.023057587444782257,-0.10057486593723297,0.6123724579811096,-0.6123723983764648,-0.3535533845424652,0.3535533845424652
951.0,-0.17324253916740417,-0.469535768032074,1.2480953931808472,-1.308713674545288,-1.7206394672393799,-0.08727611601352692,1.2485878467559814,-0.03782876580953598,-0.09998460859060287,0.6123724579811096,-0.6123723983764648,-0.3535533845424652,0.3535533845424652
952.0,-0.18165551126003265,-0.46075713634490967,1.228985071182251,-1.2990403175354004,-1.7278962135314941,-0.09158327430486679,1.256820797920227,-0.05103551223874092,-0.10130761563777924,0.6123724579811096,-0.6123723983764648,-0.3535533845424652,0.3535533845424652
953.0,-0.17788690328598022,-0.45374730229377747,1.2438042163848877,-1.3205703496932983,-1.724645972251892,-0.08965267241001129,1.2485878467559814,-0.04428211227059364,-0.11807115375995636,0.6123724579811096,-0.6123723983764648,-0.3535533845424652,0.3535533845424652
954.0,-0.18785014748573303,-0.458843469619751,1.2443619966506958,-1.3168365955352783,-1.7332377433776855,-0.09476103633642197,1.2485878467559814,-0.058147940784692764,-0.1117299497127533,0.6123724579811096,-0.6123723983764648,-0.3535533845424652,0.3535533845424652
955.0,-0.19779862463474274,-0.46252334117889404,1.2442442178726196,-1.3138878345489502,-1.7418125867843628,-0.09987618029117584,1.2485878467559814,-0.07202543318271637,-0.10685969889163971,0.6123724579811096,-0.6123723983764648,-0.3535533845424652,0.3535533845424652
956.0,-0.20903444290161133,-0.46121320128440857,1.2424001693725586,-1.3143677711486816,-1.751491665840149,-0.10567151755094528,1.2485878467559814,-0.08774106204509735,-0.1075124740600586,0.6123724579811096,-0.6123723983764648,-0.3535533845424652,0.3535533845424652
957.0,-0.22055009007453918,-0.45817551016807556,1.2397196292877197,-1.3158252239227295,-1.7614057064056396,-0.11163249611854553,1.2485878467559814,-0.10389906167984009,-0.10995472967624664,0.6123724579811096,-0.6123723983764648,-0.3535533845424652,0.3535533845424652
958.0,-0.2319696843624115,-0.4559825360774994,1.2369040250778198,-1.3163554668426514,-1.7712304592132568,-0.11756632477045059,1.2485878467559814,-0.11997783929109573,-0.11123526841402054,0.6123724579811096,-0.6123723983764648,-0.3535533845424652,0.3535533845424652
959.0,-0.22428637742996216,-0.4595597982406616,1.2227553129196167,-1.297847032546997,-1.7646209001541138,-0.1135714128613472,1.256820797920227,-0.11103158444166183,-0.09927818924188614,0.6123724579811096,-0.6123723983764648,-0.3535533845424652,0.3535533845424652
960.0,-0.24354222416877747,-0.46727684140205383,1.2370355129241943,-1.3064241409301758,-1.7811797857284546,-0.12360382825136185,1.2485878467559814,-0.1363331824541092,-0.09660911560058594,0.6123724579811096,-0.6123723983764648,-0.3535533845424652,0.3535533845424652
961.0,-0.23040230572223663,-0.47330185770988464,1.2414287328720093,-1.3033989667892456,-1.7698824405670166,-0.11675050854682922,1.2485878467559814,-0.11776752769947052,-0.09123821556568146,0.6123724579811096,-0.6123723983764648,-0.3535533845424652,0.3535533845424652
962.0,-0.21615861356258392,-0.4700740575790405,1.2434086799621582,-1.307188868522644,-1.7576258182525635,-0.10935666412115097,1.2485878467559814,-0.0977308452129364,-0.09655427932739258,0.6123724579811096,-0.6123723983764648,-0.3535533845424652,0.3535533845424652
963.0,-0.20431630313396454,-0.4711001217365265,1.2454756498336792,-1.3071235418319702,-1.7474279403686523,-0.10323551297187805,1.2485878467559814,-0.08113602548837662,-0.09639807790517807,0.6123724579811096,-0.6123723983764648,-0.3535533845424652,0.3535533845424652
964.0,-0.20254522562026978,-0.4852254092693329,1.248786211013794,-1.2961490154266357,-1.745902180671692,-0.10232202708721161,1.2485878467559814,-0.07865883409976959,-0.07993745058774948,0.6123724579811096,-0.6123723983764648,-0.3535533845424652,0.3535533845424652
965.0,-0.19339081645011902,-0.4805682301521301,1.248936653137207,-1.3001536130905151,-1.7380138635635376,-0.09760802239179611,1.2485878467559814,-0.0658726692199707,-0.08608268946409225,0.6123724579811096,-0.6123723983764648,-0.3535533845424652,0.3535533845424652
966.0,-0.18374374508857727,-0.48355937004089355,1.2337896823883057,-1.2812111377716064,-1.7296971082687378,-0.09265390038490295,1.256820797920227,-0.05395936220884323,-0.07427646219730377,0.6123724579811096,-0.6123723983764648,-0.3535533845424652,0.3535533845424652
967.0,-0.17660948634147644,-0.4736163318157196,1.2323106527328491,-1.2891080379486084,-1.7235441207885742,-0.08899873495101929,1.256820797920227,-0.043975867331027985,-0.08642415702342987,0.6123724579811096,-0.6123723983764648,-0.3535533845424652,0.3535533845424652
968.0,-0.16565664112567902,-0.4795786440372467,1.2507178783416748,-1.3007272481918335,-1.714093804359436,-0.08340048789978027,1.2485878467559814,-0.027301112189888954,-0.08846632391214371,0.6123724579811096,-0.6123723983764648,-0.3535533845424652,0.3535533845424652
969.0,-0.15632297098636627,-0.4855048954486847,1.2521754503250122,-1.295598030090332,-1.706037163734436,-0.07864193618297577,1.2485878467559814,-0.014368295669555664,-0.08165408670902252,0.6123724579811096,-0.6123723983764648,-0.3535533845424652,0.3535533845424652
970.0,-0.16329914331436157,-0.4977031946182251,1.2543683052062988,-1.2860825061798096,-1.7120591402053833,-0.08219756186008453,1.2485878467559814,-0.02403249964118004,-0.06706859916448593,0.6123724579811096,-0.6123723983764648,-0.3535533845424652,0.3535533845424652
971.0,-0.12863588333129883,-0.49881085753440857,1.2539575099945068,-1.2823452949523926,-1.6821211576461792,-0.0645851194858551,1.2485878467559814,0.023884769529104233,-0.06560292094945908,0.6123724579811096,-0.6123723983764648,-0.3535533845424652,0.3535533845424652
972.0,-0.1612623780965805,-0.5105421543121338,1.2565134763717651,-1.2752434015274048,-1.710301160812378,-0.0811588242650032,1.2485878467559814,-0.02120969444513321,-0.05169530585408211,0.6123724579811096,-0.6123723983764648,-0.3535533845424652,0.3535533845424652
973.0,-0.15091732144355774,-0.5154330730438232,1.2573118209838867,-1.2704415321350098,-1.7013697624206543,-0.07589077949523926,1.2485878467559814,-0.006887595634907484,-0.045884598046541214,0.6123724579811096,-0.6123723983764648,-0.3535533845424652,0.3535533845424652
974.0,-0.13557374477386475,-0.5149751305580139,1.2568628787994385,-1.2694873809814453,-1.688116192817688,-0.06809979677200317,1.2485878467559814,0.014312732964754105,-0.04631024971604347,0.6123724579811096,-0.6123723983764648,-0.3535533845424652,0.3535533845424652
975.0,-0.12765134871006012,-0.5224537253379822,1.2573754787445068,-1.2620652914047241,-1.6812702417373657,-0.06408675014972687,1.2485878467559814,0.025242511183023453,-0.03699425235390663,0.6123724579811096,-0.6123723983764648,-0.3535533845424652,0.3535533845424652
976.0,-0.15281552076339722,-0.5317370891571045,1.2592344284057617,-1.2561867237091064,-1.703008770942688,-0.07685646414756775,1.2485878467559814,-0.009513704106211662,-0.025926966220140457,0.6123724579811096,-0.6123723983764648,-0.3535533845424652,0.3535533845424652
977.0,-0.16300790011882782,-0.5327938795089722,1.2591842412948608,-1.2557867765426636,-1.7118078470230103,-0.08204898238182068,1.2485878467559814,-0.023628780618309975,-0.02448243275284767,0.6123724579811096,-0.6123723983764648,-0.3535533845424652,0.3535533845424652
978.0,-0.15834049880504608,-0.5225985050201416,1.2581905126571655,-1.2646589279174805,-1.7077789306640625,-0.07966961711645126,1.2485878467559814,-0.01716199517250061,-0.03709400072693825,0.6123724579811096,-0.6123723983764648,-0.3535533845424652,0.3535533845424652
979.0,-0.17938527464866638,-0.4968779385089874,1.2365260124206543,-1.2702797651290894,-1.725938320159912,-0.09042004495859146,1.256820797920227,-0.047858379781246185,-0.05850745365023613,0.6123724579811096,-0.6123723983764648,-0.3535533845424652,0.3535533845424652
980.0,-0.17763014137744904,-0.5099182724952698,1.2385904788970947,-1.259165644645691,-1.7244244813919067,-0.08952121436595917,1.256820797920227,-0.04540319740772247,-0.042734626680612564,0.6123724579811096,-0.6123723983764648,-0.3535533845424652,0.3535533845424652
981.0,-0.19705945253372192,-0.5327807664871216,1.2565640211105347,-1.2558854818344116,-1.7411755323410034,-0.09949561953544617,1.2485878467559814,-0.07099317014217377,-0.02285214141011238,0.6123724579811096,-0.6123723983764648,-0.3535533845424652,0.3535533845424652
982.0,-0.19546827673912048,-0.5198875665664673,1.255359411239624,-1.2674357891082764,-1.7398043870925903,-0.0986766666173935,1.2485878467559814,-0.06877170503139496,-0.03882204368710518,0.6123724579811096,-0.6123723983764648,-0.3535533845424652,0.3535533845424652
983.0,-0.2005787193775177,-0.5079984068870544,1.2530790567398071,-1.2774930000305176,-1.7442079782485962,-0.10130828619003296,1.2485878467559814,-0.07590962946414948,-0.052879612892866135,0.6123724579811096,-0.6123723983764648,-0.3535533845424652,0.3535533845424652
984.0,-0.21168258786201477,-0.5128341317176819,1.2521358728408813,-1.2727301120758057,-1.7537721395492554,-0.10704036056995392,1.2485878467559814,-0.09145203977823257,-0.046056780964136124,0.6123724579811096,-0.6123723983764648,-0.3535533845424652,0.3535533845424652
985.0,-0.20611242949962616,-0.5233426690101624,1.2543408870697021,-1.2639098167419434,-1.7489750385284424,-0.10416246205568314,1.2485878467559814,-0.08364947140216827,-0.03374100103974342,0.6123724579811096,-0.6123723983764648,-0.3535533845424652,0.3535533845424652
986.0,-0.20903430879116058,-0.5363875031471252,1.2551701068878174,-1.251963496208191,-1.7514915466308594,-0.1056714653968811,1.2485878467559814,-0.08774086087942123,-0.017353195697069168,0.6123724579811096,-0.6123723983764648,-0.3535533845424652,0.3535533845424652
987.0,-0.23100121319293976,-0.5347529053688049,1.2508049011230469,-1.2513858079910278,-1.7703975439071655,-0.11706218868494034,1.2485878467559814,-0.11861197650432587,-0.016890931874513626,0.6123724579811096,-0.6123723983764648,-0.3535533845424652,0.3535533845424652
988.0,-0.2298814207315445,-0.5169600248336792,1.2316789627075195,-1.2499375343322754,-1.7694343328475952,-0.11647948622703552,1.256820797920227,-0.11895989626646042,-0.029432181268930435,0.6123724579811096,-0.6123723983764648,-0.3535533845424652,0.3535533845424652
989.0,-0.22427690029144287,-0.5154927372932434,1.2501935958862305,-1.269351601600647,-1.7646127939224243,-0.11356650292873383,1.2485878467559814,-0.10914009809494019,-0.041479650884866714,0.6123724579811096,-0.6123723983764648,-0.3535533845424652,0.3535533845424652
990.0,-0.3943498134613037,-0.5735933184623718,1.4067134857177734,-1.438963532447815,-1.071733832359314,0.32014626264572144,1.2074850797653198,-0.20479582250118256,-0.04329298809170723,-0.25216710567474365,0.8284996747970581,0.47833454608917236,-0.1455887407064438
991.0,-0.2456752359867096,-0.5174744129180908,1.245457649230957,-1.2648828029632568,-1.783012866973877,-0.12471941858530045,1.2485878467559814,-0.1393548548221588,-0.03616807237267494,0.6123724579811096,-0.6123723983764648,-0.3535533845424652,0.3535533845424652
992.0,-0.24128474295139313,-0.529615581035614,1.2478901147842407,-1.2546947002410889,-1.779239535331726,-0.12242410331964493,1.2485878467559814,-0.13313764333724976,-0.02183913066983223,0.6123724579811096,-0.6123723983764648,-0.3535533845424652,0.3535533845424652
993.0,-0.2519923150539398,-0.530010461807251,1.2450181245803833,-1.252612829208374,-1.7884399890899658,-0.12802846729755402,1.2485878467559814,-0.14831732213497162,-0.019653860479593277,0.6123724579811096,-0.6123723983764648,-0.3535533845424652,0.3535533845424652
994.0,-0.263440877199173,-0.5275772213935852,1.2413015365600586,-1.2526577711105347,-1.7982697486877441,-0.13404598832130432,1.2485878467559814,-0.16461403667926788,-0.02064979448914528,0.6123724579811096,-0.6123723983764648,-0.3535533845424652,0.3535533845424652
995.0,-0.25852078199386597,-0.5369242429733276,1.2436027526855469,-1.2450333833694458,-1.7940462827682495,-0.1314566284418106,1.2485878467559814,-0.15760168433189392,-0.009861635975539684,0.6123724579811096,-0.6123723983764648,-0.3535533845424652,0.3535533845424652
996.0,-0.4357469379901886,-0.5920465588569641,1.3620094060897827,-1.3635814189910889,-1.1059088706970215,0.29377803206443787,1.2138943672180176,-0.2671583592891693,0.00089649559231475,-0.25216707587242126,0.8284996747970581,0.47833454608917236,-0.1455887407064438
997.0,-0.27609527111053467,-0.5219853520393372,1.218321442604065,-1.2368119955062866,-1.8091254234313965,-0.14072926342487335,1.256820797920227,-0.18504570424556732,-0.015045168809592724,0.6123724579811096,-0.6123723983764648,-0.3535533845424652,0.3535533845424652
998.0,-0.44324907660484314,-0.5899462699890137,1.3759410381317139,-1.3775280714035034,-1.112131953239441,0.2890979051589966,1.2042769193649292,-0.2736109793186188,-0.009114089421927929,-0.25216707587242126,0.8284996747970581,0.47833454608917236,-0.1455887407064438
999.0,-0.2923933267593384,-0.5360192656517029,1.2311513423919678,-1.2377114295959473,-1.8230916261672974,-0.14938925206661224,1.2485878467559814,-0.2061668038368225,-0.0037554979790002108,0.6123724579811096,-0.6123723983764648,-0.3535533845424652,0.3535533845424652
1000.0,-0.5351381301879883,-0.6684765815734863,1.6192668676376343,-1.7980881929397583,-0.7303311228752136,0.7006486654281616,1.1513134241104126,-0.31524983048439026,-0.0051189688965678215,0.0,0.8660253882408142,0.5,0.0
1001.0,-0.30031123757362366,-0.54472815990448,1.2280555963516235,-1.2269763946533203,-1.8298702239990234,-0.15361875295639038,1.2485878467559814,-0.21762342751026154,0.009408456273376942,0.6123724579811096,-0.6123723983764648,-0.3535533845424652,0.3535533845424652
1002.0,-0.5415976047515869,-0.6863025426864624,1.6441726684570312,-1.7997978925704956,-0.7346203923225403,0.6934261322021484,1.1360437870025635,-0.31524983048439026,0.0032318353187292814,0.0,0.8660253882408142,0.5,0.0
1003.0,-0.5482990145683289,-0.706231415271759,1.669098973274231,-1.799299716949463,-0.7390974164009094,0.6860053539276123,1.1205620765686035,-0.31524983048439026,0.01367293018847704,0.0,0.8660253882408142,0.5,0.0
1004.0,-0.5494368672370911,-0.692413866519928,1.671919584274292,-1.8150122165679932,-0.7398603558540344,0.6847526431083679,1.1179687976837158,-0.31524983048439026,-0.0023932636249810457,0.0,0.8660253882408142,0.5,0.0
1005.0,-0.5551180839538574,-0.7033615708351135,1.6919007301330566,-1.8194570541381836,-0.743681013584137,0.678528904914856,1.1051708459854126,-0.31524983048439026,0.0006516397115774453,0.0,0.8660253882408142,0.5,0.0
1006.0,-0.5614491105079651,-0.7127594351768494,1.713266372680664,-1.8263752460479736,-0.747961163520813,0.6716542840003967,1.091196894645691,-0.31524983048439026,0.0014605491887778044,0.0,0.8660253882408142,0.5,0.0
1007.0,-0.5644059777259827,-0.6989946365356445,1.7213151454925537,-1.8458532094955444,-0.7499682307243347,0.668465256690979,1.0847716331481934,-0.31524983048439026,-0.016277644783258438,0.0,0.8660253882408142,0.5,0.0
1008.0,-0.5551562309265137,-0.6835983395576477,1.690050721168518,-1.8373396396636963,-0.7437067031860352,0.6784873008728027,1.1050857305526733,-0.31524983048439026,-0.019532982259988785,0.0,0.8660253882408142,0.5,0.0
1009.0,-0.5443335175514221,-0.6721746921539307,1.6523690223693848,-1.8198691606521606,-0.736444890499115,0.6903876662254333,1.1296796798706055,-0.31524983048439026,-0.015719670802354813,0.0,0.8660253882408142,0.5,0.0
1010.0,-0.5468587875366211,-0.6585023403167725,1.6592718362808228,-1.8383761644363403,-0.7381329536437988,0.687593936920166,1.1238590478897095,-0.31524983048439026,-0.033456865698099136,0.0,0.8660253882408142,0.5,0.0
1011.0,-0.5394039750099182,-0.6501449942588806,1.6323847770690918,-1.8259832859039307,-0.7331608533859253,0.6958711743354797,1.1411906480789185,-0.31524983048439026,-0.031052935868501663,0.0,0.8660253882408142,0.5,0.0
1012.0,-0.535110354423523,-0.6542859077453613,1.6175873279571533,-1.8106226921081543,-0.7303127646446228,0.7006798982620239,1.1513798236846924,-0.31524983048439026,-0.020019952207803726,0.0,0.8660253882408142,0.5,0.0
1013.0,-0.29113274812698364,-0.5231375098228455,1.2307255268096924,-1.2499998807907104,-1.8220120668411255,-0.1487172544002533,1.2485878467559814,-0.2043467015028,-0.02028641477227211,0.6123724579811096,-0.6123723983764648,-0.3535533845424652,0.3535533845424652
1014.0,-0.27996721863746643,-0.5207440853118896,1.234884262084961,-1.2551039457321167,-1.812445044517517,-0.14278118312358856,1.2485878467559814,-0.18826988339424133,-0.025811944156885147,0.6123724579811096,-0.6123723983764648,-0.3535533845424652,0.3535533845424652
1015.0,-0.29734712839126587,-0.5091364979743958,1.2266193628311157,-1.2607276439666748,-1.8273332118988037,-0.15203365683555603,1.2485878467559814,-0.21332961320877075,-0.03617062047123909,0.6123724579811096,-0.6123723983764648,-0.3535533845424652,0.3535533845424652
1016.0,-0.287805438041687,-0.5103405117988586,1.2306934595108032,-1.2623268365859985,-1.8191620111465454,-0.14694532752037048,1.2485878467559814,-0.19954752922058105,-0.03694308176636696,0.6123724579811096,-0.6123723983764648,-0.3535533845424652,0.3535533845424652
1017.0,-0.435830295085907,-0.5548993349075317,1.3586848974227905,-1.3973808288574219,-1.105978012084961,0.2937259078025818,1.2137869596481323,-0.26723042130470276,-0.043403539806604385,-0.25216710567474365,0.8284998536109924,0.47833457589149475,-0.1455887407064438
1018.0,-0.2698412239551544,-0.5078533887863159,1.2369475364685059,-1.2687979936599731,-1.803761601448059,-0.13742198050022125,1.2485878467559814,-0.17375649511814117,-0.043770138174295425,0.6123724579811096,-0.6123723983764648,-0.3535533845424652,0.3535533845424652
1019.0,-0.2564675211906433,-0.50959712266922,1.2414172887802124,-1.2699370384216309,-1.792283296585083,-0.13037753105163574,1.2485878467559814,-0.15467920899391174,-0.04406677559018135,0.6123724579811096,-0.6123723983764648,-0.3535533845424652,0.3535533845424652
1020.0,-0.2698447108268738,-0.48942774534225464,1.2165687084197998,-1.2668452262878418,-1.8037645816802979,-0.1374237984418869,1.256820797920227,-0.17603865265846252,-0.05665644630789757,0.6123724579811096,-0.6123723983764648,-0.3535533845424652,0.3535533845424652
1021.0,-0.26312294602394104,-0.4995720386505127,1.2379122972488403,-1.277235984802246,-1.7979968786239624,-0.13387851417064667,1.2485878467559814,-0.16416050493717194,-0.05509209260344505,0.6123724579811096,-0.6123723983764648,-0.3535533845424652,0.3535533845424652
1022.0,-0.2549555003643036,-0.49156010150909424,1.2390130758285522,-1.2853959798812866,-1.790984869003296,-0.1295834183692932,1.2485878467559814,-0.1525285691022873,-0.06613613665103912,0.6123724579811096,-0.6123723983764648,-0.3535533845424652,0.3535533845424652
1023.0,-0.2471521645784378,-0.501619279384613,1.2428590059280396,-1.2783024311065674,-1.784281849861145,-0.12549236416816711,1.2485878467559814,-0.14144843816757202,-0.05525406822562218,0.6123724579811096,-0.6123723983764648,-0.3535533845424652,0.3535533845424652
1024.0,-0.2378881424665451,-0.49953126907348633,1.2448536157608032,-1.2813782691955566,-1.7763197422027588,-0.12065092474222183,1.2485878467559814,-0.12833432853221893,-0.05910549685359001,0.6123724579811096,-0.6123723983764648,-0.3535533845424652,0.3535533845424652
1025.0,-0.22953014075756073,-0.48817121982574463,1.2276461124420166,-1.2746574878692627,-1.7691322565078735,-0.11629676073789597,1.256820797920227,-0.1184617206454277,-0.06465904414653778,0.6123724579811096,-0.6123723983764648,-0.3535533845424652,0.3535533845424652
1026.0,-0.22813081741333008,-0.4986710250377655,1.2296807765960693,-1.2660493850708008,-1.7679284811019897,-0.11556899547576904,1.256820797920227,-0.11647774279117584,-0.05212443694472313,0.6123724579811096,-0.6123723983764648,-0.3535533845424652,0.3535533845424652
1027.0,-0.2114272564649582,-0.5000358819961548,1.250213861465454,-1.283582329750061,-1.7535521984100342,-0.10690832883119583,1.2485878467559814,-0.09109410643577576,-0.06153331324458122,0.6123724579811096,-0.6123723983764648,-0.3535533845424652,0.3535533845424652
1028.0,-0.19206778705120087,-0.4948447346687317,1.2519018650054932,-1.2887294292449951,-1.7368735074996948,-0.09692779928445816,1.2485878467559814,-0.06402718275785446,-0.06926126778125763,0.6123724579811096,-0.6123723983764648,-0.3535533845424652,0.3535533845424652
1029.0,-0.21249920129776,-0.4874454140663147,1.2477468252182007,-1.2938069105148315,-1.7544752359390259,-0.10746271908283234,1.2485878467559814,-0.09259695559740067,-0.07645303755998611,0.6123724579811096,-0.6123723983764648,-0.3535533845424652,0.3535533845424652
1030.0,-0.224324569106102,-0.4742182195186615,1.2260472774505615,-1.2864844799041748,-1.7646538019180298,-0.11359124630689621,1.256820797920227,-0.1110856682062149,-0.0819769874215126,0.6123724579811096,-0.6123723983764648,-0.3535533845424652,0.3535533845424652
1031.0,-0.3956816494464874,-0.5465682744979858,1.4048807621002197,-1.4637430906295776,-1.0728288888931274,0.31928297877311707,1.2057551145553589,-0.2059563845396042,-0.07524047791957855,-0.25216710567474365,0.8284996747970581,0.47833454608917236,-0.1455887407064438
1032.0,-0.24595321714878082,-0.48007604479789734,1.2392480373382568,-1.2961021661758423,-1.7832517623901367,-0.12486486881971359,1.2485878467559814,-0.13974882662296295,-0.08120156079530716,0.6123724579811096,-0.6123723983764648,-0.3535533845424652,0.3535533845424652
1033.0,-0.2568258047103882,-0.4730052351951599,1.2347824573516846,-1.2999354600906372,-1.7925909757614136,-0.13056576251983643,1.2485878467559814,-0.15518900752067566,-0.08789272606372833,0.6123724579811096,-0.6123723983764648,-0.3535533845424652,0.3535533845424652
1034.0,-0.2758753299713135,-0.4792853891849518,1.212686538696289,-1.2738497257232666,-1.8089368343353271,-0.14061284065246582,1.256820797920227,-0.18472838401794434,-0.06773100793361664,0.6123724579811096,-0.6123723983764648,-0.3535533845424652,0.3535533845424652
1035.0,-0.27124419808387756,-0.47333207726478577,1.2303950786590576,-1.296938419342041,-1.8049650192260742,-0.13816314935684204,1.2485878467559814,-0.17576369643211365,-0.08501018583774567,0.6123724579811096,-0.6123723983764648,-0.3535533845424652,0.3535533845424652
1036.0,-0.27776843309402466,-0.46612992882728577,1.2093775272369385,-1.2839335203170776,-1.8105599880218506,-0.14161553978919983,1.256820797920227,-0.1874607354402542,-0.0831146389245987,0.6123724579811096,-0.6123723983764648,-0.3535533845424652,0.3535533845424652
1037.0,-0.28879937529563904,-0.4710610508918762,1.2236251831054688,-1.294668197631836,-1.8200135231018066,-0.14747434854507446,1.2485878467559814,-0.20098038017749786,-0.08418282866477966,0.6123724579811096,-0.6123723983764648,-0.3535533845424652,0.3535533845424652
1038.0,-0.5346007347106934,-0.5799480080604553,1.6021887063980103,-1.8699886798858643,-0.7299754619598389,0.7012526392936707,1.152599573135376,-0.31524983048439026,-0.09567955136299133,0.0,0.8660253882408142,0.5,0.0
1039.0,-0.2930110692977905,-0.45628222823143005,1.2185866832733154,-1.3049659729003906,-1.8236206769943237,-0.14971867203712463,1.2485878467559814,-0.2070591151714325,-0.1006883755326271,0.6123724579811096,-0.6123723983764648,-0.3535533845424652,0.3535533845424652
1040.0,-0.2825491726398468,-0.45918822288513184,1.2232458591461182,-1.3053507804870605,-1.8146580457687378,-0.14415131509304047,1.2485878467559814,-0.1919805407524109,-0.09947698563337326,0.6123724579811096,-0.6123723983764648,-0.3535533845424652,0.3535533845424652
1041.0,-0.2718373239040375,-0.4562424421310425,1.209215521812439,-1.2929211854934692,-1.805473804473877,-0.13847662508487701,1.256820797920227,-0.17890748381614685,-0.09600211679935455,0.6123724579811096,-0.6123723983764648,-0.3535533845424652,0.3535533845424652
1042.0,-0.26436707377433777,-0.4618676006793976,1.2299742698669434,-1.3071503639221191,-1.7990646362304688,-0.13453400135040283,1.2485878467559814,-0.16593560576438904,-0.09971848130226135,0.6123724579811096,-0.6123723983764648,-0.3535533845424652,0.3535533845424652
1043.0,-0.25872454047203064,-0.44949087500572205,1.228498101234436,-1.3173857927322388,-1.7942211627960205,-0.13156376779079437,1.2485878467559814,-0.15789180994033813,-0.11503571271896362,0.6123724579811096,-0.6123723983764648,-0.3535533845424652,0.3535533845424652
1044.0,-0.27336087822914124,-0.45096856355667114,1.2243582010269165,-1.313525676727295,-1.8067805767059326,-0.1392821967601776,1.2485878467559814,-0.17879419028759003,-0.11082402616739273,0.6123724579811096,-0.6123723983764648,-0.3535533845424652,0.3535533845424652
1045.0,-0.29237401485443115,-0.44002118706703186,1.2145665884017944,-1.317121982574463,-1.8230751752853394,-0.1493789404630661,1.2485878467559814,-0.20613892376422882,-0.1197415292263031,0.6123724579811096,-0.6123723983764648,-0.3535533845424652,0.3535533845424652
1046.0,-0.2998530864715576,-0.44717565178871155,1.213517427444458,-1.3099279403686523,-1.829478144645691,-0.1533736139535904,1.2485878467559814,-0.21695935726165771,-0.10979840159416199,0.6123724579811096,-0.6123723983764648,-0.3535533845424652,0.3535533845424652
1047.0,-0.5412567257881165,-0.5843376517295837,1.6260918378829956,-1.8839635848999023,-0.7343933582305908,0.6938055157661438,1.136841058731079,-0.31524983048439026,-0.10047479718923569,0.0,0.8660253882408142,0.5,0.0
1048.0,-0.5444449186325073,-0.5689194798469543,1.6327251195907593,-1.9033889770507812,-0.7365192770957947,0.6902641654014587,1.1294219493865967,-0.31524983048439026,-0.11988435685634613,0.0,0.8660253882408142,0.5,0.0
1049.0,-0.5499742031097412,-0.5914922952651978,1.6565332412719727,-1.9001110792160034,-0.740220844745636,0.6841617226600647,1.1167477369308472,-0.31524983048439026,-0.10458189994096756,0.0,0.8660253882408142,0.5,0.0
1050.0,-0.5606374144554138,-0.6020002365112305,1.6924930810928345,-1.9170047044754028,-0.7474110126495361,0.6725320816040039,1.092971920967102,-0.31524983048439026,-0.1068742498755455,0.0,0.8660253882408142,0.5000000596046448,0.0
1051.0,-0.5552217960357666,-0.60887610912323,1.6773467063903809,-1.8993053436279297,-0.7437509298324585,0.6784157752990723,1.1049394607543945,-0.31524983048439026,-0.09392236173152924,0.0,0.8660253882408142,0.5,0.0
1052.0,-0.5517059564590454,-0.6195509433746338,1.668474793434143,-1.8825911283493042,-0.741383969783783,0.6822606325149536,1.1128274202346802,-0.31524983048439026,-0.07908938825130463,0.0,0.8660253882408142,0.5,0.0
1053.0,-0.5458875894546509,-0.6016052961349487,1.6455966234207153,-1.882392168045044,-0.7374832630157471,0.6886671185493469,1.1260915994644165,-0.31524983048439026,-0.08940445631742477,0.0,0.8660253882408142,0.5,0.0
1054.0,-0.5371354818344116,-0.5969974398612976,1.6149311065673828,-1.8635634183883667,-0.7316546440124512,0.6984079480171204,1.1465548276901245,-0.31524983048439026,-0.08206558227539062,0.0,0.8660253882408142,0.5,0.0
1055.0,-0.5431246757507324,-0.6183854937553406,1.6398937702178955,-1.8621770143508911,-0.7356382012367249,0.6917286515235901,1.1324841976165771,-0.31524983048439026,-0.06888412684202194,0.0,0.8660253882408142,0.5,0.0
1056.0,-0.5367960929870605,-0.610936164855957,1.6166414022445679,-1.8516179323196411,-0.7314296364784241,0.6987882256507874,1.147360920906067,-0.31524983048439026,-0.06741680949926376,0.0,0.8660253882408142,0.5,0.0
1057.0,-0.2931540310382843,-0.4839044213294983,1.224471926689148,-1.2832481861114502,-1.8237431049346924,-0.14979493618011475,1.2485878467559814,-0.20726566016674042,-0.06788599491119385,0.6123724579811096,-0.6123723983764648,-0.3535533845424652,0.3535533845424652
1058.0,-0.4433119297027588,-0.5441499948501587,1.370579481124878,-1.4179455041885376,-1.1121841669082642,0.2890588343143463,1.204196810722351,-0.2736647427082062,-0.0628058984875679,-0.25216707587242126,0.8284998536109924,0.47833457589149475,-0.1455887407064438
1059.0,-0.28857654333114624,-0.4985722303390503,1.2287640571594238,-1.2722666263580322,-1.8198225498199463,-0.14735573530197144,1.2485878467559814,-0.2006591111421585,-0.051180485635995865,0.6123724579811096,-0.6123723983764648,-0.3535533845424652,0.3535533845424652
1060.0,-0.30040884017944336,-0.49428892135620117,1.2232213020324707,-1.272594690322876,-1.8299537897109985,-0.15367095172405243,1.2485878467559814,-0.21776489913463593,-0.053612228482961655,0.6123724579811096,-0.6123723983764648,-0.3535533845424652,0.3535533845424652
1061.0,-0.5400584936141968,-0.6360036730766296,1.632537841796875,-1.8397349119186401,-0.7335960268974304,0.6951408386230469,1.139650821685791,-0.31524983048439026,-0.04659292474389076,0.0,0.8660253882408142,0.5,0.0
1062.0,-0.5455801486968994,-0.6397238373756409,1.6520664691925049,-1.8509951829910278,-0.7372777462005615,0.6890071630477905,1.1267998218536377,-0.31524983048439026,-0.0507376454770565,0.0,0.8660253882408142,0.5,0.0
1063.0,-0.5486007332801819,-0.6319359540939331,1.6607743501663208,-1.8650246858596802,-0.7392996549606323,0.6856728792190552,1.1198734045028687,-0.31524983048439026,-0.06271573156118393,0.0,0.8660253882408142,0.5,0.0
1064.0,-0.5517475605010986,-0.6512714624404907,1.6744471788406372,-1.856809377670288,-0.7414119839668274,0.6822150349617004,1.1127334833145142,-0.31524983048439026,-0.047526199370622635,0.0,0.8660253882408142,0.5,0.0
1065.0,-0.5550352334976196,-0.6676914095878601,1.6876189708709717,-1.850912094116211,-0.7436251044273376,0.678619384765625,1.1053557395935059,-0.31524983048439026,-0.03541669622063637,0.0,0.8660253882408142,0.5,0.0
1066.0,-0.5610939860343933,-0.6835222244262695,1.7091025114059448,-1.8517299890518188,-0.74772047996521,0.6720381379127502,1.091972827911377,-0.31524983048439026,-0.02748209610581398,0.0,0.8660253882408142,0.5,0.0
1067.0,-0.5657981038093567,-0.6754328012466431,1.722625494003296,-1.8696306943893433,-0.7509149312973022,0.6669685244560242,1.08176851272583,-0.31524983048439026,-0.041361767798662186,0.0,0.8660253882408142,0.5,0.0
1068.0,-0.5719206929206848,-0.6705778241157532,1.7403031587600708,-1.887386679649353,-0.755091667175293,0.6604220271110535,1.068723440170288,-0.31524983048439026,-0.05323956534266472,0.0,0.8660253882408142,0.5,0.0
1069.0,-0.5587497353553772,-0.6600582599639893,1.6983623504638672,-1.8663172721862793,-0.7461333274841309,0.6745777130126953,1.097118616104126,-0.31524983048439026,-0.047852132469415665,0.0,0.8660253882408142,0.5,0.0
1070.0,-0.5560925602912903,-0.6425526142120361,1.686979055404663,-1.8745628595352173,-0.7443382740020752,0.677466630935669,1.103000521659851,-0.31524983048439026,-0.06185665354132652,0.0,0.8660253882408142,0.5,0.0
1071.0,-0.5629594922065735,-0.642125129699707,1.708324670791626,-1.8908729553222656,-0.748985767364502,0.6700235605239868,1.0879069566726685,-0.31524983048439026,-0.07061344385147095,0.0,0.8660253882408142,0.5,0.0
1072.0,-0.5616689324378967,-0.6209590435028076,1.7000387907028198,-1.9047738313674927,-0.7481102347373962,0.671416699886322,1.090717077255249,-0.31524983048439026,-0.08970428258180618,0.0,0.8660253882408142,0.5,0.0
1073.0,-0.5700502991676331,-0.6323113441467285,1.7276018857955933,-1.9144046306610107,-0.7538134455680847,0.6624157428741455,1.0726807117462158,-0.31524983048439026,-0.08803863078355789,0.0,0.8660253882408142,0.5,0.0
1074.0,-0.5767101645469666,-0.6471816897392273,1.749974250793457,-1.916759967803955,-0.7583737969398499,0.6553414463996887,1.0587002038955688,-0.31524983048439026,-0.0808372050523758,0.0,0.8660253882408142,0.5,0.0
1075.0,-0.5726824402809143,-0.6549978852272034,1.7398403882980347,-1.9019138813018799,-0.755612850189209,0.6596115827560425,1.067118763923645,-0.31524983048439026,-0.06911297142505646,0.0,0.8660253882408142,0.5,0.0
1076.0,-0.5845128893852234,-0.6645380854606628,1.7752649784088135,-1.9187551736831665,-0.7637481689453125,0.6471394896507263,1.042701005935669,-0.31524983048439026,-0.07225378602743149,0.0,0.8660253882408142,0.5,0.0
1077.0,-0.5840368866920471,-0.6452249884605408,1.7701135873794556,-1.9332764148712158,-0.7634193301200867,0.6476372480392456,1.0436656475067139,-0.31524983048439026,-0.08993234485387802,0.0,0.8660253882408142,0.5,0.0
1078.0,-0.5768596529960632,-0.630453884601593,1.7468467950820923,-1.9302456378936768,-0.7584764361381531,0.6551834344863892,1.0583899021148682,-0.31524983048439026,-0.0968366414308548,0.0,0.8660253882408142,0.5,0.0
1079.0,-0.5787444710731506,-0.6096771359443665,1.7471836805343628,-1.9499160051345825,-0.7597717046737671,0.6531941294670105,1.0544899702072144,-0.31524983048439026,-0.11818554997444153,0.0,0.8660253882408142,0.5,0.0
1080.0,-0.5864102244377136,-0.6222984790802002,1.771355390548706,-1.9556556940078735,-0.7650600671768188,0.6451590657234192,1.038870930671692,-0.31524983048439026,-0.11346542835235596,0.0,0.8660253882408142,0.5,0.0
1081.0,-0.5937260985374451,-0.6244713068008423,1.791306972503662,-1.9679756164550781,-0.7701367139816284,0.6375730633735657,1.0243169069290161,-0.31524983048439026,-0.1177687793970108,0.0,0.8660253882408142,0.5,0.0
1082.0,-0.6029875874519348,-0.6421953439712524,1.8193014860153198,-1.971455454826355,-0.7766043543815613,0.6280830502510071,1.0063656568527222,-0.31524983048439026,-0.10913453996181488,0.0,0.8660253882408142,0.5,0.0
1083.0,-0.6084815859794617,-0.6353208422660828,1.8313002586364746,-1.9863628149032593,-0.7804620265960693,0.6225125789642334,0.9959578514099121,-0.31524983048439026,-0.11949724704027176,0.0,0.8660253882408142,0.5,0.0
1084.0,-0.6158961057662964,-0.6530225276947021,1.8534291982650757,-1.9855103492736816,-0.7856926321983337,0.6150633692741394,0.9821856021881104,-0.31524983048439026,-0.10906700789928436,0.0,0.8660253882408142,0.5,0.0
1085.0,-0.6198086142539978,-0.6679266691207886,1.8660023212432861,-1.9804266691207886,-0.7884637713432312,0.6111639142036438,0.9750417470932007,-0.31524983048439026,-0.09861437231302261,0.0,0.8660253882408142,0.5,0.0
1086.0,-0.6139783263206482,-0.6755635738372803,1.853647232055664,-1.9645451307296753,-0.784337043762207,0.616982638835907,0.9857181906700134,-0.31524983048439026,-0.08755884319543839,0.0,0.8660253882408142,0.5,0.0
1087.0,-0.608223021030426,-0.6578447818756104,1.8358765840530396,-1.9686007499694824,-0.7802801132202148,0.6227737665176392,0.9964436888694763,-0.31524983048439026,-0.09908303618431091,0.0,0.8660253882408142,0.5,0.0
1088.0,-0.5972980260848999,-0.6548891663551331,1.8075882196426392,-1.9512042999267578,-0.7726258039474487,0.633898138999939,1.0173320770263672,-0.31524983048439026,-0.09291860461235046,0.0,0.8660253882408142,0.5,0.0
1089.0,-0.5912719368934631,-0.6598192453384399,1.7927356958389282,-1.9358782768249512,-0.7684305310249329,0.6401090025901794,1.0291616916656494,-0.31524983048439026,-0.08306191861629486,0.0,0.8660253882408142,0.5,0.0
1090.0,-0.5988945364952087,-0.6738041639328003,1.8155102729797363,-1.9390400648117065,-0.7737404704093933,0.6322616338729858,1.014235258102417,-0.31524983048439026,-0.0769226998090744,0.0,0.8660253882408142,0.5,0.0
1091.0,-0.6102527379989624,-0.6859034299850464,1.8465068340301514,-1.9497181177139282,-0.7817089557647705,0.6207260489463806,0.9926397204399109,-0.31524983048439026,-0.07535558938980103,0.0,0.8660253882408142,0.5,0.0
1092.0,-0.6189450621604919,-0.6953861713409424,1.8693326711654663,-1.9569032192230225,-0.7878514528274536,0.6120227575302124,0.9766113758087158,-0.31524983048439026,-0.07356666773557663,0.0,0.8660253882408142,0.5,0.0
1093.0,-0.6118109226226807,-0.7031054496765137,1.853325605392456,-1.9382226467132568,-0.7828072905540466,0.6191580295562744,0.9897353053092957,-0.31524983048439026,-0.061034638434648514,0.0,0.8660253882408142,0.5,0.0
1094.0,-0.6047565937042236,-0.6988655924797058,1.8349474668502808,-1.9291491508483887,-0.7778447270393372,0.6262847185134888,1.002995252609253,-0.31524983048439026,-0.05898141488432884,0.0,0.8660253882408142,0.5,0.0
1095.0,-0.5890207886695862,-0.6813305020332336,1.7906129360198975,-1.913923740386963,-0.7668682932853699,0.6424429416656494,1.0336387157440186,-0.31524983048439026,-0.06085588410496712,0.0,0.8660253882408142,0.5,0.0
1096.0,-0.5954011678695679,-0.6959852576255798,1.810151219367981,-1.9140678644180298,-0.7713031768798828,0.6358473300933838,1.0210316181182861,-0.31524983048439026,-0.05322212353348732,0.0,0.8660253882408142,0.5,0.0
1097.0,-0.6000440716743469,-0.7186613082885742,1.825637936592102,-1.9034698009490967,-0.7745438814163208,0.6310856938362122,1.0120149850845337,-0.31524983048439026,-0.03642689064145088,0.0,0.8660253882408142,0.5,0.0
1098.0,-0.5930362939834595,-0.7076109647750854,1.805506706237793,-1.8995469808578491,-0.7696568369865417,0.6382849812507629,1.025674819946289,-0.31524983048439026,-0.04005502536892891,0.0,0.8660253882408142,0.5,0.0
1099.0,-0.5837428569793701,-0.6885607838630676,1.7771748304367065,-1.8972241878509521,-0.7632162570953369,0.6479448676109314,1.0442620515823364,-0.31524983048439026,-0.04872702434659004,0.0,0.8660253882408142,0.5,0.0
1100.0,-0.5850932002067566,-0.7073866724967957,1.7835865020751953,-1.883790135383606,-0.7641491889953613,0.646533191204071,1.0415270328521729,-0.31524983048439026,-0.032167140394449234,0.0,0.8660253882408142,0.5,0.0
1101.0,-0.5778594017028809,-0.693936824798584,1.7611711025238037,-1.88032066822052,-0.7591632604598999,0.6541276574134827,1.0563182830810547,-0.31524983048439026,-0.037268299609422684,0.0,0.8660253882408142,0.5,0.0
1102.0,-0.5770854353904724,-0.707290530204773,1.7605973482131958,-1.8669862747192383,-0.7586314678192139,0.6549448370933533,1.0579214096069336,-0.31524983048439026,-0.02344122901558876,0.0,0.8660253882408142,0.5,0.0
1103.0,-0.5717494487762451,-0.7113015651702881,1.7451609373092651,-1.8516535758972168,-0.7549745440483093,0.6606044173240662,1.0690847635269165,-0.31524983048439026,-0.013210359029471874,0.0,0.8660253882408142,0.5,0.0
1104.0,-0.5740436911582947,-0.7281834483146667,1.7536027431488037,-1.8414387702941895,-0.7565449476242065,0.6581656336784363,1.0642610788345337,-0.31524983048439026,0.0006944209453649819,0.0,0.8660253882408142,0.5,0.0
1105.0,-0.5666795372962952,-0.7300644516944885,1.7310967445373535,-1.8227789402008057,-0.7515149116516113,0.666022539138794,1.0798741579055786,-0.31524983048439026,0.01197273749858141,0.0,0.8660253882408142,0.5,0.0
1106.0,-0.5594220161437988,-0.7246360778808594,1.7075387239456177,-1.8103805780410767,-0.7465881705284119,0.6738485097885132,1.095638632774353,-0.31524983048439026,0.016374986618757248,0.0,0.8660253882408142,0.5,0.0
1107.0,-0.5676193237304688,-0.7479802370071411,1.7349417209625244,-1.8079721927642822,-0.7521551251411438,0.6650151610374451,1.0778603553771973,-0.31524983048439026,0.028893034905195236,0.0,0.8660253882408142,0.5,0.0
1108.0,-0.5736171007156372,-0.7463762164115906,1.753484845161438,-1.8234573602676392,-0.7562527060508728,0.6586185097694397,1.065155267715454,-0.31524983048439026,0.019367646425962448,0.0,0.8660253882408142,0.5,0.0
1109.0,-0.5795186758041382,-0.746979832649231,1.771230697631836,-1.8360693454742432,-0.7603043913841248,0.6523786187171936,1.052894949913025,-0.31524983048439026,0.01264126319438219,0.0,0.8660253882408142,0.5,0.0
1110.0,-0.5875154137611389,-0.7580286860466003,1.7950633764266968,-1.8428033590316772,-0.7658251523971558,0.6440079808235168,1.036650538444519,-0.31524983048439026,0.014105808921158314,0.0,0.8660253882408142,0.5,0.0
1111.0,-0.5935987234115601,-0.7713841199874878,1.8128565549850464,-1.8427069187164307,-0.7700480818748474,0.6377044916152954,1.0245674848556519,-0.31524983048439026,0.020253848284482956,0.0,0.8660253882408142,0.5,0.0
1112.0,-0.6012956500053406,-0.7764910459518433,1.8341219425201416,-1.8532109260559082,-0.7754194140434265,0.6298074722290039,1.0096067190170288,-0.31524983048439026,0.01689375564455986,0.0,0.8660253882408142,0.5,0.0
1113.0,-0.5934892892837524,-0.7558414936065674,1.811679720878601,-1.8571537733078003,-0.7699719667434692,0.6378174424171448,1.0247827768325806,-0.31524983048439026,0.005364579148590565,0.0,0.8660253882408142,0.5,0.0
1114.0,-0.5867517590522766,-0.7390006184577942,1.7915788888931274,-1.8589203357696533,-0.7652963995933533,0.6448031067848206,1.0381839275360107,-0.31524983048439026,-0.0035327107179909945,0.0,0.8660253882408142,0.5,0.0
1115.0,-0.5804538130760193,-0.730755090713501,1.7727975845336914,-1.8531482219696045,-0.7609481811523438,0.6513946652412415,1.050973653793335,-0.31524983048439026,-0.004419091157615185,0.0,0.8660253882408142,0.5,0.0
1116.0,-0.5875082612037659,-0.7249960899353027,1.792396903038025,-1.873175024986267,-0.7658202052116394,0.644015371799469,1.0366648435592651,-0.31524983048439026,-0.01785798743367195,0.0,0.8660253882408142,0.5,0.0
1117.0,-0.593161940574646,-0.7395217418670654,1.809482216835022,-1.8715184926986694,-0.7697442173957825,0.6381552815437317,1.0254273414611816,-0.31524983048439026,-0.009927707724273205,0.0,0.8660253882408142,0.5,0.0
1118.0,-0.5980983972549438,-0.7309595346450806,1.8219622373580933,-1.8889204263687134,-0.7731844186782837,0.6330772042274475,1.015777587890625,-0.31524983048439026,-0.023038063198328018,0.0,0.8660253882408142,0.5,0.0
1119.0,-0.6064393520355225,-0.7458289265632629,1.8453737497329712,-1.8913971185684204,-0.7790262699127197,0.6245781779289246,0.9998061060905457,-0.31524983048439026,-0.017098311334848404,0.0,0.8660253882408142,0.5,0.0
1120.0,-0.6103101968765259,-0.7641249895095825,1.856924295425415,-1.8818730115890503,-0.781749427318573,0.6206681728363037,0.9925323724746704,-0.31524983048439026,-0.0036806792486459017,0.0,0.8660253882408142,0.5,0.0
1121.0,-0.6183786988258362,-0.775173544883728,1.8780200481414795,-1.886201024055481,-0.7874500751495361,0.6125866174697876,0.9776430130004883,-0.31524983048439026,-0.0008209973457269371,0.0,0.8660253882408142,0.5,0.0
1122.0,-0.6188125014305115,-0.7920710444450378,1.880124807357788,-1.8711036443710327,-0.7877575159072876,0.6121547222137451,0.9768525958061218,-0.31524983048439026,0.014395487494766712,0.0,0.8660253882408142,0.5,0.0
1123.0,-0.6168745756149292,-0.8050950169563293,1.8757741451263428,-1.8550924062728882,-0.7863848805427551,0.6140862107276917,0.9803912043571472,-0.31524983048439026,0.02835632488131523,0.0,0.8660253882408142,0.5,0.0
1124.0,-0.62651127576828,-0.8113042116165161,1.89979887008667,-1.8661829233169556,-0.7932287454605103,0.6045334935188293,0.9629957675933838,-0.31524983048439026,0.025175999850034714,0.0,0.8660253882408142,0.5,0.0
1125.0,-0.6262410283088684,-0.8247607350349426,1.8994371891021729,-1.8525514602661133,-0.793036162853241,0.6047996282577515,0.963476836681366,-0.31524983048439026,0.037858735769987106,0.0,0.8660253882408142,0.5,0.0
1126.0,-0.6177654266357422,-0.8249274492263794,1.8783155679702759,-1.8371739387512207,-0.7870156764984131,0.6131976842880249,0.9787619709968567,-0.31524983048439026,0.04614798352122307,0.0,0.8660253882408142,0.5,0.0
1127.0,-0.6249014139175415,-0.8411014080047607,1.8961296081542969,-1.8338303565979004,-0.7920822501182556,0.6061203479766846,0.9658671617507935,-0.31524983048439026,0.05437658354640007,0.0,0.8660253882408142,0.5,0.0
1128.0,-0.632442831993103,-0.8458046913146973,1.9144781827926636,-1.8422904014587402,-0.7974636554718018,0.5987175703048706,0.9525328874588013,-0.31524983048439026,0.05164859816431999,0.0,0.8660253882408142,0.5,0.0
1129.0,-0.6404317617416382,-0.8586384057998657,1.9331988096237183,-1.8427743911743164,-0.8031939268112183,0.5909601449966431,0.9387243986129761,-0.31524983048439026,0.05627800151705742,0.0,0.8660253882408142,0.5,0.0
1130.0,-0.6430491805076599,-0.844110906124115,1.9393335580825806,-1.8616864681243896,-0.805077850818634,0.5884372591972351,0.9342691898345947,-0.31524983048439026,0.040801238268613815,0.0,0.8660253882408142,0.5,0.0
1131.0,-0.6356313228607178,-0.8256430625915527,1.9219090938568115,-1.86771559715271,-0.7997470498085022,0.5956111550331116,0.9469833374023438,-0.31524983048439026,0.03031979128718376,0.0,0.8660253882408142,0.5,0.0
1132.0,-0.651276171207428,-0.8406336903572083,1.957754373550415,-1.8781465291976929,-0.8110198378562927,0.5805665850639343,0.9204807877540588,-0.31524983048439026,0.03105677291750908,0.0,0.8660253882408142,0.5,0.0
1133.0,-0.6436225175857544,-0.8216767311096191,1.9401575326919556,-1.8845624923706055,-0.8054909110069275,0.587885856628418,0.9332978129386902,-0.31524983048439026,0.020165961235761642,0.0,0.8660253882408142,0.5,0.0
1134.0,-0.6349086165428162,-0.8071001768112183,1.9195736646652222,-1.8844130039215088,-0.799229085445404,0.5963140726089478,0.9482367038726807,-0.31524983048439026,0.014116448350250721,0.0,0.8660253882408142,0.5,0.0
1135.0,-0.6267082691192627,-0.794622004032135,1.8995484113693237,-1.8824787139892578,-0.7933691143989563,0.6043395400047302,0.9626452922821045,-0.31524983048439026,0.009706479497253895,0.0,0.8660253882408142,0.5,0.0
1136.0,-0.6301456093788147,-0.7839440703392029,1.9070297479629517,-1.898273229598999,-0.795821487903595,0.600964367389679,0.9565635323524475,-0.31524983048439026,-0.002876940416172147,0.0,0.8660253882408142,0.5,0.0
1137.0,-0.6375980973243713,-0.7898503541946411,1.9247335195541382,-1.9050029516220093,-0.8011580109596252,0.5937017798423767,0.9435856938362122,-0.31524983048439026,-0.0035216391552239656,0.0,0.8660253882408142,0.5,0.0
1138.0,-0.6421451568603516,-0.7752763628959656,1.933746099472046,-1.925536870956421,-0.8044267892837524,0.5893076062202454,0.9358042478561401,-0.31524983048439026,-0.019840780645608902,0.0,0.8660253882408142,0.5,0.0
1139.0,-0.6327972412109375,-0.7723659873008728,1.9122607707977295,-1.9132699966430664,-0.7977172136306763,0.5983716249465942,0.9519135355949402,-0.31524983048439026,-0.01539637427777052,0.0,0.8660253882408142,0.5,0.0
1140.0,-0.6238665580749512,-0.7596196532249451,1.8900271654129028,-1.9099277257919312,-0.7913459539413452,0.6071423292160034,0.9677202105522156,-0.31524983048439026,-0.019711468368768692,0.0,0.8660253882408142,0.5,0.0
1141.0,-0.6167488694190979,-0.7541453838348389,1.872190237045288,-1.902546763420105,-0.7862959504127502,0.6142116189002991,0.9806213974952698,-0.31524983048439026,-0.01869213953614235,0.0,0.8660253882408142,0.5,0.0
1142.0,-0.6166463494300842,-0.7388681173324585,1.8702642917633057,-1.9159703254699707,-0.7862234115600586,0.6143139600753784,0.9808092713356018,-0.31524983048439026,-0.032548148185014725,0.0,0.8660253882408142,0.5,0.0
1143.0,-0.6231424808502197,-0.7386707663536072,1.8859328031539917,-1.9272855520248413,-0.7908310890197754,0.6078581809997559,0.9690201282501221,-0.31524983048439026,-0.038019973784685135,0.0,0.8660253882408142,0.5,0.0
1144.0,-0.6078423857688904,-0.7288396954536438,1.8470686674118042,-1.909071445465088,-0.7800123691558838,0.6231585144996643,0.9971597194671631,-0.31524983048439026,-0.03412114456295967,0.0,0.8660253882408142,0.5,0.0
1145.0,-0.6123291254043579,-0.7204184532165527,1.8572231531143188,-1.9244381189346313,-0.7831727862358093,0.6186373233795166,0.9887725114822388,-0.31524983048439026,-0.04572482779622078,0.0,0.8660253882408142,0.5,0.0
1146.0,-0.6224380135536194,-0.7183484435081482,1.8814311027526855,-1.943596601486206,-0.7903304100036621,0.6085554361343384,0.9702876210212708,-0.31524983048439026,-0.0556907095015049,0.0,0.8660253882408142,0.5,0.0
1147.0,-0.6300547122955322,-0.7368559837341309,1.9019012451171875,-1.9402951002120972,-0.7957565784454346,0.6010532975196838,0.9567235112190247,-0.31524983048439026,-0.04493151977658272,0.0,0.8660253882408142,0.5,0.0
1148.0,-0.6312223076820374,-0.7537413835525513,1.9067022800445557,-1.927411437034607,-0.7965908646583557,0.5999103784561157,0.9546709656715393,-0.31524983048439026,-0.030799780040979385,0.0,0.8660253882408142,0.5,0.0
1149.0,-0.641127347946167,-0.7552655935287476,1.9293115139007568,-1.9417937994003296,-0.8036942481994629,0.5902888178825378,0.9375371932983398,-0.31524983048439026,-0.03667277470231056,0.0,0.8660253882408142,0.5,0.0
1150.0,-0.65168297290802,-0.7506586313247681,1.9516156911849976,-1.9617165327072144,-0.8113144636154175,0.580179750919342,0.9198073744773865,-0.31524983048439026,-0.04767439141869545,0.0,0.8660253882408142,0.5,0.0
1151.0,-0.643998384475708,-0.7429262399673462,1.9340277910232544,-1.9569331407546997,-0.8057618141174316,0.5875245928764343,0.9326618313789368,-0.31524983048439026,-0.04937842860817909,0.0,0.8660253882408142,0.5,0.0
1152.0,-0.6336237192153931,-0.7244715094566345,1.90827476978302,-1.9566158056259155,-0.798308789730072,0.5975654721260071,0.9504715800285339,-0.31524983048439026,-0.058430399745702744,0.0,0.8660253882408142,0.5,0.0
1153.0,-0.6310890913009644,-0.7007380127906799,1.8985605239868164,-1.972364068031311,-0.7964956760406494,0.60004061460495,0.9549047946929932,-0.31524983048439026,-0.07750659435987473,0.0,0.8660253882408142,0.5,0.0
1154.0,-0.6408781409263611,-0.7157624363899231,1.923022747039795,-1.975175142288208,-0.8035149574279785,0.5905292630195618,0.9379622936248779,-0.31524983048439026,-0.07088189572095871,0.0,0.8660253882408142,0.5,0.0
1155.0,-0.6476441025733948,-0.7145702838897705,1.9374351501464844,-1.9862796068191528,-0.8083927631378174,0.584030270576477,0.9265283942222595,-0.31524983048439026,-0.07611478120088577,0.0,0.8660253882408142,0.5,0.0
1156.0,-0.6496808528900146,-0.7324681282043457,1.9447288513183594,-1.9743335247039795,-0.8098651766777039,0.5820857882499695,0.9231294393539429,-0.31524983048439026,-0.06202657148241997,0.0,0.8660253882408142,0.5,0.0
1157.0,-0.6573596596717834,-0.7314082384109497,1.9606322050094604,-1.9862897396087646,-0.8154333829879761,0.5748035907745361,0.9104892611503601,-0.31524983048439026,-0.06749465316534042,0.0,0.8660253882408142,0.5,0.0
1158.0,-0.6597409844398499,-0.7516894936561584,1.9685784578323364,-1.9724184274673462,-0.8171655535697937,0.572560727596283,0.9066241383552551,-0.31524983048439026,-0.05170777067542076,0.0,0.8660253882408142,0.5,0.0
1159.0,-0.6682937145233154,-0.7481626272201538,1.985349178314209,-1.9872630834579468,-0.8234071731567383,0.5645653605461121,0.8929510712623596,-0.31524983048439026,-0.05951117351651192,0.0,0.8660253882408142,0.5,0.0
1160.0,-0.5987729430198669,-0.8097968697547913,2.1649017333984375,-0.7450854182243347,1.0608649253845215,-0.32878556847572327,0.7914122343063354,-0.20549744367599487,-0.05901838466525078,0.6123724579811096,0.6123723983764648,0.3535533845424652,0.3535533845424652
1161.0,-0.5777098536491394,-0.7820708155632019,2.169281482696533,-0.7837725877761841,1.0781689882278442,-0.31509098410606384,0.7914122343063354,-0.1888715624809265,-0.08097587525844574,0.6123724579811096,0.6123723983764648,0.3535533845424652,0.3535533845424652
1162.0,-0.5901370644569397,-0.7692064642906189,2.162519931793213,-0.7860327959060669,1.0679500102996826,-0.3231393098831177,0.7914122343063354,-0.1986371874809265,-0.08934329450130463,0.6123724579811096,0.6123723983764648,0.3535533845424652,0.3535533845424652
1163.0,-0.6062081456184387,-0.7807022929191589,2.1578292846679688,-0.7647042274475098,1.0547759532928467,-0.333682656288147,0.7914122343063354,-0.2114543616771698,-0.07961805909872055,0.6123724579811096,0.6123723983764648,0.3535533845424652,0.3535533845424652
1164.0,-0.6650434136390686,-0.7248112559318542,1.9751166105270386,-2.0024423599243164,-0.821031391620636,0.5675929188728333,0.8981093168258667,-0.31524983048439026,-0.07726996392011642,0.0,0.8660253882408142,0.5,0.0
1165.0,-0.6585626602172852,-0.710456132888794,1.9594497680664062,-2.005282402038574,-0.8163081407546997,0.5736696124076843,0.9085334539413452,-0.31524983048439026,-0.08583752810955048,0.0,0.8660253882408142,0.5,0.0
1166.0,-0.6653980612754822,-0.7019674181938171,1.9715521335601807,-2.021496295928955,-0.8212903738021851,0.5672619342803955,0.897544264793396,-0.31524983048439026,-0.0964808464050293,0.0,0.8660253882408142,0.5,0.0
1167.0,-0.6495463848114014,-0.6939908862113953,1.9375872611999512,-2.0057575702667236,-0.8097679615020752,0.5822139978408813,0.9233531951904297,-0.31524983048439026,-0.09477455914020538,0.0,0.8660253882408142,0.5,0.0
1168.0,-0.6409884095191956,-0.6978548169136047,1.92003333568573,-1.99001944065094,-0.8035943508148193,0.5904228091239929,0.937774121761322,-0.31524983048439026,-0.08641784638166428,0.0,0.8660253882408142,0.5,0.0
1169.0,-0.6361232995986938,-0.6811760663986206,1.9060285091400146,-1.9959688186645508,-0.800099790096283,0.5951330661773682,0.946131706237793,-0.31524983048439026,-0.09781058132648468,0.0,0.8660253882408142,0.5,0.0
1170.0,-0.6275168061256409,-0.6799590587615967,1.886417269706726,-1.9834526777267456,-0.7939454317092896,0.6035441756248474,0.9612092971801758,-0.31524983048439026,-0.09331057220697403,0.0,0.8660253882408142,0.5,0.0
1171.0,-0.6293387413024902,-0.6632079482078552,1.8869644403457642,-1.9994975328445435,-0.795245349407196,0.6017550826072693,0.9579855799674988,-0.31524983048439026,-0.10914366692304611,0.0,0.8660253882408142,0.5,0.0
1172.0,-0.6452298760414124,-0.6778931617736816,1.925085425376892,-2.0122053623199463,-0.8066498637199402,0.5863422751426697,0.9305828809738159,-0.31524983048439026,-0.1060357317328453,0.0,0.8660253882408142,0.5,0.0
1173.0,-0.652454137802124,-0.6672692894935608,1.9378362894058228,-2.0308220386505127,-0.8118731379508972,0.5794468522071838,0.9185327291488647,-0.31524983048439026,-0.1189497709274292,0.0,0.8660253882408142,0.5,0.0
1174.0,-0.6584142446517944,-0.6859769225120544,1.9542291164398193,-2.024636745452881,-0.8162001967430115,0.5738094449043274,0.9087743759155273,-0.31524983048439026,-0.106299988925457,0.0,0.8660253882408142,0.5,0.0
1175.0,-0.6156890392303467,-0.7335057258605957,2.145538330078125,-0.7964831590652466,1.0470266342163086,-0.3399764895439148,0.7914122343063354,-0.21912027895450592,-0.1133570522069931,0.6123724579811096,0.6123723983764648,0.3535533845424652,0.3535533845424652
1176.0,-0.592743992805481,-0.7502017617225647,2.1582024097442627,-0.799899160861969,1.0658098459243774,-0.3248390853404999,0.7914122343063354,-0.20070159435272217,-0.10295823216438293,0.6123724579811096,0.6123723983764648,0.3535533845424652,0.3535533845424652
1177.0,-0.5748611092567444,-0.7508087754249573,2.1650898456573486,-0.811707615852356,1.0805152654647827,-0.31325849890708923,0.7914122343063354,-0.18665006756782532,-0.10380423814058304,0.6123724579811096,0.6123723983764648,0.3535533845424652,0.3535533845424652
1178.0,-0.5472872257232666,-0.7379383444786072,2.172072410583496,-0.8396276235580444,1.1032963991165161,-0.29575347900390625,0.7914122343063354,-0.1654602587223053,-0.1148013025522232,0.6123724579811096,0.6123723983764648,0.3535533845424652,0.3535533845424652
1179.0,-0.5269402861595154,-0.7377288937568665,2.1782326698303223,-0.8516070246696472,1.1201844215393066,-0.28309398889541626,0.7914122343063354,-0.1501636505126953,-0.11605106294155121,0.6123724579811096,0.6123723983764648,0.3535533845424652,0.3535533845424652
1180.0,-0.5248535871505737,-0.7618398070335388,2.2058472633361816,-0.8556697964668274,1.1219199895858765,-0.2818075120449066,0.7773402333259583,-0.14046210050582886,-0.10121794044971466,0.6123724579811096,0.6123723983764648,0.3535533845424652,0.3535533845424652
1181.0,-0.47907814383506775,-0.7418772578239441,2.191297769546509,-0.8726277947425842,1.1601475477218628,-0.2541056275367737,0.7914122343063354,-0.1151801347732544,-0.11528661847114563,0.6123724579811096,0.6123723983764648,0.3535533845424652,0.3535533845424652
1182.0,-0.458608478307724,-0.7491777539253235,2.196993112564087,-0.875752329826355,1.1773321628570557,-0.24201971292495728,0.7914122343063354,-0.10059640556573868,-0.11092978715896606,0.6123724579811096,0.6123723983764648,0.3535533845424652,0.3535533845424652
1183.0,-0.4682367444038391,-0.767236590385437,2.19827938079834,-0.856787383556366,1.1692426204681396,-0.24768254160881042,0.7914122343063354,-0.10743022710084915,-0.09783703833818436,0.6123724579811096,0.6123723983764648,0.3535533845424652,0.3535533845424652
1184.0,-0.44648370146751404,-0.7723833918571472,2.203402519226074,-0.8616361021995544,1.187535285949707,-0.23494243621826172,0.7914122343063354,-0.09205298125743866,-0.09506908804178238,0.6123724579811096,0.6123723983764648,0.3535533845424652,0.3535533845424652
1185.0,-0.4454129934310913,-0.7903971672058105,2.206439256668091,-0.8468912839889526,1.1884372234344482,-0.234320268034935,0.7914122343063354,-0.09130175411701202,-0.08246397227048874,0.6123724579811096,0.6123723983764648,0.3535533845424652,0.3535533845424652
1186.0,-0.46523329615592957,-0.7883047461509705,2.2022902965545654,-0.8404201865196228,1.171764850616455,-0.24591194093227386,0.7914122343063354,-0.1052936539053917,-0.08312147110700607,0.6123724579811096,0.6123723983764648,0.3535533845424652,0.3535533845424652
1187.0,-0.4900086522102356,-0.7815145254135132,2.195734739303589,-0.8347944021224976,1.1509933471679688,-0.2606332004070282,0.7914122343063354,-0.12305551767349243,-0.0867801383137703,0.6123724579811096,0.6123723983764648,0.3535533845424652,0.3535533845424652
1188.0,-0.5486034154891968,-0.7644120454788208,2.1765143871307373,-0.817223072052002,1.1022061109542847,-0.2965797483921051,0.7914122343063354,-0.1664593517780304,-0.09572717547416687,0.6123724579811096,0.6123723983764648,0.3535533845424652,0.3535533845424652
1189.0,-0.5273143649101257,-0.7758692502975464,2.1849544048309326,-0.8200876712799072,1.1198734045028687,-0.28332486748695374,0.7914122343063354,-0.150442436337471,-0.08881010115146637,0.6123724579811096,0.6123723983764648,0.3535533845424652,0.3535533845424652
1190.0,-0.5136106014251709,-0.7915833592414856,2.191226005554199,-0.814268171787262,1.131281852722168,-0.27491268515586853,0.7914122343063354,-0.14028635621070862,-0.07839589565992355,0.6123724579811096,0.6123723983764648,0.3535533845424652,0.3535533845424652
1191.0,-0.494149774312973,-0.8143657445907593,2.1993486881256104,-0.8045393824577332,1.1475292444229126,-0.2631200850009918,0.7914122343063354,-0.1260559856891632,-0.0632917732000351,0.6123724579811096,0.6123723983764648,0.3535533845424652,0.3535533845424652
1192.0,-0.5114212036132812,-0.823702871799469,2.196007013320923,-0.7874968647956848,1.13310706615448,-0.27357709407806396,0.7914122343063354,-0.13867439329624176,-0.055648330599069595,0.6123724579811096,0.6123723983764648,0.3535533845424652,0.3535533845424652
1193.0,-0.4753912389278412,-0.826953113079071,2.20522141456604,-0.8023468852043152,1.1632388830184937,-0.25191566348075867,0.7914122343063354,-0.11253789067268372,-0.05536836013197899,0.6123724579811096,0.6123723983764648,0.3535533845424652,0.3535533845424652
1194.0,-0.4625314772129059,-0.8131521940231323,2.2062928676605225,-0.8201911449432373,1.1740347146987915,-0.24432238936424255,0.7914122343063354,-0.1033753976225853,-0.06573552638292313,0.6123724579811096,0.6123723983764648,0.3535533845424652,0.3535533845424652
1195.0,-0.44199860095977783,-0.8105521202087402,2.2098641395568848,-0.8308979868888855,1.1913139820098877,-0.23233921825885773,0.7914122343063354,-0.0889095738530159,-0.0684492290019989,0.6123724579811096,0.6123723983764648,0.3535533845424652,0.3535533845424652
1196.0,-0.42464885115623474,-0.8277884125709534,2.2148566246032715,-0.8222893476486206,1.2059526443481445,-0.22234223783016205,0.7914122343063354,-0.07683169096708298,-0.05703865364193916,0.6123724579811096,0.6123723983764648,0.3535533845424652,0.3535533845424652
1197.0,-0.44395968317985535,-0.841308057308197,2.213056802749634,-0.8029122948646545,1.1896615028381348,-0.23347650468349457,0.7914122343063354,-0.09028290957212448,-0.046742428094148636,0.6123724579811096,0.6123723983764648,0.3535533845424652,0.3535533845424652
1198.0,-0.4242320656776428,-0.852565586566925,2.217449426651001,-0.8001899719238281,1.2063047885894775,-0.22210349142551422,0.7914122343063354,-0.07654309272766113,-0.03966398909687996,0.6123724579811096,0.6123723983764648,0.3535533845424652,0.3535533845424652
1199.0,-0.4498463571071625,-0.8604822754859924,2.2137138843536377,-0.7831141352653503,1.1847038269042969,-0.23689930140972137,0.7914122343063354,-0.09441561996936798,-0.032944921404123306,0.6123724579811096,0.6123723983764648,0.3535533845424652,0.3535533845424652
1200.0,-0.4512491822242737,-0.8792420625686646,2.214803457260132,-0.7651355266571045,1.1835230588912964,-0.23771700263023376,0.7914122343063354,-0.09540276974439621,-0.0195990689098835,0.6123724579811096,0.6123723983764648,0.3535533845424652,0.3535533845424652
1201.0,-0.4713948369026184,-0.8617212772369385,2.209444284439087,-0.772736132144928,1.1665916442871094,-0.24954843521118164,0.7914122343063354,-0.10968165099620819,-0.030951503664255142,0.6123724579811096,0.6123723983764648,0.3535533845424652,0.3535533845424652
1202.0,-0.4632578492164612,-0.844987690448761,2.2096946239471436,-0.7915924191474915,1.1734243631362915,-0.24474945664405823,0.7914122343063354,-0.1038907840847969,-0.043232131749391556,0.6123724579811096,0.6123723983764648,0.3535533845424652,0.3535533845424652
1203.0,-0.48850974440574646,-0.8422262072563171,2.2038140296936035,-0.782527506351471,1.152247667312622,-0.2597349286079407,0.7914122343063354,-0.12197179347276688,-0.043829966336488724,0.6123724579811096,0.6123723983764648,0.3535533845424652,0.3535533845424652
1204.0,-0.5114488005638123,-0.8304800987243652,2.219320058822632,-0.8040254712104797,1.1330840587615967,-0.273593932390213,0.7773402333259583,-0.1307966262102127,-0.053970906883478165,0.6123724579811096,0.6123723983764648,0.3535533845424652,0.3535533845424652
1205.0,-0.5367778539657593,-0.8217224478721619,2.211343765258789,-0.7980479598045349,1.112011194229126,-0.28918835520744324,0.7773402333259583,-0.14915159344673157,-0.05859268084168434,0.6123724579811096,0.6123723983764648,0.3535533845424652,0.3535533845424652
1206.0,-0.5304572582244873,-0.8472588658332825,2.215906858444214,-0.778801679611206,1.1172608137130737,-0.2852672040462494,0.7773402333259583,-0.1445346176624298,-0.041052479296922684,0.6123724579811096,0.6123723983764648,0.3535533845424652,0.3535533845424652
1207.0,-0.5113347172737122,-0.8551426529884338,2.199152946472168,-0.7592252492904663,1.1331791877746582,-0.2735244035720825,0.7914122343063354,-0.13861078023910522,-0.03319940343499184,0.6123724579811096,0.6123723983764648,0.3535533845424652,0.3535533845424652
1208.0,-0.49277690052986145,-0.865199625492096,2.204761266708374,-0.7594566345214844,1.1486774682998657,-0.2622947692871094,0.7914122343063354,-0.12506021559238434,-0.02721867337822914,0.6123724579811096,0.6123723983764648,0.3535533845424652,0.3535533845424652
1209.0,-0.514840304851532,-0.8759808540344238,2.199716567993164,-0.7380411624908447,1.1302570104599,-0.275663822889328,0.7914122343063354,-0.14119300246238708,-0.018008429557085037,0.6123724579811096,0.6123723983764648,0.3535533845424652,0.3535533845424652
1210.0,-0.5379412174224854,-0.8690142035484314,2.2155606746673584,-0.754652202129364,1.1110457181930542,-0.28991228342056274,0.7773402333259583,-0.15000413358211517,-0.025201667100191116,0.6123724579811096,0.6123723983764648,0.3535533845424652,0.3535533845424652
1211.0,-0.5567594766616821,-0.8487132787704468,2.184706926345825,-0.7387772798538208,1.095456600189209,-0.30172035098075867,0.7914122343063354,-0.17267732322216034,-0.03440934792160988,0.6123724579811096,0.6123723983764648,0.3535533845424652,0.3535533845424652
1212.0,-0.5478591322898865,-0.8326374888420105,2.1861355304718018,-0.7588295936584473,1.1028226613998413,-0.29611238837242126,0.7914122343063354,-0.16589421033859253,-0.04673819616436958,0.6123724579811096,0.6123723983764648,0.3535533845424652,0.3535533845424652
1213.0,-0.5289911031723022,-0.827480673789978,2.191450834274292,-0.7745208740234375,1.1184793710708618,-0.28436046838760376,0.7914122343063354,-0.1516931653022766,-0.051808085292577744,0.6123724579811096,0.6123723983764648,0.3535533845424652,0.3535533845424652
1214.0,-0.5555150508880615,-0.7966609597206116,2.1792354583740234,-0.7857177257537842,1.0964856147766113,-0.30093374848365784,0.7914122343063354,-0.1717255860567093,-0.0720859095454216,0.6123724579811096,0.6123723983764648,0.3535533845424652,0.3535533845424652
1215.0,-0.5757429003715515,-0.8039236068725586,2.1730968952178955,-0.7663329839706421,1.0797889232635498,-0.31382524967193604,0.7914122343063354,-0.18733705580234528,-0.06529601663351059,0.6123724579811096,0.6123723983764648,0.3535533845424652,0.3535533845424652
1216.0,-0.5645472407341003,-0.8182963728904724,2.1789050102233887,-0.761116623878479,1.0890216827392578,-0.3066622018814087,0.7914122343063354,-0.17865899205207825,-0.05578930303454399,0.6123724579811096,0.6123723983764648,0.3535533845424652,0.3535533845424652
1217.0,-0.5744145512580872,-0.8399068117141724,2.1776421070098877,-0.7352967858314514,1.080883264541626,-0.31297174096107483,0.7914122343063354,-0.18630243837833405,-0.039276350289583206,0.6123724579811096,0.6123723983764648,0.3535533845424652,0.3535533845424652
1218.0,-0.5924463868141174,-0.8498273491859436,2.1715891361236572,-0.7137540578842163,1.066054105758667,-0.3246448338031769,0.7914122343063354,-0.2004656195640564,-0.030316222459077835,0.6123724579811096,0.6123723983764648,0.3535533845424652,0.3535533845424652
1219.0,-0.5961093902587891,-0.8319689631462097,2.168468952178955,-0.7273313999176025,1.0630488395690918,-0.32703930139541626,0.7914122343063354,-0.20337489247322083,-0.04304513707756996,0.6123724579811096,0.6123723983764648,0.3535533845424652,0.3535533845424652
1220.0,-0.6154272556304932,-0.8247503638267517,2.1595609188079834,-0.7193483114242554,1.0472403764724731,-0.33980199694633484,0.7914122343063354,-0.21890754997730255,-0.04638897255063057,0.6123724579811096,0.6123723983764648,0.3535533845424652,0.3535533845424652
1221.0,-0.6628922820091248,-0.7780664563179016,1.9783142805099487,-1.9537566900253296,-0.8194615244865417,0.5696040391921997,0.9015486836433411,-0.31524983048439026,-0.031227800995111465,0.0,0.8660253882408142,0.5,0.0
1222.0,-0.6528048515319824,-0.7725782990455627,1.9566634893417358,-1.9441111087799072,-0.8121272921562195,0.5791139602661133,0.9179540276527405,-0.31524983048439026,-0.02954014018177986,0.0,0.8660253882408142,0.5,0.0
1223.0,-0.652492344379425,-0.7886974215507507,1.9575815200805664,-1.9291142225265503,-0.8119008541107178,0.5794106721878052,0.9184696674346924,-0.31524983048439026,-0.015390711836516857,0.0,0.8660253882408142,0.5,0.0
1224.0,-0.6617239713668823,-0.7923834919929504,1.9773436784744263,-1.9392164945602417,-0.8186098337173462,0.5706987380981445,0.9034251570701599,-0.31524983048439026,-0.01830485835671425,0.0,0.8660253882408142,0.5,0.0
1225.0,-0.6708265542984009,-0.7938883900642395,1.9959747791290283,-1.9505671262741089,-0.8252615928649902,0.5622153282165527,0.8889632225036621,-0.31524983048439026,-0.02262011542916298,0.0,0.8660253882408142,0.5,0.0
1226.0,-0.6009756326675415,-0.8804308176040649,2.170145034790039,-0.6789871454238892,1.0590600967407227,-0.3302328288555145,0.7914122343063354,-0.2072572410106659,-0.006842854432761669,0.6123724579811096,0.6123723983764648,0.3535533845424652,0.3535533845424652
1227.0,-0.6640152931213379,-0.8102000951766968,1.9835139513015747,-1.9261058568954468,-0.8202807903289795,0.5685534477233887,0.8997506499290466,-0.31524983048439026,-0.004539388231933117,0.0,0.8660253882408142,0.5,0.0
1228.0,-0.6558021903038025,-0.808459460735321,1.9661768674850464,-1.9157919883728027,-0.8143018484115601,0.5762743949890137,0.9130309820175171,-0.31524983048439026,-0.0005167007329873741,0.0,0.8660253882408142,0.5,0.0
1229.0,-0.6516501903533936,-0.8191699981689453,1.957844853401184,-1.8994556665420532,-0.8112906813621521,0.5802109241485596,0.9198616147041321,-0.31524983048439026,0.01181135792285204,0.0,0.8660253882408142,0.5,0.0
1230.0,-0.6621032953262329,-0.8257717490196228,1.9804774522781372,-1.9087191820144653,-0.8188862800598145,0.5703431367874146,0.9028152227401733,-0.31524983048439026,0.010135662741959095,0.0,0.8660253882408142,0.5,0.0
1231.0,-0.6150256991386414,-0.9005939364433289,2.1648504734039307,-0.6489279866218567,1.0475682020187378,-0.33953434228897095,0.7914122343063354,-0.21858133375644684,0.009883594699203968,0.6123724579811096,0.6123723983764648,0.3535533845424652,0.3535533845424652
1232.0,-0.6035996675491333,-0.9182688593864441,2.17018985748291,-0.6403460502624512,1.0569109916687012,-0.3319608271121979,0.7914122343063354,-0.20935910940170288,0.021662291139364243,0.6123724579811096,0.6123723983764648,0.3535533845424652,0.3535533845424652
1233.0,-0.5889033079147339,-0.9089062213897705,2.1761300563812256,-0.6603296995162964,1.0689634084701538,-0.3223362863063812,0.7914122343063354,-0.1976621150970459,0.012890470214188099,0.6123724579811096,0.6123723983764648,0.3535533845424652,0.3535533845424652
1234.0,-0.5688900947570801,-0.9151198267936707,2.1839325428009033,-0.6680325865745544,1.0854377746582031,-0.3094325363636017,0.7914122343063354,-0.18201403319835663,0.015270975418388844,0.6123724579811096,0.6123723983764648,0.3535533845424652,0.3535533845424652
1235.0,-0.5935631990432739,-0.9421408176422119,2.1743667125701904,-0.6238652467727661,1.0651376247406006,-0.3253740668296814,0.7914122343063354,-0.20135146379470825,0.03830048069357872,0.6123724579811096,0.6123723983764648,0.3535533845424652,0.3535533845424652
1236.0,-0.5757001042366028,-0.9429123997688293,2.1814589500427246,-0.6357189416885376,1.0798242092132568,-0.3137977719306946,0.7914122343063354,-0.18730369210243225,0.03667360171675682,0.6123724579811096,0.6123723983764648,0.3535533845424652,0.3535533845424652
1237.0,-0.5546936988830566,-0.9334297776222229,2.1891520023345947,-0.6591021418571472,1.0971651077270508,-0.3004150092601776,0.7914122343063354,-0.1710980087518692,0.02730199322104454,0.6123724579811096,0.6123723983764648,0.3535533845424652,0.3535533845424652
1238.0,-0.5161181092262268,-0.9279331564903259,2.2243940830230713,-0.7104328870773315,1.1291923522949219,-0.2764451205730438,0.7773402333259583,-0.1341513991355896,0.014909354038536549,0.6123724579811096,0.6123723983764648,0.3535533845424652,0.3535533845424652
1239.0,-0.5430412888526917,-0.911819338798523,2.1927897930145264,-0.6876580715179443,1.106815218925476,-0.2930942177772522,0.7914122343063354,-0.16224540770053864,0.0102804871276021,0.6123724579811096,0.6123723983764648,0.3535533845424652,0.3535533845424652
1240.0,-0.5619618892669678,-0.8941933512687683,2.1858136653900146,-0.6928885579109192,1.0911568403244019,-0.30501800775527954,0.7914122343063354,-0.17666833102703094,-0.000821682799141854,0.6123724579811096,0.6123723983764648,0.3535533845424652,0.3535533845424652
1241.0,-0.5823562145233154,-0.8862197399139404,2.177924871444702,-0.686843752861023,1.0743451118469238,-0.31808969378471375,0.7914122343063354,-0.19250839948654175,-0.004610884003341198,0.6123724579811096,0.6123723983764648,0.3535533845424652,0.3535533845424652
1242.0,-0.5625027418136597,-0.8717660307884216,2.1844563484191895,-0.713799774646759,1.0907100439071655,-0.30536162853240967,0.7914122343063354,-0.17708435654640198,-0.017155427485704422,0.6123724579811096,0.6123723983764648,0.3535533845424652,0.3535533845424652
1243.0,-0.5419905185699463,-0.8888265490531921,2.1923012733459473,-0.7104560732841492,1.1076865196228027,-0.29243752360343933,0.7914122343063354,-0.16145171225070953,-0.006569894962012768,0.6123724579811096,0.6123723983764648,0.3535533845424652,0.3535533845424652
1244.0,-0.5285686254501343,-0.8877996802330017,2.219498872756958,-0.7423639297485352,1.1188305616378784,-0.28409940004348755,0.7773402333259583,-0.14315985143184662,-0.012607398442924023,0.6123724579811096,0.6123723983764648,0.3535533845424652,0.3535533845424652
1245.0,-0.4763145446777344,-0.8872308731079102,2.2100586891174316,-0.7466889023780823,1.1624646186828613,-0.25246351957321167,0.7914122343063354,-0.1131989136338234,-0.012514966540038586,0.6123724579811096,0.6123723983764648,0.3535533845424652,0.3535533845424652
1246.0,-0.5307577252388,-0.9115824699401855,2.21990966796875,-0.7183995246887207,1.1170111894607544,-0.2854531407356262,0.7773402333259583,-0.14475353062152863,0.004419622011482716,0.6123724579811096,0.6123723983764648,0.3535533845424652,0.3535533845424652
1247.0,-0.5097588896751404,-0.9033061265945435,2.2024638652801514,-0.7147788405418396,1.134493350982666,-0.272564560174942,0.7914122343063354,-0.1374523788690567,0.0013002573978155851,0.6123724579811096,0.6123723983764648,0.3535533845424652,0.3535533845424652
1248.0,-0.47692424058914185,-0.9063846468925476,2.2107694149017334,-0.7281020879745483,1.161953330039978,-0.252825528383255,0.7914122343063354,-0.11363568156957626,0.0012201785575598478,0.6123724579811096,0.6123723983764648,0.3535533845424652,0.3535533845424652
1249.0,-0.4573762118816376,-0.8972825407981873,2.214578151702881,-0.7455089688301086,1.178368330001831,-0.24129772186279297,0.7914122343063354,-0.09972500801086426,-0.006452861241996288,0.6123724579811096,0.6123723983764648,0.3535533845424652,0.3535533845424652
1250.0,-0.4364028573036194,-0.8934231400489807,2.2183051109313965,-0.7576596736907959,1.1960316896438599,-0.22910244762897491,0.7914122343063354,-0.085000179708004,-0.010291087441146374,0.6123724579811096,0.6123723983764648,0.3535533845424652,0.3535533845424652
1251.0,-0.4420022964477539,-0.9160369038581848,2.21817946434021,-0.7337275743484497,1.1913108825683594,-0.23234140872955322,0.7914122343063354,-0.08891218155622482,0.006071818061172962,0.6123724579811096,0.6123723983764648,0.3535533845424652,0.3535533845424652
1252.0,-0.4232848584651947,-0.9269019961357117,2.221585988998413,-0.7301834225654602,1.207105040550232,-0.22156110405921936,0.7914122343063354,-0.07588746398687363,0.01286232192069292,0.6123724579811096,0.6123723983764648,0.3535533845424652,0.3535533845424652
1253.0,-0.4526592195034027,-0.9338113069534302,2.2164831161499023,-0.7119348049163818,1.182336449623108,-0.23853972554206848,0.7914122343063354,-0.09639592468738556,0.019392114132642746,0.6123724579811096,0.6123723983764648,0.3535533845424652,0.3535533845424652
1254.0,-0.47390052676200867,-0.9270094037055969,2.211951494216919,-0.7093702554702759,1.1644892692565918,-0.25103187561035156,0.7914122343063354,-0.11147153377532959,0.01583818718791008,0.6123724579811096,0.6123723983764648,0.3535533845424652,0.3535533845424652
1255.0,-0.4958574175834656,-0.925881028175354,2.2066848278045654,-0.6999374032020569,1.146101474761963,-0.26414787769317627,0.7914122343063354,-0.12729603052139282,0.01657119020819664,0.6123724579811096,0.6123723983764648,0.3535533845424652,0.3535533845424652
1256.0,-0.4837053418159485,-0.9432460069656372,2.2097671031951904,-0.6886229515075684,1.1562703847885132,-0.2568625211715698,0.7914122343063354,-0.1185062900185585,0.028253253549337387,0.6123724579811096,0.6123723983764648,0.3535533845424652,0.3535533845424652
1257.0,-0.47074732184410095,-0.9566742181777954,2.2126126289367676,-0.68110191822052,1.1671351194381714,-0.24916552007198334,0.7914122343063354,-0.10921962559223175,0.03707016631960869,0.6123724579811096,0.6123723983764648,0.3535533845424652,0.3535533845424652
1258.0,-0.45170363783836365,-0.9543749690055847,2.216620683670044,-0.6917197108268738,1.1831406354904175,-0.23798209428787231,0.7914122343063354,-0.09572276473045349,0.034144576638936996,0.6123724579811096,0.6123723983764648,0.3535533845424652,0.3535533845424652
1259.0,-0.42181459069252014,-0.9721643328666687,2.221524953842163,-0.6851587891578674,1.2083473205566406,-0.22071987390518188,0.7914122343063354,-0.0748705193400383,0.04526543244719505,0.6123724579811096,0.6123723983764648,0.3535533845424652,0.3535533845424652
1260.0,-0.40773266553878784,-0.9568689465522766,2.2239530086517334,-0.705680251121521,1.22025728225708,-0.21270228922367096,0.7914122343063354,-0.06517332047224045,0.03354346379637718,0.6123724579811096,0.6123723983764648,0.3535533845424652,0.3535533845424652
1261.0,-0.37681329250335693,-0.9650532007217407,2.2275638580322266,-0.7068561911582947,1.2464786767959595,-0.195338174700737,0.7914122343063354,-0.044134240597486496,0.03810253366827965,0.6123724579811096,0.6123723983764648,0.3535533845424652,0.3535533845424652
1262.0,-0.3828337490558624,-0.9853434562683105,2.226285457611084,-0.684209942817688,1.2413657903671265,-0.1986944079399109,0.7914122343063354,-0.04820537194609642,0.0529351644217968,0.6123724579811096,0.6123723983764648,0.3535533845424652,0.3535533845424652
1263.0,-0.4046209752559662,-0.9810077548027039,2.2237603664398193,-0.6819519400596619,1.222891926765442,-0.2109401375055313,0.7914122343063354,-0.06304070353507996,0.050780605524778366,0.6123724579811096,0.6123723983764648,0.3535533845424652,0.3535533845424652
1264.0,-0.3895520865917206,-1.0028449296951294,2.2246079444885254,-0.6638047099113464,1.2356641292572021,-0.2024535983800888,0.7914122343063354,-0.05276252701878548,0.0659177154302597,0.6123724579811096,0.6123723983764648,0.3535533845424652,0.3535533845424652
1265.0,-0.40068718791007996,-1.0169814825057983,2.222217082977295,-0.6451894044876099,1.2262239456176758,-0.2087171971797943,0.7914122343063354,-0.0603497289121151,0.07678811252117157,0.6123724579811096,0.6123723983764648,0.3535534143447876,0.3535534143447876
1266.0,-0.425213485956192,-0.9969663023948669,2.2199037075042725,-0.6580430269241333,1.2054758071899414,-0.22266581654548645,0.7914122343063354,-0.07722277194261551,0.06347543001174927,0.6123724579811096,0.6123723983764648,0.3535533845424652,0.3535533845424652
1267.0,-0.4473033547401428,-1.0072097778320312,2.2153096199035645,-0.6385383605957031,1.186845064163208,-0.23541902005672455,0.7914122343063354,-0.09262841194868088,0.07239113748073578,0.6123724579811096,0.6123723983764648,0.3535533845424652,0.3535533845424652
1268.0,-0.414372980594635,-1.0302845239639282,2.219125986099243,-0.6261325478553772,1.2146384716033936,-0.21647407114505768,0.7914122343063354,-0.06973645836114883,0.08734174072742462,0.6123724579811096,0.6123723983764648,0.3535534143447876,0.3535534143447876
1269.0,-0.4359346330165863,-1.0284868478775024,2.2157108783721924,-0.6201006174087524,1.1964266300201416,-0.22883214056491852,0.7914122343063354,-0.084673672914505,0.08735977113246918,0.6123724579811096,0.6123723983764648,0.3535533845424652,0.3535533845424652
1270.0,-0.4652886390686035,-1.020292043685913,2.210580348968506,-0.6167104840278625,1.1717182397842407,-0.24594451487064362,0.7914122343063354,-0.10533297806978226,0.08341188728809357,0.6123724579811096,0.6123723983764648,0.3535534143447876,0.3535534143447876
1271.0,-0.48491907119750977,-1.002671480178833,2.2073705196380615,-0.6265086531639099,1.1552538871765137,-0.2575872242450714,0.7914122343063354,-0.11938060075044632,0.071923166513443,0.6123724579811096,0.6123723983764648,0.3535533845424652,0.3535533845424652
1272.0,-0.4630165100097656,-0.9968664646148682,2.2127723693847656,-0.6428461670875549,1.1736271381378174,-0.24460755288600922,0.7914122343063354,-0.10371952503919601,0.06589309871196747,0.6123724579811096,0.6123723983764648,0.3535533845424652,0.3535533845424652
1273.0,-0.45761245489120483,-0.9783853888511658,2.214813470840454,-0.664588451385498,1.1781697273254395,-0.24143612384796143,0.7914122343063354,-0.0998920202255249,0.05196307227015495,0.6123724579811096,0.6123723983764648,0.3535533845424652,0.3535533845424652
1274.0,-0.4791366457939148,-0.9760264754295349,2.2101681232452393,-0.6573350429534912,1.1600985527038574,-0.2541404664516449,0.7914122343063354,-0.11522214114665985,0.051804136484861374,0.6123724579811096,0.6123723983764648,0.3535533845424652,0.3535533845424652
1275.0,-0.5230862498283386,-0.9667498469352722,2.2223281860351562,-0.6677121520042419,1.1233904361724854,-0.2807196080684662,0.7773402333259583,-0.13918164372444153,0.04326019808650017,0.6123724579811096,0.6123723983764648,0.3535533845424652,0.3535533845424652
1276.0,-0.5127890110015869,-0.9650617837905884,2.2018344402313232,-0.6516112685203552,1.1319668292999268,-0.2744112014770508,0.7914122343063354,-0.13968110084533691,0.04656496271491051,0.6123724579811096,0.6123723983764648,0.3535533845424652,0.3535533845424652
1277.0,-0.5129017233848572,-0.9477899074554443,2.22538423538208,-0.6924036741256714,1.1318727731704712,-0.2744799852371216,0.7773402333259583,-0.13183912634849548,0.028809186071157455,0.6123724579811096,0.6123723983764648,0.3535533845424652,0.3535533845424652
1278.0,-0.512923002243042,-0.9448999166488647,2.2021706104278564,-0.6720746159553528,1.1318550109863281,-0.274493008852005,0.7914122343063354,-0.13977982103824615,0.031777288764715195,0.6123724579811096,0.6123723983764648,0.3535533845424652,0.3535533845424652
1279.0,-0.5383546948432922,-0.9508981108665466,2.1944475173950195,-0.6515408158302307,1.110702633857727,-0.2901698052883148,0.7914122343063354,-0.15871112048625946,0.03854509815573692,0.6123724579811096,0.6123723983764648,0.3535533845424652,0.3535533845424652
1280.0,-0.5592498779296875,-0.9508532285690308,2.1873912811279297,-0.6385984420776367,1.0933977365493774,-0.30329713225364685,0.7914122343063354,-0.17458540201187134,0.040711428970098495,0.6123724579811096,0.6123723983764648,0.3535533845424652,0.3535533845424652
1281.0,-0.5828310251235962,-0.959438681602478,2.1783149242401123,-0.6138684153556824,1.0739545822143555,-0.3183968663215637,0.7914122343063354,-0.1928810179233551,0.04995177313685417,0.6123724579811096,0.6123723983764648,0.3535533845424652,0.3535533845424652
1282.0,-0.5592477321624756,-0.9693170785903931,2.1868505477905273,-0.6195945739746094,1.0933995246887207,-0.30329573154449463,0.7914122343063354,-0.17458373308181763,0.05450550839304924,0.6123724579811096,0.6123723983764648,0.3535533845424652,0.3535533845424652
1283.0,-0.5135688781738281,-0.9840460419654846,2.2008583545684814,-0.63144850730896,1.1313166618347168,-0.27488720417022705,0.7914122343063354,-0.14025560021400452,0.060677286237478256,0.6123724579811096,0.6123723983764648,0.3535533845424652,0.3535533845424652
1284.0,-0.5266498327255249,-0.9935006499290466,2.22027850151062,-0.6379591226577759,1.120426058769226,-0.28291478753089905,0.7773402333259583,-0.14176541566848755,0.06297895312309265,0.6123724579811096,0.6123723983764648,0.3535533845424652,0.3535533845424652
1285.0,-0.6445810198783875,-0.9202699065208435,2.1420488357543945,-2.1373188495635986,-0.682330310344696,0.7903010249137878,0.8627805709838867,-0.24727590382099152,0.06326194107532501,0.07992599904537201,0.8623294234275818,0.49786609411239624,0.04614529013633728
1286.0,-0.5383085608482361,-1.0067660808563232,2.2159671783447266,-0.6172051429748535,1.1107409000396729,-0.2901410460472107,0.7773402333259583,-0.15027353167533875,0.07386328279972076,0.6123724579811096,0.6123723983764648,0.3535533845424652,0.3535533845424652
1287.0,-0.516891598701477,-1.0149544477462769,2.22168231010437,-0.6204975247383118,1.1285479068756104,-0.2769183814525604,0.7773402333259583,-0.13470833003520966,0.07774151861667633,0.6123724579811096,0.6123723983764648,0.3535534143447876,0.3535534143447876
1288.0,-0.509221076965332,-1.017452597618103,2.1998019218444824,-0.5981088876724243,1.1349419355392456,-0.27223724126815796,0.7914122343063354,-0.1370573788881302,0.08522771298885345,0.6123724579811096,0.6123723983764648,0.3535534143447876,0.3535534143447876
1289.0,-0.4907955825328827,-1.0238041877746582,2.204202175140381,-0.6007797122001648,1.1503348350524902,-0.26110514998435974,0.7914122343063354,-0.12362498044967651,0.08822540938854218,0.6123724579811096,0.6123723983764648,0.3535534143447876,0.3535534143447876
1290.0,-0.5211809873580933,-1.0380111932754517,2.2184267044067383,-0.5930551290512085,1.1249760389328003,-0.2795484960079193,0.7773402333259583,-0.13780337572097778,0.09519509971141815,0.6123724579811096,0.6123723983764648,0.3535533845424652,0.3535533845424652
1291.0,-0.6471084952354431,-0.95789635181427,2.1483139991760254,-2.10349702835083,-0.6838727593421936,0.7871290445327759,0.8577812910079956,-0.24634064733982086,0.09025414288043976,0.07992599159479141,0.8623293042182922,0.49786609411239624,0.04614529386162758
1292.0,-0.5310799479484558,-1.0081790685653687,2.194023847579956,-0.5958298444747925,1.1167433261871338,-0.2856525480747223,0.7914122343063354,-0.15325377881526947,0.08054418861865997,0.6123724579811096,0.6123723983764648,0.3535534143447876,0.3535534143447876
1293.0,-0.5486457347869873,-0.9971616268157959,2.196044921875,-0.6039919257164001,1.1021710634231567,-0.2966063618659973,0.7873662114143372,-0.1640183925628662,0.07235775887966156,0.6123724579811096,0.6123723983764648,0.3535533845424652,0.3535533845424652
1294.0,-0.577042818069458,-0.9996403455734253,2.185579538345337,-0.5827041864395142,1.0787181854248047,-0.31466150283813477,0.7873662114143372,-0.18571709096431732,0.07774902880191803,0.6123724579811096,0.6123723983764648,0.3535534143447876,0.3535534143447876
1295.0,-0.5608156323432922,-1.0109622478485107,2.1836507320404053,-0.5742922425270081,1.0921038389205933,-0.30429014563560486,0.7914122343063354,-0.1757872998714447,0.0862269252538681,0.6123724579811096,0.6123723983764648,0.3535533845424652,0.3535533845424652
1296.0,-0.5905161499977112,-1.0126458406448364,2.1718294620513916,-0.551783561706543,1.0676387548446655,-0.3233862519264221,0.7914122343063354,-0.1989370435476303,0.0916861742734909,0.6123724579811096,0.6123723983764648,0.3535533845424652,0.3535533845424652
1297.0,-0.5698830485343933,-1.0232975482940674,2.1790695190429688,-0.5546954870223999,1.0846188068389893,-0.31006741523742676,0.7914122343063354,-0.1827831268310547,0.09693355858325958,0.6123724579811096,0.6123723983764648,0.3535533845424652,0.3535533845424652
1298.0,-0.42816799879074097,-0.8307599425315857,1.687954068183899,0.7136021256446838,1.5707963705062866,-1.9989643096923828,0.9012452960014343,-0.19038818776607513,0.1676350086927414,0.0,1.0,0.0,0.0
1299.0,-0.41159579157829285,-0.8214401602745056,1.6672931909561157,0.724943220615387,1.5707963705062866,-1.9823920726776123,0.9153881072998047,-0.18027763068675995,0.1676350086927414,0.0,1.0,0.0,0.0
1300.0,-0.39523300528526306,-0.8273106813430786,1.680303692817688,0.7178032398223877,1.5707963705062866,-1.9660292863845825,0.9111810922622681,-0.16234129667282104,0.1676350086927414,0.0,1.0,0.0,0.0
1301.0,-0.374796062707901,-0.8093433380126953,1.6405224800109863,0.739617109298706,1.5707963705062866,-1.9455924034118652,0.9358648657798767,-0.15216706693172455,0.1676350086927414,0.0,1.0,0.0,0.0
1302.0,-0.37876391410827637,-0.822081983089447,1.6687151193618774,0.7241631746292114,1.5707963705062866,-1.949560284614563,0.9200406670570374,-0.14982475340366364,0.1676350086927414,0.0,1.0,0.0,0.0
1303.0,-0.3585958778858185,-0.8217619061470032,1.6680059432983398,0.7245522737503052,1.5707963705062866,-1.9293922185897827,0.9232630729675293,-0.13138556480407715,0.1676350086927414,0.0,1.0,0.0,0.0
1304.0,-0.37404826283454895,-0.8326098918914795,1.6920591592788696,0.7113470435142517,1.5707963705062866,-1.9448446035385132,0.9079698920249939,-0.14047308266162872,0.1676350086927414,0.0,1.0,0.0,0.0
1305.0,-0.3639199733734131,-0.8407729864120483,1.7101887464523315,0.7013804912567139,1.5707963705062866,-1.9347163438796997,0.8993009924888611,-0.1274438351392746,0.1676350086927414,0.0,1.0,0.0,0.0
1306.0,-0.3467801809310913,-0.8379153609275818,1.7038391828536987,0.7048724293708801,1.5707963705062866,-1.917576551437378,0.9049027562141418,-0.1132948026061058,0.1676350086927414,0.0,1.0,0.0,0.0
1307.0,-0.3359176516532898,-0.8256006836891174,1.6765127182006836,0.7198842763900757,1.5707963705062866,-1.9067139625549316,0.9213033318519592,-0.10877402871847153,0.1676350086927414,0.0,1.0,0.0,0.0
1308.0,-0.31432321667671204,-0.8256459832191467,1.6766130924224854,0.7198292016983032,1.5707963705062866,-1.8851195573806763,0.9233813285827637,-0.08883698284626007,0.1676350086927414,0.0,1.0,0.0,0.0
1309.0,-0.3240104019641876,-0.8358209729194641,1.6991876363754272,0.7074297070503235,1.5707963705062866,-1.8948067426681519,0.9098625183105469,-0.0935409739613533,0.1676350086927414,0.0,1.0,0.0,0.0
1310.0,-0.3341369032859802,-0.8454753160476685,1.720644474029541,0.6956271529197693,1.5707963705062866,-1.904933214187622,0.8968048095703125,-0.09856174886226654,0.1676350086927414,0.0,1.0,0.0,0.0
1311.0,-0.43582668900489807,-1.054245114326477,2.2129619121551514,-0.5916163921356201,1.1965175867080688,-0.22876980900764465,0.7914122343063354,-0.08459842205047607,0.10661886632442474,0.6123724579811096,0.6123723983764648,0.3535534143447876,0.3535534143447876
1312.0,-0.45710641145706177,-1.0471755266189575,2.2096269130706787,-0.5907251834869385,1.1785953044891357,-0.241139754652977,0.7914122343063354,-0.0995343029499054,0.1029023677110672,0.6123724579811096,0.6123723983764648,0.3535533845424652,0.3535533845424652
1313.0,-0.47583290934562683,-1.0371659994125366,2.2065582275390625,-0.593366801738739,1.1628684997558594,-0.2521776556968689,0.7914122343063354,-0.11285404115915298,0.0969303697347641,0.6123724579811096,0.6123723983764648,0.3535534143447876,0.3535534143447876
1314.0,-0.3521682322025299,-0.8494278192520142,1.7294399738311768,0.6907841563224792,1.5707963705062866,-1.9229645729064941,0.8899368047714233,-0.11289816349744797,0.1676350086927414,0.0,1.0,0.0,0.0
1315.0,-0.4973861873149872,-1.0491864681243896,2.199732780456543,-0.5692998170852661,1.144823670387268,-0.2650690972805023,0.7914122343063354,-0.1284075677394867,0.10808645188808441,0.6123724579811096,0.6123723983764648,0.3535533845424652,0.3535533845424652
1316.0,-0.515496551990509,-1.0518083572387695,2.194265604019165,-0.5565915107727051,1.1297101974487305,-0.27606499195098877,0.7914122343063354,-0.14167726039886475,0.11204208433628082,0.6123724579811096,0.6123723983764648,0.3535533845424652,0.3535533845424652
1317.0,-0.39206552505493164,-0.8383122682571411,1.7047208547592163,0.7043876647949219,1.5707963705062866,-1.9628618955612183,0.8983624577522278,-0.15394344925880432,0.1676350086927414,0.0,1.0,0.0,0.0
1318.0,-0.5329846143722534,-1.035536289215088,2.190795421600342,-0.564725399017334,1.1151610612869263,-0.28683269023895264,0.7914122343063354,-0.1546792834997177,0.10157842934131622,0.6123724579811096,0.6123723983764648,0.3535533845424652,0.3535533845424652
1319.0,-0.4092145264148712,-0.8450657725334167,1.719733476638794,0.6961286067962646,1.5707963705062866,-1.9800108671188354,0.8873853087425232,-0.16576752066612244,0.1676350086927414,0.0,1.0,0.0,0.0
1320.0,-0.5655466318130493,-1.0410242080688477,2.178704261779785,-0.5378925204277039,1.0881967544555664,-0.30729883909225464,0.7914122343063354,-0.17942984402179718,0.11008046567440033,0.6123724579811096,0.6123723983764648,0.3535533845424652,0.3535533845424652
1321.0,-0.5888593196868896,-1.034407615661621,2.1701772212982178,-0.5288893580436707,1.0689994096755981,-0.32230761647224426,0.7914122343063354,-0.19762738049030304,0.10840852558612823,0.6123724579811096,0.6123723983764648,0.3535534143447876,0.3535534143447876
1322.0,-0.45492732524871826,-0.8328028917312622,1.6924874782562256,0.7111117243766785,1.5707963705062866,-2.025723695755005,0.8934255838394165,-0.21325843036174774,0.1676350086927414,0.0,1.0,0.0,0.0
1323.0,-0.6099131107330322,-1.0172251462936401,2.162853956222534,-0.5319926738739014,1.0517455339431763,-0.33613550662994385,0.7914122343063354,-0.21444058418273926,0.09835158288478851,0.6123724579811096,0.6123723983764648,0.3535534143447876,0.3535534143447876
1324.0,-0.6629489660263062,-0.930184006690979,1.9801907539367676,-1.8034791946411133,-0.8195028305053711,0.5695508718490601,0.9014577865600586,-0.31524983048439026,0.10196717083454132,0.0,0.8660253882408142,0.5000000596046448,0.0
1325.0,-0.4463813304901123,-1.0375556945800781,2.1600358486175537,-2.6932766437530518,-1.5707963705062866,1.1244150400161743,0.910611629486084,-0.2129841446876526,0.1676350086927414,0.0,1.0,0.0,0.0
1326.0,-0.42911452054977417,-1.0359303951263428,2.156157970428467,-2.6910240650177,-1.5707963705062866,1.1416817903518677,0.9165942668914795,-0.19834668934345245,0.1676350086927414,0.0,1.0,0.0,0.0
1327.0,-0.41451573371887207,-1.030439853668213,2.1430892944335938,-2.683445692062378,-1.5707963705062866,1.1562806367874146,0.9276547431945801,-0.18858051300048828,0.1676350086927414,0.0,1.0,0.0,0.0
1328.0,-0.40022751688957214,-1.0265673398971558,2.1339001655578613,-2.678129196166992,-1.5707963705062866,1.170568823814392,0.9360834956169128,-0.17777325212955475,0.1676350086927414,0.0,1.0,0.0,0.0
1329.0,-0.41201382875442505,-1.0213451385498047,2.1215434074401855,-2.670994520187378,-1.5707963705062866,1.1587824821472168,0.9417003393173218,-0.1921924203634262,0.1676350086927414,0.0,1.0,0.0,0.0
1330.0,-0.43116697669029236,-1.0281399488449097,2.1376290321350098,-2.6802854537963867,-1.5707963705062866,1.1396293640136719,0.9278045296669006,-0.20557281374931335,0.1676350086927414,0.0,1.0,0.0,0.0
1331.0,-0.44135093688964844,-1.0238415002822876,2.1274452209472656,-2.6744000911712646,-1.5707963705062866,1.1294454336166382,0.9319953918457031,-0.21800239384174347,0.1676350086927414,0.0,1.0,0.0,0.0
1332.0,-0.6512428522109985,-0.9185255169868469,1.9549366235733032,-1.7974586486816406,-0.8109956383705139,0.5805982351303101,0.9205360412597656,-0.31524983048439026,0.10173048079013824,0.0,0.8660253882408142,0.5000000596046448,0.0
1333.0,-0.6490137577056885,-0.8995741605758667,1.951319694519043,-1.814257264137268,-0.8093826174736023,0.5827220678329468,0.9242405891418457,-0.31524983048439026,0.08623595535755157,0.0,0.8660253882408142,0.5000000596046448,0.0
1334.0,-0.6590405106544495,-0.896763265132904,1.9739881753921509,-1.8332054615020752,-0.816655695438385,0.5732197165489197,0.9077584743499756,-0.31524983048439026,0.07500632107257843,0.0,0.8660253882408142,0.5000000596046448,0.0
1335.0,-0.6667404174804688,-0.9185493588447571,1.9893895387649536,-1.821899652481079,-0.8222712278366089,0.5660105347633362,0.895410418510437,-0.31524983048439026,0.08824767172336578,0.0,0.8660253882408142,0.5,0.0
1336.0,-0.6004651784896851,-0.9962313175201416,2.1762731075286865,-0.5694791674613953,1.0594781637191772,-0.3298971354961395,0.7873662114143372,-0.20407827198505402,0.07844705879688263,0.6123724579811096,0.6123723983764648,0.3535534143447876,0.3535534143447876
1337.0,-0.6127970814704895,-0.9851685762405396,2.1642723083496094,-0.5645154118537903,1.0493886470794678,-0.3380507826805115,0.7914122343063354,-0.21677346527576447,0.07384966313838959,0.6123724579811096,0.6123723983764648,0.3535533845424652,0.3535533845424652
1338.0,-0.6150520443916321,-0.9646212458610535,2.1643669605255127,-0.5844084024429321,1.0475467443466187,-0.3395518958568573,0.7914122343063354,-0.21860270202159882,0.058379482477903366,0.6123724579811096,0.6123723983764648,0.3535533845424652,0.3535533845424652
1339.0,-0.614667534828186,-0.9386110901832581,2.1652801036834717,-0.6114596128463745,1.0478607416152954,-0.3392956852912903,0.7914122343063354,-0.21829046308994293,0.03848905488848686,0.6123724579811096,0.6123723983764648,0.3535533845424652,0.3535533845424652
1340.0,-0.6606578826904297,-0.8497232794761658,1.9782251119613647,-1.8834420442581177,-0.8178331255912781,0.5716992020606995,0.9051428437232971,-0.31524983048439026,0.031997453421354294,0.0,0.8660253882408142,0.5,0.0
1341.0,-0.6625128984451294,-0.8732125163078308,1.98222815990448,-1.862766981124878,-0.8191848993301392,0.5699593424797058,0.9021573662757874,-0.31524983048439026,0.05125756189227104,0.0,0.8660253882408142,0.5,0.0
1342.0,-0.6556406021118164,-0.8584553003311157,1.9674941301345825,-1.8672183752059937,-0.8141845464706421,0.5764272809028625,0.9132953882217407,-0.31524983048439026,0.043490927666425705,0.0,0.8660253882408142,0.5,0.0
1343.0,-0.6517017483711243,-0.87716144323349,1.958504319190979,-1.8420900106430054,-0.8113280534744263,0.5801618695259094,0.9197762608528137,-0.31524983048439026,0.06343759596347809,0.0,0.8660253882408142,0.5,0.0
1344.0,-0.6436814665794373,-0.8765520453453064,1.9402371644973755,-1.8297276496887207,-0.8055334091186523,0.5878292322158813,0.9331980347633362,-0.31524983048439026,0.06983421742916107,0.0,0.8660253882408142,0.5,0.0
1345.0,-0.6381858587265015,-0.8881493806838989,1.9266666173934937,-1.8082407712936401,-0.8015798926353455,0.5931321978569031,0.942574143409729,-0.31524983048439026,0.08570049703121185,0.0,0.8660253882408142,0.5000000596046448,0.0
1346.0,-0.6434757709503174,-0.9058600664138794,1.937936782836914,-1.7982560396194458,-0.8053851127624512,0.5880268812179565,0.9335463047027588,-0.31524983048439026,0.09722866117954254,0.0,0.8660253882408142,0.5000000596046448,0.0
1347.0,-0.6351776719093323,-0.909885585308075,1.9175140857696533,-1.7793854475021362,-0.7994219064712524,0.596052348613739,0.947769820690155,-0.31524983048439026,0.10930804908275604,0.0,0.8660253882408142,0.5,0.0
1348.0,-0.6334174275398254,-0.8951895236968994,1.9145569801330566,-1.7923203706741333,-0.7981610894203186,0.597766637802124,0.9508311748504639,-0.31524983048439026,0.09706743061542511,0.0,0.8660253882408142,0.5,0.0
1349.0,-0.6301388144493103,-0.8749954700469971,1.9078937768936157,-1.8080904483795166,-0.7958166003227234,0.6009708642959595,0.9565754532814026,-0.31524983048439026,0.0811857134103775,0.0,0.8660253882408142,0.5000000596046448,0.0
1350.0,-0.624267578125,-0.8579646944999695,1.8940961360931396,-1.8153733015060425,-0.7916312217712402,0.6067461371421814,0.9670014977455139,-0.31524983048439026,0.07092861831188202,0.0,0.8660253882408142,0.5,0.0
1351.0,-0.619714617729187,-0.8648159503936768,1.8821656703948975,-1.7997665405273438,-0.7883970737457275,0.6112573146820068,0.9752123951911926,-0.31524983048439026,0.08221562206745148,0.0,0.8660253882408142,0.5000000596046448,0.0
1352.0,-0.6247745156288147,-0.8873759508132935,1.8935363292694092,-1.7850505113601685,-0.7919919490814209,0.6062455773353577,0.9660940766334534,-0.31524983048439026,0.0985933393239975,0.0,0.8660253882408142,0.5,0.0
1353.0,-0.627163290977478,-0.9039841294288635,1.8980234861373901,-1.7712774276733398,-0.7936933040618896,0.6038917899131775,0.9618367552757263,-0.31524983048439026,0.11212755739688873,0.0,0.8660253882408142,0.5000000596046448,0.0
1354.0,-0.4159491956233978,-1.014023780822754,2.1042845249176025,-2.6610569953918457,-1.5707963705062866,1.1548471450805664,0.9517377018928528,-0.20066790282726288,0.1676350086927414,0.0,1.0,0.0,0.0
1355.0,-0.4122453033924103,-1.0041723251342773,2.081173896789551,-2.6477978229522705,-1.5707963705062866,1.1585509777069092,0.966882050037384,-0.20344190299510956,0.1676350086927414,0.0,1.0,0.0,0.0
1356.0,-0.3958797752857208,-1.0051499605178833,2.0834615230560303,-2.6491079330444336,-1.5707963705062866,1.1749165058135986,0.9686497449874878,-0.18699327111244202,0.1676350086927414,0.0,1.0,0.0,0.0
1357.0,-0.37783247232437134,-0.9990304708480835,2.0691592693328857,-2.640925168991089,-1.5707963705062866,1.1929638385772705,0.9808705449104309,-0.173055961728096,0.1676350086927414,0.0,1.0,0.0,0.0
1358.0,-0.38984596729278564,-0.9942618608474731,2.058044910430908,-2.6345794200897217,-1.5707963705062866,1.180950403213501,0.9856590032577515,-0.18767762184143066,0.1676350086927414,0.0,1.0,0.0,0.0
1359.0,-0.4025285542011261,-0.9898435473442078,2.0477700233459473,-2.628722667694092,-1.5707963705062866,1.1682677268981934,0.9895601272583008,-0.20287105441093445,0.1676350086927414,0.0,1.0,0.0,0.0
1360.0,-0.3924289047718048,-0.9832426309585571,2.032458782196045,-2.6200125217437744,-1.5707963705062866,1.1783673763275146,1.0010414123535156,-0.1967916041612625,0.1676350086927414,0.0,1.0,0.0,0.0
1361.0,-0.40795570611953735,-0.9811833500862122,2.027691602706909,-2.617304563522339,-1.5707963705062866,1.1628406047821045,1.0007898807525635,-0.21357423067092896,0.1676350086927414,0.0,1.0,0.0,0.0
1362.0,-0.6136027574539185,-0.8826342225074768,1.8646575212478638,-1.7687511444091797,-0.784071683883667,0.6173591017723083,0.9864124655723572,-0.31524983048439026,0.10647575557231903,0.0,0.8660253882408142,0.5000000596046448,0.0
1363.0,-0.6126909255981445,-0.8631154298782349,1.863834023475647,-1.7880945205688477,-0.7834281325340271,0.6182739734649658,0.9881011247634888,-0.31524983048439026,0.08827747404575348,0.0,0.8660253882408142,0.5,0.0
1364.0,-0.6161943078041077,-0.8468354344367981,1.8738960027694702,-1.8119536638259888,-0.7859035730361938,0.614765465259552,0.9816381931304932,-0.31524983048439026,0.06864283978939056,0.0,0.8660253882408142,0.5,0.0
1365.0,-0.6104267239570618,-0.8276261687278748,1.8592826128005981,-1.8206467628479004,-0.7818315029144287,0.620550811290741,0.9923146963119507,-0.31524983048439026,0.05629299208521843,0.0,0.8660253882408142,0.5,0.0
1366.0,-0.6041938662528992,-0.8381454944610596,1.8422107696533203,-1.7975399494171143,-0.7774500250816345,0.6268563270568848,1.0040653944015503,-0.31524983048439026,0.0734601765871048,0.0,0.8660253882408142,0.5,0.0
1367.0,-0.6047543287277222,-0.8519734740257263,1.8430174589157104,-1.7841129302978516,-0.7778431177139282,0.6262869834899902,1.0029996633529663,-0.31524983048439026,0.08647118508815765,0.0,0.8660253882408142,0.5000000596046448,0.0
1368.0,-0.5969703793525696,-0.8460306525230408,1.8215187788009644,-1.7742342948913574,-0.7723971605300903,0.6342344880104065,1.0179696083068848,-0.31524983048439026,0.0900159627199173,0.0,0.8660253882408142,0.5,0.0
1369.0,-0.6013936400413513,-0.8625671863555908,1.8328099250793457,-1.7657513618469238,-0.775488018989563,0.6297074556350708,1.0094184875488281,-0.31524983048439026,0.10116024315357208,0.0,0.8660253882408142,0.5,0.0
1370.0,-0.5962263941764832,-0.865628719329834,1.817650556564331,-1.7513155937194824,-0.7718783020973206,0.6349987387657166,1.0194194316864014,-0.31524983048439026,0.11090777814388275,0.0,0.8660253882408142,0.5,0.0
1371.0,-0.3944214880466461,-0.9740222692489624,2.0111470222473145,-2.6079211235046387,-1.5707963705062866,1.1763747930526733,1.0137637853622437,-0.2042454034090042,0.1676350086927414,0.0,1.0,0.0,0.0
1372.0,-0.3928692936897278,-0.9648383259773254,1.9900010824203491,-2.595959186553955,-1.5707963705062866,1.177927017211914,1.0270181894302368,-0.208033487200737,0.1676350086927414,0.0,1.0,0.0,0.0
1373.0,-0.38168948888778687,-0.9557164311408997,1.9690735340118408,-2.584153413772583,-1.5707963705062866,1.189106822013855,1.0420585870742798,-0.20166794955730438,0.1676350086927414,0.0,1.0,0.0,0.0
1374.0,-0.36276116967201233,-0.9530359506607056,1.9629374742507935,-2.580697774887085,-1.5707963705062866,1.2080351114273071,1.0494471788406372,-0.183335080742836,0.1676350086927414,0.0,1.0,0.0,0.0
1375.0,-0.3587879538536072,-0.9617922306060791,1.9830046892166138,-2.5920088291168213,-1.5707963705062866,1.2120083570480347,1.0378303527832031,-0.17453734576702118,0.1676350086927414,0.0,1.0,0.0,0.0
1376.0,-0.3757150173187256,-0.9662173390388489,1.993171215057373,-2.597750186920166,-1.5707963705062866,1.195081353187561,1.0284878015518188,-0.18961769342422485,0.1676350086927414,0.0,1.0,0.0,0.0
1377.0,-0.3791770339012146,-0.9776520133018494,2.019526481628418,-2.6126708984375,-1.5707963705062866,1.1916192770004272,1.0115803480148315,-0.18670427799224854,0.1676350086927414,0.0,1.0,0.0,0.0
1378.0,-0.35986948013305664,-0.9728050827980042,2.0083398818969727,-2.6063311100006104,-1.5707963705062866,1.21092689037323,1.0219595432281494,-0.16975948214530945,0.1676350086927414,0.0,1.0,0.0,0.0
1379.0,-0.35423848032951355,-0.9820355176925659,2.0296638011932373,-2.618424654006958,-1.5707963705062866,1.2165578603744507,1.0095776319503784,-0.1590753048658371,0.1676350086927414,0.0,1.0,0.0,0.0
1380.0,-0.36971718072891235,-0.9858279824256897,2.038450002670288,-2.6234185695648193,-1.5707963705062866,1.2010791301727295,1.001512885093689,-0.1725582629442215,0.1676350086927414,0.0,1.0,0.0,0.0
1381.0,-0.36009594798088074,-0.9934556484222412,2.056168556213379,-2.6335091590881348,-1.5707963705062866,1.2107003927230835,0.9919883608818054,-0.15872091054916382,0.1676350086927414,0.0,1.0,0.0,0.0
1382.0,-0.3406468331813812,-0.9964487552642822,2.063138723373413,-2.637486457824707,-1.5707963705062866,1.230149507522583,0.9904586672782898,-0.13782891631126404,0.1676350086927414,0.0,1.0,0.0,0.0
1383.0,-0.3571528196334839,-1.0047096014022827,2.082430839538574,-2.648517608642578,-1.5707963705062866,1.2136435508728027,0.9758186340332031,-0.14959411323070526,0.1676350086927414,0.0,1.0,0.0,0.0
1384.0,-0.3686886131763458,-1.0136198997497559,2.103334665298462,-2.660511016845703,-1.5707963705062866,1.2021076679229736,0.9607598185539246,-0.1557145118713379,0.1676350086927414,0.0,1.0,0.0,0.0
1385.0,-0.3825080692768097,-1.0098481178283691,2.0944736003875732,-2.655421733856201,-1.5707963705062866,1.1882882118225098,0.9641193747520447,-0.17123065888881683,0.1676350086927414,0.0,1.0,0.0,0.0
1386.0,-0.3963730037212372,-1.0148751735687256,2.106287717819214,-2.6622087955474854,-1.5707963705062866,1.174423336982727,0.954221785068512,-0.18147121369838715,0.1676350086927414,0.0,1.0,0.0,0.0
1387.0,-0.3834047317504883,-1.0200698375701904,2.1185317039489746,-2.6692581176757812,-1.5707963705062866,1.1873916387557983,0.9487271308898926,-0.16594845056533813,0.1676350086927414,0.0,1.0,0.0,0.0
1388.0,-0.3650650382041931,-1.0213749408721924,2.1216135025024414,-2.671035051345825,-1.5707963705062866,1.2057312726974487,0.9496375322341919,-0.14776796102523804,0.1676350086927414,0.0,1.0,0.0,0.0
1389.0,-0.3519110381603241,-1.0158528089523315,2.1085891723632812,-2.6635327339172363,-1.5707963705062866,1.2188853025436401,0.9598686695098877,-0.13833729922771454,0.1676350086927414,0.0,1.0,0.0,0.0
1390.0,-0.34036850929260254,-1.0053366422653198,2.0838987827301025,-2.6493585109710693,-1.5707963705062866,1.230427861213684,0.9772529602050781,-0.13286283612251282,0.1676350086927414,0.0,1.0,0.0,0.0
1391.0,-0.3367020785808563,-1.0145237445831299,2.1054608821868896,-2.661733388900757,-1.5707963705062866,1.234094262123108,0.9638784527778625,-0.12442924082279205,0.1676350086927414,0.0,1.0,0.0,0.0
1392.0,-0.337127685546875,-1.0235875844955444,2.126844644546509,-2.674053192138672,-1.5707963705062866,1.2336686849594116,0.9500071406364441,-0.11999604105949402,0.1676350086927414,0.0,1.0,0.0,0.0
1393.0,-0.35264620184898376,-1.0258588790893555,2.132221221923828,-2.677158832550049,-1.5707963705062866,1.2181501388549805,0.9445632696151733,-0.1334475874900818,0.1676350086927414,0.0,1.0,0.0,0.0
1394.0,-0.34614425897598267,-1.0329207181930542,2.1489884853363037,-2.686864137649536,-1.5707963705062866,1.2246520519256592,0.9345411658287048,-0.12338295578956604,0.1676350086927414,0.0,1.0,0.0,0.0
1395.0,-0.33122482895851135,-1.032228946685791,2.1473426818847656,-2.6859099864959717,-1.5707963705062866,1.239571452140808,0.9373525977134705,-0.10979649424552917,0.1676350086927414,0.0,1.0,0.0,0.0
1396.0,-0.3207821547985077,-1.025198221206665,2.1306564807891846,-2.6762547492980957,-1.5707963705062866,1.2500141859054565,0.9493561387062073,-0.10362652689218521,0.1676350086927414,0.0,1.0,0.0,0.0
1397.0,-0.3144797384738922,-1.0314804315567017,2.1455624103546143,-2.684878349304199,-1.5707963705062866,1.2563165426254272,0.9402280449867249,-0.09446584433317184,0.1676350086927414,0.0,1.0,0.0,0.0
1398.0,-0.300740510225296,-1.0341063737869263,2.151811122894287,-2.6885011196136475,-1.5707963705062866,1.2700557708740234,0.9373156428337097,-0.08026104420423508,0.1676350086927414,0.0,1.0,0.0,0.0
1399.0,-0.299418568611145,-1.0243675708770752,2.128690004348755,-2.675118923187256,-1.5707963705062866,1.2713778018951416,0.9526444673538208,-0.08372142165899277,0.1676350086927414,0.0,1.0,0.0,0.0
1400.0,-0.27729174494743347,-1.0281976461410522,2.137765884399414,-2.6803646087646484,-1.5707963705062866,1.2935045957565308,0.9482592940330505,-0.06091466173529625,0.1676350086927414,0.0,1.0,0.0,0.0
1401.0,-0.2555772364139557,-1.0312683582305908,2.1450583934783936,-2.6845862865448,-1.5707963705062866,1.3152190446853638,0.9444949626922607,-0.039040159434080124,0.1676350086927414,0.0,1.0,0.0,0.0
1402.0,-0.24420249462127686,-1.0242793560028076,2.128481149673462,-2.6749982833862305,-1.5707963705062866,1.3265938758850098,0.9559522271156311,-0.031053928658366203,0.1676350086927414,0.0,1.0,0.0,0.0
1403.0,-0.25715160369873047,-1.0232341289520264,2.1260082721710205,-2.6735706329345703,-1.5707963705062866,1.3136447668075562,0.9571124315261841,-0.04386163502931595,0.1676350086927414,0.0,1.0,0.0,0.0
1404.0,-0.26695743203163147,-1.016232967376709,2.1094844341278076,-2.664047956466675,-1.5707963705062866,1.303838849067688,0.9675549268722534,-0.05623072385787964,0.1676350086927414,0.0,1.0,0.0,0.0
1405.0,-0.2850603461265564,-1.017734169960022,2.1130218505859375,-2.666084051132202,-1.5707963705062866,1.2857359647750854,0.9640570282936096,-0.07305584102869034,0.1676350086927414,0.0,1.0,0.0,0.0
1406.0,-0.2895820438861847,-1.0084911584854126,2.09128999710083,-2.653595209121704,-1.5707963705062866,1.2812142372131348,0.9779245853424072,-0.08164757490158081,0.1676350086927414,0.0,1.0,0.0,0.0
1407.0,-0.30319154262542725,-1.0149309635162354,2.106419086456299,-2.6622843742370605,-1.5707963705062866,1.2676048278808594,0.9668817520141602,-0.09186999499797821,0.1676350086927414,0.0,1.0,0.0,0.0
1408.0,-0.3109775483608246,-1.0088887214660645,2.0922224521636963,-2.654130220413208,-1.5707963705062866,1.2598187923431396,0.9753502011299133,-0.10235638916492462,0.1676350086927414,0.0,1.0,0.0,0.0
1409.0,-0.2973670959472656,-0.9997061491012573,2.0707364082336426,-2.641826629638672,-1.5707963705062866,1.273429274559021,0.9905874133110046,-0.09334263205528259,0.1676350086927414,0.0,1.0,0.0,0.0
1410.0,-0.3258497416973114,-1.001037359237671,2.0738446712493896,-2.643603801727295,-1.5707963705062866,1.2449465990066528,0.9855349659919739,-0.12084230780601501,0.1676350086927414,0.0,1.0,0.0,0.0
1411.0,-0.3124440014362335,-0.9976922273635864,2.066037654876709,-2.63914155960083,-1.5707963705062866,1.258352279663086,0.9920893311500549,-0.10924255847930908,0.1676350086927414,0.0,1.0,0.0,0.0
1412.0,-0.328762948513031,-0.981162965297699,2.027644395828247,-2.6172778606414795,-1.5707963705062866,1.2420333623886108,1.014578938484192,-0.1337425410747528,0.1676350086927414,0.0,1.0,0.0,0.0
1413.0,-0.34081727266311646,-0.975363552570343,2.014241933822632,-2.6096746921539307,-1.5707963705062866,1.2299790382385254,1.021311640739441,-0.1489482820034027,0.1676350086927414,0.0,1.0,0.0,0.0
1414.0,-0.3269610106945038,-0.9692304134368896,2.0001039505004883,-2.601670026779175,-1.5707963705062866,1.2438353300094604,1.0321635007858276,-0.13779641687870026,0.1676350086927414,0.0,1.0,0.0,0.0
1415.0,-0.30383145809173584,-0.9707903265953064,2.0036964416503906,-2.6037025451660156,-1.5707963705062866,1.2669649124145508,1.032802939414978,-0.11317606270313263,0.1676350086927414,0.0,1.0,0.0,0.0
1416.0,-0.2895483374595642,-0.966998279094696,1.9949673414230347,-2.5987653732299805,-1.5707963705062866,1.2812479734420776,1.0398527383804321,-0.10006347298622131,0.1676350086927414,0.0,1.0,0.0,0.0
1417.0,-0.2766501307487488,-0.9677481651306152,1.996692419052124,-2.599740505218506,-1.5707963705062866,1.294146180152893,1.03995943069458,-0.08633167296648026,0.1676350086927414,0.0,1.0,0.0,0.0
1418.0,-0.30971938371658325,-0.979974091053009,2.0248942375183105,-2.6157164573669434,-1.5707963705062866,1.2610769271850586,1.0186902284622192,-0.11495780199766159,0.1676350086927414,0.0,1.0,0.0,0.0
1419.0,-0.31499969959259033,-0.9884850382804871,2.0446150302886963,-2.6269264221191406,-1.5707963705062866,1.2557966709136963,1.0055205821990967,-0.11624627560377121,0.1676350086927414,0.0,1.0,0.0,0.0
1420.0,-0.2992187738418579,-0.9882175326347351,2.0439939498901367,-2.626572847366333,-1.5707963705062866,1.2715775966644287,1.007628083229065,-0.10048729926347733,0.1676350086927414,0.0,1.0,0.0,0.0
1421.0,-0.2856809198856354,-0.9840578436851501,2.0343472957611084,-2.6210856437683105,-1.5707963705062866,1.285115361213684,1.0150984525680542,-0.08865910023450851,0.1676350086927414,0.0,1.0,0.0,0.0
1422.0,-0.2728862166404724,-0.9774956703186035,2.019165277481079,-2.6124660968780518,-1.5707963705062866,1.2979100942611694,1.02591073513031,-0.07839609682559967,0.1676350086927414,0.0,1.0,0.0,0.0
1423.0,-0.2817531228065491,-0.9941682815551758,2.0578269958496094,-2.6344552040100098,-1.5707963705062866,1.2890431880950928,1.0002944469451904,-0.08028772473335266,0.1676350086927414,0.0,1.0,0.0,0.0
1424.0,-0.2670758366584778,-0.9878042936325073,2.043034791946411,-2.6260268688201904,-1.5707963705062866,1.303720474243164,1.0109577178955078,-0.06822267919778824,0.1676350086927414,0.0,1.0,0.0,0.0
1425.0,-0.2553708553314209,-0.9950067400932312,2.059779167175293,-2.635568857192993,-1.5707963705062866,1.3154255151748657,1.000791311264038,-0.05354045704007149,0.1676350086927414,0.0,1.0,0.0,0.0
1426.0,-0.27352920174598694,-1.001244306564331,2.0743281841278076,-2.6438801288604736,-1.5707963705062866,1.2972670793533325,0.9901909828186035,-0.06904835999011993,0.1676350086927414,0.0,1.0,0.0,0.0
1427.0,-0.25627797842025757,-1.0041916370391846,2.081218957901001,-2.6478235721588135,-1.5707963705062866,1.3145183324813843,0.9867179989814758,-0.05077335610985756,0.1676350086927414,0.0,1.0,0.0,0.0
1428.0,-0.243937686085701,-1.015047311782837,2.1066930294036865,-2.6624419689178467,-1.5707963705062866,1.326858639717102,0.970443844795227,-0.03440561890602112,0.1676350086927414,0.0,1.0,0.0,0.0
1429.0,-0.2364243119955063,-1.006412148475647,2.0864171981811523,-2.650801420211792,-1.5707963705062866,1.3343720436096191,0.9841012954711914,-0.030348222702741623,0.1676350086927414,0.0,1.0,0.0,0.0
1430.0,-0.22018827497959137,-1.010371446609497,2.0957016944885254,-2.6561267375946045,-1.5707963705062866,1.3506081104278564,0.9783022403717041,-0.012987842783331871,0.1676350086927414,0.0,1.0,0.0,0.0
1431.0,-0.23170159757137299,-1.0189712047576904,2.115939140319824,-2.667764186859131,-1.5707963705062866,1.3390947580337524,0.9646379351615906,-0.02107689157128334,0.1676350086927414,0.0,1.0,0.0,0.0
1432.0,-0.22101633250713348,-1.0245321989059448,2.129079818725586,-2.6753439903259277,-1.5707963705062866,1.3497799634933472,0.9560140371322632,-0.008792567066848278,0.1676350086927414,0.0,1.0,0.0,0.0
1433.0,-0.20485201478004456,-1.0275851488113403,2.1363131999969482,-2.6795244216918945,-1.5707963705062866,1.365944266319275,0.9511604905128479,0.007673205342143774,0.1676350086927414,0.0,1.0,0.0,0.0
1434.0,-0.207974374294281,-1.0181199312210083,2.11393141746521,-2.6666078567504883,-1.5707963705062866,1.3628219366073608,0.9662112593650818,0.0015312950126826763,0.1676350086927414,0.0,1.0,0.0,0.0
1435.0,-0.1913049817085266,-1.0203560590744019,2.1192071437835693,-2.669647455215454,-1.5707963705062866,1.3794913291931152,0.9625042676925659,0.018323492258787155,0.1676350086927414,0.0,1.0,0.0,0.0
1436.0,-0.1695466935634613,-1.0208181142807007,2.1202986240386963,-2.670276641845703,-1.5707963705062866,1.401249647140503,0.961140513420105,0.039386164397001266,0.1676350086927414,0.0,1.0,0.0,0.0
1437.0,-0.15421980619430542,-1.0139151811599731,2.1040289402008057,-2.660910129547119,-1.5707963705062866,1.4165765047073364,0.9714207649230957,0.05240275338292122,0.1676350086927414,0.0,1.0,0.0,0.0
1438.0,-0.1770041584968567,-1.0148805379867554,2.1063003540039062,-2.6622161865234375,-1.5707963705062866,1.3937921524047852,0.9708358645439148,0.030530955642461777,0.1676350086927414,0.0,1.0,0.0,0.0
1439.0,-0.18924961984157562,-1.0073531866073608,2.0886220932006836,-2.6520652770996094,-1.5707963705062866,1.3815467357635498,0.9829662442207336,0.01637481525540352,0.1676350086927414,0.0,1.0,0.0,0.0
1440.0,-0.202818363904953,-1.0079658031463623,2.0900583267211914,-2.652888774871826,-1.5707963705062866,1.3679779767990112,0.9821416735649109,0.003232752438634634,0.1676350086927414,0.0,1.0,0.0,0.0
1441.0,-0.18813005089759827,-0.9982980489730835,2.067450523376465,-2.639948844909668,-1.5707963705062866,1.3826662302017212,0.9970411062240601,0.014792107045650482,0.1676350086927414,0.0,1.0,0.0,0.0
1442.0,-0.20484887063503265,-0.9994983673095703,2.070251226425171,-2.6415493488311768,-1.5707963705062866,1.3659474849700928,0.9952956438064575,-0.0014934618957340717,0.1676350086927414,0.0,1.0,0.0,0.0
1443.0,-0.21823495626449585,-0.9977627396583557,2.06620192527771,-2.639235496520996,-1.5707963705062866,1.352561354637146,0.9978579878807068,-0.015408494509756565,0.1676350086927414,0.0,1.0,0.0,0.0
1444.0,-0.2404974400997162,-0.9972276091575623,2.0649542808532715,-2.6385228633880615,-1.5707963705062866,1.330298900604248,0.9980860948562622,-0.03781833127140999,0.1676350086927414,0.0,1.0,0.0,0.0
1445.0,-0.2297210544347763,-0.9897632598876953,2.04758358001709,-2.6286165714263916,-1.5707963705062866,1.3410753011703491,1.009826898574829,-0.029724419116973877,0.1676350086927414,0.0,1.0,0.0,0.0
1446.0,-0.23804420232772827,-0.9809923768043518,2.027249813079834,-2.617053747177124,-1.5707963705062866,1.3327521085739136,1.0227793455123901,-0.04133957251906395,0.1676350086927414,0.0,1.0,0.0,0.0
1447.0,-0.2482021152973175,-0.9762530326843262,2.0162954330444336,-2.6108386516571045,-1.5707963705062866,1.322594165802002,1.0293854475021362,-0.05352053791284561,0.1676350086927414,0.0,1.0,0.0,0.0
1448.0,-0.24671949446201324,-0.9670006036758423,1.9949727058410645,-2.598768472671509,-1.5707963705062866,1.3240768909454346,1.0431801080703735,-0.05544879287481308,0.1676350086927414,0.0,1.0,0.0,0.0
1449.0,-0.264395147562027,-0.96746426820755,1.9960392713546753,-2.5993714332580566,-1.5707963705062866,1.3064011335372925,1.0413563251495361,-0.07369372248649597,0.1676350086927414,0.0,1.0,0.0,0.0
1450.0,-0.24854940176010132,-0.9567264914512634,1.971387267112732,-2.5854570865631104,-1.5707963705062866,1.3222469091415405,1.0581358671188354,-0.06117955967783928,0.1676350086927414,0.0,1.0,0.0,0.0
1451.0,-0.2667527198791504,-0.9585047960281372,1.9754630327224731,-2.587754487991333,-1.5707963705062866,1.3040436506271362,1.0542651414871216,-0.07972441613674164,0.1676350086927414,0.0,1.0,0.0,0.0
1452.0,-0.28138452768325806,-0.9558809995651245,1.9694503545761108,-2.5843656063079834,-1.5707963705062866,1.2894117832183838,1.056777834892273,-0.09623721241950989,0.1676350086927414,0.0,1.0,0.0,0.0
