time,ur20-shoulder_pan_joint,ur20-shoulder_lift_joint,ur20-elbow_joint,ur20-wrist_1_joint,ur20-wrist_2_joint,ur20-wrist_3_joint
0.0,-0.3532223403453827,-0.7626826763153076,2.259653329849243,-0.8905664086341858,1.2505996227264404,-0.21493443846702576
1.0,-0.35546051561832426,-0.7624136209487915,2.263376331329346,-0.9079120814800262,1.2443195939064027,-0.2123308777809143
2.0,-0.3576986908912659,-0.7621445655822754,2.2670993328094484,-0.9252577543258667,1.2380395650863647,-0.20972731709480286
3.0,-0.35993686616420745,-0.7618755102157593,2.2708223342895506,-0.9426034271717072,1.231759536266327,-0.2071237564086914
4.0,-0.36217504143714907,-0.7616064548492432,2.2745453357696532,-0.9599491000175476,1.225479507446289,-0.20452019572257996
5.0,-0.36441321671009064,-0.761337399482727,2.278268337249756,-0.9772947728633881,1.2191994786262512,-0.2019166350364685
6.0,-0.3666513919830322,-0.7610683441162109,2.2819913387298585,-0.9946404457092285,1.2129194498062135,-0.19931307435035706
7.0,-0.3688895672559738,-0.7607992887496948,2.285714340209961,-1.011986118555069,1.2066394209861755,-0.1967095136642456
8.0,-0.3711277425289154,-0.7605302333831787,2.2894373416900633,-1.0293317914009095,1.2003593921661377,-0.19410595297813416
9.0,-0.373365917801857,-0.7602611780166626,2.293160343170166,-1.0466774642467498,1.1940793633460998,-0.1915023922920227
10.0,-0.3756040930747986,-0.7599921226501465,2.2968833446502686,-1.0640231370925903,1.187799334526062,-0.18889883160591125
11.0,-0.3756040930747986,-0.7599921226501465,2.2968833446502686,-1.0640231370925903,1.187799334526062,-0.18889883160591125
12.0,-0.3729960173368454,-0.7689631879329681,2.2963932752609253,-1.0597789883613586,1.1907631754875183,-0.18520952761173248
13.0,-0.3703879415988922,-0.7779342532157898,2.295903205871582,-1.055534839630127,1.1937270164489746,-0.1815202236175537
14.0,-0.3703879415988922,-0.7779342532157898,2.295903205871582,-1.055534839630127,1.1937270164489746,-0.1815202236175537
15.0,-0.37407879034678143,-0.7879049777984619,2.2930802504221597,-1.0434436798095703,1.1762847503026326,-0.1888720989227295
16.0,-0.3777696390946706,-0.797875702381134,2.290257294972738,-1.0313525199890137,1.1588424841562908,-0.19622397422790527
17.0,-0.3814604878425598,-0.8078464269638062,2.2874343395233154,-1.019261360168457,1.1414002180099487,-0.20357584953308105
18.0,-0.3814604878425598,-0.8078464269638062,2.2874343395233154,-1.019261360168457,1.1414002180099487,-0.20357584953308105
19.0,-0.3869594633579254,-0.7979111075401306,2.2896467447280884,-1.032215416431427,1.1311542987823486,-0.20755991339683533
20.0,-0.392458438873291,-0.7879757881164551,2.2918591499328613,-1.045169472694397,1.1209083795547485,-0.2115439772605896
21.0,-0.392458438873291,-0.7879757881164551,2.2918591499328613,-1.045169472694397,1.1209083795547485,-0.2115439772605896
22.0,-0.394171841442585,-0.7964030206203461,2.2878240942955017,-1.0280046910047531,1.112924486398697,-0.2174951322376728
23.0,-0.39588524401187897,-0.8048302531242371,2.283789038658142,-1.0108399093151093,1.1049405932426453,-0.223446287214756
24.0,-0.39759864658117294,-0.813257485628128,2.2797539830207825,-0.9936751276254654,1.0969567000865936,-0.22939744219183922
25.0,-0.3993120491504669,-0.821684718132019,2.275718927383423,-0.9765103459358215,1.088972806930542,-0.23534859716892242
26.0,-0.3993120491504669,-0.821684718132019,2.275718927383423,-0.9765103459358215,1.088972806930542,-0.23534859716892242
27.0,-0.4062253435452779,-0.8184733986854553,2.273749272028605,-0.9736100931962332,1.072820355494817,-0.24477628618478775
28.0,-0.4131386379400889,-0.8152620792388916,2.2717796166737876,-0.9707098404566447,1.0566679040590923,-0.2542039752006531
29.0,-0.4200519323348999,-0.8120507597923279,2.2698099613189697,-0.9678095877170563,1.0405154526233673,-0.2636316642165184
30.0,-0.4269652267297109,-0.8088394403457642,2.267840305964152,-0.9649093349774679,1.0243630011876423,-0.27305935323238373
31.0,-0.4338785211245219,-0.8056281208992004,2.2658706506093345,-0.9620090822378794,1.0082105497519176,-0.28248704224824905
32.0,-0.4407918155193329,-0.8024168014526367,2.2639009952545166,-0.959108829498291,0.9920580983161926,-0.2919147312641144
33.0,-0.4407918155193329,-0.8024168014526367,2.2639009952545166,-0.959108829498291,0.9920580983161926,-0.2919147312641144
34.0,-0.44495655596256256,-0.806260496377945,2.2585644721984863,-0.9421703815460205,0.9776932150125504,-0.30329249054193497
35.0,-0.44912129640579224,-0.8101041913032532,2.253227949142456,-0.92523193359375,0.9633283317089081,-0.31467024981975555
36.0,-0.4532860368490219,-0.8139478862285614,2.247891426086426,-0.9082934856414795,0.9489634484052658,-0.32604800909757614
37.0,-0.4574507772922516,-0.8177915811538696,2.2425549030303955,-0.891355037689209,0.9345985651016235,-0.33742576837539673
38.0,-0.4574507772922516,-0.8177915811538696,2.2425549030303955,-0.891355037689209,0.9345985651016235,-0.33742576837539673
39.0,-0.46254968643188477,-0.8067195216814677,2.2450228532155356,-0.9062511324882507,0.927903433640798,-0.33924131592114765
40.0,-0.46764859557151794,-0.7956474622090658,2.2474908034006753,-0.9211472272872925,0.9212083021799723,-0.3410568634668986
41.0,-0.4727475047111511,-0.7845754027366638,2.2499587535858154,-0.9360433220863342,0.9145131707191467,-0.34287241101264954
42.0,-0.4727475047111511,-0.7845754027366638,2.2499587535858154,-0.9360433220863342,0.9145131707191467,-0.34287241101264954
43.0,-0.4809303383032481,-0.7756644090016683,2.2477215925852456,-0.937513550122579,0.8973036011060079,-0.3537376920382182
44.0,-0.48911317189534503,-0.7667534152666727,2.2454844315846763,-0.9389837781588236,0.880094031492869,-0.3646029730637868
45.0,-0.497296005487442,-0.7578424215316772,2.2432472705841064,-0.9404540061950684,0.8628844618797302,-0.37546825408935547
46.0,-0.497296005487442,-0.7578424215316772,2.2432472705841064,-0.9404540061950684,0.8628844618797302,-0.37546825408935547
47.0,-0.49302397966384887,-0.7559063553810119,2.247942495346069,-0.9544521570205688,0.8762257099151611,-0.3646844446659088
48.0,-0.4887519538402557,-0.7539702892303467,2.2526377201080323,-0.9684503078460693,0.889566957950592,-0.3539006352424622
49.0,-0.4844799280166626,-0.7520342230796814,2.257332944869995,-0.9824484586715698,0.902908205986023,-0.3431168258190155
50.0,-0.48020790219306947,-0.7500981569290162,2.262028169631958,-0.9964466094970703,0.9162494540214539,-0.33233301639556884
51.0,-0.4759358763694763,-0.7481620907783508,2.266723394393921,-1.0104447603225708,0.9295907020568848,-0.3215492069721222
52.0,-0.4759358763694763,-0.7481620907783508,2.266723394393921,-1.0104447603225708,0.9295907020568848,-0.3215492069721222
53.0,-0.4697059467434883,-0.7466930449008942,2.2712029814720154,-1.02315092086792,0.9452377557754517,-0.3106781393289566
54.0,-0.4634760171175003,-0.7452239990234375,2.27568256855011,-1.035857081413269,0.9608848094940186,-0.299807071685791
55.0,-0.4572460874915123,-0.7437549531459808,2.2801621556282043,-1.0485632419586182,0.9765318632125854,-0.2889360040426254
56.0,-0.4510161578655243,-0.7422859072685242,2.284641742706299,-1.0612694025039673,0.9921789169311523,-0.27806493639945984
57.0,-0.4510161578655243,-0.7422859072685242,2.284641742706299,-1.0612694025039673,0.9921789169311523,-0.27806493639945984
58.0,-0.4507705677639354,-0.7429548366503282,2.2806871154091577,-1.0443428754806519,0.9950246539982882,-0.28507085009054706
59.0,-0.45052497766234656,-0.7436237660321322,2.276732488112016,-1.0274163484573364,0.9978703910654242,-0.2920767637816342
60.0,-0.45027938756075775,-0.7442926954139363,2.272777860814875,-1.010489821434021,1.00071612813256,-0.29908267747272144
61.0,-0.4500337974591689,-0.7449616247957404,2.2688232335177334,-0.9935632944107056,1.003561865199696,-0.30608859116380865
62.0,-0.44978820735758,-0.7456305541775443,2.2648686062205923,-0.9766367673873901,1.0064076022668318,-0.31309450485489587
63.0,-0.44954261725599115,-0.7462994835593484,2.2609139789234507,-0.9597102403640747,1.0092533393339678,-0.32010041854598303
64.0,-0.4492970271544023,-0.7469684129411523,2.2569593516263096,-0.9427837133407593,1.0120990764011035,-0.32710633223707025
65.0,-0.4490514370528134,-0.7476373423229564,2.253004724329168,-0.9258571863174438,1.0149448134682395,-0.33411224592815747
66.0,-0.4488058469512246,-0.7483062717047605,2.249050097032027,-0.9089306592941284,1.0177905505353755,-0.34111815961924463
67.0,-0.44856025684963574,-0.7489752010865645,2.2450954697348853,-0.892004132270813,1.0206362876025112,-0.3481240733103319
68.0,-0.4483146667480469,-0.7496441304683685,2.241140842437744,-0.8750776052474976,1.0234820246696472,-0.35512998700141907
69.0,-0.448069076646458,-0.7503130598501726,2.237186215140603,-0.8581510782241821,1.0263277617367832,-0.36213590069250623
70.0,-0.44782348654486914,-0.7509819892319766,2.2332315878434614,-0.8412245512008667,1.029173498803919,-0.3691418143835935
71.0,-0.44757789644328033,-0.7516509186137806,2.2292769605463203,-0.8242980241775513,1.032019235871055,-0.37614772807468067
72.0,-0.44733230634169147,-0.7523198479955847,2.2253223332491787,-0.8073714971542358,1.034864972938191,-0.3831536417657679
73.0,-0.4470867162401026,-0.7529887773773887,2.2213677059520376,-0.7904449701309204,1.0377107100053267,-0.3901595554568551
74.0,-0.44684112613851373,-0.7536577067591927,2.217413078654896,-0.773518443107605,1.0405564470724626,-0.39716546914794226
75.0,-0.44659553603692487,-0.7543266361409967,2.213458451357755,-0.7565919160842896,1.0434021841395984,-0.4041713828390295
76.0,-0.446349945935336,-0.7549955655228008,2.2095038240606133,-0.7396653890609741,1.0462479212067344,-0.4111772965301167
77.0,-0.4461043558337472,-0.7556644949046049,2.205549196763472,-0.7227388620376587,1.0490936582738704,-0.4181832102212039
78.0,-0.4458587657321583,-0.7563334242864088,2.2015945694663306,-0.7058123350143433,1.0519393953410061,-0.42518912391229113
79.0,-0.44561317563056946,-0.7570023536682129,2.1976399421691895,-0.6888858079910278,1.054785132408142,-0.4321950376033783
80.0,-0.44561317563056946,-0.7570023536682129,2.1976399421691895,-0.6888858079910278,1.054785132408142,-0.4321950376033783
81.0,-0.45090445317327976,-0.7558257579803467,2.1987497955560684,-0.7012268044054508,1.0375731028616428,-0.4330098628997803
82.0,-0.45619573071599007,-0.7546491622924805,2.1998596489429474,-0.7135678008198738,1.0203610733151436,-0.43382468819618225
83.0,-0.46148700825870037,-0.7534725666046143,2.2009695023298264,-0.7259087972342968,1.0031490437686443,-0.43463951349258423
84.0,-0.4667782858014107,-0.752295970916748,2.2020793557167053,-0.7382497936487198,0.9859370142221451,-0.4354543387889862
85.0,-0.472069563344121,-0.7511193752288818,2.2031892091035843,-0.7505907900631428,0.9687249846756458,-0.4362691640853882
86.0,-0.4773608408868313,-0.7499427795410156,2.2042990624904633,-0.7629317864775658,0.9515129551291466,-0.43708398938179016
87.0,-0.4826521184295416,-0.7487661838531494,2.2054089158773422,-0.7752727828919888,0.9343009255826473,-0.43789881467819214
88.0,-0.4879433959722519,-0.7475895881652832,2.206518769264221,-0.7876137793064117,0.9170888960361481,-0.4387136399745941
89.0,-0.4932346735149622,-0.746412992477417,2.2076286226511,-0.7999547757208347,0.8998768664896488,-0.4395284652709961
90.0,-0.4985259510576725,-0.7452363967895508,2.208738476037979,-0.8122957721352577,0.8826648369431496,-0.44034329056739807
91.0,-0.5038172286003828,-0.7440598011016846,2.209848329424858,-0.8246367685496807,0.8654528073966503,-0.44115811586380005
92.0,-0.5091085061430931,-0.7428832054138184,2.210958182811737,-0.8369777649641037,0.8482407778501511,-0.441972941160202
93.0,-0.5143997836858034,-0.7417066097259521,2.212068036198616,-0.8493187613785267,0.8310287483036518,-0.442787766456604
94.0,-0.5196910612285137,-0.7405300140380859,2.213177889585495,-0.8616597577929497,0.8138167187571526,-0.443602591753006
95.0,-0.524982338771224,-0.7393534183502197,2.214287742972374,-0.8740007542073727,0.7966046892106533,-0.44441741704940796
96.0,-0.5302736163139343,-0.7381768226623535,2.215397596359253,-0.8863417506217957,0.779392659664154,-0.44523224234580994
97.0,-0.5302736163139343,-0.7381768226623535,2.215397596359253,-0.8863417506217957,0.779392659664154,-0.44523224234580994
98.0,-0.5271178483963013,-0.7476147413253784,2.212554931640625,-0.8708537518978119,0.7811421453952789,-0.44725219905376434
99.0,-0.5239620804786682,-0.7570526599884033,2.209712266921997,-0.8553657531738281,0.7828916311264038,-0.44927215576171875
100.0,-0.5239620804786682,-0.7570526599884033,2.209712266921997,-0.8553657531738281,0.7828916311264038,-0.44927215576171875
101.0,-0.5177914301554362,-0.7635130286216736,2.213300625483195,-0.8591524163881937,0.7966237862904867,-0.4383557339509328
102.0,-0.5116207798322042,-0.7699733972549438,2.216888984044393,-0.8629390796025594,0.8103559414545695,-0.4274393121401469
103.0,-0.5054501295089722,-0.7764337658882141,2.220477342605591,-0.866725742816925,0.8240880966186523,-0.41652289032936096
104.0,-0.5054501295089722,-0.7764337658882141,2.220477342605591,-0.866725742816925,0.8240880966186523,-0.41652289032936096
105.0,-0.4981688857078552,-0.785705953836441,2.222734808921814,-0.8649177849292755,0.8386403620243073,-0.40648970007896423
106.0,-0.4908876419067383,-0.794978141784668,2.224992275238037,-0.863109827041626,0.8531926274299622,-0.3964565098285675
107.0,-0.4908876419067383,-0.794978141784668,2.224992275238037,-0.863109827041626,0.8531926274299622,-0.3964565098285675
108.0,-0.4944207157407488,-0.7954869270324707,2.219046490533011,-0.8472240737506321,0.8408195802143642,-0.40926423243113924
109.0,-0.49795378957475933,-0.7959957122802734,2.2131007058279857,-0.8313383204596383,0.8284465329987662,-0.42207195503371103
110.0,-0.5014868634087699,-0.7965044975280762,2.2071549211229597,-0.8154525671686444,0.8160734857831683,-0.43487967763628277
111.0,-0.5050199372427804,-0.7970132827758789,2.201209136417934,-0.7995668138776507,0.8037004385675702,-0.44768740023885456
112.0,-0.508553011076791,-0.7975220680236816,2.195263351712908,-0.7836810605866569,0.7913273913519723,-0.4604951228414263
113.0,-0.5120860849108014,-0.7980308532714844,2.1893175670078824,-0.767795307295663,0.7789543441363743,-0.47330284544399803
114.0,-0.515619158744812,-0.7985396385192871,2.1833717823028564,-0.7519095540046692,0.7665812969207764,-0.4861105680465698
115.0,-0.515619158744812,-0.7985396385192871,2.1833717823028564,-0.7519095540046692,0.7665812969207764,-0.4861105680465698
116.0,-0.5218878090381622,-0.7878844439983368,2.182902455329895,-0.758931040763855,0.7561025321483612,-0.4929911345243454
117.0,-0.5281564593315125,-0.7772292494773865,2.1824331283569336,-0.7659525275230408,0.745623767375946,-0.49987170100212097
118.0,-0.5281564593315125,-0.7772292494773865,2.1824331283569336,-0.7659525275230408,0.745623767375946,-0.49987170100212097
119.0,-0.5340705513954163,-0.7692751089731852,2.1789180437723794,-0.7629650036493937,0.7329565087954203,-0.5113301277160645
120.0,-0.5399846434593201,-0.761320968468984,2.1754029591878257,-0.7599774797757467,0.7202892502148946,-0.5227885544300079
121.0,-0.5458987355232239,-0.7533668279647827,2.1718878746032715,-0.7569899559020996,0.7076219916343689,-0.5342469811439514
122.0,-0.5458987355232239,-0.7533668279647827,2.1718878746032715,-0.7569899559020996,0.7076219916343689,-0.5342469811439514
123.0,-0.553743988275528,-0.7415190637111664,2.1665555238723755,-0.7532427608966827,0.6919201612472534,-0.5494207143783569
124.0,-0.561589241027832,-0.72967129945755,2.1612231731414795,-0.7494955658912659,0.6762183308601379,-0.5645944476127625
125.0,-0.561589241027832,-0.72967129945755,2.1612231731414795,-0.7494955658912659,0.6762183308601379,-0.5645944476127625
126.0,-0.5638647505215236,-0.7276136577129364,2.154401012829372,-0.7320564133780343,0.667508431843349,-0.579886223588671
127.0,-0.5661402600152152,-0.7255560159683228,2.147578852517264,-0.7146172608648028,0.6587985328265599,-0.5951779995645795
128.0,-0.5684157695089068,-0.7234983742237091,2.1407566922051564,-0.6971781083515712,0.6500886338097709,-0.6104697755404881
129.0,-0.5706912790025983,-0.7214407324790955,2.133934531893049,-0.6797389558383397,0.6413787347929818,-0.6257615515163967
130.0,-0.5729667884962899,-0.7193830907344818,2.1271123715809415,-0.6622998033251082,0.6326688357761928,-0.6410533274923051
131.0,-0.5752422979899815,-0.7173254489898682,2.1202902112688338,-0.6448606508118766,0.6239589367594037,-0.6563451034682137
132.0,-0.5775178074836731,-0.7152678072452545,2.113468050956726,-0.627421498298645,0.6152490377426147,-0.6716368794441223
133.0,-0.5797933169773647,-0.7132101655006409,2.1066458906446184,-0.6099823457854134,0.6065391387258258,-0.6869286554200309
134.0,-0.5820688264710563,-0.7111525237560272,2.0998237303325107,-0.592543193272182,0.5978292397090367,-0.7022204313959394
135.0,-0.5843443359647479,-0.7090948820114136,2.093001570020403,-0.5751040407589504,0.5891193406922477,-0.717512207371848
136.0,-0.5866198454584394,-0.7070372402667999,2.0861794097082957,-0.5576648882457188,0.5804094416754586,-0.7328039833477565
137.0,-0.588895354952131,-0.7049795985221863,2.079357249396188,-0.5402257357324873,0.5716995426586696,-0.748095759323665
138.0,-0.5911708644458226,-0.7029219567775726,2.0725350890840804,-0.5227865832192558,0.5629896436418806,-0.7633875352995736
139.0,-0.5934463739395142,-0.700864315032959,2.0657129287719727,-0.5053474307060242,0.5542797446250916,-0.7786793112754822
140.0,-0.5934463739395142,-0.700864315032959,2.0657129287719727,-0.5053474307060242,0.5542797446250916,-0.7786793112754822
141.0,-0.5888283848762512,-0.7107740640640259,2.0642791986465454,-0.49275751411914825,0.558297336101532,-0.7786853611469269
142.0,-0.5842103958129883,-0.7206838130950928,2.062845468521118,-0.48016759753227234,0.5623149275779724,-0.7786914110183716
143.0,-0.5842103958129883,-0.7206838130950928,2.062845468521118,-0.48016759753227234,0.5623149275779724,-0.7786914110183716
144.0,-0.5811753372351328,-0.725528726975123,2.0694708824157715,-0.49522505700588226,0.5712908903757731,-0.7624891400337219
145.0,-0.5781402786572775,-0.7303736408551534,2.076096296310425,-0.5102825164794922,0.5802668531735738,-0.7462868690490723
146.0,-0.575105220079422,-0.7352185547351837,2.082721710205078,-0.5253399759531021,0.5892428159713745,-0.7300845980644226
147.0,-0.5720701615015665,-0.740063468615214,2.0893471240997314,-0.540397435426712,0.5982187787691752,-0.713882327079773
148.0,-0.5690351029237112,-0.7449083824952444,2.0959725379943848,-0.555454894900322,0.607194741566976,-0.6976800560951233
149.0,-0.5660000443458557,-0.7497532963752747,2.102597951889038,-0.5705123543739319,0.6161707043647766,-0.6814777851104736
150.0,-0.5660000443458557,-0.7497532963752747,2.102597951889038,-0.5705123543739319,0.6161707043647766,-0.6814777851104736
151.0,-0.5604715198278427,-0.7575290352106094,2.10185045003891,-0.5563466846942902,0.6306034326553345,-0.6816849708557129
152.0,-0.5549429953098297,-0.7653047740459442,2.1011029481887817,-0.5421810150146484,0.6450361609458923,-0.6818921566009521
153.0,-0.5494144707918167,-0.773080512881279,2.1003554463386536,-0.5280153453350067,0.6594688892364502,-0.6820993423461914
154.0,-0.5438859462738037,-0.7808562517166138,2.0996079444885254,-0.513849675655365,0.6739016175270081,-0.6823065280914307
155.0,-0.5438859462738037,-0.7808562517166138,2.0996079444885254,-0.513849675655365,0.6739016175270081,-0.6823065280914307
156.0,-0.540359044737286,-0.7786680976549785,2.0943404224183824,-0.49652142590946624,0.690332539876302,-0.6870683656798469
157.0,-0.5368321432007683,-0.776479943593343,2.0890729003482393,-0.47919317616356744,0.7067634622255962,-0.691830203268263
158.0,-0.5333052416642506,-0.7742917895317077,2.0838053782780963,-0.46186492641766863,0.7231943845748902,-0.6965920408566793
159.0,-0.5297783401277331,-0.7721036354700724,2.0785378562079537,-0.4445366766717699,0.7396253069241842,-0.7013538784450954
160.0,-0.5262514385912154,-0.7699154814084371,2.0732703341378107,-0.42720842692587113,0.7560562292734782,-0.7061157160335116
161.0,-0.5227245370546977,-0.7677273273468017,2.0680028120676677,-0.4098801771799723,0.7724871516227723,-0.710877553621928
162.0,-0.51919763551818,-0.7655391732851664,2.0627352899975246,-0.3925519274340735,0.7889180739720663,-0.7156393912103441
163.0,-0.5156707339816623,-0.7633510192235311,2.0574677679273816,-0.3752236776881748,0.8053489963213603,-0.7204012287987603
164.0,-0.5121438324451446,-0.7611628651618958,2.0522002458572386,-0.357895427942276,0.8217799186706543,-0.7251630663871765
165.0,-0.508616930908627,-0.7589747111002604,2.046932723787096,-0.3405671781963772,0.8382108410199484,-0.7299249039755927
166.0,-0.5050900293721093,-0.7567865570386251,2.041665201716953,-0.3232389284504784,0.8546417633692424,-0.7346867415640089
167.0,-0.5015631278355916,-0.7545984029769898,2.03639767964681,-0.30591067870457966,0.8710726857185364,-0.7394485791524251
168.0,-0.49803622629907396,-0.7524102489153544,2.031130157576667,-0.28858242895868086,0.8875036080678305,-0.7442104167408413
169.0,-0.49450932476255627,-0.750222094853719,2.025862635506524,-0.2712541792127821,0.9039345304171245,-0.7489722543292575
170.0,-0.4909824232260386,-0.7480339407920837,2.020595113436381,-0.2539259294668833,0.9203654527664185,-0.7537340919176737
171.0,-0.48745552168952094,-0.7458457867304484,2.015327591366238,-0.23659767972098456,0.9367963751157125,-0.75849592950609
172.0,-0.48392862015300325,-0.7436576326688131,2.0100600692960953,-0.2192694299750858,0.9532272974650065,-0.7632577670945062
173.0,-0.4804017186164856,-0.7414694786071777,2.0047925472259522,-0.201941180229187,0.9696582198143006,-0.7680196046829224
174.0,-0.4768748170799679,-0.7392813245455424,1.9995250251558092,-0.18461293048328825,0.9860891421635946,-0.7727814422713386
175.0,-0.47334791554345024,-0.7370931704839071,1.9942575030856662,-0.16728468073738945,1.0025200645128887,-0.7775432798597548
176.0,-0.46982101400693255,-0.7349050164222717,1.9889899810155232,-0.1499564309914907,1.0189509868621827,-0.782305117448171
177.0,-0.4662941124704149,-0.7327168623606364,1.9837224589453804,-0.1326281812455919,1.0353819092114767,-0.7870669550365872
178.0,-0.4627672109338972,-0.7305287082990011,1.9784549368752373,-0.11529993149969309,1.0518128315607707,-0.7918287926250034
179.0,-0.4592403093973796,-0.7283405542373658,1.9731874148050945,-0.09797168175379434,1.0682437539100647,-0.7965906302134196
180.0,-0.4557134078608619,-0.7261524001757304,1.9679198927349515,-0.08064343200789553,1.0846746762593589,-0.8013524678018358
181.0,-0.4521865063243442,-0.723964246114095,1.9626523706648085,-0.06331518226199673,1.1011055986086529,-0.806114305390252
182.0,-0.4486596047878265,-0.7217760920524597,1.9573848485946654,-0.045986932516098034,1.1175365209579469,-0.8108761429786682
183.0,-0.4451327032513089,-0.7195879379908243,1.9521173265245226,-0.02865868277019923,1.1339674433072409,-0.8156379805670844
184.0,-0.4416058017147912,-0.717399783929189,1.9468498044543796,-0.01133043302430048,1.1503983656565349,-0.8203998181555007
185.0,-0.4380789001782735,-0.7152116298675537,1.9415822823842366,0.005997816721598381,1.1668292880058289,-0.8251616557439169
186.0,-0.43455199864175587,-0.7130234758059184,1.9363147603140938,0.02332606646749713,1.1832602103551229,-0.8299234933323331
187.0,-0.4310250971052382,-0.7108353217442831,1.9310472382439507,0.04065431621339588,1.1996911327044169,-0.8346853309207493
188.0,-0.4274981955687205,-0.7086471676826477,1.9257797161738077,0.05798256595929463,1.2161220550537108,-0.8394471685091655
189.0,-0.42397129403220285,-0.7064590136210124,1.920512194103665,0.07531081570519338,1.2325529774030048,-0.8442090060975816
190.0,-0.42044439249568516,-0.7042708595593771,1.9152446720335219,0.09263906545109224,1.2489838997522988,-0.8489708436859978
191.0,-0.41691749095916747,-0.7020827054977417,1.9099771499633789,0.10996731519699099,1.265414822101593,-0.853732681274414
192.0,-0.41339058942264983,-0.6998945514361063,1.9047096278932358,0.12729556494288985,1.281845744450887,-0.8584945188628303
193.0,-0.40986368788613214,-0.697706397374471,1.899442105823093,0.1446238146887885,1.298276666800181,-0.8632563564512464
194.0,-0.40633678634961445,-0.6955182433128357,1.89417458375295,0.16195206443468735,1.3147075891494753,-0.8680181940396627
195.0,-0.40280988481309676,-0.6933300892512003,1.888907061682807,0.1792803141805861,1.3311385114987693,-0.8727800316280789
196.0,-0.39928298327657913,-0.691141935189565,1.8836395396126642,0.19660856392648485,1.3475694338480633,-0.8775418692164951
197.0,-0.39575608174006144,-0.6889537811279297,1.8783720175425211,0.2139368136723836,1.3640003561973573,-0.8823037068049113
198.0,-0.39222918020354375,-0.6867656270662943,1.8731044954723781,0.23126506341828246,1.3804312785466513,-0.8870655443933275
199.0,-0.3887022786670261,-0.684577473004659,1.8678369734022353,0.2485933131641812,1.3968622008959453,-0.8918273819817437
200.0,-0.3851753771305084,-0.6823893189430237,1.8625694513320923,0.26592156291007996,1.4132931232452393,-0.8965892195701599
201.0,-0.3851753771305084,-0.6823893189430237,1.8625694513320923,0.26592156291007996,1.4132931232452393,-0.8965892195701599
202.0,-0.3828430771827698,-0.6789043545722961,1.8520084023475647,0.2805658280849457,1.4281039834022522,-0.8778367340564728
203.0,-0.38051077723503113,-0.6754193902015686,1.841447353363037,0.2952100932598114,1.4429148435592651,-0.8590842485427856
204.0,-0.38051077723503113,-0.6754193902015686,1.841447353363037,0.2952100932598114,1.4429148435592651,-0.8590842485427856
205.0,-0.3837149739265442,-0.6719726324081421,1.837420403957367,0.3093877583742142,1.4492570161819458,-1.4082920551300049
206.0,-0.38691917061805725,-0.6685258746147156,1.8333934545516968,0.32356542348861694,1.4555991888046265,-1.9574998617172241
207.0,-0.38691917061805725,-0.6685258746147156,1.8333934545516968,0.32356542348861694,1.4555991888046265,-1.9574998617172241
208.0,-0.3930662274360657,-0.6645134389400482,1.8221532702445984,0.33447596430778503,1.446682631969452,-1.5064390301704407
209.0,-0.3992132842540741,-0.6605010032653809,1.8109130859375,0.3453865051269531,1.4377660751342773,-1.0553781986236572
210.0,-0.3992132842540741,-0.6605010032653809,1.8109130859375,0.3453865051269531,1.4377660751342773,-1.0553781986236572
211.0,-0.4040353000164032,-0.6558923721313477,1.8008339405059814,0.36023780703544617,1.4462151527404785,-1.5179429650306702
212.0,-0.4088573157787323,-0.6512837409973145,1.790754795074463,0.3750891089439392,1.4546642303466797,-1.980507731437683
213.0,-0.4088573157787323,-0.6512837409973145,1.790754795074463,0.3750891089439392,1.4546642303466797,-1.980507731437683
214.0,-0.4116550087928772,-0.6494577725728353,1.7849458853403728,0.3785121242205302,1.4418379068374634,-1.7239063183466594
215.0,-0.4144527018070221,-0.6476318041483561,1.7791369756062825,0.38193513949712116,1.429011583328247,-1.4673049052556357
216.0,-0.417250394821167,-0.645805835723877,1.7733280658721924,0.38535815477371216,1.4161852598190308,-1.2107034921646118
217.0,-0.417250394821167,-0.645805835723877,1.7733280658721924,0.38535815477371216,1.4161852598190308,-1.2107034921646118
218.0,-0.4116487999757131,-0.6437268753846487,1.7678207357724507,0.39476170142491657,1.4324010411898296,-1.3347105582555134
219.0,-0.4060472051302592,-0.6416479150454203,1.7623134056727092,0.40416524807612103,1.4486168225606282,-1.4587176243464153
220.0,-0.4004456102848053,-0.639568954706192,1.7568060755729675,0.41356879472732544,1.464832603931427,-1.582724690437317
221.0,-0.3948440154393514,-0.6374899943669637,1.7512987454732258,0.42297234137852985,1.4810483853022258,-1.7067317565282185
222.0,-0.3892424205938975,-0.6354110340277354,1.7457914153734844,0.4323758880297343,1.4972641666730244,-1.8307388226191201
223.0,-0.3836408257484436,-0.6333320736885071,1.7402840852737427,0.4417794346809387,1.5134799480438232,-1.954745888710022
224.0,-0.3836408257484436,-0.6333320736885071,1.7402840852737427,0.4417794346809387,1.5134799480438232,-1.954745888710022
225.0,-0.3869129717350006,-0.6286508043607076,1.7272487084070842,0.4530661702156067,1.5126860936482747,-1.9580764373143513
226.0,-0.3901851177215576,-0.6239695350329081,1.7142133315404255,0.46435290575027466,1.5118922392527263,-1.961406985918681
227.0,-0.3934572637081146,-0.6192882657051086,1.701177954673767,0.4756396412849426,1.5110983848571777,-1.9647375345230103
228.0,-0.3934572637081146,-0.6192882657051086,1.701177954673767,0.4756396412849426,1.5110983848571777,-1.9647375345230103
229.0,-0.39738407731056213,-0.6129809617996216,1.6838451623916626,0.4901171922683716,1.510582447052002,-1.9687222242355347
230.0,-0.39738407731056213,-0.6129809617996216,1.6838451623916626,0.4901171922683716,1.510582447052002,-1.9687222242355347
231.0,-0.40554236620664597,-0.6110305935144424,1.6804071068763733,0.49201254546642303,1.4940639436244965,-1.9774559438228607
232.0,-0.4137006551027298,-0.6090802252292633,1.676969051361084,0.4939078986644745,1.477545440196991,-1.9861896634101868
233.0,-0.42185894399881363,-0.6071298569440842,1.6735309958457947,0.49580325186252594,1.4610269367694855,-1.9949233829975128
234.0,-0.43001723289489746,-0.605179488658905,1.6700929403305054,0.4976986050605774,1.44450843334198,-2.003657102584839
235.0,-0.43001723289489746,-0.605179488658905,1.6700929403305054,0.4976986050605774,1.44450843334198,-2.003657102584839
236.0,-0.4283407926559448,-0.6101508140563965,1.6828029155731201,0.4852917343378067,1.4348767399787903,-1.7271114587783813
237.0,-0.4266643524169922,-0.6151221394538879,1.6955128908157349,0.472884863615036,1.4252450466156006,-1.4505658149719238
238.0,-0.4266643524169922,-0.6151221394538879,1.6955128908157349,0.472884863615036,1.4252450466156006,-1.4505658149719238
239.0,-0.42908675968647003,-0.6095364540815353,1.682528704404831,0.48693399876356125,1.4154769480228424,-1.4929815828800201
240.0,-0.4315091669559479,-0.6039507687091827,1.669544517993927,0.5009831339120865,1.4057088494300842,-1.5353973507881165
241.0,-0.4339315742254257,-0.5983650833368301,1.656560331583023,0.5150322690606117,1.395940750837326,-1.5778131186962128
242.0,-0.43635398149490356,-0.5927793979644775,1.6435761451721191,0.529081404209137,1.3861726522445679,-1.620228886604309
243.0,-0.43635398149490356,-0.5927793979644775,1.6435761451721191,0.529081404209137,1.3861726522445679,-1.620228886604309
244.0,-0.4352283477783203,-0.5869839787483215,1.6282786130905151,0.5422699749469757,1.381567656993866,-1.6381254196166992
245.0,-0.43410271406173706,-0.5811885595321655,1.6129810810089111,0.5554585456848145,1.376962661743164,-1.6560219526290894
246.0,-0.43410271406173706,-0.5811885595321655,1.6129810810089111,0.5554585456848145,1.376962661743164,-1.6560219526290894
247.0,-0.4320554733276367,-0.5760484486818314,1.6001819372177124,0.5693008750677109,1.3850379884243011,-1.6974262595176697
248.0,-0.4300082325935364,-0.5709083378314972,1.5873827934265137,0.5831432044506073,1.3931133151054382,-1.73883056640625
249.0,-0.42796099185943604,-0.565768226981163,1.574583649635315,0.5969855338335037,1.4011886417865753,-1.7802348732948303
250.0,-0.4259137511253357,-0.5606281161308289,1.5617845058441162,0.6108278632164001,1.4092639684677124,-1.8216391801834106
251.0,-0.4259137511253357,-0.5606281161308289,1.5617845058441162,0.6108278632164001,1.4092639684677124,-1.8216391801834106
252.0,-0.42447569966316223,-0.5575104355812073,1.5534627437591553,0.6165732741355896,1.3943121433258057,-1.804276466369629
253.0,-0.42447569966316223,-0.5575104355812073,1.5534627437591553,0.6165732741355896,1.3943121433258057,-1.804276466369629
254.0,-0.42278223236401874,-0.5560322602589926,1.5481305122375488,0.6188652316729227,1.4116829633712769,-1.8673840363820393
255.0,-0.4210887650648753,-0.5545540849367777,1.5427982807159424,0.621157189210256,1.429053783416748,-1.93049160639445
256.0,-0.4193952977657318,-0.553075909614563,1.537466049194336,0.6234491467475891,1.4464246034622192,-1.9935991764068604
257.0,-0.4193952977657318,-0.553075909614563,1.537466049194336,0.6234491467475891,1.4464246034622192,-1.9935991764068604
258.0,-0.4165712594985962,-0.5473061501979828,1.5229480862617493,0.6365802884101868,1.4484017491340637,-1.9906688928604126
259.0,-0.41374722123146057,-0.5415363907814026,1.5084301233291626,0.6497114300727844,1.4503788948059082,-1.9877386093139648
260.0,-0.41374722123146057,-0.5415363907814026,1.5084301233291626,0.6497114300727844,1.4503788948059082,-1.9877386093139648
261.0,-0.4071750193834305,-0.5453184545040131,1.5144352316856384,0.6408590525388718,1.4665718972682953,-1.9805252850055695
262.0,-0.4006028175354004,-0.5491005182266235,1.5204403400421143,0.6320066750049591,1.4827648997306824,-1.973311960697174
263.0,-0.3940306156873703,-0.552882581949234,1.52644544839859,0.6231542974710464,1.4989579021930695,-1.9660986363887787
264.0,-0.3874584138393402,-0.5566646456718445,1.532450556755066,0.6143019199371338,1.5151509046554565,-1.9588853120803833
265.0,-0.3874584138393402,-0.5566646456718445,1.532450556755066,0.6143019199371338,1.5151509046554565,-1.9588853120803833
266.0,-0.3839467465877533,-0.5503796339035034,1.5157010555267334,0.6263180176417033,1.5173992315928142,-1.9553201993306477
267.0,-0.3804350793361664,-0.5440946221351624,1.4989515542984009,0.6383341153462728,1.5196475585301716,-1.9517550865809123
268.0,-0.37692341208457947,-0.5378096103668213,1.4822020530700684,0.6503502130508423,1.5218958854675293,-1.9481899738311768
269.0,-0.37692341208457947,-0.5378096103668213,1.4822020530700684,0.6503502130508423,1.5218958854675293,-1.9481899738311768
270.0,-0.3739968091249466,-0.5321861803531647,1.4675670266151428,0.6608041226863861,1.5257384777069092,-1.9451837539672852
271.0,-0.3710702061653137,-0.5265627503395081,1.4529320001602173,0.6712580323219299,1.529581069946289,-1.9421775341033936
272.0,-0.3710702061653137,-0.5265627503395081,1.4529320001602173,0.6712580323219299,1.529581069946289,-1.9421775341033936
273.0,-0.3651859313249588,-0.5213765799999237,1.4389686584472656,0.6802582144737244,1.5323631167411804,-1.936241328716278
274.0,-0.3593016564846039,-0.5161904096603394,1.425005316734314,0.6892583966255188,1.5351451635360718,-1.9303051233291626
275.0,-0.3593016564846039,-0.5161904096603394,1.425005316734314,0.6892583966255188,1.5351451635360718,-1.9303051233291626
276.0,-0.3630261495709419,-0.5101435855031013,1.413599818944931,0.7041218280792236,1.524350881576538,-1.934233546257019
277.0,-0.36675064265727997,-0.5040967613458633,1.402194321155548,0.7189852595329285,1.5135565996170044,-1.9381619691848755
278.0,-0.370475135743618,-0.49804993718862534,1.3907888233661652,0.7338486909866333,1.5027623176574707,-1.942090392112732
279.0,-0.37419962882995605,-0.49200311303138733,1.3793833255767822,0.7487121224403381,1.491968035697937,-1.9460188150405884
280.0,-0.37419962882995605,-0.49200311303138733,1.3793833255767822,0.7487121224403381,1.491968035697937,-1.9460188150405884
281.0,-0.36721378564834595,-0.4864851012825966,1.3652713000774384,0.759384423494339,1.4951420426368713,-1.9388759136199951
282.0,-0.36022794246673584,-0.48096708953380585,1.3511592745780945,0.7700567245483398,1.4983160495758057,-1.9317330121994019
283.0,-0.35324209928512573,-0.4754490777850151,1.3370472490787506,0.7807290256023407,1.50149005651474,-1.9245901107788086
284.0,-0.3462562561035156,-0.46993106603622437,1.3229352235794067,0.7914013266563416,1.5046640634536743,-1.9174472093582153
285.0,-0.3462562561035156,-0.46993106603622437,1.3229352235794067,0.7914013266563416,1.5046640634536743,-1.9174472093582153
286.0,-0.3417593836784363,-0.4657367020845413,1.3109527826309204,0.7955873012542725,1.5117859244346619,-1.912807583808899
287.0,-0.33726251125335693,-0.4615423381328583,1.298970341682434,0.7997732758522034,1.5189077854156494,-1.9081679582595825
288.0,-0.33726251125335693,-0.4615423381328583,1.298970341682434,0.7997732758522034,1.5189077854156494,-1.9081679582595825
289.0,-0.33540406078100204,-0.4683501124382019,1.3122669458389282,0.7830301374197006,1.5274026691913605,-1.906281739473343
290.0,-0.33354561030864716,-0.47515788674354553,1.3255635499954224,0.7662869989871979,1.5358975529670715,-1.9043955206871033
291.0,-0.33168715983629227,-0.48196566104888916,1.3388601541519165,0.7495438605546951,1.5443924367427826,-1.9025093019008636
292.0,-0.3298287093639374,-0.4887734353542328,1.3521567583084106,0.7328007221221924,1.5528873205184937,-1.900623083114624
293.0,-0.3298287093639374,-0.4887734353542328,1.3521567583084106,0.7328007221221924,1.5528873205184937,-1.900623083114624
294.0,-0.3354837542230433,-0.4859472486105832,1.3513554009524258,0.7453356601975181,1.537016207521612,-1.9411750490015203
295.0,-0.34113879908214917,-0.48312106186693365,1.3505540435964412,0.7578705982728438,1.5211450945247302,-1.9817270148884167
296.0,-0.34679384394125506,-0.48029487512328406,1.3497526862404563,0.7704055363481694,1.5052739815278486,-2.022278980775313
297.0,-0.35244888880036096,-0.4774686883796345,1.3489513288844714,0.7829404744234952,1.489402868530967,-2.0628309466622095
298.0,-0.35810393365946686,-0.4746425016359849,1.3481499715284868,0.7954754124988209,1.4735317555340854,-2.1033829125491055
299.0,-0.3637589785185727,-0.4718163148923354,1.347348614172502,0.8080103505741466,1.4576606425372036,-2.143934878436002
300.0,-0.3694140233776786,-0.4689901281486858,1.3465472568165173,0.8205452886494723,1.441789529540322,-2.1844868443228984
301.0,-0.3750690682367845,-0.46616394140503625,1.3457458994605325,0.8330802267247981,1.4259184165434404,-2.2250388102097944
302.0,-0.3807241130958904,-0.46333775466138666,1.3449445421045476,0.8456151648001238,1.4100473035465586,-2.265590776096691
303.0,-0.3863791579549963,-0.46051156791773706,1.344143184748563,0.8581501028754495,1.394176190549677,-2.306142741983587
304.0,-0.3920342028141022,-0.4576853811740875,1.3433418273925781,0.8706850409507751,1.3783050775527954,-2.3466947078704834
305.0,-0.3920342028141022,-0.4576853811740875,1.3433418273925781,0.8706850409507751,1.3783050775527954,-2.3466947078704834
306.0,-0.3926025554537773,-0.4634646661579609,1.3533836752176285,0.8548167496919632,1.3845738917589188,-2.3222216963768005
307.0,-0.39317090809345245,-0.46924395114183426,1.3634255230426788,0.8389484584331512,1.3908427059650421,-2.2977486848831177
308.0,-0.3937392607331276,-0.4750232361257076,1.3734673708677292,0.8230801671743393,1.3971115201711655,-2.273275673389435
309.0,-0.39430761337280273,-0.480802521109581,1.3835092186927795,0.8072118759155273,1.4033803343772888,-2.248802661895752
310.0,-0.3948759660124779,-0.48658180609345436,1.39355106651783,0.7913435846567154,1.4096491485834122,-2.224329650402069
311.0,-0.395444318652153,-0.49236109107732773,1.4035929143428802,0.7754752933979034,1.4159179627895355,-2.1998566389083862
312.0,-0.39601267129182816,-0.4981403760612011,1.4136347621679306,0.7596070021390915,1.4221867769956589,-2.1753836274147034
313.0,-0.3965810239315033,-0.5039196610450745,1.423676609992981,0.7437387108802795,1.4284555912017822,-2.1509106159210205
314.0,-0.3965810239315033,-0.5039196610450745,1.423676609992981,0.7437387108802795,1.4284555912017822,-2.1509106159210205
315.0,-0.40304330736398697,-0.5077186673879623,1.4367720186710358,0.737198606133461,1.4123708307743073,-2.123244285583496
316.0,-0.40950559079647064,-0.5115176737308502,1.4498674273490906,0.7306585013866425,1.3962860703468323,-2.0955779552459717
317.0,-0.4159678742289543,-0.5153166800737381,1.4629628360271454,0.7241183966398239,1.3802013099193573,-2.0679116249084473
318.0,-0.422430157661438,-0.519115686416626,1.4760582447052002,0.7175782918930054,1.3641165494918823,-2.040245294570923
319.0,-0.422430157661438,-0.519115686416626,1.4760582447052002,0.7175782918930054,1.3641165494918823,-2.040245294570923
320.0,-0.4231680183575071,-0.5204167966184945,1.4784928510928976,0.7001835814837751,1.3496205518985618,-2.022435019345119
321.0,-0.42390587905357624,-0.521717906820363,1.480927457480595,0.682788871074545,1.335124554305241,-2.0046247441193152
322.0,-0.42464373974964537,-0.5230190170222315,1.4833620638682925,0.6653941606653148,1.3206285567119205,-1.9868144688935114
323.0,-0.4253816004457145,-0.5243201272241,1.48579667025599,0.6479994502560846,1.3061325591185997,-1.9690041936677078
324.0,-0.4261194611417836,-0.5256212374259686,1.4882312766436874,0.6306047398468544,1.2916365615252792,-1.951193918441904
325.0,-0.42685732183785274,-0.5269223476278371,1.4906658830313848,0.6132100294376241,1.2771405639319584,-1.9333836432161002
326.0,-0.42759518253392187,-0.5282234578297056,1.493100489419082,0.595815319028394,1.2626445663386379,-1.9155733679902964
327.0,-0.428333043229991,-0.5295245680315741,1.4955350958067795,0.5784206086191638,1.248148568745317,-1.8977630927644926
328.0,-0.4290709039260601,-0.5308256782334426,1.497969702194477,0.5610258982099335,1.2336525711519966,-1.879952817538689
329.0,-0.42980876462212925,-0.5321267884353111,1.5004043085821743,0.5436311878007034,1.2191565735586758,-1.8621425423128852
330.0,-0.4305466253181984,-0.5334278986371797,1.5028389149698718,0.5262364773914732,1.2046605759653553,-1.8443322670870814
331.0,-0.4312844860142675,-0.5347290088390482,1.5052735213575692,0.5088417669822429,1.1901645783720345,-1.8265219918612776
332.0,-0.4320223467103366,-0.5360301190409167,1.5077081277452666,0.4914470565730128,1.175668580778714,-1.8087117166354738
333.0,-0.43276020740640575,-0.5373312292427852,1.510142734132964,0.47405234616378256,1.1611725831853932,-1.79090144140967
334.0,-0.4334980681024749,-0.5386323394446537,1.5125773405206615,0.45665763575455237,1.1466765855920726,-1.7730911661838662
335.0,-0.434235928798544,-0.5399334496465222,1.515011946908359,0.4392629253453222,1.1321805879987519,-1.7552808909580626
336.0,-0.43497378949461313,-0.5412345598483908,1.5174465532960564,0.421868214936092,1.1176845904054313,-1.7374706157322588
337.0,-0.43571165019068225,-0.5425356700502593,1.5198811596837536,0.40447350452686176,1.1031885928121106,-1.719660340506455
338.0,-0.4364495108867514,-0.5438367802521278,1.522315766071451,0.38707879411763163,1.08869259521879,-1.7018500652806512
339.0,-0.4371873715828205,-0.5451378904539963,1.5247503724591485,0.3696840837084014,1.0741965976254693,-1.6840397900548474
340.0,-0.43792523227888963,-0.5464390006558648,1.527184978846846,0.35228937329917115,1.0597006000321487,-1.6662295148290436
341.0,-0.43866309297495876,-0.5477401108577333,1.5296195852345433,0.33489466288994096,1.0452046024388282,-1.64841923960324
342.0,-0.4394009536710279,-0.5490412210596018,1.5320541916222408,0.31749995248071083,1.0307086048455074,-1.6306089643774362
343.0,-0.440138814367097,-0.5503423312614704,1.5344887980099382,0.3001052420714806,1.0162126072521867,-1.6127986891516324
344.0,-0.44087667506316613,-0.5516434414633389,1.5369234043976356,0.28271053166225035,1.001716609658866,-1.5949884139258286
345.0,-0.44161453575923526,-0.5529445516652074,1.539358010785333,0.26531582125302017,0.9872206120655455,-1.5771781387000248
346.0,-0.4423523964553044,-0.5542456618670759,1.5417926171730305,0.24792111084379004,0.9727246144722248,-1.5593678634742212
347.0,-0.4430902571513735,-0.5555467720689444,1.544227223560728,0.2305264004345598,0.9582286168789041,-1.5415575882484174
348.0,-0.44382811784744264,-0.5568478822708129,1.5466618299484254,0.2131316900253296,0.9437326192855835,-1.5237473130226133
349.0,-0.44456597854351176,-0.5581489924726815,1.5490964363361228,0.19573697961609937,0.9292366216922628,-1.5059370377968098
350.0,-0.4453038392395809,-0.55945010267455,1.55153104272382,0.17834226920686924,0.9147406240989422,-1.4881267625710062
351.0,-0.44604169993565,-0.5607512128764185,1.5539656491115175,0.160947558797639,0.9002446265056215,-1.4703164873452024
352.0,-0.44677956063171914,-0.562052323078287,1.556400255499215,0.14355284838840876,0.8857486289123009,-1.4525062121193986
353.0,-0.44751742132778827,-0.5633534332801555,1.5588348618869123,0.12615813797917863,0.8712526313189802,-1.4346959368935948
354.0,-0.4482552820238574,-0.564654543482024,1.5612694682746098,0.10876342756994839,0.8567566337256597,-1.416885661667791
355.0,-0.4489931427199265,-0.5659556536838926,1.5637040746623072,0.09136871716071815,0.8422606361323389,-1.3990753864419871
356.0,-0.44973100341599564,-0.5672567638857611,1.5661386810500046,0.07397400675148802,0.8277646385390183,-1.3812651112161833
357.0,-0.45046886411206477,-0.5685578740876296,1.568573287437702,0.05657929634225789,0.8132686409456977,-1.3634548359903795
358.0,-0.4512067248081339,-0.5698589842894981,1.5710078938253995,0.03918458593302765,0.7987726433523771,-1.3456445607645757
359.0,-0.451944585504203,-0.5711600944913667,1.573442500213097,0.02178987552379741,0.7842766457590563,-1.327834285538772
360.0,-0.45268244620027215,-0.5724612046932352,1.5758771066007944,0.004395165114567168,0.7697806481657357,-1.3100240103129681
361.0,-0.4534203068963413,-0.5737623148951038,1.5783117129884918,-0.012999545294663073,0.755284650572415,-1.2922137350871643
362.0,-0.4541581675924104,-0.5750634250969723,1.580746319376189,-0.030394255703893203,0.7407886529790945,-1.274403459861361
363.0,-0.4548960282884795,-0.5763645352988408,1.5831809257638865,-0.04778896611312344,0.7262926553857738,-1.2565931846355571
364.0,-0.45563388898454865,-0.5776656455007093,1.585615532151584,-0.06518367652235357,0.711796657792453,-1.2387829094097533
365.0,-0.4563717496806178,-0.5789667557025778,1.5880501385392813,-0.0825783869315837,0.6973006601991325,-1.2209726341839495
366.0,-0.4571096103766869,-0.5802678659044463,1.5904847449269788,-0.09997309734081394,0.6828046626058119,-1.2031623589581457
367.0,-0.45784747107275603,-0.5815689761063149,1.5929193513146762,-0.11736780775004418,0.6683086650124912,-1.185352083732342
368.0,-0.45858533176882516,-0.5828700863081834,1.5953539577023736,-0.13476251815927442,0.6538126674191705,-1.167541808506538
369.0,-0.4593231924648943,-0.5841711965100519,1.597788564090071,-0.15215722856850467,0.6393166698258498,-1.1497315332807343
370.0,-0.4600610531609634,-0.5854723067119204,1.6002231704777685,-0.1695519389777348,0.6248206722325292,-1.1319212580549305
371.0,-0.46079891385703253,-0.5867734169137889,1.602657776865466,-0.18694664938696504,0.6103246746392086,-1.1141109828291267
372.0,-0.46153677455310166,-0.5880745271156574,1.6050923832531634,-0.20434135979619517,0.5958286770458879,-1.0963007076033229
373.0,-0.4622746352491708,-0.589375637317526,1.6075269896408608,-0.2217360702054253,0.5813326794525673,-1.0784904323775195
374.0,-0.4630124959452399,-0.5906767475193945,1.609961596028558,-0.23913078061465554,0.5668366818592466,-1.0606801571517157
375.0,-0.46375035664130904,-0.591977857721263,1.6123962024162555,-0.2565254910238858,0.552340684265926,-1.042869881925912
376.0,-0.46448821733737816,-0.5932789679231315,1.614830808803953,-0.273920201433116,0.5378446866726053,-1.0250596067001079
377.0,-0.4652260780334473,-0.594580078125,1.6172654151916503,-0.29131491184234615,0.5233486890792847,-1.007249331474304
378.0,-0.46596393872951636,-0.5958811883268685,1.6197000215793478,-0.3087096222515764,0.508852691485964,-0.9894390562485005
379.0,-0.46670179942558554,-0.597182298528737,1.6221346279670452,-0.32610433266080663,0.49435669389264336,-0.9716287810226967
380.0,-0.46743966012165467,-0.5984834087306056,1.6245692343547427,-0.34349904307003687,0.4798606962993227,-0.9538185057968929
381.0,-0.4681775208177238,-0.5997845189324741,1.62700384074244,-0.3608937534792669,0.46536469870600217,-0.9360082305710893
382.0,-0.46891538151379286,-0.6010856291343426,1.6294384471301375,-0.37828846388849713,0.4508687011126815,-0.9181979553452855
383.0,-0.46965324220986204,-0.6023867393362111,1.631873053517835,-0.39568317429772737,0.43637270351936075,-0.9003876801194817
384.0,-0.47039110290593117,-0.6036878495380796,1.6343076599055324,-0.4130778847069576,0.4218767059260401,-0.8825774048936779
385.0,-0.4711289636020003,-0.6049889597399482,1.6367422662932298,-0.43047259511618785,0.40738070833271944,-0.8647671296678741
386.0,-0.47186682429806937,-0.6062900699418167,1.639176872680927,-0.44786730552541787,0.3928847107393989,-0.8469568544420703
387.0,-0.47260468499413855,-0.6075911801436852,1.6416114790686245,-0.4652620159346481,0.37838871314607814,-0.8291465792162664
388.0,-0.4733425456902076,-0.6088922903455537,1.644046085456322,-0.48265672634387835,0.3638927155527576,-0.8113363039904626
389.0,-0.4740804063862768,-0.6101934005474222,1.6464806918440194,-0.5000514367531086,0.34939671795943705,-0.793526028764659
390.0,-0.47481826708234587,-0.6114945107492907,1.6489152982317168,-0.5174461471623388,0.3349007203661163,-0.7757157535388552
391.0,-0.47555612777841505,-0.6127956209511592,1.6513499046194142,-0.5348408575715691,0.3204047227727955,-0.7579054783130514
392.0,-0.4762939884744841,-0.6140967311530278,1.6537845110071117,-0.5522355679807991,0.305908725179475,-0.7400952030872476
393.0,-0.4770318491705533,-0.6153978413548963,1.656219117394809,-0.5696302783900293,0.2914127275861542,-0.7222849278614438
394.0,-0.47776970986662237,-0.6166989515567648,1.6586537237825065,-0.5870249887992596,0.27691672999283345,-0.70447465263564
395.0,-0.4785075705626915,-0.6180000617586333,1.661088330170204,-0.6044196992084896,0.26242073239951313,-0.6866643774098364
396.0,-0.4792454312587606,-0.6193011719605018,1.6635229365579014,-0.6218144096177198,0.24792473480619237,-0.6688541021840326
397.0,-0.47998329195482975,-0.6206022821623703,1.6659575429455988,-0.6392091200269501,0.23342873721287183,-0.6510438269582288
398.0,-0.4807211526508989,-0.6219033923642389,1.668392149333296,-0.6566038304361803,0.21893273961955106,-0.633233551732425
399.0,-0.481459013346968,-0.6232045025661074,1.6708267557209935,-0.6739985408454106,0.2044367420262303,-0.6154232765066212
400.0,-0.4821968740430371,-0.6245056127679759,1.673261362108691,-0.6913932512546408,0.18994074443290976,-0.5976130012808174
401.0,-0.4829347347391063,-0.6258067229698444,1.6756959684963884,-0.708787961663871,0.175444746839589,-0.5798027260550136
402.0,-0.4836725954351754,-0.6271078331717129,1.6781305748840858,-0.7261826720731013,0.16094874924626845,-0.5619924508292098
403.0,-0.48441045613124456,-0.6284089433735814,1.6805651812717832,-0.7435773824823315,0.1464527516529477,-0.544182175603406
404.0,-0.48514831682731363,-0.62971005357545,1.6829997876594807,-0.7609720928915615,0.13195675405962715,-0.5263719003776026
405.0,-0.48588617752338276,-0.6310111637773185,1.685434394047178,-0.7783668033007918,0.1174607564663066,-0.5085616251517988
406.0,-0.4866240382194519,-0.632312273979187,1.6878690004348755,-0.795761513710022,0.10296475887298584,-0.490751349925995
407.0,-0.48736189891552106,-0.6336133841810555,1.690303606822573,-0.8131562241192523,0.0884687612796653,-0.4729410747001912
408.0,-0.48809975961159013,-0.634914494382924,1.6927382132102704,-0.8305509345284823,0.07397276368634453,-0.4551307994743874
409.0,-0.4888376203076593,-0.6362156045847925,1.6951728195979678,-0.8479456449377125,0.05947676609302377,-0.4373205242485836
410.0,-0.4895754810037284,-0.637516714786661,1.697607425985665,-0.8653403553469428,0.04498076849970323,-0.4195102490227798
411.0,-0.4903133416997975,-0.6388178249885296,1.7000420323733625,-0.8827350657561728,0.030484770906382685,-0.4016999737969762
412.0,-0.49105120239586664,-0.6401189351903981,1.70247663876106,-0.900129776165403,0.015988773313062143,-0.3838896985711724
413.0,-0.49178906309193576,-0.6414200453922666,1.7049112451487574,-0.9175244865746333,0.0014927757197413793,-0.3660794233453686
414.0,-0.4925269237880049,-0.6427211555941351,1.7073458515364548,-0.9349191969838635,-0.013003221873579385,-0.3482691481195648
415.0,-0.493264784484074,-0.6440222657960036,1.7097804579241522,-0.9523139073930937,-0.027499219466899927,-0.33045887289376097
416.0,-0.49400264518014314,-0.6453233759978722,1.7122150643118497,-0.969708617802324,-0.04199521706022069,-0.31264859766795716
417.0,-0.49474050587621227,-0.6466244861997408,1.714649670699547,-0.9871033282115542,-0.05649121465354123,-0.29483832244215336
418.0,-0.4954783665722814,-0.6479255964016093,1.7170842770872445,-1.0044980386207845,-0.070987212246862,-0.27702804721634955
419.0,-0.4962162272683506,-0.6492267066034778,1.719518883474942,-1.0218927490300147,-0.08548320984018276,-0.25921777199054574
420.0,-0.49695408796441964,-0.6505278168053462,1.7219534898626394,-1.0392874594392447,-0.09997920743350308,-0.24140749676474216
421.0,-0.49769194866048877,-0.6518289270072147,1.7243880962503368,-1.056682169848475,-0.11447520502682385,-0.22359722153893835
422.0,-0.4984298093565579,-0.6531300372090834,1.7268227026380343,-1.0740768802577052,-0.1289712026201444,-0.20578694631313454
423.0,-0.499167670052627,-0.6544311474109519,1.7292573090257317,-1.0914715906669354,-0.14346720021346515,-0.18797667108733074
424.0,-0.49990553074869615,-0.6557322576128204,1.731691915413429,-1.1088663010761655,-0.15796319780678592,-0.17016639586152693
425.0,-0.5006433914447653,-0.6570333678146889,1.7341265218011264,-1.1262610114853957,-0.17245919540010646,-0.15235612063572312
426.0,-0.5013812521408344,-0.6583344780165574,1.7365611281888238,-1.143655721894626,-0.18695519299342722,-0.13454584540991932
427.0,-0.5021191128369036,-0.6596355882184259,1.7389957345765212,-1.161050432303856,-0.20145119058674776,-0.11673557018411596
428.0,-0.5028569735329727,-0.6609366984202945,1.7414303409642187,-1.1784451427130862,-0.2159471881800683,-0.09892529495831215
429.0,-0.5035948342290418,-0.662237808622163,1.743864947351916,-1.1958398531223164,-0.23044318577338907,-0.08111501973250834
430.0,-0.5043326949251109,-0.6635389188240315,1.7462995537396135,-1.2132345635315467,-0.2449391833667096,-0.06330474450670454
431.0,-0.5050705556211801,-0.6648400290259,1.748734160127311,-1.230629273940777,-0.2594351809600304,-0.04549446928090073
432.0,-0.5058084163172492,-0.6661411392277685,1.7511687665150084,-1.2480239843500072,-0.27393117855335114,-0.0276841940550967
433.0,-0.5065462770133183,-0.667442249429637,1.7536033729027056,-1.2654186947592374,-0.2884271761466717,-0.009873918829292894
434.0,-0.5072841377093874,-0.6687433596315056,1.756037979290403,-1.2828134051684676,-0.30292317373999245,0.007936356396510913
435.0,-0.5080219984054566,-0.6700444698333741,1.7584725856781005,-1.3002081155776977,-0.317419171333313,0.02574663162231472
436.0,-0.5087598591015257,-0.6713455800352426,1.760907192065798,-1.3176028259869277,-0.33191516892663353,0.04355690684811808
437.0,-0.5094977197975947,-0.6726466902371111,1.7633417984534954,-1.3349975363961581,-0.3464111665199543,0.06136718207392189
438.0,-0.5102355804936639,-0.6739478004389796,1.7657764048411928,-1.3523922468053882,-0.36090716411327484,0.0791774572997257
439.0,-0.5109734411897331,-0.6752489106408481,1.7682110112288902,-1.3697869572146186,-0.3754031617065956,0.0969877325255295
440.0,-0.5117113018858022,-0.6765500208427166,1.7706456176165877,-1.3871816676238486,-0.38989915929991614,0.11479800775133331
441.0,-0.5124491625818713,-0.6778511310445852,1.773080224004285,-1.404576378033079,-0.4043951568932369,0.13260828297713712
442.0,-0.5131870232779404,-0.6791522412464537,1.7755148303919825,-1.4219710884423091,-0.41889115448655767,0.15041855820294092
443.0,-0.5139248839740096,-0.6804533514483222,1.77794943677968,-1.4393657988515391,-0.433387152079878,0.16822883342874428
444.0,-0.5146627446700787,-0.6817544616501907,1.7803840431673774,-1.4567605092607696,-0.44788314967319875,0.1860391086545481
445.0,-0.5154006053661477,-0.6830555718520592,1.7828186495550749,-1.4741552196699996,-0.4623791472665193,0.2038493838803519
446.0,-0.5161384660622169,-0.6843566820539277,1.7852532559427723,-1.49154993007923,-0.47687514485984006,0.2216596591061557
447.0,-0.5168763267582861,-0.6856577922557963,1.7876878623304697,-1.50894464048846,-0.4913711424531608,0.2394699343319595
448.0,-0.5176141874543552,-0.6869589024576648,1.790122468718167,-1.5263393508976901,-0.5058671400464814,0.2572802095577633
449.0,-0.5183520481504243,-0.6882600126595333,1.7925570751058644,-1.5437340613069206,-0.5203631376398021,0.2750904847835671
450.0,-0.5190899088464934,-0.6895611228614018,1.7949916814935618,-1.5611287717161506,-0.5348591352331229,0.29290076000937093
451.0,-0.5198277695425626,-0.6908622330632703,1.7974262878812592,-1.578523482125381,-0.5493551328264434,0.31071103523517474
452.0,-0.5205656302386317,-0.6921633432651388,1.7998608942689567,-1.595918192534611,-0.563851130419764,0.32852131046097854
453.0,-0.5213034909347007,-0.6934644534670074,1.8022955006566541,-1.613312902943841,-0.5783471280130845,0.34633158568678235
454.0,-0.5220413516307699,-0.6947655636688759,1.8047301070443516,-1.6307076133530716,-0.5928431256064053,0.36414186091258616
455.0,-0.5227792123268391,-0.6960666738707444,1.807164713432049,-1.6481023237623016,-0.607339123199726,0.38195213613838996
456.0,-0.5235170730229082,-0.6973677840726129,1.8095993198197464,-1.665497034171532,-0.6218351207930466,0.39976241136419377
457.0,-0.5242549337189772,-0.6986688942744814,1.8120339262074436,-1.682891744580762,-0.6363311183863671,0.4175726865899976
458.0,-0.5249927944150464,-0.6999700044763499,1.814468532595141,-1.7002864549899925,-0.6508271159796881,0.4353829618158014
459.0,-0.5257306551111156,-0.7012711146782185,1.8169031389828385,-1.7176811653992226,-0.6653231135730082,0.45319323704160475
460.0,-0.5264685158071847,-0.702572224880087,1.819337745370536,-1.7350758758084526,-0.6798191111663292,0.47100351226740855
461.0,-0.5272063765032537,-0.7038733350819555,1.8217723517582334,-1.752470586217683,-0.6943151087596497,0.48881378749321236
462.0,-0.5279442371993229,-0.705174445283824,1.8242069581459308,-1.769865296626913,-0.7088111063529703,0.5066240627190162
463.0,-0.5286820978953921,-0.7064755554856925,1.8266415645336282,-1.7872600070361435,-0.7233071039462913,0.52443433794482
464.0,-0.5294199585914612,-0.707776665687561,1.8290761709213257,-1.8046547174453735,-0.7378031015396118,0.5422446131706238
465.0,-0.5294199585914612,-0.707776665687561,1.8290761709213257,-1.8046547174453735,-0.7378031015396118,0.5422446131706238
466.0,-0.5325440466403961,-0.6912731528282166,1.8169398307800293,-1.7956669330596924,-0.7424261569976807,0.528452068567276
467.0,-0.535668134689331,-0.6747696399688721,1.804803490638733,-1.7866791486740112,-0.7470492124557495,0.5146595239639282
468.0,-0.535668134689331,-0.6747696399688721,1.804803490638733,-1.7866791486740112,-0.7470492124557495,0.5146595239639282
469.0,-0.533839742342631,-0.6676586469014486,1.7924753427505493,-1.7714163462320964,-0.7568396329879761,0.5019907057285309
470.0,-0.532011349995931,-0.660547653834025,1.7801471948623657,-1.7561535437901814,-0.7666300535202026,0.48932188749313354
471.0,-0.530182957649231,-0.6534366607666016,1.7678190469741821,-1.7408907413482666,-0.7764204740524292,0.4766530692577362
472.0,-0.530182957649231,-0.6534366607666016,1.7678190469741821,-1.7408907413482666,-0.7764204740524292,0.4766530692577362
473.0,-0.5371540486812592,-0.6439809799194336,1.7716371417045593,-1.7542577385902405,-0.7656998038291931,0.480960875749588
474.0,-0.5441251397132874,-0.6345252990722656,1.7754552364349365,-1.7676247358322144,-0.754979133605957,0.4852686822414398
475.0,-0.5441251397132874,-0.6345252990722656,1.7754552364349365,-1.7676247358322144,-0.754979133605957,0.4852686822414398
476.0,-0.5456317812204361,-0.6429316401481628,1.78895503282547,-1.7841800153255463,-0.7448303699493408,0.49936460703611374
477.0,-0.5471384227275848,-0.6513379812240601,1.8024548292160034,-1.8007352948188782,-0.7346816062927246,0.5134605318307877
478.0,-0.5486450642347336,-0.6597443222999573,1.8159546256065369,-1.81729057431221,-0.7245328426361084,0.5275564566254616
479.0,-0.5501517057418823,-0.6681506633758545,1.8294544219970703,-1.833845853805542,-0.7143840789794922,0.5416523814201355
480.0,-0.5501517057418823,-0.6681506633758545,1.8294544219970703,-1.833845853805542,-0.7143840789794922,0.5416523814201355
481.0,-0.5581395626068115,-0.6574923992156982,1.8348743915557861,-1.8512344360351562,-0.7014179825782776,0.547761857509613
482.0,-0.5581395626068115,-0.6574923992156982,1.8348743915557861,-1.8512344360351562,-0.7014179825782776,0.547761857509613
483.0,-0.5629639029502869,-0.6445760130882263,1.8301302194595337,-1.8526667356491089,-0.6985526084899902,0.5426933765411377
484.0,-0.5629639029502869,-0.6445760130882263,1.8301302194595337,-1.8526667356491089,-0.6985526084899902,0.5426933765411377
485.0,-0.5652960240840912,-0.6455485582351684,1.838423204421997,-1.8685978055000305,-0.690482360124588,0.5536820530891419
486.0,-0.5676281452178955,-0.6465211033821106,1.8467161893844604,-1.8845288753509521,-0.6824121117591858,0.564670729637146
487.0,-0.5699602663516998,-0.6474936485290528,1.855009174346924,-1.9004599452018738,-0.6743418633937835,0.5756594061851501
488.0,-0.5722923874855042,-0.6484661936759949,1.8633021593093873,-1.9163910150527954,-0.6662716150283814,0.5866480827331543
489.0,-0.5746245086193085,-0.649438738822937,1.8715951442718506,-1.932322084903717,-0.6582013666629791,0.5976367592811584
490.0,-0.5769566297531128,-0.6504112839698791,1.879888129234314,-1.9482531547546387,-0.6501311182975769,0.6086254358291626
491.0,-0.5792887508869171,-0.6513838291168212,1.8881811141967773,-1.9641842246055603,-0.6420608699321747,0.6196141123771668
492.0,-0.5816208720207214,-0.6523563742637635,1.8964740991592408,-1.980115294456482,-0.6339906215667724,0.6306027889251709
493.0,-0.5839529931545258,-0.6533289194107056,1.9047670841217041,-1.9960463643074036,-0.6259203732013703,0.641591465473175
494.0,-0.5862851142883301,-0.6543014645576477,1.9130600690841675,-2.011977434158325,-0.617850124835968,0.6525801420211792
495.0,-0.5862851142883301,-0.6543014645576477,1.9130600690841675,-2.011977434158325,-0.617850124835968,0.6525801420211792
496.0,-0.5850373953580856,-0.6644734144210815,1.924791008234024,-2.0285103917121887,-0.6119467616081238,0.6692598611116409
497.0,-0.5837896764278412,-0.6746453642845154,1.9365219473838806,-2.0450433492660522,-0.6060433983802795,0.6859395802021027
498.0,-0.5825419574975967,-0.6848173141479492,1.9482528865337372,-2.0615763068199158,-0.6001400351524353,0.7026192992925644
499.0,-0.5812942385673523,-0.6949892640113831,1.9599838256835938,-2.0781092643737793,-0.5942366719245911,0.7192990183830261
500.0,-0.5812942385673523,-0.6949892640113831,1.9599838256835938,-2.0781092643737793,-0.5942366719245911,0.7192990183830261
501.0,-0.5750710368156433,-0.7074341475963593,1.957657814025879,-2.0615869760513306,-0.6024351716041565,0.7147715985774994
502.0,-0.5688478350639343,-0.7198790311813354,1.955331802368164,-2.045064687728882,-0.6106336712837219,0.7102441787719727
503.0,-0.5688478350639343,-0.7198790311813354,1.955331802368164,-2.045064687728882,-0.6106336712837219,0.7102441787719727
504.0,-0.5681605637073517,-0.7161772102117538,1.9475429058074951,-2.031282752752304,-0.6163676232099533,0.6987208127975464
505.0,-0.567473292350769,-0.7124753892421722,1.9397540092468262,-2.0175008177757263,-0.6221015751361847,0.6871974468231201
506.0,-0.5667860209941864,-0.7087735682725906,1.9319651126861572,-2.0037188827991486,-0.6278355270624161,0.6756740808486938
507.0,-0.5660987496376038,-0.705071747303009,1.9241762161254883,-1.9899369478225708,-0.6335694789886475,0.6641507148742676
508.0,-0.5660987496376038,-0.705071747303009,1.9241762161254883,-1.9899369478225708,-0.6335694789886475,0.6641507148742676
509.0,-0.5643108401979718,-0.7023250120026725,1.9150644881384713,-1.9737985815320696,-0.6416563732283456,0.6518833126340594
510.0,-0.56252293075834,-0.6995782767023359,1.9059527601514543,-1.9576602152415685,-0.6497432674680438,0.6396159103938511
511.0,-0.5607350213187081,-0.6968315414019993,1.8968410321644373,-1.9415218489510673,-0.6578301617077419,0.627348508153643
512.0,-0.5589471118790763,-0.6940848061016628,1.8877293041774206,-1.925383482660566,-0.66591705594744,0.6150811059134347
513.0,-0.5571592024394444,-0.6913380708013263,1.8786175761904036,-1.909245116370065,-0.6740039501871381,0.6028137036732265
514.0,-0.5553712929998126,-0.6885913355009896,1.8695058482033866,-1.8931067500795637,-0.6820908444268363,0.5905463014330183
515.0,-0.5535833835601807,-0.6858446002006531,1.8603941202163696,-1.8769683837890625,-0.6901777386665344,0.5782788991928101
516.0,-0.5535833835601807,-0.6858446002006531,1.8603941202163696,-1.8769683837890625,-0.6901777386665344,0.5782788991928101
517.0,-0.5495634078979492,-0.6900302370389303,1.8554983139038086,-1.864741563796997,-0.6979995369911194,0.5723749001820883
518.0,-0.5455434322357178,-0.6942158738772074,1.8506025075912476,-1.8525147438049316,-0.7058213353157043,0.5664709011713663
519.0,-0.5415234565734863,-0.6984015107154846,1.8457067012786865,-1.8402879238128662,-0.7136431336402893,0.5605669021606445
520.0,-0.5415234565734863,-0.6984015107154846,1.8457067012786865,-1.8402879238128662,-0.7136431336402893,0.5605669021606445
521.0,-0.5410198916991552,-0.7021754036347071,1.8521273732185364,-1.85759303967158,-0.7150096893310547,0.574049154917399
522.0,-0.540516326824824,-0.7059492965539297,1.8585480451583862,-1.8748981555302937,-0.7163762450218201,0.5875314076741537
523.0,-0.5400127619504929,-0.7097231894731522,1.864968717098236,-1.8922032713890076,-0.7177428007125854,0.6010136604309082
524.0,-0.5395091970761617,-0.7134970823923746,1.871389389038086,-1.9095083872477214,-0.7191093564033508,0.6144959131876627
525.0,-0.5390056322018305,-0.7172709753115972,1.8778100609779358,-1.926813503106435,-0.7204759120941162,0.6279781659444174
526.0,-0.5385020673274994,-0.7210448682308197,1.8842307329177856,-1.944118618965149,-0.7218424677848816,0.6414604187011719
527.0,-0.5379985024531683,-0.7248187611500422,1.8906514048576355,-1.9614237348238628,-0.723209023475647,0.6549426714579264
528.0,-0.537494937578837,-0.7285926540692648,1.8970720767974854,-1.9787288506825764,-0.7245755791664124,0.668424924214681
529.0,-0.5369913727045059,-0.7323665469884872,1.9034927487373352,-1.9960339665412903,-0.7259421348571777,0.6819071769714355
530.0,-0.5364878078301748,-0.7361404399077097,1.909913420677185,-2.013339082400004,-0.7273086905479431,0.6953894297281901
531.0,-0.5359842429558436,-0.7399143328269323,1.916334092617035,-2.030644198258718,-0.7286752462387085,0.7088716824849446
532.0,-0.5354806780815125,-0.7436882257461548,1.9227547645568848,-2.0479493141174316,-0.7300418019294739,0.7223539352416992
533.0,-0.5354806780815125,-0.7436882257461548,1.9227547645568848,-2.0479493141174316,-0.7300418019294739,0.7223539352416992
534.0,-0.5318066080411276,-0.7470598883099027,1.9251780377493963,-2.0652675363752575,-0.7466258737776015,0.7331071827146742
535.0,-0.5281325380007426,-0.7504315508736504,1.9276013109419081,-2.082585758633084,-0.7632099456257291,0.7438604301876492
536.0,-0.5244584679603577,-0.7538032134373983,1.9300245841344197,-2.0999039808909097,-0.7797940174738566,0.7546136776606241
537.0,-0.5207843979199728,-0.7571748760011461,1.9324478573269315,-2.117222203148736,-0.7963780893219842,0.7653669251335992
538.0,-0.5171103278795878,-0.760546538564894,1.934871130519443,-2.134540425406562,-0.8129621611701118,0.7761201726065742
539.0,-0.5134362578392029,-0.7639182011286417,1.9372944037119548,-2.151858647664388,-0.8295462330182394,0.7868734200795492
540.0,-0.509762187798818,-0.7672898636923896,1.9397176769044664,-2.169176869922214,-0.8461303048663669,0.7976266675525241
541.0,-0.506088117758433,-0.7706615262561374,1.9421409500969782,-2.1864950921800403,-0.8627143767144945,0.8083799150254991
542.0,-0.5024140477180481,-0.7740331888198853,1.9445642232894897,-2.203813314437866,-0.8792984485626221,0.8191331624984741
543.0,-0.5024140477180481,-0.7740331888198853,1.9445642232894897,-2.203813314437866,-0.8792984485626221,0.8191331624984741
544.0,-0.5066066063367404,-0.7729001136926504,1.9533284994272084,-2.2190521496992845,-0.8628891064570501,0.8330002839748676
545.0,-0.5107991649554326,-0.7717670385654156,1.9620927755649273,-2.234290984960703,-0.846479764351478,0.846867405451261
546.0,-0.5149917235741248,-0.7706339634381808,1.970857051702646,-2.2495298202221212,-0.830070422245906,0.8607345269276545
547.0,-0.5191842821928171,-0.769500888310946,1.979621327840365,-2.264768655483539,-0.8136610801403339,0.8746016484040481
548.0,-0.5233768408115094,-0.7683678131837112,1.9883856039780836,-2.2800074907449575,-0.7972517380347619,0.8884687698804415
549.0,-0.5275693994302016,-0.7672347380564764,1.9971498801158025,-2.295246326006376,-0.7808423959291898,0.902335891356835
550.0,-0.5317619580488938,-0.7661016629292414,2.0059141562535214,-2.310485161267794,-0.7644330538236178,0.9162030128332285
551.0,-0.5359545166675861,-0.7649685878020066,2.01467843239124,-2.3257239965292125,-0.7480237117180457,0.9300701343096219
552.0,-0.5401470752862784,-0.7638355126747718,2.023442708528959,-2.340962831790631,-0.7316143696124737,0.9439372557860154
553.0,-0.5443396339049706,-0.762702437547537,2.0322069846666775,-2.3562016670520487,-0.7152050275069016,0.957804377262409
554.0,-0.5485321925236628,-0.7615693624203022,2.0409712608043966,-2.371440502313467,-0.6987956854013296,0.9716714987388024
555.0,-0.5527247511423551,-0.7604362872930673,2.0497355369421153,-2.3866793375748854,-0.6823863432957575,0.9855386202151959
556.0,-0.5569173097610474,-0.7593032121658325,2.058499813079834,-2.4019181728363037,-0.6659770011901855,0.9994057416915894
557.0,-0.5569173097610474,-0.7593032121658325,2.058499813079834,-2.4019181728363037,-0.6659770011901855,0.9994057416915894
558.0,-0.5594789336125056,-0.7550374964872996,2.0548537969589233,-2.3852360049883523,-0.6566744248072306,0.9840267151594162
559.0,-0.5620405574639639,-0.7507717808087667,2.0512077808380127,-2.3685538371404014,-0.6473718484242758,0.968647688627243
560.0,-0.5646021813154221,-0.7465060651302338,2.047561764717102,-2.35187166929245,-0.6380692720413208,0.9532686620950699
561.0,-0.5671638051668803,-0.7422403494517008,2.0439157485961914,-2.3351895014444985,-0.6287666956583658,0.9378896355628967
562.0,-0.5697254290183386,-0.737974633773168,2.0402697324752808,-2.3185073335965476,-0.619464119275411,0.9225106090307236
563.0,-0.5722870528697968,-0.733708918094635,2.03662371635437,-2.301825165748596,-0.610161542892456,0.9071315824985504
564.0,-0.574848676721255,-0.729443202416102,2.0329777002334595,-2.285142997900645,-0.6008589665095011,0.8917525559663773
565.0,-0.5774103005727133,-0.7251774867375692,2.029331684112549,-2.268460830052694,-0.5915563901265463,0.8763735294342041
566.0,-0.5799719244241714,-0.7209117710590363,2.025685667991638,-2.2517786622047424,-0.5822538137435913,0.860994502902031
567.0,-0.5825335482756296,-0.7166460553805033,2.0220396518707275,-2.235096494356791,-0.5729512373606364,0.8456154763698578
568.0,-0.585095172127088,-0.7123803397019705,2.018393635749817,-2.21841432650884,-0.5636486609776815,0.8302364498376846
569.0,-0.5876567959785461,-0.7081146240234375,2.0147476196289062,-2.2017321586608887,-0.5543460845947266,0.8148574233055115
570.0,-0.5876567959785461,-0.7081146240234375,2.0147476196289062,-2.2017321586608887,-0.5543460845947266,0.8148574233055115
571.0,-0.5904621779918671,-0.7035006483395895,2.01941180229187,-2.2184144655863443,-0.5488988955815634,0.824089765548706
572.0,-0.593267560005188,-0.6988866726557413,2.024075984954834,-2.2350967725118003,-0.5434517065684,0.8333221077919006
573.0,-0.5960729420185089,-0.6942726969718933,2.028740167617798,-2.251779079437256,-0.5380045175552368,0.8425544500350952
574.0,-0.5988783240318298,-0.6896587212880453,2.0334043502807617,-2.2684613863627114,-0.5325573285420736,0.8517867922782898
575.0,-0.6016837060451508,-0.6850447456041971,2.0380685329437256,-2.2851436932881675,-0.5271101395289103,0.8610191345214844
576.0,-0.6044890880584717,-0.6804307699203491,2.0427327156066895,-2.301826000213623,-0.5216629505157471,0.870251476764679
577.0,-0.6044890880584717,-0.6804307699203491,2.0427327156066895,-2.301826000213623,-0.5216629505157471,0.870251476764679
578.0,-0.6087229549884796,-0.667614221572876,2.035544991493225,-2.295266270637512,-0.5212258696556091,0.8578117191791534
579.0,-0.6129568219184875,-0.6547976732254028,2.0283572673797607,-2.2887065410614014,-0.5207887887954712,0.8453719615936279
580.0,-0.6129568219184875,-0.6547976732254028,2.0283572673797607,-2.2887065410614014,-0.5207887887954712,0.8453719615936279
581.0,-0.6102938254674276,-0.65948885679245,2.024754047393799,-2.274653116861979,-0.5254865884780884,0.8381056189537048
582.0,-0.6076308290163676,-0.6641800403594971,2.021150827407837,-2.260599692662557,-0.5301843881607056,0.8308392763137817
583.0,-0.6049678325653076,-0.6688712239265442,2.017547607421875,-2.2465462684631348,-0.5348821878433228,0.8235729336738586
584.0,-0.6049678325653076,-0.6688712239265442,2.017547607421875,-2.2465462684631348,-0.5348821878433228,0.8235729336738586
585.0,-0.6057252362370491,-0.6685461290180683,2.0233027040958405,-2.2639385908842087,-0.5309707559645176,0.8364178277552128
586.0,-0.6064826399087906,-0.6682210341095924,2.029057800769806,-2.2813309133052826,-0.5270593240857124,0.8492627218365669
587.0,-0.6072400435805321,-0.6678959392011166,2.0348128974437714,-2.2987232357263565,-0.5231478922069073,0.8621076159179211
588.0,-0.6079974472522736,-0.6675708442926407,2.040567994117737,-2.3161155581474304,-0.5192364603281021,0.8749525099992752
589.0,-0.608754850924015,-0.6672457493841648,2.0463230907917023,-2.3335078805685043,-0.515325028449297,0.8877974040806293
590.0,-0.6095122545957565,-0.6669206544756889,2.0520781874656677,-2.3509002029895782,-0.5114135965704918,0.9006422981619835
591.0,-0.610269658267498,-0.6665955595672131,2.057833284139633,-2.368292525410652,-0.5075021646916866,0.9134871922433376
592.0,-0.6110270619392395,-0.6662704646587372,2.0635883808135986,-2.385684847831726,-0.5035907328128815,0.9263320863246918
593.0,-0.611784465610981,-0.6659453697502613,2.069343477487564,-2.4030771702528,-0.4996793009340763,0.9391769804060459
594.0,-0.6125418692827225,-0.6656202748417854,2.0750985741615295,-2.420469492673874,-0.49576786905527115,0.9520218744874
595.0,-0.613299272954464,-0.6652951799333096,2.080853670835495,-2.437861815094948,-0.491856437176466,0.9648667685687542
596.0,-0.6140566766262054,-0.6649700850248337,2.0866087675094604,-2.4552541375160217,-0.4879450052976608,0.9777116626501083
597.0,-0.6148140802979469,-0.6646449901163578,2.092363864183426,-2.4726464599370956,-0.48403357341885567,0.9905565567314625
598.0,-0.6155714839696884,-0.6643198952078819,2.0981189608573914,-2.4900387823581696,-0.4801221415400505,1.0034014508128166
599.0,-0.6163288876414299,-0.663994800299406,2.103874057531357,-2.5074311047792435,-0.47621070966124535,1.0162463448941708
600.0,-0.6170862913131714,-0.6636697053909302,2.1096291542053223,-2.5248234272003174,-0.4722992777824402,1.029091238975525
601.0,-0.6170862913131714,-0.6636697053909302,2.1096291542053223,-2.5248234272003174,-0.4722992777824402,1.029091238975525
602.0,-0.6217581629753113,-0.651265025138855,2.1032779216766357,-2.5170981884002686,-0.47115418314933777,1.014776885509491
603.0,-0.6264300346374512,-0.6388603448867798,2.096926689147949,-2.5093729496002197,-0.47000908851623535,1.000462532043457
604.0,-0.6264300346374512,-0.6388603448867798,2.096926689147949,-2.5093729496002197,-0.47000908851623535,1.000462532043457
605.0,-0.6263970902987889,-0.6391527737889972,2.101890870503017,-2.525942938668387,-0.4675828814506531,1.0136108568736486
606.0,-0.6263641459601266,-0.6394452026912144,2.1068550518580844,-2.542512927736555,-0.4651566743850708,1.02675918170384
607.0,-0.6263312016214643,-0.6397376315934318,2.111819233213152,-2.5590829168047224,-0.4627304673194885,1.0399075065340315
608.0,-0.6262982572828021,-0.640030060495649,2.11678341456822,-2.57565290587289,-0.46030426025390625,1.0530558313642229
609.0,-0.6262653129441398,-0.6403224893978664,2.1217475959232877,-2.5922228949410573,-0.457878053188324,1.0662041561944144
610.0,-0.6262323686054775,-0.6406149183000837,2.1267117772783553,-2.608792884009225,-0.4554518461227417,1.0793524810246058
611.0,-0.6261994242668152,-0.640907347202301,2.131675958633423,-2.6253628730773926,-0.4530256390571594,1.0925008058547974
612.0,-0.6261994242668152,-0.640907347202301,2.131675958633423,-2.6253628730773926,-0.4530256390571594,1.0925008058547974
613.0,-0.6261994242668152,-0.640907347202301,2.131675958633423,-2.6253628730773926,-0.4530256390571594,1.0925008058547974
614.0,-0.6262192130088806,-0.6486445069313049,2.127164125442505,-2.6070895195007324,-0.44699791073799133,1.0749555826187134
615.0,-0.6262608170509338,-0.6579104661941528,2.119312047958374,-2.568310499191284,-0.43524301052093506,1.0386377573013306
616.0,-0.6263232231140137,-0.6666321754455566,2.1087753772735596,-2.5100479125976562,-0.41831356287002563,0.9847155213356018
617.0,-0.6264050602912903,-0.6744228601455688,2.0958735942840576,-2.4338669776916504,-0.39665883779525757,0.9146271347999573
618.0,-0.6265048384666443,-0.6811203956604004,2.0808804035186768,-2.3413965702056885,-0.37071168422698975,0.8298398852348328
619.0,-0.6266212463378906,-0.6865883469581604,2.06406307220459,-2.2342705726623535,-0.3409029543399811,0.7318241000175476
620.0,-0.6267527341842651,-0.6906918883323669,2.0456886291503906,-2.1141247749328613,-0.3076633810997009,0.6220505833625793
621.0,-0.6268978118896484,-0.6932956576347351,2.0260233879089355,-1.9825937747955322,-0.27142319083213806,0.5019893646240234
622.0,-0.6270549297332764,-0.6942648887634277,2.0053327083587646,-1.8413121700286865,-0.23261216282844543,0.37311044335365295
623.0,-0.6272224187850952,-0.6934649348258972,1.9838809967041016,-1.6919140815734863,-0.19166019558906555,0.23688389360904694
624.0,-0.627398669719696,-0.6907598972320557,1.961932897567749,-1.536032795906067,-0.1489967405796051,0.09478045254945755
625.0,-0.6275821328163147,-0.6860138177871704,1.9397532939910889,-1.3753015995025635,-0.1050511971116066,-0.051729466766119
626.0,-0.6277711987495422,-0.6790915131568909,1.9176067113876343,-1.2113548517227173,-0.060252875089645386,-0.2011757642030716
627.0,-0.6279643177986145,-0.6698634624481201,1.8957561254501343,-1.0458269119262695,-0.015031089074909687,-0.3520885705947876
628.0,-0.628159761428833,-0.6582515239715576,1.8744524717330933,-0.8803486824035645,0.03018447943031788,-0.502997875213623
629.0,-0.6283557415008545,-0.6445378661155701,1.8538589477539062,-0.716538667678833,0.07496146112680435,-0.6524333953857422
630.0,-0.6285501718521118,-0.6291190981864929,1.8341116905212402,-0.5560098886489868,0.1188657134771347,-0.79892498254776
631.0,-0.6287409067153931,-0.6124066710472107,1.8153437376022339,-0.4003753662109375,0.16146282851696014,-0.941002607345581
632.0,-0.6289258003234863,-0.594814658164978,1.7976878881454468,-0.2512475252151489,0.20231816172599792,-1.0771969556808472
633.0,-0.6291024684906006,-0.5767569541931152,1.7812772989273071,-0.11023858934640884,0.24099703133106232,-1.2060377597808838
634.0,-0.6292685866355896,-0.5586474537849426,1.7662444114685059,0.02103932574391365,0.27706459164619446,-1.326055884361267
635.0,-0.6294215321540833,-0.5409002900123596,1.7527217864990234,0.1409740149974823,0.3100859820842743,-1.435782790184021
636.0,-0.629558801651001,-0.5239294767379761,1.740842342376709,0.24795334041118622,0.339626282453537,-1.5337486267089844
637.0,-0.6296778917312622,-0.5081490874290466,1.7307389974594116,0.34036585688591003,0.3652506470680237,-1.6184837818145752
638.0,-0.6297765374183655,-0.4939742982387543,1.7225449085235596,0.4166008234024048,0.3865238130092621,-1.688518762588501
639.0,-0.6298525333404541,-0.48182955384254456,1.7163925170898438,0.4750520586967468,0.40300998091697693,-1.7423869371414185
640.0,-0.6299037933349609,-0.47221988439559937,1.7124031782150269,0.5141621828079224,0.4142704904079437,-1.7786518335342407
641.0,-0.6299285292625427,-0.46624964475631714,1.7106062173843384,0.532801628112793,0.4198666214942932,-1.7961561679840088
642.0,-0.6299285292625427,-0.46624964475631714,1.7106062173843384,0.532801628112793,0.4198666214942932,-1.7961561679840088
643.0,-0.6299285292625427,-0.46624964475631714,1.7106062173843384,0.532801628112793,0.4198666214942932,-1.7961561679840088
644.0,-0.6259748339653015,-0.4782609740893046,1.716380516688029,0.5240789850552877,0.4219083587328593,-1.7800416946411133
645.0,-0.6220211386680603,-0.4902722438176473,1.7221548159917195,0.5153563419977824,0.42395009597142536,-1.7639272212982178
646.0,-0.6180674433708191,-0.50228351354599,1.7279291152954102,0.5066336989402771,0.42599183320999146,-1.7478127479553223
647.0,-0.6180674433708191,-0.50228351354599,1.7279291152954102,0.5066336989402771,0.42599183320999146,-1.7478127479553223
648.0,-0.617369760166515,-0.5078615654598583,1.7334135987541892,0.49023641781373456,0.42605762860991736,-1.729731473055753
649.0,-0.6166720769622109,-0.5134396173737266,1.7388980822129683,0.473839136687192,0.4261234240098433,-1.7116501981561834
650.0,-0.6159743937579069,-0.5190176692875949,1.7443825656717473,0.45744185556064954,0.4261892194097692,-1.693568923256614
651.0,-0.6152767105536028,-0.5245957212014631,1.7498670491305264,0.441044574434107,0.42625501480969513,-1.6754876483570447
652.0,-0.6145790273492987,-0.5301737731153314,1.7553515325893054,0.42464729330756446,0.4263208102096211,-1.657406373457475
653.0,-0.6138813441449945,-0.5357518250291997,1.7608360160480847,0.40825001218102197,0.426386605609547,-1.6393250985579058
654.0,-0.6131836609406904,-0.5413298769430681,1.7663204995068638,0.39185273105447943,0.42645240100947296,-1.6212438236583364
655.0,-0.6124859777363864,-0.5469079288569364,1.7718049829656428,0.3754554499279369,0.42651819640939886,-1.6031625487587668
656.0,-0.6117882945320823,-0.5524859807708047,1.7772894664244219,0.3590581688013944,0.42658399180932477,-1.5850812738591975
657.0,-0.6110906113277782,-0.558064032684673,1.782773949883201,0.3426608876748518,0.42664978720925073,-1.566999998959628
658.0,-0.6103929281234741,-0.5636420845985413,1.78825843334198,0.3262636065483093,0.42671558260917664,-1.5489187240600586
659.0,-0.6103929281234741,-0.5636420845985413,1.78825843334198,0.3262636065483093,0.42671558260917664,-1.5489187240600586
660.0,-0.616223007440567,-0.5525683760643005,1.7885400652885437,0.3119973987340927,0.4220973700284958,-1.5457799434661865
661.0,-0.6220530867576599,-0.5414946675300598,1.7888216972351074,0.2977311909198761,0.41747915744781494,-1.5426411628723145
662.0,-0.6220530867576599,-0.5414946675300598,1.7888216972351074,0.2977311909198761,0.41747915744781494,-1.5426411628723145
663.0,-0.6199877262115479,-0.5500548481941223,1.795304298400879,0.2810043692588806,0.4194003939628601,-1.5220059951146443
664.0,-0.6179223656654358,-0.5586150288581848,1.8017868995666504,0.26427754759788513,0.4213216304779053,-1.5013708273569744
665.0,-0.6158570051193237,-0.5671752095222473,1.8082695007324219,0.24755072593688965,0.42324286699295044,-1.4807356595993042
666.0,-0.6158570051193237,-0.5671752095222473,1.8082695007324219,0.24755072593688965,0.42324286699295044,-1.4807356595993042
667.0,-0.6146343797445297,-0.5733982250094414,1.814113512635231,0.23140561673790216,0.4250343590974808,-1.4625109136104584
668.0,-0.6134117543697357,-0.5796212404966354,1.8199575245380402,0.21526050753891468,0.4268258512020111,-1.4442861676216125
669.0,-0.6121891289949417,-0.5858442559838295,1.8258015364408493,0.1991153983399272,0.42861734330654144,-1.4260614216327667
670.0,-0.6109665036201477,-0.5920672714710236,1.8316455483436584,0.1829702891409397,0.4304088354110718,-1.407836675643921
671.0,-0.6097438782453537,-0.5982902869582176,1.8374895602464676,0.16682517994195223,0.4322003275156021,-1.389611929655075
672.0,-0.6085212528705597,-0.6045133024454117,1.8433335721492767,0.15068007074296474,0.43399181962013245,-1.3713871836662292
673.0,-0.6072986274957657,-0.6107363179326057,1.8491775840520859,0.13453496154397726,0.4357833117246628,-1.3531624376773834
674.0,-0.6060760021209717,-0.6169593334197998,1.855021595954895,0.11838985234498978,0.4375748038291931,-1.3349376916885376
675.0,-0.6060760021209717,-0.6169593334197998,1.855021595954895,0.11838985234498978,0.4375748038291931,-1.3349376916885376
676.0,-0.6096574266751608,-0.6114722490310669,1.8583219051361084,0.1010848730802536,0.43550630410512287,-1.325878659884135
677.0,-0.6132388512293497,-0.605985164642334,1.8616222143173218,0.08377989381551743,0.43343780438105267,-1.3168196280797322
678.0,-0.6168202757835388,-0.6004980802536011,1.8649225234985352,0.06647491455078125,0.4313693046569824,-1.3077605962753296
679.0,-0.6168202757835388,-0.6004980802536011,1.8649225234985352,0.06647491455078125,0.4313693046569824,-1.3077605962753296
680.0,-0.6178408145904541,-0.6007513523101806,1.869454312324524,0.049729522317647934,0.4318630874156952,-1.2941725492477416
681.0,-0.6188613533973694,-0.6010046243667603,1.8739861011505128,0.03298413008451462,0.43235687017440794,-1.2805845022201539
682.0,-0.6198818922042847,-0.6012578964233398,1.8785178899765014,0.016238737851381295,0.43285065293312075,-1.2669964551925659
683.0,-0.6209024310111999,-0.6015111684799195,1.8830496788024902,-0.0005066543817520142,0.4333444356918335,-1.2534084081649781
684.0,-0.6219229698181152,-0.601764440536499,1.887581467628479,-0.01725204661488533,0.43383821845054626,-1.2398203611373901
685.0,-0.6219229698181152,-0.601764440536499,1.887581467628479,-0.01725204661488533,0.43383821845054626,-1.2398203611373901
686.0,-0.6244561672210693,-0.5932286620140076,1.8810718059539795,-0.0019346393644809716,0.4301555514335632,-1.2590457677841187
687.0,-0.6269893646240234,-0.5846928834915162,1.87456214427948,0.013382767885923387,0.4264728844165802,-1.2782711744308473
688.0,-0.6295225620269775,-0.5761571049690246,1.8680524826049805,0.02870017513632775,0.42279021739959716,-1.2974965810775756
689.0,-0.6320557594299316,-0.5676213264465332,1.861542820930481,0.044017582386732104,0.41910755038261416,-1.3167219877243042
690.0,-0.6345889568328857,-0.5590855479240417,1.8550331592559814,0.05933498963713646,0.4154248833656311,-1.3359473943710327
691.0,-0.6345889568328857,-0.5590855479240417,1.8550331592559814,0.05933498963713646,0.4154248833656311,-1.3359473943710327
692.0,-0.6351172460450066,-0.554518547323015,1.8493141995535956,0.07600346207618713,0.41425326466560364,-1.3528740141126845
693.0,-0.6356455352571275,-0.5499515467219882,1.8435952398512099,0.09267193451523781,0.41308164596557617,-1.3698006338543363
694.0,-0.6361738244692484,-0.5453845461209615,1.837876280148824,0.10934040695428848,0.4119100272655487,-1.386727253595988
695.0,-0.6367021136813693,-0.5408175455199348,1.8321573204464383,0.12600887939333916,0.41073840856552124,-1.4036538733376398
696.0,-0.6372304028934903,-0.536250544918908,1.8264383607440524,0.14267735183238983,0.4095667898654938,-1.4205804930792914
697.0,-0.6377586921056112,-0.5316835443178812,1.8207194010416667,0.1593458242714405,0.4083951711654663,-1.4375071128209431
698.0,-0.6382869813177321,-0.5271165437168546,1.8150004413392808,0.17601429671049118,0.40722355246543884,-1.454433732562595
699.0,-0.638815270529853,-0.5225495431158278,1.8092814816368952,0.19268276914954185,0.4060519337654114,-1.4713603523042467
700.0,-0.6393435597419739,-0.517982542514801,1.8035625219345093,0.20935124158859253,0.4048803150653839,-1.4882869720458984
701.0,-0.6393435597419739,-0.517982542514801,1.8035625219345093,0.20935124158859253,0.4048803150653839,-1.4882869720458984
702.0,-0.6360752880573273,-0.5237540006637573,1.802575945854187,0.21990658342838287,0.4072593003511429,-1.4923383593559265
703.0,-0.6328070163726807,-0.5295254588127136,1.8015893697738647,0.23046192526817322,0.40963828563690186,-1.4963897466659546
704.0,-0.6328070163726807,-0.5295254588127136,1.8015893697738647,0.23046192526817322,0.40963828563690186,-1.4963897466659546
705.0,-0.6300509792787058,-0.5329127576616075,1.803020508201034,0.22967010902033913,0.4267445007960002,-1.491024829723217
706.0,-0.6272949421847308,-0.5363000565105014,1.8044516466282032,0.22887829277250502,0.44385071595509845,-1.485659912780479
707.0,-0.6245389050907559,-0.5396873553593954,1.8058827850553725,0.22808647652467093,0.4609569311141968,-1.4802949958377414
708.0,-0.621782867996781,-0.5430746542082893,1.8073139234825417,0.2272946602768368,0.47806314627329505,-1.4749300788950037
709.0,-0.6190268309028061,-0.5464619530571831,1.808745061909711,0.22650284402900273,0.4951693614323934,-1.469565161952266
710.0,-0.6162707938088311,-0.549849251906077,1.8101762003368802,0.2257110277811686,0.5122755765914917,-1.4642002450095282
711.0,-0.6135147567148562,-0.553236550754971,1.8116073387640494,0.22491921153333452,0.52938179175059,-1.4588353280667905
712.0,-0.6107587196208812,-0.5566238496038649,1.8130384771912187,0.2241273952855004,0.5464880069096882,-1.4534704111240528
713.0,-0.6080026825269064,-0.5600111484527588,1.814469615618388,0.22333557903766632,0.5635942220687866,-1.4481054941813152
714.0,-0.6052466454329314,-0.5633984473016527,1.8159007540455572,0.22254376278983223,0.5807004372278849,-1.4427405772385773
715.0,-0.6024906083389565,-0.5667857461505466,1.8173318924727264,0.22175194654199812,0.5978066523869832,-1.4373756602958396
716.0,-0.5997345712449815,-0.5701730449994405,1.8187630308998957,0.22096013029416403,0.6149128675460815,-1.432010743353102
717.0,-0.5969785341510067,-0.5735603438483344,1.820194169327065,0.22016831404632992,0.6320190827051798,-1.4266458264103643
718.0,-0.5942224970570317,-0.5769476426972283,1.821625307754234,0.21937649779849583,0.6491252978642781,-1.4212809094676264
719.0,-0.5914664599630568,-0.5803349415461222,1.8230564461814032,0.2185846815506617,0.6662315130233765,-1.4159159925248888
720.0,-0.5887104228690818,-0.5837222403950162,1.8244875846085724,0.21779286530282763,0.6833377281824747,-1.410551075582151
721.0,-0.585954385775107,-0.5871095392439101,1.8259187230357417,0.2170010490549935,0.700443943341573,-1.4051861586394134
722.0,-0.583198348681132,-0.590496838092804,1.827349861462911,0.21620923280715942,0.7175501585006714,-1.3998212416966755
723.0,-0.5804423115871571,-0.5938841369416978,1.8287809998900801,0.21541741655932534,0.7346563736597698,-1.3944563247539379
724.0,-0.5776862744931821,-0.5972714357905917,1.8302121383172494,0.21462560031149122,0.7517625888188679,-1.3890914078112002
725.0,-0.5749302373992072,-0.6006587346394857,1.8316432767444186,0.21383378406365713,0.7688688039779663,-1.3837264908684626
726.0,-0.5721742003052323,-0.6040460334883796,1.8330744151715879,0.21304196781582302,0.7859750191370646,-1.3783615739257247
727.0,-0.5694181632112574,-0.6074333323372735,1.834505553598757,0.21225015156798893,0.8030812342961628,-1.372996656982987
728.0,-0.5666621261172824,-0.6108206311861674,1.8359366920259264,0.21145833532015482,0.8201874494552612,-1.3676317400402493
729.0,-0.5639060890233075,-0.6142079300350614,1.8373678304530956,0.21066651907232073,0.8372936646143595,-1.3622668230975117
730.0,-0.5611500519293326,-0.6175952288839552,1.8387989688802648,0.20987470282448661,0.8543998797734578,-1.3569019061547738
731.0,-0.5583940148353577,-0.6209825277328491,1.840230107307434,0.20908288657665253,0.8715060949325562,-1.3515369892120361
732.0,-0.5583940148353577,-0.6209825277328491,1.840230107307434,0.20908288657665253,0.8715060949325562,-1.3515369892120361
733.0,-0.5562505977494376,-0.6258020911897931,1.8485250643321447,0.19213868145431792,0.8773033448628017,-1.3292207036699568
734.0,-0.5541071806635175,-0.6306216546467373,1.856820021356855,0.1751944763319833,0.8831005947930473,-1.3069044181278773
735.0,-0.5519637635775975,-0.6354412181036813,1.8651149783815657,0.15825027120964869,0.8888978447232928,-1.284588132585798
736.0,-0.5498203464916774,-0.6402607815606254,1.873409935406276,0.14130606608731405,0.8946950946535382,-1.2622718470437186
737.0,-0.5476769294057574,-0.6450803450175694,1.8817048924309867,0.12436186096497946,0.9004923445837838,-1.2399555615016393
738.0,-0.5455335123198373,-0.6498999084745135,1.889999849455697,0.10741765584264483,0.9062895945140294,-1.2176392759595598
739.0,-0.5433900952339172,-0.6547194719314575,1.8982948064804077,0.09047345072031021,0.9120868444442749,-1.1953229904174805
740.0,-0.5433900952339172,-0.6547194719314575,1.8982948064804077,0.09047345072031021,0.9120868444442749,-1.1953229904174805
741.0,-0.5461677312850952,-0.6542602227284358,1.9005917723362262,0.0784913206902834,0.8949488665048893,-1.1896043970034673
742.0,-0.5489453673362732,-0.6538009735254141,1.9028887381920447,0.06650919066025661,0.8778108885655036,-1.1838858035894542
743.0,-0.5517230033874512,-0.6533417243223923,1.9051857040478632,0.0545270606302298,0.860672910626118,-1.1781672101754408
744.0,-0.5545006394386292,-0.6528824751193707,1.9074826699036818,0.042544930600203,0.8435349326867324,-1.1724486167614276
745.0,-0.5572782754898071,-0.6524232259163489,1.9097796357595003,0.030562800570176192,0.8263969547473468,-1.1667300233474145
746.0,-0.5600559115409851,-0.6519639767133273,1.9120766016153188,0.01858067054014939,0.8092589768079611,-1.1610114299334013
747.0,-0.5628335475921631,-0.6515047275103055,1.9143735674711375,0.006598540510122583,0.7921209988685755,-1.155292836519388
748.0,-0.5656111836433411,-0.6510454783072839,1.916670533326956,-0.005383589519904211,0.7749830209291898,-1.1495742431053748
749.0,-0.568388819694519,-0.6505862291042621,1.9189674991827745,-0.017365719549931005,0.7578450429898043,-1.1438556496913617
750.0,-0.571166455745697,-0.6501269799012405,1.921264465038593,-0.029347849579957827,0.7407070650504186,-1.1381370562773485
751.0,-0.573944091796875,-0.6496677306982187,1.9235614308944116,-0.041329979609984635,0.723569087111033,-1.1324184628633351
752.0,-0.576721727848053,-0.649208481495197,1.92585839675023,-0.05331210964001143,0.7064311091716473,-1.126699869449322
753.0,-0.579499363899231,-0.6487492322921753,1.9281553626060486,-0.06529423967003822,0.6892931312322617,-1.1209812760353088
754.0,-0.5822769999504089,-0.6482899830891535,1.930452328461867,-0.07727636970006505,0.672155153292876,-1.1152626826212957
755.0,-0.5850546360015869,-0.6478307338861319,1.9327492943176856,-0.08925849973009184,0.6550171753534904,-1.1095440892072825
756.0,-0.5878322720527649,-0.6473714846831101,1.9350462601735041,-0.10124062976011863,0.6378791974141047,-1.1038254957932692
757.0,-0.5906099081039429,-0.6469122354800885,1.9373432260293226,-0.11322275979014543,0.620741219474719,-1.098106902379256
758.0,-0.5933875441551208,-0.6464529862770667,1.9396401918851411,-0.12520488982017222,0.6036032415353335,-1.0923883089652429
759.0,-0.5961651802062988,-0.6459937370740451,1.9419371577409597,-0.13718701985019907,0.5864652635959478,-1.0866697155512297
760.0,-0.5989428162574768,-0.6455344878710233,1.9442341235967784,-0.14916914988022587,0.5693272856565622,-1.0809511221372163
761.0,-0.6017204523086548,-0.6450752386680016,1.946531089452597,-0.16115127991025263,0.5521893077171766,-1.0752325287232032
762.0,-0.6044980883598328,-0.6446159894649799,1.9488280553084154,-0.17313340994027948,0.5350513297777909,-1.06951393530919
763.0,-0.6072757244110107,-0.6441567402619582,1.951125021164234,-0.18511553997030628,0.5179133518384053,-1.0637953418951769
764.0,-0.6100533604621887,-0.6436974910589365,1.9534219870200524,-0.19709767000033307,0.5007753738990197,-1.0580767484811635
765.0,-0.6128309965133667,-0.6432382418559148,1.955718952875871,-0.20907980003035986,0.483637395959634,-1.0523581550671504
766.0,-0.6156086325645447,-0.6427789926528931,1.9580159187316895,-0.22106193006038666,0.4664994180202484,-1.0466395616531372
767.0,-0.6156086325645447,-0.6427789926528931,1.9580159187316895,-0.22106193006038666,0.4664994180202484,-1.0466395616531372
768.0,-0.617077961564064,-0.6409420669078827,1.9625149071216583,-0.2374105267226696,0.4673757404088974,-1.035838633775711
769.0,-0.6185472905635834,-0.6391051411628723,1.9670138955116272,-0.25375912338495255,0.4682520627975464,-1.025037705898285
770.0,-0.6200166195631027,-0.6372682154178619,1.971512883901596,-0.2701077200472355,0.4691283851861954,-1.0142367780208588
771.0,-0.6214859485626221,-0.6354312896728516,1.976011872291565,-0.28645631670951843,0.47000470757484436,-1.0034358501434326
772.0,-0.6214859485626221,-0.6354312896728516,1.976011872291565,-0.28645631670951843,0.47000470757484436,-1.0034358501434326
773.0,-0.6216736606189183,-0.6358587656702314,1.9807180677141463,-0.3014167717524937,0.47252305916377474,-0.9916249513626099
774.0,-0.6218613726752145,-0.6362862416676113,1.9854242631367274,-0.31637722679546904,0.4750414107527052,-0.9798140525817871
775.0,-0.6220490847315107,-0.6367137176649911,1.9901304585593087,-0.3313376818384443,0.47755976234163555,-0.9680031538009644
776.0,-0.622236796787807,-0.637141193662371,1.99483665398189,-0.3462981368814196,0.480078113930566,-0.9561922550201416
777.0,-0.6224245088441032,-0.6375686696597508,1.9995428494044714,-0.36125859192439486,0.48259646551949636,-0.9443813562393188
778.0,-0.6226122209003994,-0.6379961456571307,2.0042490448270525,-0.3762190469673702,0.4851148171084268,-0.9325704574584961
779.0,-0.6227999329566956,-0.6384236216545105,2.008955240249634,-0.39117950201034546,0.4876331686973572,-0.9207595586776733
780.0,-0.6227999329566956,-0.6384236216545105,2.008955240249634,-0.39117950201034546,0.4876331686973572,-0.9207595586776733
781.0,-0.6234639414719173,-0.6354326222624097,2.0028983610016957,-0.3741622971636908,0.4841248627219881,-0.9362807529313224
782.0,-0.624127949987139,-0.632441622870309,1.996841481753758,-0.35714509231703623,0.4806165567466191,-0.9518019471849714
783.0,-0.6247919585023608,-0.6294506234782082,1.9907846025058202,-0.3401278874703816,0.47710825077125,-0.9673231414386204
784.0,-0.6254559670175824,-0.6264596240861076,1.9847277232578822,-0.323110682623727,0.473599944795881,-0.9828443356922695
785.0,-0.6261199755328042,-0.6234686246940068,1.9786708440099443,-0.30609347777707235,0.47009163882051197,-0.9983655299459184
786.0,-0.6267839840480259,-0.6204776253019061,1.9726139647620065,-0.28907627293041777,0.4665833328451429,-1.0138867241995675
787.0,-0.6274479925632477,-0.6174866259098053,1.9665570855140686,-0.2720590680837631,0.46307502686977386,-1.0294079184532166
788.0,-0.6281120010784694,-0.6144956265177045,1.9605002062661308,-0.25504186323710853,0.4595667208944048,-1.0449291127068656
789.0,-0.6287760095936912,-0.6115046271256038,1.954443327018193,-0.2380246583904539,0.45605841491903576,-1.0604503069605147
790.0,-0.6294400181089129,-0.608513627733503,1.948386447770255,-0.22100745354379928,0.45255010894366676,-1.0759715012141635
791.0,-0.6301040266241346,-0.6055226283414024,1.942329568522317,-0.20399024869714466,0.4490418029682977,-1.0914926954678126
792.0,-0.6307680351393563,-0.6025316289493016,1.9362726892743791,-0.18697304385049004,0.44553349699292866,-1.1070138897214616
793.0,-0.6314320436545781,-0.5995406295572009,1.9302158100264413,-0.16995583900383543,0.4420251910175596,-1.1225350839751107
794.0,-0.6320960521697998,-0.5965496301651001,1.9241589307785034,-0.1529386341571808,0.43851688504219055,-1.1380562782287598
795.0,-0.6320960521697998,-0.5965496301651001,1.9241589307785034,-0.1529386341571808,0.43851688504219055,-1.1380562782287598
796.0,-0.6300681233406067,-0.5995851159095764,1.9210135142008464,-0.1391749083995819,0.43896955251693726,-1.1461023092269897
797.0,-0.6280401945114136,-0.6026206016540527,1.9178680976231892,-0.12541118264198303,0.43942221999168396,-1.1541483402252197
798.0,-0.6260122656822205,-0.605656087398529,1.9147226810455322,-0.11164745688438416,0.43987488746643066,-1.1621943712234497
799.0,-0.6260122656822205,-0.605656087398529,1.9147226810455322,-0.11164745688438416,0.43987488746643066,-1.1621943712234497
800.0,-0.6243428071339925,-0.6109595855077108,1.9214939912160238,-0.12889277935028076,0.4447337031364441,-1.1443650007247925
801.0,-0.6226733485857646,-0.6162630836168925,1.9282653013865152,-0.14613810181617737,0.4495925188064575,-1.1265356302261353
802.0,-0.6210038900375366,-0.6215665817260743,1.9350366115570068,-0.16338342428207397,0.45445133447647096,-1.108706259727478
803.0,-0.6193344314893087,-0.6268700798352559,1.9418079217274984,-0.18062874674797058,0.45931015014648435,-1.0908768892288208
804.0,-0.6176649729410807,-0.6321735779444376,1.94857923189799,-0.1978740692138672,0.4641689658164978,-1.0730475187301636
805.0,-0.6159955143928528,-0.6374770760536194,1.9553505420684814,-0.2151193916797638,0.46902778148651125,-1.0552181482315064
806.0,-0.6143260558446249,-0.6427805741628011,1.962121852238973,-0.2323647141456604,0.47388659715652465,-1.0373887777328492
807.0,-0.6126565972963969,-0.6480840722719828,1.9688931624094645,-0.249610036611557,0.4787454128265381,-1.0195594072341918
808.0,-0.6109871387481689,-0.6533875703811646,1.9756644725799561,-0.2668553590774536,0.4836042284965515,-1.0017300367355346
809.0,-0.609317680199941,-0.6586910684903463,1.9824357827504475,-0.2841006815433502,0.48846304416656494,-0.9839006662368774
810.0,-0.6076482216517131,-0.6639945665995279,1.9892070929209391,-0.3013460040092468,0.4933218598365784,-0.9660712957382203
811.0,-0.6059787631034851,-0.6692980647087097,1.9959784030914307,-0.31859132647514343,0.4981806755065918,-0.948241925239563
812.0,-0.6043093045552571,-0.6746015628178914,2.002749713261922,-0.33583664894104004,0.5030394911766052,-0.9304125547409058
813.0,-0.6026398460070292,-0.6799050609270731,2.0095210234324137,-0.35308197140693665,0.5078983068466186,-0.9125831842422485
814.0,-0.6009703874588013,-0.6852085590362549,2.0162923336029053,-0.37032729387283325,0.5127571225166321,-0.8947538137435913
815.0,-0.6009703874588013,-0.6852085590362549,2.0162923336029053,-0.37032729387283325,0.5127571225166321,-0.8947538137435913
816.0,-0.60033104094592,-0.6855178096077659,2.011025753888217,-0.35321567817167804,0.5103434161706404,-0.9075268290259622
817.0,-0.5996916944330389,-0.6858270601792769,2.0057591741735283,-0.33610406247052277,0.5079297098246488,-0.920299844308333
818.0,-0.5990523479201577,-0.686136310750788,2.0004925944588403,-0.31899244676936755,0.5055160034786571,-0.9330728595907037
819.0,-0.5984130014072765,-0.686445561322299,1.9952260147441516,-0.30188083106821234,0.5031022971326654,-0.9458458748730746
820.0,-0.5977736548943953,-0.6867548118938099,1.9899594350294634,-0.2847692153670571,0.5006885907866738,-0.9586188901554454
821.0,-0.5971343083815142,-0.6870640624653209,1.984692855314775,-0.26765759966590186,0.49827488444068213,-0.9713919054378163
822.0,-0.5964949618686329,-0.6873733130368319,1.9794262756000867,-0.25054598396474664,0.4958611780946905,-0.9841649207201871
823.0,-0.5958556153557517,-0.6876825636083429,1.9741596958853982,-0.2334343682635914,0.49344747174869885,-0.996937936002558
824.0,-0.5952162688428705,-0.687991814179854,1.9688931161707097,-0.2163227525624362,0.49103376540270716,-1.0097109512849287
825.0,-0.5945769223299894,-0.688301064751365,1.9636265364560215,-0.19921113686128095,0.4886200590567155,-1.0224839665672996
826.0,-0.5939375758171082,-0.688610315322876,1.958359956741333,-0.18209952116012573,0.4862063527107239,-1.0352569818496704
827.0,-0.5939375758171082,-0.688610315322876,1.958359956741333,-0.18209952116012573,0.4862063527107239,-1.0352569818496704
828.0,-0.5954829586876763,-0.6828319893942939,1.951901952425639,-0.1650991067290306,0.4821310771836175,-1.0536283254623413
829.0,-0.5970283415582445,-0.6770536634657118,1.9454439481099446,-0.14809869229793549,0.47805580165651107,-1.0719996690750122
830.0,-0.5985737244288126,-0.6712753375371298,1.9389859437942505,-0.13109827786684036,0.4739805261294047,-1.090371012687683
831.0,-0.6001191072993808,-0.6654970116085477,1.9325279394785564,-0.11409786343574524,0.4699052506022983,-1.108742356300354
832.0,-0.601664490169949,-0.6597186856799655,1.926069935162862,-0.09709744900465012,0.4658299750751919,-1.127113699913025
833.0,-0.6032098730405172,-0.6539403597513834,1.919611930847168,-0.08009703457355499,0.4617546995480855,-1.1454850435256958
834.0,-0.6047552559110854,-0.6481620338228014,1.9131539265314739,-0.06309662014245988,0.45767942402097916,-1.1638563871383667
835.0,-0.6063006387816535,-0.6423837078942193,1.9066959222157795,-0.046096205711364746,0.45360414849387276,-1.1822277307510376
836.0,-0.6078460216522217,-0.6366053819656372,1.9002379179000854,-0.029095791280269623,0.44952887296676636,-1.2005990743637085
837.0,-0.6078460216522217,-0.6366053819656372,1.9002379179000854,-0.029095791280269623,0.44952887296676636,-1.2005990743637085
838.0,-0.604389405498902,-0.6375312060117722,1.899509419997533,-0.024098037586857878,0.46663252140084904,-1.1970461482803028
839.0,-0.6009327893455824,-0.6384570300579071,1.898780922094981,-0.01910028389344613,0.4837361698349317,-1.1934932221968968
840.0,-0.5974761731922626,-0.639382854104042,1.8980524241924286,-0.01410253020003438,0.5008398182690144,-1.189940296113491
841.0,-0.5940195570389429,-0.640308678150177,1.8973239262898762,-0.009104776506622635,0.517943466703097,-1.1863873700300853
842.0,-0.5905629408856233,-0.641234502196312,1.896595428387324,-0.004107022813210886,0.5350471151371797,-1.1828344439466794
843.0,-0.5871063247323036,-0.6421603262424469,1.8958669304847717,0.0008907308802008629,0.5521507635712624,-1.1792815178632736
844.0,-0.5836497085789839,-0.6430861502885818,1.8951384325822194,0.005888484573612608,0.569254412005345,-1.1757285917798679
845.0,-0.5801930924256643,-0.6440119743347168,1.8944099346796672,0.010886238267024353,0.5863580604394276,-1.172175665696462
846.0,-0.5767364762723446,-0.6449377983808517,1.8936814367771149,0.015883991960436106,0.6034617088735104,-1.1686227396130562
847.0,-0.5732798601190249,-0.6458636224269867,1.8929529388745625,0.02088174565384785,0.620565357307593,-1.1650698135296504
848.0,-0.5698232439657053,-0.6467894464731216,1.8922244409720104,0.025879499347259596,0.6376690057416756,-1.1615168874462445
849.0,-0.5663666278123856,-0.6477152705192566,1.891495943069458,0.03087725304067135,0.6547726541757584,-1.1579639613628387
850.0,-0.5629100116590658,-0.6486410945653915,1.8907674451669056,0.03587500673408309,0.671876302609841,-1.154411035279433
851.0,-0.5594533955057462,-0.6495669186115265,1.8900389472643535,0.04087276042749484,0.6889799510439236,-1.150858109196027
852.0,-0.5559967793524265,-0.6504927426576614,1.8893104493618011,0.04587051412090659,0.7060835994780064,-1.1473051831126213
853.0,-0.5525401631991068,-0.6514185667037964,1.8885819514592488,0.05086826781431833,0.723187247912089,-1.1437522570292156
854.0,-0.5490835470457872,-0.6523443907499313,1.8878534535566966,0.05586602150773008,0.7402908963461716,-1.1401993309458096
855.0,-0.5456269308924675,-0.6532702147960663,1.8871249556541443,0.060863775201141834,0.7573945447802544,-1.1366464048624039
856.0,-0.5421703147391478,-0.6541960388422012,1.886396457751592,0.06586152889455357,0.774498193214337,-1.1330934787789981
857.0,-0.5387136985858282,-0.6551218628883362,1.8856679598490398,0.07085928258796532,0.7916018416484196,-1.1295405526955922
858.0,-0.5352570824325085,-0.6560476869344711,1.8849394619464874,0.07585703628137708,0.8087054900825024,-1.1259876266121864
859.0,-0.5318004662791888,-0.6569735109806061,1.884210964043935,0.08085478997478882,0.825809138516585,-1.1224347005287807
860.0,-0.5283438501258692,-0.657899335026741,1.883482466141383,0.08585254366820057,0.8429127869506676,-1.1188817744453747
861.0,-0.5248872339725494,-0.658825159072876,1.8827539682388306,0.09085029736161232,0.8600164353847504,-1.115328848361969
862.0,-0.5214306178192298,-0.6597509831190109,1.8820254703362782,0.09584805105502404,0.877120083818833,-1.1117759222785633
863.0,-0.5179740016659101,-0.6606768071651459,1.881296972433726,0.1008458047484358,0.8942237322529156,-1.1082229961951573
864.0,-0.5145173855125904,-0.6616026312112808,1.8805684745311737,0.10584355844184756,0.9113273806869984,-1.1046700701117516
865.0,-0.5110607693592708,-0.6625284552574158,1.8798399766286213,0.1108413121352593,0.928431029121081,-1.1011171440283458
866.0,-0.5076041532059511,-0.6634542793035507,1.8791114787260692,0.11583906582867104,0.9455346775551636,-1.0975642179449399
867.0,-0.5041475370526314,-0.6643801033496857,1.8783829808235168,0.1208368195220828,0.9626383259892464,-1.0940112918615341
868.0,-0.5006909208993118,-0.6653059273958206,1.8776544829209645,0.12583457321549454,0.979741974423329,-1.0904583657781284
869.0,-0.49723430474599206,-0.6662317514419556,1.8769259850184123,0.13083232690890628,0.9968456228574116,-1.0869054396947224
870.0,-0.49377768859267235,-0.6671575754880905,1.87619748711586,0.13583008060231805,1.0139492712914944,-1.0833525136113167
871.0,-0.4903210724393527,-0.6680833995342255,1.8754689892133076,0.1408278342957298,1.0310529197255769,-1.079799587527911
872.0,-0.48686445628603303,-0.6690092235803604,1.8747404913107555,0.14582558798914153,1.0481565681596596,-1.076246661444505
873.0,-0.4834078401327133,-0.6699350476264954,1.8740119934082031,0.1508233416825533,1.0652602165937424,-1.0726937353610992
874.0,-0.47995122397939366,-0.6708608716726303,1.8732834955056508,0.15582109537596503,1.082363865027825,-1.0691408092776935
875.0,-0.476494607826074,-0.6717866957187653,1.8725549976030986,0.16081884906937677,1.0994675134619076,-1.0655878831942875
876.0,-0.4730379916727543,-0.6727125197649002,1.8718264997005463,0.16581660276278853,1.1165711618959904,-1.0620349571108818
877.0,-0.46958137551943463,-0.6736383438110352,1.871098001797994,0.17081435645620027,1.133674810330073,-1.058482031027476
878.0,-0.46612475936611497,-0.6745641678571701,1.8703695038954418,0.175812110149612,1.1507784587641556,-1.05492910494407
879.0,-0.46266814321279526,-0.675489991903305,1.8696410059928894,0.18080986384302378,1.1678821071982384,-1.0513761788606644
880.0,-0.4592115270594756,-0.67641581594944,1.868912508090337,0.18580761753643552,1.184985755632321,-1.0478232527772586
881.0,-0.45575491090615594,-0.677341639995575,1.868184010187785,0.19080537122984725,1.2020894040664036,-1.0442703266938527
882.0,-0.4522982947528362,-0.6782674640417099,1.8674555122852325,0.19580312492325902,1.2191930525004864,-1.040717400610447
883.0,-0.44884167859951657,-0.6791932880878448,1.8667270143826802,0.20080087861667076,1.236296700934569,-1.0371644745270412
884.0,-0.4453850624461969,-0.6801191121339798,1.865998516480128,0.2057986323100825,1.2534003493686516,-1.0336115484436352
885.0,-0.4419284462928772,-0.6810449361801147,1.8652700185775757,0.21079638600349426,1.2705039978027344,-1.0300586223602295
886.0,-0.4419284462928772,-0.6810449361801147,1.8652700185775757,0.21079638600349426,1.2705039978027344,-1.0300586223602295
887.0,-0.436619766553243,-0.679138990243276,1.8605671644210815,0.22291318575541177,1.287186821301778,-1.09025932153066
888.0,-0.4313110868136088,-0.6772330443064372,1.8558643102645873,0.23502998550732931,1.303869644800822,-1.1504600207010904
889.0,-0.42600240707397463,-0.6753270983695984,1.8511614561080934,0.24714678525924683,1.3205524682998657,-1.210660719871521
890.0,-0.4206937273343404,-0.6734211524327596,1.8464586019515992,0.25926358501116437,1.3372352917989094,-1.2708614190419514
891.0,-0.41538504759470624,-0.6715152064959208,1.841755747795105,0.27138038476308185,1.3539181152979534,-1.3310621182123819
892.0,-0.410076367855072,-0.669609260559082,1.8370528936386108,0.2834971845149994,1.370600938796997,-1.3912628173828125
893.0,-0.40476768811543784,-0.6677033146222432,1.8323500394821166,0.29561398426691693,1.3872837622960408,-1.451463516553243
894.0,-0.3994590083758036,-0.6657973686854045,1.8276471853256226,0.3077307840188344,1.4039665857950847,-1.5116642157236735
895.0,-0.39415032863616944,-0.6638914227485657,1.8229443311691285,0.31984758377075195,1.4206494092941284,-1.571864914894104
896.0,-0.3888416488965352,-0.6619854768117269,1.8182414770126343,0.33196438352266944,1.4373322327931721,-1.6320656140645344
897.0,-0.38353296915690105,-0.6600795308748881,1.81353862285614,0.344081183274587,1.454015056292216,-1.6922663132349651
898.0,-0.3782242894172668,-0.6581735849380493,1.808835768699646,0.3561979830265045,1.4706978797912598,-1.7524670124053956
899.0,-0.37291560967763265,-0.6562676390012105,1.804132914543152,0.36831478277842206,1.4873807032903035,-1.812667711575826
900.0,-0.3676069299379985,-0.6543616930643718,1.7994300603866578,0.3804315825303396,1.5040635267893474,-1.8728684107462565
901.0,-0.36229825019836426,-0.652455747127533,1.7947272062301636,0.3925483822822571,1.5207463502883911,-1.933069109916687
902.0,-0.36229825019836426,-0.652455747127533,1.7947272062301636,0.3925483822822571,1.5207463502883911,-1.933069109916687
903.0,-0.3510986566543579,-0.6558904647827148,1.8039770126342773,0.3838655352592468,1.52272629737854,-1.921803593635559
904.0,-0.3510986566543579,-0.6558904647827148,1.8039770126342773,0.3838655352592468,1.52272629737854,-1.921803593635559
905.0,-0.33820605278015137,-0.6618615388870239,1.821211338043213,0.3675403594970703,1.5271035432815552,-1.9087883234024048
906.0,-0.33820605278015137,-0.6618615388870239,1.821211338043213,0.3675403594970703,1.5271035432815552,-1.9087883234024048
907.0,-0.3243716061115265,-0.6644365191459656,1.827791690826416,0.36065739393234253,1.5300252437591553,-1.8948947191238403
908.0,-0.3243716061115265,-0.6644365191459656,1.827791690826416,0.36065739393234253,1.5300252437591553,-1.8948947191238403
909.0,-0.3131948560476303,-0.6674951314926147,1.8365229964256287,0.3517275005578995,1.5344703793525696,-1.8836499452590942
910.0,-0.30201810598373413,-0.6705537438392639,1.8452543020248413,0.3427976071834564,1.5389155149459839,-1.8724051713943481
911.0,-0.30201810598373413,-0.6705537438392639,1.8452543020248413,0.3427976071834564,1.5389155149459839,-1.8724051713943481
912.0,-0.28907349705696106,-0.6713398694992065,1.8465607166290283,0.3403809865315755,1.542859633763631,-1.8594415187835693
913.0,-0.276128888130188,-0.6721259951591492,1.8478671312332153,0.33796436587969464,1.5468037525812786,-1.8464778661727905
914.0,-0.2631842792034149,-0.6729121208190918,1.8491735458374023,0.3355477452278137,1.5507478713989258,-1.8335142135620117
915.0,-0.2631842792034149,-0.6729121208190918,1.8491735458374023,0.3355477452278137,1.5507478713989258,-1.8335142135620117
916.0,-0.24736961722373962,-0.6758697032928467,1.8595633506774902,0.3264482319355011,1.555696964263916,-1.8177015781402588
917.0,-0.24736961722373962,-0.6758697032928467,1.8595633506774902,0.3264482319355011,1.555696964263916,-1.8177015781402588
918.0,-0.23825811594724655,-0.6744566261768341,1.8538058400154114,0.3303830325603485,1.5582457184791565,-1.808603048324585
919.0,-0.22914661467075348,-0.6730435490608215,1.8480483293533325,0.3343178331851959,1.560794472694397,-1.7995045185089111
920.0,-0.22914661467075348,-0.6730435490608215,1.8480483293533325,0.3343178331851959,1.560794472694397,-1.7995045185089111
921.0,-0.2139999270439148,-0.67507004737854,1.855995774269104,0.32773828506469727,1.5647656917572021,-1.784382700920105
922.0,-0.2139999270439148,-0.67507004737854,1.855995774269104,0.32773828506469727,1.5647656917572021,-1.784382700920105
923.0,-0.2030336856842041,-0.6737326979637146,1.8512836694717407,0.3311481773853302,1.568769097328186,-1.7734452486038208
924.0,-0.1920674443244934,-0.6723953485488892,1.8465715646743774,0.33455806970596313,1.57277250289917,-1.7625077962875366
925.0,-0.1920674443244934,-0.6723953485488892,1.8465715646743774,0.33455806970596313,1.57277250289917,-1.7625077962875366
926.0,-0.18318937718868256,-0.670936644077301,1.8416633605957031,0.3383638709783554,1.5765957832336426,-1.7536598443984985
927.0,-0.1743113100528717,-0.6694779396057129,1.8367551565170288,0.3421696722507477,1.5804190635681152,-1.7448118925094604
928.0,-0.1743113100528717,-0.6694779396057129,1.8367551565170288,0.3421696722507477,1.5804190635681152,-1.7448118925094604
929.0,-0.17012014736731848,-0.6727199157079061,1.8430708249409993,0.3272882302602132,1.5835481882095337,-1.7404797474543254
930.0,-0.16592898468176523,-0.6759618918100992,1.84938649336497,0.31240678826967877,1.5866773128509521,-1.7361476023991902
931.0,-0.161737821996212,-0.6792038679122925,1.8557021617889404,0.2975253462791443,1.5898064374923706,-1.7318154573440552
932.0,-0.15754665931065878,-0.6824458440144857,1.862017830212911,0.2826439042886098,1.592935562133789,-1.7274833122889202
933.0,-0.15335549662510553,-0.6856878201166788,1.8683334986368816,0.2677624622980754,1.5960646867752075,-1.723151167233785
934.0,-0.1491643339395523,-0.6889297962188721,1.874649167060852,0.2528810203075409,1.599193811416626,-1.71881902217865
935.0,-0.1491643339395523,-0.6889297962188721,1.874649167060852,0.2528810203075409,1.599193811416626,-1.71881902217865
936.0,-0.13709888607263565,-0.6866997480392456,1.8660192489624023,0.2576232850551605,1.6087644696235657,-0.6917273253202438
937.0,-0.125033438205719,-0.6844696998596191,1.8573893308639526,0.26236554980278015,1.6183351278305054,0.33536437153816223
938.0,-0.125033438205719,-0.6844696998596191,1.8573893308639526,0.26236554980278015,1.6183351278305054,0.33536437153816223
939.0,-0.11259151995182037,-0.6807023088137308,1.845837950706482,0.27178800106048584,1.628357172012329,0.4013192653656006
940.0,-0.10014960169792175,-0.6769349177678426,1.8342865705490112,0.28121045231819153,1.6383792161941528,0.46727415919303894
941.0,-0.08770768344402313,-0.6731675267219543,1.8227351903915405,0.2906329035758972,1.6484012603759766,0.5332290530204773
942.0,-0.08770768344402313,-0.6731675267219543,1.8227351903915405,0.2906329035758972,1.6484012603759766,0.5332290530204773
943.0,-0.07703964039683342,-0.6675391793251038,1.8095951080322266,0.30793674290180206,1.651065707206726,-0.5518994033336639
944.0,-0.06637159734964371,-0.6619108319282532,1.7964550256729126,0.3252405822277069,1.6537301540374756,-1.6370278596878052
945.0,-0.06637159734964371,-0.6619108319282532,1.7964550256729126,0.3252405822277069,1.6537301540374756,-1.6370278596878052
946.0,-0.05895780026912689,-0.6612780690193176,1.7913116216659546,0.3207927644252777,1.6702028115590413,-0.8379251956939697
947.0,-0.05154400318861008,-0.6606453061103821,1.7861682176589966,0.3163449466228485,1.6866754690806072,-0.03882253170013428
948.0,-0.04413020610809326,-0.6600125432014465,1.7810248136520386,0.3118971288204193,1.7031481266021729,0.7602801322937012
949.0,-0.04413020610809326,-0.6600125432014465,1.7810248136520386,0.3118971288204193,1.7031481266021729,0.7602801322937012
950.0,-0.05110152363777161,-0.6645931839942932,1.7913336515426637,0.2969761610031128,1.695994257926941,0.7039060771465302
951.0,-0.05807284116744995,-0.6691738247871399,1.8016424894332885,0.2820551931858063,1.688840389251709,0.6475320219993591
952.0,-0.06504415869712829,-0.6737544655799865,1.8119513273239136,0.26713422536849973,1.681686520576477,0.591157966852188
953.0,-0.07201547622680664,-0.6783351063728332,1.8222601652145385,0.2522132575511932,1.6745326519012451,0.534783911705017
954.0,-0.07898679375648499,-0.6829157471656799,1.8325690031051636,0.23729228973388672,1.6673787832260132,0.47840985655784607
955.0,-0.07898679375648499,-0.6829157471656799,1.8325690031051636,0.23729228973388672,1.6673787832260132,0.47840985655784607
956.0,-0.08478879556059837,-0.6800283864140511,1.8294509649276733,0.25338564440608025,1.6582914292812347,0.2066018022596836
957.0,-0.09059079736471176,-0.6771410256624222,1.826332926750183,0.2694789990782738,1.6492040753364563,-0.06520625203847885
958.0,-0.09639279916882515,-0.6742536649107933,1.8232148885726929,0.2855723537504673,1.6401167213916779,-0.3370143063366413
959.0,-0.10219480097293854,-0.6713663041591644,1.8200968503952026,0.3016657084226608,1.6310293674468994,-0.6088223606348038
960.0,-0.10799680277705193,-0.6684789434075356,1.8169788122177124,0.31775906309485435,1.621942013502121,-0.8806304149329662
961.0,-0.11379880458116531,-0.6655915826559067,1.8138607740402222,0.3338524177670479,1.6128546595573425,-1.1524384692311287
962.0,-0.1196008063852787,-0.6627042219042778,1.810742735862732,0.3499457724392414,1.603767305612564,-1.4242465235292912
963.0,-0.1254028081893921,-0.6598168611526489,1.8076246976852417,0.36603912711143494,1.5946799516677856,-1.6960545778274536
964.0,-0.1254028081893921,-0.6598168611526489,1.8076246976852417,0.36603912711143494,1.5946799516677856,-1.6960545778274536
965.0,-0.12928449511528015,-0.6641394913196563,1.8165613293647767,0.34866164475679395,1.595328688621521,-1.510326337814331
966.0,-0.1331661820411682,-0.6684621214866638,1.8254979610443116,0.331284162402153,1.5959774255752563,-1.3245980978012084
967.0,-0.13704786896705629,-0.6727847516536712,1.8344345927238463,0.31390668004751204,1.5966261625289917,-1.1388698577880858
968.0,-0.14092955589294434,-0.6771073818206788,1.8433712244033813,0.2965291976928711,1.597274899482727,-0.9531416177749633
969.0,-0.1448112428188324,-0.6814300119876862,1.8523078560829163,0.27915171533823013,1.5979236364364624,-0.7674133777618408
970.0,-0.14869292974472045,-0.6857526421546936,1.8612444877624512,0.26177423298358915,1.5985723733901978,-0.581685137748718
971.0,-0.1525746166706085,-0.6900752723217011,1.8701811194419862,0.2443967506289482,1.599221110343933,-0.3959568977355956
972.0,-0.1564563035964966,-0.6943979024887085,1.879117751121521,0.22701926827430724,1.5998698472976685,-0.210228657722473
973.0,-0.16033799052238465,-0.698720532655716,1.8880543828010559,0.20964178591966628,1.6005185842514038,-0.02450041770935063
974.0,-0.1642196774482727,-0.7030431628227234,1.8969910144805908,0.19226430356502533,1.6011673212051392,0.16122782230377197
975.0,-0.1642196774482727,-0.7030431628227234,1.8969910144805908,0.19226430356502533,1.6011673212051392,0.16122782230377197
976.0,-0.17420648038387299,-0.7012105584144592,1.8941329717636108,0.2035212740302086,1.5862683653831482,0.08234406867995858
977.0,-0.18419328331947327,-0.6993779540061951,1.8912749290466309,0.21477824449539185,1.5713694095611572,0.003460315056145191
978.0,-0.18419328331947327,-0.6993779540061951,1.8912749290466309,0.21477824449539185,1.5713694095611572,0.003460315056145191
979.0,-0.19693050533533096,-0.698052704334259,1.8960962891578674,0.2237849235534668,1.5670052766799927,-0.887571559753269
980.0,-0.20966772735118866,-0.696727454662323,1.900917649269104,0.23279160261154175,1.5626411437988281,-1.778603434562683
981.0,-0.20966772735118866,-0.696727454662323,1.900917649269104,0.23279160261154175,1.5626411437988281,-1.778603434562683
982.0,-0.2256769339243571,-0.696882983048757,1.9026700258255005,0.23332118491331735,1.5541056394577026,-1.794520656267802
983.0,-0.24168614049752551,-0.6970385114351908,1.904422402381897,0.233850767215093,1.5455701351165771,-1.8104378779729207
984.0,-0.25769534707069397,-0.6971940398216248,1.9061747789382935,0.2343803495168686,1.5370346307754517,-1.8263550996780396
985.0,-0.25769534707069397,-0.6971940398216248,1.9061747789382935,0.2343803495168686,1.5370346307754517,-1.8263550996780396
986.0,-0.27328328788280487,-0.7007123529911041,1.9094704985618591,0.21703407913446426,1.520069658756256,-1.1087471395730972
987.0,-0.28887122869491577,-0.7042306661605835,1.9127662181854248,0.19968780875205994,1.5031046867370605,-0.3911391794681549
988.0,-0.28887122869491577,-0.7042306661605835,1.9127662181854248,0.19968780875205994,1.5031046867370605,-0.3911391794681549
989.0,-0.2957348624865214,-0.7002701958020529,1.9077337582906086,0.21700376272201538,1.505932887395223,-0.8868478337923685
990.0,-0.302598496278127,-0.6963097254435221,1.9027012983957927,0.23431971669197083,1.5087610880533855,-1.3825564881165822
991.0,-0.30946213006973267,-0.6923492550849915,1.8976688385009766,0.25163567066192627,1.5115892887115479,-1.878265142440796
992.0,-0.30946213006973267,-0.6923492550849915,1.8976688385009766,0.25163567066192627,1.5115892887115479,-1.878265142440796
993.0,-0.32200153172016144,-0.6909335553646088,1.8912954330444336,0.2546347677707672,1.4983021020889282,-1.252522587776184
994.0,-0.3345409333705902,-0.6895178556442261,1.8849220275878906,0.25763386487960815,1.4850149154663086,-0.6267800331115723
995.0,-0.3345409333705902,-0.6895178556442261,1.8849220275878906,0.25763386487960815,1.4850149154663086,-0.6267800331115723
996.0,-0.3445408046245575,-0.6858805020650228,1.8776721159617107,0.27017192045847577,1.4836549758911133,-1.0626084804534912
997.0,-0.3545406758785248,-0.6822431484858195,1.8704222043355305,0.2827099760373433,1.482295036315918,-1.4984369277954102
998.0,-0.36454054713249207,-0.6786057949066162,1.8631722927093506,0.29524803161621094,1.4809350967407227,-1.934265375137329
999.0,-0.36454054713249207,-0.6786057949066162,1.8631722927093506,0.29524803161621094,1.4809350967407227,-1.934265375137329
1000.0,-0.3659165596420115,-0.6813847368413751,1.8697412447495894,0.2781387201764367,1.471518803726543,-1.874837875366211
1001.0,-0.3672925721515309,-0.6841636787761342,1.8763101967898281,0.2610294087366624,1.4621025107123635,-1.8154103755950928
1002.0,-0.3686685846610503,-0.6869426207108931,1.8828791488300671,0.24392009729688818,1.4526862176981838,-1.7559828758239746
1003.0,-0.3700445971705697,-0.6897215626456521,1.889448100870306,0.22681078585711392,1.4432699246840044,-1.6965553760528564
1004.0,-0.3714206096800891,-0.692500504580411,1.8960170529105447,0.20970147441733966,1.4338536316698247,-1.6371278762817383
1005.0,-0.37279662218960846,-0.69527944651517,1.9025860049507834,0.19259216297756543,1.4244373386556453,-1.5777003765106201
1006.0,-0.37417263469912787,-0.698058388449929,1.9091549569910222,0.17548285153779117,1.4150210456414656,-1.518272876739502
1007.0,-0.3755486472086473,-0.700837330384688,1.915723909031261,0.1583735400980169,1.4056047526272861,-1.4588453769683838
1008.0,-0.3769246597181667,-0.7036162723194469,1.9222928610715,0.14126422865824265,1.3961884596131064,-1.3994178771972656
1009.0,-0.3783006722276861,-0.7063952142542059,1.9288618131117388,0.12415491721846839,1.3867721665989268,-1.3399903774261475
1010.0,-0.3796766847372055,-0.7091741561889648,1.9354307651519775,0.10704560577869415,1.3773558735847473,-1.2805628776550293
1011.0,-0.3810526972467249,-0.7119530981237238,1.9419997171922163,0.08993629433891992,1.3679395805705679,-1.2211353778839111
1012.0,-0.3824287097562443,-0.7147320400584828,1.948568669232455,0.07282698289914563,1.3585232875563882,-1.161707878112793
1013.0,-0.38380472226576373,-0.7175109819932417,1.955137621272694,0.0557176714593714,1.3491069945422085,-1.1022803783416748
1014.0,-0.38518073477528314,-0.7202899239280007,1.9617065733129329,0.03860836001959711,1.339690701528029,-1.0428528785705566
1015.0,-0.38655674728480255,-0.7230688658627596,1.9682755253531716,0.021499048579822877,1.3302744085138494,-0.9834253787994385
1016.0,-0.3879327597943219,-0.7258478077975187,1.9748444773934104,0.004389737140048644,1.32085811549967,-0.9239978790283203
1017.0,-0.3893087723038413,-0.7286267497322776,1.9814134294336492,-0.012719574299725644,1.3114418224854902,-0.8645703792572021
1018.0,-0.3906847848133607,-0.7314056916670366,1.987982381473888,-0.029828885739499877,1.3020255294713108,-0.805142879486084
1019.0,-0.39206079732288013,-0.7341846336017955,1.994551333514127,-0.046938197179274166,1.292609236457131,-0.7457153797149658
1020.0,-0.39343680983239954,-0.7369635755365546,2.0011202855543657,-0.0640475086190484,1.2831929434429514,-0.6862878799438477
1021.0,-0.39481282234191895,-0.7397425174713135,2.0076892375946045,-0.08115682005882263,1.273776650428772,-0.6268603801727295
1022.0,-0.39481282234191895,-0.7397425174713135,2.0076892375946045,-0.08115682005882263,1.273776650428772,-0.6268603801727295
1023.0,-0.39675113931298256,-0.7419596001505852,2.0126490771770476,-0.09829348847270011,1.2641801327466964,-0.6215708576142788
1024.0,-0.3986894562840462,-0.7441766828298568,2.017608916759491,-0.11543015688657761,1.254583615064621,-0.616281335055828
1025.0,-0.4006277732551098,-0.7463937655091286,2.022568756341934,-0.1325668253004551,1.2449870973825454,-0.6109918124973774
1026.0,-0.4025660902261734,-0.7486108481884003,2.0275285959243776,-0.14970349371433259,1.23539057970047,-0.6057022899389267
1027.0,-0.404504407197237,-0.750827930867672,2.0324884355068207,-0.16684016212821007,1.2257940620183945,-0.600412767380476
1028.0,-0.40644272416830063,-0.7530450135469436,2.0374482750892637,-0.18397683054208758,1.2161975443363189,-0.5951232448220253
1029.0,-0.40838104113936424,-0.7552620962262153,2.0424081146717072,-0.20111349895596506,1.2066010266542435,-0.5898337222635746
1030.0,-0.41031935811042786,-0.7574791789054871,2.0473679542541503,-0.21825016736984254,1.197004508972168,-0.584544199705124
1031.0,-0.41225767508149147,-0.7596962615847588,2.052327793836594,-0.23538683578372002,1.1874079912900926,-0.5792546771466732
1032.0,-0.4141959920525551,-0.7619133442640305,2.057287633419037,-0.2525235041975975,1.177811473608017,-0.5739651545882225
1033.0,-0.4161343090236187,-0.7641304269433021,2.06224747300148,-0.269660172611475,1.1682149559259414,-0.5686756320297718
1034.0,-0.4180726259946823,-0.7663475096225738,2.0672073125839234,-0.2867968410253525,1.158618438243866,-0.5633861094713211
1035.0,-0.4200109429657459,-0.7685645923018456,2.0721671521663665,-0.30393350943923,1.1490219205617904,-0.5580965869128705
1036.0,-0.42194925993680954,-0.7707816749811173,2.07712699174881,-0.3210701778531075,1.139425402879715,-0.5528070643544197
1037.0,-0.42388757690787315,-0.772998757660389,2.082086831331253,-0.33820684626698494,1.1298288851976395,-0.547517541795969
1038.0,-0.42582589387893677,-0.7752158403396606,2.087046670913696,-0.35534351468086245,1.1202323675155639,-0.5422280192375183
1039.0,-0.4277642108500004,-0.7774329230189323,2.0920065104961396,-0.37248018309473996,1.1106358498334885,-0.5369384966790676
1040.0,-0.429702527821064,-0.7796500056982041,2.0969663500785827,-0.3896168515086174,1.101039332151413,-0.531648974120617
1041.0,-0.4316408447921276,-0.7818670883774758,2.101926189661026,-0.4067535199224949,1.0914428144693376,-0.5263594515621662
1042.0,-0.4335791617631912,-0.7840841710567474,2.1068860292434692,-0.4238901883363724,1.081846296787262,-0.5210699290037155
1043.0,-0.43551747873425484,-0.7863012537360191,2.1118458688259123,-0.4410268567502499,1.0722497791051864,-0.5157804064452648
1044.0,-0.43745579570531845,-0.7885183364152908,2.116805708408356,-0.4581635251641274,1.062653261423111,-0.5104908838868141
1045.0,-0.43939411267638206,-0.7907354190945626,2.121765547990799,-0.4753001935780049,1.0530567437410354,-0.5052013613283635
1046.0,-0.4413324296474457,-0.7929525017738343,2.1267253875732424,-0.49243686199188236,1.04346022605896,-0.49991183876991274
1047.0,-0.4432707466185093,-0.7951695844531059,2.1316852271556854,-0.5095735304057598,1.0338637083768845,-0.494622316211462
1048.0,-0.4452090635895729,-0.7973866671323776,2.1366450667381285,-0.5267101988196373,1.0242671906948089,-0.4893327936530113
1049.0,-0.4471473805606365,-0.7996037498116493,2.141604906320572,-0.5438468672335148,1.0146706730127335,-0.4840432710945606
1050.0,-0.44908569753170013,-0.8018208324909211,2.146564745903015,-0.5609835356473923,1.005074155330658,-0.4787537485361099
1051.0,-0.45102401450276375,-0.8040379151701927,2.1515245854854586,-0.5781202040612698,0.9954776376485824,-0.47346422597765925
1052.0,-0.45296233147382736,-0.8062549978494644,2.1564844250679016,-0.5952568724751472,0.985881119966507,-0.4681747034192085
1053.0,-0.454900648444891,-0.8084720805287361,2.1614442646503447,-0.6123935408890248,0.9762846022844314,-0.4628851808607578
1054.0,-0.4568389654159546,-0.8106891632080078,2.166404104232788,-0.6295302093029023,0.966688084602356,-0.4575956583023071
1055.0,-0.4587772823870182,-0.8129062458872796,2.1713639438152312,-0.6466668777167798,0.9570915669202804,-0.4523061357438564
1056.0,-0.4607155993580818,-0.8151233285665512,2.1763237833976747,-0.6638035461306573,0.9474950492382049,-0.44701661318540575
1057.0,-0.46265391632914543,-0.8173404112458229,2.181283622980118,-0.6809402145445347,0.9378985315561295,-0.44172709062695503
1058.0,-0.46459223330020905,-0.8195574939250946,2.186243462562561,-0.6980768829584122,0.9283020138740539,-0.4364375680685043
1059.0,-0.46653055027127266,-0.8217745766043663,2.1912033021450044,-0.7152135513722897,0.9187054961919785,-0.4311480455100536
1060.0,-0.4684688672423363,-0.823991659283638,2.1961631417274474,-0.7323502197861672,0.9091089785099029,-0.4258585229516029
1061.0,-0.4704071842133999,-0.8262087419629097,2.201122981309891,-0.7494868882000447,0.8995124608278274,-0.42056900039315226
1062.0,-0.4723455011844635,-0.8284258246421814,2.206082820892334,-0.7666235566139221,0.889915943145752,-0.41527947783470154
1063.0,-0.4723455011844635,-0.8284258246421814,2.206082820892334,-0.7666235566139221,0.889915943145752,-0.41527947783470154
1064.0,-0.4659114394869123,-0.8307584183556693,2.207164798464094,-0.7653246223926544,0.907212129661015,-0.4063024584736143
1065.0,-0.45947737778936115,-0.8330910120691571,2.2082467760358537,-0.7640256881713867,0.9245083161762783,-0.39732543911252705
1066.0,-0.45304331609181,-0.8354236057826451,2.209328753607614,-0.762726753950119,0.9418045026915414,-0.3883484197514398
1067.0,-0.44660925439425875,-0.837756199496133,2.2104107311793735,-0.7614278197288513,0.9591006892068046,-0.37937140039035255
1068.0,-0.4401751926967076,-0.8400887932096209,2.2114927087511336,-0.7601288855075836,0.9763968757220677,-0.37039438102926525
1069.0,-0.4337411309991564,-0.8424213869231088,2.2125746863228932,-0.7588299512863159,0.9936930622373308,-0.361417361668178
1070.0,-0.4273070693016052,-0.8447539806365967,2.2136566638946533,-0.7575310170650482,1.010989248752594,-0.35244034230709076
1071.0,-0.42087300760405405,-0.8470865743500846,2.2147386414664134,-0.7562320828437805,1.0282854352678572,-0.3434633229460035
1072.0,-0.4144389459065029,-0.8494191680635724,2.215820619038173,-0.7549331486225128,1.0455816217831202,-0.33448630358491627
1073.0,-0.4080048842089517,-0.8517517617770604,2.216902596609933,-0.7536342144012451,1.0628778082983834,-0.325509284223829
1074.0,-0.4015708225114005,-0.8540843554905483,2.217984574181693,-0.7523352801799774,1.0801739948136466,-0.3165322648627418
1075.0,-0.3951367608138493,-0.8564169492040362,2.219066551753453,-0.7510363459587097,1.0974701813289096,-0.3075552455016545
1076.0,-0.3887026991162981,-0.858749542917524,2.2201485293252126,-0.749737411737442,1.1147663678441728,-0.2985782261405672
1077.0,-0.38226863741874695,-0.861082136631012,2.2212305068969727,-0.7484384775161743,1.132062554359436,-0.28960120677948
1078.0,-0.38226863741874695,-0.861082136631012,2.2212305068969727,-0.7484384775161743,1.132062554359436,-0.28960120677948
1079.0,-0.3801152966916561,-0.8587041385471821,2.225488603115082,-0.7652640715241432,1.1376657113432884,-0.2817011680454016
1080.0,-0.3779619559645653,-0.8563261404633522,2.229746699333191,-0.7820896655321121,1.1432688683271408,-0.27380112931132317
1081.0,-0.37580861523747444,-0.8539481423795223,2.2340047955513,-0.798915259540081,1.1488720253109932,-0.26590109057724476
1082.0,-0.3736552745103836,-0.8515701442956924,2.238262891769409,-0.8157408535480499,1.1544751822948456,-0.25800105184316635
1083.0,-0.37150193378329277,-0.8491921462118626,2.2425209879875183,-0.8325664475560188,1.160078339278698,-0.25010101310908794
1084.0,-0.36934859305620193,-0.8468141481280327,2.2467790842056274,-0.8493920415639877,1.1656814962625504,-0.24220097437500954
1085.0,-0.3671952523291111,-0.8444361500442028,2.2510371804237366,-0.8662176355719566,1.1712846532464027,-0.23430093564093113
1086.0,-0.36504191160202026,-0.8420581519603729,2.2552952766418457,-0.8830432295799255,1.1768878102302551,-0.22640089690685272
1087.0,-0.36288857087492943,-0.839680153876543,2.259553372859955,-0.8998688235878944,1.1824909672141075,-0.21850085817277431
1088.0,-0.3607352301478386,-0.8373021557927132,2.263811469078064,-0.9166944175958633,1.18809412419796,-0.2106008194386959
1089.0,-0.35858188942074776,-0.8349241577088833,2.268069565296173,-0.9335200116038322,1.1936972811818123,-0.2027007807046175
1090.0,-0.3564285486936569,-0.8325461596250534,2.2723276615142822,-0.9503456056118011,1.1993004381656647,-0.1948007419705391
1091.0,-0.3542752079665661,-0.8301681615412235,2.2765857577323914,-0.96717119961977,1.204903595149517,-0.18690070323646069
1092.0,-0.35212186723947525,-0.8277901634573936,2.2808438539505005,-0.983996793627739,1.2105067521333694,-0.17900066450238228
1093.0,-0.3499685265123844,-0.8254121653735638,2.2851019501686096,-1.0008223876357079,1.2161099091172218,-0.17110062576830387
1094.0,-0.3478151857852936,-0.8230341672897339,2.2893600463867188,-1.0176479816436768,1.2217130661010742,-0.16320058703422546
1095.0,-0.3478151857852936,-0.8230341672897339,2.2893600463867188,-1.0176479816436768,1.2217130661010742,-0.16320058703422546
1096.0,-0.34346739451090497,-0.8202928900718689,2.292295058568319,-1.0308806498845418,1.2330286900202434,-0.15537927548090616
1097.0,-0.3391196032365163,-0.8175516128540039,2.2952300707499185,-1.044113318125407,1.2443443139394124,-0.14755796392758688
1098.0,-0.3347718119621277,-0.8148103356361389,2.2981650829315186,-1.057345986366272,1.2556599378585815,-0.13973665237426758
1099.0,-0.3347718119621277,-0.8148103356361389,2.2981650829315186,-1.057345986366272,1.2556599378585815,-0.13973665237426758
1100.0,-0.3279048005739848,-0.8109449545542399,2.298875649770101,-1.061338186264038,1.2701408863067627,-0.13373946646849313
1101.0,-0.32103778918584186,-0.8070795734723409,2.299586216608683,-1.0653303861618042,1.2846218347549438,-0.12774228056271872
1102.0,-0.314170777797699,-0.8032141923904419,2.3002967834472656,-1.0693225860595703,1.299102783203125,-0.12174509465694427
1103.0,-0.314170777797699,-0.8032141923904419,2.3002967834472656,-1.0693225860595703,1.299102783203125,-0.12174509465694427
1104.0,-0.30835413932800293,-0.7875481843948364,2.301640510559082,-1.0786937475204468,1.3137894868850708,-0.11769402772188187
1105.0,-0.30835413932800293,-0.7875481843948364,2.301640510559082,-1.0786937475204468,1.3137894868850708,-0.11769402772188187
1106.0,-0.30242279917001724,-0.79032002389431,2.301441192626953,-1.0793432593345642,1.3285697996616364,-0.1102166622877121
1107.0,-0.29649145901203156,-0.7930918633937836,2.301241874694824,-1.0799927711486816,1.343350112438202,-0.10273929685354233
1108.0,-0.29056011885404587,-0.7958637028932571,2.3010425567626953,-1.080642282962799,1.3581304252147675,-0.09526193141937256
1109.0,-0.2846287786960602,-0.7986355423927307,2.3008432388305664,-1.0812917947769165,1.372910737991333,-0.08778456598520279
1110.0,-0.2846287786960602,-0.7986355423927307,2.3008432388305664,-1.0812917947769165,1.372910737991333,-0.08778456598520279
1111.0,-0.2780152976512909,-0.794740617275238,2.301420783996582,-1.0882081031799316,1.3890681982040405,-0.08033851087093354
1112.0,-0.27140181660652163,-0.7908456921577454,2.301998329162598,-1.0951244115829468,1.405225658416748,-0.07289245575666428
1113.0,-0.2647883355617523,-0.7869507670402527,2.302575874328613,-1.1020407199859619,1.4213831186294557,-0.06544640064239501
1114.0,-0.258174854516983,-0.78305584192276,2.303153419494629,-1.1089570283889771,1.4375405788421631,-0.05800034552812576
1115.0,-0.25156137347221375,-0.7791609168052673,2.3037309646606445,-1.1158733367919922,1.4536980390548706,-0.050554290413856506
1116.0,-0.25156137347221375,-0.7791609168052673,2.3037309646606445,-1.1158733367919922,1.4536980390548706,-0.050554290413856506
1117.0,-0.24515607208013535,-0.7750922292470932,2.3037275671958923,-1.121807485818863,1.4686677753925323,-0.04397981194779277
1118.0,-0.23875077068805695,-0.7710235416889191,2.30372416973114,-1.1277416348457336,1.483637511730194,-0.03740533348172903
1119.0,-0.23234546929597855,-0.7669548541307449,2.303720772266388,-1.1336757838726044,1.4986072480678558,-0.030830855015665293
1120.0,-0.22594016790390015,-0.7628861665725708,2.3037173748016357,-1.139609932899475,1.5135769844055176,-0.024256376549601555
1121.0,-0.22594016790390015,-0.7628861665725708,2.3037173748016357,-1.139609932899475,1.5135769844055176,-0.024256376549601555
1122.0,-0.21895485743880272,-0.7673398405313492,2.3006794452667236,-1.1309767961502075,1.5286029279232025,-0.017882476531667635
1123.0,-0.2119695469737053,-0.7717935144901276,2.2976415157318115,-1.12234365940094,1.5436288714408875,-0.011508576513733715
1124.0,-0.20498423650860786,-0.776247188448906,2.2946035861968994,-1.1137105226516724,1.5586548149585724,-0.005134676495799795
1125.0,-0.19799892604351044,-0.7807008624076843,2.2915656566619873,-1.1050773859024048,1.5736807584762573,0.0012392235221341252
1126.0,-0.19799892604351044,-0.7807008624076843,2.2915656566619873,-1.1050773859024048,1.5736807584762573,0.0012392235221341252
1127.0,-0.19640197604894638,-0.7889519333839417,2.288697838783264,-1.0916748642921448,1.5773835182189941,0.0028578946948982775
1128.0,-0.19480502605438232,-0.797203004360199,2.285830020904541,-1.0782723426818848,1.581086277961731,0.00447656586766243
1129.0,-0.19480502605438232,-0.797203004360199,2.285830020904541,-1.0782723426818848,1.581086277961731,0.00447656586766243
1130.0,-0.20174125209450722,-0.8010312765836716,2.286588728427887,-1.074157565832138,1.5662562251091003,-0.002033329103142023
1131.0,-0.2086774781346321,-0.8048595488071442,2.287347435951233,-1.0700427889823914,1.5514261722564697,-0.008543224073946476
1132.0,-0.215613704174757,-0.8086878210306168,2.288106143474579,-1.0659280121326447,1.5365961194038391,-0.015053119044750929
1133.0,-0.2225499302148819,-0.8125160932540894,2.288864850997925,-1.061813235282898,1.5217660665512085,-0.021563014015555382
1134.0,-0.2225499302148819,-0.8125160932540894,2.288864850997925,-1.061813235282898,1.5217660665512085,-0.021563014015555382
1135.0,-0.21526467986404896,-0.8126087710261345,2.2865124344825745,-1.0590336471796036,1.5387055426836014,-0.014084300259128213
1136.0,-0.20797942951321602,-0.8127014487981796,2.284160017967224,-1.0562540590763092,1.5556450188159943,-0.006605586502701044
1137.0,-0.20069417916238308,-0.8127941265702248,2.281807601451874,-1.0534744709730148,1.5725844949483871,0.0008731272537261248
1138.0,-0.19340892881155014,-0.8128868043422699,2.2794551849365234,-1.0506948828697205,1.58952397108078,0.008351841010153294
1139.0,-0.1861236784607172,-0.812979482114315,2.277102768421173,-1.047915294766426,1.606463447213173,0.015830554766580462
1140.0,-0.17883842810988426,-0.8130721598863602,2.2747503519058228,-1.0451357066631317,1.6234029233455658,0.02330926852300763
1141.0,-0.17155317775905132,-0.8131648376584053,2.2723979353904724,-1.0423561185598373,1.6403423994779587,0.0307879822794348
1142.0,-0.16426792740821838,-0.8132575154304504,2.270045518875122,-1.039576530456543,1.6572818756103516,0.03826669603586197
1143.0,-0.16426792740821838,-0.8132575154304504,2.270045518875122,-1.039576530456543,1.6572818756103516,0.03826669603586197
1144.0,-0.1575825184583664,-0.8069889783859253,2.269139528274536,-1.045842671394348,1.6719175100326538,0.044512951374053956
1145.0,-0.1508971095085144,-0.8007204413414002,2.26823353767395,-1.0521088123321534,1.686553144454956,0.050759206712245944
1146.0,-0.14421170055866242,-0.794451904296875,2.2673275470733643,-1.0583749532699585,1.7011887788772584,0.05700546205043793
1147.0,-0.1375262916088104,-0.7881833672523498,2.2664215564727783,-1.0646410942077638,1.7158244132995606,0.06325171738862992
1148.0,-0.13084088265895844,-0.7819148302078247,2.2655155658721924,-1.0709072351455688,1.7304600477218628,0.0694979727268219
1149.0,-0.13084088265895844,-0.7819148302078247,2.2655155658721924,-1.0709072351455688,1.7304600477218628,0.0694979727268219
1150.0,-0.12339477986097336,-0.7731672525405884,2.2641839186350503,-1.079322099685669,1.7458656628926594,0.07584714144468307
1151.0,-0.11594867706298828,-0.764419674873352,2.2628522713979087,-1.087736964225769,1.7612712780634563,0.08219631016254425
1152.0,-0.1085025742650032,-0.7556720972061157,2.2615206241607666,-1.0961518287658691,1.776676893234253,0.08854547888040543
1153.0,-0.1085025742650032,-0.7556720972061157,2.2615206241607666,-1.0961518287658691,1.776676893234253,0.08854547888040543
1154.0,-0.10278637520968914,-0.7622381746768951,2.2560247778892517,-1.080300509929657,1.792353868484497,0.09628008864820004
1155.0,-0.09707017615437508,-0.7688042521476746,2.250528931617737,-1.0644491910934448,1.8080308437347412,0.10401469841599464
1156.0,-0.09135397709906101,-0.775370329618454,2.245033085346222,-1.0485978722572327,1.8237078189849854,0.11174930818378925
1157.0,-0.08563777804374695,-0.7819364070892334,2.239537239074707,-1.0327465534210205,1.8393847942352295,0.11948391795158386
1158.0,-0.08563777804374695,-0.7819364070892334,2.239537239074707,-1.0327465534210205,1.8393847942352295,0.11948391795158386
1159.0,-0.08842707797884941,-0.7905598282814026,2.2381500005722046,-1.0205847024917603,1.8353716731071472,0.11841556802392006
1160.0,-0.09121637791395187,-0.7991832494735718,2.236762762069702,-1.0084228515625,1.831358551979065,0.11734721809625626
1161.0,-0.09121637791395187,-0.7991832494735718,2.236762762069702,-1.0084228515625,1.831358551979065,0.11734721809625626
1162.0,-0.09784062206745148,-0.8037788569927216,2.2390867471694946,-1.006670504808426,1.8161986768245697,0.11054373346269131
1163.0,-0.10446486622095108,-0.8083744645118713,2.241410732269287,-1.0049181580543518,1.8010388016700745,0.10374024882912636
1164.0,-0.11108911037445068,-0.8129700720310211,2.2437347173690796,-1.0031658113002777,1.7858789265155792,0.09693676419556141
1165.0,-0.11771335452795029,-0.8175656795501709,2.246058702468872,-1.0014134645462036,1.770719051361084,0.09013327956199646
1166.0,-0.11771335452795029,-0.8175656795501709,2.246058702468872,-1.0014134645462036,1.770719051361084,0.09013327956199646
1167.0,-0.11091633803314632,-0.8172548876868354,2.241451687282986,-0.9945388171407912,1.7881150907940335,0.09868822826279534
1168.0,-0.10411932153834237,-0.8169440958234999,2.2368446720971003,-0.9876641697353787,1.805511130226983,0.10724317696359423
1169.0,-0.09732230504353842,-0.8166333039601644,2.2322376569112143,-0.9807895223299662,1.8229071696599324,0.1157981256643931
1170.0,-0.09052528854873446,-0.8163225120968289,2.2276306417253284,-0.9739148749245538,1.840303209092882,0.124353074365192
1171.0,-0.08372827205393049,-0.8160117202334933,2.223023626539442,-0.9670402275191413,1.8576992485258315,0.13290802306599087
1172.0,-0.07693125555912654,-0.8157009283701578,2.218416611353556,-0.9601655801137289,1.875095287958781,0.14146297176678974
1173.0,-0.07013423906432259,-0.8153901365068223,2.2138095961676703,-0.9532909327083163,1.8924913273917303,0.15001792046758863
1174.0,-0.06333722256951863,-0.8150793446434869,2.2092025809817843,-0.9464162853029039,1.9098873668246799,0.15857286916838753
1175.0,-0.05654020607471466,-0.8147685527801514,2.2045955657958984,-0.9395416378974915,1.9272834062576294,0.1671278178691864
1176.0,-0.05654020607471466,-0.8147685527801514,2.2045955657958984,-0.9395416378974915,1.9272834062576294,0.1671278178691864
1177.0,-0.05098683945834637,-0.8051832020282745,2.204055070877075,-0.9495126903057098,1.9376197457313538,0.17124830186367035
1178.0,-0.04543347284197807,-0.7955978512763977,2.203514575958252,-0.9594837427139282,1.9479560852050781,0.1753687858581543
1179.0,-0.04543347284197807,-0.7955978512763977,2.203514575958252,-0.9594837427139282,1.9479560852050781,0.1753687858581543
1180.0,-0.04552559554576874,-0.7862085898717245,2.207539161046346,-0.9768494764963785,1.943906267484029,0.17192722856998444
1181.0,-0.0456177182495594,-0.7768193284670512,2.21156374613444,-0.994215210278829,1.9398564497629802,0.16848567128181458
1182.0,-0.04570984095335007,-0.7674300670623779,2.215588331222534,-1.0115809440612793,1.9358066320419312,0.16504411399364471
1183.0,-0.04570984095335007,-0.7674300670623779,2.215588331222534,-1.0115809440612793,1.9358066320419312,0.16504411399364471
1184.0,-0.0472204964607954,-0.7596552968025208,2.219740867614746,-1.02737295627594,1.9289597868919373,0.16055604815483093
1185.0,-0.04873115196824074,-0.7518805265426636,2.223893404006958,-1.0431649684906006,1.9221129417419434,0.15606798231601715
1186.0,-0.04873115196824074,-0.7518805265426636,2.223893404006958,-1.0431649684906006,1.9221129417419434,0.15606798231601715
1187.0,-0.04273342707061342,-0.75125652551651,2.2187320504869734,-1.0353859152112688,1.937270130429949,0.16391320313726152
1188.0,-0.0367357021729861,-0.7506325244903564,2.213570696966989,-1.0276068619319372,1.9524273191179549,0.1717584239585059
1189.0,-0.03073797727535878,-0.7500085234642029,2.2084093434470042,-1.0198278086526054,1.9675845078059606,0.17960364477975027
1190.0,-0.02474025237773146,-0.7493845224380493,2.203247989927019,-1.0120487553732735,1.9827416964939661,0.18744886560099466
1191.0,-0.018742527480104142,-0.7487605214118958,2.1980866364070346,-1.0042697020939417,1.997898885181972,0.19529408642223903
1192.0,-0.012744802582476823,-0.7481365203857422,2.19292528288705,-0.99649064881461,2.013056073869978,0.2031393072434834
1193.0,-0.006747077684849501,-0.7475125193595886,2.1877639293670654,-0.9887115955352783,2.0282132625579834,0.21098452806472778
1194.0,-0.006747077684849501,-0.7475125193595886,2.1877639293670654,-0.9887115955352783,2.0282132625579834,0.21098452806472778
1195.0,-0.0008943279584248866,-0.7421685457229614,2.1839977900187173,-0.9885608553886414,2.041423241297404,0.21737387776374817
1196.0,0.004958421767999727,-0.7368245720863342,2.1802316506703696,-0.9884101152420044,2.0546332200368247,0.22376322746276855
1197.0,0.010811171494424343,-0.731480598449707,2.1764655113220215,-0.9882593750953674,2.067843198776245,0.23015257716178894
1198.0,0.010811171494424343,-0.731480598449707,2.1764655113220215,-0.9882593750953674,2.067843198776245,0.23015257716178894
1199.0,0.013099623688807089,-0.736467719078064,2.171053965886434,-0.9726745386918386,2.0774415334065757,0.2372091660896937
1200.0,0.015388075883189837,-0.7414548397064209,2.165642420450846,-0.9570897022883097,2.0870398680369058,0.24426575501759848
1201.0,0.017676528077572584,-0.7464419603347778,2.160230875015259,-0.9415048658847809,2.0966382026672363,0.25132234394550323
1202.0,0.01996498027195533,-0.7514290809631348,2.1548193295796714,-0.9259200294812521,2.106236537297567,0.258378932873408
1203.0,0.022253432466338076,-0.7564162015914917,2.1494077841440835,-0.9103351930777231,2.115834871927897,0.26543552180131275
1204.0,0.024541884660720825,-0.7614033222198486,2.143996238708496,-0.8947503566741943,2.1254332065582275,0.27249211072921753
1205.0,0.024541884660720825,-0.7614033222198486,2.143996238708496,-0.8947503566741943,2.1254332065582275,0.27249211072921753
1206.0,0.024446093787749607,-0.7690009276072184,2.1392975648244223,-0.8774576187133789,2.1301318804423013,0.27765121062596637
1207.0,0.024350302914778393,-0.7765985329945883,2.134598890940348,-0.8601648807525635,2.1348305543263755,0.28281031052271527
1208.0,0.024254512041807175,-0.784196138381958,2.1299002170562744,-0.842872142791748,2.139529228210449,0.2879694104194641
1209.0,0.024254512041807175,-0.784196138381958,2.1299002170562744,-0.842872142791748,2.139529228210449,0.2879694104194641
1210.0,0.017945648171007633,-0.7884955048561096,2.1356348991394043,-0.84836505651474,2.1235653877258303,0.27862412929534913
1211.0,0.011636784300208092,-0.7927948713302613,2.141369581222534,-0.8538579702377319,2.107601547241211,0.26927884817123415
1212.0,0.005327920429408547,-0.7970942378044128,2.147104263305664,-0.8593508839607239,2.091637706756592,0.2599335670471191
1213.0,-0.0009809434413909912,-0.8013936042785644,2.152838945388794,-0.8648437976837158,2.0756738662719725,0.25058828592300414
1214.0,-0.007289807312190533,-0.8056929707527161,2.158573627471924,-0.8703367114067078,2.0597100257873535,0.24124300479888916
1215.0,-0.007289807312190533,-0.8056929707527161,2.158573627471924,-0.8703367114067078,2.0597100257873535,0.24124300479888916
1216.0,-0.013707486912608147,-0.80898403269904,2.1635798386165073,-0.8753642524991717,2.0433752877371654,0.2323569314820426
1217.0,-0.02012516651302576,-0.812275094645364,2.168586049761091,-0.8803917935916356,2.027040549686977,0.22347085816519602
1218.0,-0.026542846113443375,-0.8155661565916879,2.1735922609056746,-0.8854193346840995,2.0107058116367886,0.21458478484834945
1219.0,-0.03296052571386099,-0.8188572185380119,2.178598472050258,-0.8904468757765633,1.9943710735866003,0.20569871153150288
1220.0,-0.039378205314278596,-0.8221482804843357,2.1836046831948415,-0.8954744168690273,1.978036335536412,0.19681263821465628
1221.0,-0.04579588491469622,-0.8254393424306598,2.1886108943394254,-0.9005019579614911,1.9617015974862235,0.1879265648978097
1222.0,-0.05221356451511383,-0.8287304043769836,2.193617105484009,-0.9055294990539551,1.9453668594360352,0.17904049158096313
1223.0,-0.05221356451511383,-0.8287304043769836,2.193617105484009,-0.9055294990539551,1.9453668594360352,0.17904049158096313
1224.0,-0.058511871844530106,-0.8318930466969808,2.1921323339144387,-0.8887829681237539,1.9289115568002064,0.17421351994077364
1225.0,-0.06481017917394638,-0.8350556890169779,2.190647562344869,-0.8720364371935526,1.912456254164378,0.16938654830058417
1226.0,-0.07110848650336266,-0.8382183313369751,2.189162790775299,-0.8552899062633514,1.8960009515285492,0.16455957666039467
1227.0,-0.07740679383277893,-0.8413809736569723,2.187678019205729,-0.8385433753331503,1.8795456488927205,0.15973260502020517
1228.0,-0.0837051011621952,-0.8445436159769694,2.1861932476361594,-0.821796844402949,1.863090346256892,0.1549056333800157
1229.0,-0.09000340849161148,-0.8477062582969666,2.1847084760665894,-0.8050503134727478,1.8466350436210632,0.1500786617398262
1230.0,-0.09630171582102776,-0.8508689006169637,2.1832237044970193,-0.7883037825425466,1.8301797409852345,0.14525169009963673
1231.0,-0.10260002315044403,-0.8540315429369608,2.1817389329274497,-0.7715572516123455,1.813724438349406,0.14042471845944723
1232.0,-0.1088983304798603,-0.857194185256958,2.1802541613578796,-0.7548107206821442,1.7972691357135773,0.13559774681925774
1233.0,-0.11519663780927658,-0.8603568275769552,2.1787693897883096,-0.738064189751943,1.7808138330777485,0.13077077517906827
1234.0,-0.12149494513869286,-0.8635194698969523,2.17728461821874,-0.7213176588217418,1.76435853044192,0.12594380353887877
1235.0,-0.12779325246810913,-0.8666821122169495,2.17579984664917,-0.7045711278915405,1.7479032278060913,0.12111683189868927
1236.0,-0.12779325246810913,-0.8666821122169495,2.17579984664917,-0.7045711278915405,1.7479032278060913,0.12111683189868927
1237.0,-0.13500238292747074,-0.8671563069025675,2.1803637080722384,-0.7134992347823249,1.7308510939280193,0.10930941864434215
1238.0,-0.14221151338683236,-0.8676305015881857,2.184927569495307,-0.7224273416731093,1.713798960049947,0.09750200538999504
1239.0,-0.14942064384619394,-0.8681046962738037,2.1894914309183755,-0.7313554485638937,1.696746826171875,0.08569459213564794
1240.0,-0.15662977430555555,-0.8685788909594218,2.194055292341444,-0.740283555454678,1.679694692293803,0.07388717888130082
1241.0,-0.16383890476491716,-0.8690530856450399,2.198619153764513,-0.7492116623454623,1.6626425584157307,0.062079765626953706
1242.0,-0.17104803522427875,-0.869527280330658,2.2031830151875815,-0.7581397692362467,1.6455904245376587,0.050272352372606605
1243.0,-0.17825716568364036,-0.870001475016276,2.20774687661065,-0.7670678761270311,1.6285382906595867,0.03846493911825949
1244.0,-0.18546629614300197,-0.8704756697018942,2.2123107380337186,-0.7759959830178155,1.6114861567815144,0.026657525863912374
1245.0,-0.1926754266023636,-0.8709498643875122,2.216874599456787,-0.7849240899085999,1.5944340229034424,0.014850112609565258
1246.0,-0.1926754266023636,-0.8709498643875122,2.216874599456787,-0.7849240899085999,1.5944340229034424,0.014850112609565258
1247.0,-0.19484297718320573,-0.8716183446702503,2.212323722385225,-0.7679160719826108,1.5893503484271823,0.010012302547693253
1248.0,-0.1970105277640479,-0.8722868249529884,2.2077728453136625,-0.7509080540566218,1.584266673950922,0.005174492485821247
1249.0,-0.19917807834489004,-0.8729553052357265,2.2032219682421004,-0.7339000361306327,1.5791829994746618,0.00033668242394924164
1250.0,-0.2013456289257322,-0.8736237855184645,2.198671091170538,-0.7168920182046437,1.5740993249984014,-0.004501127637922764
1251.0,-0.20351317950657435,-0.8742922658012027,2.1941202140989757,-0.6998840002786546,1.5690156505221413,-0.00933893769979477
1252.0,-0.20568073008741652,-0.8749607460839408,2.1895693370274136,-0.6828759823526656,1.563931976045881,-0.014176747761666775
1253.0,-0.20784828066825867,-0.8756292263666788,2.185018459955851,-0.6658679644266764,1.5588483015696208,-0.01901455782353878
1254.0,-0.2100158312491008,-0.876297706649417,2.180467582884289,-0.6488599465006873,1.5537646270933605,-0.023852367885410786
1255.0,-0.21218338182994298,-0.8769661869321551,2.175916705812727,-0.6318519285746983,1.5486809526171004,-0.02869017794728279
1256.0,-0.21435093241078512,-0.8776346672148931,2.1713658287411643,-0.6148439106487092,1.54359727814084,-0.0335279880091548
1257.0,-0.2165184829916273,-0.8783031474976313,2.1668149516696023,-0.5978358927227202,1.53851360366458,-0.038365798071026795
1258.0,-0.21868603357246943,-0.8789716277803693,2.1622640745980397,-0.5808278747967311,1.5334299291883196,-0.04320360813289881
1259.0,-0.2208535841533116,-0.8796401080631074,2.1577131975264776,-0.5638198568707421,1.5283462547120594,-0.04804141819477081
1260.0,-0.22302113473415375,-0.8803085883458456,2.1531623204549155,-0.546811838944753,1.523262580235799,-0.05287922825664282
1261.0,-0.2251886853149959,-0.8809770686285836,2.148611443383353,-0.529803821018764,1.518178905759539,-0.05771703831851481
1262.0,-0.22735623589583806,-0.8816455489113217,2.144060566311791,-0.5127958030927748,1.5130952312832786,-0.06255484838038683
1263.0,-0.2295237864766802,-0.8823140291940599,2.1395096892402288,-0.49578778516678584,1.5080115568070185,-0.06739265844225883
1264.0,-0.23169133705752237,-0.8829825094767979,2.1349588121686662,-0.4787797672407968,1.5029278823307581,-0.07223046850413084
1265.0,-0.23385888763836452,-0.883650989759536,2.130407935097104,-0.46177174931480774,1.497844207854498,-0.07706827856600283
1266.0,-0.23602643821920666,-0.8843194700422741,2.1258570580255416,-0.4447637313888187,1.4927605333782377,-0.08190608862787485
1267.0,-0.23819398880004883,-0.8849879503250122,2.1213061809539795,-0.4277557134628296,1.4876768589019775,-0.08674389868974686
1268.0,-0.23819398880004883,-0.8849879503250122,2.1213061809539795,-0.4277557134628296,1.4876768589019775,-0.08674389868974686
1269.0,-0.2338309692484992,-0.8837169834545681,2.114640440259661,-0.4113156348466873,1.497195337499891,-0.07540849915572576
1270.0,-0.22946794969694956,-0.8824460165841239,2.1079746995653426,-0.39487555623054504,1.5067138160978044,-0.06407309962170465
1271.0,-0.22510493014539992,-0.8811750497136798,2.101308958871024,-0.37843547761440277,1.5162322946957179,-0.052737700087683546
1272.0,-0.2207419105938503,-0.8799040828432355,2.0946432181767056,-0.3619953989982605,1.5257507732936315,-0.04140230055366244
1273.0,-0.21637889104230063,-0.8786331159727914,2.087977477482387,-0.3455553203821182,1.535269251891545,-0.030066901019641337
1274.0,-0.212015871490751,-0.8773621491023472,2.0813117367880687,-0.32911524176597595,1.5447877304894584,-0.018731501485620236
1275.0,-0.20765285193920135,-0.8760911822319031,2.07464599609375,-0.3126751631498337,1.5543062090873718,-0.007396101951599121
1276.0,-0.20328983238765172,-0.8748202153614589,2.0679802553994313,-0.2962350845336914,1.5638246876852853,0.00393929758242198
1277.0,-0.19892681283610208,-0.8735492484910148,2.061314514705113,-0.27979500591754913,1.5733431662831987,0.015274697116443081
1278.0,-0.19456379328455245,-0.8722782816205706,2.0546487740107944,-0.26335492730140686,1.5828616448811121,0.026610096650464182
1279.0,-0.19020077373300281,-0.8710073147501264,2.047983033316476,-0.2469148486852646,1.5923801234790258,0.0379454961844853
1280.0,-0.18583775418145315,-0.8697363478796822,2.0413172926221574,-0.23047477006912231,1.6018986020769392,0.049280895718506385
1281.0,-0.18147473462990352,-0.8684653810092381,2.034651551927839,-0.21403469145298007,1.6114170806748527,0.060616295252527486
1282.0,-0.17711171507835388,-0.867194414138794,2.0279858112335205,-0.19759461283683777,1.6209355592727661,0.07195169478654861
1283.0,-0.17711171507835388,-0.867194414138794,2.0279858112335205,-0.19759461283683777,1.6209355592727661,0.07195169478654861
1284.0,-0.16951489448547363,-0.8665626227855683,2.0298418045043944,-0.2097368061542511,1.6379868268966675,0.08997515812516213
1285.0,-0.16191807389259338,-0.8659308314323425,2.0316977977752684,-0.22187899947166442,1.655038094520569,0.10799862146377565
1286.0,-0.15432125329971313,-0.8652990400791168,2.0335537910461428,-0.23402119278907776,1.6720893621444701,0.12602208480238916
1287.0,-0.14672443270683289,-0.8646672487258911,2.0354097843170167,-0.24616338610649108,1.6891406297683715,0.14404554814100268
1288.0,-0.13912761211395264,-0.8640354573726654,2.0372657775878906,-0.2583055794239044,1.706191897392273,0.16206901147961617
1289.0,-0.1315307915210724,-0.8634036660194397,2.0391217708587646,-0.27044777274131776,1.7232431650161744,0.1800924748182297
1290.0,-0.12393397092819214,-0.862771874666214,2.0409777641296385,-0.2825899660587311,1.7402944326400758,0.1981159381568432
1291.0,-0.11633715033531189,-0.8621400833129883,2.042833757400513,-0.2947321593761444,1.757345700263977,0.2161394014954567
1292.0,-0.10874032974243164,-0.8615082919597625,2.044689750671387,-0.30687435269355773,1.7743969678878784,0.2341628648340702
1293.0,-0.10114350914955139,-0.8608765006065369,2.0465457439422607,-0.31901654601097107,1.7914482355117798,0.2521863281726837
1294.0,-0.10114350914955139,-0.8608765006065369,2.0465457439422607,-0.31901654601097107,1.7914482355117798,0.2521863281726837
1295.0,-0.10117411444132979,-0.859090344472365,2.0402027151801367,-0.30231237546964124,1.790082330053503,0.2582408826459538
1296.0,-0.10120471973310817,-0.857304188338193,2.033859686418013,-0.2856082049283114,1.7887164245952258,0.2642954371192239
1297.0,-0.10123532502488657,-0.8555180322040211,2.027516657655889,-0.2689040343869816,1.787350519136949,0.2703499915924939
1298.0,-0.10126593031666496,-0.8537318760698492,2.0211736288937656,-0.2521998638456518,1.7859846136786721,0.276404546065764
1299.0,-0.10129653560844334,-0.8519457199356772,2.0148306001316416,-0.23549569330432196,1.7846187082203953,0.28245910053903406
1300.0,-0.10132714090022174,-0.8501595638015054,2.008487571369518,-0.21879152276299219,1.7832528027621182,0.28851365501230414
1301.0,-0.10135774619200012,-0.8483734076673334,2.002144542607394,-0.20208735222166235,1.7818868973038413,0.2945682094855742
1302.0,-0.10138835148377852,-0.8465872515331615,1.9958015138452703,-0.18538318168033252,1.7805209918455644,0.3006227639588443
1303.0,-0.10141895677555691,-0.8448010953989896,1.9894584850831465,-0.16867901113900272,1.7791550863872876,0.3066773184321143
1304.0,-0.1014495620673353,-0.8430149392648176,1.9831154563210227,-0.15197484059767288,1.7777891809290105,0.3127318729053844
1305.0,-0.1014801673591137,-0.8412287831306458,1.976772427558899,-0.13527067005634308,1.7764232754707336,0.3187864273786545
1306.0,-0.10151077265089209,-0.8394426269964739,1.9704293987967751,-0.11856649951501327,1.7750573700124568,0.32484098185192456
1307.0,-0.10154137794267047,-0.8376564708623019,1.9640863700346514,-0.10186232897368344,1.7736914645541797,0.33089553632519464
1308.0,-0.10157198323444887,-0.83587031472813,1.9577433412725276,-0.08515815843235364,1.7723255590959028,0.3369500907984647
1309.0,-0.10160258852622726,-0.8340841585939581,1.9514003125104038,-0.0684539878910238,1.770959653637626,0.3430046452717348
1310.0,-0.10163319381800565,-0.8322980024597861,1.94505728374828,-0.05174981734969397,1.7695937481793491,0.3490591997450048
1311.0,-0.10166379910978404,-0.8305118463256143,1.938714254986156,-0.035045646808364195,1.768227842721072,0.3551137542182749
1312.0,-0.10169440440156242,-0.8287256901914423,1.9323712262240322,-0.018341476267034362,1.7668619372627952,0.361168308691545
1313.0,-0.10172500969334082,-0.8269395340572704,1.9260281974619085,-0.0016373057257045298,1.7654960318045183,0.367222863164815
1314.0,-0.10175561498511922,-0.8251533779230985,1.9196851686997847,0.015066864815625303,1.7641301263462414,0.3732774176380851
1315.0,-0.1017862202768976,-0.8233672217889265,1.913342139937661,0.031771035356955135,1.7627642208879644,0.37933197211135516
1316.0,-0.101816825568676,-0.8215810656547546,1.906999111175537,0.04847520589828491,1.7613983154296875,0.38538652658462524
1317.0,-0.101816825568676,-0.8215810656547546,1.906999111175537,0.04847520589828491,1.7613983154296875,0.38538652658462524
1318.0,-0.0966186635196209,-0.8173521310091019,1.8979237079620361,0.06447441503405571,1.7705569863319397,0.4136955589056015
1319.0,-0.0914205014705658,-0.8131231963634491,1.8888483047485352,0.08047362416982651,1.779715657234192,0.44200459122657776
1320.0,-0.0862223394215107,-0.8088942617177963,1.8797729015350342,0.0964728333055973,1.788874328136444,0.470313623547554
1321.0,-0.0810241773724556,-0.8046653270721436,1.8706974983215332,0.1124720424413681,1.7980329990386963,0.4986226558685303
1322.0,-0.0810241773724556,-0.8046653270721436,1.8706974983215332,0.1124720424413681,1.7980329990386963,0.4986226558685303
1323.0,-0.07554372549057006,-0.7996633291244507,1.8606470346450805,0.12889171540737152,1.8078444719314575,0.531695556640625
1324.0,-0.07006327360868454,-0.7946613311767579,1.8505965709686278,0.14531138837337493,1.8176559448242187,0.5647684574127197
1325.0,-0.06458282172679901,-0.7896593332290649,1.8405461072921754,0.16173106133937837,1.82746741771698,0.5978413581848144
1326.0,-0.05910236984491348,-0.784657335281372,1.8304956436157227,0.17815073430538178,1.8372788906097413,0.6309142589569092
1327.0,-0.053621917963027954,-0.7796553373336792,1.82044517993927,0.1945704072713852,1.8470903635025024,0.6639871597290039
1328.0,-0.053621917963027954,-0.7796553373336792,1.82044517993927,0.1945704072713852,1.8470903635025024,0.6639871597290039
1329.0,-0.04700641633410539,-0.7770618030003139,1.817650488444737,0.19246741490704672,1.8644504717418127,0.6852328266416278
1330.0,-0.04039091470518283,-0.7744682686669486,1.814855796950204,0.19036442254270827,1.8818105799811227,0.7064784935542515
1331.0,-0.033775413076260266,-0.7718747343335833,1.812061105455671,0.1882614301783698,1.899170688220433,0.7277241604668754
1332.0,-0.027159911447337697,-0.7692812000002179,1.809266413961138,0.18615843781403132,1.916530796459743,0.7489698273794991
1333.0,-0.020544409818415134,-0.7666876656668526,1.8064717224666051,0.18405544544969288,1.9338909046990531,0.770215494292123
1334.0,-0.013928908189492571,-0.7640941313334874,1.803677030972072,0.1819524530853544,1.9512510129383631,0.7914611612047467
1335.0,-0.007313406560570002,-0.7615005970001221,1.800882339477539,0.17984946072101593,1.9686111211776733,0.8127068281173706
1336.0,-0.007313406560570002,-0.7615005970001221,1.800882339477539,0.17984946072101593,1.9686111211776733,0.8127068281173706
1337.0,-0.009236038165787856,-0.7583959658940633,1.7932765404383342,0.1971398949623108,1.9601037184397379,0.8270454804102579
1338.0,-0.01115866977100571,-0.7552913347880046,1.7856707413991293,0.21443032920360566,1.9515963157018026,0.8413841327031454
1339.0,-0.013081301376223564,-0.7521867036819458,1.7780649423599244,0.2317207634449005,1.943088912963867,0.8557227849960327
1340.0,-0.015003932981441419,-0.749082072575887,1.7704591433207193,0.24901119768619537,1.9345815102259318,0.87006143728892
1341.0,-0.01692656458665927,-0.7459774414698283,1.7628533442815144,0.26630163192749023,1.9260741074879963,0.8844000895818075
1342.0,-0.018849196191877127,-0.7428728103637695,1.7552475452423095,0.2835920661687851,1.917566704750061,0.8987387418746948
1343.0,-0.02077182779709498,-0.7397681792577108,1.7476417462031046,0.30088250041007997,1.9090593020121256,0.9130773941675822
1344.0,-0.022694459402312836,-0.736663548151652,1.7400359471638998,0.3181729346513748,1.9005518992741903,0.9274160464604696
1345.0,-0.02461709100753069,-0.7335589170455933,1.7324301481246949,0.3354633688926697,1.8920444965362548,0.9417546987533569
1346.0,-0.02653972261274854,-0.7304542859395345,1.72482434908549,0.35275380313396454,1.8835370937983196,0.9560933510462443
1347.0,-0.028462354217966397,-0.7273496548334758,1.717218550046285,0.3700442373752594,1.875029691060384,0.9704320033391316
1348.0,-0.030384985823184253,-0.724245023727417,1.70961275100708,0.38733467161655427,1.8665222883224488,0.984770655632019
1349.0,-0.0323076174284021,-0.7211403926213582,1.702006951967875,0.40462510585784917,1.8580148855845133,0.9991093079249065
1350.0,-0.03423024903361996,-0.7180357615152995,1.6944011529286702,0.421915540099144,1.8495074828465778,1.0134479602177937
1351.0,-0.036152880638837814,-0.7149311304092407,1.6867953538894653,0.43920597434043884,1.8410000801086426,1.0277866125106812
1352.0,-0.036152880638837814,-0.7149311304092407,1.6867953538894653,0.43920597434043884,1.8410000801086426,1.0277866125106812
1353.0,-0.042035678029060365,-0.7172447800636291,1.690401291847229,0.43897655606269836,1.8259873628616332,1.001108992099762
1354.0,-0.047918475419282916,-0.7195584297180175,1.6940072298049926,0.4387471377849579,1.810974645614624,0.9744313716888428
1355.0,-0.05380127280950547,-0.721872079372406,1.6976131677627564,0.4385177195072174,1.7959619283676147,0.9477537512779236
1356.0,-0.05968407019972802,-0.7241857290267945,1.70121910572052,0.43828830122947693,1.7809492111206056,0.9210761308670044
1357.0,-0.06556686758995056,-0.7264993786811829,1.7048250436782837,0.43805888295173645,1.7659364938735962,0.8943985104560852
1358.0,-0.06556686758995056,-0.7264993786811829,1.7048250436782837,0.43805888295173645,1.7659364938735962,0.8943985104560852
1359.0,-0.0645956564694643,-0.7209260364373525,1.6935763756434123,0.45517466962337494,1.763899564743042,0.9335396985212961
1360.0,-0.06362444534897804,-0.7153526941935221,1.6823277076085408,0.4722904562950134,1.7618626356124878,0.9726808865865072
1361.0,-0.06265323422849178,-0.7097793519496918,1.6710790395736694,0.4894062429666519,1.7598257064819336,1.0118220746517181
1362.0,-0.061682023108005524,-0.7042060097058614,1.659830371538798,0.5065220296382904,1.7577887773513794,1.0509632627169292
1363.0,-0.060710811987519264,-0.698632667462031,1.6485817035039265,0.5236378163099289,1.7557518482208252,1.09010445078214
1364.0,-0.059739600867033005,-0.6930593252182007,1.6373330354690552,0.5407536029815674,1.753714919090271,1.129245638847351
1365.0,-0.059739600867033005,-0.6930593252182007,1.6373330354690552,0.5407536029815674,1.753714919090271,1.129245638847351
1366.0,-0.0636102557182312,-0.6890464663505554,1.628969955444336,0.5552245616912842,1.7403510093688965,0.5733165740966797
1367.0,-0.0674809105694294,-0.6850336074829102,1.6206068754196168,0.569695520401001,1.726987099647522,0.0173875093460083
1368.0,-0.0713515654206276,-0.6810207486152648,1.6122437953948974,0.5841664791107177,1.7136231899261474,-0.5385415554046633
1369.0,-0.07522222027182579,-0.6770078897476196,1.6038807153701782,0.5986374378204345,1.700259280204773,-1.0944706201553345
1370.0,-0.07909287512302399,-0.6729950308799744,1.595517635345459,0.6131083965301514,1.6868953704833984,-1.6503996849060059
1371.0,-0.07909287512302399,-0.6729950308799744,1.595517635345459,0.6131083965301514,1.6868953704833984,-1.6503996849060059
1372.0,-0.07334591448307037,-0.6659897565841675,1.580845832824707,0.6265917122364044,1.6976138353347778,-1.6447167992591858
1373.0,-0.06759895384311676,-0.6589844822883606,1.566174030303955,0.6400750279426575,1.7083323001861572,-1.6390339136123657
1374.0,-0.06759895384311676,-0.6589844822883606,1.566174030303955,0.6400750279426575,1.7083323001861572,-1.6390339136123657
1375.0,-0.07247349992394447,-0.662287026643753,1.5736604531606038,0.6355423629283905,1.693715492884318,-1.6438186764717102
1376.0,-0.07734804600477219,-0.6655895709991455,1.5811468760172527,0.6310096979141235,1.6790986855824788,-1.6486034393310547
1377.0,-0.0822225920855999,-0.668892115354538,1.5886332988739014,0.6264770328998566,1.6644818782806396,-1.6533882021903992
1378.0,-0.08709713816642761,-0.6721946597099304,1.59611972173055,0.6219443678855896,1.6498650709788005,-1.6581729650497437
1379.0,-0.09197168424725533,-0.6754972040653229,1.603606144587199,0.6174117028713226,1.6352482636769612,-1.6629577279090881
1380.0,-0.09684623032808304,-0.6787997484207153,1.6110925674438477,0.6128790378570557,1.620631456375122,-1.6677424907684326
1381.0,-0.09684623032808304,-0.6787997484207153,1.6110925674438477,0.6128790378570557,1.620631456375122,-1.6677424907684326
1382.0,-0.09863878972828388,-0.6853606402873993,1.6252391934394836,0.596754640340805,1.62372887134552,-1.6695239543914795
1383.0,-0.10043134912848473,-0.6919215321540833,1.6393858194351196,0.5806302428245544,1.626826286315918,-1.6713054180145264
1384.0,-0.10222390852868557,-0.6984824240207672,1.6535324454307556,0.5645058453083038,1.629923701286316,-1.6730868816375732
1385.0,-0.10401646792888641,-0.7050433158874512,1.6676790714263916,0.5483814477920532,1.6330211162567139,-1.6748683452606201
1386.0,-0.10401646792888641,-0.7050433158874512,1.6676790714263916,0.5483814477920532,1.6330211162567139,-1.6748683452606201
1387.0,-0.11308023830254872,-0.7049796382586161,1.6699403921763103,0.5552242000897726,1.6203847726186116,-1.6839083433151245
1388.0,-0.12214400867621103,-0.7049159606297811,1.6722017129262288,0.5620669523874918,1.6077484289805095,-1.692948341369629
1389.0,-0.13120777904987335,-0.704852283000946,1.6744630336761475,0.5689097046852112,1.5951120853424072,-1.7019883394241333
1390.0,-0.13120777904987335,-0.704852283000946,1.6744630336761475,0.5689097046852112,1.5951120853424072,-1.7019883394241333
1391.0,-0.14124957472085953,-0.7057175636291504,1.6790809631347656,0.5728164911270142,1.5875294208526611,-1.7120321989059448
1392.0,-0.1512913703918457,-0.7065828442573547,1.6836988925933838,0.5767232775688171,1.579946756362915,-1.7220760583877563
1393.0,-0.1512913703918457,-0.7065828442573547,1.6836988925933838,0.5767232775688171,1.579946756362915,-1.7220760583877563
1394.0,-0.16418568789958954,-0.701413094997406,1.6731452941894531,0.589849591255188,1.5768110752105713,-1.734979510307312
1395.0,-0.16418568789958954,-0.701413094997406,1.6731452941894531,0.589849591255188,1.5768110752105713,-1.734979510307312
1396.0,-0.18035291135311127,-0.7045875787734985,1.682004690170288,0.5856973528862,1.5752248764038086,-1.751146912574768
1397.0,-0.18035291135311127,-0.7045875787734985,1.682004690170288,0.5856973528862,1.5752248764038086,-1.751146912574768
1398.0,-0.18429314345121384,-0.700497567653656,1.6721641421318054,0.593558669090271,1.5743359327316284,-1.7550882697105408
1399.0,-0.1882333755493164,-0.6964075565338135,1.6623235940933228,0.601419985294342,1.5734469890594482,-1.7590296268463135
1400.0,-0.1882333755493164,-0.6964075565338135,1.6623235940933228,0.601419985294342,1.5734469890594482,-1.7590296268463135
1401.0,-0.18268941342830658,-0.691929429769516,1.650880753993988,0.6087457537651062,1.5736172199249268,-1.753485918045044
1402.0,-0.17714545130729675,-0.6874513030052185,1.6394379138946533,0.6160715222358704,1.5737874507904053,-1.7479422092437744
1403.0,-0.17714545130729675,-0.6874513030052185,1.6394379138946533,0.6160715222358704,1.5737874507904053,-1.7479422092437744
1404.0,-0.16351404786109924,-0.6888130903244019,1.6424384117126465,0.6130677461624146,1.5751523971557617,-1.7343109846115112
1405.0,-0.16351404786109924,-0.6888130903244019,1.6424384117126465,0.6130677461624146,1.5751523971557617,-1.7343109846115112
1406.0,-0.16347330063581467,-0.6844757199287415,1.63157457113266,0.6203493475914001,1.5748382806777954,-1.7342703342437744
1407.0,-0.1634325534105301,-0.680138349533081,1.6207107305526733,0.6276309490203857,1.574524164199829,-1.7342296838760376
1408.0,-0.1634325534105301,-0.680138349533081,1.6207107305526733,0.6276309490203857,1.574524164199829,-1.7342296838760376
1409.0,-0.14863955974578857,-0.6761807203292847,1.610758900642395,0.6340787410736084,1.574184536933899,-1.719436526298523
1410.0,-0.14863955974578857,-0.6761807203292847,1.610758900642395,0.6340787410736084,1.574184536933899,-1.719436526298523
1411.0,-0.13462115824222565,-0.672700822353363,1.6020092964172363,0.6396836638450623,1.573965311050415,-1.7054179906845093
1412.0,-0.13462115824222565,-0.672700822353363,1.6020092964172363,0.6396836638450623,1.573965311050415,-1.7054179906845093
1413.0,-0.12320957332849503,-0.6762380003929138,1.6103346347808838,0.6329840421676636,1.576774001121521,-1.6940075159072876
1414.0,-0.12320957332849503,-0.6762380003929138,1.6103346347808838,0.6329840421676636,1.576774001121521,-1.6940075159072876
1415.0,-0.12928898259997368,-0.6805836856365204,1.621158242225647,0.625682145357132,1.5771170258522034,-1.7000869512557983
1416.0,-0.13536839187145233,-0.684929370880127,1.6319818496704102,0.6183802485466003,1.5774600505828857,-1.706166386604309
1417.0,-0.13536839187145233,-0.684929370880127,1.6319818496704102,0.6183802485466003,1.5774600505828857,-1.706166386604309
1418.0,-0.13131034161363328,-0.6899208681924003,1.6407864093780518,0.6013613002640861,1.5906479018075126,-1.7021256685256958
1419.0,-0.12725229135581426,-0.6949123655046735,1.6495909690856934,0.5843423519815717,1.6038357530321394,-1.6980849504470825
1420.0,-0.12319424109799522,-0.6999038628169468,1.658395528793335,0.5673234036990574,1.6170236042567663,-1.6940442323684692
1421.0,-0.11913619084017618,-0.7048953601292202,1.6672000885009766,0.5503044554165432,1.630211455481393,-1.690003514289856
1422.0,-0.11507814058235713,-0.7098868574414935,1.6760046482086182,0.5332855071340289,1.6433993067060197,-1.6859627962112427
1423.0,-0.11102009032453809,-0.7148783547537667,1.6848092079162598,0.5162665588515145,1.6565871579306466,-1.6819220781326294
1424.0,-0.10696204006671906,-0.71986985206604,1.6936137676239014,0.49924761056900024,1.6697750091552734,-1.6778813600540161
1425.0,-0.10696204006671906,-0.71986985206604,1.6936137676239014,0.49924761056900024,1.6697750091552734,-1.6778813600540161
1426.0,-0.10755154366294543,-0.7243615289529165,1.7023593386014302,0.4842587510744731,1.672700862089793,-1.2952814400196075
1427.0,-0.1081410472591718,-0.7288532058397929,1.7111049095789592,0.46926989157994586,1.6756267150243123,-0.912681519985199
1428.0,-0.10873055085539818,-0.7333448827266693,1.719850480556488,0.4542810320854187,1.6785525679588318,-0.5300815999507904
1429.0,-0.10932005445162456,-0.7378365596135458,1.7285960515340169,0.43929217259089154,1.6814784208933513,-0.14748167991638184
1430.0,-0.10990955804785092,-0.7423282365004221,1.737341622511546,0.4243033130963644,1.6844042738278706,0.2351182401180265
1431.0,-0.1104990616440773,-0.7468199133872986,1.7460871934890747,0.40931445360183716,1.6873301267623901,0.6177181601524353
1432.0,-0.1104990616440773,-0.7468199133872986,1.7460871934890747,0.40931445360183716,1.6873301267623901,0.6177181601524353
1433.0,-0.12018607184290886,-0.7514852285385132,1.7559767365455627,0.3994048982858658,1.6746899485588074,0.5509217083454132
1434.0,-0.12987308204174042,-0.7561505436897278,1.7658662796020508,0.3894953429698944,1.6620497703552246,0.4841252565383911
1435.0,-0.12987308204174042,-0.7561505436897278,1.7658662796020508,0.3894953429698944,1.6620497703552246,0.4841252565383911
1436.0,-0.13414610070841654,-0.7607237441199166,1.7749781949179513,0.37392342942101614,1.6577522584370203,0.44869503378868103
1437.0,-0.13841911937509263,-0.7652969445501056,1.7840901102338518,0.35835151587213787,1.6534547465188163,0.41326481103897095
1438.0,-0.14269213804176875,-0.7698701449802944,1.7932020255497523,0.34277960232325966,1.649157234600612,0.37783458828926086
1439.0,-0.14696515670844487,-0.7744433454104832,1.802313940865653,0.3272076887743814,1.644859722682408,0.3424043655395508
1440.0,-0.15123817537512096,-0.779016545840672,1.8114258561815535,0.3116357752255031,1.6405622107642037,0.3069741427898407
1441.0,-0.15551119404179709,-0.783589746270861,1.820537771497454,0.29606386167662485,1.6362646988459997,0.2715439200401306
1442.0,-0.1597842127084732,-0.7881629467010498,1.8296496868133545,0.2804919481277466,1.6319671869277954,0.23611369729042053
1443.0,-0.1597842127084732,-0.7881629467010498,1.8296496868133545,0.2804919481277466,1.6319671869277954,0.23611369729042053
1444.0,-0.17185423274834952,-0.7856777906417847,1.8259131113688152,0.29622916380564374,1.614871581395467,0.1732143151263396
1445.0,-0.1839242527882258,-0.7831926345825195,1.8221765359242756,0.31196637948354083,1.597775975863139,0.11031493296225867
1446.0,-0.1959942728281021,-0.7807074785232544,1.8184399604797363,0.327703595161438,1.5806803703308105,0.04741555079817772
1447.0,-0.1959942728281021,-0.7807074785232544,1.8184399604797363,0.327703595161438,1.5806803703308105,0.04741555079817772
1448.0,-0.20881910622119904,-0.779542088508606,1.8173362016677856,0.33507461845874786,1.564407229423523,-0.034780269488692284
1449.0,-0.22164393961429596,-0.7783766984939575,1.816232442855835,0.34244564175605774,1.5481340885162354,-0.11697608977556229
1450.0,-0.22164393961429596,-0.7783766984939575,1.816232442855835,0.34244564175605774,1.5481340885162354,-0.11697608977556229
1451.0,-0.23124184211095175,-0.7765345176060995,1.8137459357579548,0.350207656621933,1.5350064039230347,-0.194078986843427
1452.0,-0.24083974460760751,-0.7746923367182413,1.811259428660075,0.3579696714878082,1.521878719329834,-0.2711818839112917
1453.0,-0.2504376471042633,-0.7728501558303833,1.8087729215621948,0.36573168635368347,1.5087510347366333,-0.3482847809791565
1454.0,-0.2504376471042633,-0.7728501558303833,1.8087729215621948,0.36573168635368347,1.5087510347366333,-0.3482847809791565
1455.0,-0.26261530816555023,-0.7747716307640076,1.8134453296661377,0.3573042154312134,1.4913286566734314,-0.41787227988243103
1456.0,-0.27479296922683716,-0.7766931056976318,1.8181177377700806,0.3488767445087433,1.4739062786102295,-0.48745977878570557
1457.0,-0.27479296922683716,-0.7766931056976318,1.8181177377700806,0.3488767445087433,1.4739062786102295,-0.48745977878570557
1458.0,-0.27484265466531116,-0.7722899317741394,1.809825638930003,0.3649509996175766,1.4774429202079773,-0.7136382460594177
1459.0,-0.2748923401037852,-0.767886757850647,1.801533540089925,0.3810252547264099,1.480979561805725,-0.9398167133331299
1460.0,-0.2749420255422592,-0.7634835839271545,1.7932414412498474,0.3970995098352432,1.484516203403473,-1.165995180606842
1461.0,-0.2749917109807332,-0.7590804100036621,1.7849493424097698,0.41317376494407654,1.4880528450012207,-1.3921736478805542
1462.0,-0.2750413964192073,-0.7546772360801697,1.776657243569692,0.42924802005290985,1.4915894865989685,-1.6183521151542664
1463.0,-0.2750910818576813,-0.7502740621566772,1.7683651447296143,0.44532227516174316,1.4951261281967163,-1.8445305824279785
1464.0,-0.2750910818576813,-0.7502740621566772,1.7683651447296143,0.44532227516174316,1.4951261281967163,-1.8445305824279785
1465.0,-0.2775697410106659,-0.7459752559661865,1.7616691589355469,0.46068496505419415,1.5034634669621785,-1.8472769260406494
1466.0,-0.2800484001636505,-0.7416764497756958,1.7549731731414795,0.4760476549466451,1.5118008057276409,-1.8500232696533203
1467.0,-0.28252705931663513,-0.7373776435852051,1.748277187347412,0.49141034483909607,1.520138144493103,-1.8527696132659912
1468.0,-0.28252705931663513,-0.7373776435852051,1.748277187347412,0.49141034483909607,1.520138144493103,-1.8527696132659912
1469.0,-0.2687353640794754,-0.7374796867370605,1.7475403547286987,0.49251653254032135,1.5290621519088745,-1.8389679789543152
1470.0,-0.2549436688423157,-0.737581729888916,1.7468035221099854,0.49362272024154663,1.537986159324646,-1.8251663446426392
1471.0,-0.2549436688423157,-0.737581729888916,1.7468035221099854,0.49362272024154663,1.537986159324646,-1.8251663446426392
1472.0,-0.2550079474846522,-0.732423464457194,1.7369476358095806,0.5084946354230245,1.5420359373092651,-1.825326104958852
1473.0,-0.2550722261269887,-0.727265199025472,1.7270917495091755,0.5233665506045023,1.5460857152938843,-1.8254858652750652
1474.0,-0.25513650476932526,-0.72210693359375,1.7172358632087708,0.5382384657859802,1.5501354932785034,-1.825645625591278
1475.0,-0.2552007834116618,-0.716948668162028,1.707379976908366,0.5531103809674581,1.5541852712631226,-1.825805385907491
1476.0,-0.2552650620539983,-0.711790402730306,1.697524090607961,0.5679822961489359,1.5582350492477417,-1.825965146223704
1477.0,-0.25532934069633484,-0.706632137298584,1.6876682043075562,0.5828542113304138,1.5622848272323608,-1.826124906539917
1478.0,-0.25532934069633484,-0.706632137298584,1.6876682043075562,0.5828542113304138,1.5622848272323608,-1.826124906539917
1479.0,-0.23834441602230072,-0.6992781162261963,1.670454978942871,0.597894549369812,1.5675667524337769,-1.8091412782669067
1480.0,-0.23834441602230072,-0.6992781162261963,1.670454978942871,0.597894549369812,1.5675667524337769,-1.8091412782669067
1481.0,-0.23039506375789642,-0.6948683261871338,1.6592621803283691,0.6053288280963898,1.5686392188072205,-1.8011916875839233
1482.0,-0.22244571149349213,-0.6904585361480713,1.6480693817138672,0.6127631068229675,1.569711685180664,-1.79324209690094
1483.0,-0.22244571149349213,-0.6904585361480713,1.6480693817138672,0.6127631068229675,1.569711685180664,-1.79324209690094
1484.0,-0.2218494489789009,-0.6858392655849457,1.6362110376358032,0.6200941205024719,1.5697110891342163,-1.7926458716392517
1485.0,-0.2212531864643097,-0.6812199950218201,1.6243526935577393,0.6274251341819763,1.5697104930877686,-1.7920496463775635
1486.0,-0.2212531864643097,-0.6812199950218201,1.6243526935577393,0.6274251341819763,1.5697104930877686,-1.7920496463775635
1487.0,-0.2086476981639862,-0.6755513548851013,1.609936237335205,0.636415421962738,1.570776104927063,-1.7794439792633057
1488.0,-0.2086476981639862,-0.6755513548851013,1.609936237335205,0.636415421962738,1.570776104927063,-1.7794439792633057
1489.0,-0.2106991931796074,-0.6696419715881348,1.594916045665741,0.645524263381958,1.5707862377166748,-1.7814955115318298
1490.0,-0.21275068819522858,-0.6637325882911682,1.5798958539962769,0.654633104801178,1.5707963705062866,-1.783547043800354
1491.0,-0.21275068819522858,-0.6637325882911682,1.5798958539962769,0.654633104801178,1.5707963705062866,-1.783547043800354
1492.0,-0.22677291929721832,-0.668308436870575,1.5914939641952515,0.6476107835769653,1.5707963705062866,-1.7975692749023438
1493.0,-0.22677291929721832,-0.668308436870575,1.5914939641952515,0.6476107835769653,1.5707963705062866,-1.7975692749023438
1494.0,-0.23765981197357178,-0.6657650470733643,1.5850424766540527,0.6515189409255981,1.5707963705062866,-1.8084561824798584
1495.0,-0.23765981197357178,-0.6657650470733643,1.5850424766540527,0.6515189409255981,1.5707963705062866,-1.8084561824798584
1496.0,-0.24965320527553558,-0.6666378080844879,1.5872325897216797,0.650137186050415,1.570221185684204,-1.8204496502876282
1497.0,-0.2616465985774994,-0.6675105690956116,1.5894227027893066,0.6487554311752319,1.5696460008621216,-1.832443118095398
1498.0,-0.2616465985774994,-0.6675105690956116,1.5894227027893066,0.6487554311752319,1.5696460008621216,-1.832443118095398
1499.0,-0.26641516387462616,-0.6714519560337067,1.5993744134902954,0.6425235271453857,1.568213403224945,-1.8372125029563904
1500.0,-0.27118372917175293,-0.6753933429718018,1.6093261241912842,0.6362916231155396,1.5667808055877686,-1.8419818878173828
1501.0,-0.27118372917175293,-0.6753933429718018,1.6093261241912842,0.6362916231155396,1.5667808055877686,-1.8419818878173828
1502.0,-0.2603941857814789,-0.6795544624328613,1.619842529296875,0.6295991539955139,1.5658892393112183,-1.8311930894851685
1503.0,-0.2603941857814789,-0.6795544624328613,1.619842529296875,0.6295991539955139,1.5658892393112183,-1.8311930894851685
1504.0,-0.2589457780122757,-0.6847628355026245,1.6330729126930237,0.6211405694484711,1.565754234790802,-1.8297445178031921
1505.0,-0.2574973702430725,-0.6899712085723877,1.6463032960891724,0.6126819849014282,1.5656192302703857,-1.8282959461212158
1506.0,-0.2574973702430725,-0.6899712085723877,1.6463032960891724,0.6126819849014282,1.5656192302703857,-1.8282959461212158
1507.0,-0.2731265127658844,-0.6886937022209167,1.6428126096725464,0.6143626570701599,1.5637106895446777,-1.8439275026321411
1508.0,-0.2731265127658844,-0.6886937022209167,1.6428126096725464,0.6143626570701599,1.5637106895446777,-1.8439275026321411
1509.0,-0.2841893583536148,-0.6854915916919708,1.6346409916877747,0.6194943189620972,1.562749981880188,-1.8549926280975342
1510.0,-0.2952522039413452,-0.6822894811630249,1.626469373703003,0.6246259808540344,1.5617892742156982,-1.8660577535629272
1511.0,-0.2952522039413452,-0.6822894811630249,1.626469373703003,0.6246259808540344,1.5617892742156982,-1.8660577535629272
1512.0,-0.298396497964859,-0.6781181693077087,1.6160238981246948,0.6313347816467285,1.560867965221405,-1.8692051768302917
1513.0,-0.3015407919883728,-0.6739468574523926,1.6055784225463867,0.6380435824394226,1.5599466562271118,-1.8723526000976562
1514.0,-0.3015407919883728,-0.6739468574523926,1.6055784225463867,0.6380435824394226,1.5599466562271118,-1.8723526000976562
1515.0,-0.29049423336982727,-0.6707646548748016,1.5975764989852905,0.6433157920837402,1.5642215609550476,-1.8612986207008362
1516.0,-0.27944767475128174,-0.6675824522972107,1.5895745754241943,0.6485880017280579,1.5684964656829834,-1.8502446413040161
1517.0,-0.27944767475128174,-0.6675824522972107,1.5895745754241943,0.6485880017280579,1.5684964656829834,-1.8502446413040161
1518.0,-0.2751590311527252,-0.6631166934967041,1.5790272951126099,0.6567648351192474,1.5701982378959656,-1.8459545969963074
1519.0,-0.2708703875541687,-0.6586509346961975,1.5684800148010254,0.664941668510437,1.5719000101089478,-1.8416645526885986
1520.0,-0.2708703875541687,-0.6586509346961975,1.5684800148010254,0.664941668510437,1.5719000101089478,-1.8416645526885986
1521.0,-0.26194655895233154,-0.6552222371101379,1.5627342462539673,0.6752745509147644,1.5739343762397766,-1.832715928554535
1522.0,-0.2530227303504944,-0.6517935395240784,1.5569884777069092,0.6856074333190918,1.5759687423706055,-1.8237673044204712
1523.0,-0.2530227303504944,-0.6517935395240784,1.5569884777069092,0.6856074333190918,1.5759687423706055,-1.8237673044204712
1524.0,-0.24797691106796266,-0.6460125923156739,1.5477740049362183,0.7030538201332093,1.579104208946228,-1.8185439109802246
1525.0,-0.2429310917854309,-0.6402316451072693,1.5385595321655274,0.7205002069473266,1.5822396755218506,-1.813320517539978
1526.0,-0.23788527250289918,-0.6344506978988648,1.5293450593948363,0.7379465937614441,1.585375142097473,-1.8080971240997314
1527.0,-0.23283945322036742,-0.6286697506904602,1.5201305866241455,0.7553929805755615,1.5885106086730958,-1.8028737306594849
1528.0,-0.2277936339378357,-0.6228888034820557,1.5109161138534546,0.772839367389679,1.5916460752487183,-1.7976503372192383
1529.0,-0.2277936339378357,-0.6228888034820557,1.5109161138534546,0.772839367389679,1.5916460752487183,-1.7976503372192383
1530.0,-0.21500395238399506,-0.6254125833511353,1.5158582925796509,0.7668781280517578,1.589667558670044,-1.7849833965301514
1531.0,-0.21500395238399506,-0.6254125833511353,1.5158582925796509,0.7668781280517578,1.589667558670044,-1.7849833965301514
1532.0,-0.20746972660223642,-0.6295036673545837,1.5225565433502197,0.75502081712087,1.587191899617513,-1.7776093482971191
1533.0,-0.1999355008204778,-0.6335947513580322,1.5292547941207886,0.7431635061899821,1.5847162405649822,-1.770235300064087
1534.0,-0.19240127503871918,-0.6376858353614807,1.5359530448913574,0.7313061952590942,1.5822405815124512,-1.7628612518310547
1535.0,-0.19240127503871918,-0.6376858353614807,1.5359530448913574,0.7313061952590942,1.5822405815124512,-1.7628612518310547
1536.0,-0.18284266193707785,-0.6419011354446411,1.5422411759694417,0.7176915407180786,1.5797557830810547,-1.7533986965815227
1537.0,-0.1732840488354365,-0.6461164355278015,1.5485293070475261,0.704076886177063,1.5772709846496582,-1.7439361413319905
1538.0,-0.16372543573379517,-0.6503317356109619,1.5548174381256104,0.6904622316360474,1.5747861862182617,-1.7344735860824585
1539.0,-0.16372543573379517,-0.6503317356109619,1.5548174381256104,0.6904622316360474,1.5747861862182617,-1.7344735860824585
1540.0,-0.15797332674264908,-0.6559877097606659,1.5647157430648804,0.6741440892219543,1.5727912783622742,-1.7287455797195435
1541.0,-0.152221217751503,-0.6616436839103699,1.5746140480041504,0.6578259468078613,1.5707963705062866,-1.7230175733566284
1542.0,-0.152221217751503,-0.6616436839103699,1.5746140480041504,0.6578259468078613,1.5707963705062866,-1.7230175733566284
1543.0,-0.14341193437576294,-0.6615812480449677,1.5744563341140747,0.6579212248325348,1.5707963705062866,-1.7142082452774048
1544.0,-0.1346026510000229,-0.6615188121795654,1.574298620223999,0.6580165028572083,1.5707963705062866,-1.7053989171981812
1545.0,-0.1346026510000229,-0.6615188121795654,1.574298620223999,0.6580165028572083,1.5707963705062866,-1.7053989171981812
1546.0,-0.12494943290948868,-0.6585775315761566,1.568294644355774,0.6650384664535522,1.5712549090385437,-1.6957439184188843
1547.0,-0.11529621481895447,-0.6556362509727478,1.5622906684875488,0.6720604300498962,1.5717134475708008,-1.6860889196395874
1548.0,-0.11529621481895447,-0.6556362509727478,1.5622906684875488,0.6720604300498962,1.5717134475708008,-1.6860889196395874
1549.0,-0.11406922961274783,-0.6501322984695435,1.5527969002723694,0.6877072056134542,1.572965383529663,-1.684807817141215
1550.0,-0.11284224440654118,-0.6446283459663391,1.54330313205719,0.7033539811770121,1.5742173194885254,-1.6835267146428425
1551.0,-0.11161525920033455,-0.6391243934631348,1.5338093638420105,0.7190007567405701,1.5754692554473877,-1.6822456121444702
1552.0,-0.11038827399412791,-0.6336204409599304,1.524315595626831,0.734647532304128,1.57672119140625,-1.680964509646098
1553.0,-0.10916128878792127,-0.6281164884567261,1.5148218274116516,0.7502943078676859,1.5779731273651123,-1.6796834071477253
1554.0,-0.10793430358171463,-0.6226125359535217,1.5053280591964722,0.7659410834312439,1.5792250633239746,-1.678402304649353
1555.0,-0.10793430358171463,-0.6226125359535217,1.5053280591964722,0.7659410834312439,1.5792250633239746,-1.678402304649353
1556.0,-0.11027409633000691,-0.6167126761542426,1.4968661334779527,0.7827018764283922,1.5814132160610623,-1.1577350033654108
1557.0,-0.11261388907829921,-0.6108128163549635,1.4884042077594333,0.7994626694255405,1.58360136879815,-0.6370677020814683
1558.0,-0.11495368182659149,-0.6049129565556844,1.4799422820409138,0.8162234624226888,1.5857895215352376,-0.11640040079752612
1559.0,-0.11729347457488377,-0.5990130967564053,1.4714803563223944,0.8329842554198371,1.5879776742723253,0.40426690048641634
1560.0,-0.11963326732317607,-0.5931132369571261,1.4630184306038752,0.8497450484169854,1.590165827009413,0.9249342017703586
1561.0,-0.12197306007146835,-0.587213377157847,1.4545565048853557,0.8665058414141337,1.5923539797465007,1.4456015030543008
1562.0,-0.12431285281976064,-0.581313517358568,1.4460945791668363,0.883266634411282,1.5945421324835882,1.966268804338243
1563.0,-0.12665264556805292,-0.5754136575592889,1.4376326534483168,0.9000274274084303,1.596730285220676,2.4869361056221857
1564.0,-0.12899243831634521,-0.5695137977600098,1.4291707277297974,0.9167882204055786,1.5989184379577637,3.007603406906128
1565.0,-0.12899243831634521,-0.5695137977600098,1.4291707277297974,0.9167882204055786,1.5989184379577637,3.007603406906128
1566.0,-0.14407256245613098,-0.5746307373046875,1.4376886487007141,0.9053417146205902,1.6004518270492554,2.994035840034485
1567.0,-0.15915268659591675,-0.5797476768493652,1.4462065696716309,0.8938952088356018,1.601985216140747,2.980468273162842
1568.0,-0.15915268659591675,-0.5797476768493652,1.4462065696716309,0.8938952088356018,1.601985216140747,2.980468273162842
1569.0,-0.16505898535251617,-0.5747644901275635,1.4386752247810364,0.9059300124645233,1.604533851146698,2.9761351346969604
1570.0,-0.1709652841091156,-0.5697813034057617,1.431143879890442,0.9179648160934448,1.607082486152649,2.971801996231079
1571.0,-0.1709652841091156,-0.5697813034057617,1.431143879890442,0.9179648160934448,1.607082486152649,2.971801996231079
1572.0,-0.17971666157245636,-0.5728382766246796,1.435839831829071,0.9105247259140015,1.6076152920722961,2.96418297290802
1573.0,-0.18846803903579712,-0.5758952498435974,1.4405357837677002,0.9030846357345581,1.6081480979919434,2.956563949584961
1574.0,-0.18846803903579712,-0.5758952498435974,1.4405357837677002,0.9030846357345581,1.6081480979919434,2.956563949584961
1575.0,-0.1993858441710472,-0.5746840536594391,1.4384959936141968,0.905646562576294,1.6107061505317688,2.9460548162460327
1576.0,-0.2103036493062973,-0.5734728574752808,1.4364562034606934,0.9082084894180298,1.6132642030715942,2.9355456829071045
1577.0,-0.2103036493062973,-0.5734728574752808,1.4364562034606934,0.9082084894180298,1.6132642030715942,2.9355456829071045
1578.0,-0.22037002444267273,-0.5779615044593811,1.4427757263183594,0.896150678396225,1.613012433052063,2.925240159034729
1579.0,-0.23043639957904816,-0.5824501514434814,1.4490952491760254,0.8840928673744202,1.6127606630325317,2.9149346351623535
1580.0,-0.23043639957904816,-0.5824501514434814,1.4490952491760254,0.8840928673744202,1.6127606630325317,2.9149346351623535
1581.0,-0.2370406985282898,-0.5778413414955139,1.4417068362236023,0.8949063122272491,1.615966796875,2.9088172912597656
1582.0,-0.24364499747753143,-0.5732325315475464,1.4343184232711792,0.9057197570800781,1.6191729307174683,2.9026999473571777
1583.0,-0.24364499747753143,-0.5732325315475464,1.4343184232711792,0.9057197570800781,1.6191729307174683,2.9026999473571777
1584.0,-0.24007955938577652,-0.5661388039588928,1.4229898750782013,0.921049952507019,1.6206390261650085,2.908007800579071
1585.0,-0.2365141212940216,-0.5590450763702393,1.4116613268852234,0.93638014793396,1.6221051216125488,2.9133156538009644
1586.0,-0.2329486832022667,-0.5519513487815857,1.4003327786922455,0.9517103433609009,1.6235712170600891,2.9186235070228577
1587.0,-0.22938324511051178,-0.5448576211929321,1.3890042304992676,0.9670405387878418,1.6250373125076294,2.923931360244751
1588.0,-0.22938324511051178,-0.5448576211929321,1.3890042304992676,0.9670405387878418,1.6250373125076294,2.923931360244751
1589.0,-0.23331457376480103,-0.5404942035675049,1.380180299282074,0.9717289507389069,1.6258621215820312,2.9209460020065308
1590.0,-0.23724590241909027,-0.5361307859420776,1.3713563680648804,0.9764173626899719,1.626686930656433,2.9179606437683105
1591.0,-0.23724590241909027,-0.5361307859420776,1.3713563680648804,0.9764173626899719,1.626686930656433,2.9179606437683105
1592.0,-0.24985823035240173,-0.5437719821929932,1.3859729766845703,0.9676398038864136,1.6297786235809326,2.9042670726776123
1593.0,-0.24985823035240173,-0.5437719821929932,1.3859729766845703,0.9676398038864136,1.6297786235809326,2.9042670726776123
1594.0,-0.2551370859146118,-0.539387583732605,1.3770864605903625,0.9726267457008362,1.6306456923484802,2.9014097452163696
1595.0,-0.2604159414768219,-0.5350031852722168,1.3681999444961548,0.9776136875152588,1.6315127611160278,2.898552417755127
1596.0,-0.2604159414768219,-0.5350031852722168,1.3681999444961548,0.9776136875152588,1.6315127611160278,2.898552417755127
1597.0,-0.24941222369670868,-0.5284493565559387,1.3555223941802979,0.9846054315567017,1.6252323389053345,2.9236228466033936
1598.0,-0.24941222369670868,-0.5284493565559387,1.3555223941802979,0.9846054315567017,1.6252323389053345,2.9236228466033936
1599.0,-0.2392178326845169,-0.5205045938491821,1.3399620056152344,0.99327152967453,1.6208038330078125,2.941730260848999
1600.0,-0.2392178326845169,-0.5205045938491821,1.3399620056152344,0.99327152967453,1.6208038330078125,2.941730260848999
1601.0,-0.23461492359638214,-0.5119891464710236,1.3234657049179077,1.0038694441318512,1.620235562324524,2.946042060852051
1602.0,-0.23001201450824738,-0.503473699092865,1.306969404220581,1.0144673585891724,1.6196672916412354,2.9503538608551025
1603.0,-0.23001201450824738,-0.503473699092865,1.306969404220581,1.0144673585891724,1.6196672916412354,2.9503538608551025
1604.0,-0.24172425270080566,-0.5025447607040405,1.305111289024353,1.0165935754776,1.6204603910446167,2.9482810497283936
1605.0,-0.24172425270080566,-0.5025447607040405,1.305111289024353,1.0165935754776,1.6204603910446167,2.9482810497283936
1606.0,-0.25200122594833374,-0.510409414768219,1.3206098079681396,1.008327841758728,1.6193547248840332,2.9519879817962646
1607.0,-0.25200122594833374,-0.510409414768219,1.3206098079681396,1.008327841758728,1.6193547248840332,2.9519879817962646
1608.0,-0.25760015845298767,-0.5032651325066885,1.31015944480896,1.025295575459798,1.6084827582041423,2.9973156452178955
1609.0,-0.2631990909576416,-0.4961208502451579,1.2997090816497803,1.0422633091608684,1.5976107915242512,3.0426433086395264
1610.0,-0.26879802346229553,-0.4889765679836273,1.2892587184906006,1.0592310428619385,1.5867388248443604,3.0879709720611572
1611.0,-0.26879802346229553,-0.4889765679836273,1.2892587184906006,1.0592310428619385,1.5867388248443604,3.0879709720611572
1612.0,-0.27440986037254333,-0.49606724083423615,1.302912175655365,1.0497068166732788,1.582457959651947,3.102084755897522
1613.0,-0.28002169728279114,-0.503157913684845,1.3165656328201294,1.0401825904846191,1.5781770944595337,3.1161985397338867
1614.0,-0.28002169728279114,-0.503157913684845,1.3165656328201294,1.0401825904846191,1.5781770944595337,3.1161985397338867
1615.0,-0.28527964651584625,-0.5103903114795685,1.3312515616416931,1.0327711701393127,1.5765334963798523,3.121854543685913
1616.0,-0.29053759574890137,-0.517622709274292,1.3459374904632568,1.0253597497940063,1.574889898300171,3.1275105476379395
1617.0,-0.29053759574890137,-0.517622709274292,1.3459374904632568,1.0253597497940063,1.574889898300171,3.1275105476379395
1618.0,-0.29376606941223143,-0.5165075421333313,1.3459717988967896,1.0307530403137206,1.5601578235626221,1.9156423091888426
1619.0,-0.2969945430755615,-0.5153923749923706,1.3460061073303222,1.036146330833435,1.5454257488250733,0.7037740707397457
1620.0,-0.3002230167388916,-0.51427720785141,1.346040415763855,1.0415396213531494,1.5306936740875243,-0.5080941677093511
1621.0,-0.3034514904022217,-0.5131620407104492,1.3460747241973876,1.0469329118728639,1.5159615993499755,-1.719962406158448
1622.0,-0.30667996406555176,-0.5120468735694885,1.3461090326309204,1.0523262023925781,1.5012295246124268,-2.931830644607544
1623.0,-0.30667996406555176,-0.5120468735694885,1.3461090326309204,1.0523262023925781,1.5012295246124268,-2.931830644607544
1624.0,-0.30662135407328606,-0.5192461535334587,1.3568876832723618,1.0358085483312607,1.504066452383995,-2.9312685132026672
1625.0,-0.30656274408102036,-0.5264454334974289,1.367666333913803,1.0192908942699432,1.5069033801555634,-2.9307063817977905
1626.0,-0.30650413408875465,-0.5336447134613991,1.3784449845552444,1.0027732402086258,1.5097403079271317,-2.930144250392914
1627.0,-0.30644552409648895,-0.5408439934253693,1.3892236351966858,0.9862555861473083,1.5125772356987,-2.929582118988037
1628.0,-0.30638691410422325,-0.5480432733893394,1.4000022858381271,0.9697379320859909,1.5154141634702682,-2.9290199875831604
1629.0,-0.30632830411195755,-0.5552425533533096,1.4107809364795685,0.9532202780246735,1.5182510912418365,-2.9284578561782837
1630.0,-0.30626969411969185,-0.5624418333172798,1.4215595871210098,0.936702623963356,1.5210880190134048,-2.927895724773407
1631.0,-0.30621108412742615,-0.56964111328125,1.4323382377624512,0.9201849699020386,1.5239249467849731,-2.9273335933685303
1632.0,-0.30621108412742615,-0.56964111328125,1.4323382377624512,0.9201849699020386,1.5239249467849731,-2.9273335933685303
1633.0,-0.30120448271433514,-0.5704474250475565,1.4323607087135315,0.9160454869270325,1.540304164091746,-1.9610902070999146
1634.0,-0.2961978813012441,-0.5712537368138632,1.4323831796646118,0.9119060039520264,1.5566833813985188,-0.9948468208312988
1635.0,-0.2911912798881531,-0.5720600485801697,1.4324056506156921,0.9077665209770203,1.5730625987052917,-0.028603434562683105
1636.0,-0.28618467847506207,-0.5728663603464762,1.4324281215667725,0.9036270380020142,1.5894418160120647,0.9376399517059326
1637.0,-0.281178077061971,-0.5736726721127828,1.4324505925178528,0.8994875550270081,1.6058210333188374,1.9038833379745483
1638.0,-0.27617147564888,-0.5744789838790894,1.432473063468933,0.895348072052002,1.6222002506256104,2.870126724243164
1639.0,-0.27617147564888,-0.5744789838790894,1.432473063468933,0.895348072052002,1.6222002506256104,2.870126724243164
1640.0,-0.28199764021805357,-0.5773437023162842,1.4384329744747706,0.8879750881876264,1.6053702064922877,2.5106060675212314
1641.0,-0.2878238047872271,-0.580208420753479,1.4443928854806083,0.8806021043232509,1.5885401623589652,2.151085410799299
1642.0,-0.29364996935640064,-0.5830731391906738,1.4503527964864458,0.8732291204588754,1.5717101182256425,1.7915647540773665
1643.0,-0.29947613392557415,-0.5859378576278687,1.4563127074922835,0.8658561365944999,1.55488007409232,1.432044097355434
1644.0,-0.3053022984947477,-0.5888025760650635,1.462272618498121,0.8584831527301243,1.5380500299589974,1.0725234406335016
1645.0,-0.3111284630639212,-0.5916672945022583,1.4682325295039587,0.8511101688657489,1.521219985825675,0.7130027839115689
1646.0,-0.3169546276330948,-0.5945320129394531,1.4741924405097961,0.8437371850013733,1.5043899416923523,0.35348212718963623
1647.0,-0.3227807922022683,-0.597396731376648,1.4801523515156336,0.8363642011369977,1.4875598975590298,-0.006038529532296
1648.0,-0.32860695677144186,-0.6002614498138428,1.4861122625214713,0.8289912172726223,1.4707298534257072,-0.3655591862542287
1649.0,-0.3344331213406154,-0.6031261682510376,1.4920721735273088,0.8216182334082467,1.4538998092923845,-0.7250798429761609
1650.0,-0.34025928590978893,-0.6059908866882324,1.4980320845331465,0.8142452495438712,1.437069765159062,-1.084600499698094
1651.0,-0.3460854504789625,-0.6088556051254272,1.503991995538984,0.8068722656794957,1.4202397210257394,-1.4441211564200263
1652.0,-0.351911615048136,-0.6117203235626221,1.5099519065448217,0.7994992818151202,1.403409676892417,-1.803641813141959
1653.0,-0.35773777961730957,-0.6145850419998169,1.5159118175506592,0.7921262979507446,1.3865796327590942,-2.1631624698638916
1654.0,-0.35773777961730957,-0.6145850419998169,1.5159118175506592,0.7921262979507446,1.3865796327590942,-2.1631624698638916
1655.0,-0.3568221367895603,-0.6205955147743225,1.5257975906133652,0.7756775617599487,1.3888458460569382,-2.105707585811615
1656.0,-0.35590649396181107,-0.6266059875488281,1.5356833636760712,0.7592288255691528,1.391112059354782,-2.0482527017593384
1657.0,-0.3549908511340618,-0.6326164603233337,1.5455691367387772,0.7427800893783569,1.393378272652626,-1.9907978177070618
1658.0,-0.35407520830631256,-0.6386269330978394,1.5554549098014832,0.726331353187561,1.39564448595047,-1.9333429336547852
1659.0,-0.3531595654785633,-0.644637405872345,1.5653406828641891,0.7098826169967651,1.397910699248314,-1.8758880496025085
1660.0,-0.35224392265081406,-0.6506478786468506,1.5752264559268951,0.6934338808059692,1.4001769125461578,-1.818433165550232
1661.0,-0.3513282798230648,-0.6566583514213562,1.5851122289896011,0.6769851446151733,1.4024431258440018,-1.7609782814979553
1662.0,-0.35041263699531555,-0.6626688241958618,1.5949980020523071,0.6605364084243774,1.4047093391418457,-1.7035233974456787
1663.0,-0.35041263699531555,-0.6626688241958618,1.5949980020523071,0.6605364084243774,1.4047093391418457,-1.7035233974456787
1664.0,-0.3445419172445933,-0.6691323717435201,1.6064846913019817,0.6464166442553202,1.4202746152877808,-1.7709280649820964
1665.0,-0.33867119749387103,-0.6755959192911783,1.617971380551656,0.6322968800862631,1.4358398914337158,-1.838332732518514
1666.0,-0.3328004777431488,-0.6820594668388367,1.6294580698013306,0.6181771159172058,1.4514051675796509,-1.9057374000549316
1667.0,-0.3328004777431488,-0.6820594668388367,1.6294580698013306,0.6181771159172058,1.4514051675796509,-1.9057374000549316
1668.0,-0.3378232767184575,-0.6864388883113861,1.6400690873463948,0.6047549347082773,1.4364004929860432,-1.811789294083913
1669.0,-0.3428460756937663,-0.6908183097839355,1.6506801048914592,0.591332753499349,1.4213958183924358,-1.7178411881128948
1670.0,-0.347868874669075,-0.695197731256485,1.6612911224365234,0.5779105722904205,1.4063911437988281,-1.6238930821418762
1671.0,-0.35289167364438373,-0.6995771527290344,1.6719021399815877,0.5644883910814921,1.3913864692052205,-1.529944976170858
1672.0,-0.3579144726196925,-0.7039565742015839,1.682513157526652,0.5510662098725637,1.376381794611613,-1.4359968701998393
1673.0,-0.3629372715950012,-0.7083359956741333,1.6931241750717163,0.5376440286636353,1.3613771200180054,-1.3420487642288208
1674.0,-0.3629372715950012,-0.7083359956741333,1.6931241750717163,0.5376440286636353,1.3613771200180054,-1.3420487642288208
1675.0,-0.35427098472913104,-0.714347263177236,1.703502853711446,0.5246380964914957,1.3782835006713867,-1.2716021140416462
1676.0,-0.3456046978632609,-0.7203585306803385,1.713881532351176,0.5116321643193563,1.395189881324768,-1.201155463854472
1677.0,-0.33693841099739075,-0.7263697981834412,1.7242602109909058,0.4986262321472168,1.4120962619781494,-1.1307088136672974
1678.0,-0.33693841099739075,-0.7263697981834412,1.7242602109909058,0.4986262321472168,1.4120962619781494,-1.1307088136672974
1679.0,-0.33454353362321854,-0.7320972979068756,1.735541582107544,0.48152271658182144,1.4122062921524048,-1.0769726783037186
1680.0,-0.3321486562490463,-0.7378247976303101,1.7468229532241821,0.4644192010164261,1.4123163223266602,-1.0232365429401398
1681.0,-0.3297537788748741,-0.7435522973537445,1.7581043243408203,0.44731568545103073,1.4124263525009155,-0.969500407576561
1682.0,-0.3273589015007019,-0.749279797077179,1.7693856954574585,0.4302121698856354,1.412536382675171,-0.9157642722129822
1683.0,-0.3273589015007019,-0.749279797077179,1.7693856954574585,0.4302121698856354,1.412536382675171,-0.9157642722129822
1684.0,-0.3239006187234606,-0.7447602067674909,1.760401998247419,0.446162794317518,1.427349669592721,-1.0526476417269026
1685.0,-0.3204423359462193,-0.7402406164578029,1.7514183010373796,0.46211341874940054,1.4421629565102714,-1.1895310112408228
1686.0,-0.316984053168978,-0.7357210261481149,1.7424346038273402,0.47806404318128315,1.4569762434278215,-1.3264143807547433
1687.0,-0.31352577039173674,-0.7312014358384269,1.733450906617301,0.4940146676131657,1.4717895303453719,-1.4632977502686635
1688.0,-0.31006748761449543,-0.7266818455287388,1.7244672094072615,0.5099652920450483,1.486602817262922,-1.600181119782584
1689.0,-0.3066092048372541,-0.7221622552190509,1.715483512197222,0.5259159164769309,1.5014161041804723,-1.7370644892965044
1690.0,-0.3031509220600128,-0.7176426649093628,1.7064998149871826,0.5418665409088135,1.5162293910980225,-1.8739478588104248
1691.0,-0.3031509220600128,-0.7176426649093628,1.7064998149871826,0.5418665409088135,1.5162293910980225,-1.8739478588104248
1692.0,-0.30704276263713837,-0.7132968902587891,1.6968477368354797,0.551584392786026,1.5143195986747742,-1.8779312372207642
1693.0,-0.3109346032142639,-0.7089511156082153,1.6871956586837769,0.5613022446632385,1.5124098062515259,-1.8819146156311035
1694.0,-0.3109346032142639,-0.7089511156082153,1.6871956586837769,0.5613022446632385,1.5124098062515259,-1.8819146156311035
1695.0,-0.3000222643216451,-0.7068290313084921,1.6837076743443806,0.5704479614893595,1.5278682311375935,-1.8709422747294109
1696.0,-0.2891099254290263,-0.7047069470087687,1.6802196900049846,0.5795936783154806,1.5433266560236614,-1.859969933827718
1697.0,-0.27819758653640747,-0.7025848627090454,1.6767317056655884,0.5887393951416016,1.558785080909729,-1.8489975929260254
1698.0,-0.27819758653640747,-0.7025848627090454,1.6767317056655884,0.5887393951416016,1.558785080909729,-1.8489975929260254
1699.0,-0.26254405081272125,-0.7030970007181168,1.6787788569927216,0.5890616029500961,1.5618517100811005,-1.8333431482315063
1700.0,-0.24689051508903503,-0.7036091387271881,1.6808260083198547,0.5893838107585907,1.564918339252472,-1.8176887035369873
1701.0,-0.23123697936534882,-0.7041212767362595,1.682873159646988,0.5897060185670853,1.5679849684238434,-1.8020342588424683
1702.0,-0.2155834436416626,-0.7046334147453308,1.684920310974121,0.5900282263755798,1.5710515975952148,-1.7863798141479492
1703.0,-0.2155834436416626,-0.7046334147453308,1.684920310974121,0.5900282263755798,1.5710515975952148,-1.7863798141479492
1704.0,-0.20968715846538544,-0.7093671361605326,1.6945894559224446,0.5779917438824972,1.5722434520721436,-1.78046981493632
1705.0,-0.20379087328910828,-0.7141008575757345,1.7042586008707683,0.5659552613894144,1.5734353065490723,-1.7745598157246907
1706.0,-0.19789458811283112,-0.7188345789909363,1.7139277458190918,0.5539187788963318,1.574627161026001,-1.7686498165130615
1707.0,-0.19789458811283112,-0.7188345789909363,1.7139277458190918,0.5539187788963318,1.574627161026001,-1.7686498165130615
1708.0,-0.19050320982933044,-0.7221240699291229,1.718315601348877,0.5415565371513367,1.5761540532112122,-1.7611982822418213
1709.0,-0.18311183154582977,-0.7254135608673096,1.722703456878662,0.5291942954063416,1.5776809453964233,-1.753746747970581
1710.0,-0.18311183154582977,-0.7254135608673096,1.722703456878662,0.5291942954063416,1.5776809453964233,-1.753746747970581
1711.0,-0.1686190813779831,-0.7270872592926025,1.7239800691604614,0.5185283124446869,1.5861490964889526,-1.7392074465751648
1712.0,-0.1541263312101364,-0.7287609577178955,1.7252566814422607,0.5078623294830322,1.594617247581482,-1.7246681451797485
1713.0,-0.1541263312101364,-0.7287609577178955,1.7252566814422607,0.5078623294830322,1.594617247581482,-1.7246681451797485
1714.0,-0.1708756685256958,-0.7333633303642273,1.7349157333374023,0.4964188262820244,1.584307700395584,-1.7412438094615936
1715.0,-0.1876250058412552,-0.7379657030105591,1.744574785232544,0.48497532308101654,1.5739981532096863,-1.7578194737434387
1716.0,-0.20437434315681458,-0.7425680756568909,1.7542338371276855,0.4735318198800087,1.5636886060237885,-1.7743951380252838
1717.0,-0.22112368047237396,-0.7471704483032227,1.7638928890228271,0.46208831667900085,1.5533790588378906,-1.790970802307129
1718.0,-0.22112368047237396,-0.7471704483032227,1.7638928890228271,0.46208831667900085,1.5533790588378906,-1.790970802307129
1719.0,-0.2222599403134414,-0.7508536896535328,1.7713508605957031,0.4450557369605771,1.550451444728034,-1.7340118363499641
1720.0,-0.22339620015450887,-0.754536931003843,1.778808832168579,0.4280231572421534,1.547523830618177,-1.6770528703927994
1721.0,-0.2245324599955763,-0.7582201723541532,1.786266803741455,0.41099057752372964,1.5445962165083205,-1.6200939044356346
1722.0,-0.22566871983664377,-0.7619034137044635,1.793724775314331,0.3939579978053059,1.5416686023984636,-1.5631349384784698
1723.0,-0.2268049796777112,-0.7655866550547736,1.801182746887207,0.3769254180868822,1.538740988288607,-1.506175972521305
1724.0,-0.22794123951877868,-0.7692698964050838,1.808640718460083,0.3598928383684584,1.53581337417875,-1.4492170065641403
1725.0,-0.22907749935984612,-0.772953137755394,1.816098690032959,0.34286025865003467,1.5328857600688934,-1.3922580406069756
1726.0,-0.23021375920091355,-0.7766363791057042,1.823556661605835,0.3258276789316109,1.5299581459590368,-1.3352990746498108
1727.0,-0.23135001904198102,-0.7803196204560143,1.831014633178711,0.3087950992131872,1.52703053184918,-1.278340108692646
1728.0,-0.23248627888304846,-0.7840028618063245,1.838472604751587,0.2917625194947635,1.5241029177393233,-1.2213811427354813
1729.0,-0.23362253872411592,-0.7876861031566348,1.845930576324463,0.2747299397763397,1.5211753036294664,-1.1644221767783165
1730.0,-0.23475879856518336,-0.791369344506945,1.8533885478973389,0.257697360057916,1.5182476895196098,-1.1074632108211517
1731.0,-0.2358950584062508,-0.7950525858572551,1.8608465194702148,0.24066478033949223,1.5153200754097529,-1.050504244863987
1732.0,-0.23703131824731827,-0.7987358272075653,1.8683044910430908,0.22363220062106848,1.5123924612998962,-0.9935452789068222
1733.0,-0.2381675780883857,-0.8024190685578755,1.8757624626159668,0.20659962090264472,1.5094648471900396,-0.9365863129496574
1734.0,-0.23930383792945317,-0.8061023099081857,1.8832204341888428,0.18956704118422102,1.5065372330801827,-0.8796273469924927
1735.0,-0.2404400977705206,-0.8097855512584958,1.8906784057617188,0.17253446146579726,1.503609618970326,-0.822668381035328
1736.0,-0.24157635761158808,-0.813468792608806,1.8981363773345947,0.15550188174737356,1.5006820048604692,-0.7657094150781631
1737.0,-0.24271261745265552,-0.8171520339591163,1.9055943489074707,0.1384693020289498,1.4977543907506126,-0.7087504491209986
1738.0,-0.24384887729372295,-0.8208352753094265,1.9130523204803467,0.1214367223105261,1.4948267766407557,-0.6517914831638338
1739.0,-0.24498513713479042,-0.8245185166597366,1.9205102920532227,0.10440414259210229,1.491899162530899,-0.5948325172066689
1740.0,-0.24612139697585786,-0.8282017580100468,1.9279682636260986,0.08737156287367853,1.4889715484210424,-0.5378735512495041
1741.0,-0.24725765681692533,-0.831884999360357,1.9354262351989746,0.07033898315525483,1.4860439343111855,-0.4809145852923393
1742.0,-0.24839391665799276,-0.8355682407106672,1.9428842067718506,0.053306403436831074,1.4831163202013289,-0.42395561933517456
1743.0,-0.24953017649906023,-0.8392514820609773,1.9503421783447266,0.03627382371840737,1.480188706091472,-0.3669966533780098
1744.0,-0.25066643634012764,-0.8429347234112876,1.9578001499176025,0.019241243999983615,1.4772610919816154,-0.31003768742084525
1745.0,-0.2518026961811951,-0.8466179647615978,1.9652581214904785,0.0022086642815599133,1.4743334778717585,-0.2530787214636805
1746.0,-0.2529389560222626,-0.850301206111908,1.9727160930633545,-0.0148239154368639,1.4714058637619019,-0.1961197555065155
1747.0,-0.2529389560222626,-0.850301206111908,1.9727160930633545,-0.0148239154368639,1.4714058637619019,-0.1961197555065155
1748.0,-0.261148314923048,-0.8506082072854042,1.976225346326828,-0.021685897139832377,1.454585924744606,-0.22258147597312927
1749.0,-0.26935767382383347,-0.8509152084589005,1.9797345995903015,-0.028547878842800856,1.4377659857273102,-0.24904319643974304
1750.0,-0.2775670327246189,-0.8512222096323967,1.983243852853775,-0.035409860545769334,1.4209460467100143,-0.2755049169063568
1751.0,-0.28577639162540436,-0.8515292108058929,1.9867531061172485,-0.04227184224873781,1.4041261076927185,-0.3019666373729706
1752.0,-0.2939857505261898,-0.8518362119793892,1.990262359380722,-0.04913382395170629,1.3873061686754227,-0.32842835783958435
1753.0,-0.30219510942697525,-0.8521432131528854,1.9937716126441956,-0.05599580565467477,1.3704862296581268,-0.3548900783061981
1754.0,-0.3104044683277607,-0.8524502143263817,1.997280865907669,-0.06285778735764325,1.353666290640831,-0.3813517987728119
1755.0,-0.31861382722854614,-0.8527572154998779,2.0007901191711426,-0.06971976906061172,1.3368463516235352,-0.40781351923942566
1756.0,-0.31861382722854614,-0.8527572154998779,2.0007901191711426,-0.06971976906061172,1.3368463516235352,-0.40781351923942566
1757.0,-0.32589830085635185,-0.8502999991178513,1.997918888926506,-0.06290915736462921,1.3215527683496475,-0.43634137883782387
1758.0,-0.33318277448415756,-0.8478427827358246,1.9950476586818695,-0.05609854566864669,1.3062591850757599,-0.4648692384362221
1759.0,-0.34046724811196327,-0.8453855663537979,1.992176428437233,-0.04928793397266418,1.2909656018018723,-0.4933970980346203
1760.0,-0.347751721739769,-0.8429283499717712,1.9893051981925964,-0.04247732227668166,1.2756720185279846,-0.5219249576330185
1761.0,-0.3550361953675747,-0.8404711335897446,1.98643396794796,-0.035666710580699146,1.260378435254097,-0.5504528172314167
1762.0,-0.3623206689953804,-0.8380139172077179,1.9835627377033234,-0.02885609888471663,1.2450848519802094,-0.5789806768298149
1763.0,-0.3696051426231861,-0.8355567008256912,1.9806915074586868,-0.022045487188734114,1.2297912687063217,-0.6075085364282131
1764.0,-0.3768896162509918,-0.8330994844436646,1.9778202772140503,-0.015234875492751598,1.214497685432434,-0.6360363960266113
1765.0,-0.3768896162509918,-0.8330994844436646,1.9778202772140503,-0.015234875492751598,1.214497685432434,-0.6360363960266113
1766.0,-0.37692655871311825,-0.8350334763526917,1.9843296507994335,-0.03216649475507438,1.2123984694480896,-0.6253545085589091
1767.0,-0.37696350117524463,-0.8369674682617188,1.9908390243848164,-0.049098114017397165,1.2102992534637451,-0.6146726210912069
1768.0,-0.37700044363737106,-0.8389014601707458,1.9973483979701996,-0.06602973327971995,1.2082000374794006,-0.6039907336235046
1769.0,-0.3770373860994975,-0.840835452079773,2.0038577715555825,-0.08296135254204273,1.2061008214950562,-0.5933088461558024
1770.0,-0.3770743285616239,-0.8427694439888,2.010367145140966,-0.0998929718043655,1.2040016055107117,-0.5826269586881002
1771.0,-0.3771112710237503,-0.8447034358978271,2.016876518726349,-0.1168245910666883,1.2019023895263672,-0.571945071220398
1772.0,-0.37714821348587674,-0.8466374278068542,2.023385892311732,-0.13375621032901108,1.1998031735420227,-0.5612631837526957
1773.0,-0.3771851559480031,-0.8485714197158813,2.029895265897115,-0.15068782959133387,1.1977039575576782,-0.5505812962849935
1774.0,-0.37722209841012955,-0.8505054116249084,2.036404639482498,-0.16761944885365665,1.1956047415733337,-0.5398994088172913
1775.0,-0.377259040872256,-0.8524394035339355,2.042914013067881,-0.1845510681159794,1.1935055255889893,-0.529217521349589
1776.0,-0.37729598333438236,-0.8543733954429626,2.0494233866532645,-0.20148268737830222,1.1914063096046448,-0.5185356338818868
1777.0,-0.3773329257965088,-0.8563073873519897,2.0559327602386475,-0.218414306640625,1.1893070936203003,-0.5078537464141846
1778.0,-0.3773329257965088,-0.8563073873519897,2.0559327602386475,-0.218414306640625,1.1893070936203003,-0.5078537464141846
1779.0,-0.3844008017331362,-0.8508941046893597,2.048102982342243,-0.2013545692898333,1.1725572273135185,-0.539894163608551
1780.0,-0.39146867766976357,-0.8454808220267296,2.040273204445839,-0.18429483193904161,1.1558073610067368,-0.5719345808029175
1781.0,-0.39853655360639095,-0.8400675393640995,2.0324434265494347,-0.16723509458824992,1.139057494699955,-0.6039749979972839
1782.0,-0.40560442954301834,-0.8346542567014694,2.0246136486530304,-0.15017535723745823,1.1223076283931732,-0.6360154151916504
1783.0,-0.41267230547964573,-0.8292409740388393,2.016783870756626,-0.13311561988666654,1.1055577620863914,-0.6680558323860168
1784.0,-0.4197401814162731,-0.8238276913762093,2.008954092860222,-0.11605588253587484,1.0888078957796097,-0.7000962495803833
1785.0,-0.4268080573529005,-0.8184144087135792,2.0011243149638176,-0.09899614518508315,1.072058029472828,-0.7321366667747498
1786.0,-0.4338759332895279,-0.8130011260509491,1.9932945370674133,-0.08193640783429146,1.0553081631660461,-0.7641770839691162
1787.0,-0.4409438092261553,-0.807587843388319,1.985464759171009,-0.06487667048349977,1.0385582968592644,-0.7962175011634827
1788.0,-0.44801168516278267,-0.8021745607256889,1.9776349812746048,-0.04781693313270807,1.0218084305524826,-0.8282579183578491
1789.0,-0.45507956109941006,-0.7967612780630589,1.9698052033782005,-0.03075719578191638,1.0050585642457008,-0.8602983355522156
1790.0,-0.46214743703603745,-0.7913479954004288,1.9619754254817963,-0.013697458431124687,0.9883086979389191,-0.892338752746582
1791.0,-0.46921531297266483,-0.7859347127377987,1.954145647585392,0.0033622789196670055,0.9715588316321373,-0.9243791699409485
1792.0,-0.4762831889092922,-0.7805214300751686,1.9463158696889877,0.0204220162704587,0.9548089653253555,-0.9564195871353149
1793.0,-0.4833510648459196,-0.7751081474125385,1.9384860917925835,0.03748175362125039,0.9380590990185738,-0.9884600043296814
1794.0,-0.490418940782547,-0.7696948647499084,1.9306563138961792,0.054541490972042084,0.921309232711792,-1.0205004215240479
1795.0,-0.490418940782547,-0.7696948647499084,1.9306563138961792,0.054541490972042084,0.921309232711792,-1.0205004215240479
1796.0,-0.49513315612619574,-0.7634994766928933,1.9247931892221624,0.06561282277107239,0.9051566286520525,-1.0425447008826516
1797.0,-0.4998473714698445,-0.7573040886358782,1.9189300645481457,0.07668415457010269,0.8890040245923129,-1.0645889802412554
1798.0,-0.5045615868134932,-0.7511087005788629,1.913066939874129,0.087755486369133,0.8728514205325734,-1.0866332595998591
1799.0,-0.509275802157142,-0.7449133125218478,1.907203815200112,0.0988268181681633,0.8566988164728337,-1.1086775389584629
1800.0,-0.5139900175007907,-0.7387179244648326,1.9013406905260952,0.1098981499671936,0.8405462124130942,-1.1307218183170666
1801.0,-0.5187042328444395,-0.7325225364078175,1.8954775658520786,0.12096948176622391,0.8243936083533547,-1.1527660976756702
1802.0,-0.5234184481880881,-0.7263271483508024,1.8896144411780618,0.1320408135652542,0.8082410042936152,-1.174810377034274
1803.0,-0.5281326635317369,-0.7201317602937872,1.883751316504045,0.14311214536428452,0.7920884002338756,-1.1968546563928777
1804.0,-0.5328468788753856,-0.713936372236772,1.877888191830028,0.15418347716331482,0.7759357961741361,-1.2188989357514814
1805.0,-0.5375610942190344,-0.7077409841797568,1.8720250671560115,0.16525480896234512,0.7597831921143965,-1.2409432151100852
1806.0,-0.5422753095626831,-0.7015455961227417,1.8661619424819946,0.17632614076137543,0.743630588054657,-1.262987494468689
1807.0,-0.5422753095626831,-0.7015455961227417,1.8661619424819946,0.17632614076137543,0.743630588054657,-1.262987494468689
1808.0,-0.5406917780637741,-0.6994145661592484,1.8591842502355576,0.19377910159528255,0.7513250783085823,-1.2783315628767014
1809.0,-0.5391082465648651,-0.697283536195755,1.8522065579891205,0.21123206242918968,0.7590195685625076,-1.2936756312847137
1810.0,-0.5375247150659561,-0.6951525062322617,1.8452288657426834,0.2286850232630968,0.766714058816433,-1.3090196996927261
1811.0,-0.5359411835670471,-0.6930214762687683,1.8382511734962463,0.24613798409700394,0.7744085490703583,-1.3243637681007385
1812.0,-0.5343576520681381,-0.690890446305275,1.8312734812498093,0.26359094493091106,0.7821030393242836,-1.339707836508751
1813.0,-0.5327741205692291,-0.6887594163417816,1.8242957890033722,0.2810439057648182,0.7897975295782089,-1.3550519049167633
1814.0,-0.5311905890703201,-0.6866283863782883,1.8173180967569351,0.2984968665987253,0.7974920198321342,-1.3703959733247757
1815.0,-0.5296070575714111,-0.6844973564147949,1.810340404510498,0.31594982743263245,0.8051865100860596,-1.385740041732788
1816.0,-0.5296070575714111,-0.6844973564147949,1.810340404510498,0.31594982743263245,0.8051865100860596,-1.385740041732788
1817.0,-0.5332256492815519,-0.6785311918509634,1.8081056883460598,0.32082384197335495,0.7879148376615424,-1.3975236164896112
1818.0,-0.5368442409916928,-0.6725650272871319,1.8058709721816213,0.32569785651407746,0.7706431652370253,-1.4093071912464343
1819.0,-0.5404628327018336,-0.6665988627233004,1.803636256017183,0.3305718710547999,0.753371492812508,-1.4210907660032575
1820.0,-0.5440814244119745,-0.6606326981594688,1.8014015398527448,0.3354458855955224,0.7360998203879908,-1.4328743407600804
1821.0,-0.5477000161221153,-0.6546665335956373,1.7991668236883063,0.3403199001362449,0.7188281479634737,-1.4446579155169035
1822.0,-0.5513186078322561,-0.6487003690318057,1.796932107523868,0.3451939146769674,0.7015564755389565,-1.4564414902737266
1823.0,-0.554937199542397,-0.6427342044679742,1.7946973913594295,0.3500679292176899,0.6842848031144393,-1.4682250650305497
1824.0,-0.5585557912525377,-0.6367680399041427,1.7924626751949913,0.3549419437584124,0.6670131306899221,-1.4800086397873728
1825.0,-0.5621743829626786,-0.6308018753403112,1.790227959030553,0.35981595829913493,0.649741458265405,-1.491792214544196
1826.0,-0.5657929746728194,-0.6248357107764796,1.7879932428661145,0.3646899728398574,0.6324697858408878,-1.5035757893010189
1827.0,-0.5694115663829603,-0.6188695462126481,1.7857585267016762,0.3695639873805799,0.6151981134163707,-1.515359364057842
1828.0,-0.5730301580931011,-0.6129033816488165,1.783523810537238,0.3744380019213024,0.5979264409918534,-1.5271429388146651
1829.0,-0.5766487498032419,-0.606937217084985,1.7812890943727995,0.3793120164620249,0.5806547685673362,-1.5389265135714882
1830.0,-0.5802673415133828,-0.6009710525211535,1.7790543782083612,0.3841860310027474,0.563383096142819,-1.5507100883283114
1831.0,-0.5838859332235236,-0.595004887957322,1.7768196620439227,0.3890600455434699,0.5461114237183018,-1.5624936630851345
1832.0,-0.5875045249336645,-0.5890387233934904,1.7745849458794845,0.3939340600841924,0.5288397512937847,-1.5742772378419574
1833.0,-0.5911231166438052,-0.5830725588296589,1.7723502297150462,0.39880807462491485,0.5115680788692676,-1.5860608125987805
1834.0,-0.5947417083539461,-0.5771063942658274,1.7701155135506077,0.40368208916563736,0.49429640644475037,-1.5978443873556036
1835.0,-0.5983603000640869,-0.5711402297019958,1.7678807973861694,0.40855610370635986,0.47702473402023315,-1.6096279621124268
1836.0,-0.5983603000640869,-0.5711402297019958,1.7678807973861694,0.40855610370635986,0.47702473402023315,-1.6096279621124268
1837.0,-0.5954657852649688,-0.5723587605688307,1.7673082802030775,0.40832374228371515,0.49409707122378876,-1.6048714054955378
1838.0,-0.5925712704658508,-0.5735772914356656,1.7667357630199856,0.40809138086107044,0.5111694084273444,-1.6001148488786485
1839.0,-0.5896767556667328,-0.5747958223025004,1.7661632458368937,0.4078590194384257,0.5282417456309001,-1.5953582922617595
1840.0,-0.5867822408676148,-0.5760143531693352,1.7655907286538017,0.40762665801578096,0.5453140828344557,-1.5906017356448703
1841.0,-0.5838877260684967,-0.5772328840361701,1.7650182114707098,0.40739429659313625,0.5623864200380113,-1.5858451790279813
1842.0,-0.5809932112693786,-0.578451414903005,1.764445694287618,0.40716193517049154,0.579458757241567,-1.581088622411092
1843.0,-0.5780986964702606,-0.5796699457698398,1.7638731771045262,0.40692957374784683,0.5965310944451226,-1.576332065794203
1844.0,-0.5752041816711426,-0.5808884766366746,1.7633006599214343,0.4066972123252021,0.6136034316486783,-1.5715755091773138
1845.0,-0.5723096668720246,-0.5821070075035095,1.7627281427383423,0.40646485090255735,0.6306757688522339,-1.5668189525604248
1846.0,-0.5694151520729065,-0.5833255383703444,1.7621556255552504,0.40623248947991264,0.6477481060557895,-1.5620623959435358
1847.0,-0.5665206372737884,-0.5845440692371793,1.7615831083721585,0.40600012805726793,0.6648204432593452,-1.5573058393266466
1848.0,-0.5636261224746704,-0.585762600104014,1.7610105911890666,0.4057677666346232,0.6818927804629008,-1.5525492827097576
1849.0,-0.5607316076755524,-0.5869811309708489,1.7604380740059746,0.4055354052119785,0.6989651176664564,-1.5477927260928683
1850.0,-0.5578370928764343,-0.5881996618376838,1.7598655568228827,0.4053030437893338,0.7160374548700121,-1.5430361694759793
1851.0,-0.5549425780773163,-0.5894181927045187,1.7592930396397908,0.405070682366689,0.7331097920735677,-1.53827961285909
1852.0,-0.5520480632781982,-0.5906367235713534,1.7587205224566989,0.4048383209440443,0.7501821292771234,-1.533523056242201
1853.0,-0.5491535484790802,-0.5918552544381883,1.7581480052736072,0.4046059595213996,0.767254466480679,-1.5287664996253119
1854.0,-0.5462590336799622,-0.5930737853050232,1.7575754880905152,0.4043735980987549,0.7843268036842346,-1.5240099430084229
1855.0,-0.5433645188808441,-0.5942923161718581,1.7570029709074233,0.4041412366761102,0.8013991408877903,-1.5192533863915338
1856.0,-0.5404700040817261,-0.595510847038693,1.7564304537243314,0.4039088752534654,0.8184714780913459,-1.5144968297746446
1857.0,-0.537575489282608,-0.5967293779055277,1.7558579365412395,0.4036765138308207,0.8355438152949015,-1.5097402731577556
1858.0,-0.53468097448349,-0.5979479087723626,1.7552854193581475,0.403444152408176,0.8526161524984572,-1.5049837165408664
1859.0,-0.531786459684372,-0.5991664396391975,1.7547129021750556,0.4032117909855313,0.8696884897020128,-1.5002271599239774
1860.0,-0.5288919448852539,-0.6003849705060323,1.7541403849919637,0.40297942956288657,0.8867608269055685,-1.4954706033070881
1861.0,-0.5259974300861359,-0.6016035013728671,1.7535678678088717,0.40274706814024186,0.9038331641091242,-1.4907140466901991
1862.0,-0.5231029152870178,-0.602822032239702,1.7529953506257798,0.4025147067175971,0.9209055013126797,-1.48595749007331
1863.0,-0.5202084004878997,-0.6040405631065369,1.752422833442688,0.4022823452949524,0.9379778385162354,-1.481200933456421
1864.0,-0.5173138856887818,-0.6052590939733717,1.751850316259596,0.40204998387230767,0.955050175719791,-1.476444376839532
1865.0,-0.5144193708896637,-0.6064776248402066,1.7512777990765043,0.40181762244966296,0.9721225129233466,-1.4716878202226427
1866.0,-0.5115248560905457,-0.6076961557070414,1.7507052818934123,0.40158526102701825,0.9891948501269023,-1.4669312636057537
1867.0,-0.5086303412914276,-0.6089146865738763,1.7501327647103204,0.4013528996043735,1.006267187330458,-1.4621747069888644
1868.0,-0.5057358264923095,-0.6101332174407111,1.7495602475272285,0.40112053818172877,1.0233395245340136,-1.4574181503719754
1869.0,-0.5028413116931916,-0.611351748307546,1.7489877303441366,0.40088817675908406,1.040411861737569,-1.4526615937550862
1870.0,-0.4999467968940735,-0.6125702791743808,1.7484152131610446,0.40065581533643935,1.0574841989411248,-1.4479050371381972
1871.0,-0.49705228209495544,-0.6137888100412157,1.7478426959779527,0.40042345391379464,1.0745565361446805,-1.443148480521308
1872.0,-0.4941577672958374,-0.6150073409080505,1.7472701787948608,0.4001910924911499,1.091628873348236,-1.438391923904419
1873.0,-0.4912632524967193,-0.6162258717748854,1.7466976616117689,0.39995873106850516,1.108701210551792,-1.43363536728753
1874.0,-0.4883687376976013,-0.6174444026417203,1.746125144428677,0.39972636964586045,1.1257735477553474,-1.4288788106706407
1875.0,-0.4854742228984833,-0.6186629335085551,1.745552627245585,0.39949400822321574,1.142845884958903,-1.4241222540537517
1876.0,-0.48257970809936523,-0.6198814643753899,1.7449801100624933,0.399261646800571,1.1599182221624587,-1.4193656974368625
1877.0,-0.47968519330024717,-0.6210999952422248,1.7444075928794014,0.3990292853779263,1.1769905593660144,-1.4146091408199735
1878.0,-0.47679067850112916,-0.6223185261090597,1.7438350756963095,0.3987969239552816,1.1940628965695699,-1.4098525842030842
1879.0,-0.4738961637020111,-0.6235370569758945,1.7432625585132175,0.39856456253263683,1.2111352337731256,-1.4050960275861952
1880.0,-0.4710016489028931,-0.6247555878427293,1.7426900413301256,0.3983322011099921,1.2282075709766813,-1.400339470969306
1881.0,-0.468107134103775,-0.6259741187095642,1.7421175241470337,0.3980998396873474,1.2452799081802368,-1.395582914352417
1882.0,-0.468107134103775,-0.6259741187095642,1.7421175241470337,0.3980998396873474,1.2452799081802368,-1.395582914352417
1883.0,-0.47120952152687573,-0.6227185143076855,1.7408178137696309,0.404067671817282,1.2279129326343536,-1.406761400077654
1884.0,-0.4743119089499764,-0.6194629099058069,1.7395181033922278,0.41003550394721655,1.2105459570884705,-1.4179398858028909
1885.0,-0.4774142963730771,-0.6162073055039281,1.738218393014825,0.4160033360771511,1.1931789815425873,-1.429118371528128
1886.0,-0.48051668379617773,-0.6129517011020494,1.7369186826374219,0.42197116820708563,1.175812005996704,-1.440296857253365
1887.0,-0.48361907121927844,-0.6096960967001708,1.735618972260019,0.4279390003370202,1.158445030450821,-1.4514753429786018
1888.0,-0.4867214586423791,-0.6064404922982921,1.7343192618826162,0.4339068324669548,1.1410780549049377,-1.4626538287038389
1889.0,-0.4898238460654798,-0.6031848878964133,1.7330195515052131,0.43987466459688934,1.1237110793590546,-1.473832314429076
1890.0,-0.49292623348858045,-0.5999292834945347,1.7317198411278103,0.4458424967268239,1.1063441038131714,-1.4850108001543127
1891.0,-0.49602862091168115,-0.596673679092656,1.7304201307504072,0.4518103288567584,1.0889771282672882,-1.4961892858795498
1892.0,-0.4991310083347818,-0.5934180746907773,1.7291204203730044,0.457778160986693,1.071610152721405,-1.5073677716047866
1893.0,-0.5022333957578825,-0.5901624702888987,1.7278207099956016,0.46374599311662756,1.0542431771755219,-1.5185462573300237
1894.0,-0.5053357831809832,-0.5869068658870199,1.7265209996181985,0.46971382524656213,1.0368762016296387,-1.5297247430552607
1895.0,-0.5084381706040838,-0.5836512614851412,1.7252212892407957,0.4756816573764967,1.0195092260837555,-1.5409032287804976
1896.0,-0.5115405580271846,-0.5803956570832626,1.7239215788633928,0.48164948950643127,1.0021422505378723,-1.5520817145057346
1897.0,-0.5146429454502852,-0.5771400526813839,1.7226218684859897,0.48761732163636584,0.9847752749919891,-1.5632602002309717
1898.0,-0.5177453328733859,-0.5738844482795052,1.721322158108587,0.49358515376630036,0.967408299446106,-1.5744386859562085
1899.0,-0.5208477202964865,-0.5706288438776265,1.7200224477311838,0.4995529858962349,0.9500413239002228,-1.5856171716814456
1900.0,-0.5239501077195873,-0.5673732394757478,1.718722737353781,0.5055208180261694,0.9326743483543396,-1.5967956574066826
1901.0,-0.5270524951426879,-0.5641176350738691,1.7174230269763782,0.511488650156104,0.9153073728084564,-1.6079741431319194
1902.0,-0.5301548825657886,-0.5608620306719905,1.716123316598975,0.5174564822860386,0.8979403972625732,-1.6191526288571565
1903.0,-0.5332572699888893,-0.5576064262701117,1.7148236062215723,0.5234243144159731,0.8805734217166901,-1.6303311145823935
1904.0,-0.53635965741199,-0.554350821868233,1.7135238958441692,0.5293921465459077,0.8632064461708069,-1.6415096003076304
1905.0,-0.5394620448350906,-0.5510952174663544,1.7122241854667664,0.5353599786758423,0.8458394706249237,-1.6526880860328674
1906.0,-0.5425644322581913,-0.5478396130644757,1.7109244750893635,0.5413278108057769,0.8284724950790405,-1.6638665717581045
1907.0,-0.5456668196812919,-0.544584008662597,1.7096247647119605,0.5472956429357114,0.8111055195331573,-1.6750450574833413
1908.0,-0.5487692071043927,-0.5413284042607183,1.7083250543345576,0.553263475065646,0.7937385439872742,-1.6862235432085784
1909.0,-0.5518715945274933,-0.5380727998588396,1.7070253439571546,0.5592313071955806,0.776371568441391,-1.6974020289338152
1910.0,-0.554973981950594,-0.5348171954569609,1.7057256335797517,0.5651991393255151,0.7590045928955078,-1.7085805146590523
1911.0,-0.5580763693736948,-0.5315615910550823,1.7044259232023489,0.5711669714554497,0.7416376173496246,-1.7197590003842893
1912.0,-0.5611787567967954,-0.5283059866532036,1.7031262128249458,0.5771348035853843,0.7242706418037415,-1.7309374861095264
1913.0,-0.5642811442198961,-0.5250503822513248,1.701826502447543,0.5831026357153187,0.7069036662578583,-1.7421159718347632
1914.0,-0.5673835316429967,-0.5217947778494462,1.70052679207014,0.5890704678452533,0.6895366907119751,-1.7532944575600002
1915.0,-0.5704859190660975,-0.5185391734475675,1.699227081692737,0.5950382999751879,0.6721697151660919,-1.764472943285237
1916.0,-0.5735883064891981,-0.5152835690456888,1.6979273713153342,0.6010061321051224,0.6548027396202087,-1.7756514290104741
1917.0,-0.5766906939122988,-0.5120279646438102,1.6966276609379312,0.606973964235057,0.6374357640743256,-1.7868299147357112
1918.0,-0.5797930813353994,-0.5087723602419314,1.6953279505605283,0.6129417963649916,0.6200687885284425,-1.798008400460948
1919.0,-0.5828954687585002,-0.5055167558400527,1.6940282401831255,0.6189096284949261,0.6027018129825592,-1.809186886186185
1920.0,-0.5859978561816008,-0.5022611514381741,1.6927285298057224,0.6248774606248607,0.585334837436676,-1.8203653719114221
1921.0,-0.5891002436047015,-0.49900554703629535,1.6914288194283196,0.6308452927547952,0.5679678618907928,-1.831543857636659
1922.0,-0.5922026310278021,-0.49574994263441663,1.6901291090509165,0.6368131248847297,0.5506008863449097,-1.842722343361896
1923.0,-0.5953050184509029,-0.49249433823253796,1.6888293986735137,0.6427809570146643,0.5332339107990265,-1.853900829087133
1924.0,-0.5984074058740035,-0.4892387338306593,1.6875296882961108,0.6487487891445989,0.5158669352531433,-1.8650793148123699
1925.0,-0.6015097932971042,-0.48598312942878064,1.6862299779187078,0.6547166212745335,0.49849995970726013,-1.876257800537607
1926.0,-0.604612180720205,-0.4827275250269019,1.684930267541305,0.660684453404468,0.48113298416137695,-1.887436286262844
1927.0,-0.6077145681433056,-0.4794719206250232,1.6836305571639019,0.6666522855344026,0.4637660086154938,-1.8986147719880808
1928.0,-0.6108169555664062,-0.47621631622314453,1.682330846786499,0.6726201176643372,0.4463990330696106,-1.9097932577133179
1929.0,-0.6108169555664062,-0.47621631622314453,1.682330846786499,0.6726201176643372,0.4463990330696106,-1.9097932577133179
1930.0,-0.6108169555664062,-0.47621631622314453,1.682330846786499,0.6726201176643372,0.4463990330696106,-1.9097932577133179
1931.0,-0.6110196113586426,-0.4783821105957031,1.6854677200317383,0.6521544456481934,0.4410189092159271,-1.8901921510696411
1932.0,-0.6114331483840942,-0.4831509292125702,1.6917009353637695,0.6095925569534302,0.4299125671386719,-1.849725604057312
1933.0,-0.6120423078536987,-0.49068909883499146,1.7006676197052002,0.5461966395378113,0.41347962617874146,-1.7898569107055664
1934.0,-0.6128293871879578,-0.5009240508079529,1.712061882019043,0.4636783003807068,0.39216679334640503,-1.7124282121658325
1935.0,-0.61380535364151,-0.5137192010879517,1.7256989479064941,0.3639741837978363,0.3664667010307312,-1.6193459033966064
1936.0,-0.6149360537528992,-0.5286766290664673,1.7414973974227905,0.2491772323846817,0.33679261803627014,-1.5125398635864258
1937.0,-0.6162417531013489,-0.5455536842346191,1.759261131286621,0.12150250375270844,0.30358946323394775,-1.3939135074615479
1938.0,-0.6176172494888306,-0.563822865486145,1.7786768674850464,-0.017031602561473846,0.26726818084716797,-1.265283226966858
1939.0,-0.6190481781959534,-0.5831151604652405,1.799342155456543,-0.16445311903953552,0.22821904718875885,-1.1283024549484253
1940.0,-0.6203428506851196,-0.6027957797050476,1.8208848237991333,-0.3191547095775604,0.18682260811328888,-0.9845784306526184
1941.0,-0.6214698553085327,-0.622306227684021,1.8429932594299316,-0.47963011264801025,0.14344723522663116,-0.8355291485786438
1942.0,-0.6222065687179565,-0.6406757831573486,1.865572214126587,-0.6445378065109253,0.09845498949289322,-0.6826450824737549
1943.0,-0.6226056218147278,-0.6573684215545654,1.8885667324066162,-0.8123202919960022,0.05220404639840126,-0.5273198485374451
1944.0,-0.6224748492240906,-0.6713591814041138,1.911929726600647,-0.9814345240592957,0.005107140634208918,-0.3711267113685608
1945.0,-0.6219877004623413,-0.6824407577514648,1.935418963432312,-1.1500149965286255,-0.042428385466337204,-0.21549920737743378
1946.0,-0.621016263961792,-0.6904923319816589,1.958691954612732,-1.3162345886230469,-0.08993556350469589,-0.062036413699388504
1947.0,-0.6197537779808044,-0.6957192420959473,1.9813669919967651,-1.4783434867858887,-0.13695190846920013,0.0878819078207016
1948.0,-0.6181127429008484,-0.6982561349868774,2.0032100677490234,-1.6349009275436401,-0.18296240270137787,0.23282532393932343
1949.0,-0.6162577867507935,-0.6986091136932373,2.0242114067077637,-1.7845860719680786,-0.22750337421894073,0.3715510666370392
1950.0,-0.6141220331192017,-0.6974595785140991,2.0443851947784424,-1.9263502359390259,-0.2700654864311218,0.5027263760566711
1951.0,-0.6118807792663574,-0.6957627534866333,2.0637259483337402,-2.0589635372161865,-0.3101426064968109,0.625064492225647
1952.0,-0.6095553040504456,-0.6944575309753418,2.0819993019104004,-2.180943250656128,-0.3472154438495636,0.7371131777763367
1953.0,-0.6073389649391174,-0.6942822337150574,2.0987119674682617,-2.290553331375122,-0.38068056106567383,0.837344229221344
1954.0,-0.6053228378295898,-0.6955870985984802,2.1131367683410645,-2.385749101638794,-0.40993788838386536,0.9241248369216919
1955.0,-0.6036673784255981,-0.6981239318847656,2.124706983566284,-2.464458465576172,-0.43433746695518494,0.995844304561615
1956.0,-0.6024234294891357,-0.7013747692108154,2.1330084800720215,-2.5247912406921387,-0.4532402753829956,1.0509133338928223
1957.0,-0.6016331315040588,-0.7044123411178589,2.138043165206909,-2.5651495456695557,-0.4660428464412689,1.087890863418579
1958.0,-0.6012780666351318,-0.7062546014785767,2.1402034759521484,-2.584472179412842,-0.4722496271133423,1.1056885719299316
1959.0,-0.6012780666351318,-0.7062546014785767,2.1402034759521484,-2.584472179412842,-0.4722496271133423,1.1056885719299316
1960.0,-0.6012780666351318,-0.7062546014785767,2.1402034759521484,-2.584472179412842,-0.4722496271133423,1.1056885719299316
1961.0,-0.6010567024350166,-0.7064523845911026,2.1353082954883575,-2.5675342977046967,-0.47502729296684265,1.0923969522118568
1962.0,-0.6008353382349014,-0.7066501677036285,2.1304131150245667,-2.5505964159965515,-0.477804958820343,1.079105332493782
1963.0,-0.6006139740347862,-0.7068479508161545,2.1255179345607758,-2.5336585342884064,-0.4805826246738434,1.0658137127757072
1964.0,-0.600392609834671,-0.7070457339286804,2.120622754096985,-2.5167206525802612,-0.48336029052734375,1.0525220930576324
1965.0,-0.6001712456345558,-0.7072435170412064,2.115727573633194,-2.499782770872116,-0.4861379563808441,1.0392304733395576
1966.0,-0.5999498814344406,-0.7074413001537323,2.110832393169403,-2.482844889163971,-0.4889156222343445,1.0259388536214828
1967.0,-0.5997285172343254,-0.7076390832662582,2.105937212705612,-2.465907007455826,-0.49169328808784485,1.012647233903408
1968.0,-0.5995071530342102,-0.7078368663787842,2.1010420322418213,-2.4489691257476807,-0.4944709539413452,0.9993556141853333
1969.0,-0.5995071530342102,-0.7078368663787842,2.1010420322418213,-2.4489691257476807,-0.4944709539413452,0.9993556141853333
1970.0,-0.5977380990982055,-0.7114925384521484,2.096850633621216,-2.432127523422241,-0.49850144386291506,0.9888070106506348
1971.0,-0.595969045162201,-0.7151482105255127,2.0926592350006104,-2.415285921096802,-0.5025319337844849,0.9782584071159363
1972.0,-0.5941999912261963,-0.718803882598877,2.088467836380005,-2.398444318771362,-0.5065624237060546,0.9677098035812378
1973.0,-0.5924309372901917,-0.7224595546722412,2.0842764377593994,-2.381602716445923,-0.5105929136276245,0.9571612000465393
1974.0,-0.590661883354187,-0.7261152267456055,2.080085039138794,-2.3647611141204834,-0.5146234035491943,0.9466125965118408
1975.0,-0.590661883354187,-0.7261152267456055,2.080085039138794,-2.3647611141204834,-0.5146234035491943,0.9466125965118408
1976.0,-0.5880706608295441,-0.7255295395851136,2.0818732602255685,-2.381729773112706,-0.5318912131445749,0.9612382990973336
1977.0,-0.5854794383049011,-0.7249438524246216,2.083661481312343,-2.3986984321049283,-0.5491590227399553,0.9758640016828265
1978.0,-0.5828882157802582,-0.7243581652641297,2.0854497023991176,-2.4156670910971507,-0.5664268323353359,0.9904897042683193
1979.0,-0.5802969932556152,-0.7237724781036377,2.087237923485892,-2.4326357500893727,-0.5836946419307164,1.0051154068538122
1980.0,-0.5777057707309723,-0.7231867909431458,2.0890261445726668,-2.449604409081595,-0.6009624515260968,1.019741109439305
1981.0,-0.5751145482063293,-0.7226011037826539,2.0908143656594413,-2.4665730680738176,-0.6182302611214774,1.0343668120247977
1982.0,-0.5725233256816864,-0.7220154166221618,2.092602586746216,-2.48354172706604,-0.6354980707168579,1.0489925146102905
1983.0,-0.5699321031570435,-0.7214297294616699,2.0943908078329905,-2.5005103860582625,-0.6527658803122385,1.0636182171957833
1984.0,-0.5673408806324005,-0.7208440423011779,2.096179028919765,-2.517479045050485,-0.6700336899076189,1.078243919781276
1985.0,-0.5647496581077576,-0.720258355140686,2.0979672500065396,-2.5344477040427074,-0.6873014995029995,1.0928696223667689
1986.0,-0.5621584355831146,-0.7196726679801941,2.099755471093314,-2.5514163630349294,-0.70456930909838,1.1074953249522617
1987.0,-0.5595672130584717,-0.7190869808197021,2.1015436921800887,-2.568385022027152,-0.7218371186937604,1.1221210275377547
1988.0,-0.5569759905338287,-0.7185012936592102,2.1033319132668633,-2.5853536810193742,-0.739104928289141,1.1367467301232475
1989.0,-0.5543847680091858,-0.7179156064987182,2.105120134353638,-2.6023223400115967,-0.7563727378845215,1.1513724327087402
1990.0,-0.5517935454845428,-0.7173299193382263,2.1069083554404124,-2.619290999003819,-0.773640547479902,1.165998135294233
1991.0,-0.5492023229598999,-0.7167442321777344,2.108696576527187,-2.6362596579960416,-0.7909083570752825,1.1806238378797258
1992.0,-0.546611100435257,-0.7161585450172424,2.1104847976139616,-2.653228316988264,-0.808176166670663,1.1952495404652186
1993.0,-0.544019877910614,-0.7155728578567505,2.1122730187007357,-2.670196975980486,-0.8254439762660435,1.2098752430507114
1994.0,-0.5414286553859711,-0.7149871706962585,2.1140612397875103,-2.6871656349727084,-0.842711785861424,1.2245009456362044
1995.0,-0.5388374328613281,-0.7144014835357666,2.115849460874285,-2.704134293964931,-0.8599795954568046,1.2391266482216972
1996.0,-0.5362462103366852,-0.7138157963752747,2.1176376819610594,-2.7211029529571533,-0.877247405052185,1.25375235080719
1997.0,-0.5336549878120422,-0.7132301092147827,2.119425903047834,-2.7380716119493758,-0.8945152146475656,1.2683780533926827
1998.0,-0.5310637652873993,-0.7126444220542908,2.1212141241346085,-2.755040270941598,-0.9117830242429461,1.2830037559781755
1999.0,-0.5284725427627563,-0.7120587348937988,2.123002345221383,-2.7720089299338206,-0.9290508338383265,1.2976294585636685
2000.0,-0.5258813202381134,-0.7114730477333069,2.1247905663081577,-2.788977588926043,-0.9463186434337071,1.312255161149161
2001.0,-0.5232900977134705,-0.710887360572815,2.1265787873949322,-2.805946247918265,-0.9635864530290876,1.326880863734654
2002.0,-0.5206988751888275,-0.710301673412323,2.128367008481707,-2.8229149069104875,-0.9808542626244681,1.3415065663201469
2003.0,-0.5181076526641846,-0.7097159862518311,2.1301552295684814,-2.83988356590271,-0.9981220722198486,1.3561322689056396
2004.0,-0.5155164301395416,-0.7091302990913391,2.131943450655256,-2.8568522248949324,-1.0153898818152292,1.3707579714911324
2005.0,-0.5129252076148987,-0.7085446119308472,2.1337316717420305,-2.873820883887155,-1.0326576914106096,1.3853836740766252
2006.0,-0.5103339850902557,-0.7079589247703553,2.135519892828805,-2.890789542879377,-1.04992550100599,1.400009376662118
2007.0,-0.5077427625656128,-0.7073732376098633,2.1373081139155796,-2.9077582018715997,-1.0671933106013707,1.4146350792476108
2008.0,-0.5051515400409698,-0.7067875504493714,2.139096335002354,-2.9247268608638217,-1.0844611201967513,1.4292607818331038
2009.0,-0.5025603175163269,-0.7062018632888794,2.1408845560891288,-2.941695519856044,-1.1017289297921318,1.4438864844185966
2010.0,-0.49996909499168396,-0.7056161761283875,2.1426727771759033,-2.9586641788482666,-1.1189967393875122,1.4585121870040894
2011.0,-0.49996909499168396,-0.7056161761283875,2.1426727771759033,-2.9586641788482666,-1.1189967393875122,1.4585121870040894
2012.0,-0.4962220756631148,-0.7065816302048532,2.1415355331019352,-2.958657377644589,-1.1359062132082487,1.4416738874033879
2013.0,-0.49247505633454575,-0.7075470842813191,2.140398289027967,-2.9586505764409115,-1.1528156870289852,1.4248355878026862
2014.0,-0.4887280370059766,-0.7085125383577848,2.1392610449539986,-2.958643775237234,-1.169725160849722,1.4079972882019847
2015.0,-0.48498101767740753,-0.7094779924342507,2.1381238008800305,-2.9586369740335563,-1.1866346346704584,1.391158988601283
2016.0,-0.4812339983488384,-0.7104434465107164,2.1369865568060624,-2.958630172829879,-1.2035441084911949,1.3743206890005815
2017.0,-0.4774869790202693,-0.7114089005871823,2.1358493127320943,-2.9586233716262016,-1.2204535823119314,1.35748238939988
2018.0,-0.4737399596917002,-0.7123743546636481,2.1347120686581262,-2.958616570422524,-1.2373630561326678,1.3406440897991783
2019.0,-0.46999294036313105,-0.7133398087401139,2.1335748245841577,-2.9586097692188464,-1.2542725299534045,1.3238057901984768
2020.0,-0.46624592103456197,-0.7143052628165797,2.1324375805101896,-2.958602968015169,-1.271182003774141,1.306967490597775
2021.0,-0.46249890170599284,-0.7152707168930456,2.1313003364362215,-2.9585961668114913,-1.2880914775948775,1.2901291909970736
2022.0,-0.45875188237742376,-0.7162361709695113,2.1301630923622534,-2.9585893656078137,-1.305000951415614,1.2732908913963719
2023.0,-0.4550048630488546,-0.7172016250459772,2.129025848288285,-2.958582564404136,-1.3219104252363505,1.2564525917956704
2024.0,-0.45125784372028555,-0.7181670791224429,2.127888604214317,-2.9585757632004586,-1.3388198990570872,1.2396142921949689
2025.0,-0.4475108243917164,-0.7191325331989088,2.1267513601403487,-2.958568961996781,-1.3557293728778237,1.2227759925942672
2026.0,-0.4437638050631473,-0.7200979872753746,2.1256141160663806,-2.958562160793104,-1.3726388466985602,1.2059376929935657
2027.0,-0.4400167857345782,-0.7210634413518404,2.1244768719924125,-2.9585553595894263,-1.3895483205192967,1.189099393392864
2028.0,-0.43626976640600906,-0.7220288954283062,2.123339627918444,-2.9585485583857487,-1.4064577943400334,1.1722610937921625
2029.0,-0.43252274707744,-0.722994349504772,2.122202383844476,-2.958541757182071,-1.4233672681607699,1.1554227941914608
2030.0,-0.42877572774887085,-0.7239598035812378,2.121065139770508,-2.9585349559783936,-1.4402767419815063,1.1385844945907593
2031.0,-0.42877572774887085,-0.7239598035812378,2.121065139770508,-2.9585349559783936,-1.4402767419815063,1.1385844945907593
2032.0,-0.42295074462890625,-0.7241814851760864,2.1186163902282713,-2.9566646575927735,-1.454280638694763,1.1449565172195435
2033.0,-0.41712576150894165,-0.7244031667709351,2.1161676406860352,-2.9547943592071535,-1.46828453540802,1.1513285398483277
2034.0,-0.41130077838897705,-0.7246248483657837,2.1137188911437987,-2.952924060821533,-1.4822884321212768,1.1577005624771117
2035.0,-0.40547579526901245,-0.7248465299606324,2.1112701416015627,-2.951053762435913,-1.4962923288345338,1.164072585105896
2036.0,-0.39965081214904785,-0.725068211555481,2.108821392059326,-2.949183464050293,-1.5102962255477905,1.1704446077346802
2037.0,-0.39965081214904785,-0.725068211555481,2.108821392059326,-2.949183464050293,-1.5102962255477905,1.1704446077346802
2038.0,-0.397931769490242,-0.7239668965339661,2.0997709035873413,-2.938944101333618,-1.510660469532013,1.1721601486206055
2039.0,-0.39621272683143616,-0.7228655815124512,2.0907204151153564,-2.9287047386169434,-1.5110247135162354,1.1738756895065308
2040.0,-0.39621272683143616,-0.7228655815124512,2.0907204151153564,-2.9287047386169434,-1.5110247135162354,1.1738756895065308
2041.0,-0.40045745032174246,-0.7220103434153966,2.0901213714054654,-2.921986974988665,-1.4936749747821263,1.1738627399717059
2042.0,-0.40470217381204876,-0.7211551053183419,2.089522327695574,-2.9152692113603864,-1.4763252360480172,1.173849790436881
2043.0,-0.40894689730235506,-0.7202998672212874,2.088923283985683,-2.908551447732108,-1.4589754973139082,1.173836840902056
2044.0,-0.4131916207926614,-0.7194446291242327,2.0883242402757918,-2.9018336841038295,-1.4416257585797991,1.1738238913672312
2045.0,-0.4174363442829677,-0.7185893910271781,2.0877251965659007,-2.895115920475551,-1.42427601984569,1.173810941832406
2046.0,-0.421681067773274,-0.7177341529301234,2.087126152856009,-2.8883981568472725,-1.406926281111581,1.1737979922975812
2047.0,-0.4259257912635803,-0.7168789148330689,2.086527109146118,-2.881680393218994,-1.389576542377472,1.1737850427627563
2048.0,-0.4301705147538866,-0.7160236767360142,2.085928065436227,-2.8749626295907156,-1.372226803643363,1.1737720932279314
2049.0,-0.4344152382441929,-0.7151684386389596,2.0853290217263356,-2.868244865962437,-1.3548770649092539,1.1737591436931065
2050.0,-0.4386599617344992,-0.714313200541905,2.0847299780164446,-2.8615271023341586,-1.3375273261751448,1.1737461941582816
2051.0,-0.4429046852248055,-0.7134579624448504,2.0841309343065535,-2.85480933870588,-1.3201775874410357,1.1737332446234567
2052.0,-0.4471494087151119,-0.7126027243477958,2.0835318905966624,-2.8480915750776017,-1.3028278487069267,1.1737202950886318
2053.0,-0.4513941322054182,-0.7117474862507411,2.082932846886771,-2.841373811449323,-1.2854781099728176,1.173707345553807
2054.0,-0.4556388556957245,-0.7108922481536866,2.08233380317688,-2.8346560478210447,-1.2681283712387086,1.1736943960189818
2055.0,-0.4598835791860308,-0.7100370100566319,2.081734759466989,-2.8279382841927663,-1.2507786325045995,1.173681446484157
2056.0,-0.4641283026763371,-0.7091817719595773,2.0811357157570973,-2.821220520564488,-1.2334288937704905,1.173668496949332
2057.0,-0.46837302616664345,-0.7083265338625226,2.0805366720472063,-2.8145027569362098,-1.2160791550363812,1.1736555474145072
2058.0,-0.4726177496569497,-0.7074712957654681,2.079937628337315,-2.8077849933079313,-1.1987294163022724,1.1736425978796823
2059.0,-0.47686247314725605,-0.7066160576684134,2.079338584627424,-2.801067229679653,-1.181379677568163,1.1736296483448574
2060.0,-0.48110719663756235,-0.7057608195713588,2.0787395409175327,-2.7943494660513744,-1.1640299388340543,1.1736166988100325
2061.0,-0.48535192012786865,-0.7049055814743042,2.0781404972076416,-2.787631702423096,-1.146680200099945,1.1736037492752076
2062.0,-0.48959664361817495,-0.7040503433772496,2.0775414534977505,-2.7809139387948174,-1.1293304613658361,1.1735907997403825
2063.0,-0.49384136710848126,-0.703195105280195,2.076942409787859,-2.774196175166539,-1.1119807226317269,1.1735778502055576
2064.0,-0.4980860905987876,-0.7023398671831403,2.076343366077968,-2.7674784115382605,-1.0946309838976178,1.1735649006707327
2065.0,-0.5023308140890939,-0.7014846290860858,2.075744322368077,-2.760760647909982,-1.0772812451635088,1.1735519511359078
2066.0,-0.5065755375794002,-0.7006293909890311,2.075145278658186,-2.7540428842817035,-1.0599315064293997,1.173539001601083
2067.0,-0.5108202610697065,-0.6997741528919765,2.0745462349482944,-2.747325120653425,-1.0425817676952907,1.173526052066258
2068.0,-0.5150649845600128,-0.6989189147949219,2.0739471912384033,-2.7406073570251466,-1.0252320289611818,1.1735131025314331
2069.0,-0.5193097080503191,-0.6980636766978673,2.0733481475285123,-2.733889593396868,-1.0078822902270725,1.1735001529966083
2070.0,-0.5235544315406254,-0.6972084386008126,2.0727491038186208,-2.7271718297685896,-0.9905325514929636,1.1734872034617834
2071.0,-0.5277991550309318,-0.696353200503758,2.0721500601087297,-2.720454066140311,-0.9731828127588544,1.1734742539269583
2072.0,-0.532043878521238,-0.6954979624067034,2.0715510163988387,-2.7137363025120327,-0.9558330740247454,1.1734613043921334
2073.0,-0.5362886020115444,-0.6946427243096488,2.0709519726889476,-2.707018538883754,-0.9384833352906363,1.1734483548573085
2074.0,-0.5405333255018507,-0.6937874862125941,2.070352928979056,-2.7003007752554757,-0.9211335965565273,1.1734354053224836
2075.0,-0.544778048992157,-0.6929322481155396,2.069753885269165,-2.6935830116271973,-0.9037838578224182,1.1734224557876587
2076.0,-0.544778048992157,-0.6929322481155396,2.069753885269165,-2.6935830116271973,-0.9037838578224182,1.1734224557876587
2077.0,-0.5446967131951276,-0.6925050335771897,2.064018733361188,-2.676516855464262,-0.9013743681066176,1.1589338008095236
2078.0,-0.5446153773980982,-0.6920778190388399,2.058283581453211,-2.659450699301327,-0.8989648783908171,1.1444451458313887
2079.0,-0.5445340416010689,-0.6916506045004901,2.0525484295452343,-2.642384543138392,-0.8965553886750165,1.1299564908532536
2080.0,-0.5444527058040395,-0.6912233899621403,2.0468132776372574,-2.6253183869754566,-0.8941458989592159,1.1154678358751184
2081.0,-0.5443713700070101,-0.6907961754237905,2.0410781257292805,-2.6082522308125213,-0.8917364092434154,1.1009791808969833
2082.0,-0.5442900342099807,-0.6903689608854406,2.0353429738213036,-2.5911860746495865,-0.8893269195276148,1.0864905259188484
2083.0,-0.5442086984129513,-0.6899417463470908,2.0296078219133267,-2.5741199184866512,-0.8869174298118142,1.0720018709407133
2084.0,-0.5441273626159219,-0.689514531808741,2.0238726700053498,-2.557053762323716,-0.8845079400960136,1.0575132159625782
2085.0,-0.5440460268188926,-0.6890873172703911,2.0181375180973724,-2.539987606160781,-0.8820984503802132,1.0430245609844433
2086.0,-0.5439646910218632,-0.6886601027320413,2.0124023661893955,-2.522921449997846,-0.8796889606644126,1.0285359060063082
2087.0,-0.5438833552248338,-0.6882328881936914,2.0066672142814186,-2.5058552938349106,-0.877279470948612,1.014047251028173
2088.0,-0.5438020194278044,-0.6878056736553416,2.0009320623734417,-2.4887891376719757,-0.8748699812328115,0.999558596050038
2089.0,-0.543720683630775,-0.6873784591169918,1.9951969104654648,-2.4717229815090405,-0.8724604915170109,0.985069941071903
2090.0,-0.5436393478337456,-0.686951244578642,1.9894617585574879,-2.454656825346105,-0.8700510018012103,0.9705812860937679
2091.0,-0.5435580120367163,-0.6865240300402922,1.983726606649511,-2.43759066918317,-0.8676415120854097,0.9560926311156329
2092.0,-0.5434766762396869,-0.6860968155019423,1.977991454741534,-2.420524513020235,-0.8652320223696092,0.9416039761374979
2093.0,-0.5433953404426575,-0.6856696009635925,1.9722563028335571,-2.4034583568573,-0.8628225326538086,0.9271153211593628
2094.0,-0.5433953404426575,-0.6856696009635925,1.9722563028335571,-2.4034583568573,-0.8628225326538086,0.9271153211593628
2095.0,-0.5413833386019656,-0.6844526529312134,1.9642488078067177,-2.386741726022018,-0.8678749360536274,0.9127744875456157
2096.0,-0.5393713367612738,-0.6832357048988342,1.9562413127798783,-2.3700250951867354,-0.8729273394534462,0.8984336539318687
2097.0,-0.537359334920582,-0.6820187568664551,1.948233817753039,-2.3533084643514535,-0.8779797428532651,0.8840928203181216
2098.0,-0.5353473330798902,-0.6808018088340759,1.9402263227261995,-2.336591833516171,-0.8830321462530839,0.8697519867043746
2099.0,-0.5333353312391984,-0.6795848608016968,1.9322188276993602,-2.319875202680889,-0.8880845496529027,0.8554111530906275
2100.0,-0.5313233293985066,-0.6783679127693176,1.9242113326725208,-2.3031585718456067,-0.8931369530527216,0.8410703194768805
2101.0,-0.5293113275578147,-0.6771509647369385,1.9162038376456814,-2.2864419410103247,-0.8981893564525404,0.8267294858631334
2102.0,-0.5272993257171229,-0.6759340167045593,1.908196342618842,-2.2697253101750423,-0.9032417598523592,0.8123886522493864
2103.0,-0.5252873238764311,-0.6747170686721802,1.9001888475920026,-2.2530086793397603,-0.9082941632521779,0.7980478186356394
2104.0,-0.5232753220357393,-0.673500120639801,1.8921813525651632,-2.236292048504478,-0.9133465666519968,0.7837069850218923
2105.0,-0.5212633201950475,-0.6722831726074219,1.8841738575383236,-2.219575417669196,-0.9183989700518156,0.7693661514081453
2106.0,-0.5192513183543557,-0.6710662245750427,1.8761663625114842,-2.2028587868339136,-0.9234513734516344,0.7550253177943983
2107.0,-0.5172393165136638,-0.6698492765426636,1.8681588674846448,-2.1861421559986316,-0.9285037768514532,0.7406844841806512
2108.0,-0.515227314672972,-0.6686323285102844,1.8601513724578054,-2.169425525163349,-0.9335561802512721,0.7263436505669042
2109.0,-0.5132153128322802,-0.6674153804779053,1.852143877430966,-2.1527088943280672,-0.9386085836510909,0.7120028169531571
2110.0,-0.5112033109915884,-0.6661984324455261,1.8441363824041266,-2.135992263492785,-0.9436609870509097,0.6976619833394101
2111.0,-0.5091913091508966,-0.664981484413147,1.8361288873772872,-2.119275632657503,-0.9487133904507286,0.683321149725663
2112.0,-0.5071793073102048,-0.6637645363807678,1.8281213923504478,-2.102559001822221,-0.9537657938505474,0.668980316111916
2113.0,-0.5051673054695129,-0.6625475883483887,1.8201138973236084,-2.0858423709869385,-0.9588181972503662,0.654639482498169
2114.0,-0.5051673054695129,-0.6625475883483887,1.8201138973236084,-2.0858423709869385,-0.9588181972503662,0.654639482498169
2115.0,-0.5054445808584039,-0.6610609184611927,1.8153465010903098,-2.069070192900571,-0.954184434630654,0.6451841552149166
2116.0,-0.505721856247295,-0.6595742485739968,1.8105791048570112,-2.0522980148142036,-0.9495506720109419,0.6357288279316642
2117.0,-0.505999131636186,-0.6580875786868009,1.8058117086237127,-2.0355258367278357,-0.9449169093912299,0.6262735006484118
2118.0,-0.5062764070250771,-0.656600908799605,1.801044312390414,-2.0187536586414683,-0.9402831467715177,0.6168181733651594
2119.0,-0.5065536824139681,-0.655114238912409,1.7962769161571155,-2.001981480555101,-0.9356493841518055,0.607362846081907
2120.0,-0.5068309578028592,-0.653627569025213,1.7915095199238171,-1.9852093024687334,-0.9310156215320934,0.5979075187986548
2121.0,-0.5071082331917502,-0.6521408991380171,1.7867421236905185,-1.9684371243823657,-0.9263818589123812,0.5884521915154024
2122.0,-0.5073855085806414,-0.6506542292508212,1.78197472745722,-1.9516649462959983,-0.9217480962926691,0.57899686423215
2123.0,-0.5076627839695323,-0.6491675593636252,1.7772073312239214,-1.9348927682096309,-0.917114333672957,0.5695415369488976
2124.0,-0.5079400593584235,-0.6476808894764293,1.7724399349906228,-1.9181205901232632,-0.9124805710532449,0.5600862096656453
2125.0,-0.5082173347473145,-0.6461942195892334,1.7676725387573242,-1.9013484120368958,-0.9078468084335327,0.5506308823823929
2126.0,-0.5084946101362054,-0.6447075497020375,1.7629051425240256,-1.8845762339505283,-0.9032130458138206,0.5411755550991405
2127.0,-0.5087718855250966,-0.6432208798148416,1.758137746290727,-1.8678040558641607,-0.8985792831941084,0.5317202278158881
2128.0,-0.5090491609139876,-0.6417342099276456,1.7533703500574285,-1.8510318777777932,-0.8939455205743962,0.5222649005326357
2129.0,-0.5093264363028787,-0.6402475400404497,1.74860295382413,-1.8342596996914255,-0.8893117579546842,0.5128095732493834
2130.0,-0.5096037116917697,-0.6387608701532538,1.7438355575908313,-1.817487521605058,-0.884677995334972,0.5033542459661311
2131.0,-0.5098809870806608,-0.6372742002660577,1.739068161357533,-1.8007153435186907,-0.8800442327152599,0.49389891868287866
2132.0,-0.5101582624695518,-0.6357875303788618,1.7343007651242344,-1.783943165432323,-0.8754104700955477,0.4844435913996263
2133.0,-0.5104355378584429,-0.6343008604916659,1.7295333688909358,-1.7671709873459556,-0.8707767074758357,0.47498826411637396
2134.0,-0.5107128132473339,-0.63281419060447,1.7247659726576372,-1.750398809259588,-0.8661429448561235,0.4655329368331216
2135.0,-0.510990088636225,-0.631327520717274,1.7199985764243386,-1.7336266311732205,-0.8615091822364114,0.4560776095498692
2136.0,-0.511267364025116,-0.6298408508300781,1.71523118019104,-1.716854453086853,-0.8568754196166992,0.4466222822666168
2137.0,-0.511267364025116,-0.6298408508300781,1.71523118019104,-1.716854453086853,-0.8568754196166992,0.4466222822666168
2138.0,-0.5084196925163269,-0.6356179416179657,1.7139968276023865,-1.7017484307289124,-0.8516926765441895,0.44230569899082184
2139.0,-0.5055720210075378,-0.6413950324058533,1.712762475013733,-1.6866424083709717,-0.8465099334716797,0.43798911571502686
2140.0,-0.5055720210075378,-0.6413950324058533,1.712762475013733,-1.6866424083709717,-0.8465099334716797,0.43798911571502686
2141.0,-0.5029865354299545,-0.6441829651594162,1.7094148993492126,-1.6733238697052002,-0.8444425165653229,0.4330468401312828
2142.0,-0.5004010498523712,-0.6469708979129791,1.7060673236846924,-1.6600053310394287,-0.8423750996589661,0.42810456454753876
2143.0,-0.4978155642747879,-0.649758830666542,1.7027197480201721,-1.6466867923736572,-0.8403076827526093,0.4231622889637947
2144.0,-0.4952300786972046,-0.652546763420105,1.6993721723556519,-1.6333682537078857,-0.8382402658462524,0.41822001338005066
2145.0,-0.4952300786972046,-0.652546763420105,1.6993721723556519,-1.6333682537078857,-0.8382402658462524,0.41822001338005066
2146.0,-0.4952388405799866,-0.6545972228050232,1.7030971050262451,-1.64322167634964,-0.85417839884758,0.41796961426734924
2147.0,-0.49524760246276855,-0.6566476821899414,1.7068220376968384,-1.653075098991394,-0.8701165318489075,0.4177192151546478
2148.0,-0.49524760246276855,-0.6566476821899414,1.7068220376968384,-1.653075098991394,-0.8701165318489075,0.4177192151546478
2149.0,-0.4958139459292094,-0.6447810133298238,1.696311354637146,-1.6517293055852253,-0.8711246450742086,0.4151413142681122
2150.0,-0.4963802893956502,-0.6329143444697062,1.6858006715774536,-1.6503835121790569,-0.8721327582995096,0.41256341338157654
2151.0,-0.49694663286209106,-0.6210476756095886,1.6752899885177612,-1.6490377187728882,-0.8731408715248108,0.4099855124950409
2152.0,-0.49694663286209106,-0.6210476756095886,1.6752899885177612,-1.6490377187728882,-0.8731408715248108,0.4099855124950409
2153.0,-0.4937017659346263,-0.6113645831743876,1.6619643370310466,-1.6467666625976562,-0.889788826306661,0.4035412172476451
2154.0,-0.49045689900716144,-0.6016814907391866,1.6486386855443318,-1.6444956064224243,-0.9064367810885111,0.3970969220002492
2155.0,-0.48721203207969666,-0.5919983983039856,1.6353130340576172,-1.6422245502471924,-0.9230847358703613,0.3906526267528534
2156.0,-0.48721203207969666,-0.5919983983039856,1.6353130340576172,-1.6422245502471924,-0.9230847358703613,0.3906526267528534
2157.0,-0.4808192749818166,-0.5943676829338074,1.627929965655009,-1.6305768092473347,-0.9317113161087036,0.3851845363775889
2158.0,-0.4744265178839366,-0.5967369675636292,1.6205468972524006,-1.6189290682474773,-0.9403378963470459,0.3797164460023244
2159.0,-0.4680337607860565,-0.5991062521934509,1.6131638288497925,-1.6072813272476196,-0.9489644765853882,0.37424835562705994
2160.0,-0.4680337607860565,-0.5991062521934509,1.6131638288497925,-1.6072813272476196,-0.9489644765853882,0.37424835562705994
2161.0,-0.4690847247838974,-0.5927552282810211,1.6113319396972656,-1.6222172975540161,-0.95411017537117,0.3794201910495758
2162.0,-0.4701356887817383,-0.5864042043685913,1.6095000505447388,-1.6371532678604126,-0.9592558741569519,0.3845920264720917
2163.0,-0.4701356887817383,-0.5864042043685913,1.6095000505447388,-1.6371532678604126,-0.9592558741569519,0.3845920264720917
2164.0,-0.47013287742932636,-0.590018759171168,1.6100355585416157,-1.62221097946167,-0.9614843527475992,0.3750811964273453
2165.0,-0.4701300660769145,-0.5936333139737447,1.610571066538493,-1.6072686910629272,-0.9637128313382467,0.3655703663825989
2166.0,-0.47012725472450256,-0.5972478687763214,1.6111065745353699,-1.5923264026641846,-0.965941309928894,0.3560595363378525
2167.0,-0.47012444337209064,-0.6008624235788981,1.6116420825322468,-1.577384114265442,-0.9681697885195414,0.3465487062931061
2168.0,-0.47012163201967877,-0.6044769783814748,1.612177590529124,-1.5624418258666992,-0.9703982671101888,0.3370378762483597
2169.0,-0.47011882066726685,-0.6080915331840515,1.612713098526001,-1.5474995374679565,-0.9726267457008362,0.3275270462036133
2170.0,-0.47011882066726685,-0.6080915331840515,1.612713098526001,-1.5474995374679565,-0.9726267457008362,0.3275270462036133
2171.0,-0.4684706777334213,-0.5983957946300507,1.5999029874801636,-1.5355835556983948,-0.9830158948898315,0.31696315109729767
2172.0,-0.4668225347995758,-0.5887000560760498,1.5870928764343262,-1.523667573928833,-0.9934050440788269,0.30639925599098206
2173.0,-0.4668225347995758,-0.5887000560760498,1.5870928764343262,-1.523667573928833,-0.9934050440788269,0.30639925599098206
2174.0,-0.4672498181462288,-0.5952197760343552,1.5957499146461487,-1.5359328091144562,-0.9777390211820602,0.32042691856622696
2175.0,-0.4676771014928818,-0.6017394959926605,1.6044069528579712,-1.5481980443000793,-0.9620729982852936,0.33445458114147186
2176.0,-0.46810438483953476,-0.6082592159509659,1.6130639910697937,-1.5604632794857025,-0.9464069753885269,0.34848224371671677
2177.0,-0.46853166818618774,-0.6147789359092712,1.6217210292816162,-1.5727285146713257,-0.9307409524917603,0.36250990629196167
2178.0,-0.46853166818618774,-0.6147789359092712,1.6217210292816162,-1.5727285146713257,-0.9307409524917603,0.36250990629196167
2179.0,-0.46579521894454956,-0.6210338473320007,1.6210417747497559,-1.5554279088974,-0.9284105896949768,0.3559692054986954
2180.0,-0.4630587697029114,-0.6272887587547302,1.6203625202178955,-1.5381273031234741,-0.9260802268981934,0.3494285047054291
2181.0,-0.4630587697029114,-0.6272887587547302,1.6203625202178955,-1.5381273031234741,-0.9260802268981934,0.3494285047054291
2182.0,-0.4638005495071411,-0.633734385172526,1.6294341882069905,-1.5520457029342651,-0.9363658229509989,0.3529849350452423
2183.0,-0.46454232931137085,-0.6401800115903219,1.6385058561960857,-1.5659641027450562,-0.9466514190038046,0.35654136538505554
2184.0,-0.4652841091156006,-0.6466256380081177,1.6475775241851807,-1.5798825025558472,-0.9569370150566101,0.3600977957248688
2185.0,-0.4652841091156006,-0.6466256380081177,1.6475775241851807,-1.5798825025558472,-0.9569370150566101,0.3600977957248688
2186.0,-0.4598362386226654,-0.6505019068717957,1.6476155519485474,-1.5913386821746827,-0.9722458600997925,0.3630524516105652
2187.0,-0.4543883681297302,-0.6543781757354736,1.647653579711914,-1.6027948617935182,-0.9875547051429748,0.3660071074962616
2188.0,-0.44894049763679506,-0.6582544445991516,1.6476916074752808,-1.6142510414123534,-1.0028635501861571,0.368961763381958
2189.0,-0.44349262714385984,-0.6621307134628296,1.6477296352386475,-1.625707221031189,-1.0181723952293396,0.3719164192676544
2190.0,-0.4380447566509247,-0.6660069823265076,1.6477676630020142,-1.6371634006500244,-1.033481240272522,0.37487107515335083
2191.0,-0.4380447566509247,-0.6660069823265076,1.6477676630020142,-1.6371634006500244,-1.033481240272522,0.37487107515335083
2192.0,-0.4399141882147108,-0.6700988667351859,1.6564736025674003,-1.6522175243922643,-1.0299497502190726,0.3847210279532841
2193.0,-0.4417836197784969,-0.6741907511438642,1.6651795421327864,-1.667271648134504,-1.0264182601656233,0.39457098075321745
2194.0,-0.443653051342283,-0.6782826355525425,1.6738854816981725,-1.682325771876744,-1.022886770112174,0.40442093355315073
2195.0,-0.44552248290606905,-0.6823745199612209,1.6825914212635584,-1.6973798956189836,-1.0193552800587244,0.414270886353084
2196.0,-0.44739191446985516,-0.6864664043698993,1.6912973608289446,-1.7124340193612235,-1.0158237900052751,0.4241208391530173
2197.0,-0.44926134603364126,-0.6905582887785775,1.7000033003943307,-1.7274881431034632,-1.0122922999518258,0.43397079195295063
2198.0,-0.45113077759742737,-0.6946501731872559,1.7087092399597168,-1.7425422668457031,-1.0087608098983765,0.4438207447528839
2199.0,-0.45113077759742737,-0.6946501731872559,1.7087092399597168,-1.7425422668457031,-1.0087608098983765,0.4438207447528839
2200.0,-0.4559086740016937,-0.6928847789764404,1.711238396167755,-1.73595849275589,-0.9921756625175476,0.44375557601451876
2201.0,-0.46068657040596006,-0.691119384765625,1.7137675523757934,-1.7293747186660766,-0.9755905151367188,0.44369040727615355
2202.0,-0.46546446681022646,-0.6893539905548096,1.7162967085838319,-1.7227909445762635,-0.9590053677558898,0.4436252385377884
2203.0,-0.4702423632144928,-0.6875885963439942,1.7188258647918702,-1.71620717048645,-0.942420220375061,0.4435600697994232
2204.0,-0.47502025961875916,-0.6858232021331787,1.7213550209999084,-1.709623396396637,-0.9258350729942322,0.44349490106105804
2205.0,-0.4797981560230255,-0.6840578079223633,1.7238841772079467,-1.7030396223068238,-0.9092499256134033,0.4434297323226929
2206.0,-0.48457605242729185,-0.6822924137115478,1.726413333415985,-1.6964558482170105,-0.8926647782325745,0.4433645635843277
2207.0,-0.48935394883155825,-0.6805270195007325,1.7289424896240235,-1.6898720741271973,-0.8760796308517456,0.44329939484596254
2208.0,-0.4941318452358246,-0.678761625289917,1.7314716458320618,-1.683288300037384,-0.8594944834709167,0.44323422610759733
2209.0,-0.49890974164009094,-0.6769962310791016,1.7340008020401,-1.6767045259475708,-0.8429093360900879,0.4431690573692322
2210.0,-0.49890974164009094,-0.6769962310791016,1.7340008020401,-1.6767045259475708,-0.8429093360900879,0.4431690573692322
2211.0,-0.4961078271269798,-0.6771396175026894,1.7359518438577652,-1.6939729541540145,-0.8548198491334915,0.44769329130649566
2212.0,-0.4933059126138687,-0.6772830039262772,1.7379028856754304,-1.7112413823604584,-0.8667303621768951,0.45221752524375913
2213.0,-0.4905039981007576,-0.677426390349865,1.7398539274930953,-1.7285098105669021,-0.8786408752202988,0.45674175918102267
2214.0,-0.4877020835876465,-0.6775697767734528,1.7418049693107605,-1.745778238773346,-0.8905513882637024,0.46126599311828614
2215.0,-0.48490016907453537,-0.6777131631970406,1.7437560111284256,-1.7630466669797897,-0.902461901307106,0.4657902270555496
2216.0,-0.48209825456142424,-0.6778565496206284,1.7457070529460907,-1.7803150951862334,-0.9143724143505096,0.4703144609928131
2217.0,-0.4792963400483131,-0.6779999360442162,1.7476580947637559,-1.7975835233926774,-0.9262829273939133,0.4748386949300766
2218.0,-0.47649442553520205,-0.678143322467804,1.7496091365814208,-1.814851951599121,-0.9381934404373169,0.4793629288673401
2219.0,-0.4736925110220909,-0.6782867088913918,1.751560178399086,-1.832120379805565,-0.9501039534807205,0.4838871628046036
2220.0,-0.4708905965089798,-0.6784300953149796,1.753511220216751,-1.8493888080120087,-0.9620144665241241,0.48841139674186707
2221.0,-0.46808868199586867,-0.6785734817385674,1.7554622620344162,-1.8666572362184524,-0.9739249795675278,0.49293563067913054
2222.0,-0.46528676748275755,-0.6787168681621552,1.7574133038520814,-1.8839256644248963,-0.9858354926109314,0.497459864616394
2223.0,-0.4624848529696465,-0.678860254585743,1.7593643456697463,-1.90119409263134,-0.997746005654335,0.5019840985536576
2224.0,-0.45968293845653535,-0.6790036410093307,1.7613153874874115,-1.918462520837784,-1.0096565186977386,0.506508332490921
2225.0,-0.4568810239434242,-0.6791470274329185,1.7632664293050766,-1.9357309490442276,-1.0215670317411423,0.5110325664281845
2226.0,-0.4540791094303131,-0.6792904138565063,1.7652174711227417,-1.9529993772506713,-1.033477544784546,0.515556800365448
2227.0,-0.451277194917202,-0.6794338002800941,1.7671685129404069,-1.9702678054571152,-1.0453880578279495,0.5200810343027115
2228.0,-0.4484752804040909,-0.679577186703682,1.7691195547580718,-1.987536233663559,-1.0572985708713531,0.524605268239975
2229.0,-0.4456733658909798,-0.6797205731272697,1.771070596575737,-2.004804661870003,-1.0692090839147568,0.5291295021772384
2230.0,-0.44287145137786865,-0.6798639595508575,1.773021638393402,-2.0220730900764465,-1.0811195969581604,0.533653736114502
2231.0,-0.4400695368647575,-0.6800073459744453,1.7749726802110672,-2.0393415182828902,-1.093030110001564,0.5381779700517655
2232.0,-0.4372676223516464,-0.6801507323980331,1.7769237220287324,-2.056609946489334,-1.1049406230449677,0.5427022039890289
2233.0,-0.43446570783853533,-0.6802941188216209,1.7788747638463973,-2.073878374695778,-1.1168511360883713,0.5472264379262924
2234.0,-0.43166379332542415,-0.6804375052452087,1.7808258056640625,-2.0911468029022218,-1.128761649131775,0.5517506718635559
2235.0,-0.4288618788123131,-0.6805808916687965,1.7827768474817276,-2.1084152311086655,-1.1406721621751785,0.5562749058008194
2236.0,-0.42605996429920195,-0.6807242780923843,1.7847278892993927,-2.125683659315109,-1.1525826752185822,0.5607991397380829
2237.0,-0.42325804978609083,-0.6808676645159721,1.786678931117058,-2.142952087521553,-1.1644931882619858,0.5653233736753464
2238.0,-0.42045613527297976,-0.6810110509395599,1.7886299729347228,-2.160220515727997,-1.1764037013053894,0.5698476076126099
2239.0,-0.4176542207598686,-0.6811544373631477,1.790581014752388,-2.1774889439344407,-1.188314214348793,0.5743718415498733
2240.0,-0.4148523062467575,-0.6812978237867355,1.792532056570053,-2.1947573721408844,-1.2002247273921967,0.5788960754871368
2241.0,-0.4120503917336464,-0.6814412102103233,1.7944830983877182,-2.212025800347328,-1.2121352404356003,0.5834203094244004
2242.0,-0.40924847722053526,-0.6815845966339111,1.7964341402053834,-2.229294228553772,-1.224045753479004,0.5879445433616638
2243.0,-0.4064465627074242,-0.6817279830574989,1.7983851820230483,-2.246562656760216,-1.2359562665224075,0.5924687772989273
2244.0,-0.403644648194313,-0.6818713694810867,1.8003362238407135,-2.2638310849666596,-1.2478667795658112,0.5969930112361908
2245.0,-0.40084273368120193,-0.6820147559046745,1.8022872656583786,-2.2810995131731033,-1.2597772926092148,0.6015172451734543
2246.0,-0.3980408191680908,-0.6821581423282623,1.8042383074760437,-2.298367941379547,-1.2716878056526184,0.6060414791107178
2247.0,-0.3952389046549797,-0.6823015287518501,1.806189349293709,-2.3156363695859907,-1.283598318696022,0.6105657130479812
2248.0,-0.3924369901418686,-0.6824449151754379,1.8081403911113738,-2.332904797792435,-1.2955088317394257,0.6150899469852448
2249.0,-0.38963507562875743,-0.6825883015990257,1.810091432929039,-2.3501732259988786,-1.3074193447828293,0.6196141809225082
2250.0,-0.38683316111564636,-0.6827316880226135,1.812042474746704,-2.3674416542053223,-1.319329857826233,0.6241384148597717
2251.0,-0.38683316111564636,-0.6827316880226135,1.812042474746704,-2.3674416542053223,-1.319329857826233,0.6241384148597717
2252.0,-0.3877716707555871,-0.6809322959498355,1.806240477060017,-2.350470605649446,-1.3130389640205784,0.6179353532038236
2253.0,-0.3887101803955279,-0.6791329038770575,1.8004384793733295,-2.33349955709357,-1.3067480702149241,0.6117322915478757
2254.0,-0.38964869003546865,-0.6773335118042795,1.7946364816866422,-2.316528508537694,-1.3004571764092696,0.6055292298919276
2255.0,-0.3905871996754094,-0.6755341197315016,1.788834483999955,-2.299557459981818,-1.294166282603615,0.5993261682359796
2256.0,-0.3915257093153502,-0.6737347276587236,1.7830324863132678,-2.282586411425942,-1.2878753887979608,0.5931231065800315
2257.0,-0.39246421895529093,-0.6719353355859455,1.7772304886265804,-2.265615362870066,-1.2815844949923063,0.5869200449240836
2258.0,-0.39340272859523173,-0.6701359435131675,1.7714284909398932,-2.24864431431419,-1.275293601186652,0.5807169832681355
2259.0,-0.3943412382351725,-0.6683365514403895,1.765626493253206,-2.231673265758314,-1.2690027073809975,0.5745139216121874
2260.0,-0.3952797478751132,-0.6665371593676115,1.7598244955665188,-2.2147022172024378,-1.262711813575343,0.5683108599562394
2261.0,-0.396218257515054,-0.6647377672948336,1.7540224978798313,-2.1977311686465617,-1.2564209197696887,0.5621077983002913
2262.0,-0.39715676715499476,-0.6629383752220556,1.7482205001931441,-2.180760120090685,-1.2501300259640342,0.5559047366443434
2263.0,-0.3980952767949355,-0.6611389831492775,1.742418502506457,-2.163789071534809,-1.2438391321583797,0.5497016749883953
2264.0,-0.3990337864348763,-0.6593395910764995,1.7366165048197697,-2.146818022978933,-1.2375482383527254,0.5434986133324473
2265.0,-0.39997229607481705,-0.6575401990037215,1.7308145071330823,-2.129846974423057,-1.231257344547071,0.5372955516764992
2266.0,-0.40091080571475785,-0.6557408069309435,1.725012509446395,-2.112875925867181,-1.2249664507414164,0.5310924900205511
2267.0,-0.4018493153546986,-0.6539414148581656,1.7192105117597078,-2.095904877311305,-1.2186755569357621,0.5248894283646032
2268.0,-0.40278782499463933,-0.6521420227853876,1.7134085140730206,-2.078933828755429,-1.2123846631301076,0.5186863667086551
2269.0,-0.40372633463458013,-0.6503426307126096,1.7076065163863332,-2.061962780199553,-1.2060937693244533,0.5124833050527071
2270.0,-0.4046648442745209,-0.6485432386398315,1.701804518699646,-2.0449917316436768,-1.1998028755187988,0.506280243396759
2271.0,-0.4046648442745209,-0.6485432386398315,1.701804518699646,-2.0449917316436768,-1.1998028755187988,0.506280243396759
2272.0,-0.40555387549102306,-0.6473337467759848,1.697531882673502,-2.0279201939702034,-1.1950447410345078,0.499621226452291
2273.0,-0.40644290670752525,-0.646124254912138,1.693259246647358,-2.01084865629673,-1.1902866065502167,0.492962209507823
2274.0,-0.40733193792402744,-0.6449147630482912,1.688986610621214,-1.9937771186232567,-1.1855284720659256,0.48630319256335497
2275.0,-0.40822096914052963,-0.6437052711844444,1.6847139745950699,-1.9767055809497833,-1.1807703375816345,0.47964417561888695
2276.0,-0.4091100003570318,-0.6424957793205976,1.6804413385689259,-1.95963404327631,-1.1760122030973434,0.4729851586744189
2277.0,-0.409999031573534,-0.6412862874567509,1.6761687025427818,-1.9425625056028366,-1.1712540686130524,0.4663261417299509
2278.0,-0.4108880627900362,-0.6400767955929041,1.6718960665166378,-1.9254909679293633,-1.1664959341287613,0.4596671247854829
2279.0,-0.4117770940065384,-0.6388673037290573,1.6676234304904938,-1.90841943025589,-1.1617377996444702,0.45300810784101486
2280.0,-0.4126661252230406,-0.6376578118652105,1.6633507944643497,-1.8913478925824165,-1.1569796651601791,0.44634909089654684
2281.0,-0.41355515643954277,-0.6364483200013638,1.6590781584382057,-1.8742763549089432,-1.152221530675888,0.4396900739520788
2282.0,-0.41444418765604496,-0.635238828137517,1.6548055224120617,-1.8572048172354698,-1.147463396191597,0.4330310570076108
2283.0,-0.41533321887254715,-0.6340293362736702,1.6505328863859177,-1.8401332795619965,-1.142705261707306,0.4263720400631428
2284.0,-0.41622225008904934,-0.6328198444098234,1.6462602503597736,-1.823061741888523,-1.1379471272230148,0.41971302311867476
2285.0,-0.41711128130555153,-0.6316103525459766,1.6419876143336296,-1.8059902042150497,-1.1331889927387238,0.41305400617420673
2286.0,-0.4180003125220537,-0.6304008606821299,1.6377149783074856,-1.7889186665415764,-1.1284308582544327,0.4063949892297387
2287.0,-0.4188893437385559,-0.6291913688182831,1.6334423422813416,-1.771847128868103,-1.1236727237701416,0.3997359722852707
2288.0,-0.4197783749550581,-0.6279818769544363,1.6291697062551975,-1.7547755911946297,-1.1189145892858505,0.39307695534080267
2289.0,-0.4206674061715603,-0.6267723850905895,1.6248970702290535,-1.7377040535211563,-1.1141564548015594,0.38641793839633465
2290.0,-0.4215564373880625,-0.6255628932267427,1.6206244342029095,-1.720632515847683,-1.1093983203172684,0.3797589214518666
2291.0,-0.42244546860456467,-0.624353401362896,1.6163517981767654,-1.7035609781742096,-1.1046401858329773,0.3730999045073986
2292.0,-0.42333449982106686,-0.6231439094990492,1.6120791621506214,-1.6864894405007362,-1.0998820513486862,0.3664408875629306
2293.0,-0.42422353103756905,-0.6219344176352024,1.6078065261244774,-1.6694179028272629,-1.0951239168643951,0.35978187061846256
2294.0,-0.42511256225407124,-0.6207249257713556,1.6035338900983334,-1.6523463651537895,-1.090365782380104,0.35312285367399454
2295.0,-0.4260015934705734,-0.6195154339075089,1.5992612540721893,-1.6352748274803162,-1.085607647895813,0.3464638367295265
2296.0,-0.4268906246870756,-0.6183059420436621,1.5949886180460453,-1.6182032898068428,-1.080849513411522,0.3398048197850585
2297.0,-0.4277796559035778,-0.6170964501798153,1.5907159820199013,-1.6011317521333694,-1.0760913789272308,0.3331458028405905
2298.0,-0.42866868712008,-0.6158869583159685,1.5864433459937572,-1.584060214459896,-1.0713332444429398,0.32648678589612246
2299.0,-0.4295577183365822,-0.6146774664521217,1.5821707099676132,-1.5669886767864227,-1.0665751099586487,0.31982776895165443
2300.0,-0.4304467495530844,-0.613467974588275,1.5778980739414692,-1.5499171391129494,-1.0618169754743576,0.3131687520071864
2301.0,-0.43133578076958656,-0.6122584827244282,1.5736254379153252,-1.532845601439476,-1.0570588409900665,0.3065097350627184
2302.0,-0.43222481198608875,-0.6110489908605814,1.5693528018891811,-1.5157740637660027,-1.0523007065057755,0.29985071811825037
2303.0,-0.43311384320259094,-0.6098394989967346,1.565080165863037,-1.4987025260925293,-1.0475425720214844,0.29319170117378235
2304.0,-0.43311384320259094,-0.6098394989967346,1.565080165863037,-1.4987025260925293,-1.0475425720214844,0.29319170117378235
2305.0,-0.4257507771253586,-0.6074996888637543,1.5535273849964142,-1.4860588908195496,-1.0614499151706696,0.28441083431243896
2306.0,-0.4183877110481262,-0.6051598787307739,1.5419746041297913,-1.4734152555465698,-1.0753572583198547,0.2756299674510956
2307.0,-0.41102464497089386,-0.6028200685977936,1.5304218232631683,-1.46077162027359,-1.08926460146904,0.2668491005897522
2308.0,-0.4036615788936615,-0.6004802584648132,1.5188690423965454,-1.4481279850006104,-1.103171944618225,0.2580682337284088
2309.0,-0.4036615788936615,-0.6004802584648132,1.5188690423965454,-1.4481279850006104,-1.103171944618225,0.2580682337284088
2310.0,-0.4046720117330551,-0.5909773111343384,1.5103614926338196,-1.443085253238678,-1.105548620223999,0.25353360176086426
2311.0,-0.40568244457244873,-0.5814743638038635,1.5018539428710938,-1.4380425214767456,-1.107925295829773,0.2489989697933197
2312.0,-0.40568244457244873,-0.5814743638038635,1.5018539428710938,-1.4380425214767456,-1.107925295829773,0.2489989697933197
2313.0,-0.4145483374595642,-0.5644914507865906,1.494012475013733,-1.4361557960510254,-1.0971510410308838,0.24792295694351196
2314.0,-0.4145483374595642,-0.5644914507865906,1.494012475013733,-1.4361557960510254,-1.0971510410308838,0.24792295694351196
2315.0,-0.41986289620399475,-0.5542259216308594,1.4894701838493347,-1.4349939227104187,-1.0931707620620728,0.24587368965148926
2316.0,-0.4251774549484253,-0.5439603924751282,1.4849278926849365,-1.433832049369812,-1.0891904830932617,0.24382442235946655
2317.0,-0.4251774549484253,-0.5439603924751282,1.4849278926849365,-1.433832049369812,-1.0891904830932617,0.24382442235946655
2318.0,-0.4293111165364583,-0.5539272824923197,1.5006389617919922,-1.446413556734721,-1.0786860783894856,0.252552608648936
2319.0,-0.4334447781244914,-0.5638941725095113,1.5163500308990479,-1.4589950640996296,-1.0681816736857097,0.26128079493840534
2320.0,-0.4375784397125244,-0.5738610625267029,1.5320611000061035,-1.4715765714645386,-1.0576772689819336,0.27000898122787476
2321.0,-0.4375784397125244,-0.5738610625267029,1.5320611000061035,-1.4715765714645386,-1.0576772689819336,0.27000898122787476
2322.0,-0.4304636359214783,-0.5681964635849,1.5178054332733155,-1.459380602836609,-1.0727827310562135,0.2610213249921799
2323.0,-0.4233488321304321,-0.5625318646430969,1.5035497665405273,-1.4471846342086792,-1.0878881931304931,0.252033668756485
2324.0,-0.416234028339386,-0.556867265701294,1.4892940998077393,-1.4349886655807496,-1.102993655204773,0.2430460125207901
2325.0,-0.4091192245483398,-0.5512026667594909,1.475038433074951,-1.4227926969528197,-1.1180991172790526,0.23405835628509522
2326.0,-0.4020044207572937,-0.545538067817688,1.460782766342163,-1.4105967283248901,-1.1332045793533325,0.22507070004940033
2327.0,-0.4020044207572937,-0.545538067817688,1.460782766342163,-1.4105967283248901,-1.1332045793533325,0.22507070004940033
2328.0,-0.39396344125270844,-0.5529983043670654,1.4600428938865662,-1.4069726467132568,-1.1468780040740967,0.2209164723753929
2329.0,-0.38592246174812317,-0.5604585409164429,1.4593030214309692,-1.4033485651016235,-1.1605514287948608,0.2167622447013855
2330.0,-0.38592246174812317,-0.5604585409164429,1.4593030214309692,-1.4033485651016235,-1.1605514287948608,0.2167622447013855
2331.0,-0.38289201259613037,-0.5716627836227417,1.4676182866096497,-1.4075416922569275,-1.162097156047821,0.219529889523983
2332.0,-0.3798615634441376,-0.5828670263290405,1.47593355178833,-1.4117348194122314,-1.1636428833007812,0.2222975343465805
2333.0,-0.3798615634441376,-0.5828670263290405,1.47593355178833,-1.4117348194122314,-1.1636428833007812,0.2222975343465805
2334.0,-0.3754921555519104,-0.5750836133956909,1.463695724805196,-1.402457555135091,-1.1761208772659302,0.21379928290843964
2335.0,-0.3711227476596832,-0.5673002004623413,1.4514578978220622,-1.393180290857951,-1.188598871231079,0.20530103147029877
2336.0,-0.36675333976745605,-0.5595167875289917,1.4392200708389282,-1.3839030265808105,-1.201076865196228,0.1968027800321579
2337.0,-0.36675333976745605,-0.5595167875289917,1.4392200708389282,-1.3839030265808105,-1.201076865196228,0.1968027800321579
2338.0,-0.3599319060643514,-0.5595853726069132,1.4332664410273235,-1.3785998821258545,-1.2158217827479045,0.18970652918020883
2339.0,-0.35311047236124676,-0.5596539576848348,1.4273128112157185,-1.3732967376708984,-1.2305667002995808,0.1826102783282598
2340.0,-0.3462890386581421,-0.5597225427627563,1.4213591814041138,-1.3679935932159424,-1.2453116178512573,0.17551402747631073
2341.0,-0.3462890386581421,-0.5597225427627563,1.4213591814041138,-1.3679935932159424,-1.2453116178512573,0.17551402747631073
2342.0,-0.3411667123436928,-0.5527959018945694,1.4100468456745148,-1.3596916496753693,-1.2585746347904205,0.16733114793896675
2343.0,-0.33604438602924347,-0.5458692610263824,1.3987345099449158,-1.3513897061347961,-1.2718376517295837,0.15914826840162277
2344.0,-0.33092205971479416,-0.5389426201581955,1.3874221742153168,-1.343087762594223,-1.285100668668747,0.1509653888642788
2345.0,-0.32579973340034485,-0.5320159792900085,1.3761098384857178,-1.33478581905365,-1.2983636856079102,0.14278250932693481
2346.0,-0.32579973340034485,-0.5320159792900085,1.3761098384857178,-1.33478581905365,-1.2983636856079102,0.14278250932693481
2347.0,-0.32093049585819244,-0.5190612971782684,1.3587512969970703,-1.3225687146186829,-1.3127390146255493,0.13312672823667526
2348.0,-0.31606125831604004,-0.5061066150665283,1.3413927555084229,-1.3103516101837158,-1.3271143436431885,0.12347094714641571
2349.0,-0.31606125831604004,-0.5061066150665283,1.3413927555084229,-1.3103516101837158,-1.3271143436431885,0.12347094714641571
2350.0,-0.31273998816808063,-0.4972147544225057,1.329189697901408,-1.3013525009155273,-1.3362406889597576,0.11744982500871022
2351.0,-0.3094187180201213,-0.4883228937784831,1.3169866402943928,-1.2923533916473389,-1.3453670342763264,0.11142870287100475
2352.0,-0.30609744787216187,-0.47943103313446045,1.304783582687378,-1.2833542823791504,-1.3544933795928955,0.10540758073329926
2353.0,-0.30609744787216187,-0.47943103313446045,1.304783582687378,-1.2833542823791504,-1.3544933795928955,0.10540758073329926
2354.0,-0.29827018082141876,-0.48469078540802,1.3058383464813232,-1.2840210795402527,-1.3698956966400146,0.0991521067917347
2355.0,-0.29044291377067566,-0.4899505376815796,1.3068931102752686,-1.284687876701355,-1.3852980136871338,0.09289663285017014
2356.0,-0.29044291377067566,-0.4899505376815796,1.3068931102752686,-1.284687876701355,-1.3852980136871338,0.09289663285017014
2357.0,-0.28717266023159027,-0.47875362634658813,1.2925320267677307,-1.274367332458496,-1.394667387008667,0.08680301904678345
2358.0,-0.2839024066925049,-0.4675567150115967,1.2781709432601929,-1.2640467882156372,-1.4040367603302002,0.08070940524339676
2359.0,-0.2839024066925049,-0.4675567150115967,1.2781709432601929,-1.2640467882156372,-1.4040367603302002,0.08070940524339676
2360.0,-0.27877767384052277,-0.48069387674331665,1.2899682521820068,-1.2724652886390686,-1.411862552165985,0.07879145070910454
2361.0,-0.27365294098854065,-0.4938310384750366,1.3017655611038208,-1.2808837890625,-1.41968834400177,0.07687349617481232
2362.0,-0.27365294098854065,-0.4938310384750366,1.3017655611038208,-1.2808837890625,-1.41968834400177,0.07687349617481232
2363.0,-0.26826633016268414,-0.48586281140645343,1.29014786084493,-1.2724889914194744,-1.432788372039795,0.06959746902187665
2364.0,-0.2628797193368276,-0.4778945843378703,1.2785301605860393,-1.2640941937764485,-1.4458884000778198,0.062321441868940994
2365.0,-0.25749310851097107,-0.4699263572692871,1.2669124603271484,-1.2556993961334229,-1.4589884281158447,0.055045414716005325
2366.0,-0.25749310851097107,-0.4699263572692871,1.2669124603271484,-1.2556993961334229,-1.4589884281158447,0.055045414716005325
2367.0,-0.2482452243566513,-0.48539304733276367,1.280537724494934,-1.2664921283721924,-1.4760382175445557,0.04818505421280861
2368.0,-0.2482452243566513,-0.48539304733276367,1.280537724494934,-1.2664921283721924,-1.4760382175445557,0.04818505421280861
2369.0,-0.25136958807706833,-0.4949854612350464,1.2923341393470764,-1.27472984790802,-1.467002034187317,0.05361106991767883
2370.0,-0.25449395179748535,-0.5045778751373291,1.3041305541992188,-1.2829675674438477,-1.4579658508300781,0.05903708562254906
2371.0,-0.25449395179748535,-0.5045778751373291,1.3041305541992188,-1.2829675674438477,-1.4579658508300781,0.05903708562254906
2372.0,-0.2572389096021652,-0.5146500766277313,1.3161477446556091,-1.2913747429847717,-1.4497085213661194,0.06438830308616161
2373.0,-0.2599838674068451,-0.5247222781181335,1.3281649351119995,-1.2997819185256958,-1.4414511919021606,0.06973952054977417
2374.0,-0.2599838674068451,-0.5247222781181335,1.3281649351119995,-1.2997819185256958,-1.4414511919021606,0.06973952054977417
2375.0,-0.25426409393548965,-0.5222007781267166,1.3231808543205261,-1.2966930270195007,-1.4545718729496002,0.06263277679681778
2376.0,-0.24854432046413422,-0.5196792781352997,1.3181967735290527,-1.2936041355133057,-1.4676925539970398,0.05552603304386139
2377.0,-0.24282454699277878,-0.5171577781438828,1.3132126927375793,-1.2905152440071106,-1.4808132350444794,0.048419289290905
2378.0,-0.23710477352142334,-0.5146362781524658,1.308228611946106,-1.2874263525009155,-1.493933916091919,0.04131254553794861
2379.0,-0.23710477352142334,-0.5146362781524658,1.308228611946106,-1.2874263525009155,-1.493933916091919,0.04131254553794861
2380.0,-0.23323477059602737,-0.5027986168861389,1.293785572052002,-1.276975154876709,-1.5045426487922668,0.03506387863308191
2381.0,-0.2293647676706314,-0.490960955619812,1.279342532157898,-1.2665239572525024,-1.5151513814926147,0.028815211728215218
2382.0,-0.2293647676706314,-0.490960955619812,1.279342532157898,-1.2665239572525024,-1.5151513814926147,0.028815211728215218
2383.0,-0.22946006059646606,-0.4816511422395706,1.268970549106598,-1.2588226795196533,-1.516603410243988,0.027623753994703293
2384.0,-0.22955535352230072,-0.4723413288593292,1.2585985660552979,-1.2511214017868042,-1.5180554389953613,0.026432296261191368
2385.0,-0.22955535352230072,-0.4723413288593292,1.2585985660552979,-1.2511214017868042,-1.5180554389953613,0.026432296261191368
2386.0,-0.2354501336812973,-0.45688578486442566,1.2433230876922607,-1.2396240234375,-1.5083643198013306,0.03037475049495697
2387.0,-0.2354501336812973,-0.45688578486442566,1.2433230876922607,-1.2396240234375,-1.5083643198013306,0.03037475049495697
2388.0,-0.2284438113371531,-0.45659339427948,1.2407158215840657,-1.238171656926473,-1.523560921351115,0.023001636688907943
2389.0,-0.22143748899300894,-0.4563010036945343,1.2381085554758708,-1.236719290415446,-1.5387575229008992,0.015628522882858913
2390.0,-0.21443116664886475,-0.4560086131095886,1.2355012893676758,-1.235266923904419,-1.5539541244506836,0.008255409076809883
2391.0,-0.21443116664886475,-0.4560086131095886,1.2355012893676758,-1.235266923904419,-1.5539541244506836,0.008255409076809883
2392.0,-0.20952744036912918,-0.46349504590034485,1.2429118156433105,-1.241394281387329,-1.563239872455597,0.003690464625833556
2393.0,-0.20462371408939362,-0.4709814786911011,1.2503223419189453,-1.2475216388702393,-1.5725256204605103,-0.000874479825142771
2394.0,-0.20462371408939362,-0.4709814786911011,1.2503223419189453,-1.2475216388702393,-1.5725256204605103,-0.000874479825142771
2395.0,-0.20634562522172928,-0.4809580147266388,1.2619117498397827,-1.2560268640518188,-1.5672329664230347,0.0018790468748193234
2396.0,-0.20806753635406494,-0.4909345507621765,1.2735011577606201,-1.2645320892333984,-1.561940312385559,0.004632573574781418
2397.0,-0.20806753635406494,-0.4909345507621765,1.2735011577606201,-1.2645320892333984,-1.561940312385559,0.004632573574781418
2398.0,-0.2098877727985382,-0.5006330907344818,1.2846192121505737,-1.2726243138313293,-1.5561245679855347,0.007849656511098146
2399.0,-0.21170800924301147,-0.5103316307067871,1.2957372665405273,-1.2807165384292603,-1.5503088235855103,0.011066739447414875
2400.0,-0.21170800924301147,-0.5103316307067871,1.2957372665405273,-1.2807165384292603,-1.5503088235855103,0.011066739447414875
2401.0,-0.204856775701046,-0.5057319328188896,1.2892601191997528,-1.276656150817871,-1.5656135380268097,0.0029156405944377184
2402.0,-0.1980055421590805,-0.5011322349309921,1.2827829718589783,-1.272595763206482,-1.5809182524681091,-0.005235458258539438
2403.0,-0.19115430861711502,-0.49653253704309464,1.2763058245182037,-1.2685353755950928,-1.5962229669094086,-0.013386557111516595
2404.0,-0.18430307507514954,-0.49193283915519714,1.2698286771774292,-1.2644749879837036,-1.611527681350708,-0.02153765596449375
2405.0,-0.18430307507514954,-0.49193283915519714,1.2698286771774292,-1.2644749879837036,-1.611527681350708,-0.02153765596449375
2406.0,-0.17779296139876047,-0.49905216693878174,1.2773890495300293,-1.27182936668396,-1.6269248723983765,-0.030430896828571953
2407.0,-0.17128284772237143,-0.5061714947223663,1.2849494218826294,-1.2791837453842163,-1.642322063446045,-0.039324137692650155
2408.0,-0.16477273404598236,-0.5132908225059509,1.2925097942352295,-1.2865381240844727,-1.6577192544937134,-0.04821737855672836
2409.0,-0.16477273404598236,-0.5132908225059509,1.2925097942352295,-1.2865381240844727,-1.6577192544937134,-0.04821737855672836
2410.0,-0.1586146503686905,-0.5112677216529846,1.2903298735618591,-1.2859812080860138,-1.672095388174057,-0.05604580231010914
2411.0,-0.15245656669139862,-0.5092446208000183,1.2881499528884888,-1.285424292087555,-1.6864715218544006,-0.06387422606348991
2412.0,-0.14629848301410675,-0.507221519947052,1.2859700322151184,-1.284867376089096,-1.7008476555347443,-0.07170264981687069
2413.0,-0.14014039933681488,-0.5051984190940857,1.283790111541748,-1.2843104600906372,-1.715223789215088,-0.07953107357025146
2414.0,-0.14014039933681488,-0.5051984190940857,1.283790111541748,-1.2843104600906372,-1.715223789215088,-0.07953107357025146
2415.0,-0.1368613988161087,-0.493683323264122,1.2719969153404236,-1.2790234088897705,-1.7165196537971497,-0.07928906753659248
2416.0,-0.13358239829540253,-0.4821682274341583,1.2602037191390991,-1.2737363576889038,-1.7178155183792114,-0.0790470615029335
2417.0,-0.13358239829540253,-0.4821682274341583,1.2602037191390991,-1.2737363576889038,-1.7178155183792114,-0.0790470615029335
2418.0,-0.13046841323375702,-0.4836544990539551,1.260414958000183,-1.2672147750854492,-1.734617829322815,-0.08686619997024536
2419.0,-0.13046841323375702,-0.4836544990539551,1.260414958000183,-1.2672147750854492,-1.734617829322815,-0.08686619997024536
2420.0,-0.13600780814886093,-0.48497438430786133,1.2579809427261353,-1.2498424649238586,-1.721678376197815,-0.07771869376301765
2421.0,-0.14154720306396484,-0.4862942695617676,1.2555469274520874,-1.232470154762268,-1.708738923072815,-0.06857118755578995
2422.0,-0.14154720306396484,-0.4862942695617676,1.2555469274520874,-1.232470154762268,-1.708738923072815,-0.06857118755578995
2423.0,-0.14167133583263916,-0.4883072024041956,1.261248924515464,-1.2498215978795832,-1.707667345350439,-0.0704024230892008
2424.0,-0.1417954686013135,-0.49032013524662366,1.2669509215788408,-1.2671730409968982,-1.7065957676280628,-0.07223365862261165
2425.0,-0.14191960136998782,-0.4923330680890517,1.2726529186422175,-1.2845244841142134,-1.7055241899056868,-0.0740648941560225
2426.0,-0.14204373413866217,-0.49434600093147973,1.2783549157055942,-1.3018759272315286,-1.7044526121833108,-0.07589612968943336
2427.0,-0.1421678669073365,-0.4963589337739078,1.284056912768971,-1.3192273703488437,-1.7033810344609348,-0.07772736522284421
2428.0,-0.14229199967601083,-0.49837186661633576,1.2897589098323474,-1.3365788134661587,-1.7023094567385586,-0.07955860075625507
2429.0,-0.14241613244468515,-0.5003847994587638,1.2954609068957241,-1.3539302565834739,-1.7012378790161826,-0.08138983628966592
2430.0,-0.1425402652133595,-0.5023977323011919,1.3011629039591008,-1.371281699700789,-1.7001663012938066,-0.08322107182307677
2431.0,-0.1426643979820338,-0.5044106651436199,1.3068649010224775,-1.3886331428181042,-1.6990947235714307,-0.08505230735648762
2432.0,-0.14278853075070816,-0.506423597986048,1.3125668980858543,-1.4059845859354192,-1.6980231458490544,-0.08688354288989847
2433.0,-0.14291266351938248,-0.508436530828476,1.318268895149231,-1.4233360290527344,-1.6969515681266785,-0.08871477842330933
2434.0,-0.1430367962880568,-0.5104494636709039,1.3239708922126077,-1.4406874721700496,-1.6958799904043025,-0.09054601395672018
2435.0,-0.14316092905673114,-0.512462396513332,1.3296728892759844,-1.4580389152873647,-1.6948084126819263,-0.09237724949013103
2436.0,-0.14328506182540546,-0.51447532935576,1.335374886339361,-1.4753903584046797,-1.6937368349595503,-0.09420848502354189
2437.0,-0.1434091945940798,-0.5164882621981881,1.3410768834027378,-1.4927418015219949,-1.6926652572371743,-0.09603972055695274
2438.0,-0.14353332736275412,-0.5185011950406161,1.3467788804661145,-1.51009324463931,-1.6915936795147983,-0.09787095609036359
2439.0,-0.14365746013142847,-0.5205141278830442,1.352480877529491,-1.527444687756625,-1.6905221017924221,-0.09970219162377444
2440.0,-0.14378159290010278,-0.5225270607254722,1.3581828745928677,-1.5447961308739402,-1.6894505240700461,-0.1015334271571853
2441.0,-0.14390572566877713,-0.5245399935679003,1.3638848716562444,-1.5621475739912554,-1.6883789463476702,-0.10336466269059615
2442.0,-0.14402985843745145,-0.5265529264103282,1.369586868719621,-1.5794990171085705,-1.6873073686252942,-0.105195898224007
2443.0,-0.1441539912061258,-0.5285658592527563,1.3752888657829978,-1.5968504602258855,-1.686235790902918,-0.10702713375741785
2444.0,-0.1442781239748001,-0.5305787920951843,1.3809908628463745,-1.6142019033432007,-1.685164213180542,-0.1088583692908287
2445.0,-0.1442781239748001,-0.5305787920951843,1.3809908628463745,-1.6142019033432007,-1.685164213180542,-0.1088583692908287
2446.0,-0.1434633880853653,-0.527060445617227,1.3738990391001982,-1.597338732551126,-1.6871391324435963,-0.10761403160936692
2447.0,-0.14264865219593048,-0.5235420991392696,1.3668072153540218,-1.5804755617590511,-1.6891140517066507,-0.10636969392790514
2448.0,-0.14183391630649567,-0.5200237526613123,1.3597153916078455,-1.5636123909669764,-1.691088970969705,-0.10512535624644335
2449.0,-0.14101918041706085,-0.5165054061833549,1.3526235678616692,-1.5467492201749016,-1.6930638902327593,-0.10388101856498157
2450.0,-0.14020444452762604,-0.5129870597053977,1.3455317441154928,-1.5298860493828268,-1.6950388094958138,-0.10263668088351979
2451.0,-0.13938970863819122,-0.5094687132274404,1.3384399203693165,-1.513022878590752,-1.697013728758868,-0.101392343202058
2452.0,-0.1385749727487564,-0.505950366749483,1.3313480966231401,-1.4961597077986772,-1.6989886480219223,-0.10014800552059622
2453.0,-0.1377602368593216,-0.5024320202715257,1.3242562728769638,-1.4792965370066025,-1.7009635672849768,-0.09890366783913444
2454.0,-0.13694550096988678,-0.4989136737935683,1.3171644491307877,-1.462433366214528,-1.702938486548031,-0.09765933015767266
2455.0,-0.13613076508045197,-0.495395327315611,1.3100726253846113,-1.4455701954224531,-1.7049134058110855,-0.09641499247621088
2456.0,-0.13531602919101715,-0.49187698083765363,1.302980801638435,-1.4287070246303784,-1.7068883250741398,-0.0951706547947491
2457.0,-0.13450129330158234,-0.48835863435969634,1.2958889778922587,-1.4118438538383036,-1.708863244337194,-0.0939263171132873
2458.0,-0.13368655741214752,-0.484840287881739,1.2887971541460823,-1.3949806830462288,-1.7108381636002485,-0.09268197943182553
2459.0,-0.1328718215227127,-0.48132194140378165,1.281705330399906,-1.378117512254154,-1.7128130828633028,-0.09143764175036374
2460.0,-0.1320570856332779,-0.47780359492582436,1.2746135066537296,-1.3612543414620792,-1.714788002126357,-0.09019330406890196
2461.0,-0.13124234974384308,-0.474285248447867,1.2675216829075533,-1.3443911706700045,-1.7167629213894116,-0.08894896638744018
2462.0,-0.13042761385440826,-0.47076690196990967,1.260429859161377,-1.3275279998779297,-1.7187378406524658,-0.0877046287059784
2463.0,-0.13042761385440826,-0.47076690196990967,1.260429859161377,-1.3275279998779297,-1.7187378406524658,-0.0877046287059784
2464.0,-0.12561332682768503,-0.47132829825083417,1.2639753421147664,-1.34030814965566,-1.725364128748576,-0.0938091625769933
2465.0,-0.12079903980096181,-0.4718896945317586,1.267520825068156,-1.3530882994333904,-1.7319904168446858,-0.09991369644800822
2466.0,-0.11598475277423859,-0.4724510908126831,1.2710663080215454,-1.3658684492111206,-1.738616704940796,-0.10601823031902313
2467.0,-0.11598475277423859,-0.4724510908126831,1.2710663080215454,-1.3658684492111206,-1.738616704940796,-0.10601823031902313
2468.0,-0.11413083039224148,-0.4693508446216583,1.265020564198494,-1.350199356675148,-1.7461618483066559,-0.1069074971601367
2469.0,-0.11227690801024437,-0.46625059843063354,1.2589748203754425,-1.3345302641391754,-1.7537069916725159,-0.10779676400125027
2470.0,-0.11042298562824726,-0.46315035223960876,1.252929076552391,-1.3188611716032028,-1.7612521350383759,-0.10868603084236383
2471.0,-0.10856906324625015,-0.460050106048584,1.2468833327293396,-1.3031920790672302,-1.7687972784042358,-0.1095752976834774
2472.0,-0.10671514086425304,-0.4569498598575592,1.2408375889062881,-1.2875229865312576,-1.7763424217700958,-0.11046456452459097
2473.0,-0.10486121848225594,-0.4538496136665344,1.2347918450832367,-1.271853893995285,-1.7838875651359558,-0.11135383136570454
2474.0,-0.10300729610025883,-0.45074936747550964,1.2287461012601852,-1.2561848014593124,-1.7914327085018158,-0.1122430982068181
2475.0,-0.10115337371826172,-0.44764912128448486,1.2227003574371338,-1.2405157089233398,-1.7989778518676758,-0.11313236504793167
2476.0,-0.10115337371826172,-0.44764912128448486,1.2227003574371338,-1.2405157089233398,-1.7989778518676758,-0.11313236504793167
2477.0,-0.0960015207529068,-0.4573511779308319,1.2355994582176208,-1.2517338991165161,-1.8105648159980774,-0.12118476256728172
2478.0,-0.09084966778755188,-0.46705323457717896,1.248498558998108,-1.2629520893096924,-1.822151780128479,-0.12923716008663177
2479.0,-0.09084966778755188,-0.46705323457717896,1.248498558998108,-1.2629520893096924,-1.822151780128479,-0.12923716008663177
2480.0,-0.08947831640640895,-0.4775960346062978,1.2610808213551838,-1.2733810345331829,-1.8278793096542358,-0.13489262759685516
2481.0,-0.088106965025266,-0.4881388346354167,1.27366308371226,-1.283809979756673,-1.8336068391799927,-0.14054809510707855
2482.0,-0.08673561364412308,-0.4986816346645355,1.286245346069336,-1.2942389249801636,-1.8393343687057495,-0.14620356261730194
2483.0,-0.08673561364412308,-0.4986816346645355,1.286245346069336,-1.2942389249801636,-1.8393343687057495,-0.14620356261730194
2484.0,-0.08010860159993172,-0.4887404292821884,1.2768642902374268,-1.2877512574195862,-1.8515517711639404,-0.14999020844697952
2485.0,-0.07348158955574036,-0.4787992238998413,1.2674832344055176,-1.2812635898590088,-1.8637691736221313,-0.1537768542766571
2486.0,-0.07348158955574036,-0.4787992238998413,1.2674832344055176,-1.2812635898590088,-1.8637691736221313,-0.1537768542766571
2487.0,-0.07435411587357521,-0.4689806401729584,1.2556986808776855,-1.2715543508529663,-1.858549416065216,-0.14845184236764908
2488.0,-0.07522664219141006,-0.45916205644607544,1.2439141273498535,-1.2618451118469238,-1.8533296585083008,-0.14312683045864105
2489.0,-0.07522664219141006,-0.45916205644607544,1.2439141273498535,-1.2618451118469238,-1.8533296585083008,-0.14312683045864105
2490.0,-0.06935006628433864,-0.46307458480199176,1.250971794128418,-1.2689201434453328,-1.8679461081822712,-0.15172753234704336
2491.0,-0.0634734903772672,-0.46698711315790814,1.2580294609069824,-1.275995175043742,-1.882562557856242,-0.16032823423544565
2492.0,-0.05759691447019577,-0.47089964151382446,1.2650871276855469,-1.2830702066421509,-1.8971790075302124,-0.16892893612384796
2493.0,-0.05759691447019577,-0.47089964151382446,1.2650871276855469,-1.2830702066421509,-1.8971790075302124,-0.16892893612384796
2494.0,-0.057658443227410316,-0.48238416016101837,1.2785040736198425,-1.2941287755966187,-1.9006561040878296,-0.17437871545553207
2495.0,-0.05771997198462486,-0.4938686788082123,1.2919210195541382,-1.3051873445510864,-1.9041332006454468,-0.1798284947872162
2496.0,-0.05771997198462486,-0.4938686788082123,1.2919210195541382,-1.3051873445510864,-1.9041332006454468,-0.1798284947872162
2497.0,-0.0512039748330911,-0.4932487905025482,1.294381817181905,-1.3086591164271038,-1.9192512432734172,-0.18759770194689432
2498.0,-0.04468797768155734,-0.49262890219688416,1.2968426148096721,-1.3121308883031209,-1.9343692859013875,-0.19536690910657248
2499.0,-0.038171980530023575,-0.4920090138912201,1.299303412437439,-1.3156026601791382,-1.949487328529358,-0.2031361162662506
2500.0,-0.038171980530023575,-0.4920090138912201,1.299303412437439,-1.3156026601791382,-1.949487328529358,-0.2031361162662506
2501.0,-0.03421768359839916,-0.502965435385704,1.3143848776817322,-1.3292970061302185,-1.9627053141593933,-0.21440324932336807
2502.0,-0.03026338666677475,-0.513921856880188,1.3294663429260254,-1.3429913520812988,-1.9759232997894287,-0.22567038238048553
2503.0,-0.03026338666677475,-0.513921856880188,1.3294663429260254,-1.3429913520812988,-1.9759232997894287,-0.22567038238048553
2504.0,-0.03113025613129139,-0.5224451422691345,1.3386723399162292,-1.3504220843315125,-1.977272629737854,-0.22978046536445618
2505.0,-0.03199712559580803,-0.530968427658081,1.347878336906433,-1.357852816581726,-1.9786219596862793,-0.23389054834842682
2506.0,-0.03199712559580803,-0.530968427658081,1.347878336906433,-1.357852816581726,-1.9786219596862793,-0.23389054834842682
2507.0,-0.025272521190345287,-0.5301681955655416,1.351502815882365,-1.3629759947458904,-1.9943873882293701,-0.24237253268559775
2508.0,-0.018547916784882545,-0.5293679634730021,1.3551272948582966,-1.3680991729100545,-2.010152816772461,-0.2508545170227687
2509.0,-0.011823312379419804,-0.5285677313804626,1.3587517738342285,-1.3732223510742188,-2.0259182453155518,-0.2593365013599396
2510.0,-0.011823312379419804,-0.5285677313804626,1.3587517738342285,-1.3732223510742188,-2.0259182453155518,-0.2593365013599396
2511.0,-0.011492603458464146,-0.5181818902492523,1.3469926118850708,-1.3635039329528809,-2.022138476371765,-0.25283893197774887
2512.0,-0.011161894537508488,-0.507796049118042,1.335233449935913,-1.353785514831543,-2.0183587074279785,-0.24634136259555817
2513.0,-0.011161894537508488,-0.507796049118042,1.335233449935913,-1.353785514831543,-2.0183587074279785,-0.24634136259555817
2514.0,-0.004659316502511501,-0.5101526180903116,1.3430076837539673,-1.362630804379781,-2.034827788670858,-0.2563444972038269
2515.0,0.001843261532485485,-0.5125091870625814,1.3507819175720215,-1.3714760939280193,-2.051296869913737,-0.26634763181209564
2516.0,0.008345839567482471,-0.5148657560348511,1.3585561513900757,-1.3803213834762573,-2.067765951156616,-0.2763507664203644
2517.0,0.008345839567482471,-0.5148657560348511,1.3585561513900757,-1.3803213834762573,-2.067765951156616,-0.2763507664203644
2518.0,0.00889214500784874,-0.5267263352870941,1.3729204535484314,-1.392930030822754,-2.0745248794555664,-0.28582045435905457
2519.0,0.009438450448215008,-0.5385869145393372,1.387284755706787,-1.4055386781692505,-2.0812838077545166,-0.29529014229774475
2520.0,0.009438450448215008,-0.5385869145393372,1.387284755706787,-1.4055386781692505,-2.0812838077545166,-0.29529014229774475
2521.0,8.545170567231253e-05,-0.5525069236755371,1.3953742980957031,-1.4095396995544434,-2.065103054046631,-0.29316845536231995
2522.0,8.545170567231253e-05,-0.5525069236755371,1.3953742980957031,-1.4095396995544434,-2.065103054046631,-0.29316845536231995
2523.0,0.006199698245836771,-0.5555457472801208,1.4042380452156067,-1.4195460677146912,-2.081897735595703,-0.3043639063835144
2524.0,0.01231394478600123,-0.5585845708847046,1.4131017923355103,-1.429552435874939,-2.0986924171447754,-0.31555935740470886
2525.0,0.018428191326165688,-0.5616233944892883,1.4219655394554138,-1.4395588040351868,-2.1154870986938477,-0.3267548084259033
2526.0,0.024542437866330147,-0.5646622180938721,1.4308292865753174,-1.4495651721954346,-2.13228178024292,-0.3379502594470978
2527.0,0.024542437866330147,-0.5646622180938721,1.4308292865753174,-1.4495651721954346,-2.13228178024292,-0.3379502594470978
2528.0,0.03012306336313486,-0.5548755526542664,1.4251721501350403,-1.4474509358406067,-2.140823483467102,-0.33784744143486023
2529.0,0.035703688859939575,-0.5450888872146606,1.4195150136947632,-1.4453366994857788,-2.149365186691284,-0.3377446234226227
2530.0,0.035703688859939575,-0.5450888872146606,1.4195150136947632,-1.4453366994857788,-2.149365186691284,-0.3377446234226227
2531.0,0.03865056857466698,-0.5547157227993011,1.4341529607772827,-1.4602928757667542,-2.1621209383010864,-0.35086964070796967
2532.0,0.04159744828939438,-0.5643425583839417,1.4487909078598022,-1.4752490520477295,-2.1748766899108887,-0.36399465799331665
2533.0,0.04159744828939438,-0.5643425583839417,1.4487909078598022,-1.4752490520477295,-2.1748766899108887,-0.36399465799331665
2534.0,0.04720369912683964,-0.5545025169849396,1.4434913992881775,-1.4737032651901245,-2.1832813024520874,-0.36357542872428894
2535.0,0.0528099499642849,-0.5446624755859375,1.4381918907165527,-1.4721574783325195,-2.191685914993286,-0.36315619945526123
2536.0,0.0528099499642849,-0.5446624755859375,1.4381918907165527,-1.4721574783325195,-2.191685914993286,-0.36315619945526123
2537.0,0.05710463039577007,-0.554162323474884,1.4544362425804138,-1.4894683361053467,-2.2085806131362915,-0.3788430690765381
2538.0,0.06139931082725525,-0.5636621713638306,1.470680594444275,-1.5067791938781738,-2.225475311279297,-0.39452993869781494
2539.0,0.06139931082725525,-0.5636621713638306,1.470680594444275,-1.5067791938781738,-2.225475311279297,-0.39452993869781494
2540.0,0.06411068513989449,-0.5506497919559479,1.4583041667938232,-1.4969607591629028,-2.2245869636535645,-0.3862302452325821
2541.0,0.06682205945253372,-0.5376374125480652,1.4459277391433716,-1.4871423244476318,-2.223698616027832,-0.37793055176734924
2542.0,0.06682205945253372,-0.5376374125480652,1.4459277391433716,-1.4871423244476318,-2.223698616027832,-0.37793055176734924
2543.0,0.06777762249112129,-0.5488592088222504,1.4610798358917236,-1.5026591420173645,-2.23304283618927,-0.3911498263478279
2544.0,0.06873318552970886,-0.5600810050964355,1.4762319326400757,-1.5181759595870972,-2.242387056350708,-0.4043691009283066
2545.0,0.06968874856829643,-0.5713028013706207,1.4913840293884277,-1.5336927771568298,-2.251731276512146,-0.41758837550878525
2546.0,0.070644311606884,-0.5825245976448059,1.5065361261367798,-1.5492095947265625,-2.261075496673584,-0.4308076500892639
2547.0,0.070644311606884,-0.5825245976448059,1.5065361261367798,-1.5492095947265625,-2.261075496673584,-0.4308076500892639
2548.0,0.07336028416951497,-0.5891780853271484,1.5184844732284546,-1.5634562174479167,-2.273148695627848,-0.4436492125193278
2549.0,0.07607625673214595,-0.595831573009491,1.5304328203201294,-1.5777028401692708,-2.285221894582113,-0.45649077494939166
2550.0,0.07879222929477692,-0.6024850606918335,1.5423811674118042,-1.591949462890625,-2.297295093536377,-0.46933233737945557
2551.0,0.07879222929477692,-0.6024850606918335,1.5423811674118042,-1.591949462890625,-2.297295093536377,-0.46933233737945557
2552.0,0.08252543210983276,-0.6070042252540588,1.5543439090251923,-1.6093870997428894,-2.309155523777008,-0.4832576513290405
2553.0,0.08625863492488861,-0.6115233898162842,1.5663066506385803,-1.6268247365951538,-2.321015954017639,-0.4971829652786255
2554.0,0.08999183773994446,-0.6160425543785095,1.5782693922519684,-1.6442623734474182,-2.3328763842582703,-0.5111082792282104
2555.0,0.0937250405550003,-0.6205617189407349,1.5902321338653564,-1.6617000102996826,-2.3447368144989014,-0.5250335931777954
2556.0,0.0937250405550003,-0.6205617189407349,1.5902321338653564,-1.6617000102996826,-2.3447368144989014,-0.5250335931777954
2557.0,0.10332463681697845,-0.6074370741844177,1.5898154973983765,-1.668318510055542,-2.356971502304077,-0.5250149965286255
2558.0,0.10332463681697845,-0.6074370741844177,1.5898154973983765,-1.668318510055542,-2.356971502304077,-0.5250149965286255
2559.0,0.11281735450029373,-0.5945093035697937,1.5892794132232666,-1.67476224899292,-2.3692331314086914,-0.5249904990196228
2560.0,0.11281735450029373,-0.5945093035697937,1.5892794132232666,-1.67476224899292,-2.3692331314086914,-0.5249904990196228
2561.0,0.11289640019337337,-0.5873022874196371,1.5795313517252605,-1.6617950598398845,-2.3648030757904053,-0.5139980812867483
2562.0,0.11297544588645299,-0.5800952712694804,1.5697832902272542,-1.6488278706868489,-2.360373020172119,-0.5030056635538737
2563.0,0.11305449157953262,-0.5728882551193237,1.560035228729248,-1.6358606815338135,-2.355942964553833,-0.49201324582099915
2564.0,0.11305449157953262,-0.5728882551193237,1.560035228729248,-1.6358606815338135,-2.355942964553833,-0.49201324582099915
2565.0,0.10756518319249153,-0.574539989233017,1.5528664588928223,-1.6234793066978455,-2.345398783683777,-0.4845178574323654
2566.0,0.10207587480545044,-0.5761917233467102,1.5456976890563965,-1.6110979318618774,-2.3348546028137207,-0.4770224690437317
2567.0,0.10207587480545044,-0.5761917233467102,1.5456976890563965,-1.6110979318618774,-2.3348546028137207,-0.4770224690437317
2568.0,0.10201101377606392,-0.5682374835014343,1.5353441834449768,-1.6008149981498718,-2.330233573913574,-0.468406617641449
2569.0,0.1019461527466774,-0.5602832436561584,1.5249906778335571,-1.5905320644378662,-2.3256125450134277,-0.45979076623916626
2570.0,0.1019461527466774,-0.5602832436561584,1.5249906778335571,-1.5905320644378662,-2.3256125450134277,-0.45979076623916626
2571.0,0.10522887110710144,-0.5435585379600525,1.5085657835006714,-1.576353669166565,-2.3227896690368652,-0.4465433359146118
2572.0,0.10522887110710144,-0.5435585379600525,1.5085657835006714,-1.576353669166565,-2.3227896690368652,-0.4465433359146118
2573.0,0.10356661079056335,-0.546046231732224,1.513518253962199,-1.5933921192631577,-2.3149386752735484,-0.4554214748469266
2574.0,0.10190435047402527,-0.5485339255043955,1.5184707244237263,-1.6104305693597505,-2.307087681510232,-0.4642996137792414
2575.0,0.10024209015748718,-0.5510216192765669,1.523423194885254,-1.6274690194563433,-2.299236687746915,-0.47317775271155615
2576.0,0.09857982984094908,-0.5535093130487384,1.5283756653467815,-1.644507469552936,-2.291385693983598,-0.48205589164387097
2577.0,0.096917569524411,-0.5559970068209099,1.5333281358083088,-1.6615459196495288,-2.2835347002202813,-0.49093403057618573
2578.0,0.09525530920787291,-0.5584847005930814,1.5382806062698364,-1.6785843697461216,-2.275683706456965,-0.49981216950850055
2579.0,0.09359304889133482,-0.5609723943652529,1.543233076731364,-1.6956228198427143,-2.267832712693648,-0.5086903084408153
2580.0,0.09193078857479674,-0.5634600881374243,1.5481855471928914,-1.7126612699393071,-2.259981718930331,-0.5175684473731301
2581.0,0.09026852825825865,-0.5659477819095958,1.553138017654419,-1.7296997200358997,-2.252130725167014,-0.5264465863054448
2582.0,0.08860626794172055,-0.5684354756817673,1.5580904881159465,-1.7467381701324924,-2.2442797314036977,-0.5353247252377596
2583.0,0.08694400762518247,-0.5709231694539388,1.5630429585774739,-1.7637766202290852,-2.236428737640381,-0.5442028641700745
2584.0,0.08528174730864438,-0.5734108632261102,1.5679954290390015,-1.780815070325678,-2.228577743877064,-0.5530810031023893
2585.0,0.08361948699210629,-0.5758985569982817,1.572947899500529,-1.7978535204222708,-2.2207267501137475,-0.561959142034704
2586.0,0.0819572266755682,-0.5783862507704532,1.5779003699620564,-1.8148919705188635,-2.2128757563504307,-0.5708372809670188
2587.0,0.0802949663590301,-0.5808739445426248,1.582852840423584,-1.8319304206154563,-2.2050247625871138,-0.5797154198993336
2588.0,0.07863270604249203,-0.5833616383147963,1.5878053108851116,-1.848968870712049,-2.197173768823797,-0.5885935588316484
2589.0,0.07697044572595393,-0.5858493320869677,1.592757781346639,-1.8660073208086418,-2.1893227750604805,-0.5974716977639631
2590.0,0.07530818540941586,-0.5883370258591392,1.5977102518081665,-1.8830457709052346,-2.1814717812971636,-0.606349836696278
2591.0,0.07364592509287776,-0.5908247196313107,1.602662722269694,-1.9000842210018274,-2.1736207875338467,-0.6152279756285928
2592.0,0.07198366477633968,-0.5933124134034822,1.6076151927312214,-1.9171226710984202,-2.16576979377053,-0.6241061145609075
2593.0,0.07032140445980159,-0.5958001071756537,1.612567663192749,-1.934161121195013,-2.1579188000072134,-0.6329842534932223
2594.0,0.06865914414326349,-0.5982878009478251,1.6175201336542766,-1.9511995712916057,-2.1500678062438965,-0.6418623924255371
2595.0,0.06699688382672542,-0.6007754947199966,1.622472604115804,-1.9682380213881985,-2.1422168124805796,-0.6507405313578519
2596.0,0.06533462351018732,-0.6032631884921681,1.6274250745773315,-1.985276471484791,-2.134365818717263,-0.6596186702901667
2597.0,0.06367236319364923,-0.6057508822643396,1.6323775450388591,-2.002314921581384,-2.1265148249539463,-0.6684968092224814
2598.0,0.062010102877111145,-0.608238576036511,1.6373300155003865,-2.0193533716779766,-2.1186638311906294,-0.6773749481547963
2599.0,0.06034784256057305,-0.6107262698086825,1.642282485961914,-2.0363918217745693,-2.1108128374273125,-0.6862530870871111
2600.0,0.058685582244034966,-0.613213963580854,1.6472349564234416,-2.053430271871162,-2.102961843663996,-0.6951312260194258
2601.0,0.05702332192749688,-0.6157016573530255,1.652187426884969,-2.070468721967755,-2.095110849900679,-0.7040093649517406
2602.0,0.05536106161095879,-0.618189351125197,1.6571398973464966,-2.0875071720643477,-2.0872598561373623,-0.7128875038840554
2603.0,0.0536988012944207,-0.6206770448973684,1.6620923678080242,-2.1045456221609404,-2.0794088623740454,-0.7217656428163701
2604.0,0.052036540977882614,-0.6231647386695399,1.6670448382695515,-2.121584072257533,-2.071557868610729,-0.730643781748685
2605.0,0.05037428066134453,-0.6256524324417114,1.671997308731079,-2.138622522354126,-2.063706874847412,-0.7395219206809998
2606.0,0.05037428066134453,-0.6256524324417114,1.671997308731079,-2.138622522354126,-2.063706874847412,-0.7395219206809998
2607.0,0.050417385581466884,-0.6277384161949158,1.6788707441753812,-2.1551479233635797,-2.0592115190294056,-0.7507825758722093
2608.0,0.050460490501589246,-0.6298243999481201,1.6857441796196833,-2.1716733243730335,-2.0547161632113986,-0.7620432310634189
2609.0,0.0505035954217116,-0.6319103837013245,1.6926176150639851,-2.188198725382487,-2.050220807393392,-0.7733038862546285
2610.0,0.050546700341833964,-0.6339963674545288,1.6994910505082872,-2.2047241263919406,-2.045725451575385,-0.7845645414458381
2611.0,0.05058980526195632,-0.6360823512077332,1.7063644859525893,-2.2212495274013944,-2.0412300957573786,-0.7958251966370476
2612.0,0.05063291018207868,-0.6381683349609375,1.7132379213968914,-2.237774928410848,-2.0367347399393716,-0.8070858518282572
2613.0,0.05067601510220104,-0.6402543187141418,1.7201113568411932,-2.2543003294203015,-2.032239384121365,-0.8183465070194669
2614.0,0.0507191200223234,-0.6423403024673462,1.7269847922854953,-2.270825730429755,-2.027744028303358,-0.8296071622106764
2615.0,0.050762224942445755,-0.6444262862205505,1.7338582277297974,-2.287351131439209,-2.0232486724853516,-0.840867817401886
2616.0,0.050762224942445755,-0.6444262862205505,1.7338582277297974,-2.287351131439209,-2.0232486724853516,-0.840867817401886
2617.0,0.053244256600737574,-0.6437430262565613,1.7312956889470419,-2.270401938756307,-2.0385501782099404,-0.8338627020517985
2618.0,0.05572628825902939,-0.643059766292572,1.7287331501642862,-2.253452746073405,-2.0538516839345298,-0.8268575867017111
2619.0,0.058208319917321207,-0.6423765063285828,1.7261706113815307,-2.236503553390503,-2.0691531896591187,-0.8198524713516235
2620.0,0.06069035157561302,-0.6416932463645935,1.7236080725987752,-2.2195543607076007,-2.0844546953837075,-0.812847356001536
2621.0,0.06317238323390484,-0.6410099864006042,1.7210455338160198,-2.2026051680246987,-2.099756201108297,-0.8058422406514486
2622.0,0.06565441489219666,-0.640326726436615,1.718482995033264,-2.185655975341797,-2.1150577068328857,-0.7988371253013611
2623.0,0.06813644655048848,-0.6396434664726257,1.7159204562505086,-2.168706782658895,-2.1303592125574746,-0.7918320099512736
2624.0,0.07061847820878028,-0.6389602065086365,1.7133579174677531,-2.151757589975993,-2.145660718282064,-0.7848268946011862
2625.0,0.0731005098670721,-0.6382769465446472,1.7107953786849976,-2.134808397293091,-2.160962224006653,-0.7778217792510986
2626.0,0.07558254152536392,-0.637593686580658,1.708232839902242,-2.117859204610189,-2.1762637297312417,-0.7708166639010111
2627.0,0.07806457318365574,-0.6369104266166687,1.7056703011194865,-2.100910011927287,-2.191565235455831,-0.7638115485509237
2628.0,0.08054660484194756,-0.6362271666526794,1.703107762336731,-2.0839608192443846,-2.20686674118042,-0.7568064332008362
2629.0,0.08302863650023937,-0.6355439066886902,1.7005452235539755,-2.0670116265614826,-2.222168246905009,-0.7498013178507487
2630.0,0.08551066815853119,-0.6348606467247009,1.6979826847712198,-2.0500624338785807,-2.237469752629598,-0.7427962025006613
2631.0,0.087992699816823,-0.6341773867607117,1.6954201459884644,-2.0331132411956787,-2.252771258354187,-0.7357910871505737
2632.0,0.09047473147511483,-0.6334941267967225,1.6928576072057089,-2.0161640485127768,-2.268072764078776,-0.7287859718004862
2633.0,0.09295676313340664,-0.6328108668327331,1.6902950684229532,-1.9992148558298748,-2.283374269803365,-0.7217808564503988
2634.0,0.09543879479169845,-0.6321276068687439,1.6877325296401977,-1.9822656631469726,-2.298675775527954,-0.7147757411003113
2635.0,0.09792082644999027,-0.6314443469047546,1.6851699908574422,-1.9653164704640707,-2.313977281252543,-0.7077706257502239
2636.0,0.10040285810828209,-0.6307610869407654,1.6826074520746868,-1.9483672777811687,-2.3292787869771323,-0.7007655104001363
2637.0,0.1028848897665739,-0.6300778269767762,1.680044913291931,-1.9314180850982665,-2.344580292701721,-0.6937603950500488
2638.0,0.10536692142486573,-0.6293945670127868,1.6774823745091756,-1.9144688924153646,-2.35988179842631,-0.6867552796999614
2639.0,0.10784895308315753,-0.6287113070487976,1.6749198357264201,-1.8975196997324626,-2.3751833041508994,-0.6797501643498739
2640.0,0.11033098474144937,-0.6280280470848083,1.6723572969436646,-1.8805705070495606,-2.3904848098754883,-0.6727450489997864
2641.0,0.11281301639974117,-0.6273447871208191,1.669794758160909,-1.8636213143666585,-2.405786315600077,-0.6657399336496989
2642.0,0.11529504805803299,-0.6266615271568299,1.6672322193781535,-1.8466721216837565,-2.4210878213246665,-0.6587348182996113
2643.0,0.11777707971632481,-0.6259782671928406,1.664669680595398,-1.8297229290008545,-2.4363893270492554,-0.6517297029495239
2644.0,0.12025911137461662,-0.6252950072288513,1.6621071418126423,-1.8127737363179524,-2.4516908327738443,-0.6447245875994364
2645.0,0.12274114303290844,-0.624611747264862,1.6595446030298868,-1.7958245436350504,-2.4669923384984336,-0.637719472249349
2646.0,0.12522317469120026,-0.6239284873008728,1.6569820642471313,-1.7788753509521484,-2.4822938442230225,-0.6307143568992615
2647.0,0.12522317469120026,-0.6239284873008728,1.6569820642471313,-1.7788753509521484,-2.4822938442230225,-0.6307143568992615
2648.0,0.12758105993270874,-0.6184384524822235,1.657483696937561,-1.794322907924652,-2.4789525270462036,-0.6385339796543121
2649.0,0.12993894517421722,-0.6129484176635742,1.6579853296279907,-1.8097704648971558,-2.4756112098693848,-0.6463536024093628
2650.0,0.12993894517421722,-0.6129484176635742,1.6579853296279907,-1.8097704648971558,-2.4756112098693848,-0.6463536024093628
2651.0,0.12962479889392853,-0.6078078746795654,1.653200626373291,-1.8170111775398254,-2.4658138751983643,-0.6492047011852264
2652.0,0.12931065261363983,-0.6026673316955566,1.6484159231185913,-1.8242518901824951,-2.4560165405273438,-0.6520557999610901
2653.0,0.12931065261363983,-0.6026673316955566,1.6484159231185913,-1.8242518901824951,-2.4560165405273438,-0.6520557999610901
2654.0,0.13446414967377981,-0.6010204950968424,1.6576942205429077,-1.8408815463383992,-2.467306613922119,-0.6619352698326111
2655.0,0.13961764673391977,-0.5993736584981283,1.6669725179672241,-1.8575112024943035,-2.4785966873168945,-0.6718147397041321
2656.0,0.14477114379405975,-0.5977268218994141,1.6762508153915405,-1.8741408586502075,-2.48988676071167,-0.6816942095756531
2657.0,0.14477114379405975,-0.5977268218994141,1.6762508153915405,-1.8741408586502075,-2.48988676071167,-0.6816942095756531
2658.0,0.14533822983503342,-0.5901329815387726,1.6711217761039734,-1.8871604800224304,-2.4783599376678467,-0.687639981508255
2659.0,0.14590531587600708,-0.5825391411781311,1.6659927368164062,-1.9001801013946533,-2.4668331146240234,-0.6935857534408569
2660.0,0.14590531587600708,-0.5825391411781311,1.6659927368164062,-1.9001801013946533,-2.4668331146240234,-0.6935857534408569
2661.0,0.14853403717279434,-0.5854512602090836,1.6763256192207336,-1.9146640300750732,-2.4780158400535583,-0.7048390954732895
2662.0,0.1511627584695816,-0.588363379240036,1.686658501625061,-1.9291479587554932,-2.4891985654830933,-0.716092437505722
2663.0,0.15379147976636887,-0.5912754982709885,1.6969913840293884,-1.943631887435913,-2.500381290912628,-0.7273457795381546
2664.0,0.15642020106315613,-0.5941876173019409,1.7073242664337158,-1.958115816116333,-2.511564016342163,-0.7385991215705872
2665.0,0.15642020106315613,-0.5941876173019409,1.7073242664337158,-1.958115816116333,-2.511564016342163,-0.7385991215705872
2666.0,0.15671684592962265,-0.5988996028900146,1.7162117660045624,-1.9716459512710571,-2.517902433872223,-0.7503048777580261
2667.0,0.15701349079608917,-0.6036115884780884,1.725099265575409,-1.9851760864257812,-2.5242408514022827,-0.7620106339454651
2668.0,0.1573101356625557,-0.6083235740661621,1.7339867651462555,-1.9987062215805054,-2.5305792689323425,-0.773716390132904
2669.0,0.15760678052902222,-0.6130355596542358,1.742874264717102,-2.0122363567352295,-2.5369176864624023,-0.785422146320343
2670.0,0.15760678052902222,-0.6130355596542358,1.742874264717102,-2.0122363567352295,-2.5369176864624023,-0.785422146320343
2671.0,0.15555140376091003,-0.6254957914352417,1.7554659843444824,-2.020272731781006,-2.552257537841797,-0.7987030744552612
2672.0,0.15555140376091003,-0.6254957914352417,1.7554659843444824,-2.020272731781006,-2.552257537841797,-0.7987030744552612
2673.0,0.15429792553186417,-0.6343553960323334,1.7631662487983704,-2.01911997795105,-2.556484818458557,-0.8001095652580261
2674.0,0.1530444473028183,-0.643215000629425,1.7708665132522583,-2.0179672241210938,-2.5607120990753174,-0.801516056060791
2675.0,0.1530444473028183,-0.643215000629425,1.7708665132522583,-2.0179672241210938,-2.5607120990753174,-0.801516056060791
2676.0,0.1485803872346878,-0.6545096933841705,1.7754567861557007,-2.017675518989563,-2.5567976236343384,-0.8067905902862549
2677.0,0.1441163271665573,-0.665804386138916,1.780047059059143,-2.0173838138580322,-2.5528831481933594,-0.8120651245117188
2678.0,0.1441163271665573,-0.665804386138916,1.780047059059143,-2.0173838138580322,-2.5528831481933594,-0.8120651245117188
2679.0,0.14907606691122055,-0.657322883605957,1.7829000651836395,-2.0338091254234314,-2.563758134841919,-0.8207547664642334
2680.0,0.1540358066558838,-0.648841381072998,1.785753071308136,-2.0502344369888306,-2.5746331214904785,-0.829444408416748
2681.0,0.15899554640054703,-0.6403598785400391,1.7886060774326324,-2.0666597485542297,-2.585508108139038,-0.8381340503692627
2682.0,0.16395528614521027,-0.6318783760070801,1.791459083557129,-2.083085060119629,-2.5963830947875977,-0.8468236923217773
2683.0,0.16395528614521027,-0.6318783760070801,1.791459083557129,-2.083085060119629,-2.5963830947875977,-0.8468236923217773
2684.0,0.16420151044925055,-0.6340804497400919,1.7986058195432026,-2.1004987160364785,-2.600825230280558,-0.8610901435216268
2685.0,0.1644477347532908,-0.6362825234731039,1.8057525555292766,-2.1179123719533286,-2.605267365773519,-0.8753565947214762
2686.0,0.16469395905733109,-0.6384845972061157,1.8128992915153503,-2.1353260278701782,-2.6097095012664795,-0.8896230459213257
2687.0,0.16494018336137137,-0.6406866709391276,1.820046027501424,-2.152739683787028,-2.61415163675944,-0.9038894971211752
2688.0,0.16518640766541162,-0.6428887446721395,1.827192763487498,-2.170153339703878,-2.618593772252401,-0.9181559483210245
2689.0,0.1654326319694519,-0.6450908184051514,1.8343394994735718,-2.1875669956207275,-2.6230359077453613,-0.932422399520874
2690.0,0.1654326319694519,-0.6450908184051514,1.8343394994735718,-2.1875669956207275,-2.6230359077453613,-0.932422399520874
2691.0,0.16119696199893951,-0.6566029489040375,1.839674472808838,-2.189712882041931,-2.6204802989959717,-0.9404945373535156
2692.0,0.15696129202842712,-0.6681150794029236,1.845009446144104,-2.1918587684631348,-2.617924690246582,-0.9485666751861572
2693.0,0.15696129202842712,-0.6681150794029236,1.845009446144104,-2.1918587684631348,-2.617924690246582,-0.9485666751861572
2694.0,0.1571797633712942,-0.6687706763094122,1.8499756943095813,-2.207746744155884,-2.6193605119531806,-0.9613425189798529
2695.0,0.15739823471416126,-0.6694262732159008,1.8549419424750588,-2.223634719848633,-2.620796333659779,-0.9741183627735485
2696.0,0.15761670605702835,-0.6700818701223894,1.8599081906405361,-2.239522695541382,-2.6222321553663774,-0.9868942065672441
2697.0,0.15783517739989542,-0.6707374670288779,1.8648744388060137,-2.255410671234131,-2.623667977072976,-0.9996700503609397
2698.0,0.15805364874276248,-0.6713930639353666,1.869840686971491,-2.27129864692688,-2.6251037987795742,-1.0124458941546353
2699.0,0.15827212008562955,-0.6720486608418551,1.8748069351369685,-2.287186622619629,-2.626539620486173,-1.025221737948331
2700.0,0.1584905914284966,-0.6727042577483437,1.8797731833024458,-2.303074598312378,-2.627975442192771,-1.0379975817420266
2701.0,0.15870906277136368,-0.6733598546548323,1.8847394314679233,-2.318962574005127,-2.6294112638993696,-1.0507734255357222
2702.0,0.15892753411423077,-0.6740154515613209,1.8897056796334006,-2.334850549697876,-2.6308470856059682,-1.063549269329418
2703.0,0.15914600545709784,-0.6746710484678095,1.8946719277988782,-2.350738525390625,-2.6322829073125664,-1.0763251131231135
2704.0,0.1593644767999649,-0.6753266453742981,1.8996381759643555,-2.366626501083374,-2.633718729019165,-1.089100956916809
2705.0,0.1593644767999649,-0.6753266453742981,1.8996381759643555,-2.366626501083374,-2.633718729019165,-1.089100956916809
2706.0,0.16383406023184457,-0.6657363375027975,1.901517113049825,-2.3825846513112388,-2.6460492610931396,-1.0966097513834636
2707.0,0.16830364366372427,-0.6561460296312968,1.9033960501352947,-2.398542801539103,-2.6583797931671143,-1.104118545850118
2708.0,0.17277322709560394,-0.6465557217597961,1.9052749872207642,-2.4145009517669678,-2.670710325241089,-1.1116273403167725
2709.0,0.17277322709560394,-0.6465557217597961,1.9052749872207642,-2.4145009517669678,-2.670710325241089,-1.1116273403167725
2710.0,0.17383881658315659,-0.6428271532058716,1.8995271921157837,-2.4000587463378906,-2.6692455410957336,-1.0979920327663422
2711.0,0.17490440607070923,-0.639098584651947,1.8937793970108032,-2.3856165409088135,-2.6677807569503784,-1.0843567252159119
2712.0,0.17596999555826187,-0.6353700160980225,1.8880316019058228,-2.3711743354797363,-2.666315972805023,-1.0707214176654816
2713.0,0.17703558504581451,-0.6316414475440979,1.8822838068008423,-2.356732130050659,-2.664851188659668,-1.0570861101150513
2714.0,0.17703558504581451,-0.6316414475440979,1.8822838068008423,-2.356732130050659,-2.664851188659668,-1.0570861101150513
2715.0,0.1780347211493386,-0.6293115549617343,1.8860523700714111,-2.3741014533572726,-2.6681502395206027,-1.069836073451572
2716.0,0.17903385725286272,-0.6269816623793708,1.88982093334198,-2.391470776663886,-2.6714492903815374,-1.0825860367880926
2717.0,0.1800329933563868,-0.6246517697970072,1.8935894966125488,-2.4088400999704995,-2.674748341242472,-1.0953360001246135
2718.0,0.18103212945991093,-0.6223218772146437,1.8973580598831177,-2.426209423277113,-2.678047392103407,-1.1080859634611342
2719.0,0.18203126556343502,-0.6199919846322801,1.9011266231536865,-2.443578746583727,-2.681346442964342,-1.1208359267976549
2720.0,0.18303040166695914,-0.6176620920499166,1.9048951864242554,-2.4609480698903403,-2.684645493825277,-1.1335858901341755
2721.0,0.18402953777048323,-0.615332199467553,1.9086637496948242,-2.4783173931969538,-2.6879445446862116,-1.1463358534706964
2722.0,0.18502867387400734,-0.6130023068851895,1.912432312965393,-2.495686716503567,-2.6912435955471463,-1.1590858168072171
2723.0,0.18602780997753143,-0.6106724143028259,1.916200876235962,-2.5130560398101807,-2.694542646408081,-1.1718357801437378
2724.0,0.18602780997753143,-0.6106724143028259,1.916200876235962,-2.5130560398101807,-2.694542646408081,-1.1718357801437378
2725.0,0.18515041683401381,-0.6126107232911246,1.9208871807370866,-2.5285634313310896,-2.695408821105957,-1.1857890742165702
2726.0,0.18427302369049617,-0.6145490322794233,1.9255734852382116,-2.5440708228519986,-2.696274995803833,-1.1997423682894026
2727.0,0.18339563054697855,-0.616487341267722,1.9302597897393363,-2.5595782143729076,-2.697141170501709,-1.213695662362235
2728.0,0.1825182374034609,-0.6184256502560207,1.934946094240461,-2.575085605893816,-2.698007345199585,-1.2276489564350672
2729.0,0.18164084425994328,-0.6203639592443194,1.9396323987415858,-2.590592997414725,-2.698873519897461,-1.2416022505078996
2730.0,0.18076345111642564,-0.622302268232618,1.9443187032427107,-2.606100388935634,-2.699739694595337,-1.255555544580732
2731.0,0.17988605797290802,-0.6242405772209167,1.9490050077438354,-2.621607780456543,-2.700605869293213,-1.2695088386535645
2732.0,0.17988605797290802,-0.6242405772209167,1.9490050077438354,-2.621607780456543,-2.700605869293213,-1.2695088386535645
2733.0,0.1749550998210907,-0.6374889016151428,1.9554347395896912,-2.6250903606414795,-2.696514368057251,-1.2802127003669739
2734.0,0.17002414166927338,-0.6507372260093689,1.9618644714355469,-2.628572940826416,-2.692422866821289,-1.2909165620803833
2735.0,0.17002414166927338,-0.6507372260093689,1.9618644714355469,-2.628572940826416,-2.692422866821289,-1.2909165620803833
2736.0,0.15800050058553922,-0.6585521745261642,1.944426672574182,-2.6213760706821727,-2.678036137036815,-1.288667116133652
2737.0,0.14597685950180508,-0.6663671230429595,1.926988873712817,-2.6141792005379294,-2.663649407252341,-1.2864176701869208
2738.0,0.13395321841807092,-0.6741820715597547,1.909551074851452,-2.606982330393686,-2.649262677467867,-1.2841682242401895
2739.0,0.12192957733433676,-0.68199702007655,1.892113275990087,-2.599785460249443,-2.634875947683393,-1.2819187782934585
2740.0,0.10990593625060262,-0.6898119685933454,1.8746754771287222,-2.5925885901051995,-2.620489217898919,-1.2796693323467272
2741.0,0.09788229516686846,-0.6976269171101407,1.8572376782673572,-2.585391719960956,-2.6061024881144452,-1.277419886399996
2742.0,0.08585865408313431,-0.7054418656269359,1.8397998794059922,-2.578194849816713,-2.591715758329971,-1.2751704404532647
2743.0,0.07383501299940017,-0.7132568141437312,1.8223620805446272,-2.5709979796724696,-2.5773290285454973,-1.2729209945065334
2744.0,0.061811371915666005,-0.7210717626605265,1.8049242816832622,-2.5638011095282263,-2.562942298761023,-1.2706715485598021
2745.0,0.04978773083193186,-0.7288867111773218,1.7874864828218973,-2.5566042393839834,-2.5485555689765493,-1.268422102613071
2746.0,0.0377640897481977,-0.736701659694117,1.7700486839605323,-2.54940736923974,-2.534168839192075,-1.2661726566663398
2747.0,0.02574044866446354,-0.7445166082109124,1.7526108850991673,-2.542210499095497,-2.5197821094076014,-1.2639232107196086
2748.0,0.013716807580729379,-0.7523315567277077,1.7351730862378023,-2.5350136289512535,-2.505395379623127,-1.2616737647728773
2749.0,0.0016931664969952465,-0.7601465052445029,1.7177352873764373,-2.52781675880701,-2.4910086498386534,-1.259424318826146
2750.0,-0.010330474586738886,-0.7679614537612982,1.7002974885150723,-2.520619888662767,-2.4766219200541792,-1.2571748728794148
2751.0,-0.022354115670473046,-0.7757764022780935,1.6828596896537076,-2.5134230185185236,-2.4622351902697055,-1.2549254269326835
2752.0,-0.034377756754207234,-0.7835913507948888,1.6654218907923424,-2.5062261483742803,-2.4478484604852313,-1.2526759809859525
2753.0,-0.046401397837941366,-0.7914062993116842,1.6479840919309776,-2.499029278230037,-2.4334617307007576,-1.2504265350392212
2754.0,-0.058425038921675526,-0.7992212478284794,1.6305462930696126,-2.4918324080857936,-2.4190750009162834,-1.24817708909249
2755.0,-0.07044868000540966,-0.8070361963452747,1.6131084942082476,-2.4846355379415503,-2.4046882711318096,-1.2459276431457587
2756.0,-0.08247232108914382,-0.81485114486207,1.5956706953468827,-2.477438667797307,-2.3903015413473354,-1.2436781971990274
2757.0,-0.09449596217287798,-0.8226660933788652,1.5782328964855177,-2.4702417976530637,-2.3759148115628617,-1.2414287512522961
2758.0,-0.10651960325661214,-0.8304810418956605,1.5607950976241527,-2.4630449275088204,-2.3615280817783875,-1.239179305305565
2759.0,-0.1185432443403463,-0.8382959904124558,1.5433572987627877,-2.455848057364577,-2.3471413519939137,-1.2369298593588338
2760.0,-0.1305668854240804,-0.8461109389292512,1.5259194999014227,-2.448651187220334,-2.3327546222094395,-1.2346804134121026
2761.0,-0.14259052650781462,-0.8539258874460465,1.5084817010400577,-2.4414543170760905,-2.3183678924249658,-1.2324309674653713
2762.0,-0.15461416759154872,-0.8617408359628417,1.491043902178693,-2.434257446931847,-2.3039811626404916,-1.23018152151864
2763.0,-0.16663780867528288,-0.869555784479637,1.4736061033173278,-2.427060576787604,-2.289594432856018,-1.2279320755719088
2764.0,-0.17866144975901704,-0.8773707329964323,1.456168304455963,-2.4198637066433606,-2.2752077030715436,-1.2256826296251775
2765.0,-0.19068509084275115,-0.8851856815132275,1.438730505594598,-2.4126668364991177,-2.26082097328707,-1.2234331836784464
2766.0,-0.2027087319264853,-0.8930006300300228,1.421292706733233,-2.4054699663548744,-2.2464342435025957,-1.2211837377317152
2767.0,-0.21473237301021947,-0.9008155785468182,1.403854907871868,-2.398273096210631,-2.232047513718122,-1.218934291784984
2768.0,-0.22675601409395368,-0.9086305270636135,1.386417109010503,-2.391076226066388,-2.2176607839336477,-1.2166848458382526
2769.0,-0.23877965517768784,-0.9164454755804088,1.368979310149138,-2.3838793559221445,-2.203274054149174,-1.2144353998915214
2770.0,-0.25080329626142195,-0.924260424097204,1.3515415112877731,-2.376682485777901,-2.1888873243647,-1.2121859539447901
2771.0,-0.2628269373451561,-0.9320753726139993,1.3341037124264084,-2.369485615633658,-2.174500594580226,-1.209936507998059
2772.0,-0.27485057842889027,-0.9398903211307946,1.3166659135650431,-2.3622887454894146,-2.160113864795752,-1.2076870620513278
2773.0,-0.28687421951262443,-0.9477052696475898,1.2992281147036784,-2.3550918753451713,-2.145727135011278,-1.2054376161045965
2774.0,-0.29889786059635853,-0.9555202181643851,1.2817903158423134,-2.347895005200928,-2.131340405226804,-1.2031881701578653
2775.0,-0.3109215016800927,-0.9633351666811805,1.2643525169809484,-2.3406981350566847,-2.11695367544233,-1.200938724211134
2776.0,-0.32294514276382685,-0.9711501151979758,1.2469147181195834,-2.3335012649124414,-2.102566945657856,-1.1986892782644027
2777.0,-0.334968783847561,-0.9789650637147711,1.2294769192582184,-2.326304394768198,-2.088180215873382,-1.1964398323176715
2778.0,-0.34699242493129523,-0.9867800122315664,1.2120391203968535,-2.3191075246239548,-2.073793486088908,-1.1941903863709404
2779.0,-0.35901606601502933,-0.9945949607483616,1.1946013215354885,-2.3119106544797114,-2.0594067563044343,-1.1919409404242092
2780.0,-0.37103970709876344,-1.0024099092651568,1.1771635226741237,-2.304713784335468,-2.04502002651996,-1.189691494477478
2781.0,-0.38306334818249765,-1.0102248577819521,1.1597257238127585,-2.297516914191225,-2.0306332967354863,-1.1874420485307466
2782.0,-0.39508698926623176,-1.0180398062987475,1.1422879249513938,-2.2903200440469815,-2.016246566951012,-1.1851926025840154
2783.0,-0.407110630349966,-1.0258547548155428,1.1248501260900285,-2.2831231739027382,-2.0018598371665384,-1.182943156637284
2784.0,-0.4191342714337001,-1.033669703332338,1.1074123272286638,-2.275926303758495,-1.9874731073820642,-1.1806937106905528
2785.0,-0.4311579125174342,-1.0414846518491334,1.0899745283672986,-2.268729433614252,-1.9730863775975904,-1.1784442647438218
2786.0,-0.4431815536011684,-1.0492996003659287,1.0725367295059338,-2.2615325634700087,-1.9586996478131162,-1.1761948187970905
2787.0,-0.4552051946849026,-1.057114548882724,1.0550989306445686,-2.2543356933257654,-1.9443129180286425,-1.1739453728503593
2788.0,-0.4672288357686366,-1.0649294973995191,1.0376611317832038,-2.247138823181522,-1.9299261882441683,-1.171695926903628
2789.0,-0.4792524768523708,-1.0727444459163145,1.0202233329218389,-2.239941953037279,-1.9155394584596945,-1.1694464809568967
2790.0,-0.49127611793610504,-1.0805593944331098,1.0027855340604739,-2.2327450828930355,-1.9011527286752203,-1.1671970350101655
2791.0,-0.5032997590198391,-1.088374342949905,0.9853477351991089,-2.225548212748792,-1.8867659988907466,-1.1649475890634344
2792.0,-0.5153234001035732,-1.0961892914667004,0.967909936337744,-2.218351342604549,-1.8723792691062724,-1.1626981431167032
2793.0,-0.5273470411873075,-1.1040042399834957,0.9504721374763789,-2.2111544724603056,-1.8579925393217984,-1.160448697169972
2794.0,-0.5393706822710416,-1.111819188500291,0.9330343386150142,-2.2039576023160623,-1.8436058095373244,-1.1581992512232406
2795.0,-0.5513943233547757,-1.1196341370170861,0.9155965397536492,-2.196760732171819,-1.8292190797528507,-1.1559498052765094
2796.0,-0.5634179644385099,-1.1274490855338817,0.8981587408922842,-2.1895638620275757,-1.8148323499683765,-1.153700359329778
2797.0,-0.575441605522244,-1.1352640340506768,0.8807209420309192,-2.1823669918833324,-1.8004456201839028,-1.151450913383047
2798.0,-0.5874652466059783,-1.143078982567472,0.8632831431695542,-2.175170121739089,-1.7860588903994286,-1.1492014674363158
2799.0,-0.5994888876897123,-1.1508939310842674,0.8458453443081893,-2.1679732515948458,-1.7716721606149548,-1.1469520214895845
2800.0,-0.6115125287734464,-1.1587088796010625,0.8284075454468243,-2.1607763814506025,-1.7572854308304806,-1.1447025755428533
2801.0,-0.6235361698571807,-1.166523828117858,0.8109697465854593,-2.153579511306359,-1.7428987010460066,-1.142453129596122
2802.0,-0.6355598109409147,-1.1743387766346531,0.7935319477240943,-2.1463826411621163,-1.7285119712615327,-1.1402036836493907
2803.0,-0.6475834520246491,-1.1821537251514487,0.7760941488627293,-2.1391857710178726,-1.7141252414770587,-1.1379542377026595
2804.0,-0.6596070931083832,-1.1899686736682438,0.7586563500013643,-2.1319889008736297,-1.6997385116925847,-1.1357047917559284
2805.0,-0.6716307341921173,-1.197783622185039,0.7412185511399996,-2.1247920307293864,-1.685351781908111,-1.1334553458091972
2806.0,-0.6836543752758515,-1.2055985707018344,0.7237807522786344,-2.117595160585143,-1.6709650521236368,-1.131205899862466
2807.0,-0.6956780163595856,-1.2134135192186297,0.7063429534172696,-2.1103982904408998,-1.6565783223391628,-1.1289564539157346
2808.0,-0.7077016574433198,-1.221228467735425,0.6889051545559044,-2.1032014202966565,-1.6421915925546888,-1.1267070079690034
2809.0,-0.7197252985270539,-1.2290434162522204,0.6714673556945396,-2.096004550152413,-1.6278048627702149,-1.124457562022272
2810.0,-0.731748939610788,-1.2368583647690157,0.6540295568331747,-2.08880768000817,-1.6134181329857409,-1.1222081160755408
2811.0,-0.7437725806945222,-1.2446733132858108,0.6365917579718097,-2.0816108098639265,-1.599031403201267,-1.1199586701288098
2812.0,-0.7557962217782563,-1.2524882618026063,0.6191539591104447,-2.0744139397196832,-1.584644673416793,-1.1177092241820785
2813.0,-0.7678198628619904,-1.2603032103194014,0.6017161602490799,-2.06721706957544,-1.5702579436323192,-1.1154597782353473
2814.0,-0.7798435039457247,-1.2681181588361967,0.5842783613877147,-2.0600201994311966,-1.555871213847845,-1.113210332288616
2815.0,-0.7918671450294588,-1.275933107352992,0.56684056252635,-2.0528233292869533,-1.541484484063371,-1.1109608863418847
2816.0,-0.803890786113193,-1.2837480558697874,0.5494027636649848,-2.04562645914271,-1.527097754278897,-1.1087114403951535
2817.0,-0.8159144271969271,-1.2915630043865827,0.53196496480362,-2.0384295889984667,-1.512711024494423,-1.1064619944484224
2818.0,-0.8279380682806612,-1.2993779529033778,0.514527165942255,-2.0312327188542234,-1.498324294709949,-1.1042125485016911
2819.0,-0.8399617093643954,-1.3071929014201733,0.49708936708089,-2.02403584870998,-1.4839375649254751,-1.1019631025549599
2820.0,-0.8519853504481296,-1.3150078499369684,0.47965156821952504,-2.016838978565737,-1.4695508351410012,-1.0997136566082286
2821.0,-0.8640089915318638,-1.322822798453764,0.46221376935816005,-2.0096421084214935,-1.4551641053565272,-1.0974642106614974
2822.0,-0.8760326326155978,-1.330637746970559,0.44477597049679507,-2.00244523827725,-1.4407773755720532,-1.095214764714766
2823.0,-0.888056273699332,-1.3384526954873543,0.4273381716354303,-1.995248368133007,-1.4263906457875792,-1.092965318768035
2824.0,-0.9000799147830663,-1.3462676440041497,0.4099003727740651,-1.9880514979887638,-1.4120039160031053,-1.0907158728213038
2825.0,-0.9121035558668003,-1.3540825925209448,0.39246257391270034,-1.9808546278445207,-1.3976171862186313,-1.0884664268745725
2826.0,-0.9241271969505345,-1.3618975410377403,0.37502477505133514,-1.9736577577002772,-1.3832304564341573,-1.0862169809278412
2827.0,-0.9361508380342687,-1.3697124895545354,0.3575869761899704,-1.966460887556034,-1.3688437266496833,-1.08396753498111
2828.0,-0.9481744791180027,-1.377527438071331,0.3401491773286054,-1.9592640174117908,-1.3544569968652094,-1.0817180890343787
2829.0,-0.9601981202017369,-1.385342386588126,0.3227113784672404,-1.9520671472675475,-1.3400702670807354,-1.0794686430876475
2830.0,-0.9722217612854711,-1.3931573351049213,0.3052735796058754,-1.9448702771233042,-1.3256835372962614,-1.0772191971409164
2831.0,-0.9842454023692053,-1.4009722836217167,0.28783578074451044,-1.9376734069790609,-1.3112968075117875,-1.0749697511941851
2832.0,-0.9962690434529393,-1.408787232138512,0.27039798188314546,-1.9304765368348176,-1.2969100777273135,-1.0727203052474539
2833.0,-1.0082926845366735,-1.4166021806553073,0.25296018302178047,-1.9232796666905743,-1.2825233479428395,-1.0704708593007226
2834.0,-1.0203163256204077,-1.4244171291721026,0.2355223841604155,-1.916082796546331,-1.2681366181583655,-1.0682214133539913
2835.0,-1.0323399667041417,-1.432232077688898,0.2180845852990505,-1.9088859264020877,-1.2537498883738916,-1.06597196740726
2836.0,-1.044363607787876,-1.440047026205693,0.20064678643768574,-1.9016890562578443,-1.2393631585894176,-1.0637225214605288
2837.0,-1.0563872488716102,-1.4478619747224886,0.18320898757632054,-1.894492186113601,-1.2249764288049436,-1.0614730755137978
2838.0,-1.0684108899553442,-1.4556769232392837,0.16577118871495578,-1.8872953159693577,-1.2105896990204696,-1.0592236295670665
2839.0,-1.0804345310390786,-1.463491871756079,0.14833338985359057,-1.8800984458251144,-1.1962029692359957,-1.0569741836203352
2840.0,-1.0924581721228126,-1.4713068202728743,0.1308955909922258,-1.8729015756808713,-1.1818162394515217,-1.054724737673604
2841.0,-1.1044818132065466,-1.4791217687896694,0.11345779213086082,-1.865704705536628,-1.1674295096670477,-1.0524752917268727
2842.0,-1.116505454290281,-1.486936717306465,0.09601999326949584,-1.8585078353923847,-1.1530427798825738,-1.0502258457801414
2843.0,-1.128529095374015,-1.49475166582326,0.07858219440813086,-1.8513109652481414,-1.1386560500980998,-1.0479763998334104
2844.0,-1.1405527364577492,-1.5025666143400556,0.06114439554676587,-1.8441140951038981,-1.1242693203136258,-1.0457269538866791
2845.0,-1.1525763775414835,-1.5103815628568507,0.04370659668540089,-1.836917224959655,-1.1098825905291518,-1.0434775079399479
2846.0,-1.1646000186252174,-1.518196511373646,0.026268797824036128,-1.8297203548154117,-1.0954958607446779,-1.0412280619932166
2847.0,-1.1766236597089517,-1.5260114598904413,0.008830998962670922,-1.8225234846711684,-1.081109130960204,-1.0389786160464853
2848.0,-1.1886473007926859,-1.5338264084072366,-0.00860679989869384,-1.8153266145269251,-1.06672240117573,-1.036729170099754
2849.0,-1.2006709418764199,-1.541641356924032,-0.026044598760058824,-1.8081297443826818,-1.052335671391256,-1.034479724153023
2850.0,-1.212694582960154,-1.549456305440827,-0.04348239762142381,-1.8009328742384385,-1.037948941606782,-1.0322302782062915
2851.0,-1.2247182240438883,-1.5572712539576226,-0.06092019648278901,-1.7937360040941952,-1.0235622118223078,-1.0299808322595605
2852.0,-1.2367418651276223,-1.5650862024744177,-0.07835799534415377,-1.786539133949952,-1.009175482037834,-1.0277313863128292
2853.0,-1.2487655062113565,-1.5729011509912132,-0.09579579420551854,-1.7793422638057086,-0.99478875225336,-1.025481940366098
2854.0,-1.2607891472950907,-1.5807160995080083,-0.11323359306688374,-1.7721453936614653,-0.9804020224688859,-1.0232324944193667
2855.0,-1.2728127883788247,-1.5885310480248034,-0.1306713919282485,-1.764948523517222,-0.9660152926844121,-1.0209830484726354
2856.0,-1.284836429462559,-1.596345996541599,-0.1481091907896137,-1.7577516533729787,-0.9516285628999381,-1.0187336025259044
2857.0,-1.2968600705462932,-1.6041609450583942,-0.16554698965097847,-1.7505547832287354,-0.9372418331154639,-1.0164841565791731
2858.0,-1.3088837116300276,-1.6119758935751896,-0.18298478851234368,-1.743357913084492,-0.92285510333099,-1.0142347106324419
2859.0,-1.3209073527137614,-1.6197908420919847,-0.20042258737370844,-1.736161042940249,-0.9084683735465162,-1.0119852646857106
2860.0,-1.3329309937974956,-1.6276057906087802,-0.21786038623507364,-1.7289641727960057,-0.8940816437620422,-1.0097358187389793
2861.0,-1.34495463488123,-1.6354207391255753,-0.2352981850964384,-1.7217673026517621,-0.879694913977568,-1.007486372792248
2862.0,-1.3569782759649638,-1.6432356876423706,-0.25273598395780317,-1.7145704325075193,-0.8653081841930943,-1.0052369268455168
2863.0,-1.369001917048698,-1.651050636159166,-0.2701737828191684,-1.7073735623632758,-0.8509214544086203,-1.0029874808987858
2864.0,-1.3810255581324324,-1.6588655846759612,-0.2876115816805336,-1.7001766922190324,-0.8365347246241461,-1.0007380349520545
2865.0,-1.3930491992161662,-1.6666805331927563,-0.30504938054189834,-1.6929798220747894,-0.8221479948396724,-0.9984885890053232
2866.0,-1.4050728402999004,-1.6744954817095519,-0.3224871794032631,-1.685782951930546,-0.8077612650551984,-0.996239143058592
2867.0,-1.4170964813836349,-1.6823104302263472,-0.3399249782646283,-1.6785860817863028,-0.7933745352707242,-0.9939896971118607
2868.0,-1.4291201224673686,-1.6901253787431423,-0.35736277712599307,-1.6713892116420594,-0.7789878054862505,-0.9917402511651295
2869.0,-1.4411437635511029,-1.6979403272599376,-0.3748005759873583,-1.6641923414978161,-0.7646010757017765,-0.9894908052183983
2870.0,-1.4531674046348373,-1.705755275776733,-0.39223837484872304,-1.6569954713535728,-0.7502143459173023,-0.9872413592716671
2871.0,-1.4651910457185715,-1.7135702242935282,-0.40967617371008824,-1.6497986012093295,-0.7358276161328283,-0.9849919133249359
2872.0,-1.4772146868023055,-1.7213851728103235,-0.427113972571453,-1.6426017310650862,-0.7214408863483546,-0.9827424673782046
2873.0,-1.4892383278860397,-1.7292001213271189,-0.4445517714328182,-1.635404860920843,-0.7070541565638804,-0.9804930214314733
2874.0,-1.501261968969774,-1.7370150698439142,-0.46198957029418297,-1.6282079907765996,-0.6926674267794064,-0.9782435754847421
2875.0,-1.513285610053508,-1.7448300183607093,-0.47942736915554773,-1.6210111206323565,-0.6782806969949329,-0.9759941295380109
2876.0,-1.5253092511372421,-1.7526449668775046,-0.49686516801691294,-1.6138142504881132,-0.6638939672104587,-0.9737446835912796
2877.0,-1.5373328922209764,-1.7604599153943001,-0.5143029668782781,-1.6066173803438697,-0.6495072374259845,-0.9714952376445485
2878.0,-1.5493565333047103,-1.7682748639110952,-0.5317407657396425,-1.5994205101996266,-0.6351205076415107,-0.9692457916978172
2879.0,-1.5613801743884446,-1.7760898124278905,-0.5491785646010077,-1.5922236400553833,-0.6207337778570365,-0.966996345751086
2880.0,-1.5734038154721788,-1.7839047609446859,-0.5666163634623729,-1.58502676991114,-0.6063470480725628,-0.9647468998043547
2881.0,-1.585427456555913,-1.7917197094614812,-0.5840541623237381,-1.5778298997668967,-0.5919603182880886,-0.9624974538576234
2882.0,-1.597451097639647,-1.7995346579782765,-0.6014919611851024,-1.5706330296226534,-0.5775735885036148,-0.9602480079108923
2883.0,-1.6094747387233812,-1.8073496064950718,-0.6189297600464676,-1.56343615947841,-0.5631868587191406,-0.9579985619641611
2884.0,-1.6214983798071154,-1.8151645550118671,-0.6363675589078328,-1.5562392893341668,-0.5488001289346665,-0.9557491160174298
2885.0,-1.6335220208908494,-1.8229795035286622,-0.6538053577691976,-1.5490424191899237,-0.5344133991501927,-0.9534996700706986
2886.0,-1.6455456619745836,-1.8307944520454575,-0.6712431566305623,-1.5418455490456804,-0.520026669365719,-0.9512502241239673
2887.0,-1.6575693030583178,-1.8386094005622529,-0.6886809554919275,-1.5346486789014369,-0.5056399395812448,-0.949000778177236
2888.0,-1.6695929441420518,-1.8464243490790482,-0.7061187543532923,-1.5274518087571938,-0.491253209796771,-0.9467513322305049
2889.0,-1.681616585225786,-1.8542392975958435,-0.7235565532146575,-1.5202549386129505,-0.4768664800122968,-0.9445018862837736
2890.0,-1.6936402263095203,-1.8620542461126388,-0.7409943520760223,-1.5130580684687072,-0.46247975022782306,-0.9422524403370425
2891.0,-1.7056638673932543,-1.869869194629434,-0.758432150937387,-1.5058611983244639,-0.4480930204433493,-0.9400029943903112
2892.0,-1.7176875084769885,-1.8776841431462292,-0.7758699497987522,-1.4986643281802206,-0.4337062906588751,-0.9377535484435799
2893.0,-1.7297111495607227,-1.8854990916630245,-0.7933077486601174,-1.4914674580359772,-0.4193195608744009,-0.9355041024968487
2894.0,-1.741734790644457,-1.89331404017982,-0.8107455475214822,-1.484270587891734,-0.4049328310899267,-0.9332546565501174
2895.0,-1.753758431728191,-1.9011289886966152,-0.828183346382847,-1.4770737177474909,-0.390546101305453,-0.9310052106033863
2896.0,-1.7657820728119251,-1.9089439372134105,-0.8456211452442122,-1.4698768476032473,-0.3761593715209792,-0.9287557646566551
2897.0,-1.7778057138956593,-1.9167588857302058,-0.8630589441055774,-1.462679977459004,-0.36177264173650503,-0.9265063187099238
2898.0,-1.7898293549793933,-1.924573834247001,-0.8804967429669421,-1.455483107314761,-0.3473859119520313,-0.9242568727631926
2899.0,-1.8018529960631275,-1.9323887827637964,-0.8979345418283069,-1.4482862371705176,-0.3329991821675571,-0.9220074268164613
2900.0,-1.8138766371468618,-1.9402037312805918,-0.9153723406896721,-1.4410893670262743,-0.3186124523830829,-0.91975798086973
2901.0,-1.8259002782305958,-1.9480186797973869,-0.9328101395510369,-1.433892496882031,-0.30422572259860914,-0.9175085349229989
2902.0,-1.83792391931433,-1.9558336283141822,-0.9502479384124021,-1.4266956267377877,-0.2898389928141354,-0.9152590889762676
2903.0,-1.8499475603980642,-1.9636485768309775,-0.9676857372737668,-1.4194987565935444,-0.2754522630296612,-0.9130096430295365
2904.0,-1.8619712014817984,-1.9714635253477728,-0.985123536135132,-1.412301886449301,-0.261065533245187,-0.9107601970828052
2905.0,-1.8739948425655326,-1.9792784738645681,-1.0025613349964968,-1.405105016305058,-0.24667880346071325,-0.9085107511360739
2906.0,-1.8860184836492668,-1.9870934223813634,-1.019999133857862,-1.3979081461608145,-0.2322920736762395,-0.9062613051893427
2907.0,-1.898042124733001,-1.9949083708981588,-1.0374369327192268,-1.3907112760165712,-0.2179053438917653,-0.9040118592426114
2908.0,-1.9100657658167348,-2.0027233194149536,-1.0548747315805915,-1.383514405872328,-0.20351861410729155,-0.9017624132958802
2909.0,-1.922089406900469,-2.010538267931749,-1.0723125304419567,-1.3763175357280848,-0.18913188432281736,-0.8995129673491491
2910.0,-1.9341130479842032,-2.0183532164485447,-1.089750329303322,-1.3691206655838415,-0.17474515453834316,-0.8972635214024178
2911.0,-1.9461366890679375,-2.02616816496534,-1.1071881281646863,-1.3619237954395982,-0.1603584247538694,-0.8950140754556866
2912.0,-1.9581603301516717,-2.033983113482135,-1.1246259270260515,-1.3547269252953549,-0.14597169496939566,-0.8927646295089553
2913.0,-1.970183971235406,-2.0417980619989304,-1.1420637258874167,-1.3475300551511116,-0.13158496518492147,-0.890515183562224
2914.0,-1.9822076123191397,-2.0496130105157255,-1.1595015247487814,-1.3403331850068685,-0.11719823540044771,-0.8882657376154929
2915.0,-1.9942312534028739,-2.0574279590325206,-1.1769393236101462,-1.3331363148626252,-0.10281150561597352,-0.8860162916687616
2916.0,-2.006254894486608,-2.065242907549316,-1.1943771224715114,-1.3259394447183817,-0.08842477583149932,-0.8837668457220305
2917.0,-2.0182785355703423,-2.0730578560661117,-1.2118149213328766,-1.3187425745741383,-0.07403804604702557,-0.8815173997752992
2918.0,-2.0303021766540765,-2.080872804582907,-1.2292527201942414,-1.3115457044298953,-0.05965131626255182,-0.8792679538285679
2919.0,-2.0423258177378107,-2.088687753099702,-1.2466905190556061,-1.304348834285652,-0.04526458647807763,-0.8770185078818367
2920.0,-2.054349458821545,-2.0965027016164974,-1.2641283179169713,-1.2971519641414087,-0.030877856693603434,-0.8747690619351054
2921.0,-2.0663730999052787,-2.104317650133293,-1.281566116778336,-1.2899550939971653,-0.016491126909129683,-0.8725196159883742
2922.0,-2.078396740989013,-2.112132598650088,-1.2990039156397013,-1.282758223852922,-0.0021043971246559323,-0.8702701700416431
2923.0,-2.090420382072747,-2.119947547166883,-1.316441714501066,-1.2755613537086787,0.012282332659818262,-0.8680207240949118
2924.0,-2.1024440231564814,-2.1277624956836787,-1.3338795133624308,-1.2683644835644357,0.026669062444292013,-0.8657712781481806
2925.0,-2.1144676642402156,-2.135577444200474,-1.351317312223796,-1.2611676134201923,0.04105579222876621,-0.8635218322014493
2926.0,-2.12649130532395,-2.143392392717269,-1.3687551110851612,-1.2539707432759488,0.0554425220132404,-0.861272386254718
2927.0,-2.138514946407684,-2.1512073412340644,-1.386192909946526,-1.2467738731317055,0.06982925179771415,-0.8590229403079868
2928.0,-2.150538587491418,-2.15902228975086,-1.4036307088078908,-1.2395770029874624,0.0842159815821879,-0.8567734943612557
2929.0,-2.162562228575152,-2.166837238267655,-1.421068507669256,-1.2323801328432191,0.0986027113666621,-0.8545240484145245
2930.0,-2.1745858696588862,-2.17465218678445,-1.4385063065306212,-1.2251832626989758,0.1129894411511363,-0.8522746024677932
2931.0,-2.1866095107426204,-2.1824671353012457,-1.455944105391986,-1.2179863925547325,0.12737617093561004,-0.8500251565210619
2932.0,-2.1986331518263547,-2.190282083818041,-1.4733819042533507,-1.2107895224104892,0.14176290072008424,-0.8477757105743307
2933.0,-2.210656792910089,-2.1980970323348363,-1.490819703114716,-1.203592652266246,0.156149630504558,-0.8455262646275994
2934.0,-2.2226804339938226,-2.2059119808516314,-1.5082575019760807,-1.1963957821220028,0.17053636028903174,-0.8432768186808682
2935.0,-2.234704075077557,-2.213726929368427,-1.5256953008374459,-1.1891989119777595,0.18492309007350594,-0.8410273727341371
2936.0,-2.246727716161291,-2.221541877885222,-1.5431330996988106,-1.182002041833516,0.19930981985798013,-0.8387779267874058
2937.0,-2.2587513572450253,-2.229356826402017,-1.5605708985601754,-1.174805171689273,0.21369654964245388,-0.8365284808406745
2938.0,-2.2707749983287595,-2.2371717749188127,-1.5780086974215406,-1.1676083015450296,0.22808327942692763,-0.8342790348939433
2939.0,-2.2827986394124937,-2.2449867234356082,-1.5954464962829058,-1.1604114314007863,0.24247000921140183,-0.832029588947212
2940.0,-2.294822280496228,-2.2528016719524033,-1.6128842951442706,-1.153214561256543,0.256856738995876,-0.8297801430004808
2941.0,-2.3068459215799617,-2.2606166204691984,-1.6303220940056353,-1.1460176911122997,0.2712434687803498,-0.8275306970537497
2942.0,-2.318869562663696,-2.268431568985994,-1.6477598928670005,-1.1388208209680564,0.28563019856482397,-0.8252812511070184
2943.0,-2.3308932037474306,-2.276246517502789,-1.6651976917283657,-1.131623950823813,0.3000169283492977,-0.8230318051602872
2944.0,-2.3429168448311644,-2.284061466019584,-1.68263549058973,-1.12442708067957,0.31440365813377147,-0.8207823592135559
2945.0,-2.3549404859148986,-2.2918764145363797,-1.7000732894510953,-1.1172302105353267,0.32879038791824566,-0.8185329132668246
2946.0,-2.366964126998633,-2.2996913630531752,-1.7175110883124605,-1.1100333403910831,0.34317711770271986,-0.8162834673200934
2947.0,-2.3789877680823666,-2.30750631156997,-1.7349488871738252,-1.10283647024684,0.3575638474871936,-0.8140340213733622
2948.0,-2.391011409166101,-2.3153212600867654,-1.75238668603519,-1.0956396001025968,0.3719505772716678,-0.8117845754266311
2949.0,-2.4030350502498354,-2.323136208603561,-1.7698244848965552,-1.0884427299583534,0.38633730705614155,-0.8095351294798998
2950.0,-2.415058691333569,-2.330951157120356,-1.78726228375792,-1.0812458598141101,0.4007240368406153,-0.8072856835331685
2951.0,-2.4270823324173034,-2.338766105637151,-1.8047000826192852,-1.0740489896698668,0.4151107666250895,-0.8050362375864373
2952.0,-2.4391059735010376,-2.3465810541539467,-1.82213788148065,-1.0668521195256235,0.4294974964095637,-0.802786791639706
2953.0,-2.451129614584772,-2.3543960026707422,-1.8395756803420151,-1.0596552493813802,0.44388422619403745,-0.8005373456929747
2954.0,-2.463153255668506,-2.362210951187537,-1.85701347920338,-1.0524583792371371,0.4582709559785112,-0.7982878997462437
2955.0,-2.4751768967522403,-2.3700258997043324,-1.874451278064745,-1.0452615090928938,0.4726576857629854,-0.7960384537995124
2956.0,-2.4872005378359745,-2.377840848221128,-1.8918890769261099,-1.0380646389486503,0.4870444155474596,-0.7937890078527812
2957.0,-2.4992241789197083,-2.385655796737923,-1.9093268757874746,-1.0308677688044072,0.5014311453319333,-0.7915395619060499
2958.0,-2.5112478200034425,-2.393470745254718,-1.9267646746488398,-1.023670898660164,0.5158178751164075,-0.7892901159593186
2959.0,-2.5232714610871767,-2.4012856937715137,-1.944202473510205,-1.0164740285159206,0.5302046049008813,-0.7870406700125875
2960.0,-2.535295102170911,-2.4091006422883092,-1.9616402723715693,-1.0092771583716773,0.544591334685355,-0.7847912240658562
2961.0,-2.547318743254645,-2.4169155908051043,-1.9790780712329346,-1.002080288227434,0.5589780644698292,-0.782541778119125
2962.0,-2.559342384338379,-2.4247305393218994,-1.9965158700942993,-0.9948834180831909,0.573364794254303,-0.7802923321723938
2963.0,-2.559342384338379,-2.4247305393218994,-1.9965158700942993,-0.9948834180831909,0.573364794254303,-0.7802923321723938
2964.0,-2.5561681389808655,-2.430329978466034,-2.0004040896892548,-0.9794374108314514,0.567487046122551,-0.7882032543420792
2965.0,-2.552993893623352,-2.4359294176101685,-2.00429230928421,-0.9639914035797119,0.561609297990799,-0.7961141765117645
2966.0,-2.5498196482658386,-2.441528856754303,-2.0081805288791656,-0.9485453963279724,0.5557315498590469,-0.8040250986814499
2967.0,-2.546645402908325,-2.4471282958984375,-2.012068748474121,-0.9330993890762329,0.5498538017272949,-0.8119360208511353
2968.0,-2.546645402908325,-2.4471282958984375,-2.012068748474121,-0.9330993890762329,0.5498538017272949,-0.8119360208511353
2969.0,-2.541504383087158,-2.461188316345215,-2.007432460784912,-0.9317799806594849,0.5473606586456299,-0.804431676864624
2970.0,-2.541504383087158,-2.461188316345215,-2.007432460784912,-0.9317799806594849,0.5473606586456299,-0.804431676864624
2971.0,-2.540579160054525,-2.467543919881185,-1.9985372225443523,-0.947865903377533,0.5514462192853292,-0.7894620299339294
2972.0,-2.539653937021891,-2.473899523417155,-1.9896419843037922,-0.963951826095581,0.5555317799250284,-0.7744923830032349
2973.0,-2.538728713989258,-2.480255126953125,-1.9807467460632324,-0.9800377488136292,0.5596173405647278,-0.7595227360725403
2974.0,-2.538728713989258,-2.480255126953125,-1.9807467460632324,-0.9800377488136292,0.5596173405647278,-0.7595227360725403
2975.0,-2.537045531802707,-2.4813288582695856,-1.987129635281033,-0.9626300930976868,0.554360376463996,-0.7712202337053087
2976.0,-2.5353623496161566,-2.482402589586046,-1.9935125244988336,-0.9452224373817444,0.5491034123632643,-0.7829177313380771
2977.0,-2.533679167429606,-2.4834763209025064,-1.999895413716634,-0.927814781665802,0.5438464482625326,-0.7946152289708456
2978.0,-2.5319959852430554,-2.484550052218967,-2.006278302934435,-0.9104071259498596,0.5385894841618009,-0.806312726603614
2979.0,-2.530312803056505,-2.4856237835354276,-2.012661192152235,-0.8929994702339172,0.533332520061069,-0.8180102242363824
2980.0,-2.5286296208699546,-2.486697514851888,-2.0190440813700357,-0.8755918145179749,0.5280755559603373,-0.8297077218691508
2981.0,-2.526946438683404,-2.4877712461683483,-2.0254269705878363,-0.8581841588020325,0.5228185918596056,-0.8414052195019193
2982.0,-2.5252632564968533,-2.488844977484809,-2.031809859805637,-0.8407765030860901,0.5175616277588738,-0.8531027171346877
2983.0,-2.5235800743103027,-2.4899187088012695,-2.0381927490234375,-0.8233688473701477,0.5123046636581421,-0.864800214767456
2984.0,-2.5235800743103027,-2.4899187088012695,-2.0381927490234375,-0.8233688473701477,0.5123046636581421,-0.864800214767456
2985.0,-2.5254985094070435,-2.48286771774292,-2.0460627675056458,-0.8080704808235168,0.5099641382694244,-0.8804748505353928
2986.0,-2.527416944503784,-2.4758167266845703,-2.053932785987854,-0.792772114276886,0.5076236128807068,-0.8961494863033295
2987.0,-2.529335379600525,-2.4687657356262207,-2.0618028044700623,-0.7774737477302551,0.5052830874919891,-0.9118241220712662
2988.0,-2.5312538146972656,-2.461714744567871,-2.0696728229522705,-0.7621753811836243,0.5029425621032715,-0.9274987578392029
2989.0,-2.5312538146972656,-2.461714744567871,-2.0696728229522705,-0.7621753811836243,0.5029425621032715,-0.9274987578392029
2990.0,-2.534083445866903,-2.455297072728475,-2.0672642389933267,-0.7760292490323385,0.5072105129559835,-0.9210953712463379
2991.0,-2.5369130770365396,-2.4488794008890786,-2.0648556550343833,-0.7898831168810526,0.5114784638086954,-0.9146919846534729
2992.0,-2.5397427082061768,-2.4424617290496826,-2.0624470710754395,-0.8037369847297668,0.5157464146614075,-0.9082885980606079
2993.0,-2.5397427082061768,-2.4424617290496826,-2.0624470710754395,-0.8037369847297668,0.5157464146614075,-0.9082885980606079
2994.0,-2.543266773223877,-2.435121774673462,-2.0593767960866294,-0.8190604050954183,0.5207455158233643,-0.9017606178919474
2995.0,-2.546790838241577,-2.427781820297241,-2.056306521097819,-0.8343838254610697,0.525744616985321,-0.895232637723287
2996.0,-2.5503149032592773,-2.4204418659210205,-2.053236246109009,-0.8497072458267212,0.5307437181472778,-0.8887046575546265
2997.0,-2.5503149032592773,-2.4204418659210205,-2.053236246109009,-0.8497072458267212,0.5307437181472778,-0.8887046575546265
2998.0,-2.5580761432647705,-2.4037814140319824,-2.056885004043579,-0.8414676189422607,0.5468702912330627,-0.9062304496765137
2999.0,-2.5580761432647705,-2.4037814140319824,-2.056885004043579,-0.8414676189422607,0.5468702912330627,-0.9062304496765137
3000.0,-2.560635945376228,-2.404607387150035,-2.0580356822294346,-0.8252193156410667,0.5638979796101066,-0.9187464258250069
3001.0,-2.5631957474876854,-2.4054333602680877,-2.0591863604152905,-0.8089710123398725,0.5809256679871503,-0.9312624019735
3002.0,-2.5657555495991424,-2.406259333386141,-2.060337038601146,-0.7927227090386784,0.5979533563641941,-0.9437783781219932
3003.0,-2.5683153517106,-2.4070853065041935,-2.061487716787002,-0.7764744057374842,0.6149810447412378,-0.9562943542704863
3004.0,-2.5708751538220573,-2.407911279622246,-2.0626383949728573,-0.7602261024362901,0.6320087331182817,-0.9688103304189795
3005.0,-2.573434955933515,-2.408737252740299,-2.0637890731587127,-0.743977799135096,0.6490364214953255,-0.9813263065674726
3006.0,-2.5759947580449722,-2.409563225858352,-2.0649397513445686,-0.7277294958339018,0.6660641098723692,-0.9938422827159658
3007.0,-2.5785545601564297,-2.4103891989764046,-2.066090429530424,-0.7114811925327077,0.683091798249413,-1.0063582588644588
3008.0,-2.5811143622678867,-2.4112151720944572,-2.06724110771628,-0.6952328892315135,0.7001194866264567,-1.018874235012952
3009.0,-2.583674164379344,-2.41204114521251,-2.0683917859021355,-0.6789845859303194,0.7171471750035006,-1.0313902111614452
3010.0,-2.5862339664908016,-2.412867118330563,-2.0695424640879914,-0.6627362826291252,0.7341748633805443,-1.0439061873099384
3011.0,-2.588793768602259,-2.4136930914486157,-2.070693142273847,-0.6464879793279311,0.7512025517575881,-1.0564221634584314
3012.0,-2.5913535707137165,-2.4145190645666683,-2.0718438204597023,-0.630239676026737,0.7682302401346319,-1.0689381396069246
3013.0,-2.593913372825174,-2.415345037684721,-2.072994498645558,-0.6139913727255428,0.7852579285116756,-1.0814541157554178
3014.0,-2.596473174936631,-2.416171010802774,-2.0741451768314136,-0.5977430694243487,0.8022856168887195,-1.0939700919039108
3015.0,-2.5990329770480884,-2.4169969839208267,-2.0752958550172695,-0.5814947661231546,0.8193133052657633,-1.106486068052404
3016.0,-2.601592779159546,-2.4178229570388794,-2.076446533203125,-0.5652464628219604,0.836340993642807,-1.1190020442008972
3017.0,-2.6041525812710034,-2.418648930156932,-2.0775972113889805,-0.5489981595207662,0.8533686820198507,-1.1315180203493904
3018.0,-2.606712383382461,-2.4194749032749847,-2.0787478895748364,-0.5327498562195722,0.8703963703968945,-1.1440339964978836
3019.0,-2.609272185493918,-2.420300876393038,-2.079898567760692,-0.5165015529183781,0.8874240587739384,-1.1565499726463766
3020.0,-2.6118319876053753,-2.4211268495110905,-2.0810492459465477,-0.5002532496171839,0.9044517471509821,-1.1690659487948698
3021.0,-2.6143917897168327,-2.421952822629143,-2.082199924132403,-0.4840049463159898,0.9214794355280259,-1.181581924943363
3022.0,-2.61695159182829,-2.422778795747196,-2.0833506023182586,-0.46775664301479564,0.9385071239050697,-1.1940979010918562
3023.0,-2.6195113939397476,-2.423604768865249,-2.0845012805041145,-0.45150833971360155,0.9555348122821135,-1.2066138772403492
3024.0,-2.622071196051205,-2.4244307419833016,-2.08565195868997,-0.4352600364124074,0.9725625006591572,-1.2191298533888424
3025.0,-2.624630998162662,-2.425256715101354,-2.086802636875826,-0.41901173311121326,0.989590189036201,-1.2316458295373356
3026.0,-2.6271908002741196,-2.426082688219407,-2.0879533150616814,-0.4027634298100191,1.0066178774132448,-1.2441618056858288
3027.0,-2.629750602385577,-2.42690866133746,-2.0891039932475373,-0.38651512650882497,1.0236455657902885,-1.2566777818343218
3028.0,-2.6323104044970345,-2.4277346344555126,-2.0902546714333927,-0.3702668232076308,1.0406732541673325,-1.269193757982815
3029.0,-2.634870206608492,-2.4285606075735653,-2.091405349619248,-0.35401851990643673,1.0577009425443762,-1.2817097341313082
3030.0,-2.6374300087199494,-2.429386580691618,-2.092556027805104,-0.33777021660524253,1.07472863092142,-1.2942257102798014
3031.0,-2.6399898108314064,-2.430212553809671,-2.0937067059909595,-0.32152191330404845,1.0917563192984638,-1.3067416864282944
3032.0,-2.642549612942864,-2.4310385269277237,-2.0948573841768154,-0.30527361000285425,1.1087840076755073,-1.3192576625767876
3033.0,-2.6451094150543213,-2.4318645000457764,-2.096008062362671,-0.28902530670166016,1.1258116960525513,-1.3317736387252808
3034.0,-2.6451094150543213,-2.4318645000457764,-2.096008062362671,-0.28902530670166016,1.1258116960525513,-1.3317736387252808
3035.0,-2.644197634288243,-2.432586874280657,-2.10349634715489,-0.27191872894763947,1.1245595727648054,-1.352188570158822
3036.0,-2.6432858535221646,-2.433309248515538,-2.1109846319471086,-0.2548121511936188,1.1233074494770594,-1.3726035015923637
3037.0,-2.6423740727560863,-2.4340316227504184,-2.1184729167393277,-0.23770557343959808,1.1220553261893136,-1.393018433025905
3038.0,-2.6414622919900075,-2.4347539969852994,-2.1259612015315463,-0.2205989956855774,1.1208032029015678,-1.4134333644594466
3039.0,-2.640550511223929,-2.43547637122018,-2.1334494863237654,-0.2034924179315567,1.119551079613822,-1.433848295892988
3040.0,-2.639638730457851,-2.436198745455061,-2.140937771115984,-0.186385840177536,1.118298956326076,-1.4542632273265295
3041.0,-2.6387269496917725,-2.4369211196899414,-2.148426055908203,-0.16927926242351532,1.11704683303833,-1.4746781587600708
3042.0,-2.6387269496917725,-2.4369211196899414,-2.148426055908203,-0.16927926242351532,1.11704683303833,-1.4746781587600708
3043.0,-2.6427334547042847,-2.4356366097927094,-2.14717036485672,-0.17028150986880064,1.1336299404501915,-1.4748194590210915
3044.0,-2.646739959716797,-2.4343520998954773,-2.145914673805237,-0.17128375731408596,1.150213047862053,-1.4749607592821121
3045.0,-2.650746464729309,-2.4330675899982452,-2.1446589827537537,-0.17228600475937128,1.1667961552739143,-1.4751020595431328
3046.0,-2.6547529697418213,-2.431783080101013,-2.1434032917022705,-0.1732882522046566,1.1833792626857758,-1.4752433598041534
3047.0,-2.6587594747543335,-2.430498570203781,-2.1421476006507874,-0.17429049964994192,1.1999623700976372,-1.475384660065174
3048.0,-2.6627659797668457,-2.429214060306549,-2.140891909599304,-0.17529274709522724,1.2165454775094986,-1.4755259603261948
3049.0,-2.666772484779358,-2.427929550409317,-2.139636218547821,-0.17629499454051256,1.23312858492136,-1.4756672605872154
3050.0,-2.67077898979187,-2.426645040512085,-2.138380527496338,-0.17729724198579788,1.2497116923332214,-1.475808560848236
3051.0,-2.6747854948043823,-2.425360530614853,-2.1371248364448547,-0.1782994894310832,1.2662947997450829,-1.4759498611092567
3052.0,-2.6787919998168945,-2.424076020717621,-2.1358691453933716,-0.17930173687636852,1.2828779071569443,-1.4760911613702774
3053.0,-2.6827985048294067,-2.422791510820389,-2.1346134543418884,-0.18030398432165384,1.2994610145688057,-1.476232461631298
3054.0,-2.686805009841919,-2.4215070009231567,-2.1333577632904053,-0.18130623176693916,1.3160441219806671,-1.4763737618923187
3055.0,-2.690811514854431,-2.4202224910259247,-2.132102072238922,-0.18230847921222448,1.3326272293925285,-1.4765150621533394
3056.0,-2.6948180198669434,-2.4189379811286926,-2.130846381187439,-0.1833107266575098,1.34921033680439,-1.47665636241436
3057.0,-2.6988245248794556,-2.4176534712314606,-2.129590690135956,-0.18431297410279512,1.3657934442162514,-1.4767976626753807
3058.0,-2.7028310298919678,-2.4163689613342285,-2.1283349990844727,-0.18531522154808044,1.3823765516281128,-1.4769389629364014
3059.0,-2.7028310298919678,-2.4163689613342285,-2.1283349990844727,-0.18531522154808044,1.3823765516281128,-1.4769389629364014
3060.0,-2.70591410001119,-2.4168809254964194,-2.1220285892486572,-0.19093667467435202,1.3993055025736492,-0.31653428077697754
3061.0,-2.7089971701304116,-2.41739288965861,-2.115722179412842,-0.19655812780062357,1.4162344535191853,0.8438704013824463
3062.0,-2.712080240249634,-2.417904853820801,-2.1094157695770264,-0.20217958092689514,1.4331634044647217,2.00427508354187
3063.0,-2.712080240249634,-2.417904853820801,-2.1094157695770264,-0.20217958092689514,1.4331634044647217,2.00427508354187
3064.0,-2.7114309072494507,-2.417375385761261,-2.119550108909607,-0.18759554997086525,1.4348930418491364,2.0047330260276794
3065.0,-2.7107815742492676,-2.416845917701721,-2.1296844482421875,-0.17301151901483536,1.436622679233551,2.0051909685134888
3066.0,-2.7101322412490845,-2.4163164496421814,-2.139818787574768,-0.15842748805880547,1.4383523166179657,2.005648910999298
3067.0,-2.7094829082489014,-2.4157869815826416,-2.1499531269073486,-0.14384345710277557,1.4400819540023804,2.0061068534851074
3068.0,-2.7094829082489014,-2.4157869815826416,-2.1499531269073486,-0.14384345710277557,1.4400819540023804,2.0061068534851074
3069.0,-2.7168711026509604,-2.415278911590576,-2.1500266393025718,-0.14127780000368753,1.453777591387431,1.998077670733134
3070.0,-2.724259297053019,-2.4147708415985107,-2.1501001516977944,-0.13871214290459952,1.4674732287724812,1.9900484879811604
3071.0,-2.731647491455078,-2.4142627716064453,-2.1501736640930176,-0.13614648580551147,1.4811688661575317,1.982019305229187
3072.0,-2.731647491455078,-2.4142627716064453,-2.1501736640930176,-0.13614648580551147,1.4811688661575317,1.982019305229187
3073.0,-2.7358851432800293,-2.4132449626922607,-2.148213028907776,-0.14342620968818665,1.4955556392669678,1.9774603843688965
3074.0,-2.7401227951049805,-2.412227153778076,-2.146252393722534,-0.15070593357086182,1.5099424123764038,1.972901463508606
3075.0,-2.7401227951049805,-2.412227153778076,-2.146252393722534,-0.15070593357086182,1.5099424123764038,1.972901463508606
3076.0,-2.743954658508301,-2.4109199047088623,-2.157190203666687,-0.13906747102737427,1.5100446343421936,1.969041347503662
3077.0,-2.747786521911621,-2.4096126556396484,-2.16812801361084,-0.12742900848388672,1.5101468563079834,1.9651812314987183
3078.0,-2.747786521911621,-2.4096126556396484,-2.16812801361084,-0.12742900848388672,1.5101468563079834,1.9651812314987183
3079.0,-2.746680974960327,-2.4092875719070435,-2.1777719259262085,-0.11497358605265617,1.5106982588768005,1.966237187385559
3080.0,-2.745575428009033,-2.4089624881744385,-2.187415838241577,-0.10251816362142563,1.5112496614456177,1.9672931432724
3081.0,-2.745575428009033,-2.4089624881744385,-2.187415838241577,-0.10251816362142563,1.5112496614456177,1.9672931432724
3082.0,-2.748365640640259,-2.408442258834839,-2.1964282989501953,-0.09174556657671928,1.511792242527008,1.96445894241333
3083.0,-2.7511558532714844,-2.4079220294952393,-2.2054407596588135,-0.08097296953201294,1.5123348236083984,1.9616247415542603
3084.0,-2.7511558532714844,-2.4079220294952393,-2.2054407596588135,-0.08097296953201294,1.5123348236083984,1.9616247415542603
3085.0,-2.746591866016388,-2.4103313386440277,-2.2087488174438477,-0.06963599240407348,1.495846800506115,1.7202403917908669
3086.0,-2.7420278787612915,-2.412740647792816,-2.212056875228882,-0.058299015276134014,1.4793587774038315,1.4788560420274734
3087.0,-2.737463891506195,-2.4151499569416046,-2.215364933013916,-0.04696203814819455,1.462870754301548,1.23747169226408
3088.0,-2.7328999042510986,-2.417559266090393,-2.21867299079895,-0.03562506102025509,1.4463827311992645,0.9960873425006866
3089.0,-2.728335916996002,-2.4199685752391815,-2.2219810485839844,-0.024288083892315626,1.429894708096981,0.7547029927372932
3090.0,-2.7237719297409058,-2.42237788438797,-2.2252891063690186,-0.012951106764376163,1.4134066849946976,0.5133186429738998
3091.0,-2.7192079424858093,-2.4247871935367584,-2.2285971641540527,-0.0016141296364367008,1.396918661892414,0.27193429321050644
3092.0,-2.714643955230713,-2.427196502685547,-2.231905221939087,0.009722847491502762,1.3804306387901306,0.030549943447113037
3093.0,-2.7100799679756165,-2.4296058118343353,-2.235213279724121,0.021059824619442225,1.3639426156878471,-0.21083440631628036
3094.0,-2.70551598072052,-2.432015120983124,-2.2385213375091553,0.03239680174738169,1.3474545925855637,-0.45221875607967377
3095.0,-2.7009519934654236,-2.4344244301319122,-2.2418293952941895,0.04373377887532115,1.3309665694832802,-0.6936031058430672
3096.0,-2.696388006210327,-2.4368337392807007,-2.2451374530792236,0.05507075600326061,1.3144785463809967,-0.9349874556064606
3097.0,-2.6918240189552307,-2.439243048429489,-2.248445510864258,0.06640773313120008,1.2979905232787132,-1.176371805369854
3098.0,-2.6872600317001343,-2.4416523575782776,-2.251753568649292,0.07774471025913954,1.2815025001764297,-1.4177561551332474
3099.0,-2.682696044445038,-2.444061666727066,-2.255061626434326,0.089081687387079,1.2650144770741463,-1.6591405048966408
3100.0,-2.6781320571899414,-2.4464709758758545,-2.2583696842193604,0.10041866451501846,1.2485264539718628,-1.9005248546600342
3101.0,-2.6781320571899414,-2.4464709758758545,-2.2583696842193604,0.10041866451501846,1.2485264539718628,-1.9005248546600342
3102.0,-2.6750353295752345,-2.4489903297830136,-2.2585994588567857,0.10474028327363602,1.231208882433303,-1.8977655857167346
3103.0,-2.671938601960527,-2.4515096836901726,-2.2588292334942106,0.10906190203225359,1.213891310894743,-1.895006316773435
3104.0,-2.66884187434582,-2.4540290375973317,-2.259059008131636,0.11338352079087115,1.196573739356183,-1.8922470478301352
3105.0,-2.665745146731113,-2.456548391504491,-2.2592887827690613,0.11770513954948872,1.179256167817623,-1.8894877788868356
3106.0,-2.662648419116406,-2.45906774541165,-2.259518557406486,0.12202675830810628,1.1619385962790632,-1.886728509943536
3107.0,-2.6595516915016986,-2.4615870993188085,-2.2597483320439116,0.12634837706672383,1.1446210247405033,-1.8839692410002364
3108.0,-2.6564549638869916,-2.4641064532259676,-2.259978106681337,0.13066999582534142,1.1273034532019433,-1.8812099720569366
3109.0,-2.6533582362722843,-2.4666258071331266,-2.260207881318762,0.13499161458395897,1.1099858816633834,-1.878450703113637
3110.0,-2.6502615086575774,-2.4691451610402857,-2.260437655956187,0.13931323334257653,1.0926683101248233,-1.8756914341703375
3111.0,-2.64716478104287,-2.4716645149474448,-2.2606674305936125,0.1436348521011941,1.0753507385862635,-1.8729321652270379
3112.0,-2.644068053428163,-2.474183868854604,-2.2608972052310374,0.14795647085981167,1.0580331670477034,-1.870172896283738
3113.0,-2.6409713258134557,-2.476703222761763,-2.261126979868463,0.15227808961842923,1.0407155955091436,-1.8674136273404385
3114.0,-2.637874598198749,-2.479222576668922,-2.261356754505888,0.1565997083770468,1.0233980239705835,-1.864654358397139
3115.0,-2.6347778705840414,-2.481741930576081,-2.261586529143313,0.16092132713566434,1.0060804524320237,-1.8618950894538393
3116.0,-2.6316811429693345,-2.48426128448324,-2.2618163037807384,0.1652429458942819,0.9887628808934638,-1.8591358205105395
3117.0,-2.628584415354627,-2.486780638390399,-2.2620460784181637,0.16956456465289949,0.9714453093549038,-1.85637655156724
3118.0,-2.6254876877399203,-2.4892999922975583,-2.2622758530555886,0.17388618341151701,0.954127737816344,-1.8536172826239403
3119.0,-2.622390960125213,-2.491819346204717,-2.262505627693014,0.1782078021701346,0.9368101662777839,-1.8508580136806407
3120.0,-2.619294232510506,-2.494338700111876,-2.2627354023304393,0.18252942092875216,0.9194925947392241,-1.8480987447373411
3121.0,-2.6161975048957986,-2.496858054019035,-2.2629651769678643,0.1868510396873697,0.9021750232006641,-1.8453394757940413
3122.0,-2.6131007772810917,-2.499377407926194,-2.2631949516052896,0.1911726584459873,0.8848574516621042,-1.8425802068507418
3123.0,-2.6100040496663843,-2.501896761833353,-2.263424726242715,0.19549427720460485,0.8675398801235442,-1.8398209379074422
3124.0,-2.6069073220516774,-2.5044161157405123,-2.26365450088014,0.1998158959632224,0.8502223085849843,-1.8370616689641426
3125.0,-2.60381059443697,-2.5069354696476713,-2.263884275517565,0.20413751472184,0.8329047370464244,-1.8343024000208428
3126.0,-2.600713866822263,-2.5094548235548304,-2.26411405015499,0.20845913348045755,0.8155871655078645,-1.8315431310775432
3127.0,-2.5976171392075558,-2.5119741774619895,-2.2643438247924155,0.2127807522390751,0.7982695939693045,-1.8287838621342436
3128.0,-2.594520411592849,-2.5144935313691485,-2.264573599429841,0.21710237099769267,0.7809520224307447,-1.826024593190944
3129.0,-2.5914236839781415,-2.5170128852763076,-2.2648033740672657,0.22142398975631022,0.7636344508921846,-1.8232653242476442
3130.0,-2.5883269563634346,-2.5195322391834667,-2.265033148704691,0.2257456085149278,0.7463168793536247,-1.8205060553043446
3131.0,-2.585230228748727,-2.5220515930906253,-2.2652629233421164,0.23006722727354537,0.7289993078150647,-1.817746786361045
3132.0,-2.5821335011340203,-2.5245709469977844,-2.2654926979795413,0.23438884603216292,0.7116817362765049,-1.8149875174177454
3133.0,-2.579036773519313,-2.5270903009049435,-2.2657224726169667,0.23871046479078048,0.6943641647379449,-1.8122282484744456
3134.0,-2.575940045904606,-2.5296096548121025,-2.265952247254392,0.24303208354939806,0.677046593199385,-1.809468979531146
3135.0,-2.5728433182898987,-2.5321290087192616,-2.266182021891817,0.2473537023080156,0.6597290216608251,-1.8067097105878465
3136.0,-2.5697465906751917,-2.5346483626264207,-2.2664117965292423,0.25167532106663315,0.6424114501222651,-1.8039504416445469
3137.0,-2.5666498630604844,-2.5371677165335798,-2.2666415711666676,0.25599693982525074,0.6250938785837051,-1.8011911727012473
3138.0,-2.5635531354457775,-2.539687070440739,-2.2668713458040926,0.2603185585838683,0.6077763070451452,-1.7984319037579475
3139.0,-2.56045640783107,-2.542206424347898,-2.267101120441518,0.26464017734248585,0.5904587355065853,-1.795672634814648
3140.0,-2.557359680216363,-2.544725778255057,-2.2673308950789433,0.26896179610110343,0.5731411639680254,-1.7929133658713483
3141.0,-2.554262952601656,-2.547245132162216,-2.267560669716368,0.27328341485972096,0.5558235924294654,-1.7901540969280487
3142.0,-2.551166224986949,-2.5497644860693747,-2.2677904443537935,0.27760503361833855,0.5385060208909056,-1.787394827984749
3143.0,-2.5480694973722415,-2.5522838399765337,-2.268020218991219,0.28192665237695613,0.5211884493523457,-1.7846355590414493
3144.0,-2.5449727697575346,-2.554803193883693,-2.2682499936286438,0.2862482711355737,0.5038708778137856,-1.7818762900981497
3145.0,-2.5418760421428273,-2.557322547790852,-2.268479768266069,0.29056988989419125,0.48655330627522564,-1.7791170211548502
3146.0,-2.5387793145281203,-2.559841901698011,-2.2687095429034945,0.2948915086528088,0.4692357347366658,-1.7763577522115503
3147.0,-2.5356825869134134,-2.56236125560517,-2.2689393175409194,0.29921312741142636,0.45191816319810585,-1.7735984832682508
3148.0,-2.532585859298706,-2.564880609512329,-2.2691690921783447,0.30353474617004395,0.4346005916595459,-1.7708392143249512
3149.0,-2.532585859298706,-2.564880609512329,-2.2691690921783447,0.30353474617004395,0.4346005916595459,-1.7708392143249512
3150.0,-2.530823528766632,-2.5730111598968506,-2.269169509410858,0.320976622402668,0.4338832497596741,-1.7809403836727142
3151.0,-2.529061198234558,-2.581141710281372,-2.2691699266433716,0.33841849863529205,0.43316590785980225,-1.7910415530204773
3152.0,-2.527298867702484,-2.5892722606658936,-2.269170343875885,0.3558603748679161,0.4324485659599304,-1.8011427223682404
3153.0,-2.52553653717041,-2.597402811050415,-2.2691707611083984,0.37330225110054016,0.4317312240600586,-1.8112438917160034
3154.0,-2.52553653717041,-2.597402811050415,-2.2691707611083984,0.37330225110054016,0.4317312240600586,-1.8112438917160034
3155.0,-2.5236361026763916,-2.6048080921173096,-2.268439292907715,0.38534171382586163,0.43070752422014874,-1.8169728914896648
3156.0,-2.521735668182373,-2.612213373184204,-2.2677078247070312,0.39738117655118305,0.42968382438023883,-1.822701891263326
3157.0,-2.5198352336883545,-2.6196186542510986,-2.2669763565063477,0.4094206392765045,0.428660124540329,-1.8284308910369873
3158.0,-2.5198352336883545,-2.6196186542510986,-2.2669763565063477,0.4094206392765045,0.428660124540329,-1.8284308910369873
3159.0,-2.5182676050398083,-2.6199007829030356,-2.2649104595184326,0.3936404784520467,0.4265989363193512,-1.813031064139472
3160.0,-2.5166999763912625,-2.620182911554972,-2.2628445625305176,0.3778603176275889,0.4245377480983734,-1.797631237241957
3161.0,-2.5151323477427163,-2.620465040206909,-2.2607786655426025,0.3620801568031311,0.42247655987739563,-1.7822314103444417
3162.0,-2.5135647190941706,-2.620747168858846,-2.2587127685546875,0.34629999597867334,0.42041537165641785,-1.7668315834469266
3163.0,-2.5119970904456244,-2.6210292975107827,-2.2566468715667725,0.33051983515421546,0.41835418343544006,-1.7514317565494113
3164.0,-2.5104294617970786,-2.6213114261627197,-2.2545809745788574,0.3147396743297577,0.4162929952144623,-1.7360319296518962
3165.0,-2.5088618331485324,-2.6215935548146567,-2.2525150775909424,0.2989595135052999,0.4142318069934845,-1.720632102754381
3166.0,-2.5072942044999866,-2.6218756834665933,-2.2504491806030273,0.2831793526808421,0.4121706187725067,-1.7052322758568659
3167.0,-2.5057265758514404,-2.6221578121185303,-2.2483832836151123,0.2673991918563843,0.41010943055152893,-1.6898324489593506
3168.0,-2.5057265758514404,-2.6221578121185303,-2.2483832836151123,0.2673991918563843,0.41010943055152893,-1.6898324489593506
3169.0,-2.5035476684570312,-2.624120553334554,-2.2456042766571045,0.25129259129365283,0.4080099860827128,-1.6731212139129639
3170.0,-2.501368761062622,-2.6260832945505777,-2.2428252696990967,0.23518599073092145,0.40591054161389667,-1.6564099788665771
3171.0,-2.499189853668213,-2.6280460357666016,-2.240046262741089,0.21907939016819,0.40381109714508057,-1.6396987438201904
3172.0,-2.499189853668213,-2.6280460357666016,-2.240046262741089,0.21907939016819,0.40381109714508057,-1.6396987438201904
3173.0,-2.49935220181942,-2.631310135126114,-2.2410379350185394,0.2355914218351245,0.40461424738168716,-1.6530505567789078
3174.0,-2.499514549970627,-2.634574234485626,-2.24202960729599,0.252103453502059,0.40541739761829376,-1.6664023697376251
3175.0,-2.499676898121834,-2.6378383338451385,-2.2430212795734406,0.2686154851689935,0.40622054785490036,-1.6797541826963425
3176.0,-2.4998392462730408,-2.641102433204651,-2.244012951850891,0.28512751683592796,0.40702369809150696,-1.6931059956550598
3177.0,-2.5000015944242477,-2.644366532564163,-2.2450046241283417,0.30163954850286245,0.40782684832811356,-1.7064578086137772
3178.0,-2.5001639425754547,-2.6476306319236755,-2.2459962964057922,0.31815158016979694,0.40862999856472015,-1.7198096215724945
3179.0,-2.5003262907266617,-2.650894731283188,-2.246987968683243,0.33466361183673143,0.40943314880132675,-1.7331614345312119
3180.0,-2.5004886388778687,-2.6541588306427,-2.2479796409606934,0.3511756435036659,0.41023629903793335,-1.7465132474899292
3181.0,-2.5006509870290756,-2.6574229300022125,-2.248971313238144,0.3676876751706004,0.41103944927453995,-1.7598650604486465
3182.0,-2.5008133351802826,-2.660687029361725,-2.2499629855155945,0.3841997068375349,0.41184259951114655,-1.773216873407364
3183.0,-2.5009756833314896,-2.663951128721237,-2.250954657793045,0.4007117385044694,0.41264574974775314,-1.7865686863660812
3184.0,-2.5011380314826965,-2.6672152280807495,-2.2519463300704956,0.4172237701714039,0.41344889998435974,-1.7999204993247986
3185.0,-2.5013003796339035,-2.670479327440262,-2.252938002347946,0.4337358018383384,0.41425205022096634,-1.813272312283516
3186.0,-2.5014627277851105,-2.673743426799774,-2.2539296746253967,0.45024783350527287,0.41505520045757294,-1.8266241252422333
3187.0,-2.5016250759363174,-2.6770075261592865,-2.2549213469028473,0.46675986517220736,0.41585835069417953,-1.8399759382009506
3188.0,-2.5017874240875244,-2.680271625518799,-2.255913019180298,0.48327189683914185,0.41666150093078613,-1.853327751159668
3189.0,-2.5017874240875244,-2.680271625518799,-2.255913019180298,0.48327189683914185,0.41666150093078613,-1.853327751159668
3190.0,-2.502877288394504,-2.6818931897481284,-2.256911622153388,0.49910565217336017,0.4191516505347358,-1.8679189152187772
3191.0,-2.5039671527014837,-2.6835147539774575,-2.257910225126478,0.5149394075075785,0.42164180013868546,-1.8825100792778864
3192.0,-2.5050570170084634,-2.685136318206787,-2.258908828099569,0.5307731628417969,0.4241319497426351,-1.8971012433369954
3193.0,-2.506146881315443,-2.6867578824361167,-2.259907431072659,0.5466069181760153,0.42662209934658474,-1.9116924073961046
3194.0,-2.507236745622423,-2.688379446665446,-2.260906034045749,0.5624406735102335,0.4291122489505344,-1.9262835714552138
3195.0,-2.508326609929403,-2.6900010108947754,-2.2619046370188394,0.5782744288444519,0.43160239855448407,-1.940874735514323
3196.0,-2.5094164742363825,-2.691622575124105,-2.26290323999193,0.5941081841786702,0.4340925481584337,-1.955465899573432
3197.0,-2.510506338543362,-2.693244139353434,-2.26390184296502,0.6099419395128886,0.43658269776238334,-1.9700570636325412
3198.0,-2.511596202850342,-2.6948657035827637,-2.2649004459381104,0.6257756948471069,0.439072847366333,-1.9846482276916504
3199.0,-2.511596202850342,-2.6948657035827637,-2.2649004459381104,0.6257756948471069,0.439072847366333,-1.9846482276916504
3200.0,-2.511312246322632,-2.699772834777832,-2.2646874700273787,0.6409386055810111,0.4405974064554487,-1.9961157526288713
3201.0,-2.511028289794922,-2.7046799659729004,-2.264474494116647,0.6561015163149152,0.4421219655445644,-2.0075832775660922
3202.0,-2.510744333267212,-2.7095870971679688,-2.2642615182059154,0.6712644270488194,0.4436465246336801,-2.019050802503313
3203.0,-2.510460376739502,-2.714494228363037,-2.2640485422951833,0.6864273377827236,0.44517108372279574,-2.0305183274405345
3204.0,-2.510176420211792,-2.7194013595581055,-2.2638355663844516,0.7015902485166277,0.44669564281191143,-2.0419858523777554
3205.0,-2.509892463684082,-2.724308490753174,-2.26362259047372,0.7167531592505318,0.4482202019010271,-2.0534533773149763
3206.0,-2.509608507156372,-2.729215621948242,-2.2634096145629883,0.731916069984436,0.4497447609901428,-2.0649209022521973
3207.0,-2.509608507156372,-2.729215621948242,-2.2634096145629883,0.731916069984436,0.4497447609901428,-2.0649209022521973
3208.0,-2.511928047452654,-2.7291758401053294,-2.2649148872920444,0.7486405628068107,0.4550515115261078,-2.0822484152657643
3209.0,-2.5142475877489363,-2.7291360582624162,-2.266420160021101,0.7653650556291852,0.46035826206207275,-2.099575928279332
3210.0,-2.516567128045218,-2.7290962764195035,-2.267925432750157,0.7820895484515599,0.4656650125980377,-2.116903441292899
3211.0,-2.5188866683415005,-2.7290564945765903,-2.269430705479213,0.7988140412739345,0.4709717631340027,-2.1342309543064664
3212.0,-2.5212062086377824,-2.7290167127336775,-2.270935978208269,0.815538534096309,0.47627851366996765,-2.1515584673200334
3213.0,-2.523525748934065,-2.7289769308907643,-2.2724412509373257,0.8322630269186837,0.4815852642059326,-2.168885980333601
3214.0,-2.5258452892303467,-2.7289371490478516,-2.273946523666382,0.8489875197410583,0.4868920147418976,-2.186213493347168
3215.0,-2.5258452892303467,-2.7289371490478516,-2.273946523666382,0.8489875197410583,0.4868920147418976,-2.186213493347168
3216.0,-2.5292052030563354,-2.7179917097091675,-2.2767186164855957,0.8375166356563568,0.48901645839214325,-2.1832823753356934
3217.0,-2.532565116882324,-2.7070462703704834,-2.2794907093048096,0.8260457515716553,0.4911409020423889,-2.1803512573242188
3218.0,-2.532565116882324,-2.7070462703704834,-2.2794907093048096,0.8260457515716553,0.4911409020423889,-2.1803512573242188
3219.0,-2.5324580669403076,-2.702427519692315,-2.2795091734992132,0.8102528055508932,0.4885522988107469,-2.167880164252387
3220.0,-2.532351016998291,-2.697808769014147,-2.279527637693617,0.794459859530131,0.48596369557910496,-2.1554090711805554
3221.0,-2.5322439670562744,-2.693190018335978,-2.279546101888021,0.7786669135093689,0.48337509234746295,-2.142937978108724
3222.0,-2.532136917114258,-2.6885712676578097,-2.2795645660824246,0.7628739674886068,0.480786489115821,-2.1304668850368924
3223.0,-2.532029867172241,-2.6839525169796414,-2.2795830302768283,0.7470810214678446,0.478197885884179,-2.1179957919650607
3224.0,-2.5319228172302246,-2.679333766301473,-2.279601494471232,0.7312880754470825,0.47560928265253705,-2.105524698893229
3225.0,-2.531815767288208,-2.6747150156233044,-2.279619958665636,0.7154951294263204,0.47302067942089504,-2.0930536058213978
3226.0,-2.5317087173461914,-2.670096264945136,-2.2796384228600397,0.6997021834055583,0.4704320761892531,-2.080582512749566
3227.0,-2.531601667404175,-2.6654775142669678,-2.2796568870544434,0.6839092373847961,0.4678434729576111,-2.0681114196777344
3228.0,-2.531601667404175,-2.6654775142669678,-2.2796568870544434,0.6839092373847961,0.4678434729576111,-2.0681114196777344
3229.0,-2.53351731300354,-2.6563336849212646,-2.2808088302612304,0.6668453216552734,0.4678515911102295,-2.058377981185913
3230.0,-2.535432958602905,-2.6471898555755615,-2.2819607734680174,0.6497814059257507,0.4678597092628479,-2.048644542694092
3231.0,-2.5373486042022706,-2.6380460262298584,-2.283112716674805,0.632717490196228,0.4678678274154663,-2.0389111042022705
3232.0,-2.5392642498016356,-2.6289021968841553,-2.284264659881592,0.6156535744667053,0.4678759455680847,-2.029177665710449
3233.0,-2.541179895401001,-2.619758367538452,-2.285416603088379,0.5985896587371826,0.4678840637207031,-2.019444227218628
3234.0,-2.541179895401001,-2.619758367538452,-2.285416603088379,0.5985896587371826,0.4678840637207031,-2.019444227218628
3235.0,-2.5449727448550137,-2.619103496724909,-2.2888340299779717,0.6149103804068132,0.48410010879689996,-2.0386815721338447
3236.0,-2.5487655943090264,-2.6184486259113657,-2.292251456867565,0.6312311020764437,0.5003161538730968,-2.057918917049061
3237.0,-2.5525584437630395,-2.6177937550978227,-2.2956688837571577,0.6475518237460743,0.5165321989492937,-2.077156261964278
3238.0,-2.5563512932170522,-2.6171388842842798,-2.2990863106467505,0.6638725454157048,0.5327482440254905,-2.0963936068794946
3239.0,-2.560144142671065,-2.6164840134707363,-2.3025037375363437,0.6801932670853355,0.5489642891016874,-2.115630951794711
3240.0,-2.5639369921250776,-2.6158291426571934,-2.3059211644259365,0.6965139887549661,0.5651803341778842,-2.1348682967099277
3241.0,-2.5677298415790903,-2.61517427184365,-2.3093385913155298,0.7128347104245967,0.581396379254081,-2.154105641625144
3242.0,-2.571522691033103,-2.614519401030107,-2.3127560182051226,0.7291554320942272,0.5976124243302778,-2.173342986540361
3243.0,-2.575315540487116,-2.613864530216564,-2.3161734450947153,0.7454761537638578,0.6138284694064747,-2.1925803314555776
3244.0,-2.579108389941129,-2.6132096594030205,-2.3195908719843086,0.7617968754334883,0.6300445144826716,-2.211817676370794
3245.0,-2.5829012393951416,-2.6125547885894775,-2.3230082988739014,0.7781175971031189,0.6462605595588684,-2.2310550212860107
3246.0,-2.5829012393951416,-2.6125547885894775,-2.3230082988739014,0.7781175971031189,0.6462605595588684,-2.2310550212860107
3247.0,-2.5837810779439994,-2.6070279088513604,-2.3223085485655686,0.7612011257944435,0.6511339298610029,-2.2200279276946495
3248.0,-2.5846609164928567,-2.601501029113243,-2.3216087982572358,0.7442846544857683,0.6560073001631375,-2.2090008341032883
3249.0,-2.5855407550417144,-2.5959741493751265,-2.320909047948903,0.727368183177093,0.6608806704652721,-2.197973740511927
3250.0,-2.5864205935905717,-2.5904472696370093,-2.32020929764057,0.7104517118684177,0.6657540407674066,-2.186946646920566
3251.0,-2.5873004321394295,-2.584920389898892,-2.3195095473322374,0.6935352405597424,0.6706274110695412,-2.1759195533292046
3252.0,-2.5881802706882873,-2.579393510160775,-2.3188097970239046,0.676618769251067,0.6755007813716757,-2.1648924597378434
3253.0,-2.5890601092371446,-2.573866630422658,-2.3181100467155717,0.6597022979423918,0.6803741516738102,-2.153865366146482
3254.0,-2.5899399477860023,-2.5683397506845407,-2.3174102964072394,0.6427858266337164,0.6852475219759447,-2.142838272555121
3255.0,-2.59081978633486,-2.562812870946424,-2.3167105460989066,0.6258693553250412,0.6901208922780794,-2.1318111789637597
3256.0,-2.5916996248837174,-2.557285991208307,-2.316010795790574,0.6089528840163658,0.6949942625802139,-2.1207840853723985
3257.0,-2.592579463432575,-2.5517591114701896,-2.315311045482241,0.5920364127076906,0.6998676328823484,-2.1097569917810373
3258.0,-2.5934593019814325,-2.5462322317320725,-2.314611295173908,0.5751199413990152,0.704741003184483,-2.098729898189676
3259.0,-2.5943391405302902,-2.5407053519939553,-2.3139115448655754,0.5582034700903399,0.7096143734866175,-2.087702804598315
3260.0,-2.595218979079148,-2.535178472255838,-2.3132117945572426,0.5412869987816646,0.714487743788752,-2.0766757110069536
3261.0,-2.5960988176280053,-2.5296515925177214,-2.3125120442489098,0.5243705274729893,0.7193611140908867,-2.065648617415593
3262.0,-2.596978656176863,-2.5241247127796043,-2.311812293940577,0.5074540561643139,0.7242344843930212,-2.0546215238242316
3263.0,-2.597858494725721,-2.518597833041487,-2.311112543632244,0.49053758485563875,0.7291078546951557,-2.0435944302328704
3264.0,-2.598738333274578,-2.51307095330337,-2.3104127933239114,0.4736211135469634,0.7339812249972902,-2.032567336641509
3265.0,-2.599618171823436,-2.5075440735652528,-2.3097130430155786,0.4567046422382881,0.7388545952994248,-2.021540243050148
3266.0,-2.6004980103722932,-2.5020171938271356,-2.3090132927072458,0.43978817092961275,0.7437279656015594,-2.0105131494587867
3267.0,-2.601377848921151,-2.496490314089019,-2.308313542398913,0.42287169962093746,0.7486013359036939,-1.9994860558674254
3268.0,-2.6022576874700087,-2.4909634343509017,-2.3076137920905806,0.4059552283122622,0.7534747062058285,-1.9884589622760642
3269.0,-2.603137526018866,-2.4854365546127846,-2.306914041782248,0.38903875700358687,0.758348076507963,-1.977431868684703
3270.0,-2.604017364567724,-2.4799096748746674,-2.306214291473915,0.37212228569491157,0.7632214468100975,-1.9664047750933418
3271.0,-2.6048972031165816,-2.4743827951365502,-2.305514541165582,0.3552058143862363,0.768094817112232,-1.9553776815019805
3272.0,-2.605777041665439,-2.468855915398433,-2.3048147908572494,0.3382893430775609,0.7729681874143666,-1.9443505879106193
3273.0,-2.6066568802142966,-2.4633290356603164,-2.3041150405489166,0.3213728717688857,0.7778415577165012,-1.933323494319258
3274.0,-2.607536718763154,-2.457802155922199,-2.303415290240584,0.3044564004602104,0.7827149280186357,-1.9222964007278969
3275.0,-2.6084165573120117,-2.452275276184082,-2.302715539932251,0.28753992915153503,0.7875882983207703,-1.9112693071365356
3276.0,-2.6084165573120117,-2.452275276184082,-2.302715539932251,0.28753992915153503,0.7875882983207703,-1.9112693071365356
3277.0,-2.6045422781081426,-2.456440494174049,-2.3002476465134394,0.27940284212430316,0.7703301395688739,-1.8970641919544764
3278.0,-2.6006679989042736,-2.460605712164016,-2.297779753094628,0.27126575509707135,0.7530719808169773,-1.8828590767724174
3279.0,-2.5967937197004045,-2.464770930153983,-2.295311859675816,0.2631286680698395,0.735813822065081,-1.8686539615903581
3280.0,-2.5929194404965354,-2.46893614814395,-2.2928439662570046,0.2549915810426076,0.7185556633131844,-1.854448846408299
3281.0,-2.5890451612926664,-2.4731013661339167,-2.290376072838193,0.2468544940153758,0.701297504561288,-1.8402437312262399
3282.0,-2.5851708820887973,-2.477266584123884,-2.2879081794193814,0.23871740698814392,0.6840393458093916,-1.8260386160441808
3283.0,-2.5812966028849282,-2.481431802113851,-2.28544028600057,0.23058031996091208,0.6667811870574951,-1.8118335008621216
3284.0,-2.577422323681059,-2.485597020103818,-2.282972392581758,0.22244323293368023,0.6495230283055987,-1.7976283856800623
3285.0,-2.57354804447719,-2.489762238093785,-2.2805044991629466,0.21430614590644836,0.6322648695537022,-1.7834232704980033
3286.0,-2.569673765273321,-2.493927456083752,-2.278036605744135,0.20616905887921652,0.6150067108018058,-1.769218155315944
3287.0,-2.5657994860694524,-2.498092674073719,-2.275568712325323,0.19803197185198468,0.5977485520499093,-1.755013040133885
3288.0,-2.5619252068655833,-2.5022578920636858,-2.2731008189065114,0.1898948848247528,0.5804903932980129,-1.7408079249518258
3289.0,-2.5580509276617143,-2.5064231100536527,-2.2706329254877,0.18175779779752094,0.5632322345461164,-1.7266028097697665
3290.0,-2.554176648457845,-2.5105883280436196,-2.268165032068888,0.17362071077028912,0.54597407579422,-1.7123976945877075
3291.0,-2.550302369253976,-2.5147535460335866,-2.2656971386500766,0.16548362374305725,0.5287159170423236,-1.6981925794056485
3292.0,-2.546428090050107,-2.518918764023554,-2.263229245231265,0.1573465367158254,0.5114577582904272,-1.6839874642235892
3293.0,-2.542553810846238,-2.523083982013521,-2.2607613518124534,0.14920944968859354,0.4941995995385306,-1.66978234904153
3294.0,-2.538679531642369,-2.527249200003488,-2.258293458393642,0.1410723626613617,0.4769414407866342,-1.655577233859471
3295.0,-2.5348052524385,-2.531414417993455,-2.25582556497483,0.13293527563412985,0.45968328203473774,-1.6413721186774117
3296.0,-2.530930973234631,-2.5355796359834217,-2.2533576715560186,0.12479818860689801,0.4424251232828413,-1.6271670034953527
3297.0,-2.5270566940307617,-2.5397448539733887,-2.250889778137207,0.11666110157966614,0.4251669645309448,-1.6129618883132935
3298.0,-2.5270566940307617,-2.5397448539733887,-2.250889778137207,0.11666110157966614,0.4251669645309448,-1.6129618883132935
3299.0,-2.5250588258107505,-2.541647752126058,-2.248046080271403,0.10095187028249106,0.4235491454601288,-1.5967562198638916
3300.0,-2.523060957590739,-2.543550650278727,-2.245202382405599,0.08524263898531596,0.42193132638931274,-1.5805505514144897
3301.0,-2.5210630893707275,-2.5454535484313965,-2.242358684539795,0.06953340768814087,0.4203135073184967,-1.564344882965088
3302.0,-2.5210630893707275,-2.5454535484313965,-2.242358684539795,0.06953340768814087,0.4203135073184967,-1.564344882965088
3303.0,-2.5220250844955445,-2.5401957035064697,-2.240880036354065,0.05240248590707779,0.42131824493408204,-1.552914810180664
3304.0,-2.5229870796203615,-2.534937858581543,-2.239401388168335,0.03527156412601471,0.4223229825496674,-1.5414847373962401
3305.0,-2.523949074745178,-2.529680013656616,-2.237922739982605,0.01814064234495162,0.42332772016525266,-1.5300546646118165
3306.0,-2.524911069869995,-2.5244221687316895,-2.236444091796875,0.0010097205638885526,0.424332457780838,-1.5186245918273926
3307.0,-2.525873064994812,-2.5191643238067627,-2.234965443611145,-0.01612120121717453,0.42533719539642334,-1.5071945190429688
3308.0,-2.526835060119629,-2.513906478881836,-2.233486795425415,-0.033252122998237627,0.4263419330120087,-1.4957644462585449
3309.0,-2.527797055244446,-2.508648633956909,-2.232008147239685,-0.050383044779300695,0.427346670627594,-1.484334373474121
3310.0,-2.5287590503692625,-2.5033907890319824,-2.2305294990539553,-0.06751396656036376,0.4283514082431793,-1.4729043006896974
3311.0,-2.5297210454940795,-2.4981329441070557,-2.229050850868225,-0.08464488834142686,0.42935614585876464,-1.4614742279052735
3312.0,-2.5306830406188965,-2.492875099182129,-2.227572202682495,-0.10177581012248993,0.43036088347435,-1.4500441551208496
3313.0,-2.5306830406188965,-2.492875099182129,-2.227572202682495,-0.10177581012248993,0.43036088347435,-1.4500441551208496
3314.0,-2.529118095125471,-2.4946986607142856,-2.2236693246023997,-0.11882154643535614,0.430102207830974,-1.4336958953312464
3315.0,-2.527553149632045,-2.4965222222464427,-2.219766446522304,-0.13586728274822235,0.4298435321875981,-1.4173476355416434
3316.0,-2.5259882041386197,-2.4983457837785994,-2.2158635684422086,-0.15291301906108856,0.4295848565442221,-1.4009993757520403
3317.0,-2.524423258645194,-2.500169345310756,-2.2119606903621127,-0.16995875537395477,0.42932618090084623,-1.3846511159624373
3318.0,-2.5228583131517683,-2.5019929068429128,-2.2080578122820174,-0.18700449168682098,0.4290675052574703,-1.368302856172834
3319.0,-2.5212933676583424,-2.50381646837507,-2.2041549342019215,-0.2040502279996872,0.42880882961409433,-1.3519545963832311
3320.0,-2.519728422164917,-2.5056400299072266,-2.200252056121826,-0.2210959643125534,0.4285501539707184,-1.335606336593628
3321.0,-2.519728422164917,-2.5056400299072266,-2.200252056121826,-0.2210959643125534,0.4285501539707184,-1.335606336593628
3322.0,-2.5203913908738356,-2.502459544401902,-2.197522420149583,-0.23742206280048078,0.43033750469868,-1.3240479414279644
3323.0,-2.521054359582754,-2.4992790588965783,-2.19479278417734,-0.25374816128840816,0.4321248554266416,-1.312489546262301
3324.0,-2.5217173282916727,-2.496098573391254,-2.1920631482050967,-0.2700742597763355,0.43391220615460324,-1.3009311510966375
3325.0,-2.5223802970005917,-2.49291808788593,-2.189333512232854,-0.28640035826426286,0.43569955688256484,-1.289372755930974
3326.0,-2.5230432657095103,-2.4897376023806057,-2.1866038762606106,-0.30272645675219023,0.43748690761052644,-1.2778143607653105
3327.0,-2.523706234418429,-2.486557116875282,-2.1838742402883677,-0.3190525552401176,0.43927425833848804,-1.266255965599647
3328.0,-2.5243692031273475,-2.4833766313699575,-2.1811446043161244,-0.335378653728045,0.4410616090664497,-1.2546975704339833
3329.0,-2.525032171836266,-2.4801961458646336,-2.1784149683438816,-0.3517047522159723,0.4428489597944113,-1.2431391752683199
3330.0,-2.5256951405451846,-2.477015660359309,-2.1756853323716383,-0.3680308507038997,0.4446363105223729,-1.2315807801026564
3331.0,-2.5263581092541036,-2.4738351748539853,-2.1729556963993955,-0.38435694919182706,0.4464236612503345,-1.2200223849369929
3332.0,-2.527021077963022,-2.470654689348661,-2.170226060427152,-0.40068304767975443,0.44821101197829616,-1.2084639897713294
3333.0,-2.527684046671941,-2.467474203843337,-2.1674964244549093,-0.4170091461676818,0.44999836270625776,-1.196905594605666
3334.0,-2.5283470153808594,-2.4642937183380127,-2.164766788482666,-0.43333524465560913,0.45178571343421936,-1.1853471994400024
3335.0,-2.5283470153808594,-2.4642937183380127,-2.164766788482666,-0.43333524465560913,0.45178571343421936,-1.1853471994400024
3336.0,-2.530686855316162,-2.4574338595072427,-2.16290553410848,-0.4485153357187907,0.4547627468903859,-1.1778401533762615
3337.0,-2.533026695251465,-2.450574000676473,-2.1610442797342935,-0.46369542678197223,0.45773978034655255,-1.1703331073125203
3338.0,-2.5353665351867676,-2.443714141845703,-2.1591830253601074,-0.4788755178451538,0.4607168138027191,-1.1628260612487793
3339.0,-2.5353665351867676,-2.443714141845703,-2.1591830253601074,-0.4788755178451538,0.4607168138027191,-1.1628260612487793
3340.0,-2.534483160291399,-2.4459990092686246,-2.154003313609532,-0.494894129889352,0.4623081258365086,-1.1484005962099348
3341.0,-2.533599785396031,-2.4482838766915456,-2.1488236018589566,-0.5109127419335502,0.46389943787029814,-1.1339751311710902
3342.0,-2.5327164105006625,-2.450568744114467,-2.143643890108381,-0.5269313539777484,0.4654907499040876,-1.1195496661322457
3343.0,-2.5318330356052945,-2.4528536115373885,-2.1384641783578053,-0.5429499660219465,0.4670820619378771,-1.1051242010934013
3344.0,-2.530949660709926,-2.45513847896031,-2.13328446660723,-0.5589685780661446,0.4686733739716666,-1.0906987360545568
3345.0,-2.530066285814558,-2.457423346383231,-2.1281047548566545,-0.5749871901103428,0.4702646860054561,-1.0762732710157121
3346.0,-2.5291829109191895,-2.4597082138061523,-2.122925043106079,-0.591005802154541,0.4718559980392456,-1.0618478059768677
3347.0,-2.5291829109191895,-2.4597082138061523,-2.122925043106079,-0.591005802154541,0.4718559980392456,-1.0618478059768677
3348.0,-2.527862174170358,-2.463146618434361,-2.1263017995016917,-0.5754327603748867,0.4690684505871364,-1.0717891114098685
3349.0,-2.526541437421526,-2.46658502306257,-2.129678555897304,-0.5598597185952323,0.4662809031350272,-1.0817304168428694
3350.0,-2.5252207006726946,-2.4700234276907787,-2.1330553122929166,-0.544286676815578,0.463493355682918,-1.0916717222758703
3351.0,-2.523899963923863,-2.473461832318987,-2.1364320686885288,-0.5287136350359235,0.4607058082308088,-1.101613027708871
3352.0,-2.5225792271750316,-2.4769002369471957,-2.1398088250841414,-0.5131405932562692,0.4579182607786996,-1.1115543331418718
3353.0,-2.5212584904261996,-2.4803386415754045,-2.1431855814797536,-0.4975675514766148,0.4551307133265904,-1.1214956385748727
3354.0,-2.519937753677368,-2.4837770462036133,-2.146562337875366,-0.48199450969696045,0.4523431658744812,-1.1314369440078735
3355.0,-2.519937753677368,-2.4837770462036133,-2.146562337875366,-0.48199450969696045,0.4523431658744812,-1.1314369440078735
3356.0,-2.5180737495422365,-2.489309072494507,-2.148721933364868,-0.46673558950424193,0.4495157659053802,-1.140065813064575
3357.0,-2.5162097454071044,-2.4948410987854004,-2.15088152885437,-0.4514766693115234,0.4466883659362793,-1.148694682121277
3358.0,-2.5143457412719727,-2.500373125076294,-2.153041124343872,-0.43621774911880495,0.44386096596717833,-1.1573235511779785
3359.0,-2.5124817371368406,-2.5059051513671875,-2.155200719833374,-0.42095882892608644,0.4410335659980774,-1.1659524202346803
3360.0,-2.510617733001709,-2.511437177658081,-2.157360315322876,-0.4056999087333679,0.43820616602897644,-1.1745812892913818
3361.0,-2.510617733001709,-2.511437177658081,-2.157360315322876,-0.4056999087333679,0.43820616602897644,-1.1745812892913818
3362.0,-2.5105670670331537,-2.5123671623273083,-2.154932390498576,-0.38825729472489007,0.43341581043550526,-1.1581405623484466
3363.0,-2.510516401064598,-2.513297146996536,-2.1525044656742764,-0.3708146807164122,0.428625454842034,-1.1416998354055115
3364.0,-2.5104657350960426,-2.514227131665763,-2.1500765408499767,-0.35337206670793436,0.42383509924856283,-1.125259108462576
3365.0,-2.510415069127487,-2.5151571163349904,-2.147648616025677,-0.3359294526994565,0.41904474365509164,-1.1088183815196408
3366.0,-2.5103644031589316,-2.516087101004218,-2.145220691201377,-0.31848683869097866,0.4142543880616204,-1.0923776545767057
3367.0,-2.510313737190376,-2.5170170856734453,-2.1427927663770774,-0.3010442246825008,0.4094640324681492,-1.0759369276337705
3368.0,-2.5102630712218206,-2.517947070342673,-2.1403648415527776,-0.28360161067402295,0.40467367687467803,-1.0594962006908353
3369.0,-2.510212405253265,-2.5188770550119,-2.137936916728478,-0.2661589966655451,0.3998833212812068,-1.0430554737478999
3370.0,-2.5101617392847095,-2.5198070396811274,-2.135508991904178,-0.24871638265706725,0.3950929656877356,-1.0266147468049647
3371.0,-2.510111073316154,-2.520737024350355,-2.1330810670798783,-0.2312737686485894,0.3903026100942644,-1.0101740198620295
3372.0,-2.5100604073475985,-2.5216670090195823,-2.1306531422555786,-0.21383115464011157,0.3855122545007932,-0.9937332929190943
3373.0,-2.5100097413790428,-2.5225969936888095,-2.1282252174312783,-0.1963885406316337,0.380721898907322,-0.9772925659761591
3374.0,-2.5099590754104875,-2.523526978358037,-2.1257972926069786,-0.17894592662315584,0.3759315433138508,-0.9608518390332238
3375.0,-2.5099084094419317,-2.5244569630272644,-2.123369367782679,-0.161503312614678,0.3711411877203796,-0.9444111120902886
3376.0,-2.5098577434733764,-2.5253869476964916,-2.120941442958379,-0.14406069860620013,0.3663508321269084,-0.9279703851473533
3377.0,-2.5098070775048207,-2.5263169323657193,-2.1185135181340793,-0.12661808459772228,0.36156047653343715,-0.9115296582044181
3378.0,-2.5097564115362654,-2.5272469170349465,-2.1160855933097795,-0.10917547058924443,0.35677012093996596,-0.8950889312614829
3379.0,-2.5097057455677096,-2.528176901704174,-2.1136576684854798,-0.09173285658076658,0.3519797653464948,-0.8786482043185476
3380.0,-2.5096550795991543,-2.5291068863734014,-2.11122974366118,-0.07429024257228872,0.3471894097530236,-0.8622074773756124
3381.0,-2.5096044136305986,-2.5300368710426286,-2.1088018188368802,-0.05684762856381087,0.34239905415955235,-0.8457667504326771
3382.0,-2.5095537476620433,-2.5309668557118563,-2.1063738940125805,-0.03940501455533302,0.33760869856608117,-0.8293260234897419
3383.0,-2.5095030816934876,-2.5318968403810835,-2.1039459691882807,-0.02196240054685522,0.33281834297261,-0.8128852965468067
3384.0,-2.5094524157249323,-2.5328268250503108,-2.101518044363981,-0.004519786538377313,0.32802798737913874,-0.7964445696038716
3385.0,-2.5094017497563765,-2.5337568097195384,-2.099090119539681,0.01292282747010054,0.32323763178566756,-0.7800038426609363
3386.0,-2.5093510837878212,-2.5346867943887657,-2.0966621947153814,0.030365441478578392,0.31844727619219637,-0.763563115718001
3387.0,-2.5093004178192655,-2.535616779057993,-2.0942342698910816,0.047808055487056245,0.31365692059872513,-0.7471223887750658
3388.0,-2.50924975185071,-2.5365467637272205,-2.091806345066782,0.0652506694955341,0.3088665650052539,-0.7306816618321306
3389.0,-2.5091990858821545,-2.5374767483964478,-2.089378420242482,0.0826932835040119,0.3040762094117827,-0.7142409348891954
3390.0,-2.509148419913599,-2.538406733065675,-2.0869504954181823,0.10013589751248975,0.2992858538183115,-0.6978002079462602
3391.0,-2.5090977539450434,-2.5393367177349027,-2.0845225705938826,0.11757851152096765,0.29449549822484034,-0.6813594810033249
3392.0,-2.509047087976488,-2.54026670240413,-2.082094645769583,0.13502112552944545,0.28970514263136915,-0.6649187540603897
3393.0,-2.5089964220079324,-2.5411966870733576,-2.079666720945283,0.15246373953792336,0.2849147870378979,-0.6484780271174544
3394.0,-2.508945756039377,-2.5421266717425848,-2.077238796120983,0.16990635354640116,0.2801244314444267,-0.6320373001745192
3395.0,-2.5088950900708213,-2.543056656411812,-2.074810871296683,0.18734896755487906,0.2753340758509555,-0.6155965732315839
3396.0,-2.508844424102266,-2.5439866410810397,-2.0723829464723833,0.20479158156335697,0.2705437202574843,-0.5991558462886487
3397.0,-2.5087937581337103,-2.544916625750267,-2.0699550216480835,0.22223419557183477,0.2657533646640131,-0.5827151193457134
3398.0,-2.508743092165155,-2.545846610419494,-2.0675270968237838,0.23967680958031257,0.26096300907054193,-0.5662743924027782
3399.0,-2.5086924261965993,-2.546776595088722,-2.065099171999484,0.2571194235887905,0.2561726534770707,-0.549833665459843
3400.0,-2.508641760228044,-2.547706579757949,-2.0626712471751842,0.27456203759726827,0.2513822978835995,-0.5333929385169078
3401.0,-2.5085910942594882,-2.5486365644271762,-2.0602433223508845,0.2920046516057462,0.2465919422901283,-0.5169522115739725
3402.0,-2.508540428290933,-2.549566549096404,-2.0578153975265847,0.309447265614224,0.24180158669665708,-0.5005114846310373
3403.0,-2.508489762322377,-2.550496533765631,-2.055387472702285,0.3268898796227019,0.23701123110318587,-0.48407075768810204
3404.0,-2.508439096353822,-2.551426518434859,-2.052959547877985,0.3443324936311798,0.23222087550971468,-0.46763003074516685
3405.0,-2.508388430385266,-2.552356503104086,-2.0505316230536854,0.3617751076396575,0.2274305199162435,-0.45118930380223166
3406.0,-2.508337764416711,-2.5532864877733132,-2.0481036982293856,0.3792177216481354,0.22264016432277228,-0.43474857685929647
3407.0,-2.508287098448155,-2.554216472442541,-2.045675773405086,0.3966603356566133,0.21784980872930107,-0.41830784991636116
3408.0,-2.5082364324796,-2.555146457111768,-2.043247848580786,0.4141029496650911,0.21305945313582986,-0.40186712297342597
3409.0,-2.508185766511044,-2.5560764417809954,-2.0408199237564864,0.431545563673569,0.20826909754235864,-0.38542639603049067
3410.0,-2.508135100542489,-2.557006426450223,-2.0383919989321866,0.4489881776820468,0.20347874194888746,-0.3689856690875555
3411.0,-2.508084434573933,-2.5579364111194502,-2.035964074107887,0.4664307916905247,0.19868838635541625,-0.3525449421446202
3412.0,-2.5080337686053777,-2.5588663957886775,-2.033536149283587,0.4838734056990026,0.19389803076194503,-0.336104215201685
3413.0,-2.507983102636822,-2.559796380457905,-2.0311082244592873,0.5013160197074804,0.18910767516847382,-0.3196634882587497
3414.0,-2.5079324366682667,-2.5607263651271324,-2.0286802996349875,0.5187586337159583,0.18431731957500264,-0.3032227613158145
3415.0,-2.507881770699711,-2.56165634979636,-2.0262523748106878,0.5362012477244361,0.1795269639815314,-0.2867820343728792
3416.0,-2.5078311047311557,-2.5625863344655873,-2.023824449986388,0.553643861732914,0.1747366083880602,-0.270341307429944
3417.0,-2.5077804387626,-2.5635163191348145,-2.0213965251620882,0.5710864757413917,0.16994625279458903,-0.2539005804870089
3418.0,-2.5077297727940446,-2.564446303804042,-2.018968600337788,0.5885290897498696,0.16515589720111784,-0.23745985354407362
3419.0,-2.507679106825489,-2.5653762884732694,-2.0165406755134883,0.6059717037583474,0.16036554160764666,-0.22101912660113843
3420.0,-2.5076284408569336,-2.5663062731424966,-2.0141127506891885,0.6234143177668252,0.15557518601417542,-0.20457839965820312
3421.0,-2.5075777748883783,-2.5672362578117243,-2.0116848258648887,0.6408569317753032,0.15078483042070423,-0.18813767271526793
3422.0,-2.5075271089198226,-2.5681662424809515,-2.009256901040589,0.658299545783781,0.145994474827233,-0.17169694577233274
3423.0,-2.5074764429512673,-2.5690962271501787,-2.006828976216289,0.6757421597922588,0.1412041192337618,-0.15525621882939755
3424.0,-2.5074257769827115,-2.5700262118194064,-2.0044010513919894,0.6931847738007368,0.13641376364029062,-0.13881549188646214
3425.0,-2.507375111014156,-2.5709561964886336,-2.0019731265676897,0.7106273878092146,0.13162340804681938,-0.12237476494352695
3426.0,-2.5073244450456005,-2.5718861811578613,-1.99954520174339,0.7280700018176924,0.1268330524533482,-0.10593403800059176
3427.0,-2.507273779077045,-2.5728161658270885,-1.9971172769190901,0.7455126158261702,0.12204269685987701,-0.08949331105765657
3428.0,-2.5072231131084894,-2.5737461504963157,-1.9946893520947904,0.7629552298346483,0.11725234126640577,-0.07305258411472115
3429.0,-2.507172447139934,-2.5746761351655434,-1.9922614272704906,0.780397843843126,0.11246198567293458,-0.05661185717178596
3430.0,-2.5071217811713784,-2.5756061198347706,-1.9898335024461908,0.7978404578516038,0.10767163007946334,-0.04017113022885077
3431.0,-2.507071115202823,-2.576536104503998,-1.987405577621891,0.8152830718600819,0.10288127448599216,-0.02373040328591558
3432.0,-2.5070204492342674,-2.5774660891732255,-1.9849776527975913,0.8327256858685597,0.09809091889252097,-0.007289676342980167
3433.0,-2.506969783265712,-2.5783960738424527,-1.9825497279732915,0.8501682998770375,0.09330056329904973,0.009151050599955024
3434.0,-2.5069191172971563,-2.57932605851168,-1.9801218031489918,0.8676109138855153,0.0885102077055786,0.025591777542889993
3435.0,-2.506868451328601,-2.5802560431809076,-1.9776938783246918,0.885053527893993,0.08371985211210736,0.042032504485825406
3436.0,-2.5068177853600453,-2.581186027850135,-1.975265953500392,0.9024961419024708,0.07892949651863618,0.0584732314287606
3437.0,-2.50676711939149,-2.582116012519362,-1.9728380286760923,0.9199387559109489,0.07413914092516494,0.07491395837169579
3438.0,-2.5067164534229343,-2.5830459971885897,-1.9704101038517925,0.9373813699194267,0.06934878533169375,0.09135468531463098
3439.0,-2.506665787454379,-2.583975981857817,-1.9679821790274927,0.9548239839279045,0.06455842973822257,0.10779541225756617
3440.0,-2.506615121485823,-2.5849059665270446,-1.965554254203193,0.9722665979363825,0.059768074144751326,0.12423613920050158
3441.0,-2.506564455517268,-2.585835951196272,-1.9631263293788932,0.9897092119448603,0.05497771855128014,0.14067686614343677
3442.0,-2.506513789548712,-2.586765935865499,-1.9606984045545934,1.007151825953338,0.050187362957808956,0.15711759308637196
3443.0,-2.506463123580157,-2.5876959205347267,-1.9582704797302937,1.0245944399618159,0.045397007364337716,0.17355832002930716
3444.0,-2.506412457611601,-2.588625905203954,-1.9558425549059937,1.042037053970294,0.04060665177086653,0.18999904697224257
3445.0,-2.506361791643046,-2.589555889873181,-1.953414630081694,1.0594796679787717,0.03581629617739529,0.20643977391517776
3446.0,-2.50631112567449,-2.590485874542409,-1.9509867052573941,1.0769222819872495,0.031025940583924105,0.22288050085811295
3447.0,-2.506260459705935,-2.591415859211636,-1.9485587804330944,1.0943648959957275,0.02623558499045292,0.23932122780104814
3448.0,-2.506209793737379,-2.5923458438808633,-1.9461308556087946,1.1118075100042053,0.02144522939698168,0.25576195474398356
3449.0,-2.5061591277688238,-2.593275828550091,-1.9437029307844949,1.1292501240126829,0.01665487380351055,0.2722026816869185
3450.0,-2.506108461800268,-2.594205813219318,-1.941275005960195,1.1466927380211611,0.011864518210039254,0.28864340862985394
3451.0,-2.5060577958317127,-2.595135797888546,-1.9388470811358953,1.1641353520296387,0.007074162616568125,0.3050841355727889
3452.0,-2.506007129863157,-2.596065782557773,-1.9364191563115956,1.1815779660381167,0.0022838070230968843,0.3215248625157243
3453.0,-2.5059564638946017,-2.5969957672270003,-1.9339912314872958,1.1990205800465945,-0.0025065485703743007,0.3379655894586595
3454.0,-2.505905797926046,-2.597925751896228,-1.931563306662996,1.2164631940550725,-0.007296904163845541,0.3544063164015949
3455.0,-2.5058551319574907,-2.598855736565455,-1.9291353818386963,1.23390580806355,-0.012087259757316726,0.3708470433445299
3456.0,-2.505804465988935,-2.5997857212346824,-1.9267074570143963,1.2513484220720281,-0.016877615350787967,0.3872877702874653
3457.0,-2.5057538000203796,-2.60071570590391,-1.9242795321900965,1.268791036080506,-0.02166797094425915,0.4037284972304005
3458.0,-2.505703134051824,-2.6016456905731373,-1.9218516073657967,1.2862336500889835,-0.02645832653773028,0.42016922417333546
3459.0,-2.5056524680832686,-2.6025756752423646,-1.919423682541497,1.3036762640974615,-0.03124868213120152,0.4366099511162709
3460.0,-2.505601802114713,-2.603505659911592,-1.9169957577171972,1.3211188781059393,-0.03603903772467271,0.45305067805920607
3461.0,-2.5055511361461575,-2.6044356445808194,-1.9145678328928974,1.3385614921144173,-0.04082939331814395,0.4694914050021415
3462.0,-2.505500470177602,-2.6053656292500467,-1.9121399080685977,1.3560041061228951,-0.04561974891161513,0.48593213194507645
3463.0,-2.5054498042090465,-2.6062956139192743,-1.909711983244298,1.3734467201313731,-0.05041010450508637,0.5023728588880119
3464.0,-2.5053991382404908,-2.6072255985885016,-1.9072840584199982,1.3908893341398507,-0.0552004600985575,0.518813585830947
3465.0,-2.5053484722719355,-2.6081555832577292,-1.9048561335956982,1.4083319481483287,-0.0599908156920288,0.5352543127738825
3466.0,-2.5052978063033797,-2.6090855679269565,-1.9024282087713984,1.4257745621568065,-0.06478117128549998,0.5516950397168174
3467.0,-2.5052471403348244,-2.6100155525961837,-1.9000002839470986,1.4432171761652846,-0.06957152687897117,0.5681357666597528
3468.0,-2.5051964743662687,-2.6109455372654113,-1.8975723591227989,1.4606597901737621,-0.07436188247244235,0.584576493602688
3469.0,-2.5051458083977134,-2.6118755219346386,-1.895144434298499,1.4781024041822401,-0.07915223806591365,0.6010172205456235
3470.0,-2.5050951424291577,-2.612805506603866,-1.8927165094741993,1.495545018190718,-0.08394259365938472,0.6174579474885584
3471.0,-2.5050444764606024,-2.6137354912730935,-1.8902885846498996,1.512987632199196,-0.08873294925285602,0.6338986744314938
3472.0,-2.5049938104920466,-2.6146654759423207,-1.8878606598255998,1.5304302462076738,-0.0935233048463272,0.650339401374429
3473.0,-2.5049431445234913,-2.615595460611548,-1.8854327350013,1.5478728602161513,-0.09831366043979839,0.666780128317364
3474.0,-2.5048924785549356,-2.6165254452807756,-1.8830048101770003,1.5653154742246294,-0.10310401603326957,0.6832208552602994
3475.0,-2.5048418125863803,-2.617455429950003,-1.8805768853527005,1.5827580882331072,-0.10789437162674076,0.6996615822032346
3476.0,-2.5047911466178245,-2.6183854146192305,-1.8781489605284007,1.600200702241585,-0.11268472722021206,0.71610230914617
3477.0,-2.5047404806492692,-2.6193153992884577,-1.875721035704101,1.6176433162500627,-0.11747508281368313,0.732543036089105
3478.0,-2.5046898146807135,-2.620245383957685,-1.8732931108798012,1.635085930258541,-0.12226543840715443,0.7489837630320404
3479.0,-2.504639148712158,-2.6211753686269126,-1.8708651860555015,1.6525285442670183,-0.1270557940006256,0.7654244899749756
3480.0,-2.504588482743603,-2.62210535329614,-1.8684372612312015,1.6699711582754966,-0.1318461495940968,0.7818652169179108
3481.0,-2.504537816775047,-2.623035337965367,-1.8660093364069017,1.6874137722839744,-0.13663650518756798,0.798305943860846
3482.0,-2.504487150806492,-2.6239653226345947,-1.863581411582602,1.7048563862924522,-0.14142686078103928,0.8147466708037814
3483.0,-2.504436484837936,-2.624895307303822,-1.8611534867583022,1.72229900030093,-0.14621721637451046,0.8311873977467163
3484.0,-2.504385818869381,-2.625825291973049,-1.8587255619340024,1.7397416143094082,-0.15100757196798165,0.8476281246896518
3485.0,-2.504335152900825,-2.626755276642277,-1.8562976371097026,1.7571842283178856,-0.15579792756145283,0.8640688516325867
3486.0,-2.50428448693227,-2.627685261311504,-1.8538697122854026,1.7746268423263638,-0.16058828315492413,0.8805095785755221
3487.0,-2.504233820963714,-2.6286152459807317,-1.851441787461103,1.7920694563348416,-0.1653786387483952,0.8969503055184576
3488.0,-2.5041831549951588,-2.629545230649959,-1.8490138626368031,1.8095120703433194,-0.1701689943418665,0.913391032461393
3489.0,-2.504132489026603,-2.630475215319186,-1.8465859378125034,1.8269546843517972,-0.17495934993533768,0.9298317594043279
3490.0,-2.5040818230580477,-2.631405199988414,-1.8441580129882036,1.844397298360275,-0.17974970552880876,0.9462724863472629
3491.0,-2.504031157089492,-2.632335184657641,-1.8417300881639038,1.8618399123687528,-0.18454006112228005,0.9627132132901983
3492.0,-2.5039804911209367,-2.6332651693268683,-1.839302163339604,1.8792825263772306,-0.18933041671575124,0.9791539402331333
3493.0,-2.503929825152381,-2.634195153996096,-1.8368742385153043,1.8967251403857084,-0.19412077230922242,0.9955946671760687
3494.0,-2.5038791591838256,-2.635125138665323,-1.8344463136910045,1.9141677543941862,-0.1989111279026936,1.0120353941190041
3495.0,-2.50382849321527,-2.6360551233345504,-1.8320183888667048,1.9316103684026644,-0.2037014834961649,1.0284761210619395
3496.0,-2.5037778272467146,-2.636985108003778,-1.829590464042405,1.9490529824111422,-0.2084918390896361,1.0449168480048745
3497.0,-2.503727161278159,-2.6379150926730053,-1.8271625392181052,1.96649559641962,-0.21328219468310727,1.06135757494781
3498.0,-2.5036764953096036,-2.638845077342233,-1.8247346143938055,1.9839382104280978,-0.21807255027657846,1.0777983018907449
3499.0,-2.503625829341048,-2.63977506201146,-1.8223066895695057,2.0013808244365756,-0.22286290587004975,1.0942390288336803
3500.0,-2.5035751633724925,-2.6407050466806874,-1.819878764745206,2.0188234384450534,-0.22765326146352083,1.1106797557766153
3501.0,-2.503524497403937,-2.641635031349915,-1.817450839920906,2.0362660524535316,-0.23244361705699212,1.1271204827195507
3502.0,-2.5034738314353815,-2.6425650160191423,-1.8150229150966062,2.053708666462009,-0.2372339726504633,1.143561209662486
3503.0,-2.5034231654668258,-2.6434950006883695,-1.8125949902723064,2.0711512804704872,-0.2420243282439345,1.1600019366054215
3504.0,-2.5033724994982705,-2.644424985357597,-1.8101670654480067,2.088593894478965,-0.24681468383740568,1.1764426635483565
3505.0,-2.5033218335297147,-2.6453549700268244,-1.8077391406237069,2.106036508487443,-0.251605039430877,1.1928833904912919
3506.0,-2.5032711675611594,-2.6462849546960516,-1.8053112157994071,2.1234791224959206,-0.25639539502434816,1.2093241174342269
3507.0,-2.5032205015926037,-2.6472149393652793,-1.8028832909751074,2.1409217365043984,-0.26118575061781923,1.2257648443771618
3508.0,-2.5031698356240484,-2.6481449240345065,-1.8004553661508076,2.1583643505128762,-0.26597610621129053,1.2422055713200972
3509.0,-2.5031191696554926,-2.649074908703734,-1.7980274413265078,2.175806964521354,-0.2707664618047617,1.2586462982630326
3510.0,-2.5030685036869373,-2.6500048933729614,-1.7955995165022078,2.1932495785298323,-0.2755568173982329,1.2750870252059676
3511.0,-2.5030178377183816,-2.6509348780421886,-1.793171591677908,2.2106921925383096,-0.2803471729917041,1.291527752148903
3512.0,-2.5029671717498263,-2.6518648627114163,-1.7907436668536083,2.228134806546788,-0.2851375285851754,1.3079684790918384
3513.0,-2.5029165057812706,-2.6527948473806435,-1.7883157420293085,2.2455774205552657,-0.28992788417864657,1.3244092060347734
3514.0,-2.5028658398127153,-2.6537248320498708,-1.7858878172050088,2.2630200345637435,-0.29471823977211775,1.3408499329777088
3515.0,-2.5028151738441595,-2.6546548167190984,-1.783459892380709,2.2804626485722213,-0.29950859536558894,1.3572906599206438
3516.0,-2.5027645078756042,-2.6555848013883256,-1.7810319675564092,2.2979052625806995,-0.30429895095906023,1.3737313868635792
3517.0,-2.5027138419070485,-2.656514786057553,-1.7786040427321095,2.315347876589177,-0.3090893065525313,1.3901721138065142
3518.0,-2.502663175938493,-2.6574447707267805,-1.7761761179078097,2.332790490597655,-0.3138796621460026,1.4066128407494496
3519.0,-2.5026125099699374,-2.6583747553960078,-1.77374819308351,2.350233104606133,-0.3186700177394738,1.423053567692385
3520.0,-2.502561844001382,-2.6593047400652354,-1.7713202682592102,2.3676757186146107,-0.323460373332945,1.4394942946353204
3521.0,-2.5025111780328264,-2.6602347247344627,-1.7688923434349104,2.3851183326230885,-0.32825072892641616,1.4559350215782554
3522.0,-2.502460512064271,-2.66116470940369,-1.7664644186106107,2.4025609466315663,-0.33304108451988734,1.4723757485211904
3523.0,-2.5024098460957154,-2.6620946940729175,-1.7640364937863107,2.420003560640044,-0.3378314401133585,1.4888164754641258
3524.0,-2.50235918012716,-2.6630246787421448,-1.761608568962011,2.437446174648522,-0.3426217957068297,1.5052572024070607
3525.0,-2.5023085141586043,-2.663954663411372,-1.7591806441377111,2.4548887886569997,-0.347412151300301,1.5216979293499961
3526.0,-2.502257848190049,-2.6648846480805997,-1.7567527193134114,2.4723314026654775,-0.3522025068937722,1.5381386562929316
3527.0,-2.5022071822214933,-2.665814632749827,-1.7543247944891116,2.4897740166739557,-0.3569928624872434,1.554579383235867
3528.0,-2.502156516252938,-2.666744617419054,-1.7518968696648118,2.5072166306824335,-0.36178321808071456,1.571020110178802
3529.0,-2.5021058502843823,-2.6676746020882818,-1.749468944840512,2.5246592446909113,-0.36657357367418586,1.5874608371217374
3530.0,-2.502055184315827,-2.668604586757509,-1.7470410200162123,2.542101858699389,-0.37136392926765693,1.6039015640646723
3531.0,-2.5020045183472712,-2.6695345714267367,-1.7446130951919123,2.559544472707867,-0.37615428486112823,1.6203422910076077
3532.0,-2.501953852378716,-2.670464556095964,-1.7421851703676126,2.5769870867163447,-0.3809446404545994,1.6367830179505427
3533.0,-2.50190318641016,-2.671394540765191,-1.7397572455433128,2.594429700724823,-0.3857349960480706,1.6532237448934781
3534.0,-2.501852520441605,-2.672324525434419,-1.737329320719013,2.6118723147333003,-0.3905253516415418,1.6696644718364135
3535.0,-2.501801854473049,-2.673254510103646,-1.7349013958947133,2.6293149287417785,-0.3953157072350131,1.686105198779349
3536.0,-2.501751188504494,-2.6741844947728732,-1.7324734710704135,2.6467575427502563,-0.40010606282848427,1.702545925722284
3537.0,-2.501700522535938,-2.675114479442101,-1.7300455462461137,2.6642001567587337,-0.40489641842195534,1.7189866526652189
3538.0,-2.501649856567383,-2.676044464111328,-1.727617621421814,2.681642770767212,-0.40968677401542664,1.7354273796081543
3539.0,-2.501649856567383,-2.676044464111328,-1.727617621421814,2.681642770767212,-0.40968677401542664,1.7354273796081543
3540.0,-2.5042843364533924,-2.67243462517148,-1.727398951848348,2.682098842802502,-0.4269192162014189,1.731651709193275
3541.0,-2.506918816339402,-2.668824786231631,-1.727180282274882,2.682554914837792,-0.4441516583874112,1.7278760387783958
3542.0,-2.5095532962254117,-2.665214947291783,-1.726961612701416,2.683010986873082,-0.4613841005734035,1.7241003683635168
3543.0,-2.5121877761114213,-2.6616051083519343,-1.72674294312795,2.683467058908372,-0.4786165427593958,1.7203246979486375
3544.0,-2.514822255997431,-2.657995269412086,-1.7265242735544841,2.6839231309436618,-0.4958489849453881,1.7165490275337583
3545.0,-2.51745673588344,-2.654385430472238,-1.726305603981018,2.6843792029789517,-0.5130814271313804,1.712773357118879
3546.0,-2.5200912157694497,-2.650775591532389,-1.726086934407552,2.6848352750142417,-0.5303138693173727,1.7089976867039998
3547.0,-2.5227256956554593,-2.647165752592541,-1.7258682648340862,2.6852913470495317,-0.547546311503365,1.7052220162891207
3548.0,-2.525360175541469,-2.6435559136526927,-1.7256495952606201,2.6857474190848216,-0.5647787536893571,1.7014463458742415
3549.0,-2.5279946554274786,-2.639946074712844,-1.725430925687154,2.6862034911201116,-0.5820111958753496,1.6976706754593622
3550.0,-2.530629135313488,-2.636336235772996,-1.7252122561136882,2.686659563155401,-0.5992436380613417,1.693895005044483
3551.0,-2.533263615199498,-2.632726396833147,-1.7249935865402222,2.687115635190691,-0.616476080247334,1.6901193346296037
3552.0,-2.5358980950855075,-2.629116557893299,-1.724774916966756,2.687571707225981,-0.6337085224333263,1.6863436642147245
3553.0,-2.538532574971517,-2.6255067189534507,-1.7245562473932903,2.688027779261271,-0.6509409646193186,1.6825679937998455
3554.0,-2.5411670548575267,-2.621896880013602,-1.7243375778198242,2.688483851296561,-0.6681734068053109,1.6787923233849662
3555.0,-2.543801534743536,-2.6182870410737538,-1.7241189082463582,2.688939923331851,-0.6854058489913032,1.675016652970087
3556.0,-2.5464360146295455,-2.6146772021339055,-1.7239002386728923,2.689395995367141,-0.7026382911772955,1.6712409825552077
3557.0,-2.549070494515555,-2.611067363194057,-1.7236815690994263,2.689852067402431,-0.7198707333632878,1.6674653121403284
3558.0,-2.5517049744015647,-2.6074575242542086,-1.7234628995259602,2.690308139437721,-0.7371031755492801,1.6636896417254494
3559.0,-2.5543394542875744,-2.60384768531436,-1.7232442299524944,2.690764211473011,-0.7543356177352724,1.6599139713105702
3560.0,-2.556973934173584,-2.6002378463745117,-1.7230255603790283,2.691220283508301,-0.7715680599212646,1.656138300895691
3561.0,-2.556973934173584,-2.6002378463745117,-1.7230255603790283,2.691220283508301,-0.7715680599212646,1.656138300895691
3562.0,-2.5611084393092565,-2.5983936718532017,-1.7217082943235125,2.689983286176409,-0.7889180660247803,1.652785508973258
3563.0,-2.565242944444929,-2.5965494973318917,-1.7203910282679966,2.6887462888445173,-0.8062680721282959,1.649432717050825
3564.0,-2.5693774495806014,-2.5947053228105816,-1.7190737622124808,2.6875092915126255,-0.8236180782318115,1.6460799251283917
3565.0,-2.573511954716274,-2.5928611482892716,-1.717756496156965,2.6862722941807338,-0.8409680843353271,1.6427271332059588
3566.0,-2.577646459851946,-2.5910169737679616,-1.716439230101449,2.685035296848842,-0.8583180904388428,1.6393743412835258
3567.0,-2.5817809649876184,-2.589172799246652,-1.7151219640459334,2.6837982995169503,-0.8756680965423584,1.6360215493610928
3568.0,-2.585915470123291,-2.587328624725342,-1.7138046979904176,2.6825613021850585,-0.893018102645874,1.6326687574386596
3569.0,-2.5900499752589634,-2.585484450204032,-1.7124874319349017,2.6813243048531668,-0.9103681087493897,1.6293159655162266
3570.0,-2.594184480394636,-2.583640275682722,-1.7111701658793859,2.680087307521275,-0.9277181148529052,1.6259631735937936
3571.0,-2.5983189855303084,-2.581796101161412,-1.70985289982387,2.6788503101893832,-0.9450681209564209,1.6226103816713606
3572.0,-2.602453490665981,-2.579951926640102,-1.7085356337683542,2.6776133128574915,-0.9624181270599366,1.6192575897489276
3573.0,-2.6065879958016533,-2.578107752118792,-1.7072183677128383,2.6763763155255997,-0.9797681331634521,1.6159047978264944
3574.0,-2.610722500937326,-2.576263577597482,-1.7059011016573224,2.675139318193708,-0.9971181392669678,1.6125520059040614
3575.0,-2.614857006072998,-2.574419403076172,-1.7045838356018066,2.6739023208618162,-1.0144681453704834,1.6091992139816285
3576.0,-2.6189915112086704,-2.5725752285548618,-1.7032665695462907,2.6726653235299245,-1.031818151473999,1.6058464220591955
3577.0,-2.623126016344343,-2.5707310540335517,-1.701949303490775,2.6714283261980327,-1.0491681575775147,1.6024936301367623
3578.0,-2.6272605214800153,-2.5688868795122417,-1.700632037435259,2.670191328866141,-1.0665181636810304,1.5991408382143293
3579.0,-2.631395026615688,-2.567042704990932,-1.6993147713797434,2.6689543315342497,-1.0838681697845458,1.5957880462918963
3580.0,-2.6355295317513603,-2.565198530469622,-1.6979975053242276,2.667717334202358,-1.1012181758880615,1.5924352543694633
3581.0,-2.6396640368870328,-2.563354355948312,-1.6966802392687117,2.666480336870466,-1.1185681819915771,1.58908246244703
3582.0,-2.6437985420227053,-2.561510181427002,-1.6953629732131958,2.6652433395385744,-1.1359181880950928,1.5857296705245971
3583.0,-2.6479330471583773,-2.559666006905692,-1.69404570715768,2.6640063422066826,-1.1532681941986085,1.5823768786021641
3584.0,-2.65206755229405,-2.557821832384382,-1.6927284411021641,2.662769344874791,-1.170618200302124,1.5790240866797312
3585.0,-2.6562020574297223,-2.555977657863072,-1.6914111750466483,2.661532347542899,-1.1879682064056396,1.575671294757298
3586.0,-2.6603365625653947,-2.554133483341762,-1.6900939089911324,2.6602953502110074,-1.2053182125091553,1.572318502834865
3587.0,-2.6644710677010672,-2.552289308820452,-1.6887766429356166,2.6590583528791156,-1.222668218612671,1.568965710912432
3588.0,-2.6686055728367397,-2.550445134299142,-1.6874593768801007,2.657821355547224,-1.2400182247161866,1.565612918989999
3589.0,-2.672740077972412,-2.548600959777832,-1.6861421108245849,2.656584358215332,-1.257368230819702,1.562260127067566
3590.0,-2.6768745831080847,-2.5467567852565223,-1.6848248447690692,2.6553473608834404,-1.2747182369232177,1.5589073351451328
3591.0,-2.681009088243757,-2.5449126107352122,-1.6835075787135534,2.6541103635515486,-1.2920682430267334,1.5555545432226998
3592.0,-2.685143593379429,-2.543068436213902,-1.6821903126580375,2.652873366219657,-1.3094182491302488,1.5522017513002668
3593.0,-2.6892780985151017,-2.541224261692592,-1.6808730466025217,2.651636368887765,-1.3267682552337647,1.5488489593778338
3594.0,-2.693412603650774,-2.539380087171282,-1.6795557805470058,2.6503993715558734,-1.3441182613372802,1.5454961674554006
3595.0,-2.6975471087864467,-2.537535912649972,-1.67823851449149,2.6491623742239816,-1.3614682674407959,1.5421433755329677
3596.0,-2.701681613922119,-2.535691738128662,-1.6769212484359741,2.64792537689209,-1.3788182735443115,1.5387905836105347
3597.0,-2.701681613922119,-2.535691738128662,-1.6769212484359741,2.64792537689209,-1.3788182735443115,1.5387905836105347
3598.0,-2.7066712379455566,-2.5380138158798218,-1.6690523624420166,2.6410540342330933,-1.3952394127845764,1.2001786530017853
3599.0,-2.711660861968994,-2.5403358936309814,-1.661183476448059,2.6341826915740967,-1.4116605520248413,0.8615667223930359
3600.0,-2.7166504859924316,-2.542657971382141,-1.6533145904541016,2.6273113489151,-1.4280816912651062,0.5229547917842865
3601.0,-2.721640110015869,-2.544980049133301,-1.645445704460144,2.6204400062561035,-1.444502830505371,0.1843428611755371
3602.0,-2.7266297340393066,-2.5473021268844604,-1.6375768184661865,2.613568663597107,-1.460923969745636,-0.15426906943321228
3603.0,-2.731619358062744,-2.54962420463562,-1.629707932472229,2.6066973209381104,-1.4773451089859009,-0.49288100004196167
3604.0,-2.7366089820861816,-2.55194628238678,-1.6218390464782715,2.5998259782791138,-1.4937662482261658,-0.8314929306507111
3605.0,-2.741598606109619,-2.5542683601379395,-1.613970160484314,2.592954635620117,-1.5101873874664307,-1.1701048612594604
3606.0,-2.741598606109619,-2.5542683601379395,-1.613970160484314,2.592954635620117,-1.5101873874664307,-1.1701048612594604
3607.0,-2.7370635867118835,-2.557101935148239,-1.6094392836093903,2.5862086713314056,-1.4936757683753967,-0.7987014353275299
3608.0,-2.732528567314148,-2.559935510158539,-1.6049084067344666,2.579462707042694,-1.4771641492843628,-0.42729800939559937
3609.0,-2.7279935479164124,-2.5627690851688385,-1.6003775298595428,2.5727167427539825,-1.4606525301933289,-0.05589458346366882
3610.0,-2.7234585285186768,-2.565602660179138,-1.5958466529846191,2.565970778465271,-1.444140911102295,0.3155088424682617
3611.0,-2.718923509120941,-2.568436235189438,-1.5913157761096954,2.5592248141765594,-1.427629292011261,0.6869122684001923
3612.0,-2.7143884897232056,-2.5712698101997375,-1.5867848992347717,2.552478849887848,-1.411117672920227,1.0583156943321228
3613.0,-2.70985347032547,-2.5741033852100372,-1.582254022359848,2.5457328855991364,-1.3946060538291931,1.4297191202640533
3614.0,-2.7053184509277344,-2.576936960220337,-1.5777231454849243,2.538986921310425,-1.3780944347381592,1.8011225461959839
3615.0,-2.7053184509277344,-2.576936960220337,-1.5777231454849243,2.538986921310425,-1.3780944347381592,1.8011225461959839
3616.0,-2.707739782333374,-2.578284406661987,-1.5720244646072388,2.5372524738311766,-1.3921774864196776,1.2122310161590577
3617.0,-2.7101611137390136,-2.5796318531036375,-1.5663257837295532,2.535518026351929,-1.4062605381011963,0.6233394861221313
3618.0,-2.7125824451446534,-2.5809792995452883,-1.5606271028518677,2.5337835788726806,-1.4203435897827148,0.0344479560852049
3619.0,-2.715003776550293,-2.5823267459869386,-1.5549284219741821,2.532049131393433,-1.4344266414642335,-0.5544435739517213
3620.0,-2.7174251079559326,-2.583674192428589,-1.5492297410964966,2.5303146839141846,-1.448509693145752,-1.1433351039886475
3621.0,-2.7174251079559326,-2.583674192428589,-1.5492297410964966,2.5303146839141846,-1.448509693145752,-1.1433351039886475
3622.0,-2.719649871190389,-2.5888009071350098,-1.5376087427139282,2.516758918762207,-1.4416434367497761,-0.11980060736338305
3623.0,-2.7218746344248452,-2.5939276218414307,-1.5259877443313599,2.5032031536102295,-1.4347771803538005,0.9037338892618814
3624.0,-2.7240993976593018,-2.5990543365478516,-1.5143667459487915,2.489647388458252,-1.4279109239578247,1.927268385887146
3625.0,-2.7240993976593018,-2.5990543365478516,-1.5143667459487915,2.489647388458252,-1.4279109239578247,1.927268385887146
3626.0,-2.728847543398539,-2.5968847274780273,-1.5168952544530232,2.49554177125295,-1.4424915512402852,1.409196416536967
3627.0,-2.733595689137777,-2.594715118408203,-1.5194237629572551,2.501436154047648,-1.4570721785227458,0.8911244471867881
3628.0,-2.738343834877014,-2.592545509338379,-1.5219522714614868,2.507330536842346,-1.4716528058052063,0.3730524778366089
3629.0,-2.7430919806162515,-2.5903759002685547,-1.5244807799657185,2.5132249196370444,-1.4862334330876668,-0.14501949151356985
3630.0,-2.7478401263554892,-2.5882062911987305,-1.5270092884699504,2.519119302431742,-1.5008140603701274,-0.663091460863749
3631.0,-2.7525882720947266,-2.5860366821289062,-1.5295377969741821,2.5250136852264404,-1.515394687652588,-1.1811634302139282
3632.0,-2.7525882720947266,-2.5860366821289062,-1.5295377969741821,2.5250136852264404,-1.515394687652588,-1.1811634302139282
3633.0,-2.755206743876139,-2.5914058685302734,-1.5152575174967449,2.5147982438405356,-1.5173273881276448,-1.1838277578353882
3634.0,-2.7578252156575522,-2.5967750549316406,-1.5009772380193074,2.5045828024546304,-1.519260088602702,-1.1864920854568481
3635.0,-2.760443687438965,-2.602144241333008,-1.4866969585418701,2.4943673610687256,-1.5211927890777588,-1.189156413078308
3636.0,-2.760443687438965,-2.602144241333008,-1.4866969585418701,2.4943673610687256,-1.5211927890777588,-1.189156413078308
3637.0,-2.7640684843063354,-2.6071152687072754,-1.4735773801803589,2.4850388765335083,-1.524107038974762,-1.1928452849388123
3638.0,-2.767693281173706,-2.612086296081543,-1.4604578018188477,2.475710391998291,-1.5270212888717651,-1.1965341567993164
3639.0,-2.767693281173706,-2.612086296081543,-1.4604578018188477,2.475710391998291,-1.5270212888717651,-1.1965341567993164
3640.0,-2.773049473762512,-2.617144823074341,-1.4469751119613647,2.466629981994629,-1.5297310948371887,-1.2019453644752502
3641.0,-2.7784056663513184,-2.6222033500671387,-1.4334924221038818,2.457549571990967,-1.5324409008026123,-1.207356572151184
3642.0,-2.7784056663513184,-2.6222033500671387,-1.4334924221038818,2.457549571990967,-1.5324409008026123,-1.207356572151184
3643.0,-2.783258557319641,-2.6255850791931152,-1.4243353605270386,2.4516454935073853,-1.5337527394294739,-1.212234914302826
3644.0,-2.788111448287964,-2.628966808319092,-1.4151782989501953,2.4457414150238037,-1.5350645780563354,-1.2171132564544678
3645.0,-2.788111448287964,-2.628966808319092,-1.4151782989501953,2.4457414150238037,-1.5350645780563354,-1.2171132564544678
3646.0,-2.782921254634857,-2.6345072984695435,-1.4053661227226257,2.4314770102500916,-1.5239102244377136,-1.211710900068283
3647.0,-2.7777310609817505,-2.640047788619995,-1.3955539464950562,2.4172126054763794,-1.5127558708190918,-1.2063085436820984
3648.0,-2.772540867328644,-2.6455882787704468,-1.3857417702674866,2.4029482007026672,-1.50160151720047,-1.2009061872959137
3649.0,-2.767350673675537,-2.6511287689208984,-1.375929594039917,2.388683795928955,-1.4904471635818481,-1.195503830909729
3650.0,-2.767350673675537,-2.6511287689208984,-1.375929594039917,2.388683795928955,-1.4904471635818481,-1.195503830909729
3651.0,-2.7629328966140747,-2.6464529037475586,-1.3889846801757812,2.3956369161605835,-1.4820913076400757,-1.1907429695129395
3652.0,-2.7585151195526123,-2.6417770385742188,-1.4020397663116455,2.402590036392212,-1.4737354516983032,-1.18598210811615
3653.0,-2.7585151195526123,-2.6417770385742188,-1.4020397663116455,2.402590036392212,-1.4737354516983032,-1.18598210811615
3654.0,-2.752723813056946,-2.6362266540527344,-1.4159392714500427,2.4148240089416504,-1.4724792838096619,-1.1800615787506104
3655.0,-2.7469325065612793,-2.63067626953125,-1.42983877658844,2.427057981491089,-1.4712231159210205,-1.1741410493850708
3656.0,-2.7469325065612793,-2.63067626953125,-1.42983877658844,2.427057981491089,-1.4712231159210205,-1.1741410493850708
3657.0,-2.7511861324310303,-2.6339962482452393,-1.4248764514923096,2.4123491048812866,-1.4681495428085327,-1.1784335374832153
3658.0,-2.7554397583007812,-2.6373162269592285,-1.4199141263961792,2.3976402282714844,-1.465075969696045,-1.1827260255813599
3659.0,-2.7554397583007812,-2.6373162269592285,-1.4199141263961792,2.3976402282714844,-1.465075969696045,-1.1827260255813599
3660.0,-2.749183734258016,-2.63488777478536,-1.427716851234436,2.4031222661336265,-1.4502935409545898,-0.08639136950174975
3661.0,-2.7429277102152505,-2.6324593226114907,-1.4355195760726929,2.408604303995768,-1.4355111122131348,1.0099432865778604
3662.0,-2.7366716861724854,-2.630030870437622,-1.4433223009109497,2.41408634185791,-1.4207286834716797,2.1062779426574707
3663.0,-2.7366716861724854,-2.630030870437622,-1.4433223009109497,2.41408634185791,-1.4207286834716797,2.1062779426574707
3664.0,-2.741122325261434,-2.6364020109176636,-1.4289645353953044,2.3986440102259317,-1.4239262143770854,2.1501290798187256
3665.0,-2.7455729643503823,-2.642773151397705,-1.414606769879659,2.3832016785939536,-1.427123745282491,2.1939802169799805
3666.0,-2.750023603439331,-2.6491442918777466,-1.4002490043640137,2.367759346961975,-1.4303212761878967,2.2378313541412354
3667.0,-2.7544742425282798,-2.655515432357788,-1.3858912388483684,2.3523170153299966,-1.4335188070933025,2.2816824913024902
3668.0,-2.758924881617228,-2.6618865728378296,-1.371533473332723,2.3368746836980185,-1.436716337998708,2.325533628463745
3669.0,-2.7633755207061768,-2.668257713317871,-1.3571757078170776,2.32143235206604,-1.4399138689041138,2.369384765625
3670.0,-2.7633755207061768,-2.668257713317871,-1.3571757078170776,2.32143235206604,-1.4399138689041138,2.369384765625
3671.0,-2.7679675817489624,-2.666054368019104,-1.355344831943512,2.33505916595459,-1.451481819152832,2.3401013612747192
3672.0,-2.772559642791748,-2.663851022720337,-1.3535139560699463,2.3486859798431396,-1.4630497694015503,2.3108179569244385
3673.0,-2.772559642791748,-2.663851022720337,-1.3535139560699463,2.3486859798431396,-1.4630497694015503,2.3108179569244385
3674.0,-2.779165824254354,-2.666391928990682,-1.343345284461975,2.3497034708658853,-1.4774673382441204,1.1334782044092815
3675.0,-2.7857720057169595,-2.668932835261027,-1.333176612854004,2.3507209618886313,-1.4918849070866902,-0.0438615481058755
3676.0,-2.7923781871795654,-2.671473741531372,-1.3230079412460327,2.351738452911377,-1.5063024759292603,-1.2212013006210327
3677.0,-2.7923781871795654,-2.671473741531372,-1.3230079412460327,2.351738452911377,-1.5063024759292603,-1.2212013006210327
3678.0,-2.8003717263539634,-2.676698605219523,-1.3092490037282307,2.3431270122528076,-1.5110329389572144,-1.2293334404627483
3679.0,-2.808365265528361,-2.6819234689076743,-1.295490066210429,2.3345155715942383,-1.5157634019851685,-1.2374655803044636
3680.0,-2.816358804702759,-2.687148332595825,-1.281731128692627,2.325904130935669,-1.5204938650131226,-1.2455977201461792
3681.0,-2.816358804702759,-2.687148332595825,-1.281731128692627,2.325904130935669,-1.5204938650131226,-1.2455977201461792
3682.0,-2.8227096796035767,-2.6921985149383545,-1.2676581144332886,2.3207035064697266,-1.5270570516586304,-1.2520212531089783
3683.0,-2.8290605545043945,-2.697248697280884,-1.2535851001739502,2.315502882003784,-1.5336202383041382,-1.2584447860717773
3684.0,-2.8290605545043945,-2.697248697280884,-1.2535851001739502,2.315502882003784,-1.5336202383041382,-1.2584447860717773
3685.0,-2.8360589742660522,-2.701034665107727,-1.243281602859497,2.3108962774276733,-1.5374470353126526,-1.2654732465744019
3686.0,-2.84305739402771,-2.7048206329345703,-1.232978105545044,2.3062896728515625,-1.541273832321167,-1.2725017070770264
3687.0,-2.84305739402771,-2.7048206329345703,-1.232978105545044,2.3062896728515625,-1.541273832321167,-1.2725017070770264
3688.0,-2.8420791149139406,-2.6984055519104,-1.246187114715576,2.3212368488311768,-1.545843482017517,-1.271483016014099
3689.0,-2.841100835800171,-2.6919904708862306,-1.2593961238861084,2.336184024810791,-1.5504131317138672,-1.2704643249511718
3690.0,-2.8401225566864015,-2.6855753898620605,-1.2726051330566406,2.3511312007904053,-1.5549827814102173,-1.2694456338882447
3691.0,-2.8391442775726317,-2.679160308837891,-1.285814142227173,2.3660783767700195,-1.5595524311065674,-1.2684269428253174
3692.0,-2.8381659984588623,-2.6727452278137207,-1.299023151397705,2.381025552749634,-1.5641220808029175,-1.2674082517623901
3693.0,-2.8381659984588623,-2.6727452278137207,-1.299023151397705,2.381025552749634,-1.5641220808029175,-1.2674082517623901
3694.0,-2.8312931060791016,-2.667889356613159,-1.3121968507766724,2.387025833129883,-1.5614703297615051,-1.2605358958244324
3695.0,-2.824420213699341,-2.6630334854125977,-1.3253705501556396,2.393026113510132,-1.5588185787200928,-1.2536635398864746
3696.0,-2.824420213699341,-2.6630334854125977,-1.3253705501556396,2.393026113510132,-1.5588185787200928,-1.2536635398864746
3697.0,-2.8197611570358276,-2.6590418815612793,-1.3358593583106995,2.398949980735779,-1.5565213561058044,-1.2489922046661377
3698.0,-2.8151021003723145,-2.655050277709961,-1.3463481664657593,2.404873847961426,-1.5542241334915161,-1.2443208694458008
3699.0,-2.8151021003723145,-2.655050277709961,-1.3463481664657593,2.404873847961426,-1.5542241334915161,-1.2443208694458008
3700.0,-2.8133784413337706,-2.6584912300109864,-1.3424785912036896,2.387589681148529,-1.545169222354889,-1.1450159847736359
3701.0,-2.811654782295227,-2.661932182312012,-1.33860901594162,2.3703055143356324,-1.5361143112182618,-1.045711100101471
3702.0,-2.8099311232566833,-2.665373134613037,-1.33473944067955,2.3530213475227355,-1.5270594000816344,-0.946406215429306
3703.0,-2.80820746421814,-2.6688140869140624,-1.3308698654174804,2.335737180709839,-1.5180044889450073,-0.8471013307571411
3704.0,-2.806483805179596,-2.672255039215088,-1.3270002901554108,2.318453013896942,-1.5089495778083801,-0.7477964460849762
3705.0,-2.804760146141052,-2.6756959915161134,-1.323130714893341,2.3011688470840452,-1.499894666671753,-0.6484915614128112
3706.0,-2.8030364871025086,-2.679136943817139,-1.3192611396312715,2.2838846802711488,-1.4908397555351258,-0.5491866767406463
3707.0,-2.8013128280639648,-2.682577896118164,-1.3153915643692016,2.266600513458252,-1.4817848443984984,-0.44988179206848145
3708.0,-2.7995891690254213,-2.6860188484191894,-1.311521989107132,2.2493163466453554,-1.4727299332618713,-0.35057690739631653
3709.0,-2.7978655099868774,-2.689459800720215,-1.3076524138450623,2.2320321798324585,-1.4636750221252441,-0.2512720227241516
3710.0,-2.7961418509483336,-2.6929007530212403,-1.3037828385829926,2.2147480130195616,-1.454620110988617,-0.1519671380519867
3711.0,-2.79441819190979,-2.696341705322266,-1.299913263320923,2.197463846206665,-1.4455651998519898,-0.052662253379821555
3712.0,-2.7926945328712462,-2.699782657623291,-1.296043688058853,2.180179679393768,-1.4365102887153625,0.04664263129234314
3713.0,-2.790970873832703,-2.7032236099243163,-1.2921741127967834,2.1628955125808718,-1.4274553775787353,0.14594751596450828
3714.0,-2.789247214794159,-2.706664562225342,-1.2883045375347137,2.145611345767975,-1.4184004664421082,0.24525240063667297
3715.0,-2.787523555755615,-2.7101055145263673,-1.284434962272644,2.128327178955078,-1.409345555305481,0.3445572853088379
3716.0,-2.7857998967170716,-2.7135464668273928,-1.2805653870105744,2.1110430121421815,-1.4002906441688538,0.44386216998100303
3717.0,-2.7840762376785277,-2.716987419128418,-1.2766958117485045,2.0937588453292846,-1.3912357330322265,0.5431670546531677
3718.0,-2.7823525786399843,-2.7204283714294433,-1.272826236486435,2.076474678516388,-1.3821808218955993,0.6424719393253329
3719.0,-2.7806289196014404,-2.7238693237304688,-1.2689566612243652,2.059190511703491,-1.3731259107589722,0.7417768239974976
3720.0,-2.7789052605628966,-2.7273102760314942,-1.2650870859622956,2.0419063448905943,-1.364070999622345,0.8410817086696625
3721.0,-2.777181601524353,-2.7307512283325197,-1.261217510700226,2.024622178077698,-1.3550160884857179,0.9403865933418274
3722.0,-2.7754579424858092,-2.7341921806335447,-1.257347935438156,2.007338011264801,-1.3459611773490905,1.0396914780139928
3723.0,-2.773734283447266,-2.7376331329345702,-1.2534783601760864,1.9900538444519043,-1.3369062662124633,1.1389963626861577
3724.0,-2.772010624408722,-2.7410740852355957,-1.2496087849140167,1.9727696776390076,-1.3278513550758362,1.2383012473583221
3725.0,-2.770286965370178,-2.744515037536621,-1.245739209651947,1.9554855108261109,-1.318796443939209,1.337606132030487
3726.0,-2.7685633063316346,-2.7479559898376467,-1.2418696343898774,1.9382013440132142,-1.3097415328025819,1.436911016702652
3727.0,-2.7668396472930907,-2.7513969421386717,-1.2380000591278075,1.9209171772003173,-1.3006866216659545,1.5362159013748173
3728.0,-2.7651159882545473,-2.754837894439697,-1.2341304838657379,1.9036330103874206,-1.2916317105293273,1.6355207860469823
3729.0,-2.7633923292160034,-2.7582788467407227,-1.2302609086036682,1.886348843574524,-1.2825767993927002,1.7348256707191467
3730.0,-2.7616686701774595,-2.761719799041748,-1.2263913333415986,1.869064676761627,-1.273521888256073,1.8341305553913116
3731.0,-2.759945011138916,-2.7651607513427736,-1.222521758079529,1.8517805099487306,-1.264466977119446,1.9334354400634766
3732.0,-2.7582213521003722,-2.7686017036437987,-1.218652182817459,1.8344963431358337,-1.2554120659828185,2.032740324735642
3733.0,-2.756497693061829,-2.772042655944824,-1.2147826075553894,1.817212176322937,-1.2463571548461914,2.132045209407807
3734.0,-2.754774034023285,-2.7754836082458496,-1.2109130322933197,1.7999280095100403,-1.2373022437095642,2.2313500940799713
3735.0,-2.753050374984741,-2.778924560546875,-1.20704345703125,1.7826438426971434,-1.228247332572937,2.3306549787521362
3736.0,-2.7513267159461976,-2.7823655128479006,-1.2031738817691804,1.765359675884247,-1.21919242143631,2.429959863424301
3737.0,-2.7496030569076537,-2.7858064651489256,-1.1993043065071105,1.74807550907135,-1.2101375102996825,2.5292647480964665
3738.0,-2.7478793978691103,-2.789247417449951,-1.1954347312450408,1.7307913422584533,-1.2010825991630554,2.6285696327686314
3739.0,-2.7461557388305664,-2.7926883697509766,-1.1915651559829712,1.7135071754455566,-1.1920276880264282,2.727874517440796
3740.0,-2.7461557388305664,-2.7926883697509766,-1.1915651559829712,1.7135071754455566,-1.1920276880264282,2.727874517440796
3741.0,-2.742286034992763,-2.785855599812099,-1.2035565376281738,1.7294082130704607,-1.183926956994193,2.711361680712019
3742.0,-2.7384163311549594,-2.779022829873221,-1.2155479192733765,1.745309250695365,-1.1758262259619576,2.6948488439832414
3743.0,-2.734546627317156,-2.7721900599343434,-1.227539300918579,1.761210288320269,-1.1677254949297224,2.6783360072544644
3744.0,-2.730676923479353,-2.765357289995466,-1.2395306825637817,1.777111325945173,-1.159624763897487,2.661823170525687
3745.0,-2.7268072196415494,-2.7585245200565884,-1.2515220642089844,1.793012363570077,-1.1515240328652518,2.64531033379691
3746.0,-2.722937515803746,-2.7516917501177107,-1.263513445854187,1.8089134011949812,-1.1434233018330164,2.6287974970681325
3747.0,-2.7190678119659424,-2.744858980178833,-1.2755048274993896,1.8248144388198853,-1.1353225708007812,2.6122846603393555
3748.0,-2.7190678119659424,-2.744858980178833,-1.2755048274993896,1.8248144388198853,-1.1353225708007812,2.6122846603393555
3749.0,-2.720672082901001,-2.737100291252136,-1.2834481477737427,1.842144751548767,-1.1435709357261659,2.603496050834656
3750.0,-2.7222763538360595,-2.7293416023254395,-1.2913914680480958,1.859475064277649,-1.1518193006515502,2.5947074413299562
3751.0,-2.7238806247711183,-2.7215829133987426,-1.2993347883224486,1.8768053770065307,-1.1600676655769349,2.585918831825256
3752.0,-2.7254848957061766,-2.713824224472046,-1.3072781085968017,1.8941356897354127,-1.1683160305023192,2.5771302223205566
3753.0,-2.7270891666412354,-2.706065535545349,-1.3152214288711548,1.9114660024642944,-1.1765643954277039,2.568341612815857
3754.0,-2.728693437576294,-2.698306846618652,-1.3231647491455079,1.9287963151931762,-1.1848127603530885,2.5595530033111573
3755.0,-2.7302977085113525,-2.6905481576919557,-1.331108069419861,1.9461266279220581,-1.1930611252784729,2.5507643938064577
3756.0,-2.731901979446411,-2.6827894687652587,-1.3390513896942138,1.96345694065094,-1.2013094902038575,2.5419757843017576
3757.0,-2.7335062503814695,-2.675030779838562,-1.3469947099685669,1.9807872533798219,-1.2095578551292419,2.533187174797058
3758.0,-2.7351105213165283,-2.6672720909118652,-1.35493803024292,1.9981175661087036,-1.2178062200546265,2.5243985652923584
3759.0,-2.7351105213165283,-2.6672720909118652,-1.35493803024292,1.9981175661087036,-1.2178062200546265,2.5243985652923584
3760.0,-2.740870612008231,-2.674266372408186,-1.3408716406141008,1.9828396695000785,-1.2305208955492293,2.550309794289725
3761.0,-2.746630702699934,-2.681260653904506,-1.326805250985282,1.9675617728914534,-1.2432355710438319,2.576221023287092
3762.0,-2.7523907933916365,-2.6882549354008267,-1.3127388613564628,1.9522838762828283,-1.2559502465384347,2.6021322522844588
3763.0,-2.758150884083339,-2.695249216897147,-1.2986724717276437,1.937005979674203,-1.2686649220330375,2.6280434812818254
3764.0,-2.7639109747750417,-2.7022434983934676,-1.2846060820988248,1.9217280830655779,-1.2813795975276403,2.653954710279192
3765.0,-2.7696710654667447,-2.7092377798897878,-1.2705396924700056,1.9064501864569527,-1.294094273022243,2.679865939276559
3766.0,-2.7754311561584473,-2.7162320613861084,-1.2564733028411865,1.8911722898483276,-1.3068089485168457,2.705777168273926
3767.0,-2.7754311561584473,-2.7162320613861084,-1.2564733028411865,1.8911722898483276,-1.3068089485168457,2.705777168273926
3768.0,-2.781478464603424,-2.7187551856040955,-1.2484852969646454,1.8871808350086212,-1.3213978707790375,2.726247251033783
3769.0,-2.787525773048401,-2.7212783098220825,-1.2404972910881042,1.8831893801689148,-1.3359867930412292,2.74671733379364
3770.0,-2.7935730814933777,-2.7238014340400696,-1.232509285211563,1.8791979253292084,-1.350575715303421,2.7671874165534973
3771.0,-2.7996203899383545,-2.7263245582580566,-1.224521279335022,1.875206470489502,-1.3651646375656128,2.7876574993133545
3772.0,-2.7996203899383545,-2.7263245582580566,-1.224521279335022,1.875206470489502,-1.3651646375656128,2.7876574993133545
3773.0,-2.7994676658085416,-2.7181834833962575,-1.2359889916011266,1.8921329804829188,-1.368857639176505,2.782412358692714
3774.0,-2.799314941678728,-2.7100424085344588,-1.247456703867231,1.9090594904763358,-1.372550640787397,2.7771672180720737
3775.0,-2.7991622175489153,-2.7019013336726596,-1.2589244161333357,1.9259860004697527,-1.3762436423982893,2.7719220774514333
3776.0,-2.7990094934191023,-2.693760258810861,-1.2703921283994402,1.9429125104631697,-1.3799366440091814,2.7666769368307933
3777.0,-2.7988567692892894,-2.6856191839490617,-1.2818598406655448,1.9598390204565865,-1.3836296456200736,2.761431796210153
3778.0,-2.798704045159476,-2.677478109087263,-1.2933275529316492,1.9767655304500036,-1.3873226472309657,2.7561866555895125
3779.0,-2.798551321029663,-2.669337034225464,-1.304795265197754,1.9936920404434204,-1.391015648841858,2.750941514968872
3780.0,-2.798551321029663,-2.669337034225464,-1.304795265197754,1.9936920404434204,-1.391015648841858,2.750941514968872
3781.0,-2.807645320892334,-2.6765600442886353,-1.2892821431159973,1.9805617332458496,-1.4069432616233826,2.7866051197052
3782.0,-2.816739320755005,-2.6837830543518066,-1.2737690210342407,1.9674314260482788,-1.4228708744049072,2.8222687244415283
3783.0,-2.816739320755005,-2.6837830543518066,-1.2737690210342407,1.9674314260482788,-1.4228708744049072,2.8222687244415283
3784.0,-2.820542017618815,-2.690495729446411,-1.2619164387385051,1.955338676770528,-1.4279972314834595,2.8375250498453775
3785.0,-2.8243447144826255,-2.6972084045410156,-1.2500638564427693,1.9432459274927776,-1.4331235885620117,2.852781375249227
3786.0,-2.8281474113464355,-2.70392107963562,-1.2382112741470337,1.9311531782150269,-1.438249945640564,2.868037700653076
3787.0,-2.8281474113464355,-2.70392107963562,-1.2382112741470337,1.9311531782150269,-1.438249945640564,2.868037700653076
3788.0,-2.8327563603719077,-2.711587111155192,-1.2247997919718425,1.9172094662984211,-1.4448204437891643,2.885591983795166
3789.0,-2.8373653093973794,-2.719253142674764,-1.2113883097966511,1.9032657543818157,-1.4513909419377644,2.903146266937256
3790.0,-2.8419742584228516,-2.726919174194336,-1.19797682762146,1.88932204246521,-1.4579614400863647,2.9207005500793457
3791.0,-2.8419742584228516,-2.726919174194336,-1.19797682762146,1.88932204246521,-1.4579614400863647,2.9207005500793457
3792.0,-2.849443276723226,-2.727330128351847,-1.1936208804448445,1.892383615175883,-1.4701420466105144,2.9413379033406577
3793.0,-2.8569122950236,-2.727741082509359,-1.1892649332682292,1.895445187886556,-1.4823226531346638,2.9619752566019693
3794.0,-2.8643813133239746,-2.72815203666687,-1.1849089860916138,1.898506760597229,-1.4945032596588135,2.9826126098632812
3795.0,-2.8643813133239746,-2.72815203666687,-1.1849089860916138,1.898506760597229,-1.4945032596588135,2.9826126098632812
3796.0,-2.8729120095570884,-2.733806292215983,-1.1732895374298096,1.8907098372777302,-1.5062305132548015,3.0072593688964844
3797.0,-2.8814427057902017,-2.739460547765096,-1.1616700887680054,1.8829129139582317,-1.5179577668507893,3.0319061279296875
3798.0,-2.8899734020233154,-2.745114803314209,-1.1500506401062012,1.875115990638733,-1.5296850204467773,3.0565528869628906
3799.0,-2.8899734020233154,-2.745114803314209,-1.1500506401062012,1.875115990638733,-1.5296850204467773,3.0565528869628906
3800.0,-2.8959648609161377,-2.7487549781799316,-1.1411867539087932,1.8754027287165325,-1.544654409090678,0.993244250615438
3801.0,-2.90195631980896,-2.7523951530456543,-1.132322867711385,1.8756894667943318,-1.5596237977345784,-1.0700643857320147
3802.0,-2.9079477787017822,-2.756035327911377,-1.123458981513977,1.8759762048721313,-1.574593186378479,-3.1333730220794678
3803.0,-2.9079477787017822,-2.756035327911377,-1.123458981513977,1.8759762048721313,-1.574593186378479,-3.1333730220794678
3804.0,-2.9039048552513123,-2.7484174370765686,-1.1360482573509216,1.889902502298355,-1.5725014507770538,-1.5673573017120361
3805.0,-2.8998619318008423,-2.7407995462417603,-1.1486375331878662,1.9038287997245789,-1.5704097151756287,-0.0013415813446044922
3806.0,-2.8958190083503723,-2.733181655406952,-1.1612268090248108,1.9177550971508026,-1.5683179795742035,1.5646741390228271
3807.0,-2.8917760848999023,-2.7255637645721436,-1.1738160848617554,1.9316813945770264,-1.5662262439727783,3.130689859390259
3808.0,-2.8917760848999023,-2.7255637645721436,-1.1738160848617554,1.9316813945770264,-1.5662262439727783,3.130689859390259
3809.0,-2.89134242799547,-2.71870666080051,-1.1839479075537787,1.9474985069698758,-1.56970923476749,2.443932056427002
3810.0,-2.8909087710910373,-2.7118495570288763,-1.1940797302458022,1.9633156193627253,-1.5731922255622015,1.7571742534637451
3811.0,-2.890475114186605,-2.7049924532572427,-1.2042115529378254,1.9791327317555745,-1.5766752163569133,1.0704164505004883
3812.0,-2.890041457282172,-2.698135349485609,-1.214343375629849,1.994949844148424,-1.580158207151625,0.38365864753723145
3813.0,-2.88960780037774,-2.691278245713976,-1.2244751983218722,2.010766956541273,-1.5836411979463365,-0.3030991554260254
3814.0,-2.889174143473307,-2.6844211419423423,-1.2346070210138957,2.0265840689341226,-1.587124188741048,-0.9898569583892822
3815.0,-2.888740486568875,-2.6775640381707086,-1.244738843705919,2.042401181326972,-1.59060717953576,-1.6766147613525382
3816.0,-2.888306829664442,-2.670706934399075,-1.2548706663979425,2.0582182937198215,-1.5940901703304715,-2.363372564315796
3817.0,-2.8878731727600098,-2.6638498306274414,-1.2650024890899658,2.074035406112671,-1.597573161125183,-3.0501303672790527
3818.0,-2.8878731727600098,-2.6638498306274414,-1.2650024890899658,2.074035406112671,-1.597573161125183,-3.0501303672790527
3819.0,-2.903326988220215,-2.6676249504089355,-1.2556389570236206,2.073235511779785,-1.608681559562683,-3.0102529525756836
3820.0,-2.903326988220215,-2.6676249504089355,-1.2556389570236206,2.073235511779785,-1.608681559562683,-3.0102529525756836
3821.0,-2.9105552434921265,-2.663164258003235,-1.261421024799347,2.086803913116455,-1.6137766242027283,-2.984672784805298
3822.0,-2.917783498764038,-2.658703565597534,-1.2672030925750732,2.100372314453125,-1.6188716888427734,-2.959092617034912
3823.0,-2.917783498764038,-2.658703565597534,-1.2672030925750732,2.100372314453125,-1.6188716888427734,-2.959092617034912
3824.0,-2.927359461784363,-2.662289023399353,-1.2602091431617737,2.0964666604995728,-1.6171743273735046,-2.9657422304153442
3825.0,-2.9369354248046875,-2.665874481201172,-1.2532151937484741,2.0925610065460205,-1.6154769659042358,-2.9723918437957764
3826.0,-2.9369354248046875,-2.665874481201172,-1.2532151937484741,2.0925610065460205,-1.6154769659042358,-2.9723918437957764
3827.0,-2.9510576725006104,-2.6617186069488525,-1.2603371143341064,2.1011836528778076,-1.615159511566162,-2.9696781635284424
3828.0,-2.9510576725006104,-2.6617186069488525,-1.2603371143341064,2.1011836528778076,-1.615159511566162,-2.9696781635284424
3829.0,-2.964601993560791,-2.66300630569458,-1.25602126121521,2.104965925216675,-1.6138439178466797,-2.969900608062744
3830.0,-2.964601993560791,-2.66300630569458,-1.25602126121521,2.104965925216675,-1.6138439178466797,-2.969900608062744
3831.0,-2.973952054977417,-2.655785322189331,-1.271704077720642,2.1092755794525146,-1.6138691902160645,-2.972745418548584
3832.0,-2.973952054977417,-2.655785322189331,-1.271704077720642,2.1092755794525146,-1.6138691902160645,-2.972745418548584
3833.0,-2.976096034049988,-2.649733781814575,-1.2835034728050232,2.116801142692566,-1.6135107278823853,-2.9728862047195435
3834.0,-2.9782400131225586,-2.6436822414398193,-1.2953028678894043,2.124326705932617,-1.613152265548706,-2.973026990890503
3835.0,-2.9782400131225586,-2.6436822414398193,-1.2953028678894043,2.124326705932617,-1.613152265548706,-2.973026990890503
3836.0,-2.96395206451416,-2.6413767337799072,-1.299364686012268,2.128699779510498,-1.614046573638916,-2.9676363468170166
3837.0,-2.96395206451416,-2.6413767337799072,-1.299364686012268,2.128699779510498,-1.614046573638916,-2.9676363468170166
3838.0,-2.9545668363571167,-2.6416479349136353,-1.2989966869354248,2.127775549888611,-1.6150378584861755,-2.964367151260376
3839.0,-2.9451816082000732,-2.6419191360473633,-1.2986286878585815,2.1268513202667236,-1.616029143333435,-2.9610979557037354
3840.0,-2.9451816082000732,-2.6419191360473633,-1.2986286878585815,2.1268513202667236,-1.616029143333435,-2.9610979557037354
3841.0,-2.9329330921173096,-2.6380550861358643,-1.3066234588623047,2.129976987838745,-1.6174761056900024,-2.9562385082244873
3842.0,-2.9329330921173096,-2.6380550861358643,-1.3066234588623047,2.129976987838745,-1.6174761056900024,-2.9562385082244873
3843.0,-2.9250905513763428,-2.6464931964874268,-1.2899858951568604,2.119286298751831,-1.6184881925582886,-2.9542624950408936
3844.0,-2.9250905513763428,-2.6464931964874268,-1.2899858951568604,2.119286298751831,-1.6184881925582886,-2.9542624950408936
3845.0,-2.92249071598053,-2.638160824775696,-1.3064045310020447,2.1291019916534424,-1.6188324689865112,-2.9515695571899414
3846.0,-2.919890880584717,-2.629828453063965,-1.322823166847229,2.1389176845550537,-1.6191767454147339,-2.9488766193389893
3847.0,-2.919890880584717,-2.629828453063965,-1.322823166847229,2.1389176845550537,-1.6191767454147339,-2.9488766193389893
3848.0,-2.917766491572062,-2.6235655148824057,-1.3353477319081624,2.1457342306772866,-1.620002547899882,-2.9452058474222818
3849.0,-2.9156421025594077,-2.617302576700846,-1.347872296969096,2.15255077679952,-1.62082835038503,-2.9415350755055747
3850.0,-2.913517713546753,-2.611039638519287,-1.3603968620300293,2.159367322921753,-1.6216541528701782,-2.937864303588867
3851.0,-2.913517713546753,-2.611039638519287,-1.3603968620300293,2.159367322921753,-1.6216541528701782,-2.937864303588867
3852.0,-2.9078640937805176,-2.605369806289673,-1.3716458678245544,2.165236711502075,-1.623805284500122,-2.929254174232483
3853.0,-2.9022104740142822,-2.5996999740600586,-1.3828948736190796,2.1711061000823975,-1.625956416130066,-2.9206440448760986
3854.0,-2.9022104740142822,-2.5996999740600586,-1.3828948736190796,2.1711061000823975,-1.625956416130066,-2.9206440448760986
3855.0,-2.907858371734619,-2.595111608505249,-1.3920867443084717,2.1763521432876587,-1.6252445578575134,-2.922821521759033
3856.0,-2.913506269454956,-2.5905232429504395,-1.4012786149978638,2.18159818649292,-1.624532699584961,-2.9249989986419678
3857.0,-2.913506269454956,-2.5905232429504395,-1.4012786149978638,2.18159818649292,-1.624532699584961,-2.9249989986419678
3858.0,-2.9226200580596924,-2.595235228538513,-1.3921946287155151,2.176192045211792,-1.6226887106895447,-2.933093309402466
3859.0,-2.9317338466644287,-2.599947214126587,-1.3831106424331665,2.170785903930664,-1.6208447217941284,-2.941187620162964
3860.0,-2.9317338466644287,-2.599947214126587,-1.3831106424331665,2.170785903930664,-1.6208447217941284,-2.941187620162964
3861.0,-2.9396889209747314,-2.6044862270355225,-1.3739871382713318,2.1663107872009277,-1.6188905239105225,-2.9487370252609253
3862.0,-2.947643995285034,-2.609025239944458,-1.364863634109497,2.1618356704711914,-1.6169363260269165,-2.9562864303588867
3863.0,-2.947643995285034,-2.609025239944458,-1.364863634109497,2.1618356704711914,-1.6169363260269165,-2.9562864303588867
3864.0,-2.9365956783294678,-2.6149911880493164,-1.3526941537857056,2.1558144092559814,-1.6167881488800049,-2.9567253589630127
3865.0,-2.9365956783294678,-2.6149911880493164,-1.3526941537857056,2.1558144092559814,-1.6167881488800049,-2.9567253589630127
3866.0,-2.950253963470459,-2.61568546295166,-1.351244330406189,2.155397415161133,-1.6155878901481628,-2.961194157600403
3867.0,-2.96391224861145,-2.616379737854004,-1.3497945070266724,2.154980421066284,-1.6143876314163208,-2.965662956237793
3868.0,-2.96391224861145,-2.616379737854004,-1.3497945070266724,2.154980421066284,-1.6143876314163208,-2.965662956237793
3869.0,-2.966513991355896,-2.612067699432373,-1.3587374687194824,2.1586748361587524,-1.6136828660964966,-2.969122052192688
3870.0,-2.969115734100342,-2.607755661010742,-1.3676804304122925,2.1623692512512207,-1.6129781007766724,-2.972581148147583
3871.0,-2.969115734100342,-2.607755661010742,-1.3676804304122925,2.1623692512512207,-1.6129781007766724,-2.972581148147583
3872.0,-2.981823444366455,-2.6124348640441895,-1.3580210208892822,2.1578586101531982,-1.6107268333435059,-2.9811203479766846
3873.0,-2.981823444366455,-2.6124348640441895,-1.3580210208892822,2.1578586101531982,-1.6107268333435059,-2.9811203479766846
3874.0,-2.9818714459737143,-2.606666644414266,-1.369732936223348,2.163425922393799,-1.6106111605962117,-2.9818294048309326
3875.0,-2.981919447580973,-2.6008984247843423,-1.3814448515574138,2.1689932346343994,-1.6104954878489177,-2.9825384616851807
3876.0,-2.9819674491882324,-2.595130205154419,-1.3931567668914795,2.174560546875,-1.6103798151016235,-2.9832475185394287
3877.0,-2.9819674491882324,-2.595130205154419,-1.3931567668914795,2.174560546875,-1.6103798151016235,-2.9832475185394287
3878.0,-2.965261220932007,-2.592233657836914,-1.3988348245620728,2.1784067153930664,-1.6138123273849487,-2.969011068344116
3879.0,-2.965261220932007,-2.592233657836914,-1.3988348245620728,2.1784067153930664,-1.6138123273849487,-2.969011068344116
3880.0,-2.9694674968719483,-2.5993935108184814,-1.3844447374343871,2.170798349380493,-1.6138319492340087,-2.9692076206207276
3881.0,-2.97367377281189,-2.6065533638000487,-1.3700546503067017,2.16318998336792,-1.6138515710830688,-2.969404172897339
3882.0,-2.977880048751831,-2.6137132167816164,-1.355664563179016,2.1555816173553466,-1.613871192932129,-2.96960072517395
3883.0,-2.9820863246917724,-2.6208730697631837,-1.3412744760513307,2.1479732513427736,-1.613890814781189,-2.9697972774505614
3884.0,-2.986292600631714,-2.628032922744751,-1.326884388923645,2.1403648853302,-1.613910436630249,-2.969993829727173
3885.0,-2.986292600631714,-2.628032922744751,-1.326884388923645,2.1403648853302,-1.613910436630249,-2.969993829727173
3886.0,-2.996389389038086,-2.6365678310394287,-1.3101681470870972,2.1296472549438477,-1.611972689628601,-2.9792885780334473
3887.0,-2.996389389038086,-2.6365678310394287,-1.3101681470870972,2.1296472549438477,-1.611972689628601,-2.9792885780334473
3888.0,-2.996177911758423,-2.6429678201675415,-1.2973653078079224,2.122519016265869,-1.6119837760925293,-2.979732394218445
3889.0,-2.9959664344787598,-2.6493678092956543,-1.2845624685287476,2.1153907775878906,-1.6119948625564575,-2.9801762104034424
3890.0,-2.9959664344787598,-2.6493678092956543,-1.2845624685287476,2.1153907775878906,-1.6119948625564575,-2.9801762104034424
3891.0,-2.9927308559417725,-2.6556665897369385,-1.2728042006492615,2.1062679290771484,-1.613854706287384,-2.9756168127059937
3892.0,-2.989495277404785,-2.6619653701782227,-1.2610459327697754,2.0971450805664062,-1.6157145500183105,-2.971057415008545
3893.0,-2.989495277404785,-2.6619653701782227,-1.2610459327697754,2.0971450805664062,-1.6157145500183105,-2.971057415008545
3894.0,-2.985123634338379,-2.667715549468994,-1.2499298453330994,2.0896811485290527,-1.617191731929779,-2.967074394226074
3895.0,-2.9807519912719727,-2.6734657287597656,-1.2388137578964233,2.082217216491699,-1.6186689138412476,-2.9630913734436035
3896.0,-2.9807519912719727,-2.6734657287597656,-1.2388137578964233,2.082217216491699,-1.6186689138412476,-2.9630913734436035
3897.0,-2.983851957321167,-2.679982042312622,-1.2287606477737427,2.066998291015625,-1.6232557773590088,-2.956405591964722
3898.0,-2.9869519233703614,-2.6864983558654787,-1.218707537651062,2.051779365539551,-1.62784264087677,-2.9497198104858398
3899.0,-2.9900518894195556,-2.693014669418335,-1.2086544275283813,2.0365604400634765,-1.6324295043945312,-2.943034029006958
3900.0,-2.99315185546875,-2.6995309829711913,-1.1986013174057006,2.0213415145874025,-1.6370163679122924,-2.936348247528076
3901.0,-2.9962518215179443,-2.706047296524048,-1.18854820728302,2.006122589111328,-1.6416032314300537,-2.9296624660491943
3902.0,-2.9962518215179443,-2.706047296524048,-1.18854820728302,2.006122589111328,-1.6416032314300537,-2.9296624660491943
3903.0,-2.9902053674062095,-2.7130529085795083,-1.1778361002604167,1.989802082379659,-1.6397744019826253,-2.942298412322998
3904.0,-2.984158913294474,-2.7200585206349692,-1.1671239932378132,1.97348157564799,-1.637945572535197,-2.9549343585968018
3905.0,-2.9781124591827393,-2.7270641326904297,-1.15641188621521,1.9571610689163208,-1.6361167430877686,-2.9675703048706055
3906.0,-2.9781124591827393,-2.7270641326904297,-1.15641188621521,1.9571610689163208,-1.6361167430877686,-2.9675703048706055
3907.0,-2.9808856010437013,-2.735283088684082,-1.1439591884613036,1.9399664640426635,-1.639634084701538,-2.965734529495239
3908.0,-2.9836587429046633,-2.7435020446777343,-1.1315064907073975,1.9227718591690064,-1.6431514263153075,-2.963898754119873
3909.0,-2.986431884765625,-2.751721000671387,-1.1190537929534912,1.905577254295349,-1.6466687679290772,-2.9620629787445067
3910.0,-2.989205026626587,-2.759939956665039,-1.106601095199585,1.888382649421692,-1.6501861095428467,-2.960227203369141
3911.0,-2.991978168487549,-2.7681589126586914,-1.0941483974456787,1.8711880445480347,-1.6537034511566162,-2.9583914279937744
3912.0,-2.991978168487549,-2.7681589126586914,-1.0941483974456787,1.8711880445480347,-1.6537034511566162,-2.9583914279937744
3913.0,-2.980147957801819,-2.7691580057144165,-1.0927308201789856,1.8684247136116028,-1.6435359120368958,-2.981346368789673
3914.0,-2.968317747116089,-2.7701570987701416,-1.0913132429122925,1.865661382675171,-1.6333683729171753,-3.0043013095855713
3915.0,-2.968317747116089,-2.7701570987701416,-1.0913132429122925,1.865661382675171,-1.6333683729171753,-3.0043013095855713
3916.0,-2.9566739797592163,-2.7682610750198364,-1.095366358757019,1.867272436618805,-1.622304618358612,-3.0285255908966064
3917.0,-2.9450302124023438,-2.7663650512695312,-1.0994194746017456,1.868883490562439,-1.6112408638000488,-3.0527498722076416
3918.0,-2.9450302124023438,-2.7663650512695312,-1.0994194746017456,1.868883490562439,-1.6112408638000488,-3.0527498722076416
3919.0,-2.939762910207113,-2.758071184158325,-1.112686276435852,1.8848130305608113,-1.6057249704996746,-3.063185532887777
3920.0,-2.9344956080118814,-2.749777317047119,-1.1259530782699585,1.9007425705591838,-1.6002090771993,-3.0736211935679116
3921.0,-2.9292283058166504,-2.741483449935913,-1.139219880104065,1.9166721105575562,-1.5946931838989258,-3.084056854248047
3922.0,-2.9292283058166504,-2.741483449935913,-1.139219880104065,1.9166721105575562,-1.5946931838989258,-3.084056854248047
3923.0,-2.928555210431417,-2.7339526812235513,-1.1505300005276997,1.9336958924929302,-1.5960964957873027,-3.0771047274271646
3924.0,-2.927882115046183,-2.72642191251119,-1.1618401209513347,1.950719674428304,-1.5974998076756795,-3.0701526006062827
3925.0,-2.9272090196609497,-2.718891143798828,-1.1731502413749695,1.967743456363678,-1.5989031195640564,-3.0632004737854004
3926.0,-2.9265359242757163,-2.7113603750864663,-1.1844603617986043,1.984767238299052,-1.6003064314524333,-3.056248346964518
3927.0,-2.9258628288904824,-2.703829606374105,-1.1957704822222393,2.001791020234426,-1.60170974334081,-3.049296220143636
3928.0,-2.925189733505249,-2.696298837661743,-1.207080602645874,2.0188148021698,-1.603113055229187,-3.042344093322754
3929.0,-2.925189733505249,-2.696298837661743,-1.207080602645874,2.0188148021698,-1.603113055229187,-3.042344093322754
3930.0,-2.9219863755362376,-2.686917577471052,-1.223350167274475,2.035745177950178,-1.605691705431257,-3.0279551914760043
3931.0,-2.918783017567226,-2.6775363172803606,-1.2396197319030762,2.052675553730556,-1.6082703556333269,-3.013566289629255
3932.0,-2.9155796595982144,-2.6681550570896695,-1.2558892965316772,2.069605929510934,-1.6108490058353968,-2.9991773877825056
3933.0,-2.9123763016292026,-2.658773796898978,-1.2721588611602783,2.086536305291312,-1.613427656037467,-2.984788485935756
3934.0,-2.909172943660191,-2.649392536708287,-1.2884284257888794,2.10346668107169,-1.616006306239537,-2.9703995840890065
3935.0,-2.9059695856911794,-2.6400112765175954,-1.3046979904174805,2.120397056852068,-1.6185849564416068,-2.9560106822422574
3936.0,-2.902766227722168,-2.6306300163269043,-1.3209675550460815,2.1373274326324463,-1.6211636066436768,-2.941621780395508
3937.0,-2.902766227722168,-2.6306300163269043,-1.3209675550460815,2.1373274326324463,-1.6211636066436768,-2.941621780395508
3938.0,-2.9021618366241455,-2.6224673986434937,-1.337424874305725,2.1460649967193604,-1.6211456656455994,-2.9413214921951294
3939.0,-2.901557445526123,-2.614304780960083,-1.3538821935653687,2.1548025608062744,-1.621127724647522,-2.941021203994751
3940.0,-2.901557445526123,-2.614304780960083,-1.3538821935653687,2.1548025608062744,-1.621127724647522,-2.941021203994751
3941.0,-2.8979275226593018,-2.620758295059204,-1.3408689101537068,2.147479216257731,-1.6216198205947876,-2.9397669633229575
3942.0,-2.8942975997924805,-2.627211809158325,-1.3278556267420452,2.140155871709188,-1.6221119165420532,-2.9385127226511636
3943.0,-2.890667676925659,-2.6336653232574463,-1.3148423433303833,2.1328325271606445,-1.6226040124893188,-2.93725848197937
3944.0,-2.890667676925659,-2.6336653232574463,-1.3148423433303833,2.1328325271606445,-1.6226040124893188,-2.93725848197937
3945.0,-2.884984612464905,-2.626267433166504,-1.3296932578086853,2.140381932258606,-1.6219797730445862,-2.939573287963867
3946.0,-2.8793015480041504,-2.6188695430755615,-1.3445441722869873,2.1479313373565674,-1.6213555335998535,-2.9418880939483643
3947.0,-2.8793015480041504,-2.6188695430755615,-1.3445441722869873,2.1479313373565674,-1.6213555335998535,-2.9418880939483643
3948.0,-2.8758931159973145,-2.611822485923767,-1.3582165837287903,2.156280994415283,-1.625639021396637,-2.923881769180298
3949.0,-2.8724846839904785,-2.6047754287719727,-1.3718889951705933,2.164630651473999,-1.6299225091934204,-2.9058754444122314
3950.0,-2.8724846839904785,-2.6047754287719727,-1.3718889951705933,2.164630651473999,-1.6299225091934204,-2.9058754444122314
3951.0,-2.8725202083587646,-2.597265839576721,-1.3860319256782532,2.175089955329895,-1.6309463381767273,-2.897979736328125
3952.0,-2.872555732727051,-2.5897562503814697,-1.400174856185913,2.185549259185791,-1.6319701671600342,-2.8900840282440186
3953.0,-2.872555732727051,-2.5897562503814697,-1.400174856185913,2.185549259185791,-1.6319701671600342,-2.8900840282440186
3954.0,-2.865021546681722,-2.595355669657389,-1.3920533259709675,2.1722044944763184,-1.6171687444051106,-2.953434864679972
3955.0,-2.857487360636393,-2.600955088933309,-1.3839317957560222,2.1588597297668457,-1.6023673216501872,-3.0167857011159263
3956.0,-2.8499531745910645,-2.6065545082092285,-1.3758102655410767,2.145514965057373,-1.5875658988952637,-3.08013653755188
3957.0,-2.8499531745910645,-2.6065545082092285,-1.3758102655410767,2.145514965057373,-1.5875658988952637,-3.08013653755188
3958.0,-2.851413667201996,-2.6142523884773254,-1.361819714307785,2.1341457962989807,-1.5842150747776031,-3.092642605304718
3959.0,-2.8528741598129272,-2.6219502687454224,-1.3478291630744934,2.1227766275405884,-1.5808642506599426,-3.105148673057556
3960.0,-2.8543346524238586,-2.6296481490135193,-1.3338386118412018,2.111407458782196,-1.577513426542282,-3.1176547408103943
3961.0,-2.85579514503479,-2.637346029281616,-1.3198480606079102,2.1000382900238037,-1.5741626024246216,-3.1301608085632324
3962.0,-2.85579514503479,-2.637346029281616,-1.3198480606079102,2.1000382900238037,-1.5741626024246216,-3.1301608085632324
3963.0,-2.8503856658935547,-2.634323517481486,-1.327515701452891,2.101105213165283,-1.5593840678532918,-2.128507216771444
3964.0,-2.8449761867523193,-2.631301005681356,-1.3351833422978718,2.1021721363067627,-1.5446055332819622,-1.1268536249796552
3965.0,-2.839566707611084,-2.6282784938812256,-1.3428509831428528,2.103239059448242,-1.5298269987106323,-0.1252000331878662
3966.0,-2.8341572284698486,-2.6252559820810952,-1.3505186239878337,2.1043059825897217,-1.5150484641393025,0.8764535586039219
3967.0,-2.8287477493286133,-2.6222334702809653,-1.3581862648328145,2.105372905731201,-1.500269929567973,1.878107150395711
3968.0,-2.823338270187378,-2.619210958480835,-1.3658539056777954,2.1064398288726807,-1.485491394996643,2.8797607421875
3969.0,-2.823338270187378,-2.619210958480835,-1.3658539056777954,2.1064398288726807,-1.485491394996643,2.8797607421875
3970.0,-2.817050967897688,-2.6179703984941756,-1.3705004283360072,2.1091818468911305,-1.4681525060108729,2.836322001048497
3971.0,-2.8107636656079973,-2.616729838507516,-1.3751469509942191,2.111923864909581,-1.450813617025103,2.7928832599094937
3972.0,-2.804476363318307,-2.6154892785208568,-1.3797934736524309,2.1146658829280307,-1.4334747280393327,2.7494445187704906
3973.0,-2.7981890610286166,-2.614248718534197,-1.3844399963106429,2.117407900946481,-1.4161358390535628,2.706005777631487
3974.0,-2.7919017587389265,-2.6130081585475375,-1.3890865189688546,2.120149918964931,-1.3987969500677926,2.662567036492484
3975.0,-2.785614456449236,-2.611767598560878,-1.3937330416270666,2.122891936983381,-1.3814580610820226,2.6191282953534807
3976.0,-2.779327154159546,-2.6105270385742188,-1.3983795642852783,2.125633955001831,-1.3641191720962524,2.5756895542144775
3977.0,-2.779327154159546,-2.6105270385742188,-1.3983795642852783,2.125633955001831,-1.3641191720962524,2.5756895542144775
3978.0,-2.7739669294918285,-2.6094571281881893,-1.4039407898398006,2.1318850377026726,-1.3474356356789083,2.5490783663357006
3979.0,-2.768606704824111,-2.60838721780216,-1.409502015394323,2.138136120403514,-1.3307520992615645,2.5224671784569237
3980.0,-2.7632464801563934,-2.6073173074161304,-1.4150632409488453,2.1443872031043556,-1.3140685628442204,2.4958559905781463
3981.0,-2.757886255488676,-2.606247397030101,-1.4206244665033676,2.150638285805197,-1.2973850264268763,2.4692448026993694
3982.0,-2.7525260308209587,-2.6051774866440716,-1.4261856920578901,2.156889368506039,-1.2807014900095322,2.4426336148205925
3983.0,-2.7471658061532414,-2.604107576258042,-1.4317469176124125,2.1631404512068806,-1.2640179535921883,2.4160224269418156
3984.0,-2.741805581485524,-2.6030376658720127,-1.4373081431669348,2.169391533907722,-1.2473344171748442,2.3894112390630386
3985.0,-2.7364453568178067,-2.6019677554859832,-1.442869368721457,2.1756426166085636,-1.2306508807575,2.3628000511842617
3986.0,-2.731085132150089,-2.6008978450999543,-1.4484305942759794,2.181893699309405,-1.2139673443401562,2.3361888633054844
3987.0,-2.7257249074823715,-2.599827934713925,-1.4539918198305017,2.1881447820102466,-1.197283807922812,2.3095776754267074
3988.0,-2.720364682814654,-2.5987580243278954,-1.459553045385024,2.194395864711088,-1.180600271505468,2.2829664875479305
3989.0,-2.715004458146937,-2.597688113941866,-1.4651142709395464,2.2006469474119297,-1.163916735088124,2.2563552996691536
3990.0,-2.7096442334792195,-2.5966182035558365,-1.470675496494069,2.2068980301127716,-1.14723319867078,2.2297441117903767
3991.0,-2.704284008811502,-2.595548293169807,-1.4762367220485912,2.213149112813613,-1.130549662253436,2.2031329239115998
3992.0,-2.6989237841437843,-2.5944783827837776,-1.4817979476031136,2.2194001955144547,-1.113866125836092,2.1765217360328224
3993.0,-2.693563559476067,-2.593408472397748,-1.4873591731576359,2.225651278215296,-1.097182589418748,2.1499105481540455
3994.0,-2.6882033348083496,-2.5923385620117188,-1.4929203987121582,2.2319023609161377,-1.0804990530014038,2.1232993602752686
3995.0,-2.6882033348083496,-2.5923385620117188,-1.4929203987121582,2.2319023609161377,-1.0804990530014038,2.1232993602752686
3996.0,-2.685953140258789,-2.5876100858052573,-1.5022865235805511,2.248164256413778,-1.0733506083488464,2.0988013545672097
3997.0,-2.6837029457092285,-2.5828816095987954,-1.511652648448944,2.2644261519114175,-1.066202163696289,2.0743033488591514
3998.0,-2.681452751159668,-2.578153133392334,-1.521018773317337,2.2806880474090576,-1.0590537190437317,2.0498053431510925
3999.0,-2.6792025566101074,-2.5734246571858725,-1.53038489818573,2.2969499429066977,-1.0519052743911743,2.0253073374430337
4000.0,-2.676952362060547,-2.5686961809794107,-1.539751023054123,2.3132118384043374,-1.044756829738617,2.0008093317349753
4001.0,-2.6747021675109863,-2.563967704772949,-1.5491171479225159,2.3294737339019775,-1.0376083850860596,1.9763113260269165
4002.0,-2.672451972961426,-2.559239228566488,-1.5584832727909088,2.3457356293996177,-1.0304599404335022,1.951813320318858
4003.0,-2.6702017784118652,-2.554510752360026,-1.5678493976593018,2.3619975248972573,-1.0233114957809448,1.927315314610799
4004.0,-2.6679515838623047,-2.5497822761535645,-1.5772155225276947,2.3782594203948975,-1.0161630511283875,1.9028173089027405
4005.0,-2.665701389312744,-2.545053799947103,-1.5865816473960876,2.3945213158925376,-1.00901460647583,1.8783193031946819
4006.0,-2.6634511947631836,-2.540325323740641,-1.5959477722644806,2.4107832113901773,-1.0018661618232727,1.8538212974866233
4007.0,-2.661201000213623,-2.5355968475341797,-1.6053138971328735,2.4270451068878174,-0.9947177171707153,1.8293232917785645
4008.0,-2.661201000213623,-2.5355968475341797,-1.6053138971328735,2.4270451068878174,-0.9947177171707153,1.8293232917785645
4009.0,-2.6565513014793396,-2.5361988246440887,-1.6107719540596008,2.434081584215164,-0.9782126918435097,1.822790041565895
4010.0,-2.651901602745056,-2.536800801753998,-1.6162300109863281,2.441118061542511,-0.961707666516304,1.8162567913532257
4011.0,-2.6472519040107727,-2.537402778863907,-1.6216880679130554,2.448154538869858,-0.9452026411890984,1.8097235411405563
4012.0,-2.6426022052764893,-2.538004755973816,-1.6271461248397827,2.4551910161972046,-0.9286976158618927,1.803190290927887
4013.0,-2.637952506542206,-2.538606733083725,-1.63260418176651,2.4622274935245514,-0.912192590534687,1.7966570407152176
4014.0,-2.6333028078079224,-2.539208710193634,-1.6380622386932373,2.469263970851898,-0.8956875652074814,1.7901237905025482
4015.0,-2.628653109073639,-2.539810687303543,-1.6435202956199646,2.476300448179245,-0.8791825398802757,1.7835905402898788
4016.0,-2.6240034103393555,-2.540412664413452,-1.648978352546692,2.483336925506592,-0.8626775145530701,1.7770572900772095
4017.0,-2.6240034103393555,-2.540412664413452,-1.648978352546692,2.483336925506592,-0.8626775145530701,1.7770572900772095
4018.0,-2.620209962129593,-2.5433865934610367,-1.6518260464072227,2.486181318759918,-0.8460099548101425,1.7779084369540215
4019.0,-2.6164165139198303,-2.546360522508621,-1.6546737402677536,2.4890257120132446,-0.829342395067215,1.7787595838308334
4020.0,-2.6126230657100677,-2.5493344515562057,-1.6575214341282845,2.491870105266571,-0.8126748353242874,1.7796107307076454
4021.0,-2.608829617500305,-2.5523083806037903,-1.6603691279888153,2.4947144985198975,-0.7960072755813599,1.7804618775844574
4022.0,-2.6050361692905426,-2.555282309651375,-1.6632168218493462,2.497558891773224,-0.7793397158384323,1.7813130244612694
4023.0,-2.60124272108078,-2.5582562386989594,-1.666064515709877,2.5004032850265503,-0.7626721560955048,1.7821641713380814
4024.0,-2.5974492728710175,-2.561230167746544,-1.6689122095704079,2.5032476782798767,-0.7460045963525772,1.7830153182148933
4025.0,-2.593655824661255,-2.5642040967941284,-1.6717599034309387,2.506092071533203,-0.7293370366096497,1.7838664650917053
4026.0,-2.5898623764514923,-2.567178025841713,-1.6746075972914696,2.5089364647865295,-0.7126694768667221,1.7847176119685173
4027.0,-2.5860689282417297,-2.5701519548892975,-1.6774552911520004,2.511780858039856,-0.6960019171237946,1.7855687588453293
4028.0,-2.582275480031967,-2.573125883936882,-1.6803029850125313,2.5146252512931824,-0.679334357380867,1.7864199057221413
4029.0,-2.5784820318222046,-2.5760998129844666,-1.6831506788730621,2.517469644546509,-0.6626667976379395,1.7872710525989532
4030.0,-2.574688583612442,-2.579073742032051,-1.685998372733593,2.520314037799835,-0.6459992378950119,1.7881221994757652
4031.0,-2.5708951354026794,-2.5820476710796356,-1.6888460665941238,2.5231584310531616,-0.6293316781520844,1.7889733463525772
4032.0,-2.567101687192917,-2.58502160012722,-1.6916937604546547,2.526002824306488,-0.6126641184091568,1.7898244932293892
4033.0,-2.5633082389831543,-2.5879955291748047,-1.6945414543151855,2.5288472175598145,-0.5959965586662292,1.7906756401062012
4034.0,-2.5633082389831543,-2.5879955291748047,-1.6945414543151855,2.5288472175598145,-0.5959965586662292,1.7906756401062012
4035.0,-2.565831122574983,-2.591149171193441,-1.686270616672657,2.511840502421061,-0.6056750240149321,1.8084624784964103
4036.0,-2.5683540061668113,-2.5943028132120767,-1.6779997790301289,2.494833787282308,-0.615353489363635,1.8262493168866192
4037.0,-2.57087688975864,-2.597456455230713,-1.6697289413876004,2.4778270721435547,-0.625031954712338,1.8440361552768283
4038.0,-2.5733997733504683,-2.600610097249349,-1.661458103745072,2.4608203570048013,-0.6347104200610408,1.8618229936670374
4039.0,-2.575922656942297,-2.603763739267985,-1.6531872661025435,2.4438136418660483,-0.6443888854097437,1.8796098320572465
4040.0,-2.5784455405341253,-2.606917381286621,-1.6449164284600153,2.426806926727295,-0.6540673507584466,1.8973966704474554
4041.0,-2.580968424125954,-2.6100710233052573,-1.6366455908174868,2.4098002115885415,-0.6637458161071494,1.9151835088376645
4042.0,-2.5834913077177823,-2.613224665323893,-1.6283747531749584,2.3927934964497886,-0.6734242814558524,1.9329703472278736
4043.0,-2.586014191309611,-2.6163783073425293,-1.62010391553243,2.375786781311035,-0.6831027468045553,1.9507571856180828
4044.0,-2.5885370749014394,-2.6195319493611655,-1.6118330778899017,2.3587800661722818,-0.6927812121532582,1.9685440240082916
4045.0,-2.591059958493268,-2.6226855913798013,-1.6035622402473733,2.341773351033529,-0.702459677501961,1.9863308623985008
4046.0,-2.5935828420850964,-2.6258392333984375,-1.5952914026048448,2.3247666358947754,-0.7121381428506639,2.0041177007887097
4047.0,-2.596105725676925,-2.6289928754170737,-1.5870205649623164,2.307759920756022,-0.7218166081993668,2.021904539178919
4048.0,-2.598628609268754,-2.6321465174357095,-1.5787497273197881,2.290753205617269,-0.7314950735480696,2.039691377569128
4049.0,-2.6011514928605823,-2.6353001594543457,-1.5704788896772597,2.2737464904785156,-0.7411735388967726,2.057478215959337
4050.0,-2.603674376452411,-2.638453801472982,-1.5622080520347312,2.256739775339762,-0.7508520042454755,2.075265054349546
4051.0,-2.6061972600442393,-2.6416074434916177,-1.553937214392203,2.2397330602010093,-0.7605304695941784,2.093051892739755
4052.0,-2.608720143636068,-2.644761085510254,-1.5456663767496746,2.222726345062256,-0.7702089349428812,2.1108387311299643
4053.0,-2.6112430272278964,-2.64791472752889,-1.537395539107146,2.2057196299235025,-0.7798874002915841,2.1286255695201732
4054.0,-2.613765910819725,-2.651068369547526,-1.5291247014646177,2.1887129147847495,-0.7895658656402871,2.146412407910382
4055.0,-2.6162887944115534,-2.654222011566162,-1.5208538638220892,2.171706199645996,-0.79924433098899,2.1641992463005915
4056.0,-2.618811678003382,-2.6573756535847983,-1.512583026179561,2.1546994845072427,-0.8089227963376928,2.1819860846908004
4057.0,-2.6213345615952104,-2.660529295603434,-1.5043121885370325,2.1376927693684897,-0.8186012616863957,2.1997729230810092
4058.0,-2.623857445187039,-2.6636829376220703,-1.496041350894504,2.1206860542297363,-0.8282797270350986,2.2175597614712186
4059.0,-2.6263803287788674,-2.6668365796407065,-1.4877705132519758,2.1036793390909834,-0.8379581923838015,2.2353465998614275
4060.0,-2.628903212370696,-2.6699902216593423,-1.4794996756094474,2.08667262395223,-0.8476366577325043,2.253133438251637
4061.0,-2.6314260959625244,-2.6731438636779785,-1.471228837966919,2.0696659088134766,-0.8573151230812073,2.2709202766418457
4062.0,-2.6314260959625244,-2.6731438636779785,-1.471228837966919,2.0696659088134766,-0.8573151230812073,2.2709202766418457
4063.0,-2.6342892050743103,-2.6782791912555695,-1.4613081365823746,2.052530124783516,-0.8656751364469528,2.289863020181656
4064.0,-2.637152314186096,-2.6834145188331604,-1.4513874351978302,2.0353943407535553,-0.8740351498126984,2.308805763721466
4065.0,-2.640015423297882,-2.6885498464107513,-1.4414667338132858,2.0182585567235947,-0.8823951631784439,2.3277485072612762
4066.0,-2.642878532409668,-2.6936851739883423,-1.4315460324287415,2.001122772693634,-0.8907551765441895,2.3466912508010864
4067.0,-2.645741641521454,-2.6988205015659332,-1.421625331044197,1.9839869886636734,-0.899115189909935,2.3656339943408966
4068.0,-2.6486047506332397,-2.703955829143524,-1.4117046296596527,1.9668512046337128,-0.9074752032756805,2.384576737880707
4069.0,-2.6514678597450256,-2.709091156721115,-1.4017839282751083,1.9497154206037521,-0.9158352166414261,2.403519481420517
4070.0,-2.6543309688568115,-2.714226484298706,-1.391863226890564,1.9325796365737915,-0.9241952300071716,2.422462224960327
4071.0,-2.6543309688568115,-2.714226484298706,-1.391863226890564,1.9325796365737915,-0.9241952300071716,2.422462224960327
4072.0,-2.644460593088925,-2.706874601918159,-1.3796093854115163,1.9151507809007768,-0.9282728028383186,2.4081168624994564
4073.0,-2.634590217321039,-2.6995227195376117,-1.3673555439324687,1.8977219252277622,-0.9323503756694657,2.393771500038586
4074.0,-2.6247198415531527,-2.692170837157064,-1.355101702453421,1.8802930695547475,-0.9364279485006126,2.3794261375777155
4075.0,-2.614849465785267,-2.684818954776517,-1.3428478609743735,1.8628642138817328,-0.9405055213317597,2.365080775116845
4076.0,-2.6049790900173804,-2.6774670723959697,-1.330594019495326,1.845435358208718,-0.9445830941629066,2.3507354126559745
4077.0,-2.5951087142494944,-2.6701151900154225,-1.3183401780162785,1.8280065025357033,-0.9486606669940537,2.336390050195104
4078.0,-2.585238338481608,-2.662763307634875,-1.3060863365372308,1.8105776468626886,-0.9527382398252007,2.3220446877342336
4079.0,-2.575367962713722,-2.6554114252543277,-1.2938324950581832,1.793148791189674,-0.9568158126563477,2.307699325273363
4080.0,-2.5654975869458356,-2.6480595428737805,-1.2815786535791356,1.7757199355166593,-0.9608933854874947,2.293353962812492
4081.0,-2.555627211177949,-2.6407076604932334,-1.269324812100088,1.7582910798436446,-0.9649709583186417,2.279008600351622
4082.0,-2.5457568354100633,-2.6333557781126857,-1.2570709706210403,1.74086222417063,-0.9690485311497887,2.264663237890751
4083.0,-2.535886459642177,-2.6260038957321385,-1.2448171291419927,1.7234333684976153,-0.9731261039809357,2.2503178754298805
4084.0,-2.526016083874291,-2.6186520133515914,-1.2325632876629453,1.7060045128246006,-0.9772036768120828,2.2359725129690102
4085.0,-2.5161457081064045,-2.611300130971044,-1.2203094461838977,1.6885756571515858,-0.9812812496432297,2.2216271505081395
4086.0,-2.5062753323385185,-2.603948248590497,-1.20805560470485,1.671146801478571,-0.9853588224743768,2.2072817880472693
4087.0,-2.496404956570632,-2.5965963662099494,-1.1958017632258024,1.6537179458055564,-0.9894363953055237,2.1929364255863986
4088.0,-2.486534580802746,-2.589244483829402,-1.1835479217467548,1.6362890901325418,-0.9935139681366708,2.178591063125528
4089.0,-2.4766642050348597,-2.581892601448855,-1.1712940802677072,1.618860234459527,-0.9975915409678178,2.1642457006646576
4090.0,-2.4667938292669733,-2.574540719068308,-1.1590402387886596,1.6014313787865124,-1.0016691137989648,2.149900338203787
4091.0,-2.4569234534990874,-2.56718883668776,-1.146786397309612,1.5840025231134978,-1.0057466866301117,2.1355549757429166
4092.0,-2.447053077731201,-2.559836954307213,-1.1345325558305643,1.566573667440483,-1.0098242594612588,2.121209613282046
4093.0,-2.437182701963315,-2.552485071926666,-1.1222787143515167,1.5491448117674684,-1.0139018322924058,2.1068642508211752
4094.0,-2.4273123261954286,-2.5451331895461187,-1.1100248728724693,1.5317159560944535,-1.017979405123553,2.092518888360305
4095.0,-2.4174419504275426,-2.537781307165571,-1.0977710313934217,1.5142871004214389,-1.0220569779546997,2.0781735258994343
4096.0,-2.407571574659656,-2.530429424785024,-1.085517189914374,1.4968582447484242,-1.0261345507858468,2.0638281634385636
4097.0,-2.3977011988917702,-2.5230775424044767,-1.0732633484353264,1.4794293890754096,-1.0302121236169939,2.0494828009776933
4098.0,-2.387830823123884,-2.5157256600239295,-1.0610095069562788,1.4620005334023949,-1.034289696448141,2.0351374385168226
4099.0,-2.3779604473559974,-2.5083737776433823,-1.0487556654772312,1.4445716777293802,-1.0383672692792878,2.020792076055952
4100.0,-2.3680900715881115,-2.5010218952628347,-1.0365018239981836,1.4271428220563656,-1.0424448421104349,2.0064467135950816
4101.0,-2.358219695820225,-2.4936700128822875,-1.024247982519136,1.4097139663833507,-1.046522414941582,1.992101351134211
4102.0,-2.348349320052339,-2.4863181305017403,-1.0119941410400886,1.3922851107103362,-1.050599987772729,1.9777559886733405
4103.0,-2.3384789442844527,-2.478966248121193,-0.9997402995610408,1.3748562550373213,-1.0546775606038759,1.96341062621247
4104.0,-2.3286085685165667,-2.4716143657406455,-0.9874864580819932,1.3574273993643067,-1.058755133435023,1.9490652637515993
4105.0,-2.3187381927486803,-2.4642624833600983,-0.9752326166029457,1.339998543691292,-1.06283270626617,1.934719901290729
4106.0,-2.3088678169807944,-2.456910600979551,-0.9629787751238981,1.3225696880182776,-1.0669102790973168,1.9203745388298583
4107.0,-2.298997441212908,-2.449558718599004,-0.9507249336448504,1.3051408323452627,-1.070987851928464,1.9060291763689878
4108.0,-2.2891270654450215,-2.442206836218457,-0.9384710921658028,1.287711976672248,-1.075065424759611,1.8916838139081174
4109.0,-2.2792566896771356,-2.434854953837909,-0.9262172506867552,1.2702831209992334,-1.079142997590758,1.8773384514472466
4110.0,-2.269386313909249,-2.427503071457362,-0.9139634092077076,1.2528542653262185,-1.083220570421905,1.8629930889863762
4111.0,-2.259515938141363,-2.420151189076815,-0.9017095677286602,1.235425409653204,-1.087298143253052,1.8486477265255057
4112.0,-2.249645562373477,-2.4127993066962676,-0.8894557262496124,1.2179965539801891,-1.091375716084199,1.834302364064635
4113.0,-2.239775186605591,-2.40544742431572,-0.8772018847705649,1.2005676983071747,-1.0954532889153459,1.8199570016037647
4114.0,-2.2299048108377044,-2.398095541935173,-0.8649480432915173,1.1831388426341598,-1.099530861746493,1.805611639142894
4115.0,-2.2200344350698185,-2.3907436595546256,-0.8526942018124697,1.1657099869611451,-1.10360843457764,1.7912662766820233
4116.0,-2.210164059301932,-2.3833917771740785,-0.8404403603334221,1.1482811312881305,-1.107686007408787,1.776920914221153
4117.0,-2.2002936835340456,-2.376039894793531,-0.8281865188543746,1.1308522756151158,-1.111763580239934,1.7625755517602824
4118.0,-2.1904233077661597,-2.3686880124129837,-0.8159326773753269,1.1134234199421011,-1.115841153071081,1.7482301892994119
4119.0,-2.1805529319982733,-2.3613361300324365,-0.8036788358962793,1.0959945642690863,-1.119918725902228,1.7338848268385414
4120.0,-2.1706825562303873,-2.3539842476518893,-0.7914249944172317,1.0785657085960718,-1.1239962987333751,1.7195394643776707
4121.0,-2.160812180462501,-2.3466323652713417,-0.7791711529381841,1.061136852923057,-1.128073871564522,1.7051941019168002
4122.0,-2.150941804694615,-2.3392804828907945,-0.7669173114591366,1.0437079972500425,-1.132151444395669,1.6908487394559297
4123.0,-2.1410714289267285,-2.3319286005102473,-0.7546634699800889,1.0262791415770276,-1.1362290172268161,1.6765033769950592
4124.0,-2.1312010531588426,-2.3245767181297,-0.7424096285010413,1.008850285904013,-1.1403065900579632,1.6621580145341888
4125.0,-2.121330677390956,-2.317224835749153,-0.7301557870219937,0.9914214302309983,-1.14438416288911,1.647812652073318
4126.0,-2.1114603016230697,-2.3098729533686053,-0.7179019455429461,0.9739925745579835,-1.1484617357202571,1.6334672896124476
4127.0,-2.101589925855184,-2.302521070988058,-0.7056481040638984,0.9565637188849688,-1.1525393085514042,1.619121927151577
4128.0,-2.091719550087298,-2.295169188607511,-0.6933942625848509,0.9391348632119543,-1.156616881382551,1.6047765646907064
4129.0,-2.0818491743194114,-2.2878173062269638,-0.6811404211058033,0.9217060075389396,-1.160694454213698,1.5904312022298361
4130.0,-2.071978798551525,-2.280465423846416,-0.6688865796267557,0.9042771518659247,-1.1647720270448452,1.5760858397689654
4131.0,-2.062108422783639,-2.273113541465869,-0.6566327381477081,0.8868482961929101,-1.1688495998759922,1.5617404773080947
4132.0,-2.0522380470157526,-2.265761659085322,-0.6443788966686604,0.8694194405198954,-1.1729271727071393,1.5473951148472243
4133.0,-2.0423676712478667,-2.2584097767047746,-0.6321250551896129,0.8519905848468807,-1.1770047455382862,1.5330497523863538
4134.0,-2.0324972954799803,-2.2510578943242274,-0.6198712137105653,0.8345617291738661,-1.1810823183694332,1.5187043899254833
4135.0,-2.022626919712094,-2.24370601194368,-0.6076173722315177,0.8171328735008514,-1.18515989120058,1.5043590274646128
4136.0,-2.012756543944208,-2.2363541295631326,-0.5953635307524701,0.7997040178278367,-1.1892374640317271,1.490013665003742
4137.0,-2.0028861681763215,-2.2290022471825854,-0.5831096892734224,0.7822751621548218,-1.1933150368628742,1.4756683025428716
4138.0,-1.9930157924084355,-2.2216503648020383,-0.5708558477943749,0.7648463064818074,-1.1973926096940213,1.4613229400820011
4139.0,-1.983145416640549,-2.2142984824214906,-0.5586020063153273,0.7474174508087927,-1.2014701825251684,1.4469775776211307
4140.0,-1.9732750408726631,-2.2069466000409435,-0.5463481648362798,0.7299885951357779,-1.2055477553563152,1.4326322151602602
4141.0,-1.9634046651047767,-2.1995947176603963,-0.5340943233572322,0.7125597394627634,-1.2096253281874623,1.4182868526993897
4142.0,-1.9535342893368906,-2.192242835279849,-0.5218404818781845,0.6951308837897485,-1.2137029010186093,1.403941490238519
4143.0,-1.9436639135690044,-2.184890952899302,-0.509586640399137,0.6777020281167339,-1.2177804738497562,1.3895961277776485
4144.0,-1.933793537801118,-2.1775390705187543,-0.4973327989200893,0.660273172443719,-1.2218580466809033,1.3752507653167778
4145.0,-1.923923162033232,-2.170187188138207,-0.4850789574410418,0.6428443167707045,-1.2259356195120503,1.3609054028559073
4146.0,-1.9140527862653458,-2.16283530575766,-0.4728251159619943,0.6254154610976899,-1.2300131923431974,1.3465600403950369
4147.0,-1.9041824104974596,-2.1554834233771123,-0.46057127448294655,0.607986605424675,-1.2340907651743442,1.3322146779341661
4148.0,-1.8943120347295732,-2.148131540996565,-0.44831743300389904,0.5905577497516605,-1.2381683380054913,1.3178693154732959
4149.0,-1.884441658961687,-2.140779658616018,-0.4360635915248513,0.5731288940786456,-1.2422459108366384,1.3035239530124252
4150.0,-1.8745712831938008,-2.1334277762354708,-0.4238097500458038,0.555700038405631,-1.2463234836677852,1.2891785905515547
4151.0,-1.8647009074259149,-2.1260758938549236,-0.4115559085667563,0.5382711827326165,-1.2504010564989323,1.2748332280906842
4152.0,-1.8548305316580285,-2.118724011474376,-0.39930206708770855,0.5208423270596017,-1.2544786293300794,1.2604878656298135
4153.0,-1.8449601558901423,-2.1113721290938288,-0.3870482256086609,0.503413471386587,-1.2585562021612264,1.246142503168943
4154.0,-1.835089780122256,-2.1040202467132816,-0.3747943841296133,0.4859846157135721,-1.2626337749923735,1.2317971407080726
4155.0,-1.82521940435437,-2.096668364332734,-0.3625405426505659,0.46855576004055766,-1.2667113478235204,1.217451778247202
4156.0,-1.8153490285864837,-2.0893164819521868,-0.35028670117151806,0.45112690436754277,-1.2707889206546674,1.2031064157863314
4157.0,-1.8054786528185973,-2.0819645995716396,-0.33803285969247066,0.4336980486945281,-1.2748664934858143,1.188761053325461
4158.0,-1.7956082770507114,-2.0746127171910924,-0.32577901821342303,0.41626919302151366,-1.2789440663169613,1.1744156908645904
4159.0,-1.785737901282825,-2.0672608348105452,-0.3135251767343754,0.3988403373484988,-1.2830216391481084,1.1600703284037197
4160.0,-1.775867525514939,-2.059908952429998,-0.3012713352553278,0.3814114816754841,-1.2870992119792555,1.1457249659428492
4161.0,-1.7659971497470526,-2.0525570700494504,-0.28901749377628017,0.3639826260024692,-1.2911767848104025,1.1313796034819787
4162.0,-1.7561267739791664,-2.0452051876689032,-0.27676365229723254,0.3465537703294548,-1.2952543576415494,1.1170342410211083
4163.0,-1.7462563982112802,-2.037853305288356,-0.26450981081818514,0.3291249146564401,-1.2993319304726965,1.1026888785602378
4164.0,-1.7363860224433938,-2.0305014229078084,-0.2522559693391373,0.31169605898342523,-1.3034095033038435,1.088343516099367
4165.0,-1.7265156466755078,-2.0231495405272613,-0.2400021278600899,0.2942672033104108,-1.3074870761349904,1.0739981536384966
4166.0,-1.7166452709076214,-2.015797658146714,-0.22774828638104205,0.2768383476373959,-1.3115646489661374,1.059652791177626
4167.0,-1.7067748951397355,-2.008445775766167,-0.21549444490199465,0.25940949196438123,-1.3156422217972845,1.0453074287167556
4168.0,-1.696904519371849,-2.0010938933856197,-0.20324060342294703,0.2419806362913668,-1.3197197946284316,1.0309620662558852
4169.0,-1.6870341436039629,-1.993742011005072,-0.1909867619438994,0.2245517806183519,-1.3237973674595784,1.0166167037950145
4170.0,-1.6771637678360767,-1.986390128624525,-0.17873292046485179,0.20712292494533724,-1.3278749402907255,1.002271341334144
4171.0,-1.6672933920681903,-1.9790382462439777,-0.16647907898580416,0.18969406927232235,-1.3319525131218726,0.9879259788732733
4172.0,-1.6574230163003043,-1.9716863638634305,-0.15422523750675654,0.1722652135993079,-1.3360300859530194,0.9735806164124028
4173.0,-1.6475526405324181,-1.9643344814828831,-0.14197139602770914,0.15483635792629324,-1.3401076587841665,0.9592352539515323
4174.0,-1.637682264764532,-1.9569825991023357,-0.1297175545486613,0.13740750225327836,-1.3441852316153136,0.9448898914906618
4175.0,-1.6278118889966458,-1.9496307167217886,-0.1174637130696139,0.11997864658026391,-1.3482628044464606,0.9305445290297913
4176.0,-1.6179415132287593,-1.9422788343412414,-0.10520987159056605,0.10254979090724903,-1.3523403772776077,0.9161991665689206
4177.0,-1.6080711374608732,-1.934926951960694,-0.09295603011151865,0.08512093523423436,-1.3564179501087545,0.9018538041080502
4178.0,-1.5982007616929872,-1.9275750695801468,-0.08070218863247103,0.06769207956121992,-1.3604955229399016,0.8875084416471797
4179.0,-1.5883303859251008,-1.9202231871995994,-0.0684483471534234,0.05026322388820503,-1.3645730957710485,0.873163079186309
4180.0,-1.5784600101572146,-1.9128713048190522,-0.05619450567437578,0.03283436821519037,-1.3686506686021955,0.8588177167254385
4181.0,-1.5685896343893284,-1.9055194224385048,-0.04394066419532816,0.015405512542175481,-1.3727282414333426,0.844472354264568
4182.0,-1.5587192586214422,-1.8981675400579574,-0.03168682271628076,-0.0020233431308389616,-1.3768058142644897,0.8301269918036975
4183.0,-1.5488488828535558,-1.8908156576774102,-0.019432981237232916,-0.01945219880385385,-1.3808833870956367,0.8157816293428268
4184.0,-1.5389785070856696,-1.883463775296863,-0.007179139758185515,-0.03688105447686851,-1.3849609599267836,0.8014362668819563
4185.0,-1.5291081313177837,-1.8761118929163159,0.005074701720862107,-0.054309910149882956,-1.3890385327579307,0.7870909044210859
4186.0,-1.5192377555498973,-1.8687600105357682,0.01732854319990973,-0.07173876582289784,-1.3931161055890777,0.7727455419602152
4187.0,-1.509367379782011,-1.861408128155221,0.029582384678957352,-0.08916762149591229,-1.3971936784202246,0.7584001794993449
4188.0,-1.499497004014125,-1.8540562457746739,0.041836226158004974,-0.10659647716892717,-1.4012712512513716,0.7440548170384742
4189.0,-1.4896266282462387,-1.8467043633941267,0.0540900676370526,-0.12402533284194206,-1.4053488240825187,0.7297094545776037
4190.0,-1.4797562524783525,-1.8393524810135793,0.0663439091161,-0.1414541885149565,-1.4094263969136658,0.7153640921167332
4191.0,-1.4698858767104663,-1.8320005986330319,0.07859775059514784,-0.1588830441879714,-1.4135039697448128,0.7010187296558625
4192.0,-1.4600155009425801,-1.8246487162524847,0.09085159207419524,-0.17631189986098583,-1.4175815425759597,0.6866733671949921
4193.0,-1.4501451251746937,-1.8172968338719375,0.10310543355324309,-0.19374075553400072,-1.4216591154071068,0.6723280047341214
4194.0,-1.4402747494068076,-1.8099449514913901,0.11535927503229049,-0.21116961120701516,-1.4257366882382536,0.6579826422732511
4195.0,-1.4304043736389216,-1.802593069110843,0.1276131165113381,-0.22859846688003005,-1.4298142610694007,0.6436372798123806
4196.0,-1.4205339978710352,-1.7952411867302955,0.13986695799038573,-0.24602732255304494,-1.4338918339005478,0.6292919173515099
4197.0,-1.410663622103149,-1.7878893043497484,0.15212079946943335,-0.2634561782260594,-1.4379694067316948,0.6149465548906394
4198.0,-1.4007932463352628,-1.780537421969201,0.16437464094848098,-0.28088503389907427,-1.442046979562842,0.6006011924297687
4199.0,-1.3909228705673766,-1.7731855395886538,0.1766284824275286,-0.2983138895720887,-1.4461245523939887,0.5862558299688982
4200.0,-1.3810524947994904,-1.7658336572081064,0.188882323906576,-0.31574274524510315,-1.4502021252251356,0.5719104675080278
4201.0,-1.3711821190316043,-1.7584817748275592,0.20113616538562384,-0.33317160091811804,-1.4542796980562827,0.5575651050471573
4202.0,-1.361311743263718,-1.751129892447012,0.21339000686467124,-0.3506004565911329,-1.4583572708874297,0.5432197425862868
4203.0,-1.3514413674958317,-1.7437780100664646,0.2256438483437191,-0.3680293122641478,-1.4624348437185768,0.5288743801254161
4204.0,-1.3415709917279455,-1.7364261276859172,0.2378976898227665,-0.38545816793716225,-1.4665124165497239,0.5145290176645456
4205.0,-1.3317006159600595,-1.72907424530537,0.2501515313018141,-0.4028870236101767,-1.470589989380871,0.5001836552036751
4206.0,-1.321830240192173,-1.7217223629248228,0.26240537278086173,-0.4203158792831916,-1.474667562212018,0.48583829274280443
4207.0,-1.311959864424287,-1.7143704805442757,0.27465921425990936,-0.437744734956206,-1.4787451350431648,0.4714929302819342
4208.0,-1.3020894886564007,-1.7070185981637283,0.286913055738957,-0.4551735906292209,-1.482822707874312,0.45714756782106347
4209.0,-1.2922191128885145,-1.6996667157831808,0.2991668972180044,-0.4726024463022358,-1.4869002807054588,0.442802205360193
4210.0,-1.2823487371206284,-1.6923148334026337,0.311420738697052,-0.49003130197525024,-1.4909778535366058,0.4284568428993225
4211.0,-1.2724783613527422,-1.6849629510220865,0.3236745801760996,-0.5074601576482647,-1.495055426367753,0.41411148043845225
4212.0,-1.2626079855848558,-1.6776110686415389,0.33592842165514747,-0.52488901332128,-1.4991329991989,0.3997661179775811
4213.0,-1.2527376098169696,-1.6702591862609917,0.34818226313419487,-0.5423178689942945,-1.503210572030047,0.38542075551671084
4214.0,-1.2428672340490834,-1.6629073038804445,0.3604361046132425,-0.5597467246673089,-1.507288144861194,0.37107539305584014
4215.0,-1.2329968582811972,-1.6555554214998973,0.3726899460922899,-0.5771755803403238,-1.5113657176923407,0.3567300305949699
4216.0,-1.2231264825133112,-1.64820353911935,0.3849437875713375,-0.5946044360133382,-1.5154432905234878,0.3423846681340992
4217.0,-1.2132561067454246,-1.6408516567388025,0.39719762905038536,-0.6120332916863536,-1.5195208633546349,0.3280393056732285
4218.0,-1.2033857309775386,-1.6334997743582553,0.409451470529433,-0.629462147359368,-1.523598436185782,0.3136939432123582
4219.0,-1.1935153552096525,-1.6261478919777081,0.4217053120084804,-0.6468910030323825,-1.527676009016929,0.2993485807514875
4220.0,-1.1836449794417663,-1.6187960095971607,0.433959153487528,-0.6643198587053973,-1.531753581848076,0.28500321829061726
4221.0,-1.17377460367388,-1.6114441272166136,0.4462129949665754,-0.6817487143784118,-1.535831154679223,0.27065785582974655
4222.0,-1.1639042279059937,-1.6040922448360662,0.45846683644562347,-0.6991775700514267,-1.53990872751037,0.25631249336887585
4223.0,-1.1540338521381075,-1.596740362455519,0.47072067792467087,-0.7166064257244416,-1.5439863003415168,0.24196713090800515
4224.0,-1.1441634763702213,-1.5893884800749716,0.4829745194037185,-0.734035281397456,-1.548063873172664,0.2276217684471349
4225.0,-1.1342931006023351,-1.5820365976944244,0.4952283608827659,-0.7514641370704704,-1.552141446003811,0.21327640598626463
4226.0,-1.1244227248344492,-1.5746847153138772,0.5074822023618135,-0.7688929927434853,-1.556219018834958,0.19893104352539392
4227.0,-1.1145523490665625,-1.5673328329333298,0.5197360438408614,-0.7863218484165002,-1.5602965916661051,0.18458568106452322
4228.0,-1.1046819732986766,-1.5599809505527824,0.531989885319909,-0.8037507040895147,-1.5643741644972522,0.17024031860365252
4229.0,-1.0948115975307904,-1.5526290681722352,0.5442437267989564,-0.8211795597625295,-1.568451737328399,0.15589495614278226
4230.0,-1.0849412217629042,-1.545277185791688,0.556497568278004,-0.838608415435544,-1.572529310159546,0.141549593681912
4231.0,-1.075070845995018,-1.5379253034111409,0.5687514097570514,-0.8560372711085584,-1.576606882990693,0.1272042312210413
4232.0,-1.0652004702271316,-1.5305734210305932,0.5810052512360993,-0.8734661267815738,-1.58068445582184,0.1128588687601706
4233.0,-1.0553300944592454,-1.523221538650046,0.5932590927151469,-0.8908949824545882,-1.584762028652987,0.09851350629929989
4234.0,-1.0454597186913592,-1.5158696562694989,0.6055129341941945,-0.9083238381276026,-1.5888396014841342,0.08416814383842963
4235.0,-1.035589342923473,-1.5085177738889517,0.6177667756732421,-0.9257526938006175,-1.592917174315281,0.06982278137755893
4236.0,-1.0257189671555866,-1.501165891508404,0.6300206171522897,-0.9431815494736324,-1.5969947471464283,0.055477418916688226
4237.0,-1.0158485913877005,-1.493814009127857,0.6422744586313374,-0.9606104051466473,-1.6010723199775752,0.04113205645581797
4238.0,-1.0059782156198143,-1.4864621267473097,0.654528300110385,-0.9780392608196617,-1.605149892808722,0.026786693994947264
4239.0,-0.9961078398519283,-1.4791102443667623,0.6667821415894322,-0.9954681164926762,-1.609227465639869,0.012441331534077005
4240.0,-0.9862374640840421,-1.4717583619862151,0.6790359830684798,-1.012896972165691,-1.6133050384710161,-0.0019040309267936983
4241.0,-0.9763670883161557,-1.4644064796056677,0.6912898245475279,-1.030325827838706,-1.6173826113021632,-0.0162493933876644
4242.0,-0.9664967125482695,-1.4570545972251205,0.7035436660265755,-1.0477546835117204,-1.6214601841333103,-0.030594755848535105
4243.0,-0.9566263367803833,-1.4497027148445731,0.7157975075056227,-1.0651835391847353,-1.6255377569644571,-0.044940118309405364
4244.0,-0.9467559610124971,-1.442350832464026,0.7280513489846703,-1.0826123948577497,-1.6296153297956042,-0.05928548077027562
4245.0,-0.936885585244611,-1.4349989500834788,0.7403051904637179,-1.1000412505307642,-1.633692902626751,-0.07363084323114633
4246.0,-0.9270152094767246,-1.4276470677029314,0.752559031942766,-1.1174701062037795,-1.6377704754578981,-0.08797620569201703
4247.0,-0.9171448337088384,-1.420295185322384,0.7648128734218131,-1.134898961876794,-1.6418480482890452,-0.10232156815288773
4248.0,-0.9072744579409522,-1.4129433029418368,0.7770667149008608,-1.1523278175498084,-1.6459256211201923,-0.11666693061375799
4249.0,-0.8974040821730662,-1.4055914205612896,0.7893205563799084,-1.1697566732228233,-1.6500031939513393,-0.1310122930746287
4250.0,-0.88753370640518,-1.3982395381807424,0.801574397858956,-1.1871855288958377,-1.6540807667824862,-0.14535765553549895
4251.0,-0.8776633306372936,-1.3908876558001948,0.8138282393380036,-1.204614384568853,-1.6581583396136332,-0.15970301799636966
4252.0,-0.8677929548694074,-1.3835357734196476,0.8260820808170513,-1.2220432402418675,-1.6622359124447803,-0.17404838045724036
4253.0,-0.8579225791015213,-1.3761838910391004,0.8383359222960989,-1.239472095914882,-1.6663134852759272,-0.18839374291811062
4254.0,-0.8480522033336351,-1.3688320086585533,0.8505897637751465,-1.2569009515878968,-1.6703910581070742,-0.20273910537898132
4255.0,-0.8381818275657489,-1.3614801262780059,0.8628436052541937,-1.2743298072609113,-1.6744686309382213,-0.21708446783985158
4256.0,-0.8283114517978625,-1.3541282438974585,0.8750974467332417,-1.2917586629339262,-1.6785462037693684,-0.23142983030072273
4257.0,-0.8184410760299763,-1.3467763615169113,0.8873512882122894,-1.309187518606941,-1.6826237766005154,-0.245775192761593
4258.0,-0.8085707002620901,-1.339424479136364,0.899605129691337,-1.3266163742799555,-1.6867013494316623,-0.26012055522246325
4259.0,-0.7987003244942041,-1.3320725967558167,0.9118589711703842,-1.34404522995297,-1.6907789222628091,-0.27446591768333395
4260.0,-0.788829948726318,-1.3247207143752695,0.9241128126494318,-1.3614740856259848,-1.6948564950939562,-0.2888112801442042
4261.0,-0.7789595729584313,-1.317368831994722,0.9363666541284799,-1.3789029412989997,-1.6989340679251033,-0.30315664260507535
4262.0,-0.7690891971905454,-1.310016949614175,0.948620495607527,-1.3963317969720141,-1.7030116407562503,-0.3175020050659456
4263.0,-0.7592188214226592,-1.3026650672336275,0.9608743370865747,-1.413760652645029,-1.7070892135873974,-0.3318473675268159
4264.0,-0.749348445654773,-1.2953131848530803,0.9731281785656223,-1.4311895083180435,-1.7111667864185445,-0.3461927299876866
4265.0,-0.7394780698868868,-1.2879613024725332,0.9853820200446699,-1.448618363991058,-1.7152443592496913,-0.36053809244855684
4266.0,-0.7296076941190004,-1.2806094200919855,0.9976358615237175,-1.4660472196640733,-1.7193219320808384,-0.374883454909428
4267.0,-0.7197373183511142,-1.2732575377114383,1.0098897030027651,-1.4834760753370877,-1.7233995049119852,-0.38922881737029824
4268.0,-0.709866942583228,-1.2659056553308912,1.0221435444818128,-1.5009049310101026,-1.7274770777431323,-0.40357417983116894
4269.0,-0.6999965668153418,-1.258553772950344,1.0343973859608604,-1.518333786683117,-1.7315546505742794,-0.4179195422920392
4270.0,-0.6901261910474559,-1.2512018905697966,1.0466512274399076,-1.5357626423561315,-1.7356322234054264,-0.43226490475290946
4271.0,-0.6802558152795692,-1.2438500081892492,1.0589050689189556,-1.5531914980291468,-1.7397097962365735,-0.4466102672137806
4272.0,-0.6703854395116833,-1.236498125808702,1.0711589103980033,-1.5706203537021612,-1.7437873690677206,-0.46095562967465087
4273.0,-0.6605150637437971,-1.2291462434281548,1.0834127518770509,-1.5880492093751757,-1.7478649418988674,-0.47530099213552157
4274.0,-0.6506446879759107,-1.2217943610476074,1.095666593356098,-1.6054780650481906,-1.7519425147300143,-0.48964635459639183
4275.0,-0.6407743122080247,-1.2144424786670602,1.1079204348351457,-1.622906920721205,-1.7560200875611613,-0.5039917170572625
4276.0,-0.6309039364401383,-1.2070905962865128,1.1201742763141938,-1.64033577639422,-1.7600976603923084,-0.5183370795181332
4277.0,-0.6210335606722523,-1.1997387139059656,1.1324281177932414,-1.6577646320672348,-1.7641752332234555,-0.5326824419790035
4278.0,-0.6111631849043659,-1.1923868315254182,1.1446819592722886,-1.6751934877402492,-1.7682528060546026,-0.5470278044398742
4279.0,-0.60129280913648,-1.185034949144871,1.1569358007513362,-1.6926223434132637,-1.7723303788857494,-0.5613731669007445
4280.0,-0.5914224333685936,-1.1776830667643239,1.1691896422303838,-1.7100511990862786,-1.7764079517168965,-0.5757185293616152
4281.0,-0.5815520576007072,-1.1703311843837765,1.1814434837094319,-1.7274800547592934,-1.7804855245480435,-0.5900638918224859
4282.0,-0.5716816818328212,-1.162979302003229,1.193697325188479,-1.744908910432308,-1.7845630973791904,-0.6044092542833566
4283.0,-0.5618113060649348,-1.155627419622682,1.2059511666675267,-1.7623377661053228,-1.7886406702103375,-0.6187546167442268
4284.0,-0.5519409302970488,-1.1482755372421347,1.2182050081465743,-1.7797666217783372,-1.7927182430414845,-0.6330999792050971
4285.0,-0.5420705545291629,-1.1409236548615875,1.230458849625622,-1.7971954774513517,-1.7967958158726316,-0.6474453416659678
4286.0,-0.532200178761276,-1.13357177248104,1.2427126911046695,-1.814624333124367,-1.8008733887037787,-0.6617907041268385
4287.0,-0.52232980299339,-1.1262198901004927,1.2549665325837172,-1.8320531887973814,-1.8049509615349255,-0.6761360665877092
4288.0,-0.5124594272255041,-1.1188680077199455,1.2672203740627648,-1.8494820444703963,-1.8090285343660726,-0.6904814290485795
4289.0,-0.5025890514576177,-1.1115161253393984,1.2794742155418124,-1.8669109001434108,-1.8131061071972194,-0.7048267915094502
4290.0,-0.4927186756897317,-1.104164242958851,1.2917280570208596,-1.8843397558164252,-1.8171836800283665,-0.7191721539703204
4291.0,-0.4828482999218453,-1.0968123605783036,1.3039818984999076,-1.9017686114894405,-1.8212612528595136,-0.7335175164311911
4292.0,-0.4729779241539589,-1.0894604781977564,1.3162357399789553,-1.919197467162455,-1.8253388256906606,-0.7478628788920618
4293.0,-0.46310754838607293,-1.082108595817209,1.3284895814580024,-1.9366263228354694,-1.8294163985218077,-0.7622082413529321
4294.0,-0.4532371726181865,-1.0747567134366618,1.34074342293705,-1.9540551785084843,-1.8334939713529546,-0.7765536038138028
4295.0,-0.4433667968503001,-1.0674048310561144,1.3529972644160981,-1.9714840341814992,-1.8375715441841018,-0.7908989662746735
4296.0,-0.43349642108241415,-1.0600529486755672,1.3652511058951458,-1.9889128898545136,-1.8416491170152487,-0.8052443287355442
4297.0,-0.42362604531452774,-1.0527010662950198,1.377504947374193,-2.0063417455275285,-1.8457266898463955,-0.8195896911964144
4298.0,-0.4137556695466418,-1.0453491839144726,1.3897587888532406,-2.023770601200543,-1.8498042626775426,-0.8339350536572847
4299.0,-0.4038852937787558,-1.0379973015339254,1.4020126303322882,-2.0411994568735574,-1.8538818355086897,-0.8482804161181554
4300.0,-0.3940149180108694,-1.030645419153378,1.4142664718113362,-2.0586283125465727,-1.8579594083398367,-0.8626257785790261
4301.0,-0.384144542242983,-1.0232935367728306,1.4265203132903834,-2.076057168219587,-1.8620369811709838,-0.8769711410398968
4302.0,-0.37427416647509704,-1.0159416543922835,1.438774154769431,-2.093486023892602,-1.8661145540021307,-0.8913165035007671
4303.0,-0.36440379070721063,-1.0085897720117363,1.4510279962484787,-2.110914879565616,-1.8701921268332775,-0.9056618659616373
4304.0,-0.35453341493932466,-1.001237889631189,1.4632818377275263,-2.128343735238631,-1.8742696996644246,-0.920007228422508
4305.0,-0.34466303917143826,-0.9938860072506415,1.475535679206574,-2.145772590911646,-1.8783472724955717,-0.9343525908833787
4306.0,-0.33479266340355185,-0.9865341248700943,1.4877895206856215,-2.1632014465846607,-1.8824248453267187,-0.9486979533442494
4307.0,-0.3249222876356659,-0.9791822424895471,1.5000433621646692,-2.1806303022576756,-1.8865024181578658,-0.9630433158051197
4308.0,-0.3150519118677799,-0.9718303601089999,1.5122972036437168,-2.1980591579306896,-1.8905799909890129,-0.9773886782659904
4309.0,-0.3051815360998935,-0.9644784777284525,1.524551045122764,-2.2154880136037045,-1.8946575638201597,-0.9917340407268607
4310.0,-0.2953111603320071,-0.9571265953479051,1.536804886601812,-2.2329168692767194,-1.8987351366513068,-1.0060794031877314
4311.0,-0.28544078456412114,-0.9497747129673579,1.5490587280808596,-2.2503457249497343,-1.9028127094824538,-1.020424765648602
4312.0,-0.27557040879623473,-0.9424228305868108,1.5613125695599073,-2.267774580622749,-1.9068902823136007,-1.0347701281094723
4313.0,-0.26570003302834877,-0.9350709482062634,1.5735664110389544,-2.285203436295763,-1.9109678551447478,-1.049115490570343
4314.0,-0.25582965726046236,-0.9277190658257162,1.585820252518002,-2.302632291968778,-1.9150454279758948,-1.0634608530312133
4315.0,-0.24595928149257595,-0.9203671834451688,1.5980740939970501,-2.320061147641793,-1.919123000807042,-1.0778062154920844
4316.0,-0.23608890572469,-0.9130153010646216,1.6103279354760973,-2.337490003314808,-1.923200573638189,-1.0921515779529547
4317.0,-0.22621852995680358,-0.9056634186840742,1.622581776955145,-2.354918858987822,-1.9272781464693358,-1.106496940413825
4318.0,-0.21634815418891762,-0.898311536303527,1.6348356184341926,-2.3723477146608367,-1.9313557193004829,-1.1208423028746957
4319.0,-0.20647777842103165,-0.8909596539229798,1.6470894599132402,-2.3897765703338516,-1.9354332921316297,-1.135187665335566
4320.0,-0.1966074026531448,-0.8836077715424322,1.6593433013922878,-2.4072054260068665,-1.9395108649627768,-1.149533027796437
4321.0,-0.18673702688525884,-0.876255889161885,1.6715971428713354,-2.4246342816798814,-1.9435884377939239,-1.1638783902573073
4322.0,-0.17686665111737288,-0.8689040067813378,1.683850984350383,-2.4420631373528954,-1.947666010625071,-1.178223752718178
4323.0,-0.16699627534948647,-0.8615521244007907,1.6961048258294307,-2.4594919930259103,-1.9517435834562178,-1.1925691151790483
4324.0,-0.1571258995816005,-0.8542002420202432,1.7083586673084779,-2.476920848698925,-1.9558211562873649,-1.2069144776399185
4325.0,-0.1472555238137141,-0.8468483596396958,1.720612508787526,-2.49434970437194,-1.959898729118512,-1.2212598401007897
4326.0,-0.1373851480458277,-0.8394964772591487,1.7328663502665735,-2.511778560044955,-1.963976301949659,-1.23560520256166
4327.0,-0.12751477227794172,-0.8321445948786015,1.7451201917456212,-2.529207415717969,-1.9680538747808058,-1.2499505650225307
4328.0,-0.11764439651005532,-0.8247927124980541,1.7573740332246683,-2.546636271390984,-1.972131447611953,-1.264295927483401
4329.0,-0.10777402074216935,-0.8174408301175069,1.769627874703716,-2.564065127063998,-1.9762090204430998,-1.2786412899442716
4330.0,-0.09790364497428294,-0.8100889477369595,1.781881716182764,-2.5814939827370136,-1.980286593274247,-1.2929866524051423
4331.0,-0.08803326920639698,-0.8027370653564123,1.7941355576618117,-2.5989228384100276,-1.984364166105394,-1.3073320148660126
4332.0,-0.07816289343851057,-0.7953851829758649,1.8063893991408588,-2.6163516940830425,-1.988441738936541,-1.3216773773268833
4333.0,-0.06829251767062461,-0.7880333005953177,1.8186432406199065,-2.6337805497560574,-1.992519311767688,-1.3360227397877535
4334.0,-0.0584221419027382,-0.7806814182147706,1.830897082098954,-2.6512094054290714,-1.9965968845988349,-1.3503681022486242
4335.0,-0.04855176613485179,-0.7733295358342231,1.8431509235780021,-2.668638261102087,-2.000674457429982,-1.364713464709495
4336.0,-0.03868139036696583,-0.7659776534536757,1.8554047650570493,-2.686067116775101,-2.004752030261129,-1.3790588271703652
4337.0,-0.02881101459907942,-0.7586257710731286,1.867658606536097,-2.703495972448116,-2.008829603092276,-1.393404189631236
4338.0,-0.018940638831193457,-0.7512738886925814,1.8799124480151446,-2.720924828121131,-2.0129071759234227,-1.4077495520921062
4339.0,-0.009070263063307493,-0.7439220063120342,1.8921662894941922,-2.738353683794145,-2.0169847487545702,-1.4220949145529769
4340.0,0.0008001127045793588,-0.7365701239314866,1.9044201309732398,-2.75578253946716,-2.021062321585717,-1.4364402770138476
4341.0,0.010670488472465323,-0.7292182415509394,1.9166739724522874,-2.7732113951401747,-2.0251398944168644,-1.4507856394747183
4342.0,0.020540864240351286,-0.7218663591703922,1.928927813931335,-2.7906402508131896,-2.029217467248011,-1.4651310019355885
4343.0,0.030411240008237694,-0.714514476789845,1.9411816554103827,-2.8080691064862036,-2.033295040079158,-1.4794763643964588
4344.0,0.04028161577612366,-0.7071625944092976,1.9534354968894299,-2.8254979621592184,-2.037372612910305,-1.4938217268573295
4345.0,0.050151991544010066,-0.6998107120287504,1.965689338368478,-2.8429268178322333,-2.041450185741452,-1.5081670893182002
4346.0,0.060022367311896474,-0.6924588296482028,1.9779431798475255,-2.860355673505248,-2.0455277585725993,-1.522512451779071
4347.0,0.06989274307978244,-0.6851069472676556,1.9901970213265727,-2.877784529178263,-2.049605331403746,-1.5368578142399412
4348.0,0.07976311884766885,-0.6777550648871085,2.0024508628056203,-2.895213384851277,-2.053682904234893,-1.5512031767008119
4349.0,0.08963349461555481,-0.6704031825065613,2.014704704284668,-2.912642240524292,-2.05776047706604,-1.5655485391616821
4350.0,0.08963349461555481,-0.6704031825065613,2.014704704284668,-2.912642240524292,-2.05776047706604,-1.5655485391616821
4351.0,0.09229881946857159,-0.6680288131420429,2.013365852527129,-2.90908782910078,-2.074814038398938,-1.5606011396799333
4352.0,0.09496414432158837,-0.6656544437775245,2.012027000769591,-2.905533417677268,-2.091867599731837,-1.5556537401981843
4353.0,0.09762946917460515,-0.6632800744130061,2.010688149012052,-2.901979006253756,-2.108921161064735,-1.5507063407164354
4354.0,0.10029479402762193,-0.6609057050484878,2.0093492972545133,-2.898424594830244,-2.125974722397633,-1.5457589412346864
4355.0,0.1029601188806387,-0.6585313356839694,2.008010445496975,-2.894870183406732,-2.1430282837305312,-1.5408115417529376
4356.0,0.10562544373365548,-0.656156966319451,2.006671593739436,-2.89131577198322,-2.16008184506343,-1.5358641422711885
4357.0,0.10829076858667228,-0.6537825969549326,2.005332741981898,-2.887761360559708,-2.177135406396328,-1.5309167427894397
4358.0,0.11095609343968904,-0.6514082275904142,2.003993890224359,-2.884206949136196,-2.194188967729226,-1.5259693433076909
4359.0,0.11362141829270583,-0.6490338582258958,2.0026550384668202,-2.880652537712684,-2.2112425290621243,-1.5210219438259418
4360.0,0.1162867431457226,-0.6466594888613775,2.001316186709282,-2.877098126289172,-2.2282960903950224,-1.516074544344193
4361.0,0.11895206799873939,-0.6442851194968591,1.9999773349517431,-2.87354371486566,-2.245349651727921,-1.511127144862444
4362.0,0.12161739285175617,-0.6419107501323407,1.9986384831942046,-2.869989303442148,-2.262403213060819,-1.506179745380695
4363.0,0.12428271770477295,-0.6395363807678223,1.9972996314366658,-2.866434892018636,-2.2794567743937173,-1.501232345898946
4364.0,0.12694804255778974,-0.6371620114033039,1.9959607796791272,-2.8628804805951242,-2.296510335726616,-1.4962849464171972
4365.0,0.1296133674108065,-0.6347876420387855,1.9946219279215887,-2.8593260691716123,-2.313563897059514,-1.4913375469354482
4366.0,0.13227869226382327,-0.6324132726742671,1.9932830761640499,-2.8557716577481003,-2.330617458392412,-1.4863901474536994
4367.0,0.13494401711684006,-0.6300389033097488,1.9919442244065113,-2.8522172463245883,-2.3476710197253103,-1.4814427479719505
4368.0,0.13760934196985686,-0.6276645339452304,1.9906053726489727,-2.8486628349010763,-2.364724581058209,-1.4764953484902015
4369.0,0.14027466682287362,-0.625290164580712,1.9892665208914342,-2.8451084234775643,-2.381778142391107,-1.4715479490084526
4370.0,0.1429399916758904,-0.6229157952161936,1.9879276691338954,-2.8415540120540523,-2.3988317037240052,-1.4666005495267036
4371.0,0.14560531652890718,-0.6205414258516752,1.9865888173763568,-2.83799960063054,-2.4158852650569034,-1.4616531500449548
4372.0,0.14827064138192397,-0.6181670564871568,1.9852499656188183,-2.834445189207028,-2.432938826389802,-1.4567057505632057
4373.0,0.15093596623494077,-0.6157926871226385,1.9839111138612797,-2.830890777783516,-2.4499923877227,-1.451758351081457
4374.0,0.15360129108795753,-0.6134183177581201,1.982572262103741,-2.827336366360004,-2.4670459490555983,-1.446810951599708
4375.0,0.1562666159409743,-0.6110439483936017,1.9812334103462024,-2.823781954936492,-2.4840995103884964,-1.441863552117959
4376.0,0.1589319407939911,-0.6086695790290833,1.9798945585886638,-2.82022754351298,-2.501153071721395,-1.4369161526362102
4377.0,0.16159726564700788,-0.6062952096645648,1.978555706831125,-2.816673132089468,-2.518206633054293,-1.4319687531544611
4378.0,0.16426259050002465,-0.6039208403000464,1.9772168550735865,-2.813118720665956,-2.5352601943871913,-1.4270213536727123
4379.0,0.1669279153530414,-0.601546470935528,1.975878003316048,-2.809564309242444,-2.55231375572009,-1.4220739541909633
4380.0,0.1695932402060582,-0.5991721015710098,1.9745391515585093,-2.806009897818932,-2.569367317052988,-1.4171265547092144
4381.0,0.172258565059075,-0.5967977322064913,1.9732002998009706,-2.80245548639542,-2.586420878385886,-1.4121791552274656
4382.0,0.17492388991209176,-0.594423362841973,1.971861448043432,-2.798901074971908,-2.6034744397187843,-1.4072317557457166
4383.0,0.17758921476510853,-0.5920489934774545,1.9705225962858934,-2.795346663548396,-2.6205280010516825,-1.4022843562639677
4384.0,0.18025453961812532,-0.5896746241129361,1.9691837445283547,-2.791792252124884,-2.637581562384581,-1.3973369567822187
4385.0,0.1829198644711421,-0.5873002547484178,1.967844892770816,-2.788237840701372,-2.6546351237174792,-1.3923895573004699
4386.0,0.18558518932415888,-0.5849258853838994,1.9665060410132775,-2.78468342927786,-2.6716886850503774,-1.3874421578187208
4387.0,0.18825051417717567,-0.582551516019381,1.965167189255739,-2.781129017854348,-2.688742246383276,-1.382494758336972
4388.0,0.19091583903019244,-0.5801771466548626,1.9638283374982002,-2.777574606430836,-2.705795807716174,-1.3775473588552232
4389.0,0.19358116388320923,-0.5778027772903442,1.9624894857406616,-2.774020195007324,-2.7228493690490723,-1.3725999593734741
4390.0,0.19358116388320923,-0.5778027772903442,1.9624894857406616,-2.774020195007324,-2.7228493690490723,-1.3725999593734741
4391.0,0.19320251751277182,-0.5785061419010162,1.958164291249381,-2.757002439763811,-2.7202326125568814,-1.359237437446912
4392.0,0.1928238711423344,-0.5792095065116882,1.9538390967581007,-2.7399846845202975,-2.7176158560646906,-1.3458749155203502
4393.0,0.192445224771897,-0.5799128711223602,1.9495139022668202,-2.7229669292767844,-2.7149990995724997,-1.3325123935937881
4394.0,0.19206657840145958,-0.5806162357330322,1.9451887077755399,-2.705949174033271,-2.712382343080309,-1.319149871667226
4395.0,0.1916879320310222,-0.5813196003437042,1.9408635132842593,-2.6889314187897577,-2.7097655865881176,-1.3057873497406642
4396.0,0.19130928566058478,-0.5820229649543762,1.936538318792979,-2.671913663546244,-2.7071488300959268,-1.2924248278141022
4397.0,0.19093063929014736,-0.5827263295650482,1.9322131243016984,-2.654895908302731,-2.704532073603736,-1.27906230588754
4398.0,0.19055199291970995,-0.5834296941757202,1.9278879298104181,-2.6378781530592175,-2.701915317111545,-1.2656997839609783
4399.0,0.19017334654927254,-0.5841330587863922,1.9235627353191376,-2.6208603978157043,-2.6992985606193542,-1.2523372620344162
4400.0,0.18979470017883512,-0.5848364233970642,1.919237540827857,-2.6038426425721912,-2.6966818041271634,-1.2389747401078541
4401.0,0.1894160538083977,-0.5855397880077362,1.9149123463365767,-2.5868248873286777,-2.6940650476349726,-1.2256122181812923
4402.0,0.1890374074379603,-0.5862431526184082,1.9105871518452961,-2.5698071320851645,-2.6914482911427817,-1.2122496962547302
4403.0,0.18865876106752288,-0.5869465172290802,1.9062619573540158,-2.552789376841651,-2.688831534650591,-1.1988871743281682
4404.0,0.1882801146970855,-0.5876498818397522,1.9019367628627353,-2.535771621598138,-2.6862147781583996,-1.1855246524016063
4405.0,0.18790146832664809,-0.5883532464504242,1.897611568371455,-2.5187538663546243,-2.6835980216662088,-1.1721621304750443
4406.0,0.18752282195621067,-0.5890566110610962,1.8932863738801744,-2.501736111111111,-2.680981265174018,-1.1587996085484822
4407.0,0.18714417558577326,-0.5897599756717682,1.888961179388894,-2.4847183558675976,-2.678364508681827,-1.1454370866219203
4408.0,0.18676552921533585,-0.5904633402824402,1.8846359848976135,-2.4677006006240845,-2.6757477521896362,-1.1320745646953583
4409.0,0.18638688284489843,-0.5911667048931122,1.880310790406333,-2.4506828453805714,-2.6731309956974454,-1.1187120427687962
4410.0,0.18600823647446102,-0.5918700695037842,1.8759855959150527,-2.433665090137058,-2.6705142392052545,-1.1053495208422341
4411.0,0.1856295901040236,-0.5925734341144562,1.871660401423772,-2.4166473348935447,-2.6678974827130637,-1.0919869989156723
4412.0,0.1852509437335862,-0.5932767987251282,1.8673352069324918,-2.399629579650031,-2.665280726220873,-1.0786244769891105
4413.0,0.1848722973631488,-0.5939801633358002,1.8630100124412112,-2.382611824406518,-2.6626639697286816,-1.0652619550625484
4414.0,0.1844936509927114,-0.5946835279464722,1.858684817949931,-2.3655940691630044,-2.6600472132364907,-1.0518994331359863
4415.0,0.18411500462227398,-0.5953868925571442,1.8543596234586504,-2.3485763139194913,-2.6574304567443,-1.0385369112094245
4416.0,0.18373635825183657,-0.5960902571678162,1.85003442896737,-2.3315585586759777,-2.654813700252109,-1.0251743892828624
4417.0,0.18335771188139915,-0.5967936217784882,1.8457092344760895,-2.3145408034324646,-2.652196943759918,-1.0118118673563004
4418.0,0.18297906551096174,-0.5974969863891602,1.841384039984809,-2.2975230481889515,-2.6495801872677274,-0.9984493454297384
4419.0,0.18260041914052433,-0.5982003509998322,1.8370588454935286,-2.280505292945438,-2.6469634307755365,-0.9850868235031764
4420.0,0.18222177277008691,-0.5989037156105042,1.832733651002248,-2.263487537701925,-2.6443466742833457,-0.9717243015766144
4421.0,0.1818431263996495,-0.5996070802211761,1.8284084565109677,-2.2464697824584112,-2.641729917791155,-0.9583617796500524
4422.0,0.18146448002921212,-0.6003104448318481,1.8240832620196872,-2.229452027214898,-2.6391131612989636,-0.9449992577234905
4423.0,0.1810858336587747,-0.6010138094425201,1.8197580675284069,-2.212434271971385,-2.6364964048067727,-0.9316367357969284
4424.0,0.1807071872883373,-0.6017171740531921,1.8154328730371263,-2.1954165167278714,-2.633879648314582,-0.9182742138703665
4425.0,0.18032854091789988,-0.6024205386638641,1.811107678545846,-2.178398761484358,-2.631262891822391,-0.9049116919438045
4426.0,0.17994989454746246,-0.6031239032745361,1.8067824840545654,-2.1613810062408447,-2.6286461353302,-0.8915491700172424
4427.0,0.17994989454746246,-0.6031239032745361,1.8067824840545654,-2.1613810062408447,-2.6286461353302,-0.8915491700172424
4428.0,0.1785057231783867,-0.6035156846046448,1.8009516596794128,-2.1454079866409304,-2.6222943544387816,-0.8796310067176819
4429.0,0.1770615518093109,-0.6039074659347534,1.7951208353042603,-2.1294349670410155,-2.6159425735473634,-0.8677128434181214
4430.0,0.17561738044023514,-0.6042992472648621,1.7892900109291077,-2.113461947441101,-2.6095907926559447,-0.8557946801185607
4431.0,0.17417320907115935,-0.6046910285949707,1.783459186553955,-2.0974889278411863,-2.6032390117645265,-0.8438765168190002
4432.0,0.1727290377020836,-0.6050828099250793,1.7776283621788025,-2.081515908241272,-2.596887230873108,-0.8319583535194397
4433.0,0.17128486633300782,-0.605474591255188,1.77179753780365,-2.0655428886413576,-2.5905354499816893,-0.8200401902198792
4434.0,0.16984069496393203,-0.6058663725852966,1.7659667134284973,-2.049569869041443,-2.584183669090271,-0.8081220269203186
4435.0,0.16839652359485627,-0.6062581539154053,1.7601358890533447,-2.0335968494415284,-2.5778318881988525,-0.796203863620758
4436.0,0.16695235222578048,-0.6066499352455139,1.7543050646781921,-2.0176238298416136,-2.5714801073074343,-0.7842857003211975
4437.0,0.1655081808567047,-0.6070417165756226,1.7484742403030396,-2.001650810241699,-2.5651283264160156,-0.772367537021637
4438.0,0.1655081808567047,-0.6070417165756226,1.7484742403030396,-2.001650810241699,-2.5651283264160156,-0.772367537021637
4439.0,0.16598317623138428,-0.6050009727478027,1.7503412961959839,-2.0183068752288817,-2.556473207473755,-0.7824647426605225
4440.0,0.16645817160606385,-0.6029602289199829,1.7522083520889282,-2.0349629402160643,-2.547818088531494,-0.792561948299408
4441.0,0.1669331669807434,-0.6009194850921631,1.7540754079818726,-2.0516190052032472,-2.5391629695892335,-0.8026591539382935
4442.0,0.16740816235542297,-0.5988787412643433,1.755942463874817,-2.0682750701904298,-2.5305078506469725,-0.812756359577179
4443.0,0.16788315773010254,-0.5968379974365234,1.7578095197677612,-2.0849311351776123,-2.521852731704712,-0.8228535652160645
4444.0,0.16788315773010254,-0.5968379974365234,1.7578095197677612,-2.0849311351776123,-2.521852731704712,-0.8228535652160645
4445.0,0.16668192446231841,-0.5958681672811508,1.7512634158134461,-2.0676676750183107,-2.517961394786835,-0.8099211066961288
4446.0,0.1654806911945343,-0.5948983371257782,1.7447173118591308,-2.0504042148590087,-2.5140700578689574,-0.7969886481761932
4447.0,0.1642794579267502,-0.5939285069704056,1.7381712079048157,-2.033140754699707,-2.5101787209510804,-0.7840561896562577
4448.0,0.16307822465896607,-0.592958676815033,1.7316251039505004,-2.015877294540405,-2.506287384033203,-0.771123731136322
4449.0,0.16187699139118195,-0.5919888466596603,1.7250789999961853,-1.9986138343811035,-2.502396047115326,-0.7581912726163864
4450.0,0.16067575812339782,-0.5910190165042877,1.7185328960418702,-1.9813503742218017,-2.498504710197449,-0.7452588140964508
4451.0,0.1594745248556137,-0.5900491863489151,1.7119867920875549,-1.9640869140625,-2.4946133732795714,-0.7323263555765152
4452.0,0.1582732915878296,-0.5890793561935425,1.7054406881332398,-1.9468234539031983,-2.4907220363616944,-0.7193938970565796
4453.0,0.15707205832004548,-0.5881095260381699,1.6988945841789245,-1.9295599937438965,-2.486830699443817,-0.706461438536644
4454.0,0.15587082505226135,-0.5871396958827972,1.6923484802246094,-1.9122965335845947,-2.48293936252594,-0.6935289800167084
4455.0,0.15466959178447723,-0.5861698657274246,1.6858023762702943,-1.895033073425293,-2.479048025608063,-0.6805965214967727
4456.0,0.1534683585166931,-0.585200035572052,1.679256272315979,-1.8777696132659911,-2.4751566886901855,-0.6676640629768371
4457.0,0.152267125248909,-0.5842302054166794,1.6727101683616639,-1.8605061531066895,-2.4712653517723084,-0.6547316044569016
4458.0,0.15106589198112488,-0.5832603752613068,1.6661640644073485,-1.8432426929473877,-2.467374014854431,-0.641799145936966
4459.0,0.14986465871334076,-0.5822905451059341,1.6596179604530334,-1.825979232788086,-2.463482677936554,-0.6288666874170303
4460.0,0.14866342544555664,-0.5813207149505615,1.6530718564987184,-1.8087157726287841,-2.459591341018677,-0.6159342288970947
4461.0,0.1474621921777725,-0.5803508847951889,1.646525752544403,-1.7914523124694823,-2.4557000041007995,-0.6030017703771591
4462.0,0.14626095890998841,-0.5793810546398163,1.639979648590088,-1.7741888523101808,-2.4518086671829225,-0.5900693118572236
4463.0,0.1450597256422043,-0.5784112244844437,1.6334335446357726,-1.756925392150879,-2.447917330265045,-0.5771368533372879
4464.0,0.14385849237442017,-0.577441394329071,1.6268874406814575,-1.7396619319915771,-2.444025993347168,-0.5642043948173523
4465.0,0.14385849237442017,-0.577441394329071,1.6268874406814575,-1.7396619319915771,-2.444025993347168,-0.5642043948173523
4466.0,0.13775790263624751,-0.5802035752464744,1.622230235268088,-1.735953267882852,-2.4269751380471623,-0.5590634275885189
4467.0,0.1316573128980749,-0.5829657561638776,1.6175730298547184,-1.7322446037741268,-2.4099242827471565,-0.5539224603596855
4468.0,0.12555672315990224,-0.5857279370812809,1.6129158244413488,-1.7285359396654016,-2.392873427447151,-0.5487814931308522
4469.0,0.11945613342172959,-0.5884901179986841,1.6082586190279793,-1.7248272755566765,-2.375822572147145,-0.5436405259020188
4470.0,0.11335554368355695,-0.5912522989160874,1.6036014136146097,-1.7211186114479513,-2.3587717168471394,-0.5384995586731854
4471.0,0.10725495394538431,-0.5940144798334908,1.5989442082012402,-1.7174099473392261,-2.3417208615471337,-0.533358591444352
4472.0,0.10115436420721166,-0.596776660750894,1.5942870027878706,-1.713701283230501,-2.324670006247128,-0.5282176242155188
4473.0,0.09505377446903902,-0.5995388416682973,1.589629797374501,-1.7099926191217758,-2.307619150947122,-0.5230766569866854
4474.0,0.08895318473086637,-0.6023010225857005,1.5849725919611313,-1.7062839550130509,-2.290568295647116,-0.517935689757852
4475.0,0.08285259499269373,-0.6050632035031038,1.5803153865477617,-1.7025752909043257,-2.2735174403471103,-0.5127947225290186
4476.0,0.07675200525452108,-0.607825384420507,1.5756581811343922,-1.6988666267956005,-2.2564665850471046,-0.5076537553001853
4477.0,0.07065141551634846,-0.6105875653379104,1.5710009757210226,-1.6951579626868754,-2.239415729747099,-0.5025127880713519
4478.0,0.06455082577817581,-0.6133497462553137,1.566343770307653,-1.6914492985781502,-2.222364874447093,-0.4973718208425185
4479.0,0.05845023604000317,-0.6161119271727169,1.5616865648942835,-1.687740634469425,-2.2053140191470875,-0.4922308536136852
4480.0,0.05234964630183052,-0.6188741080901202,1.557029359480914,-1.6840319703606998,-2.1882631638470817,-0.4870898863848518
4481.0,0.04624905656365788,-0.6216362890075234,1.5523721540675444,-1.6803233062519747,-2.171212308547076,-0.48194891915601845
4482.0,0.04014846682548523,-0.6243984699249268,1.5477149486541748,-1.6766146421432495,-2.1541614532470703,-0.47680795192718506
4483.0,0.04014846682548523,-0.6243984699249268,1.5477149486541748,-1.6766146421432495,-2.1541614532470703,-0.47680795192718506
4484.0,0.038467890050794394,-0.6284412826810565,1.5548268386295863,-1.693499349412464,-2.146028791155134,-0.4828153820264907
4485.0,0.036787313276103566,-0.6324840954371861,1.561938728604998,-1.7103840566816784,-2.1378961290631975,-0.48882281212579637
4486.0,0.03510673650141273,-0.6365269081933158,1.5690506185804094,-1.7272687639508928,-2.1297634669712613,-0.494830242225102
4487.0,0.0334261597267219,-0.6405697209494454,1.576162508555821,-1.7441534712201072,-2.1216308048793246,-0.5008376723244077
4488.0,0.031745582952031066,-0.6446125337055751,1.5832743985312325,-1.7610381784893216,-2.1134981427873885,-0.5068451024237133
4489.0,0.030065006177340238,-0.6486553464617048,1.5903862885066442,-1.7779228857585363,-2.105365480695452,-0.512852532523019
4490.0,0.028384429402649403,-0.6526981592178345,1.5974981784820557,-1.7948075930277507,-2.0972328186035156,-0.5188599626223246
4491.0,0.02670385262795857,-0.6567409719739642,1.6046100684574671,-1.8116923002969652,-2.0891001565115794,-0.5248673927216303
4492.0,0.02502327585326774,-0.6607837847300938,1.6117219584328788,-1.8285770075661796,-2.080967494419643,-0.5308748228209359
4493.0,0.023342699078576907,-0.6648265974862235,1.6188338484082903,-1.845461714835394,-2.0728348323277066,-0.5368822529202416
4494.0,0.021662122303886075,-0.6688694102423531,1.625945738383702,-1.8623464221046084,-2.06470217023577,-0.5428896830195472
4495.0,0.019981545529195243,-0.6729122229984829,1.6330576283591134,-1.8792311293738229,-2.0565695081438338,-0.5488971131188529
4496.0,0.018300968754504408,-0.6769550357546125,1.640169518334525,-1.8961158366430373,-2.048436846051897,-0.5549045432181585
4497.0,0.016620391979813576,-0.6809978485107422,1.6472814083099365,-1.9130005439122517,-2.040304183959961,-0.5609119733174642
4498.0,0.014939815205122747,-0.6850406612668718,1.654393298285348,-1.9298852511814661,-2.0321715218680247,-0.5669194034167698
4499.0,0.013259238430431912,-0.6890834740230015,1.6615051882607597,-1.9467699584506808,-2.024038859776088,-0.5729268335160755
4500.0,0.011578661655741077,-0.6931262867791312,1.6686170782361711,-1.9636546657198952,-2.015906197684152,-0.5789342636153811
4501.0,0.009898084881050248,-0.6971690995352608,1.6757289682115828,-1.9805393729891096,-2.0077735355922153,-0.5849416937146867
4502.0,0.00821750810635942,-0.7012119122913906,1.6828408581869942,-1.997424080258324,-1.999640873500279,-0.5909491238139924
4503.0,0.006536931331668584,-0.7052547250475202,1.6899527481624057,-2.0143087875275385,-1.9915082114083427,-0.5969565539132982
4504.0,0.004856354556977749,-0.7092975378036499,1.6970646381378174,-2.031193494796753,-1.9833755493164062,-0.6029639840126038
4505.0,0.004856354556977749,-0.7092975378036499,1.6970646381378174,-2.031193494796753,-1.9833755493164062,-0.6029639840126038
4506.0,-0.0007310358009168074,-0.7110729898725238,1.6984814235142298,-2.037987674985613,-1.9669193029403687,-0.590465818132673
4507.0,-0.006318426158811364,-0.7128484419413975,1.6998982088906425,-2.0447818551744734,-1.950463056564331,-0.5779676522527423
4508.0,-0.01190581651670592,-0.7146238940102714,1.701314994267055,-2.0515760353633334,-1.9340068101882935,-0.5654694863728115
4509.0,-0.017493206874600476,-0.7163993460791451,1.7027317796434676,-2.058370215552194,-1.9175505638122559,-0.5529713204928807
4510.0,-0.02308059723249503,-0.718174798148019,1.70414856501988,-2.065164395741054,-1.9010943174362183,-0.54047315461295
4511.0,-0.02866798759038959,-0.7199502502168927,1.7055653503962926,-2.0719585759299144,-1.8846380710601807,-0.5279749887330192
4512.0,-0.03425537794828415,-0.7217257022857666,1.706982135772705,-2.0787527561187744,-1.868181824684143,-0.5154768228530884
4513.0,-0.03425537794828415,-0.7217257022857666,1.706982135772705,-2.0787527561187744,-1.868181824684143,-0.5154768228530884
4514.0,-0.03599506492416064,-0.7177030709054735,1.6979378991656833,-2.0630631181928845,-1.8670734564463298,-0.5041689276695251
4515.0,-0.03773475190003713,-0.7136804395251803,1.6888936625586615,-2.047373480266995,-1.8659650882085164,-0.4928610324859619
4516.0,-0.03947443887591362,-0.7096578081448873,1.6798494259516399,-2.031683842341105,-1.8648567199707031,-0.4815531373023987
4517.0,-0.04121412585179011,-0.7056351767645942,1.670805189344618,-2.0159942044152155,-1.8637483517328899,-0.47024524211883545
4518.0,-0.0429538128276666,-0.7016125453843011,1.6617609527375963,-2.0003045664893255,-1.8626399834950764,-0.4589373469352722
4519.0,-0.04469349980354309,-0.6975899140040079,1.6527167161305745,-1.9846149285634358,-1.8615316152572632,-0.447629451751709
4520.0,-0.04643318677941958,-0.6935672826237149,1.6436724795235529,-1.968925290637546,-1.86042324701945,-0.43632155656814575
4521.0,-0.04817287375529607,-0.6895446512434218,1.634628242916531,-1.9532356527116563,-1.8593148787816365,-0.4250136613845825
4522.0,-0.04991256073117256,-0.6855220198631287,1.6255840063095093,-1.9375460147857666,-1.8582065105438232,-0.4137057662010193
4523.0,-0.04991256073117256,-0.6855220198631287,1.6255840063095093,-1.9375460147857666,-1.8582065105438232,-0.4137057662010193
4524.0,-0.05675408523529768,-0.6884716749191284,1.6298613846302032,-1.9481283128261566,-1.8429984748363495,-0.4006141498684883
4525.0,-0.0635956097394228,-0.6914213299751282,1.6341387629508972,-1.9587106108665466,-1.8277904391288757,-0.38752253353595734
4526.0,-0.07043713424354792,-0.6943709850311279,1.6384161412715912,-1.9692929089069366,-1.812582403421402,-0.37443091720342636
4527.0,-0.07727865874767303,-0.6973206400871277,1.6426935195922852,-1.9798752069473267,-1.7973743677139282,-0.3613393008708954
4528.0,-0.07727865874767303,-0.6973206400871277,1.6426935195922852,-1.9798752069473267,-1.7973743677139282,-0.3613393008708954
4529.0,-0.08268029739459355,-0.693961520989736,1.6347849369049072,-1.9672060410181682,-1.788942774136861,-0.34365102648735046
4530.0,-0.08808193604151408,-0.6906024018923441,1.6268763542175293,-1.9545368750890095,-1.7805111805597942,-0.32596275210380554
4531.0,-0.0934835746884346,-0.6872432827949524,1.6189677715301514,-1.941867709159851,-1.772079586982727,-0.3082744777202606
4532.0,-0.0934835746884346,-0.6872432827949524,1.6189677715301514,-1.941867709159851,-1.772079586982727,-0.3082744777202606
4533.0,-0.10012124478816986,-0.6871583859125773,1.6178882519404094,-1.941644271214803,-1.7600794235865276,-0.2913670639197032
4534.0,-0.10675891488790512,-0.6870734890302023,1.6168087323506672,-1.9414208332697551,-1.7480792601903279,-0.2744596501191457
4535.0,-0.11339658498764038,-0.6869885921478271,1.6157292127609253,-1.941197395324707,-1.7360790967941284,-0.25755223631858826
4536.0,-0.11339658498764038,-0.6869885921478271,1.6157292127609253,-1.941197395324707,-1.7360790967941284,-0.25755223631858826
4537.0,-0.11979411169886589,-0.6826177686452866,1.6064583361148834,-1.9253118932247162,-1.725527137517929,-0.23734074085950851
4538.0,-0.1261916384100914,-0.678246945142746,1.5971874594688416,-1.9094263911247253,-1.7149751782417297,-0.21712924540042877
4539.0,-0.1325891651213169,-0.6738761216402054,1.5879165828227997,-1.8935408890247345,-1.7044232189655304,-0.19691774994134903
4540.0,-0.13898669183254242,-0.6695052981376648,1.5786457061767578,-1.8776553869247437,-1.693871259689331,-0.1767062544822693
4541.0,-0.13898669183254242,-0.6695052981376648,1.5786457061767578,-1.8776553869247437,-1.693871259689331,-0.1767062544822693
4542.0,-0.14702239135901132,-0.6665399670600891,1.571982502937317,-1.8632524410883586,-1.6805239121119182,-0.15521517395973206
4543.0,-0.15505809088548025,-0.6635746359825134,1.565319299697876,-1.8488494952519734,-1.6671765645345051,-0.13372409343719482
4544.0,-0.16309379041194916,-0.6606093049049377,1.558656096458435,-1.8344465494155884,-1.6538292169570923,-0.11223301291465759
4545.0,-0.16309379041194916,-0.6606093049049377,1.558656096458435,-1.8344465494155884,-1.6538292169570923,-0.11223301291465759
4546.0,-0.17184879183769225,-0.6577471017837524,1.5527233123779296,-1.8179650545120238,-1.6378659725189209,-0.09054796593263745
4547.0,-0.18060379326343537,-0.6548848986625672,1.5467905282974244,-1.8014835596084595,-1.6219027280807494,-0.0688629189506173
4548.0,-0.18935879468917846,-0.6520226955413818,1.540857744216919,-1.785002064704895,-1.6059394836425782,-0.04717787196859717
4549.0,-0.19811379611492158,-0.6491604924201966,1.5349249601364137,-1.7685205698013307,-1.5899762392044068,-0.025492824986577026
4550.0,-0.20686879754066467,-0.6462982892990112,1.5289921760559082,-1.7520390748977661,-1.5740129947662354,-0.0038077780045568943
4551.0,-0.20686879754066467,-0.6462982892990112,1.5289921760559082,-1.7520390748977661,-1.5740129947662354,-0.0038077780045568943
4552.0,-0.209114670753479,-0.6508852177196078,1.5381470388836331,-1.7683653036753337,-1.5708434051937528,0.0007623119486702811
4553.0,-0.21136054396629333,-0.6554721461402045,1.547301901711358,-1.7846915324529011,-1.5676738156212702,0.0053324019018974565
4554.0,-0.21360641717910767,-0.6600590745608012,1.5564567645390828,-1.8010177612304688,-1.5645042260487874,0.009902491855124632
4555.0,-0.215852290391922,-0.6646460029813979,1.5656116273668077,-1.8173439900080364,-1.5613346364763048,0.014472581808351807
4556.0,-0.21809816360473633,-0.6692329314019945,1.5747664901945326,-1.8336702187856038,-1.5581650469038222,0.019042671761578985
4557.0,-0.22034403681755066,-0.6738198598225912,1.5839213530222576,-1.8499964475631714,-1.5549954573313396,0.023612761714806158
4558.0,-0.222589910030365,-0.6784067882431878,1.5930762158499823,-1.866322676340739,-1.5518258677588568,0.028182851668033332
4559.0,-0.22483578324317932,-0.6829937166637845,1.6022310786777072,-1.8826489051183064,-1.5486562781863742,0.03275294162126051
4560.0,-0.22708165645599365,-0.6875806450843811,1.6113859415054321,-1.898975133895874,-1.5454866886138916,0.037323031574487686
4561.0,-0.22708165645599365,-0.6875806450843811,1.6113859415054321,-1.898975133895874,-1.5454866886138916,0.037323031574487686
4562.0,-0.2348783016204834,-0.6883954604466757,1.6133808294932048,-1.896099289258321,-1.532078782717387,0.056169264018535614
4563.0,-0.24267494678497314,-0.6892102758089701,1.6153757174809773,-1.8932234446207683,-1.518670876820882,0.07501549646258354
4564.0,-0.2504715919494629,-0.6900250911712646,1.61737060546875,-1.8903475999832153,-1.5052629709243774,0.09386172890663147
4565.0,-0.2504715919494629,-0.6900250911712646,1.61737060546875,-1.8903475999832153,-1.5052629709243774,0.09386172890663147
4566.0,-0.2546478162209193,-0.6945940355459849,1.6272335251172383,-1.9059877594312031,-1.500176469484965,0.10432555029789607
4567.0,-0.2588240404923757,-0.6991629799207052,1.6370964447657268,-1.9216279188791912,-1.4950899680455525,0.11478937168916066
4568.0,-0.2630002647638321,-0.7037319242954254,1.646959364414215,-1.937268078327179,-1.4900034666061401,0.12525319308042526
4569.0,-0.2671764890352885,-0.7083008686701456,1.6568222840627034,-1.9529082377751668,-1.4849169651667278,0.13571701447168985
4570.0,-0.2713527133067449,-0.712869813044866,1.6666852037111919,-1.9685483972231548,-1.4798304637273152,0.14618083586295444
4571.0,-0.2755289375782013,-0.7174387574195862,1.6765481233596802,-1.9841885566711426,-1.4747439622879028,0.15664465725421906
4572.0,-0.2755289375782013,-0.7174387574195862,1.6765481233596802,-1.9841885566711426,-1.4747439622879028,0.15664465725421906
4573.0,-0.2745543387201097,-0.7211520274480184,1.6848853958977594,-2.0014805263943143,-1.4783039490381877,0.1545700447426902
4574.0,-0.27357973986201817,-0.7248652974764506,1.6932226684358385,-2.018772496117486,-1.4818639357884724,0.15249543223116133
4575.0,-0.2726051410039266,-0.7285785675048828,1.7015599409739177,-2.0360644658406577,-1.4854239225387573,0.15042081971963248
4576.0,-0.27163054214583504,-0.7322918375333151,1.7098972135119967,-2.0533564355638294,-1.4889839092890422,0.1483462072081036
4577.0,-0.27065594328774345,-0.7360051075617472,1.718234486050076,-2.0706484052870007,-1.492543896039327,0.14627159469657475
4578.0,-0.2696813444296519,-0.7397183775901794,1.726571758588155,-2.0879403750101724,-1.4961038827896118,0.14419698218504587
4579.0,-0.2687067455715603,-0.7434316476186117,1.7349090311262343,-2.105232344733344,-1.4996638695398967,0.14212236967351702
4580.0,-0.2677321467134688,-0.7471449176470438,1.7432463036643133,-2.122524314456516,-1.5032238562901814,0.14004775716198814
4581.0,-0.2667575478553772,-0.7508581876754761,1.7515835762023926,-2.1398162841796875,-1.5067838430404663,0.1379731446504593
4582.0,-0.2667575478553772,-0.7508581876754761,1.7515835762023926,-2.1398162841796875,-1.5067838430404663,0.1379731446504593
4583.0,-0.2789200693368912,-0.7563047409057617,1.7625365257263184,-2.142883062362671,-1.4913607239723206,0.16911933571100235
4584.0,-0.29108259081840515,-0.7617512941360474,1.7734894752502441,-2.1459498405456543,-1.4759376049041748,0.2002655267715454
4585.0,-0.29108259081840515,-0.7617512941360474,1.7734894752502441,-2.1459498405456543,-1.4759376049041748,0.2002655267715454
4586.0,-0.30003153284390766,-0.7649551033973694,1.781057318051656,-2.1487479209899902,-1.4589054981867473,0.23307405908902484
4587.0,-0.3089804748694102,-0.7681589126586914,1.788625160853068,-2.151546001434326,-1.4418733914693196,0.2658825914065043
4588.0,-0.3179294168949127,-0.7713627219200134,1.79619300365448,-2.154344081878662,-1.424841284751892,0.29869112372398376
4589.0,-0.3179294168949127,-0.7713627219200134,1.79619300365448,-2.154344081878662,-1.424841284751892,0.29869112372398376
4590.0,-0.3200918063521385,-0.7760386317968369,1.8069289326667786,-2.1706488132476807,-1.4242691099643707,0.3079756200313568
4591.0,-0.3222541958093643,-0.7807145416736603,1.8176648616790771,-2.186953544616699,-1.4236969351768494,0.31726011633872986
4592.0,-0.3244165852665901,-0.7853904515504837,1.8284007906913757,-2.2032582759857178,-1.423124760389328,0.3265446126461029
4593.0,-0.3265789747238159,-0.7900663614273071,1.8391367197036743,-2.2195630073547363,-1.4225525856018066,0.33582910895347595
4594.0,-0.3265789747238159,-0.7900663614273071,1.8391367197036743,-2.2195630073547363,-1.4225525856018066,0.33582910895347595
4595.0,-0.3324360966682434,-0.790368664264679,1.840940809249878,-2.2159120559692385,-1.4085891485214233,0.3576219379901886
4596.0,-0.3382932186126709,-0.7906709671020508,1.8427448987960815,-2.21226110458374,-1.39462571144104,0.37941476702690125
4597.0,-0.34415034055709837,-0.7909732699394226,1.8445489883422852,-2.2086101531982423,-1.3806622743606567,0.4012075960636139
4598.0,-0.35000746250152587,-0.7912755727767944,1.8463530778884887,-2.204959201812744,-1.3666988372802735,0.42300042510032654
4599.0,-0.35586458444595337,-0.7915778756141663,1.8481571674346924,-2.201308250427246,-1.3527354001998901,0.4447932541370392
4600.0,-0.35586458444595337,-0.7915778756141663,1.8481571674346924,-2.201308250427246,-1.3527354001998901,0.4447932541370392
4601.0,-0.361588465315955,-0.7918914641652789,1.851074457168579,-2.1990829876491,-1.3370413609913416,0.4636184998920986
4602.0,-0.3673123461859567,-0.7922050527163914,1.8539917469024658,-2.1968577248709544,-1.3213473217827933,0.4824437456471579
4603.0,-0.37303622705595835,-0.792518641267504,1.8569090366363525,-2.1946324620928084,-1.3056532825742448,0.5012689914022174
4604.0,-0.37876010792596,-0.7928322298186166,1.8598263263702393,-2.1924071993146623,-1.2899592433656966,0.5200942371572767
4605.0,-0.38448398879596163,-0.7931458183697292,1.862743616104126,-2.1901819365365163,-1.274265204157148,0.538919482912336
4606.0,-0.3902078696659633,-0.7934594069208417,1.8656609058380127,-2.1879566737583707,-1.2585711649485998,0.5577447286673954
4607.0,-0.39593175053596497,-0.7937729954719543,1.8685781955718994,-2.1857314109802246,-1.2428771257400513,0.5765699744224548
4608.0,-0.39593175053596497,-0.7937729954719543,1.8685781955718994,-2.1857314109802246,-1.2428771257400513,0.5765699744224548
4609.0,-0.39425044506788254,-0.7893793657422066,1.8583756387233734,-2.1686609089374542,-1.2438599467277527,0.5637678503990173
4610.0,-0.3925691395998001,-0.7849857360124588,1.8481730818748474,-2.151590406894684,-1.244842767715454,0.5509657263755798
4611.0,-0.3908878341317177,-0.780592106282711,1.8379705250263214,-2.1345199048519135,-1.2458255887031555,0.5381636023521423
4612.0,-0.38920652866363525,-0.7761984765529633,1.8277679681777954,-2.117449402809143,-1.246808409690857,0.5253614783287048
4613.0,-0.3875252231955528,-0.7718048468232155,1.8175654113292694,-2.1003789007663727,-1.2477912306785583,0.5125593543052673
4614.0,-0.3858439177274704,-0.7674112170934677,1.8073628544807434,-2.0833083987236023,-1.2487740516662598,0.49975723028182983
4615.0,-0.38416261225938797,-0.7630175873637199,1.7971602976322174,-2.066237896680832,-1.2497568726539612,0.48695510625839233
4616.0,-0.38248130679130554,-0.7586239576339722,1.7869577407836914,-2.0491673946380615,-1.2507396936416626,0.47415298223495483
4617.0,-0.38248130679130554,-0.7586239576339722,1.7869577407836914,-2.0491673946380615,-1.2507396936416626,0.47415298223495483
4618.0,-0.3759173691272736,-0.7570821404457092,1.7812374591827393,-2.0478829383850097,-1.2673603534698485,0.45467122793197634
4619.0,-0.36935343146324157,-0.7555403232574462,1.775517177581787,-2.046598482131958,-1.2839810132980347,0.4351894736289978
4620.0,-0.3627894937992096,-0.7539985060691834,1.769796895980835,-2.0453140258789064,-1.3006016731262207,0.4157077193260193
4621.0,-0.3562255561351776,-0.7524566888809204,1.7640766143798827,-2.0440295696258546,-1.3172223329544068,0.39622596502304075
4622.0,-0.34966161847114563,-0.7509148716926575,1.7583563327789307,-2.0427451133728027,-1.3338429927825928,0.37674421072006226
4623.0,-0.34966161847114563,-0.7509148716926575,1.7583563327789307,-2.0427451133728027,-1.3338429927825928,0.37674421072006226
4624.0,-0.3423716028531392,-0.7484712998072306,1.7513831853866577,-2.03981614112854,-1.3506793975830078,0.3531463146209717
4625.0,-0.33508158723513287,-0.7460277279218038,1.7444100379943848,-2.0368871688842773,-1.3675158023834229,0.3295484185218811
4626.0,-0.32779157161712646,-0.743584156036377,1.7374368906021118,-2.0339581966400146,-1.384352207183838,0.3059505224227905
4627.0,-0.32779157161712646,-0.743584156036377,1.7374368906021118,-2.0339581966400146,-1.384352207183838,0.3059505224227905
4628.0,-0.3234196702639262,-0.7391902208328247,1.7277027368545532,-2.021539807319641,-1.3905048767725627,0.29234639803568524
4629.0,-0.3190477689107259,-0.7347962856292725,1.7179685831069946,-2.0091214179992676,-1.3966575463612874,0.2787422736485799
4630.0,-0.31467586755752563,-0.7304023504257202,1.708234429359436,-1.996703028678894,-1.4028102159500122,0.2651381492614746
4631.0,-0.31467586755752563,-0.7304023504257202,1.708234429359436,-1.996703028678894,-1.4028102159500122,0.2651381492614746
4632.0,-0.314522770318118,-0.7262260263616388,1.6998584053733132,-1.9802371263504028,-1.4003249948674983,0.2621614336967468
4633.0,-0.3143696730787104,-0.7220497022975575,1.6914823813871904,-1.9637712240219116,-1.3978397737849841,0.25918471813201904
4634.0,-0.31421657583930274,-0.7178733782334761,1.6831063574010676,-1.9473053216934204,-1.3953545527024702,0.25620800256729126
4635.0,-0.31406347859989514,-0.7136970541693948,1.6747303334149448,-1.9308394193649292,-1.3928693316199563,0.2532312870025635
4636.0,-0.3139103813604875,-0.7095207301053134,1.666354309428822,-1.914373517036438,-1.3903841105374424,0.2502545714378357
4637.0,-0.3137572841210799,-0.705344406041232,1.657978285442699,-1.8979076147079468,-1.3878988894549282,0.2472778558731079
4638.0,-0.31360418688167224,-0.7011680819771506,1.6496022614565762,-1.8814417123794556,-1.3854136683724143,0.24430114030838013
4639.0,-0.31345108964226465,-0.6969917579130693,1.6412262374704534,-1.8649758100509644,-1.3829284472899004,0.24132442474365234
4640.0,-0.313297992402857,-0.6928154338489879,1.6328502134843306,-1.8485099077224731,-1.3804432262073865,0.23834770917892456
4641.0,-0.3131448951634494,-0.6886391097849065,1.6244741894982078,-1.832044005393982,-1.3779580051248723,0.23537099361419678
4642.0,-0.31299179792404175,-0.6844627857208252,1.616098165512085,-1.8155781030654907,-1.3754727840423584,0.232394278049469
4643.0,-0.31299179792404175,-0.6844627857208252,1.616098165512085,-1.8155781030654907,-1.3754727840423584,0.232394278049469
4644.0,-0.3051879286766052,-0.6818086743354798,1.6095388412475586,-1.8128645896911622,-1.3911310195922852,0.21454413533210753
4645.0,-0.2973840594291687,-0.6791545629501343,1.6029795169830323,-1.8101510763168336,-1.4067892551422119,0.1966939926147461
4646.0,-0.2895801901817322,-0.6765004515647888,1.5964201927185058,-1.8074375629425048,-1.4224474906921387,0.17884384989738464
4647.0,-0.28177632093429567,-0.6738463401794433,1.5898608684539794,-1.8047240495681762,-1.4381057262420653,0.1609937071800232
4648.0,-0.27397245168685913,-0.6711922287940979,1.5833015441894531,-1.8020105361938477,-1.4537639617919922,0.14314356446266174
4649.0,-0.27397245168685913,-0.6711922287940979,1.5833015441894531,-1.8020105361938477,-1.4537639617919922,0.14314356446266174
4650.0,-0.27760545412699383,-0.6681836975945367,1.5783500538931952,-1.7864630354775324,-1.4439907338884141,0.14878495203124154
4651.0,-0.2812384565671285,-0.6651751663949754,1.5733985635969374,-1.7709155347612169,-1.434217505984836,0.1544263395998213
4652.0,-0.2848714590072632,-0.6621666351954142,1.5684470733006795,-1.7553680340449016,-1.424444278081258,0.1600677271684011
4653.0,-0.2885044614473979,-0.659158103995853,1.5634955830044217,-1.739820533328586,-1.41467105017768,0.16570911473698086
4654.0,-0.29213746388753253,-0.6561495727962918,1.5585440927081637,-1.7242730326122708,-1.4048978222741022,0.17135050230556065
4655.0,-0.29577046632766724,-0.6531410415967306,1.553592602411906,-1.7087255318959553,-1.3951245943705242,0.1769918898741404
4656.0,-0.29940346876780194,-0.6501325103971693,1.548641112115648,-1.69317803117964,-1.3853513664669461,0.1826332774427202
4657.0,-0.3030364712079366,-0.6471239791976081,1.5436896218193903,-1.6776305304633246,-1.375578138563368,0.18827466501129997
4658.0,-0.3066694736480713,-0.6441154479980469,1.5387381315231323,-1.6620830297470093,-1.36580491065979,0.19391605257987976
4659.0,-0.3066694736480713,-0.6441154479980469,1.5387381315231323,-1.6620830297470093,-1.36580491065979,0.19391605257987976
4660.0,-0.30687255608408076,-0.6390034525017989,1.530428553882398,-1.6449562624881142,-1.3637300290559466,0.1906733230540627
4661.0,-0.3070756385200902,-0.6338914570055509,1.5221189762416638,-1.6278294952292192,-1.3616551474521035,0.18743059352824562
4662.0,-0.30727872095609965,-0.6287794615093031,1.5138093986009296,-1.610702727970324,-1.35958026584826,0.18418786400242856
4663.0,-0.3074818033921091,-0.6236674660130551,1.5054998209601955,-1.593575960711429,-1.357505384244417,0.18094513447661148
4664.0,-0.3076848858281186,-0.6185554705168071,1.4971902433194613,-1.576449193452534,-1.3554305026405735,0.17770240495079442
4665.0,-0.307887968264128,-0.6134434750205592,1.488880665678727,-1.559322426193639,-1.3533556210367303,0.17445967542497737
4666.0,-0.3080910507001375,-0.6083314795243113,1.4805710880379928,-1.5421956589347439,-1.351280739432887,0.17121694589916028
4667.0,-0.30829413313614695,-0.6032194840280634,1.4722615103972585,-1.5250688916758488,-1.3492058578290438,0.16797421637334323
4668.0,-0.3084972155721564,-0.5981074885318154,1.4639519327565242,-1.5079421244169537,-1.3471309762252004,0.16473148684752614
4669.0,-0.30870029800816584,-0.5929954930355674,1.4556423551157902,-1.4908153571580587,-1.3450560946213572,0.1614887573217091
4670.0,-0.3089033804441753,-0.5878834975393195,1.447332777475056,-1.4736885898991634,-1.3429812130175138,0.158246027795892
4671.0,-0.3091064628801848,-0.5827715020430716,1.4390231998343217,-1.4565618226402683,-1.3409063314136707,0.15500329827007495
4672.0,-0.30930954531619426,-0.5776595065468236,1.4307136221935874,-1.4394350553813733,-1.3388314498098273,0.1517605687442579
4673.0,-0.3095126277522037,-0.5725475110505757,1.4224040445528532,-1.4223082881224782,-1.336756568205984,0.1485178392184408
4674.0,-0.30971571018821314,-0.5674355155543277,1.414094466912119,-1.4051815208635832,-1.3346816866021407,0.14527510969262375
4675.0,-0.3099187926242226,-0.5623235200580797,1.4057848892713847,-1.388054753604688,-1.3326068049982975,0.14203238016680667
4676.0,-0.3101218750602321,-0.5572115245618319,1.3974753116306506,-1.370927986345793,-1.3305319233944541,0.1387896506409896
4677.0,-0.3103249574962415,-0.5520995290655839,1.3891657339899164,-1.353801219086898,-1.328457041790611,0.13554692111517253
4678.0,-0.310528039932251,-0.5469875335693359,1.3808561563491821,-1.336674451828003,-1.3263821601867676,0.13230419158935547
4679.0,-0.310528039932251,-0.5469875335693359,1.3808561563491821,-1.336674451828003,-1.3263821601867676,0.13230419158935547
4680.0,-0.30399760603904724,-0.5452074110507965,1.3749237954616547,-1.332448959350586,-1.3409728705883026,0.12455596216022968
4681.0,-0.2974671721458435,-0.5434272885322571,1.3689914345741272,-1.328223466873169,-1.3555635809898376,0.1168077327311039
4682.0,-0.29093673825263977,-0.5416471660137177,1.3630590736865997,-1.323997974395752,-1.3701542913913727,0.10905950330197811
4683.0,-0.28440630435943604,-0.5398670434951782,1.3571267127990723,-1.319772481918335,-1.3847450017929077,0.10131127387285233
4684.0,-0.28440630435943604,-0.5398670434951782,1.3571267127990723,-1.319772481918335,-1.3847450017929077,0.10131127387285233
4685.0,-0.28461730768603666,-0.5417526710417963,1.3629625458871164,-1.3370081070930726,-1.3856252739506383,0.10457224807431621
4686.0,-0.2848283110126372,-0.5436382985884144,1.3687983789751608,-1.3542437322678105,-1.3865055461083688,0.1078332222757801
4687.0,-0.28503931433923785,-0.5455239261350324,1.374634212063205,-1.3714793574425481,-1.3873858182660994,0.11109419647724397
4688.0,-0.2852503176658384,-0.5474095536816505,1.380470045151249,-1.388714982617286,-1.3882660904238302,0.11435517067870786
4689.0,-0.28546132099243904,-0.5492951812282685,1.3863058782392932,-1.4059506077920236,-1.3891463625815608,0.11761614488017175
4690.0,-0.2856723243190396,-0.5511808087748866,1.3921417113273375,-1.4231862329667615,-1.3900266347392913,0.12087711908163562
4691.0,-0.28588332764564023,-0.5530664363215047,1.3979775444153817,-1.4404218581414991,-1.390906906897022,0.12413809328309951
4692.0,-0.2860943309722408,-0.5549520638681227,1.4038133775034258,-1.457657483316237,-1.3917871790547525,0.1273990674845634
4693.0,-0.2863053342988414,-0.5568376914147408,1.40964921059147,-1.4748931084909747,-1.392667451212483,0.13066004168602727
4694.0,-0.286516337625442,-0.5587233189613589,1.4154850436795143,-1.4921287336657123,-1.3935477233702136,0.13392101588749117
4695.0,-0.2867273409520426,-0.5606089465079769,1.4213208767675585,-1.5093643588404502,-1.3944279955279442,0.13718199008895504
4696.0,-0.28693834427864323,-0.5624945740545949,1.4271567098556026,-1.5265999840151878,-1.395308267685675,0.14044296429041891
4697.0,-0.2871493476052438,-0.564380201601213,1.4329925429436468,-1.5438356091899257,-1.3961885398434055,0.14370393849188282
4698.0,-0.2873603509318444,-0.5662658291478311,1.4388283760316911,-1.5610712343646633,-1.397068812001136,0.1469649126933467
4699.0,-0.287571354258445,-0.5681514566944491,1.4446642091197353,-1.5783068595394012,-1.3979490841588667,0.1502258868948106
4700.0,-0.2877823575850456,-0.5700370842410672,1.4505000422077794,-1.5955424847141388,-1.3988293563165972,0.15348686109627446
4701.0,-0.2879933609116462,-0.5719227117876853,1.4563358752958235,-1.6127781098888767,-1.3997096284743278,0.15674783529773834
4702.0,-0.2882043642382468,-0.5738083393343033,1.462171708383868,-1.6300137350636144,-1.4005899006320583,0.16000880949920224
4703.0,-0.28841536756484737,-0.5756939668809213,1.468007541471912,-1.647249360238352,-1.401470172789789,0.16326978370066614
4704.0,-0.288626370891448,-0.5775795944275395,1.4738433745599562,-1.6644849854130899,-1.4023504449475197,0.16653075790213
4705.0,-0.2888373742180486,-0.5794652219741575,1.4796792076480003,-1.6817206105878275,-1.4032307171052503,0.16979173210359388
4706.0,-0.2890483775446492,-0.5813508495207755,1.4855150407360447,-1.6989562357625654,-1.4041109892629808,0.17305270630505776
4707.0,-0.2892593808712498,-0.5832364770673937,1.4913508738240888,-1.716191860937303,-1.4049912614207114,0.17631368050652166
4708.0,-0.28947038419785037,-0.5851221046140117,1.497186706912133,-1.733427486112041,-1.405871533578442,0.17957465470798553
4709.0,-0.289681387524451,-0.5870077321606297,1.503022540000177,-1.7506631112867785,-1.4067518057361725,0.18283562890944943
4710.0,-0.28989239085105156,-0.5888933597072479,1.5088583730882215,-1.7678987364615164,-1.407632077893903,0.1860966031109133
4711.0,-0.2901033941776522,-0.5907789872538659,1.5146942061762656,-1.785134361636254,-1.4085123500516337,0.18935757731237718
4712.0,-0.29031439750425275,-0.5926646148004839,1.5205300392643097,-1.8023699868109917,-1.4093926222093645,0.19261855151384105
4713.0,-0.2905254008308534,-0.594550242347102,1.526365872352354,-1.8196056119857296,-1.410272894367095,0.19587952571530495
4714.0,-0.29073640415745394,-0.5964358698937201,1.5322017054403982,-1.8368412371604674,-1.4111531665248256,0.19914049991676885
4715.0,-0.29094740748405457,-0.5983214974403381,1.5380375385284424,-1.854076862335205,-1.4120334386825562,0.20240147411823273
4716.0,-0.29094740748405457,-0.5983214974403381,1.5380375385284424,-1.854076862335205,-1.4120334386825562,0.20240147411823273
4717.0,-0.2982223331928253,-0.6000069975852966,1.5440136988957722,-1.8580750624338787,-1.3990964492162068,0.21794966359933218
4718.0,-0.30549725890159607,-0.6016924977302551,1.5499898592631023,-1.862073262532552,-1.3861594597498577,0.2334978530804316
4719.0,-0.3127721846103668,-0.6033779978752136,1.5559660196304321,-1.8660714626312256,-1.3732224702835083,0.24904604256153107
4720.0,-0.3127721846103668,-0.6033779978752136,1.5559660196304321,-1.8660714626312256,-1.3732224702835083,0.24904604256153107
4721.0,-0.3228808790445328,-0.6053154468536377,1.5645617246627808,-1.8736499547958374,-1.3572794795036316,0.26833347231149673
4722.0,-0.33298957347869873,-0.6072528958320618,1.5731574296951294,-1.8812284469604492,-1.3413364887237549,0.2876209020614624
4723.0,-0.33298957347869873,-0.6072528958320618,1.5731574296951294,-1.8812284469604492,-1.3413364887237549,0.2876209020614624
4724.0,-0.3339226593573888,-0.604615302880605,1.5674305478731791,-1.863799023628235,-1.337497321764628,0.2839084247748057
4725.0,-0.3348557452360789,-0.6019777099291483,1.561703666051229,-1.8463696002960206,-1.3336581548055013,0.280195947488149
4726.0,-0.335788831114769,-0.5993401169776916,1.5559767842292787,-1.828940176963806,-1.3298189878463744,0.27648347020149233
4727.0,-0.33672191699345905,-0.5967025240262349,1.5502499024073282,-1.8115107536315918,-1.3259798208872478,0.2727709929148356
4728.0,-0.33765500287214917,-0.5940649310747782,1.544523020585378,-1.7940813302993774,-1.3221406539281209,0.2690585156281789
4729.0,-0.33858808875083923,-0.5914273381233215,1.5387961387634277,-1.7766519069671631,-1.3183014869689942,0.2653460383415222
4730.0,-0.3395211746295293,-0.5887897451718648,1.5330692569414774,-1.7592224836349488,-1.3144623200098673,0.2616335610548655
4731.0,-0.3404542605082194,-0.5861521522204082,1.5273423751195272,-1.7417930603027343,-1.3106231530507406,0.2579210837682088
4732.0,-0.3413873463869095,-0.5835145592689515,1.521615493297577,-1.72436363697052,-1.3067839860916137,0.25420860648155214
4733.0,-0.34232043226559955,-0.5808769663174947,1.5158886114756267,-1.7069342136383057,-1.302944819132487,0.25049612919489544
4734.0,-0.34325351814428967,-0.578239373366038,1.5101617296536765,-1.6895047903060914,-1.2991056521733602,0.24678365190823873
4735.0,-0.34418660402297974,-0.5756017804145813,1.504434847831726,-1.672075366973877,-1.2952664852142335,0.24307117462158204
4736.0,-0.3451196899016698,-0.5729641874631246,1.4987079660097757,-1.6546459436416625,-1.2914273182551066,0.23935869733492532
4737.0,-0.3460527757803599,-0.5703265945116679,1.4929810841878255,-1.6372165203094482,-1.28758815129598,0.23564622004826863
4738.0,-0.34698586165905,-0.5676890015602112,1.4872542023658752,-1.6197870969772339,-1.283748984336853,0.23193374276161194
4739.0,-0.34791894753774005,-0.5650514086087545,1.481527320543925,-1.6023576736450196,-1.2799098173777261,0.22822126547495525
4740.0,-0.3488520334164302,-0.5624138156572978,1.4758004387219747,-1.5849282503128053,-1.2760706504185995,0.22450878818829856
4741.0,-0.34978511929512024,-0.559776222705841,1.4700735569000245,-1.5674988269805907,-1.2722314834594726,0.22079631090164187
4742.0,-0.3507182051738103,-0.5571386297543843,1.4643466750780743,-1.5500694036483764,-1.268392316500346,0.21708383361498515
4743.0,-0.3516512910525004,-0.5545010368029276,1.4586197932561238,-1.532639980316162,-1.264553149541219,0.21337135632832846
4744.0,-0.3525843769311905,-0.5518634438514709,1.4528929114341735,-1.5152105569839478,-1.2607139825820923,0.20965887904167174
4745.0,-0.35351746280988056,-0.5492258509000143,1.4471660296122233,-1.4977811336517335,-1.2568748156229654,0.20594640175501505
4746.0,-0.3544505486885707,-0.5465882579485576,1.441439147790273,-1.480351710319519,-1.2530356486638388,0.20223392446835836
4747.0,-0.35538363456726074,-0.5439506649971009,1.4357122659683228,-1.4629222869873046,-1.2491964817047119,0.19852144718170167
4748.0,-0.3563167204459508,-0.5413130720456442,1.4299853841463726,-1.4454928636550903,-1.2453573147455852,0.19480896989504495
4749.0,-0.35724980632464093,-0.5386754790941874,1.424258502324422,-1.428063440322876,-1.2415181477864583,0.19109649260838826
4750.0,-0.358182892203331,-0.5360378861427307,1.4185316205024718,-1.4106340169906617,-1.2376789808273316,0.18738401532173155
4751.0,-0.35911597808202106,-0.533400293191274,1.4128047386805216,-1.3932045936584472,-1.2338398138682047,0.18367153803507485
4752.0,-0.3600490639607112,-0.5307627002398173,1.4070778568585713,-1.3757751703262329,-1.2300006469090778,0.17995906074841816
4753.0,-0.36098214983940125,-0.5281251072883606,1.401350975036621,-1.3583457469940186,-1.2261614799499512,0.17624658346176147
4754.0,-0.36098214983940125,-0.5281251072883606,1.401350975036621,-1.3583457469940186,-1.2261614799499512,0.17624658346176147
4755.0,-0.36784614125887555,-0.5269679029782613,1.4064090251922607,-1.3631743590037029,-1.2118159532546997,0.18242075542608896
4756.0,-0.3747101326783498,-0.525810698668162,1.4114670753479004,-1.368002971013387,-1.1974704265594482,0.18859492739041647
4757.0,-0.3815741240978241,-0.5246534943580627,1.41652512550354,-1.3728315830230713,-1.1831248998641968,0.19476909935474396
4758.0,-0.3815741240978241,-0.5246534943580627,1.41652512550354,-1.3728315830230713,-1.1831248998641968,0.19476909935474396
4759.0,-0.3809623929762071,-0.5276880918010589,1.422716732948057,-1.3900350947533884,-1.1861234134243381,0.20016196754670912
4760.0,-0.38035066185459016,-0.530722689244055,1.4289083403925742,-1.4072386064837055,-1.1891219269844793,0.20555483573867428
4761.0,-0.37973893073297316,-0.5337572866870511,1.4350999478370912,-1.4244421182140228,-1.1921204405446206,0.21094770393063944
4762.0,-0.37912719961135616,-0.5367918841300472,1.4412915552816083,-1.4416456299443399,-1.195118954104762,0.2163405721226046
4763.0,-0.3785154684897392,-0.5398264815730434,1.4474831627261253,-1.458849141674657,-1.1981174676649031,0.2217334403145698
4764.0,-0.3779037373681222,-0.5428610790160394,1.4536747701706425,-1.4760526534049743,-1.2011159812250445,0.22712630850653495
4765.0,-0.3772920062465052,-0.5458956764590356,1.4598663776151595,-1.4932561651352914,-1.2041144947851858,0.2325191766985001
4766.0,-0.3766802751248883,-0.5489302739020316,1.4660579850596767,-1.5104596768656084,-1.207113008345327,0.23791204489046527
4767.0,-0.3760685440032713,-0.5519648713450278,1.4722495925041936,-1.5276631885959255,-1.2101115219054683,0.24330491308243044
4768.0,-0.37545681288165433,-0.5549994687880239,1.4784411999487108,-1.5448667003262426,-1.2131100354656097,0.2486977812743956
4769.0,-0.37484508176003734,-0.55803406623102,1.4846328073932278,-1.56207021205656,-1.2161085490257508,0.2540906494663608
4770.0,-0.37423335063842034,-0.5610686636740162,1.490824414837745,-1.579273723786877,-1.2191070625858922,0.25948351765832595
4771.0,-0.3736216195168034,-0.5641032611170123,1.497016022282262,-1.5964772355171941,-1.2221055761460335,0.2648763858502911
4772.0,-0.3730098883951864,-0.5671378585600084,1.5032076297267791,-1.6136807472475114,-1.2251040897061747,0.27026925404225627
4773.0,-0.3723981572735694,-0.5701724560030045,1.509399237171296,-1.6308842589778285,-1.228102603266316,0.27566212223422143
4774.0,-0.37178642615195245,-0.5732070534460006,1.5155908446158133,-1.6480877707081456,-1.2311011168264574,0.2810549904261866
4775.0,-0.37117469503033546,-0.5762416508889967,1.5217824520603302,-1.6652912824384627,-1.2340996303865985,0.28644785861815175
4776.0,-0.37056296390871846,-0.5792762483319929,1.5279740595048474,-1.6824947941687798,-1.23709814394674,0.2918407268101169
4777.0,-0.3699512327871015,-0.5823108457749889,1.5341656669493644,-1.699698305899097,-1.2400966575068813,0.2972335950020821
4778.0,-0.3693395016654845,-0.5853454432179851,1.5403572743938816,-1.7169018176294142,-1.2430951710670226,0.30262646319404723
4779.0,-0.3687277705438675,-0.5883800406609812,1.5465488818383986,-1.7341053293597313,-1.2460936846271637,0.3080193313860124
4780.0,-0.3681160394222506,-0.5914146381039773,1.5527404892829157,-1.7513088410900486,-1.249092198187305,0.3134121995779776
4781.0,-0.3675043083006336,-0.5944492355469735,1.5589320967274327,-1.7685123528203657,-1.2520907117474465,0.3188050677699428
4782.0,-0.36689257717901663,-0.5974838329899695,1.56512370417195,-1.7857158645506828,-1.2550892253075876,0.32419793596190793
4783.0,-0.36628084605739963,-0.6005184304329657,1.5713153116164669,-1.8029193762809999,-1.258087738867729,0.3295908041538731
4784.0,-0.36566911493578264,-0.6035530278759618,1.5775069190609838,-1.820122888011317,-1.2610862524278703,0.33498367234583826
4785.0,-0.3650573838141657,-0.6065876253189579,1.583698526505501,-1.8373263997416343,-1.2640847659880114,0.3403765405378034
4786.0,-0.3644456526925487,-0.609622222761954,1.5898901339500182,-1.8545299114719513,-1.2670832795481528,0.3457694087297686
4787.0,-0.3638339215709317,-0.6126568202049502,1.5960817413945352,-1.8717334232022684,-1.2700817931082942,0.35116227692173374
4788.0,-0.36322219044931475,-0.6156914176479462,1.6022733488390521,-1.8889369349325857,-1.2730803066684353,0.3565551451136989
4789.0,-0.36261045932769775,-0.6187260150909424,1.6084649562835693,-1.9061404466629028,-1.2760788202285767,0.36194801330566406
4790.0,-0.36261045932769775,-0.6187260150909424,1.6084649562835693,-1.9061404466629028,-1.2760788202285767,0.36194801330566406
4791.0,-0.36327749159600997,-0.6212972005208334,1.6154610978232489,-1.9222191174825032,-1.2779681815041437,0.36849823262956405
4792.0,-0.36394452386432224,-0.6238683859507242,1.6224572393629286,-1.9382977883021038,-1.2798575427797105,0.3750484519534641
4793.0,-0.36461155613263446,-0.6264395713806152,1.6294533809026082,-1.954376459121704,-1.2817469040552776,0.3815986712773641
4794.0,-0.36527858840094674,-0.6290107568105062,1.636449522442288,-1.9704551299413045,-1.2836362653308444,0.3881488906012641
4795.0,-0.36594562066925895,-0.6315819422403971,1.6434456639819675,-1.986533800760905,-1.2855256266064115,0.3946991099251641
4796.0,-0.3666126529375712,-0.6341531276702881,1.6504418055216472,-2.0026124715805054,-1.2874149878819783,0.40124932924906415
4797.0,-0.36727968520588344,-0.6367243131001791,1.6574379470613267,-2.018691142400106,-1.2893043491575453,0.40779954857296413
4798.0,-0.3679467174741957,-0.63929549853007,1.6644340886010065,-2.034769813219706,-1.2911937104331122,0.4143497678968642
4799.0,-0.36861374974250793,-0.6418666839599609,1.671430230140686,-2.0508484840393066,-1.2930830717086792,0.42089998722076416
4800.0,-0.36861374974250793,-0.6418666839599609,1.671430230140686,-2.0508484840393066,-1.2930830717086792,0.42089998722076416
4801.0,-0.3666377572549714,-0.6425380806128184,1.6757526066568162,-2.0679308043585882,-1.2998539176252153,0.4445853895611233
4802.0,-0.36466176476743484,-0.6432094772656759,1.6800749831729465,-2.08501312467787,-1.3066247635417514,0.46827079190148246
4803.0,-0.36268577227989834,-0.6438808739185333,1.6843973596890767,-2.102095444997152,-1.3133956094582875,0.4919561942418416
4804.0,-0.3607097797923618,-0.6445522705713908,1.6887197362052069,-2.1191777653164334,-1.3201664553748236,0.5156415965822008
4805.0,-0.35873378730482525,-0.6452236672242483,1.6930421127213373,-2.136260085635715,-1.32693730129136,0.53932699892256
4806.0,-0.3567577948172887,-0.6458950638771057,1.6973644892374675,-2.1533424059549966,-1.333708147207896,0.5630124012629191
4807.0,-0.3547818023297522,-0.6465664605299631,1.7016868657535977,-2.1704247262742786,-1.340478993124432,0.5866978036032783
4808.0,-0.35280580984221566,-0.6472378571828207,1.706009242269728,-2.18750704659356,-1.3472498390409682,0.6103832059436374
4809.0,-0.3508298173546791,-0.6479092538356781,1.7103316187858582,-2.204589366912842,-1.3540206849575043,0.6340686082839966
4810.0,-0.34885382486714256,-0.6485806504885355,1.7146539953019884,-2.2216716872321234,-1.3607915308740404,0.6577540106243558
4811.0,-0.346877832379606,-0.6492520471413931,1.7189763718181186,-2.238754007551405,-1.3675623767905765,0.6814394129647149
4812.0,-0.3449018398920695,-0.6499234437942505,1.7232987483342488,-2.255836327870687,-1.3743332227071126,0.705124815305074
4813.0,-0.34292584740453297,-0.6505948404471079,1.727621124850379,-2.2729186481899686,-1.3811040686236487,0.7288102176454332
4814.0,-0.3409498549169964,-0.6512662370999655,1.7319435013665094,-2.29000096850925,-1.387874914540185,0.7524956199857924
4815.0,-0.33897386242945987,-0.6519376337528229,1.7362658778826396,-2.3070832888285318,-1.394645760456721,0.7761810223261515
4816.0,-0.3369978699419234,-0.6526090304056803,1.7405882543987699,-2.324165609147814,-1.4014166063732572,0.7998664246665106
4817.0,-0.33502187745438683,-0.6532804270585378,1.7449106309149,-2.3412479294670954,-1.4081874522897933,0.8235518270068698
4818.0,-0.3330458849668503,-0.6539518237113953,1.7492330074310303,-2.358330249786377,-1.4149582982063293,0.847237229347229
4819.0,-0.33106989247931373,-0.6546232203642527,1.7535553839471605,-2.3754125701056585,-1.4217291441228654,0.8709226316875882
4820.0,-0.3290938999917772,-0.6552946170171102,1.7578777604632907,-2.39249489042494,-1.4284999900394015,0.8946080340279474
4821.0,-0.3271179075042407,-0.6559660136699677,1.762200136979421,-2.409577210744222,-1.4352708359559376,0.9182934363683064
4822.0,-0.32514191501670414,-0.6566374103228251,1.7665225134955511,-2.4266595310635037,-1.4420416818724737,0.9419788387086656
4823.0,-0.3231659225291676,-0.6573088069756826,1.7708448900116815,-2.4437418513827853,-1.44881252778901,0.9656642410490247
4824.0,-0.32118993004163104,-0.65798020362854,1.7751672665278118,-2.460824171702067,-1.4555833737055461,0.9893496433893839
4825.0,-0.31921393755409455,-0.6586516002813975,1.779489643043942,-2.477906492021349,-1.4623542196220822,1.013035045729743
4826.0,-0.317237945066558,-0.659322996934255,1.7838120195600722,-2.4949888123406305,-1.4691250655386183,1.0367204480701022
4827.0,-0.31526195257902145,-0.6599943935871124,1.7881343960762024,-2.512071132659912,-1.4758959114551544,1.0604058504104614
4828.0,-0.3132859600914849,-0.6606657902399699,1.7924567725923326,-2.5291534529791937,-1.4826667573716905,1.0840912527508206
4829.0,-0.31130996760394836,-0.6613371868928274,1.7967791491084628,-2.5462357732984753,-1.4894376032882266,1.1077766550911796
4830.0,-0.30933397511641186,-0.6620085835456848,1.801101525624593,-2.563318093617757,-1.4962084492047627,1.1314620574315388
4831.0,-0.3073579826288753,-0.6626799801985422,1.8054239021407232,-2.580400413937039,-1.5029792951212988,1.155147459771898
4832.0,-0.30538199014133877,-0.6633513768513998,1.8097462786568537,-2.5974827342563205,-1.5097501410378351,1.178832862112257
4833.0,-0.3034059976538023,-0.6640227735042572,1.8140686551729839,-2.614565054575602,-1.5165209869543712,1.2025182644526162
4834.0,-0.3014300051662657,-0.6646941701571146,1.818391031689114,-2.631647374894884,-1.5232918328709073,1.2262036667929754
4835.0,-0.2994540126787292,-0.6653655668099722,1.8227134082052443,-2.6487296952141657,-1.5300626787874434,1.2498890691333346
4836.0,-0.2974780201911926,-0.6660369634628296,1.8270357847213745,-2.6658120155334473,-1.5368335247039795,1.2735744714736938
4837.0,-0.2974780201911926,-0.6660369634628296,1.8270357847213745,-2.6658120155334473,-1.5368335247039795,1.2735744714736938
4838.0,-0.2912871390581131,-0.6651147603988647,1.8212295770645142,-2.656248927116394,-1.537705421447754,1.2798544764518738
4839.0,-0.28509625792503357,-0.6641925573348999,1.8154233694076538,-2.646685838699341,-1.5385773181915283,1.2861344814300537
4840.0,-0.28509625792503357,-0.6641925573348999,1.8154233694076538,-2.646685838699341,-1.5385773181915283,1.2861344814300537
4841.0,-0.27086469531059265,-0.6595707535743713,1.8059395551681519,-2.653470039367676,-1.5485726594924927,1.3002897500991821
4842.0,-0.27086469531059265,-0.6595707535743713,1.8059395551681519,-2.653470039367676,-1.5485726594924927,1.3002897500991821
4843.0,-0.25946173071861267,-0.6554493308067322,1.796581745147705,-2.6562304496765137,-1.5545436143875122,1.3116270303726196
4844.0,-0.25946173071861267,-0.6554493308067322,1.796581745147705,-2.6562304496765137,-1.5545436143875122,1.3116270303726196
4845.0,-0.24981210380792618,-0.6533049643039703,1.7909797430038452,-2.6556949615478516,-1.5580195784568787,1.32125586271286
4846.0,-0.24016247689723969,-0.6511605978012085,1.7853777408599854,-2.6551594734191895,-1.5614955425262451,1.3308846950531006
4847.0,-0.24016247689723969,-0.6511605978012085,1.7853777408599854,-2.6551594734191895,-1.5614955425262451,1.3308846950531006
4848.0,-0.22277243435382843,-0.6488311886787415,1.7812138795852661,-2.660600185394287,-1.5665614604949951,1.3482084274291992
4849.0,-0.22277243435382843,-0.6488311886787415,1.7812138795852661,-2.660600185394287,-1.5665614604949951,1.3482084274291992
4850.0,-0.21840119361877441,-0.6453178524971008,1.770693838596344,-2.6535927057266235,-1.5677364468574524,1.3525794744491577
4851.0,-0.2140299528837204,-0.6418045163154602,1.7601737976074219,-2.64658522605896,-1.5689114332199097,1.3569505214691162
4852.0,-0.2140299528837204,-0.6418045163154602,1.7601737976074219,-2.64658522605896,-1.5689114332199097,1.3569505214691162
4853.0,-0.20071269571781158,-0.643291175365448,1.765811562538147,-2.6542437076568604,-1.5709645748138428,1.3702330589294434
4854.0,-0.20071269571781158,-0.643291175365448,1.765811562538147,-2.6542437076568604,-1.5709645748138428,1.3702330589294434
4855.0,-0.18485717475414276,-0.6423238515853882,1.7632306814193726,-2.6538100242614746,-1.574363112449646,1.3860722780227661
4856.0,-0.18485717475414276,-0.6423238515853882,1.7632306814193726,-2.6538100242614746,-1.574363112449646,1.3860722780227661
4857.0,-0.17474903166294098,-0.6392886638641357,1.7533820867538452,-2.6451542377471924,-1.5766267776489258,1.3961865901947021
4858.0,-0.17474903166294098,-0.6392886638641357,1.7533820867538452,-2.6451542377471924,-1.5766267776489258,1.3961865901947021
4859.0,-0.15832148492336273,-0.6397244930267334,1.7551425695419312,-2.6474645137786865,-1.5791643857955933,1.4125943183898926
4860.0,-0.15832148492336273,-0.6397244930267334,1.7551425695419312,-2.6474645137786865,-1.5791643857955933,1.4125943183898926
4861.0,-0.1550253927707672,-0.6421666443347931,1.7639667987823486,-2.6571203470230103,-1.5795730948448181,1.415869653224945
4862.0,-0.1517293006181717,-0.6446087956428528,1.7727910280227661,-2.666776180267334,-1.579981803894043,1.4191449880599976
4863.0,-0.1517293006181717,-0.6446087956428528,1.7727910280227661,-2.666776180267334,-1.579981803894043,1.4191449880599976
4864.0,-0.13750402629375458,-0.6412297487258911,1.7602304220199585,-2.6517796516418457,-1.5836501121520996,1.433388352394104
4865.0,-0.13750402629375458,-0.6412297487258911,1.7602304220199585,-2.6517796516418457,-1.5836501121520996,1.433388352394104
4866.0,-0.13053281605243683,-0.6459585428237915,1.7749464511871338,-2.662837505340576,-1.585921049118042,1.4403462409973145
4867.0,-0.13053281605243683,-0.6459585428237915,1.7749464511871338,-2.662837505340576,-1.585921049118042,1.4403462409973145
4868.0,-0.12099601328372955,-0.6416767835617065,1.7611571550369263,-2.6503727436065674,-1.5878586769104004,1.4498882293701172
4869.0,-0.12099601328372955,-0.6416767835617065,1.7611571550369263,-2.6503727436065674,-1.5878586769104004,1.4498882293701172
4870.0,-0.12233301699161529,-0.6429157733917237,1.7691959381103515,-2.6658225536346434,-1.5836604833602905,1.4485336303710938
4871.0,-0.12367002069950103,-0.6441547632217407,1.777234721183777,-2.68127236366272,-1.5794622898101807,1.4471790313720703
4872.0,-0.12500702440738679,-0.6453937530517578,1.785273504257202,-2.696722173690796,-1.5752640962600708,1.445824432373047
4873.0,-0.1263440281152725,-0.6466327428817749,1.7933122873306275,-2.7121719837188722,-1.571065902709961,1.4444698333740233
4874.0,-0.12768103182315826,-0.647871732711792,1.8013510704040527,-2.7276217937469482,-1.566867709159851,1.443115234375
4875.0,-0.12768103182315826,-0.647871732711792,1.8013510704040527,-2.7276217937469482,-1.566867709159851,1.443115234375
4876.0,-0.14469154179096222,-0.6484804153442383,1.8044437170028687,-2.7316079139709473,-1.5670746564865112,1.4261058568954468
4877.0,-0.14469154179096222,-0.6484804153442383,1.8044437170028687,-2.7316079139709473,-1.5670746564865112,1.4261058568954468
4878.0,-0.15742698311805725,-0.6468468904495239,1.8002039194107056,-2.7311172485351562,-1.5679982900619507,1.4133729934692383
4879.0,-0.15742698311805725,-0.6468468904495239,1.8002039194107056,-2.7311172485351562,-1.5679982900619507,1.4133729934692383
4880.0,-0.1680983304977417,-0.6479673981666565,1.8043129444122314,-2.734575033187866,-1.5688250064849854,1.4027026891708374
4881.0,-0.1680983304977417,-0.6479673981666565,1.8043129444122314,-2.734575033187866,-1.5688250064849854,1.4027026891708374
4882.0,-0.17668825387954712,-0.6443937420845032,1.7927628755569458,-2.727573871612549,-1.5696454048156738,1.394114375114441
4883.0,-0.17668825387954712,-0.6443937420845032,1.7927628755569458,-2.727573871612549,-1.5696454048156738,1.394114375114441
4884.0,-0.18551652133464813,-0.6469311118125916,1.8008795976638794,-2.732388496398926,-1.5706579685211182,1.3852851390838623
4885.0,-0.18551652133464813,-0.6469311118125916,1.8008795976638794,-2.732388496398926,-1.5706579685211182,1.3852851390838623
4886.0,-0.2008688822388649,-0.6476652324199677,1.8022716045379639,-2.7313547134399414,-1.5720734000205994,1.369930386543274
4887.0,-0.21622124314308167,-0.6483993530273438,1.8036636114120483,-2.730320930480957,-1.5734888315200806,1.3545756340026855
4888.0,-0.21622124314308167,-0.6483993530273438,1.8036636114120483,-2.730320930480957,-1.5734888315200806,1.3545756340026855
4889.0,-0.2278323844075203,-0.6504142880439758,1.8088210821151733,-2.730807662010193,-1.5737544894218445,1.3429637551307678
4890.0,-0.23944352567195892,-0.6524292230606079,1.8139785528182983,-2.7312943935394287,-1.5740201473236084,1.33135187625885
4891.0,-0.23944352567195892,-0.6524292230606079,1.8139785528182983,-2.7312943935394287,-1.5740201473236084,1.33135187625885
4892.0,-0.25666940957307816,-0.6577306389808655,1.8282330632209778,-2.7340199947357178,-1.5721096396446228,1.3141379952430725
4893.0,-0.2738952934741974,-0.663032054901123,1.8424875736236572,-2.736745595932007,-1.5701991319656372,1.296924114227295
4894.0,-0.2738952934741974,-0.663032054901123,1.8424875736236572,-2.736745595932007,-1.5701991319656372,1.296924114227295
4895.0,-0.2884194254875183,-0.6658551096916199,1.8512475490570068,-2.7409508228302,-1.5680310726165771,1.2824040651321411
4896.0,-0.2884194254875183,-0.6658551096916199,1.8512475490570068,-2.7409508228302,-1.5680310726165771,1.2824040651321411
4897.0,-0.2884194254875183,-0.6658551096916199,1.8512475490570068,-2.7409508228302,-1.5680310726165771,1.2824040651321411
4898.0,-0.28960520029067993,-0.6665818691253662,1.8436713218688965,-2.7149245738983154,-1.5511035919189453,1.2579854726791382
4899.0,-0.2919679582118988,-0.6674401760101318,1.828500509262085,-2.660963296890259,-1.5160737037658691,1.2073508501052856
4900.0,-0.295298308134079,-0.6678252816200256,1.8067636489868164,-2.5807669162750244,-1.464160442352295,1.1321818828582764
4901.0,-0.2993994951248169,-0.6671693921089172,1.7795846462249756,-2.4765121936798096,-1.3968812227249146,1.0345815420150757
4902.0,-0.3040941655635834,-0.6649880409240723,1.748171329498291,-2.350346088409424,-1.3157800436019897,0.9166302680969238
4903.0,-0.30921831727027893,-0.6606817841529846,1.7137260437011719,-2.204375982284546,-1.2223650217056274,0.7802700400352478
4904.0,-0.314608633518219,-0.6537953615188599,1.6773934364318848,-2.040764570236206,-1.1181527376174927,0.6275336742401123
4905.0,-0.3200276494026184,-0.6439650058746338,1.6401300430297852,-1.861701488494873,-1.0045870542526245,0.4604661464691162
4906.0,-0.3253554105758667,-0.6313506364822388,1.6024420261383057,-1.66951322555542,-0.8830801248550415,0.2811150848865509
4907.0,-0.3305467367172241,-0.6162136197090149,1.5647836923599243,-1.4664655923843384,-0.7548986077308655,0.09138867259025574
4908.0,-0.33558744192123413,-0.5989068746566772,1.527483582496643,-1.2548173666000366,-0.6213643550872803,-0.10678717494010925
4909.0,-0.34048476815223694,-0.5798744559288025,1.4908639192581177,-1.0368045568466187,-0.4837615489959717,-0.31141287088394165
4910.0,-0.3452235162258148,-0.5594695210456848,1.455130934715271,-0.814662516117096,-0.34341925382614136,-0.5204578042030334
4911.0,-0.34981387853622437,-0.5380401611328125,1.4205867052078247,-0.5906351208686829,-0.2017005831003189,-0.731896162033081
4912.0,-0.35434621572494507,-0.5158954858779907,1.3874013423919678,-0.3670158088207245,-0.06000697240233421,-0.9437111616134644
4913.0,-0.3588608503341675,-0.49341171979904175,1.3558874130249023,-0.1460925191640854,0.08020990341901779,-1.153818964958191
4914.0,-0.3633410632610321,-0.4709717631340027,1.3262137174606323,0.06991579383611679,0.21751408278942108,-1.360101342201233
4915.0,-0.36771515011787415,-0.4488380551338196,1.2986818552017212,0.27892738580703735,0.3505227565765381,-1.560448408126831
4916.0,-0.37195348739624023,-0.4272860884666443,1.273345708847046,0.47895434498786926,0.4779319167137146,-1.7527856826782227
4917.0,-0.37605956196784973,-0.4065383970737457,1.2502222061157227,0.6680542826652527,0.5984479784965515,-1.9350289106369019
4918.0,-0.3800518214702606,-0.3868246376514435,1.2293330430984497,0.8442189693450928,0.7107691168785095,-2.1050684452056885
4919.0,-0.3838691711425781,-0.36840322613716125,1.2107133865356445,1.0053790807724,0.8135210275650024,-2.2607381343841553
4920.0,-0.3875102996826172,-0.3515463173389435,1.1945252418518066,1.149401068687439,0.9052960872650146,-2.399911403656006
4921.0,-0.39088618755340576,-0.3366422653198242,1.1807830333709717,1.274131178855896,0.9847251772880554,-2.5204739570617676
4922.0,-0.3939095437526703,-0.32405972480773926,1.1696138381958008,1.3774006366729736,1.0504463911056519,-2.6203649044036865
4923.0,-0.39639559388160706,-0.3142435550689697,1.16103994846344,1.456964373588562,1.1010807752609253,-2.69740891456604
4924.0,-0.39815035462379456,-0.30756935477256775,1.1552704572677612,1.5106033086776733,1.135241985321045,-2.749443292617798
4925.0,-0.39902856945991516,-0.30434197187423706,1.1524524688720703,1.5365123748779297,1.151755690574646,-2.774620532989502
4926.0,-0.39902856945991516,-0.30434197187423706,1.1524524688720703,1.5365123748779297,1.151755690574646,-2.774620532989502
4927.0,-0.39902856945991516,-0.30434197187423706,1.1524524688720703,1.5365123748779297,1.151755690574646,-2.774620532989502
4928.0,-0.3997295871376991,-0.3115939774683544,1.1615774546350752,1.5191615905080522,1.152840209858758,-2.7606379645211354
4929.0,-0.4004306048154831,-0.31884598306247164,1.1707022019795008,1.501810806138175,1.1539247291428703,-2.74665515763419
4930.0,-0.40113162249326706,-0.32609798865658896,1.1798269493239266,1.4844600217682975,1.1550092484269823,-2.7326723507472446
4931.0,-0.401832640171051,-0.33334999425070627,1.1889516966683524,1.46710923739842,1.1560937677110945,-2.7186895438602994
4932.0,-0.402533657848835,-0.34060199984482353,1.1980764440127782,1.4497584530285428,1.1571782869952065,-2.7047067369733537
4933.0,-0.40323467552661896,-0.34785400543894085,1.2072011913572038,1.4324076686586653,1.1582628062793188,-2.6907239300864085
4934.0,-0.4039356932044029,-0.35510601103305817,1.2163259387016296,1.4150568842887878,1.1593473255634308,-2.676741123199463
4935.0,-0.4046367108821869,-0.3623580166271755,1.2254506860460554,1.3977060999189104,1.1604318448475428,-2.6627583163125172
4936.0,-0.40533772855997086,-0.36961002222129274,1.234575433390481,1.3803553155490331,1.161516364131655,-2.648775509425572
4937.0,-0.4060387462377548,-0.37686202781541006,1.2437001807349068,1.3630045311791557,1.162600883415767,-2.6347927025386264
4938.0,-0.4067397639155388,-0.3841140334095274,1.2528249280793327,1.3456537468092782,1.1636854026998793,-2.620809895651681
4939.0,-0.40744078159332275,-0.39136603900364464,1.2619496754237585,1.328302962439401,1.1647699219839913,-2.6068270887647356
4940.0,-0.4081417992711067,-0.39861804459776196,1.271074422768184,1.3109521780695235,1.1658544412681036,-2.5928442818777904
4941.0,-0.4088428169488907,-0.4058700501918793,1.2801991701126099,1.293601393699646,1.1669389605522156,-2.5788614749908447
4942.0,-0.40954383462667465,-0.4131220557859966,1.2893239174570357,1.2762506093297685,1.1680234798363276,-2.564878668103899
4943.0,-0.4102448523044586,-0.42037406138011385,1.2984486648014613,1.2588998249598913,1.1691079991204398,-2.550895861216954
4944.0,-0.4109458699822426,-0.42762606697423117,1.307573412145887,1.2415490405900138,1.1701925184045519,-2.5369130543300082
4945.0,-0.41164688766002655,-0.43487807256834843,1.3166981594903129,1.2241982562201363,1.171277037688664,-2.522930247443063
4946.0,-0.4123479053378105,-0.44213007816246574,1.3258229068347385,1.206847471850259,1.172361556972776,-2.5089474405561174
4947.0,-0.4130489230155945,-0.44938208375658306,1.3349476541791643,1.1894966874803816,1.1734460762568883,-2.494964633669172
4948.0,-0.41374994069337845,-0.4566340893507004,1.34407240152359,1.1721459031105042,1.1745305955410004,-2.4809818267822266
4949.0,-0.4144509583711624,-0.4638860949448177,1.353197148868016,1.1547951187406267,1.1756151148251124,-2.4669990198952814
4950.0,-0.4151519760489464,-0.471138100538935,1.3623218962124415,1.1374443343707494,1.1766996341092246,-2.4530162130083357
4951.0,-0.41585299372673035,-0.4783901061330523,1.3714466435568673,1.120093550000872,1.1777841533933366,-2.43903340612139
4952.0,-0.4165540114045143,-0.48564211172716953,1.380571390901293,1.1027427656309945,1.1788686726774489,-2.425050599234445
4953.0,-0.4172550290822983,-0.49289411732128685,1.3896961382457187,1.0853919812611172,1.179953191961561,-2.4110677923474992
4954.0,-0.41795604676008224,-0.5001461229154042,1.3988208855901445,1.0680411968912398,1.1810377112456731,-2.397084985460554
4955.0,-0.4186570644378662,-0.5073981285095215,1.4079456329345703,1.0506904125213623,1.1821222305297852,-2.3831021785736084
4956.0,-0.4186570644378662,-0.5073981285095215,1.4079456329345703,1.0506904125213623,1.1821222305297852,-2.3831021785736084
4957.0,-0.41992051733864677,-0.5133728120062087,1.4169016414218478,1.0338583588600159,1.1787589523527358,-2.3563282754686146
4958.0,-0.42118397023942733,-0.5193474955028958,1.4258576499091253,1.0170263051986694,1.1753956741756864,-2.3295543723636203
4959.0,-0.42244742314020794,-0.5253221789995829,1.434813658396403,1.000194251537323,1.172032395998637,-2.3027804692586265
4960.0,-0.4237108760409885,-0.5312968624962701,1.4437696668836806,0.9833621978759766,1.1686691178215876,-2.276006566153632
4961.0,-0.42497432894176906,-0.5372715459929572,1.452725675370958,0.9665301442146301,1.165305839644538,-2.2492326630486383
4962.0,-0.4262377818425496,-0.5432462294896444,1.4616816838582356,0.9496980905532837,1.1619425614674885,-2.222458759943644
4963.0,-0.42750123474333024,-0.5492209129863315,1.4706376923455133,0.9328660368919373,1.1585792832904391,-2.1956848568386502
4964.0,-0.4287646876441108,-0.5551955964830186,1.4795937008327908,0.9160339832305908,1.1552160051133897,-2.168910953733656
4965.0,-0.43002814054489136,-0.5611702799797058,1.4885497093200684,0.8992019295692444,1.1518527269363403,-2.142137050628662
4966.0,-0.43002814054489136,-0.5611702799797058,1.4885497093200684,0.8992019295692444,1.1518527269363403,-2.142137050628662
4967.0,-0.4280281513929367,-0.5674945116043091,1.4964095552762349,0.8830629289150238,1.158740331729253,-2.114517003297806
4968.0,-0.42602816224098206,-0.5738187432289124,1.5042694012324016,0.8669239282608032,1.165627936522166,-2.0868969559669495
4969.0,-0.4240281730890274,-0.5801429748535156,1.5121292471885681,0.8507849276065826,1.1725155413150787,-2.059276908636093
4970.0,-0.42202818393707275,-0.5864672064781189,1.5199890931447346,0.8346459269523621,1.1794031461079915,-2.031656861305237
4971.0,-0.4200281947851181,-0.5927914381027222,1.5278489391009014,0.8185069262981415,1.1862907509009044,-2.0040368139743805
4972.0,-0.41802820563316345,-0.5991156697273254,1.5357087850570679,0.8023679256439209,1.1931783556938171,-1.9764167666435242
4973.0,-0.4160282164812088,-0.6054399013519287,1.5435686310132344,0.7862289249897003,1.2000659604867299,-1.9487967193126678
4974.0,-0.41402822732925415,-0.611764132976532,1.5514284769694011,0.7700899243354797,1.2069535652796428,-1.9211766719818115
4975.0,-0.4120282381772995,-0.6180883646011353,1.5592883229255676,0.7539509236812592,1.2138411700725555,-1.8935566246509552
4976.0,-0.41002824902534485,-0.6244125962257385,1.5671481688817341,0.7378119230270386,1.2207287748654683,-1.8659365773200989
4977.0,-0.4080282598733902,-0.6307368278503418,1.5750080148379009,0.721672922372818,1.2276163796583812,-1.8383165299892426
4978.0,-0.40602827072143555,-0.6370610594749451,1.5828678607940674,0.7055339217185974,1.234503984451294,-1.8106964826583862
4979.0,-0.40602827072143555,-0.6370610594749451,1.5828678607940674,0.7055339217185974,1.234503984451294,-1.8106964826583862
4980.0,-0.406435706785747,-0.64312972341265,1.594109126499721,0.688424289226532,1.2340117011751448,-1.7751326390675135
4981.0,-0.4068431428500584,-0.6491983873503548,1.6053503922053747,0.6713146567344666,1.2335194178989954,-1.739568795476641
4982.0,-0.40725057891436983,-0.6552670512880597,1.6165916579110282,0.6542050242424011,1.2330271346228463,-1.7040049518857683
4983.0,-0.4076580149786813,-0.6613357152257647,1.6278329236166817,0.6370953917503357,1.2325348513466972,-1.6684411082948958
4984.0,-0.40806545104299274,-0.6674043791634696,1.6390741893223353,0.6199857592582703,1.232042568070548,-1.632877264704023
4985.0,-0.4084728871073042,-0.6734730431011745,1.650315455027989,0.6028761267662048,1.2315502847943987,-1.5973134211131506
4986.0,-0.4088803231716156,-0.6795417070388794,1.6615567207336426,0.5857664942741394,1.2310580015182495,-1.5617495775222778
4987.0,-0.4088803231716156,-0.6795417070388794,1.6615567207336426,0.5857664942741394,1.2310580015182495,-1.5617495775222778
4988.0,-0.4124218337237835,-0.683415062725544,1.6718153804540634,0.5695224031805992,1.2190269827842712,-1.5388875901699066
4989.0,-0.4159633442759514,-0.6872884184122086,1.6820740401744843,0.553278312087059,1.206995964050293,-1.5160256028175354
4990.0,-0.4195048548281193,-0.6911617740988731,1.692332699894905,0.5370342209935188,1.1949649453163147,-1.4931636154651642
4991.0,-0.42304636538028717,-0.6950351297855377,1.702591359615326,0.5207901298999786,1.1829339265823364,-1.470301628112793
4992.0,-0.42658787593245506,-0.6989084854722023,1.7128500193357468,0.5045460388064384,1.1709029078483582,-1.4474396407604218
4993.0,-0.43012938648462296,-0.7027818411588669,1.7231086790561676,0.48830194771289825,1.1588718891143799,-1.4245776534080505
4994.0,-0.43367089703679085,-0.7066551968455315,1.7333673387765884,0.47205785661935806,1.1468408703804016,-1.4017156660556793
4995.0,-0.43721240758895874,-0.710528552532196,1.7436259984970093,0.45581376552581787,1.1348098516464233,-1.378853678703308
4996.0,-0.43721240758895874,-0.710528552532196,1.7436259984970093,0.45581376552581787,1.1348098516464233,-1.378853678703308
4997.0,-0.4359019547700882,-0.715157707532247,1.751836359500885,0.4412099669377009,1.1370113690694172,-1.3527468244234722
4998.0,-0.43459150195121765,-0.7197868625322977,1.7600467205047607,0.4266061683495839,1.1392128864924114,-1.326639970143636
4999.0,-0.4332810491323471,-0.7244160175323486,1.7682570815086365,0.412002369761467,1.1414144039154053,-1.3005331158638
5000.0,-0.43197059631347656,-0.7290451725323995,1.7764674425125122,0.39739857117335003,1.1436159213383992,-1.274426261583964
5001.0,-0.430660143494606,-0.7336743275324503,1.784677803516388,0.3827947725852331,1.1458174387613933,-1.248319407304128
5002.0,-0.4293496906757355,-0.7383034825325012,1.7928881645202637,0.3681909739971161,1.1480189561843872,-1.222212553024292
5003.0,-0.4293496906757355,-0.7383034825325012,1.7928881645202637,0.3681909739971161,1.1480189561843872,-1.222212553024292
5004.0,-0.42958252361187566,-0.7387283126731495,1.7947665688755747,0.35081989080696313,1.1360999732227115,-1.2078741035618625
5005.0,-0.4298153565480159,-0.7391531428137978,1.796644973230886,0.3334488076168102,1.124180990261036,-1.193535654099433
5006.0,-0.4300481894841561,-0.7395779729544462,1.798523377586197,0.31607772442665727,1.1122620072993603,-1.1791972046370034
5007.0,-0.4302810224202963,-0.7400028030950945,1.8004017819415081,0.29870664123650437,1.1003430243376846,-1.164858755174574
5008.0,-0.4305138553564365,-0.7404276332357428,1.8022801862968194,0.2813355580463514,1.0884240413760091,-1.1505203057121445
5009.0,-0.43074668829257673,-0.7408524633763911,1.8041585906521305,0.2639644748561985,1.0765050584143334,-1.136181856249715
5010.0,-0.4309795212287169,-0.7412772935170394,1.8060369950074415,0.24659339166604555,1.064586075452658,-1.1218434067872853
5011.0,-0.43121235416485715,-0.7417021236576877,1.8079153993627528,0.22922230847589262,1.0526670924909822,-1.1075049573248559
5012.0,-0.43144518710099733,-0.742126953798336,1.8097938037180639,0.21185122528573969,1.0407481095293065,-1.0931665078624264
5013.0,-0.43167802003713757,-0.7425517839389842,1.811672208073375,0.19448014209558673,1.028829126567631,-1.078828058399997
5014.0,-0.43191085297327775,-0.7429766140796326,1.8135506124286862,0.1771090589054338,1.0169101436059553,-1.0644896089375675
5015.0,-0.432143685909418,-0.7434014442202809,1.8154290167839973,0.1597379757152809,1.0049911606442796,-1.0501511594751378
5016.0,-0.43237651884555817,-0.7438262743609292,1.8173074211393083,0.14236689252512794,0.9930721776826041,-1.0358127100127084
5017.0,-0.43260935178169835,-0.7442511045015775,1.8191858254946196,0.124995809334975,0.9811531947209284,-1.021474260550279
5018.0,-0.4328421847178386,-0.7446759346422258,1.8210642298499307,0.10762472614482205,0.9692342117592528,-1.0071358110878492
5019.0,-0.43307501765397877,-0.7451007647828741,1.8229426342052417,0.09025364295466914,0.9573152287975772,-0.9927973616254199
5020.0,-0.433307850590119,-0.7455255949235224,1.824821038560553,0.07288255976451624,0.9453962458359016,-0.9784589121629903
5021.0,-0.4335406835262592,-0.7459504250641708,1.826699442915864,0.05551147657436328,0.9334772628742259,-0.9641204627005608
5022.0,-0.4337735164623994,-0.7463752552048191,1.8285778472711751,0.038140393384210325,0.9215582799125503,-0.9497820132381314
5023.0,-0.4340063493985396,-0.7468000853454674,1.8304562516264864,0.020769310194057367,0.9096392969508748,-0.9354435637757018
5024.0,-0.43423918233467984,-0.7472249154861157,1.8323346559817975,0.0033982270039044637,0.8977203139891992,-0.9211051143132722
5025.0,-0.43447201527082,-0.747649745626764,1.8342130603371085,-0.013972856186248495,0.8858013310275235,-0.9067666648508428
5026.0,-0.43470484820696026,-0.7480745757674123,1.8360914646924198,-0.03134393937640145,0.8738823480658477,-0.8924282153884133
5027.0,-0.43493768114310044,-0.7484994059080606,1.8379698690477309,-0.0487150225665543,0.8619633651041723,-0.8780897659259839
5028.0,-0.4351705140792407,-0.748924236048709,1.839848273403042,-0.06608610575670726,0.8500443821424966,-0.8637513164635542
5029.0,-0.43540334701538086,-0.7493490661893573,1.8417266777583532,-0.08345718894686022,0.838125399180821,-0.8494128670011247
5030.0,-0.43563617995152104,-0.7497738963300056,1.8436050821136643,-0.10082827213701312,0.8262064162191454,-0.8350744175386953
5031.0,-0.4358690128876613,-0.7501987264706538,1.8454834864689753,-0.11819935532716608,0.8142874332574698,-0.8207359680762658
5032.0,-0.43610184582380146,-0.7506235566113021,1.8473618908242866,-0.13557043851731898,0.8023684502957942,-0.8063975186138362
5033.0,-0.4363346787599417,-0.7510483867519504,1.8492402951795976,-0.152941521707472,0.7904494673341185,-0.7920590691514067
5034.0,-0.4365675116960819,-0.7514732168925987,1.8511186995349087,-0.1703126048976249,0.7785304843724429,-0.7777206196889772
5035.0,-0.4368003446322221,-0.751898047033247,1.85299710389022,-0.1876836880877778,0.7666115014107673,-0.7633821702265478
5036.0,-0.4370331775683623,-0.7523228771738953,1.854875508245531,-0.20505477127793081,0.7546925184490916,-0.7490437207641182
5037.0,-0.43726601050450253,-0.7527477073145437,1.856753912600842,-0.2224258544680836,0.7427735354874161,-0.7347052713016887
5038.0,-0.4374988434406427,-0.753172537455192,1.8586323169561534,-0.23979693765823662,0.7308545525257404,-0.7203668218392592
5039.0,-0.43773167637678295,-0.7535973675958403,1.8605107213114644,-0.2571680208483895,0.7189355695640647,-0.7060283723768297
5040.0,-0.43796450931292313,-0.7540221977364886,1.8623891256667755,-0.27453910403854254,0.7070165866023891,-0.6916899229144001
5041.0,-0.43819734224906337,-0.7544470278771369,1.8642675300220868,-0.29191018722869544,0.6950976036407135,-0.6773514734519707
5042.0,-0.43843017518520355,-0.7548718580177852,1.8661459343773978,-0.30928127041884834,0.6831786206790379,-0.6630130239895411
5043.0,-0.43866300812134373,-0.7552966881584335,1.868024338732709,-0.32665235360900136,0.6712596377173623,-0.6486745745271116
5044.0,-0.43889584105748397,-0.7557215182990819,1.8699027430880202,-0.34402343679915415,0.6593406547556866,-0.6343361250646822
5045.0,-0.43912867399362415,-0.7561463484397302,1.8717811474433312,-0.36139451998930716,0.647421671794011,-0.6199976756022526
5046.0,-0.4393615069297644,-0.7565711785803785,1.8736595517986423,-0.37876560317946006,0.6355026888323354,-0.6056592261398231
5047.0,-0.43959433986590457,-0.7569960087210268,1.8755379561539536,-0.3961366863696131,0.6235837058706597,-0.5913207766773936
5048.0,-0.4398271728020448,-0.7574208388616751,1.8774163605092646,-0.413507769559766,0.6116647229089841,-0.5769823272149641
5049.0,-0.440060005738185,-0.7578456690023234,1.8792947648645757,-0.430878852749919,0.5997457399473084,-0.5626438777525345
5050.0,-0.4402928386743252,-0.7582704991429716,1.881173169219887,-0.4482499359400719,0.5878267569856329,-0.5483054282901051
5051.0,-0.4405256716104654,-0.7586953292836199,1.883051573575198,-0.4656210191302247,0.5759077740239573,-0.5339669788276756
5052.0,-0.44075850454660565,-0.7591201594242682,1.884929977930509,-0.4829921023203778,0.5639887910622816,-0.519628529365246
5053.0,-0.4409913374827458,-0.7595449895649166,1.8868083822858202,-0.5003631855105306,0.552069808100606,-0.5052900799028165
5054.0,-0.44122417041888606,-0.7599698197055649,1.8886867866411314,-0.5177342687006835,0.5401508251389304,-0.49095163044038703
5055.0,-0.44145700335502625,-0.7603946498462132,1.8905651909964425,-0.5351053518908365,0.5282318421772547,-0.47661318097795746
5056.0,-0.4416898362911664,-0.7608194799868615,1.8924435953517538,-0.5524764350809894,0.5163128592155791,-0.462274731515528
5057.0,-0.44192266922730666,-0.7612443101275098,1.8943219997070648,-0.5698475182711423,0.5043938762539035,-0.44793628205309854
5058.0,-0.44215550216344685,-0.7616691402681581,1.8962004040623759,-0.5872186014612953,0.4924748932922278,-0.433597832590669
5059.0,-0.4423883350995871,-0.7620939704088064,1.898078808417687,-0.6045896846514482,0.48055591033055234,-0.4192593831282395
5060.0,-0.44262116803572726,-0.7625188005494548,1.8999572127729982,-0.6219607678416011,0.46863692736887674,-0.40492093366581006
5061.0,-0.4428540009718675,-0.7629436306901031,1.9018356171283093,-0.639331851031754,0.45671794440720104,-0.3905824842033805
5062.0,-0.4430868339080077,-0.7633684608307514,1.9037140214836206,-0.6567029342219071,0.44479896144552544,-0.376244034740951
5063.0,-0.4433196668441479,-0.7637932909713997,1.9055924258389316,-0.6740740174120601,0.43287997848384974,-0.36190558527852135
5064.0,-0.4435524997802881,-0.764218121112048,1.9074708301942427,-0.6914451006022129,0.42096099552217414,-0.3475671358160919
5065.0,-0.44378533271642834,-0.7646429512526963,1.9093492345495537,-0.7088161837923659,0.40904201256049855,-0.33322868635366243
5066.0,-0.4440181656525685,-0.7650677813933446,1.911227638904865,-0.7261872669825189,0.39712302959882284,-0.31889023689123286
5067.0,-0.44425099858870876,-0.7654926115339928,1.913106043260176,-0.7435583501726717,0.38520404663714725,-0.3045517874288034
5068.0,-0.44448383152484894,-0.7659174416746412,1.9149844476154871,-0.7609294333628247,0.37328506367547165,-0.29021333796637394
5069.0,-0.4447166644609891,-0.7663422718152895,1.9168628519707984,-0.7783005165529777,0.36136608071379595,-0.27587488850394437
5070.0,-0.44494949739712936,-0.7667671019559378,1.9187412563261095,-0.7956715997431305,0.34944709775212046,-0.2615364390415149
5071.0,-0.44518233033326954,-0.7671919320965861,1.9206196606814205,-0.8130426829332833,0.33752811479044487,-0.24719798957908545
5072.0,-0.4454151632694098,-0.7676167622372344,1.9224980650367318,-0.8304137661234365,0.32560913182876916,-0.23285954011665588
5073.0,-0.44564799620554996,-0.7680415923778827,1.9243764693920429,-0.8477848493135893,0.31369014886709357,-0.2185210906542263
5074.0,-0.4458808291416902,-0.768466422518531,1.9262548737473542,-0.8651559325037423,0.30177116590541786,-0.20418264119179685
5075.0,-0.4461136620778304,-0.7688912526591793,1.9281332781026652,-0.8825270156938951,0.28985218294374226,-0.1898441917293674
5076.0,-0.4463464950139706,-0.7693160827998277,1.9300116824579763,-0.8998980988840481,0.27793319998206667,-0.17550574226693794
5077.0,-0.4465793279501108,-0.769740912940476,1.9318900868132873,-0.9172691820742012,0.26601421702039096,-0.16116729280450826
5078.0,-0.44681216088625103,-0.7701657430811243,1.9337684911685986,-0.934640265264354,0.25409523405871537,-0.1468288433420788
5079.0,-0.4470449938223912,-0.7705905732217726,1.9356468955239097,-0.952011348454507,0.24217625109703977,-0.13249039387964934
5080.0,-0.44727782675853145,-0.7710154033624209,1.937525299879221,-0.96938243164466,0.23025726813536418,-0.11815194441721966
5081.0,-0.44751065969467163,-0.7714402335030692,1.939403704234532,-0.9867535148348128,0.21833828517368858,-0.1038134949547902
5082.0,-0.4477434926308118,-0.7718650636437175,1.941282108589843,-1.0041245980249658,0.206419302212013,-0.08947504549236074
5083.0,-0.44797632556695205,-0.7722898937843659,1.9431605129451541,-1.0214956812151188,0.19450031925033728,-0.07513659602993128
5084.0,-0.44820915850309223,-0.7727147239250142,1.9450389173004654,-1.0388667644052716,0.1825813362886617,-0.06079814656750182
5085.0,-0.44844199143923247,-0.7731395540656625,1.9469173216557765,-1.0562378475954244,0.1706623533269861,-0.04645969710507236
5086.0,-0.44867482437537265,-0.7735643842063107,1.9487957260110875,-1.0736089307855776,0.1587433703653104,-0.03212124764264268
5087.0,-0.4489076573115129,-0.773989214346959,1.9506741303663988,-1.0909800139757304,0.1468243874036348,-0.017782798180213222
5088.0,-0.44914049024765307,-0.7744140444876073,1.9525525347217099,-1.1083510971658834,0.1349054044419591,-0.003444348717783763
5089.0,-0.4493733231837933,-0.7748388746282556,1.954430939077021,-1.1257221803560362,0.1229864214802836,0.010894100744645696
5090.0,-0.4496061561199335,-0.7752637047689039,1.9563093434323322,-1.1430932635461892,0.1110674385186079,0.025232550207075155
5091.0,-0.4498389890560737,-0.7756885349095523,1.9581877477876433,-1.1604643467363422,0.09914845555693219,0.039570999669504836
5092.0,-0.4500718219922139,-0.7761133650502006,1.9600661521429543,-1.177835429926495,0.08722947259525671,0.053909449131934295
5093.0,-0.45030465492835414,-0.7765381951908489,1.9619445564982656,-1.195206513116648,0.075310489633581,0.06824789859436375
5094.0,-0.4505374878644943,-0.7769630253314972,1.9638229608535767,-1.2125775963068008,0.06339150667190552,0.08258634805679321
5095.0,-0.45077032080063456,-0.7773878554721455,1.9657013652088877,-1.229948679496954,0.05147252371022959,0.0969247975192229
5096.0,-0.45100315373677474,-0.7778126856127938,1.967579769564199,-1.2473197626871069,0.039553540748554106,0.11126324698165235
5097.0,-0.4512359866729149,-0.7782375157534421,1.96945817391951,-1.2646908458772599,0.027634557786878622,0.1256016964440818
5098.0,-0.45146881960905516,-0.7786623458940904,1.9713365782748211,-1.2820619290674127,0.015715574825202916,0.13994014590651127
5099.0,-0.45170165254519534,-0.7790871760347388,1.9732149826301324,-1.2994330122575655,0.003796591863527432,0.15427859536894073
5100.0,-0.4519344854813356,-0.7795120061753871,1.9750933869854435,-1.3168040954477185,-0.008122391098148274,0.1686170448313702
5101.0,-0.45216731841747576,-0.7799368363160354,1.9769717913407545,-1.3341751786378717,-0.02004137405982398,0.1829554942938001
5102.0,-0.452400151353616,-0.7803616664566837,1.9788501956960658,-1.3515462618280245,-0.031960357021499686,0.19729394375622955
5103.0,-0.4526329842897562,-0.780786496597332,1.9807286000513769,-1.3689173450181773,-0.04387933998317517,0.211632393218659
5104.0,-0.4528658172258964,-0.7812113267379803,1.982607004406688,-1.3862884282083303,-0.055798322944850876,0.22597084268108847
5105.0,-0.4530986501620366,-0.7816361568786285,1.9844854087619992,-1.403659511398483,-0.06771730590652636,0.24030929214351793
5106.0,-0.45333148309817684,-0.7820609870192768,1.9863638131173103,-1.4210305945886363,-0.07963628886820207,0.2546477416059476
5107.0,-0.453564316034317,-0.7824858171599252,1.9882422174726213,-1.4384016777787891,-0.09155527182987777,0.26898619106837707
5108.0,-0.4537971489704572,-0.7829106473005735,1.9901206218279326,-1.4557727609689421,-0.10347425479155326,0.2833246405308065
5109.0,-0.45402998190659744,-0.7833354774412218,1.9919990261832436,-1.473143844159095,-0.11539323775322896,0.297663089993236
5110.0,-0.4542628148427376,-0.7837603075818701,1.9938774305385547,-1.4905149273492477,-0.12731222071490444,0.31200153945566544
5111.0,-0.45449564777887785,-0.7841851377225184,1.995755834893866,-1.5078860105394007,-0.13923120367658015,0.3263399889180949
5112.0,-0.45472848071501804,-0.7846099678631667,1.997634239249177,-1.525257093729554,-0.15115018663825586,0.3406784383805246
5113.0,-0.4549613136511583,-0.785034798003815,1.999512643604488,-1.5426281769197068,-0.16306916959993156,0.35501688784295404
5114.0,-0.45519414658729845,-0.7854596281444634,2.001391047959799,-1.5599992601098598,-0.17498815256160705,0.3693553373053835
5115.0,-0.4554269795234387,-0.7858844582851117,2.00326945231511,-1.5773703433000126,-0.18690713552328253,0.38369378676781296
5116.0,-0.4556598124595789,-0.78630928842576,2.0051478566704217,-1.5947414264901654,-0.19882611848495824,0.3980322362302424
5117.0,-0.4558926453957191,-0.7867341185664083,2.007026261025733,-1.6121125096803184,-0.21074510144663372,0.4123706856926719
5118.0,-0.4561254783318593,-0.7871589487070566,2.008904665381044,-1.6294835928704716,-0.22266408440830965,0.42670913515510156
5119.0,-0.45635831126799953,-0.7875837788477049,2.010783069736355,-1.6468546760606242,-0.23458306736998513,0.441047584617531
5120.0,-0.4565911442041397,-0.7880086089883532,2.012661474091666,-1.6642257592507774,-0.24650205033166084,0.4553860340799605
5121.0,-0.4568239771402799,-0.7884334391290015,2.0145398784469775,-1.6815968424409302,-0.2584210332933363,0.46972448354238994
5122.0,-0.45705681007642013,-0.7888582692696497,2.0164182828022885,-1.698967925631083,-0.27034001625501203,0.4840629330048194
5123.0,-0.4572896430125603,-0.7892830994102982,2.0182966871575996,-1.7163390088212362,-0.28225899921668773,0.4984013824672493
5124.0,-0.45752247594870055,-0.7897079295509464,2.0201750915129106,-1.733710092011389,-0.29417798217836344,0.5127398319296788
5125.0,-0.45775530888484073,-0.7901327596915947,2.0220534958682217,-1.7510811752015418,-0.3060969651400389,0.5270782813921082
5126.0,-0.45798814182098097,-0.790557589832243,2.0239319002235328,-1.7684522583916946,-0.3180159481017144,0.5414167308545377
5127.0,-0.45822097475712115,-0.7909824199728913,2.025810304578844,-1.7858233415818479,-0.3299349310633901,0.5557551803169671
5128.0,-0.4584538076932614,-0.7914072501135396,2.0276887089341553,-1.8031944247720006,-0.3418539140250656,0.5700936297793966
5129.0,-0.45868664062940157,-0.7918320802541879,2.0295671132894664,-1.8205655079621539,-0.3537728969867415,0.5844320792418263
5130.0,-0.4589194735655418,-0.7922569103948363,2.0314455176447774,-1.8379365911523067,-0.365691879948417,0.5987705287042557
5131.0,-0.459152306501682,-0.7926817405354846,2.0333239220000885,-1.8553076743424595,-0.3776108629100927,0.6131089781666852
5132.0,-0.4593851394378222,-0.7931065706761329,2.0352023263553995,-1.8726787575326123,-0.3895298458717682,0.6274474276291147
5133.0,-0.4596179723739624,-0.7935314008167812,2.0370807307107106,-1.8900498407227655,-0.4014488288334439,0.6417858770915441
5134.0,-0.45985080531010264,-0.7939562309574295,2.038959135066022,-1.9074209239129187,-0.4133678117951196,0.6561243265539738
5135.0,-0.4600836382462428,-0.7943810610980778,2.040837539421333,-1.9247920071030715,-0.4252867947567953,0.6704627760164033
5136.0,-0.460316471182383,-0.7948058912387261,2.0427159437766442,-1.9421630902932243,-0.4372057777184708,0.6848012254788327
5137.0,-0.46054930411852324,-0.7952307213793745,2.0445943481319553,-1.959534173483377,-0.4491247606801463,0.6991396749412622
5138.0,-0.4607821370546634,-0.7956555515200228,2.0464727524872663,-1.97690525667353,-0.461043743641822,0.7134781244036916
5139.0,-0.46101496999080366,-0.7960803816606711,2.0483511568425774,-1.9942763398636827,-0.4729627266034975,0.7278165738661211
5140.0,-0.46124780292694384,-0.7965052118013194,2.050229561197889,-2.011647423053836,-0.4848817095651734,0.7421550233285508
5141.0,-0.4614806358630841,-0.7969300419419676,2.0521079655532,-2.029018506243989,-0.4968006925268489,0.7564934727909802
5142.0,-0.46171346879922426,-0.7973548720826159,2.053986369908511,-2.046389589434142,-0.5087196754885246,0.7708319222534097
5143.0,-0.4619463017353645,-0.7977797022232642,2.055864774263822,-2.0637606726242947,-0.5206386584502001,0.7851703717158394
5144.0,-0.4621791346715047,-0.7982045323639125,2.057743178619133,-2.0811317558144475,-0.5325576414118758,0.7995088211782688
5145.0,-0.4624119676076449,-0.7986293625045608,2.0596215829744446,-2.0985028390046008,-0.5444766243735515,0.8138472706406983
5146.0,-0.4626448005437851,-0.7990541926452092,2.0614999873297557,-2.1158739221947536,-0.5563956073352272,0.8281857201031277
5147.0,-0.4628776334799253,-0.7994790227858575,2.0633783916850668,-2.1332450053849064,-0.5683145902969027,0.8425241695655572
5148.0,-0.4631104664160655,-0.7999038529265058,2.065256796040378,-2.1506160885750596,-0.5802335732585782,0.8568626190279867
5149.0,-0.4633432993522057,-0.8003286830671541,2.067135200395689,-2.1679871717652124,-0.5921525562202539,0.8712010684904161
5150.0,-0.46357613228834593,-0.8007535132078024,2.069013604751,-2.185358254955365,-0.6040715391819294,0.8855395179528456
5151.0,-0.4638089652244861,-0.8011783433484507,2.070892009106311,-2.2027293381455184,-0.6159905221436053,0.8998779674152755
5152.0,-0.46404179816062635,-0.801603173489099,2.0727704134616225,-2.220100421335671,-0.6279095051052808,0.9142164168777049
5153.0,-0.46427463109676653,-0.8020280036297474,2.0746488178169336,-2.237471504525824,-0.6398284880669565,0.9285548663401344
5154.0,-0.46450746403290677,-0.8024528337703957,2.0765272221722446,-2.254842587715977,-0.651747471028632,0.9428933158025639
5155.0,-0.46474029696904695,-0.802877663911044,2.0784056265275557,-2.27221367090613,-0.6636664539903077,0.9572317652649933
5156.0,-0.4649731299051872,-0.8033024940516923,2.0802840308828667,-2.289584754096283,-0.6755854369519831,0.9715702147274228
5157.0,-0.46520596284132737,-0.8037273241923406,2.0821624352381782,-2.306955837286436,-0.6875044199136588,0.9859086641898527
5158.0,-0.4654387957774676,-0.8041521543329888,2.0840408395934893,-2.324326920476589,-0.6994234028753346,1.0002471136522821
5159.0,-0.4656716287136078,-0.8045769844736372,2.0859192439488004,-2.3416980036667416,-0.71134238583701,1.0145855631147116
5160.0,-0.46590446164974797,-0.8050018146142854,2.0877976483041114,-2.3590690868568944,-0.7232613687986857,1.028924012577141
5161.0,-0.4661372945858882,-0.8054266447549338,2.0896760526594225,-2.3764401700470477,-0.7351803517603612,1.0432624620395705
5162.0,-0.46637012752202844,-0.8058514748955821,2.0915544570147335,-2.3938112532372005,-0.7470993347220372,1.057600911502
5163.0,-0.4666029604581686,-0.8062763050362304,2.0934328613700446,-2.4111823364273537,-0.7590183176837126,1.0719393609644294
5164.0,-0.4668357933943088,-0.8067011351768787,2.095311265725356,-2.4285534196175065,-0.7709373006453883,1.086277810426859
5165.0,-0.46706862633044904,-0.807125965317527,2.097189670080667,-2.4459245028076593,-0.7828562836070638,1.1006162598892884
5166.0,-0.4673014592665892,-0.8075507954581753,2.099068074435978,-2.463295585997812,-0.7947752665687393,1.1149547093517178
5167.0,-0.46753429220272946,-0.8079756255988236,2.1009464787912893,-2.480666669187965,-0.806694249530415,1.1292931588141473
5168.0,-0.46776712513886964,-0.808400455739472,2.1028248831466003,-2.498037752378118,-0.8186132324920907,1.1436316082765772
5169.0,-0.4679999580750099,-0.8088252858801203,2.1047032875019114,-2.5154088355682713,-0.8305322154537664,1.1579700577390066
5170.0,-0.46823279101115006,-0.8092501160207686,2.106581691857223,-2.532779918758424,-0.8424511984154419,1.172308507201436
5171.0,-0.4684656239472903,-0.8096749461614169,2.108460096212534,-2.550151001948577,-0.8543701813771176,1.1866469566638655
5172.0,-0.4686984568834305,-0.8100997763020652,2.110338500567845,-2.5675220851387297,-0.8662891643387933,1.200985406126295
5173.0,-0.46893128981957066,-0.8105246064427135,2.112216904923156,-2.584893168328883,-0.878208147300469,1.2153238555887245
5174.0,-0.4691641227557109,-0.8109494365833618,2.114095309278467,-2.6022642515190357,-0.8901271302621447,1.229662305051154
5175.0,-0.46939695569185114,-0.8113742667240101,2.115973713633778,-2.6196353347091885,-0.90204611322382,1.2440007545135834
5176.0,-0.4696297886279913,-0.8117990968646585,2.1178521179890897,-2.6370064178993418,-0.9139650961854957,1.2583392039760128
5177.0,-0.4698626215641315,-0.8122239270053067,2.1197305223444007,-2.6543775010894946,-0.9258840791471714,1.2726776534384423
5178.0,-0.47009545450027174,-0.812648757145955,2.121608926699712,-2.6717485842796473,-0.9378030621088467,1.2870161029008718
5179.0,-0.4703282874364119,-0.8130735872866033,2.123487331055023,-2.6891196674698006,-0.9497220450705228,1.3013545523633017
5180.0,-0.47056112037255216,-0.8134984174272516,2.125365735410334,-2.7064907506599534,-0.9616410280321981,1.3156930018257311
5181.0,-0.47079395330869234,-0.8139232475678999,2.127244139765645,-2.723861833850106,-0.9735600109938738,1.3300314512881606
5182.0,-0.4710267862448326,-0.8143480777085482,2.129122544120956,-2.741232917040259,-0.9854789939555495,1.34436990075059
5183.0,-0.47125961918097276,-0.8147729078491965,2.1310009484762675,-2.758604000230412,-0.9973979769172252,1.3587083502130195
5184.0,-0.471492452117113,-0.8151977379898449,2.1328793528315786,-2.7759750834205654,-1.009316959878901,1.3730467996754494
5185.0,-0.4717252850532532,-0.8156225681304932,2.1347577571868896,-2.7933461666107178,-1.0212359428405762,1.3873852491378784
5186.0,-0.4717252850532532,-0.8156225681304932,2.1347577571868896,-2.7933461666107178,-1.0212359428405762,1.3873852491378784
5187.0,-0.4664136216044426,-0.816432648897171,2.1267116129398347,-2.777111554145813,-1.0380149602890014,1.3533100932836533
5188.0,-0.46110195815563204,-0.8172427296638489,2.1186654686927797,-2.760876941680908,-1.0547939777374267,1.319234937429428
5189.0,-0.4557902947068214,-0.8180528104305267,2.1106193244457243,-2.7446423292160036,-1.0715729951858521,1.285159781575203
5190.0,-0.45047863125801085,-0.8188628911972046,2.1025731801986693,-2.7284077167510987,-1.0883520126342774,1.2510846257209778
5191.0,-0.4451669678092003,-0.8196729719638824,2.0945270359516144,-2.712173104286194,-1.1051310300827026,1.2170094698667526
5192.0,-0.4398553043603897,-0.8204830527305603,2.0864808917045594,-2.695938491821289,-1.1219100475311279,1.1829343140125275
5193.0,-0.43454364091157915,-0.8212931334972382,2.0784347474575045,-2.679703879356384,-1.1386890649795531,1.1488591581583023
5194.0,-0.42923197746276853,-0.822103214263916,2.070388603210449,-2.6634692668914797,-1.1554680824279786,1.1147840023040771
5195.0,-0.42392031401395797,-0.8229132950305938,2.062342458963394,-2.647234654426575,-1.1722470998764039,1.080708846449852
5196.0,-0.4186086505651474,-0.8237233757972717,2.054296314716339,-2.63100004196167,-1.189026117324829,1.0466336905956268
5197.0,-0.41329698711633683,-0.8245334565639496,2.046250170469284,-2.614765429496765,-1.2058051347732544,1.0125585347414017
5198.0,-0.40798532366752627,-0.8253435373306275,2.038204026222229,-2.59853081703186,-1.2225841522216796,0.9784833788871765
5199.0,-0.40267366021871565,-0.8261536180973053,2.0301578819751738,-2.5822962045669557,-1.239363169670105,0.9444082230329514
5200.0,-0.3973619967699051,-0.8269636988639831,2.022111737728119,-2.566061592102051,-1.2561421871185303,0.9103330671787262
5201.0,-0.3920503333210945,-0.827773779630661,2.014065593481064,-2.549826979637146,-1.2729212045669556,0.876257911324501
5202.0,-0.38673866987228395,-0.8285838603973389,2.006019449234009,-2.533592367172241,-1.2897002220153808,0.8421827554702759
5203.0,-0.3814270064234734,-0.8293939411640168,1.9979733049869537,-2.5173577547073362,-1.306479239463806,0.8081075996160506
5204.0,-0.37611534297466276,-0.8302040219306945,1.9899271607398987,-2.501123142242432,-1.3232582569122315,0.7740324437618256
5205.0,-0.3708036795258522,-0.8310141026973724,1.9818810164928435,-2.484888529777527,-1.3400372743606568,0.7399572879076004
5206.0,-0.3654920160770416,-0.8318241834640503,1.9738348722457886,-2.468653917312622,-1.356816291809082,0.7058821320533752
5207.0,-0.3654920160770416,-0.8318241834640503,1.9738348722457886,-2.468653917312622,-1.356816291809082,0.7058821320533752
5208.0,-0.357112274505198,-0.8284167610108852,1.965736985206604,-2.463573396205902,-1.3732793182134628,0.6498376037925482
5209.0,-0.3487325329333544,-0.8250093385577202,1.9576390981674194,-2.458492875099182,-1.3897423446178436,0.5937930755317211
5210.0,-0.34035279136151075,-0.8216019161045551,1.9495412111282349,-2.453412353992462,-1.4062053710222244,0.537748547270894
5211.0,-0.33197304978966713,-0.8181944936513901,1.9414433240890503,-2.448331832885742,-1.4226683974266052,0.481704019010067
5212.0,-0.3235933082178235,-0.814787071198225,1.9333454370498657,-2.443251311779022,-1.439131423830986,0.4256594907492399
5213.0,-0.3152135666459799,-0.81137964874506,1.9252475500106812,-2.4381707906723022,-1.4555944502353668,0.36961496248841286
5214.0,-0.30683382507413626,-0.8079722262918949,1.9171496629714966,-2.4330902695655823,-1.4720574766397476,0.3135704342275858
5215.0,-0.29845408350229263,-0.8045648038387299,1.909051775932312,-2.4280097484588623,-1.4885205030441284,0.25752590596675873
5216.0,-0.290074341930449,-0.8011573813855648,1.9009538888931274,-2.4229292273521423,-1.5049835294485092,0.20148137770593166
5217.0,-0.2816946003586054,-0.7977499589323997,1.8928560018539429,-2.4178487062454224,-1.52144655585289,0.1454368494451046
5218.0,-0.27331485878676176,-0.7943425364792347,1.8847581148147583,-2.4127681851387024,-1.5379095822572708,0.08939232118427753
5219.0,-0.26493511721491814,-0.7909351140260696,1.8766602277755737,-2.4076876640319824,-1.5543726086616516,0.03334779292345047
5220.0,-0.2565553756430745,-0.7875276915729046,1.8685623407363892,-2.4026071429252625,-1.5708356350660324,-0.022696735337376595
5221.0,-0.2481756340712309,-0.7841202691197395,1.8604644536972046,-2.3975266218185425,-1.5872986614704132,-0.07874126359820366
5222.0,-0.23979589249938726,-0.7807128466665745,1.85236656665802,-2.3924461007118225,-1.603761687874794,-0.13478579185903072
5223.0,-0.23141615092754364,-0.7773054242134094,1.8442686796188354,-2.3873655796051025,-1.6202247142791748,-0.1908303201198578
5224.0,-0.23141615092754364,-0.7773054242134094,1.8442686796188354,-2.3873655796051025,-1.6202247142791748,-0.1908303201198578
5225.0,-0.22432439774274826,-0.7731536030769348,1.8346508741378784,-2.3758389949798584,-1.618240773677826,-0.17918158322572708
5226.0,-0.21723264455795288,-0.7690017819404602,1.8250330686569214,-2.3643124103546143,-1.616256833076477,-0.16753284633159637
5227.0,-0.21723264455795288,-0.7690017819404602,1.8250330686569214,-2.3643124103546143,-1.616256833076477,-0.16753284633159637
5228.0,-0.22087457444932726,-0.7675012283855014,1.8192918565538194,-2.3485160668691,-1.6115461455451117,-0.1498050405126479
5229.0,-0.22451650434070164,-0.7660006748305427,1.8135506444507175,-2.3327197233835855,-1.6068354580137465,-0.13207723469369942
5230.0,-0.22815843423207602,-0.7645001212755839,1.8078094323476155,-2.3169233798980713,-1.602124770482381,-0.11434942887475094
5231.0,-0.2318003641234504,-0.7629995677206252,1.8020682202445135,-2.301127036412557,-1.597414082951016,-0.09662162305580245
5232.0,-0.23544229401482475,-0.7614990141656663,1.7963270081414118,-2.2853306929270425,-1.5927033954196506,-0.07889381723685397
5233.0,-0.23908422390619913,-0.7599984606107076,1.7905857960383098,-2.2695343494415283,-1.5879927078882854,-0.061166011417905494
5234.0,-0.2427261537975735,-0.7584979070557488,1.7848445839352078,-2.253738005956014,-1.58328202035692,-0.04343820559895703
5235.0,-0.2463680836889479,-0.7569973535007901,1.7791033718321059,-2.2379416624704995,-1.5785713328255548,-0.025710399780008525
5236.0,-0.25001001358032227,-0.7554967999458313,1.773362159729004,-2.2221453189849854,-1.5738606452941895,-0.007982593961060047
5237.0,-0.25001001358032227,-0.7554967999458313,1.773362159729004,-2.2221453189849854,-1.5738606452941895,-0.007982593961060047
5238.0,-0.24369226396083832,-0.7501126527786255,1.7613794803619385,-2.205547491709391,-1.5769599080085754,-0.014589907135814428
5239.0,-0.23737451434135437,-0.7447285056114197,1.749396800994873,-2.1889496644337973,-1.5800591707229614,-0.02119722031056881
5240.0,-0.23105676472187042,-0.7393443584442139,1.7374141216278076,-2.172351837158203,-1.5831584334373474,-0.02780453348532319
5241.0,-0.22473901510238647,-0.7339602112770081,1.7254314422607422,-2.155754009882609,-1.5862576961517334,-0.03441184666007757
5242.0,-0.21842126548290253,-0.7285760641098022,1.7134487628936768,-2.139156182607015,-1.5893569588661194,-0.04101915983483195
5243.0,-0.21210351586341858,-0.7231919169425964,1.7014660835266113,-2.122558355331421,-1.5924562215805054,-0.047626473009586334
5244.0,-0.21210351586341858,-0.7231919169425964,1.7014660835266113,-2.122558355331421,-1.5924562215805054,-0.047626473009586334
5245.0,-0.21290218881491957,-0.7196888471471852,1.693951598529158,-2.105654745266355,-1.5895909893101658,-0.04393212317392744
5246.0,-0.21370086176642056,-0.716185777351774,1.6864371135317047,-2.0887511352012895,-1.5867257570398265,-0.04023777333826854
5247.0,-0.21449953471792155,-0.7126827075563628,1.6789226285342513,-2.0718475251362243,-1.583860524769487,-0.03654342350260965
5248.0,-0.21529820766942254,-0.7091796377609516,1.6714081435367978,-2.0549439150711586,-1.5809952924991477,-0.03284907366695075
5249.0,-0.21609688062092353,-0.7056765679655403,1.6638936585393445,-2.038040305006093,-1.5781300602288082,-0.029154723831291855
5250.0,-0.21689555357242452,-0.7021734981701292,1.6563791735418911,-2.021136694941027,-1.5752648279584687,-0.025460373995632963
5251.0,-0.2176942265239255,-0.6986704283747179,1.6488646885444378,-2.004233084875962,-1.5723995956881294,-0.021766024159974067
5252.0,-0.21849289947542652,-0.6951673585793068,1.6413502035469845,-1.9873294748108963,-1.5695343634177898,-0.01807167432431517
5253.0,-0.2192915724269275,-0.6916642887838955,1.6338357185495311,-1.9704258647458306,-1.5666691311474503,-0.014377324488656272
5254.0,-0.2200902453784285,-0.6881612189884844,1.6263212335520778,-1.9535222546807651,-1.563803898877111,-0.010682974652997376
5255.0,-0.2208889183299295,-0.6846581491930731,1.6188067485546243,-1.9366186446156994,-1.5609386666067715,-0.006988624817338487
5256.0,-0.22168759128143048,-0.681155079397662,1.611292263557171,-1.919715034550634,-1.5580734343364322,-0.0032942749816795916
5257.0,-0.22248626423293147,-0.6776520096022507,1.6037777785597176,-1.9028114244855683,-1.5552082020660927,0.00040007485397931114
5258.0,-0.22328493718443246,-0.6741489398068395,1.5962632935622643,-1.8859078144205028,-1.5523429697957531,0.0040944246896382
5259.0,-0.22408361013593345,-0.6706458700114283,1.588748808564811,-1.8690042043554371,-1.5494777375254138,0.007788774525297103
5260.0,-0.22488228308743444,-0.6671428002160171,1.5812343235673576,-1.8521005942903717,-1.5466125052550743,0.011483124360955992
5261.0,-0.22568095603893543,-0.6636397304206059,1.5737198385699043,-1.835196984225306,-1.5437472729847348,0.015177474196614887
5262.0,-0.22647962899043642,-0.6601366606251947,1.566205353572451,-1.8182933741602405,-1.5408820407143955,0.01887182403227379
5263.0,-0.2272783019419374,-0.6566335908297835,1.5586908685749974,-1.8013897640951748,-1.538016808444056,0.02256617386793268
5264.0,-0.2280769748934384,-0.6531305210343723,1.551176383577544,-1.7844861540301094,-1.5351515761737167,0.02626052370359158
5265.0,-0.2288756478449394,-0.649627451238961,1.5436618985800907,-1.7675825439650437,-1.5322863439033771,0.02995487353925047
5266.0,-0.2296743207964404,-0.6461243814435499,1.5361474135826374,-1.7506789338999782,-1.5294211116330376,0.03364922337490936
5267.0,-0.2304729937479414,-0.6426213116481386,1.528632928585184,-1.7337753238349125,-1.5265558793626983,0.03734357321056826
5268.0,-0.23127166669944238,-0.6391182418527275,1.5211184435877307,-1.716871713769847,-1.5236906470923588,0.04103792304622715
5269.0,-0.23207033965094337,-0.6356151720573162,1.5136039585902774,-1.6999681037047814,-1.5208254148220193,0.044732272881886054
5270.0,-0.23286901260244436,-0.632112102261905,1.5060894735928239,-1.6830644936397157,-1.51796018255168,0.048426622717544957
5271.0,-0.23366768555394535,-0.6286090324664938,1.4985749885953705,-1.6661608835746502,-1.5150949502813404,0.052120972553203845
5272.0,-0.23446635850544634,-0.6251059626710826,1.4910605035979172,-1.6492572735095847,-1.5122297180110011,0.055815322388862734
5273.0,-0.23526503145694733,-0.6216028928756714,1.4835460186004639,-1.632353663444519,-1.5093644857406616,0.05950967222452164
5274.0,-0.23526503145694733,-0.6216028928756714,1.4835460186004639,-1.632353663444519,-1.5093644857406616,0.05950967222452164
5275.0,-0.23103288263082505,-0.6164405107498169,1.4739069938659668,-1.6154383420944214,-1.5177539110183715,0.05186545439064503
5276.0,-0.22680073380470275,-0.6112781286239624,1.4642679691314697,-1.5985230207443237,-1.5261433362960815,0.04422123655676842
5277.0,-0.22256858497858048,-0.606115746498108,1.4546289443969727,-1.581607699394226,-1.5345327615737916,0.036577018722891805
5278.0,-0.21833643615245818,-0.6009533643722534,1.4449899196624756,-1.5646923780441284,-1.5429221868515015,0.028932800889015196
5279.0,-0.2141042873263359,-0.5957909822463989,1.4353508949279785,-1.5477770566940308,-1.5513116121292114,0.021288583055138588
5280.0,-0.20987213850021363,-0.5906286001205444,1.4257118701934814,-1.530861735343933,-1.5597010374069213,0.013644365221261973
5281.0,-0.20563998967409133,-0.5854662179946899,1.4160728454589844,-1.5139464139938354,-1.5680904626846313,0.006000147387385364
5282.0,-0.20140784084796906,-0.5803038358688355,1.4064338207244873,-1.4970310926437378,-1.5764798879623414,-0.0016440704464912442
5283.0,-0.19717569202184676,-0.575141453742981,1.3967947959899902,-1.4801157712936401,-1.5848693132400513,-0.00928828828036786
5284.0,-0.1929435431957245,-0.5699790716171265,1.3871557712554932,-1.4632004499435425,-1.5932587385177612,-0.01693250611424446
5285.0,-0.1929435431957245,-0.5699790716171265,1.3871557712554932,-1.4632004499435425,-1.5932587385177612,-0.01693250611424446
5286.0,-0.19388685307719492,-0.5675983374769037,1.3889467065984553,-1.47931246324019,-1.5924758369272405,-0.016632141968743366
5287.0,-0.19483016295866531,-0.565217603336681,1.3907376419414172,-1.4954244765368374,-1.59169293533672,-0.016331777823242275
5288.0,-0.19577347284013574,-0.5628368691964583,1.3925285772843794,-1.511536489833485,-1.5909100337461992,-0.01603141367774118
5289.0,-0.19671678272160617,-0.5604561350562356,1.3943195126273416,-1.5276485031301326,-1.5901271321556785,-0.015731049532240086
5290.0,-0.1976600926030766,-0.5580754009160128,1.3961104479703037,-1.54376051642678,-1.5893442305651577,-0.015430685386738995
5291.0,-0.198603402484547,-0.5556946667757902,1.3979013833132656,-1.5598725297234275,-1.5885613289746372,-0.0151303212412379
5292.0,-0.19954671236601743,-0.5533139326355674,1.3996923186562278,-1.575984543020075,-1.5877784273841165,-0.014829957095736807
5293.0,-0.20049002224748785,-0.5509331984953447,1.40148325399919,-1.5920965563167226,-1.5869955257935957,-0.014529592950235714
5294.0,-0.20143333212895828,-0.548552464355122,1.403274189342152,-1.60820856961337,-1.586212624203075,-0.01422922880473462
5295.0,-0.20237664201042868,-0.5461717302148993,1.405065124685114,-1.6243205829100176,-1.5854297226125544,-0.013928864659233526
5296.0,-0.2033199518918991,-0.5437909960746765,1.4068560600280762,-1.640432596206665,-1.5846468210220337,-0.013628500513732433
5297.0,-0.2033199518918991,-0.5437909960746765,1.4068560600280762,-1.640432596206665,-1.5846468210220337,-0.013628500513732433
5298.0,-0.20220569210747877,-0.5398456988235315,1.3990884572267532,-1.6232658475637436,-1.586593434214592,-0.01430079476752629
5299.0,-0.20109143232305846,-0.5359004015723864,1.3913208544254303,-1.6060990989208221,-1.5885400474071503,-0.014973089021320144
5300.0,-0.19997717253863811,-0.5319551043212414,1.3835532516241074,-1.5889323502779007,-1.5904866605997086,-0.015645383275114
5301.0,-0.19886291275421777,-0.5280098070700964,1.3757856488227844,-1.5717656016349792,-1.5924332737922668,-0.016317677528907854
5302.0,-0.19774865296979746,-0.5240645098189513,1.3680180460214615,-1.5545988529920578,-1.5943798869848251,-0.016989971782701712
5303.0,-0.19663439318537712,-0.5201192125678062,1.3602504432201385,-1.5374321043491364,-1.5963265001773834,-0.017662266036495566
5304.0,-0.19552013340095678,-0.5161739153166612,1.3524828404188156,-1.520265355706215,-1.5982731133699417,-0.01833456029028942
5305.0,-0.19440587361653647,-0.5122286180655161,1.3447152376174927,-1.5030986070632935,-1.6002197265625,-0.019006854544083275
5306.0,-0.19329161383211613,-0.5082833208143711,1.3369476348161697,-1.485931858420372,-1.6021663397550583,-0.019679148797877133
5307.0,-0.1921773540476958,-0.5043380235632261,1.3291800320148468,-1.4687651097774506,-1.6041129529476166,-0.020351443051670987
5308.0,-0.19106309426327547,-0.500392726312081,1.3214124292135239,-1.4515983611345291,-1.6060595661401749,-0.02102373730546484
5309.0,-0.18994883447885513,-0.496447429060936,1.313644826412201,-1.4344316124916077,-1.6080061793327332,-0.0216960315592587
5310.0,-0.1888345746944348,-0.4925021318097909,1.305877223610878,-1.4172648638486862,-1.6099527925252914,-0.022368325813052554
5311.0,-0.18772031491001448,-0.4885568345586459,1.298109620809555,-1.4000981152057648,-1.6118994057178497,-0.023040620066846408
5312.0,-0.18660605512559414,-0.48461153730750084,1.2903420180082321,-1.3829313665628433,-1.613846018910408,-0.023712914320640266
5313.0,-0.1854917953411738,-0.48066624005635583,1.2825744152069092,-1.3657646179199219,-1.6157926321029663,-0.02438520857443412
5314.0,-0.18437753555675349,-0.47672094280521077,1.2748068124055862,-1.3485978692770004,-1.6177392452955246,-0.025057502828227975
5315.0,-0.18326327577233315,-0.4727756455540657,1.2670392096042633,-1.331431120634079,-1.6196858584880829,-0.025729797082021832
5316.0,-0.1821490159879128,-0.4688303483029207,1.2592716068029404,-1.3142643719911575,-1.6216324716806412,-0.026402091335815687
5317.0,-0.1810347562034925,-0.46488505105177563,1.2515040040016174,-1.297097623348236,-1.6235790848731995,-0.02707438558960954
5318.0,-0.17992049641907215,-0.46093975380063057,1.2437364012002945,-1.2799308747053146,-1.6255256980657578,-0.0277466798434034
5319.0,-0.1788062366346518,-0.45699445654948556,1.2359687983989716,-1.2627641260623932,-1.627472311258316,-0.028418974097197253
5320.0,-0.1776919768502315,-0.4530491592983405,1.2282011955976486,-1.2455973774194717,-1.6294189244508743,-0.029091268350991108
5321.0,-0.17657771706581116,-0.44910386204719543,1.2204335927963257,-1.2284306287765503,-1.6313655376434326,-0.029763562604784966
5322.0,-0.17657771706581116,-0.44910386204719543,1.2204335927963257,-1.2284306287765503,-1.6313655376434326,-0.029763562604784966
5323.0,-0.1737806260585785,-0.45465112328529356,1.2286288261413574,-1.2433574199676514,-1.6397397756576537,-0.03546698167920113
5324.0,-0.17098353505134584,-0.46019838452339173,1.236824059486389,-1.2582842111587524,-1.648114013671875,-0.04117040075361729
5325.0,-0.16818644404411315,-0.46574564576148986,1.245019292831421,-1.2732110023498535,-1.6564882516860961,-0.04687381982803345
5326.0,-0.1653893530368805,-0.47129290699958803,1.2532145261764527,-1.2881377935409546,-1.6648624897003175,-0.05257723890244961
5327.0,-0.16259226202964783,-0.47684016823768616,1.2614097595214844,-1.3030645847320557,-1.6732367277145386,-0.05828065797686577
5328.0,-0.16259226202964783,-0.47684016823768616,1.2614097595214844,-1.3030645847320557,-1.6732367277145386,-0.05828065797686577
5329.0,-0.16417871415615082,-0.4737516790628433,1.2620769143104553,-1.319944679737091,-1.669510304927826,-0.057841815054416656
5330.0,-0.1657651662826538,-0.4706631898880005,1.2627440690994263,-1.3368247747421265,-1.6657838821411133,-0.057402972131967545
5331.0,-0.1657651662826538,-0.4706631898880005,1.2627440690994263,-1.3368247747421265,-1.6657838821411133,-0.057402972131967545
5332.0,-0.15734707564115524,-0.4689192771911621,1.2569959163665771,-1.320023775100708,-1.6790225505828857,-0.06326562725007534
5333.0,-0.14892898499965668,-0.46717536449432373,1.251247763633728,-1.3032227754592896,-1.6922612190246582,-0.06912828236818314
5334.0,-0.14892898499965668,-0.46717536449432373,1.251247763633728,-1.3032227754592896,-1.6922612190246582,-0.06912828236818314
5335.0,-0.1494770711660385,-0.4706983375549316,1.2584951162338256,-1.3201793289184571,-1.690668454170227,-0.07006567537784576
5336.0,-0.15002515733242036,-0.47422131061553957,1.2657424688339234,-1.3371358823776245,-1.6890756893157959,-0.07100306838750839
5337.0,-0.1505732434988022,-0.47774428367614746,1.272989821434021,-1.354092435836792,-1.6874829244613647,-0.07194046139717102
5338.0,-0.15112132966518402,-0.48126725673675536,1.2802371740341187,-1.3710489892959594,-1.6858901596069336,-0.07287785440683364
5339.0,-0.15166941583156585,-0.4847902297973633,1.2874845266342163,-1.388005542755127,-1.6842973947525024,-0.07381524741649628
5340.0,-0.1522175019979477,-0.4883132028579712,1.2947318792343139,-1.4049620962142944,-1.6827046298980712,-0.07475264042615891
5341.0,-0.15276558816432953,-0.4918361759185791,1.3019792318344117,-1.421918649673462,-1.68111186504364,-0.07569003343582154
5342.0,-0.15331367433071136,-0.49535914897918704,1.3092265844345092,-1.4388752031326293,-1.679519100189209,-0.07662742644548416
5343.0,-0.15386176049709321,-0.49888212203979493,1.316473937034607,-1.4558317565917969,-1.6779263353347778,-0.07756481945514679
5344.0,-0.15440984666347504,-0.5024050951004029,1.3237212896347046,-1.4727883100509644,-1.6763335704803466,-0.07850221246480941
5345.0,-0.15495793282985687,-0.5059280681610108,1.3309686422348022,-1.4897448635101318,-1.6747408056259154,-0.07943960547447204
5346.0,-0.1555060189962387,-0.5094510412216187,1.3382159948349,-1.5067014169692994,-1.6731480407714843,-0.08037699848413467
5347.0,-0.15605410516262055,-0.5129740142822266,1.3454633474349975,-1.5236579704284667,-1.6715552759170533,-0.08131439149379731
5348.0,-0.15660219132900238,-0.5164969873428344,1.3527107000350953,-1.5406145238876343,-1.6699625110626222,-0.08225178450345993
5349.0,-0.1571502774953842,-0.5200199604034423,1.3599580526351929,-1.5575710773468017,-1.668369746208191,-0.08318917751312256
5350.0,-0.15769836366176604,-0.5235429334640503,1.3672054052352904,-1.5745276308059692,-1.6667769813537598,-0.08412657052278519
5351.0,-0.1582464498281479,-0.5270659065246582,1.3744527578353882,-1.5914841842651368,-1.6651842164993287,-0.08506396353244781
5352.0,-0.15879453599452972,-0.5305888795852661,1.3817001104354858,-1.6084407377243042,-1.6635914516448975,-0.08600135654211044
5353.0,-0.15934262216091155,-0.534111852645874,1.3889474630355836,-1.6253972911834718,-1.6619986867904664,-0.08693874955177307
5354.0,-0.1598907083272934,-0.5376348257064819,1.3961948156356812,-1.6423538446426391,-1.6604059219360352,-0.0878761425614357
5355.0,-0.16043879449367524,-0.5411577987670898,1.4034421682357787,-1.6593103981018067,-1.658813157081604,-0.08881353557109833
5356.0,-0.16098688066005706,-0.5446807718276978,1.4106895208358765,-1.676266951560974,-1.6572203922271729,-0.08975092858076096
5357.0,-0.1615349668264389,-0.5482037448883057,1.417936873435974,-1.6932235050201416,-1.6556276273727417,-0.09068832159042359
5358.0,-0.16208305299282075,-0.5517267179489136,1.4251842260360719,-1.710180058479309,-1.6540348625183106,-0.09162571460008621
5359.0,-0.16263113915920258,-0.5552496910095215,1.4324315786361694,-1.7271366119384766,-1.6524420976638794,-0.09256310760974884
5360.0,-0.16263113915920258,-0.5552496910095215,1.4324315786361694,-1.7271366119384766,-1.6524420976638794,-0.09256310760974884
5361.0,-0.16043720136468226,-0.5529152143460053,1.4264155397048364,-1.7100238249852107,-1.6580285796752343,-0.09371424982180962
5362.0,-0.15824326357016197,-0.5505807376824893,1.4203995007735033,-1.6929110380319448,-1.6636150616865892,-0.0948653920338704
5363.0,-0.15604932577564165,-0.5482462610189731,1.4143834618421702,-1.675798251078679,-1.6692015436979442,-0.09601653424593118
5364.0,-0.15385538798112136,-0.5459117843554571,1.408367422910837,-1.6586854641254132,-1.6747880257092989,-0.09716767645799197
5365.0,-0.15166145018660104,-0.5435773076919409,1.4023513839795039,-1.6415726771721473,-1.6803745077206538,-0.09831881867005275
5366.0,-0.14946751239208075,-0.5412428310284247,1.3963353450481708,-1.6244598902188814,-1.6859609897320087,-0.09946996088211353
5367.0,-0.14727357459756044,-0.5389083543649087,1.3903193061168377,-1.6073471032656155,-1.6915474717433636,-0.10062110309417431
5368.0,-0.14507963680304015,-0.5365738777013925,1.3843032671855047,-1.5902343163123498,-1.6971339537547185,-0.10177224530623509
5369.0,-0.14288569900851983,-0.5342394010378764,1.3782872282541716,-1.573121529359084,-1.7027204357660735,-0.10292338751829587
5370.0,-0.14069176121399954,-0.5319049243743603,1.3722711893228383,-1.556008742405818,-1.7083069177774282,-0.10407452973035666
5371.0,-0.13849782341947922,-0.5295704477108442,1.3662551503915052,-1.538895955452552,-1.713893399788783,-0.10522567194241744
5372.0,-0.13630388562495893,-0.5272359710473281,1.3602391114601722,-1.5217831684992864,-1.719479881800138,-0.10637681415447822
5373.0,-0.13410994783043861,-0.524901494383812,1.3542230725288391,-1.5046703815460205,-1.725066363811493,-0.107527956366539
5374.0,-0.1319160100359183,-0.5225670177202958,1.348207033597506,-1.4875575945927546,-1.7306528458228478,-0.10867909857859978
5375.0,-0.129722072241398,-0.5202325410567797,1.342190994666173,-1.4704448076394887,-1.7362393278342028,-0.10983024079066056
5376.0,-0.1275281344468777,-0.5178980643932636,1.33617495573484,-1.453332020686223,-1.7418258098455577,-0.11098138300272134
5377.0,-0.1253341966523574,-0.5155635877297475,1.3301589168035066,-1.4362192337329571,-1.7474122918569124,-0.11213252521478213
5378.0,-0.12314025885783708,-0.5132291110662314,1.3241428778721736,-1.4191064467796912,-1.7529987738682673,-0.11328366742684291
5379.0,-0.12094632106331679,-0.5108946344027152,1.3181268389408405,-1.4019936598264253,-1.7585852558796222,-0.11443480963890369
5380.0,-0.11875238326879647,-0.5085601577391992,1.3121108000095074,-1.3848808728731594,-1.7641717378909771,-0.11558595185096447
5381.0,-0.11655844547427618,-0.506225681075683,1.3060947610781743,-1.3677680859198937,-1.769758219902332,-0.11673709406302525
5382.0,-0.11436450767975587,-0.5038912044121668,1.300078722146841,-1.3506552989666278,-1.775344701913687,-0.11788823627508604
5383.0,-0.11217056988523556,-0.5015567277486508,1.294062683215508,-1.333542512013362,-1.7809311839250417,-0.11903937848714682
5384.0,-0.10997663209071526,-0.4992222510851346,1.288046644284175,-1.3164297250600963,-1.7865176659363966,-0.1201905206992076
5385.0,-0.10778269429619496,-0.4968877744216185,1.2820306053528419,-1.2993169381068304,-1.7921041479477515,-0.12134166291126838
5386.0,-0.10558875650167465,-0.4945532977581024,1.2760145664215088,-1.2822041511535645,-1.7976906299591064,-0.12249280512332916
5387.0,-0.10558875650167465,-0.4945532977581024,1.2760145664215088,-1.2822041511535645,-1.7976906299591064,-0.12249280512332916
5388.0,-0.10511343056956927,-0.49694979886213936,1.2822840650876364,-1.2992898066838583,-1.7966564138730368,-0.1263810396194458
5389.0,-0.10463810463746388,-0.49934629996617635,1.2885535637537637,-1.316375462214152,-1.7956221977869669,-0.13026927411556244
5390.0,-0.1041627787053585,-0.5017428010702133,1.2948230624198913,-1.3334611177444458,-1.7945879817008972,-0.13415750861167908
5391.0,-0.10368745277325313,-0.5041393021742503,1.301092561086019,-1.3505467732747396,-1.7935537656148275,-0.13804574310779572
5392.0,-0.10321212684114774,-0.5065358032782873,1.3073620597521465,-1.3676324288050334,-1.7925195495287578,-0.14193397760391235
5393.0,-0.10273680090904236,-0.5089323043823242,1.3136315584182738,-1.384718084335327,-1.791485333442688,-0.145822212100029
5394.0,-0.10226147497693698,-0.5113288054863612,1.3199010570844014,-1.401803739865621,-1.7904511173566182,-0.14971044659614563
5395.0,-0.10178614904483159,-0.5137253065903982,1.326170555750529,-1.4188893953959147,-1.7894169012705485,-0.15359868109226227
5396.0,-0.10131082311272621,-0.5161218076944352,1.3324400544166566,-1.4359750509262086,-1.7883826851844788,-0.1574869155883789
5397.0,-0.10083549718062083,-0.518518308798472,1.338709553082784,-1.4530607064565022,-1.787348469098409,-0.16137515008449554
5398.0,-0.10036017124851544,-0.520914809902509,1.3449790517489115,-1.470146361986796,-1.7863142530123393,-0.16526338458061218
5399.0,-0.09988484531641006,-0.523311311006546,1.351248550415039,-1.4872320175170899,-1.7852800369262696,-0.16915161907672882
5400.0,-0.09940951938430469,-0.525707812110583,1.3575180490811667,-1.5043176730473837,-1.7842458208402,-0.17303985357284546
5401.0,-0.0989341934521993,-0.5281043132146199,1.363787547747294,-1.5214033285776773,-1.78321160475413,-0.1769280880689621
5402.0,-0.09845886752009392,-0.5305008143186569,1.3700570464134216,-1.5384889841079712,-1.7821773886680603,-0.18081632256507874
5403.0,-0.09798354158798854,-0.5328973154226939,1.3763265450795492,-1.555574639638265,-1.7811431725819906,-0.18470455706119537
5404.0,-0.09750821565588315,-0.5352938165267308,1.3825960437456766,-1.5726602951685589,-1.7801089564959207,-0.188592791557312
5405.0,-0.09703288972377777,-0.5376903176307678,1.3888655424118042,-1.5897459506988525,-1.779074740409851,-0.19248102605342865
5406.0,-0.0965575637916724,-0.5400868187348048,1.3951350410779317,-1.6068316062291463,-1.7780405243237813,-0.1963692605495453
5407.0,-0.096082237859567,-0.5424833198388418,1.4014045397440593,-1.62391726175944,-1.7770063082377117,-0.20025749504566193
5408.0,-0.09560691192746162,-0.5448798209428787,1.4076740384101867,-1.6410029172897338,-1.7759720921516418,-0.20414572954177856
5409.0,-0.09513158599535625,-0.5472763220469157,1.4139435370763143,-1.6580885728200276,-1.774937876065572,-0.2080339640378952
5410.0,-0.09465626006325085,-0.5496728231509527,1.4202130357424418,-1.6751742283503215,-1.7739036599795024,-0.21192219853401184
5411.0,-0.09418093413114548,-0.5520693242549897,1.4264825344085694,-1.6922598838806153,-1.7728694438934327,-0.21581043303012848
5412.0,-0.0937056081990401,-0.5544658253590266,1.4327520330746968,-1.7093455394109092,-1.7718352278073628,-0.21969866752624512
5413.0,-0.09323028226693471,-0.5568623264630636,1.4390215317408244,-1.7264311949412028,-1.7708010117212931,-0.22358690202236176
5414.0,-0.09275495633482933,-0.5592588275671005,1.445291030406952,-1.7435168504714966,-1.7697667956352234,-0.2274751365184784
5415.0,-0.09227963040272395,-0.5616553286711374,1.4515605290730793,-1.7606025060017902,-1.7687325795491537,-0.23136337101459503
5416.0,-0.09180430447061856,-0.5640518297751744,1.457830027739207,-1.777688161532084,-1.7676983634630838,-0.23525160551071167
5417.0,-0.09132897853851318,-0.5664483308792114,1.4640995264053345,-1.794773817062378,-1.7666641473770142,-0.2391398400068283
5418.0,-0.09132897853851318,-0.5664483308792114,1.4640995264053345,-1.794773817062378,-1.7666641473770142,-0.2391398400068283
5419.0,-0.09079051922474589,-0.5647277619157519,1.4586606408868517,-1.7777145888124193,-1.7703600653580256,-0.23662186520440237
5420.0,-0.0902520599109786,-0.5630071929522923,1.453221755368369,-1.7606553605624609,-1.7740559833390372,-0.23410389040197646
5421.0,-0.0897136005972113,-0.5612866239888328,1.4477828698498862,-1.7435961323125022,-1.7777519013200487,-0.23158591559955052
5422.0,-0.08917514128344399,-0.5595660550253732,1.4423439843314034,-1.7265369040625436,-1.7814478193010603,-0.2290679407971246
5423.0,-0.0886366819696767,-0.5578454860619136,1.4369050988129206,-1.7094776758125851,-1.7851437372820718,-0.22654996599469868
5424.0,-0.0880982226559094,-0.556124917098454,1.431466213294438,-1.6924184475626265,-1.7888396552630834,-0.22403199119227274
5425.0,-0.0875597633421421,-0.5544043481349945,1.4260273277759552,-1.6753592193126678,-1.7925355732440948,-0.2215140163898468
5426.0,-0.08702130402837481,-0.552683779171535,1.4205884422574724,-1.6582999910627092,-1.7962314912251063,-0.21899604158742086
5427.0,-0.08648284471460752,-0.5509632102080754,1.4151495567389898,-1.6412407628127508,-1.799927409206118,-0.21647806678499495
5428.0,-0.08594438540084022,-0.5492426412446159,1.409710671220507,-1.6241815345627921,-1.8036233271871294,-0.21396009198256902
5429.0,-0.08540592608707291,-0.5475220722811562,1.4042717857020242,-1.6071223063128335,-1.807319245168141,-0.21144211718014308
5430.0,-0.08486746677330562,-0.5458015033176967,1.3988329001835413,-1.590063078062875,-1.8110151631491525,-0.20892414237771717
5431.0,-0.08432900745953832,-0.5440809343542371,1.3933940146650587,-1.5730038498129164,-1.814711081130164,-0.20640616757529123
5432.0,-0.08379054814577103,-0.5423603653907776,1.387955129146576,-1.5559446215629578,-1.8184069991111755,-0.2038881927728653
5433.0,-0.08325208883200373,-0.5406397964273181,1.3825162436280931,-1.5388853933129991,-1.822102917092187,-0.20137021797043936
5434.0,-0.08271362951823644,-0.5389192274638585,1.3770773581096105,-1.5218261650630407,-1.8257988350731986,-0.19885224316801345
5435.0,-0.08217517020446914,-0.5371986585003989,1.3716384725911277,-1.504766936813082,-1.82949475305421,-0.1963342683655875
5436.0,-0.08163671089070185,-0.5354780895369393,1.3661995870726449,-1.4877077085631234,-1.8331906710352217,-0.19381629356316157
5437.0,-0.08109825157693454,-0.5337575205734798,1.3607607015541623,-1.470648480313165,-1.8368865890162331,-0.19129831876073566
5438.0,-0.08055979226316724,-0.5320369516100203,1.3553218160356795,-1.4535892520632063,-1.8405825069972446,-0.18878034395830973
5439.0,-0.08002133294939995,-0.5303163826465607,1.3498829305171967,-1.4365300238132477,-1.8442784249782562,-0.1862623691558838
5440.0,-0.07948287363563265,-0.5285958136831012,1.3444440449987138,-1.419470795563289,-1.8479743429592677,-0.18374439435345785
5441.0,-0.07894441432186536,-0.5268752447196415,1.3390051594802312,-1.4024115673133306,-1.8516702609402793,-0.18122641955103194
5442.0,-0.07840595500809806,-0.525154675756182,1.3335662739617484,-1.385352339063372,-1.8553661789212907,-0.178708444748606
5443.0,-0.07786749569433077,-0.5234341067927224,1.3281273884432656,-1.3682931108134133,-1.8590620969023024,-0.1761904699461801
5444.0,-0.07732903638056346,-0.5217135378292629,1.322688502924783,-1.351233882563455,-1.8627580148833138,-0.17367249514375416
5445.0,-0.07679057706679616,-0.5199929688658034,1.3172496174063002,-1.3341746543134962,-1.8664539328643253,-0.17115452034132822
5446.0,-0.07625211775302887,-0.5182723999023438,1.3118107318878174,-1.3171154260635376,-1.870149850845337,-0.16863654553890228
5447.0,-0.07625211775302887,-0.5182723999023438,1.3118107318878174,-1.3171154260635376,-1.870149850845337,-0.16863654553890228
5448.0,-0.07058375515043736,-0.5192923992872238,1.3154785633087158,-1.3214876353740692,-1.8837383389472961,-0.1765877902507782
5449.0,-0.06491539254784584,-0.5203123986721039,1.3191463947296143,-1.3258598446846008,-1.8973268270492554,-0.1845390349626541
5450.0,-0.059247029945254326,-0.521332398056984,1.3228142261505127,-1.3302320539951324,-1.9109153151512146,-0.19249027967453003
5451.0,-0.05357866734266281,-0.522352397441864,1.3264820575714111,-1.334604263305664,-1.9245038032531738,-0.20044152438640594
5452.0,-0.05357866734266281,-0.522352397441864,1.3264820575714111,-1.334604263305664,-1.9245038032531738,-0.20044152438640594
5453.0,-0.05414750869385898,-0.5243311729282141,1.3322627507150173,-1.3519096039235592,-1.9209120236337185,-0.20441068103536963
5454.0,-0.05471635004505515,-0.5263099484145641,1.3380434438586235,-1.3692149445414543,-1.9173202440142632,-0.20837983768433332
5455.0,-0.05528519139625132,-0.5282887239009142,1.3438241370022297,-1.3865202851593494,-1.9137284643948078,-0.21234899433329701
5456.0,-0.05585403274744749,-0.5302674993872643,1.3496048301458359,-1.4038256257772446,-1.9101366847753525,-0.2163181509822607
5457.0,-0.05642287409864366,-0.5322462748736143,1.355385523289442,-1.4211309663951397,-1.9065449051558971,-0.2202873076312244
5458.0,-0.05699171544983983,-0.5342250503599644,1.3611662164330482,-1.4384363070130348,-1.9029531255364418,-0.22425646428018808
5459.0,-0.057560556801036,-0.5362038258463144,1.3669469095766544,-1.45574164763093,-1.8993613459169865,-0.22822562092915177
5460.0,-0.05812939815223217,-0.5381826013326645,1.3727276027202606,-1.473046988248825,-1.8957695662975311,-0.23219477757811546
5461.0,-0.05869823950342834,-0.5401613768190145,1.3785082958638668,-1.4903523288667202,-1.8921777866780758,-0.23616393422707915
5462.0,-0.05926708085462451,-0.5421401523053646,1.384288989007473,-1.5076576694846153,-1.8885860070586205,-0.24013309087604284
5463.0,-0.05983592220582068,-0.5441189277917147,1.3900696821510792,-1.5249630101025105,-1.8849942274391651,-0.24410224752500653
5464.0,-0.06040476355701685,-0.5460977032780647,1.3958503752946854,-1.5422683507204056,-1.8814024478197098,-0.24807140417397022
5465.0,-0.06097360490821302,-0.5480764787644148,1.4016310684382915,-1.5595736913383007,-1.8778106682002544,-0.2520405608229339
5466.0,-0.06154244625940919,-0.5500552542507648,1.4074117615818977,-1.5768790319561958,-1.874218888580799,-0.2560097174718976
5467.0,-0.06211128761060536,-0.5520340297371149,1.413192454725504,-1.594184372574091,-1.8706271089613438,-0.2599788741208613
5468.0,-0.06268012896180153,-0.554012805223465,1.41897314786911,-1.611489713191986,-1.8670353293418884,-0.263948030769825
5469.0,-0.0632489703129977,-0.555991580709815,1.4247538410127163,-1.6287950538098812,-1.863443549722433,-0.26791718741878867
5470.0,-0.06381781166419387,-0.5579703561961651,1.4305345341563225,-1.6461003944277763,-1.8598517701029778,-0.27188634406775236
5471.0,-0.06438665301539004,-0.5599491316825151,1.4363152272999287,-1.6634057350456715,-1.8562599904835224,-0.27585550071671605
5472.0,-0.06495549436658621,-0.5619279071688652,1.4420959204435349,-1.6807110756635666,-1.852668210864067,-0.27982465736567974
5473.0,-0.06552433571778238,-0.5639066826552153,1.447876613587141,-1.6980164162814617,-1.8490764312446117,-0.28379381401464343
5474.0,-0.06609317706897855,-0.5658854581415653,1.4536573067307472,-1.7153217568993568,-1.8454846516251564,-0.2877629706636071
5475.0,-0.06666201842017472,-0.5678642336279154,1.4594379998743534,-1.732627097517252,-1.841892872005701,-0.2917321273125708
5476.0,-0.06723085977137089,-0.5698430091142654,1.4652186930179596,-1.749932438135147,-1.8383010923862457,-0.2957012839615345
5477.0,-0.06779970112256706,-0.5718217846006155,1.4709993861615658,-1.7672377787530422,-1.8347093127667904,-0.2996704406104982
5478.0,-0.06836854247376323,-0.5738005600869656,1.476780079305172,-1.7845431193709373,-1.831117533147335,-0.3036395972594619
5479.0,-0.0689373838249594,-0.5757793355733156,1.4825607724487782,-1.8018484599888325,-1.8275257535278797,-0.30760875390842557
5480.0,-0.06950622517615557,-0.5777581110596657,1.4883414655923843,-1.8191538006067276,-1.8239339739084244,-0.31157791055738926
5481.0,-0.07007506652735174,-0.5797368865460157,1.4941221587359905,-1.8364591412246227,-1.820342194288969,-0.31554706720635295
5482.0,-0.0706439078785479,-0.5817156620323658,1.4999028518795967,-1.8537644818425179,-1.8167504146695137,-0.31951622385531664
5483.0,-0.07121274922974408,-0.5836944375187159,1.505683545023203,-1.871069822460413,-1.8131586350500584,-0.32348538050428033
5484.0,-0.07178159058094025,-0.5856732130050659,1.511464238166809,-1.888375163078308,-1.809566855430603,-0.327454537153244
5485.0,-0.07178159058094025,-0.5856732130050659,1.511464238166809,-1.888375163078308,-1.809566855430603,-0.327454537153244
5486.0,-0.06428203172981739,-0.5864086300134659,1.5157309472560883,-1.8945524394512177,-1.8230202794075012,-0.3457930460572243
5487.0,-0.056782472878694534,-0.5871440470218658,1.5199976563453674,-1.9007297158241272,-1.8364737033843994,-0.36413155496120453
5488.0,-0.04928291402757168,-0.5878794640302658,1.5242643654346466,-1.9069069921970367,-1.8499271273612976,-0.3824700638651848
5489.0,-0.04178335517644882,-0.5886148810386658,1.5285310745239258,-1.9130842685699463,-1.8633805513381958,-0.40080857276916504
5490.0,-0.04178335517644882,-0.5886148810386658,1.5285310745239258,-1.9130842685699463,-1.8633805513381958,-0.40080857276916504
5491.0,-0.03343163182338079,-0.5898976524670919,1.5350628693898518,-1.9219752550125122,-1.879041353861491,-0.42202890912691754
5492.0,-0.025079908470312755,-0.591180423895518,1.541594664255778,-1.9308662414550781,-1.894702156384786,-0.44324924548467
5493.0,-0.01672818511724472,-0.5924631953239441,1.548126459121704,-1.939757227897644,-1.910362958908081,-0.4644695818424225
5494.0,-0.01672818511724472,-0.5924631953239441,1.548126459121704,-1.939757227897644,-1.910362958908081,-0.4644695818424225
5495.0,-0.015163287640579285,-0.5899149948550809,1.542630260990512,-1.9225495553785754,-1.917249818002024,-0.4593698218945534
5496.0,-0.01359839016391385,-0.5873667943862176,1.53713406285932,-1.905341882859507,-1.924136677095967,-0.4542700619466843
5497.0,-0.012033492687248414,-0.5848185939173545,1.5316378647281277,-1.8881342103404384,-1.93102353618991,-0.44917030199881525
5498.0,-0.010468595210582979,-0.5822703934484913,1.5261416665969356,-1.8709265378213698,-1.9379103952838528,-0.44407054205094615
5499.0,-0.008903697733917543,-0.579722192979628,1.5206454684657436,-1.8537188653023011,-1.9447972543777958,-0.43897078210307705
5500.0,-0.00733880025725211,-0.5771739925107648,1.5151492703345515,-1.8365111927832327,-1.9516841134717386,-0.43387102215520795
5501.0,-0.005773902780586674,-0.5746257920419017,1.5096530722033592,-1.819303520264164,-1.9585709725656817,-0.4287712622073389
5502.0,-0.004209005303921239,-0.5720775915730384,1.5041568740721671,-1.8020958477450955,-1.9654578316596247,-0.4236715022594698
5503.0,-0.0026441078272558052,-0.5695293911041752,1.498660675940975,-1.784888175226027,-1.9723446907535676,-0.4185717423116007
5504.0,-0.0010792103505903664,-0.5669811906353119,1.493164477809783,-1.7676805027069584,-1.9792315498475106,-0.4134719823637316
5505.0,0.00048568712607506906,-0.5644329901664488,1.4876682796785907,-1.7504728301878898,-1.9861184089414534,-0.4083722224158625
5506.0,0.002050584602740501,-0.5618847896975856,1.4821720815473987,-1.7332651576688214,-1.9930052680353965,-0.4032724624679935
5507.0,0.0036154820794059364,-0.5593365892287223,1.4766758834162066,-1.7160574851497528,-1.9998921271293395,-0.3981727025201244
5508.0,0.005180379556071372,-0.5567883887598591,1.4711796852850145,-1.6988498126306841,-2.0067789862232823,-0.3930729425722553
5509.0,0.006745277032736811,-0.554240188290996,1.4656834871538225,-1.6816421401116155,-2.013665845317225,-0.3879731826243862
5510.0,0.008310174509402243,-0.5516919878221327,1.4601872890226302,-1.664434467592547,-2.0205527044111684,-0.38287342267651714
5511.0,0.009875071986067678,-0.5491437873532695,1.454691090891438,-1.6472267950734785,-2.0274395635051112,-0.37777366272864804
5512.0,0.01143996946273311,-0.5465955868844063,1.449194892760246,-1.63001912255441,-2.034326422599054,-0.37267390278077894
5513.0,0.013004866939398552,-0.5440473864155431,1.443698694629054,-1.6128114500353412,-2.041213281692997,-0.36757414283290984
5514.0,0.014569764416063988,-0.5414991859466799,1.438202496497862,-1.5956037775162728,-2.04810014078694,-0.36247438288504075
5515.0,0.01613466189272942,-0.5389509854778167,1.4327062983666696,-1.5783961049972042,-2.054986999880883,-0.3573746229371717
5516.0,0.01769955936939486,-0.5364027850089534,1.4272101002354776,-1.5611884324781355,-2.061873858974826,-0.3522748629893026
5517.0,0.01926445684606029,-0.5338545845400903,1.4217139021042855,-1.5439807599590671,-2.068760718068769,-0.3471751030414335
5518.0,0.020829354322725722,-0.5313063840712271,1.4162177039730934,-1.5267730874399985,-2.075647577162712,-0.34207534309356447
5519.0,0.02239425179939116,-0.5287581836023638,1.4107215058419011,-1.5095654149209299,-2.0825344362566547,-0.33697558314569537
5520.0,0.023959149276056593,-0.5262099831335006,1.405225307710709,-1.4923577424018615,-2.089421295350598,-0.33187582319782627
5521.0,0.025524046752722032,-0.5236617826646374,1.399729109579517,-1.4751500698827928,-2.0963081544445408,-0.32677606324995717
5522.0,0.027088944229387464,-0.5211135821957742,1.394232911448325,-1.4579423973637242,-2.1031950135384836,-0.3216763033020881
5523.0,0.028653841706052903,-0.518565381726911,1.3887367133171327,-1.4407347248446558,-2.1100818726324264,-0.31657654335421903
5524.0,0.030218739182718342,-0.5160171812580477,1.3832405151859406,-1.423527052325587,-2.1169687317263697,-0.3114767834063499
5525.0,0.031783636659383774,-0.5134689807891846,1.3777443170547485,-1.4063193798065186,-2.1238555908203125,-0.30637702345848083
5526.0,0.031783636659383774,-0.5134689807891846,1.3777443170547485,-1.4063193798065186,-2.1238555908203125,-0.30637702345848083
5527.0,0.026689214631915092,-0.5054251948992411,1.3635569016138713,-1.3920883337656658,-2.107895771662394,-0.2939162453015645
5528.0,0.02159479260444641,-0.49738140900929767,1.349369486172994,-1.3778572877248128,-2.091935952504476,-0.28145546714464825
5529.0,0.01650037057697773,-0.48933762311935425,1.3351820707321167,-1.36362624168396,-2.0759761333465576,-0.26899468898773193
5530.0,0.01650037057697773,-0.48933762311935425,1.3351820707321167,-1.36362624168396,-2.0759761333465576,-0.26899468898773193
5531.0,0.010185040533542633,-0.48675529956817626,1.327254056930542,-1.3547842264175416,-2.0601353883743285,-0.2596296727657318
5532.0,0.0038697104901075363,-0.48417297601699827,1.3193260431289673,-1.345942211151123,-2.0442946434020994,-0.2502646565437317
5533.0,-0.002445619553327564,-0.48159065246582033,1.3113980293273926,-1.3371001958847046,-2.028453898429871,-0.24089964032173156
5534.0,-0.008760949596762657,-0.47900832891464235,1.3034700155258179,-1.328258180618286,-2.0126131534576417,-0.23153462409973144
5535.0,-0.015076279640197754,-0.47642600536346436,1.2955420017242432,-1.3194161653518677,-1.9967724084854126,-0.22216960787773132
5536.0,-0.015076279640197754,-0.47642600536346436,1.2955420017242432,-1.3194161653518677,-1.9967724084854126,-0.22216960787773132
5537.0,-0.014313193993308606,-0.47962390459500825,1.3029318742263012,-1.336468097491142,-1.9964139828315148,-0.2308177275535388
5538.0,-0.013550108346419457,-0.48282180382655215,1.3103217467283592,-1.3535200296304164,-1.996055557177617,-0.23946584722934625
5539.0,-0.012787022699530307,-0.48601970305809605,1.317711619230417,-1.370571961769691,-1.9956971315237193,-0.24811396690515372
5540.0,-0.012023937052641159,-0.48921760228964,1.325101491732475,-1.3876238939089653,-1.9953387058698213,-0.25676208658096117
5541.0,-0.01126085140575201,-0.4924155015211839,1.332491364234533,-1.4046758260482397,-1.9949802802159236,-0.26541020625676864
5542.0,-0.010497765758862862,-0.4956134007527278,1.339881236736591,-1.421727758187514,-1.9946218545620258,-0.2740583259325761
5543.0,-0.009734680111973714,-0.4988112999842717,1.3472711092386491,-1.4387796903267884,-1.994263428908128,-0.2827064456083836
5544.0,-0.008971594465084564,-0.5020091992158157,1.354660981740707,-1.4558316224660628,-1.9939050032542303,-0.291354565284191
5545.0,-0.008208508818195417,-0.5052070984473596,1.362050854242765,-1.4728835546053374,-1.9935465776003325,-0.3000026849599985
5546.0,-0.007445423171306268,-0.5084049976789035,1.369440726744823,-1.4899354867446117,-1.9931881519464345,-0.30865080463580596
5547.0,-0.006682337524417119,-0.5116028969104474,1.376830599246881,-1.506987418883886,-1.9928297262925367,-0.31729892431161344
5548.0,-0.005919251877527971,-0.5148007961419913,1.384220471748939,-1.5240393510231605,-1.992471300638639,-0.3259470439874209
5549.0,-0.0051561662306388225,-0.5179986953735352,1.3916103442509968,-1.5410912831624348,-1.9921128749847412,-0.33459516366322833
5550.0,-0.0043930805837496725,-0.521196594605079,1.3990002167530549,-1.5581432153017092,-1.9917544493308434,-0.3432432833390358
5551.0,-0.003629994936860526,-0.524394493836623,1.4063900892551129,-1.5751951474409838,-1.9913960236769457,-0.35189140301484323
5552.0,-0.002866909289971376,-0.5275923930681669,1.413779961757171,-1.5922470795802581,-1.991037598023048,-0.3605395226906507
5553.0,-0.0021038236430822276,-0.5307902922997108,1.4211698342592287,-1.6092990117195325,-1.99067917236915,-0.3691876423664582
5554.0,-0.0013407379961930792,-0.5339881915312547,1.4285597067612867,-1.6263509438588069,-1.9903207467152522,-0.37783576204226565
5555.0,-0.0005776523493039309,-0.5371860907627986,1.4359495792633448,-1.6434028759980812,-1.9899623210613544,-0.38648388171807313
5556.0,0.00018543329758521736,-0.5403839899943426,1.4433394517654028,-1.6604548081373558,-1.9896038954074566,-0.3951320013938806
5557.0,0.0009485189444743657,-0.5435818892258865,1.4507293242674608,-1.6775067402766302,-1.9892454697535589,-0.4037801210696881
5558.0,0.0017116045913635157,-0.5467797884574304,1.4581191967695188,-1.6945586724159045,-1.988887044099661,-0.41242824074549556
5559.0,0.0024746902382526657,-0.5499776876889743,1.4655090692715766,-1.7116106045551789,-1.9885286184457631,-0.42107636042130303
5560.0,0.0032377758851418123,-0.5531755869205182,1.4728989417736347,-1.7286625366944532,-1.9881701927918654,-0.4297244800971105
5561.0,0.004000861532030959,-0.5563734861520621,1.4802888142756927,-1.7457144688337276,-1.9878117671379676,-0.43837259977291787
5562.0,0.004763947178920109,-0.559571385383606,1.4876786867777507,-1.762766400973002,-1.9874533414840698,-0.44702071944872535
5563.0,0.005527032825809259,-0.5627692846151499,1.4950685592798085,-1.7798183331122766,-1.987094915830172,-0.4556688391245328
5564.0,0.006290118472698409,-0.5659671838466938,1.5024584317818666,-1.796870265251551,-1.9867364901762743,-0.4643169588003403
5565.0,0.0070532041195875556,-0.5691650830782377,1.5098483042839246,-1.8139221973908253,-1.9863780645223765,-0.47296507847614777
5566.0,0.007816289766476702,-0.5723629823097816,1.5172381767859826,-1.8309741295300996,-1.9860196388684785,-0.4816131981519552
5567.0,0.008579375413365852,-0.5755608815413255,1.5246280492880406,-1.848026061669374,-1.9856612132145808,-0.49026131782776267
5568.0,0.009342461060255002,-0.5787587807728694,1.5320179217900984,-1.8650779938086486,-1.985302787560683,-0.49890943750357014
5569.0,0.010105546707144149,-0.5819566800044134,1.5394077942921565,-1.882129925947923,-1.9849443619067852,-0.5075575571793776
5570.0,0.010868632354033299,-0.5851545792359573,1.5467976667942145,-1.8991818580871973,-1.9845859362528875,-0.516205676855185
5571.0,0.011631718000922445,-0.5883524784675012,1.5541875392962725,-1.9162337902264717,-1.9842275105989897,-0.5248537965309925
5572.0,0.012394803647811595,-0.5915503776990451,1.5615774117983303,-1.933285722365746,-1.9838690849450917,-0.5335019162068
5573.0,0.013157889294700742,-0.594748276930589,1.5689672843003883,-1.9503376545050206,-1.983510659291194,-0.5421500358826075
5574.0,0.013920974941589892,-0.5979461761621329,1.5763571568024464,-1.967389586644295,-1.9831522336372962,-0.5507981555584149
5575.0,0.014684060588479042,-0.6011440753936768,1.5837470293045044,-1.9844415187835693,-1.9827938079833984,-0.5594462752342224
5576.0,0.014684060588479042,-0.6011440753936768,1.5837470293045044,-1.9844415187835693,-1.9827938079833984,-0.5594462752342224
5577.0,0.012510276780548422,-0.6025728921998631,1.5896976021203129,-2.0015800541097466,-1.973578615622087,-0.51287157562646
5578.0,0.0103364929726178,-0.6040017090060494,1.595648174936121,-2.0187185894359243,-1.9643634232607754,-0.46629687601869757
5579.0,0.008162709164687178,-0.6054305258122358,1.6015987477519296,-2.0358571247621016,-1.955148230899464,-0.4197221764109351
5580.0,0.005988925356756557,-0.6068593426184221,1.607549320567738,-2.052995660088279,-1.9459330385381526,-0.37314747680317273
5581.0,0.0038151415488259354,-0.6082881594246085,1.6134998933835463,-2.0701341954144565,-1.936717846176841,-0.3265727771954103
5582.0,0.0016413577408953151,-0.6097169762307947,1.6194504661993547,-2.087272730740634,-1.9275026538155295,-0.2799980775876479
5583.0,-0.0005324260670353069,-0.611145793036981,1.625401039015163,-2.1044112660668115,-1.918287461454218,-0.23342337797988544
5584.0,-0.002706209874965927,-0.6125746098431674,1.6313516118309714,-2.1215498013929888,-1.9090722690929065,-0.186848678372123
5585.0,-0.004879993682896551,-0.6140034266493537,1.63730218464678,-2.138688336719166,-1.8998570767315952,-0.1402739787643606
5586.0,-0.007053777490827171,-0.61543224345554,1.6432527574625881,-2.1558268720453437,-1.8906418843702837,-0.09369927915659815
5587.0,-0.009227561298757792,-0.6168610602617264,1.6492033302783966,-2.172965407371521,-1.8814266920089722,-0.047124579548835754
5588.0,-0.011401345106688412,-0.6182898770679127,1.655153903094205,-2.1901039426976983,-1.8722114996476606,-0.0005498799410733612
5589.0,-0.013575128914619036,-0.6197186938740991,1.6611044759100133,-2.207242478023876,-1.8629963072863491,0.04602481966668914
5590.0,-0.015748912722549656,-0.6211475106802854,1.6670550487258218,-2.2243810133500532,-1.8537811149250376,0.09259951927445154
5591.0,-0.01792269653048028,-0.6225763274864717,1.6730056215416302,-2.241519548676231,-1.8445659225637263,0.13917421888221404
5592.0,-0.020096480338410896,-0.6240051442926581,1.6789561943574385,-2.258658084002408,-1.8353507302024148,0.18574891848997643
5593.0,-0.02227026414634152,-0.6254339610988443,1.684906767173247,-2.2757966193285855,-1.8261355378411033,0.23232361809773872
5594.0,-0.024444047954272144,-0.6268627779050306,1.6908573399890554,-2.292935154654763,-1.8169203454797918,0.2788983177055012
5595.0,-0.02661783176220276,-0.628291594711217,1.6968079128048636,-2.3100736899809404,-1.8077051531184805,0.3254730173132636
5596.0,-0.028791615570133385,-0.6297204115174033,1.7027584856206721,-2.3272122253071177,-1.798489960757169,0.3720477169210261
5597.0,-0.03096539937806401,-0.6311492283235897,1.7087090584364804,-2.3443507606332954,-1.7892747683958574,0.4186224165287885
5598.0,-0.033139183185994625,-0.632578045129776,1.7146596312522888,-2.3614892959594727,-1.780059576034546,0.4651971161365509
5599.0,-0.03531296699392524,-0.6340068619359623,1.7206102040680973,-2.37862783128565,-1.7708443836732344,0.5117718157443132
5600.0,-0.037486750801855866,-0.6354356787421487,1.7265607768839055,-2.3957663666118276,-1.7616291913119229,0.5583465153520757
5601.0,-0.039660534609786496,-0.636864495548335,1.732511349699714,-2.412904901938005,-1.7524139989506113,0.6049212149598382
5602.0,-0.04183431841771711,-0.6382933123545214,1.7384619225155225,-2.4300434372641826,-1.7431988065893,0.6514959145676007
5603.0,-0.04400810222564773,-0.6397221291607077,1.7444124953313307,-2.44718197259036,-1.7339836142279885,0.698070614175363
5604.0,-0.046181886033578354,-0.6411509459668939,1.7503630681471392,-2.464320507916537,-1.724768421866677,0.7446453137831255
5605.0,-0.04835566984150898,-0.6425797627730803,1.7563136409629474,-2.4814590432427144,-1.7155532295053655,0.7912200133908878
5606.0,-0.0505294536494396,-0.6440085795792666,1.7622642137787559,-2.498597578568892,-1.706338037144054,0.8377947129986505
5607.0,-0.052703237457370225,-0.6454373963854529,1.7682147865945643,-2.5157361138950693,-1.6971228447827427,0.8843694126064128
5608.0,-0.054877021265300835,-0.6468662131916393,1.7741653594103726,-2.532874649221247,-1.6879076524214311,0.9309441122141753
5609.0,-0.05705080507323146,-0.6482950299978256,1.780115932226181,-2.5500131845474243,-1.6786924600601196,0.9775188118219376
5610.0,-0.05922458888116208,-0.649723846804012,1.7860665050419895,-2.5671517198736016,-1.669477267698808,1.0240935114296998
5611.0,-0.061398372689092706,-0.6511526636101983,1.7920170778577977,-2.5842902551997793,-1.6602620753374966,1.0706682110374626
5612.0,-0.06357215649702333,-0.6525814804163846,1.7979676506736062,-2.6014287905259565,-1.651046882976185,1.1172429106452249
5613.0,-0.06574594030495394,-0.654010297222571,1.8039182234894147,-2.6185673258521343,-1.6418316906148738,1.1638176102529874
5614.0,-0.06791972411288456,-0.6554391140287573,1.809868796305223,-2.6357058611783115,-1.6326164982535623,1.2103923098607496
5615.0,-0.07009350792081519,-0.6568679308349435,1.8158193691210314,-2.6528443965044888,-1.6234013058922507,1.2569670094685121
5616.0,-0.07226729172874581,-0.6582967476411299,1.8217699419368398,-2.6699829318306665,-1.6141861135309392,1.3035417090762746
5617.0,-0.07444107553667643,-0.6597255644473162,1.827720514752648,-2.6871214671568437,-1.6049709211696277,1.3501164086840372
5618.0,-0.07661485934460706,-0.6611543812535026,1.8336710875684565,-2.704260002483021,-1.5957557288083164,1.3966911082917994
5619.0,-0.07878864315253767,-0.6625831980596889,1.8396216603842648,-2.7213985378091987,-1.5865405364470049,1.4432658078995617
5620.0,-0.08096242696046829,-0.6640120148658752,1.8455722332000732,-2.738537073135376,-1.5773253440856934,1.4898405075073242
5621.0,-0.08096242696046829,-0.6640120148658752,1.8455722332000732,-2.738537073135376,-1.5773253440856934,1.4898405075073242
5622.0,-0.08963103592395782,-0.6601399779319763,1.834661602973938,-2.7351601123809814,-1.5732595920562744,1.4811698198318481
5623.0,-0.08963103592395782,-0.6601399779319763,1.834661602973938,-2.7351601123809814,-1.5732595920562744,1.4811698198318481
5624.0,-0.10255996882915497,-0.6560067236423492,1.8234089016914368,-2.732559084892273,-1.5704530477523804,1.468238353729248
5625.0,-0.11548890173435211,-0.6518734693527222,1.8121562004089355,-2.7299580574035645,-1.5676465034484863,1.455306887626648
5626.0,-0.11548890173435211,-0.6518734693527222,1.8121562004089355,-2.7299580574035645,-1.5676465034484863,1.455306887626648
5627.0,-0.11537683206169229,-0.6515799865388033,1.8068895423621463,-2.7125397000396463,-1.5711115870559424,1.4259012067004253
5628.0,-0.11526476238903247,-0.6512865037248846,1.8016228843153568,-2.6951213426757277,-1.5745766706633986,1.3964955257742029
5629.0,-0.11515269271637264,-0.6509930209109658,1.7963562262685675,-2.6777029853118095,-1.5780417542708547,1.3670898448479802
5630.0,-0.11504062304371282,-0.650699538097047,1.7910895682217782,-2.660284627947891,-1.5815068378783108,1.3376841639217578
5631.0,-0.114928553371053,-0.6504060552831281,1.785822910174989,-2.6428662705839727,-1.584971921485767,1.3082784829955352
5632.0,-0.11481648369839317,-0.6501125724692094,1.7805562521281995,-2.625447913220054,-1.5884370050932233,1.2788728020693128
5633.0,-0.11470441402573335,-0.6498190896552906,1.7752895940814102,-2.608029555856136,-1.5919020887006794,1.24946712114309
5634.0,-0.11459234435307353,-0.6495256068413717,1.770022936034621,-2.5906111984922173,-1.5953671723081355,1.2200614402168675
5635.0,-0.1144802746804137,-0.649232124027453,1.7647562779878316,-2.573192841128299,-1.5988322559155916,1.190655759290645
5636.0,-0.11436820500775387,-0.6489386412135342,1.7594896199410421,-2.5557744837643805,-1.6022973395230478,1.1612500783644224
5637.0,-0.11425613533509404,-0.6486451583996153,1.7542229618942529,-2.5383561264004624,-1.6057624231305039,1.1318443974382
5638.0,-0.11414406566243422,-0.6483516755856966,1.7489563038474636,-2.520937769036544,-1.60922750673796,1.1024387165119773
5639.0,-0.1140319959897744,-0.6480581927717778,1.743689645800674,-2.5035194116726256,-1.6126925903454161,1.073033035585755
5640.0,-0.11391992631711458,-0.647764709957859,1.7384229877538848,-2.4861010543087074,-1.6161576739528722,1.0436273546595323
5641.0,-0.11380785664445475,-0.6474712271439401,1.7331563297070955,-2.468682696944789,-1.6196227575603284,1.0142216737333096
5642.0,-0.11369578697179493,-0.6471777443300214,1.7278896716603063,-2.4512643395808706,-1.6230878411677845,0.9848159928070872
5643.0,-0.1135837172991351,-0.6468842615161026,1.7226230136135168,-2.433845982216952,-1.6265529247752406,0.9554103118808646
5644.0,-0.11347164762647528,-0.6465907787021837,1.7173563555667275,-2.416427624853034,-1.630018008382697,0.926004630954642
5645.0,-0.11335957795381546,-0.646297295888265,1.7120896975199382,-2.3990092674891152,-1.633483091990153,0.8965989500284195
5646.0,-0.11324750828115564,-0.6460038130743462,1.7068230394731487,-2.381590910125197,-1.6369481755976092,0.867193269102197
5647.0,-0.11313543860849581,-0.6457103302604273,1.7015563814263595,-2.3641725527612785,-1.6404132592050653,0.8377875881759744
5648.0,-0.11302336893583599,-0.6454168474465086,1.6962897233795702,-2.3467541953973603,-1.6438783428125214,0.8083819072497519
5649.0,-0.11291129926317617,-0.6451233646325898,1.691023065332781,-2.329335838033442,-1.6473434264199776,0.7789762263235294
5650.0,-0.11279922959051635,-0.644829881818671,1.6857564072859914,-2.3119174806695235,-1.6508085100274337,0.7495705453973068
5651.0,-0.11268715991785652,-0.6445363990047521,1.6804897492392021,-2.2944991233056053,-1.6542735936348898,0.7201648644710842
5652.0,-0.1125750902451967,-0.6442429161908334,1.6752230911924129,-2.2770807659416867,-1.657738677242346,0.6907591835448617
5653.0,-0.11246302057253688,-0.6439494333769146,1.6699564331456234,-2.2596624085777686,-1.661203760849802,0.6613535026186391
5654.0,-0.11235095089987705,-0.6436559505629957,1.664689775098834,-2.24224405121385,-1.6646688444572582,0.6319478216924166
5655.0,-0.11223888122721722,-0.643362467749077,1.6594231170520448,-2.224825693849932,-1.6681339280647145,0.602542140766194
5656.0,-0.11212681155455739,-0.6430689849351582,1.6541564590052555,-2.207407336486013,-1.6715990116721706,0.5731364598399715
5657.0,-0.11201474188189757,-0.6427755021212394,1.648889800958466,-2.189988979122095,-1.6750640952796267,0.543730778913749
5658.0,-0.11190267220923775,-0.6424820193073206,1.6436231429116768,-2.172570621758177,-1.6785291788870829,0.5143250979875263
5659.0,-0.11179060253657792,-0.6421885364934018,1.6383564848648875,-2.155152264394258,-1.681994262494539,0.4849194170613037
5660.0,-0.1116785328639181,-0.641895053679483,1.633089826818098,-2.1377339070303396,-1.685459346101995,0.4555137361350813
5661.0,-0.11156646319125828,-0.6416015708655641,1.6278231687713087,-2.1203155496664214,-1.6889244297094512,0.42610805520885875
5662.0,-0.11145439351859845,-0.6413080880516454,1.6225565107245195,-2.1028971923025033,-1.6923895133169073,0.3967023742826361
5663.0,-0.11134232384593863,-0.6410146052377266,1.6172898526777302,-2.0854788349385847,-1.6958545969243635,0.36729669335641346
5664.0,-0.11123025417327881,-0.6407211224238077,1.6120231946309407,-2.0680604775746665,-1.6993196805318196,0.33789101243019104
5665.0,-0.11111818450061899,-0.640427639609889,1.6067565365841514,-2.050642120210748,-1.7027847641392757,0.3084853315039686
5666.0,-0.11100611482795916,-0.6401341567959702,1.6014898785373621,-2.0332237628468297,-1.706249847746732,0.279079650577746
5667.0,-0.11089404515529934,-0.6398406739820514,1.5962232204905726,-2.015805405482911,-1.7097149313541882,0.24967396965152333
5668.0,-0.11078197548263952,-0.6395471911681326,1.5909565624437834,-1.998387048118993,-1.7131800149616443,0.2202682887253009
5669.0,-0.1106699058099797,-0.6392537083542138,1.585689904396994,-1.9809686907550745,-1.7166450985691004,0.1908626077990785
5670.0,-0.11055783613731987,-0.638960225540295,1.5804232463502048,-1.9635503333911561,-1.7201101821765565,0.16145692687285584
5671.0,-0.11044576646466005,-0.6386667427263761,1.5751565883034153,-1.9461319760272378,-1.7235752657840127,0.1320512459466332
5672.0,-0.11033369679200022,-0.6383732599124574,1.569889930256626,-1.9287136186633194,-1.7270403493914688,0.10264556502041078
5673.0,-0.1102216271193404,-0.6380797770985386,1.5646232722098368,-1.9112952612994012,-1.730505432998925,0.07323988409418836
5674.0,-0.11010955744668058,-0.6377862942846197,1.5593566141630473,-1.8938769039354826,-1.733970516606381,0.04383420316796571
5675.0,-0.10999748777402074,-0.637492811470701,1.554089956116258,-1.8764585465715644,-1.7374356002138371,0.01442852224174307
5676.0,-0.10988541810136092,-0.6371993286567822,1.5488232980694687,-1.8590401892076458,-1.7409006838212933,-0.014977158684479575
5677.0,-0.1097733484287011,-0.6369058458428634,1.5435566400226794,-1.8416218318437276,-1.7443657674287494,-0.044382839610701996
5678.0,-0.10966127875604127,-0.6366123630289446,1.5382899819758902,-1.8242034744798092,-1.7478308510362055,-0.07378852053692464
5679.0,-0.10954920908338145,-0.6363188802150258,1.5330233239291007,-1.8067851171158908,-1.7512959346436618,-0.10319420146314728
5680.0,-0.10943713941072163,-0.636025397401107,1.5277566658823114,-1.7893667597519725,-1.754761018251118,-0.1325998823893697
5681.0,-0.1093250697380618,-0.6357319145871881,1.5224900078355221,-1.771948402388054,-1.758226101858574,-0.16200556331559213
5682.0,-0.10921300006540198,-0.6354384317732694,1.5172233497887326,-1.7545300450241357,-1.7616911854660302,-0.19141124424181477
5683.0,-0.10910093039274216,-0.6351449489593506,1.5119566917419434,-1.7371116876602173,-1.7651562690734863,-0.22081692516803741
5684.0,-0.10910093039274216,-0.6351449489593506,1.5119566917419434,-1.7371116876602173,-1.7651562690734863,-0.22081692516803741
5685.0,-0.10952156387707766,-0.6308130656971651,1.5038948059082031,-1.7204095545937033,-1.76550433214973,-0.21647372578873353
5686.0,-0.10994219736141317,-0.6264811824349796,1.495832920074463,-1.7037074215271895,-1.7658523952259737,-0.21213052640942967
5687.0,-0.11036283084574867,-0.6221492991727942,1.4877710342407227,-1.6870052884606754,-1.7662004583022173,-0.20778732703012578
5688.0,-0.11078346433008418,-0.6178174159106087,1.4797091484069824,-1.6703031553941614,-1.766548521378461,-0.2034441276508219
5689.0,-0.11120409781441969,-0.6134855326484231,1.4716472625732422,-1.6536010223276474,-1.7668965844547047,-0.19910092827151804
5690.0,-0.11162473129875519,-0.6091536493862376,1.463585376739502,-1.6368988892611336,-1.7672446475309485,-0.19475772889221415
5691.0,-0.1120453647830907,-0.6048217661240521,1.4555234909057617,-1.6201967561946196,-1.767592710607192,-0.19041452951291027
5692.0,-0.1124659982674262,-0.6004898828618667,1.4474616050720215,-1.6034946231281055,-1.7679407736834358,-0.1860713301336064
5693.0,-0.11288663175176172,-0.5961579995996812,1.4393997192382812,-1.5867924900615917,-1.7682888367596794,-0.18172813075430252
5694.0,-0.11330726523609723,-0.5918261163374957,1.431337833404541,-1.5700903569950777,-1.7686368998359232,-0.17738493137499867
5695.0,-0.11372789872043274,-0.5874942330753102,1.4232759475708008,-1.5533882239285637,-1.7689849629121668,-0.17304173199569478
5696.0,-0.11414853220476824,-0.5831623498131248,1.4152140617370605,-1.5366860908620499,-1.7693330259884106,-0.1686985326163909
5697.0,-0.11456916568910375,-0.5788304665509392,1.4071521759033203,-1.5199839577955359,-1.7696810890646542,-0.16435533323708704
5698.0,-0.11498979917343925,-0.5744985832887537,1.39909029006958,-1.5032818247290218,-1.770029152140898,-0.16001213385778315
5699.0,-0.11541043265777476,-0.5701667000265682,1.3910284042358398,-1.486579691662508,-1.7703772152171415,-0.1556689344784793
5700.0,-0.11583106614211026,-0.5658348167643827,1.3829665184020996,-1.469877558595994,-1.7707252782933853,-0.1513257350991754
5701.0,-0.11625169962644577,-0.5615029335021973,1.3749046325683594,-1.45317542552948,-1.771073341369629,-0.14698253571987152
5702.0,-0.11625169962644577,-0.5615029335021973,1.3749046325683594,-1.45317542552948,-1.771073341369629,-0.14698253571987152
5703.0,-0.12157931599927985,-0.5627065249111342,1.3807069944298787,-1.4701163198636926,-1.7595847326776255,-0.13692342684320782
5704.0,-0.12690693237211392,-0.563910116320071,1.3865093562913977,-1.4870572141979053,-1.7480961239856223,-0.1268643179665441
5705.0,-0.132234548744948,-0.5651137077290079,1.392311718152917,-1.5039981085321177,-1.736607515293619,-0.1168052090898804
5706.0,-0.1375621651177821,-0.5663172991379447,1.398114080014436,-1.5209390028663303,-1.7251189066016155,-0.1067461002132167
5707.0,-0.14288978149061618,-0.5675208905468816,1.4039164418759553,-1.537879897200543,-1.7136302979096123,-0.096686991336553
5708.0,-0.14821739786345026,-0.5687244819558185,1.4097188037374746,-1.5548207915347556,-1.7021416892176089,-0.08662788245988928
5709.0,-0.15354501423628433,-0.5699280733647554,1.4155211655989937,-1.5717616858689683,-1.6906530805256055,-0.07656877358322557
5710.0,-0.1588726306091184,-0.5711316647736923,1.421323527460513,-1.5887025802031807,-1.6791644718336023,-0.06650966470656187
5711.0,-0.1642002469819525,-0.5723352561826291,1.427125889322032,-1.6056434745373933,-1.6676758631415989,-0.05645055582989818
5712.0,-0.1695278633547866,-0.573538847591566,1.4329282511835513,-1.622584368871606,-1.6561872544495957,-0.046391446953234466
5713.0,-0.17485547972762067,-0.5747424390005029,1.4387306130450705,-1.6395252632058186,-1.6446986457575923,-0.036332338076570755
5714.0,-0.18018309610045474,-0.5759460304094397,1.4445329749065896,-1.656466157540031,-1.6332100370655889,-0.02627322919990706
5715.0,-0.18551071247328882,-0.5771496218183766,1.4503353367681089,-1.6734070518742437,-1.6217214283735857,-0.016214120323243347
5716.0,-0.1908383288461229,-0.5783532132273135,1.4561376986296282,-1.6903479462084563,-1.6102328196815823,-0.006155011446579622
5717.0,-0.19616594521895697,-0.5795568046362504,1.4619400604911472,-1.707288840542669,-1.5987442109895789,0.0039040974300840747
5718.0,-0.20149356159179105,-0.5807603960451873,1.4677424223526665,-1.7242297348768814,-1.5872556022975757,0.013963206306747772
5719.0,-0.20682117796462512,-0.5819639874541241,1.4735447842141856,-1.741170629211094,-1.5757669936055723,0.02402231518341147
5720.0,-0.21214879433745923,-0.583167578863061,1.4793471460757048,-1.7581115235453066,-1.5642783849135689,0.034081424060075166
5721.0,-0.21747641071029333,-0.5843711702719979,1.4851495079372241,-1.7750524178795193,-1.5527897762215657,0.04414053293673889
5722.0,-0.2228040270831274,-0.5855747616809347,1.4909518697987432,-1.791993312213732,-1.5413011675295623,0.05419964181340259
5723.0,-0.22813164345596149,-0.5867783530898716,1.4967542316602624,-1.8089342065479443,-1.5298125588375588,0.06425875069006629
5724.0,-0.23345925982879556,-0.5879819444988085,1.5025565935217815,-1.825875100882157,-1.5183239501455557,0.07431785956673001
5725.0,-0.23878687620162964,-0.5891855359077454,1.5083589553833008,-1.8428159952163696,-1.5068353414535522,0.08437696844339371
5726.0,-0.23878687620162964,-0.5891855359077454,1.5083589553833008,-1.8428159952163696,-1.5068353414535522,0.08437696844339371
5727.0,-0.24885131418704987,-0.5895126461982727,1.5117180347442627,-1.8450941443443298,-1.4920061826705933,0.10353511199355125
5728.0,-0.2589157521724701,-0.5898397564888,1.5150771141052246,-1.84737229347229,-1.4771770238876343,0.1226932555437088
5729.0,-0.2589157521724701,-0.5898397564888,1.5150771141052246,-1.84737229347229,-1.4771770238876343,0.1226932555437088
5730.0,-0.26122408336208713,-0.5866615695338095,1.5092904644627725,-1.8299685947356685,-1.4715039653162802,0.12300267094565977
5731.0,-0.2635324145517042,-0.583483382578819,1.5035038148203204,-1.812564895999047,-1.4658309067449262,0.12331208634761072
5732.0,-0.2658407457413212,-0.5803051956238285,1.4977171651778682,-1.7951611972624255,-1.4601578481735722,0.12362150174956169
5733.0,-0.2681490769309382,-0.577127008668838,1.4919305155354161,-1.777757498525804,-1.4544847896022182,0.12393091715151264
5734.0,-0.27045740812055524,-0.5739488217138475,1.486143865892964,-1.7603537997891827,-1.4488117310308641,0.1242403325534636
5735.0,-0.2727657393101723,-0.570770634758857,1.4803572162505119,-1.7429501010525612,-1.44313867245951,0.12454974795541456
5736.0,-0.2750740704997893,-0.5675924478038665,1.4745705666080597,-1.7255464023159397,-1.437465613888156,0.12485916335736552
5737.0,-0.27738240168940637,-0.564414260848876,1.4687839169656076,-1.7081427035793182,-1.431792555316802,0.12516857875931647
5738.0,-0.2796907328790234,-0.5612360738938854,1.4629972673231555,-1.6907390048426967,-1.426119496745448,0.12547799416126743
5739.0,-0.28199906406864045,-0.5580578869388949,1.4572106176807034,-1.6733353061060752,-1.420446438174094,0.1257874095632184
5740.0,-0.2843073952582575,-0.5548796999839044,1.4514239680382512,-1.6559316073694537,-1.41477337960274,0.12609682496516936
5741.0,-0.2866157264478745,-0.5517015130289139,1.4456373183957991,-1.6385279086328322,-1.409100321031386,0.1264062403671203
5742.0,-0.2889240576374915,-0.5485233260739234,1.439850668753347,-1.6211242098962106,-1.403427262460032,0.12671565576907126
5743.0,-0.29123238882710856,-0.5453451391189329,1.4340640191108949,-1.6037205111595891,-1.3977542038886779,0.12702507117102224
5744.0,-0.2935407200167256,-0.5421669521639424,1.428277369468443,-1.5863168124229676,-1.3920811453173236,0.1273344865729732
5745.0,-0.29584905120634264,-0.5389887652089519,1.4224907198259906,-1.5689131136863463,-1.3864080867459698,0.12764390197492415
5746.0,-0.2981573823959597,-0.5358105782539614,1.4167040701835387,-1.5515094149497248,-1.3807350281746156,0.1279533173768751
5747.0,-0.3004657135855767,-0.5326323912989709,1.4109174205410866,-1.5341057162131033,-1.3750619696032618,0.12826273277882608
5748.0,-0.30277404477519376,-0.5294542043439804,1.4051307708986345,-1.5167020174764818,-1.3693889110319075,0.12857214818077703
5749.0,-0.30508237596481075,-0.5262760173889899,1.3993441212561823,-1.4992983187398603,-1.3637158524605535,0.12888156358272798
5750.0,-0.3073907071544278,-0.5230978304339994,1.3935574716137302,-1.4818946200032388,-1.3580427938891995,0.12919097898467893
5751.0,-0.30969903834404483,-0.5199196434790088,1.387770821971278,-1.4644909212666173,-1.3523697353178454,0.1295003943866299
5752.0,-0.31200736953366187,-0.5167414565240183,1.381984172328826,-1.4470872225299958,-1.3466966767464914,0.12980980978858087
5753.0,-0.3143157007232789,-0.5135632695690278,1.3761975226863739,-1.4296835237933743,-1.3410236181751374,0.13011922519053182
5754.0,-0.31662403191289595,-0.5103850826140373,1.3704108730439217,-1.412279825056753,-1.3353505596037833,0.13042864059248277
5755.0,-0.31893236310251294,-0.5072068956590468,1.3646242234014696,-1.3948761263201315,-1.3296775010324293,0.13073805599443375
5756.0,-0.32124069429213,-0.5040287087040562,1.3588375737590175,-1.37747242758351,-1.3240044424610753,0.1310474713963847
5757.0,-0.323549025481747,-0.5008505217490657,1.3530509241165654,-1.3600687288468885,-1.3183313838897213,0.13135688679833565
5758.0,-0.32585735667136406,-0.49767233479407524,1.3472642744741132,-1.342665030110267,-1.3126583253183672,0.1316663022002866
5759.0,-0.3281656878609811,-0.49449414783908474,1.341477624831661,-1.3252613313736454,-1.3069852667470132,0.13197571760223759
5760.0,-0.33047401905059814,-0.49131596088409424,1.335690975189209,-1.307857632637024,-1.3013122081756592,0.13228513300418854
5761.0,-0.33047401905059814,-0.49131596088409424,1.335690975189209,-1.307857632637024,-1.3013122081756592,0.13228513300418854
5762.0,-0.3296185038306496,-0.49239522796688656,1.3372580232042255,-1.296016450361772,-1.2839054895169808,0.12081606929952449
5763.0,-0.32876298861070113,-0.49347449504967894,1.338825071219242,-1.2841752680865202,-1.2664987708583022,0.10934700559486042
5764.0,-0.3279074733907526,-0.49455376213247126,1.3403921192342585,-1.2723340858112682,-1.2490920521996238,0.09787794189019637
5765.0,-0.3270519581708041,-0.4956330292152636,1.341959167249275,-1.2604929035360164,-1.2316853335409452,0.0864088781855323
5766.0,-0.3261964429508556,-0.4967122962980559,1.3435262152642915,-1.2486517212607644,-1.2142786148822668,0.07493981448086826
5767.0,-0.3253409277309071,-0.4977915633808483,1.345093263279308,-1.2368105389855124,-1.1968718962235885,0.0634707507762042
5768.0,-0.3244854125109586,-0.4988708304636406,1.3466603112943245,-1.2249693567102606,-1.1794651775649099,0.05200168707154014
5769.0,-0.32362989729101005,-0.49995009754643294,1.348227359309341,-1.2131281744350086,-1.1620584589062315,0.04053262336687609
5770.0,-0.32277438207106157,-0.5010293646292253,1.3497944073243575,-1.2012869921597567,-1.1446517402475531,0.029063559662212024
5771.0,-0.32191886685111304,-0.5021086317120176,1.351361455339374,-1.1894458098845049,-1.1272450215888745,0.01759449595754796
5772.0,-0.32106335163116456,-0.50318789879481,1.3529285033543905,-1.1776046276092529,-1.1098383029301961,0.006125432252883922
5773.0,-0.32020783641121603,-0.5042671658776023,1.354495551369407,-1.1657634453340011,-1.0924315842715178,-0.005343631451780129
5774.0,-0.31935232119126755,-0.5053464329603946,1.3560625993844235,-1.1539222630587491,-1.0750248656128392,-0.01681269515644418
5775.0,-0.318496805971319,-0.506425700043187,1.35762964739944,-1.1420810807834971,-1.0576181469541608,-0.028281758861108258
5776.0,-0.31764129075137054,-0.5075049671259794,1.3591966954144565,-1.1302398985082454,-1.0402114282954824,-0.03975082256577231
5777.0,-0.316785775531422,-0.5085842342087716,1.360763743429473,-1.1183987162329934,-1.0228047096368038,-0.05121988627043636
5778.0,-0.3159302603114735,-0.509663501291564,1.3623307914444895,-1.1065575339577416,-1.0053979909781254,-0.06268894997510044
5779.0,-0.315074745091525,-0.5107427683743564,1.363897839459506,-1.0947163516824896,-0.987991272319447,-0.07415801367976449
5780.0,-0.31421922987157647,-0.5118220354571487,1.3654648874745225,-1.0828751694072376,-0.9705845536607685,-0.08562707738442857
5781.0,-0.313363714651628,-0.512901302539941,1.367031935489539,-1.0710339871319858,-0.95317783500209,-0.09709614108909262
5782.0,-0.31250819943167946,-0.5139805696227334,1.3685989835045553,-1.0591928048567338,-0.9357711163434116,-0.10856520479375664
5783.0,-0.311652684211731,-0.5150598367055257,1.3701660315195718,-1.0473516225814818,-0.9183643976847331,-0.1200342684984207
5784.0,-0.31079716899178245,-0.5161391037883181,1.3717330795345883,-1.03551044030623,-0.9009576790260546,-0.1315033322030848
5785.0,-0.3099416537718339,-0.5172183708711104,1.3733001275496048,-1.023669258030978,-0.8835509603673761,-0.1429723959077488
5786.0,-0.30908613855188544,-0.5182976379539027,1.3748671755646213,-1.011828075755726,-0.8661442417086977,-0.1544414596124129
5787.0,-0.3082306233319369,-0.5193769050366951,1.3764342235796378,-0.9999868934804743,-0.8487375230500193,-0.1659105233170769
5788.0,-0.3073751081119884,-0.5204561721194874,1.3780012715946544,-0.9881457112052223,-0.8313308043913408,-0.177379587021741
5789.0,-0.3065195928920399,-0.5215354392022797,1.3795683196096709,-0.9763045289299704,-0.8139240857326623,-0.18884865072640505
5790.0,-0.3056640776720914,-0.5226147062850721,1.3811353676246874,-0.9644633466547186,-0.7965173670739839,-0.2003177144310691
5791.0,-0.3048085624521429,-0.5236939733678644,1.3827024156397039,-0.9526221643794667,-0.7791106484153054,-0.21178677813573316
5792.0,-0.3039530472321944,-0.5247732404506568,1.3842694636547204,-0.9407809821042148,-0.7617039297566269,-0.2232558418403972
5793.0,-0.3030975320122459,-0.5258525075334491,1.3858365116697369,-0.9289397998289628,-0.7442972110979484,-0.23472490554506126
5794.0,-0.30224201679229734,-0.5269317746162414,1.3874035596847534,-0.9170986175537109,-0.72689049243927,-0.24619396924972536
5795.0,-0.30138650157234886,-0.5280110416990338,1.3889706076997699,-0.905257435278459,-0.7094837737805916,-0.2576630329543894
5796.0,-0.30053098635240033,-0.5290903087818262,1.3905376557147864,-0.893416253003207,-0.6920770551219131,-0.26913209665905347
5797.0,-0.29967547113245185,-0.5301695758646184,1.3921047037298029,-0.8815750707279553,-0.6746703364632347,-0.2806011603637175
5798.0,-0.2988199559125033,-0.5312488429474108,1.3936717517448194,-0.8697338884527033,-0.6572636178045562,-0.29207022406838157
5799.0,-0.2979644406925548,-0.5323281100302032,1.395238799759836,-0.8578927061774514,-0.6398568991458777,-0.3035392877730457
5800.0,-0.2971089254726063,-0.5334073771129955,1.3968058477748524,-0.8460515239021995,-0.6224501804871992,-0.31500835147770967
5801.0,-0.2962534102526578,-0.5344866441957878,1.398372895789869,-0.8342103416269475,-0.6050434618285208,-0.3264774151823738
5802.0,-0.2953978950327093,-0.5355659112785802,1.3999399438048854,-0.8223691593516957,-0.5876367431698424,-0.33794647888703777
5803.0,-0.29454237981276077,-0.5366451783613725,1.401506991819902,-0.8105279770764438,-0.570230024511164,-0.3494155425917018
5804.0,-0.2936868645928123,-0.5377244454441649,1.4030740398349184,-0.7986867948011919,-0.5528233058524854,-0.36088460629636593
5805.0,-0.29283134937286376,-0.5388037125269571,1.404641087849935,-0.78684561252594,-0.535416587193807,-0.3723536700010299
5806.0,-0.2919758341529153,-0.5398829796097495,1.4062081358649514,-0.7750044302506881,-0.5180098685351285,-0.383822733705694
5807.0,-0.29112031893296675,-0.5409622466925419,1.407775183879968,-0.7631632479754361,-0.50060314987645,-0.39529179741035814
5808.0,-0.2902648037130182,-0.5420415137753343,1.4093422318949844,-0.7513220657001842,-0.48319643121777156,-0.4067608611150222
5809.0,-0.28940928849306974,-0.5431207808581265,1.410909279910001,-0.7394808834249323,-0.4657897125590932,-0.4182299248196861
5810.0,-0.2885537732731212,-0.5442000479409189,1.4124763279250174,-0.7276397011496804,-0.4483829939004146,-0.4296989885243503
5811.0,-0.28769825805317273,-0.5452793150237112,1.414043375940034,-0.7157985188744285,-0.4309762752417362,-0.44116805222901434
5812.0,-0.2868427428332242,-0.5463585821065036,1.4156104239550504,-0.7039573365991766,-0.4135695565830577,-0.4526371159336784
5813.0,-0.2859872276132757,-0.5474378491892959,1.417177471970067,-0.6921161543239247,-0.39616283792437934,-0.46410617963834233
5814.0,-0.2851317123933272,-0.5485171162720882,1.4187445199850834,-0.6802749720486727,-0.37875611926570074,-0.4755752433430065
5815.0,-0.2842761971733787,-0.5495963833548806,1.4203115680001,-0.6684337897734208,-0.36134940060702236,-0.48704430704767054
5816.0,-0.2834206819534302,-0.550675650437673,1.4218786160151164,-0.656592607498169,-0.343942681948344,-0.4985133707523346
5817.0,-0.28256516673348164,-0.5517549175204652,1.423445664030133,-0.644751425222917,-0.3265359632896654,-0.5099824344569986
5818.0,-0.28170965151353317,-0.5528341846032576,1.4250127120451495,-0.6329102429476651,-0.309129244630987,-0.5214514981616627
5819.0,-0.28085413629358463,-0.55391345168605,1.426579760060166,-0.6210690606724133,-0.29172252597230863,-0.5329205618663267
5820.0,-0.27999862107363616,-0.5549927187688423,1.4281468080751825,-0.6092278783971613,-0.27431580731363003,-0.5443896255709909
5821.0,-0.2791431058536876,-0.5560719858516346,1.429713856090199,-0.5973866961219094,-0.25690908865495166,-0.5558586892756548
5822.0,-0.27828759063373915,-0.5571512529344269,1.4312809041052152,-0.5855455138466575,-0.23950236999627328,-0.5673277529803189
5823.0,-0.2774320754137906,-0.5582305200172193,1.4328479521202317,-0.5737043315714057,-0.22209565133759468,-0.578796816684983
5824.0,-0.27657656019384214,-0.5593097871000117,1.4344150001352483,-0.5618631492961537,-0.2046889326789163,-0.5902658803896471
5825.0,-0.2757210449738936,-0.560389054182804,1.4359820481502648,-0.5500219670209018,-0.1872822140202377,-0.601734944094311
5826.0,-0.27486552975394507,-0.5614683212655963,1.4375490961652813,-0.5381807847456499,-0.16987549536155933,-0.6132040077989751
5827.0,-0.2740100145339966,-0.5625475883483887,1.4391161441802978,-0.5263396024703979,-0.15246877670288073,-0.6246730715036393
5828.0,-0.27315449931404806,-0.563626855431181,1.4406831921953143,-0.514498420195146,-0.13506205804420235,-0.6361421352083033
5829.0,-0.2722989840940996,-0.5647061225139733,1.4422502402103308,-0.5026572379198941,-0.11765533938552397,-0.6476111989129674
5830.0,-0.27144346887415105,-0.5657853895967657,1.4438172882253473,-0.49081605564464226,-0.1002486207268456,-0.6590802626176313
5831.0,-0.2705879536542025,-0.566864656679558,1.4453843362403638,-0.47897487336939026,-0.082841902068167,-0.6705493263222955
5832.0,-0.26973243843425404,-0.5679439237623504,1.4469513842553803,-0.4671336910941384,-0.06543518340948862,-0.6820183900269595
5833.0,-0.26887692321430556,-0.5690231908451427,1.4485184322703968,-0.4552925088188865,-0.04802846475081024,-0.6934874537316236
5834.0,-0.26802140799435703,-0.570102457927935,1.4500854802854133,-0.4434513265436345,-0.03062174609213164,-0.7049565174362876
5835.0,-0.2671658927744085,-0.5711817250107274,1.4516525283004298,-0.4316101442683826,-0.013215027433453264,-0.7164255811409517
5836.0,-0.26631037755446,-0.5722609920935198,1.4532195763154463,-0.41976896199313085,0.004191691225225336,-0.7278946448456157
5837.0,-0.2654548623345115,-0.573340259176312,1.4547866243304628,-0.40792777971787886,0.021598409883903713,-0.7393637085502799
5838.0,-0.264599347114563,-0.5744195262591044,1.4563536723454793,-0.396086597442627,0.03900512854258231,-0.7508327722549438
5839.0,-0.2637438318946145,-0.5754987933418968,1.4579207203604958,-0.3842454151673751,0.05641184720126069,-0.7623018359596079
5840.0,-0.26288831667466594,-0.5765780604246891,1.4594877683755123,-0.3724042328921232,0.07381856585993907,-0.7737708996642719
5841.0,-0.26203280145471747,-0.5776573275074814,1.4610548163905288,-0.3605630506168712,0.09122528451861767,-0.7852399633689361
5842.0,-0.26117728623476894,-0.5787365945902738,1.4626218644055453,-0.34872186834161933,0.10863200317729604,-0.7967090270736
5843.0,-0.26032177101482046,-0.5798158616730661,1.4641889124205618,-0.33688068606636745,0.12603872183597442,-0.8081780907782641
5844.0,-0.2594662557948719,-0.5808951287558585,1.4657559604355783,-0.32503950379111546,0.14344544049465302,-0.8196471544829282
5845.0,-0.25861074057492345,-0.5819743958386507,1.4673230084505948,-0.3131983215158637,0.16085215915333118,-0.8311162181875922
5846.0,-0.2577552253549749,-0.5830536629214431,1.4688900564656113,-0.3013571392406118,0.17825887781200977,-0.8425852818922562
5847.0,-0.25689971013502644,-0.5841329300042355,1.4704571044806278,-0.2895159569653598,0.19566559647068837,-0.8540543455969204
5848.0,-0.2560441949150779,-0.5852121970870278,1.4720241524956443,-0.27767477469010804,0.21307231512936675,-0.8655234093015843
5849.0,-0.2551886796951294,-0.5862914641698201,1.4735912005106608,-0.26583359241485605,0.23047903378804513,-0.8769924730062484
5850.0,-0.2543331644751809,-0.5873707312526125,1.4751582485256773,-0.25399241013960405,0.24788575244672373,-0.8884615367109125
5851.0,-0.2534776492552324,-0.5884499983354048,1.4767252965406938,-0.24215122786435228,0.2652924711054021,-0.8999306004155765
5852.0,-0.2526221340352839,-0.5895292654181972,1.4782923445557103,-0.2303100455891003,0.2826991897640807,-0.9113996641202406
5853.0,-0.25176661881533535,-0.5906085325009895,1.4798593925707269,-0.2184688633138483,0.3001059084227591,-0.9228687278249048
5854.0,-0.2509111035953869,-0.5916877995837818,1.4814264405857434,-0.20662768103859652,0.31751262708143746,-0.9343377915295688
5855.0,-0.25005558837543834,-0.5927670666665742,1.4829934886007599,-0.19478649876334453,0.33491934574011606,-0.9458068552342329
5856.0,-0.2492000731554898,-0.5938463337493666,1.4845605366157764,-0.18294531648809254,0.35232606439879466,-0.9572759189388969
5857.0,-0.24834455793554133,-0.5949256008321588,1.4861275846307929,-0.17110413421284076,0.3697327830574728,-0.9687449826435608
5858.0,-0.2474890427155928,-0.5960048679149512,1.4876946326458094,-0.15926295193758877,0.3871395017161514,-0.980214046348225
5859.0,-0.24663352749564432,-0.5970841349977436,1.4892616806608259,-0.14742176966233678,0.40454622037483,-0.9916831100528891
5860.0,-0.2457780122756958,-0.5981634020805359,1.4908287286758424,-0.135580587387085,0.42195293903350817,-1.003152173757553
5861.0,-0.24492249705574728,-0.5992426691633282,1.4923957766908589,-0.12373940511183301,0.43935965769218677,-1.0146212374622172
5862.0,-0.24406698183579878,-0.6003219362461205,1.4939628247058754,-0.11189822283658124,0.45676637635086514,-1.0260903011668812
5863.0,-0.24321146661585027,-0.6014012033289129,1.4955298727208919,-0.10005704056132925,0.47417309500954374,-1.0375593648715453
5864.0,-0.24235595139590177,-0.6024804704117053,1.4970969207359084,-0.08821585828607725,0.4915798136682221,-1.0490284285762095
5865.0,-0.24150043617595326,-0.6035597374944975,1.4986639687509247,-0.07637467601082548,0.5089865323269005,-1.0604974922808732
5866.0,-0.24064492095600476,-0.6046390045772899,1.5002310167659414,-0.06453349373557349,0.5263932509855791,-1.0719665559855374
5867.0,-0.23978940573605623,-0.6057182716600823,1.501798064780958,-0.052692311460321495,0.5437999696442577,-1.0834356196902015
5868.0,-0.23893389051610775,-0.6067975387428746,1.5033651127959742,-0.04085112918506972,0.5612066883029359,-1.0949046833948655
5869.0,-0.23807837529615922,-0.6078768058256669,1.5049321608109907,-0.02900994690981773,0.5786134069616145,-1.1063737470995296
5870.0,-0.2372228600762107,-0.6089560729084593,1.5064992088260072,-0.017168764634565736,0.596020125620293,-1.1178428108041938
5871.0,-0.2363673448562622,-0.6100353399912516,1.5080662568410237,-0.005327582359313965,0.6134268442789712,-1.1293118745088577
5872.0,-0.2355118296363137,-0.611114607074044,1.5096333048560402,0.006513599915938029,0.6308335629376498,-1.1407809382135219
5873.0,-0.2346563144163652,-0.6121938741568363,1.5112003528710567,0.018354782191190022,0.6482402815963284,-1.1522500019181858
5874.0,-0.2338007991964167,-0.6132731412396286,1.5127674008860732,0.030195964466441794,0.6656470002550066,-1.1637190656228498
5875.0,-0.2329452839764682,-0.614352408322421,1.5143344489010897,0.04203714674169379,0.6830537189136852,-1.175188129327514
5876.0,-0.23208976875651965,-0.6154316754052134,1.5159014969161062,0.05387832901694578,0.7004604375723638,-1.186657193032178
5877.0,-0.23123425353657118,-0.6165109424880056,1.5174685449311227,0.06571951129219733,0.7178671562310419,-1.198126256736842
5878.0,-0.23037873831662264,-0.617590209570798,1.5190355929461392,0.07756069356744932,0.7352738748897205,-1.2095953204415062
5879.0,-0.2295232230966741,-0.6186694766535903,1.5206026409611557,0.08940187584270132,0.7526805935483991,-1.2210643841461704
5880.0,-0.22866770787672563,-0.6197487437363827,1.5221696889761722,0.10124305811795309,0.7700873122070773,-1.2325334478508343
5881.0,-0.2278121926567771,-0.620828010819175,1.5237367369911887,0.11308424039320508,0.7874940308657559,-1.2440025115554982
5882.0,-0.22695667743682862,-0.6219072779019674,1.5253037850062052,0.12492542266845685,0.8049007495244345,-1.2554715752601622
5883.0,-0.2261011622168801,-0.6229865449847597,1.5268708330212217,0.13676660494370885,0.8223074681831126,-1.2669406389648263
5884.0,-0.2252456469969316,-0.6240658120675521,1.5284378810362382,0.14860778721896084,0.8397141868417912,-1.2784097026694905
5885.0,-0.22439013177698308,-0.6251450791503443,1.5300049290512547,0.1604489694942126,0.8571209055004698,-1.2898787663741544
5886.0,-0.22353461655703458,-0.6262243462331367,1.5315719770662712,0.1722901517694646,0.8745276241591484,-1.3013478300788186
5887.0,-0.22267910133708607,-0.6273036133159291,1.5331390250812877,0.1841313340447166,0.8919343428178266,-1.3128168937834828
5888.0,-0.22182358611713757,-0.6283828803987214,1.5347060730963042,0.19597251631996837,0.9093410614765052,-1.3242859574881467
5889.0,-0.22096807089718906,-0.6294621474815137,1.5362731211113207,0.20781369859522036,0.9267477801351838,-1.3357550211928106
5890.0,-0.22011255567724053,-0.6305414145643061,1.5378401691263373,0.21965488087047236,0.9441544987938624,-1.3472240848974748
5891.0,-0.21925704045729205,-0.6316206816470984,1.5394072171413538,0.23149606314572413,0.9615612174525405,-1.3586931486021387
5892.0,-0.21840152523734352,-0.6326999487298908,1.5409742651563703,0.24333724542097612,0.9789679361112191,-1.370162212306803
5893.0,-0.21754601001739501,-0.6337792158126831,1.5425413131713868,0.2551784276962281,0.9963746547698977,-1.381631276011467
5894.0,-0.2166904947974465,-0.6348584828954754,1.5441083611864033,0.2670196099714799,1.0137813734285759,-1.393100339716131
5895.0,-0.215834979577498,-0.6359377499782678,1.5456754092014198,0.2788607922467319,1.0311880920872545,-1.4045694034207952
5896.0,-0.2149794643575495,-0.6370170170610602,1.5472424572164363,0.2907019745219839,1.048594810745933,-1.4160384671254593
5897.0,-0.214123949137601,-0.6380962841438524,1.5488095052314528,0.30254315679723565,1.0660015294046112,-1.4275075308301233
5898.0,-0.2132684339176525,-0.6391755512266448,1.5503765532464693,0.31438433907248764,1.0834082480632898,-1.4389765945347872
5899.0,-0.21241291869770396,-0.6402548183094372,1.5519436012614858,0.3262255213477394,1.100814966721968,-1.4504456582394512
5900.0,-0.21155740347775548,-0.6413340853922295,1.5535106492765023,0.3380667036229914,1.1182216853806466,-1.4619147219441153
5901.0,-0.21070188825780695,-0.6424133524750218,1.5550776972915188,0.3499078858982434,1.1356284040393252,-1.4733837856487795
5902.0,-0.20984637303785847,-0.6434926195578141,1.556644745306535,0.36174906817349517,1.1530351226980033,-1.4848528493534434
5903.0,-0.20899085781790994,-0.6445718866406065,1.5582117933215516,0.37359025044874716,1.170441841356682,-1.4963219130581076
5904.0,-0.2081353425979614,-0.6456511537233989,1.5597788413365683,0.38543143272399916,1.1878485600153605,-1.5077909767627717
5905.0,-0.20727982737801293,-0.6467304208061911,1.5613458893515846,0.39727261499925093,1.2052552786740387,-1.5192600404674357
5906.0,-0.2064243121580644,-0.6478096878889835,1.562912937366601,0.4091137972745029,1.2226619973327173,-1.5307291041720996
5907.0,-0.2055687969381159,-0.6488889549717759,1.5644799853816176,0.4209549795497549,1.240068715991396,-1.5421981678767638
5908.0,-0.20471328171816738,-0.6499682220545682,1.566047033396634,0.4327961618250067,1.257475434650074,-1.5536672315814277
5909.0,-0.20385776649821888,-0.6510474891373605,1.5676140814116506,0.4446373441002587,1.2748821533087527,-1.5651362952860919
5910.0,-0.20300225127827037,-0.6521267562201529,1.569181129426667,0.45647852637551045,1.2922888719674313,-1.576605358990756
5911.0,-0.20214673605832187,-0.6532060233029452,1.5707481774416836,0.4683197086507622,1.3096955906261099,-1.58807442269542
5912.0,-0.20129122083837336,-0.6542852903857376,1.5723152254567,0.4801608909260142,1.327102309284788,-1.5995434864000841
5913.0,-0.20043570561842483,-0.65536455746853,1.5738822734717166,0.4920020732012662,1.3445090279434666,-1.6110125501047483
5914.0,-0.19958019039847635,-0.6564438245513222,1.5754493214867331,0.503843255476518,1.3619157466021452,-1.622481613809412
5915.0,-0.19872467517852782,-0.6575230916341146,1.5770163695017496,0.51568443775177,1.3793224652608238,-1.6339506775140762
5916.0,-0.19786915995857932,-0.658602358716907,1.5785834175167661,0.527525620027022,1.396729183919502,-1.6454197412187404
5917.0,-0.1970136447386308,-0.6596816257996992,1.5801504655317826,0.5393668023022737,1.4141359025781806,-1.6568888049234043
5918.0,-0.1961581295186823,-0.6607608928824916,1.5817175135467991,0.5512079845775257,1.4315426212368592,-1.6683578686280685
5919.0,-0.1953026142987338,-0.6618401599652839,1.5832845615618156,0.5630491668527775,1.4489493398955373,-1.6798269323327324
5920.0,-0.1944470990787853,-0.6629194270480763,1.5848516095768321,0.5748903491280295,1.466356058554216,-1.6912959960373966
5921.0,-0.19359158385883676,-0.6639986941308686,1.5864186575918486,0.5867315314032815,1.4837627772128945,-1.7027650597420607
5922.0,-0.19273606863888829,-0.6650779612136609,1.5879857056068651,0.5985727136785333,1.5011694958715727,-1.7142341234467247
5923.0,-0.19188055341893975,-0.6661572282964533,1.5895527536218816,0.6104138959537853,1.5185762145302513,-1.7257031871513886
5924.0,-0.19102503819899125,-0.6672364953792457,1.5911198016368981,0.6222550782290373,1.5359829331889299,-1.7371722508560528
5925.0,-0.19016952297904274,-0.6683157624620379,1.5926868496519146,0.634096260504289,1.553389651847608,-1.7486413145607167
5926.0,-0.18931400775909424,-0.6693950295448303,1.5942538976669312,0.645937442779541,1.5707963705062866,-1.7601103782653809
5927.0,-0.18931400775909424,-0.6693950295448303,1.5942538976669312,0.645937442779541,1.5707963705062866,-1.7601103782653809
5928.0,-0.18371690809726715,-0.6734281480312347,1.6043797135353088,0.6394248008728027,1.5714646577835083,-1.7545133233070374
5929.0,-0.17811980843544006,-0.6774612665176392,1.6145055294036865,0.6329121589660645,1.57213294506073,-1.7489162683486938
5930.0,-0.17811980843544006,-0.6774612665176392,1.6145055294036865,0.6329121589660645,1.57213294506073,-1.7489162683486938
5931.0,-0.17366359382867813,-0.6734749972820282,1.6044103503227234,0.6391972005367279,1.5718749165534973,-1.7444599866867065
5932.0,-0.1692073792219162,-0.6694887280464172,1.5943151712417603,0.6454822421073914,1.5716168880462646,-1.7400037050247192
5933.0,-0.1692073792219162,-0.6694887280464172,1.5943151712417603,0.6454822421073914,1.5716168880462646,-1.7400037050247192
5934.0,-0.1659564059227705,-0.6631173714995384,1.5828328430652618,0.6627398058772087,1.5732542425394058,-1.7366685569286346
5935.0,-0.1627054326236248,-0.6567460149526596,1.5713505148887634,0.6799973696470261,1.574891597032547,-1.73333340883255
5936.0,-0.1594544593244791,-0.6503746584057808,1.559868186712265,0.6972549334168434,1.5765289515256882,-1.7299982607364655
5937.0,-0.1562034860253334,-0.644003301858902,1.5483858585357666,0.7145124971866608,1.5781663060188293,-1.7266631126403809
5938.0,-0.1529525127261877,-0.6376319453120232,1.5369035303592682,0.7317700609564781,1.5798036605119705,-1.7233279645442963
5939.0,-0.149701539427042,-0.6312605887651443,1.5254212021827698,0.7490276247262955,1.5814410150051117,-1.7199928164482117
5940.0,-0.1464505661278963,-0.6248892322182655,1.5139388740062714,0.7662851884961128,1.5830783694982529,-1.716657668352127
5941.0,-0.1431995928287506,-0.6185178756713867,1.502456545829773,0.7835427522659302,1.584715723991394,-1.7133225202560425
5942.0,-0.1431995928287506,-0.6185178756713867,1.502456545829773,0.7835427522659302,1.584715723991394,-1.7133225202560425
5943.0,-0.1431995928287506,-0.6185178756713867,1.502456545829773,0.7835427522659302,1.584715723991394,-1.7133225202560425
5944.0,-0.14218178391456604,-0.6190125942230225,1.5051995515823364,0.7777815461158752,1.5879250764846802,-1.6981197595596313
5945.0,-0.1398581564426422,-0.6205567121505737,1.5111875534057617,0.7659035921096802,1.5948500633239746,-1.667094111442566
5946.0,-0.1361302137374878,-0.6235277652740479,1.520519495010376,0.7483484148979187,1.6054890155792236,-1.6217312812805176
5947.0,-0.13105517625808716,-0.628086507320404,1.533030390739441,0.7256346940994263,1.6196284294128418,-1.5635067224502563
5948.0,-0.12481743097305298,-0.6340751051902771,1.5483758449554443,0.6982876658439636,1.6368815898895264,-1.49374520778656
5949.0,-0.1176922619342804,-0.6411777138710022,1.5661489963531494,0.6668007373809814,1.656747817993164,-1.4135769605636597
5950.0,-0.10994560271501541,-0.648998498916626,1.585921049118042,0.6316196918487549,1.6787952184677124,-1.3240962028503418
5951.0,-0.10168950259685516,-0.6573078632354736,1.6074790954589844,0.5931251049041748,1.7026714086532593,-1.2264509201049805
5952.0,-0.0929938554763794,-0.6659245491027832,1.6306177377700806,0.5515672564506531,1.7281267642974854,-1.1218605041503906
5953.0,-0.08377508819103241,-0.6747409701347351,1.6551837921142578,0.5071107745170593,1.754883885383606,-1.0116468667984009
5954.0,-0.07409695535898209,-0.6834999918937683,1.6807827949523926,0.4597768485546112,1.7825415134429932,-0.8970232009887695
5955.0,-0.06400923430919647,-0.6918098330497742,1.7068800926208496,0.40964093804359436,1.8105049133300781,-0.7792271375656128
5956.0,-0.05386355519294739,-0.6990560293197632,1.7327110767364502,0.3567342758178711,1.838123083114624,-0.6592963337898254
5957.0,-0.04399174451828003,-0.7046186327934265,1.757593035697937,0.3013697564601898,1.864763855934143,-0.5383623242378235
5958.0,-0.034639470279216766,-0.7083772420883179,1.7810609340667725,0.24400708079338074,1.890068769454956,-0.4175173342227936
5959.0,-0.0257269274443388,-0.710659921169281,1.8030465841293335,0.18555745482444763,1.9138587713241577,-0.2980063259601593
5960.0,-0.017196625471115112,-0.7119681239128113,1.823740005493164,0.1268242448568344,1.936296820640564,-0.1811346858739853
5961.0,-0.008977343328297138,-0.712741494178772,1.8433133363723755,0.06884032487869263,1.9574695825576782,-0.06814809888601303
5962.0,-0.0011001662351191044,-0.7132532596588135,1.8619341850280762,0.012308519333600998,1.9775396585464478,0.039684899151325226
5963.0,0.006382032763212919,-0.713631808757782,1.879479169845581,-0.04182973876595497,1.9963115453720093,0.14135423302650452
5964.0,0.013348646461963654,-0.7138634324073792,1.8958284854888916,-0.09294154495000839,2.01369047164917,0.23576973378658295
5965.0,0.01970803737640381,-0.7139685750007629,1.9107223749160767,-0.14002276957035065,2.029315233230591,0.32200494408607483
5966.0,0.025377025827765465,-0.7139902710914612,1.9241063594818115,-0.18233418464660645,2.0431814193725586,0.39890027046203613
5967.0,0.030348453670740128,-0.7141488790512085,1.935894250869751,-0.21877974271774292,2.0551235675811768,0.46538326144218445
5968.0,0.034607160836458206,-0.7145898938179016,1.9460992813110352,-0.2486618459224701,2.065230131149292,0.5201588273048401
5969.0,0.03807305544614792,-0.7153782844543457,1.9544681310653687,-0.27118074893951416,2.073275327682495,0.5621505975723267
5970.0,0.04057955741882324,-0.7162855863571167,1.9605686664581299,-0.28602251410484314,2.0790183544158936,0.5902336835861206
5971.0,0.04188138619065285,-0.7169369459152222,1.963748812675476,-0.29298630356788635,2.081935405731201,0.6037178635597229
5972.0,0.04188138619065285,-0.7169369459152222,1.963748812675476,-0.29298630356788635,2.081935405731201,0.6037178635597229
5973.0,0.04188138619065285,-0.7169369459152222,1.963748812675476,-0.29298630356788635,2.081935405731201,0.6037178635597229
5974.0,0.042079534795549184,-0.7172461003065109,1.9683186180061765,-0.3099919747975137,2.084555142455631,0.5952280023031764
5975.0,0.042277683400445513,-0.7175552546977997,1.9728884233368769,-0.32699764602714115,2.0871748791800604,0.58673814104663
5976.0,0.04247583200534185,-0.7178644090890884,1.977458228667577,-0.3440033172567685,2.08979461590449,0.5782482797900835
5977.0,0.04267398061023818,-0.7181735634803772,1.9820280339982774,-0.36100898848639595,2.0924143526289196,0.5697584185335371
5978.0,0.042872129215134516,-0.718482717871666,1.9865978393289778,-0.3780146597160233,2.0950340893533497,0.5612685572769907
5979.0,0.043070277820030846,-0.7187918722629547,1.9911676446596782,-0.3950203309456507,2.0976538260777793,0.5527786960204443
5980.0,0.04326842642492718,-0.7191010266542435,1.9957374499903784,-0.4120260021752781,2.100273562802209,0.5442888347638978
5981.0,0.04346657502982351,-0.7194101810455322,2.000307255321079,-0.42903167340490556,2.1028932995266385,0.5357989735073514
5982.0,0.04366472363471985,-0.719719335436821,2.004877060651779,-0.44603734463453293,2.105513036251068,0.5273091122508049
5983.0,0.043862872239616185,-0.7200284898281097,2.0094468659824796,-0.4630430158641603,2.1081327729754977,0.5188192509942584
5984.0,0.044061020844512515,-0.7203376442193985,2.01401667131318,-0.4800486870937877,2.1107525096999273,0.510329389737712
5985.0,0.04425916944940885,-0.7206467986106873,2.0185864766438804,-0.4970543583234151,2.113372246424357,0.5018395284811655
5986.0,0.04445731805430518,-0.720955953001976,2.0231562819745808,-0.5140600295530425,2.1159919831487866,0.49334966722461915
5987.0,0.04465546665920152,-0.7212651073932648,2.0277260873052807,-0.5310657007826699,2.1186117198732166,0.4848598059680727
5988.0,0.04485361526409785,-0.7215742617845535,2.032295892635981,-0.5480713720122973,2.1212314565976462,0.47636994471152627
5989.0,0.045051763868994184,-0.7218834161758423,2.0368656979666815,-0.5650770432419248,2.123851193322076,0.4678800834549798
5990.0,0.04524991247389051,-0.722192570567131,2.041435503297382,-0.5820827144715521,2.1264709300465054,0.45939022219843334
5991.0,0.04544806107878685,-0.7225017249584198,2.0460053086280823,-0.5990883857011795,2.129090666770935,0.4509003609418869
5992.0,0.04564620968368319,-0.7228108793497086,2.0505751139587827,-0.6160940569308069,2.1317104034953647,0.44241049968534046
5993.0,0.045844358288579516,-0.7231200337409973,2.055144919289483,-0.6330997281604342,2.1343301402197943,0.433920638428794
5994.0,0.04604250689347585,-0.7234291881322861,2.0597147246201835,-0.6501053993900616,2.136949876944224,0.4254307771722476
5995.0,0.04624065549837218,-0.7237383425235748,2.064284529950884,-0.667111070619689,2.1395696136686535,0.41694091591570115
5996.0,0.04643880410326852,-0.7240474969148636,2.068854335281584,-0.6841167418493165,2.1421893503930836,0.40845105465915466
5997.0,0.04663695270816485,-0.7243566513061523,2.073424140612284,-0.7011224130789439,2.144809087117513,0.3999611934026083
5998.0,0.046835101313061185,-0.7246658056974411,2.0779939459429846,-0.7181280843085713,2.147428823841943,0.3914713321460618
5999.0,0.047033249917957515,-0.7249749600887299,2.082563751273685,-0.7351337555381987,2.1500485605663724,0.38298147088951534
6000.0,0.04723139852285385,-0.7252841144800186,2.0871335566043854,-0.7521394267678261,2.152668297290802,0.3744916096329689
6001.0,0.04742954712775019,-0.7255932688713074,2.0917033619350858,-0.7691450979974535,2.1552880340152316,0.3660017483764225
6002.0,0.04762769573264652,-0.7259024232625961,2.096273167265786,-0.7861507692270808,2.1579077707396612,0.357511887119876
6003.0,0.047825844337542854,-0.7262115776538849,2.1008429725964866,-0.8031564404567082,2.160527507464091,0.3490220258633296
6004.0,0.048023992942439184,-0.7265207320451736,2.105412777927187,-0.8201621116863357,2.1631472441885204,0.34053216460678315
6005.0,0.04822214154733552,-0.7268298864364624,2.109982583257887,-0.837167782915963,2.1657669809129505,0.3320423033502367
6006.0,0.04842029015223185,-0.7271390408277512,2.1145523885885873,-0.8541734541455904,2.16838671763738,0.3235524420936903
6007.0,0.048618438757128186,-0.7274481952190399,2.1191221939192877,-0.8711791253752178,2.1710064543618097,0.3150625808371438
6008.0,0.048816587362024516,-0.7277573496103287,2.123691999249988,-0.8881847966048453,2.1736261910862393,0.30657271958059734
6009.0,0.04901473596692085,-0.7280665040016174,2.1282618045806885,-0.9051904678344727,2.176245927810669,0.2980828583240509
6010.0,0.04901473596692085,-0.7280665040016174,2.1282618045806885,-0.9051904678344727,2.176245927810669,0.2980828583240509
6011.0,0.04494433149695396,-0.7294308185577393,2.1263246631622312,-0.8879833018779755,2.164113383293152,0.29904425382614136
6012.0,0.04087392702698708,-0.7307951331138611,2.1243875217437744,-0.8707761359214783,2.1519808387756347,0.3000056493282318
6013.0,0.036803522557020185,-0.7321594476699829,2.122450380325317,-0.8535689699649811,2.1398482942581176,0.3009670448303223
6014.0,0.0327331180870533,-0.7335237622261047,2.1205132389068604,-0.8363618040084839,2.1277157497406005,0.30192844033241273
6015.0,0.02866271361708641,-0.7348880767822266,2.118576097488403,-0.8191546380519867,2.1155832052230834,0.3028898358345032
6016.0,0.024592309147119525,-0.7362523913383484,2.1166389560699463,-0.8019474720954896,2.1034506607055663,0.30385123133659364
6017.0,0.02052190467715263,-0.7376167058944703,2.114701814651489,-0.7847403061389923,2.091318116188049,0.3048126268386841
6018.0,0.01645150020718574,-0.738981020450592,2.1127646732330323,-0.7675331401824951,2.079185571670532,0.30577402234077455
6019.0,0.012381095737218857,-0.7403453350067138,2.110827531814575,-0.7503259742259979,2.067053027153015,0.306735417842865
6020.0,0.008310691267251966,-0.7417096495628357,2.1088903903961183,-0.7331188082695007,2.054920482635498,0.30769681334495547
6021.0,0.004240286797285081,-0.7430739641189575,2.106953248977661,-0.7159116423130035,2.0427879381179808,0.3086582088470459
6022.0,0.00016988232731819652,-0.7444382786750794,2.105016107559204,-0.6987044763565063,2.0306553936004637,0.3096196043491364
6023.0,-0.003900522142648702,-0.7458025932312011,2.103078966140747,-0.6814973104000092,2.018522849082947,0.3105809998512268
6024.0,-0.007970926612615593,-0.747166907787323,2.10114182472229,-0.664290144443512,2.0063903045654294,0.31154239535331724
6025.0,-0.012041331082582471,-0.7485312223434448,2.099204683303833,-0.6470829784870148,1.9942577600479126,0.3125037908554077
6026.0,-0.01611173555254937,-0.7498955368995667,2.097267541885376,-0.6298758125305175,1.9821252155303954,0.31346518635749815
6027.0,-0.020182140022516254,-0.7512598514556885,2.095330400466919,-0.6126686465740203,1.9699926710128783,0.3144265818595886
6028.0,-0.02425254449248314,-0.7526241660118103,2.093393259048462,-0.5954614806175231,1.9578601264953615,0.31538797736167906
6029.0,-0.028322948962450023,-0.7539884805679321,2.091456117630005,-0.578254314661026,1.9457275819778443,0.3163493728637695
6030.0,-0.03239335343241692,-0.755352795124054,2.089518976211548,-0.5610471487045288,1.9335950374603272,0.31731076836586
6031.0,-0.036463757902383806,-0.7567171096801758,2.087581834793091,-0.5438399827480316,1.9214624929428101,0.31827216386795043
6032.0,-0.04053416237235069,-0.7580814242362977,2.085644693374634,-0.5266328167915344,1.909329948425293,0.3192335593700409
6033.0,-0.04460456684231759,-0.7594457387924194,2.0837075519561767,-0.5094256508350372,1.897197403907776,0.32019495487213134
6034.0,-0.04867497131228446,-0.7608100533485412,2.08177041053772,-0.49221848487854003,1.8850648593902588,0.3211563503742218
6035.0,-0.05274537578225136,-0.7621743679046631,2.0798332691192627,-0.47501131892204285,1.8729323148727417,0.32211774587631226
6036.0,-0.05274537578225136,-0.7621743679046631,2.0798332691192627,-0.47501131892204285,1.8729323148727417,0.32211774587631226
6037.0,-0.06023248005658388,-0.7629987895488739,2.0787628293037415,-0.4621856485803922,1.8559947709242504,0.307294266919295
6038.0,-0.0677195843309164,-0.7638232111930847,2.07769238948822,-0.4493599782387416,1.8390572269757588,0.2924707879622777
6039.0,-0.07520668860524893,-0.7646476328372955,2.076621949672699,-0.4365343078970909,1.8221196830272675,0.27764730900526047
6040.0,-0.08269379287958145,-0.7654720544815063,2.0755515098571777,-0.42370863755544025,1.8051821390787761,0.2628238300482432
6041.0,-0.09018089715391397,-0.7662964761257172,2.0744810700416565,-0.41088296721378964,1.7882445951302846,0.24800035109122595
6042.0,-0.0976680014282465,-0.767120897769928,2.0734106302261353,-0.398057296872139,1.7713070511817932,0.23317687213420868
6043.0,-0.10515510570257902,-0.7679453194141388,2.072340190410614,-0.38523162653048837,1.7543695072333019,0.21835339317719143
6044.0,-0.11264220997691154,-0.7687697410583496,2.0712697505950928,-0.3724059561888377,1.7374319632848103,0.20352991422017416
6045.0,-0.12012931425124407,-0.7695941627025604,2.0701993107795715,-0.35958028584718704,1.720494419336319,0.1887064352631569
6046.0,-0.1276164185255766,-0.7704185843467712,2.0691288709640503,-0.34675461550553643,1.7035568753878276,0.17388295630613965
6047.0,-0.13510352279990911,-0.7712430059909821,2.068058431148529,-0.33392894516388577,1.686619331439336,0.15905947734912237
6048.0,-0.14259062707424164,-0.7720674276351929,2.066987991333008,-0.3211032748222351,1.6696817874908447,0.1442359983921051
6049.0,-0.14259062707424164,-0.7720674276351929,2.066987991333008,-0.3211032748222351,1.6696817874908447,0.1442359983921051
6050.0,-0.1448457735505971,-0.7725535441528667,2.072686487978155,-0.3380225652998144,1.6653203097256748,0.1377958648901602
6051.0,-0.14710092002695258,-0.7730396606705405,2.0783849846233022,-0.3549418557773937,1.6609588319605046,0.13135573138821532
6052.0,-0.14935606650330804,-0.7735257771882144,2.0840834812684492,-0.37186114625497296,1.6565973541953347,0.12491559788627042
6053.0,-0.1516112129796635,-0.7740118937058882,2.089781977913596,-0.38878043673255225,1.6522358764301648,0.11847546438432552
6054.0,-0.15386635945601898,-0.774498010223562,2.0954804745587436,-0.4056997272101316,1.6478743986649946,0.11203533088238063
6055.0,-0.15612150593237442,-0.774984126741236,2.1011789712038906,-0.4226190176877108,1.6435129208998247,0.10559519738043574
6056.0,-0.1583766524087299,-0.7754702432589098,2.106877467849038,-0.43953830816529016,1.6391514431346546,0.09915506387849085
6057.0,-0.16063179888508536,-0.7759563597765836,2.112575964494185,-0.45645759864286944,1.6347899653694846,0.09271493037654595
6058.0,-0.16288694536144083,-0.7764424762942574,2.118274461139332,-0.47337688912044873,1.6304284876043147,0.08627479687460105
6059.0,-0.1651420918377963,-0.7769285928119313,2.1239729577844795,-0.490296179598028,1.6260670098391445,0.07983466337265616
6060.0,-0.16739723831415176,-0.7774147093296051,2.1296714544296265,-0.5072154700756073,1.6217055320739746,0.07339452987071127
6061.0,-0.16965238479050723,-0.7779008258472789,2.1353699510747735,-0.5241347605531865,1.6173440543088047,0.06695439636876638
6062.0,-0.1719075312668627,-0.7783869423649528,2.141068447719921,-0.5410540510307659,1.6129825765436345,0.060514262866821475
6063.0,-0.17416267774321817,-0.7788730588826266,2.146766944365068,-0.5579733415083452,1.6086210987784646,0.054074129364876586
6064.0,-0.17641782421957364,-0.7793591754003004,2.152465441010215,-0.5748926319859244,1.6042596210132944,0.04763399586293168
6065.0,-0.17867297069592908,-0.7798452919179742,2.1581639376553623,-0.5918119224635038,1.5998981432481245,0.041193862360986794
6066.0,-0.18092811717228457,-0.7803314084356482,2.1638624343005093,-0.608731212941083,1.5955366654829546,0.034753728859041905
6067.0,-0.18318326364864002,-0.780817524953322,2.1695609309456567,-0.6256505034186624,1.5911751877177844,0.028313595357097
6068.0,-0.18543841012499548,-0.7813036414709958,2.1752594275908037,-0.6425697938962416,1.5868137099526145,0.021873461855152113
6069.0,-0.18769355660135095,-0.7817897579886697,2.1809579242359507,-0.6594890843738209,1.5824522321874446,0.01543332835320721
6070.0,-0.18994870307770642,-0.7822758745063435,2.186656420881098,-0.6764083748514003,1.5780907544222744,0.00899319485126232
6071.0,-0.1922038495540619,-0.7827619910240173,2.192354917526245,-0.6933276653289795,1.5737292766571045,0.0025530613493174314
6072.0,-0.1922038495540619,-0.7827619910240173,2.192354917526245,-0.6933276653289795,1.5737292766571045,0.0025530613493174314
6073.0,-0.1945449411869049,-0.7827470265328884,2.188093602657318,-0.6768609434366226,1.569494366645813,-0.0028218704246683046
6074.0,-0.19688603281974792,-0.7827320620417595,2.183832287788391,-0.6603942215442657,1.5652594566345215,-0.00819680219865404
6075.0,-0.19922712445259094,-0.7827170975506306,2.179570972919464,-0.6439274996519089,1.56102454662323,-0.013571733972639777
6076.0,-0.20156821608543396,-0.7827021330595016,2.175309658050537,-0.627460777759552,1.5567896366119385,-0.018946665746625513
6077.0,-0.20390930771827698,-0.7826871685683727,2.17104834318161,-0.6109940558671951,1.552554726600647,-0.02432159752061125
6078.0,-0.20625039935112,-0.7826722040772438,2.166787028312683,-0.5945273339748383,1.5483198165893555,-0.029696529294596985
6079.0,-0.208591490983963,-0.7826572395861149,2.162525713443756,-0.5780606120824814,1.544084906578064,-0.03507146106858272
6080.0,-0.21093258261680603,-0.782642275094986,2.158264398574829,-0.5615938901901245,1.5398499965667725,-0.04044639284256846
6081.0,-0.21327367424964905,-0.782627310603857,2.154003083705902,-0.5451271682977676,1.535615086555481,-0.04582132461655419
6082.0,-0.21561476588249207,-0.7826123461127281,2.149741768836975,-0.5286604464054108,1.5313801765441895,-0.05119625639053993
6083.0,-0.21795585751533508,-0.7825973816215992,2.145480453968048,-0.5121937245130539,1.527145266532898,-0.056571188164525665
6084.0,-0.2202969491481781,-0.7825824171304703,2.141219139099121,-0.495727002620697,1.5229103565216064,-0.0619461199385114
6085.0,-0.22263804078102112,-0.7825674526393414,2.136957824230194,-0.47926028072834015,1.518675446510315,-0.06732105171249714
6086.0,-0.22497913241386414,-0.7825524881482124,2.132696509361267,-0.4627935588359833,1.5144405364990234,-0.07269598348648287
6087.0,-0.22732022404670715,-0.7825375236570835,2.12843519449234,-0.4463268369436264,1.510205626487732,-0.07807091526046861
6088.0,-0.22966131567955017,-0.7825225591659546,2.124173879623413,-0.42986011505126953,1.5059707164764404,-0.08344584703445435
6089.0,-0.22966131567955017,-0.7825225591659546,2.124173879623413,-0.42986011505126953,1.5059707164764404,-0.08344584703445435
6090.0,-0.2320457135929781,-0.7840908660608179,2.129008209004122,-0.4470271152608535,1.500116747968337,-0.0845770949826521
6091.0,-0.234430111506406,-0.7856591729556813,2.13384253838483,-0.46419411547043743,1.494262779460234,-0.08570834293084986
6092.0,-0.23681450941983392,-0.7872274798505446,2.138676867765539,-0.4813611156800214,1.4884088109521305,-0.08683959087904762
6093.0,-0.23919890733326182,-0.788795786745408,2.1435111971462475,-0.4985281158896053,1.4825548424440271,-0.08797083882724538
6094.0,-0.24158330524668975,-0.7903640936402714,2.148345526526956,-0.5156951160991893,1.4767008739359238,-0.08910208677544314
6095.0,-0.24396770316011765,-0.7919324005351347,2.1531798559076645,-0.5328621163087732,1.4708469054278206,-0.0902333347236409
6096.0,-0.24635210107354558,-0.793500707429998,2.158014185288373,-0.5500291165183572,1.4649929369197172,-0.09136458267183864
6097.0,-0.24873649898697348,-0.7950690143248614,2.162848514669082,-0.5671961167279411,1.4591389684116138,-0.09249583062003641
6098.0,-0.2511208969004014,-0.7966373212197247,2.16768284404979,-0.5843631169375252,1.4532849999035107,-0.09362707856823416
6099.0,-0.25350529481382933,-0.7982056281145882,2.172517173430499,-0.6015301171471091,1.4474310313954073,-0.09475832651643193
6100.0,-0.2558896927272572,-0.7997739350094515,2.1773515028112076,-0.6186971173566931,1.441577062887304,-0.09588957446462967
6101.0,-0.25827409064068513,-0.8013422419043148,2.182185832191916,-0.6358641175662769,1.4357230943792008,-0.09702082241282743
6102.0,-0.26065848855411305,-0.8029105487991782,2.1870201615726246,-0.653031117775861,1.4298691258710974,-0.09815207036102519
6103.0,-0.263042886467541,-0.8044788556940415,2.1918544909533333,-0.6701981179854449,1.424015157362994,-0.09928331830922295
6104.0,-0.26542728438096885,-0.8060471625889049,2.196688820334042,-0.6873651181950289,1.4181611888548906,-0.1004145662574207
6105.0,-0.2678116822943968,-0.8076154694837683,2.2015231497147503,-0.7045321184046128,1.4123072203467875,-0.10154581420561846
6106.0,-0.2701960802078247,-0.8091837763786316,2.206357479095459,-0.7216991186141968,1.406453251838684,-0.10267706215381622
6107.0,-0.27258047812125263,-0.8107520832734949,2.2111918084761677,-0.7388661188237807,1.4005992833305807,-0.10380831010201398
6108.0,-0.27496487603468056,-0.8123203901683583,2.216026137856876,-0.7560331190333647,1.3947453148224775,-0.10493955805021174
6109.0,-0.27734927394810843,-0.8138886970632216,2.2208604672375847,-0.7732001192429487,1.3888913463143742,-0.1060708059984095
6110.0,-0.27973367186153636,-0.815457003958085,2.2256947966182934,-0.7903671194525326,1.3830373778062708,-0.10720205394660726
6111.0,-0.2821180697749643,-0.8170253108529484,2.230529125999002,-0.8075341196621166,1.3771834092981674,-0.10833330189480501
6112.0,-0.2845024676883922,-0.8185936177478117,2.2353634553797104,-0.8247011198717005,1.3713294407900642,-0.10946454984300277
6113.0,-0.2868868656018201,-0.820161924642675,2.240197784760419,-0.8418681200812844,1.3654754722819609,-0.11059579779120052
6114.0,-0.289271263515248,-0.8217302315375384,2.245032114141128,-0.8590351202908684,1.3596215037738575,-0.11172704573939828
6115.0,-0.29165566142867594,-0.8232985384324017,2.249866443521836,-0.8762021205004524,1.3537675352657543,-0.11285829368759603
6116.0,-0.29404005934210387,-0.8248668453272652,2.254700772902545,-0.8933691207100363,1.347913566757651,-0.11398954163579379
6117.0,-0.29642445725553174,-0.8264351522221285,2.2595351022832535,-0.9105361209196203,1.3420595982495476,-0.11512078958399155
6118.0,-0.29880885516895966,-0.8280034591169918,2.2643694316639618,-0.9277031211292042,1.3362056297414444,-0.11625203753218931
6119.0,-0.3011932530823876,-0.8295717660118552,2.2692037610446705,-0.9448701213387882,1.330351661233341,-0.11738328548038707
6120.0,-0.3035776509958155,-0.8311400729067185,2.274038090425379,-0.9620371215483722,1.3244976927252377,-0.11851453342858483
6121.0,-0.3059620489092434,-0.8327083798015819,2.278872419806088,-0.9792041217579561,1.3186437242171343,-0.11964578137678258
6122.0,-0.3083464468226713,-0.8342766866964453,2.283706749186796,-0.9963711219675401,1.3127897557090311,-0.12077702932498034
6123.0,-0.31073084473609924,-0.8358449935913086,2.288541078567505,-1.013538122177124,1.3069357872009277,-0.1219082772731781
6124.0,-0.31073084473609924,-0.8358449935913086,2.288541078567505,-1.013538122177124,1.3069357872009277,-0.1219082772731781
6125.0,-0.311872851390105,-0.8341782245880518,2.283870519735874,-0.9964269781724001,1.3067825115644014,-0.12866244102135682
6126.0,-0.31301485804411083,-0.832511455584795,2.2791999609042435,-0.9793158341676761,1.3066292359278753,-0.13541660476953554
6127.0,-0.3141568646981166,-0.8308446865815383,2.2745294020726132,-0.9622046901629522,1.306475960291349,-0.1421707685177143
6128.0,-0.31529887135212237,-0.8291779175782815,2.2698588432409825,-0.9450935461582282,1.3063226846548228,-0.148924932265893
6129.0,-0.3164408780061282,-0.8275111485750247,2.265188284409352,-0.9279824021535042,1.3061694090182965,-0.15567909601407173
6130.0,-0.31758288466013396,-0.8258443795717679,2.260517725577721,-0.9108712581487802,1.3060161333817701,-0.16243325976225045
6131.0,-0.3187248913141397,-0.8241776105685111,2.2558471667460904,-0.8937601141440563,1.305862857745244,-0.1691874235104292
6132.0,-0.3198668979681455,-0.8225108415652544,2.25117660791446,-0.8766489701393323,1.3057095821087177,-0.17594158725860792
6133.0,-0.3210089046221513,-0.8208440725619977,2.2465060490828295,-0.8595378261346084,1.3055563064721913,-0.18269575100678664
6134.0,-0.3221509112761571,-0.8191773035587409,2.2418354902511988,-0.8424266821298844,1.3054030308356652,-0.18944991475496537
6135.0,-0.32329291793016285,-0.8175105345554841,2.237164931419568,-0.8253155381251605,1.3052497551991389,-0.19620407850314409
6136.0,-0.32443492458416867,-0.8158437655522273,2.2324943725879374,-0.8082043941204364,1.3050964795626128,-0.2029582422513228
6137.0,-0.32557693123817444,-0.8141769965489706,2.227823813756307,-0.7910932501157125,1.3049432039260864,-0.20971240599950153
6138.0,-0.3267189378921802,-0.8125102275457138,2.2231532549246764,-0.7739821061109885,1.30478992828956,-0.21646656974768028
6139.0,-0.32786094454618603,-0.810843458542457,2.2184826960930457,-0.7568709621062646,1.304636652653034,-0.223220733495859
6140.0,-0.3290029512001918,-0.8091766895392002,2.213812137261415,-0.7397598181015406,1.3044833770165076,-0.22997489724403772
6141.0,-0.33014495785419756,-0.8075099205359434,2.2091415784297848,-0.7226486740968165,1.3043301013799815,-0.23672906099221647
6142.0,-0.3312869645082034,-0.8058431515326867,2.204471019598154,-0.7055375300920927,1.3041768257434552,-0.2434832247403952
6143.0,-0.33242897116220915,-0.8041763825294299,2.1998004607665234,-0.6884263860873687,1.3040235501069288,-0.2502373884885739
6144.0,-0.3335709778162149,-0.8025096135261731,2.1951299019348927,-0.6713152420826447,1.3038702744704027,-0.25699155223675263
6145.0,-0.3347129844702207,-0.8008428445229163,2.190459343103262,-0.6542040980779208,1.3037169988338764,-0.26374571598493135
6146.0,-0.3358549911242265,-0.7991760755196595,2.1857887842716313,-0.6370929540731969,1.30356372319735,-0.27049987973311007
6147.0,-0.3369969977782323,-0.7975093065164028,2.181118225440001,-0.6199818100684729,1.303410447560824,-0.2772540434812888
6148.0,-0.33813900443223804,-0.795842537513146,2.1764476666083703,-0.6028706660637488,1.3032571719242976,-0.2840082072294675
6149.0,-0.33928101108624387,-0.7941757685098892,2.1717771077767396,-0.5857595220590249,1.3031038962877715,-0.29076237097764623
6150.0,-0.34042301774024963,-0.7925089995066324,2.167106548945109,-0.568648378054301,1.3029506206512451,-0.29751653472582495
6151.0,-0.3415650243942554,-0.7908422305033758,2.1624359901134786,-0.551537234049577,1.3027973450147188,-0.3042706984740037
6152.0,-0.3427070310482612,-0.789175461500119,2.157765431281848,-0.534426090044853,1.3026440693781927,-0.31102486222218245
6153.0,-0.343849037702267,-0.7875086924968622,2.1530948724502172,-0.517314946040129,1.3024907937416663,-0.3177790259703612
6154.0,-0.34499104435627276,-0.7858419234936054,2.1484243136185865,-0.5002038020354052,1.3023375181051402,-0.3245331897185399
6155.0,-0.3461330510102786,-0.7841751544903486,2.143753754786956,-0.48309265803068113,1.3021842424686139,-0.3312873534667186
6156.0,-0.34727505766428435,-0.7825083854870919,2.1390831959553256,-0.4659815140259572,1.3020309668320875,-0.33804151721489734
6157.0,-0.3484170643182901,-0.7808416164838351,2.134412637123695,-0.4488703700212332,1.3018776911955614,-0.3447956809630761
6158.0,-0.3495590709722959,-0.7791748474805783,2.129742078292064,-0.4317592260165092,1.301724415559035,-0.35154984471125483
6159.0,-0.3507010776263017,-0.7775080784773215,2.1250715194604335,-0.41464808201178527,1.3015711399225087,-0.3583040084594335
6160.0,-0.35184308428030747,-0.7758413094740647,2.120400960628803,-0.39753693800706136,1.3014178642859826,-0.3650581722076123
6161.0,-0.35298509093431324,-0.774174540470808,2.1157304017971725,-0.38042579400233734,1.3012645886494563,-0.371812335955791
6162.0,-0.35412709758831906,-0.7725077714675512,2.111059842965542,-0.3633146499976134,1.3011113130129301,-0.3785664997039697
6163.0,-0.35526910424232483,-0.7708410024642944,2.106389284133911,-0.3462035059928894,1.3009580373764038,-0.38532066345214844
6164.0,-0.35526910424232483,-0.7708410024642944,2.106389284133911,-0.3462035059928894,1.3009580373764038,-0.38532066345214844
6165.0,-0.35995343996554,-0.765864580261464,2.0981584057515983,-0.3290311888772614,1.2898854588975712,-0.4123315738171947
6166.0,-0.3646377756887553,-0.7608881580586336,2.089927527369285,-0.3118588717616334,1.2788128804187386,-0.439342484182241
6167.0,-0.36932211141197047,-0.7559117358558032,2.081696648986972,-0.29468655464600546,1.2677403019399058,-0.4663533945472873
6168.0,-0.3740064471351857,-0.7509353136529728,2.0734657706046593,-0.27751423753037746,1.2566677234610732,-0.4933643049123336
6169.0,-0.3786907828584009,-0.7459588914501424,2.065234892222346,-0.26034192041474946,1.2455951449822407,-0.5203752152773798
6170.0,-0.38337511858161616,-0.7409824692473119,2.057004013840033,-0.24316960329912146,1.234522566503408,-0.5473861256424262
6171.0,-0.38805945430483135,-0.7360060470444816,2.04877313545772,-0.2259972861834935,1.2234499880245753,-0.5743970360074724
6172.0,-0.3927437900280466,-0.7310296248416511,2.040542257075407,-0.2088249690678655,1.2123774095457427,-0.6014079463725187
6173.0,-0.3974281257512618,-0.7260532026388207,2.032311378693094,-0.19165265195223752,1.20130483106691,-0.628418856737565
6174.0,-0.40211246147447705,-0.7210767804359903,2.024080500310781,-0.17448033483660952,1.1902322525880775,-0.6554297671026112
6175.0,-0.40679679719769224,-0.7161003582331599,2.015849621928468,-0.15730801772098155,1.179159674109245,-0.6824406774676576
6176.0,-0.4114811329209075,-0.7111239360303295,2.007618743546155,-0.14013570060535355,1.1680870956304121,-0.7094515878327039
6177.0,-0.4161654686441227,-0.7061475138274991,1.999387865163842,-0.12296338348972558,1.1570145171515795,-0.7364624981977501
6178.0,-0.4208498043673379,-0.7011710916246687,1.991156986781529,-0.10579106637409758,1.145941938672747,-0.7634734085627964
6179.0,-0.4255341400905531,-0.6961946694218383,1.982926108399216,-0.08861874925846958,1.1348693601939144,-0.7904843189278427
6180.0,-0.4302184758137684,-0.6912182472190078,1.974695230016903,-0.07144643214284158,1.1237967817150816,-0.817495229292889
6181.0,-0.43490281153698357,-0.6862418250161775,1.96646435163459,-0.054274115027213576,1.112724203236249,-0.8445061396579353
6182.0,-0.43958714726019876,-0.681265402813347,1.958233473252277,-0.03710179791158563,1.1016516247574164,-0.8715170500229816
6183.0,-0.444271482983414,-0.6762889806105166,1.950002594869964,-0.019929480795957633,1.0905790462785838,-0.8985279603880278
6184.0,-0.4489558187066292,-0.6713125584076862,1.941771716487651,-0.002757163680329633,1.0795064677997512,-0.9255388707530742
6185.0,-0.45364015442984446,-0.6663361362048558,1.933540838105338,0.014415153435298367,1.0684338893209184,-0.9525497811181204
6186.0,-0.45832449015305965,-0.6613597140020254,1.925309959723025,0.03158747055092631,1.0573613108420858,-0.9795606914831667
6187.0,-0.4630088258762749,-0.656383291799195,1.917079081340712,0.04875978766655431,1.0462887323632533,-1.0065716018482131
6188.0,-0.4676931615994901,-0.6514068695963645,1.9088482029583989,0.06593210478218231,1.0352161538844207,-1.0335825122132594
6189.0,-0.47237749732270534,-0.6464304473935342,1.900617324576086,0.08310442189781037,1.0241435754055879,-1.0605934225783056
6190.0,-0.47706183304592054,-0.6414540251907037,1.892386446193773,0.10027673901343825,1.0130709969267553,-1.0876043329433518
6191.0,-0.4817461687691358,-0.6364776029878734,1.8841555678114599,0.11744905612906625,1.0019984184479227,-1.114615243308398
6192.0,-0.486430504492351,-0.6315011807850429,1.875924689429147,0.13462137324469425,0.9909258399690901,-1.1416261536734444
6193.0,-0.4911148402155662,-0.6265247585822125,1.867693811046834,0.1517936903603223,0.9798532614902574,-1.1686370640384909
6194.0,-0.4957991759387814,-0.6215483363793821,1.859462932664521,0.16896600747595025,0.9687806830114248,-1.1956479744035369
6195.0,-0.5004835116619966,-0.6165719141765517,1.8512320542822078,0.1861383245915782,0.9577081045325921,-1.2226588847685833
6196.0,-0.5051678473852119,-0.6115954919737212,1.8430011758998948,0.20331064170720625,0.9466355260537596,-1.2496697951336295
6197.0,-0.5098521831084271,-0.6066190697708909,1.834770297517582,0.2204829588228342,0.935562947574927,-1.2766807054986757
6198.0,-0.5145365188316423,-0.6016426475680604,1.8265394191352688,0.23765527593846225,0.9244903690960943,-1.3036916158637222
6199.0,-0.5192208545548576,-0.5966662253652301,1.8183085407529558,0.2548275930540902,0.9134177906172617,-1.3307025262287684
6200.0,-0.5239051902780727,-0.5916898031623996,1.810077662370643,0.27199991016971814,0.902345212138429,-1.3577134365938148
6201.0,-0.528589526001288,-0.5867133809595693,1.8018467839883299,0.2891722272853462,0.8912726336595964,-1.384724346958861
6202.0,-0.5332738617245032,-0.5817369587567388,1.7936159056060168,0.30634454440097414,0.8802000551807637,-1.4117352573239073
6203.0,-0.5379581974477183,-0.5767605365539084,1.785385027223704,0.3235168615166021,0.8691274767019311,-1.4387461676889535
6204.0,-0.5426425331709336,-0.571784114351078,1.777154148841391,0.34068917863223014,0.8580548982230984,-1.465757078054
6205.0,-0.5473268688941488,-0.5668076921482476,1.7689232704590778,0.3578614957478581,0.8469823197442659,-1.4927679884190461
6206.0,-0.5520112046173641,-0.5618312699454171,1.7606923920767648,0.37503381286348614,0.8359097412654333,-1.5197788987840923
6207.0,-0.5566955403405793,-0.5568548477425868,1.7524615136944517,0.3922061299791141,0.8248371627866006,-1.5467898091491388
6208.0,-0.5613798760637945,-0.5518784255397563,1.7442306353121388,0.409378447094742,0.813764584307768,-1.573800719514185
6209.0,-0.5660642117870097,-0.546902003336926,1.7359997569298258,0.4265507642103701,0.8026920058289353,-1.6008116298792312
6210.0,-0.570748547510225,-0.5419255811340955,1.7277688785475127,0.443723081325998,0.7916194273501027,-1.6278225402442776
6211.0,-0.5754328832334401,-0.536949158931265,1.7195380001651999,0.4608953984416261,0.78054684887127,-1.6548334506093239
6212.0,-0.5801172189566554,-0.5319727367284347,1.7113071217828868,0.478067715557254,0.7694742703924374,-1.6818443609743703
6213.0,-0.5848015546798706,-0.5269963145256042,1.7030762434005737,0.4952400326728821,0.7584016919136047,-1.7088552713394165
6214.0,-0.5848015546798706,-0.5269963145256042,1.7030762434005737,0.4952400326728821,0.7584016919136047,-1.7088552713394165
