time,ur20-shoulder_pan_joint,ur20-shoulder_lift_joint,ur20-elbow_joint,ur20-wrist_1_joint,ur20-wrist_2_joint,ur20-wrist_3_joint
0.0,-0.3359829783439636,-0.7668655514717102,2.252406597137451,-0.8565109968185425,1.2864158153533936,-0.2013789564371109
1.0,-0.31511402130126953,-0.7774113416671753,2.213275671005249,-0.7016927599906921,1.3372806310653687,-0.20586952567100525
2.0,-0.3348340690135956,-0.7784940600395203,2.191107988357544,-0.6217165589332581,1.308316707611084,-0.2565639317035675
3.0,-0.3400665819644928,-0.7779951691627502,2.155015230178833,-0.49893617630004883,1.3109577894210815,-0.3002246916294098
4.0,-0.35125911235809326,-0.7742592096328735,2.1252527236938477,-0.4043034613132477,1.3010998964309692,-0.35437023639678955
5.0,-0.39617598056793213,-0.7676004767417908,2.115806818008423,-0.38851189613342285,1.2221907377243042,-0.45367223024368286
6.0,-0.4728662371635437,-0.7388731837272644,2.073692798614502,-0.2988889217376709,1.0390510559082031,-0.7078526020050049
7.0,-0.5151774287223816,-0.6940073370933533,1.9686188697814941,-0.0508137121796608,0.9779012203216553,-0.9963938593864441
8.0,-0.5203086733818054,-0.6804969310760498,1.9341799020767212,0.024249771609902382,0.9804674983024597,-1.0743404626846313
9.0,-0.46999770402908325,-0.7054136395454407,1.9515061378479004,0.017864614725112915,1.1305322647094727,-0.9314950704574585
10.0,-0.4475303888320923,-0.6938722729682922,1.9019755125045776,0.13550309836864471,1.229612112045288,-0.9661962389945984
11.0,-0.42299455404281616,-0.6802096366882324,1.8548332452774048,0.23866620659828186,1.3322339057922363,-0.9790394902229309
12.0,-0.4044570028781891,-0.6694326996803284,1.831850528717041,0.307294100522995,1.398775577545166,-1.03586745262146
13.0,-0.3932564854621887,-0.6640015244483948,1.8231409788131714,0.3379034698009491,1.458932876586914,-1.964095115661621
14.0,-0.3999905586242676,-0.6588256359100342,1.8073793649673462,0.35153937339782715,1.4427540302276611,-1.0644114017486572
15.0,-0.3966975212097168,-0.655929684638977,1.7945024967193604,0.3608543574810028,1.4459214210510254,-1.0497230291366577
16.0,-0.4064384698867798,-0.6539850234985352,1.7978935241699219,0.36744946241378784,1.4556523561477661,-1.9779337644577026
17.0,-0.4138053357601166,-0.6528193950653076,1.791124701499939,0.36365795135498047,1.4123027324676514,-1.1589657068252563
18.0,-0.4179270565509796,-0.6481702923774719,1.7793381214141846,0.37679523229599,1.408516764640808,-1.1994532346725464
19.0,-0.4200236201286316,-0.6385193467140198,1.7553492784500122,0.4080734848976135,1.4212546348571777,-1.271785020828247
20.0,-0.4278751611709595,-0.6337136030197144,1.7436946630477905,0.4175230860710144,1.397295594215393,-1.324938178062439
21.0,-0.4225836396217346,-0.632104754447937,1.7403289079666138,0.4278032183647156,1.448026180267334,-1.9952621459960938
22.0,-0.42442095279693604,-0.6265778541564941,1.725149154663086,0.4422166347503662,1.4385751485824585,-1.9976673126220703
23.0,-0.4348509609699249,-0.625436544418335,1.724949836730957,0.4390045404434204,1.3787928819656372,-1.403173565864563
24.0,-0.42750856280326843,-0.6155660152435303,1.6966954469680786,0.4713738262653351,1.4347718954086304,-2.0013208389282227
25.0,-0.43381351232528687,-0.6110847592353821,1.6825615167617798,0.47308218479156494,1.3816735744476318,-1.4320982694625854
26.0,-0.4337984621524811,-0.597819447517395,1.6545146703720093,0.5168832540512085,1.399540901184082,-1.5871201753616333
27.0,-0.42978206276893616,-0.5983948111534119,1.652691125869751,0.5151718258857727,1.4389746189117432,-2.003857374191284
28.0,-0.4339153468608856,-0.5889527201652527,1.6327555179595947,0.5393672585487366,1.395754337310791,-1.6417328119277954
29.0,-0.42849478125572205,-0.5851060152053833,1.618651270866394,0.5479978919029236,1.4382376670837402,-2.0028579235076904
30.0,-0.42654240131378174,-0.5742748379707336,1.5909548997879028,0.5737195611000061,1.4425753355026245,-2.000814437866211
31.0,-0.426275372505188,-0.5743565559387207,1.5934076309204102,0.5767351388931274,1.4219131469726562,-1.737733244895935
32.0,-0.42286625504493713,-0.561282217502594,1.5579880475997925,0.6041083931922913,1.4447481632232666,-1.9971263408660889
33.0,-0.42019355297088623,-0.5541914701461792,1.539787769317627,0.6198657751083374,1.4498753547668457,-1.994206428527832
34.0,-0.4254709780216217,-0.5473817586898804,1.5329372882843018,0.6443343162536621,1.3951647281646729,-1.8972734212875366
35.0,-0.41602423787117004,-0.5465306043624878,1.5212301015853882,0.6389570832252502,1.4465906620025635,-1.990224838256836
36.0,-0.4133758246898651,-0.5403292179107666,1.5050040483474731,0.6515650153160095,1.4540256261825562,-1.9871751070022583
37.0,-0.402727335691452,-0.5424277782440186,1.505745768547058,0.6491127610206604,1.451348066329956,-1.9765665531158447
38.0,-0.3899005949497223,-0.5385783910751343,1.4919735193252563,0.6576372385025024,1.4954161643981934,-1.9618525505065918
39.0,-0.38529670238494873,-0.551366925239563,1.518473744392395,0.6248825192451477,1.516985535621643,-1.9566808938980103
40.0,-0.3902830183506012,-0.5573871731758118,1.5342997312545776,0.6117918491363525,1.5146629810333252,-1.9617236852645874
41.0,-0.386452317237854,-0.5612406134605408,1.5446580648422241,0.6063033938407898,1.513809323310852,-1.9579071998596191
42.0,-0.3947145342826843,-0.5699678659439087,1.5676349401474,0.5858754515647888,1.5115649700164795,-1.9662173986434937
43.0,-0.39313259720802307,-0.5746983885765076,1.5802183151245117,0.5769094228744507,1.5112320184707642,-1.9646353721618652
44.0,-0.39639514684677124,-0.5795776844024658,1.593231439590454,0.5657081604003906,1.5107262134552002,-1.9678986072540283
45.0,-0.39209336042404175,-0.5817223191261292,1.5990064144134521,0.5629307627677917,1.5106929540634155,-1.9635955095291138
46.0,-0.3996547758579254,-0.586654782295227,1.6121928691864014,0.5495096445083618,1.5102407932281494,-1.9711449146270752
47.0,-0.4612485468387604,-0.5784043669700623,1.6269919872283936,0.5481905937194824,1.2719982862472534,-1.658849835395813
48.0,-0.44854408502578735,-0.5642014145851135,1.584121584892273,0.5901073813438416,1.308058261871338,-1.7207878828048706
49.0,-0.5110346078872681,-0.5172271132469177,1.5667264461517334,0.6774592995643616,1.0513867139816284,-1.877950668334961
50.0,-0.5151388049125671,-0.5251582264900208,1.585991621017456,0.6505318880081177,1.0423424243927002,-1.8444054126739502
51.0,-0.5509573221206665,-0.5109847187995911,1.6148592233657837,0.6388657093048096,0.8984929323196411,-1.842729091644287
52.0,-0.5692167282104492,-0.5166298151016235,1.6551897525787354,0.5792635083198547,0.8261075019836426,-1.7859281301498413
53.0,-0.5848487019538879,-0.5097349286079407,1.6745595932006836,0.5573980808258057,0.7550144195556641,-1.7773408889770508
54.0,-0.5784454345703125,-0.5427055954933167,1.7173881530761719,0.45976758003234863,0.7907869219779968,-1.6611809730529785
55.0,-0.5559075474739075,-0.5785872936248779,1.7445822954177856,0.39791738986968994,0.8958234190940857,-1.5597801208496094
56.0,-0.5573737025260925,-0.6154018640518188,1.8251910209655762,0.23919644951820374,0.8794322609901428,-1.3811050653457642
57.0,-0.5735586285591125,-0.6131461262702942,1.8499796390533447,0.1799418330192566,0.8017855286598206,-1.3511523008346558
58.0,-0.5717900991439819,-0.6340495347976685,1.8968491554260254,0.07187526673078537,0.793710470199585,-1.2402480840682983
59.0,-0.5085795521736145,-0.6586284041404724,1.861147403717041,0.18495573103427887,1.056765079498291,-1.2102100849151611
60.0,-0.5039817094802856,-0.6468231081962585,1.8262428045272827,0.251629501581192,1.088282585144043,-1.276451826095581
61.0,-0.4843367338180542,-0.6748013496398926,1.8794084787368774,0.16158996522426605,1.131230115890503,-1.117106318473816
62.0,-0.43945997953414917,-0.6567785143852234,1.8008408546447754,0.31891655921936035,1.3200992345809937,-1.1593934297561646
63.0,-0.38672029972076416,-0.6318432092666626,1.736254334449768,0.44512879848480225,1.5132055282592773,-1.9578431844711304
64.0,-0.3843943476676941,-0.6260036826133728,1.7195042371749878,0.4608432948589325,1.5117253065109253,-1.9556138515472412
65.0,-0.3911316692829132,-0.6256967186927795,1.7190766334533691,0.46003085374832153,1.512137770652771,-1.9623332023620605
66.0,-0.3908073902130127,-0.6217271685600281,1.7078558206558228,0.4701519012451172,1.5113604068756104,-1.9620640277862549
67.0,-0.3958519399166107,-0.6176356673240662,1.6967031955718994,0.47919049859046936,1.5109727382659912,-1.9671459197998047
68.0,-0.3972192406654358,-0.6143684983253479,1.6876846551895142,0.48683878779411316,1.5106676816940308,-1.9685450792312622
69.0,-0.39575475454330444,-0.6103709936141968,1.6765718460083008,0.49681881070137024,1.510316014289856,-1.9671216011047363
70.0,-0.3980692923069,-0.6050572395324707,1.662050724029541,0.5087090730667114,1.5100936889648438,-1.9694736003875732
71.0,-0.4838167130947113,-0.5840405225753784,1.6600359678268433,0.5101845264434814,1.1870875358581543,-1.61186945438385
72.0,-0.5856961607933044,-0.5525116920471191,1.7142317295074463,0.5664676427841187,0.5469458103179932,-1.754511833190918
73.0,-0.5516513586044312,-0.5975977778434753,1.7056398391723633,0.5608987212181091,0.7146471738815308,-1.7004209756851196
74.0,-0.5395814776420593,-0.6647055149078369,1.791693925857544,0.35646605491638184,0.7660010457038879,-1.449887752532959
75.0,-0.5220586657524109,-0.6992599964141846,1.8255826234817505,0.2837175130844116,0.8336321115493774,-1.3340847492218018
76.0,-0.4785423278808594,-0.7391594052314758,1.8460915088653564,0.25325730443000793,0.9807083606719971,-1.203992247581482
77.0,-0.46895134449005127,-0.7643210291862488,1.8895821571350098,0.16136232018470764,1.0001599788665771,-1.075108289718628
78.0,-0.45984575152397156,-0.7850715517997742,1.9283180236816406,0.07625286281108856,1.0158500671386719,-0.9630435109138489
79.0,-0.4436512887477875,-0.8055624961853027,1.9633378982543945,-5.0932812882820144e-05,1.0497416257858276,-0.848882794380188
80.0,-0.4391495883464813,-0.8197044730186462,1.9983617067337036,-0.08596642315387726,1.0519604682922363,-0.763375997543335
81.0,-0.40013569593429565,-0.8216181397438049,1.9633440971374512,0.014623118564486504,1.165339708328247,-0.7309312224388123
82.0,-0.4051304757595062,-0.8072149157524109,1.9300450086593628,0.09223279356956482,1.1640558242797852,-0.816774308681488
83.0,-0.40681424736976624,-0.7969298362731934,1.9054185152053833,0.1465243697166443,1.1705241203308105,-0.8730488419532776
84.0,-0.43269166350364685,-0.7767971158027649,1.8800764083862305,0.19458743929862976,1.1096346378326416,-1.0092988014221191
85.0,-0.3704875111579895,-0.8035914897918701,1.898262858390808,0.17022331058979034,1.2618038654327393,-0.766501784324646
86.0,-0.357498437166214,-0.8320971131324768,1.9619593620300293,0.026233820244669914,1.2657536268234253,-0.5986925363540649
87.0,-0.3317895829677582,-0.8298841118812561,1.9438352584838867,0.070835642516613,1.3268672227859497,-0.5362088084220886
88.0,-0.3138340711593628,-0.8330764770507812,1.945315957069397,0.0668666660785675,1.3623260259628296,-0.4645141363143921
89.0,-0.2859697937965393,-0.8248963356018066,1.9187053442001343,0.1266462653875351,1.4213252067565918,-0.3869751989841461
90.0,-0.24801459908485413,-0.8417379856109619,1.9502315521240234,0.03924350067973137,1.4845359325408936,-0.18906188011169434
91.0,-0.2296375185251236,-0.828350841999054,1.9171971082687378,0.11371687799692154,1.5244389772415161,-0.11953333765268326
92.0,-0.23713061213493347,-0.8033514618873596,1.8650599718093872,0.23948021233081818,1.5178617238998413,-0.18917995691299438
93.0,-0.2526775002479553,-0.7992600202560425,1.858784556388855,0.25829577445983887,1.494232416152954,-0.2876723110675812
94.0,-0.22399349510669708,-0.7936267256736755,1.8450891971588135,0.28136634826660156,1.5395596027374268,-0.1280519664287567
95.0,-0.2011701613664627,-0.7964400053024292,1.8488391637802124,0.2636024057865143,1.5729018449783325,0.008083739317953587
96.0,-0.20729364454746246,-0.766219973564148,1.7930938005447388,0.387003093957901,1.5675526857376099,-0.020498156547546387
97.0,-0.22435978055000305,-0.7696042656898499,1.800429105758667,0.3766266405582428,1.5471445322036743,-0.14252065122127533
98.0,-0.21271760761737823,-0.7494395971298218,1.7702981233596802,0.4560450315475464,1.5574984550476074,-1.7825676202774048
99.0,-0.23368604481220245,-0.7453985214233398,1.7596073150634766,0.4672902524471283,1.5468114614486694,-1.8035348653793335
100.0,-0.24752773344516754,-0.7489955425262451,1.7699933052062988,0.4581378102302551,1.5400314331054688,-1.817270278930664
101.0,-0.2473176121711731,-0.7378727793693542,1.746710181236267,0.49282586574554443,1.541109323501587,-1.8175286054611206
102.0,-0.25980618596076965,-0.7264029383659363,1.7268604040145874,0.5296063423156738,1.544945240020752,-1.8304100036621094
103.0,-0.2617928981781006,-0.7081976532936096,1.6907180547714233,0.5786225199699402,1.5596574544906616,-1.8325859308242798
104.0,-0.27063223719596863,-0.7035258412361145,1.6794489622116089,0.587674081325531,1.5602017641067505,-1.841430902481079
105.0,-0.2810741662979126,-0.7078217267990112,1.6885640621185303,0.5772641897201538,1.5550155639648438,-1.851866364479065
106.0,-0.2945155203342438,-0.7104703187942505,1.6920890808105469,0.5645974278450012,1.5369839668273926,-1.8653167486190796
107.0,-0.30254092812538147,-0.6929976344108582,1.6517585515975952,0.6020330786705017,1.5439554452896118,-1.8734016418457031
108.0,-0.301909476518631,-0.6848423480987549,1.63248872756958,0.6188210844993591,1.552476406097412,-1.8727437257766724
109.0,-0.29292017221450806,-0.6851910948753357,1.633730411529541,0.6197484731674194,1.5615917444229126,-1.8637254238128662
110.0,-0.28334224224090576,-0.6893467307090759,1.6443027257919312,0.6129906177520752,1.562295913696289,-1.8541452884674072
111.0,-0.278663694858551,-0.683488667011261,1.6296683549880981,0.6229755878448486,1.5636945962905884,-1.8494654893875122
112.0,-0.27339252829551697,-0.6788172721862793,1.6179161071777344,0.6306720972061157,1.564784049987793,-1.8441929817199707
113.0,-0.2652784585952759,-0.6791196465492249,1.6187208890914917,0.6302607655525208,1.565563440322876,-1.8360778093338013
114.0,-0.26642319560050964,-0.6857448220252991,1.6354533433914185,0.6194180846214294,1.5648229122161865,-1.8372230529785156
115.0,-0.251761257648468,-0.6811622977256775,1.6240043640136719,0.6271641850471497,1.5667496919631958,-1.8225592374801636
116.0,-0.24763840436935425,-0.6856667995452881,1.6355189085006714,0.620003342628479,1.5670969486236572,-1.8184360265731812
117.0,-0.23932936787605286,-0.68463134765625,1.6329904794692993,0.6218631863594055,1.5680787563323975,-1.8101264238357544
118.0,-0.24203093349933624,-0.6810904741287231,1.6238760948181152,0.6273768544197083,1.5676945447921753,-1.8128281831741333
119.0,-0.23271064460277557,-0.6860058307647705,1.6365735530853271,0.6197800636291504,1.5687633752822876,-1.8035073280334473
120.0,-0.2284347414970398,-0.6896794438362122,1.6459567546844482,0.6138320565223694,1.5689908266067505,-1.7992312908172607
121.0,-0.23530997335910797,-0.6932277679443359,1.6550540924072266,0.6080671548843384,1.56834876537323,-1.8061068058013916
122.0,-0.24401076138019562,-0.6933095455169678,1.6550426483154297,0.6075688600540161,1.5671213865280151,-1.8148081302642822
123.0,-0.25269195437431335,-0.6918325424194336,1.651188611984253,0.6098594069480896,1.5662693977355957,-1.823490023612976
124.0,-0.24354469776153564,-0.6994636058807373,1.6707864999771118,0.5973517894744873,1.5667976140975952,-1.8143419027328491
125.0,-0.24871718883514404,-0.7041680216789246,1.6822127103805542,0.5884233117103577,1.5647172927856445,-1.8195140361785889
126.0,-0.2348177433013916,-0.7041440606117249,1.682879090309143,0.5896270275115967,1.5674760341644287,-1.8056142330169678
127.0,-0.22946739196777344,-0.7064259052276611,1.6889506578445435,0.5860878825187683,1.568274974822998,-1.8002636432647705
128.0,-0.22134184837341309,-0.7029637098312378,1.68051016330719,0.5926623940467834,1.5700172185897827,-1.7921382188796997
129.0,-0.21545952558517456,-0.6981803774833679,1.6682522296905518,0.6007043123245239,1.5708109140396118,-1.7862558364868164
130.0,-0.20858055353164673,-0.7005835771560669,1.6741244792938232,0.5962295532226562,1.571549415588379,-1.7793768644332886
131.0,-0.20806990563869476,-0.7061958909034729,1.6882520914077759,0.5863166451454163,1.5719974040985107,-1.778865933418274
132.0,-0.20685245096683502,-0.7123966217041016,1.7023653984069824,0.5728738307952881,1.572811245918274,-1.7776434421539307
133.0,-0.19928953051567078,-0.7149150967597961,1.706178069114685,0.5643771886825562,1.574286699295044,-1.7700668573379517
134.0,-0.19181454181671143,-0.7111567258834839,1.6982804536819458,0.5736010074615479,1.574739694595337,-1.7626042366027832
135.0,-0.18843482434749603,-0.7040480971336365,1.6812360286712646,0.5875900387763977,1.5742014646530151,-1.7592296600341797
136.0,-0.1792624443769455,-0.7048935890197754,1.6827129125595093,0.5850579142570496,1.5753731727600098,-1.750056266784668
137.0,-0.17245329916477203,-0.6984857320785522,1.6669421195983887,0.5968311429023743,1.5751557350158691,-1.7432494163513184
138.0,-0.16449487209320068,-0.697559118270874,1.664178490638733,0.5977261066436768,1.575985074043274,-1.7352908849716187
139.0,-0.1565498411655426,-0.6903051733970642,1.646073341369629,0.6103501319885254,1.5758394002914429,-1.7273470163345337
140.0,-0.14325284957885742,-0.6901171207427979,1.64505934715271,0.6097533106803894,1.5772422552108765,-1.71405029296875
141.0,-0.13700760900974274,-0.6934987306594849,1.6528854370117188,0.6028792858123779,1.5785870552062988,-1.7078043222427368
142.0,-0.13059864938259125,-0.6831817626953125,1.6275553703308105,0.6212171316146851,1.5777134895324707,-1.7013969421386719
143.0,-0.13915996253490448,-0.6775986552238464,1.6139917373657227,0.6311957836151123,1.575758457183838,-1.7099575996398926
144.0,-0.1471514105796814,-0.6815364360809326,1.623977780342102,0.6249019503593445,1.575919508934021,-1.7179491519927979
145.0,-0.15373495221138,-0.6778014898300171,1.6148027181625366,0.6313929557800293,1.57444167137146,-1.7245320081710815
146.0,-0.1469864398241043,-0.6744199395179749,1.606453537940979,0.6371362805366516,1.573540210723877,-1.7177832126617432
147.0,-0.1527629941701889,-0.672478199005127,1.6016626358032227,0.640416145324707,1.5728912353515625,-1.7235596179962158
148.0,-0.14837278425693512,-0.663303017616272,1.5788089036941528,0.6552903652191162,1.5707963705062866,-1.7191691398620605
149.0,-0.14199623465538025,-0.6641026735305786,1.5808111429214478,0.6540288329124451,1.5709021091461182,-1.7127925157546997
150.0,-0.1289210021495819,-0.6638859510421753,1.5801379680633545,0.6541372537612915,1.5715488195419312,-1.699717402458191
151.0,-0.13011273741722107,-0.6690733432769775,1.5929055213928223,0.645492434501648,1.5735089778900146,-1.7009094953536987
152.0,-0.11417901515960693,-0.6672402024269104,1.5882264375686646,0.6482614874839783,1.5737625360488892,-1.6849757432937622
153.0,-0.10943285375833511,-0.6497311592102051,1.551762580871582,0.6887155175209045,1.5729883909225464,-1.680207371711731
154.0,-0.11971697211265564,-0.6418090462684631,1.5386309623718262,0.712434709072113,1.5754220485687256,-1.6904243230819702
155.0,-0.12510421872138977,-0.6301242113113403,1.5189058780670166,0.7460930943489075,1.5788499116897583,-1.6956424713134766
156.0,-0.13615825772285461,-0.626396894454956,1.5141061544418335,0.7590080499649048,1.5811885595321655,-1.7065598964691162
157.0,-0.11855069547891617,-0.6081464290618896,1.4845032691955566,0.8092726469039917,1.5847711563110352,-1.6885626316070557
158.0,-0.10934579372406006,-0.6030237674713135,1.476020336151123,0.8216696381568909,1.5849632024765015,-1.6793010234832764
159.0,-0.10274192690849304,-0.599603533744812,1.4702783823013306,0.8297800421714783,1.5849167108535767,-1.6726728677749634
160.0,-0.07670997083187103,-0.5914265513420105,1.4575955867767334,0.8466060757637024,1.6812294721603394,2.4847795963287354
161.0,-0.06432399153709412,-0.5995709300041199,1.4702446460723877,0.8186763525009155,1.7100071907043457,2.280144214630127
162.0,-0.056768350303173065,-0.6157863140106201,1.4964041709899902,0.7666736841201782,1.7282925844192505,2.0253331661224365
163.0,-0.04545372352004051,-0.5895613431930542,1.4566700458526611,0.8351050019264221,1.757798433303833,2.1888465881347656
164.0,-0.05238749086856842,-0.5728315114974976,1.4311420917510986,0.8837472200393677,1.7425528764724731,2.362133741378784
165.0,-0.04448049142956734,-0.5462291836738586,1.3930044174194336,0.9489307999610901,1.7702041864395142,2.4279699325561523
166.0,-0.04870066046714783,-0.5237548351287842,1.35720694065094,1.0003597736358643,1.7646560668945312,2.5205464363098145
167.0,-0.05893708020448685,-0.5198713541030884,1.3484007120132446,1.0088878870010376,1.7380717992782593,2.5941436290740967
168.0,-0.07288907468318939,-0.5133395195007324,1.3336368799209595,1.0191656351089478,1.6688255071640015,2.8000431060791016
169.0,-0.07939509302377701,-0.49665409326553345,1.3014122247695923,1.0407074689865112,1.6637468338012695,2.823403835296631
170.0,-0.09787790477275848,-0.4965091347694397,1.2969757318496704,1.033235788345337,1.6316601037979126,2.919321298599243
171.0,-0.11149366199970245,-0.4903464615345001,1.2829090356826782,1.0358027219772339,1.6175205707550049,2.9661054611206055
172.0,-0.11834125965833664,-0.4895128607749939,1.2797951698303223,1.033070683479309,1.6105074882507324,2.988950490951538
173.0,-0.12513050436973572,-0.4842204749584198,1.2698990106582642,1.0402911901474,1.611970067024231,2.9850893020629883
174.0,-0.12126876413822174,-0.4657880961894989,1.2398183345794678,1.078343152999878,1.63125479221344,2.935671806335449
175.0,-0.11222370713949203,-0.46540024876594543,1.2409968376159668,1.0834519863128662,1.6404491662979126,2.9110472202301025
176.0,-0.0998014509677887,-0.45416349172592163,1.2255280017852783,1.112351655960083,1.6624902486801147,2.8658018112182617
177.0,-0.10498359799385071,-0.4396148920059204,1.2013050317764282,1.1403074264526367,1.6700807809829712,2.860945701599121
178.0,-0.11204992234706879,-0.4337288737297058,1.1905417442321777,1.1496930122375488,1.6687836647033691,2.8682281970977783
179.0,-0.11427426338195801,-0.4124045968055725,1.157091498374939,1.1936557292938232,1.6802171468734741,2.8652381896972656
180.0,-0.10850520431995392,-0.3890322148799896,1.1222493648529053,1.2416136264801025,1.695244550704956,2.8590424060821533
181.0,-0.09838033467531204,-0.39442265033721924,1.1334640979766846,1.2348467111587524,1.704035997390747,2.839599847793579
182.0,-0.12060478329658508,-0.39319783449172974,1.126571536064148,1.2310205698013306,1.6800264120101929,2.8848721981048584
183.0,-0.13263806700706482,-0.4024958610534668,1.1389837265014648,1.210127353668213,1.6634705066680908,2.9112203121185303
184.0,-0.14020556211471558,-0.40062442421913147,1.1354448795318604,1.2131401300430298,1.6572421789169312,2.9269933700561523
185.0,-0.15072672069072723,-0.40801921486854553,1.1458805799484253,1.1971219778060913,1.6454566717147827,2.9483554363250732
186.0,-0.16391614079475403,-0.39275434613227844,1.1239607334136963,1.2339732646942139,1.6372427940368652,2.9833884239196777
187.0,-0.16400107741355896,-0.3721826374530792,1.0920137166976929,1.2734999656677246,1.6390104293823242,2.9911396503448486
188.0,-0.15357889235019684,-0.3774455189704895,1.1003152132034302,1.263001799583435,1.6477110385894775,2.968963146209717
189.0,-0.1385384351015091,-0.373767614364624,1.0951193571090698,1.2696354389190674,1.6627236604690552,2.9389567375183105
190.0,-0.12905669212341309,-0.4144366681575775,1.1577095985412598,1.1862469911575317,1.6637442111968994,2.898930788040161
191.0,-0.13603751361370087,-0.45284295082092285,1.2162529230117798,1.098595142364502,1.6346327066421509,2.9318864345550537
192.0,-0.1489761471748352,-0.4619545042514801,1.2289540767669678,1.0737968683242798,1.621097207069397,2.961879014968872
193.0,-0.14935731887817383,-0.4737992286682129,1.2496473789215088,1.051842212677002,1.6171603202819824,2.9669618606567383
194.0,-0.1579241156578064,-0.4786938428878784,1.2581102848052979,1.042233943939209,1.6146304607391357,2.972227096557617
195.0,-0.16139987111091614,-0.47301268577575684,1.2471723556518555,1.0497595071792603,1.6168500185012817,2.9654600620269775
196.0,-0.16022241115570068,-0.49011021852493286,1.2800809144973755,1.0271788835525513,1.6128122806549072,2.9760823249816895
197.0,-0.154396653175354,-0.48652079701423645,1.2733664512634277,1.0326142311096191,1.6125565767288208,2.978635311126709
198.0,-0.14036354422569275,-0.48056238889694214,1.2630373239517212,1.0443952083587646,1.6144201755523682,2.976544141769409
199.0,-0.14387467503547668,-0.4983530044555664,1.2966800928115845,1.0189675092697144,1.6114753484725952,2.981351613998413
200.0,-0.13545852899551392,-0.5016918182373047,1.3035708665847778,1.0163953304290771,1.6108702421188354,2.984334707260132
201.0,-0.13311684131622314,-0.5082921981811523,1.3165217638015747,1.0087541341781616,1.6102604866027832,2.9858553409576416
202.0,-0.12971164286136627,-0.5143603682518005,1.3282796144485474,1.001389980316162,1.6094601154327393,2.987891435623169
203.0,-0.12696079909801483,-0.5197927355766296,1.3392696380615234,0.9959492087364197,1.6104884147644043,2.9839494228363037
204.0,-0.1215912327170372,-0.514131486415863,1.3277812004089355,1.0022634267807007,1.6086593866348267,2.9914050102233887
205.0,-0.11854208260774612,-0.5202561020851135,1.3401905298233032,0.9962145090103149,1.6103742122650146,2.9848694801330566
206.0,-0.10915636271238327,-0.5232806205749512,1.3462562561035156,0.9939809441566467,1.6102714538574219,2.985795021057129
207.0,-0.10426636040210724,-0.5182892084121704,1.3361103534698486,0.9995825290679932,1.609370470046997,2.989577054977417
208.0,-0.09338691085577011,-0.5192101001739502,1.3397175073623657,1.002680778503418,1.625691294670105,2.93196439743042
209.0,-0.10363747179508209,-0.5320104360580444,1.3637125492095947,0.985553503036499,1.6042473316192627,3.009425401687622
210.0,-0.11090109497308731,-0.5303876996040344,1.3605430126190186,0.98653644323349,1.6061046123504639,3.0018537044525146
211.0,-0.11822109669446945,-0.5325125455856323,1.3648744821548462,0.983703076839447,1.6056170463562012,3.0033957958221436
212.0,-0.1250709742307663,-0.5367960929870605,1.3737496137619019,0.9793589115142822,1.606172800064087,3.0013651847839355
213.0,-0.11603619903326035,-0.5405447483062744,1.3809007406234741,0.9754858613014221,1.6032861471176147,3.012416362762451
214.0,-0.115566186606884,-0.5485038757324219,1.3964680433273315,0.9663863778114319,1.6009540557861328,3.020836353302002
215.0,-0.10776225477457047,-0.541201114654541,1.3819749355316162,0.9751601815223694,1.601555347442627,3.019272804260254
216.0,-0.10243552178144455,-0.543764591217041,1.386826992034912,0.9724776744842529,1.599711537361145,3.0263454914093018
217.0,-0.09290779381990433,-0.5363477468490601,1.373044729232788,0.9827761054039001,1.6164543628692627,2.9637506008148193
218.0,-0.0879683569073677,-0.5422977209091187,1.3853328227996826,0.9770611524581909,1.6255789995193481,2.9297525882720947
219.0,-0.07381454855203629,-0.547174870967865,1.3924691677093506,0.961367130279541,1.690035104751587,2.681990385055542
220.0,-0.10553371906280518,-0.5608803033828735,1.4144086837768555,0.9356911182403564,1.5959235429763794,3.0288803577423096
221.0,-0.11399565637111664,-0.5695956945419312,1.4278167486190796,0.9139180183410645,1.595473051071167,3.0212883949279785
222.0,-0.12157624959945679,-0.5721890330314636,1.4323104619979858,0.9083160758018494,1.5963996648788452,3.0144429206848145
223.0,-0.13946262001991272,-0.545846164226532,1.391703724861145,0.968296468257904,1.6060384511947632,3.000617265701294
224.0,-0.14682434499263763,-0.5569314956665039,1.4111342430114746,0.9486656785011292,1.6060434579849243,2.9935708045959473
225.0,-0.15400083363056183,-0.5504676103591919,1.4009792804718018,0.9626530408859253,1.609038233757019,2.9881632328033447
226.0,-0.1591266393661499,-0.5468818545341492,1.3939241170883179,0.9664201736450195,1.6101691722869873,2.9839000701904297
227.0,-0.15301942825317383,-0.5431131720542908,1.386443018913269,0.9707940220832825,1.6089378595352173,2.9891772270202637
228.0,-0.14744380116462708,-0.535462498664856,1.3711670637130737,0.9791879057884216,1.6097790002822876,2.9863734245300293
229.0,-0.14636677503585815,-0.5265202522277832,1.3528306484222412,0.987443745136261,1.6120984554290771,2.9765167236328125
230.0,-0.1442033350467682,-0.515898585319519,1.3313761949539185,0.9986918568611145,1.6108806133270264,2.9815773963928223
231.0,-0.14938858151435852,-0.5119618773460388,1.3235976696014404,1.0029810667037964,1.6115505695343018,2.9792561531066895
232.0,-0.15818293392658234,-0.5146647691726685,1.3288016319274902,0.999076247215271,1.6122007369995117,2.975738525390625
233.0,-0.1547010838985443,-0.5038760304450989,1.307431697845459,1.0114456415176392,1.6122429370880127,2.9768149852752686
234.0,-0.1705545336008072,-0.5050193667411804,1.3091652393341064,1.0081455707550049,1.613276481628418,2.970851421356201
235.0,-0.17507095634937286,-0.5124722719192505,1.324232578277588,1.0005064010620117,1.613852858543396,2.9685637950897217
236.0,-0.16927555203437805,-0.5151044726371765,1.3295592069625854,0.9979231953620911,1.613246202468872,2.9710330963134766
237.0,-0.174297034740448,-0.5234156847000122,1.346238374710083,0.9887492060661316,1.6138123273849487,2.968214750289917
238.0,-0.17972972989082336,-0.5196956992149353,1.3386493921279907,0.992417573928833,1.614270567893982,2.9662578105926514
239.0,-0.181204155087471,-0.5266276001930237,1.352590799331665,0.9849340915679932,1.6144938468933105,2.965022087097168
240.0,-0.18429432809352875,-0.5324049592018127,1.3645740747451782,0.9799498319625854,1.6152851581573486,2.962820053100586
241.0,-0.1891879141330719,-0.5284086465835571,1.3562041521072388,0.9831847548484802,1.6161022186279297,2.958733081817627
242.0,-0.1933434158563614,-0.5232239365577698,1.3457622528076172,0.9887346029281616,1.6158053874969482,2.9601287841796875
243.0,-0.19003863632678986,-0.5172349810600281,1.3337032794952393,0.9951441884040833,1.6153736114501953,2.9620888233184814
244.0,-0.1961015909910202,-0.5169285535812378,1.3330903053283691,0.9955973029136658,1.6160537004470825,2.9595248699188232
245.0,-0.2023233324289322,-0.5210006237030029,1.3412774801254272,0.9913303256034851,1.6167993545532227,2.9564759731292725
246.0,-0.2065465897321701,-0.5268018841743469,1.3529260158538818,0.9851491451263428,1.6176282167434692,2.9529547691345215
247.0,-0.21791118383407593,-0.5342466831207275,1.3679264783859253,0.977997362613678,1.6224665641784668,2.934364080429077
248.0,-0.22378823161125183,-0.5273202657699585,1.3537921905517578,0.9850286841392517,1.6204440593719482,2.942103624343872
249.0,-0.2295449823141098,-0.5239947438240051,1.3470596075057983,0.9888644814491272,1.6199477910995483,2.9444000720977783
250.0,-0.23189136385917664,-0.5159562230110168,1.3313755989074707,0.9991838932037354,1.6188703775405884,2.9507594108581543
251.0,-0.22810576856136322,-0.5052240490913391,1.3104389905929565,1.0122883319854736,1.6191297769546509,2.9520468711853027
252.0,-0.2334355264902115,-0.5013840794563293,1.302821397781372,1.0171698331832886,1.620355248451233,2.948242425918579
253.0,-0.2308763712644577,-0.49218595027923584,1.2844780683517456,1.0276213884353638,1.6201037168502808,2.9502251148223877
254.0,-0.22589853405952454,-0.49549970030784607,1.2909917831420898,1.0230714082717896,1.6194192171096802,2.9517698287963867
255.0,-0.22024933993816376,-0.4899795651435852,1.2800225019454956,1.0292279720306396,1.6188586950302124,2.954448699951172
256.0,-0.22530560195446014,-0.4867219030857086,1.2740392684936523,1.034733772277832,1.6193665266036987,2.9546499252319336
257.0,-0.21981395781040192,-0.4790761172771454,1.2605692148208618,1.0479637384414673,1.6175493001937866,2.966759204864502
258.0,-0.21255609393119812,-0.47857004404067993,1.2595361471176147,1.0479704141616821,1.6167199611663818,2.969442367553711
259.0,-0.20566585659980774,-0.47869908809661865,1.259473443031311,1.0465298891067505,1.616051435470581,2.9707908630371094
260.0,-0.20437166094779968,-0.48965761065483093,1.279280424118042,1.0283313989639282,1.6170616149902344,2.96030855178833
261.0,-0.20054902136325836,-0.4952627718448639,1.290121078491211,1.0207970142364502,1.6163913011550903,2.961167097091675
262.0,-0.19452211260795593,-0.4927998185157776,1.2851471900939941,1.02329421043396,1.6157681941986084,2.963568687438965
263.0,-0.19192375242710114,-0.5019338726997375,1.3030561208724976,1.0117980241775513,1.6152455806732178,2.9635775089263916
264.0,-0.18649005889892578,-0.4971502125263214,1.2935047149658203,1.0171915292739868,1.6147493124008179,2.9659852981567383
265.0,-0.178324356675148,-0.502412736415863,1.3036237955093384,1.010024070739746,1.613728642463684,2.9682981967926025
266.0,-0.16951628029346466,-0.49221110343933105,1.2838354110717773,1.023393154144287,1.6133586168289185,2.972476005554199
267.0,-0.1760716289281845,-0.488748162984848,1.277012825012207,1.0273687839508057,1.6139814853668213,2.9704911708831787
268.0,-0.17925883829593658,-0.47073492407798767,1.241138219833374,1.0479679107666016,1.61298668384552,2.9762470722198486
269.0,-0.16727027297019958,-0.4447803497314453,1.2023334503173828,1.114102840423584,1.6241192817687988,2.9714791774749756
270.0,-0.17967581748962402,-0.42695558071136475,1.1754475831985474,1.1562811136245728,1.6183465719223022,3.0054492950439453
271.0,-0.18053221702575684,-0.4032456874847412,1.1397528648376465,1.2109606266021729,1.6214131116867065,3.0143749713897705
272.0,-0.19502896070480347,-0.41118887066841125,1.1529029607772827,1.1958411931991577,1.6087626218795776,3.0431013107299805
273.0,-0.2033306509256363,-0.40926000475883484,1.1512426137924194,1.2025222778320312,1.6021724939346313,3.0617623329162598
274.0,-0.19976571202278137,-0.3904411494731903,1.1228147745132446,1.2417763471603394,1.604649305343628,3.062446355819702
275.0,-0.21786554157733917,-0.39825934171676636,1.1382242441177368,1.2318716049194336,1.5873075723648071,3.1026742458343506
276.0,-0.22688008844852448,-0.39319461584091187,1.133203148841858,1.2468523979187012,1.5790563821792603,3.122901201248169
277.0,-0.23613041639328003,-0.42915356159210205,1.1884962320327759,1.1729097366333008,1.58165442943573,3.1128811836242676
278.0,-0.2255759984254837,-0.43572306632995605,1.1954632997512817,1.151676058769226,1.5915889739990234,3.0829994678497314
279.0,-0.2166590392589569,-0.4374006390571594,1.1958407163619995,1.1428539752960205,1.5983259677886963,3.0615320205688477
280.0,-0.22589898109436035,-0.45874297618865967,1.229926347732544,1.097209095954895,1.6044726371765137,3.0322508811950684
281.0,-0.21727721393108368,-0.4676567316055298,1.2413994073867798,1.0707215070724487,1.6128467321395874,2.9929418563842773
282.0,-0.20949068665504456,-0.4665273427963257,1.2383253574371338,1.0696022510528564,1.613114833831787,2.9902546405792236
283.0,-0.19614700973033905,-0.4544878304004669,1.2177424430847168,1.0923466682434082,1.6135473251342773,2.996635675430298
284.0,-0.1925489455461502,-0.5094179511070251,1.3182284832000732,1.0041954517364502,1.6155140399932861,2.962590217590332
285.0,-0.21353527903556824,-0.5103381872177124,1.3204898834228516,1.0051881074905396,1.6171104907989502,2.9581451416015625
286.0,-0.21673743426799774,-0.5195834040641785,1.3383318185806274,0.9932434558868408,1.6184263229370117,2.9504001140594482
287.0,-0.22931835055351257,-0.5388324856758118,1.3770889043807983,0.973800539970398,1.625066876411438,2.924607276916504
288.0,-0.2244996875524521,-0.5431821346282959,1.3858526945114136,0.969031572341919,1.623964786529541,2.928560972213745
289.0,-0.22971674799919128,-0.5516672134399414,1.4021638631820679,0.9586288332939148,1.6258939504623413,2.918684959411621
290.0,-0.23706114292144775,-0.55219566822052,1.402709722518921,0.9572198390960693,1.6274487972259521,2.9112675189971924
291.0,-0.23839634656906128,-0.5417835116386414,1.382648229598999,0.9704440832138062,1.6269004344940186,2.9168224334716797
292.0,-0.24067388474941254,-0.5361524224281311,1.3712961673736572,0.9764166474342346,1.6274185180664062,2.9150569438934326
293.0,-0.2435048371553421,-0.5290977358818054,1.356957197189331,0.9836692214012146,1.624705195426941,2.9255309104919434
294.0,-0.24190619587898254,-0.5216984152793884,1.3422149419784546,0.9918058514595032,1.6213525533676147,2.939253807067871
295.0,-0.24749593436717987,-0.5174155831336975,1.3339983224868774,0.9981611967086792,1.6207677125930786,2.943542003631592
296.0,-0.25878140330314636,-0.518217921257019,1.3353321552276611,0.9977904558181763,1.6221181154251099,2.938474178314209
297.0,-0.25994110107421875,-0.5360020399093628,1.3702956438064575,0.9767434597015381,1.6315243244171143,2.8987369537353516
298.0,-0.26600879430770874,-0.5363356471061707,1.370640516281128,0.9762848019599915,1.6328517198562622,2.8931868076324463
299.0,-0.26336970925331116,-0.5503682494163513,1.3980048894882202,0.9590133428573608,1.6336675882339478,2.885880708694458
300.0,-0.2570038139820099,-0.5554993152618408,1.406509280204773,0.947867214679718,1.6301522254943848,2.891386032104492
301.0,-0.25037410855293274,-0.5577825307846069,1.410485029220581,0.9430472254753113,1.6277813911437988,2.8976523876190186
302.0,-0.25073006749153137,-0.5466863512992859,1.3915735483169556,0.9640073776245117,1.630298376083374,2.901305913925171
303.0,-0.2442743480205536,-0.5720180869102478,1.4324696063995361,0.9087613821029663,1.619889736175537,2.902200937271118
304.0,-0.23611989617347717,-0.5702462792396545,1.4305107593536377,0.9145509004592896,1.619507908821106,2.9104537963867188
305.0,-0.22699443995952606,-0.5635237097740173,1.4205901622772217,0.9310950636863708,1.6205689907073975,2.92002010345459
306.0,-0.21808525919914246,-0.5624358654022217,1.4192743301391602,0.9341720938682556,1.6191695928573608,2.9288437366485596
307.0,-0.21292553842067719,-0.5471204519271851,1.393933892250061,0.9648229479789734,1.6214590072631836,2.938255548477173
308.0,-0.20671093463897705,-0.5532810091972351,1.4056370258331299,0.956432044506073,1.6201987266540527,2.9407730102539062
309.0,-0.19696259498596191,-0.5492029786109924,1.3983234167099,0.9627838730812073,1.6180697679519653,2.951725721359253
310.0,-0.19188353419303894,-0.5422540903091431,1.3846330642700195,0.970562756061554,1.6171294450759888,2.9562227725982666
311.0,-0.18714597821235657,-0.5478615164756775,1.3957706689834595,0.9644579887390137,1.6160305738449097,2.9600815773010254
312.0,-0.17997562885284424,-0.5424571633338928,1.3851382732391357,0.9706238508224487,1.614620327949524,2.9663124084472656
313.0,-0.17828033864498138,-0.5358747243881226,1.371874451637268,0.9773005843162537,1.6145217418670654,2.9666950702667236
314.0,-0.17138104140758514,-0.536404550075531,1.3730452060699463,0.9771637916564941,1.613498330116272,2.971067428588867
315.0,-0.17390966415405273,-0.5429978370666504,1.3862426280975342,0.9702131152153015,1.6133378744125366,2.9714481830596924
316.0,-0.178397998213768,-0.5487610697746277,1.3976178169250488,0.9637146592140198,1.6141836643218994,2.9674856662750244
317.0,-0.18597425520420074,-0.5595066547393799,1.4154977798461914,0.9423781037330627,1.6132761240005493,2.9602317810058594
318.0,-0.19258785247802734,-0.5590065121650696,1.4146666526794434,0.9433899521827698,1.61489737033844,2.954041004180908
319.0,-0.1790885329246521,-0.5644202828407288,1.423004388809204,0.9307536482810974,1.610313057899475,2.965548276901245
320.0,-0.1710672378540039,-0.5572649240493774,1.4120736122131348,0.9479230046272278,1.6109915971755981,2.973067283630371
321.0,-0.16111721098423004,-0.5608655214309692,1.4174315929412842,0.9393545389175415,1.6078853607177734,2.9810662269592285
322.0,-0.16835403442382812,-0.575178325176239,1.4393641948699951,0.904977023601532,1.604937195777893,2.9733834266662598
323.0,-0.18118835985660553,-0.5986868739128113,1.474904179573059,0.8454795479774475,1.5983539819717407,2.962327718734741
324.0,-0.1903524547815323,-0.5779776573181152,1.4437198638916016,0.8980382680892944,1.6077381372451782,2.9547972679138184
325.0,-0.1912228912115097,-0.6312894821166992,1.5257996320724487,0.750480055809021,1.585146427154541,-1.7614866495132446
326.0,-0.1996607929468155,-0.6468120813369751,1.5508476495742798,0.7041159868240356,1.5783541202545166,-1.7703160047531128
327.0,-0.2025427520275116,-0.666993260383606,1.5881564617156982,0.6496331691741943,1.5707963705062866,-1.773339033126831
328.0,-0.19739402830600739,-0.6715245842933655,1.5995869636535645,0.6425071358680725,1.5711549520492554,-1.7681903839111328
329.0,-0.19123022258281708,-0.6687546968460083,1.5926272869110107,0.6469237804412842,1.5707963705062866,-1.7620265483856201
330.0,-0.17903296649456024,-0.6701759099960327,1.5960969924926758,0.6444846391677856,1.571439266204834,-1.7498292922973633
331.0,-0.18361607193946838,-0.6753325462341309,1.6091711521148682,0.6363988518714905,1.571717619895935,-1.7544124126434326
332.0,-0.17548047006130219,-0.6755142211914062,1.6095695495605469,0.6360037326812744,1.5720313787460327,-1.74627685546875
333.0,-0.168359637260437,-0.6756497025489807,1.6098599433898926,0.6356971859931946,1.5723079442977905,-1.7391561269760132
334.0,-0.16991715133190155,-0.6812647581100464,1.6237156391143799,0.6260772347450256,1.5740090608596802,-1.7407140731811523
335.0,-0.16299481689929962,-0.6816144585609436,1.6244746446609497,0.6252939105033875,1.574589490890503,-1.7337919473648071
336.0,-0.16918501257896423,-0.6878392100334167,1.64014732837677,0.6149725914001465,1.5745652914047241,-1.7399818897247314
337.0,-0.17555509507656097,-0.6910161375999451,1.6484683752059937,0.6101618409156799,1.5740959644317627,-1.7463518381118774
338.0,-0.18190377950668335,-0.6947607398033142,1.6579420566558838,0.6038637161254883,1.5739187002182007,-1.7527000904083252
339.0,-0.1854911744594574,-0.6910176873207092,1.6487786769866943,0.6106677055358887,1.573199987411499,-1.756287693977356
340.0,-0.19411198794841766,-0.6966069936752319,1.663123607635498,0.601559579372406,1.5728546380996704,-1.7649081945419312
341.0,-0.20245909690856934,-0.6884769201278687,1.6427820920944214,0.6156195998191833,1.5716381072998047,-1.773255467414856
342.0,-0.20586413145065308,-0.684144139289856,1.6318379640579224,0.6228023171424866,1.5711857080459595,-1.776660442352295
343.0,-0.21235880255699158,-0.6882705688476562,1.642572045326233,0.6164772510528564,1.5707799196243286,-1.783155083656311
344.0,-0.218067929148674,-0.6928693056106567,1.6543947458267212,0.6090786457061768,1.570309042930603,-1.788864254951477
345.0,-0.2202925831079483,-0.677444577217102,1.6147477626800537,0.633426308631897,1.5702931880950928,-1.7910889387130737
346.0,-0.21337443590164185,-0.6766844987869263,1.6128201484680176,0.6346359252929688,1.570585012435913,-1.7841707468032837
347.0,-0.2121465504169464,-0.6718776226043701,1.6005555391311646,0.6420829892158508,1.570572853088379,-1.7829428911209106
348.0,-0.22636181116104126,-0.6758330464363098,1.6106140613555908,0.6359059810638428,1.5700037479400635,-1.7971582412719727
349.0,-0.22816164791584015,-0.6694910526275635,1.5944892168045044,0.6457741856575012,1.5706322193145752,-1.7989579439163208
350.0,-0.2228008657693863,-0.6659992337226868,1.585636019706726,0.6511595249176025,1.5707963705062866,-1.7935972213745117
351.0,-0.2302459329366684,-0.6644700169563293,1.5817621946334839,0.6535041332244873,1.5707963705062866,-1.8010423183441162
352.0,-0.23799774050712585,-0.6652061343193054,1.583626389503479,0.6523760557174683,1.5707963705062866,-1.8087940216064453
353.0,-0.24468906223773956,-0.6700797080993652,1.595935344696045,0.644777238368988,1.5695308446884155,-1.8154855966567993
354.0,-0.252842515707016,-0.6670838594436646,1.5883663892745972,0.6494587659835815,1.5703409910202026,-1.823638916015625
355.0,-0.2612801492214203,-0.6614602208137512,1.574150562286377,0.6581059098243713,1.5707963705062866,-1.8320764303207397
356.0,-0.2537209987640381,-0.6571202874183655,1.5663338899612427,0.6703286170959473,1.5730642080307007,-1.8245073556900024
357.0,-0.24656158685684204,-0.641739547252655,1.5397381782531738,0.7146207094192505,1.581318974494934,-1.8171378374099731
358.0,-0.26311612129211426,-0.6456392407417297,1.5458718538284302,0.702495813369751,1.5793958902359009,-1.8337751626968384
359.0,-0.2725978493690491,-0.6611937880516052,1.5734776258468628,0.6585124731063843,1.5707963705062866,-1.843394160270691
360.0,-0.2798213064670563,-0.6645435094833374,1.5819129943847656,0.6533277630805969,1.5697377920150757,-1.85061776638031
361.0,-0.2914718985557556,-0.6672314405441284,1.5886752605438232,0.6491093635559082,1.5678279399871826,-1.862269401550293
362.0,-0.2985788583755493,-0.6639649271965027,1.580428123474121,0.6541746258735657,1.5686759948730469,-1.8693758249282837
363.0,-0.29435816407203674,-0.6738272905349731,1.605265498161316,0.6385893821716309,1.564758539199829,-1.865159034729004
364.0,-0.30073148012161255,-0.6783355474472046,1.616509199142456,0.6309213042259216,1.5601222515106201,-1.8715418577194214
365.0,-0.3202544152736664,-0.6754236817359924,1.6107572317123413,0.6321684718132019,1.51382577419281,-1.8915159702301025
366.0,-0.33212459087371826,-0.6727287769317627,1.6058290004730225,0.6341752409934998,1.4855093955993652,-1.9040108919143677
367.0,-0.3453757166862488,-0.6664671301841736,1.6005998849868774,0.652217447757721,1.418481707572937,-1.6729604005813599
368.0,-0.3562864363193512,-0.6587799787521362,1.5897146463394165,0.6687602996826172,1.3885518312454224,-1.7289607524871826
369.0,-0.367510586977005,-0.6503618955612183,1.578204870223999,0.6864678859710693,1.3574624061584473,-1.773627519607544
370.0,-0.3463607728481293,-0.6487558484077454,1.565230369567871,0.6940299272537231,1.4145691394805908,-1.8207945823669434
371.0,-0.35991156101226807,-0.6724140644073486,1.6190850734710693,0.6348801851272583,1.3781083822250366,-1.6269011497497559
372.0,-0.3823709487915039,-0.6822689175605774,1.6494594812393188,0.5989087224006653,1.313736081123352,-1.5523232221603394
373.0,-0.3994332253932953,-0.689445436000824,1.6742454767227173,0.5656357407569885,1.2591619491577148,-1.504480004310608
374.0,-0.3967018127441406,-0.6971094012260437,1.688008189201355,0.5461667776107788,1.2656227350234985,-1.4589585065841675
375.0,-0.363848477602005,-0.7071897983551025,1.6910784244537354,0.5404637455940247,1.359636664390564,-1.352577567100525
376.0,-0.3363306522369385,-0.6966187953948975,1.6614625453948975,0.5813391208648682,1.4359403848648071,-1.9095176458358765
377.0,-0.34404638409614563,-0.7258782982826233,1.7245866060256958,0.4965306222438812,1.3961905241012573,-1.1598408222198486
378.0,-0.335368812084198,-0.7414654493331909,1.755029320716858,0.4521811604499817,1.4020416736602783,-1.0101970434188843
379.0,-0.3236307203769684,-0.7469228506088257,1.7641472816467285,0.43984586000442505,1.4220218658447266,-0.9142589569091797
380.0,-0.31147709488868713,-0.750740647315979,1.7709637880325317,0.43238401412963867,1.4386943578720093,-0.837158739566803
381.0,-0.2868277430534363,-0.737956166267395,1.7449734210968018,0.4835781753063202,1.4926121234893799,-1.8570791482925415
382.0,-0.2840326428413391,-0.7735090255737305,1.8129878044128418,0.3592596650123596,1.4619048833847046,-0.5588735938072205
383.0,-0.2779427468776703,-0.7809494733810425,1.8265581130981445,0.33187922835350037,1.4668259620666504,-0.4874947667121887
384.0,-0.31780368089675903,-0.7825222015380859,1.8352769613265991,0.31086230278015137,1.397804617881775,-0.6861628293991089
385.0,-0.36206912994384766,-0.7596948742866516,1.7999261617660522,0.3694051206111908,1.3221204280853271,-0.9870550632476807
386.0,-0.37305697798728943,-0.7517380118370056,1.786845326423645,0.3887493312358856,1.3029385805130005,-1.0609025955200195
387.0,-0.3858153522014618,-0.7413204908370972,1.7718267440795898,0.41378551721572876,1.274213433265686,-1.1603329181671143
388.0,-0.41554906964302063,-0.7273035049438477,1.7601251602172852,0.42787426710128784,1.1963121891021729,-1.2773101329803467
389.0,-0.4390263259410858,-0.7090219259262085,1.7421798706054688,0.45829257369041443,1.1295806169509888,-1.3867089748382568
390.0,-0.43329834938049316,-0.6994451284408569,1.7186869382858276,0.4979917109012604,1.1504765748977661,-1.4401543140411377
391.0,-0.4484705626964569,-0.6828581094741821,1.7012391090393066,0.5298008918762207,1.1034271717071533,-1.5206358432769775
392.0,-0.47170764207839966,-0.648428738117218,1.6664477586746216,0.6000252366065979,1.0241353511810303,-1.6615042686462402
393.0,-0.47170764207839966,-0.648428738117218,1.6664477586746216,0.6000252366065979,1.0241353511810303,-1.6615042686462402
394.0,-0.4715988337993622,-0.6502364873886108,1.669053077697754,0.5792266726493835,1.010776400566101,-1.6425660848617554
395.0,-0.47135961055755615,-0.6539267301559448,1.674468755722046,0.5361478924751282,0.9831076264381409,-1.603340744972229
396.0,-0.47098109126091003,-0.6593180894851685,1.6825443506240845,0.47216764092445374,0.9420166611671448,-1.5450843572616577
397.0,-0.4704557955265045,-0.6661995649337769,1.6930890083312988,0.38899099826812744,0.888602077960968,-1.4693524837493896
398.0,-0.46977654099464417,-0.6743575930595398,1.7059078216552734,0.28835850954055786,0.8239834904670715,-1.3777315616607666
399.0,-0.4689362943172455,-0.6835775375366211,1.7208048105239868,0.17201443016529083,0.7492827773094177,-1.2718119621276855
400.0,-0.46792808175086975,-0.6936448216438293,1.737584114074707,0.04170328751206398,0.6656217575073242,-1.1531845331192017
401.0,-0.4667445123195648,-0.7043448090553284,1.75605046749115,-0.10083033889532089,0.5741215944290161,-1.023439645767212
402.0,-0.46537864208221436,-0.7154621481895447,1.7760080099105835,-0.25384220480918884,0.47590363025665283,-0.8841668963432312
403.0,-0.4638232886791229,-0.7267820239067078,1.7972605228424072,-0.41558828949928284,0.3720897138118744,-0.7369553446769714
404.0,-0.4620719254016876,-0.7380906343460083,1.8196113109588623,-0.5843253135681152,0.26380085945129395,-0.5833941698074341
405.0,-0.4601200819015503,-0.7491834163665771,1.842861533164978,-0.7583099603652954,0.15215657651424408,-0.425072580575943
406.0,-0.4579792618751526,-0.7599132657051086,1.866790771484375,-0.9357953071594238,0.03827391937375069,-0.26357942819595337
407.0,-0.45566508173942566,-0.7701475024223328,1.891173005104065,-1.1150341033935547,-0.07673013210296631,-0.10050337761640549
408.0,-0.45319366455078125,-0.7797547578811646,1.9157812595367432,-1.2942789793014526,-0.19173891842365265,0.0625668615102768
409.0,-0.45058178901672363,-0.7886055707931519,1.9403870105743408,-1.4717819690704346,-0.3056357502937317,0.2240424007177353
410.0,-0.4478501081466675,-0.7965844869613647,1.9647570848464966,-1.6457947492599487,-0.4173036217689514,0.3823343515396118
411.0,-0.44504478573799133,-0.8036743402481079,1.9886250495910645,-1.8145700693130493,-0.5256221890449524,0.5358549952507019
412.0,-0.4422212839126587,-0.8099077939987183,2.0117058753967285,-1.9763613939285278,-0.6294695734977722,0.6830173134803772
413.0,-0.4394361078739166,-0.8153254985809326,2.0337119102478027,-2.129422426223755,-0.7277237176895142,0.822235107421875
414.0,-0.4367457330226898,-0.8199683427810669,2.0543553829193115,-2.2720067501068115,-0.8192618489265442,0.9519208669662476
415.0,-0.43420669436454773,-0.8238770961761475,2.0733489990234375,-2.4023690223693848,-0.9029611349105835,1.0704872608184814
416.0,-0.43187546730041504,-0.827092707157135,2.0904054641723633,-2.5187630653381348,-0.9776987433433533,1.1763471364974976
417.0,-0.42980799078941345,-0.8296566009521484,2.1052370071411133,-2.6194422245025635,-1.0423516035079956,1.2679129838943481
418.0,-0.4280604124069214,-0.8316105008125305,2.1175553798675537,-2.7026607990264893,-1.0957962274551392,1.3435968160629272
419.0,-0.42668861150741577,-0.8329967856407166,2.1270720958709717,-2.7666754722595215,-1.1369107961654663,1.401814341545105
420.0,-0.42574796080589294,-0.8338585495948792,2.133505344390869,-2.8097782135009766,-1.1645959615707397,1.441012978553772
421.0,-0.4252864718437195,-0.8342437744140625,2.1366219520568848,-2.8305883407592773,-1.1779632568359375,1.4599382877349854
422.0,-0.4252864718437195,-0.8342437744140625,2.1366219520568848,-2.8305883407592773,-1.1779632568359375,1.4599382877349854
423.0,-0.4252864718437195,-0.8342437744140625,2.1366219520568848,-2.8305883407592773,-1.1779632568359375,1.4599382877349854
424.0,-0.4271341860294342,-0.8323097229003906,2.098783254623413,-2.7402877807617188,-1.166696310043335,1.3282380104064941
425.0,-0.4130524694919586,-0.8345732688903809,2.0824904441833496,-2.716362714767456,-1.209818959236145,1.2877954244613647
426.0,-0.3895929455757141,-0.8386690616607666,2.0629525184631348,-2.685039520263672,-1.2848998308181763,1.197402834892273
427.0,-0.4248076379299164,-0.8296687006950378,2.0460143089294434,-2.604135513305664,-1.1689835786819458,1.1287866830825806
428.0,-0.4116494059562683,-0.8282666206359863,2.0026652812957764,-2.4990577697753906,-1.2109566926956177,0.9510844945907593
429.0,-0.4291650950908661,-0.8171408176422119,1.9773966073989868,-2.4168026447296143,-1.1547296047210693,0.8935157656669617
430.0,-0.4396924376487732,-0.7971245646476746,1.9213885068893433,-2.2624547481536865,-1.1122499704360962,0.7642461657524109
431.0,-0.4228713810443878,-0.7955681681632996,1.898108959197998,-2.225370168685913,-1.1621512174606323,0.6909288763999939
432.0,-0.3992789685726166,-0.7828487753868103,1.8468122482299805,-2.1396982669830322,-1.22408127784729,0.5617473125457764
433.0,-0.3765700161457062,-0.7996237277984619,1.8732107877731323,-2.2209548950195312,-1.3017534017562866,0.5328713059425354
434.0,-0.3692495822906494,-0.7887570261955261,1.8453707695007324,-2.1784355640411377,-1.3145666122436523,0.484252005815506
435.0,-0.3567732274532318,-0.8010980486869812,1.8712233304977417,-2.2432751655578613,-1.3563209772109985,0.46901214122772217
436.0,-0.3336115777492523,-0.7995046377182007,1.8628690242767334,-2.2561473846435547,-1.419171929359436,0.36345934867858887
437.0,-0.3326672911643982,-0.7911820411682129,1.8426754474639893,-2.2191572189331055,-1.4095515012741089,0.3600301742553711
438.0,-0.33807793259620667,-0.7751317620277405,1.8070546388626099,-2.148486375808716,-1.3825961351394653,0.3659042716026306
439.0,-0.3403072953224182,-0.7640387415885925,1.7834628820419312,-2.1041438579559326,-1.3707656860351562,0.35970738530158997
440.0,-0.3416021466255188,-0.7518854141235352,1.7582728862762451,-2.0545458793640137,-1.3552169799804688,0.35555127263069153
441.0,-0.33060920238494873,-0.7346594929695129,1.7197275161743164,-1.9956761598587036,-1.3692595958709717,0.30893245339393616
442.0,-0.3073183000087738,-0.7229238152503967,1.6913939714431763,-1.9735506772994995,-1.414936900138855,0.2397748827934265
443.0,-0.30875369906425476,-0.7451616525650024,1.7383759021759033,-2.0631155967712402,-1.4302791357040405,0.25045329332351685
444.0,-0.3131890594959259,-0.7544848322868347,1.758746862411499,-2.0939650535583496,-1.425981044769287,0.2697180211544037
445.0,-0.3228464424610138,-0.7588460445404053,1.769235610961914,-2.1006903648376465,-1.4077781438827515,0.30185216665267944
446.0,-0.30385544896125793,-0.7675558924674988,1.786451816558838,-2.1537084579467773,-1.454034686088562,0.2450304478406906
447.0,-0.31310948729515076,-0.7778725028038025,1.809913158416748,-2.1832714080810547,-1.4407020807266235,0.2830280065536499
448.0,-0.2974356710910797,-0.7552779316902161,1.759467601776123,-2.1139206886291504,-1.458730697631836,0.2214227169752121
449.0,-0.280853807926178,-0.7589828968048096,1.7675620317459106,-2.1477620601654053,-1.4941072463989258,0.1648346334695816
450.0,-0.2750406265258789,-0.7557832598686218,1.7612988948822021,-2.144998550415039,-1.4994279146194458,0.15372326970100403
451.0,-0.271524041891098,-0.7467947602272034,1.7418664693832397,-2.1156399250030518,-1.4967572689056396,0.1518649160861969
452.0,-0.25088393688201904,-0.7363090515136719,1.7193094491958618,-2.0953118801116943,-1.526098608970642,0.0902850478887558
453.0,-0.26521652936935425,-0.7113678455352783,1.662858009338379,-1.9674968719482422,-1.4887744188308716,0.1314435750246048
454.0,-0.27420464158058167,-0.7113487124443054,1.6636019945144653,-1.9595175981521606,-1.4725911617279053,0.15393990278244019
455.0,-0.28073856234550476,-0.7188332676887512,1.6799589395523071,-1.9855901002883911,-1.4664709568023682,0.16961167752742767
456.0,-0.2865423858165741,-0.7261853814125061,1.6960862874984741,-2.010256767272949,-1.4595201015472412,0.18712006509304047
457.0,-0.2904253900051117,-0.7352705001831055,1.7158375978469849,-2.0440609455108643,-1.4604666233062744,0.19556380808353424
458.0,-0.2888862192630768,-0.6952723264694214,1.6326812505722046,-1.8821700811386108,-1.4355276823043823,0.18438968062400818
459.0,-0.28748446702957153,-0.672451913356781,1.5876460075378418,-1.7925148010253906,-1.4254006147384644,0.1725740283727646
460.0,-0.3062646985054016,-0.6830151081085205,1.6117901802062988,-1.8170009851455688,-1.3901782035827637,0.21748287975788116
461.0,-0.3212747275829315,-0.6927965879440308,1.634173035621643,-1.8405630588531494,-1.36293363571167,0.2540155053138733
462.0,-0.3277810215950012,-0.7027180194854736,1.6552009582519531,-1.8738816976547241,-1.3549435138702393,0.2749488353729248
463.0,-0.3519854247570038,-0.7177455425262451,1.691697597503662,-1.9088226556777954,-1.3056174516677856,0.34113451838493347
464.0,-0.35287538170814514,-0.6947208642959595,1.6479524374008179,-1.8172014951705933,-1.2841018438339233,0.3197553753852844
465.0,-0.38195353746414185,-0.6981449723243713,1.6674728393554688,-1.805060863494873,-1.2100894451141357,0.3721877932548523
466.0,-0.3814104497432709,-0.6659919023513794,1.608856201171875,-1.681504249572754,-1.1900453567504883,0.3262988030910492
467.0,-0.3508460819721222,-0.6272337436676025,1.5265748500823975,-1.5646142959594727,-1.2481032609939575,0.24385862052440643
468.0,-0.32726961374282837,-0.6034111380577087,1.4753904342651367,-1.4973711967468262,-1.3000143766403198,0.19079627096652985
469.0,-0.28990402817726135,-0.6098269820213318,1.4730669260025024,-1.548455834388733,-1.3911586999893188,0.1450088918209076
470.0,-0.2895256280899048,-0.5707066655158997,1.407474160194397,-1.413737416267395,-1.3772507905960083,0.12453560531139374
471.0,-0.25643375515937805,-0.6227902173995972,1.4886029958724976,-1.6218175888061523,-1.4680439233779907,0.09641247987747192
472.0,-0.2449570894241333,-0.6024671792984009,1.450238823890686,-1.5535694360733032,-1.485222578048706,0.07271268218755722
473.0,-0.2386842668056488,-0.5686429142951965,1.390755295753479,-1.4370555877685547,-1.4926602840423584,0.05507582426071167
474.0,-0.2366897016763687,-0.589447557926178,1.5080758333206177,-1.842077612876892,-1.5090006589889526,0.08150448650121689
475.0,-0.23896783590316772,-0.5852879881858826,1.50380539894104,-1.845991849899292,-1.5167646408081055,0.07190991193056107
476.0,-0.24954064190387726,-0.5919992327690125,1.5146663188934326,-1.8427377939224243,-1.4837279319763184,0.11372329294681549
477.0,-0.2608183026313782,-0.5909038782119751,1.517041802406311,-1.8472235202789307,-1.4717525243759155,0.12942343950271606
478.0,-0.26952970027923584,-0.5950340628623962,1.525268316268921,-1.8472115993499756,-1.4486944675445557,0.157635897397995
479.0,-0.2704488933086395,-0.5920683741569519,1.5224626064300537,-1.8514620065689087,-1.4571304321289062,0.1481882482767105
480.0,-0.3011574149131775,-0.6021198630332947,1.5477333068847656,-1.8572930097579956,-1.3883225917816162,0.23009076714515686
481.0,-0.3274955153465271,-0.6088108420372009,1.570434808731079,-1.8708947896957397,-1.337465763092041,0.28868940472602844
482.0,-0.33585020899772644,-0.6107433438301086,1.5786422491073608,-1.8785384893417358,-1.3241773843765259,0.30466198921203613
483.0,-0.34452351927757263,-0.6116373538970947,1.5863010883331299,-1.8888744115829468,-1.3155467510223389,0.31660810112953186
484.0,-0.35103631019592285,-0.6126449704170227,1.5923213958740234,-1.895706295967102,-1.307206392288208,0.3271687924861908
485.0,-0.3769215941429138,-0.6296288371086121,1.6391898393630981,-1.9464621543884277,-1.2442301511764526,0.41148221492767334
486.0,-0.394793838262558,-0.6463725566864014,1.6908122301101685,-2.039212226867676,-1.2229148149490356,0.4833498001098633
487.0,-0.37351515889167786,-0.6564369201660156,1.7157942056655884,-2.152975559234619,-1.3005023002624512,0.47671324014663696
488.0,-0.3840477466583252,-0.6759464740753174,1.7844988107681274,-2.302576780319214,-1.3100285530090332,0.5775009989738464
489.0,-0.38864865899086,-0.6830803155899048,1.8137397766113281,-2.367647886276245,-1.3149049282073975,0.6304925680160522
490.0,-0.38686296343803406,-0.6904191374778748,1.845708966255188,-2.451312303543091,-1.3464528322219849,0.6680934429168701
491.0,-0.40574654936790466,-0.696591317653656,1.8771440982818604,-2.4899563789367676,-1.3122478723526,0.7627794742584229
492.0,-0.42206427454948425,-0.7077906131744385,1.9413787126541138,-2.609118938446045,-1.3118854761123657,0.9130398035049438
493.0,-0.41563209891319275,-0.7147327065467834,1.9912532567977905,-2.72873592376709,-1.3778481483459473,1.0148488283157349
494.0,-0.3987971842288971,-0.7056242227554321,1.9853079319000244,-2.7944495677948,-1.4709185361862183,1.1699219942092896
495.0,-0.39084601402282715,-0.7037644386291504,1.9668012857437134,-2.764037847518921,-1.4592454433441162,1.1774710416793823
496.0,-0.38693487644195557,-0.7024708986282349,1.953105092048645,-2.7380223274230957,-1.4499706029891968,0.9643718600273132
497.0,-0.3696727156639099,-0.6929518580436707,1.9239213466644287,-2.733051061630249,-1.4911131858825684,1.2001312971115112
498.0,-0.3672517240047455,-0.6941835880279541,1.913056492805481,-2.6946122646331787,-1.4654260873794556,0.8343865275382996
499.0,-0.3607363998889923,-0.6880218386650085,1.9064654111862183,-2.72220516204834,-1.5017218589782715,1.2094357013702393
500.0,-0.35678809881210327,-0.6897779107093811,1.8940067291259766,-2.6757586002349854,-1.4742426872253418,1.2129210233688354
501.0,-0.34931647777557373,-0.6869597434997559,1.884509801864624,-2.6712303161621094,-1.4827625751495361,1.2207462787628174
502.0,-0.3433622121810913,-0.6812206506729126,1.8798761367797852,-2.700673818588257,-1.5126585960388184,1.2271946668624878
503.0,-0.3344787061214447,-0.6809186935424805,1.8665765523910522,-2.667416572570801,-1.5020421743392944,1.236154317855835
504.0,-0.3332352042198181,-0.6757035851478577,1.862083077430725,-2.691180944442749,-1.521916151046753,1.2375199794769287
505.0,-0.3161628544330597,-0.6743224263191223,1.8459054231643677,-2.6586296558380127,-1.518143892288208,1.2548346519470215
506.0,-0.31048721075057983,-0.6723005175590515,1.8385065793991089,-2.6524899005889893,-1.5210645198822021,1.260596752166748
507.0,-0.30068379640579224,-0.6673489809036255,1.8306982517242432,-2.666790246963501,-1.534600853919983,1.2703553438186646
508.0,-0.29670262336730957,-0.6623349785804749,1.8188501596450806,-2.6671955585479736,-1.5415692329406738,1.2743295431137085
509.0,-0.2893672287464142,-0.6625678539276123,1.8172590732574463,-2.662781000137329,-1.5423120260238647,1.2817106246948242
510.0,-0.28440892696380615,-0.6641032695770264,1.8149595260620117,-2.646036386489868,-1.5387241840362549,1.2868283987045288
511.0,-0.2777816355228424,-0.6612062454223633,1.810736894607544,-2.655146837234497,-1.5453317165374756,1.2933647632598877
512.0,-0.2821478545665741,-0.6584299206733704,1.8065626621246338,-2.661034345626831,-1.5475308895111084,1.2889200448989868
513.0,-0.2718146741390228,-0.6547632813453674,1.7961167097091675,-2.6572554111480713,-1.5519860982894897,1.2992511987686157
514.0,-0.2710767686367035,-0.6598767638206482,1.8061283826828003,-2.6518280506134033,-1.5479106903076172,1.3000938892364502
515.0,-0.26270994544029236,-0.6534295082092285,1.7917354106903076,-2.6551408767700195,-1.5547596216201782,1.3083609342575073
516.0,-0.24544821679592133,-0.6492299437522888,1.7802934646606445,-2.652428150177002,-1.5605565309524536,1.3255938291549683
517.0,-0.23372039198875427,-0.6464759111404419,1.7729175090789795,-2.650710344314575,-1.5639984607696533,1.3372976779937744
518.0,-0.2272603064775467,-0.6443676948547363,1.7670607566833496,-2.6483347415924072,-1.5657117366790771,1.3437453508377075
519.0,-0.23097853362560272,-0.6503353714942932,1.7841508388519287,-2.658143997192383,-1.5641896724700928,1.34003746509552
520.0,-0.21594713628292084,-0.6464638710021973,1.7740249633789062,-2.6560606956481934,-1.5679069757461548,1.3550299406051636
521.0,-0.20397508144378662,-0.6446587443351746,1.7695521116256714,-2.6558587551116943,-1.5701758861541748,1.366977572441101
522.0,-0.20006544888019562,-0.6406649351119995,1.757464051246643,-2.6472713947296143,-1.5718916654586792,1.3708908557891846
523.0,-0.19731149077415466,-0.6452345252037048,1.7732638120651245,-2.6634681224823,-1.571580410003662,1.3736059665679932
524.0,-0.18390455842018127,-0.6439677476882935,1.7696828842163086,-2.661912202835083,-1.5738024711608887,1.3870019912719727
525.0,-0.18075650930404663,-0.6398780345916748,1.7553497552871704,-2.646970748901367,-1.5756053924560547,1.3901803493499756
526.0,-0.17152132093906403,-0.6392387747764587,1.7531914710998535,-2.644965410232544,-1.5771565437316895,1.3994120359420776
527.0,-0.16548822820186615,-0.6391483545303345,1.752999186515808,-2.6450114250183105,-1.5781080722808838,1.4054392576217651
528.0,-0.15674693882465363,-0.6394214034080505,1.7542095184326172,-2.646718978881836,-1.5794235467910767,1.4141682386398315
529.0,-0.1617071032524109,-0.6437035799026489,1.7692756652832031,-2.6626534461975098,-1.5784697532653809,1.4091815948486328
530.0,-0.15011948347091675,-0.6448163390159607,1.77352774143219,-2.667515754699707,-1.5801547765731812,1.420752763748169
531.0,-0.1444651186466217,-0.6453267335891724,1.7748908996582031,-2.6678311824798584,-1.5814486742019653,1.426405668258667
532.0,-0.13802431523799896,-0.6461511254310608,1.7767701148986816,-2.6673736572265625,-1.5832414627075195,1.4328484535217285
533.0,-0.13081400096416473,-0.6416775584220886,1.7614853382110596,-2.65201997756958,-1.5854203701019287,1.4400743246078491
534.0,-0.1263379603624344,-0.6465654373168945,1.7763614654541016,-2.662628412246704,-1.5870075225830078,1.4445418119430542
535.0,-0.12123893201351166,-0.6482654213905334,1.7813518047332764,-2.6652894020080566,-1.5886530876159668,1.449637770652771
536.0,-0.11605868488550186,-0.6451970338821411,1.7715485095977783,-2.656694173812866,-1.5902737379074097,1.4548205137252808
537.0,-0.12237156927585602,-0.6499000787734985,1.806999921798706,-2.7292490005493164,-1.5670726299285889,1.4484241008758545
538.0,-0.12153486907482147,-0.6532403230667114,1.816360354423523,-2.7319459915161133,-1.567910075187683,1.4492610692977905
539.0,-0.11133161932229996,-0.6514912843704224,1.810861587524414,-2.729120969772339,-1.567679524421692,1.459464192390442
540.0,-0.1059533953666687,-0.6525931358337402,1.8138326406478882,-2.729787588119507,-1.5683608055114746,1.4648427963256836
541.0,-0.09405548125505447,-0.6569450497627258,1.8256357908248901,-2.7324087619781494,-1.570937156677246,1.476743221282959
542.0,-0.09667576104402542,-0.6594842672348022,1.83257257938385,-2.733944892883301,-1.5724782943725586,1.4741253852844238
543.0,-0.0922781452536583,-0.6606178879737854,1.8358536958694458,-2.7351880073547363,-1.5736902952194214,1.4785234928131104
544.0,-0.0852302759885788,-0.6632080078125,1.8432115316390991,-2.737610101699829,-1.5764389038085938,1.4855725765228271
545.0,-0.0739380493760109,-0.6657797694206238,1.8512109518051147,-2.741609811782837,-1.5790839195251465,1.4968643188476562
546.0,-0.06966273486614227,-0.6681884527206421,1.8584731817245483,-2.7448058128356934,-1.5818973779678345,1.5011394023895264
547.0,-0.06530755758285522,-0.6696537733078003,1.8630783557891846,-2.7471580505371094,-1.5836230516433716,1.5054938793182373
548.0,-0.05981629714369774,-0.6713162064552307,1.8686811923980713,-2.7506535053253174,-1.585385799407959,1.5109837055206299
549.0,-0.054196275770664215,-0.6717331409454346,1.870909571647644,-2.753389596939087,-1.5854181051254272,1.5166023969650269
550.0,-0.05274767801165581,-0.6743535995483398,1.8789258003234863,-2.7569401264190674,-1.588649868965149,1.5180500745773315
551.0,-0.04154985770583153,-0.6789522767066956,1.895982265472412,-2.7700703144073486,-1.5934292078018188,1.5292431116104126
552.0,-0.02133186161518097,-0.6740245223045349,1.8695142269134521,-2.722573757171631,-1.6436281204223633,1.5494296550750732
553.0,-0.02824787236750126,-0.6700138449668884,1.8546979427337646,-2.7108569145202637,-1.6358897686004639,1.542518973350525
554.0,-0.03264489769935608,-0.6680223345756531,1.8473039865493774,-2.7049365043640137,-1.6325154304504395,1.5381255149841309
555.0,-0.03175021708011627,-0.6727196574211121,1.8533363342285156,-2.6891307830810547,-1.6605781316757202,1.538985252380371
556.0,-0.04847178980708122,-0.666377604007721,1.8319085836410522,-2.6765835285186768,-1.6392943859100342,1.5223069190979004
557.0,-0.04565299302339554,-0.6626152396202087,1.8275517225265503,-2.6892893314361572,-1.6233406066894531,1.5251346826553345
558.0,-0.05135784298181534,-0.6604435443878174,1.8200714588165283,-2.6839938163757324,-1.6197457313537598,1.5194382667541504
559.0,-0.05448448657989502,-0.6639511585235596,1.826322078704834,-2.678835868835449,-1.6288813352584839,1.5163097381591797
560.0,-0.059960950165987015,-0.6622090935707092,1.8194364309310913,-2.6720800399780273,-1.6262001991271973,1.5108482837677002
561.0,-0.05644739419221878,-0.6580902338027954,1.8123136758804321,-2.678879737854004,-1.6159573793411255,1.5143580436706543
562.0,-0.06662124395370483,-0.660801112651825,1.812699556350708,-2.663353443145752,-1.6248867511749268,1.5042091608047485
563.0,-0.07406820356845856,-0.6586560606956482,1.8070834875106812,-2.6631906032562256,-1.6178550720214844,1.4967767000198364
564.0,-0.07414184510707855,-0.6527782082557678,1.7947453260421753,-2.66756534576416,-1.6066926717758179,1.4966912269592285
565.0,-0.08034974336624146,-0.6538740396499634,1.7967264652252197,-2.6671135425567627,-1.6064143180847168,1.4904931783676147
566.0,-0.06696438789367676,-0.6545975208282471,1.8008368015289307,-2.671548843383789,-1.6100142002105713,1.5038576126098633
567.0,0.005776690784841776,-0.6072663068771362,1.4948440790176392,-1.613914966583252,-2.06046462059021,-0.39577093720436096
568.0,0.0028096905443817377,-0.5805643796920776,1.4452550411224365,-1.511317491531372,-2.063255786895752,-0.3428178131580353
569.0,-0.03322877362370491,-0.5940473675727844,1.4531747102737427,-1.5696576833724976,-1.9599084854125977,-0.31552189588546753
570.0,-0.047202203422784805,-0.544106125831604,1.361122727394104,-1.3910937309265137,-1.9403215646743774,-0.22946901619434357
571.0,-0.0674067884683609,-0.5529102087020874,1.369788646697998,-1.423701286315918,-1.8864701986312866,-0.2122725397348404
572.0,-0.08231551200151443,-0.5759152770042419,1.4059392213821411,-1.506361961364746,-1.8438146114349365,-0.21313153207302094
573.0,-0.0737033560872078,-0.6293248534202576,1.506835699081421,-1.7118550539016724,-1.8436707258224487,-0.2889444828033447
574.0,-0.06741553544998169,-0.6619270443916321,1.573327898979187,-1.8477121591567993,-1.8348931074142456,-0.34082669019699097
575.0,-0.07374358922243118,-0.6813326478004456,1.6108899116516113,-1.9209887981414795,-1.8114839792251587,-0.3493884205818176
576.0,-0.07306519895792007,-0.693934440612793,1.636675238609314,-1.967393159866333,-1.8073065280914307,-0.36794403195381165
577.0,-0.08240398019552231,-0.692742645740509,1.6316934823989868,-1.9600588083267212,-1.7913686037063599,-0.3429877758026123
578.0,-0.1047229915857315,-0.6919211149215698,1.6266249418258667,-1.958254337310791,-1.7502572536468506,-0.28497380018234253
579.0,-0.10901389271020889,-0.6818870902061462,1.6061071157455444,-1.9238485097885132,-1.7444630861282349,-0.26267948746681213
580.0,-0.12434709072113037,-0.6697703003883362,1.5806001424789429,-1.8814679384231567,-1.7195028066635132,-0.21319977939128876
581.0,-0.131461039185524,-0.6652370691299438,1.571029543876648,-1.8653748035430908,-1.7070657014846802,-0.1914917379617691
582.0,-0.1523134857416153,-0.6864432096481323,1.6110841035842896,-1.9332399368286133,-1.6696542501449585,-0.1553952693939209
583.0,-0.17392536997795105,-0.6858817934989929,1.6086889505386353,-1.9234381914138794,-1.6327952146530151,-0.09633060544729233
584.0,-0.18342678248882294,-0.6838898658752441,1.6043543815612793,-1.9125885963439941,-1.616896629333496,-0.07042667269706726
585.0,-0.19093714654445648,-0.6891298294067383,1.614486575126648,-1.9270282983779907,-1.604142427444458,-0.05206817761063576
586.0,-0.2005128264427185,-0.6889436841011047,1.6139113903045654,-1.9208316802978516,-1.5891242027282715,-0.028276856988668442
587.0,-0.21883490681648254,-0.6908689141273499,1.6176233291625977,-1.916006088256836,-1.5596082210540771,0.017017269507050514
588.0,-0.22764042019844055,-0.6943466663360596,1.624509334564209,-1.9216190576553345,-1.545727252960205,0.03829597309231758
589.0,-0.2370457649230957,-0.682732105255127,1.6023823022842407,-1.8758108615875244,-1.5284479856491089,0.05990717560052872
590.0,-0.24505296349525452,-0.691432535648346,1.6195958852767944,-1.8987886905670166,-1.5151140689849854,0.08114013820886612
591.0,-0.2512728273868561,-0.7015888690948486,1.6410719156265259,-1.9363664388656616,-1.5090125799179077,0.09521640837192535
592.0,-0.26199600100517273,-0.6865049004554749,1.6120107173919678,-1.8720672130584717,-1.4850443601608276,0.11834531277418137
593.0,-0.24676227569580078,-0.6758297681808472,1.589997410774231,-1.8459486961364746,-1.5100966691970825,0.08146302402019501
594.0,-0.23877356946468353,-0.6650171875953674,1.56797194480896,-1.809722900390625,-1.5213866233825684,0.06302773207426071
595.0,-0.2249702364206314,-0.6413604617118835,1.5201023817062378,-1.7192836999893188,-1.5358500480651855,0.03900201991200447
596.0,-0.20242568850517273,-0.6575673818588257,1.5520118474960327,-1.805173397064209,-1.5846269130706787,-0.017815643921494484
597.0,-0.2130960077047348,-0.6742363572120667,1.5852844715118408,-1.8636245727539062,-1.5687509775161743,0.0028758086264133453
598.0,-0.18349982798099518,-0.6663989424705505,1.5703126192092896,-1.8532612323760986,-1.6182223558425903,-0.06610699743032455
599.0,-0.17374062538146973,-0.6678887009620667,1.573146104812622,-1.859937310218811,-1.6347696781158447,-0.09004418551921844
600.0,-0.16076113283634186,-0.6570584177970886,1.5517010688781738,-1.821989893913269,-1.658174753189087,-0.11584795266389847
601.0,-0.17781125009059906,-0.6159886717796326,1.469465732574463,-1.6398926973342896,-1.625603199005127,-0.054836053401231766
602.0,-0.15148793160915375,-0.5855419039726257,1.4139430522918701,-1.5323443412780762,-1.685045599937439,-0.09649205207824707
603.0,-0.13990308344364166,-0.5398673415184021,1.335806131362915,-1.3749642372131348,-1.7165640592575073,-0.09467847645282745
604.0,-0.12503387033939362,-0.5425747632980347,1.341673731803894,-1.3863834142684937,-1.75314199924469,-0.12012209743261337
605.0,-0.11098702996969223,-0.5286979675292969,1.3201826810836792,-1.342104196548462,-1.7882699966430664,-0.13170291483402252
606.0,-0.11209055036306381,-0.5098958015441895,1.3424627780914307,-1.5245579481124878,-1.7397119998931885,-0.1384228765964508
607.0,-0.11864866316318512,-0.4722036123275757,1.2691189050674438,-1.358665108680725,-1.7349400520324707,-0.1024867445230484
608.0,-0.12251432240009308,-0.475382924079895,1.2668554782867432,-1.3346189260482788,-1.730575442314148,-0.09575735032558441
609.0,-0.1310984194278717,-0.48882782459259033,1.301478624343872,-1.4384468793869019,-1.712593674659729,-0.10178034007549286
610.0,-0.13842514157295227,-0.5088308453559875,1.3385186195373535,-1.5199742317199707,-1.697817087173462,-0.10423500090837479
611.0,-0.1421416848897934,-0.46153342723846436,1.2502821683883667,-1.3252265453338623,-1.7005293369293213,-0.07677850872278214
612.0,-0.15337808430194855,-0.46537405252456665,1.2539434432983398,-1.3232362270355225,-1.684369444847107,-0.06701337546110153
613.0,-0.16048015654087067,-0.4716569781303406,1.2594112157821655,-1.3181103467941284,-1.6748573780059814,-0.06083572655916214
614.0,-0.16176417469978333,-0.467084676027298,1.2596924304962158,-1.3400171995162964,-1.671122670173645,-0.06097537651658058
615.0,-0.1683126837015152,-0.4704032838344574,1.2643760442733765,-1.3448597192764282,-1.6614700555801392,-0.055569685995578766
616.0,-0.1859896034002304,-0.49852341413497925,1.3188698291778564,-1.460945963859558,-1.6266605854034424,-0.041599784046411514
617.0,-0.196654811501503,-0.5562493801116943,1.4347643852233887,-1.71700918674469,-1.5982048511505127,-0.03047208860516548
618.0,-0.18317638337612152,-0.560981810092926,1.4448074102401733,-1.7490984201431274,-1.6200557947158813,-0.05774390324950218
619.0,-0.1581370085477829,-0.5450830459594727,1.4106149673461914,-1.678550124168396,-1.6616535186767578,-0.09559572488069534
620.0,-0.18375186622142792,-0.5508301258087158,1.353992223739624,-1.400319218635559,-1.611095666885376,-0.027388116344809532
621.0,-0.21620742976665497,-0.5795460939407349,1.488634705543518,-1.8312020301818848,-1.5582033395767212,0.016608651727437973
622.0,-0.22670890390872955,-0.5873847603797913,1.502851128578186,-1.8410133123397827,-1.5281894207000732,0.05652541294693947
623.0,-0.222662091255188,-0.6487942337989807,1.8044449090957642,-2.729874610900879,-1.5736079216003418,1.348134160041809
624.0,-0.22043906152248383,-0.6517764925956726,1.8133095502853394,-2.73354434967041,-1.5740615129470825,1.350356101989746
625.0,-0.21168304979801178,-0.6501675248146057,1.8092902898788452,-2.7334392070770264,-1.5736585855484009,1.3591132164001465
626.0,-0.2029377967119217,-0.6452162265777588,1.7946139574050903,-2.7272250652313232,-1.5718915462493896,1.3678629398345947
627.0,-0.19767622649669647,-0.6486276388168335,1.8057307004928589,-2.734067916870117,-1.572400450706482,1.3731231689453125
628.0,-0.18950992822647095,-0.6448802351951599,1.7941700220108032,-2.7281577587127686,-1.570678472518921,1.381292462348938
629.0,-0.1839907467365265,-0.6449503898620605,1.7944852113723755,-2.7285094261169434,-1.5702317953109741,1.3868117332458496
630.0,-0.18006102740764618,-0.6465463042259216,1.799830436706543,-2.732133388519287,-1.5699101686477661,1.390741229057312
631.0,-0.17498821020126343,-0.645917534828186,1.7978266477584839,-2.7309513092041016,-1.5695046186447144,1.3958141803741455
632.0,-0.17104297876358032,-0.6441167593002319,1.791874885559082,-2.7270236015319824,-1.569211483001709,1.3997595310211182
633.0,-0.1774013787508011,-0.6436880826950073,1.7904270887374878,-2.726020097732544,-1.5697047710418701,1.3934013843536377
634.0,-0.18710575997829437,-0.6482093930244446,1.8049242496490479,-2.734640121459961,-1.5711830854415894,1.383695125579834
635.0,-0.1614743173122406,-0.6474267244338989,1.8022466897964478,-2.7326903343200684,-1.5682862997055054,1.4093259572982788
636.0,-0.16049158573150635,-0.6448964476585388,1.794124722480774,-2.7278804779052734,-1.5684930086135864,1.4103096723556519
637.0,-0.14979426562786102,-0.6448789238929749,1.7936204671859741,-2.7266719341278076,-1.5676995515823364,1.4210056066513062
638.0,-0.15110820531845093,-0.6477839350700378,1.8027822971343994,-2.731755256652832,-1.567307472229004,1.4196903705596924
639.0,-0.14629724621772766,-0.6486957669258118,1.8052046298980713,-2.732180595397949,-1.5671125650405884,1.4245002269744873
640.0,-0.14100420475006104,-0.6455597877502441,1.7951905727386475,-2.7264225482940674,-1.567295789718628,1.429794192314148
641.0,-0.13189935684204102,-0.6471710801124573,1.7995649576187134,-2.72745680809021,-1.566771388053894,1.4388973712921143
642.0,-0.0955253392457962,-0.6481751799583435,1.7801991701126099,-2.659614324569702,-1.5975208282470703,1.4753361940383911
643.0,-0.026598365977406502,-0.6548323631286621,1.570684552192688,-1.8091440200805664,-1.9403750896453857,-0.4220045506954193
644.0,-0.03158091753721237,-0.6894459128379822,1.6390889883041382,-1.9506731033325195,-1.8980917930603027,-0.4650998115539551
645.0,-0.02952737547457218,-0.7008074522018433,1.663791537284851,-1.9956083297729492,-1.8969825506210327,-0.4926409125328064
646.0,-0.02130311354994774,-0.708297848701477,1.682793140411377,-2.025099754333496,-1.91274893283844,-0.5296157002449036
647.0,-0.025034617632627487,-0.7219865918159485,1.7105276584625244,-2.078547239303589,-1.8900479078292847,-0.541668713092804
648.0,-0.02967163175344467,-0.7362914085388184,1.7403963804244995,-2.1355552673339844,-1.8663076162338257,-0.5547502636909485
649.0,-0.04253247007727623,-0.730763852596283,1.7242616415023804,-2.1155805587768555,-1.8390283584594727,-0.5031922459602356
650.0,-0.055608149617910385,-0.7347032427787781,1.7307735681533813,-2.135780096054077,-1.8113211393356323,-0.47788381576538086
651.0,-0.068962462246418,-0.7420004606246948,1.7455588579177856,-2.1704297065734863,-1.7806367874145508,-0.453470915555954
652.0,-0.06715074181556702,-0.7483142614364624,1.7597579956054688,-2.191746234893799,-1.7787737846374512,-0.4649396240711212
653.0,-0.05622987076640129,-0.7547256350517273,1.774412989616394,-2.2048747539520264,-1.794062614440918,-0.4993448555469513
654.0,-0.040098048746585846,-0.7644933462142944,1.8009792566299438,-2.240751266479492,-1.826807975769043,-0.583128035068512
655.0,-0.03576936572790146,-0.772830605506897,1.8215408325195312,-2.270925283432007,-1.8332486152648926,-0.6199994683265686
656.0,-0.030799290165305138,-0.7795014977455139,1.8394008874893188,-2.2979896068573,-1.8404401540756226,-0.6567482948303223
657.0,-0.027488118037581444,-0.7894367575645447,1.8657807111740112,-2.3410913944244385,-1.8372955322265625,-0.6948168277740479
658.0,-0.02208055555820465,-0.7949885725975037,1.8834956884384155,-2.370204448699951,-1.8502944707870483,-0.7478120923042297
659.0,-0.010281969793140888,-0.7979562878608704,1.8985464572906494,-2.3932018280029297,-1.8834238052368164,-0.8224207162857056
660.0,-0.012823319993913174,-0.8062787055969238,1.9284327030181885,-2.462275743484497,-1.8723864555358887,-0.9017804265022278
661.0,0.017191872000694275,-0.7890662550926208,1.9013367891311646,-2.4054946899414062,-1.9751510620117188,-0.9439981579780579
662.0,0.03066517412662506,-0.7747676968574524,1.872979760169983,-2.3445844650268555,-2.0253539085388184,-0.9171584844589233
663.0,0.02147284895181656,-0.7636932134628296,1.833550214767456,-2.272900342941284,-1.9989396333694458,-0.8227369785308838
664.0,-0.0034434061963111162,-0.775337278842926,1.8439477682113647,-2.298927068710327,-1.9168752431869507,-0.7636780142784119
665.0,-0.021643780171871185,-0.7551841139793396,1.7862107753753662,-2.2086029052734375,-1.877145767211914,-0.6286224722862244
666.0,0.0006705821142531931,-0.7406169176101685,1.7643451690673828,-2.159550189971924,-1.949676752090454,-0.6723165512084961
667.0,-0.002085786545649171,-0.7228132486343384,1.722660779953003,-2.0843660831451416,-1.9538524150848389,-0.6154400110244751
668.0,-0.009563647210597992,-0.7179921865463257,1.708774209022522,-2.064781427383423,-1.9368599653244019,-0.5835314393043518
669.0,-0.009772468358278275,-0.6842697858810425,1.6369818449020386,-1.927772879600525,-1.9601144790649414,-0.5104172825813293
670.0,0.013720597140491009,-0.6756076216697693,1.6309653520584106,-1.8906811475753784,-2.035837173461914,-0.5463213324546814
671.0,0.02433936856687069,-0.6936424374580383,1.6752116680145264,-1.969309687614441,-2.0543298721313477,-0.6140044331550598
672.0,0.018688401207327843,-0.7201595306396484,1.7292417287826538,-2.0810439586639404,-2.0174453258514404,-0.6703760623931885
673.0,0.024328993633389473,-0.7284336090087891,1.7524293661117554,-2.1220953464508057,-2.030501127243042,-0.7146510481834412
674.0,0.02048829384148121,-0.7410786747932434,1.7782090902328491,-2.172034978866577,-2.009319305419922,-0.7391934990882874
675.0,0.056146346032619476,-0.7198636531829834,1.7611294984817505,-2.112863779067993,-2.1417980194091797,-0.7809892892837524
676.0,0.04944665729999542,-0.7516877055168152,1.8333783149719238,-2.263242483139038,-2.1000897884368896,-0.888573169708252
677.0,0.08966270834207535,-0.7245601415634155,1.8228989839553833,-2.221249580383301,-2.2679214477539062,-0.9283550381660461
678.0,0.09119996428489685,-0.7312898635864258,1.8441171646118164,-2.266650438308716,-2.2681286334991455,-0.9669756293296814
679.0,0.09619726985692978,-0.6933780908584595,1.7490872144699097,-2.0342633724212646,-2.312239646911621,-0.7872861623764038
680.0,0.06514458358287811,-0.6809848546981812,1.6822437047958374,-1.9307299852371216,-2.201428174972534,-0.668478786945343
681.0,0.05125333368778229,-0.6837139129638672,1.6753157377243042,-1.9367554187774658,-2.1513137817382812,-0.6493310332298279
682.0,0.043059371411800385,-0.6505893468856812,1.6013284921646118,-1.7905060052871704,-2.150221347808838,-0.5481553673744202
683.0,0.04982135444879532,-0.6129356026649475,1.533726692199707,-1.6287729740142822,-2.192697525024414,-0.4626109302043915
684.0,0.02969740889966488,-0.6049677133560181,1.6031577587127686,-2.0120882987976074,-2.0140469074249268,-0.6031762361526489
685.0,0.022457052022218704,-0.6036506295204163,1.5945115089416504,-1.998824119567871,-2.001434087753296,-0.5845363140106201
686.0,0.01600882038474083,-0.6031791567802429,1.587787389755249,-1.9868048429489136,-1.9945963621139526,-0.5718299746513367
687.0,-0.00017643014143686742,-0.5966291427612305,1.565561294555664,-1.9616718292236328,-1.9465755224227905,-0.5124193429946899
688.0,-0.0029152235947549343,-0.598840057849884,1.566709280014038,-1.95804762840271,-1.9540756940841675,-0.5180850625038147
689.0,-0.008423804305493832,-0.5945761799812317,1.5568839311599731,-1.9508967399597168,-1.9282954931259155,-0.4885661005973816
690.0,-0.012659840285778046,-0.5959410667419434,1.555650234222412,-1.9445717334747314,-1.930249571800232,-0.4873712658882141
691.0,-0.030772943049669266,-0.5922557711601257,1.5394220352172852,-1.9239537715911865,-1.8921984434127808,-0.4375036358833313
692.0,-0.037430331110954285,-0.59138423204422,1.5346474647521973,-1.917333722114563,-1.879689335823059,-0.4207719564437866
693.0,-0.06364721804857254,-0.588771402835846,1.5188883543014526,-1.894724726676941,-1.832651972770691,-0.35737964510917664
694.0,-0.07668691873550415,-0.5829192996025085,1.5057812929153442,-1.88431715965271,-1.7937239408493042,-0.30676987767219543
695.0,-0.10067643225193024,-0.5717806220054626,1.4752410650253296,-1.824276328086853,-1.7480173110961914,-0.22788529098033905
696.0,-0.12522603571414948,-0.607757568359375,1.4569123983383179,-1.6229344606399536,-1.7406333684921265,-0.16366206109523773
697.0,-0.11760780215263367,-0.6261507868766785,1.4930311441421509,-1.6989030838012695,-1.7502551078796387,-0.19351662695407867
698.0,-0.07622900605201721,-0.7206159830093384,1.695247769355774,-2.082136869430542,-1.7816709280014038,-0.3967808187007904
699.0,-0.07011841982603073,-0.7260857224464417,1.7089489698410034,-2.1052005290985107,-1.7889416217803955,-0.4226793944835663
700.0,-0.05691312998533249,-0.7105743288993835,1.6764094829559326,-2.03643536567688,-1.8270890712738037,-0.4342751204967499
701.0,-0.09855414927005768,-0.7718001008033752,1.824164867401123,-2.3373782634735107,-1.648801565170288,-0.25924402475357056
702.0,-0.15723580121994019,-0.8085765242576599,1.9073426723480225,-2.427469491958618,-1.6110596656799316,-0.16158618032932281
703.0,-0.1506762057542801,-0.8376061916351318,1.9880187511444092,-2.5494260787963867,-1.5975350141525269,-0.1528986394405365
704.0,-0.15875570476055145,-0.8426022529602051,2.052156448364258,-2.722752332687378,-1.580013394355774,1.4123060703277588
705.0,-0.17173349857330322,-0.842619776725769,2.0718727111816406,-2.7757506370544434,-1.5750105381011963,1.3991140127182007
706.0,-0.17705273628234863,-0.8436816930770874,2.091440200805664,-2.818554639816284,-1.5707963705062866,1.393743634223938
707.0,-0.1683921217918396,-0.8473309874534607,2.1046745777130127,-2.828758955001831,-1.5718399286270142,1.4024040699005127
708.0,-0.16267302632331848,-0.8451847434043884,2.096683979034424,-2.8222954273223877,-1.5707963705062866,1.408123254776001
709.0,-0.16252240538597107,-0.8424597978591919,2.0843725204467773,-2.8085293769836426,-1.571481704711914,1.4082753658294678
710.0,-0.1390886902809143,-0.8419775366783142,2.0738770961761475,-2.784991502761841,-1.573274850845337,1.4317295551300049
711.0,-0.1767083704471588,-0.8558099269866943,2.1364009380340576,-2.8533854484558105,-1.5735397338867188,1.3940874338150024
712.0,-0.189278706908226,-0.8553019762039185,2.1339476108551025,-2.8506929874420166,-1.5724897384643555,1.3815174102783203
713.0,-0.21872620284557343,-0.8428385257720947,2.0789828300476074,-2.7926390171051025,-1.5739752054214478,1.3520928621292114
714.0,-0.221854105591774,-0.8423182964324951,2.023219585418701,-2.638507843017578,-1.5962697267532349,1.3503854274749756
715.0,-0.22873473167419434,-0.8420835137367249,2.0245344638824463,-2.6444311141967773,-1.5960756540298462,1.3434383869171143
716.0,-0.24483457207679749,-0.8386505842208862,2.0020742416381836,-2.592756509780884,-1.6060093641281128,-0.24234716594219208
717.0,-0.25493723154067993,-0.8362382650375366,1.9911150932312012,-2.569967269897461,-1.6111894845962524,-0.25179052352905273
718.0,-0.2704073488712311,-0.8340132236480713,1.9844334125518799,-2.561293125152588,-1.6149095296859741,-0.26687362790107727
719.0,-0.28139635920524597,-0.8358979821205139,2.0014429092407227,-2.6094932556152344,-1.6073493957519531,1.2917217016220093
720.0,-0.2799343466758728,-0.8387223482131958,2.0227158069610596,-2.662647247314453,-1.5972423553466797,1.292081356048584
721.0,-0.2720634937286377,-0.8391711711883545,2.021016836166382,-2.6541080474853516,-1.5982345342636108,1.3000857830047607
722.0,-0.2822372019290924,-0.840653121471405,2.0529675483703613,-2.737994432449341,-1.5838738679885864,1.2888542413711548
723.0,-0.3280848264694214,-0.8431340456008911,2.0343716144561768,-2.6533515453338623,-1.4686846733093262,0.751400351524353
724.0,-0.29924139380455017,-0.8277587294578552,1.9401994943618774,-2.431410551071167,-1.5411945581436157,0.11453249305486679
725.0,-0.29854923486709595,-0.8175492286682129,1.9109243154525757,-2.378805637359619,-1.5339607000350952,0.1248776987195015
726.0,-0.2908238470554352,-0.8123193979263306,1.8999541997909546,-2.3716137409210205,-1.5461606979370117,0.08332280814647675
727.0,-0.2869913578033447,-0.8015996813774109,1.8806475400924683,-2.3640804290771484,-1.5730843544006348,-0.007787474896758795
728.0,-0.26948025822639465,-0.7927687168121338,1.8667550086975098,-2.370692729949951,-1.5923162698745728,-0.07638323307037354
729.0,-0.268952876329422,-0.7842078804969788,1.845685601234436,-2.3399245738983154,-1.584452509880066,-0.04534107819199562
730.0,-0.2537762522697449,-0.7833360433578491,1.850022792816162,-2.3675947189331055,-1.6047370433807373,-0.12205669283866882
731.0,-0.24637144804000854,-0.7803732752799988,1.8458380699157715,-2.3713834285736084,-1.6104350090026855,-0.1450682431459427
732.0,-0.23997516930103302,-0.7747284770011902,1.8327265977859497,-2.3557777404785156,-1.6085621118545532,-0.1340331882238388
733.0,-0.24079516530036926,-0.765286386013031,1.803745985031128,-2.2956690788269043,-1.5938408374786377,-0.07093653827905655
734.0,-0.25036847591400146,-0.7684177756309509,1.8097504377365112,-2.297976493835449,-1.5887759923934937,-0.05527781695127487
735.0,-0.3095442056655884,-0.8085356950759888,1.8861281871795654,-2.3259189128875732,-1.492282509803772,0.2305622696876526
736.0,-0.31634455919265747,-0.8169941306114197,1.9068022966384888,-2.353497266769409,-1.4894391298294067,0.2508528232574463
737.0,-0.38405686616897583,-0.816406786441803,1.9265838861465454,-2.3347208499908447,-1.2898461818695068,0.6552422046661377
738.0,-0.46188977360725403,-0.8160042762756348,2.0563242435455322,-2.5959205627441406,-1.043643593788147,1.1609162092208862
739.0,-0.45946285128593445,-0.8189392685890198,2.078972339630127,-2.6606738567352295,-1.0541666746139526,1.236046314239502
740.0,-0.5117829442024231,-0.7849203944206238,2.0204849243164062,-2.4116451740264893,-0.8488399982452393,1.0083496570587158
741.0,-0.5137427449226379,-0.7831883430480957,1.9974175691604614,-2.3132526874542236,-0.8374070525169373,0.9195442199707031
742.0,-0.5055482387542725,-0.7781808376312256,1.9619219303131104,-2.2378907203674316,-0.8655809760093689,0.851141631603241
743.0,-0.49854034185409546,-0.7778170704841614,1.9423414468765259,-2.1944639682769775,-0.8814048767089844,0.8140748739242554
744.0,-0.5004705190658569,-0.7674002647399902,1.9258617162704468,-2.1701865196228027,-0.893976092338562,0.785926103591919
745.0,-0.48753541707992554,-0.7617518305778503,1.8891000747680664,-2.0969057083129883,-0.9232302308082581,0.7213301062583923
746.0,-0.4804956912994385,-0.7619479894638062,1.8757585287094116,-2.068033456802368,-0.9338539242744446,0.6981562972068787
747.0,-0.481319785118103,-0.7232849597930908,1.7941752672195435,-1.8682594299316406,-0.920093834400177,0.5553024411201477
748.0,-0.44739267230033875,-0.7385329008102417,1.7902880907058716,-1.9403905868530273,-1.0414693355560303,0.5562065839767456
749.0,-0.4283423125743866,-0.738831639289856,1.7744807004928589,-1.9440935850143433,-1.103102207183838,0.5241421461105347
750.0,-0.40875959396362305,-0.7425397038459778,1.7676703929901123,-1.9657883644104004,-1.167097806930542,0.49405571818351746
751.0,-0.37555673718452454,-0.7464135885238647,1.758294939994812,-2.0029280185699463,-1.2623025178909302,0.4341732859611511
752.0,-0.3739059865474701,-0.7340922951698303,1.732886791229248,-1.9559311866760254,-1.2579861879348755,0.41189461946487427
753.0,-0.4419853687286377,-0.701395571231842,1.7133923768997192,-1.7762409448623657,-1.039526343345642,0.4520898461341858
754.0,-0.34559938311576843,-0.6891666054725647,1.9007378816604614,-2.7066516876220703,-1.5126160383224487,1.2250657081604004
755.0,-0.33747169375419617,-0.6859098672866821,1.916664958000183,-2.7759511470794678,-1.5500199794769287,1.2333012819290161
756.0,-0.3359619975090027,-0.6891809105873108,1.9272416830062866,-2.7820780277252197,-1.5447379350662231,1.2347644567489624
757.0,-0.34494441747665405,-0.6912957429885864,1.9358166456222534,-2.7884140014648438,-1.5436009168624878,1.2257657051086426
758.0,-0.3510702848434448,-0.6931411623954773,1.943058729171753,-2.793550729751587,-1.5421404838562012,1.2196204662322998
759.0,-0.3544292151927948,-0.6963715553283691,1.9550371170043945,-2.8020431995391846,-1.5373536348342896,1.216196894645691
760.0,-0.3576156497001648,-0.6985068917274475,1.9635268449783325,-2.808507204055786,-1.5346251726150513,1.2129672765731812
761.0,-0.36236292123794556,-0.6998301148414612,1.9693622589111328,-2.813126802444458,-1.5339163541793823,1.2082043886184692
762.0,-0.3726789057254791,-0.7046909332275391,1.978799819946289,-2.8017702102661133,-1.520980715751648,1.1977267265319824
763.0,-0.37437090277671814,-0.7077672481536865,2.004255771636963,-2.8428711891174316,-1.5228183269500732,1.195978045463562
764.0,-0.4590279161930084,-0.704265296459198,1.9415258169174194,-2.5320987701416016,-1.175995111465454,0.9361480474472046
765.0,-0.4635066092014313,-0.6895718574523926,1.8690418004989624,-2.3312337398529053,-1.1221611499786377,0.7721173763275146
766.0,-0.4632968604564667,-0.6833921074867249,1.8461779356002808,-2.2734246253967285,-1.109085202217102,0.7321460843086243
767.0,-0.4417729377746582,-0.6846505403518677,1.8370361328125,-2.3058202266693115,-1.1708552837371826,0.720588207244873
768.0,-0.48174792528152466,-0.6516368389129639,1.767608642578125,-2.0211551189422607,-1.008362054824829,0.5966129302978516
769.0,-0.5010839700698853,-0.6610146760940552,1.810915231704712,-2.07460355758667,-0.9689187407493591,0.6440503597259521
770.0,-0.5254393219947815,-0.6627503037452698,1.847855567932129,-2.097360134124756,-0.8870737552642822,0.6846433281898499
771.0,-0.5222623348236084,-0.681528627872467,1.908900260925293,-2.2852017879486084,-0.9221711754798889,0.8203621506690979
772.0,-0.5226271152496338,-0.6888386011123657,1.9439971446990967,-2.387082815170288,-0.9348340630531311,0.9019948244094849
773.0,-0.5120208263397217,-0.6980586647987366,1.9787765741348267,-2.5128486156463623,-0.996325671672821,0.9956738352775574
774.0,-0.5382816791534424,-0.6944624185562134,2.0198440551757812,-2.558138370513916,-0.9115316271781921,1.0497910976409912
775.0,-0.571858823299408,-0.6800624132156372,2.0839953422546387,-2.665825843811035,-0.7903270721435547,1.1449997425079346
776.0,-0.46573716402053833,-0.7137505412101746,2.0380067825317383,-2.762366533279419,-1.2108955383300781,1.208539605140686
777.0,-0.5283539295196533,-0.7628052234649658,1.9686923027038574,-2.210308074951172,-0.7691484093666077,0.8463375568389893
778.0,-0.5349449515342712,-0.7772894501686096,2.0724127292633057,-2.5104684829711914,-0.7666059136390686,1.0949138402938843
779.0,-0.5589578151702881,-0.7594246864318848,2.109295129776001,-2.5752222537994385,-0.6678615212440491,1.1410181522369385
780.0,-0.48918473720550537,-0.6926676034927368,1.7664211988449097,0.4143412113189697,0.9597465395927429,-1.427311897277832
781.0,-0.4715311825275421,-0.7133949995040894,1.7850940227508545,0.3791707456111908,1.016613245010376,-1.3456889390945435
782.0,-0.53466796875,-0.7442284226417542,1.9465937614440918,-0.02507932297885418,0.7547715306282043,-1.0527689456939697
783.0,-0.5123962759971619,-0.7678084373474121,1.9643837213516235,-0.048304930329322815,0.8324916958808899,-0.9818524122238159
784.0,-0.49660494923591614,-0.7870383858680725,1.9880316257476807,-0.09663593024015427,0.8817135691642761,-0.9010326266288757
785.0,-0.49517691135406494,-0.811610996723175,2.0776846408843994,-0.3546098470687866,0.8546522259712219,-0.7027689218521118
786.0,-0.4884454309940338,-0.8203141689300537,2.1079530715942383,-0.44230613112449646,0.8661758899688721,-0.6308679580688477
787.0,-0.3852601647377014,-0.859574019908905,2.0806775093078613,-0.28929686546325684,1.1641899347305298,-0.4891622066497803
788.0,-0.3625465929508209,-0.8696491718292236,2.107487916946411,-0.36275482177734375,1.2102172374725342,-0.39978668093681335
789.0,-0.3889975845813751,-0.8493552207946777,2.0401556491851807,-0.1777406930923462,1.16742742061615,-0.5616408586502075
790.0,-0.3512848913669586,-0.8509678840637207,2.0144834518432617,-0.10491131246089935,1.2596135139465332,-0.4986726641654968
791.0,-0.28817018866539,-0.8507696390151978,1.9821562767028809,-0.028391767293214798,1.4026079177856445,-0.31995999813079834
792.0,-0.2741851210594177,-0.8560920357704163,1.9927611351013184,-0.05916737765073776,1.427105188369751,-0.2603068947792053
793.0,-0.25230368971824646,-0.8664059638977051,2.02156925201416,-0.14148765802383423,1.4675856828689575,-0.16390398144721985
794.0,-0.2082146853208542,-0.8707422018051147,2.0372824668884277,-0.20257218182086945,1.5560957193374634,-0.021172139793634415
795.0,-0.19368989765644073,-0.8524156808853149,1.9761091470718384,-0.04919622838497162,1.5850794315338135,0.02636965550482273
796.0,-0.1770123839378357,-0.8501408100128174,1.9705265760421753,-0.04539268836379051,1.6168944835662842,0.08499486744403839
797.0,-0.22181068360805511,-0.8505849838256836,1.9710453748703003,-0.02033521607518196,1.5307590961456299,-0.0785052552819252
798.0,-0.18588954210281372,-0.821973443031311,1.9006508588790894,0.13230466842651367,1.5992639064788818,0.07551897317171097
799.0,-0.1605750024318695,-0.8182534575462341,1.892221212387085,0.13519161939620972,1.642935037612915,0.188283309340477
800.0,-0.14224354922771454,-0.804965615272522,1.8634699583053589,0.1885107308626175,1.6689683198928833,0.28416091203689575
801.0,-0.11232691258192062,-0.7960474491119385,1.8457778692245483,0.20162904262542725,1.722551703453064,0.42869529128074646
802.0,-0.0911111980676651,-0.7935216426849365,1.8429625034332275,0.18647634983062744,1.7675585746765137,0.5118506550788879
803.0,-0.09659797698259354,-0.8209202289581299,1.9068683385849,0.043431393802165985,1.773032546043396,0.40194714069366455
804.0,-0.11798901110887527,-0.8285127878189087,1.9209166765213013,0.0305857602506876,1.7297990322113037,0.31840431690216064
805.0,-0.07245372235774994,-0.8214862942695618,1.9186941385269165,-0.012494913302361965,1.8338350057601929,0.457317054271698
806.0,-0.039468780159950256,-0.8139446377754211,1.918163776397705,-0.0529714934527874,1.918831467628479,0.537681519985199
807.0,-0.011486418545246124,-0.8077604174613953,1.9242448806762695,-0.10921995341777802,1.995452880859375,0.5778040289878845
808.0,0.0010185514111071825,-0.7739706039428711,1.837626338005066,0.0841960683465004,2.004857301712036,0.7514713406562805
809.0,-0.008414381183683872,-0.7582873702049255,1.792345404624939,0.19958172738552094,1.9618057012557983,0.8271703720092773
810.0,0.013456538319587708,-0.7431443929672241,1.7719181776046753,0.21336865425109863,2.0215978622436523,0.9066804051399231
811.0,-0.017703836783766747,-0.7336369752883911,1.731783151626587,0.3347789943218231,1.9104576110839844,0.9416903853416443
812.0,-0.013701561838388443,-0.7190025448799133,1.7029491662979126,0.3856634199619293,1.913620114326477,1.025455355644226
813.0,-0.02039792388677597,-0.693702220916748,1.648221731185913,0.4895477592945099,1.8745619058609009,1.168110966682434
814.0,-0.006804819218814373,-0.6839761734008789,1.633963704109192,0.5005321502685547,1.913476586341858,1.2255163192749023
815.0,0.02519785426557064,-0.6851712465286255,1.6543244123458862,0.4325192868709564,2.024871826171875,1.1995564699172974
816.0,0.054387763142585754,-0.6638104915618896,1.6358157396316528,0.4352537989616394,2.1271800994873047,1.2679566144943237
817.0,0.049888793379068375,-0.6471889615058899,1.5991482734680176,0.5086360573768616,2.103299856185913,1.3562062978744507
818.0,0.06912679970264435,-0.592357337474823,1.5185301303863525,0.6463812589645386,2.166539192199707,1.5739288330078125
819.0,0.06466563791036606,-0.5702614188194275,1.4795758724212646,0.7314761877059937,2.1435818672180176,1.6994400024414062
820.0,0.052645254880189896,-0.5208109617233276,1.3964320421218872,0.905868649482727,2.0961649417877197,1.9738761186599731
821.0,0.11598929017782211,-0.46346956491470337,1.3797006607055664,0.9293399453163147,2.3877313137054443,1.9397624731063843
822.0,0.1193758100271225,-0.4937978684902191,1.4271156787872314,0.8245602250099182,2.402765989303589,1.821471095085144
823.0,0.14119620621204376,-0.4907638132572174,1.4536725282669067,0.7346225380897522,2.513578176498413,1.7269762754440308
824.0,0.10509613901376724,-0.6085410714149475,1.588453769683838,0.46705594658851624,2.330289602279663,1.3919651508331299
825.0,0.09276168793439865,-0.6020869612693787,1.5587724447250366,0.5396080017089844,2.2681031227111816,1.4550803899765015
826.0,0.09204433858394623,-0.6523999571800232,1.6550112962722778,0.3446562886238098,2.281278610229492,1.2354092597961426
827.0,0.08756855130195618,-0.6680614352226257,1.6813241243362427,0.2948693633079529,2.2673070430755615,1.1739270687103271
828.0,0.05770564451813698,-0.7111917734146118,1.7399688959121704,0.2164311707019806,2.164782762527466,1.0280135869979858
829.0,0.10231196135282516,-0.6884012222290039,1.7493082284927368,0.10367489606142044,2.3514931201934814,1.0221916437149048
830.0,0.13033710420131683,-0.6552452445030212,1.7233949899673462,0.08826418966054916,2.480928659439087,1.0625439882278442
831.0,0.14439649879932404,-0.5950581431388855,1.6295523643493652,0.29113802313804626,2.5433096885681152,1.2767813205718994
832.0,0.08471909165382385,-0.5739202499389648,1.605238914489746,0.42648792266845703,2.050006628036499,1.3294883966445923
833.0,0.07001547515392303,-0.5874072313308716,1.6242908239364624,0.4111369550228119,1.991243839263916,1.2772153615951538
834.0,0.038123808801174164,-0.5803295373916626,1.587042212486267,0.4905702769756317,1.843513011932373,1.3038969039916992
835.0,0.012805952690541744,-0.5749011039733887,1.5730681419372559,0.5444212555885315,1.7011770009994507,-1.5578864812850952
836.0,0.009702596813440323,-0.5860182642936707,1.6012409925460815,0.5184804201126099,1.694707989692688,-1.5610259771347046
837.0,0.006427334621548653,-0.5934991836547852,1.6200709342956543,0.5005162954330444,1.6911911964416504,-1.5643285512924194
838.0,-0.002086775843054056,-0.6082419157028198,1.657111644744873,0.4643726050853729,1.6896305084228516,-1.5728944540023804
839.0,-0.011270721442997456,-0.6198479533195496,1.6863211393356323,0.43500128388404846,1.6854403018951416,-1.5821152925491333
840.0,-0.0025963697116822004,-0.6243566274642944,1.6923408508300781,0.40691620111465454,1.7440319061279297,1.0617951154708862
841.0,-0.025272773578763008,-0.6350502967834473,1.7171412706375122,0.38865527510643005,1.6962265968322754,0.8945756554603577
842.0,-0.025745393708348274,-0.63465815782547,1.7221657037734985,0.3950637876987457,1.6880793571472168,0.9235108494758606
843.0,-0.021937968209385872,-0.6312923431396484,1.7178773880004883,0.4077257812023163,1.6715346574783325,-1.592785358428955
844.0,-0.031306192278862,-0.6403084993362427,1.7359721660614014,0.3789319694042206,1.6875678300857544,0.8790543079376221
845.0,-0.026891285553574562,-0.6439934372901917,1.735707402229309,0.35441717505455017,1.7043750286102295,0.8158214688301086
846.0,-0.03721657395362854,-0.6436699032783508,1.7495423555374146,0.37508779764175415,1.666225790977478,-1.608044147491455
847.0,-0.041360072791576385,-0.6706142425537109,1.7978899478912354,0.25735488533973694,1.7212623357772827,0.6722155809402466
848.0,-0.0011847183341160417,-0.6682735681533813,1.7902162075042725,0.20987087488174438,1.8249295949935913,0.8010879755020142
849.0,0.02826574258506298,-0.6431949734687805,1.7352031469345093,0.2725713551044464,1.8826253414154053,0.9723580479621887
850.0,0.023883914574980736,-0.6250845193862915,1.6913671493530273,0.3591809570789337,1.8395545482635498,1.0670260190963745
851.0,-0.03435945883393288,-0.6075872182846069,1.658768892288208,0.4901912808418274,1.6241588592529297,-1.605191707611084
852.0,-0.038975790143013,-0.6112608909606934,1.6687501668930054,0.4822196662425995,1.623221516609192,-1.6098092794418335
853.0,-0.04019496589899063,-0.6149563789367676,1.6790515184402466,0.47319331765174866,1.621667504310608,-1.6110235452651978
854.0,-0.048170704394578934,-0.6169452667236328,1.6841744184494019,0.4702584743499756,1.6220232248306274,-1.6190074682235718
855.0,-0.05077498406171799,-0.6238987445831299,1.7038265466690063,0.45271092653274536,1.6184486150741577,-1.6215966939926147
856.0,-0.05077498406171799,-0.6238987445831299,1.7038265466690063,0.45271092653274536,1.6184486150741577,-1.6215966939926147
857.0,-0.048240046948194504,-0.6283919215202332,1.7080788612365723,0.4331951141357422,1.5985796451568604,-1.6024812459945679
858.0,-0.04438893869519234,-0.6353159546852112,1.7158687114715576,0.39197173714637756,1.5575255155563354,-1.5628844499588013
859.0,-0.040571194142103195,-0.6426201462745667,1.7261565923690796,0.32973748445510864,1.4966977834701538,-1.5040714740753174
860.0,-0.03698461130261421,-0.6499751806259155,1.7385977506637573,0.2480848729610443,1.4177227020263672,-1.4275990724563599
861.0,-0.0336456373333931,-0.6572955250740051,1.7529610395431519,0.14870111644268036,1.3222544193267822,-1.3350712060928345
862.0,-0.03053094632923603,-0.6645270586013794,1.7690223455429077,0.03326499089598656,1.2119630575180054,-1.2280915975570679
863.0,-0.027630560100078583,-0.6716348528862,1.786571979522705,-0.09653673321008682,1.0885210037231445,-1.1082717180252075
864.0,-0.024945728480815887,-0.6785826683044434,1.805397629737854,-0.23899920284748077,0.9535900354385376,-0.9772095084190369
865.0,-0.022502876818180084,-0.6853388547897339,1.8252942562103271,-0.3923834264278412,0.8088250160217285,-0.836503267288208
866.0,-0.020325666293501854,-0.6918738484382629,1.8460538387298584,-0.5549418330192566,0.6558712720870972,-0.6877400279045105
867.0,-0.01844101771712303,-0.6981688737869263,1.8674918413162231,-0.7249262928962708,0.4963708519935608,-0.5325164198875427
868.0,-0.01686989888548851,-0.7042069435119629,1.8894222974777222,-0.900589108467102,0.3319719731807709,-0.37242448329925537
869.0,-0.01563449576497078,-0.7099608182907104,1.9116594791412354,-1.08017098903656,0.16430938243865967,-0.2090589702129364
870.0,-0.014747392386198044,-0.7153986096382141,1.934008002281189,-1.2618821859359741,-0.0049712019972503185,-0.044016167521476746
871.0,-0.014209709130227566,-0.7204796075820923,1.9562660455703735,-1.443929672241211,-0.17423255741596222,0.12109754979610443
872.0,-0.01400015503168106,-0.725156307220459,1.9782215356826782,-1.6245144605636597,-0.34182611107826233,0.28467148542404175
873.0,-0.014082422479987144,-0.7293605208396912,1.9996665716171265,-1.80183744430542,-0.5061184763908386,0.44509798288345337
874.0,-0.014420528896152973,-0.7329943180084229,2.020379066467285,-1.9741004705429077,-0.6654648780822754,0.6007658243179321
875.0,-0.014994555152952671,-0.7359550595283508,2.040144443511963,-2.1394693851470947,-0.818231463432312,0.7500657439231873
876.0,-0.015812106430530548,-0.7381467223167419,2.058748483657837,-2.296114921569824,-0.9627625346183777,0.8913712501525879
877.0,-0.016891123726963997,-0.7395068407058716,2.0759689807891846,-2.4421916007995605,-1.0973930358886719,1.0230554342269897
878.0,-0.01824505813419819,-0.7399778366088867,2.0915892124176025,-2.5758590698242188,-1.2204651832580566,1.1434836387634277
879.0,-0.019887326285243034,-0.7394951581954956,2.10538649559021,-2.6952691078186035,-1.3303488492965698,1.2510411739349365
880.0,-0.021836740896105766,-0.73796546459198,2.1171414852142334,-2.7985761165618896,-1.4254306554794312,1.3441200256347656
881.0,-0.02412763051688671,-0.7353006601333618,2.1266415119171143,-2.883913040161133,-1.5041018724441528,1.4211012125015259
882.0,-0.02674943394958973,-0.731476902961731,2.133721351623535,-2.9494292736053467,-1.5647238492965698,1.4803582429885864
883.0,-0.029423868283629417,-0.7269343733787537,2.1382691860198975,-2.993346691131592,-1.6056452989578247,1.520279884338379
884.0,-0.03119666315615177,-0.7236019372940063,2.140324831008911,-3.0144312381744385,-1.6254533529281616,1.5395629405975342
885.0,-0.03119666315615177,-0.7236019372940063,2.140324831008911,-3.0144312381744385,-1.6254533529281616,1.5395629405975342
886.0,-0.03119666315615177,-0.7236019372940063,2.140324831008911,-3.0144312381744385,-1.6254533529281616,1.5395629405975342
887.0,-0.016732817515730858,-0.7178421020507812,2.092742919921875,-2.9620306491851807,-1.6291682720184326,1.5540369749069214
888.0,-0.021001819521188736,-0.7180635929107666,2.0887670516967773,-2.9550094604492188,-1.6300253868103027,1.5497591495513916
889.0,-0.005041314288973808,-0.7114836573600769,2.0662806034088135,-2.945626735687256,-1.6586267948150635,1.5657365322113037
890.0,-0.01842348463833332,-0.7140074372291565,2.0581929683685303,-2.920097827911377,-1.630784034729004,1.552339792251587
891.0,-0.014063355512917042,-0.7114539742469788,2.0455846786499023,-2.9085769653320312,-1.6294128894805908,1.556708812713623
892.0,0.016464021056890488,-0.7054072618484497,2.0421700477600098,-2.9182779788970947,-1.6957212686538696,1.587388277053833
893.0,0.01509807538241148,-0.7064180970191956,2.0500776767730713,-2.9286997318267822,-1.7154089212417603,-1.669323444366455
894.0,0.021543804556131363,-0.7057645320892334,2.0606603622436523,-2.946948528289795,-1.7525767087936401,-1.6878581047058105
895.0,0.024351827800273895,-0.7032495737075806,2.0344738960266113,-2.9073879718780518,-1.7624104022979736,-1.598972201347351
896.0,0.020101021975278854,-0.7025179862976074,2.023996353149414,-2.8948848247528076,-1.737294316291809,-1.5865437984466553
897.0,0.017353173345327377,-0.7018807530403137,2.014148235321045,-2.8811020851135254,-1.6967170238494873,1.5882879495620728
898.0,0.015810729935765266,-0.7004002332687378,2.0030481815338135,-2.866894245147705,-1.691785216331482,1.5867233276367188
899.0,0.0137795964255929,-0.6983584761619568,1.9878387451171875,-2.8465564250946045,-1.7014617919921875,1.584693431854248
900.0,0.012320436537265778,-0.6964181065559387,1.975943684577942,-2.8325815200805664,-1.6895744800567627,1.583202600479126
901.0,0.016138523817062378,-0.696714460849762,1.9747700691223145,-2.824049472808838,-1.7316921949386597,-1.4171661138534546
902.0,0.012042558752000332,-0.6945911645889282,1.9612499475479126,-2.808316230773926,-1.7193739414215088,-1.376384973526001
903.0,0.009858926758170128,-0.6945570111274719,1.9643219709396362,-2.8183815479278564,-1.6848622560501099,1.5807175636291504
904.0,-0.00044759796583093703,-0.6991929411888123,1.9687875509262085,-2.807063579559326,-1.6796865463256836,1.5703463554382324
905.0,-0.016374103724956512,-0.698610246181488,1.9770547151565552,-2.8387045860290527,-1.6171613931655884,1.554405689239502
906.0,-0.019738905131816864,-0.6975555419921875,1.9720053672790527,-2.8343958854675293,-1.6167887449264526,1.5510379076004028
907.0,-0.01907641626894474,-0.7023621201515198,1.9958291053771973,-2.8592216968536377,-1.6242104768753052,1.5516929626464844
908.0,0.019244831055402756,-0.6947171688079834,1.9451708793640137,-2.7547824382781982,-1.769243836402893,-1.2451711893081665
909.0,0.005166436545550823,-0.6905286908149719,1.9434432983398438,-2.7959277629852295,-1.6731091737747192,1.5759879350662231
910.0,-0.00020493946794886142,-0.6875768303871155,1.9207242727279663,-2.759575128555298,-1.6976416110992432,1.5705899000167847
911.0,0.00022975323372520506,-0.690731406211853,1.9221665859222412,-2.740734338760376,-1.7083168029785156,-1.1486378908157349
912.0,-0.002471169224008918,-0.6856689453125,1.909596562385559,-2.74363112449646,-1.700966477394104,1.5683073997497559
913.0,-0.006728469859808683,-0.6834928393363953,1.8987714052200317,-2.7315309047698975,-1.694044589996338,1.5640268325805664
914.0,-0.008825423195958138,-0.6817496418952942,1.9003077745437622,-2.7494096755981445,-1.6599267721176147,1.5619430541992188
915.0,0.004656593315303326,-0.6880633234977722,1.90091872215271,-2.692840099334717,-1.7388432025909424,-1.0722280740737915
916.0,-0.024513402953743935,-0.6902672648429871,1.9404704570770264,-2.8061227798461914,-1.6068230867385864,1.5462700128555298
917.0,0.05418132245540619,-0.6689704656600952,1.841001272201538,-2.5291457176208496,-1.9703773260116577,-1.0620005130767822
918.0,0.07022348046302795,-0.6654468774795532,1.843923807144165,-2.5191147327423096,-2.0291526317596436,-1.0837923288345337
919.0,0.03854411467909813,-0.6701176762580872,1.829654574394226,-2.5199928283691406,-1.9175137281417847,-1.0098400115966797
920.0,0.03806038200855255,-0.6657971143722534,1.8095779418945312,-2.476700782775879,-1.9285050630569458,-0.965116024017334
921.0,0.05765645578503609,-0.6396017074584961,1.722318172454834,-2.2490932941436768,-2.0573678016662598,-0.8295689225196838
922.0,0.06307366490364075,-0.6227585077285767,1.6742130517959595,-2.125420093536377,-2.1093387603759766,-0.7576261162757874
923.0,0.08390172570943832,-0.6290730237960815,1.7196853160858154,-2.211728572845459,-2.160625457763672,-0.8560858368873596
924.0,0.03808208927512169,-0.6411510109901428,1.7147704362869263,-2.2612903118133545,-1.9834873676300049,-0.7829539179801941
925.0,0.15675286948680878,-0.6015888452529907,1.7527060508728027,-2.124011754989624,-2.461196184158325,-0.8513087034225464
926.0,0.15994280576705933,-0.6053460836410522,1.773280382156372,-2.171229362487793,-2.4670896530151367,-0.8862684369087219
927.0,0.1641380786895752,-0.6145035624504089,1.8369472026824951,-2.3544702529907227,-2.4716126918792725,-1.0313361883163452
928.0,0.1566363424062729,-0.6253006458282471,1.8947628736495972,-2.5605103969573975,-2.414022207260132,-1.2035597562789917
929.0,0.14415912330150604,-0.6338177919387817,1.9643031358718872,-2.794455051422119,-2.330552577972412,-1.4163402318954468
930.0,0.13404765725135803,-0.6396893858909607,1.9926995038986206,-2.8789479732513428,-2.2724313735961914,-1.5013638734817505
931.0,0.15432757139205933,-0.61948162317276,1.9942816495895386,-2.8933522701263428,-2.3834950923919678,-1.4989078044891357
932.0,0.15432757139205933,-0.61948162317276,1.9942816495895386,-2.8933522701263428,-2.3834950923919678,-1.4989078044891357
933.0,0.15419673919677734,-0.6236212849617004,1.9894741773605347,-2.8736860752105713,-2.355464458465576,-1.481503963470459
934.0,0.15394149720668793,-0.631478488445282,1.979758620262146,-2.8328158855438232,-2.297351121902466,-1.4453994035720825
935.0,0.15358105301856995,-0.6419509053230286,1.965799331665039,-2.7719473838806152,-2.2109534740448,-1.391686201095581
936.0,0.15313293039798737,-0.65379798412323,1.948462724685669,-2.6925995349884033,-2.0984995365142822,-1.32175612449646
937.0,0.15259823203086853,-0.6656701564788818,1.9285900592803955,-2.596378803253174,-1.9622676372528076,-1.2370357513427734
938.0,0.1519881635904312,-0.6761863827705383,1.9069783687591553,-2.4848554134368896,-1.8045164346694946,-1.1389535665512085
939.0,0.1513213962316513,-0.684108316898346,1.8843148946762085,-2.3596031665802,-1.6275129318237305,-1.0289198160171509
940.0,0.15062783658504486,-0.689395546913147,1.8609042167663574,-2.2222747802734375,-1.4335936307907104,-0.9083676338195801
941.0,0.1499170958995819,-0.6922284364700317,1.8370648622512817,-2.074565887451172,-1.2251231670379639,-0.7787547707557678
942.0,0.149193674325943,-0.692848265171051,1.813059687614441,-1.9181660413742065,-1.004542589187622,-0.6415613293647766
943.0,0.14844319224357605,-0.6915620565414429,1.789205551147461,-1.7548357248306274,-0.7742717862129211,-0.4982982873916626
944.0,0.1476704180240631,-0.6885729432106018,1.765760064125061,-1.5863176584243774,-0.5367342233657837,-0.3504425585269928
945.0,0.14687703549861908,-0.6839636564254761,1.742989182472229,-1.414307713508606,-0.294310599565506,-0.1994796097278595
946.0,0.146080881357193,-0.6778189539909363,1.7210373878479004,-1.2404273748397827,-0.04936451092362404,-0.04686807096004486
947.0,0.14529284834861755,-0.6703254580497742,1.7000106573104858,-1.0663092136383057,0.1957705020904541,0.10593917220830917
948.0,0.1445348709821701,-0.6617357730865479,1.6800589561462402,-0.8936154246330261,0.43876346945762634,0.2574753165245056
949.0,0.14380472898483276,-0.6522341966629028,1.6613739728927612,-0.7241020202636719,0.6772469878196716,0.4062509536743164
950.0,0.1431046724319458,-0.6419289708137512,1.6441543102264404,-0.5595092177391052,0.9087694883346558,0.5507318377494812
951.0,0.14242585003376007,-0.6309016942977905,1.6285618543624878,-0.4016088545322418,1.1308625936508179,0.6893760561943054
952.0,0.14178258180618286,-0.6192071437835693,1.614674687385559,-0.25215765833854675,1.341043472290039,0.8206533789634705
953.0,0.14118458330631256,-0.606852114200592,1.6026211977005005,-0.11292318999767303,1.536875605583191,0.9430364370346069
954.0,0.1406419575214386,-0.5938198566436768,1.5924586057662964,0.014307389035820961,1.7159273624420166,1.0549989938735962
955.0,0.14015533030033112,-0.5801018476486206,1.5843356847763062,0.12779521942138672,1.8757308721542358,1.155010461807251
956.0,0.13972550630569458,-0.5660246014595032,1.5782997608184814,0.22579430043697357,2.0138492584228516,1.2415564060211182
957.0,0.13935859501361847,-0.5527865886688232,1.5741167068481445,0.30668678879737854,2.1278984546661377,1.3131122589111328
958.0,0.13906124234199524,-0.5415290594100952,1.571489691734314,0.36889156699180603,2.2155628204345703,1.3681665658950806
959.0,0.13884730637073517,-0.53326416015625,1.5700788497924805,0.41079938411712646,2.2745542526245117,1.4052284955978394
960.0,0.13873499631881714,-0.5289523005485535,1.5695475339889526,0.4310699701309204,2.303029775619507,1.423110008239746
961.0,0.13873499631881714,-0.5289523005485535,1.5695475339889526,0.4310699701309204,2.303029775619507,1.423110008239746
962.0,0.13873499631881714,-0.5289523005485535,1.5695475339889526,0.4310699701309204,2.303029775619507,1.423110008239746
963.0,0.15262572467327118,-0.5260366201400757,1.5863103866577148,0.3810950815677643,2.382209539413452,1.3932268619537354
964.0,0.14135794341564178,-0.5555055737495422,1.6308331489562988,0.30564460158348083,2.331861734390259,1.2991012334823608
965.0,0.1283768266439438,-0.5978179574012756,1.709585428237915,0.16143403947353363,2.291691780090332,1.135817527770996
966.0,0.11241323500871658,-0.645354688167572,1.8139865398406982,-0.052465688437223434,2.2677807807922363,0.9200100302696228
967.0,0.09139776974916458,-0.6622430086135864,1.8338638544082642,-0.0520101822912693,2.1868700981140137,0.8730132579803467
968.0,0.0959199070930481,-0.6697765588760376,1.8654667139053345,-0.14624632894992828,2.224926710128784,0.8142280578613281
969.0,0.07904990762472153,-0.6896222829818726,1.9101908206939697,-0.22702381014823914,2.1840567588806152,0.7237617373466492
970.0,0.05414252728223801,-0.707775890827179,1.9425777196884155,-0.26014330983161926,2.111083984375,0.6486888527870178
971.0,0.04243405908346176,-0.7168691754341125,1.9643527269363403,-0.29603949189186096,2.084106206893921,0.6031656861305237
972.0,0.0035580252297222614,-0.7411582469940186,2.029100179672241,-0.41287490725517273,2.000101327896118,0.4624321460723877
973.0,-0.04188021644949913,-0.7597506642341614,2.085103750228882,-0.5106923580169678,1.9041193723678589,0.33392515778541565
974.0,-0.06746858358383179,-0.7673608660697937,2.114825963973999,-0.5681144595146179,1.8517667055130005,0.2673938572406769
975.0,-0.10573296993970871,-0.7664474248886108,2.053462266921997,-0.3189924359321594,1.7399245500564575,0.23986966907978058
976.0,-0.14316076040267944,-0.7800695896148682,2.115175485610962,-0.4719371795654297,1.6809892654418945,0.12785674631595612
977.0,-0.20003366470336914,-0.7816641330718994,2.20235013961792,-0.7240053415298462,1.5552500486373901,-0.013005239889025688
978.0,-0.2447628676891327,-0.7614766955375671,2.269561290740967,-0.9654645323753357,1.451103687286377,-0.07187804579734802
979.0,-0.2936857044696808,-0.7818210124969482,2.1821367740631104,-0.5950989127159119,1.3837789297103882,-0.19108852744102478
980.0,-0.22258085012435913,-0.7726306319236755,2.0715510845184326,-0.26913201808929443,1.5210233926773071,-0.08262172341346741
981.0,-0.16952499747276306,-0.7585062980651855,2.0191943645477295,-0.15506383776664734,1.610923409461975,0.07975828647613525
982.0,-0.18553899228572845,-0.7436932325363159,1.9809176921844482,-0.030905256047844887,1.578451156616211,0.020060919225215912
983.0,-0.2032855898141861,-0.7504630088806152,2.0001323223114014,-0.07170763611793518,1.5493812561035156,-0.05163077637553215
984.0,-0.2148938775062561,-0.7126491665840149,1.922154188156128,0.15857014060020447,1.5608705282211304,-0.048252228647470474
985.0,-0.21645033359527588,-0.6966205835342407,1.9031223058700562,0.23450981080532074,1.558444619178772,-1.7854245901107788
986.0,-0.2264934480190277,-0.697351336479187,1.9030296802520752,0.23180676996707916,1.5527018308639526,-1.7952625751495361
987.0,-0.24267660081386566,-0.6968446373939514,1.9061148166656494,0.23536182940006256,1.5452462434768677,-1.811509370803833
988.0,-0.2488785833120346,-0.7066313624382019,1.91560697555542,0.19012382626533508,1.5326290130615234,-0.21660064160823822
989.0,-0.2674317955970764,-0.7034709453582764,1.9111980199813843,0.2048107385635376,1.5221797227859497,-0.2955881357192993
990.0,-0.2747436761856079,-0.6961457133293152,1.904472827911377,0.23828867077827454,1.528779149055481,-1.843376636505127
991.0,-0.285326212644577,-0.695947527885437,1.9025696516036987,0.23836414515972137,1.5214564800262451,-1.8538260459899902
992.0,-0.2961744964122772,-0.6962804794311523,1.9017822742462158,0.2358265519142151,1.5111418962478638,-0.42941784858703613
993.0,-0.2946583330631256,-0.7083220481872559,1.919933795928955,0.17965158820152283,1.4899399280548096,-0.4187183082103729
994.0,-0.3104807436466217,-0.7071275115013123,1.917654275894165,0.1825718879699707,1.4741307497024536,-0.49312832951545715
995.0,-0.3102968633174896,-0.6924492120742798,1.8972265720367432,0.25096431374549866,1.5100805759429932,-1.8790565729141235
996.0,-0.31467029452323914,-0.6953447461128235,1.8962167501449585,0.23608024418354034,1.4923192262649536,-0.5272498726844788
997.0,-0.32399144768714905,-0.6917497515678406,1.8904517889022827,0.2505028247833252,1.49220609664917,-0.5710819363594055
998.0,-0.33103838562965393,-0.6887696385383606,1.8886116743087769,0.26312875747680664,1.4985219240188599,-1.9000301361083984
999.0,-0.31815552711486816,-0.6895029544830322,1.87859046459198,0.26088497042655945,1.5062148571014404,-1.886643409729004
1000.0,-0.3041544258594513,-0.67098069190979,1.8471430540084839,0.34150293469429016,1.5386589765548706,-1.874541997909546
1001.0,-0.2806439995765686,-0.6713399887084961,1.8449639081954956,0.34050434827804565,1.5448591709136963,-1.8509899377822876
1002.0,-0.27765756845474243,-0.673676073551178,1.853316307067871,0.3334124982357025,1.5471913814544678,-1.8479856252670288
1003.0,-0.27022603154182434,-0.6741805672645569,1.8545994758605957,0.33180099725723267,1.549428939819336,-1.8405506610870361
1004.0,-0.24941444396972656,-0.6730992794036865,1.8487956523895264,0.3347795009613037,1.5547274351119995,-1.8197475671768188
1005.0,-0.24060514569282532,-0.6726788282394409,1.8467974662780762,0.33579328656196594,1.5573029518127441,-1.810947060585022
1006.0,-0.2444646805524826,-0.6756245493888855,1.8585264682769775,0.32709917426109314,1.5564526319503784,-1.8148002624511719
1007.0,-0.2106245756149292,-0.6722721457481384,1.8449786901474,0.3358895778656006,1.566922664642334,-1.7810165882110596
1008.0,-0.18655703961849213,-0.6721559166908264,1.8459959030151367,0.33497101068496704,1.5746002197265625,-1.7570127248764038
1009.0,-0.1631910353899002,-0.6681203842163086,1.8328627347946167,0.3453233540058136,1.5831693410873413,-1.7337238788604736
1010.0,-0.1458539366722107,-0.6646689176559448,1.822106122970581,0.35410594940185547,1.5889270305633545,-1.7164441347122192
1011.0,-0.1273186355829239,-0.6593870520591736,1.8058807849884033,0.36747950315475464,1.5951879024505615,-1.6979714632034302
1012.0,-0.09555738419294357,-0.649111807346344,1.7756975889205933,0.3926681876182556,1.6045188903808594,-1.6662973165512085
1013.0,-0.08293615281581879,-0.6436111927032471,1.759762167930603,0.40602749586105347,1.6083632707595825,-1.6537057161331177
1014.0,-0.08405821770429611,-0.6604371666908264,1.7914135456085205,0.340334951877594,1.6282718181610107,-1.654618740081787
1015.0,-0.07673545926809311,-0.66586834192276,1.8106074333190918,0.31720200181007385,1.6405775547027588,-1.6473091840744019
1016.0,-0.09500066936016083,-0.6733056902885437,1.8313552141189575,0.2970599830150604,1.6301814317703247,-1.6653928756713867
1017.0,-0.1034858375787735,-0.6795186996459961,1.8400135040283203,0.2728408873081207,1.637488603591919,0.44894665479660034
1018.0,-0.10323302447795868,-0.6845799088478088,1.8441660404205322,0.24818409979343414,1.6425567865371704,0.41106390953063965
1019.0,-0.10991791635751724,-0.6787815093994141,1.8454049825668335,0.28104162216186523,1.622764229774475,-1.6801114082336426
1020.0,-0.11859017610549927,-0.6881552338600159,1.8595457077026367,0.24204708635807037,1.6322864294052124,0.3695005774497986
1021.0,-0.12708179652690887,-0.6971187591552734,1.877493143081665,0.20494790375232697,1.6347334384918213,0.32821258902549744
1022.0,-0.14146216213703156,-0.6891947984695435,1.8693547248840332,0.2480868101119995,1.6097294092178345,0.26482823491096497
1023.0,-0.14469586312770844,-0.687060534954071,1.8723238706588745,0.26010456681251526,1.5999563932418823,-1.71450674533844
1024.0,-0.15495498478412628,-0.6896405816078186,1.8780593872070312,0.25175249576568604,1.5951366424560547,-1.724571704864502
1025.0,-0.17733414471149445,-0.6929223537445068,1.890173077583313,0.24392367899417877,1.5810906887054443,-1.7467236518859863
1026.0,-0.18876530230045319,-0.6938608884811401,1.8942320346832275,0.24205291271209717,1.5742201805114746,-1.7580609321594238
1027.0,-0.20140700042247772,-0.6959426999092102,1.8982831239700317,0.2348809689283371,1.567397952079773,-1.770439863204956
1028.0,-0.1432259976863861,-0.720916748046875,1.9241695404052734,0.08746658265590668,1.6242148876190186,0.18353745341300964
1029.0,-0.13238289952278137,-0.7139312028884888,1.9083863496780396,0.11997637152671814,1.6372348070144653,0.24805130064487457
1030.0,-0.11274780333042145,-0.7250565886497498,1.928621530532837,0.0410519614815712,1.6689573526382446,0.28200557827949524
1031.0,-0.103601835668087,-0.719517171382904,1.9151780605316162,0.06613732129335403,1.6800868511199951,0.3292461931705475
1032.0,-0.07190492749214172,-0.7391194701194763,1.9671761989593506,-0.11364102363586426,1.7735322713851929,0.38920336961746216
1033.0,-0.04635550454258919,-0.7391737103462219,1.973847508430481,-0.16506558656692505,1.8369425535202026,0.44759291410446167
1034.0,-0.05475272983312607,-0.7211317420005798,1.9187936782836914,-0.00789976678788662,1.7824972867965698,0.4830588400363922
1035.0,0.00206236750818789,-0.8243544697761536,2.082590103149414,-0.6114031672477722,2.0822856426239014,0.354082316160202
1036.0,0.01427520252764225,-0.8128513693809509,1.9934743642807007,-0.35155293345451355,2.0965325832366943,0.5010877847671509
1037.0,0.04954881966114044,-0.7718565464019775,1.8910706043243408,-0.1371367871761322,2.181114673614502,0.7093271613121033
1038.0,0.08762597292661667,-0.7355929017066956,1.8481987714767456,-0.11699279397726059,2.316768169403076,0.8082882165908813
1039.0,0.10129046440124512,-0.7163024544715881,1.8179396390914917,-0.07387442886829376,2.36423659324646,0.8681738376617432
1040.0,0.099302738904953,-0.743665337562561,1.9058146476745605,-0.3249400556087494,2.3820250034332275,0.6774511337280273
1041.0,0.026520773768424988,-0.6796249151229858,1.8293695449829102,0.0832909569144249,1.94527006149292,0.805706799030304
1042.0,0.044279325753450394,-0.6566303968429565,1.7776521444320679,0.16602827608585358,1.9708025455474854,0.9280405044555664
1043.0,0.09569627046585083,-0.5287649035453796,1.5182626247406006,0.557284951210022,2.085592031478882,1.5220527648925781
1044.0,0.06272152811288834,-0.5461146831512451,1.5246772766113281,0.5598281621932983,1.9379616975784302,1.4807357788085938
1045.0,0.055495794862508774,-0.5245526432991028,1.475733995437622,0.6361914873123169,1.9031050205230713,1.6215702295303345
1046.0,0.040915198624134064,-0.5100985169410706,1.4396777153015137,0.6926229000091553,1.8478585481643677,1.7567232847213745
1047.0,0.05051812902092934,-0.4940144419670105,1.4140174388885498,0.7273069620132446,1.893991470336914,1.8076502084732056
1048.0,0.11073917150497437,-0.41994035243988037,1.3363522291183472,0.8589969277381897,2.1748270988464355,1.921096682548523
1049.0,-0.027922749519348145,-0.6563169360160828,1.5690104961395264,0.6143344640731812,1.8255382776260376,1.3987174034118652
1050.0,-0.03363902494311333,-0.6716917157173157,1.5985124111175537,0.5770720839500427,1.816178798675537,1.3016704320907593
1051.0,-0.04723088815808296,-0.6809269785881042,1.6140649318695068,0.5648758411407471,1.7798019647598267,1.2328733205795288
1052.0,-0.0564202181994915,-0.6671624183654785,1.5847535133361816,0.6115040183067322,1.7445392608642578,1.3339579105377197
1053.0,-0.06915584206581116,-0.6769776344299316,1.6036484241485596,0.5946301817893982,1.71636962890625,1.2417263984680176
1054.0,-0.05280713737010956,-0.651003897190094,1.554477572441101,0.6551907062530518,1.7472312450408936,1.5017828941345215
1055.0,-0.07831460237503052,-0.7022677063941956,1.656218409538269,0.5305677056312561,1.7157557010650635,1.0312869548797607
1056.0,-0.07863010466098785,-0.7117260694503784,1.6748058795928955,0.5009149312973022,1.7217249870300293,0.9513745307922363
1057.0,-0.08546914160251617,-0.733964741230011,1.719378113746643,0.4330688416957855,1.7258212566375732,0.7883268594741821
1058.0,-0.053919196128845215,-0.7235785722732544,1.70039963722229,0.4335166811943054,1.795106291770935,0.9417645335197449
1059.0,-0.04868336394429207,-0.7132249474525452,1.6800857782363892,0.4631211459636688,1.8012703657150269,1.0154200792312622
1060.0,-0.059717513620853424,-0.7486365437507629,1.7515264749526978,0.34457066655158997,1.8036412000656128,0.793308436870575
1061.0,-0.12219606339931488,-0.7322896122932434,1.719845175743103,0.46950995922088623,1.6555626392364502,0.6378577351570129
1062.0,-0.15242217481136322,-0.7337952256202698,1.734262228012085,0.4903481602668762,1.5991098880767822,-1.7228507995605469
1063.0,-0.15383706986904144,-0.7498911619186401,1.7575159072875977,0.4274371564388275,1.6262304782867432,0.3853951394557953
1064.0,-0.17263196408748627,-0.7602013349533081,1.7786035537719727,0.398349404335022,1.6080931425094604,0.23568019270896912
1065.0,-0.17631568014621735,-0.7382875680923462,1.7456767559051514,0.4847196638584137,1.5836948156356812,-1.7466230392456055
1066.0,-0.18326467275619507,-0.7289240956306458,1.7287448644638062,0.5175878405570984,1.578186273574829,-1.7538236379623413
1067.0,-0.19711478054523468,-0.7339476943016052,1.7382899522781372,0.5034812092781067,1.5722912549972534,-1.7675342559814453
1068.0,-0.16406327486038208,-0.7231552600860596,1.7166805267333984,0.530619204044342,1.5859003067016602,-1.7347214221954346
1069.0,-0.1585618108510971,-0.7151411175727844,1.701313853263855,0.5541951656341553,1.5828981399536133,-1.7293065786361694
1070.0,-0.1321476697921753,-0.7592849135398865,1.7720301151275635,0.379410058259964,1.6599892377853394,0.4582800567150116
1071.0,-0.14371833205223083,-0.7791584730148315,1.811078667640686,0.3087935149669647,1.6531301736831665,0.33766406774520874
1072.0,-0.14160823822021484,-0.8589277863502502,2.007809638977051,-0.17177914083003998,1.6960843801498413,0.18307599425315857
1073.0,-0.12344390153884888,-0.85591721534729,2.0047717094421387,-0.1803445965051651,1.7348740100860596,0.2332645058631897
1074.0,-0.09149195998907089,-0.8600117564201355,2.0571298599243164,-0.36264848709106445,1.8185615539550781,0.264242947101593
1075.0,-0.06540121883153915,-0.8497500419616699,2.0343005657196045,-0.3313312828540802,1.8795160055160522,0.33500248193740845
1076.0,-0.09018182009458542,-0.8612768054008484,2.1340105533599854,-0.610210120677948,1.8364107608795166,0.2019997239112854
1077.0,-0.14887094497680664,-0.8699068427085876,2.1878044605255127,-0.721106767654419,1.6963093280792236,0.08485006541013718
1078.0,-0.22445979714393616,-0.8794231414794922,2.2012856006622314,-0.7007958292961121,1.5181152820587158,-0.03765911981463432
1079.0,-0.25147202610969543,-0.8775484561920166,2.2161808013916016,-0.7410210967063904,1.4563839435577393,-0.07754755765199661
1080.0,-0.2930307388305664,-0.8842340111732483,2.165360927581787,-0.5483897924423218,1.361140489578247,-0.18513694405555725
1081.0,-0.2533400356769562,-0.8834575414657593,2.105250358581543,-0.373460590839386,1.4554696083068848,-0.129815474152565
1082.0,-0.2709542214870453,-0.8809859752655029,2.0910940170288086,-0.32678651809692383,1.4188752174377441,-0.18226516246795654
1083.0,-0.22179590165615082,-0.8835065960884094,2.1077589988708496,-0.3942253887653351,1.524436116218567,-0.050633031874895096
1084.0,-0.19026139378547668,-0.8826482892036438,2.1352925300598145,-0.5027865767478943,1.596483826637268,0.023916399106383324
1085.0,-0.3633890748023987,-0.8720049858093262,2.1803860664367676,-0.5968485474586487,1.1886154413223267,-0.31111013889312744
1086.0,-0.3646905720233917,-0.7418933510780334,2.0016391277313232,-0.05453271418809891,1.3410835266113281,-0.5366141200065613
1087.0,-0.3726906478404999,-0.7357852458953857,1.9875909090042114,-0.019904473796486855,1.332558035850525,-0.5899539589881897
1088.0,-0.34895238280296326,-0.6957948803901672,1.89376699924469,0.22417253255844116,1.447858214378357,-0.6861321330070496
1089.0,-0.35706743597984314,-0.6817338466644287,1.8693009614944458,0.2845085561275482,1.4805539846420288,-1.926514983177185
1090.0,-0.37121954560279846,-0.684715747833252,1.8690118789672852,0.26392093300819397,1.4376810789108276,-0.8226019740104675
1091.0,-0.3710758090019226,-0.676025390625,1.854886531829834,0.30225124955177307,1.4731945991516113,-1.940973162651062
1092.0,-0.37839049100875854,-0.672743022441864,1.8458770513534546,0.3118687570095062,1.4679009914398193,-1.9485373497009277
1093.0,-0.3894352316856384,-0.687809944152832,1.8691673278808594,0.2350408136844635,1.4007939100265503,-0.8270829916000366
1094.0,-0.4027557373046875,-0.7058011293411255,1.9145976305007935,0.13364851474761963,1.3342299461364746,-0.7895992994308472
1095.0,-0.33710500597953796,-0.6632510423660278,1.8255220651626587,0.36344584822654724,1.528266191482544,-1.9076567888259888
1096.0,-0.3422437310218811,-0.6598688960075378,1.815392017364502,0.37305939197540283,1.525606393814087,-1.9128663539886475
1097.0,-0.3337966203689575,-0.6593257188796997,1.8126260042190552,0.37550249695777893,1.5251575708389282,-1.904436707496643
1098.0,-0.35843074321746826,-0.6544626951217651,1.800424575805664,0.38727831840515137,1.521789312362671,-1.9291634559631348
1099.0,-0.35551905632019043,-0.6503809094429016,1.7877095937728882,0.39944446086883545,1.5193352699279785,-1.9263465404510498
1100.0,-0.3649198114871979,-0.6508691906929016,1.7901982069015503,0.3966958522796631,1.5199967622756958,-1.9357198476791382
1101.0,-0.36699971556663513,-0.6463626623153687,1.7768532037734985,0.4091288149356842,1.5176893472671509,-1.9378925561904907
1102.0,-0.3768335282802582,-0.6379930973052979,1.7532075643539429,0.4306301176548004,1.5146206617355347,-1.947873592376709
1103.0,-0.5796969532966614,-0.6634811758995056,1.870711326599121,0.12378033995628357,0.5704658031463623,-1.2880882024765015
1104.0,-0.5796969532966614,-0.6634811758995056,1.870711326599121,0.12378033995628357,0.5704658031463623,-1.2880882024765015
1105.0,-0.577937662601471,-0.6655902862548828,1.8717219829559326,0.1059359684586525,0.5575379729270935,-1.2723454236984253
1106.0,-0.5742847323417664,-0.6698700189590454,1.8738594055175781,0.0689772292971611,0.5307587385177612,-1.2397494316101074
1107.0,-0.5688469409942627,-0.6761019229888916,1.8771023750305176,0.014079555869102478,0.4909844398498535,-1.1913576126098633
1108.0,-0.5617568492889404,-0.6840575933456421,1.8814083337783813,-0.05730215832591057,0.4392765462398529,-1.1284725666046143
1109.0,-0.5531466603279114,-0.6935034394264221,1.8867371082305908,-0.1436808705329895,0.37672317028045654,-1.0524128675460815
1110.0,-0.543146014213562,-0.7041974663734436,1.8930437564849854,-0.24355678260326385,0.3044130206108093,-0.9644867181777954
1111.0,-0.5319002270698547,-0.7158957123756409,1.9002723693847656,-0.35543546080589294,0.2234235405921936,-0.8660149574279785
1112.0,-0.5195572972297668,-0.7283583879470825,1.9083569049835205,-0.47782132029533386,0.13483981788158417,-0.7583207488059998
1113.0,-0.5062636733055115,-0.7413329482078552,1.917238712310791,-0.6092261672019958,0.0397363156080246,-0.6427316069602966
1114.0,-0.4921536445617676,-0.7545540928840637,1.9268794059753418,-0.7481655478477478,-0.06080247834324837,-0.5205603837966919
1115.0,-0.47736790776252747,-0.7677631974220276,1.9372222423553467,-0.8931625485420227,-0.1657090038061142,-0.3931300640106201
1116.0,-0.46205055713653564,-0.7807083129882812,1.9482033252716064,-1.0427379608154297,-0.27391114830970764,-0.2617681622505188
1117.0,-0.4463520050048828,-0.7931438088417053,1.9597313404083252,-1.195389747619629,-0.38433635234832764,-0.12781202793121338
1118.0,-0.4304075837135315,-0.8048055768013,1.9717158079147339,-1.3496160507202148,-0.4958977699279785,0.007418166846036911
1119.0,-0.41435912251472473,-0.8154245615005493,1.9840739965438843,-1.5039151906967163,-0.6075148582458496,0.14261461794376373
1120.0,-0.398340106010437,-0.8247238993644714,1.9967316389083862,-1.6567999124526978,-0.7181063294410706,0.2764653265476227
1121.0,-0.382500022649765,-0.8324379920959473,2.009599208831787,-1.806776762008667,-0.8266021013259888,0.40765804052352905
1122.0,-0.36699748039245605,-0.838532030582428,2.0225095748901367,-1.9523285627365112,-0.9319143295288086,0.5348665118217468
1123.0,-0.3520238399505615,-0.8431611061096191,2.035245418548584,-2.0919291973114014,-1.0329500436782837,0.6567757725715637
1124.0,-0.3377634882926941,-0.8465103507041931,2.0475878715515137,-2.2240688800811768,-1.1286067962646484,0.7720617651939392
1125.0,-0.3244074285030365,-0.8487548828125,2.059333324432373,-2.3472487926483154,-1.2177857160568237,0.8794219493865967
1126.0,-0.31212884187698364,-0.8500548601150513,2.0702850818634033,-2.459956645965576,-1.2993851900100708,0.9775489568710327
1127.0,-0.30110251903533936,-0.850566029548645,2.0802419185638428,-2.5606541633605957,-1.3723013401031494,1.0651406049728394
1128.0,-0.29150617122650146,-0.8504708409309387,2.0889971256256104,-2.6478002071380615,-1.4354223012924194,1.1408764123916626
1129.0,-0.2835328280925751,-0.8499785661697388,2.096342086791992,-2.719860792160034,-1.4876326322555542,1.2034457921981812
1130.0,-0.27737241983413696,-0.849312424659729,2.1020753383636475,-2.7753090858459473,-1.5278137922286987,1.2515568733215332
1131.0,-0.2732110321521759,-0.8486859798431396,2.105987787246704,-2.8126518726348877,-1.5548789501190186,1.2839521169662476
1132.0,-0.27119502425193787,-0.8483063578605652,2.107903242111206,-2.8306829929351807,-1.5679481029510498,1.29960036277771
1133.0,-0.27119502425193787,-0.8483063578605652,2.107903242111206,-2.8306829929351807,-1.5679481029510498,1.29960036277771
1134.0,-0.27119502425193787,-0.8483063578605652,2.107903242111206,-2.8306829929351807,-1.5679481029510498,1.29960036277771
1135.0,-0.2540472745895386,-0.8509199619293213,2.1172714233398438,-2.8374621868133545,-1.568464994430542,1.3167484998703003
1136.0,-0.20296265184879303,-0.8163330554962158,1.9221221208572388,-2.4344074726104736,-1.6195207834243774,-0.1946689635515213
1137.0,-0.26312845945358276,-0.6614363193511963,1.8379875421524048,-2.735407829284668,-1.5714079141616821,1.30768620967865
1138.0,-0.27424776554107666,-0.6608216762542725,1.836716890335083,-2.7360875606536865,-1.5711374282836914,1.2965635061264038
1139.0,-0.2797791659832001,-0.6625499129295349,1.841597080230713,-2.737501621246338,-1.5702121257781982,1.29103684425354
1140.0,-0.2838382124900818,-0.6655974984169006,1.8500981330871582,-2.7397241592407227,-1.5683952569961548,1.2869869470596313
1141.0,-0.2918534278869629,-0.6672055125236511,1.8551843166351318,-2.7423040866851807,-1.5671517848968506,1.2789734601974487
1142.0,-0.29425346851348877,-0.6708638072013855,1.8649895191192627,-2.7439777851104736,-1.5643640756607056,1.276586651802063
1143.0,-0.3056882619857788,-0.6723636984825134,1.8708585500717163,-2.7488818168640137,-1.5631448030471802,1.2651453018188477
1144.0,-0.3034794330596924,-0.6760751605033875,1.8808798789978027,-2.751044750213623,-1.5602418184280396,1.2673639059066772
1145.0,-0.31079572439193726,-0.6768607497215271,1.8840876817703247,-2.7536680698394775,-1.5595300197601318,1.2600427865982056
1146.0,-0.31288620829582214,-0.6794329285621643,1.8919827938079834,-2.757434606552124,-1.5576344728469849,1.257950782775879
1147.0,-0.32910895347595215,-0.6833745241165161,1.9071414470672607,-2.7690696716308594,-1.552977442741394,1.241690754890442
1148.0,-0.42266443371772766,-0.621695339679718,1.6480563879013062,-1.8723797798156738,-1.118133544921875,0.45874255895614624
1149.0,-0.44336453080177307,-0.6134642958641052,1.646496295928955,-1.821053385734558,-1.0569438934326172,0.4589337408542633
1150.0,-0.4587104618549347,-0.6024818420410156,1.6366513967514038,-1.7572224140167236,-1.008089303970337,0.44000399112701416
1151.0,-0.45986220240592957,-0.6353659629821777,1.7092571258544922,-1.936265230178833,-1.0423448085784912,0.5319002270698547
1152.0,-0.3051620125770569,-0.6552261114120483,1.558516025543213,-1.7058414220809937,-1.376068353652954,0.19764022529125214
1153.0,-0.26676997542381287,-0.6520573496818542,1.5449445247650146,-1.728643774986267,-1.4583791494369507,0.12345761805772781
1154.0,-0.24024812877178192,-0.652186930179596,1.8132703304290771,-2.731037139892578,-1.573970913887024,1.3305473327636719
1155.0,-0.2533525824546814,-0.6559667587280273,1.8233753442764282,-2.732891321182251,-1.5734375715255737,1.3174471855163574
1156.0,-0.11648991703987122,-0.8527668714523315,2.1577649116516113,-2.913576602935791,-1.6090070009231567,1.4542850255966187
1157.0,-0.4169994592666626,-0.7614039182662964,2.224637031555176,-0.7723013162612915,1.1287919282913208,-0.3399759531021118
