time,ur20-shoulder_pan_joint,ur20-shoulder_lift_joint,ur20-elbow_joint,ur20-wrist_1_joint,ur20-wrist_2_joint,ur20-wrist_3_joint,target-POS_X,target-POS_Y,target-POS_Z,target-ROT_X,target-ROT_Y,target-ROT_Z,target-ROT_W
0.0,-0.2721961736679077,-0.7836750149726868,2.26003098487854,-0.9051157236099243,1.412385106086731,-0.1010434702038765,0.7553634643554688,0.023114249110221863,-0.09706776589155197,-0.5925365313631147,0.6448670406227068,0.3554737410583828,-0.32662727739219616
1.0,-0.27760031819343567,-0.8092542290687561,2.2550034523010254,-0.8770513534545898,1.3959647417068481,-0.11071759462356567,0.762511134147644,0.019625503569841385,-0.07887396216392517,-0.596200735463752,0.6400840484608731,0.3546038026884004,-0.3302926536533113
2.0,-0.2544456124305725,-0.8271045088768005,2.249091148376465,-0.8613256812095642,1.4463435411453247,-0.07778146117925644,0.7682785987854004,0.027661601081490517,-0.06626243144273758,-0.5837989560843919,0.6503810339922581,0.3616578320146275,-0.32463348878452936
3.0,-0.22584311664104462,-0.8465571403503418,2.2396416664123535,-0.8399232625961304,1.5100408792495728,-0.0374736413359642,0.7754336595535278,0.0376843586564064,-0.05174209922552109,-0.5678614003582315,0.6631278829830055,0.3703928250518994,-0.3171813297527755
4.0,-0.2247447371482849,-0.8658533096313477,2.233879327774048,-0.8182761073112488,1.5121225118637085,-0.035916946828365326,0.7812871932983398,0.0368594229221344,-0.03723669797182083,-0.5668397040472035,0.6629330374990383,0.3717320053111964,-0.31784879099234276
5.0,-0.16854368150234222,-0.8526887893676758,2.21958065032959,-0.8139247298240662,1.6433534622192383,0.04471280798316002,0.7830555438995361,0.05929941684007645,-0.04455963522195816,-0.5341570543931727,0.6903568133876455,0.3859089299338279,-0.2985933844689007
6.0,-0.18585596978664398,-0.8281696438789368,2.232607364654541,-0.8481427431106567,1.600231409072876,0.01829807087779045,0.773813009262085,0.05440452694892883,-0.0640309527516365,-0.5462679397180148,0.6822746506931701,0.3792976093324253,-0.30368727765985687
7.0,-0.16848543286323547,-0.7930687665939331,2.234558582305908,-0.8783679604530334,1.63734769821167,0.04195874556899071,0.7653936743736267,0.06328641623258591,-0.08902333676815033,-0.5379842098924956,0.6905768758459134,0.3813410405344078,-0.29707840590891244
8.0,-0.1132303923368454,-0.7756091952323914,2.2115092277526855,-0.8596552610397339,1.7608050107955933,0.12211807817220688,0.7683107852935791,0.08559553325176239,-0.0983867421746254,-0.5062185977271967,0.7150377706284579,0.39351122139152156,-0.2785904458676723
9.0,-0.11170262098312378,-0.8033416867256165,2.2039976119995117,-0.8284017443656921,1.7681316137313843,0.12562572956085205,0.7770891189575195,0.08465349674224854,-0.07737084478139877,-0.5032286344529205,0.7157306194598444,0.39612940689704523,-0.2785177100754485
10.0,-0.11740129441022873,-0.8329111337661743,2.199165105819702,-0.8002650141716003,1.76056969165802,0.11927637457847595,0.785207986831665,0.08047454059123993,-0.05513843894004822,-0.503944533490895,0.713688771955888,0.397416796392492,-0.28062097906940126
11.0,-0.10504589974880219,-0.8544762134552002,2.1840622425079346,-0.7629028558731079,1.7972511053085327,0.14190427958965302,0.7945460081100464,0.08350582420825958,-0.03627829998731613,-0.4924464333999853,0.7204593757749274,0.40312596944307055,-0.2755435552688909
12.0,-0.05165670067071915,-0.8171709775924683,2.154235363006592,-0.7410266399383545,1.9187977313995361,0.22732722759246826,0.7958511114120483,0.10743120312690735,-0.0572623535990715,-0.4590620628072417,0.7437208327840823,0.413513288254643,-0.25524126980357964
13.0,-0.04708526283502579,-0.7908899784088135,2.1590614318847656,-0.7663029432296753,1.921385645866394,0.2316751778125763,0.7881699204444885,0.11103103309869766,-0.07798343151807785,-0.4597151624121395,0.744670024695986,0.4117305319173277,-0.2541780731194856
14.0,-0.04193708673119545,-0.7671012878417969,2.161632776260376,-0.7868207693099976,1.9261683225631714,0.2374328374862671,0.7816497683525085,0.11464327573776245,-0.096214160323143,-0.4595576850004966,0.7459644607760185,0.41039328508071754,-0.25282624265844195
15.0,-0.08355576545000076,-0.7692753076553345,2.143404722213745,-0.642609179019928,1.8123815059661865,0.2115446776151657,0.7777587175369263,0.09952152520418167,-0.09735724329948425,-0.5003987187762224,0.7575635776671579,0.34975194082635097,-0.23102408516743833
16.0,-0.036532264202833176,-0.7551550269126892,2.055325508117676,-0.42153966426849365,1.8951903581619263,0.3670632541179657,0.7982005476951599,0.12274757772684097,-0.0893227756023407,-0.46584499796107665,0.8048880573732893,0.31817153362041695,-0.1841481147504067
17.0,-0.00010573123290669173,-0.7866065502166748,2.109651565551758,-0.6849136352539062,2.044207811355591,0.3260648548603058,0.8029084205627441,0.1305658370256424,-0.06964608281850815,-0.420486155687177,0.7669949914630351,0.42499821425339906,-0.23299483648239885
18.0,-0.00026304853963665664,-0.8079508543014526,2.099360466003418,-0.6535872220993042,2.055691957473755,0.33263227343559265,0.8114294409751892,0.1288648545742035,-0.05029506981372833,-0.41508992774469966,0.7688325728108966,0.42801526684757796,-0.2310838770128154
19.0,0.019708460196852684,-0.8125462532043457,2.0644869804382324,-0.5880075693130493,2.121387004852295,0.3885476589202881,0.8240581154823303,0.1365380585193634,-0.03631436079740524,-0.39095803309804,0.7808506018030364,0.4357013356036292,-0.21814788601579732
20.0,0.048556774854660034,-0.7820683121681213,2.029954671859741,-0.5421289205551147,2.191789388656616,0.4603094756603241,0.8285973072052002,0.15161852538585663,-0.049887023866176605,-0.3662634199474874,0.7934789949214843,0.44130243231109395,-0.2037016324506847
21.0,0.049369025975465775,-0.7578803300857544,2.0448520183563232,-0.5848922729492188,2.172123670578003,0.4463234841823578,0.8177735805511475,0.15425091981887817,-0.07451517134904861,-0.3760644542960464,0.7904662712149552,0.4365762252685276,-0.20770122728772242
22.0,0.0685170367360115,-0.7277414202690125,2.024759531021118,-0.5655391216278076,2.2095160484313965,0.4913405776023865,0.8170368671417236,0.16533635556697845,-0.09316922724246979,-0.36337361366415316,0.797560725899196,0.4381796495986474,-0.19963742152564695
23.0,0.08488991111516953,-0.7241308689117432,1.9853806495666504,-0.49075862765312195,2.2642438411712646,0.5552946329116821,0.830172061920166,0.1733856201171875,-0.08366113156080246,-0.34004998361053274,0.8075778025128113,0.4440910981003926,-0.18699518208510815
24.0,0.10642147064208984,-0.6902963519096375,1.9516972303390503,-0.44390907883644104,2.3100907802581787,0.6230106353759766,0.8332177996635437,0.18659844994544983,-0.10104655474424362,-0.3213267361155345,0.8162438440497262,0.4467299662569498,-0.17586202818211938
25.0,0.12901656329631805,-0.6645777225494385,1.8835252523422241,-0.3152690529823303,2.384063482284546,0.7451073527336121,0.8514648079872131,0.2001071572303772,-0.09799530357122421,-0.2836885660685823,0.8303177967724432,0.453917693135625,-0.1550866909291067
26.0,0.13477632403373718,-0.6621867418289185,1.8450254201889038,-0.23084750771522522,2.4218828678131104,0.8126370310783386,0.8652786016464233,0.20307478308677673,-0.08350462466478348,-0.26122236326266884,0.8367987737208699,0.45931650054335066,-0.1433842444598601
27.0,0.13611268997192383,-0.6633588671684265,1.8135733604431152,-0.15735593438148499,2.449636459350586,0.8680195808410645,0.8776218891143799,0.2031550407409668,-0.06759016215801239,-0.24256312290549248,0.8416491997807187,0.46361326802299924,-0.133613224000641
28.0,0.12657907605171204,-0.6887298822402954,1.8186490535736084,-0.1530587077140808,2.447626829147339,0.8500208258628845,0.8820822238922119,0.1953049600124359,-0.04580625146627426,-0.2427044299896256,0.8403113902110292,0.4657027896870114,-0.13450739318994226
29.0,0.1438571661710739,-0.641668975353241,1.752339482307434,-0.023186787962913513,2.495440721511841,0.9892750978469849,0.8956359624862671,0.2083578258752823,-0.05697154253721237,-0.2085211653103688,0.8503499153200254,0.46923753514045935,-0.11506554978853459
30.0,0.1543487310409546,-0.6146216988563538,1.7511943578720093,-0.04213106259703636,2.4904909133911133,0.9953358769416809,0.8892546892166138,0.2175646722316742,-0.0838530957698822,-0.2129469220402118,0.8508521438336369,0.4659455983090188,-0.1166144808493116
31.0,0.16733966767787933,-0.5673282146453857,1.6775646209716797,0.11109238117933273,2.5283303260803223,1.1515822410583496,0.9060907959938049,0.22893351316452026,-0.09123168140649796,-0.1760107135365335,0.859880950974299,0.4694580524404377,-0.09609430717127258
32.0,0.16580750048160553,-0.5611626505851746,1.6465224027633667,0.18937844038009644,2.5432119369506836,1.2171508073806763,0.917734682559967,0.2281092405319214,-0.07909561693668365,-0.15796431714358475,0.8628130304938971,0.47235815135037357,-0.08647962634144461
33.0,0.1553511917591095,-0.5843642354011536,1.6440174579620361,0.22124707698822021,2.5516116619110107,1.2261390686035156,0.9246397018432617,0.2184821367263794,-0.051521435379981995,-0.1500454140024539,0.8625843995955982,0.4760028091859742,-0.08280007824993027
34.0,0.15330509841442108,-0.5716885328292847,1.6040794849395752,0.32790815830230713,2.5687074661254883,1.3218152523040771,0.9381226301193237,0.2171383947134018,-0.038000039756298065,-0.12520501461572378,0.8656620193344949,0.47972767296106356,-0.06938539033661274
35.0,0.1651727855205536,-0.533484935760498,1.5799640417099,0.3586847484111786,2.5670154094696045,1.3742262125015259,0.9388574957847595,0.22896289825439453,-0.0651278868317604,-0.11860989223680068,0.8683045079510346,0.4772103047198261,-0.06518665511204726
36.0,0.15988877415657043,-0.5097044110298157,1.518968105316162,0.5293186902999878,2.579209566116333,1.532723069190979,0.960115909576416,0.22620803117752075,-0.04727587848901749,-0.0787678959246123,0.8719284285026122,0.4812961641250013,-0.04347915062572255
37.0,0.1655287742614746,-0.4656163454055786,1.4677881002426147,0.6389873623847961,2.5737013816833496,1.6542037725448608,0.9725556969642639,0.2343747615814209,-0.06230445206165314,-0.05286704842319931,0.8749099294246022,0.48051496854237796,-0.029035419610786695
38.0,0.17498445510864258,-0.4469095468521118,1.465599775314331,0.6140745878219604,2.569194793701172,1.6444761753082275,0.9677483439445496,0.2434910535812378,-0.08514214307069778,-0.05924212564974393,0.8756684126779414,0.4781722220859404,-0.03235007901055352
39.0,0.17864760756492615,-0.41401615738868713,1.426676869392395,0.6909501552581787,2.560159683227539,1.7293264865875244,0.9771618247032166,0.2496691793203354,-0.09794533252716064,-0.04033541232422395,0.8778186513011059,0.47678873594054877,-0.021908245496990185
40.0,0.16747252643108368,-0.42394107580184937,1.413509488105774,0.7606203556060791,2.560091733932495,1.7844927310943604,0.9877207279205322,0.24006348848342896,-0.07312024384737015,-0.02225423163551212,0.8773464565759037,0.47918702613234115,-0.012154764270111116
41.0,0.17171138525009155,-0.3789629340171814,1.3614379167556763,0.8644531965255737,2.540005922317505,1.901859998703003,1.000441074371338,0.24838611483573914,-0.09157029539346695,0.005845744638126851,0.8787614004240926,0.4772149939149636,0.003174582973364638
42.0,0.17757894098758698,-0.36292141675949097,1.3508220911026,0.8607662320137024,2.537670373916626,1.9043941497802734,1.0004714727401733,0.25472962856292725,-0.10662025958299637,0.004157576241912984,0.8792206881079034,0.47639124813630596,0.0022527454339224765
43.0,0.167572483420372,-0.32704970240592957,1.2838053703308105,1.0111104249954224,2.4955856800079346,2.054374933242798,1.025610089302063,0.25238850712776184,-0.10642585158348083,0.05116847108328469,0.8803208034502795,0.47081648733827364,0.027366143866146483
44.0,0.15914911031723022,-0.3355674743652344,1.282668948173523,1.0565392971038818,2.489269733428955,2.097468137741089,1.0298503637313843,0.2446824312210083,-0.0895518884062767,0.06639304093374271,0.8781329686539954,0.4724389420057987,0.03571973621029567
45.0,0.1501043289899826,-0.3427848219871521,1.278913140296936,1.107560396194458,2.4805095195770264,2.145876407623291,1.0351862907409668,0.2366710901260376,-0.07255519181489944,0.08357972483872673,0.8753914615290254,0.47397920491616435,0.045254082523024645
46.0,0.14429014921188354,-0.3570820987224579,1.2899709939956665,1.1231273412704468,2.48323917388916,2.1587376594543457,1.0343033075332642,0.2300618290901184,-0.05699983984231949,0.08847946413703801,0.8733663849474445,0.4765207353415228,0.04827557207770116
47.0,0.13468456268310547,-0.3620615601539612,1.2824785709381104,1.1800295114517212,2.4710757732391357,2.2125158309936523,1.0410505533218384,0.2219053953886032,-0.040576137602329254,0.10771274774719393,0.8697834123285598,0.4778833154435589,0.059180372012246796
48.0,0.13332116603851318,-0.32268157601356506,1.2289996147155762,1.2338660955429077,2.427579402923584,2.273541212081909,1.0574333667755127,0.22696445882320404,-0.06323464959859848,0.1332385731420009,0.8706459063058987,0.4680728249730002,0.07163113137218527
49.0,0.12076088786125183,-0.3230125904083252,1.2131599187850952,1.300842046737671,2.4016523361206055,2.339462995529175,1.0674968957901,0.21722888946533203,-0.04847652465105057,0.16060320381145135,0.8651849849624933,0.46705965147017114,0.0866996810231154
50.0,0.12543877959251404,-0.6319407224655151,1.7216795682907104,-2.04050612449646,-2.373271942138672,-0.788974940776825,1.0801483392715454,0.22696690261363983,-0.08033443987369537,0.16979663297702954,0.8683069612625628,0.45739696465119245,0.08944350831957648
51.0,0.12533169984817505,-0.6165764331817627,1.7045278549194336,-2.0349678993225098,-2.3579142093658447,-0.7774785757064819,1.087140679359436,0.2294020801782608,-0.0921008512377739,0.17697932655257995,0.8689967408921055,0.45279064283098336,0.09221505330800919
52.0,0.10957664996385574,-0.6190544366836548,1.6671714782714844,-1.945243239402771,-2.316373348236084,-0.7044122219085693,1.102333664894104,0.21818050742149353,-0.08289732784032822,0.21287089451293253,0.8612678845151271,0.4479358230928301,0.11071184111128628
53.0,0.10430105775594711,-0.6360903978347778,1.6724638938903809,-1.919503927230835,-2.3174612522125244,-0.6909026503562927,1.0997060537338257,0.21184414625167847,-0.0673414096236229,0.21767547799147252,0.8580168915481537,0.4509293465922489,0.11439897062961517
54.0,0.0995219349861145,-0.6529753804206848,1.6785677671432495,-1.8964343070983887,-2.320152759552002,-0.6800751090049744,1.0966111421585083,0.2058713138103485,-0.0520678386092186,0.22109560380557813,0.8550487973748369,0.4541145643338086,0.1174233815967131
55.0,0.09161335229873657,-0.6805747151374817,1.714257836341858,-1.9671298265457153,-2.29550838470459,-0.7302204966545105,1.088430404663086,0.19912183284759521,-0.03502374142408371,0.22145167462730903,0.8670705178087057,0.4323804856387236,0.11043092225697013
56.0,0.08067785203456879,-0.6334043145179749,1.621293067932129,-1.8135968446731567,-2.2516703605651855,-0.5988035202026367,1.1196472644805908,0.19473861157894135,-0.05799279361963272,0.2687773578671903,0.8445860126007632,0.44126384209288866,0.14042585544869654
57.0,0.06697854399681091,-0.6397677063941956,1.6006419658660889,-1.7550749778747559,-2.2225341796875,-0.553074061870575,1.1268441677093506,0.18323522806167603,-0.045537687838077545,0.29353786300402684,0.8350956444037891,0.43891726394187003,0.15428033930035354
58.0,0.0739520862698555,-0.6093284487724304,1.5873535871505737,-1.7951520681381226,-2.2155470848083496,-0.5695973634719849,1.1345998048782349,0.1926218569278717,-0.07368136942386627,0.2901173273925136,0.84097053457243,0.4317581582424725,0.1489476052800262
59.0,0.07498744130134583,-0.5903207659721375,1.5732616186141968,-1.8089206218719482,-2.2035305500030518,-0.5703104138374329,1.1415513753890991,0.19582654535770416,-0.08972323685884476,0.2938774134816893,0.8426616530469634,0.42600966710613014,0.14857041381646474
60.0,0.056894004344940186,-0.5691390037536621,1.5263625383377075,-1.7618199586868286,-2.1465089321136475,-0.5148540139198303,1.1621901988983154,0.183376744389534,-0.09866248816251755,0.33285115070580407,0.8315111435792749,0.41289437630409825,0.16528025772535157
61.0,0.048263389617204666,-0.5963560342788696,1.535604476928711,-1.7174633741378784,-2.1441855430603027,-0.49105513095855713,1.155932903289795,0.1732643097639084,-0.07216276973485947,0.3414302145214788,0.8235853898029113,0.4183873247376556,0.17344901502710006
62.0,0.04940080642700195,-0.6194596886634827,1.5562559366226196,-1.7073359489440918,-2.1628479957580566,-0.4964657723903656,1.1455004215240479,0.17166568338871002,-0.053798966109752655,0.3329154039760803,0.8235008648635547,0.4258774091343249,0.17216878855778575
63.0,0.023122373968362808,-0.610343873500824,1.513371229171753,-1.6407196521759033,-2.0939881801605225,-0.4262690544128418,1.162658929824829,0.15082573890686035,-0.04960663616657257,0.3811446578003781,0.8037622010211093,0.4127734385311151,0.19573748359252588
64.0,0.023788485676050186,-0.5964879989624023,1.5041029453277588,-1.6537126302719116,-2.0855443477630615,-0.427057147026062,1.1679494380950928,0.15286007523536682,-0.06186721473932266,0.3841841639115357,0.8048680298154403,0.40819841732405454,0.19484361645879722
65.0,0.031056292355060577,-0.5769190192222595,1.4984861612319946,-1.6882067918777466,-2.0910401344299316,-0.4465307891368866,1.1726863384246826,0.16078972816467285,-0.08158739656209946,0.3762596712944684,0.8120331930007175,0.4047864548151125,0.18755980171841555
66.0,0.020700102671980858,-0.5592405200004578,1.47234308719635,-1.6773526668548584,-2.057387351989746,-0.421392560005188,1.184983730316162,0.15340735018253326,-0.09244916588068008,0.39759517597091104,0.8048333596896071,0.3950602039586819,0.19516345565582938
67.0,0.00308268703520298,-0.5694906711578369,1.4612905979156494,-1.6312769651412964,-2.0228424072265625,-0.37914803624153137,1.1879737377166748,0.1372634768486023,-0.07721634209156036,0.42423263820709983,0.7893874464422406,0.39085908043952444,0.21005548628210602
68.0,-0.00362296006642282,-0.5467981100082397,1.437931776046753,-1.6396229267120361,-1.997593879699707,-0.3670516312122345,1.2003065347671509,0.13277854025363922,-0.09457933157682419,0.43888322220250714,0.7855727826623933,0.38078780538279555,0.21273826097099513
69.0,-0.026434656232595444,-0.5602361559867859,1.4279199838638306,-1.5874089002609253,-1.9525645971298218,-0.3156612515449524,1.2021030187606812,0.11177925020456314,-0.07570191472768784,0.4718352506001335,0.7636965838430342,0.3748410913861016,0.2315883855595203
70.0,-0.030989093706011772,-0.5380390286445618,1.4091883897781372,-1.6047508716583252,-1.9341888427734375,-0.3100737929344177,1.212939739227295,0.10862475633621216,-0.09435931593179703,0.4822070687457482,0.7618325742218395,0.36547693190563973,0.23133111323598318
71.0,-0.043898019939661026,-0.5456098914146423,1.404488205909729,-1.5764776468276978,-1.909323811531067,-0.2821332812309265,1.2134078741073608,0.09660115838050842,-0.08380044251680374,0.49983744733249125,0.7485258721607014,0.36237630866474824,0.2419813130568379
72.0,-0.053620703518390656,-0.563447892665863,1.410042643547058,-1.5436595678329468,-1.895340085029602,-0.2609040439128876,1.2080858945846558,0.08717528730630875,-0.06514424830675125,0.5103971722703414,0.7373758253247437,0.3638095353634285,0.25182184326173696
73.0,-0.05020621046423912,-0.5785712599754333,1.4213428497314453,-1.529210090637207,-1.9095209836959839,-0.2658195495605469,1.2009793519973755,0.0895700752735138,-0.051757797598838806,0.5023231644913199,0.739295946736993,0.370933141646696,0.25203481105155306
74.0,-0.020061345770955086,-0.5845332741737366,1.448819637298584,-1.57028329372406,-1.979495882987976,-0.32669296860694885,1.1901110410690308,0.11582833528518677,-0.05539761483669281,0.4566775501650266,0.767544269268336,0.3865541854453463,0.22999406862632576
75.0,-0.07498820871114731,-0.4247424006462097,1.1977670192718506,0.8435074687004089,1.607614517211914,-1.6457475423812866,1.1522555351257324,0.10930278897285461,-0.06408654898405075,0.9995691507292013,0.00040242792661729186,0.0241761891161982,-0.016639195956687995
76.0,-0.07083059847354889,-0.4275438189506531,1.2132782936096191,0.858557403087616,1.6246428489685059,-1.6415187120437622,1.1401259899139404,0.11228874325752258,-0.06368803977966309,0.9989627640977724,0.0009349773099895916,0.038536670748446786,-0.02423730123578021
77.0,-0.05362418293952942,-0.43633437156677246,1.2276616096496582,0.826138973236084,1.6196166276931763,-1.6244194507598877,1.1358741521835327,0.13277973234653473,-0.06423267722129822,0.9994299210669663,0.000568972012750782,0.024600192891320077,-0.02311578803840716
78.0,-0.04802466556429863,-0.4473852813243866,1.2563960552215576,0.8130650520324707,1.6298937797546387,-1.6188347339630127,1.1210650205612183,0.13822786509990692,-0.0637441948056221,0.9992349260249113,0.0007642942520924373,0.027014247478771104,-0.028270282974215615
79.0,-0.030628705397248268,-0.4561167061328888,1.2785406112670898,0.7956175208091736,1.6390867233276367,-1.601459264755249,1.1086422204971313,0.156593456864357,-0.06425368040800095,0.9991382585814603,0.0008234664451705513,0.0246412489087266,-0.03338968394637496
80.0,-0.017328819260001183,-0.46933040022850037,1.3119089603424072,0.771939218044281,1.6511834859848022,-1.5881636142730713,1.0910072326660156,0.16973017156124115,-0.06439264863729477,0.9989535865707878,0.0008975682727528841,0.022534934640074302,-0.03978822651643468
81.0,-0.008456520736217499,-0.479470431804657,1.3374210596084595,0.7529012560844421,1.6602144241333008,-1.5792796611785889,1.0775805711746216,0.17811505496501923,-0.06449683010578156,0.9988003560183412,0.0009084555463324163,0.02038418578578898,-0.04451413815863117
82.0,-0.005866426974534988,-0.49246829748153687,1.37030827999115,0.7319875955581665,1.6768430471420288,-1.5766912698745728,1.060970664024353,0.17844663560390472,-0.06387787312269211,0.9984044199546567,0.0010484688870025449,0.01979823067239207,-0.052872913578141896
83.0,0.017875753343105316,-0.48735713958740234,1.3756521940231323,0.7520602941513062,1.7735366821289062,1.903915524482727,1.0486328601837158,0.18870528042316437,-0.06520373374223709,0.1525943652603794,0.9824916461400985,0.10562203787788285,0.01640457467368301
84.0,0.01050384808331728,-0.5137181878089905,1.4234625101089478,0.6845014095306396,1.6909435987472534,-1.5602188110351562,1.0332974195480347,0.19336991012096405,-0.06470426917076111,0.9981275374210292,0.000667140946654108,0.011069853212653528,-0.060153406509021665
85.0,0.017796991392970085,-0.5355154275894165,1.4780552387237549,0.6361581087112427,1.718068242073059,1.6245931386947632,1.005772590637207,0.1962878704071045,-0.06475836783647537,0.01765941282085054,0.997125992204791,0.07366273736772119,0.0013045811312299373
86.0,0.018126467242836952,-0.5504604578018188,1.51371431350708,0.6009494066238403,1.7142354249954224,1.524705410003662,0.9889519214630127,0.19690074026584625,-0.06486916542053223,-0.0317843710894162,0.9969173073515717,0.07169665991534001,-0.002285829023858642
87.0,0.011742408387362957,-0.5809645652770996,1.5893782377243042,0.5312060713768005,1.696134328842163,-1.5589673519134521,0.952470064163208,0.19290827214717865,-0.06505972146987915,0.9979156411161334,-0.0010194168249178322,-0.016293987627007116,-0.06243268352653448
88.0,0.002275645500048995,-0.6014620065689087,1.6410086154937744,0.4819774627685547,1.6901965141296387,-1.568507194519043,0.9279153943061829,0.1847323775291443,-0.0650666281580925,0.9979155552635455,-0.001476486256232795,-0.02472582258989582,-0.059590252966722344
89.0,-0.013955250382423401,-0.6227616667747498,1.6962766647338867,0.43010056018829346,1.6779758930206299,-1.5848019123077393,0.901639997959137,0.17192837595939636,-0.06511633098125458,0.9980011620535668,-0.0017737843353884222,-0.03278417554062016,-0.0539975190447112
90.0,-0.025183692574501038,-0.6360530853271484,1.7275335788726807,0.39155885577201843,1.682860016822815,0.9041805863380432,0.8885872960090637,0.16142037510871887,-0.06493759900331497,-0.31211720613142147,0.9473830000192142,0.06748342670751431,-0.02223258939307358
91.0,-0.03813964128494263,-0.6474465131759644,1.7502235174179077,0.35611698031425476,1.6917624473571777,0.8209967017173767,0.8814036846160889,0.14888040721416473,-0.06412474811077118,-0.34401880440656885,0.9353571000236237,0.07715501034906393,-0.028377139181178585
92.0,-0.06500615924596786,-0.665245532989502,1.8007394075393677,0.30907532572746277,1.6658241748809814,0.6420296430587769,0.8570955991744995,0.13095860183238983,-0.06480817496776581,-0.4145537153222144,0.906603140672394,0.07170102527681467,-0.03278605511118685
93.0,-0.09946239739656448,-0.6761113405227661,1.8378132581710815,0.2875664532184601,1.6319024562835693,-1.6697860956192017,0.8377341628074646,0.1089298278093338,-0.06504754722118378,0.9976881239755342,-0.0020908628636827358,-0.05737905112244791,-0.03635491800227326
94.0,-0.13114753365516663,-0.6878576278686523,1.86653470993042,0.2504290044307709,1.6158174276351929,0.30562207102775574,0.8269568681716919,0.08665703982114792,-0.06491783261299133,-0.5342881605059211,0.842035604737523,0.06268928885545841,-0.0397775685570434
95.0,-0.16468288004398346,-0.6958515048027039,1.8853391408920288,0.22591453790664673,1.595345139503479,0.15542426705360413,0.8207775354385376,0.06351395696401596,-0.06453745067119598,-0.5827942876595138,0.8088122664808527,0.0637469696767422,-0.04593320932156234
96.0,-0.20199018716812134,-0.6953237652778625,1.8988664150238037,0.23793940246105194,1.569162368774414,-1.77113676071167,0.8098597526550293,0.03958326205611229,-0.06513534486293793,0.997909826416494,-0.0007703659384179612,-0.0634720341065796,-0.01211138984992963
97.0,-0.23212307691574097,-0.7020509839057922,1.9092737436294556,0.21036557853221893,1.548069953918457,-0.1461125761270523,0.8094337582588196,0.018805203959345818,-0.06486355513334274,-0.6746676883722588,0.7340566761336408,0.05695603707675447,-0.052348030818507134
98.0,-0.27055975794792175,-0.6978966593742371,1.9075443744659424,0.23062650859355927,1.5285545587539673,-1.8390024900436401,0.8071507811546326,-0.008521932177245617,-0.06504925340414047,0.9976496204691329,0.0002032594719583217,-0.06845742560363248,0.002962151769535066
99.0,-0.29642146825790405,-0.6977078318595886,1.9053844213485718,0.22943533957004547,1.5090863704681396,-0.42995351552963257,0.8094271421432495,-0.027099423110485077,-0.06494559347629547,0.7520252005744184,-0.6550218563729767,-0.04828462283274719,0.05543519254593482
100.0,-0.33309149742126465,-0.6877305507659912,1.8775774240493774,0.26574087142944336,1.4850196838378906,-0.6372824907302856,0.8226860165596008,-0.05795691907405853,-0.06400185823440552,0.8054611726869398,-0.588295520366516,-0.04228878459833648,0.05789938434617144
101.0,-0.35699278116226196,-0.6822023987770081,1.8710216283798218,0.2827555537223816,1.478981614112854,-1.9264469146728516,0.8223135471343994,-0.07707662880420685,-0.06506220251321793,0.9977186792558362,0.001606200452974011,-0.06241501178892842,0.02567534785514445
102.0,-0.375976026058197,-0.6748353838920593,1.846213936805725,0.3026977479457855,1.4522134065628052,-0.8839158415794373,0.8364171385765076,-0.0944596454501152,-0.06437535583972931,0.8610148270838408,-0.5028137337035208,-0.038510518311953214,0.06594510383837007
103.0,-0.3942466378211975,-0.6648417711257935,1.8251787424087524,0.3342369496822357,1.452897310256958,-1.9651540517807007,0.8431292772293091,-0.11340686678886414,-0.06498923897743225,0.997537971950626,0.0023001990343296643,-0.05773384286719362,0.03974301182372674
104.0,-0.4056452214717865,-0.6545313596725464,1.8004738092422485,0.36674413084983826,1.4564186334609985,-1.9771690368652344,0.8526644110679626,-0.12827077507972717,-0.06512771546840668,0.997943120412836,0.0020234716984841466,-0.04921011462496713,0.04103411509433436
105.0,-0.4334215223789215,-0.6598622798919678,1.809433937072754,0.315496027469635,1.3321589231491089,-1.1488083600997925,0.8588018417358398,-0.13575798273086548,-0.06619185209274292,0.9047974121868292,-0.4055357138982141,-0.05314269908899988,0.11856762284291184
106.0,-0.41853395104408264,-0.6411218047142029,1.7638800144195557,0.4025164842605591,1.4401376247406006,-1.9911407232284546,0.8704473972320557,-0.14519774913787842,-0.06499399244785309,0.9976065794586065,0.0023888205723607797,-0.04732117608808176,0.05035982973375552
107.0,-0.4259076416492462,-0.6303588151931763,1.7348934412002563,0.4291422367095947,1.4147493839263916,-1.3362431526184082,0.8855839967727661,-0.15471826493740082,-0.06475426256656647,0.9433963830603466,-0.3218504410287879,-0.025862427537188593,0.07580694480134569
108.0,-0.4284181296825409,-0.61855149269104,1.7057209014892578,0.4641170799732208,1.439818024635315,-2.0019564628601074,0.8967484831809998,-0.16642718017101288,-0.065049909055233,0.9978070620229735,0.002006372814838778,-0.03611575811018704,0.05543188127184849
109.0,-0.44161257147789,-0.6092660427093506,1.6843630075454712,0.4767799973487854,1.3552483320236206,-1.4825586080551147,0.91103196144104,-0.1718585193157196,-0.06511397659778595,0.9597360183326067,-0.25932417938169894,-0.02816412868574232,0.10423304158689688
110.0,-0.4302612245082855,-0.5958279371261597,1.6469184160232544,0.5221709609031677,1.443274974822998,-2.0042107105255127,0.9242434501647949,-0.1814216524362564,-0.06509082764387131,0.9979661021465769,0.0014948388378812503,-0.025551202444667156,0.058382878285063104
111.0,-0.4307228624820709,-0.5845255255699158,1.6195781230926514,0.5503168106079102,1.4163920879364014,-1.6652793884277344,0.9383144378662109,-0.1838328093290329,-0.06477318704128265,0.9828443668764544,-0.16738026746956636,-0.013005143967562523,0.07636532453555722
112.0,-0.42485666275024414,-0.5602158904075623,1.5595543384552002,0.6104409694671631,1.399770736694336,-1.7960749864578247,0.967648983001709,-0.18833830952644348,-0.06430409848690033,0.9910352382647382,-0.10089695126383305,-0.008869917403778961,0.08712224921607502
113.0,-0.4187714159488678,-0.5478291511535645,1.526328206062317,0.6372661590576172,1.4355870485305786,-1.8929916620254517,0.9824496507644653,-0.19451020658016205,-0.06488950550556183,0.9962274955190757,-0.04966383797841589,-0.0035432316273172238,0.07107549422043491
114.0,-0.4122985303401947,-0.5354177355766296,1.4939944744110107,0.6637837886810303,1.4498546123504639,-1.9863148927688599,0.9979373216629028,-0.19676212966442108,-0.06501556187868118,0.9978416773456328,4.859915522286394e-05,-0.000738733005451027,0.06566154783221932
115.0,-0.39442822337150574,-0.5110718011856079,1.431788682937622,0.7160328030586243,1.4636043310165405,-1.9675486087799072,1.0288056135177612,-0.1926327496767044,-0.06473845988512039,0.9980225561747249,-0.0006065210285515436,0.0097483996215337,0.062093302404762886
116.0,-0.38142943382263184,-0.498439759016037,1.3974082469940186,0.7384722232818604,1.4801205396652222,-1.953722596168518,1.0466701984405518,-0.18817152082920074,-0.06467515230178833,0.9984187017698267,-0.0007627269991208785,0.013987430317771832,0.05444139965948854
117.0,-0.3644779324531555,-0.48263707756996155,1.3562253713607788,0.7678844928741455,1.4938825368881226,-1.936120867729187,1.0677893161773682,-0.1795654147863388,-0.06449082493782043,0.9986372416255525,-0.0009356535971931919,0.01926858764315307,0.04849232641451902
118.0,-0.36308753490448,-0.45731860399246216,1.3182780742645264,0.8515511751174927,1.4436829090118408,-2.4151344299316406,1.0776420831680298,-0.17348742485046387,-0.06480616331100464,0.967867770414576,0.2328648955718971,0.022198949932640058,0.09226660297689318
119.0,-0.3402828276157379,-0.46377745270729065,1.3087985515594482,0.8048999905586243,1.5057209730148315,-1.9113342761993408,1.091922402381897,-0.16273002326488495,-0.06405873596668243,0.9986887777358465,-0.0011593115136804095,0.026409673566889877,0.043839598120712586
120.0,-0.3244997560977936,-0.4521639049053192,1.2744953632354736,0.8143783807754517,1.5250372886657715,-1.895262360572815,1.1109718084335327,-0.15420615673065186,-0.0643359050154686,0.9991953797565846,-0.0007706800601023862,0.023933281462725296,0.03217448000769688
121.0,-0.31790176033973694,-0.4293939769268036,1.2420010566711426,0.8962887525558472,1.4956594705581665,-2.6463773250579834,1.1168792247772217,-0.14372654259204865,-0.06439879536628723,0.9271848004307343,0.36629326803350576,0.028832050444962433,0.07298150800506457
122.0,-0.2914949953556061,-0.43358516693115234,1.2250880002975464,0.840721070766449,1.5422130823135376,-1.8620291948318481,1.1374174356460571,-0.1268160194158554,-0.06412205100059509,0.999426227236614,-0.0005698543785354835,0.02530834414413325,0.022502873022291214
123.0,-0.2713075578212738,-0.42810362577438354,1.2096624374389648,0.8477557301521301,1.5505446195602417,-1.8417997360229492,1.146647334098816,-0.1070839911699295,-0.06381815671920776,0.999520682169336,-0.00044822751545611577,0.025473621775367977,0.01758691563308247
124.0,-0.24233180284500122,-0.41937240958213806,1.1844797134399414,0.8546143770217896,1.5615870952606201,-1.8128851652145386,1.161346673965454,-0.0785592794418335,-0.06373078376054764,0.9996901845251221,-0.0002340741732760875,0.022641917985159153,0.010335556267661503
125.0,-0.23030728101730347,-0.41284361481666565,1.16756010055542,0.8618848323822021,1.564376711845398,-1.800890326499939,1.1698471307754517,-0.06682267785072327,-0.0639123022556305,0.9997325857096232,-0.00018011818891043173,0.02156408052675016,0.008349554408761187
126.0,-0.21126563847064972,-0.4123188257217407,1.1643091440200806,0.8593859076499939,1.5691455602645874,-1.7818963527679443,1.1730115413665771,-0.04573991149663925,-0.06374704837799072,0.9997938206617197,-9.953500999164598e-05,0.01966483473739904,0.005059697043644113
127.0,-0.1862846463918686,-0.4122293293476105,1.1621853113174438,0.8558592200279236,1.5738450288772583,-1.7569665908813477,1.1754878759384155,-0.01748398318886757,-0.06365121155977249,0.9998455519602054,-3.0493164341856534e-05,0.017487990062465267,0.0017439894306410745
128.0,-0.16764163970947266,-0.40536242723464966,1.1464811563491821,0.8676729798316956,1.5776150226593018,-1.7383158206939697,1.1817042827606201,0.002811053767800331,-0.06385783851146698,0.9998137406127775,3.7041876013128e-06,0.019298887090501964,-0.00019241941869858366
129.0,-0.15371613204479218,-0.4176064729690552,1.172288417816162,0.8410903215408325,1.5779072046279907,-1.7244648933410645,1.1726492643356323,0.020599618554115295,-0.0635661631822586,0.9999157070182129,2.061822165346508e-05,0.012884621288353068,-0.0016015515641183056
130.0,-0.14004361629486084,-0.4062935709953308,1.1487641334533691,0.8658589124679565,1.5835392475128174,-1.7107445001602173,1.1801445484161377,0.03464094549417496,-0.06391400098800659,0.999803623473466,7.185056213157063e-05,0.019470409618003198,-0.0036895089282975974
131.0,-0.11757541447877884,-0.41520676016807556,1.1711918115615845,0.8542658090591431,1.5894811153411865,-1.688291311264038,1.1689714193344116,0.06141526624560356,-0.06374908238649368,0.999761799027954,0.0001440798448203852,0.020684341281747513,-0.00696293552517066
132.0,-0.10830957442522049,-0.42641815543174744,1.195830225944519,0.8317345976829529,1.5864555835723877,-1.6790640354156494,1.1591027975082397,0.07371924072504044,-0.06350820511579514,0.9998542137201728,9.788032270692023e-05,0.015931338562999876,-0.006142815075254449
133.0,-0.08994102478027344,-0.4227871000766754,1.192031741142273,0.8465237617492676,1.6012336015701294,-1.6606773138046265,1.1565617322921753,0.0927971825003624,-0.06380757689476013,0.999631437568036,0.00031215699199964135,0.023756812377884025,-0.013134132986847563
134.0,-0.059719979763031006,-0.27780675888061523,0.9868748188018799,1.5039927959442139,1.850921869277954,2.787576675415039,1.1730008125305176,0.08848750591278076,-0.025091001763939857,0.5244066900811556,0.7808726769289518,0.28181201411915047,0.18925505150998728
135.0,-0.058607764542102814,-0.3418547809123993,1.072896957397461,1.3611894845962524,1.8252403736114502,2.7286314964294434,1.1496434211730957,0.09498517215251923,-0.0113761518150568,0.5207953990703397,0.8052116338598246,0.23809887410764605,0.15399773749191478
136.0,-0.0410606823861599,-0.3558558225631714,1.1001777648925781,1.3325530290603638,1.8588452339172363,2.6679329872131348,1.138437032699585,0.11052742600440979,-0.009237879887223244,0.48604315614413574,0.8264806462495728,0.24485940261585076,0.14399883572774086
137.0,-0.006114550866186619,-0.3450820744037628,1.1047791242599487,1.3541786670684814,1.9547512531280518,2.5861854553222656,1.130064845085144,0.1362934559583664,-0.014124104753136635,0.41762621795268884,0.8499894797806526,0.28819437205826876,0.14159883564030096
138.0,0.01969762332737446,-0.3738354444503784,1.1622905731201172,1.285111665725708,2.0205981731414795,2.472573757171631,1.1067614555358887,0.15574172139167786,-0.010746398940682411,0.3528856870870107,0.87750684687126,0.30128627523608387,0.12116107418455056
139.0,0.04159340634942055,-0.4244406223297119,1.25066077709198,1.161962866783142,2.076385259628296,2.3121588230133057,1.0727936029434204,0.17102518677711487,-0.0034170837607234716,0.27601447722329875,0.9075828889301516,0.30271130083969405,0.09206072141955846
140.0,0.011483404785394669,-0.48400214314460754,1.3182766437530518,1.0555413961410522,1.9592185020446777,2.2880001068115234,1.0547113418579102,0.15468378365039825,0.011944493278861046,0.30601650926273166,0.9196514474787749,0.23356923441549654,0.07772080766053237
141.0,-0.03862328454852104,-0.4564543068408966,1.2501657009124756,1.1247482299804688,1.8146977424621582,2.5537774562835693,1.0894471406936646,0.1217612773180008,0.010206704959273338,0.4595790778410572,0.8631105036381155,0.18478671956964007,0.09839307897923137
142.0,-0.06816931068897247,-0.45772746205329895,1.241346001625061,1.1202490329742432,1.7350033521652222,2.700176954269409,1.0985788106918335,0.10118020325899124,0.01110016368329525,0.5427311186640025,0.8195169602425272,0.15336091065353413,0.10156434311355234
143.0,-0.09557786583900452,-0.4527168273925781,1.2252154350280762,1.1194686889648438,1.6827534437179565,2.8176071643829346,1.110005497932434,0.07818744331598282,0.00956239365041256,0.6059528231550281,0.7773571402149345,0.1332331003979965,0.1038556383912193
144.0,-0.10888988524675369,-0.4401437044143677,1.202034592628479,1.1394792795181274,1.6698367595672607,2.861055374145508,1.1201996803283691,0.06438686698675156,0.007033100817352533,0.6281066167312603,0.7590076514746862,0.1320746622932077,0.10929659922168893
145.0,-0.10873948037624359,-0.3990926742553711,1.13922917842865,1.226908564567566,1.6990349292755127,2.8449385166168213,1.1393122673034668,0.057965122163295746,0.00013925718667451292,0.614173690944435,0.7617485203918661,0.16054472236506503,0.1294421150677665
146.0,-0.13633380830287933,-0.45341572165489197,1.2172343730926514,1.0976122617721558,1.633113980293274,2.936312437057495,1.120181918144226,0.03951122611761093,0.007965972647070885,0.6714979534208615,0.7260797159247385,0.10864304264281566,0.10047603674288257
147.0,-0.14265085756778717,-0.483269602060318,1.2689720392227173,1.0426948070526123,1.6212990283966064,2.9522745609283447,1.1015392541885376,0.036983270198106766,0.012990942224860191,0.6821331475827257,0.7194302506543677,0.09493342513546192,0.09001182258085134
148.0,-0.15658017992973328,-0.47703543305397034,1.2557783126831055,1.046938180923462,1.6177562475204468,2.9633383750915527,1.1083004474639893,0.02118629589676857,0.011271750554442406,0.6914064983840176,0.7108233516722161,0.09259930668151059,0.0900698901516601
149.0,-0.16467909514904022,-0.49676090478897095,1.2938053607940674,1.0207751989364624,1.6168595552444458,2.960982322692871,1.0921343564987183,0.01505880244076252,0.015372147783637047,0.6939015576372133,0.7090900157436771,0.0895312648590289,0.08761352917228742
150.0,-0.16715985536575317,-0.5138410925865173,1.3275119066238403,1.0006881952285767,1.6174753904342651,2.9559762477874756,1.0768897533416748,0.014831199310719967,0.019200822338461876,0.693150497567789,0.7101100649977171,0.0884746423498438,0.0863615711502041
151.0,-0.16731861233711243,-0.5299449563026428,1.3597396612167358,0.9830002188682556,1.618871808052063,2.9493062496185303,1.0617225170135498,0.01700405962765217,0.022943636402487755,0.6908422741456096,0.7124651331556785,0.08830783845157118,0.08562775226989863
152.0,-0.152128204703331,-0.5262201428413391,1.3527178764343262,0.9886561036109924,1.6223622560501099,2.937746047973633,1.0643558502197266,0.032123178243637085,0.022273143753409386,0.6809485409560183,0.7216721531461981,0.09054720206044391,0.08543765061274547
153.0,-0.1382494419813156,-0.5350264310836792,1.3711481094360352,0.9822528958320618,1.6269619464874268,2.9230504035949707,1.0544294118881226,0.047480858862400055,0.024749761447310448,0.6701542134741895,0.7313571625471755,0.09328894844639572,0.08548217973063407
154.0,-0.14484058320522308,-0.5524231195449829,1.4038243293762207,0.9579117298126221,1.6260228157043457,2.9183578491210938,1.0398273468017578,0.04284840077161789,0.02843775413930416,0.6713634402884359,0.731009692205001,0.08989103019733104,0.08255642698474845
155.0,-0.16396872699260712,-0.5461361408233643,1.3923429250717163,0.9666500091552734,1.6212834119796753,2.939974069595337,1.0457700490951538,0.02281288243830204,0.026957860216498375,0.6861822421072843,0.7169089697839727,0.08905246008855906,0.08523566748773083
156.0,-0.18220388889312744,-0.5857261419296265,1.45372474193573,0.8734524250030518,1.6065349578857422,2.9371495246887207,1.024906039237976,0.009940922260284424,0.03188466280698776,0.6954567402110854,0.7132756676786899,0.0623274006101437,0.06077038362288669
157.0,-0.2027657926082611,-0.5906510353088379,1.461341142654419,0.8612823486328125,1.598536729812622,2.9726221561431885,1.022528886795044,-0.009388208389282227,0.032381556928157806,0.7157753868934784,0.6935382682603665,0.056832327198103036,0.058654518676321724
158.0,-0.2226594090461731,-0.6023242473602295,1.4789780378341675,0.8311477303504944,1.5873371362686157,-1.7913566827774048,1.0167917013168335,-0.026744551956653595,0.03351690620183945,0.9976205397783837,-0.0004809345393284494,0.06858637353596264,0.006995475640770555
159.0,-0.24003751575946808,-0.6048033833503723,1.4826414585113525,0.824777364730835,1.5797975063323975,-1.8087724447250366,1.01528799533844,-0.04299519956111908,0.03378402441740036,0.9978184212100845,-0.0007320344135964426,0.06505212561060085,0.011228685273652589
160.0,-0.2676081359386444,-0.6048837304115295,1.4823189973831177,0.8244945406913757,1.569131851196289,-1.8362290859222412,1.014418363571167,-0.06945332139730453,0.03390040248632431,0.9978502760846022,-0.0011398786606975969,0.0629877336657472,0.01805748050462497
161.0,-0.24609296023845673,-0.5582483410835266,1.4129306077957153,0.9455195069313049,1.5981911420822144,3.024826765060425,1.0365225076675415,-0.057471998035907745,0.029221972450613976,0.7452795229742827,0.6567165478352102,0.07619212789100524,0.08646715030617476
162.0,-0.2258235216140747,-0.5470195412635803,1.3953338861465454,0.9697387218475342,1.6070938110351562,2.9988057613372803,1.043578028678894,-0.039262931793928146,0.027496596798300743,0.7285950751399392,0.6735158692534322,0.08458039755258527,0.09149724966066976
163.0,-0.20907439291477203,-0.5414255857467651,1.3840223550796509,0.9746473431587219,1.6107056140899658,2.9842989444732666,1.049558162689209,-0.02350887842476368,0.0260003712028265,0.717844394542924,0.6849860504037265,0.08593059427372549,0.09005258987597689
164.0,-0.20631098747253418,-0.5243213772773743,1.349302053451538,0.9915035963058472,1.6100387573242188,2.9863929748535156,1.0663565397262573,-0.02400634065270424,0.021778246387839317,0.7176869577891861,0.6852278180249939,0.0856637878935021,0.08972170009393515
165.0,-0.19083060324192047,-0.5192989110946655,1.3383362293243408,0.9942448139190674,1.6125285625457764,2.974498987197876,1.0721142292022705,-0.008952649310231209,0.02037413977086544,0.7082793243475431,0.6951905127423426,0.08593558768436396,0.08755355197917182
166.0,-0.1825917810201645,-0.5303505063056946,1.3601878881454468,0.9813639521598816,1.6149022579193115,2.9636363983154297,1.061941385269165,0.0013936932664364576,0.022891661152243614,0.7015932501294851,0.7020793778219859,0.0862024907532742,0.08614284182548637
167.0,-0.19159363210201263,-0.5458127856254578,1.3919227123260498,0.967301070690155,1.6144356727600098,2.9671130180358887,1.0463237762451172,-0.005068918224424124,0.0268243458122015,0.7058715704602806,0.6975957391305344,0.08639261759333171,0.08741754050665598
168.0,-0.22956466674804688,-0.527394711971283,1.3565255403518677,0.9921907186508179,1.6055837869644165,3.006507158279419,1.0616782903671265,-0.04719347134232521,0.02292751334607601,0.7323399809224558,0.6691608610452265,0.08506205312504826,0.09309318721506842
169.0,-0.24672852456569672,-0.5263763666152954,1.3553497791290283,0.9968985319137573,1.602614164352417,3.020191192626953,1.0608471632003784,-0.06496991962194443,0.02310883067548275,0.7424758061638149,0.6575004962965839,0.08496009344467415,0.09594038332741474
170.0,-0.259758859872818,-0.5214779376983643,1.3463525772094727,1.0056954622268677,1.6007250547409058,3.0294742584228516,1.0636557340621948,-0.07948105782270432,0.022374799475073814,0.7496032889083544,0.6489241575902669,0.08531830244344138,0.09855523436992131
171.0,-0.26079627871513367,-0.5402770042419434,1.382982611656189,0.9825648665428162,1.5996530055999756,3.031120777130127,1.046947717666626,-0.07597658038139343,0.026587476953864098,0.7508069131389434,0.6480628235636617,0.08343105517820308,0.09665823777266626
172.0,-0.2852778732776642,-0.519951581954956,1.349640965461731,1.0226407051086426,1.56699800491333,-3.128460168838501,1.0586636066436768,-0.10040540248155594,0.023030629381537437,0.7965641411911749,0.5880453437646831,0.08333592082789089,0.11288652242322457
173.0,-0.28319066762924194,-0.4924699664115906,1.3035365343093872,1.0718543529510498,1.5448988676071167,-3.061513900756836,1.0774314403533936,-0.10004600882530212,0.017655765637755394,0.8142747881847504,0.559140999667364,0.08827347604845731,0.12855234437373442
174.0,-0.256591796875,-0.46476587653160095,1.2498724460601807,1.109387755393982,1.5697638988494873,-3.1385152339935303,1.101378083229065,-0.0810064822435379,0.011924466118216515,0.7823952709261447,0.6015731204480743,0.0982236718872913,0.12774792001339572
175.0,-0.2507898807525635,-0.4997265934944153,1.3040478229522705,1.0328887701034546,1.6048952341079712,3.0173110961914062,1.0829102993011475,-0.07536305487155914,0.017601093277335167,0.7421378587087007,0.6567432057141341,0.08871320488262331,0.10024833015587228
176.0,-0.23255284130573273,-0.5078507661819458,1.3185502290725708,1.0174492597579956,1.606523871421814,3.0066967010498047,1.0784410238265991,-0.05451928451657295,0.018773546442389488,0.7329959394445251,0.6677888883663361,0.0872254630348857,0.09574273826583916
177.0,-0.21508176624774933,-0.5061102509498596,1.3144149780273438,1.0164905786514282,1.609601378440857,2.993251323699951,1.0814346075057983,-0.036637965589761734,0.01803523860871792,0.7226084402576908,0.6792866590890579,0.08773152169756893,0.09332661438519238
178.0,-0.20071126520633698,-0.48303622007369995,1.268211007118225,1.04165518283844,1.611844539642334,2.9860970973968506,1.1026279926300049,-0.02567432075738907,0.012717297300696373,0.715034003979088,0.687037077959604,0.08955302738036833,0.09320237094287612
179.0,-0.1908980906009674,-0.4959341585636139,1.2923693656921387,1.022302269935608,1.6126856803894043,2.9776532649993896,1.092814326286316,-0.013050111010670662,0.01520477794110775,0.709111942261555,0.6938623196741728,0.08767479948873333,0.08960169760128257
180.0,-0.17431311309337616,-0.4846975803375244,1.2691761255264282,1.0325394868850708,1.6144229173660278,2.9697699546813965,1.103614091873169,0.0029130408074706793,0.01247035525739193,0.7005695220797088,0.7026101927969086,0.08827930039541032,0.08802287675710362
181.0,-0.17145936191082,-0.4462731182575226,1.2031170129776,1.106000304222107,1.6205940246582031,2.977512836456299,1.127124309539795,0.0010238793911412358,0.006278893444687128,0.6993881808051882,0.6993502199572952,0.1043174287123696,0.10432313483850131
182.0,-0.19284386932849884,-0.4454042613506317,1.2034862041473389,1.1126073598861694,1.6124482154846191,3.0077366828918457,1.1260439157485962,-0.021633274853229523,0.006440779659897089,0.7171967632666262,0.6803664866570667,0.10376187909556464,0.1093787869760495
183.0,-0.21962974965572357,-0.4529385566711426,1.220039963722229,1.1082209348678589,1.6014968156814575,3.044238328933716,1.1177760362625122,-0.04842759668827057,0.008397778496146202,0.7386942857819389,0.6565824938674303,0.10125567684049334,0.11391869384570182
184.0,-0.22740620374679565,-0.48258158564567566,1.2696822881698608,1.0504387617111206,1.6099328994750977,2.9993722438812256,1.099698543548584,-0.05436532944440842,0.013441881164908409,0.7281331045231417,0.6721384522635446,0.091133524629591,0.09872569966754464
185.0,-0.2489747554063797,-0.41012057662010193,1.1669797897338867,1.2281936407089233,1.5479044914245605,-3.0895819664001465,1.1284619569778442,-0.07587239891290665,0.0025489984545856714,0.7892630312008301,0.5784910191687607,0.12174514579154125,0.16610276276137786
186.0,-0.24326790869235992,-0.3338429033756256,1.0613198280334473,1.4021698236465454,1.5266916751861572,-3.0712039470672607,1.1582791805267334,-0.07335799932479858,-0.0120550487190485,0.780883416875355,0.5601262630635261,0.16118910525036884,0.22471700208071857
187.0,-0.20720043778419495,-0.37231990694999695,1.1010805368423462,1.2950844764709473,1.5917940139770508,3.0984902381896973,1.1521879434585571,-0.04012727364897728,-0.004374602343887091,0.7416300277227085,0.632015982858571,0.14581778442358326,0.17110778222257012
188.0,-0.17859181761741638,-0.30573350191116333,1.0063410997390747,1.4438061714172363,1.6256858110427856,3.0568814277648926,1.1773957014083862,-0.016891097649931908,-0.016984352841973305,0.7038070608725383,0.6511488419727073,0.19287400949154063,0.2084716362631106
189.0,-0.14160780608654022,-0.32264891266822815,1.027151107788086,1.398698329925537,1.681490182876587,2.9562411308288574,1.1720205545425415,0.018729127943515778,-0.01359095610678196,0.6555829823157174,0.7059525083389264,0.19640553125592494,0.18239209566230027
190.0,-0.11632657051086426,-0.3134244680404663,1.0172380208969116,1.4192746877670288,1.7253061532974243,2.896873712539673,1.172682523727417,0.04142718017101288,-0.015712613239884377,0.6175737245047858,0.7342982926704795,0.2156617861114709,0.18138000494463585
191.0,-0.11588560044765472,-0.212905153632164,0.8914864659309387,1.660550832748413,1.7523272037506104,2.9569172859191895,1.2018287181854248,0.03441104665398598,-0.03738149255514145,0.6051976155227669,0.6981133400212594,0.289083554587149,0.25060787920011185
192.0,-0.14562097191810608,-0.17937445640563965,0.8515628576278687,1.7478740215301514,1.6964313983917236,3.0317955017089844,1.2118701934814453,0.0058769891038537025,-0.04518377035856247,0.6364946746579063,0.6500297123418625,0.2966156389120322,0.29043943423317786
193.0,-0.1526591181755066,-0.13734063506126404,0.8001676201820374,1.8140166997909546,1.6817656755447388,3.05501651763916,1.2232236862182617,-0.002123933518305421,-0.06330385059118271,0.6388386087662326,0.6312043468968283,0.3091443805454548,0.31288345495621883
194.0,-0.14746826887130737,-0.11069592088460922,0.7594594955444336,1.809153437614441,1.6882697343826294,3.046388864517212,1.2316133975982666,0.0019705956801772118,-0.08204967528581619,0.6366775482359515,0.6389745275160752,0.3057976211971557,0.3046983223255866
195.0,-0.16197586059570312,-0.09744108468294144,0.7404506206512451,1.8070048093795776,1.6574130058288574,3.0700864791870117,1.2353681325912476,-0.011727740988135338,-0.09210920333862305,0.6551010113050688,0.6233169823573114,0.29432857202786344,0.3093368652134596
196.0,-0.17409731447696686,-0.125621035695076,0.7849063277244568,1.8111292123794556,1.6364141702651978,3.0895650386810303,1.226302981376648,-0.02186732180416584,-0.0730738416314125,0.6646121978162778,0.607104550637109,0.2937615619661058,0.32158799079064604
197.0,-0.17395977675914764,-0.14816002547740936,0.8186419606208801,1.8157685995101929,1.6384239196777344,3.089695692062378,1.2191787958145142,-0.020760320127010345,-0.05676133930683136,0.6615408030809183,0.6052953719293745,0.29884194150493326,0.3266110417262343
198.0,-0.19592680037021637,-0.12124105542898178,0.7825275659561157,1.806723713874817,1.5908927917480469,3.125555992126465,1.2261797189712524,-0.04160404950380325,-0.07868828624486923,0.6889677197497809,0.5806509209467938,0.2795470144075749,0.33169482341791073
199.0,-0.18735681474208832,-0.10241616517305374,0.7517202496528625,1.8068000078201294,1.6064484119415283,3.1124515533447266,1.232786774635315,-0.03472983092069626,-0.09046906977891922,0.68238524836749,0.5921780765849025,0.28089663299538137,0.3236859280143368
200.0,-0.21110519766807556,-0.09584685415029526,0.7479520440101624,1.797964096069336,1.5575517416000366,-3.1306281089782715,1.2323228120803833,-0.05643095448613167,-0.099111407995224,0.7085710179095981,0.5628097489544215,0.26473496510637345,0.3332982107820927
201.0,-0.2214701622724533,-0.1315484195947647,0.8051261305809021,1.80044424533844,1.538124680519104,-3.115847587585449,1.2202132940292358,-0.06354887783527374,-0.07555544376373291,0.7140884336743983,0.5472225549523603,0.26557017521733817,0.34655110197326994
202.0,-0.21129678189754486,-0.14833500981330872,0.8271052241325378,1.8070299625396729,1.5601789951324463,-3.1334242820739746,1.2160934209823608,-0.05360279232263565,-0.06163722276687622,0.7015013989698407,0.559260551459982,0.2753621131691557,0.34539706057673736
203.0,-0.24534589052200317,-0.16503551602363586,0.8639556169509888,1.7926959991455078,1.4887337684631348,-3.0793616771698,1.2055845260620117,-0.08162297308444977,-0.05716831982135773,0.7331901417959569,0.5138071797428893,0.25564611729040776,0.36480057666103277
204.0,-0.25634437799453735,-0.1471950262784958,0.8425725698471069,1.7822644710540771,1.466041088104248,-3.0599582195281982,1.209227204322815,-0.09248267859220505,-0.07324030995368958,0.7457615461707884,0.5002671240349109,0.24509873497031162,0.3653753289136352
205.0,-0.27461907267570496,-0.16800378262996674,0.8825821876525879,1.770712971687317,1.4278583526611328,-3.0323140621185303,1.1982725858688354,-0.10593726485967636,-0.06406351178884506,0.7595834278716892,0.47435949266492394,0.23570837950179716,0.3774356205421093
206.0,-0.295212984085083,-0.19196125864982605,0.9287591576576233,1.7573106288909912,1.3824400901794434,-3.0009257793426514,1.1851990222930908,-0.12013115733861923,-0.05323825031518936,0.7741616595934109,0.44376842571829384,0.22447680614071827,0.3916037188995342
207.0,-0.301547646522522,-0.5718689560890198,1.4406976699829102,-1.5333391427993774,-1.3717858791351318,0.15364867448806763,1.1903094053268433,-0.12778066098690033,-0.07227601855993271,0.782042627368624,0.43664687332351193,0.21678644895081836,0.3882685572467524
208.0,-0.31789538264274597,-0.5598097443580627,1.4467934370040894,-1.5677052736282349,-1.3394057750701904,0.18363279104232788,1.189369559288025,-0.14251376688480377,-0.08913888037204742,0.7967709096425961,0.41406093284053574,0.202952368644081,0.39053808713657157
209.0,-0.3360128104686737,-0.5780519843101501,1.4742215871810913,-1.57066810131073,-1.2988195419311523,0.21158699691295624,1.1755452156066895,-0.15375517308712006,-0.07901562750339508,0.8073606803823135,0.38593227027045707,0.19249870029307634,0.40270245209332367
210.0,-0.34056010842323303,-0.5570781826972961,1.4648953676223755,-1.5996540784835815,-1.292726755142212,0.22360111773014069,1.1817580461502075,-0.16059288382530212,-0.09961502254009247,0.8135357248324887,0.38063529550931424,0.18630997574488814,0.3982021963422023
211.0,-0.35826224088668823,-0.5792936086654663,1.4977232217788696,-1.6040974855422974,-1.253101110458374,0.25019508600234985,1.1654431819915771,-0.17027053236961365,-0.08698344975709915,0.8223172184157861,0.35291125600889406,0.17604085096102792,0.4101922189316452
212.0,-0.3534992039203644,-0.5943565964698792,1.5023161172866821,-1.5803362131118774,-1.2591814994812012,0.2394089698791504,1.1619454622268677,-0.16408346593379974,-0.07150261849164963,0.8172621908729966,0.3584798873860303,0.1812400546152394,0.4131909054084252
213.0,-0.3742101490497589,-0.6113091111183167,1.536033272743225,-1.5982005596160889,-1.2111812829971313,0.2737523317337036,1.146116852760315,-0.17581531405448914,-0.06539768725633621,0.8283317329403018,0.32522539632803604,0.16671656093891335,0.4246181462162092
214.0,-0.3754752576351166,-0.6259168386459351,1.5467982292175293,-1.586325764656067,-1.2026259899139404,0.2753070890903473,1.14037024974823,-0.1737620234489441,-0.05304352194070816,0.8277275374252737,0.320756021377144,0.16636313439178618,0.4293087537583385
215.0,-0.40506768226623535,-0.6441650390625,1.5961625576019287,-1.6301287412643433,-1.1316866874694824,0.3299573063850403,1.118910312652588,-0.18969398736953735,-0.05129312723875046,0.8427780830604737,0.2713611339276295,0.14247201866057518,0.4424815946513539
216.0,-0.4053069055080414,-0.6283708214759827,1.585963487625122,-1.6442610025405884,-1.1383765935897827,0.33090102672576904,1.1242233514785767,-0.19327901303768158,-0.0649430975317955,0.8442661120031012,0.2738977559067525,0.1421498116321919,0.4381645609646499
217.0,-0.40833672881126404,-0.6128093004226685,1.5792896747589111,-1.6640968322753906,-1.1373518705368042,0.3385022282600403,1.1281497478485107,-0.19848231971263885,-0.07958453893661499,0.8473616565194502,0.27105686926405204,0.13912219065327555,0.43491540873279894
218.0,-0.4044260084629059,-0.596717357635498,1.562859296798706,-1.6695098876953125,-1.1513428688049316,0.3325556516647339,1.1360759735107422,-0.19927093386650085,-0.09145797789096832,0.8469356030562448,0.2793930906659332,0.14171911410668642,0.42959897330034313
219.0,-0.38339054584503174,-0.5800746083259583,1.5261448621749878,-1.6461836099624634,-1.199735164642334,0.29648399353027344,1.1532235145568848,-0.1880878359079361,-0.09679310768842697,0.8377177749980823,0.31377768798860606,0.15677732290648314,0.41856106244497193
220.0,-0.42999154329299927,-0.603087306022644,1.6029292345046997,-1.7217447757720947,-1.0947376489639282,0.38350942730903625,1.118662714958191,-0.21410700678825378,-0.09809042513370514,0.8587388140907963,0.2371414599315853,0.12091235673540707,0.43784903693412264
221.0,-0.438169002532959,-0.638003945350647,1.6389195919036865,-1.7115927934646606,-1.0621837377548218,0.3968923091888428,1.1018016338348389,-0.2112971842288971,-0.07249163091182709,0.8585722800933435,0.21849594377672954,0.11438610449575473,0.44947634143158216
222.0,-0.4355875551700592,-0.6550465226173401,1.6472477912902832,-1.6928517818450928,-1.0599925518035889,0.391082227230072,1.0974959135055542,-0.20587065815925598,-0.05721750110387802,0.856098519560995,0.21978289977966933,0.11631201479451318,0.4530588449466068
223.0,-0.45123305916786194,-0.6807898283004761,1.6901187896728516,-1.717292070388794,-1.0098659992218018,0.4273075461387634,1.0792889595031738,-0.20842953026294708,-0.043959058821201324,0.8603817552074606,0.1872491238856763,0.10080052244638375,0.46316331416111955
224.0,-0.47367992997169495,-0.6599977016448975,1.7135220766067505,-1.7959063053131104,-0.9719650149345398,0.47727760672569275,1.070297360420227,-0.22503294050693512,-0.0721045508980751,0.869239285408167,0.1537137952658303,0.08182420273607383,0.46270934040137984
225.0,-0.4647381901741028,-0.6404133439064026,1.6840730905532837,-1.7828701734542847,-1.003782033920288,0.4553397297859192,1.0827723741531372,-0.22530558705329895,-0.08381923288106918,0.868315512444978,0.17368341261612702,0.09112772285243152,0.45558531710005956
226.0,-0.4673573672771454,-0.6252878308296204,1.6771444082260132,-1.8004292249679565,-1.0046608448028564,0.46225184202194214,1.0860605239868164,-0.23022796213626862,-0.09725230932235718,0.8705228759972627,0.17144587254228127,0.0891385465188141,0.4526041920687251
227.0,-0.4963315725326538,-0.6400766372680664,1.7405071258544922,-1.8805259466171265,-0.9319685101509094,0.5330078601837158,1.0589728355407715,-0.2402767837047577,-0.09879195690155029,0.8766113005334842,0.11779026944347674,0.062133247510765446,0.46240408708746605
228.0,-0.5028261542320251,-0.6581865549087524,1.7676278352737427,-1.8938614130020142,-0.9071683883666992,0.5512128472328186,1.0476454496383667,-0.2383166402578354,-0.08756174892187119,0.8762091496967842,0.10247518975205637,0.05470149278794774,0.46772225536068807
229.0,-0.5166502594947815,-0.6796132922172546,1.8152180910110474,-1.9425934553146362,-0.8590080142021179,0.5985575318336487,1.028917670249939,-0.2374616414308548,-0.07728030532598495,0.8766619350291562,0.06992730557399322,0.0378479752026124,0.474490836981242
230.0,-0.517715334892273,-0.7156553268432617,1.8532569408416748,-1.964544653892517,-0.8264255523681641,0.6346613764762878,1.0173680782318115,-0.22780531644821167,-0.050900645554065704,0.8763686422319138,0.050966516269693264,0.02780627429968893,0.4781288824590016
231.0,-0.49105459451675415,-0.6926440596580505,1.7713862657546997,-1.8384547233581543,-0.910377025604248,0.5276144742965698,1.0468168258666992,-0.2245064079761505,-0.054921023547649384,0.8711988082254168,0.11385543657851604,0.0618833316427945,0.4735187740448279
232.0,-0.43396231532096863,-0.4712652564048767,1.4047690629959106,0.8450143337249756,1.2729908227920532,-2.193690299987793,1.0247697830200195,-0.20346909761428833,-0.06948778033256531,0.9806706648187434,0.07746713629060811,0.014149339026590407,0.1791191954091094
233.0,-0.413057804107666,-0.4537885785102844,1.3563578128814697,0.8881105184555054,1.3137283325195312,-2.2919201850891113,1.0473570823669434,-0.19673743844032288,-0.06868476420640945,0.9762498443103342,0.13734288201439046,0.023341837684492665,0.1659166443053272
234.0,-0.404856413602829,-0.42697250843048096,1.3070844411849976,0.9567135572433472,1.3041396141052246,-2.3729467391967773,1.0658307075500488,-0.1938265562057495,-0.07015074044466019,0.9665302756866749,0.17658062467004723,0.03344859920582345,0.18308386161359042
235.0,-0.35967832803726196,-0.38073208928108215,1.1997183561325073,1.065516471862793,1.3675572872161865,-2.585033416748047,1.1111218929290771,-0.16980665922164917,-0.07025330513715744,0.9355649966631876,0.3008779251799903,0.056610631103559,0.176027973924745
236.0,-0.3773946762084961,-0.3308020234107971,1.154038667678833,1.4638692140579224,1.2262837886810303,-2.771512746810913,1.1113643646240234,-0.16826577484607697,-0.02305586077272892,0.8696437129626098,0.31412977011303655,0.12938510146520402,0.35819240018763054
237.0,-0.39656004309654236,-0.3912406265735626,1.2434147596359253,1.329982876777649,1.203458309173584,-2.6681110858917236,1.080006718635559,-0.17425930500030518,-0.009977662935853004,0.8995030330312274,0.27021005489695143,0.09877780792256005,0.32882178221982655
238.0,-0.4212425649166107,-0.4138433039188385,1.2967934608459473,1.278587818145752,1.1418273448944092,-2.5864431858062744,1.058798909187317,-0.18382875621318817,-0.007880592718720436,0.9119360339866307,0.21450320378741747,0.0800935733018432,0.3405085388024956
239.0,-0.48581984639167786,-0.39223945140838623,1.3574246168136597,1.3006157875061035,0.9224927425384521,-2.5148026943206787,1.0307101011276245,-0.21158310770988464,-0.025748470798134804,0.8926064484868923,0.0967673592505307,0.04745794714392648,0.4377642625388462
240.0,-0.46622368693351746,-0.49607744812965393,1.4427272081375122,1.0456328392028809,1.0141055583953857,-2.2744481563568115,1.006868839263916,-0.19039541482925415,0.0009172467980533838,0.9404283548822462,0.05428491465336303,0.019341518365865507,0.335072474312427
241.0,-0.4966528117656708,-0.5475696325302124,1.544645071029663,0.8529728055000305,0.9160359501838684,-2.0108683109283447,0.9710347056388855,-0.1907680779695511,-0.0006965191569179296,0.936031913563627,-0.07125857520893436,-0.02615997135240179,0.34363080209499386
242.0,-0.4931461215019226,-0.5989643335342407,1.6134084463119507,0.7101535797119141,0.9417691230773926,-1.828429102897644,0.9487131834030151,-0.17861950397491455,0.004591903183609247,0.938778240632184,-0.13499305192349986,-0.04511563102015997,0.31374650704919943
243.0,-0.5294294953346252,-0.6033808588981628,1.6740870475769043,0.6140457987785339,0.8102498054504395,-1.7353312969207764,0.9218549132347107,-0.1833086907863617,-0.006983795668929815,0.9078345849501523,-0.18898854089133907,-0.07628972434484735,0.3664690651876839
244.0,-0.5569721460342407,-0.6357755661010742,1.772661805152893,0.3950886130332947,0.697874128818512,-1.5201472043991089,0.8856996297836304,-0.17549532651901245,-0.018273064866662025,0.8670417791174345,-0.2632329937575928,-0.12289003902623412,0.4047776952481692
245.0,-0.5941504240036011,-0.5943343043327332,1.7938570976257324,0.3167952299118042,0.5602545738220215,-1.5065112113952637,0.8684472441673279,-0.1863938719034195,-0.0506153330206871,0.8320046826527209,-0.2703237973341062,-0.14969823911694322,0.46074254182146096
246.0,-0.6056426167488098,-0.5431762337684631,1.7519195079803467,0.41141828894615173,0.5657824277877808,-1.6292550563812256,0.8732950091362,-0.20179522037506104,-0.07438341528177261,0.8403137751579838,-0.24816218822892688,-0.13650550430943414,0.46222779547144854
247.0,-0.6156371831893921,-0.5221257209777832,1.7508141994476318,0.39508864283561707,0.5705018639564514,-1.6337223052978516,0.8671470880508423,-0.20810189843177795,-0.09504926949739456,0.8404538496205864,-0.25156646654464965,-0.13762654393435342,0.45979405604342233
248.0,-0.6089327335357666,-0.5055409073829651,1.7079353332519531,0.5143553614616394,0.5760716199874878,-1.7443221807479858,0.8835532665252686,-0.21333302557468414,-0.08604799211025238,0.8483023761137113,-0.22328026287120856,-0.12221288497541688,0.46431994749093114
249.0,-0.6094377040863037,-0.6459564566612244,2.137237787246704,-2.7624073028564453,-0.6041966676712036,1.2116361856460571,0.9031901955604553,-0.23050767183303833,-0.10198357701301575,0.8600407401574256,-0.17810519655558965,-0.09695840756356093,0.46819603953055894
250.0,-0.5962910056114197,-0.6820933222770691,2.132946014404297,-2.7048943042755127,-0.6018533706665039,1.19230318069458,0.9128403663635254,-0.2229122370481491,-0.07637669891119003,0.8606863058166387,-0.16799260241906325,-0.09207253833205513,0.4717204852423416
251.0,-0.5925648212432861,-0.6941128969192505,2.1535956859588623,-2.756986618041992,-0.5885849595069885,1.2457343339920044,0.9087285995483398,-0.2148021012544632,-0.06194674223661423,0.8572227948966264,-0.18016450758633193,-0.09921941006505464,0.4720861561009111
252.0,-0.5833031535148621,-0.720820426940918,2.1573312282562256,-2.73710298538208,-0.5829207301139832,1.250456690788269,0.9128086566925049,-0.20720316469669342,-0.04129520803689957,0.8565473740165623,-0.17768658248182853,-0.09841488402216417,0.4744139385327585
253.0,-0.5815353989601135,-0.7210331559181213,2.111696243286133,-2.588231086730957,-0.6095306873321533,1.1252390146255493,0.9270732402801514,-0.2174854278564453,-0.05188795179128647,0.8634670346837429,-0.1447749222583909,-0.07989845881465532,0.4765303119200122
254.0,-0.5682901740074158,-0.7469162940979004,2.077115058898926,-2.4551210403442383,-0.6283202171325684,1.0371599197387695,0.9429814219474792,-0.2155539095401764,-0.036311663687229156,0.8670869989984588,-0.11541531244649138,-0.06394005268486644,0.4803656018944134
255.0,-0.5687053799629211,-0.7233372330665588,2.0307445526123047,-2.361534595489502,-0.6631057262420654,0.9461663961410522,0.9552134275436401,-0.22765377163887024,-0.05799636244773865,0.8717356921658129,-0.08766642297034963,-0.048236195763413175,0.47965065485835473
256.0,-0.5712257623672485,-0.7001022696495056,2.000559091567993,-2.3157050609588623,-0.6868245601654053,0.8943589329719543,0.9619150161743164,-0.2374567985534668,-0.07769239693880081,0.874220640031287,-0.07142267159154693,-0.03910526930109098,0.4786521204788532
257.0,-0.5681567192077637,-0.6814217567443848,1.9615589380264282,-2.2501533031463623,-0.7182918787002563,0.8323997855186462,0.9733832478523254,-0.2450842559337616,-0.09267663210630417,0.8770016514726315,-0.047953669702600905,-0.02610244024323879,0.47737533607181576
258.0,-0.556791365146637,-0.6725609302520752,1.9508914947509766,-2.3096821308135986,-0.7955636382102966,0.8631790280342102,0.9820607900619507,-0.24735447764396667,-0.10082347691059113,0.8973919113696284,-0.03320223259954208,-0.016267655396163604,0.4396825360947181
259.0,-0.5485193133354187,-0.691299319267273,1.9101619720458984,-2.122807502746582,-0.7620756030082703,0.7432281970977783,0.9946108460426331,-0.24140819907188416,-0.08041781932115555,0.8781876705116053,-0.006696438258300826,-0.0036467901053550632,0.47825544847704615
260.0,-0.5534308552742004,-0.7131859660148621,1.9546128511428833,-2.192952871322632,-0.7216702699661255,0.8112858533859253,0.9816624522209167,-0.23407897353172302,-0.06474079191684723,0.8761928610907956,-0.03558309144884204,-0.019503389545153203,0.4802494472383274
261.0,-0.5521382689476013,-0.739757776260376,1.985713243484497,-2.2284810543060303,-0.6959933638572693,0.8552494049072266,0.9737256765365601,-0.22470545768737793,-0.04390675574541092,0.8740820861076708,-0.05163856074927139,-0.028486367114755145,0.48218512282940623
262.0,-0.5875188112258911,-0.6900354027748108,2.0662317276000977,-2.497244358062744,-0.6423355340957642,1.028244137763977,0.9364566206932068,-0.23371797800064087,-0.08242503553628922,0.8691884557026051,-0.11940831591760272,-0.06530753449124237,0.4753819606397766
263.0,-0.5982435345649719,-0.6695221066474915,2.091691732406616,-2.5958762168884277,-0.6278207898139954,1.0927119255065918,0.9236463904380798,-0.23515385389328003,-0.09458740055561066,0.8664364745381404,-0.14186996484231568,-0.07735317628571546,0.4724163786153798
264.0,-0.5979393124580383,-0.6583111882209778,2.0874276161193848,-2.6234326362609863,-0.6643416881561279,1.1054474115371704,0.923676073551178,-0.2389490306377411,-0.10477881133556366,0.875789000017368,-0.14026483526924985,-0.07304074955933347,0.4560531244704716
265.0,-0.584446370601654,-0.6701279282569885,2.0093469619750977,-2.37825083732605,-0.6831377148628235,0.9218773245811462,0.9531887173652649,-0.24608081579208374,-0.10229457169771194,0.8745633682284765,-0.08468583209429077,-0.046018073361287146,0.4752363219698969
266.0,-0.5436615347862244,-0.6667141318321228,1.866860032081604,-2.0636191368103027,-0.801415205001831,0.6830889582633972,1.007121205329895,-0.24843013286590576,-0.09761182963848114,0.8789622856102811,0.020793979617061944,0.011268126054476722,0.4763044616856493
267.0,-0.5951811671257019,-0.5422573089599609,1.7210023403167725,0.5112287998199463,0.5663716793060303,-1.711757779121399,0.8885020613670349,-0.20160678029060364,-0.05552449822425842,0.8460412970406626,-0.22494001278331233,-0.12419237584555241,0.4671106594080616
268.0,-0.5623295903205872,-0.5798386931419373,1.7570620775222778,0.37264278531074524,0.8716444373130798,-1.5382810831069946,0.8739454746246338,-0.1957988440990448,-0.08581424504518509,0.8992697281770101,-0.27189018982427116,-0.09915716199381097,0.327959658932469
269.0,-0.6103262305259705,-0.5653260946273804,1.8041266202926636,0.2606928050518036,0.5689719319343567,-1.4862178564071655,0.855446994304657,-0.19439072906970978,-0.08511196076869965,0.8300339124973148,-0.2823868315134194,-0.1549015143744127,0.4553096774028921
270.0,-0.6173580884933472,-0.5548183917999268,1.8133784532546997,0.22526495158672333,0.5730377435684204,-1.4673991203308105,0.8479064702987671,-0.19644924998283386,-0.10025487840175629,0.8282696136110044,-0.28989365884151846,-0.158406432143298,0.45259089251528906
271.0,-0.6044121384620667,-0.6095700263977051,1.8668596744537354,0.10137716680765152,0.5787768959999084,-1.318986415863037,0.8405637741088867,-0.17926380038261414,-0.07942342758178711,0.816536796233696,-0.3172338503034859,-0.17466684788805917,0.4495796223883896
272.0,-0.5982776880264282,-0.6210360527038574,1.8604567050933838,0.12817227840423584,0.5739877820014954,-1.3301804065704346,0.8464106321334839,-0.1768631637096405,-0.0653834268450737,0.8178150751203543,-0.31158484188758867,-0.17225941832879615,0.45212839106696273
273.0,-0.5856676697731018,-0.6561461091041565,1.8755556344985962,0.10068494081497192,0.5759503245353699,-1.2744382619857788,0.849602460861206,-0.16705629229545593,-0.042924679815769196,0.8139589350548376,-0.31823557395595814,-0.1769681798782319,0.45263587443319403
274.0,-0.5871004462242126,-0.6721526384353638,1.9410619735717773,-0.08225498348474503,0.6099262237548828,-1.1126505136489868,0.8279584050178528,-0.15755058825016022,-0.0643455907702446,0.7983251594884648,-0.3580606676954002,-0.1981612144730721,0.44181628654430394
275.0,-0.5762994289398193,-0.7015868425369263,1.9647454023361206,-0.13511788845062256,0.6239429712295532,-1.0420520305633545,0.8265477418899536,-0.14809976518154144,-0.05153219401836395,0.7916351370401729,-0.37049408794954164,-0.2059436489111495,0.44003994599466223
276.0,-0.5669038891792297,-0.7218070030212402,1.9619708061218262,-0.11775535345077515,0.6287858486175537,-1.034183144569397,0.8324198722839355,-0.14372238516807556,-0.03421285003423691,0.7927657150247742,-0.36950418410049773,-0.20479035214467398,0.4393746586706434
277.0,-0.5462298393249512,-0.7656110525131226,2.0464284420013428,-0.3318249583244324,0.7006517648696899,-0.8176520466804504,0.8136343955993652,-0.12136821448802948,-0.03828255087137222,0.7654722031939081,-0.41961203306735956,-0.23449451745522168,0.4277737359001651
278.0,-0.5380585193634033,-0.7682926654815674,2.080749750137329,-0.41957247257232666,0.7427852749824524,-0.740917444229126,0.8030495643615723,-0.11282473802566528,-0.05039924383163452,0.753735457121307,-0.4419037611901536,-0.24601620534792945,0.41961881896589875
279.0,-0.5578415989875793,-0.7252604365348816,2.07228946685791,-0.413949191570282,0.7243682742118835,-0.7907122373580933,0.795085608959198,-0.12296734750270844,-0.07943534851074219,0.7590458468473688,-0.4359586243081408,-0.24081506226011284,0.4192822272214411
280.0,-0.5804648399353027,-0.6875512003898621,2.019826889038086,-0.2911960482597351,0.6684730648994446,-0.9297791123390198,0.8031057119369507,-0.141524076461792,-0.08772336691617966,0.7769984750819446,-0.4045944369220635,-0.22273345362672856,0.42774585908873625
281.0,-0.5674854516983032,-0.7191748023033142,2.0240628719329834,-0.2901310622692108,0.6742527484893799,-0.8987880945205688,0.8099608421325684,-0.13498839735984802,-0.06483686715364456,0.7745177302072184,-0.406513781546198,-0.22522679194679068,0.4291173769460117
282.0,-0.5899652242660522,-0.6683168411254883,1.9619367122650146,-0.14109620451927185,0.6227056384086609,-1.0700960159301758,0.8188515901565552,-0.1555008590221405,-0.0773749127984047,0.7932627858235578,-0.3704212594689096,-0.20446090318637816,0.43785612046553146
283.0,-0.6026391983032227,-0.6305738687515259,1.9213985204696655,-0.046719200909137726,0.6022828817367554,-1.1806881427764893,0.8242872357368469,-0.1688082069158554,-0.08969686180353165,0.8039088775295687,-0.3493009853508444,-0.1918319481006603,0.44149727286811635
284.0,-0.6132391095161438,-0.5942496657371521,1.8812685012817383,0.04849349334836006,0.5876897573471069,-1.2903363704681396,0.8301426768302917,-0.18140529096126556,-0.10096152126789093,0.8134830186550809,-0.32837082086952935,-0.17967813772427763,0.4451221733246106
285.0,-0.5974940061569214,-0.6495046615600586,1.9838727712631226,-0.21138638257980347,0.6398848295211792,-1.0312353372573853,0.8056372404098511,-0.1553741842508316,-0.10282210260629654,0.7879037454474759,-0.3851242668594385,-0.21101118998415014,0.4316958010999088
286.0,-0.5497363209724426,-0.6891059875488281,2.014190196990967,-0.20752908289432526,0.838794469833374,-0.9410429000854492,0.7980511784553528,-0.13231942057609558,-0.09535287320613861,0.8009151680311049,-0.43920627920162764,-0.19568749036090421,0.3568461069478272
287.0,-0.503307044506073,-0.7232462167739868,2.0552709102630615,-0.2726759910583496,0.9712527394294739,-0.7880680561065674,0.7889156341552734,-0.10553474724292755,-0.09029167890548706,0.7845240905897365,-0.4944652000371449,-0.19952517891970536,0.3165688238181916
288.0,-0.518742024898529,-0.7605769038200378,2.142714023590088,-0.57982337474823,0.831148087978363,-0.6088616847991943,0.7815497517585754,-0.0949750542640686,-0.07792980968952179,0.7295324470454821,-0.4830472166384058,-0.2673161752951328,0.4037200238176226
289.0,-0.5303381085395813,-0.7381026148796082,2.1384403705596924,-0.5782009959220886,0.8163236975669861,-0.6352413892745972,0.7771698236465454,-0.10019426047801971,-0.09260541945695877,0.7332168277839455,-0.4788444287385241,-0.2639961678798362,0.4042364652839795
290.0,-0.49375060200691223,-0.7525609731674194,2.1851446628570557,-0.6915178298950195,0.9131240844726562,-0.5099902749061584,0.767058253288269,-0.07746580243110657,-0.09622575342655182,0.7086940985718981,-0.5146703201676911,-0.2835619551375636,0.39046095039890155
291.0,-0.47986918687820435,-0.7774390578269958,2.188858985900879,-0.6900664567947388,0.9332963824272156,-0.482229083776474,0.7720189094543457,-0.07166983187198639,-0.08001506328582764,0.7037538033081042,-0.5196878102663718,-0.28775902940542136,0.3896792337109735
292.0,-0.4788993000984192,-0.79389888048172,2.180802345275879,-0.6633241772651672,0.923890233039856,-0.48927366733551025,0.778363049030304,-0.07286954671144485,-0.06633103638887405,0.7062448226919976,-0.5151397501016569,-0.28618889471315745,0.3923585156828034
293.0,-0.4621175527572632,-0.8181100487709045,2.186936378479004,-0.6695839166641235,0.9529947638511658,-0.4533078372478485,0.7821526527404785,-0.06517752259969711,-0.051325537264347076,0.6991260039727112,-0.5230247199882695,-0.2920353989209167,0.39036303440187836
294.0,-0.5038623213768005,-0.7926602959632874,2.1442348957061768,-0.5715242028236389,0.8466218709945679,-0.5802101492881775,0.78890061378479,-0.08868524432182312,-0.05555418133735657,0.7258081612405941,-0.4864262175235995,-0.2707937648142699,0.4040578979799127
295.0,-0.4990418255329132,-0.8145113587379456,2.1346077919006348,-0.5401723384857178,0.8384983539581299,-0.5842782855033875,0.7969487905502319,-0.08797463029623032,-0.036557309329509735,0.7279656150743574,-0.48118535690883646,-0.26931070061993967,0.40742908842831255
296.0,-0.4119240939617157,-0.8548373579978943,2.104933500289917,-0.36969003081321716,1.092227816581726,-0.5085999965667725,0.805241584777832,-0.054935917258262634,-0.01194719411432743,0.730818410851308,-0.5550625117448339,-0.24027258450460653,0.31635287821001645
297.0,-0.35892990231513977,-0.8708301782608032,2.1896941661834717,-0.6248535513877869,1.2025383710861206,-0.2910425364971161,0.7883011698722839,-0.021747902035713196,-0.024613166227936745,0.6644825769812326,-0.5973557555133917,-0.30019755932012315,0.3339317768970878
298.0,-0.4049058258533478,-0.8454302549362183,2.218562126159668,-0.7427504062652588,1.0909405946731567,-0.3249269723892212,0.7797094583511353,-0.037991903722286224,-0.04257696121931076,0.6664547932419971,-0.563274823770651,-0.3152830811114371,0.373036272010897
299.0,-0.41160839796066284,-0.8244263529777527,2.223153829574585,-0.7617096304893494,1.0850213766098022,-0.3326277732849121,0.7736720442771912,-0.03981766104698181,-0.05801180750131607,0.6677281895908249,-0.5631467211641925,-0.31386241856786373,0.37214945583529974
300.0,-0.4061921238899231,-0.8076364398002625,2.232447862625122,-0.792466938495636,1.1056090593338013,-0.3175632655620575,0.7671808004379272,-0.03582123667001724,-0.07172452658414841,0.662805229266061,-0.5699170633436317,-0.31665107202377124,0.3682605973404318
301.0,-0.43065592646598816,-0.7816953063011169,2.22715425491333,-0.7887426018714905,1.0586647987365723,-0.36117762327194214,0.7625967264175415,-0.0459410585463047,-0.08770174533128738,0.6738814276204576,-0.5585511082446226,-0.3086318529960802,0.3723585104480947
302.0,-0.3729914426803589,-0.7838236689567566,2.2510199546813965,-0.85649573802948,1.1932553052902222,-0.25252291560173035,0.7570175528526306,-0.01930629275739193,-0.09268386662006378,0.6426979557316433,-0.594531308931796,-0.32811640284003957,0.35469914940062247
303.0,-0.3444856107234955,-0.8066234588623047,2.25201678276062,-0.8531018495559692,1.2506741285324097,-0.20866142213344574,0.7621433734893799,-0.008318603038787842,-0.0782819390296936,0.6293762057644244,-0.6073192486015412,-0.3366505690947629,0.34887722227713414
304.0,-0.31987178325653076,-0.8272985219955444,2.2507731914520264,-0.8455619215965271,1.3002177476882935,-0.1725887656211853,0.7671903371810913,0.0010572773171588778,-0.06463777273893356,-0.617713822360441,0.6177623291566443,0.34410604640108755,-0.3440790129752526
305.0,-0.3439832925796509,-0.8400967717170715,2.2426187992095947,-0.8144682049751282,1.2427411079406738,-0.21160942316055298,0.7722562551498413,-0.010324429720640182,-0.05374232679605484,0.6310160574978718,-0.603653983152312,-0.3368253298258017,0.3520927448726126
306.0,-0.30549508333206177,-0.8672544956207275,2.23980975151062,-0.8053146600723267,1.3240187168121338,-0.15438832342624664,0.7792057991027832,0.004544769413769245,-0.03555137664079666,-0.6119334601157685,0.6213307567962514,0.3486653250544517,-0.34339193664734496
307.0,-0.3204153776168823,-0.7925480008125305,2.2590091228485107,-0.8833720088005066,1.3068103790283203,-0.1704379916191101,0.7571362853050232,0.0029430794529616833,-0.0895623192191124,-0.6165210710512052,0.6210211322239508,0.3434661345120116,-0.3409773258217233
308.0,-0.3031204044818878,-0.7819303274154663,2.2082247734069824,-0.690872073173523,1.3565152883529663,-0.19006405770778656,0.7583974003791809,0.007784542161971331,-0.09667754173278809,-0.6376348259457933,0.6489993353593071,0.2960268657343325,-0.2908432330444754
309.0,-0.35332733392715454,-0.7788372039794922,2.1861214637756348,-0.6086984276771545,1.2689450979232788,-0.2962523400783539,0.7617021799087524,-0.017792869359254837,-0.09385169297456741,0.6700257865078576,-0.6269419108261511,-0.27159077600746717,0.2902546059097824
310.0,-0.35620784759521484,-0.746215283870697,2.012739419937134,-0.08361180871725082,1.3379647731781006,-0.5140711665153503,0.795337438583374,-0.043479353189468384,-0.07298125326633453,0.7558793596402302,-0.6156402144013742,-0.1406918651328373,0.17274061238501234
311.0,-0.2211132049560547,-0.7843762040138245,2.125671625137329,-0.44176268577575684,1.529133677482605,-0.05238809064030647,0.7743754386901855,0.038531988859176636,-0.08418914675712585,-0.6141300268841337,0.7169537984447628,0.2505338049844299,-0.21460282741600437
312.0,-0.1799095869064331,-0.7444496750831604,1.9816558361053467,-0.039925020188093185,1.5960280895233154,0.06428554654121399,0.8032116889953613,0.0542556531727314,-0.06990839540958405,-0.6031205900462495,0.7756433436777384,0.14689116185019174,-0.11421884188251273
313.0,-0.041710156947374344,-0.833596408367157,2.137455701828003,-0.7023975849151611,1.9536614418029785,0.25097623467445374,0.8048200011253357,0.10989280045032501,-0.040740273892879486,-0.4469513407307766,0.750116249513017,0.41870922216042267,-0.24948486630114527
314.0,-0.04324421286582947,-0.7092146873474121,1.8901233673095703,0.04940240830183029,1.7986146211624146,0.5675323605537415,0.8375635743141174,0.13006402552127838,-0.07122660428285599,-0.4350820442077443,0.8773952190123377,0.18114281783129912,-0.08982496318083874
315.0,-0.02051933854818344,-0.6854887008666992,1.8327360153198242,0.1523747742176056,1.811167597770691,0.7081243991851807,0.8566322326660156,0.14672143757343292,-0.06937682628631592,-0.3872791353745582,0.9043746588917418,0.1647535582604445,-0.07055219839595724
316.0,0.08138031512498856,-0.7496034502983093,1.9700556993484497,-0.4441486895084381,2.2828879356384277,0.5704758763313293,0.8418161273002625,0.16916906833648682,-0.05631311237812042,-0.3293884343471884,0.8103684063397835,0.4489021552277319,-0.1824641344388672
317.0,0.1118706613779068,-0.7025802731513977,1.9095861911773682,-0.34740710258483887,2.35807466506958,0.688143253326416,0.8518872261047363,0.187965989112854,-0.07417835295200348,-0.29561495121869774,0.8245926120465102,0.4540513427362728,-0.16277654294666724
318.0,0.11315082758665085,-0.7095301747322083,1.8864136934280396,-0.2931019067764282,2.3826823234558105,0.7241885662078857,0.862163245677948,0.18758805096149445,-0.05814296007156372,-0.28140044154916277,0.828749444394991,0.45803896837512026,-0.15552637512906145
319.0,0.1010875329375267,-0.7352252006530762,1.9056261777877808,-0.3189980685710907,2.362076997756958,0.6819781064987183,0.8613294959068298,0.17908921837806702,-0.043128497898578644,-0.29087098346046647,0.8244815843298756,0.45775956322866573,-0.161494180558746
320.0,0.06066683307290077,-0.7755753993988037,1.9324073791503906,-0.28002122044563293,2.228492498397827,0.6336227059364319,0.8561898469924927,0.15887990593910217,-0.02309788204729557,-0.3294099655501264,0.8340658512022714,0.41158229200377083,-0.16255229116631398
321.0,0.052164215594530106,-0.7471533417701721,1.8206629753112793,0.03807730972766876,2.1655476093292236,0.8477371335029602,0.8866696357727051,0.1609957218170166,-0.0035379023756831884,-0.29016417999834954,0.8871554016104094,0.34105258691597123,-0.11154898026106111
322.0,0.06261001527309418,-0.7053743600845337,1.7317380905151367,0.2255588173866272,2.1798255443573,1.0473886728286743,0.9132633209228516,0.17020493745803833,0.001687696436420083,-0.22647793946059033,0.9154976862421682,0.322792787838856,-0.0798532750871336
323.0,0.07542525231838226,-0.6505481600761414,1.63045334815979,0.41869086027145386,2.2070775032043457,1.2860532999038696,0.9452635645866394,0.18105757236480713,0.0036359934601932764,-0.1430301105780065,0.9358152040496464,0.3184698395614642,-0.04867496920653545
324.0,0.028421863913536072,-0.6405569911003113,1.5677781105041504,0.5793096423149109,2.019890069961548,1.4236372709274292,0.9741350412368774,0.16175910830497742,0.01959664188325405,-0.07830641568770977,0.971266572287721,0.2240159763264381,-0.018060818617050698
325.0,0.046634893864393234,-0.574019193649292,1.471078872680664,0.7603144645690918,2.0839664936065674,1.7457807064056396,1.0012248754501343,0.1721099317073822,0.014752974733710289,0.051013321143503265,0.9650711724198541,0.2566150333867186,0.013564581453603427
326.0,0.10916004329919815,-0.4569021165370941,1.3625723123550415,0.9688006043434143,2.344930648803711,1.9921897649765015,1.0219740867614746,0.20569086074829102,-0.014426032081246376,0.08592384978856303,0.9131111767035277,0.3968007904312797,0.0373390376111001
327.0,0.15145985782146454,-0.44321632385253906,1.40736985206604,0.8483856916427612,2.5535635948181152,1.8588911294937134,0.9963712692260742,0.22553277015686035,-0.037678398191928864,0.0029869820318724994,0.8770901515326245,0.4803137185943932,0.0016357728586581057
328.0,0.1532040387392044,-0.40524032711982727,1.3628010749816895,0.9443478584289551,2.5324149131774902,1.9677175283432007,1.0087615251541138,0.2311050295829773,-0.05149514228105545,0.030646862800978454,0.8772781955009392,0.4787108417226924,0.016723262726669838
329.0,0.06443727016448975,-0.5484709739685059,1.5337870121002197,0.5535786151885986,1.9480175971984863,1.4843732118606567,0.9722756743431091,0.20720282196998596,-0.07005997747182846,-0.07103077082469379,0.9795733649269498,0.18763139813653842,-0.013605541336915335
330.0,0.071315698325634,-0.5706465840339661,1.5893930196762085,0.46842527389526367,1.9920657873153687,1.3686171770095825,0.9483226537704468,0.20600037276744843,-0.07214401662349701,-0.12453418083175004,0.9691140453077164,0.2111235840097234,-0.02713000675944864
331.0,0.02774244360625744,-0.6153240203857422,1.6710548400878906,0.392458975315094,1.8432879447937012,1.1414258480072021,0.9181408286094666,0.1850123405456543,-0.0672660768032074,-0.21594555149871567,0.9650410755687301,0.14495228335975494,-0.032435733410203386
332.0,0.14472411572933197,-0.6291279792785645,1.7010444402694702,0.10084688663482666,2.5287399291992188,1.095993161201477,0.9126175045967102,0.2085787057876587,-0.03991130739450455,-0.17841127800734427,0.8563223060017273,0.47445751500128486,-0.09885135599715253
333.0,0.1489483267068863,-0.5519859194755554,1.6322275400161743,0.2799589931964874,2.364208459854126,1.2794166803359985,0.9201642870903015,0.23012122511863708,-0.0935887023806572,-0.16068374923044365,0.9039585567245062,0.39016618021136057,-0.06935425204752517
334.0,0.17653407156467438,-0.5043906569480896,1.5707868337631226,0.3520536720752716,2.5616793632507324,1.3892730474472046,0.9346124529838562,0.23978851735591888,-0.0928134098649025,-0.1206067430376253,0.8696300640050806,0.47420705086894677,-0.06576654330700508
335.0,0.14299717545509338,-0.6201155781745911,1.7907532453536987,-0.08970685303211212,2.389537811279297,0.9401237964630127,0.8726957440376282,0.214878112077713,-0.10186268389225006,-0.24637002585201853,0.8606405900675558,0.42843624757979326,-0.12264569641692018
336.0,0.010555044747889042,-0.7513262033462524,2.1103897094726562,-0.7093851566314697,2.053920269012451,0.33926987648010254,0.7941042184829712,0.1377096027135849,-0.09722315520048141,-0.41965001956621006,0.7692472187278702,0.4229755088979441,-0.23074725660349996
337.0,-0.05599386617541313,-0.8414885401725769,2.002277135848999,-0.2522111237049103,1.8937692642211914,0.3865955173969269,0.8364172577857971,0.10538255423307419,-0.0026080997195094824,-0.45486672885758056,0.8167150971025041,0.3102012029160984,-0.17276551407227425
338.0,-0.16828614473342896,-0.8610920906066895,2.006575584411621,-0.14619851112365723,1.6353815793991089,0.10002278536558151,0.8321878910064697,0.05239599943161011,0.010719439014792442,-0.5740532900048201,0.7681980557112569,0.22704373559323293,-0.16966351865960128
339.0,-0.21768374741077423,-0.8694671392440796,2.0316319465637207,-0.18164297938346863,1.534825325012207,-0.053628694266080856,0.8249716758728027,0.029067115858197212,0.009380152449011803,-0.6227157436064799,0.7261889241014686,0.2211559254872935,-0.18964389206836854
340.0,-0.26601770520210266,-0.8681760430335999,2.032829761505127,-0.16464632749557495,1.438179612159729,-0.2030973732471466,0.8238098621368408,0.005006477236747742,0.009946545585989952,-0.6689823695222805,0.6852048612426943,0.20608755290514857,-0.2012083694464586
341.0,-0.3211825489997864,-0.8474870324134827,1.9861176013946533,-0.032850220799446106,1.3354401588439941,-0.4350830912590027,0.8345099687576294,-0.027890626341104507,0.01521868072450161,0.7391166005096671,-0.6231317855234715,-0.16485557096841083,0.1955404547454129
342.0,-0.38116005063056946,-0.8182994723320007,1.9395655393600464,0.07433176785707474,1.2214843034744263,-0.7154081463813782,0.8469429612159729,-0.06598691642284393,0.015969594940543175,0.807187761127539,-0.5343876318295706,-0.13842253728730466,0.2090860550214651
343.0,-0.4086010456085205,-0.796087384223938,1.9040584564208984,0.14792400598526,1.167482614517212,-0.8780413866043091,0.8571658134460449,-0.08610469102859497,0.01598956249654293,0.8410078138303464,-0.4795568657272915,-0.12406503429807733,0.21757512926512368
344.0,-0.4662003815174103,-0.7645081281661987,1.885942816734314,0.16913732886314392,1.0107122659683228,-1.0743259191513062,0.8612357974052429,-0.11659076809883118,0.006919673178344965,0.8613700956833248,-0.4063537832829318,-0.1300563015476818,0.2756873582554819
345.0,-0.4863305389881134,-0.7258692383766174,1.8267639875411987,0.28967413306236267,0.9610176086425781,-1.2627654075622559,0.8783965110778809,-0.13707755506038666,0.005767545197159052,0.8865062153992627,-0.3425713711262404,-0.11211830380442558,0.2901397451146297
346.0,-0.46974441409111023,-0.6762914061546326,1.7123345136642456,0.5139995217323303,1.0305705070495605,-1.5304614305496216,0.9179385304450989,-0.15156885981559753,0.013256838545203209,0.9332152752321498,-0.24044373022690368,-0.06662044700149315,0.258568711775567
347.0,-0.40601128339767456,-0.672423243522644,1.6461617946624756,0.6082696318626404,1.2406259775161743,-1.605366587638855,0.9472082257270813,-0.13396413624286652,0.026424964889883995,0.9692562728359405,-0.1830467523185524,-0.030513073870133432,0.1615707781648874
348.0,-0.34033671021461487,-0.6629998087882996,1.5906569957733154,0.6598618626594543,1.438309669494629,-1.9141180515289307,0.9737058877944946,-0.10995099693536758,0.033466316759586334,0.9977715483700711,0.0009357088068557435,-0.014328253214861657,0.06515951866021233
349.0,-0.30806872248649597,-0.6767557859420776,1.6123921871185303,0.631450355052948,1.5214661359786987,-1.8791980743408203,0.9643719792366028,-0.08794769644737244,0.034853436052799225,0.9996940908887947,0.0002122053854185885,-0.009248895329002953,0.022937688333700287
350.0,-0.29570308327674866,-0.662731409072876,1.5797563791275024,0.6588624715805054,1.5274927616119385,-1.8667761087417603,0.9813684225082397,-0.08185611665248871,0.03488346189260483,0.9997623681988893,8.320496917728567e-05,-0.0038775538306214143,0.021451451852316374
351.0,-0.2840995192527771,-0.6715814471244812,1.600017786026001,0.6417500972747803,1.533285140991211,-1.8550833463668823,0.9719486236572266,-0.06838521361351013,0.03491061180830002,0.9998240676057965,9.945276088695069e-05,-0.0055511059720243835,0.017916728714681054
352.0,-0.26641350984573364,-0.6625579595565796,1.5784244537353516,0.6583868265151978,1.5414289236068726,-1.8373249769210815,0.9837555289268494,-0.055420875549316406,0.03493990749120712,0.999890702505443,3.218403925121756e-05,-0.00219918443718249,0.014620040874454105
353.0,-0.24693036079406738,-0.6646952629089355,1.583152174949646,0.6542860269546509,1.5509297847747803,-1.8177753686904907,0.9819619655609131,-0.03707906976342201,0.03496608883142471,0.999950191769305,1.4671385653727713e-05,-0.0014844381657211979,0.00986966101814806
354.0,-0.24789363145828247,-0.6828442215919495,1.6273144483566284,0.6225547194480896,1.5521310567855835,-1.8187254667282104,0.9585270881652832,-0.032293934375047684,0.0349680557847023,0.9999546729719945,3.535162609820784e-05,-0.004117960670462204,0.008584471541730034
355.0,-0.23221983015537262,-0.6865946650505066,1.6374568939208984,0.6177175045013428,1.5606470108032227,-1.8030259609222412,0.95270836353302,-0.017149025574326515,0.03498207777738571,0.9999865097583309,1.052612133558885e-05,-0.0022464241851872404,0.004683350182568202
356.0,-0.22609254717826843,-0.6966080665588379,1.6629375219345093,0.601227879524231,1.5649175643920898,-1.7968904972076416,0.9384480118751526,-0.00868705939501524,0.03498551994562149,0.9999943686403837,5.571919675857027e-06,-0.002237196835087048,0.0025015208964216506
357.0,-0.20892633497714996,-0.6901928782463074,1.6469688415527344,0.6125047206878662,1.5722726583480835,-1.7797226905822754,0.9470052719116211,0.004450915846973658,0.03498775511980057,0.9999994404091183,-5.449926118096617e-07,-0.0005882389710271794,-0.0008792929356572453
358.0,-0.19007807970046997,-0.6875521540641785,1.6383198499679565,0.6135478019714355,1.5795494318008423,-1.760879635810852,0.9522238969802856,0.02010250836610794,0.03498169034719467,0.9999851728549828,-1.1567154947694789e-05,-0.0023551245924295985,-0.00490992103249023
359.0,-0.19263571500778198,-0.6991543769836426,1.666663646697998,0.5924390554428101,1.5790168046951294,-1.7634305953979492,0.9368786811828613,0.020753292366862297,0.03497781604528427,0.9999768432312706,-2.3016952963008592e-05,-0.004536728774081837,-0.005072530283139128
360.0,-0.21203288435935974,-0.7029714584350586,1.679558515548706,0.5911251902580261,1.5724387168884277,-1.782828688621521,0.9287223219871521,0.005420507863163948,0.034987322986125946,0.999998473876402,-1.527580697897345e-06,-0.001334686727959778,-0.00112732154763077
361.0,-0.23129479587078094,-0.7134987711906433,1.7048981189727783,0.5704691410064697,1.5639152526855469,-1.8020843267440796,0.9153445959091187,-0.007982634007930756,0.034981004893779755,0.99998411819372,1.196029059998042e-05,-0.005133691079105068,0.002325603832176837
362.0,-0.2557695508003235,-0.7155041694641113,1.7057216167449951,0.5598657727241516,1.5495911836624146,-1.8265403509140015,0.916820764541626,-0.02860533632338047,0.03493966907262802,0.9998901689791546,9.70401395837462e-05,-0.01270095398037075,0.007637167671168782
363.0,-0.27093490958213806,-0.7092874646186829,1.6897927522659302,0.5701581835746765,1.5412840843200684,-1.8417487144470215,0.9255942702293396,-0.04376229643821716,0.03491782397031784,0.9998404685419321,0.00015727117051959183,-0.013646968716878843,0.011522715672494372
364.0,-0.26824328303337097,-0.6946542859077454,1.6556507349014282,0.600070059299469,1.5428578853607178,-1.8391081094741821,0.943240225315094,-0.046341367065906525,0.034939877688884735,0.9998905966158601,0.00010220258877746894,-0.008393080681853154,0.012179513556709952
365.0,-0.2704695761203766,-0.6830399036407471,1.6273990869522095,0.6210770010948181,1.5407994985580444,-1.8413666486740112,0.958218514919281,-0.05229393392801285,0.03493692725896835,0.9998839316174006,9.056229523904743e-05,-0.006590208233361049,0.01373623846767649
366.0,-0.29133141040802,-0.6904941201210022,1.6444956064224243,0.6052188277244568,1.530167579650879,-1.8622976541519165,0.9489420056343079,-0.06816766411066055,0.03488986939191818,0.9997769096060211,0.00020251050233612383,-0.01137880357243364,0.01779361788368017
367.0,-0.32606881856918335,-0.6959468722343445,1.6574225425720215,0.5856990218162537,1.4725406169891357,-1.898010492324829,0.9435549974441528,-0.09089376032352448,0.034102387726306915,0.9987233109783816,0.001151935769161586,-0.026928484329369753,0.04272327099000525
368.0,-0.2945266366004944,-0.7144019603729248,1.6983534097671509,0.552230715751648,1.5215630531311035,-1.8653496503829956,0.9226253628730774,-0.06189776957035065,0.034736596047878265,0.9995473017122108,0.00043931528247075893,-0.02370033041354444,0.018528167211303067
369.0,-0.30374953150749207,-0.749067485332489,1.7673898935317993,0.44200006127357483,1.4612314701080322,-0.778226375579834,0.8974968194961548,-0.052995465695858,0.03299122303724289,0.8524801352489239,-0.5169620544436928,-0.040258048096271135,0.06638631511698138
370.0,-0.28087276220321655,-0.7756588459014893,1.8171128034591675,0.35273391008377075,1.4707554578781128,-0.5101984143257141,0.8800939321517944,-0.028669938445091248,0.03176312893629074,0.7820773622864795,-0.6149118128388672,-0.06254099582017214,0.07954298003005592
371.0,-0.24317976832389832,-0.7758321166038513,1.8148226737976074,0.35595229268074036,1.5201905965805054,-0.2773416042327881,0.880085289478302,-0.003204947104677558,0.03231105953454971,0.7176178453659211,-0.6904224742968271,-0.06332195641137839,0.0658161441779708
372.0,-0.20971228182315826,-0.7246444225311279,1.7250791788101196,0.5377476215362549,1.5698574781417847,-1.7803990840911865,0.9071691036224365,0.012567113153636456,0.03492990881204605,0.9998669329927835,-4.7100425446961345e-05,-0.01604686572465302,-0.002934653228141784
373.0,-0.1871543973684311,-0.7286012768745422,1.728542685508728,0.5196765065193176,1.5771491527557373,-1.7577263116836548,0.9074498414993286,0.03173033893108368,0.03484176844358444,0.9996675555816504,-0.00019344181696591658,-0.024549551481574772,-0.007877843596131506
374.0,-0.1756400763988495,-0.7082954049110413,1.6851729154586792,0.5689665675163269,1.5852705240249634,-1.746411919593811,0.9278307557106018,0.037211544811725616,0.03494223207235336,0.9998959873438943,-0.00010252833855328639,-0.01101916183412673,-0.009304947823175128
375.0,-0.15772132575511932,-0.7021609544754028,1.6686294078826904,0.577498197555542,1.5926376581192017,-1.728513240814209,0.9367008805274963,0.051138944923877716,0.03492219001054764,0.9998503975743597,-0.00014869719196370062,-0.011532069613175691,-0.01289076141959509
376.0,-0.14661312103271484,-0.6901800632476807,1.6398409605026245,0.5998603701591492,1.597575068473816,-1.7174407243728638,0.9515586495399475,0.058484263718128204,0.0349239781498909,0.9998537929043955,-0.00012678690194373085,-0.008566169067346002,-0.014798563689957791
377.0,-0.15248331427574158,-0.6781706809997559,1.6123309135437012,0.6243670582771301,1.5950579643249512,-1.723319411277771,0.9660432934761047,0.05111457780003548,0.03494741767644882,0.9999076090903685,-5.453116768465494e-05,-0.004220089848741752,-0.012921344790832063
378.0,-0.16754557192325592,-0.688422441482544,1.6379821300506592,0.6075794100761414,1.5888011455535889,-1.738360047340393,0.9526304602622986,0.03991765156388283,0.03496026247739792,0.9999361651532594,-5.23989394517261e-05,-0.005231365588920307,-0.010014773438277119
379.0,-0.16976965963840485,-0.6730090975761414,1.60056734085083,0.6350704431533813,1.5869839191436768,-1.7405860424041748,0.9729089736938477,0.0346219427883625,0.03496991842985153,0.9999589071828118,-2.302558205903259e-05,-0.0026574164310737033,-0.008667269090760666
380.0,-0.14907830953598022,-0.6645421385765076,1.5793588161468506,0.6481950283050537,1.5961040258407593,-1.719921588897705,0.9835028648376465,0.051591191440820694,0.034949444234371185,0.9999123675707334,-2.577704599339113e-05,-0.001969142798836356,-0.0130911799037464
381.0,-0.12911821901798248,-0.6557644605636597,1.5623387098312378,0.6703060865402222,1.606886863708496,-1.6999917030334473,0.9892465472221375,0.06862857192754745,0.03491433709859848,0.9998325595608129,9.346287488779653e-05,0.005340229156546318,-0.017502172988527926
382.0,-0.124379962682724,-0.6734110713005066,1.5989551544189453,0.6287872195243835,1.6073864698410034,-1.6952513456344604,0.9721804857254028,0.07532909512519836,0.03489946573972702,0.9997987735295557,-0.00011308376748650493,-0.005897261152062557,-0.019173470519502932
383.0,-0.1047760620713234,-0.662147581577301,1.572298288345337,0.648733377456665,1.6166396141052246,-1.67568039894104,0.9844989776611328,0.09146717190742493,0.034864641726017,0.999719583563811,-8.25214344802859e-05,-0.003523606989784596,-0.023416481866299525
384.0,-0.09571918100118637,-0.6867660880088806,1.6258587837219238,0.589525043964386,1.6472086906433105,-1.6667386293411255,0.9579883813858032,0.09811226278543472,0.03433486074209213,0.9990481076219567,-0.0006940310905975477,-0.01732163266588443,-0.04002946439337665
385.0,-0.1254880726337433,-0.6900805234909058,1.6376137733459473,0.5960119962692261,1.6067476272583008,-1.696333885192871,0.9521740674972534,0.07688535004854202,0.034876517951488495,0.9997456368616174,-0.00022017059056165657,-0.011265828872937025,-0.01953699569728408
386.0,-0.11338174343109131,-0.7362103462219238,1.726663589477539,0.45054468512535095,1.6680102348327637,0.6393778324127197,0.9154958724975586,0.08297803997993469,0.03282787650823593,-0.3935116977723842,0.9157519482199301,0.07433998818252592,-0.031944940205304834
387.0,-0.15734194219112396,-0.7198808789253235,1.707011342048645,0.5358162522315979,1.591200351715088,-1.7280172109603882,0.9178720712661743,0.05470297485589981,0.03483923524618149,0.9996617736986617,-0.0003045621887545484,-0.022028517721506945,-0.013819907905354258
388.0,-0.15840916335582733,-0.7802376747131348,1.814749002456665,0.3144150376319885,1.6269118785858154,0.24368548393249512,0.883026123046875,0.05372341349720955,0.03093721531331539,-0.5454607728821393,0.8303304379559657,0.09538242390061795,-0.06265861681777148
389.0,-0.10899899899959564,-0.7923614382743835,1.837996006011963,0.2157309204339981,1.7240980863571167,0.44560134410858154,0.8794715404510498,0.08225440233945847,0.02579539082944393,-0.4689841538391392,0.866442160402086,0.15061695967937475,-0.08152531865926087
390.0,-0.04458959028124809,-0.756096601486206,1.7704858779907227,0.288431316614151,1.8491085767745972,0.7856771349906921,0.9038232564926147,0.11843863129615784,0.023678472265601158,-0.3378784831328528,0.9216504175778854,0.17912659778252893,-0.0656681077937269
391.0,-0.030626466497778893,-0.7301721572875977,1.719277024269104,0.37218478322029114,1.8667287826538086,0.9408106207847595,0.9218428134918213,0.12783277034759521,0.02490205131471157,-0.2756595446180979,0.9443617967680695,0.17223525123483588,-0.05027554572552698
392.0,-0.00256852013990283,-0.6985422372817993,1.6646677255630493,0.44118034839630127,1.9341238737106323,1.1362141370773315,0.9410338401794434,0.1437472701072693,0.02292816899716854,-0.19569077143858438,0.9606418053577527,0.19319322126853547,-0.03935508898041157
393.0,-0.06904613226652145,-0.675204336643219,1.599550724029541,0.5991164445877075,1.7079880237579346,1.2373673915863037,0.9700312614440918,0.11324378848075867,0.03321441262960434,-0.1298520704205939,0.9888810224149096,0.07185906958591058,-0.009435964888419761
394.0,-0.07305438816547394,-0.6282840967178345,1.515372633934021,0.7387759685516357,1.6842825412750244,-1.6441773176193237,1.000947117805481,0.11076352000236511,0.03372534364461899,0.99801184447978,0.0017243108973820588,0.031559747959593855,-0.05452859193784143
395.0,-0.1028883159160614,-0.6055063009262085,1.4799232482910156,0.8157563209533691,1.628322720527649,-1.6730536222457886,1.0141032934188843,0.08844088017940521,0.03391849249601364,0.9978067680349466,0.0014007572383529319,0.06225445594037203,-0.022451598125339204
396.0,-0.1179761067032814,-0.5823324918746948,1.4464095830917358,0.8789110779762268,1.6270554065704346,2.8288838863372803,1.025380253791809,0.07213528454303741,0.031720660626888275,0.6305473293474424,0.7708673628022561,0.06997903172834768,0.05724080308194642
397.0,-0.1386406570672989,-0.5974201560020447,1.4698050022125244,0.8404991030693054,1.6174211502075195,2.8266265392303467,1.0188987255096436,0.05351317673921585,0.033078692853450775,0.6390385119899098,0.7655410822136748,0.05732827046161885,0.047855000185112156
398.0,-0.15964855253696442,-0.6140867471694946,1.4959657192230225,0.7965343594551086,1.6059619188308716,-1.7295383214950562,1.0112725496292114,0.03526020795106888,0.034284017980098724,0.9983986481947728,0.0004930457182412306,0.05587737356946379,-0.00880995526371648
399.0,-0.17885106801986694,-0.6572716236114502,1.5669493675231934,0.670367956161499,1.5841944217681885,-1.7496516704559326,0.9890457391738892,0.023354951292276382,0.03497343510389328,0.9999668677925435,3.311840300289828e-05,0.005742543805606569,-0.005769351001789341
400.0,-0.19338461756706238,-0.672716498374939,1.6015610694885254,0.6387843489646912,1.5767077207565308,-1.7641839981079102,0.972416341304779,0.013458311557769775,0.034985534846782684,0.9999943778844167,-3.1540740710726492e-06,-0.0009861410536716097,-0.0032049517051741744
401.0,-0.21141363680362701,-0.678292989730835,1.6169053316116333,0.6320824027061462,1.5696572065353394,-1.782210111618042,0.963732898235321,-0.001080189598724246,0.0349879190325737,0.999999836510761,1.0293833325806325e-07,-0.00016917806996900953,0.0005462208542009605
402.0,-0.21744780242443085,-0.6674470901489258,1.5894536972045898,0.6491678953170776,1.5652573108673096,-1.7882474660873413,0.9789462089538574,-0.00956674199551344,0.034986309707164764,0.9999961470377253,1.1447481137829953e-06,-0.0004128582610258002,0.0027450785872770484
403.0,-0.20058374106884003,-0.6362577676773071,1.5328513383865356,0.7342873811721802,1.5824390649795532,-1.7710132598876953,1.0000015497207642,-3.89138403988909e-05,0.0347820445895195,0.999531842452316,-8.458029068975941e-06,0.030594429497611094,0.0002770127364400419
404.0,-0.2474333792924881,-0.7013280391693115,1.6732279062271118,0.5902800559997559,1.554337739944458,-1.8182445764541626,0.9334753751754761,-0.02587185613811016,0.0349690243601799,0.99995685929163,4.28878101142258e-05,-0.006192336128608484,0.006923343811016289
405.0,-0.3559495508670807,-0.727424681186676,1.7294423580169678,0.4849082827568054,1.3731560707092285,-1.166270136833191,0.915032684803009,-0.09342989325523376,0.031403206288814545,0.9247687953421305,-0.3651652903640759,-0.0393121300790027,0.09955672907160264
406.0,-0.30819636583328247,-0.6292393803596497,1.5219577550888062,0.7540512681007385,1.5283586978912354,-1.878714919090271,1.000093936920166,-0.10056103020906448,0.03449048846960068,0.9990535239125378,-0.0009445328694459681,0.02975296652768617,0.03171632384753313
407.0,-0.29846957325935364,-0.5556334853172302,1.4099620580673218,0.954030454158783,1.5509365797042847,-3.0597617626190186,1.0346719026565552,-0.10482367128133774,0.029006442055106163,0.8227944278011451,0.5557613881282358,0.06655548465104717,0.0985341387947696
408.0,-0.36251044273376465,-0.4950713515281677,1.351479172706604,1.1044706106185913,1.3493683338165283,-2.650987148284912,1.0476096868515015,-0.146114319562912,0.016654660925269127,0.9204484018579764,0.32237111004491453,0.07305858006939488,0.2086002176502955
409.0,-0.34224873781204224,-0.4730146527290344,1.3062788248062134,1.1454460620880127,1.3934146165847778,-2.7539422512054443,1.0665411949157715,-0.13769733905792236,0.013446351513266563,0.8977929071164087,0.3817608287507702,0.08593451612797987,0.2020936033150053
410.0,-0.3430241048336029,-0.41774895787239075,1.2303180694580078,1.262704849243164,1.3596593141555786,-2.778822183609009,1.0923322439193726,-0.14234720170497894,0.0018586574587970972,0.8853182678040289,0.3797432213354677,0.10578008370248995,0.24661148479770786
411.0,-0.30775219202041626,-0.3547261357307434,1.1234962940216064,1.386366367340088,1.410065770149231,-2.904181480407715,1.1311782598495483,-0.12272530794143677,-0.010089853778481483,0.8430901641835152,0.4481760134628042,0.1395093876993773,0.26243926298735576
412.0,-0.2883898615837097,-0.3206508159637451,1.0676661729812622,1.4540162086486816,1.4371674060821533,-2.9609434604644775,1.1500918865203857,-0.11008494347333908,-0.01679266430437565,0.8191327351089678,0.4789204723792837,0.1593355400049758,0.2725232634110862
413.0,-0.2639195919036865,-0.37351879477500916,1.1282775402069092,1.0264519453048706,1.52143132686615,-2.9145350456237793,1.1601618528366089,-0.0974060446023941,-0.0658440813422203,0.8540849707992596,0.5088373226171885,0.05518041431127592,0.09262053575225718
414.0,-0.22560404241085052,-0.3437577486038208,1.0711696147918701,1.0975892543792725,1.55418062210083,-3.077733039855957,1.178923487663269,-0.061719782650470734,-0.06698396056890488,0.7958326630151678,0.5920433768661187,0.07581767671533575,0.10191512294374312
415.0,-0.2150224894285202,-0.23490750789642334,0.927908182144165,1.6272274255752563,1.560063123703003,-3.130059003829956,1.1933434009552002,-0.053191788494586945,-0.033029861748218536,0.7294192600663073,0.5778966147006693,0.22730649612994502,0.2869055638689396
416.0,-0.2365049123764038,-0.1183728352189064,0.7911946773529053,1.7889702320098877,1.5070656538009644,-3.0901575088500977,1.2217897176742554,-0.07760635763406754,-0.08893779665231705,0.7308851939978708,0.528665966577644,0.2529781211163125,0.34974447703098993
417.0,-0.27333614230155945,-0.12471000850200653,0.8180290460586548,1.763868808746338,1.4316362142562866,-3.0288875102996826,1.2122746706008911,-0.10888692736625671,-0.09536818414926529,0.7642955951885934,0.4784374398468082,0.22941885952383473,0.36649262778796665
418.0,-0.29980945587158203,-0.23563432693481445,0.960712194442749,1.445871353149414,1.412274956703186,-2.9148926734924316,1.1806023120880127,-0.12907716631889343,-0.0814986303448677,0.8370935063124869,0.4546707812383197,0.14520151343487014,0.26733025057749393
419.0,-0.3338450491428375,-0.21651805937290192,0.9896209836006165,1.7166491746902466,1.296762466430664,-2.937944173812866,1.164837121963501,-0.1470545083284378,-0.05088583379983902,0.8019177990191255,0.38592124162263614,0.1977689325810443,0.4109502259234312
420.0,-0.2935146391391754,-0.7663058638572693,1.787705898284912,-2.1804611682891846,-1.4857357740402222,0.19214729964733124,1.1015177965164185,-0.1092526987195015,0.007968565449118614,0.8420320857286349,0.49753311256350596,0.10602916050617275,0.17944521623245038
421.0,-0.1500106006860733,-0.7348387241363525,1.7330564260482788,-2.200085163116455,-1.6459988355636597,-0.19193153083324432,1.1431020498275757,0.018783122301101685,0.0008085279259830713,0.6749312998690971,0.7137973904435532,0.13586095750098182,0.12846332581675257
422.0,-0.12321300059556961,-0.7782688736915588,1.8420360088348389,-2.3707761764526367,-1.6253631114959717,-0.1992589235305786,1.0967888832092285,0.0582289844751358,0.014165541157126427,0.670930082811763,0.72927297604592,0.09877326132710518,0.09087130038761003
423.0,-0.11712054163217545,-0.7946906685829163,1.8755590915679932,-2.3955564498901367,-1.6289820671081543,-0.21853089332580566,1.0769824981689453,0.06663490831851959,0.019114872440695763,0.6618328041699371,0.7381397908961811,0.09743846718514143,0.08736551684108616
424.0,-0.10072524100542068,-0.7949976325035095,1.8746286630630493,-2.3911287784576416,-1.6329599618911743,-0.2300436943769455,1.0756949186325073,0.08367191255092621,0.019394448027014732,0.6510666183919882,0.7473043601703355,0.10016532098184974,0.08726603095494774
425.0,-0.10646014660596848,-0.809326171875,1.9044320583343506,-2.4140162467956543,-1.6341733932495117,-0.2413058578968048,1.058779001235962,0.07917072623968124,0.023604145273566246,0.6493257073323139,0.74941712485626,0.09781386443415843,0.08474990674934853
426.0,-0.09066969901323318,-0.810489296913147,1.9051297903060913,-2.410731554031372,-1.6381258964538574,-0.2528750002384186,1.0563982725143433,0.0953584611415863,0.0241635050624609,0.63863176026003,0.7582360676731339,0.10038978552554638,0.08455431052816328
427.0,-0.0727917030453682,-0.8243458271026611,1.945998191833496,-2.476215362548828,-1.6841574907302856,-0.4755384922027588,1.0350611209869385,0.10855592787265778,0.02875291369855404,0.5421865569252525,0.831417756156904,0.10182719246206864,0.06640387874101925
428.0,-0.1529177874326706,-0.7903115749359131,1.8700295686721802,-2.400827407836914,-1.6202900409698486,-0.1916266232728958,1.0834507942199707,0.028666818514466286,0.01753259263932705,0.6854627241803414,0.7169675553484651,0.09170960081309677,0.08767968667606807
429.0,-0.08382648229598999,-0.5811204314231873,1.4160088300704956,-1.5361915826797485,-1.8298722505569458,-0.21307100355625153,1.2077910900115967,0.0605565682053566,-0.04856352508068085,0.5526852296627014,0.7116035777266206,0.3425828868763086,0.26607583636785737
430.0,-0.07643473148345947,-0.5477306842803955,1.3869383335113525,-1.5351730585098267,-1.8403124809265137,-0.2188781201839447,1.2193739414215088,0.06699912250041962,-0.07465535402297974,0.5449443028640958,0.7155603633456477,0.34769741796522624,0.264793464279095
431.0,-0.05925935134291649,-0.5310450792312622,1.3860503435134888,-1.5759378671646118,-1.8709638118743896,-0.25419938564300537,1.2229608297348022,0.08309294283390045,-0.09397329390048981,0.524346215779046,0.7350827152510802,0.3498901840665203,0.24958226465674624
432.0,-0.09241390973329544,-0.5255422592163086,1.3670473098754883,-1.5503590106964111,-1.7994036674499512,-0.1919439285993576,1.2309657335281372,0.052660536020994186,-0.0933593288064003,0.5703913484999431,0.7011902300859948,0.3318409502536007,0.2699399090967351
433.0,-0.1086936965584755,-0.5333676934242249,1.3660558462142944,-1.5270884037017822,-1.767822027206421,-0.16159436106681824,1.2296050786972046,0.037629999220371246,-0.08372080326080322,0.589839089646321,0.6825407866253725,0.32651235688028296,0.2821659152387116
434.0,-0.10340297222137451,-0.5524620413780212,1.3795583248138428,-1.50662362575531,-1.7834806442260742,-0.168906107544899,1.220815896987915,0.04264630004763603,-0.06633187085390091,0.5799365629000831,0.6861533351777079,0.33541142446179295,0.28348961176144893
435.0,-0.12862953543663025,-0.5491419434547424,1.371700644493103,-1.4967412948608398,-1.729793906211853,-0.12584923207759857,1.2240965366363525,0.019711632281541824,-0.06738666445016861,0.6117959612544832,0.6587094432030126,0.32089975300023865,0.29804516394712033
436.0,-0.12029054015874863,-0.559715211391449,1.4422930479049683,-1.74281907081604,-1.7262959480285645,-0.17807576060295105,1.2271031141281128,0.030067078769207,-0.08831033110618591,0.621926959104726,0.6983078934722708,0.26462641459797015,0.23568157363292394
437.0,-0.15230809152126312,-0.6103544235229492,1.5660463571548462,-2.0378053188323975,-1.6490765810012817,-0.14602984488010406,1.2101190090179443,0.005397019442170858,-0.07538459450006485,0.6810541285387267,0.6901371561058363,0.17416830264646063,0.17187606615161713
438.0,0.031816255301237106,-0.6534943580627441,1.7542219161987305,-2.362231492996216,-1.947723627090454,-0.8558409214019775,1.1173760890960693,0.17984327673912048,-0.0744466781616211,0.29791804216169654,0.9241671651921518,0.2275502061496579,0.07335389980425115
439.0,0.1011759415268898,-0.5972851514816284,1.628523349761963,-1.9100770950317383,-2.2752339839935303,-0.6633802056312561,1.1187646389007568,0.2151739001274109,-0.09626089036464691,0.23877734849359866,0.8581057809904988,0.43793804147374077,0.12186106148888103
440.0,0.08492397516965866,-0.6450532674789429,1.7725611925125122,-2.329782247543335,-2.1270620822906494,-0.9393417835235596,1.0886327028274536,0.212632954120636,-0.08332325518131256,0.20667415387339894,0.9237931454931048,0.3145470727201023,0.07037156743944943
441.0,0.14233651757240295,-0.629550039768219,1.771636724472046,-2.1652607917785645,-2.4239282608032227,-0.8902841210365295,1.0598654747009277,0.2375096082687378,-0.08849948644638062,0.12516132348105147,0.8746794057552911,0.46354170597348315,0.06632998624480307
442.0,0.12645792961120605,-0.7039302587509155,2.0233147144317627,-2.8657989501953125,-2.4267592430114746,-1.5385160446166992,0.9765728116035461,0.2093101292848587,-0.016584644094109535,-0.04787657676097555,0.9084911824621288,0.4145772295770491,-0.021847780263280474
