ISO-10303-21;
HEADER;
FILE_DESCRIPTION((''),'2;1');
FILE_NAME('SEN_BRACKET_ASM','2025-11-26T15:17:10',('hyojinn.kim'),(''),
'CREO PARAMETRIC BY PTC INC, 2023494','CREO PARAMETRIC BY PTC INC, 2023494','');
FILE_SCHEMA(('CONFIG_CONTROL_DESIGN','SHAPE_APPEARANCE_LAYERS_GROUPS'));
ENDSEC;
DATA;
#83=CARTESIAN_POINT('',(-2.4E1,0.E0,1.5E1));
#84=DIRECTION('',(0.E0,-1.E0,0.E0));
#85=DIRECTION('',(-1.E0,0.E0,0.E0));
#86=AXIS2_PLACEMENT_3D('',#83,#84,#85);
#88=DRAUGHTING_PRE_DEFINED_CURVE_FONT('continuous');
#89=CURVE_STYLE('',#88,POSITIVE_LENGTH_MEASURE(2.E-2),#81);
#90=PRESENTATION_STYLE_ASSIGNMENT((#89));
#91=STYLED_ITEM('',(#90),#87);
#92=CARTESIAN_POINT('',(-2.4E1,0.E0,1.5E1));
#93=DIRECTION('',(0.E0,-1.E0,0.E0));
#94=DIRECTION('',(1.E0,0.E0,0.E0));
#95=AXIS2_PLACEMENT_3D('',#92,#93,#94);
#97=CURVE_STYLE('',#88,POSITIVE_LENGTH_MEASURE(2.E-2),#81);
#98=PRESENTATION_STYLE_ASSIGNMENT((#97));
#99=STYLED_ITEM('',(#98),#96);
#100=CARTESIAN_POINT('',(-2.4E1,0.E0,-1.5E1));
#101=DIRECTION('',(0.E0,-1.E0,0.E0));
#102=DIRECTION('',(-1.E0,0.E0,0.E0));
#103=AXIS2_PLACEMENT_3D('',#100,#101,#102);
#105=CURVE_STYLE('',#88,POSITIVE_LENGTH_MEASURE(2.E-2),#81);
#106=PRESENTATION_STYLE_ASSIGNMENT((#105));
#107=STYLED_ITEM('',(#106),#104);
#108=CARTESIAN_POINT('',(-2.4E1,0.E0,-1.5E1));
#109=DIRECTION('',(0.E0,-1.E0,0.E0));
#110=DIRECTION('',(1.E0,0.E0,0.E0));
#111=AXIS2_PLACEMENT_3D('',#108,#109,#110);
#113=CURVE_STYLE('',#88,POSITIVE_LENGTH_MEASURE(2.E-2),#81);
#114=PRESENTATION_STYLE_ASSIGNMENT((#113));
#115=STYLED_ITEM('',(#114),#112);
#116=CARTESIAN_POINT('',(-6.E1,0.E0,1.5E1));
#117=DIRECTION('',(0.E0,-1.E0,0.E0));
#118=DIRECTION('',(-1.E0,0.E0,0.E0));
#119=AXIS2_PLACEMENT_3D('',#116,#117,#118);
#121=CURVE_STYLE('',#88,POSITIVE_LENGTH_MEASURE(2.E-2),#81);
#122=PRESENTATION_STYLE_ASSIGNMENT((#121));
#123=STYLED_ITEM('',(#122),#120);
#124=CARTESIAN_POINT('',(-6.E1,0.E0,1.5E1));
#125=DIRECTION('',(0.E0,-1.E0,0.E0));
#126=DIRECTION('',(1.E0,0.E0,0.E0));
#127=AXIS2_PLACEMENT_3D('',#124,#125,#126);
#129=CURVE_STYLE('',#88,POSITIVE_LENGTH_MEASURE(2.E-2),#81);
#130=PRESENTATION_STYLE_ASSIGNMENT((#129));
#131=STYLED_ITEM('',(#130),#128);
#132=CARTESIAN_POINT('',(-6.E1,0.E0,-1.5E1));
#133=DIRECTION('',(0.E0,-1.E0,0.E0));
#134=DIRECTION('',(-1.E0,0.E0,0.E0));
#135=AXIS2_PLACEMENT_3D('',#132,#133,#134);
#137=CURVE_STYLE('',#88,POSITIVE_LENGTH_MEASURE(2.E-2),#81);
#138=PRESENTATION_STYLE_ASSIGNMENT((#137));
#139=STYLED_ITEM('',(#138),#136);
#140=CARTESIAN_POINT('',(-6.E1,0.E0,-1.5E1));
#141=DIRECTION('',(0.E0,-1.E0,0.E0));
#142=DIRECTION('',(1.E0,0.E0,0.E0));
#143=AXIS2_PLACEMENT_3D('',#140,#141,#142);
#145=CURVE_STYLE('',#88,POSITIVE_LENGTH_MEASURE(2.E-2),#81);
#146=PRESENTATION_STYLE_ASSIGNMENT((#145));
#147=STYLED_ITEM('',(#146),#144);
#148=DIRECTION('',(1.E0,0.E0,0.E0));
#149=VECTOR('',#148,4.4E1);
#150=CARTESIAN_POINT('',(-2.E0,0.E0,1.25E1));
#151=LINE('',#150,#149);
#152=CURVE_STYLE('',#88,POSITIVE_LENGTH_MEASURE(2.E-2),#81);
#153=PRESENTATION_STYLE_ASSIGNMENT((#152));
#154=STYLED_ITEM('',(#153),#151);
#155=DIRECTION('',(0.E0,0.E0,1.E0));
#156=VECTOR('',#155,1.9E1);
#157=CARTESIAN_POINT('',(-5.E0,0.E0,-9.5E0));
#158=LINE('',#157,#156);
#159=CURVE_STYLE('',#88,POSITIVE_LENGTH_MEASURE(2.E-2),#81);
#160=PRESENTATION_STYLE_ASSIGNMENT((#159));
#161=STYLED_ITEM('',(#160),#158);
#162=DIRECTION('',(-1.E0,0.E0,0.E0));
#163=VECTOR('',#162,4.4E1);
#164=CARTESIAN_POINT('',(4.2E1,0.E0,-1.25E1));
#165=LINE('',#164,#163);
#166=CURVE_STYLE('',#88,POSITIVE_LENGTH_MEASURE(2.E-2),#81);
#167=PRESENTATION_STYLE_ASSIGNMENT((#166));
#168=STYLED_ITEM('',(#167),#165);
#169=DIRECTION('',(0.E0,0.E0,-1.E0));
#170=VECTOR('',#169,1.9E1);
#171=CARTESIAN_POINT('',(4.5E1,0.E0,9.5E0));
#172=LINE('',#171,#170);
#173=CURVE_STYLE('',#88,POSITIVE_LENGTH_MEASURE(2.E-2),#81);
#174=PRESENTATION_STYLE_ASSIGNMENT((#173));
#175=STYLED_ITEM('',(#174),#172);
#176=DIRECTION('',(7.071067811865E-1,0.E0,-7.071067811865E-1));
#177=VECTOR('',#176,4.242640687119E0);
#178=CARTESIAN_POINT('',(-6.5E1,0.E0,-2.2E1));
#179=LINE('',#178,#177);
#180=CURVE_STYLE('',#88,POSITIVE_LENGTH_MEASURE(2.E-2),#81);
#181=PRESENTATION_STYLE_ASSIGNMENT((#180));
#182=STYLED_ITEM('',(#181),#179);
#183=DIRECTION('',(0.E0,0.E0,1.E0));
#184=VECTOR('',#183,4.4E1);
#185=CARTESIAN_POINT('',(-6.5E1,0.E0,-2.2E1));
#186=LINE('',#185,#184);
#187=CURVE_STYLE('',#88,POSITIVE_LENGTH_MEASURE(2.E-2),#81);
#188=PRESENTATION_STYLE_ASSIGNMENT((#187));
#189=STYLED_ITEM('',(#188),#186);
#190=DIRECTION('',(-7.071067811865E-1,0.E0,-7.071067811865E-1));
#191=VECTOR('',#190,4.242640687119E0);
#192=CARTESIAN_POINT('',(-6.2E1,0.E0,2.5E1));
#193=LINE('',#192,#191);
#194=CURVE_STYLE('',#88,POSITIVE_LENGTH_MEASURE(2.E-2),#81);
#195=PRESENTATION_STYLE_ASSIGNMENT((#194));
#196=STYLED_ITEM('',(#195),#193);
#197=DIRECTION('',(1.E0,0.E0,0.E0));
#198=VECTOR('',#197,1.27E2);
#199=CARTESIAN_POINT('',(-6.2E1,0.E0,2.5E1));
#200=LINE('',#199,#198);
#201=CURVE_STYLE('',#88,POSITIVE_LENGTH_MEASURE(2.E-2),#81);
#202=PRESENTATION_STYLE_ASSIGNMENT((#201));
#203=STYLED_ITEM('',(#202),#200);
#204=DIRECTION('',(0.E0,0.E0,-1.E0));
#205=VECTOR('',#204,5.E1);
#206=CARTESIAN_POINT('',(6.5E1,0.E0,2.5E1));
#207=LINE('',#206,#205);
#208=CURVE_STYLE('',#88,POSITIVE_LENGTH_MEASURE(2.E-2),#81);
#209=PRESENTATION_STYLE_ASSIGNMENT((#208));
#210=STYLED_ITEM('',(#209),#207);
#211=DIRECTION('',(-1.E0,0.E0,0.E0));
#212=VECTOR('',#211,1.27E2);
#213=CARTESIAN_POINT('',(6.5E1,0.E0,-2.5E1));
#214=LINE('',#213,#212);
#215=CURVE_STYLE('',#88,POSITIVE_LENGTH_MEASURE(2.E-2),#81);
#216=PRESENTATION_STYLE_ASSIGNMENT((#215));
#217=STYLED_ITEM('',(#216),#214);
#218=CARTESIAN_POINT('',(-2.4E1,4.E0,1.5E1));
#219=DIRECTION('',(0.E0,-1.E0,0.E0));
#220=DIRECTION('',(-1.E0,0.E0,0.E0));
#221=AXIS2_PLACEMENT_3D('',#218,#219,#220);
#223=CURVE_STYLE('',#88,POSITIVE_LENGTH_MEASURE(2.E-2),#81);
#224=PRESENTATION_STYLE_ASSIGNMENT((#223));
#225=STYLED_ITEM('',(#224),#222);
#226=DIRECTION('',(0.E0,-1.E0,0.E0));
#227=VECTOR('',#226,4.E0);
#228=CARTESIAN_POINT('',(-1.9875E1,4.E0,1.5E1));
#229=LINE('',#228,#227);
#230=CURVE_STYLE('',#88,POSITIVE_LENGTH_MEASURE(2.E-2),#81);
#231=PRESENTATION_STYLE_ASSIGNMENT((#230));
#232=STYLED_ITEM('',(#231),#229);
#233=CARTESIAN_POINT('',(-2.4E1,4.E0,1.5E1));
#234=DIRECTION('',(0.E0,1.E0,0.E0));
#235=DIRECTION('',(-1.E0,0.E0,0.E0));
#236=AXIS2_PLACEMENT_3D('',#233,#234,#235);
#238=CURVE_STYLE('',#88,POSITIVE_LENGTH_MEASURE(2.E-2),#81);
#239=PRESENTATION_STYLE_ASSIGNMENT((#238));
#240=STYLED_ITEM('',(#239),#237);
#241=DIRECTION('',(0.E0,-1.E0,0.E0));
#242=VECTOR('',#241,4.E0);
#243=CARTESIAN_POINT('',(-2.8125E1,4.E0,1.5E1));
#244=LINE('',#243,#242);
#245=CURVE_STYLE('',#88,POSITIVE_LENGTH_MEASURE(2.E-2),#81);
#246=PRESENTATION_STYLE_ASSIGNMENT((#245));
#247=STYLED_ITEM('',(#246),#244);
#248=CARTESIAN_POINT('',(-2.4E1,4.E0,1.5E1));
#249=DIRECTION('',(0.E0,1.E0,0.E0));
#250=DIRECTION('',(-1.E0,0.E0,0.E0));
#251=AXIS2_PLACEMENT_3D('',#248,#249,#250);
#253=CURVE_STYLE('',#88,POSITIVE_LENGTH_MEASURE(2.E-2),#81);
#254=PRESENTATION_STYLE_ASSIGNMENT((#253));
#255=STYLED_ITEM('',(#254),#252);
#256=CARTESIAN_POINT('',(-2.4E1,4.E0,1.5E1));
#257=DIRECTION('',(0.E0,-1.E0,0.E0));
#258=DIRECTION('',(-1.E0,0.E0,0.E0));
#259=AXIS2_PLACEMENT_3D('',#256,#257,#258);
#261=CURVE_STYLE('',#88,POSITIVE_LENGTH_MEASURE(2.E-2),#81);
#262=PRESENTATION_STYLE_ASSIGNMENT((#261));
#263=STYLED_ITEM('',(#262),#260);
#264=DIRECTION('',(0.E0,-1.E0,0.E0));
#265=VECTOR('',#264,1.1E1);
#266=CARTESIAN_POINT('',(-2.64E1,1.5E1,1.5E1));
#267=LINE('',#266,#265);
#268=CURVE_STYLE('',#88,POSITIVE_LENGTH_MEASURE(2.E-2),#81);
#269=PRESENTATION_STYLE_ASSIGNMENT((#268));
#270=STYLED_ITEM('',(#269),#267);
#271=DIRECTION('',(0.E0,-1.E0,0.E0));
#272=VECTOR('',#271,1.1E1);
#273=CARTESIAN_POINT('',(-2.16E1,1.5E1,1.5E1));
#274=LINE('',#273,#272);
#275=CURVE_STYLE('',#88,POSITIVE_LENGTH_MEASURE(2.E-2),#81);
#276=PRESENTATION_STYLE_ASSIGNMENT((#275));
#277=STYLED_ITEM('',(#276),#274);
#278=CARTESIAN_POINT('',(-2.4E1,1.5E1,1.5E1));
#279=DIRECTION('',(0.E0,-1.E0,0.E0));
#280=DIRECTION('',(-1.E0,0.E0,0.E0));
#281=AXIS2_PLACEMENT_3D('',#278,#279,#280);
#283=CURVE_STYLE('',#88,POSITIVE_LENGTH_MEASURE(2.E-2),#81);
#284=PRESENTATION_STYLE_ASSIGNMENT((#283));
#285=STYLED_ITEM('',(#284),#282);
#286=CARTESIAN_POINT('',(-2.4E1,1.5E1,1.5E1));
#287=DIRECTION('',(0.E0,-1.E0,0.E0));
#288=DIRECTION('',(1.E0,0.E0,0.E0));
#289=AXIS2_PLACEMENT_3D('',#286,#287,#288);
#291=CURVE_STYLE('',#88,POSITIVE_LENGTH_MEASURE(2.E-2),#81);
#292=PRESENTATION_STYLE_ASSIGNMENT((#291));
#293=STYLED_ITEM('',(#292),#290);
#294=CARTESIAN_POINT('',(-2.4E1,1.5E1,-1.5E1));
#295=DIRECTION('',(0.E0,-1.E0,0.E0));
#296=DIRECTION('',(-1.E0,0.E0,0.E0));
#297=AXIS2_PLACEMENT_3D('',#294,#295,#296);
#299=CURVE_STYLE('',#88,POSITIVE_LENGTH_MEASURE(2.E-2),#81);
#300=PRESENTATION_STYLE_ASSIGNMENT((#299));
#301=STYLED_ITEM('',(#300),#298);
#302=CARTESIAN_POINT('',(-2.4E1,1.5E1,-1.5E1));
#303=DIRECTION('',(0.E0,-1.E0,0.E0));
#304=DIRECTION('',(1.E0,0.E0,0.E0));
#305=AXIS2_PLACEMENT_3D('',#302,#303,#304);
#307=CURVE_STYLE('',#88,POSITIVE_LENGTH_MEASURE(2.E-2),#81);
#308=PRESENTATION_STYLE_ASSIGNMENT((#307));
#309=STYLED_ITEM('',(#308),#306);
#310=CARTESIAN_POINT('',(-6.E1,1.5E1,1.5E1));
#311=DIRECTION('',(0.E0,-1.E0,0.E0));
#312=DIRECTION('',(-1.E0,0.E0,0.E0));
#313=AXIS2_PLACEMENT_3D('',#310,#311,#312);
#315=CURVE_STYLE('',#88,POSITIVE_LENGTH_MEASURE(2.E-2),#81);
#316=PRESENTATION_STYLE_ASSIGNMENT((#315));
#317=STYLED_ITEM('',(#316),#314);
#318=CARTESIAN_POINT('',(-6.E1,1.5E1,1.5E1));
#319=DIRECTION('',(0.E0,-1.E0,0.E0));
#320=DIRECTION('',(1.E0,0.E0,0.E0));
#321=AXIS2_PLACEMENT_3D('',#318,#319,#320);
#323=CURVE_STYLE('',#88,POSITIVE_LENGTH_MEASURE(2.E-2),#81);
#324=PRESENTATION_STYLE_ASSIGNMENT((#323));
#325=STYLED_ITEM('',(#324),#322);
#326=CARTESIAN_POINT('',(-6.E1,1.5E1,-1.5E1));
#327=DIRECTION('',(0.E0,-1.E0,0.E0));
#328=DIRECTION('',(-1.E0,0.E0,0.E0));
#329=AXIS2_PLACEMENT_3D('',#326,#327,#328);
#331=CURVE_STYLE('',#88,POSITIVE_LENGTH_MEASURE(2.E-2),#81);
#332=PRESENTATION_STYLE_ASSIGNMENT((#331));
#333=STYLED_ITEM('',(#332),#330);
#334=CARTESIAN_POINT('',(-6.E1,1.5E1,-1.5E1));
#335=DIRECTION('',(0.E0,-1.E0,0.E0));
#336=DIRECTION('',(1.E0,0.E0,0.E0));
#337=AXIS2_PLACEMENT_3D('',#334,#335,#336);
#339=CURVE_STYLE('',#88,POSITIVE_LENGTH_MEASURE(2.E-2),#81);
#340=PRESENTATION_STYLE_ASSIGNMENT((#339));
#341=STYLED_ITEM('',(#340),#338);
#342=DIRECTION('',(-7.071067811865E-1,0.E0,7.071067811866E-1));
#343=VECTOR('',#342,4.242640687119E0);
#344=CARTESIAN_POINT('',(-6.2E1,1.5E1,-2.5E1));
#345=LINE('',#344,#343);
#346=CURVE_STYLE('',#88,POSITIVE_LENGTH_MEASURE(2.E-2),#81);
#347=PRESENTATION_STYLE_ASSIGNMENT((#346));
#348=STYLED_ITEM('',(#347),#345);
#349=DIRECTION('',(-1.E0,0.E0,0.E0));
#350=VECTOR('',#349,4.7E1);
#351=CARTESIAN_POINT('',(-1.5E1,1.5E1,-2.5E1));
#352=LINE('',#351,#350);
#353=CURVE_STYLE('',#88,POSITIVE_LENGTH_MEASURE(2.E-2),#81);
#354=PRESENTATION_STYLE_ASSIGNMENT((#353));
#355=STYLED_ITEM('',(#354),#352);
#356=DIRECTION('',(0.E0,0.E0,-1.E0));
#357=VECTOR('',#356,5.E1);
#358=CARTESIAN_POINT('',(-1.5E1,1.5E1,2.5E1));
#359=LINE('',#358,#357);
#360=CURVE_STYLE('',#88,POSITIVE_LENGTH_MEASURE(2.E-2),#81);
#361=PRESENTATION_STYLE_ASSIGNMENT((#360));
#362=STYLED_ITEM('',(#361),#359);
#363=DIRECTION('',(1.E0,0.E0,0.E0));
#364=VECTOR('',#363,4.7E1);
#365=CARTESIAN_POINT('',(-6.2E1,1.5E1,2.5E1));
#366=LINE('',#365,#364);
#367=CURVE_STYLE('',#88,POSITIVE_LENGTH_MEASURE(2.E-2),#81);
#368=PRESENTATION_STYLE_ASSIGNMENT((#367));
#369=STYLED_ITEM('',(#368),#366);
#370=DIRECTION('',(7.071067811865E-1,0.E0,7.071067811865E-1));
#371=VECTOR('',#370,4.242640687119E0);
#372=CARTESIAN_POINT('',(-6.5E1,1.5E1,2.2E1));
#373=LINE('',#372,#371);
#374=CURVE_STYLE('',#88,POSITIVE_LENGTH_MEASURE(2.E-2),#81);
#375=PRESENTATION_STYLE_ASSIGNMENT((#374));
#376=STYLED_ITEM('',(#375),#373);
#377=DIRECTION('',(0.E0,0.E0,1.E0));
#378=VECTOR('',#377,4.4E1);
#379=CARTESIAN_POINT('',(-6.5E1,1.5E1,-2.2E1));
#380=LINE('',#379,#378);
#381=CURVE_STYLE('',#88,POSITIVE_LENGTH_MEASURE(2.E-2),#81);
#382=PRESENTATION_STYLE_ASSIGNMENT((#381));
#383=STYLED_ITEM('',(#382),#380);
#384=DIRECTION('',(0.E0,-1.E0,0.E0));
#385=VECTOR('',#384,1.1E1);
#386=CARTESIAN_POINT('',(-2.64E1,1.5E1,-1.5E1));
#387=LINE('',#386,#385);
#388=CURVE_STYLE('',#88,POSITIVE_LENGTH_MEASURE(2.E-2),#81);
#389=PRESENTATION_STYLE_ASSIGNMENT((#388));
#390=STYLED_ITEM('',(#389),#387);
#391=DIRECTION('',(0.E0,-1.E0,0.E0));
#392=VECTOR('',#391,1.1E1);
#393=CARTESIAN_POINT('',(-2.16E1,1.5E1,-1.5E1));
#394=LINE('',#393,#392);
#395=CURVE_STYLE('',#88,POSITIVE_LENGTH_MEASURE(2.E-2),#81);
#396=PRESENTATION_STYLE_ASSIGNMENT((#395));
#397=STYLED_ITEM('',(#396),#394);
#398=CARTESIAN_POINT('',(-2.4E1,4.E0,-1.5E1));
#399=DIRECTION('',(0.E0,1.E0,0.E0));
#400=DIRECTION('',(-1.E0,0.E0,0.E0));
#401=AXIS2_PLACEMENT_3D('',#398,#399,#400);
#403=CURVE_STYLE('',#88,POSITIVE_LENGTH_MEASURE(2.E-2),#81);
#404=PRESENTATION_STYLE_ASSIGNMENT((#403));
#405=STYLED_ITEM('',(#404),#402);
#406=CARTESIAN_POINT('',(-2.4E1,4.E0,-1.5E1));
#407=DIRECTION('',(0.E0,-1.E0,0.E0));
#408=DIRECTION('',(-1.E0,0.E0,0.E0));
#409=AXIS2_PLACEMENT_3D('',#406,#407,#408);
#411=CURVE_STYLE('',#88,POSITIVE_LENGTH_MEASURE(2.E-2),#81);
#412=PRESENTATION_STYLE_ASSIGNMENT((#411));
#413=STYLED_ITEM('',(#412),#410);
#414=CARTESIAN_POINT('',(-2.4E1,4.E0,-1.5E1));
#415=DIRECTION('',(0.E0,-1.E0,0.E0));
#416=DIRECTION('',(-1.E0,0.E0,0.E0));
#417=AXIS2_PLACEMENT_3D('',#414,#415,#416);
#419=CURVE_STYLE('',#88,POSITIVE_LENGTH_MEASURE(2.E-2),#81);
#420=PRESENTATION_STYLE_ASSIGNMENT((#419));
#421=STYLED_ITEM('',(#420),#418);
#422=DIRECTION('',(0.E0,-1.E0,0.E0));
#423=VECTOR('',#422,4.E0);
#424=CARTESIAN_POINT('',(-1.9875E1,4.E0,-1.5E1));
#425=LINE('',#424,#423);
#426=CURVE_STYLE('',#88,POSITIVE_LENGTH_MEASURE(2.E-2),#81);
#427=PRESENTATION_STYLE_ASSIGNMENT((#426));
#428=STYLED_ITEM('',(#427),#425);
#429=CARTESIAN_POINT('',(-2.4E1,4.E0,-1.5E1));
#430=DIRECTION('',(0.E0,1.E0,0.E0));
#431=DIRECTION('',(-1.E0,0.E0,0.E0));
#432=AXIS2_PLACEMENT_3D('',#429,#430,#431);
#434=CURVE_STYLE('',#88,POSITIVE_LENGTH_MEASURE(2.E-2),#81);
#435=PRESENTATION_STYLE_ASSIGNMENT((#434));
#436=STYLED_ITEM('',(#435),#433);
#437=DIRECTION('',(0.E0,-1.E0,0.E0));
#438=VECTOR('',#437,4.E0);
#439=CARTESIAN_POINT('',(-2.8125E1,4.E0,-1.5E1));
#440=LINE('',#439,#438);
#441=CURVE_STYLE('',#88,POSITIVE_LENGTH_MEASURE(2.E-2),#81);
#442=PRESENTATION_STYLE_ASSIGNMENT((#441));
#443=STYLED_ITEM('',(#442),#440);
#444=DIRECTION('',(0.E0,-1.E0,0.E0));
#445=VECTOR('',#444,1.1E1);
#446=CARTESIAN_POINT('',(-6.24E1,1.5E1,1.5E1));
#447=LINE('',#446,#445);
#448=CURVE_STYLE('',#88,POSITIVE_LENGTH_MEASURE(2.E-2),#81);
#449=PRESENTATION_STYLE_ASSIGNMENT((#448));
#450=STYLED_ITEM('',(#449),#447);
#451=DIRECTION('',(0.E0,-1.E0,0.E0));
#452=VECTOR('',#451,1.1E1);
#453=CARTESIAN_POINT('',(-5.76E1,1.5E1,1.5E1));
#454=LINE('',#453,#452);
#455=CURVE_STYLE('',#88,POSITIVE_LENGTH_MEASURE(2.E-2),#81);
#456=PRESENTATION_STYLE_ASSIGNMENT((#455));
#457=STYLED_ITEM('',(#456),#454);
#458=CARTESIAN_POINT('',(-6.E1,4.E0,1.5E1));
#459=DIRECTION('',(0.E0,1.E0,0.E0));
#460=DIRECTION('',(-1.E0,0.E0,0.E0));
#461=AXIS2_PLACEMENT_3D('',#458,#459,#460);
#463=CURVE_STYLE('',#88,POSITIVE_LENGTH_MEASURE(2.E-2),#81);
#464=PRESENTATION_STYLE_ASSIGNMENT((#463));
#465=STYLED_ITEM('',(#464),#462);
#466=CARTESIAN_POINT('',(-6.E1,4.E0,1.5E1));
#467=DIRECTION('',(0.E0,-1.E0,0.E0));
#468=DIRECTION('',(-1.E0,0.E0,0.E0));
#469=AXIS2_PLACEMENT_3D('',#466,#467,#468);
#471=CURVE_STYLE('',#88,POSITIVE_LENGTH_MEASURE(2.E-2),#81);
#472=PRESENTATION_STYLE_ASSIGNMENT((#471));
#473=STYLED_ITEM('',(#472),#470);
#474=CARTESIAN_POINT('',(-6.E1,4.E0,1.5E1));
#475=DIRECTION('',(0.E0,-1.E0,0.E0));
#476=DIRECTION('',(-1.E0,0.E0,0.E0));
#477=AXIS2_PLACEMENT_3D('',#474,#475,#476);
#479=CURVE_STYLE('',#88,POSITIVE_LENGTH_MEASURE(2.E-2),#81);
#480=PRESENTATION_STYLE_ASSIGNMENT((#479));
#481=STYLED_ITEM('',(#480),#478);
#482=DIRECTION('',(0.E0,-1.E0,0.E0));
#483=VECTOR('',#482,4.E0);
#484=CARTESIAN_POINT('',(-5.5875E1,4.E0,1.5E1));
#485=LINE('',#484,#483);
#486=CURVE_STYLE('',#88,POSITIVE_LENGTH_MEASURE(2.E-2),#81);
#487=PRESENTATION_STYLE_ASSIGNMENT((#486));
#488=STYLED_ITEM('',(#487),#485);
#489=CARTESIAN_POINT('',(-6.E1,4.E0,1.5E1));
#490=DIRECTION('',(0.E0,1.E0,0.E0));
#491=DIRECTION('',(-1.E0,0.E0,0.E0));
#492=AXIS2_PLACEMENT_3D('',#489,#490,#491);
#494=CURVE_STYLE('',#88,POSITIVE_LENGTH_MEASURE(2.E-2),#81);
#495=PRESENTATION_STYLE_ASSIGNMENT((#494));
#496=STYLED_ITEM('',(#495),#493);
#497=DIRECTION('',(0.E0,-1.E0,0.E0));
#498=VECTOR('',#497,4.E0);
#499=CARTESIAN_POINT('',(-6.4125E1,4.E0,1.5E1));
#500=LINE('',#499,#498);
#501=CURVE_STYLE('',#88,POSITIVE_LENGTH_MEASURE(2.E-2),#81);
#502=PRESENTATION_STYLE_ASSIGNMENT((#501));
#503=STYLED_ITEM('',(#502),#500);
#504=DIRECTION('',(0.E0,-1.E0,0.E0));
#505=VECTOR('',#504,1.1E1);
#506=CARTESIAN_POINT('',(-6.24E1,1.5E1,-1.5E1));
#507=LINE('',#506,#505);
#508=CURVE_STYLE('',#88,POSITIVE_LENGTH_MEASURE(2.E-2),#81);
#509=PRESENTATION_STYLE_ASSIGNMENT((#508));
#510=STYLED_ITEM('',(#509),#507);
#511=DIRECTION('',(0.E0,-1.E0,0.E0));
#512=VECTOR('',#511,1.1E1);
#513=CARTESIAN_POINT('',(-5.76E1,1.5E1,-1.5E1));
#514=LINE('',#513,#512);
#515=CURVE_STYLE('',#88,POSITIVE_LENGTH_MEASURE(2.E-2),#81);
#516=PRESENTATION_STYLE_ASSIGNMENT((#515));
#517=STYLED_ITEM('',(#516),#514);
#518=CARTESIAN_POINT('',(-6.E1,4.E0,-1.5E1));
#519=DIRECTION('',(0.E0,1.E0,0.E0));
#520=DIRECTION('',(-1.E0,0.E0,0.E0));
#521=AXIS2_PLACEMENT_3D('',#518,#519,#520);
#523=CURVE_STYLE('',#88,POSITIVE_LENGTH_MEASURE(2.E-2),#81);
#524=PRESENTATION_STYLE_ASSIGNMENT((#523));
#525=STYLED_ITEM('',(#524),#522);
#526=CARTESIAN_POINT('',(-6.E1,4.E0,-1.5E1));
#527=DIRECTION('',(0.E0,-1.E0,0.E0));
#528=DIRECTION('',(-1.E0,0.E0,0.E0));
#529=AXIS2_PLACEMENT_3D('',#526,#527,#528);
#531=CURVE_STYLE('',#88,POSITIVE_LENGTH_MEASURE(2.E-2),#81);
#532=PRESENTATION_STYLE_ASSIGNMENT((#531));
#533=STYLED_ITEM('',(#532),#530);
#534=CARTESIAN_POINT('',(-6.E1,4.E0,-1.5E1));
#535=DIRECTION('',(0.E0,-1.E0,0.E0));
#536=DIRECTION('',(-1.E0,0.E0,0.E0));
#537=AXIS2_PLACEMENT_3D('',#534,#535,#536);
#539=CURVE_STYLE('',#88,POSITIVE_LENGTH_MEASURE(2.E-2),#81);
#540=PRESENTATION_STYLE_ASSIGNMENT((#539));
#541=STYLED_ITEM('',(#540),#538);
#542=DIRECTION('',(0.E0,-1.E0,0.E0));
#543=VECTOR('',#542,4.E0);
#544=CARTESIAN_POINT('',(-5.5875E1,4.E0,-1.5E1));
#545=LINE('',#544,#543);
#546=CURVE_STYLE('',#88,POSITIVE_LENGTH_MEASURE(2.E-2),#81);
#547=PRESENTATION_STYLE_ASSIGNMENT((#546));
#548=STYLED_ITEM('',(#547),#545);
#549=CARTESIAN_POINT('',(-6.E1,4.E0,-1.5E1));
#550=DIRECTION('',(0.E0,1.E0,0.E0));
#551=DIRECTION('',(-1.E0,0.E0,0.E0));
#552=AXIS2_PLACEMENT_3D('',#549,#550,#551);
#554=CURVE_STYLE('',#88,POSITIVE_LENGTH_MEASURE(2.E-2),#81);
#555=PRESENTATION_STYLE_ASSIGNMENT((#554));
#556=STYLED_ITEM('',(#555),#553);
#557=DIRECTION('',(0.E0,-1.E0,0.E0));
#558=VECTOR('',#557,4.E0);
#559=CARTESIAN_POINT('',(-6.4125E1,4.E0,-1.5E1));
#560=LINE('',#559,#558);
#561=CURVE_STYLE('',#88,POSITIVE_LENGTH_MEASURE(2.E-2),#81);
#562=PRESENTATION_STYLE_ASSIGNMENT((#561));
#563=STYLED_ITEM('',(#562),#560);
#564=DIRECTION('',(0.E0,1.E0,0.E0));
#565=VECTOR('',#564,1.5E1);
#566=CARTESIAN_POINT('',(-6.5E1,0.E0,-2.2E1));
#567=LINE('',#566,#565);
#568=CURVE_STYLE('',#88,POSITIVE_LENGTH_MEASURE(2.E-2),#81);
#569=PRESENTATION_STYLE_ASSIGNMENT((#568));
#570=STYLED_ITEM('',(#569),#567);
#571=DIRECTION('',(0.E0,-1.E0,0.E0));
#572=VECTOR('',#571,1.5E1);
#573=CARTESIAN_POINT('',(-6.5E1,1.5E1,2.2E1));
#574=LINE('',#573,#572);
#575=CURVE_STYLE('',#88,POSITIVE_LENGTH_MEASURE(2.E-2),#81);
#576=PRESENTATION_STYLE_ASSIGNMENT((#575));
#577=STYLED_ITEM('',(#576),#574);
#578=DIRECTION('',(0.E0,-1.E0,0.E0));
#579=VECTOR('',#578,1.5E1);
#580=CARTESIAN_POINT('',(-6.2E1,1.5E1,2.5E1));
#581=LINE('',#580,#579);
#582=CURVE_STYLE('',#88,POSITIVE_LENGTH_MEASURE(2.E-2),#81);
#583=PRESENTATION_STYLE_ASSIGNMENT((#582));
#584=STYLED_ITEM('',(#583),#581);
#585=DIRECTION('',(0.E0,1.E0,0.E0));
#586=VECTOR('',#585,3.7E1);
#587=CARTESIAN_POINT('',(5.5E1,1.E1,2.5E1));
#588=LINE('',#587,#586);
#589=CURVE_STYLE('',#88,POSITIVE_LENGTH_MEASURE(2.E-2),#81);
#590=PRESENTATION_STYLE_ASSIGNMENT((#589));
#591=STYLED_ITEM('',(#590),#588);
#592=DIRECTION('',(1.E0,0.E0,0.E0));
#593=VECTOR('',#592,1.E1);
#594=CARTESIAN_POINT('',(5.5E1,4.7E1,2.5E1));
#595=LINE('',#594,#593);
#596=CURVE_STYLE('',#88,POSITIVE_LENGTH_MEASURE(2.E-2),#81);
#597=PRESENTATION_STYLE_ASSIGNMENT((#596));
#598=STYLED_ITEM('',(#597),#595);
#599=DIRECTION('',(0.E0,1.E0,0.E0));
#600=VECTOR('',#599,5.E0);
#601=CARTESIAN_POINT('',(-1.5E1,1.E1,2.5E1));
#602=LINE('',#601,#600);
#603=CURVE_STYLE('',#88,POSITIVE_LENGTH_MEASURE(2.E-2),#81);
#604=PRESENTATION_STYLE_ASSIGNMENT((#603));
#605=STYLED_ITEM('',(#604),#602);
#606=DIRECTION('',(0.E0,0.E0,-1.E0));
#607=VECTOR('',#606,5.E1);
#608=CARTESIAN_POINT('',(-1.5E1,1.E1,2.5E1));
#609=LINE('',#608,#607);
#610=CURVE_STYLE('',#88,POSITIVE_LENGTH_MEASURE(2.E-2),#81);
#611=PRESENTATION_STYLE_ASSIGNMENT((#610));
#612=STYLED_ITEM('',(#611),#609);
#613=DIRECTION('',(-1.E0,0.E0,0.E0));
#614=VECTOR('',#613,7.E1);
#615=CARTESIAN_POINT('',(5.5E1,1.E1,-2.5E1));
#616=LINE('',#615,#614);
#617=CURVE_STYLE('',#88,POSITIVE_LENGTH_MEASURE(2.E-2),#81);
#618=PRESENTATION_STYLE_ASSIGNMENT((#617));
#619=STYLED_ITEM('',(#618),#616);
#620=DIRECTION('',(0.E0,0.E0,-1.E0));
#621=VECTOR('',#620,5.E1);
#622=CARTESIAN_POINT('',(5.5E1,1.E1,2.5E1));
#623=LINE('',#622,#621);
#624=CURVE_STYLE('',#88,POSITIVE_LENGTH_MEASURE(2.E-2),#81);
#625=PRESENTATION_STYLE_ASSIGNMENT((#624));
#626=STYLED_ITEM('',(#625),#623);
#627=DIRECTION('',(1.E0,0.E0,0.E0));
#628=VECTOR('',#627,7.E1);
#629=CARTESIAN_POINT('',(-1.5E1,1.E1,2.5E1));
#630=LINE('',#629,#628);
#631=CURVE_STYLE('',#88,POSITIVE_LENGTH_MEASURE(2.E-2),#81);
#632=PRESENTATION_STYLE_ASSIGNMENT((#631));
#633=STYLED_ITEM('',(#632),#630);
#634=DIRECTION('',(0.E0,0.E0,1.E0));
#635=VECTOR('',#634,1.9E1);
#636=CARTESIAN_POINT('',(-5.E0,1.E1,-9.5E0));
#637=LINE('',#636,#635);
#638=CURVE_STYLE('',#88,POSITIVE_LENGTH_MEASURE(2.E-2),#81);
#639=PRESENTATION_STYLE_ASSIGNMENT((#638));
#640=STYLED_ITEM('',(#639),#637);
#641=DIRECTION('',(1.E0,0.E0,0.E0));
#642=VECTOR('',#641,4.4E1);
#643=CARTESIAN_POINT('',(-2.E0,1.E1,1.25E1));
#644=LINE('',#643,#642);
#645=CURVE_STYLE('',#88,POSITIVE_LENGTH_MEASURE(2.E-2),#81);
#646=PRESENTATION_STYLE_ASSIGNMENT((#645));
#647=STYLED_ITEM('',(#646),#644);
#648=DIRECTION('',(0.E0,0.E0,-1.E0));
#649=VECTOR('',#648,1.9E1);
#650=CARTESIAN_POINT('',(4.5E1,1.E1,9.5E0));
#651=LINE('',#650,#649);
#652=CURVE_STYLE('',#88,POSITIVE_LENGTH_MEASURE(2.E-2),#81);
#653=PRESENTATION_STYLE_ASSIGNMENT((#652));
#654=STYLED_ITEM('',(#653),#651);
#655=DIRECTION('',(-1.E0,0.E0,0.E0));
#656=VECTOR('',#655,4.4E1);
#657=CARTESIAN_POINT('',(4.2E1,1.E1,-1.25E1));
#658=LINE('',#657,#656);
#659=CURVE_STYLE('',#88,POSITIVE_LENGTH_MEASURE(2.E-2),#81);
#660=PRESENTATION_STYLE_ASSIGNMENT((#659));
#661=STYLED_ITEM('',(#660),#658);
#662=DIRECTION('',(0.E0,1.E0,0.E0));
#663=VECTOR('',#662,1.5E1);
#664=CARTESIAN_POINT('',(-6.2E1,0.E0,-2.5E1));
#665=LINE('',#664,#663);
#666=CURVE_STYLE('',#88,POSITIVE_LENGTH_MEASURE(2.E-2),#81);
#667=PRESENTATION_STYLE_ASSIGNMENT((#666));
#668=STYLED_ITEM('',(#667),#665);
#669=DIRECTION('',(-1.E0,0.E0,0.E0));
#670=VECTOR('',#669,1.E1);
#671=CARTESIAN_POINT('',(6.5E1,4.7E1,-2.5E1));
#672=LINE('',#671,#670);
#673=CURVE_STYLE('',#88,POSITIVE_LENGTH_MEASURE(2.E-2),#81);
#674=PRESENTATION_STYLE_ASSIGNMENT((#673));
#675=STYLED_ITEM('',(#674),#672);
#676=DIRECTION('',(0.E0,1.E0,0.E0));
#677=VECTOR('',#676,5.E0);
#678=CARTESIAN_POINT('',(-1.5E1,1.E1,-2.5E1));
#679=LINE('',#678,#677);
#680=CURVE_STYLE('',#88,POSITIVE_LENGTH_MEASURE(2.E-2),#81);
#681=PRESENTATION_STYLE_ASSIGNMENT((#680));
#682=STYLED_ITEM('',(#681),#679);
#683=CARTESIAN_POINT('',(6.5E1,3.E1,0.E0));
#684=DIRECTION('',(1.E0,0.E0,0.E0));
#685=DIRECTION('',(0.E0,1.E0,0.E0));
#686=AXIS2_PLACEMENT_3D('',#683,#684,#685);
#688=CURVE_STYLE('',#88,POSITIVE_LENGTH_MEASURE(2.E-2),#81);
#689=PRESENTATION_STYLE_ASSIGNMENT((#688));
#690=STYLED_ITEM('',(#689),#687);
#691=CARTESIAN_POINT('',(6.5E1,3.E1,0.E0));
#692=DIRECTION('',(1.E0,0.E0,0.E0));
#693=DIRECTION('',(0.E0,-1.E0,0.E0));
#694=AXIS2_PLACEMENT_3D('',#691,#692,#693);
#696=CURVE_STYLE('',#88,POSITIVE_LENGTH_MEASURE(2.E-2),#81);
#697=PRESENTATION_STYLE_ASSIGNMENT((#696));
#698=STYLED_ITEM('',(#697),#695);
#699=CARTESIAN_POINT('',(6.5E1,4.E1,0.E0));
#700=DIRECTION('',(-1.E0,0.E0,0.E0));
#701=DIRECTION('',(0.E0,1.E0,0.E0));
#702=AXIS2_PLACEMENT_3D('',#699,#700,#701);
#704=CURVE_STYLE('',#88,POSITIVE_LENGTH_MEASURE(2.E-2),#81);
#705=PRESENTATION_STYLE_ASSIGNMENT((#704));
#706=STYLED_ITEM('',(#705),#703);
#707=CARTESIAN_POINT('',(6.5E1,4.E1,0.E0));
#708=DIRECTION('',(-1.E0,0.E0,0.E0));
#709=DIRECTION('',(0.E0,-1.E0,0.E0));
#710=AXIS2_PLACEMENT_3D('',#707,#708,#709);
#712=CURVE_STYLE('',#88,POSITIVE_LENGTH_MEASURE(2.E-2),#81);
#713=PRESENTATION_STYLE_ASSIGNMENT((#712));
#714=STYLED_ITEM('',(#713),#711);
#715=CARTESIAN_POINT('',(6.5E1,3.E1,1.E1));
#716=DIRECTION('',(-1.E0,0.E0,0.E0));
#717=DIRECTION('',(0.E0,0.E0,1.E0));
#718=AXIS2_PLACEMENT_3D('',#715,#716,#717);
#720=CURVE_STYLE('',#88,POSITIVE_LENGTH_MEASURE(2.E-2),#81);
#721=PRESENTATION_STYLE_ASSIGNMENT((#720));
#722=STYLED_ITEM('',(#721),#719);
#723=CARTESIAN_POINT('',(6.5E1,3.E1,1.E1));
#724=DIRECTION('',(-1.E0,0.E0,0.E0));
#725=DIRECTION('',(0.E0,0.E0,-1.E0));
#726=AXIS2_PLACEMENT_3D('',#723,#724,#725);
#728=CURVE_STYLE('',#88,POSITIVE_LENGTH_MEASURE(2.E-2),#81);
#729=PRESENTATION_STYLE_ASSIGNMENT((#728));
#730=STYLED_ITEM('',(#729),#727);
#731=CARTESIAN_POINT('',(6.5E1,2.E1,0.E0));
#732=DIRECTION('',(-1.E0,0.E0,0.E0));
#733=DIRECTION('',(0.E0,-1.E0,0.E0));
#734=AXIS2_PLACEMENT_3D('',#731,#732,#733);
#736=CURVE_STYLE('',#88,POSITIVE_LENGTH_MEASURE(2.E-2),#81);
#737=PRESENTATION_STYLE_ASSIGNMENT((#736));
#738=STYLED_ITEM('',(#737),#735);
#739=CARTESIAN_POINT('',(6.5E1,2.E1,0.E0));
#740=DIRECTION('',(-1.E0,0.E0,0.E0));
#741=DIRECTION('',(0.E0,1.E0,0.E0));
#742=AXIS2_PLACEMENT_3D('',#739,#740,#741);
#744=CURVE_STYLE('',#88,POSITIVE_LENGTH_MEASURE(2.E-2),#81);
#745=PRESENTATION_STYLE_ASSIGNMENT((#744));
#746=STYLED_ITEM('',(#745),#743);
#747=CARTESIAN_POINT('',(6.5E1,3.E1,-1.E1));
#748=DIRECTION('',(-1.E0,0.E0,0.E0));
#749=DIRECTION('',(0.E0,0.E0,-1.E0));
#750=AXIS2_PLACEMENT_3D('',#747,#748,#749);
#752=CURVE_STYLE('',#88,POSITIVE_LENGTH_MEASURE(2.E-2),#81);
#753=PRESENTATION_STYLE_ASSIGNMENT((#752));
#754=STYLED_ITEM('',(#753),#751);
#755=CARTESIAN_POINT('',(6.5E1,3.E1,-1.E1));
#756=DIRECTION('',(-1.E0,0.E0,0.E0));
#757=DIRECTION('',(0.E0,0.E0,1.E0));
#758=AXIS2_PLACEMENT_3D('',#755,#756,#757);
#760=CURVE_STYLE('',#88,POSITIVE_LENGTH_MEASURE(2.E-2),#81);
#761=PRESENTATION_STYLE_ASSIGNMENT((#760));
#762=STYLED_ITEM('',(#761),#759);
#763=DIRECTION('',(0.E0,-7.071067811865E-1,7.071067811865E-1));
#764=VECTOR('',#763,4.242640687119E0);
#765=CARTESIAN_POINT('',(6.5E1,5.E1,2.2E1));
#766=LINE('',#765,#764);
#767=CURVE_STYLE('',#88,POSITIVE_LENGTH_MEASURE(2.E-2),#81);
#768=PRESENTATION_STYLE_ASSIGNMENT((#767));
#769=STYLED_ITEM('',(#768),#766);
#770=DIRECTION('',(0.E0,7.071067811865E-1,7.071067811865E-1));
#771=VECTOR('',#770,4.242640687119E0);
#772=CARTESIAN_POINT('',(6.5E1,4.7E1,-2.5E1));
#773=LINE('',#772,#771);
#774=CURVE_STYLE('',#88,POSITIVE_LENGTH_MEASURE(2.E-2),#81);
#775=PRESENTATION_STYLE_ASSIGNMENT((#774));
#776=STYLED_ITEM('',(#775),#773);
#777=DIRECTION('',(0.E0,-1.E0,0.E0));
#778=VECTOR('',#777,4.7E1);
#779=CARTESIAN_POINT('',(6.5E1,4.7E1,-2.5E1));
#780=LINE('',#779,#778);
#781=CURVE_STYLE('',#88,POSITIVE_LENGTH_MEASURE(2.E-2),#81);
#782=PRESENTATION_STYLE_ASSIGNMENT((#781));
#783=STYLED_ITEM('',(#782),#780);
#784=DIRECTION('',(0.E0,1.E0,0.E0));
#785=VECTOR('',#784,4.7E1);
#786=CARTESIAN_POINT('',(6.5E1,0.E0,2.5E1));
#787=LINE('',#786,#785);
#788=CURVE_STYLE('',#88,POSITIVE_LENGTH_MEASURE(2.E-2),#81);
#789=PRESENTATION_STYLE_ASSIGNMENT((#788));
#790=STYLED_ITEM('',(#789),#787);
#791=DIRECTION('',(1.E0,0.E0,0.E0));
#792=VECTOR('',#791,1.E1);
#793=CARTESIAN_POINT('',(5.5E1,3.5E1,0.E0));
#794=LINE('',#793,#792);
#795=CURVE_STYLE('',#88,POSITIVE_LENGTH_MEASURE(2.E-2),#81);
#796=PRESENTATION_STYLE_ASSIGNMENT((#795));
#797=STYLED_ITEM('',(#796),#794);
#798=DIRECTION('',(1.E0,0.E0,0.E0));
#799=VECTOR('',#798,1.E1);
#800=CARTESIAN_POINT('',(5.5E1,2.5E1,0.E0));
#801=LINE('',#800,#799);
#802=CURVE_STYLE('',#88,POSITIVE_LENGTH_MEASURE(2.E-2),#81);
#803=PRESENTATION_STYLE_ASSIGNMENT((#802));
#804=STYLED_ITEM('',(#803),#801);
#805=CARTESIAN_POINT('',(5.5E1,3.E1,0.E0));
#806=DIRECTION('',(1.E0,0.E0,0.E0));
#807=DIRECTION('',(0.E0,1.E0,0.E0));
#808=AXIS2_PLACEMENT_3D('',#805,#806,#807);
#810=CURVE_STYLE('',#88,POSITIVE_LENGTH_MEASURE(2.E-2),#81);
#811=PRESENTATION_STYLE_ASSIGNMENT((#810));
#812=STYLED_ITEM('',(#811),#809);
#813=CARTESIAN_POINT('',(5.5E1,3.E1,0.E0));
#814=DIRECTION('',(1.E0,0.E0,0.E0));
#815=DIRECTION('',(0.E0,-1.E0,0.E0));
#816=AXIS2_PLACEMENT_3D('',#813,#814,#815);
#818=CURVE_STYLE('',#88,POSITIVE_LENGTH_MEASURE(2.E-2),#81);
#819=PRESENTATION_STYLE_ASSIGNMENT((#818));
#820=STYLED_ITEM('',(#819),#817);
#821=CARTESIAN_POINT('',(5.5E1,4.E1,0.E0));
#822=DIRECTION('',(-1.E0,0.E0,0.E0));
#823=DIRECTION('',(0.E0,1.E0,0.E0));
#824=AXIS2_PLACEMENT_3D('',#821,#822,#823);
#826=CURVE_STYLE('',#88,POSITIVE_LENGTH_MEASURE(2.E-2),#81);
#827=PRESENTATION_STYLE_ASSIGNMENT((#826));
#828=STYLED_ITEM('',(#827),#825);
#829=CARTESIAN_POINT('',(5.5E1,4.E1,0.E0));
#830=DIRECTION('',(-1.E0,0.E0,0.E0));
#831=DIRECTION('',(0.E0,-1.E0,0.E0));
#832=AXIS2_PLACEMENT_3D('',#829,#830,#831);
#834=CURVE_STYLE('',#88,POSITIVE_LENGTH_MEASURE(2.E-2),#81);
#835=PRESENTATION_STYLE_ASSIGNMENT((#834));
#836=STYLED_ITEM('',(#835),#833);
#837=CARTESIAN_POINT('',(5.5E1,3.E1,1.E1));
#838=DIRECTION('',(-1.E0,0.E0,0.E0));
#839=DIRECTION('',(0.E0,0.E0,1.E0));
#840=AXIS2_PLACEMENT_3D('',#837,#838,#839);
#842=CURVE_STYLE('',#88,POSITIVE_LENGTH_MEASURE(2.E-2),#81);
#843=PRESENTATION_STYLE_ASSIGNMENT((#842));
#844=STYLED_ITEM('',(#843),#841);
#845=CARTESIAN_POINT('',(5.5E1,3.E1,1.E1));
#846=DIRECTION('',(-1.E0,0.E0,0.E0));
#847=DIRECTION('',(0.E0,0.E0,-1.E0));
#848=AXIS2_PLACEMENT_3D('',#845,#846,#847);
#850=CURVE_STYLE('',#88,POSITIVE_LENGTH_MEASURE(2.E-2),#81);
#851=PRESENTATION_STYLE_ASSIGNMENT((#850));
#852=STYLED_ITEM('',(#851),#849);
#853=CARTESIAN_POINT('',(5.5E1,2.E1,0.E0));
#854=DIRECTION('',(-1.E0,0.E0,0.E0));
#855=DIRECTION('',(0.E0,-1.E0,0.E0));
#856=AXIS2_PLACEMENT_3D('',#853,#854,#855);
#858=CURVE_STYLE('',#88,POSITIVE_LENGTH_MEASURE(2.E-2),#81);
#859=PRESENTATION_STYLE_ASSIGNMENT((#858));
#860=STYLED_ITEM('',(#859),#857);
#861=CARTESIAN_POINT('',(5.5E1,2.E1,0.E0));
#862=DIRECTION('',(-1.E0,0.E0,0.E0));
#863=DIRECTION('',(0.E0,1.E0,0.E0));
#864=AXIS2_PLACEMENT_3D('',#861,#862,#863);
#866=CURVE_STYLE('',#88,POSITIVE_LENGTH_MEASURE(2.E-2),#81);
#867=PRESENTATION_STYLE_ASSIGNMENT((#866));
#868=STYLED_ITEM('',(#867),#865);
#869=CARTESIAN_POINT('',(5.5E1,3.E1,-1.E1));
#870=DIRECTION('',(-1.E0,0.E0,0.E0));
#871=DIRECTION('',(0.E0,0.E0,-1.E0));
#872=AXIS2_PLACEMENT_3D('',#869,#870,#871);
#874=CURVE_STYLE('',#88,POSITIVE_LENGTH_MEASURE(2.E-2),#81);
#875=PRESENTATION_STYLE_ASSIGNMENT((#874));
#876=STYLED_ITEM('',(#875),#873);
#877=CARTESIAN_POINT('',(5.5E1,3.E1,-1.E1));
#878=DIRECTION('',(-1.E0,0.E0,0.E0));
#879=DIRECTION('',(0.E0,0.E0,1.E0));
#880=AXIS2_PLACEMENT_3D('',#877,#878,#879);
#882=CURVE_STYLE('',#88,POSITIVE_LENGTH_MEASURE(2.E-2),#81);
#883=PRESENTATION_STYLE_ASSIGNMENT((#882));
#884=STYLED_ITEM('',(#883),#881);
#885=DIRECTION('',(0.E0,7.071067811865E-1,-7.071067811865E-1));
#886=VECTOR('',#885,4.242640687119E0);
#887=CARTESIAN_POINT('',(5.5E1,4.7E1,2.5E1));
#888=LINE('',#887,#886);
#889=CURVE_STYLE('',#88,POSITIVE_LENGTH_MEASURE(2.E-2),#81);
#890=PRESENTATION_STYLE_ASSIGNMENT((#889));
#891=STYLED_ITEM('',(#890),#888);
#892=DIRECTION('',(0.E0,1.E0,0.E0));
#893=VECTOR('',#892,3.7E1);
#894=CARTESIAN_POINT('',(5.5E1,1.E1,-2.5E1));
#895=LINE('',#894,#893);
#896=CURVE_STYLE('',#88,POSITIVE_LENGTH_MEASURE(2.E-2),#81);
#897=PRESENTATION_STYLE_ASSIGNMENT((#896));
#898=STYLED_ITEM('',(#897),#895);
#899=DIRECTION('',(0.E0,-7.071067811865E-1,-7.071067811865E-1));
#900=VECTOR('',#899,4.242640687119E0);
#901=CARTESIAN_POINT('',(5.5E1,5.E1,-2.2E1));
#902=LINE('',#901,#900);
#903=CURVE_STYLE('',#88,POSITIVE_LENGTH_MEASURE(2.E-2),#81);
#904=PRESENTATION_STYLE_ASSIGNMENT((#903));
#905=STYLED_ITEM('',(#904),#902);
#906=DIRECTION('',(-1.E0,0.E0,0.E0));
#907=VECTOR('',#906,1.E1);
#908=CARTESIAN_POINT('',(6.5E1,4.275E1,0.E0));
#909=LINE('',#908,#907);
#910=CURVE_STYLE('',#88,POSITIVE_LENGTH_MEASURE(2.E-2),#81);
#911=PRESENTATION_STYLE_ASSIGNMENT((#910));
#912=STYLED_ITEM('',(#911),#909);
#913=DIRECTION('',(-1.E0,0.E0,0.E0));
#914=VECTOR('',#913,1.E1);
#915=CARTESIAN_POINT('',(6.5E1,3.725E1,0.E0));
#916=LINE('',#915,#914);
#917=CURVE_STYLE('',#88,POSITIVE_LENGTH_MEASURE(2.E-2),#81);
#918=PRESENTATION_STYLE_ASSIGNMENT((#917));
#919=STYLED_ITEM('',(#918),#916);
#920=DIRECTION('',(-1.E0,0.E0,0.E0));
#921=VECTOR('',#920,1.E1);
#922=CARTESIAN_POINT('',(6.5E1,3.E1,1.275E1));
#923=LINE('',#922,#921);
#924=CURVE_STYLE('',#88,POSITIVE_LENGTH_MEASURE(2.E-2),#81);
#925=PRESENTATION_STYLE_ASSIGNMENT((#924));
#926=STYLED_ITEM('',(#925),#923);
#927=DIRECTION('',(-1.E0,0.E0,0.E0));
#928=VECTOR('',#927,1.E1);
#929=CARTESIAN_POINT('',(6.5E1,3.E1,7.25E0));
#930=LINE('',#929,#928);
#931=CURVE_STYLE('',#88,POSITIVE_LENGTH_MEASURE(2.E-2),#81);
#932=PRESENTATION_STYLE_ASSIGNMENT((#931));
#933=STYLED_ITEM('',(#932),#930);
#934=DIRECTION('',(-1.E0,0.E0,0.E0));
#935=VECTOR('',#934,1.E1);
#936=CARTESIAN_POINT('',(6.5E1,1.725E1,0.E0));
#937=LINE('',#936,#935);
#938=CURVE_STYLE('',#88,POSITIVE_LENGTH_MEASURE(2.E-2),#81);
#939=PRESENTATION_STYLE_ASSIGNMENT((#938));
#940=STYLED_ITEM('',(#939),#937);
#941=DIRECTION('',(-1.E0,0.E0,0.E0));
#942=VECTOR('',#941,1.E1);
#943=CARTESIAN_POINT('',(6.5E1,2.275E1,0.E0));
#944=LINE('',#943,#942);
#945=CURVE_STYLE('',#88,POSITIVE_LENGTH_MEASURE(2.E-2),#81);
#946=PRESENTATION_STYLE_ASSIGNMENT((#945));
#947=STYLED_ITEM('',(#946),#944);
#948=DIRECTION('',(-1.E0,0.E0,0.E0));
#949=VECTOR('',#948,1.E1);
#950=CARTESIAN_POINT('',(6.5E1,3.E1,-1.275E1));
#951=LINE('',#950,#949);
#952=CURVE_STYLE('',#88,POSITIVE_LENGTH_MEASURE(2.E-2),#81);
#953=PRESENTATION_STYLE_ASSIGNMENT((#952));
#954=STYLED_ITEM('',(#953),#951);
#955=DIRECTION('',(-1.E0,0.E0,0.E0));
#956=VECTOR('',#955,1.E1);
#957=CARTESIAN_POINT('',(6.5E1,3.E1,-7.25E0));
#958=LINE('',#957,#956);
#959=CURVE_STYLE('',#88,POSITIVE_LENGTH_MEASURE(2.E-2),#81);
#960=PRESENTATION_STYLE_ASSIGNMENT((#959));
#961=STYLED_ITEM('',(#960),#958);
#962=DIRECTION('',(1.E0,0.E0,0.E0));
#963=VECTOR('',#962,1.E1);
#964=CARTESIAN_POINT('',(5.5E1,5.E1,2.2E1));
#965=LINE('',#964,#963);
#966=CURVE_STYLE('',#88,POSITIVE_LENGTH_MEASURE(2.E-2),#81);
#967=PRESENTATION_STYLE_ASSIGNMENT((#966));
#968=STYLED_ITEM('',(#967),#965);
#969=DIRECTION('',(0.E0,0.E0,1.E0));
#970=VECTOR('',#969,4.4E1);
#971=CARTESIAN_POINT('',(5.5E1,5.E1,-2.2E1));
#972=LINE('',#971,#970);
#973=CURVE_STYLE('',#88,POSITIVE_LENGTH_MEASURE(2.E-2),#81);
#974=PRESENTATION_STYLE_ASSIGNMENT((#973));
#975=STYLED_ITEM('',(#974),#972);
#976=DIRECTION('',(-1.E0,0.E0,0.E0));
#977=VECTOR('',#976,1.E1);
#978=CARTESIAN_POINT('',(6.5E1,5.E1,-2.2E1));
#979=LINE('',#978,#977);
#980=CURVE_STYLE('',#88,POSITIVE_LENGTH_MEASURE(2.E-2),#81);
#981=PRESENTATION_STYLE_ASSIGNMENT((#980));
#982=STYLED_ITEM('',(#981),#979);
#983=DIRECTION('',(0.E0,0.E0,-1.E0));
#984=VECTOR('',#983,4.4E1);
#985=CARTESIAN_POINT('',(6.5E1,5.E1,2.2E1));
#986=LINE('',#985,#984);
#987=CURVE_STYLE('',#88,POSITIVE_LENGTH_MEASURE(2.E-2),#81);
#988=PRESENTATION_STYLE_ASSIGNMENT((#987));
#989=STYLED_ITEM('',(#988),#986);
#990=DIRECTION('',(0.E0,-1.E0,0.E0));
#991=VECTOR('',#990,1.E1);
#992=CARTESIAN_POINT('',(-5.E0,1.E1,9.5E0));
#993=LINE('',#992,#991);
#994=CURVE_STYLE('',#88,POSITIVE_LENGTH_MEASURE(2.E-2),#81);
#995=PRESENTATION_STYLE_ASSIGNMENT((#994));
#996=STYLED_ITEM('',(#995),#993);
#997=DIRECTION('',(0.E0,-1.E0,0.E0));
#998=VECTOR('',#997,1.E1);
#999=CARTESIAN_POINT('',(-5.E0,1.E1,-9.5E0));
#1000=LINE('',#999,#998);
#1001=CURVE_STYLE('',#88,POSITIVE_LENGTH_MEASURE(2.E-2),#81);
#1002=PRESENTATION_STYLE_ASSIGNMENT((#1001));
#1003=STYLED_ITEM('',(#1002),#1000);
#1004=CARTESIAN_POINT('',(-2.E0,1.E1,9.5E0));
#1005=DIRECTION('',(0.E0,-1.E0,0.E0));
#1006=DIRECTION('',(0.E0,0.E0,1.E0));
#1007=AXIS2_PLACEMENT_3D('',#1004,#1005,#1006);
#1009=CURVE_STYLE('',#88,POSITIVE_LENGTH_MEASURE(2.E-2),#81);
#1010=PRESENTATION_STYLE_ASSIGNMENT((#1009));
#1011=STYLED_ITEM('',(#1010),#1008);
#1012=CARTESIAN_POINT('',(-2.E0,0.E0,9.5E0));
#1013=DIRECTION('',(0.E0,1.E0,0.E0));
#1014=DIRECTION('',(-1.E0,0.E0,0.E0));
#1015=AXIS2_PLACEMENT_3D('',#1012,#1013,#1014);
#1017=CURVE_STYLE('',#88,POSITIVE_LENGTH_MEASURE(2.E-2),#81);
#1018=PRESENTATION_STYLE_ASSIGNMENT((#1017));
#1019=STYLED_ITEM('',(#1018),#1016);
#1020=DIRECTION('',(0.E0,-1.E0,0.E0));
#1021=VECTOR('',#1020,1.E1);
#1022=CARTESIAN_POINT('',(4.2E1,1.E1,1.25E1));
#1023=LINE('',#1022,#1021);
#1024=CURVE_STYLE('',#88,POSITIVE_LENGTH_MEASURE(2.E-2),#81);
#1025=PRESENTATION_STYLE_ASSIGNMENT((#1024));
#1026=STYLED_ITEM('',(#1025),#1023);
#1027=DIRECTION('',(0.E0,-1.E0,0.E0));
#1028=VECTOR('',#1027,1.E1);
#1029=CARTESIAN_POINT('',(-2.E0,1.E1,1.25E1));
#1030=LINE('',#1029,#1028);
#1031=CURVE_STYLE('',#88,POSITIVE_LENGTH_MEASURE(2.E-2),#81);
#1032=PRESENTATION_STYLE_ASSIGNMENT((#1031));
#1033=STYLED_ITEM('',(#1032),#1030);
#1034=CARTESIAN_POINT('',(4.2E1,1.E1,9.5E0));
#1035=DIRECTION('',(0.E0,-1.E0,0.E0));
#1036=DIRECTION('',(1.E0,0.E0,0.E0));
#1037=AXIS2_PLACEMENT_3D('',#1034,#1035,#1036);
#1039=CURVE_STYLE('',#88,POSITIVE_LENGTH_MEASURE(2.E-2),#81);
#1040=PRESENTATION_STYLE_ASSIGNMENT((#1039));
#1041=STYLED_ITEM('',(#1040),#1038);
#1042=CARTESIAN_POINT('',(4.2E1,0.E0,9.5E0));
#1043=DIRECTION('',(0.E0,1.E0,0.E0));
#1044=DIRECTION('',(0.E0,0.E0,1.E0));
#1045=AXIS2_PLACEMENT_3D('',#1042,#1043,#1044);
#1047=CURVE_STYLE('',#88,POSITIVE_LENGTH_MEASURE(2.E-2),#81);
#1048=PRESENTATION_STYLE_ASSIGNMENT((#1047));
#1049=STYLED_ITEM('',(#1048),#1046);
#1050=DIRECTION('',(0.E0,-1.E0,0.E0));
#1051=VECTOR('',#1050,1.E1);
#1052=CARTESIAN_POINT('',(4.5E1,1.E1,9.5E0));
#1053=LINE('',#1052,#1051);
#1054=CURVE_STYLE('',#88,POSITIVE_LENGTH_MEASURE(2.E-2),#81);
#1055=PRESENTATION_STYLE_ASSIGNMENT((#1054));
#1056=STYLED_ITEM('',(#1055),#1053);
#1057=DIRECTION('',(0.E0,-1.E0,0.E0));
#1058=VECTOR('',#1057,1.E1);
#1059=CARTESIAN_POINT('',(4.5E1,1.E1,-9.5E0));
#1060=LINE('',#1059,#1058);
#1061=CURVE_STYLE('',#88,POSITIVE_LENGTH_MEASURE(2.E-2),#81);
#1062=PRESENTATION_STYLE_ASSIGNMENT((#1061));
#1063=STYLED_ITEM('',(#1062),#1060);
#1064=CARTESIAN_POINT('',(4.2E1,1.E1,-9.5E0));
#1065=DIRECTION('',(0.E0,-1.E0,0.E0));
#1066=DIRECTION('',(0.E0,0.E0,-1.E0));
#1067=AXIS2_PLACEMENT_3D('',#1064,#1065,#1066);
#1069=CURVE_STYLE('',#88,POSITIVE_LENGTH_MEASURE(2.E-2),#81);
#1070=PRESENTATION_STYLE_ASSIGNMENT((#1069));
#1071=STYLED_ITEM('',(#1070),#1068);
#1072=CARTESIAN_POINT('',(4.2E1,0.E0,-9.5E0));
#1073=DIRECTION('',(0.E0,1.E0,0.E0));
#1074=DIRECTION('',(1.E0,0.E0,0.E0));
#1075=AXIS2_PLACEMENT_3D('',#1072,#1073,#1074);
#1077=CURVE_STYLE('',#88,POSITIVE_LENGTH_MEASURE(2.E-2),#81);
#1078=PRESENTATION_STYLE_ASSIGNMENT((#1077));
#1079=STYLED_ITEM('',(#1078),#1076);
#1080=DIRECTION('',(0.E0,-1.E0,0.E0));
#1081=VECTOR('',#1080,1.E1);
#1082=CARTESIAN_POINT('',(-2.E0,1.E1,-1.25E1));
#1083=LINE('',#1082,#1081);
#1084=CURVE_STYLE('',#88,POSITIVE_LENGTH_MEASURE(2.E-2),#81);
#1085=PRESENTATION_STYLE_ASSIGNMENT((#1084));
#1086=STYLED_ITEM('',(#1085),#1083);
#1087=DIRECTION('',(0.E0,-1.E0,0.E0));
#1088=VECTOR('',#1087,1.E1);
#1089=CARTESIAN_POINT('',(4.2E1,1.E1,-1.25E1));
#1090=LINE('',#1089,#1088);
#1091=CURVE_STYLE('',#88,POSITIVE_LENGTH_MEASURE(2.E-2),#81);
#1092=PRESENTATION_STYLE_ASSIGNMENT((#1091));
#1093=STYLED_ITEM('',(#1092),#1090);
#1094=CARTESIAN_POINT('',(-2.E0,1.E1,-9.5E0));
#1095=DIRECTION('',(0.E0,-1.E0,0.E0));
#1096=DIRECTION('',(-1.E0,0.E0,0.E0));
#1097=AXIS2_PLACEMENT_3D('',#1094,#1095,#1096);
#1099=CURVE_STYLE('',#88,POSITIVE_LENGTH_MEASURE(2.E-2),#81);
#1100=PRESENTATION_STYLE_ASSIGNMENT((#1099));
#1101=STYLED_ITEM('',(#1100),#1098);
#1102=CARTESIAN_POINT('',(-2.E0,0.E0,-9.5E0));
#1103=DIRECTION('',(0.E0,1.E0,0.E0));
#1104=DIRECTION('',(0.E0,0.E0,-1.E0));
#1105=AXIS2_PLACEMENT_3D('',#1102,#1103,#1104);
#1107=CURVE_STYLE('',#88,POSITIVE_LENGTH_MEASURE(2.E-2),#81);
#1108=PRESENTATION_STYLE_ASSIGNMENT((#1107));
#1109=STYLED_ITEM('',(#1108),#1106);
#1110=CARTESIAN_POINT('',(6.5E1,0.E0,2.5E1));
#1111=CARTESIAN_POINT('',(6.5E1,0.E0,-2.5E1));
#1112=VERTEX_POINT('',#1110);
#1113=VERTEX_POINT('',#1111);
#1114=CARTESIAN_POINT('',(5.5E1,1.E1,2.5E1));
#1115=CARTESIAN_POINT('',(5.5E1,1.E1,-2.5E1));
#1116=VERTEX_POINT('',#1114);
#1117=VERTEX_POINT('',#1115);
#1118=CARTESIAN_POINT('',(6.5E1,4.275E1,0.E0));
#1119=CARTESIAN_POINT('',(6.5E1,3.725E1,0.E0));
#1120=VERTEX_POINT('',#1118);
#1121=VERTEX_POINT('',#1119);
#1122=CARTESIAN_POINT('',(5.5E1,4.275E1,0.E0));
#1123=VERTEX_POINT('',#1122);
#1124=CARTESIAN_POINT('',(5.5E1,3.725E1,0.E0));
#1125=VERTEX_POINT('',#1124);
#1126=CARTESIAN_POINT('',(6.5E1,3.5E1,0.E0));
#1127=CARTESIAN_POINT('',(6.5E1,2.5E1,0.E0));
#1128=VERTEX_POINT('',#1126);
#1129=VERTEX_POINT('',#1127);
#1130=CARTESIAN_POINT('',(5.5E1,3.5E1,0.E0));
#1131=VERTEX_POINT('',#1130);
#1132=CARTESIAN_POINT('',(5.5E1,2.5E1,0.E0));
#1133=VERTEX_POINT('',#1132);
#1134=CARTESIAN_POINT('',(6.5E1,3.E1,1.275E1));
#1135=CARTESIAN_POINT('',(6.5E1,3.E1,7.25E0));
#1136=VERTEX_POINT('',#1134);
#1137=VERTEX_POINT('',#1135);
#1138=CARTESIAN_POINT('',(5.5E1,3.E1,1.275E1));
#1139=VERTEX_POINT('',#1138);
#1140=CARTESIAN_POINT('',(5.5E1,3.E1,7.25E0));
#1141=VERTEX_POINT('',#1140);
#1142=CARTESIAN_POINT('',(6.5E1,1.725E1,0.E0));
#1143=CARTESIAN_POINT('',(6.5E1,2.275E1,0.E0));
#1144=VERTEX_POINT('',#1142);
#1145=VERTEX_POINT('',#1143);
#1146=CARTESIAN_POINT('',(5.5E1,1.725E1,0.E0));
#1147=VERTEX_POINT('',#1146);
#1148=CARTESIAN_POINT('',(5.5E1,2.275E1,0.E0));
#1149=VERTEX_POINT('',#1148);
#1150=CARTESIAN_POINT('',(6.5E1,3.E1,-1.275E1));
#1151=CARTESIAN_POINT('',(6.5E1,3.E1,-7.25E0));
#1152=VERTEX_POINT('',#1150);
#1153=VERTEX_POINT('',#1151);
#1154=CARTESIAN_POINT('',(5.5E1,3.E1,-1.275E1));
#1155=VERTEX_POINT('',#1154);
#1156=CARTESIAN_POINT('',(5.5E1,3.E1,-7.25E0));
#1157=VERTEX_POINT('',#1156);
#1158=CARTESIAN_POINT('',(-1.5E1,1.5E1,2.5E1));
#1159=CARTESIAN_POINT('',(-1.5E1,1.5E1,-2.5E1));
#1160=VERTEX_POINT('',#1158);
#1161=VERTEX_POINT('',#1159);
#1162=CARTESIAN_POINT('',(-1.5E1,1.E1,2.5E1));
#1163=CARTESIAN_POINT('',(-1.5E1,1.E1,-2.5E1));
#1164=VERTEX_POINT('',#1162);
#1165=VERTEX_POINT('',#1163);
#1166=CARTESIAN_POINT('',(-2.64E1,1.5E1,1.5E1));
#1167=CARTESIAN_POINT('',(-2.16E1,1.5E1,1.5E1));
#1168=VERTEX_POINT('',#1166);
#1169=VERTEX_POINT('',#1167);
#1170=CARTESIAN_POINT('',(-2.64E1,4.E0,1.5E1));
#1171=VERTEX_POINT('',#1170);
#1172=CARTESIAN_POINT('',(-2.16E1,4.E0,1.5E1));
#1173=VERTEX_POINT('',#1172);
#1174=CARTESIAN_POINT('',(-2.64E1,1.5E1,-1.5E1));
#1175=CARTESIAN_POINT('',(-2.16E1,1.5E1,-1.5E1));
#1176=VERTEX_POINT('',#1174);
#1177=VERTEX_POINT('',#1175);
#1178=CARTESIAN_POINT('',(-2.64E1,4.E0,-1.5E1));
#1179=VERTEX_POINT('',#1178);
#1180=CARTESIAN_POINT('',(-2.16E1,4.E0,-1.5E1));
#1181=VERTEX_POINT('',#1180);
#1182=CARTESIAN_POINT('',(-6.24E1,1.5E1,1.5E1));
#1183=CARTESIAN_POINT('',(-5.76E1,1.5E1,1.5E1));
#1184=VERTEX_POINT('',#1182);
#1185=VERTEX_POINT('',#1183);
#1186=CARTESIAN_POINT('',(-6.24E1,4.E0,1.5E1));
#1187=VERTEX_POINT('',#1186);
#1188=CARTESIAN_POINT('',(-5.76E1,4.E0,1.5E1));
#1189=VERTEX_POINT('',#1188);
#1190=CARTESIAN_POINT('',(-6.24E1,1.5E1,-1.5E1));
#1191=CARTESIAN_POINT('',(-5.76E1,1.5E1,-1.5E1));
#1192=VERTEX_POINT('',#1190);
#1193=VERTEX_POINT('',#1191);
#1194=CARTESIAN_POINT('',(-6.24E1,4.E0,-1.5E1));
#1195=VERTEX_POINT('',#1194);
#1196=CARTESIAN_POINT('',(-5.76E1,4.E0,-1.5E1));
#1197=VERTEX_POINT('',#1196);
#1198=CARTESIAN_POINT('',(-6.2E1,1.5E1,-2.5E1));
#1199=CARTESIAN_POINT('',(-6.5E1,1.5E1,-2.2E1));
#1200=VERTEX_POINT('',#1198);
#1201=VERTEX_POINT('',#1199);
#1202=CARTESIAN_POINT('',(-6.5E1,0.E0,-2.2E1));
#1203=VERTEX_POINT('',#1202);
#1204=CARTESIAN_POINT('',(-6.2E1,0.E0,-2.5E1));
#1205=VERTEX_POINT('',#1204);
#1206=CARTESIAN_POINT('',(-6.2E1,0.E0,2.5E1));
#1207=CARTESIAN_POINT('',(-6.5E1,0.E0,2.2E1));
#1208=VERTEX_POINT('',#1206);
#1209=VERTEX_POINT('',#1207);
#1210=CARTESIAN_POINT('',(-6.5E1,1.5E1,2.2E1));
#1211=VERTEX_POINT('',#1210);
#1212=CARTESIAN_POINT('',(-6.2E1,1.5E1,2.5E1));
#1213=VERTEX_POINT('',#1212);
#1214=CARTESIAN_POINT('',(6.5E1,5.E1,2.2E1));
#1215=CARTESIAN_POINT('',(6.5E1,4.7E1,2.5E1));
#1216=VERTEX_POINT('',#1214);
#1217=VERTEX_POINT('',#1215);
#1218=CARTESIAN_POINT('',(5.5E1,4.7E1,2.5E1));
#1219=VERTEX_POINT('',#1218);
#1220=CARTESIAN_POINT('',(5.5E1,5.E1,2.2E1));
#1221=VERTEX_POINT('',#1220);
#1222=CARTESIAN_POINT('',(5.5E1,5.E1,-2.2E1));
#1223=CARTESIAN_POINT('',(5.5E1,4.7E1,-2.5E1));
#1224=VERTEX_POINT('',#1222);
#1225=VERTEX_POINT('',#1223);
#1226=CARTESIAN_POINT('',(6.5E1,4.7E1,-2.5E1));
#1227=VERTEX_POINT('',#1226);
#1228=CARTESIAN_POINT('',(6.5E1,5.E1,-2.2E1));
#1229=VERTEX_POINT('',#1228);
#1230=CARTESIAN_POINT('',(4.5E1,1.E1,9.5E0));
#1231=CARTESIAN_POINT('',(4.5E1,0.E0,9.5E0));
#1232=VERTEX_POINT('',#1230);
#1233=VERTEX_POINT('',#1231);
#1234=CARTESIAN_POINT('',(4.2E1,1.E1,1.25E1));
#1235=CARTESIAN_POINT('',(4.2E1,0.E0,1.25E1));
#1236=VERTEX_POINT('',#1234);
#1237=VERTEX_POINT('',#1235);
#1238=CARTESIAN_POINT('',(-2.E0,1.E1,1.25E1));
#1239=CARTESIAN_POINT('',(-2.E0,0.E0,1.25E1));
#1240=VERTEX_POINT('',#1238);
#1241=VERTEX_POINT('',#1239);
#1242=CARTESIAN_POINT('',(-5.E0,1.E1,9.5E0));
#1243=CARTESIAN_POINT('',(-5.E0,0.E0,9.5E0));
#1244=VERTEX_POINT('',#1242);
#1245=VERTEX_POINT('',#1243);
#1246=CARTESIAN_POINT('',(-5.E0,1.E1,-9.5E0));
#1247=CARTESIAN_POINT('',(-5.E0,0.E0,-9.5E0));
#1248=VERTEX_POINT('',#1246);
#1249=VERTEX_POINT('',#1247);
#1250=CARTESIAN_POINT('',(-2.E0,1.E1,-1.25E1));
#1251=CARTESIAN_POINT('',(-2.E0,0.E0,-1.25E1));
#1252=VERTEX_POINT('',#1250);
#1253=VERTEX_POINT('',#1251);
#1254=CARTESIAN_POINT('',(4.2E1,1.E1,-1.25E1));
#1255=CARTESIAN_POINT('',(4.2E1,0.E0,-1.25E1));
#1256=VERTEX_POINT('',#1254);
#1257=VERTEX_POINT('',#1255);
#1258=CARTESIAN_POINT('',(4.5E1,1.E1,-9.5E0));
#1259=CARTESIAN_POINT('',(4.5E1,0.E0,-9.5E0));
#1260=VERTEX_POINT('',#1258);
#1261=VERTEX_POINT('',#1259);
#1262=CARTESIAN_POINT('',(-2.8125E1,4.E0,1.5E1));
#1263=CARTESIAN_POINT('',(-1.9875E1,4.E0,1.5E1));
#1264=VERTEX_POINT('',#1262);
#1265=VERTEX_POINT('',#1263);
#1266=CARTESIAN_POINT('',(-2.8125E1,0.E0,1.5E1));
#1267=CARTESIAN_POINT('',(-1.9875E1,0.E0,1.5E1));
#1268=VERTEX_POINT('',#1266);
#1269=VERTEX_POINT('',#1267);
#1270=CARTESIAN_POINT('',(-2.8125E1,4.E0,-1.5E1));
#1271=CARTESIAN_POINT('',(-1.9875E1,4.E0,-1.5E1));
#1272=VERTEX_POINT('',#1270);
#1273=VERTEX_POINT('',#1271);
#1274=CARTESIAN_POINT('',(-2.8125E1,0.E0,-1.5E1));
#1275=CARTESIAN_POINT('',(-1.9875E1,0.E0,-1.5E1));
#1276=VERTEX_POINT('',#1274);
#1277=VERTEX_POINT('',#1275);
#1278=CARTESIAN_POINT('',(-6.4125E1,4.E0,1.5E1));
#1279=CARTESIAN_POINT('',(-5.5875E1,4.E0,1.5E1));
#1280=VERTEX_POINT('',#1278);
#1281=VERTEX_POINT('',#1279);
#1282=CARTESIAN_POINT('',(-6.4125E1,0.E0,1.5E1));
#1283=CARTESIAN_POINT('',(-5.5875E1,0.E0,1.5E1));
#1284=VERTEX_POINT('',#1282);
#1285=VERTEX_POINT('',#1283);
#1286=CARTESIAN_POINT('',(-6.4125E1,4.E0,-1.5E1));
#1287=CARTESIAN_POINT('',(-5.5875E1,4.E0,-1.5E1));
#1288=VERTEX_POINT('',#1286);
#1289=VERTEX_POINT('',#1287);
#1290=CARTESIAN_POINT('',(-6.4125E1,0.E0,-1.5E1));
#1291=CARTESIAN_POINT('',(-5.5875E1,0.E0,-1.5E1));
#1292=VERTEX_POINT('',#1290);
#1293=VERTEX_POINT('',#1291);
#1294=CARTESIAN_POINT('',(0.E0,0.E0,0.E0));
#1295=DIRECTION('',(0.E0,1.E0,0.E0));
#1296=DIRECTION('',(1.E0,0.E0,0.E0));
#1297=AXIS2_PLACEMENT_3D('',#1294,#1295,#1296);
#1298=PLANE('',#1297);
#1300=ORIENTED_EDGE('',*,*,#1299,.F.);
#1302=ORIENTED_EDGE('',*,*,#1301,.T.);
#1304=ORIENTED_EDGE('',*,*,#1303,.F.);
#1306=ORIENTED_EDGE('',*,*,#1305,.T.);
#1308=ORIENTED_EDGE('',*,*,#1307,.T.);
#1310=ORIENTED_EDGE('',*,*,#1309,.T.);
#1311=EDGE_LOOP('',(#1300,#1302,#1304,#1306,#1308,#1310));
#1312=FACE_OUTER_BOUND('',#1311,.F.);
#1314=ORIENTED_EDGE('',*,*,#1313,.T.);
#1316=ORIENTED_EDGE('',*,*,#1315,.T.);
#1317=EDGE_LOOP('',(#1314,#1316));
#1318=FACE_BOUND('',#1317,.F.);
#1320=ORIENTED_EDGE('',*,*,#1319,.T.);
#1322=ORIENTED_EDGE('',*,*,#1321,.T.);
#1323=EDGE_LOOP('',(#1320,#1322));
#1324=FACE_BOUND('',#1323,.F.);
#1326=ORIENTED_EDGE('',*,*,#1325,.T.);
#1328=ORIENTED_EDGE('',*,*,#1327,.T.);
#1329=EDGE_LOOP('',(#1326,#1328));
#1330=FACE_BOUND('',#1329,.F.);
#1332=ORIENTED_EDGE('',*,*,#1331,.F.);
#1334=ORIENTED_EDGE('',*,*,#1333,.F.);
#1336=ORIENTED_EDGE('',*,*,#1335,.F.);
#1338=ORIENTED_EDGE('',*,*,#1337,.F.);
#1340=ORIENTED_EDGE('',*,*,#1339,.F.);
#1342=ORIENTED_EDGE('',*,*,#1341,.F.);
#1344=ORIENTED_EDGE('',*,*,#1343,.F.);
#1346=ORIENTED_EDGE('',*,*,#1345,.F.);
#1347=EDGE_LOOP('',(#1332,#1334,#1336,#1338,#1340,#1342,#1344,#1346));
#1348=FACE_BOUND('',#1347,.F.);
#1350=ORIENTED_EDGE('',*,*,#1349,.T.);
#1352=ORIENTED_EDGE('',*,*,#1351,.T.);
#1353=EDGE_LOOP('',(#1350,#1352));
#1354=FACE_BOUND('',#1353,.F.);
#1355=ADVANCED_FACE('',(#1312,#1318,#1324,#1330,#1348,#1354),#1298,.F.);
#1356=CARTESIAN_POINT('',(-2.4E1,5.775E1,1.5E1));
#1357=DIRECTION('',(0.E0,-1.E0,0.E0));
#1358=DIRECTION('',(-1.E0,0.E0,0.E0));
#1359=AXIS2_PLACEMENT_3D('',#1356,#1357,#1358);
#1360=CYLINDRICAL_SURFACE('',#1359,4.125E0);
#1361=ORIENTED_EDGE('',*,*,#1349,.F.);
#1363=ORIENTED_EDGE('',*,*,#1362,.F.);
#1365=ORIENTED_EDGE('',*,*,#1364,.T.);
#1367=ORIENTED_EDGE('',*,*,#1366,.T.);
#1368=EDGE_LOOP('',(#1361,#1363,#1365,#1367));
#1369=FACE_OUTER_BOUND('',#1368,.F.);
#1370=ADVANCED_FACE('',(#1369),#1360,.F.);
#1371=CARTESIAN_POINT('',(-2.4E1,5.775E1,1.5E1));
#1372=DIRECTION('',(0.E0,-1.E0,0.E0));
#1373=DIRECTION('',(-1.E0,0.E0,0.E0));
#1374=AXIS2_PLACEMENT_3D('',#1371,#1372,#1373);
#1375=CYLINDRICAL_SURFACE('',#1374,4.125E0);
#1376=ORIENTED_EDGE('',*,*,#1351,.F.);
#1377=ORIENTED_EDGE('',*,*,#1366,.F.);
#1379=ORIENTED_EDGE('',*,*,#1378,.F.);
#1380=ORIENTED_EDGE('',*,*,#1362,.T.);
#1381=EDGE_LOOP('',(#1376,#1377,#1379,#1380));
#1382=FACE_OUTER_BOUND('',#1381,.F.);
#1383=ADVANCED_FACE('',(#1382),#1375,.F.);
#1384=CARTESIAN_POINT('',(-2.4E1,4.E0,1.5E1));
#1385=DIRECTION('',(0.E0,-1.E0,0.E0));
#1386=DIRECTION('',(-1.E0,0.E0,0.E0));
#1387=AXIS2_PLACEMENT_3D('',#1384,#1385,#1386);
#1388=PLANE('',#1387);
#1389=ORIENTED_EDGE('',*,*,#1364,.F.);
#1390=ORIENTED_EDGE('',*,*,#1378,.T.);
#1391=EDGE_LOOP('',(#1389,#1390));
#1392=FACE_OUTER_BOUND('',#1391,.F.);
#1394=ORIENTED_EDGE('',*,*,#1393,.F.);
#1396=ORIENTED_EDGE('',*,*,#1395,.T.);
#1397=EDGE_LOOP('',(#1394,#1396));
#1398=FACE_BOUND('',#1397,.F.);
#1399=ADVANCED_FACE('',(#1392,#1398),#1388,.T.);
#1400=CARTESIAN_POINT('',(-2.4E1,5.775E1,1.5E1));
#1401=DIRECTION('',(0.E0,-1.E0,0.E0));
#1402=DIRECTION('',(-1.E0,0.E0,0.E0));
#1403=AXIS2_PLACEMENT_3D('',#1400,#1401,#1402);
#1404=CYLINDRICAL_SURFACE('',#1403,2.4E0);
#1406=ORIENTED_EDGE('',*,*,#1405,.T.);
#1408=ORIENTED_EDGE('',*,*,#1407,.T.);
#1409=ORIENTED_EDGE('',*,*,#1393,.T.);
#1411=ORIENTED_EDGE('',*,*,#1410,.F.);
#1412=EDGE_LOOP('',(#1406,#1408,#1409,#1411));
#1413=FACE_OUTER_BOUND('',#1412,.F.);
#1414=ADVANCED_FACE('',(#1413),#1404,.F.);
#1415=CARTESIAN_POINT('',(0.E0,1.5E1,0.E0));
#1416=DIRECTION('',(0.E0,1.E0,0.E0));
#1417=DIRECTION('',(1.E0,0.E0,0.E0));
#1418=AXIS2_PLACEMENT_3D('',#1415,#1416,#1417);
#1419=PLANE('',#1418);
#1421=ORIENTED_EDGE('',*,*,#1420,.F.);
#1423=ORIENTED_EDGE('',*,*,#1422,.F.);
#1425=ORIENTED_EDGE('',*,*,#1424,.F.);
#1427=ORIENTED_EDGE('',*,*,#1426,.F.);
#1429=ORIENTED_EDGE('',*,*,#1428,.F.);
#1431=ORIENTED_EDGE('',*,*,#1430,.F.);
#1432=EDGE_LOOP('',(#1421,#1423,#1425,#1427,#1429,#1431));
#1433=FACE_OUTER_BOUND('',#1432,.F.);
#1435=ORIENTED_EDGE('',*,*,#1434,.F.);
#1437=ORIENTED_EDGE('',*,*,#1436,.F.);
#1438=EDGE_LOOP('',(#1435,#1437));
#1439=FACE_BOUND('',#1438,.F.);
#1441=ORIENTED_EDGE('',*,*,#1440,.F.);
#1443=ORIENTED_EDGE('',*,*,#1442,.F.);
#1444=EDGE_LOOP('',(#1441,#1443));
#1445=FACE_BOUND('',#1444,.F.);
#1447=ORIENTED_EDGE('',*,*,#1446,.F.);
#1449=ORIENTED_EDGE('',*,*,#1448,.F.);
#1450=EDGE_LOOP('',(#1447,#1449));
#1451=FACE_BOUND('',#1450,.F.);
#1453=ORIENTED_EDGE('',*,*,#1452,.F.);
#1454=ORIENTED_EDGE('',*,*,#1405,.F.);
#1455=EDGE_LOOP('',(#1453,#1454));
#1456=FACE_BOUND('',#1455,.F.);
#1457=ADVANCED_FACE('',(#1433,#1439,#1445,#1451,#1456),#1419,.T.);
#1458=CARTESIAN_POINT('',(-2.4E1,5.775E1,1.5E1));
#1459=DIRECTION('',(0.E0,-1.E0,0.E0));
#1460=DIRECTION('',(-1.E0,0.E0,0.E0));
#1461=AXIS2_PLACEMENT_3D('',#1458,#1459,#1460);
#1462=CYLINDRICAL_SURFACE('',#1461,2.4E0);
#1463=ORIENTED_EDGE('',*,*,#1452,.T.);
#1464=ORIENTED_EDGE('',*,*,#1410,.T.);
#1465=ORIENTED_EDGE('',*,*,#1395,.F.);
#1466=ORIENTED_EDGE('',*,*,#1407,.F.);
#1467=EDGE_LOOP('',(#1463,#1464,#1465,#1466));
#1468=FACE_OUTER_BOUND('',#1467,.F.);
#1469=ADVANCED_FACE('',(#1468),#1462,.F.);
#1470=CARTESIAN_POINT('',(-2.4E1,5.775E1,-1.5E1));
#1471=DIRECTION('',(0.E0,-1.E0,0.E0));
#1472=DIRECTION('',(-1.E0,0.E0,0.E0));
#1473=AXIS2_PLACEMENT_3D('',#1470,#1471,#1472);
#1474=CYLINDRICAL_SURFACE('',#1473,2.4E0);
#1475=ORIENTED_EDGE('',*,*,#1434,.T.);
#1477=ORIENTED_EDGE('',*,*,#1476,.T.);
#1479=ORIENTED_EDGE('',*,*,#1478,.F.);
#1481=ORIENTED_EDGE('',*,*,#1480,.F.);
#1482=EDGE_LOOP('',(#1475,#1477,#1479,#1481));
#1483=FACE_OUTER_BOUND('',#1482,.F.);
#1484=ADVANCED_FACE('',(#1483),#1474,.F.);
#1485=CARTESIAN_POINT('',(-2.4E1,5.775E1,-1.5E1));
#1486=DIRECTION('',(0.E0,-1.E0,0.E0));
#1487=DIRECTION('',(-1.E0,0.E0,0.E0));
#1488=AXIS2_PLACEMENT_3D('',#1485,#1486,#1487);
#1489=CYLINDRICAL_SURFACE('',#1488,2.4E0);
#1490=ORIENTED_EDGE('',*,*,#1436,.T.);
#1491=ORIENTED_EDGE('',*,*,#1480,.T.);
#1493=ORIENTED_EDGE('',*,*,#1492,.T.);
#1494=ORIENTED_EDGE('',*,*,#1476,.F.);
#1495=EDGE_LOOP('',(#1490,#1491,#1493,#1494));
#1496=FACE_OUTER_BOUND('',#1495,.F.);
#1497=ADVANCED_FACE('',(#1496),#1489,.F.);
#1498=CARTESIAN_POINT('',(-2.4E1,4.E0,-1.5E1));
#1499=DIRECTION('',(0.E0,-1.E0,0.E0));
#1500=DIRECTION('',(-1.E0,0.E0,0.E0));
#1501=AXIS2_PLACEMENT_3D('',#1498,#1499,#1500);
#1502=PLANE('',#1501);
#1504=ORIENTED_EDGE('',*,*,#1503,.F.);
#1506=ORIENTED_EDGE('',*,*,#1505,.T.);
#1507=EDGE_LOOP('',(#1504,#1506));
#1508=FACE_OUTER_BOUND('',#1507,.F.);
#1509=ORIENTED_EDGE('',*,*,#1492,.F.);
#1510=ORIENTED_EDGE('',*,*,#1478,.T.);
#1511=EDGE_LOOP('',(#1509,#1510));
#1512=FACE_BOUND('',#1511,.F.);
#1513=ADVANCED_FACE('',(#1508,#1512),#1502,.T.);
#1514=CARTESIAN_POINT('',(-2.4E1,5.775E1,-1.5E1));
#1515=DIRECTION('',(0.E0,-1.E0,0.E0));
#1516=DIRECTION('',(-1.E0,0.E0,0.E0));
#1517=AXIS2_PLACEMENT_3D('',#1514,#1515,#1516);
#1518=CYLINDRICAL_SURFACE('',#1517,4.125E0);
#1519=ORIENTED_EDGE('',*,*,#1313,.F.);
#1521=ORIENTED_EDGE('',*,*,#1520,.F.);
#1522=ORIENTED_EDGE('',*,*,#1503,.T.);
#1524=ORIENTED_EDGE('',*,*,#1523,.T.);
#1525=EDGE_LOOP('',(#1519,#1521,#1522,#1524));
#1526=FACE_OUTER_BOUND('',#1525,.F.);
#1527=ADVANCED_FACE('',(#1526),#1518,.F.);
#1528=CARTESIAN_POINT('',(-2.4E1,5.775E1,-1.5E1));
#1529=DIRECTION('',(0.E0,-1.E0,0.E0));
#1530=DIRECTION('',(-1.E0,0.E0,0.E0));
#1531=AXIS2_PLACEMENT_3D('',#1528,#1529,#1530);
#1532=CYLINDRICAL_SURFACE('',#1531,4.125E0);
#1533=ORIENTED_EDGE('',*,*,#1315,.F.);
#1534=ORIENTED_EDGE('',*,*,#1523,.F.);
#1535=ORIENTED_EDGE('',*,*,#1505,.F.);
#1536=ORIENTED_EDGE('',*,*,#1520,.T.);
#1537=EDGE_LOOP('',(#1533,#1534,#1535,#1536));
#1538=FACE_OUTER_BOUND('',#1537,.F.);
#1539=ADVANCED_FACE('',(#1538),#1532,.F.);
#1540=CARTESIAN_POINT('',(-6.E1,5.775E1,1.5E1));
#1541=DIRECTION('',(0.E0,-1.E0,0.E0));
#1542=DIRECTION('',(-1.E0,0.E0,0.E0));
#1543=AXIS2_PLACEMENT_3D('',#1540,#1541,#1542);
#1544=CYLINDRICAL_SURFACE('',#1543,2.4E0);
#1545=ORIENTED_EDGE('',*,*,#1440,.T.);
#1547=ORIENTED_EDGE('',*,*,#1546,.T.);
#1549=ORIENTED_EDGE('',*,*,#1548,.F.);
#1551=ORIENTED_EDGE('',*,*,#1550,.F.);
#1552=EDGE_LOOP('',(#1545,#1547,#1549,#1551));
#1553=FACE_OUTER_BOUND('',#1552,.F.);
#1554=ADVANCED_FACE('',(#1553),#1544,.F.);
#1555=CARTESIAN_POINT('',(-6.E1,5.775E1,1.5E1));
#1556=DIRECTION('',(0.E0,-1.E0,0.E0));
#1557=DIRECTION('',(-1.E0,0.E0,0.E0));
#1558=AXIS2_PLACEMENT_3D('',#1555,#1556,#1557);
#1559=CYLINDRICAL_SURFACE('',#1558,2.4E0);
#1560=ORIENTED_EDGE('',*,*,#1442,.T.);
#1561=ORIENTED_EDGE('',*,*,#1550,.T.);
#1563=ORIENTED_EDGE('',*,*,#1562,.T.);
#1564=ORIENTED_EDGE('',*,*,#1546,.F.);
#1565=EDGE_LOOP('',(#1560,#1561,#1563,#1564));
#1566=FACE_OUTER_BOUND('',#1565,.F.);
#1567=ADVANCED_FACE('',(#1566),#1559,.F.);
#1568=CARTESIAN_POINT('',(-6.E1,4.E0,1.5E1));
#1569=DIRECTION('',(0.E0,-1.E0,0.E0));
#1570=DIRECTION('',(-1.E0,0.E0,0.E0));
#1571=AXIS2_PLACEMENT_3D('',#1568,#1569,#1570);
#1572=PLANE('',#1571);
#1574=ORIENTED_EDGE('',*,*,#1573,.F.);
#1576=ORIENTED_EDGE('',*,*,#1575,.T.);
#1577=EDGE_LOOP('',(#1574,#1576));
#1578=FACE_OUTER_BOUND('',#1577,.F.);
#1579=ORIENTED_EDGE('',*,*,#1562,.F.);
#1580=ORIENTED_EDGE('',*,*,#1548,.T.);
#1581=EDGE_LOOP('',(#1579,#1580));
#1582=FACE_BOUND('',#1581,.F.);
#1583=ADVANCED_FACE('',(#1578,#1582),#1572,.T.);
#1584=CARTESIAN_POINT('',(-6.E1,5.775E1,1.5E1));
#1585=DIRECTION('',(0.E0,-1.E0,0.E0));
#1586=DIRECTION('',(-1.E0,0.E0,0.E0));
#1587=AXIS2_PLACEMENT_3D('',#1584,#1585,#1586);
#1588=CYLINDRICAL_SURFACE('',#1587,4.125E0);
#1589=ORIENTED_EDGE('',*,*,#1319,.F.);
#1591=ORIENTED_EDGE('',*,*,#1590,.F.);
#1592=ORIENTED_EDGE('',*,*,#1573,.T.);
#1594=ORIENTED_EDGE('',*,*,#1593,.T.);
#1595=EDGE_LOOP('',(#1589,#1591,#1592,#1594));
#1596=FACE_OUTER_BOUND('',#1595,.F.);
#1597=ADVANCED_FACE('',(#1596),#1588,.F.);
#1598=CARTESIAN_POINT('',(-6.E1,5.775E1,1.5E1));
#1599=DIRECTION('',(0.E0,-1.E0,0.E0));
#1600=DIRECTION('',(-1.E0,0.E0,0.E0));
#1601=AXIS2_PLACEMENT_3D('',#1598,#1599,#1600);
#1602=CYLINDRICAL_SURFACE('',#1601,4.125E0);
#1603=ORIENTED_EDGE('',*,*,#1321,.F.);
#1604=ORIENTED_EDGE('',*,*,#1593,.F.);
#1605=ORIENTED_EDGE('',*,*,#1575,.F.);
#1606=ORIENTED_EDGE('',*,*,#1590,.T.);
#1607=EDGE_LOOP('',(#1603,#1604,#1605,#1606));
#1608=FACE_OUTER_BOUND('',#1607,.F.);
#1609=ADVANCED_FACE('',(#1608),#1602,.F.);
#1610=CARTESIAN_POINT('',(-6.E1,5.775E1,-1.5E1));
#1611=DIRECTION('',(0.E0,-1.E0,0.E0));
#1612=DIRECTION('',(-1.E0,0.E0,0.E0));
#1613=AXIS2_PLACEMENT_3D('',#1610,#1611,#1612);
#1614=CYLINDRICAL_SURFACE('',#1613,2.4E0);
#1615=ORIENTED_EDGE('',*,*,#1446,.T.);
#1617=ORIENTED_EDGE('',*,*,#1616,.T.);
#1619=ORIENTED_EDGE('',*,*,#1618,.F.);
#1621=ORIENTED_EDGE('',*,*,#1620,.F.);
#1622=EDGE_LOOP('',(#1615,#1617,#1619,#1621));
#1623=FACE_OUTER_BOUND('',#1622,.F.);
#1624=ADVANCED_FACE('',(#1623),#1614,.F.);
#1625=CARTESIAN_POINT('',(-6.E1,5.775E1,-1.5E1));
#1626=DIRECTION('',(0.E0,-1.E0,0.E0));
#1627=DIRECTION('',(-1.E0,0.E0,0.E0));
#1628=AXIS2_PLACEMENT_3D('',#1625,#1626,#1627);
#1629=CYLINDRICAL_SURFACE('',#1628,2.4E0);
#1630=ORIENTED_EDGE('',*,*,#1448,.T.);
#1631=ORIENTED_EDGE('',*,*,#1620,.T.);
#1633=ORIENTED_EDGE('',*,*,#1632,.T.);
#1634=ORIENTED_EDGE('',*,*,#1616,.F.);
#1635=EDGE_LOOP('',(#1630,#1631,#1633,#1634));
#1636=FACE_OUTER_BOUND('',#1635,.F.);
#1637=ADVANCED_FACE('',(#1636),#1629,.F.);
#1638=CARTESIAN_POINT('',(-6.E1,4.E0,-1.5E1));
#1639=DIRECTION('',(0.E0,-1.E0,0.E0));
#1640=DIRECTION('',(-1.E0,0.E0,0.E0));
#1641=AXIS2_PLACEMENT_3D('',#1638,#1639,#1640);
#1642=PLANE('',#1641);
#1644=ORIENTED_EDGE('',*,*,#1643,.F.);
#1646=ORIENTED_EDGE('',*,*,#1645,.T.);
#1647=EDGE_LOOP('',(#1644,#1646));
#1648=FACE_OUTER_BOUND('',#1647,.F.);
#1649=ORIENTED_EDGE('',*,*,#1632,.F.);
#1650=ORIENTED_EDGE('',*,*,#1618,.T.);
#1651=EDGE_LOOP('',(#1649,#1650));
#1652=FACE_BOUND('',#1651,.F.);
#1653=ADVANCED_FACE('',(#1648,#1652),#1642,.T.);
#1654=CARTESIAN_POINT('',(-6.E1,5.775E1,-1.5E1));
#1655=DIRECTION('',(0.E0,-1.E0,0.E0));
#1656=DIRECTION('',(-1.E0,0.E0,0.E0));
#1657=AXIS2_PLACEMENT_3D('',#1654,#1655,#1656);
#1658=CYLINDRICAL_SURFACE('',#1657,4.125E0);
#1659=ORIENTED_EDGE('',*,*,#1325,.F.);
#1661=ORIENTED_EDGE('',*,*,#1660,.F.);
#1662=ORIENTED_EDGE('',*,*,#1643,.T.);
#1664=ORIENTED_EDGE('',*,*,#1663,.T.);
#1665=EDGE_LOOP('',(#1659,#1661,#1662,#1664));
#1666=FACE_OUTER_BOUND('',#1665,.F.);
#1667=ADVANCED_FACE('',(#1666),#1658,.F.);
#1668=CARTESIAN_POINT('',(-6.E1,5.775E1,-1.5E1));
#1669=DIRECTION('',(0.E0,-1.E0,0.E0));
#1670=DIRECTION('',(-1.E0,0.E0,0.E0));
#1671=AXIS2_PLACEMENT_3D('',#1668,#1669,#1670);
#1672=CYLINDRICAL_SURFACE('',#1671,4.125E0);
#1673=ORIENTED_EDGE('',*,*,#1327,.F.);
#1674=ORIENTED_EDGE('',*,*,#1663,.F.);
#1675=ORIENTED_EDGE('',*,*,#1645,.F.);
#1676=ORIENTED_EDGE('',*,*,#1660,.T.);
#1677=EDGE_LOOP('',(#1673,#1674,#1675,#1676));
#1678=FACE_OUTER_BOUND('',#1677,.F.);
#1679=ADVANCED_FACE('',(#1678),#1672,.F.);
#1680=CARTESIAN_POINT('',(-6.35E1,7.5E0,-2.35E1));
#1681=DIRECTION('',(-7.071067811865E-1,0.E0,-7.071067811865E-1));
#1682=DIRECTION('',(-7.071067811865E-1,0.E0,7.071067811865E-1));
#1683=AXIS2_PLACEMENT_3D('',#1680,#1681,#1682);
#1684=PLANE('',#1683);
#1685=ORIENTED_EDGE('',*,*,#1420,.T.);
#1687=ORIENTED_EDGE('',*,*,#1686,.F.);
#1688=ORIENTED_EDGE('',*,*,#1299,.T.);
#1690=ORIENTED_EDGE('',*,*,#1689,.T.);
#1691=EDGE_LOOP('',(#1685,#1687,#1688,#1690));
#1692=FACE_OUTER_BOUND('',#1691,.F.);
#1693=ADVANCED_FACE('',(#1692),#1684,.T.);
#1694=CARTESIAN_POINT('',(-6.5E1,0.E0,-2.5E1));
#1695=DIRECTION('',(-1.E0,0.E0,0.E0));
#1696=DIRECTION('',(0.E0,0.E0,1.E0));
#1697=AXIS2_PLACEMENT_3D('',#1694,#1695,#1696);
#1698=PLANE('',#1697);
#1699=ORIENTED_EDGE('',*,*,#1686,.T.);
#1700=ORIENTED_EDGE('',*,*,#1430,.T.);
#1702=ORIENTED_EDGE('',*,*,#1701,.T.);
#1703=ORIENTED_EDGE('',*,*,#1301,.F.);
#1704=EDGE_LOOP('',(#1699,#1700,#1702,#1703));
#1705=FACE_OUTER_BOUND('',#1704,.F.);
#1706=ADVANCED_FACE('',(#1705),#1698,.T.);
#1707=CARTESIAN_POINT('',(-6.35E1,7.5E0,2.35E1));
#1708=DIRECTION('',(-7.071067811865E-1,0.E0,7.071067811865E-1));
#1709=DIRECTION('',(-7.071067811865E-1,0.E0,-7.071067811865E-1));
#1710=AXIS2_PLACEMENT_3D('',#1707,#1708,#1709);
#1711=PLANE('',#1710);
#1712=ORIENTED_EDGE('',*,*,#1303,.T.);
#1713=ORIENTED_EDGE('',*,*,#1701,.F.);
#1714=ORIENTED_EDGE('',*,*,#1428,.T.);
#1716=ORIENTED_EDGE('',*,*,#1715,.T.);
#1717=EDGE_LOOP('',(#1712,#1713,#1714,#1716));
#1718=FACE_OUTER_BOUND('',#1717,.F.);
#1719=ADVANCED_FACE('',(#1718),#1711,.T.);
#1720=CARTESIAN_POINT('',(-6.5E1,0.E0,2.5E1));
#1721=DIRECTION('',(0.E0,0.E0,1.E0));
#1722=DIRECTION('',(1.E0,0.E0,0.E0));
#1723=AXIS2_PLACEMENT_3D('',#1720,#1721,#1722);
#1724=PLANE('',#1723);
#1725=ORIENTED_EDGE('',*,*,#1715,.F.);
#1726=ORIENTED_EDGE('',*,*,#1426,.T.);
#1728=ORIENTED_EDGE('',*,*,#1727,.F.);
#1730=ORIENTED_EDGE('',*,*,#1729,.T.);
#1732=ORIENTED_EDGE('',*,*,#1731,.T.);
#1734=ORIENTED_EDGE('',*,*,#1733,.T.);
#1736=ORIENTED_EDGE('',*,*,#1735,.F.);
#1737=ORIENTED_EDGE('',*,*,#1305,.F.);
#1738=EDGE_LOOP('',(#1725,#1726,#1728,#1730,#1732,#1734,#1736,#1737));
#1739=FACE_OUTER_BOUND('',#1738,.F.);
#1740=ADVANCED_FACE('',(#1739),#1724,.T.);
#1741=CARTESIAN_POINT('',(-1.5E1,1.E1,2.5E1));
#1742=DIRECTION('',(1.E0,0.E0,0.E0));
#1743=DIRECTION('',(0.E0,0.E0,-1.E0));
#1744=AXIS2_PLACEMENT_3D('',#1741,#1742,#1743);
#1745=PLANE('',#1744);
#1747=ORIENTED_EDGE('',*,*,#1746,.F.);
#1748=ORIENTED_EDGE('',*,*,#1727,.T.);
#1749=ORIENTED_EDGE('',*,*,#1424,.T.);
#1751=ORIENTED_EDGE('',*,*,#1750,.F.);
#1752=EDGE_LOOP('',(#1747,#1748,#1749,#1751));
#1753=FACE_OUTER_BOUND('',#1752,.F.);
#1754=ADVANCED_FACE('',(#1753),#1745,.T.);
#1755=CARTESIAN_POINT('',(0.E0,1.E1,0.E0));
#1756=DIRECTION('',(0.E0,1.E0,0.E0));
#1757=DIRECTION('',(1.E0,0.E0,0.E0));
#1758=AXIS2_PLACEMENT_3D('',#1755,#1756,#1757);
#1759=PLANE('',#1758);
#1760=ORIENTED_EDGE('',*,*,#1746,.T.);
#1762=ORIENTED_EDGE('',*,*,#1761,.F.);
#1764=ORIENTED_EDGE('',*,*,#1763,.F.);
#1765=ORIENTED_EDGE('',*,*,#1729,.F.);
#1766=EDGE_LOOP('',(#1760,#1762,#1764,#1765));
#1767=FACE_OUTER_BOUND('',#1766,.F.);
#1769=ORIENTED_EDGE('',*,*,#1768,.T.);
#1771=ORIENTED_EDGE('',*,*,#1770,.F.);
#1773=ORIENTED_EDGE('',*,*,#1772,.T.);
#1775=ORIENTED_EDGE('',*,*,#1774,.F.);
#1777=ORIENTED_EDGE('',*,*,#1776,.T.);
#1779=ORIENTED_EDGE('',*,*,#1778,.F.);
#1781=ORIENTED_EDGE('',*,*,#1780,.T.);
#1783=ORIENTED_EDGE('',*,*,#1782,.F.);
#1784=EDGE_LOOP('',(#1769,#1771,#1773,#1775,#1777,#1779,#1781,#1783));
#1785=FACE_BOUND('',#1784,.F.);
#1786=ADVANCED_FACE('',(#1767,#1785),#1759,.T.);
#1787=CARTESIAN_POINT('',(6.5E1,0.E0,-2.5E1));
#1788=DIRECTION('',(0.E0,0.E0,-1.E0));
#1789=DIRECTION('',(-1.E0,0.E0,0.E0));
#1790=AXIS2_PLACEMENT_3D('',#1787,#1788,#1789);
#1791=PLANE('',#1790);
#1792=ORIENTED_EDGE('',*,*,#1689,.F.);
#1793=ORIENTED_EDGE('',*,*,#1309,.F.);
#1795=ORIENTED_EDGE('',*,*,#1794,.F.);
#1797=ORIENTED_EDGE('',*,*,#1796,.T.);
#1799=ORIENTED_EDGE('',*,*,#1798,.F.);
#1800=ORIENTED_EDGE('',*,*,#1761,.T.);
#1801=ORIENTED_EDGE('',*,*,#1750,.T.);
#1802=ORIENTED_EDGE('',*,*,#1422,.T.);
#1803=EDGE_LOOP('',(#1792,#1793,#1795,#1797,#1799,#1800,#1801,#1802));
#1804=FACE_OUTER_BOUND('',#1803,.F.);
#1805=ADVANCED_FACE('',(#1804),#1791,.T.);
#1806=CARTESIAN_POINT('',(6.5E1,0.E0,2.5E1));
#1807=DIRECTION('',(1.E0,0.E0,0.E0));
#1808=DIRECTION('',(0.E0,0.E0,-1.E0));
#1809=AXIS2_PLACEMENT_3D('',#1806,#1807,#1808);
#1810=PLANE('',#1809);
#1812=ORIENTED_EDGE('',*,*,#1811,.F.);
#1814=ORIENTED_EDGE('',*,*,#1813,.T.);
#1816=ORIENTED_EDGE('',*,*,#1815,.F.);
#1817=ORIENTED_EDGE('',*,*,#1794,.T.);
#1818=ORIENTED_EDGE('',*,*,#1307,.F.);
#1819=ORIENTED_EDGE('',*,*,#1735,.T.);
#1820=EDGE_LOOP('',(#1812,#1814,#1816,#1817,#1818,#1819));
#1821=FACE_OUTER_BOUND('',#1820,.F.);
#1823=ORIENTED_EDGE('',*,*,#1822,.F.);
#1825=ORIENTED_EDGE('',*,*,#1824,.F.);
#1826=EDGE_LOOP('',(#1823,#1825));
#1827=FACE_BOUND('',#1826,.F.);
#1829=ORIENTED_EDGE('',*,*,#1828,.F.);
#1831=ORIENTED_EDGE('',*,*,#1830,.F.);
#1832=EDGE_LOOP('',(#1829,#1831));
#1833=FACE_BOUND('',#1832,.F.);
#1835=ORIENTED_EDGE('',*,*,#1834,.F.);
#1837=ORIENTED_EDGE('',*,*,#1836,.F.);
#1838=EDGE_LOOP('',(#1835,#1837));
#1839=FACE_BOUND('',#1838,.F.);
#1841=ORIENTED_EDGE('',*,*,#1840,.F.);
#1843=ORIENTED_EDGE('',*,*,#1842,.F.);
#1844=EDGE_LOOP('',(#1841,#1843));
#1845=FACE_BOUND('',#1844,.F.);
#1847=ORIENTED_EDGE('',*,*,#1846,.T.);
#1849=ORIENTED_EDGE('',*,*,#1848,.T.);
#1850=EDGE_LOOP('',(#1847,#1849));
#1851=FACE_BOUND('',#1850,.F.);
#1852=ADVANCED_FACE('',(#1821,#1827,#1833,#1839,#1845,#1851),#1810,.T.);
#1853=CARTESIAN_POINT('',(5.5E1,3.E1,0.E0));
#1854=DIRECTION('',(1.E0,0.E0,0.E0));
#1855=DIRECTION('',(0.E0,1.E0,0.E0));
#1856=AXIS2_PLACEMENT_3D('',#1853,#1854,#1855);
#1857=CYLINDRICAL_SURFACE('',#1856,5.E0);
#1858=ORIENTED_EDGE('',*,*,#1846,.F.);
#1860=ORIENTED_EDGE('',*,*,#1859,.F.);
#1862=ORIENTED_EDGE('',*,*,#1861,.T.);
#1864=ORIENTED_EDGE('',*,*,#1863,.T.);
#1865=EDGE_LOOP('',(#1858,#1860,#1862,#1864));
#1866=FACE_OUTER_BOUND('',#1865,.F.);
#1867=ADVANCED_FACE('',(#1866),#1857,.F.);
#1868=CARTESIAN_POINT('',(5.5E1,3.E1,0.E0));
#1869=DIRECTION('',(1.E0,0.E0,0.E0));
#1870=DIRECTION('',(0.E0,1.E0,0.E0));
#1871=AXIS2_PLACEMENT_3D('',#1868,#1869,#1870);
#1872=CYLINDRICAL_SURFACE('',#1871,5.E0);
#1873=ORIENTED_EDGE('',*,*,#1848,.F.);
#1874=ORIENTED_EDGE('',*,*,#1863,.F.);
#1876=ORIENTED_EDGE('',*,*,#1875,.T.);
#1877=ORIENTED_EDGE('',*,*,#1859,.T.);
#1878=EDGE_LOOP('',(#1873,#1874,#1876,#1877));
#1879=FACE_OUTER_BOUND('',#1878,.F.);
#1880=ADVANCED_FACE('',(#1879),#1872,.F.);
#1881=CARTESIAN_POINT('',(5.5E1,1.E1,-2.5E1));
#1882=DIRECTION('',(-1.E0,0.E0,0.E0));
#1883=DIRECTION('',(0.E0,0.E0,1.E0));
#1884=AXIS2_PLACEMENT_3D('',#1881,#1882,#1883);
#1885=PLANE('',#1884);
#1887=ORIENTED_EDGE('',*,*,#1886,.F.);
#1888=ORIENTED_EDGE('',*,*,#1731,.F.);
#1889=ORIENTED_EDGE('',*,*,#1763,.T.);
#1890=ORIENTED_EDGE('',*,*,#1798,.T.);
#1892=ORIENTED_EDGE('',*,*,#1891,.F.);
#1894=ORIENTED_EDGE('',*,*,#1893,.T.);
#1895=EDGE_LOOP('',(#1887,#1888,#1889,#1890,#1892,#1894));
#1896=FACE_OUTER_BOUND('',#1895,.F.);
#1898=ORIENTED_EDGE('',*,*,#1897,.T.);
#1900=ORIENTED_EDGE('',*,*,#1899,.T.);
#1901=EDGE_LOOP('',(#1898,#1900));
#1902=FACE_BOUND('',#1901,.F.);
#1904=ORIENTED_EDGE('',*,*,#1903,.T.);
#1906=ORIENTED_EDGE('',*,*,#1905,.T.);
#1907=EDGE_LOOP('',(#1904,#1906));
#1908=FACE_BOUND('',#1907,.F.);
#1910=ORIENTED_EDGE('',*,*,#1909,.T.);
#1912=ORIENTED_EDGE('',*,*,#1911,.T.);
#1913=EDGE_LOOP('',(#1910,#1912));
#1914=FACE_BOUND('',#1913,.F.);
#1916=ORIENTED_EDGE('',*,*,#1915,.T.);
#1918=ORIENTED_EDGE('',*,*,#1917,.T.);
#1919=EDGE_LOOP('',(#1916,#1918));
#1920=FACE_BOUND('',#1919,.F.);
#1921=ORIENTED_EDGE('',*,*,#1861,.F.);
#1922=ORIENTED_EDGE('',*,*,#1875,.F.);
#1923=EDGE_LOOP('',(#1921,#1922));
#1924=FACE_BOUND('',#1923,.F.);
#1925=ADVANCED_FACE('',(#1896,#1902,#1908,#1914,#1920,#1924),#1885,.T.);
#1926=CARTESIAN_POINT('',(7.915E1,4.E1,0.E0));
#1927=DIRECTION('',(-1.E0,0.E0,0.E0));
#1928=DIRECTION('',(0.E0,1.E0,0.E0));
#1929=AXIS2_PLACEMENT_3D('',#1926,#1927,#1928);
#1930=CYLINDRICAL_SURFACE('',#1929,2.75E0);
#1931=ORIENTED_EDGE('',*,*,#1822,.T.);
#1933=ORIENTED_EDGE('',*,*,#1932,.T.);
#1934=ORIENTED_EDGE('',*,*,#1897,.F.);
#1936=ORIENTED_EDGE('',*,*,#1935,.F.);
#1937=EDGE_LOOP('',(#1931,#1933,#1934,#1936));
#1938=FACE_OUTER_BOUND('',#1937,.F.);
#1939=ADVANCED_FACE('',(#1938),#1930,.F.);
#1940=CARTESIAN_POINT('',(7.915E1,4.E1,0.E0));
#1941=DIRECTION('',(-1.E0,0.E0,0.E0));
#1942=DIRECTION('',(0.E0,1.E0,0.E0));
#1943=AXIS2_PLACEMENT_3D('',#1940,#1941,#1942);
#1944=CYLINDRICAL_SURFACE('',#1943,2.75E0);
#1945=ORIENTED_EDGE('',*,*,#1824,.T.);
#1946=ORIENTED_EDGE('',*,*,#1935,.T.);
#1947=ORIENTED_EDGE('',*,*,#1899,.F.);
#1948=ORIENTED_EDGE('',*,*,#1932,.F.);
#1949=EDGE_LOOP('',(#1945,#1946,#1947,#1948));
#1950=FACE_OUTER_BOUND('',#1949,.F.);
#1951=ADVANCED_FACE('',(#1950),#1944,.F.);
#1952=CARTESIAN_POINT('',(7.915E1,3.E1,1.E1));
#1953=DIRECTION('',(-1.E0,0.E0,0.E0));
#1954=DIRECTION('',(0.E0,0.E0,1.E0));
#1955=AXIS2_PLACEMENT_3D('',#1952,#1953,#1954);
#1956=CYLINDRICAL_SURFACE('',#1955,2.75E0);
#1957=ORIENTED_EDGE('',*,*,#1828,.T.);
#1959=ORIENTED_EDGE('',*,*,#1958,.T.);
#1960=ORIENTED_EDGE('',*,*,#1903,.F.);
#1962=ORIENTED_EDGE('',*,*,#1961,.F.);
#1963=EDGE_LOOP('',(#1957,#1959,#1960,#1962));
#1964=FACE_OUTER_BOUND('',#1963,.F.);
#1965=ADVANCED_FACE('',(#1964),#1956,.F.);
#1966=CARTESIAN_POINT('',(7.915E1,3.E1,1.E1));
#1967=DIRECTION('',(-1.E0,0.E0,0.E0));
#1968=DIRECTION('',(0.E0,0.E0,1.E0));
#1969=AXIS2_PLACEMENT_3D('',#1966,#1967,#1968);
#1970=CYLINDRICAL_SURFACE('',#1969,2.75E0);
#1971=ORIENTED_EDGE('',*,*,#1830,.T.);
#1972=ORIENTED_EDGE('',*,*,#1961,.T.);
#1973=ORIENTED_EDGE('',*,*,#1905,.F.);
#1974=ORIENTED_EDGE('',*,*,#1958,.F.);
#1975=EDGE_LOOP('',(#1971,#1972,#1973,#1974));
#1976=FACE_OUTER_BOUND('',#1975,.F.);
#1977=ADVANCED_FACE('',(#1976),#1970,.F.);
#1978=CARTESIAN_POINT('',(7.915E1,2.E1,0.E0));
#1979=DIRECTION('',(-1.E0,0.E0,0.E0));
#1980=DIRECTION('',(0.E0,-1.E0,0.E0));
#1981=AXIS2_PLACEMENT_3D('',#1978,#1979,#1980);
#1982=CYLINDRICAL_SURFACE('',#1981,2.75E0);
#1983=ORIENTED_EDGE('',*,*,#1834,.T.);
#1985=ORIENTED_EDGE('',*,*,#1984,.T.);
#1986=ORIENTED_EDGE('',*,*,#1909,.F.);
#1988=ORIENTED_EDGE('',*,*,#1987,.F.);
#1989=EDGE_LOOP('',(#1983,#1985,#1986,#1988));
#1990=FACE_OUTER_BOUND('',#1989,.F.);
#1991=ADVANCED_FACE('',(#1990),#1982,.F.);
#1992=CARTESIAN_POINT('',(7.915E1,2.E1,0.E0));
#1993=DIRECTION('',(-1.E0,0.E0,0.E0));
#1994=DIRECTION('',(0.E0,-1.E0,0.E0));
#1995=AXIS2_PLACEMENT_3D('',#1992,#1993,#1994);
#1996=CYLINDRICAL_SURFACE('',#1995,2.75E0);
#1997=ORIENTED_EDGE('',*,*,#1836,.T.);
#1998=ORIENTED_EDGE('',*,*,#1987,.T.);
#1999=ORIENTED_EDGE('',*,*,#1911,.F.);
#2000=ORIENTED_EDGE('',*,*,#1984,.F.);
#2001=EDGE_LOOP('',(#1997,#1998,#1999,#2000));
#2002=FACE_OUTER_BOUND('',#2001,.F.);
#2003=ADVANCED_FACE('',(#2002),#1996,.F.);
#2004=CARTESIAN_POINT('',(7.915E1,3.E1,-1.E1));
#2005=DIRECTION('',(-1.E0,0.E0,0.E0));
#2006=DIRECTION('',(0.E0,0.E0,-1.E0));
#2007=AXIS2_PLACEMENT_3D('',#2004,#2005,#2006);
#2008=CYLINDRICAL_SURFACE('',#2007,2.75E0);
#2009=ORIENTED_EDGE('',*,*,#1840,.T.);
#2011=ORIENTED_EDGE('',*,*,#2010,.T.);
#2012=ORIENTED_EDGE('',*,*,#1915,.F.);
#2014=ORIENTED_EDGE('',*,*,#2013,.F.);
#2015=EDGE_LOOP('',(#2009,#2011,#2012,#2014));
#2016=FACE_OUTER_BOUND('',#2015,.F.);
#2017=ADVANCED_FACE('',(#2016),#2008,.F.);
#2018=CARTESIAN_POINT('',(7.915E1,3.E1,-1.E1));
#2019=DIRECTION('',(-1.E0,0.E0,0.E0));
#2020=DIRECTION('',(0.E0,0.E0,-1.E0));
#2021=AXIS2_PLACEMENT_3D('',#2018,#2019,#2020);
#2022=CYLINDRICAL_SURFACE('',#2021,2.75E0);
#2023=ORIENTED_EDGE('',*,*,#1842,.T.);
#2024=ORIENTED_EDGE('',*,*,#2013,.T.);
#2025=ORIENTED_EDGE('',*,*,#1917,.F.);
#2026=ORIENTED_EDGE('',*,*,#2010,.F.);
#2027=EDGE_LOOP('',(#2023,#2024,#2025,#2026));
#2028=FACE_OUTER_BOUND('',#2027,.F.);
#2029=ADVANCED_FACE('',(#2028),#2022,.F.);
#2030=CARTESIAN_POINT('',(6.E1,4.85E1,2.35E1));
#2031=DIRECTION('',(0.E0,7.071067811865E-1,7.071067811865E-1));
#2032=DIRECTION('',(0.E0,-7.071067811865E-1,7.071067811865E-1));
#2033=AXIS2_PLACEMENT_3D('',#2030,#2031,#2032);
#2034=PLANE('',#2033);
#2035=ORIENTED_EDGE('',*,*,#1811,.T.);
#2036=ORIENTED_EDGE('',*,*,#1733,.F.);
#2037=ORIENTED_EDGE('',*,*,#1886,.T.);
#2039=ORIENTED_EDGE('',*,*,#2038,.T.);
#2040=EDGE_LOOP('',(#2035,#2036,#2037,#2039));
#2041=FACE_OUTER_BOUND('',#2040,.F.);
#2042=ADVANCED_FACE('',(#2041),#2034,.T.);
#2043=CARTESIAN_POINT('',(0.E0,5.E1,0.E0));
#2044=DIRECTION('',(0.E0,1.E0,0.E0));
#2045=DIRECTION('',(1.E0,0.E0,0.E0));
#2046=AXIS2_PLACEMENT_3D('',#2043,#2044,#2045);
#2047=PLANE('',#2046);
#2048=ORIENTED_EDGE('',*,*,#2038,.F.);
#2049=ORIENTED_EDGE('',*,*,#1893,.F.);
#2051=ORIENTED_EDGE('',*,*,#2050,.F.);
#2052=ORIENTED_EDGE('',*,*,#1813,.F.);
#2053=EDGE_LOOP('',(#2048,#2049,#2051,#2052));
#2054=FACE_OUTER_BOUND('',#2053,.F.);
#2055=ADVANCED_FACE('',(#2054),#2047,.T.);
#2056=CARTESIAN_POINT('',(6.E1,4.85E1,-2.35E1));
#2057=DIRECTION('',(0.E0,7.071067811865E-1,-7.071067811865E-1));
#2058=DIRECTION('',(0.E0,-7.071067811865E-1,-7.071067811865E-1));
#2059=AXIS2_PLACEMENT_3D('',#2056,#2057,#2058);
#2060=PLANE('',#2059);
#2061=ORIENTED_EDGE('',*,*,#1891,.T.);
#2062=ORIENTED_EDGE('',*,*,#1796,.F.);
#2063=ORIENTED_EDGE('',*,*,#1815,.T.);
#2064=ORIENTED_EDGE('',*,*,#2050,.T.);
#2065=EDGE_LOOP('',(#2061,#2062,#2063,#2064));
#2066=FACE_OUTER_BOUND('',#2065,.F.);
#2067=ADVANCED_FACE('',(#2066),#2060,.T.);
#2068=CARTESIAN_POINT('',(-5.E0,1.E1,-1.25E1));
#2069=DIRECTION('',(-1.E0,0.E0,0.E0));
#2070=DIRECTION('',(0.E0,0.E0,1.E0));
#2071=AXIS2_PLACEMENT_3D('',#2068,#2069,#2070);
#2072=PLANE('',#2071);
#2074=ORIENTED_EDGE('',*,*,#2073,.F.);
#2075=ORIENTED_EDGE('',*,*,#1768,.F.);
#2077=ORIENTED_EDGE('',*,*,#2076,.T.);
#2078=ORIENTED_EDGE('',*,*,#1335,.T.);
#2079=EDGE_LOOP('',(#2074,#2075,#2077,#2078));
#2080=FACE_OUTER_BOUND('',#2079,.F.);
#2081=ADVANCED_FACE('',(#2080),#2072,.F.);
#2082=CARTESIAN_POINT('',(-2.E0,1.1518E2,9.5E0));
#2083=DIRECTION('',(0.E0,-1.E0,0.E0));
#2084=DIRECTION('',(0.E0,0.E0,1.E0));
#2085=AXIS2_PLACEMENT_3D('',#2082,#2083,#2084);
#2086=CYLINDRICAL_SURFACE('',#2085,3.E0);
#2088=ORIENTED_EDGE('',*,*,#2087,.F.);
#2089=ORIENTED_EDGE('',*,*,#1770,.T.);
#2090=ORIENTED_EDGE('',*,*,#2073,.T.);
#2091=ORIENTED_EDGE('',*,*,#1333,.T.);
#2092=EDGE_LOOP('',(#2088,#2089,#2090,#2091));
#2093=FACE_OUTER_BOUND('',#2092,.F.);
#2094=ADVANCED_FACE('',(#2093),#2086,.F.);
#2095=CARTESIAN_POINT('',(-5.E0,1.E1,1.25E1));
#2096=DIRECTION('',(0.E0,0.E0,1.E0));
#2097=DIRECTION('',(1.E0,0.E0,0.E0));
#2098=AXIS2_PLACEMENT_3D('',#2095,#2096,#2097);
#2099=PLANE('',#2098);
#2101=ORIENTED_EDGE('',*,*,#2100,.F.);
#2102=ORIENTED_EDGE('',*,*,#1772,.F.);
#2103=ORIENTED_EDGE('',*,*,#2087,.T.);
#2104=ORIENTED_EDGE('',*,*,#1331,.T.);
#2105=EDGE_LOOP('',(#2101,#2102,#2103,#2104));
#2106=FACE_OUTER_BOUND('',#2105,.F.);
#2107=ADVANCED_FACE('',(#2106),#2099,.F.);
#2108=CARTESIAN_POINT('',(4.2E1,1.1518E2,9.5E0));
#2109=DIRECTION('',(0.E0,-1.E0,0.E0));
#2110=DIRECTION('',(1.E0,0.E0,0.E0));
#2111=AXIS2_PLACEMENT_3D('',#2108,#2109,#2110);
#2112=CYLINDRICAL_SURFACE('',#2111,3.E0);
#2114=ORIENTED_EDGE('',*,*,#2113,.F.);
#2115=ORIENTED_EDGE('',*,*,#1774,.T.);
#2116=ORIENTED_EDGE('',*,*,#2100,.T.);
#2117=ORIENTED_EDGE('',*,*,#1345,.T.);
#2118=EDGE_LOOP('',(#2114,#2115,#2116,#2117));
#2119=FACE_OUTER_BOUND('',#2118,.F.);
#2120=ADVANCED_FACE('',(#2119),#2112,.F.);
#2121=CARTESIAN_POINT('',(4.5E1,1.E1,1.25E1));
#2122=DIRECTION('',(1.E0,0.E0,0.E0));
#2123=DIRECTION('',(0.E0,0.E0,-1.E0));
#2124=AXIS2_PLACEMENT_3D('',#2121,#2122,#2123);
#2125=PLANE('',#2124);
#2126=ORIENTED_EDGE('',*,*,#2113,.T.);
#2127=ORIENTED_EDGE('',*,*,#1343,.T.);
#2129=ORIENTED_EDGE('',*,*,#2128,.F.);
#2130=ORIENTED_EDGE('',*,*,#1776,.F.);
#2131=EDGE_LOOP('',(#2126,#2127,#2129,#2130));
#2132=FACE_OUTER_BOUND('',#2131,.F.);
#2133=ADVANCED_FACE('',(#2132),#2125,.F.);
#2134=CARTESIAN_POINT('',(4.2E1,1.1518E2,-9.5E0));
#2135=DIRECTION('',(0.E0,-1.E0,0.E0));
#2136=DIRECTION('',(0.E0,0.E0,-1.E0));
#2137=AXIS2_PLACEMENT_3D('',#2134,#2135,#2136);
#2138=CYLINDRICAL_SURFACE('',#2137,3.E0);
#2140=ORIENTED_EDGE('',*,*,#2139,.F.);
#2141=ORIENTED_EDGE('',*,*,#1778,.T.);
#2142=ORIENTED_EDGE('',*,*,#2128,.T.);
#2143=ORIENTED_EDGE('',*,*,#1341,.T.);
#2144=EDGE_LOOP('',(#2140,#2141,#2142,#2143));
#2145=FACE_OUTER_BOUND('',#2144,.F.);
#2146=ADVANCED_FACE('',(#2145),#2138,.F.);
#2147=CARTESIAN_POINT('',(4.5E1,1.E1,-1.25E1));
#2148=DIRECTION('',(0.E0,0.E0,-1.E0));
#2149=DIRECTION('',(-1.E0,0.E0,0.E0));
#2150=AXIS2_PLACEMENT_3D('',#2147,#2148,#2149);
#2151=PLANE('',#2150);
#2153=ORIENTED_EDGE('',*,*,#2152,.F.);
#2154=ORIENTED_EDGE('',*,*,#1780,.F.);
#2155=ORIENTED_EDGE('',*,*,#2139,.T.);
#2156=ORIENTED_EDGE('',*,*,#1339,.T.);
#2157=EDGE_LOOP('',(#2153,#2154,#2155,#2156));
#2158=FACE_OUTER_BOUND('',#2157,.F.);
#2159=ADVANCED_FACE('',(#2158),#2151,.F.);
#2160=CARTESIAN_POINT('',(-2.E0,1.1518E2,-9.5E0));
#2161=DIRECTION('',(0.E0,-1.E0,0.E0));
#2162=DIRECTION('',(-1.E0,0.E0,0.E0));
#2163=AXIS2_PLACEMENT_3D('',#2160,#2161,#2162);
#2164=CYLINDRICAL_SURFACE('',#2163,3.E0);
#2165=ORIENTED_EDGE('',*,*,#2076,.F.);
#2166=ORIENTED_EDGE('',*,*,#1782,.T.);
#2167=ORIENTED_EDGE('',*,*,#2152,.T.);
#2168=ORIENTED_EDGE('',*,*,#1337,.T.);
#2169=EDGE_LOOP('',(#2165,#2166,#2167,#2168));
#2170=FACE_OUTER_BOUND('',#2169,.F.);
#2171=ADVANCED_FACE('',(#2170),#2164,.F.);
#2174=FILL_AREA_STYLE_COLOUR('',#81);
#2175=FILL_AREA_STYLE('',(#2174));
#2176=SURFACE_STYLE_FILL_AREA(#2175);
#2177=SURFACE_SIDE_STYLE('',(#2176));
#2178=SURFACE_STYLE_USAGE(.BOTH.,#2177);
#2179=PRESENTATION_STYLE_ASSIGNMENT((#2178));
#82=STYLED_ITEM('',(#2179),#2173);
#2181=DIMENSIONAL_EXPONENTS(0.E0,0.E0,0.E0,0.E0,0.E0,0.E0,0.E0);
#2183=PLANE_ANGLE_MEASURE_WITH_UNIT(PLANE_ANGLE_MEASURE(1.745329251994E-2),
#2182);
#2184=(CONVERSION_BASED_UNIT('DEGREE',#2183)NAMED_UNIT(*)PLANE_ANGLE_UNIT());
#2186=UNCERTAINTY_MEASURE_WITH_UNIT(LENGTH_MEASURE(1.479805664101E-2),#2180,
'closure',
'Maximum model space distance between geometric entities at asserted connectivities');
#2187=(GEOMETRIC_REPRESENTATION_CONTEXT(3)GLOBAL_UNCERTAINTY_ASSIGNED_CONTEXT((
#2186))GLOBAL_UNIT_ASSIGNED_CONTEXT((#2180,#2184,#2185))REPRESENTATION_CONTEXT(
'ID1','3'));
#2188=CARTESIAN_POINT('',(0.E0,0.E0,0.E0));
#2189=DIRECTION('',(0.E0,0.E0,1.E0));
#2190=DIRECTION('',(1.E0,0.E0,0.E0));
#2193=APPLICATION_CONTEXT(
'CONFIGURATION CONTROLLED 3D DESIGNS OF MECHANICAL PARTS AND ASSEMBLIES');
#2194=APPLICATION_PROTOCOL_DEFINITION('international standard',
'config_control_design',1994,#2193);
#2195=DESIGN_CONTEXT('',#2193,'design');
#2196=MECHANICAL_CONTEXT('',#2193,'mechanical');
#2197=PRODUCT('SENTECH_BRACKET','SENTECH_BRACKET','NOT SPECIFIED',(#2196));
#2198=PRODUCT_DEFINITION_FORMATION_WITH_SPECIFIED_SOURCE('4','LAST_VERSION',
#2197,.MADE.);
#2207=CARTESIAN_POINT('',(0.E0,0.E0,0.E0));
#2208=DIRECTION('',(0.E0,0.E0,1.E0));
#2209=DIRECTION('',(1.E0,0.E0,0.E0));
#2210=AXIS2_PLACEMENT_3D('',#2207,#2208,#2209);
#2211=ITEM_DEFINED_TRANSFORMATION('','',#2191,#2210);
#2212=(REPRESENTATION_RELATIONSHIP('','',#2192,#2204)REPRESENTATION_RELATIONSHIP_WITH_TRANSFORMATION(#2211)SHAPE_REPRESENTATION_RELATIONSHIP());
#2213=CONTEXT_DEPENDENT_SHAPE_REPRESENTATION(#2212,#2206);
#2223=DIRECTION('',(0.E0,-1.E0,0.E0));
#2224=VECTOR('',#2223,2.6E1);
#2225=CARTESIAN_POINT('',(-3.5E1,2.8E1,-2.66E1));
#2226=LINE('',#2225,#2224);
#2227=CURVE_STYLE('',#88,POSITIVE_LENGTH_MEASURE(2.E-2),#2214);
#2228=PRESENTATION_STYLE_ASSIGNMENT((#2227));
#2229=STYLED_ITEM('',(#2228),#2226);
#2230=DIRECTION('',(0.E0,0.E0,1.E0));
#2231=VECTOR('',#2230,2.91E1);
#2232=CARTESIAN_POINT('',(-3.3E1,0.E0,-2.66E1));
#2233=LINE('',#2232,#2231);
#2234=CURVE_STYLE('',#88,POSITIVE_LENGTH_MEASURE(2.E-2),#2214);
#2235=PRESENTATION_STYLE_ASSIGNMENT((#2234));
#2236=STYLED_ITEM('',(#2235),#2233);
#2237=DIRECTION('',(0.E0,0.E0,-1.E0));
#2238=VECTOR('',#2237,2.91E1);
#2239=CARTESIAN_POINT('',(-3.5E1,2.E0,2.5E0));
#2240=LINE('',#2239,#2238);
#2241=CURVE_STYLE('',#88,POSITIVE_LENGTH_MEASURE(2.E-2),#2214);
#2242=PRESENTATION_STYLE_ASSIGNMENT((#2241));
#2243=STYLED_ITEM('',(#2242),#2240);
#2244=DIRECTION('',(1.E0,0.E0,0.E0));
#2245=VECTOR('',#2244,3.6E1);
#2246=CARTESIAN_POINT('',(-3.3E1,0.E0,-2.66E1));
#2247=LINE('',#2246,#2245);
#2248=CURVE_STYLE('',#88,POSITIVE_LENGTH_MEASURE(2.E-2),#2214);
#2249=PRESENTATION_STYLE_ASSIGNMENT((#2248));
#2250=STYLED_ITEM('',(#2249),#2247);
#2251=DIRECTION('',(0.E0,0.E0,-1.E0));
#2252=VECTOR('',#2251,1.E0);
#2253=CARTESIAN_POINT('',(-2.E1,0.E0,3.5E0));
#2254=LINE('',#2253,#2252);
#2255=CURVE_STYLE('',#88,POSITIVE_LENGTH_MEASURE(2.E-2),#2214);
#2256=PRESENTATION_STYLE_ASSIGNMENT((#2255));
#2257=STYLED_ITEM('',(#2256),#2254);
#2258=DIRECTION('',(-1.E0,0.E0,0.E0));
#2259=VECTOR('',#2258,1.E1);
#2260=CARTESIAN_POINT('',(-1.E1,0.E0,3.5E0));
#2261=LINE('',#2260,#2259);
#2262=CURVE_STYLE('',#88,POSITIVE_LENGTH_MEASURE(2.E-2),#2214);
#2263=PRESENTATION_STYLE_ASSIGNMENT((#2262));
#2264=STYLED_ITEM('',(#2263),#2261);
#2265=CARTESIAN_POINT('',(-3.E1,0.E0,0.E0));
#2266=DIRECTION('',(0.E0,1.E0,0.E0));
#2267=DIRECTION('',(-1.E0,0.E0,0.E0));
#2268=AXIS2_PLACEMENT_3D('',#2265,#2266,#2267);
#2270=CURVE_STYLE('',#88,POSITIVE_LENGTH_MEASURE(2.E-2),#2214);
#2271=PRESENTATION_STYLE_ASSIGNMENT((#2270));
#2272=STYLED_ITEM('',(#2271),#2269);
#2273=CARTESIAN_POINT('',(-3.E1,0.E0,0.E0));
#2274=DIRECTION('',(0.E0,1.E0,0.E0));
#2275=DIRECTION('',(1.E0,0.E0,0.E0));
#2276=AXIS2_PLACEMENT_3D('',#2273,#2274,#2275);
#2278=CURVE_STYLE('',#88,POSITIVE_LENGTH_MEASURE(2.E-2),#2214);
#2279=PRESENTATION_STYLE_ASSIGNMENT((#2278));
#2280=STYLED_ITEM('',(#2279),#2277);
#2281=CARTESIAN_POINT('',(0.E0,0.E0,0.E0));
#2282=DIRECTION('',(0.E0,1.E0,0.E0));
#2283=DIRECTION('',(-1.E0,0.E0,0.E0));
#2284=AXIS2_PLACEMENT_3D('',#2281,#2282,#2283);
#2286=CURVE_STYLE('',#88,POSITIVE_LENGTH_MEASURE(2.E-2),#2214);
#2287=PRESENTATION_STYLE_ASSIGNMENT((#2286));
#2288=STYLED_ITEM('',(#2287),#2285);
#2289=CARTESIAN_POINT('',(0.E0,0.E0,0.E0));
#2290=DIRECTION('',(0.E0,1.E0,0.E0));
#2291=DIRECTION('',(1.E0,0.E0,0.E0));
#2292=AXIS2_PLACEMENT_3D('',#2289,#2290,#2291);
#2294=CURVE_STYLE('',#88,POSITIVE_LENGTH_MEASURE(2.E-2),#2214);
#2295=PRESENTATION_STYLE_ASSIGNMENT((#2294));
#2296=STYLED_ITEM('',(#2295),#2293);
#2297=DIRECTION('',(0.E0,0.E0,1.E0));
#2298=VECTOR('',#2297,2.91E1);
#2299=CARTESIAN_POINT('',(5.E0,2.E0,-2.66E1));
#2300=LINE('',#2299,#2298);
#2301=CURVE_STYLE('',#88,POSITIVE_LENGTH_MEASURE(2.E-2),#2214);
#2302=PRESENTATION_STYLE_ASSIGNMENT((#2301));
#2303=STYLED_ITEM('',(#2302),#2300);
#2304=DIRECTION('',(0.E0,0.E0,-1.E0));
#2305=VECTOR('',#2304,2.91E1);
#2306=CARTESIAN_POINT('',(3.E0,0.E0,2.5E0));
#2307=LINE('',#2306,#2305);
#2308=CURVE_STYLE('',#88,POSITIVE_LENGTH_MEASURE(2.E-2),#2214);
#2309=PRESENTATION_STYLE_ASSIGNMENT((#2308));
#2310=STYLED_ITEM('',(#2309),#2307);
#2311=DIRECTION('',(0.E0,1.E0,0.E0));
#2312=VECTOR('',#2311,2.6E1);
#2313=CARTESIAN_POINT('',(5.E0,2.E0,-2.66E1));
#2314=LINE('',#2313,#2312);
#2315=CURVE_STYLE('',#88,POSITIVE_LENGTH_MEASURE(2.E-2),#2214);
#2316=PRESENTATION_STYLE_ASSIGNMENT((#2315));
#2317=STYLED_ITEM('',(#2316),#2314);
#2318=DIRECTION('',(0.E0,0.E0,1.E0));
#2319=VECTOR('',#2318,2.91E1);
#2320=CARTESIAN_POINT('',(3.E0,3.E1,-2.66E1));
#2321=LINE('',#2320,#2319);
#2322=CURVE_STYLE('',#88,POSITIVE_LENGTH_MEASURE(2.E-2),#2214);
#2323=PRESENTATION_STYLE_ASSIGNMENT((#2322));
#2324=STYLED_ITEM('',(#2323),#2321);
#2325=DIRECTION('',(0.E0,0.E0,-1.E0));
#2326=VECTOR('',#2325,2.91E1);
#2327=CARTESIAN_POINT('',(5.E0,2.8E1,2.5E0));
#2328=LINE('',#2327,#2326);
#2329=CURVE_STYLE('',#88,POSITIVE_LENGTH_MEASURE(2.E-2),#2214);
#2330=PRESENTATION_STYLE_ASSIGNMENT((#2329));
#2331=STYLED_ITEM('',(#2330),#2328);
#2332=DIRECTION('',(-1.E0,0.E0,0.E0));
#2333=VECTOR('',#2332,3.6E1);
#2334=CARTESIAN_POINT('',(3.E0,3.E1,-2.66E1));
#2335=LINE('',#2334,#2333);
#2336=CURVE_STYLE('',#88,POSITIVE_LENGTH_MEASURE(2.E-2),#2214);
#2337=PRESENTATION_STYLE_ASSIGNMENT((#2336));
#2338=STYLED_ITEM('',(#2337),#2335);
#2339=DIRECTION('',(0.E0,0.E0,-1.E0));
#2340=VECTOR('',#2339,1.E0);
#2341=CARTESIAN_POINT('',(-1.E1,3.E1,3.5E0));
#2342=LINE('',#2341,#2340);
#2343=CURVE_STYLE('',#88,POSITIVE_LENGTH_MEASURE(2.E-2),#2214);
#2344=PRESENTATION_STYLE_ASSIGNMENT((#2343));
#2345=STYLED_ITEM('',(#2344),#2342);
#2346=DIRECTION('',(1.E0,0.E0,0.E0));
#2347=VECTOR('',#2346,1.E1);
#2348=CARTESIAN_POINT('',(-2.E1,3.E1,3.5E0));
#2349=LINE('',#2348,#2347);
#2350=CURVE_STYLE('',#88,POSITIVE_LENGTH_MEASURE(2.E-2),#2214);
#2351=PRESENTATION_STYLE_ASSIGNMENT((#2350));
#2352=STYLED_ITEM('',(#2351),#2349);
#2353=CARTESIAN_POINT('',(1.006139616067E-13,3.E1,0.E0));
#2354=DIRECTION('',(0.E0,-1.E0,0.E0));
#2355=DIRECTION('',(1.E0,0.E0,0.E0));
#2356=AXIS2_PLACEMENT_3D('',#2353,#2354,#2355);
#2358=CURVE_STYLE('',#88,POSITIVE_LENGTH_MEASURE(2.E-2),#2214);
#2359=PRESENTATION_STYLE_ASSIGNMENT((#2358));
#2360=STYLED_ITEM('',(#2359),#2357);
#2361=CARTESIAN_POINT('',(1.006139616067E-13,3.E1,0.E0));
#2362=DIRECTION('',(0.E0,-1.E0,0.E0));
#2363=DIRECTION('',(-1.E0,0.E0,0.E0));
#2364=AXIS2_PLACEMENT_3D('',#2361,#2362,#2363);
#2366=CURVE_STYLE('',#88,POSITIVE_LENGTH_MEASURE(2.E-2),#2214);
#2367=PRESENTATION_STYLE_ASSIGNMENT((#2366));
#2368=STYLED_ITEM('',(#2367),#2365);
#2369=CARTESIAN_POINT('',(-3.E1,3.E1,0.E0));
#2370=DIRECTION('',(0.E0,-1.E0,0.E0));
#2371=DIRECTION('',(1.E0,0.E0,0.E0));
#2372=AXIS2_PLACEMENT_3D('',#2369,#2370,#2371);
#2374=CURVE_STYLE('',#88,POSITIVE_LENGTH_MEASURE(2.E-2),#2214);
#2375=PRESENTATION_STYLE_ASSIGNMENT((#2374));
#2376=STYLED_ITEM('',(#2375),#2373);
#2377=CARTESIAN_POINT('',(-3.E1,3.E1,0.E0));
#2378=DIRECTION('',(0.E0,-1.E0,0.E0));
#2379=DIRECTION('',(-1.E0,0.E0,0.E0));
#2380=AXIS2_PLACEMENT_3D('',#2377,#2378,#2379);
#2382=CURVE_STYLE('',#88,POSITIVE_LENGTH_MEASURE(2.E-2),#2214);
#2383=PRESENTATION_STYLE_ASSIGNMENT((#2382));
#2384=STYLED_ITEM('',(#2383),#2381);
#2385=DIRECTION('',(0.E0,0.E0,1.E0));
#2386=VECTOR('',#2385,2.91E1);
#2387=CARTESIAN_POINT('',(-3.5E1,2.8E1,-2.66E1));
#2388=LINE('',#2387,#2386);
#2389=CURVE_STYLE('',#88,POSITIVE_LENGTH_MEASURE(2.E-2),#2214);
#2390=PRESENTATION_STYLE_ASSIGNMENT((#2389));
#2391=STYLED_ITEM('',(#2390),#2388);
#2392=DIRECTION('',(0.E0,0.E0,-1.E0));
#2393=VECTOR('',#2392,2.91E1);
#2394=CARTESIAN_POINT('',(-3.3E1,3.E1,2.5E0));
#2395=LINE('',#2394,#2393);
#2396=CURVE_STYLE('',#88,POSITIVE_LENGTH_MEASURE(2.E-2),#2214);
#2397=PRESENTATION_STYLE_ASSIGNMENT((#2396));
#2398=STYLED_ITEM('',(#2397),#2395);
#2399=CARTESIAN_POINT('',(-3.3E1,2.8E1,-2.66E1));
#2400=DIRECTION('',(0.E0,0.E0,-1.E0));
#2401=DIRECTION('',(-1.E0,-2.664535259100E-14,0.E0));
#2402=AXIS2_PLACEMENT_3D('',#2399,#2400,#2401);
#2404=CURVE_STYLE('',#88,POSITIVE_LENGTH_MEASURE(2.E-2),#2214);
#2405=PRESENTATION_STYLE_ASSIGNMENT((#2404));
#2406=STYLED_ITEM('',(#2405),#2403);
#2407=CARTESIAN_POINT('',(-3.3E1,2.E0,-2.66E1));
#2408=DIRECTION('',(0.E0,0.E0,-1.E0));
#2409=DIRECTION('',(1.421085471520E-14,-1.E0,0.E0));
#2410=AXIS2_PLACEMENT_3D('',#2407,#2408,#2409);
#2412=CURVE_STYLE('',#88,POSITIVE_LENGTH_MEASURE(2.E-2),#2214);
#2413=PRESENTATION_STYLE_ASSIGNMENT((#2412));
#2414=STYLED_ITEM('',(#2413),#2411);
#2415=CARTESIAN_POINT('',(3.E0,2.E0,-2.66E1));
#2416=DIRECTION('',(0.E0,0.E0,-1.E0));
#2417=DIRECTION('',(1.E0,0.E0,0.E0));
#2418=AXIS2_PLACEMENT_3D('',#2415,#2416,#2417);
#2420=CURVE_STYLE('',#88,POSITIVE_LENGTH_MEASURE(2.E-2),#2214);
#2421=PRESENTATION_STYLE_ASSIGNMENT((#2420));
#2422=STYLED_ITEM('',(#2421),#2419);
#2423=CARTESIAN_POINT('',(3.E0,2.8E1,-2.66E1));
#2424=DIRECTION('',(0.E0,0.E0,-1.E0));
#2425=DIRECTION('',(0.E0,1.E0,0.E0));
#2426=AXIS2_PLACEMENT_3D('',#2423,#2424,#2425);
#2428=CURVE_STYLE('',#88,POSITIVE_LENGTH_MEASURE(2.E-2),#2214);
#2429=PRESENTATION_STYLE_ASSIGNMENT((#2428));
#2430=STYLED_ITEM('',(#2429),#2427);
#2431=DIRECTION('',(1.E0,0.E0,0.E0));
#2432=VECTOR('',#2431,3.6E1);
#2433=CARTESIAN_POINT('',(-3.3E1,2.E-1,-2.66E1));
#2434=LINE('',#2433,#2432);
#2435=CURVE_STYLE('',#88,POSITIVE_LENGTH_MEASURE(2.E-2),#2214);
#2436=PRESENTATION_STYLE_ASSIGNMENT((#2435));
#2437=STYLED_ITEM('',(#2436),#2434);
#2438=CARTESIAN_POINT('',(-3.3E1,2.E0,-2.66E1));
#2439=DIRECTION('',(0.E0,0.E0,1.E0));
#2440=DIRECTION('',(-1.E0,0.E0,0.E0));
#2441=AXIS2_PLACEMENT_3D('',#2438,#2439,#2440);
#2443=CURVE_STYLE('',#88,POSITIVE_LENGTH_MEASURE(2.E-2),#2214);
#2444=PRESENTATION_STYLE_ASSIGNMENT((#2443));
#2445=STYLED_ITEM('',(#2444),#2442);
#2446=DIRECTION('',(0.E0,-1.E0,0.E0));
#2447=VECTOR('',#2446,2.6E1);
#2448=CARTESIAN_POINT('',(-3.48E1,2.8E1,-2.66E1));
#2449=LINE('',#2448,#2447);
#2450=CURVE_STYLE('',#88,POSITIVE_LENGTH_MEASURE(2.E-2),#2214);
#2451=PRESENTATION_STYLE_ASSIGNMENT((#2450));
#2452=STYLED_ITEM('',(#2451),#2449);
#2453=CARTESIAN_POINT('',(-3.3E1,2.8E1,-2.66E1));
#2454=DIRECTION('',(0.E0,0.E0,1.E0));
#2455=DIRECTION('',(-1.578983857245E-14,1.E0,0.E0));
#2456=AXIS2_PLACEMENT_3D('',#2453,#2454,#2455);
#2458=CURVE_STYLE('',#88,POSITIVE_LENGTH_MEASURE(2.E-2),#2214);
#2459=PRESENTATION_STYLE_ASSIGNMENT((#2458));
#2460=STYLED_ITEM('',(#2459),#2457);
#2461=DIRECTION('',(-1.E0,0.E0,0.E0));
#2462=VECTOR('',#2461,3.6E1);
#2463=CARTESIAN_POINT('',(3.E0,2.98E1,-2.66E1));
#2464=LINE('',#2463,#2462);
#2465=CURVE_STYLE('',#88,POSITIVE_LENGTH_MEASURE(2.E-2),#2214);
#2466=PRESENTATION_STYLE_ASSIGNMENT((#2465));
#2467=STYLED_ITEM('',(#2466),#2464);
#2468=CARTESIAN_POINT('',(3.E0,2.8E1,-2.66E1));
#2469=DIRECTION('',(0.E0,0.E0,1.E0));
#2470=DIRECTION('',(1.E0,0.E0,0.E0));
#2471=AXIS2_PLACEMENT_3D('',#2468,#2469,#2470);
#2473=CURVE_STYLE('',#88,POSITIVE_LENGTH_MEASURE(2.E-2),#2214);
#2474=PRESENTATION_STYLE_ASSIGNMENT((#2473));
#2475=STYLED_ITEM('',(#2474),#2472);
#2476=DIRECTION('',(0.E0,1.E0,0.E0));
#2477=VECTOR('',#2476,2.6E1);
#2478=CARTESIAN_POINT('',(4.8E0,2.E0,-2.66E1));
#2479=LINE('',#2478,#2477);
#2480=CURVE_STYLE('',#88,POSITIVE_LENGTH_MEASURE(2.E-2),#2214);
#2481=PRESENTATION_STYLE_ASSIGNMENT((#2480));
#2482=STYLED_ITEM('',(#2481),#2479);
#2483=CARTESIAN_POINT('',(3.E0,2.E0,-2.66E1));
#2484=DIRECTION('',(0.E0,0.E0,1.E0));
#2485=DIRECTION('',(0.E0,-1.E0,0.E0));
#2486=AXIS2_PLACEMENT_3D('',#2483,#2484,#2485);
#2488=CURVE_STYLE('',#88,POSITIVE_LENGTH_MEASURE(2.E-2),#2214);
#2489=PRESENTATION_STYLE_ASSIGNMENT((#2488));
#2490=STYLED_ITEM('',(#2489),#2487);
#2491=DIRECTION('',(1.E0,0.E0,0.E0));
#2492=VECTOR('',#2491,3.6E1);
#2493=CARTESIAN_POINT('',(-3.3E1,2.E-1,-2.68E1));
#2494=LINE('',#2493,#2492);
#2495=CURVE_STYLE('',#88,POSITIVE_LENGTH_MEASURE(2.E-2),#2214);
#2496=PRESENTATION_STYLE_ASSIGNMENT((#2495));
#2497=STYLED_ITEM('',(#2496),#2494);
#2498=CARTESIAN_POINT('',(-3.3E1,2.8E1,-2.68E1));
#2499=DIRECTION('',(0.E0,0.E0,1.E0));
#2500=DIRECTION('',(0.E0,1.E0,0.E0));
#2501=AXIS2_PLACEMENT_3D('',#2498,#2499,#2500);
#2503=CURVE_STYLE('',#88,POSITIVE_LENGTH_MEASURE(2.E-2),#2214);
#2504=PRESENTATION_STYLE_ASSIGNMENT((#2503));
#2505=STYLED_ITEM('',(#2504),#2502);
#2506=DIRECTION('',(-1.E0,0.E0,0.E0));
#2507=VECTOR('',#2506,3.6E1);
#2508=CARTESIAN_POINT('',(3.E0,3.E1,-2.68E1));
#2509=LINE('',#2508,#2507);
#2510=CURVE_STYLE('',#88,POSITIVE_LENGTH_MEASURE(2.E-2),#2214);
#2511=PRESENTATION_STYLE_ASSIGNMENT((#2510));
#2512=STYLED_ITEM('',(#2511),#2509);
#2513=CARTESIAN_POINT('',(3.E0,2.8E1,-2.68E1));
#2514=DIRECTION('',(0.E0,0.E0,1.E0));
#2515=DIRECTION('',(1.E0,0.E0,0.E0));
#2516=AXIS2_PLACEMENT_3D('',#2513,#2514,#2515);
#2518=CURVE_STYLE('',#88,POSITIVE_LENGTH_MEASURE(2.E-2),#2214);
#2519=PRESENTATION_STYLE_ASSIGNMENT((#2518));
#2520=STYLED_ITEM('',(#2519),#2517);
#2521=DIRECTION('',(0.E0,1.E0,0.E0));
#2522=VECTOR('',#2521,2.6E1);
#2523=CARTESIAN_POINT('',(5.E0,2.E0,-2.68E1));
#2524=LINE('',#2523,#2522);
#2525=CURVE_STYLE('',#88,POSITIVE_LENGTH_MEASURE(2.E-2),#2214);
#2526=PRESENTATION_STYLE_ASSIGNMENT((#2525));
#2527=STYLED_ITEM('',(#2526),#2524);
#2528=CARTESIAN_POINT('',(3.E0,2.E0,-2.68E1));
#2529=DIRECTION('',(0.E0,0.E0,1.E0));
#2530=DIRECTION('',(0.E0,-1.E0,0.E0));
#2531=AXIS2_PLACEMENT_3D('',#2528,#2529,#2530);
#2533=CURVE_STYLE('',#88,POSITIVE_LENGTH_MEASURE(2.E-2),#2214);
#2534=PRESENTATION_STYLE_ASSIGNMENT((#2533));
#2535=STYLED_ITEM('',(#2534),#2532);
#2536=DIRECTION('',(1.E0,0.E0,0.E0));
#2537=VECTOR('',#2536,3.6E1);
#2538=CARTESIAN_POINT('',(-3.3E1,0.E0,-2.68E1));
#2539=LINE('',#2538,#2537);
#2540=CURVE_STYLE('',#88,POSITIVE_LENGTH_MEASURE(2.E-2),#2214);
#2541=PRESENTATION_STYLE_ASSIGNMENT((#2540));
#2542=STYLED_ITEM('',(#2541),#2539);
#2543=CARTESIAN_POINT('',(-3.3E1,2.E0,-2.68E1));
#2544=DIRECTION('',(0.E0,0.E0,1.E0));
#2545=DIRECTION('',(-1.E0,0.E0,0.E0));
#2546=AXIS2_PLACEMENT_3D('',#2543,#2544,#2545);
#2548=CURVE_STYLE('',#88,POSITIVE_LENGTH_MEASURE(2.E-2),#2214);
#2549=PRESENTATION_STYLE_ASSIGNMENT((#2548));
#2550=STYLED_ITEM('',(#2549),#2547);
#2551=DIRECTION('',(0.E0,-1.E0,0.E0));
#2552=VECTOR('',#2551,2.6E1);
#2553=CARTESIAN_POINT('',(-3.5E1,2.8E1,-2.68E1));
#2554=LINE('',#2553,#2552);
#2555=CURVE_STYLE('',#88,POSITIVE_LENGTH_MEASURE(2.E-2),#2214);
#2556=PRESENTATION_STYLE_ASSIGNMENT((#2555));
#2557=STYLED_ITEM('',(#2556),#2554);
#2558=CARTESIAN_POINT('',(-3.3E1,2.E0,-2.68E1));
#2559=DIRECTION('',(0.E0,0.E0,-1.E0));
#2560=DIRECTION('',(-1.578983857245E-14,-1.E0,0.E0));
#2561=AXIS2_PLACEMENT_3D('',#2558,#2559,#2560);
#2563=CURVE_STYLE('',#88,POSITIVE_LENGTH_MEASURE(2.E-2),#2214);
#2564=PRESENTATION_STYLE_ASSIGNMENT((#2563));
#2565=STYLED_ITEM('',(#2564),#2562);
#2566=CARTESIAN_POINT('',(3.E0,2.E0,-2.68E1));
#2567=DIRECTION('',(0.E0,0.E0,-1.E0));
#2568=DIRECTION('',(1.E0,0.E0,0.E0));
#2569=AXIS2_PLACEMENT_3D('',#2566,#2567,#2568);
#2571=CURVE_STYLE('',#88,POSITIVE_LENGTH_MEASURE(2.E-2),#2214);
#2572=PRESENTATION_STYLE_ASSIGNMENT((#2571));
#2573=STYLED_ITEM('',(#2572),#2570);
#2574=CARTESIAN_POINT('',(3.E0,2.8E1,-2.68E1));
#2575=DIRECTION('',(0.E0,0.E0,-1.E0));
#2576=DIRECTION('',(0.E0,1.E0,0.E0));
#2577=AXIS2_PLACEMENT_3D('',#2574,#2575,#2576);
#2579=CURVE_STYLE('',#88,POSITIVE_LENGTH_MEASURE(2.E-2),#2214);
#2580=PRESENTATION_STYLE_ASSIGNMENT((#2579));
#2581=STYLED_ITEM('',(#2580),#2578);
#2582=CARTESIAN_POINT('',(-3.3E1,2.8E1,-2.68E1));
#2583=DIRECTION('',(0.E0,0.E0,-1.E0));
#2584=DIRECTION('',(-1.E0,0.E0,0.E0));
#2585=AXIS2_PLACEMENT_3D('',#2582,#2583,#2584);
#2587=CURVE_STYLE('',#88,POSITIVE_LENGTH_MEASURE(2.E-2),#2214);
#2588=PRESENTATION_STYLE_ASSIGNMENT((#2587));
#2589=STYLED_ITEM('',(#2588),#2586);
#2590=DIRECTION('',(0.E0,0.E0,1.E0));
#2591=VECTOR('',#2590,1.32E1);
#2592=CARTESIAN_POINT('',(-3.5E1,2.8E1,-4.E1));
#2593=LINE('',#2592,#2591);
#2594=CURVE_STYLE('',#88,POSITIVE_LENGTH_MEASURE(2.E-2),#2214);
#2595=PRESENTATION_STYLE_ASSIGNMENT((#2594));
#2596=STYLED_ITEM('',(#2595),#2593);
#2597=DIRECTION('',(0.E0,0.E0,-1.E0));
#2598=VECTOR('',#2597,1.32E1);
#2599=CARTESIAN_POINT('',(-3.3E1,3.E1,-2.68E1));
#2600=LINE('',#2599,#2598);
#2601=CURVE_STYLE('',#88,POSITIVE_LENGTH_MEASURE(2.E-2),#2214);
#2602=PRESENTATION_STYLE_ASSIGNMENT((#2601));
#2603=STYLED_ITEM('',(#2602),#2600);
#2604=DIRECTION('',(0.E0,0.E0,1.E0));
#2605=VECTOR('',#2604,1.32E1);
#2606=CARTESIAN_POINT('',(-3.3E1,0.E0,-4.E1));
#2607=LINE('',#2606,#2605);
#2608=CURVE_STYLE('',#88,POSITIVE_LENGTH_MEASURE(2.E-2),#2214);
#2609=PRESENTATION_STYLE_ASSIGNMENT((#2608));
#2610=STYLED_ITEM('',(#2609),#2607);
#2611=DIRECTION('',(0.E0,0.E0,-1.E0));
#2612=VECTOR('',#2611,1.32E1);
#2613=CARTESIAN_POINT('',(-3.5E1,2.E0,-2.68E1));
#2614=LINE('',#2613,#2612);
#2615=CURVE_STYLE('',#88,POSITIVE_LENGTH_MEASURE(2.E-2),#2214);
#2616=PRESENTATION_STYLE_ASSIGNMENT((#2615));
#2617=STYLED_ITEM('',(#2616),#2614);
#2618=CARTESIAN_POINT('',(-3.E1,0.E0,-3.6E1));
#2619=DIRECTION('',(0.E0,1.E0,0.E0));
#2620=DIRECTION('',(-1.E0,0.E0,0.E0));
#2621=AXIS2_PLACEMENT_3D('',#2618,#2619,#2620);
#2623=CURVE_STYLE('',#88,POSITIVE_LENGTH_MEASURE(2.E-2),#2214);
#2624=PRESENTATION_STYLE_ASSIGNMENT((#2623));
#2625=STYLED_ITEM('',(#2624),#2622);
#2626=CARTESIAN_POINT('',(-3.E1,0.E0,-3.6E1));
#2627=DIRECTION('',(0.E0,1.E0,0.E0));
#2628=DIRECTION('',(1.E0,0.E0,0.E0));
#2629=AXIS2_PLACEMENT_3D('',#2626,#2627,#2628);
#2631=CURVE_STYLE('',#88,POSITIVE_LENGTH_MEASURE(2.E-2),#2214);
#2632=PRESENTATION_STYLE_ASSIGNMENT((#2631));
#2633=STYLED_ITEM('',(#2632),#2630);
#2634=CARTESIAN_POINT('',(0.E0,0.E0,-3.6E1));
#2635=DIRECTION('',(0.E0,1.E0,0.E0));
#2636=DIRECTION('',(-1.E0,0.E0,0.E0));
#2637=AXIS2_PLACEMENT_3D('',#2634,#2635,#2636);
#2639=CURVE_STYLE('',#88,POSITIVE_LENGTH_MEASURE(2.E-2),#2214);
#2640=PRESENTATION_STYLE_ASSIGNMENT((#2639));
#2641=STYLED_ITEM('',(#2640),#2638);
#2642=CARTESIAN_POINT('',(0.E0,0.E0,-3.6E1));
#2643=DIRECTION('',(0.E0,1.E0,0.E0));
#2644=DIRECTION('',(1.E0,0.E0,0.E0));
#2645=AXIS2_PLACEMENT_3D('',#2642,#2643,#2644);
#2647=CURVE_STYLE('',#88,POSITIVE_LENGTH_MEASURE(2.E-2),#2214);
#2648=PRESENTATION_STYLE_ASSIGNMENT((#2647));
#2649=STYLED_ITEM('',(#2648),#2646);
#2650=DIRECTION('',(0.E0,0.E0,1.E0));
#2651=VECTOR('',#2650,1.32E1);
#2652=CARTESIAN_POINT('',(5.E0,2.E0,-4.E1));
#2653=LINE('',#2652,#2651);
#2654=CURVE_STYLE('',#88,POSITIVE_LENGTH_MEASURE(2.E-2),#2214);
#2655=PRESENTATION_STYLE_ASSIGNMENT((#2654));
#2656=STYLED_ITEM('',(#2655),#2653);
#2657=DIRECTION('',(0.E0,0.E0,-1.E0));
#2658=VECTOR('',#2657,1.32E1);
#2659=CARTESIAN_POINT('',(3.E0,0.E0,-2.68E1));
#2660=LINE('',#2659,#2658);
#2661=CURVE_STYLE('',#88,POSITIVE_LENGTH_MEASURE(2.E-2),#2214);
#2662=PRESENTATION_STYLE_ASSIGNMENT((#2661));
#2663=STYLED_ITEM('',(#2662),#2660);
#2664=DIRECTION('',(0.E0,0.E0,1.E0));
#2665=VECTOR('',#2664,1.32E1);
#2666=CARTESIAN_POINT('',(3.E0,3.E1,-4.E1));
#2667=LINE('',#2666,#2665);
#2668=CURVE_STYLE('',#88,POSITIVE_LENGTH_MEASURE(2.E-2),#2214);
#2669=PRESENTATION_STYLE_ASSIGNMENT((#2668));
#2670=STYLED_ITEM('',(#2669),#2667);
#2671=DIRECTION('',(0.E0,0.E0,-1.E0));
#2672=VECTOR('',#2671,1.32E1);
#2673=CARTESIAN_POINT('',(5.E0,2.8E1,-2.68E1));
#2674=LINE('',#2673,#2672);
#2675=CURVE_STYLE('',#88,POSITIVE_LENGTH_MEASURE(2.E-2),#2214);
#2676=PRESENTATION_STYLE_ASSIGNMENT((#2675));
#2677=STYLED_ITEM('',(#2676),#2674);
#2678=CARTESIAN_POINT('',(9.367506770275E-14,3.E1,-3.6E1));
#2679=DIRECTION('',(0.E0,-1.E0,0.E0));
#2680=DIRECTION('',(1.E0,0.E0,0.E0));
#2681=AXIS2_PLACEMENT_3D('',#2678,#2679,#2680);
#2683=CURVE_STYLE('',#88,POSITIVE_LENGTH_MEASURE(2.E-2),#2214);
#2684=PRESENTATION_STYLE_ASSIGNMENT((#2683));
#2685=STYLED_ITEM('',(#2684),#2682);
#2686=CARTESIAN_POINT('',(9.367506770275E-14,3.E1,-3.6E1));
#2687=DIRECTION('',(0.E0,-1.E0,0.E0));
#2688=DIRECTION('',(-1.E0,0.E0,0.E0));
#2689=AXIS2_PLACEMENT_3D('',#2686,#2687,#2688);
#2691=CURVE_STYLE('',#88,POSITIVE_LENGTH_MEASURE(2.E-2),#2214);
#2692=PRESENTATION_STYLE_ASSIGNMENT((#2691));
#2693=STYLED_ITEM('',(#2692),#2690);
#2694=CARTESIAN_POINT('',(-3.E1,3.E1,-3.6E1));
#2695=DIRECTION('',(0.E0,-1.E0,0.E0));
#2696=DIRECTION('',(1.E0,0.E0,0.E0));
#2697=AXIS2_PLACEMENT_3D('',#2694,#2695,#2696);
#2699=CURVE_STYLE('',#88,POSITIVE_LENGTH_MEASURE(2.E-2),#2214);
#2700=PRESENTATION_STYLE_ASSIGNMENT((#2699));
#2701=STYLED_ITEM('',(#2700),#2698);
#2702=CARTESIAN_POINT('',(-3.E1,3.E1,-3.6E1));
#2703=DIRECTION('',(0.E0,-1.E0,0.E0));
#2704=DIRECTION('',(-1.E0,0.E0,0.E0));
#2705=AXIS2_PLACEMENT_3D('',#2702,#2703,#2704);
#2707=CURVE_STYLE('',#88,POSITIVE_LENGTH_MEASURE(2.E-2),#2214);
#2708=PRESENTATION_STYLE_ASSIGNMENT((#2707));
#2709=STYLED_ITEM('',(#2708),#2706);
#2710=DIRECTION('',(1.E0,0.E0,0.E0));
#2711=VECTOR('',#2710,3.6E1);
#2712=CARTESIAN_POINT('',(-3.3E1,3.E1,-4.E1));
#2713=LINE('',#2712,#2711);
#2714=CURVE_STYLE('',#88,POSITIVE_LENGTH_MEASURE(2.E-2),#2214);
#2715=PRESENTATION_STYLE_ASSIGNMENT((#2714));
#2716=STYLED_ITEM('',(#2715),#2713);
#2717=CARTESIAN_POINT('',(-3.3E1,2.8E1,-4.E1));
#2718=DIRECTION('',(0.E0,0.E0,-1.E0));
#2719=DIRECTION('',(-1.E0,-2.664535259100E-14,0.E0));
#2720=AXIS2_PLACEMENT_3D('',#2717,#2718,#2719);
#2722=CURVE_STYLE('',#88,POSITIVE_LENGTH_MEASURE(2.E-2),#2214);
#2723=PRESENTATION_STYLE_ASSIGNMENT((#2722));
#2724=STYLED_ITEM('',(#2723),#2721);
#2725=DIRECTION('',(0.E0,1.E0,0.E0));
#2726=VECTOR('',#2725,2.6E1);
#2727=CARTESIAN_POINT('',(-3.5E1,2.E0,-4.E1));
#2728=LINE('',#2727,#2726);
#2729=CURVE_STYLE('',#88,POSITIVE_LENGTH_MEASURE(2.E-2),#2214);
#2730=PRESENTATION_STYLE_ASSIGNMENT((#2729));
#2731=STYLED_ITEM('',(#2730),#2728);
#2732=CARTESIAN_POINT('',(-3.3E1,2.E0,-4.E1));
#2733=DIRECTION('',(0.E0,0.E0,-1.E0));
#2734=DIRECTION('',(0.E0,-1.E0,0.E0));
#2735=AXIS2_PLACEMENT_3D('',#2732,#2733,#2734);
#2737=CURVE_STYLE('',#88,POSITIVE_LENGTH_MEASURE(2.E-2),#2214);
#2738=PRESENTATION_STYLE_ASSIGNMENT((#2737));
#2739=STYLED_ITEM('',(#2738),#2736);
#2740=DIRECTION('',(-1.E0,0.E0,0.E0));
#2741=VECTOR('',#2740,3.6E1);
#2742=CARTESIAN_POINT('',(3.E0,0.E0,-4.E1));
#2743=LINE('',#2742,#2741);
#2744=CURVE_STYLE('',#88,POSITIVE_LENGTH_MEASURE(2.E-2),#2214);
#2745=PRESENTATION_STYLE_ASSIGNMENT((#2744));
#2746=STYLED_ITEM('',(#2745),#2743);
#2747=CARTESIAN_POINT('',(3.E0,2.E0,-4.E1));
#2748=DIRECTION('',(0.E0,0.E0,-1.E0));
#2749=DIRECTION('',(1.E0,0.E0,0.E0));
#2750=AXIS2_PLACEMENT_3D('',#2747,#2748,#2749);
#2752=CURVE_STYLE('',#88,POSITIVE_LENGTH_MEASURE(2.E-2),#2214);
#2753=PRESENTATION_STYLE_ASSIGNMENT((#2752));
#2754=STYLED_ITEM('',(#2753),#2751);
#2755=DIRECTION('',(0.E0,-1.E0,0.E0));
#2756=VECTOR('',#2755,2.6E1);
#2757=CARTESIAN_POINT('',(5.E0,2.8E1,-4.E1));
#2758=LINE('',#2757,#2756);
#2759=CURVE_STYLE('',#88,POSITIVE_LENGTH_MEASURE(2.E-2),#2214);
#2760=PRESENTATION_STYLE_ASSIGNMENT((#2759));
#2761=STYLED_ITEM('',(#2760),#2758);
#2762=CARTESIAN_POINT('',(3.E0,2.8E1,-4.E1));
#2763=DIRECTION('',(0.E0,0.E0,-1.E0));
#2764=DIRECTION('',(0.E0,1.E0,0.E0));
#2765=AXIS2_PLACEMENT_3D('',#2762,#2763,#2764);
#2767=CURVE_STYLE('',#88,POSITIVE_LENGTH_MEASURE(2.E-2),#2214);
#2768=PRESENTATION_STYLE_ASSIGNMENT((#2767));
#2769=STYLED_ITEM('',(#2768),#2766);
#2770=DIRECTION('',(1.E0,0.E0,0.E0));
#2771=VECTOR('',#2770,3.5E0);
#2772=CARTESIAN_POINT('',(-2.7E1,1.75E1,-4.E1));
#2773=LINE('',#2772,#2771);
#2774=CURVE_STYLE('',#88,POSITIVE_LENGTH_MEASURE(2.E-2),#2214);
#2775=PRESENTATION_STYLE_ASSIGNMENT((#2774));
#2776=STYLED_ITEM('',(#2775),#2773);
#2777=DIRECTION('',(0.E0,-1.E0,0.E0));
#2778=VECTOR('',#2777,6.E0);
#2779=CARTESIAN_POINT('',(-2.7E1,2.35E1,-4.E1));
#2780=LINE('',#2779,#2778);
#2781=CURVE_STYLE('',#88,POSITIVE_LENGTH_MEASURE(2.E-2),#2214);
#2782=PRESENTATION_STYLE_ASSIGNMENT((#2781));
#2783=STYLED_ITEM('',(#2782),#2780);
#2784=DIRECTION('',(-1.E0,0.E0,0.E0));
#2785=VECTOR('',#2784,3.5E0);
#2786=CARTESIAN_POINT('',(-2.35E1,2.35E1,-4.E1));
#2787=LINE('',#2786,#2785);
#2788=CURVE_STYLE('',#88,POSITIVE_LENGTH_MEASURE(2.E-2),#2214);
#2789=PRESENTATION_STYLE_ASSIGNMENT((#2788));
#2790=STYLED_ITEM('',(#2789),#2787);
#2791=DIRECTION('',(0.E0,1.E0,0.E0));
#2792=VECTOR('',#2791,6.E0);
#2793=CARTESIAN_POINT('',(-2.35E1,1.75E1,-4.E1));
#2794=LINE('',#2793,#2792);
#2795=CURVE_STYLE('',#88,POSITIVE_LENGTH_MEASURE(2.E-2),#2214);
#2796=PRESENTATION_STYLE_ASSIGNMENT((#2795));
#2797=STYLED_ITEM('',(#2796),#2794);
#2798=DIRECTION('',(1.E0,0.E0,0.E0));
#2799=VECTOR('',#2798,1.67E1);
#2800=CARTESIAN_POINT('',(-2.335E1,1.7E1,-3.999999999997E1));
#2801=LINE('',#2800,#2799);
#2802=CURVE_STYLE('',#88,POSITIVE_LENGTH_MEASURE(2.E-2),#2214);
#2803=PRESENTATION_STYLE_ASSIGNMENT((#2802));
#2804=STYLED_ITEM('',(#2803),#2801);
#2805=DIRECTION('',(0.E0,-1.E0,0.E0));
#2806=VECTOR('',#2805,1.17E1);
#2807=CARTESIAN_POINT('',(-2.335E1,2.87E1,-3.999999999997E1));
#2808=LINE('',#2807,#2806);
#2809=CURVE_STYLE('',#88,POSITIVE_LENGTH_MEASURE(2.E-2),#2214);
#2810=PRESENTATION_STYLE_ASSIGNMENT((#2809));
#2811=STYLED_ITEM('',(#2810),#2808);
#2812=DIRECTION('',(-1.E0,0.E0,0.E0));
#2813=VECTOR('',#2812,1.67E1);
#2814=CARTESIAN_POINT('',(-6.65E0,2.87E1,-3.999999999997E1));
#2815=LINE('',#2814,#2813);
#2816=CURVE_STYLE('',#88,POSITIVE_LENGTH_MEASURE(2.E-2),#2214);
#2817=PRESENTATION_STYLE_ASSIGNMENT((#2816));
#2818=STYLED_ITEM('',(#2817),#2815);
#2819=DIRECTION('',(0.E0,1.E0,0.E0));
#2820=VECTOR('',#2819,1.17E1);
#2821=CARTESIAN_POINT('',(-6.65E0,1.7E1,-3.999999999997E1));
#2822=LINE('',#2821,#2820);
#2823=CURVE_STYLE('',#88,POSITIVE_LENGTH_MEASURE(2.E-2),#2214);
#2824=PRESENTATION_STYLE_ASSIGNMENT((#2823));
#2825=STYLED_ITEM('',(#2824),#2822);
#2826=CARTESIAN_POINT('',(-3.1E1,2.18E1,-4.E1));
#2827=DIRECTION('',(0.E0,0.E0,1.E0));
#2828=DIRECTION('',(1.E0,0.E0,0.E0));
#2829=AXIS2_PLACEMENT_3D('',#2826,#2827,#2828);
#2831=CURVE_STYLE('',#88,POSITIVE_LENGTH_MEASURE(2.E-2),#2214);
#2832=PRESENTATION_STYLE_ASSIGNMENT((#2831));
#2833=STYLED_ITEM('',(#2832),#2830);
#2834=CARTESIAN_POINT('',(-3.1E1,2.18E1,-4.E1));
#2835=DIRECTION('',(0.E0,0.E0,1.E0));
#2836=DIRECTION('',(-1.E0,0.E0,0.E0));
#2837=AXIS2_PLACEMENT_3D('',#2834,#2835,#2836);
#2839=CURVE_STYLE('',#88,POSITIVE_LENGTH_MEASURE(2.E-2),#2214);
#2840=PRESENTATION_STYLE_ASSIGNMENT((#2839));
#2841=STYLED_ITEM('',(#2840),#2838);
#2842=CARTESIAN_POINT('',(1.E0,2.18E1,-4.E1));
#2843=DIRECTION('',(0.E0,0.E0,1.E0));
#2844=DIRECTION('',(1.E0,0.E0,0.E0));
#2845=AXIS2_PLACEMENT_3D('',#2842,#2843,#2844);
#2847=CURVE_STYLE('',#88,POSITIVE_LENGTH_MEASURE(2.E-2),#2214);
#2848=PRESENTATION_STYLE_ASSIGNMENT((#2847));
#2849=STYLED_ITEM('',(#2848),#2846);
#2850=CARTESIAN_POINT('',(1.E0,2.18E1,-4.E1));
#2851=DIRECTION('',(0.E0,0.E0,1.E0));
#2852=DIRECTION('',(-1.E0,0.E0,0.E0));
#2853=AXIS2_PLACEMENT_3D('',#2850,#2851,#2852);
#2855=CURVE_STYLE('',#88,POSITIVE_LENGTH_MEASURE(2.E-2),#2214);
#2856=PRESENTATION_STYLE_ASSIGNMENT((#2855));
#2857=STYLED_ITEM('',(#2856),#2854);
#2858=CARTESIAN_POINT('',(1.E0,8.2E0,-4.E1));
#2859=DIRECTION('',(0.E0,0.E0,1.E0));
#2860=DIRECTION('',(1.E0,0.E0,0.E0));
#2861=AXIS2_PLACEMENT_3D('',#2858,#2859,#2860);
#2863=CURVE_STYLE('',#88,POSITIVE_LENGTH_MEASURE(2.E-2),#2214);
#2864=PRESENTATION_STYLE_ASSIGNMENT((#2863));
#2865=STYLED_ITEM('',(#2864),#2862);
#2866=CARTESIAN_POINT('',(1.E0,8.2E0,-4.E1));
#2867=DIRECTION('',(0.E0,0.E0,1.E0));
#2868=DIRECTION('',(-1.E0,0.E0,0.E0));
#2869=AXIS2_PLACEMENT_3D('',#2866,#2867,#2868);
#2871=CURVE_STYLE('',#88,POSITIVE_LENGTH_MEASURE(2.E-2),#2214);
#2872=PRESENTATION_STYLE_ASSIGNMENT((#2871));
#2873=STYLED_ITEM('',(#2872),#2870);
#2874=CARTESIAN_POINT('',(-3.1E1,8.2E0,-4.E1));
#2875=DIRECTION('',(0.E0,0.E0,1.E0));
#2876=DIRECTION('',(1.E0,0.E0,0.E0));
#2877=AXIS2_PLACEMENT_3D('',#2874,#2875,#2876);
#2879=CURVE_STYLE('',#88,POSITIVE_LENGTH_MEASURE(2.E-2),#2214);
#2880=PRESENTATION_STYLE_ASSIGNMENT((#2879));
#2881=STYLED_ITEM('',(#2880),#2878);
#2882=CARTESIAN_POINT('',(-3.1E1,8.2E0,-4.E1));
#2883=DIRECTION('',(0.E0,0.E0,1.E0));
#2884=DIRECTION('',(-1.E0,0.E0,0.E0));
#2885=AXIS2_PLACEMENT_3D('',#2882,#2883,#2884);
#2887=CURVE_STYLE('',#88,POSITIVE_LENGTH_MEASURE(2.E-2),#2214);
#2888=PRESENTATION_STYLE_ASSIGNMENT((#2887));
#2889=STYLED_ITEM('',(#2888),#2886);
#2890=CARTESIAN_POINT('',(-1.6E1,7.5E0,-4.E1));
#2891=DIRECTION('',(0.E0,0.E0,1.E0));
#2892=DIRECTION('',(-1.E0,0.E0,0.E0));
#2893=AXIS2_PLACEMENT_3D('',#2890,#2891,#2892);
#2895=CURVE_STYLE('',#88,POSITIVE_LENGTH_MEASURE(2.E-2),#2214);
#2896=PRESENTATION_STYLE_ASSIGNMENT((#2895));
#2897=STYLED_ITEM('',(#2896),#2894);
#2898=CARTESIAN_POINT('',(-1.6E1,7.5E0,-4.E1));
#2899=DIRECTION('',(0.E0,0.E0,1.E0));
#2900=DIRECTION('',(1.E0,0.E0,0.E0));
#2901=AXIS2_PLACEMENT_3D('',#2898,#2899,#2900);
#2903=CURVE_STYLE('',#88,POSITIVE_LENGTH_MEASURE(2.E-2),#2214);
#2904=PRESENTATION_STYLE_ASSIGNMENT((#2903));
#2905=STYLED_ITEM('',(#2904),#2902);
#2906=DIRECTION('',(-1.E0,0.E0,0.E0));
#2907=VECTOR('',#2906,3.5E0);
#2908=CARTESIAN_POINT('',(-3.E0,2.35E1,-4.E1));
#2909=LINE('',#2908,#2907);
#2910=CURVE_STYLE('',#88,POSITIVE_LENGTH_MEASURE(2.E-2),#2214);
#2911=PRESENTATION_STYLE_ASSIGNMENT((#2910));
#2912=STYLED_ITEM('',(#2911),#2909);
#2913=DIRECTION('',(0.E0,1.E0,0.E0));
#2914=VECTOR('',#2913,6.E0);
#2915=CARTESIAN_POINT('',(-3.E0,1.75E1,-4.E1));
#2916=LINE('',#2915,#2914);
#2917=CURVE_STYLE('',#88,POSITIVE_LENGTH_MEASURE(2.E-2),#2214);
#2918=PRESENTATION_STYLE_ASSIGNMENT((#2917));
#2919=STYLED_ITEM('',(#2918),#2916);
#2920=DIRECTION('',(1.E0,0.E0,0.E0));
#2921=VECTOR('',#2920,3.5E0);
#2922=CARTESIAN_POINT('',(-6.5E0,1.75E1,-4.E1));
#2923=LINE('',#2922,#2921);
#2924=CURVE_STYLE('',#88,POSITIVE_LENGTH_MEASURE(2.E-2),#2214);
#2925=PRESENTATION_STYLE_ASSIGNMENT((#2924));
#2926=STYLED_ITEM('',(#2925),#2923);
#2927=DIRECTION('',(0.E0,-1.E0,0.E0));
#2928=VECTOR('',#2927,6.E0);
#2929=CARTESIAN_POINT('',(-6.5E0,2.35E1,-4.E1));
#2930=LINE('',#2929,#2928);
#2931=CURVE_STYLE('',#88,POSITIVE_LENGTH_MEASURE(2.E-2),#2214);
#2932=PRESENTATION_STYLE_ASSIGNMENT((#2931));
#2933=STYLED_ITEM('',(#2932),#2930);
#2934=DIRECTION('',(1.E0,0.E0,0.E0));
#2935=VECTOR('',#2934,3.5E0);
#2936=CARTESIAN_POINT('',(-2.7E1,1.75E1,-4.1E1));
#2937=LINE('',#2936,#2935);
#2938=CURVE_STYLE('',#88,POSITIVE_LENGTH_MEASURE(2.E-2),#2214);
#2939=PRESENTATION_STYLE_ASSIGNMENT((#2938));
#2940=STYLED_ITEM('',(#2939),#2937);
#2941=DIRECTION('',(0.E0,0.E0,-1.E0));
#2942=VECTOR('',#2941,1.E0);
#2943=CARTESIAN_POINT('',(-2.7E1,1.75E1,-4.E1));
#2944=LINE('',#2943,#2942);
#2945=CURVE_STYLE('',#88,POSITIVE_LENGTH_MEASURE(2.E-2),#2214);
#2946=PRESENTATION_STYLE_ASSIGNMENT((#2945));
#2947=STYLED_ITEM('',(#2946),#2944);
#2948=DIRECTION('',(0.E0,1.E0,0.E0));
#2949=VECTOR('',#2948,6.E0);
#2950=CARTESIAN_POINT('',(-2.35E1,1.75E1,-4.1E1));
#2951=LINE('',#2950,#2949);
#2952=CURVE_STYLE('',#88,POSITIVE_LENGTH_MEASURE(2.E-2),#2214);
#2953=PRESENTATION_STYLE_ASSIGNMENT((#2952));
#2954=STYLED_ITEM('',(#2953),#2951);
#2955=DIRECTION('',(0.E0,0.E0,-1.E0));
#2956=VECTOR('',#2955,1.E0);
#2957=CARTESIAN_POINT('',(-2.35E1,1.75E1,-4.E1));
#2958=LINE('',#2957,#2956);
#2959=CURVE_STYLE('',#88,POSITIVE_LENGTH_MEASURE(2.E-2),#2214);
#2960=PRESENTATION_STYLE_ASSIGNMENT((#2959));
#2961=STYLED_ITEM('',(#2960),#2958);
#2962=DIRECTION('',(-1.E0,0.E0,0.E0));
#2963=VECTOR('',#2962,3.5E0);
#2964=CARTESIAN_POINT('',(-2.35E1,2.35E1,-4.1E1));
#2965=LINE('',#2964,#2963);
#2966=CURVE_STYLE('',#88,POSITIVE_LENGTH_MEASURE(2.E-2),#2214);
#2967=PRESENTATION_STYLE_ASSIGNMENT((#2966));
#2968=STYLED_ITEM('',(#2967),#2965);
#2969=DIRECTION('',(0.E0,0.E0,-1.E0));
#2970=VECTOR('',#2969,1.E0);
#2971=CARTESIAN_POINT('',(-2.35E1,2.35E1,-4.E1));
#2972=LINE('',#2971,#2970);
#2973=CURVE_STYLE('',#88,POSITIVE_LENGTH_MEASURE(2.E-2),#2214);
#2974=PRESENTATION_STYLE_ASSIGNMENT((#2973));
#2975=STYLED_ITEM('',(#2974),#2972);
#2976=DIRECTION('',(0.E0,-1.E0,0.E0));
#2977=VECTOR('',#2976,6.E0);
#2978=CARTESIAN_POINT('',(-2.7E1,2.35E1,-4.1E1));
#2979=LINE('',#2978,#2977);
#2980=CURVE_STYLE('',#88,POSITIVE_LENGTH_MEASURE(2.E-2),#2214);
#2981=PRESENTATION_STYLE_ASSIGNMENT((#2980));
#2982=STYLED_ITEM('',(#2981),#2979);
#2983=DIRECTION('',(0.E0,0.E0,-1.E0));
#2984=VECTOR('',#2983,1.E0);
#2985=CARTESIAN_POINT('',(-2.7E1,2.35E1,-4.E1));
#2986=LINE('',#2985,#2984);
#2987=CURVE_STYLE('',#88,POSITIVE_LENGTH_MEASURE(2.E-2),#2214);
#2988=PRESENTATION_STYLE_ASSIGNMENT((#2987));
#2989=STYLED_ITEM('',(#2988),#2986);
#2990=CARTESIAN_POINT('',(-2.5E1,2.2E1,-4.1E1));
#2991=DIRECTION('',(0.E0,0.E0,1.E0));
#2992=DIRECTION('',(1.E0,0.E0,0.E0));
#2993=AXIS2_PLACEMENT_3D('',#2990,#2991,#2992);
#2995=CURVE_STYLE('',#88,POSITIVE_LENGTH_MEASURE(2.E-2),#2214);
#2996=PRESENTATION_STYLE_ASSIGNMENT((#2995));
#2997=STYLED_ITEM('',(#2996),#2994);
#2998=CARTESIAN_POINT('',(-2.5E1,2.2E1,-4.1E1));
#2999=DIRECTION('',(0.E0,0.E0,1.E0));
#3000=DIRECTION('',(-1.E0,0.E0,0.E0));
#3001=AXIS2_PLACEMENT_3D('',#2998,#2999,#3000);
#3003=CURVE_STYLE('',#88,POSITIVE_LENGTH_MEASURE(2.E-2),#2214);
#3004=PRESENTATION_STYLE_ASSIGNMENT((#3003));
#3005=STYLED_ITEM('',(#3004),#3002);
#3006=DIRECTION('',(0.E0,0.E0,1.E0));
#3007=VECTOR('',#3006,4.E0);
#3008=CARTESIAN_POINT('',(-2.4E1,2.2E1,-4.1E1));
#3009=LINE('',#3008,#3007);
#3010=CURVE_STYLE('',#88,POSITIVE_LENGTH_MEASURE(2.E-2),#2214);
#3011=PRESENTATION_STYLE_ASSIGNMENT((#3010));
#3012=STYLED_ITEM('',(#3011),#3009);
#3013=DIRECTION('',(0.E0,0.E0,1.E0));
#3014=VECTOR('',#3013,4.E0);
#3015=CARTESIAN_POINT('',(-2.6E1,2.2E1,-4.1E1));
#3016=LINE('',#3015,#3014);
#3017=CURVE_STYLE('',#88,POSITIVE_LENGTH_MEASURE(2.E-2),#2214);
#3018=PRESENTATION_STYLE_ASSIGNMENT((#3017));
#3019=STYLED_ITEM('',(#3018),#3016);
#3020=CARTESIAN_POINT('',(-2.5E1,2.2E1,-3.7E1));
#3021=DIRECTION('',(0.E0,0.E0,-1.E0));
#3022=DIRECTION('',(-1.E0,0.E0,0.E0));
#3023=AXIS2_PLACEMENT_3D('',#3020,#3021,#3022);
#3025=CURVE_STYLE('',#88,POSITIVE_LENGTH_MEASURE(2.E-2),#2214);
#3026=PRESENTATION_STYLE_ASSIGNMENT((#3025));
#3027=STYLED_ITEM('',(#3026),#3024);
#3028=CARTESIAN_POINT('',(-2.5E1,2.2E1,-3.7E1));
#3029=DIRECTION('',(0.E0,0.E0,-1.E0));
#3030=DIRECTION('',(1.E0,0.E0,0.E0));
#3031=AXIS2_PLACEMENT_3D('',#3028,#3029,#3030);
#3033=CURVE_STYLE('',#88,POSITIVE_LENGTH_MEASURE(2.E-2),#2214);
#3034=PRESENTATION_STYLE_ASSIGNMENT((#3033));
#3035=STYLED_ITEM('',(#3034),#3032);
#3036=DIRECTION('',(1.E0,0.E0,0.E0));
#3037=VECTOR('',#3036,1.67E1);
#3038=CARTESIAN_POINT('',(-2.335E1,1.7E1,-3.899999999995E1));
#3039=LINE('',#3038,#3037);
#3040=CURVE_STYLE('',#88,POSITIVE_LENGTH_MEASURE(2.E-2),#2214);
#3041=PRESENTATION_STYLE_ASSIGNMENT((#3040));
#3042=STYLED_ITEM('',(#3041),#3039);
#3043=DIRECTION('',(0.E0,0.E0,1.E0));
#3044=VECTOR('',#3043,1.000000000015E0);
#3045=CARTESIAN_POINT('',(-2.335E1,1.7E1,-3.999999999997E1));
#3046=LINE('',#3045,#3044);
#3047=CURVE_STYLE('',#88,POSITIVE_LENGTH_MEASURE(2.E-2),#2214);
#3048=PRESENTATION_STYLE_ASSIGNMENT((#3047));
#3049=STYLED_ITEM('',(#3048),#3046);
#3050=DIRECTION('',(0.E0,1.E0,0.E0));
#3051=VECTOR('',#3050,1.17E1);
#3052=CARTESIAN_POINT('',(-6.65E0,1.7E1,-3.899999999995E1));
#3053=LINE('',#3052,#3051);
#3054=CURVE_STYLE('',#88,POSITIVE_LENGTH_MEASURE(2.E-2),#2214);
#3055=PRESENTATION_STYLE_ASSIGNMENT((#3054));
#3056=STYLED_ITEM('',(#3055),#3053);
#3057=DIRECTION('',(0.E0,0.E0,1.E0));
#3058=VECTOR('',#3057,1.000000000015E0);
#3059=CARTESIAN_POINT('',(-6.65E0,1.7E1,-3.999999999997E1));
#3060=LINE('',#3059,#3058);
#3061=CURVE_STYLE('',#88,POSITIVE_LENGTH_MEASURE(2.E-2),#2214);
#3062=PRESENTATION_STYLE_ASSIGNMENT((#3061));
#3063=STYLED_ITEM('',(#3062),#3060);
#3064=DIRECTION('',(-1.E0,0.E0,0.E0));
#3065=VECTOR('',#3064,1.67E1);
#3066=CARTESIAN_POINT('',(-6.65E0,2.87E1,-3.899999999995E1));
#3067=LINE('',#3066,#3065);
#3068=CURVE_STYLE('',#88,POSITIVE_LENGTH_MEASURE(2.E-2),#2214);
#3069=PRESENTATION_STYLE_ASSIGNMENT((#3068));
#3070=STYLED_ITEM('',(#3069),#3067);
#3071=DIRECTION('',(0.E0,0.E0,1.E0));
#3072=VECTOR('',#3071,1.000000000015E0);
#3073=CARTESIAN_POINT('',(-6.65E0,2.87E1,-3.999999999997E1));
#3074=LINE('',#3073,#3072);
#3075=CURVE_STYLE('',#88,POSITIVE_LENGTH_MEASURE(2.E-2),#2214);
#3076=PRESENTATION_STYLE_ASSIGNMENT((#3075));
#3077=STYLED_ITEM('',(#3076),#3074);
#3078=DIRECTION('',(0.E0,-1.E0,0.E0));
#3079=VECTOR('',#3078,1.17E1);
#3080=CARTESIAN_POINT('',(-2.335E1,2.87E1,-3.899999999995E1));
#3081=LINE('',#3080,#3079);
#3082=CURVE_STYLE('',#88,POSITIVE_LENGTH_MEASURE(2.E-2),#2214);
#3083=PRESENTATION_STYLE_ASSIGNMENT((#3082));
#3084=STYLED_ITEM('',(#3083),#3081);
#3085=DIRECTION('',(0.E0,0.E0,1.E0));
#3086=VECTOR('',#3085,1.000000000015E0);
#3087=CARTESIAN_POINT('',(-2.335E1,2.87E1,-3.999999999997E1));
#3088=LINE('',#3087,#3086);
#3089=CURVE_STYLE('',#88,POSITIVE_LENGTH_MEASURE(2.E-2),#2214);
#3090=PRESENTATION_STYLE_ASSIGNMENT((#3089));
#3091=STYLED_ITEM('',(#3090),#3088);
#3092=DIRECTION('',(0.E0,-1.E0,0.E0));
#3093=VECTOR('',#3092,1.13E1);
#3094=CARTESIAN_POINT('',(-2.3E1,2.85E1,-3.899999999995E1));
#3095=LINE('',#3094,#3093);
#3096=CURVE_STYLE('',#88,POSITIVE_LENGTH_MEASURE(2.E-2),#2214);
#3097=PRESENTATION_STYLE_ASSIGNMENT((#3096));
#3098=STYLED_ITEM('',(#3097),#3095);
#3099=DIRECTION('',(-1.E0,0.E0,0.E0));
#3100=VECTOR('',#3099,1.6E1);
#3101=CARTESIAN_POINT('',(-7.E0,2.85E1,-3.899999999995E1));
#3102=LINE('',#3101,#3100);
#3103=CURVE_STYLE('',#88,POSITIVE_LENGTH_MEASURE(2.E-2),#2214);
#3104=PRESENTATION_STYLE_ASSIGNMENT((#3103));
#3105=STYLED_ITEM('',(#3104),#3102);
#3106=DIRECTION('',(0.E0,1.E0,0.E0));
#3107=VECTOR('',#3106,1.13E1);
#3108=CARTESIAN_POINT('',(-7.E0,1.72E1,-3.899999999995E1));
#3109=LINE('',#3108,#3107);
#3110=CURVE_STYLE('',#88,POSITIVE_LENGTH_MEASURE(2.E-2),#2214);
#3111=PRESENTATION_STYLE_ASSIGNMENT((#3110));
#3112=STYLED_ITEM('',(#3111),#3109);
#3113=DIRECTION('',(1.E0,0.E0,0.E0));
#3114=VECTOR('',#3113,1.6E1);
#3115=CARTESIAN_POINT('',(-2.3E1,1.72E1,-3.899999999995E1));
#3116=LINE('',#3115,#3114);
#3117=CURVE_STYLE('',#88,POSITIVE_LENGTH_MEASURE(2.E-2),#2214);
#3118=PRESENTATION_STYLE_ASSIGNMENT((#3117));
#3119=STYLED_ITEM('',(#3118),#3116);
#3120=DIRECTION('',(0.E0,0.E0,-1.E0));
#3121=VECTOR('',#3120,1.100000000046E0);
#3122=CARTESIAN_POINT('',(-2.3E1,2.85E1,-3.899999999995E1));
#3123=LINE('',#3122,#3121);
#3124=CURVE_STYLE('',#88,POSITIVE_LENGTH_MEASURE(2.E-2),#2214);
#3125=PRESENTATION_STYLE_ASSIGNMENT((#3124));
#3126=STYLED_ITEM('',(#3125),#3123);
#3127=DIRECTION('',(0.E0,-1.E0,0.E0));
#3128=VECTOR('',#3127,1.13E1);
#3129=CARTESIAN_POINT('',(-2.3E1,2.85E1,-4.01E1));
#3130=LINE('',#3129,#3128);
#3131=CURVE_STYLE('',#88,POSITIVE_LENGTH_MEASURE(2.E-2),#2214);
#3132=PRESENTATION_STYLE_ASSIGNMENT((#3131));
#3133=STYLED_ITEM('',(#3132),#3130);
#3134=DIRECTION('',(0.E0,0.E0,-1.E0));
#3135=VECTOR('',#3134,1.100000000046E0);
#3136=CARTESIAN_POINT('',(-7.E0,2.85E1,-3.899999999995E1));
#3137=LINE('',#3136,#3135);
#3138=CURVE_STYLE('',#88,POSITIVE_LENGTH_MEASURE(2.E-2),#2214);
#3139=PRESENTATION_STYLE_ASSIGNMENT((#3138));
#3140=STYLED_ITEM('',(#3139),#3137);
#3141=DIRECTION('',(-1.E0,0.E0,0.E0));
#3142=VECTOR('',#3141,1.6E1);
#3143=CARTESIAN_POINT('',(-7.E0,2.85E1,-4.01E1));
#3144=LINE('',#3143,#3142);
#3145=CURVE_STYLE('',#88,POSITIVE_LENGTH_MEASURE(2.E-2),#2214);
#3146=PRESENTATION_STYLE_ASSIGNMENT((#3145));
#3147=STYLED_ITEM('',(#3146),#3144);
#3148=DIRECTION('',(0.E0,0.E0,-1.E0));
#3149=VECTOR('',#3148,1.100000000046E0);
#3150=CARTESIAN_POINT('',(-7.E0,1.72E1,-3.899999999995E1));
#3151=LINE('',#3150,#3149);
#3152=CURVE_STYLE('',#88,POSITIVE_LENGTH_MEASURE(2.E-2),#2214);
#3153=PRESENTATION_STYLE_ASSIGNMENT((#3152));
#3154=STYLED_ITEM('',(#3153),#3151);
#3155=DIRECTION('',(0.E0,1.E0,0.E0));
#3156=VECTOR('',#3155,1.13E1);
#3157=CARTESIAN_POINT('',(-7.E0,1.72E1,-4.01E1));
#3158=LINE('',#3157,#3156);
#3159=CURVE_STYLE('',#88,POSITIVE_LENGTH_MEASURE(2.E-2),#2214);
#3160=PRESENTATION_STYLE_ASSIGNMENT((#3159));
#3161=STYLED_ITEM('',(#3160),#3158);
#3162=DIRECTION('',(0.E0,0.E0,-1.E0));
#3163=VECTOR('',#3162,1.100000000046E0);
#3164=CARTESIAN_POINT('',(-2.3E1,1.72E1,-3.899999999995E1));
#3165=LINE('',#3164,#3163);
#3166=CURVE_STYLE('',#88,POSITIVE_LENGTH_MEASURE(2.E-2),#2214);
#3167=PRESENTATION_STYLE_ASSIGNMENT((#3166));
#3168=STYLED_ITEM('',(#3167),#3165);
#3169=DIRECTION('',(1.E0,0.E0,0.E0));
#3170=VECTOR('',#3169,1.6E1);
#3171=CARTESIAN_POINT('',(-2.3E1,1.72E1,-4.01E1));
#3172=LINE('',#3171,#3170);
#3173=CURVE_STYLE('',#88,POSITIVE_LENGTH_MEASURE(2.E-2),#2214);
#3174=PRESENTATION_STYLE_ASSIGNMENT((#3173));
#3175=STYLED_ITEM('',(#3174),#3172);
#3176=DIRECTION('',(0.E0,-1.E0,0.E0));
#3177=VECTOR('',#3176,1.3E0);
#3178=CARTESIAN_POINT('',(-1.05E1,2.785E1,-4.01E1));
#3179=LINE('',#3178,#3177);
#3180=CURVE_STYLE('',#88,POSITIVE_LENGTH_MEASURE(2.E-2),#2214);
#3181=PRESENTATION_STYLE_ASSIGNMENT((#3180));
#3182=STYLED_ITEM('',(#3181),#3179);
#3183=DIRECTION('',(-1.E0,0.E0,0.E0));
#3184=VECTOR('',#3183,2.5E0);
#3185=CARTESIAN_POINT('',(-8.E0,2.785E1,-4.01E1));
#3186=LINE('',#3185,#3184);
#3187=CURVE_STYLE('',#88,POSITIVE_LENGTH_MEASURE(2.E-2),#2214);
#3188=PRESENTATION_STYLE_ASSIGNMENT((#3187));
#3189=STYLED_ITEM('',(#3188),#3186);
#3190=DIRECTION('',(0.E0,1.E0,0.E0));
#3191=VECTOR('',#3190,1.3E0);
#3192=CARTESIAN_POINT('',(-8.E0,2.655E1,-4.01E1));
#3193=LINE('',#3192,#3191);
#3194=CURVE_STYLE('',#88,POSITIVE_LENGTH_MEASURE(2.E-2),#2214);
#3195=PRESENTATION_STYLE_ASSIGNMENT((#3194));
#3196=STYLED_ITEM('',(#3195),#3193);
#3197=DIRECTION('',(1.E0,0.E0,0.E0));
#3198=VECTOR('',#3197,2.5E0);
#3199=CARTESIAN_POINT('',(-1.05E1,2.655E1,-4.01E1));
#3200=LINE('',#3199,#3198);
#3201=CURVE_STYLE('',#88,POSITIVE_LENGTH_MEASURE(2.E-2),#2214);
#3202=PRESENTATION_STYLE_ASSIGNMENT((#3201));
#3203=STYLED_ITEM('',(#3202),#3200);
#3204=DIRECTION('',(0.E0,-1.E0,0.E0));
#3205=VECTOR('',#3204,1.3E0);
#3206=CARTESIAN_POINT('',(-2.2E1,2.785E1,-4.01E1));
#3207=LINE('',#3206,#3205);
#3208=CURVE_STYLE('',#88,POSITIVE_LENGTH_MEASURE(2.E-2),#2214);
#3209=PRESENTATION_STYLE_ASSIGNMENT((#3208));
#3210=STYLED_ITEM('',(#3209),#3207);
#3211=DIRECTION('',(-1.E0,0.E0,0.E0));
#3212=VECTOR('',#3211,2.5E0);
#3213=CARTESIAN_POINT('',(-1.95E1,2.785E1,-4.01E1));
#3214=LINE('',#3213,#3212);
#3215=CURVE_STYLE('',#88,POSITIVE_LENGTH_MEASURE(2.E-2),#2214);
#3216=PRESENTATION_STYLE_ASSIGNMENT((#3215));
#3217=STYLED_ITEM('',(#3216),#3214);
#3218=DIRECTION('',(0.E0,1.E0,0.E0));
#3219=VECTOR('',#3218,1.3E0);
#3220=CARTESIAN_POINT('',(-1.95E1,2.655E1,-4.01E1));
#3221=LINE('',#3220,#3219);
#3222=CURVE_STYLE('',#88,POSITIVE_LENGTH_MEASURE(2.E-2),#2214);
#3223=PRESENTATION_STYLE_ASSIGNMENT((#3222));
#3224=STYLED_ITEM('',(#3223),#3221);
#3225=DIRECTION('',(1.E0,0.E0,0.E0));
#3226=VECTOR('',#3225,2.5E0);
#3227=CARTESIAN_POINT('',(-2.2E1,2.655E1,-4.01E1));
#3228=LINE('',#3227,#3226);
#3229=CURVE_STYLE('',#88,POSITIVE_LENGTH_MEASURE(2.E-2),#2214);
#3230=PRESENTATION_STYLE_ASSIGNMENT((#3229));
#3231=STYLED_ITEM('',(#3230),#3228);
#3232=DIRECTION('',(-1.E0,0.E0,0.E0));
#3233=VECTOR('',#3232,1.15E0);
#3234=CARTESIAN_POINT('',(-1.7E1,2.64E1,-4.01E1));
#3235=LINE('',#3234,#3233);
#3236=CURVE_STYLE('',#88,POSITIVE_LENGTH_MEASURE(2.E-2),#2214);
#3237=PRESENTATION_STYLE_ASSIGNMENT((#3236));
#3238=STYLED_ITEM('',(#3237),#3235);
#3239=DIRECTION('',(0.E0,-1.E0,0.E0));
#3240=VECTOR('',#3239,1.5E0);
#3241=CARTESIAN_POINT('',(-1.7E1,2.79E1,-4.01E1));
#3242=LINE('',#3241,#3240);
#3243=CURVE_STYLE('',#88,POSITIVE_LENGTH_MEASURE(2.E-2),#2214);
#3244=PRESENTATION_STYLE_ASSIGNMENT((#3243));
#3245=STYLED_ITEM('',(#3244),#3242);
#3246=DIRECTION('',(-1.E0,0.E0,0.E0));
#3247=VECTOR('',#3246,4.E0);
#3248=CARTESIAN_POINT('',(-1.3E1,2.79E1,-4.01E1));
#3249=LINE('',#3248,#3247);
#3250=CURVE_STYLE('',#88,POSITIVE_LENGTH_MEASURE(2.E-2),#2214);
#3251=PRESENTATION_STYLE_ASSIGNMENT((#3250));
#3252=STYLED_ITEM('',(#3251),#3249);
#3253=DIRECTION('',(0.E0,1.E0,0.E0));
#3254=VECTOR('',#3253,1.5E0);
#3255=CARTESIAN_POINT('',(-1.3E1,2.64E1,-4.01E1));
#3256=LINE('',#3255,#3254);
#3257=CURVE_STYLE('',#88,POSITIVE_LENGTH_MEASURE(2.E-2),#2214);
#3258=PRESENTATION_STYLE_ASSIGNMENT((#3257));
#3259=STYLED_ITEM('',(#3258),#3256);
#3260=DIRECTION('',(-1.E0,0.E0,0.E0));
#3261=VECTOR('',#3260,1.15E0);
#3262=CARTESIAN_POINT('',(-1.185E1,2.64E1,-4.01E1));
#3263=LINE('',#3262,#3261);
#3264=CURVE_STYLE('',#88,POSITIVE_LENGTH_MEASURE(2.E-2),#2214);
#3265=PRESENTATION_STYLE_ASSIGNMENT((#3264));
#3266=STYLED_ITEM('',(#3265),#3263);
#3267=DIRECTION('',(0.E0,1.E0,0.E0));
#3268=VECTOR('',#3267,1.5E0);
#3269=CARTESIAN_POINT('',(-1.185E1,2.49E1,-4.01E1));
#3270=LINE('',#3269,#3268);
#3271=CURVE_STYLE('',#88,POSITIVE_LENGTH_MEASURE(2.E-2),#2214);
#3272=PRESENTATION_STYLE_ASSIGNMENT((#3271));
#3273=STYLED_ITEM('',(#3272),#3270);
#3274=DIRECTION('',(-1.E0,0.E0,0.E0));
#3275=VECTOR('',#3274,2.85E0);
#3276=CARTESIAN_POINT('',(-9.E0,2.49E1,-4.01E1));
#3277=LINE('',#3276,#3275);
#3278=CURVE_STYLE('',#88,POSITIVE_LENGTH_MEASURE(2.E-2),#2214);
#3279=PRESENTATION_STYLE_ASSIGNMENT((#3278));
#3280=STYLED_ITEM('',(#3279),#3277);
#3281=DIRECTION('',(0.E0,1.E0,0.E0));
#3282=VECTOR('',#3281,6.7E0);
#3283=CARTESIAN_POINT('',(-9.E0,1.82E1,-4.01E1));
#3284=LINE('',#3283,#3282);
#3285=CURVE_STYLE('',#88,POSITIVE_LENGTH_MEASURE(2.E-2),#2214);
#3286=PRESENTATION_STYLE_ASSIGNMENT((#3285));
#3287=STYLED_ITEM('',(#3286),#3284);
#3288=DIRECTION('',(1.E0,0.E0,0.E0));
#3289=VECTOR('',#3288,1.2E1);
#3290=CARTESIAN_POINT('',(-2.1E1,1.82E1,-4.01E1));
#3291=LINE('',#3290,#3289);
#3292=CURVE_STYLE('',#88,POSITIVE_LENGTH_MEASURE(2.E-2),#2214);
#3293=PRESENTATION_STYLE_ASSIGNMENT((#3292));
#3294=STYLED_ITEM('',(#3293),#3291);
#3295=DIRECTION('',(0.E0,-1.E0,0.E0));
#3296=VECTOR('',#3295,6.7E0);
#3297=CARTESIAN_POINT('',(-2.1E1,2.49E1,-4.01E1));
#3298=LINE('',#3297,#3296);
#3299=CURVE_STYLE('',#88,POSITIVE_LENGTH_MEASURE(2.E-2),#2214);
#3300=PRESENTATION_STYLE_ASSIGNMENT((#3299));
#3301=STYLED_ITEM('',(#3300),#3298);
#3302=DIRECTION('',(-1.E0,0.E0,0.E0));
#3303=VECTOR('',#3302,2.85E0);
#3304=CARTESIAN_POINT('',(-1.815E1,2.49E1,-4.01E1));
#3305=LINE('',#3304,#3303);
#3306=CURVE_STYLE('',#88,POSITIVE_LENGTH_MEASURE(2.E-2),#2214);
#3307=PRESENTATION_STYLE_ASSIGNMENT((#3306));
#3308=STYLED_ITEM('',(#3307),#3305);
#3309=DIRECTION('',(0.E0,-1.E0,0.E0));
#3310=VECTOR('',#3309,1.5E0);
#3311=CARTESIAN_POINT('',(-1.815E1,2.64E1,-4.01E1));
#3312=LINE('',#3311,#3310);
#3313=CURVE_STYLE('',#88,POSITIVE_LENGTH_MEASURE(2.E-2),#2214);
#3314=PRESENTATION_STYLE_ASSIGNMENT((#3313));
#3315=STYLED_ITEM('',(#3314),#3312);
#3316=DIRECTION('',(0.E0,0.E0,1.E0));
#3317=VECTOR('',#3316,2.E-1);
#3318=CARTESIAN_POINT('',(-1.05E1,2.785E1,-4.01E1));
#3319=LINE('',#3318,#3317);
#3320=CURVE_STYLE('',#88,POSITIVE_LENGTH_MEASURE(2.E-2),#2214);
#3321=PRESENTATION_STYLE_ASSIGNMENT((#3320));
#3322=STYLED_ITEM('',(#3321),#3319);
#3323=DIRECTION('',(0.E0,1.E0,0.E0));
#3324=VECTOR('',#3323,1.3E0);
#3325=CARTESIAN_POINT('',(-1.05E1,2.655E1,-3.99E1));
#3326=LINE('',#3325,#3324);
#3327=CURVE_STYLE('',#88,POSITIVE_LENGTH_MEASURE(2.E-2),#2214);
#3328=PRESENTATION_STYLE_ASSIGNMENT((#3327));
#3329=STYLED_ITEM('',(#3328),#3326);
#3330=DIRECTION('',(-1.E0,0.E0,0.E0));
#3331=VECTOR('',#3330,2.5E0);
#3332=CARTESIAN_POINT('',(-8.E0,2.655E1,-3.99E1));
#3333=LINE('',#3332,#3331);
#3334=CURVE_STYLE('',#88,POSITIVE_LENGTH_MEASURE(2.E-2),#2214);
#3335=PRESENTATION_STYLE_ASSIGNMENT((#3334));
#3336=STYLED_ITEM('',(#3335),#3333);
#3337=DIRECTION('',(0.E0,-1.E0,0.E0));
#3338=VECTOR('',#3337,1.3E0);
#3339=CARTESIAN_POINT('',(-8.E0,2.785E1,-3.99E1));
#3340=LINE('',#3339,#3338);
#3341=CURVE_STYLE('',#88,POSITIVE_LENGTH_MEASURE(2.E-2),#2214);
#3342=PRESENTATION_STYLE_ASSIGNMENT((#3341));
#3343=STYLED_ITEM('',(#3342),#3340);
#3344=DIRECTION('',(1.E0,0.E0,0.E0));
#3345=VECTOR('',#3344,2.5E0);
#3346=CARTESIAN_POINT('',(-1.05E1,2.785E1,-3.99E1));
#3347=LINE('',#3346,#3345);
#3348=CURVE_STYLE('',#88,POSITIVE_LENGTH_MEASURE(2.E-2),#2214);
#3349=PRESENTATION_STYLE_ASSIGNMENT((#3348));
#3350=STYLED_ITEM('',(#3349),#3347);
#3351=DIRECTION('',(0.E0,0.E0,1.E0));
#3352=VECTOR('',#3351,2.E-1);
#3353=CARTESIAN_POINT('',(-1.05E1,2.655E1,-4.01E1));
#3354=LINE('',#3353,#3352);
#3355=CURVE_STYLE('',#88,POSITIVE_LENGTH_MEASURE(2.E-2),#2214);
#3356=PRESENTATION_STYLE_ASSIGNMENT((#3355));
#3357=STYLED_ITEM('',(#3356),#3354);
#3358=DIRECTION('',(0.E0,0.E0,1.E0));
#3359=VECTOR('',#3358,2.E-1);
#3360=CARTESIAN_POINT('',(-8.E0,2.655E1,-4.01E1));
#3361=LINE('',#3360,#3359);
#3362=CURVE_STYLE('',#88,POSITIVE_LENGTH_MEASURE(2.E-2),#2214);
#3363=PRESENTATION_STYLE_ASSIGNMENT((#3362));
#3364=STYLED_ITEM('',(#3363),#3361);
#3365=DIRECTION('',(0.E0,0.E0,1.E0));
#3366=VECTOR('',#3365,2.E-1);
#3367=CARTESIAN_POINT('',(-8.E0,2.785E1,-4.01E1));
#3368=LINE('',#3367,#3366);
#3369=CURVE_STYLE('',#88,POSITIVE_LENGTH_MEASURE(2.E-2),#2214);
#3370=PRESENTATION_STYLE_ASSIGNMENT((#3369));
#3371=STYLED_ITEM('',(#3370),#3368);
#3372=DIRECTION('',(0.E0,-1.E0,0.E0));
#3373=VECTOR('',#3372,1.3E0);
#3374=CARTESIAN_POINT('',(-2.2E1,2.785E1,-3.99E1));
#3375=LINE('',#3374,#3373);
#3376=CURVE_STYLE('',#88,POSITIVE_LENGTH_MEASURE(2.E-2),#2214);
#3377=PRESENTATION_STYLE_ASSIGNMENT((#3376));
#3378=STYLED_ITEM('',(#3377),#3375);
#3379=DIRECTION('',(0.E0,0.E0,1.E0));
#3380=VECTOR('',#3379,2.E-1);
#3381=CARTESIAN_POINT('',(-2.2E1,2.785E1,-4.01E1));
#3382=LINE('',#3381,#3380);
#3383=CURVE_STYLE('',#88,POSITIVE_LENGTH_MEASURE(2.E-2),#2214);
#3384=PRESENTATION_STYLE_ASSIGNMENT((#3383));
#3385=STYLED_ITEM('',(#3384),#3382);
#3386=DIRECTION('',(1.E0,0.E0,0.E0));
#3387=VECTOR('',#3386,2.5E0);
#3388=CARTESIAN_POINT('',(-2.2E1,2.655E1,-3.99E1));
#3389=LINE('',#3388,#3387);
#3390=CURVE_STYLE('',#88,POSITIVE_LENGTH_MEASURE(2.E-2),#2214);
#3391=PRESENTATION_STYLE_ASSIGNMENT((#3390));
#3392=STYLED_ITEM('',(#3391),#3389);
#3393=DIRECTION('',(0.E0,0.E0,1.E0));
#3394=VECTOR('',#3393,2.E-1);
#3395=CARTESIAN_POINT('',(-2.2E1,2.655E1,-4.01E1));
#3396=LINE('',#3395,#3394);
#3397=CURVE_STYLE('',#88,POSITIVE_LENGTH_MEASURE(2.E-2),#2214);
#3398=PRESENTATION_STYLE_ASSIGNMENT((#3397));
#3399=STYLED_ITEM('',(#3398),#3396);
#3400=DIRECTION('',(0.E0,1.E0,0.E0));
#3401=VECTOR('',#3400,1.3E0);
#3402=CARTESIAN_POINT('',(-1.95E1,2.655E1,-3.99E1));
#3403=LINE('',#3402,#3401);
#3404=CURVE_STYLE('',#88,POSITIVE_LENGTH_MEASURE(2.E-2),#2214);
#3405=PRESENTATION_STYLE_ASSIGNMENT((#3404));
#3406=STYLED_ITEM('',(#3405),#3403);
#3407=DIRECTION('',(0.E0,0.E0,1.E0));
#3408=VECTOR('',#3407,2.E-1);
#3409=CARTESIAN_POINT('',(-1.95E1,2.655E1,-4.01E1));
#3410=LINE('',#3409,#3408);
#3411=CURVE_STYLE('',#88,POSITIVE_LENGTH_MEASURE(2.E-2),#2214);
#3412=PRESENTATION_STYLE_ASSIGNMENT((#3411));
#3413=STYLED_ITEM('',(#3412),#3410);
#3414=DIRECTION('',(-1.E0,0.E0,0.E0));
#3415=VECTOR('',#3414,2.5E0);
#3416=CARTESIAN_POINT('',(-1.95E1,2.785E1,-3.99E1));
#3417=LINE('',#3416,#3415);
#3418=CURVE_STYLE('',#88,POSITIVE_LENGTH_MEASURE(2.E-2),#2214);
#3419=PRESENTATION_STYLE_ASSIGNMENT((#3418));
#3420=STYLED_ITEM('',(#3419),#3417);
#3421=DIRECTION('',(0.E0,0.E0,1.E0));
#3422=VECTOR('',#3421,2.E-1);
#3423=CARTESIAN_POINT('',(-1.95E1,2.785E1,-4.01E1));
#3424=LINE('',#3423,#3422);
#3425=CURVE_STYLE('',#88,POSITIVE_LENGTH_MEASURE(2.E-2),#2214);
#3426=PRESENTATION_STYLE_ASSIGNMENT((#3425));
#3427=STYLED_ITEM('',(#3426),#3424);
#3428=DIRECTION('',(-1.E0,0.E0,0.E0));
#3429=VECTOR('',#3428,1.15E0);
#3430=CARTESIAN_POINT('',(-1.7E1,2.64E1,-3.304E1));
#3431=LINE('',#3430,#3429);
#3432=CURVE_STYLE('',#88,POSITIVE_LENGTH_MEASURE(2.E-2),#2214);
#3433=PRESENTATION_STYLE_ASSIGNMENT((#3432));
#3434=STYLED_ITEM('',(#3433),#3431);
#3435=DIRECTION('',(0.E0,0.E0,1.E0));
#3436=VECTOR('',#3435,7.06E0);
#3437=CARTESIAN_POINT('',(-1.7E1,2.64E1,-4.01E1));
#3438=LINE('',#3437,#3436);
#3439=CURVE_STYLE('',#88,POSITIVE_LENGTH_MEASURE(2.E-2),#2214);
#3440=PRESENTATION_STYLE_ASSIGNMENT((#3439));
#3441=STYLED_ITEM('',(#3440),#3438);
#3442=DIRECTION('',(0.E0,-1.E0,0.E0));
#3443=VECTOR('',#3442,1.5E0);
#3444=CARTESIAN_POINT('',(-1.815E1,2.64E1,-3.304E1));
#3445=LINE('',#3444,#3443);
#3446=CURVE_STYLE('',#88,POSITIVE_LENGTH_MEASURE(2.E-2),#2214);
#3447=PRESENTATION_STYLE_ASSIGNMENT((#3446));
#3448=STYLED_ITEM('',(#3447),#3445);
#3449=DIRECTION('',(0.E0,0.E0,1.E0));
#3450=VECTOR('',#3449,7.06E0);
#3451=CARTESIAN_POINT('',(-1.815E1,2.64E1,-4.01E1));
#3452=LINE('',#3451,#3450);
#3453=CURVE_STYLE('',#88,POSITIVE_LENGTH_MEASURE(2.E-2),#2214);
#3454=PRESENTATION_STYLE_ASSIGNMENT((#3453));
#3455=STYLED_ITEM('',(#3454),#3452);
#3456=DIRECTION('',(-1.E0,0.E0,0.E0));
#3457=VECTOR('',#3456,2.85E0);
#3458=CARTESIAN_POINT('',(-1.815E1,2.49E1,-3.304E1));
#3459=LINE('',#3458,#3457);
#3460=CURVE_STYLE('',#88,POSITIVE_LENGTH_MEASURE(2.E-2),#2214);
#3461=PRESENTATION_STYLE_ASSIGNMENT((#3460));
#3462=STYLED_ITEM('',(#3461),#3459);
#3463=DIRECTION('',(0.E0,0.E0,1.E0));
#3464=VECTOR('',#3463,7.06E0);
#3465=CARTESIAN_POINT('',(-1.815E1,2.49E1,-4.01E1));
#3466=LINE('',#3465,#3464);
#3467=CURVE_STYLE('',#88,POSITIVE_LENGTH_MEASURE(2.E-2),#2214);
#3468=PRESENTATION_STYLE_ASSIGNMENT((#3467));
#3469=STYLED_ITEM('',(#3468),#3466);
#3470=DIRECTION('',(0.E0,-1.E0,0.E0));
#3471=VECTOR('',#3470,6.7E0);
#3472=CARTESIAN_POINT('',(-2.1E1,2.49E1,-3.304E1));
#3473=LINE('',#3472,#3471);
#3474=CURVE_STYLE('',#88,POSITIVE_LENGTH_MEASURE(2.E-2),#2214);
#3475=PRESENTATION_STYLE_ASSIGNMENT((#3474));
#3476=STYLED_ITEM('',(#3475),#3473);
#3477=DIRECTION('',(0.E0,0.E0,1.E0));
#3478=VECTOR('',#3477,7.06E0);
#3479=CARTESIAN_POINT('',(-2.1E1,2.49E1,-4.01E1));
#3480=LINE('',#3479,#3478);
#3481=CURVE_STYLE('',#88,POSITIVE_LENGTH_MEASURE(2.E-2),#2214);
#3482=PRESENTATION_STYLE_ASSIGNMENT((#3481));
#3483=STYLED_ITEM('',(#3482),#3480);
#3484=DIRECTION('',(1.E0,0.E0,0.E0));
#3485=VECTOR('',#3484,1.2E1);
#3486=CARTESIAN_POINT('',(-2.1E1,1.82E1,-3.304E1));
#3487=LINE('',#3486,#3485);
#3488=CURVE_STYLE('',#88,POSITIVE_LENGTH_MEASURE(2.E-2),#2214);
#3489=PRESENTATION_STYLE_ASSIGNMENT((#3488));
#3490=STYLED_ITEM('',(#3489),#3487);
#3491=DIRECTION('',(0.E0,0.E0,1.E0));
#3492=VECTOR('',#3491,7.06E0);
#3493=CARTESIAN_POINT('',(-2.1E1,1.82E1,-4.01E1));
#3494=LINE('',#3493,#3492);
#3495=CURVE_STYLE('',#88,POSITIVE_LENGTH_MEASURE(2.E-2),#2214);
#3496=PRESENTATION_STYLE_ASSIGNMENT((#3495));
#3497=STYLED_ITEM('',(#3496),#3494);
#3498=DIRECTION('',(0.E0,1.E0,0.E0));
#3499=VECTOR('',#3498,6.7E0);
#3500=CARTESIAN_POINT('',(-9.E0,1.82E1,-3.304E1));
#3501=LINE('',#3500,#3499);
#3502=CURVE_STYLE('',#88,POSITIVE_LENGTH_MEASURE(2.E-2),#2214);
#3503=PRESENTATION_STYLE_ASSIGNMENT((#3502));
#3504=STYLED_ITEM('',(#3503),#3501);
#3505=DIRECTION('',(0.E0,0.E0,1.E0));
#3506=VECTOR('',#3505,7.06E0);
#3507=CARTESIAN_POINT('',(-9.E0,1.82E1,-4.01E1));
#3508=LINE('',#3507,#3506);
#3509=CURVE_STYLE('',#88,POSITIVE_LENGTH_MEASURE(2.E-2),#2214);
#3510=PRESENTATION_STYLE_ASSIGNMENT((#3509));
#3511=STYLED_ITEM('',(#3510),#3508);
#3512=DIRECTION('',(-1.E0,0.E0,0.E0));
#3513=VECTOR('',#3512,2.85E0);
#3514=CARTESIAN_POINT('',(-9.E0,2.49E1,-3.304E1));
#3515=LINE('',#3514,#3513);
#3516=CURVE_STYLE('',#88,POSITIVE_LENGTH_MEASURE(2.E-2),#2214);
#3517=PRESENTATION_STYLE_ASSIGNMENT((#3516));
#3518=STYLED_ITEM('',(#3517),#3515);
#3519=DIRECTION('',(0.E0,0.E0,1.E0));
#3520=VECTOR('',#3519,7.06E0);
#3521=CARTESIAN_POINT('',(-9.E0,2.49E1,-4.01E1));
#3522=LINE('',#3521,#3520);
#3523=CURVE_STYLE('',#88,POSITIVE_LENGTH_MEASURE(2.E-2),#2214);
#3524=PRESENTATION_STYLE_ASSIGNMENT((#3523));
#3525=STYLED_ITEM('',(#3524),#3522);
#3526=DIRECTION('',(0.E0,1.E0,0.E0));
#3527=VECTOR('',#3526,1.5E0);
#3528=CARTESIAN_POINT('',(-1.185E1,2.49E1,-3.304E1));
#3529=LINE('',#3528,#3527);
#3530=CURVE_STYLE('',#88,POSITIVE_LENGTH_MEASURE(2.E-2),#2214);
#3531=PRESENTATION_STYLE_ASSIGNMENT((#3530));
#3532=STYLED_ITEM('',(#3531),#3529);
#3533=DIRECTION('',(0.E0,0.E0,1.E0));
#3534=VECTOR('',#3533,7.06E0);
#3535=CARTESIAN_POINT('',(-1.185E1,2.49E1,-4.01E1));
#3536=LINE('',#3535,#3534);
#3537=CURVE_STYLE('',#88,POSITIVE_LENGTH_MEASURE(2.E-2),#2214);
#3538=PRESENTATION_STYLE_ASSIGNMENT((#3537));
#3539=STYLED_ITEM('',(#3538),#3536);
#3540=DIRECTION('',(-1.E0,0.E0,0.E0));
#3541=VECTOR('',#3540,1.15E0);
#3542=CARTESIAN_POINT('',(-1.185E1,2.64E1,-3.304E1));
#3543=LINE('',#3542,#3541);
#3544=CURVE_STYLE('',#88,POSITIVE_LENGTH_MEASURE(2.E-2),#2214);
#3545=PRESENTATION_STYLE_ASSIGNMENT((#3544));
#3546=STYLED_ITEM('',(#3545),#3543);
#3547=DIRECTION('',(0.E0,0.E0,1.E0));
#3548=VECTOR('',#3547,7.06E0);
#3549=CARTESIAN_POINT('',(-1.185E1,2.64E1,-4.01E1));
#3550=LINE('',#3549,#3548);
#3551=CURVE_STYLE('',#88,POSITIVE_LENGTH_MEASURE(2.E-2),#2214);
#3552=PRESENTATION_STYLE_ASSIGNMENT((#3551));
#3553=STYLED_ITEM('',(#3552),#3550);
#3554=DIRECTION('',(0.E0,1.E0,0.E0));
#3555=VECTOR('',#3554,1.5E0);
#3556=CARTESIAN_POINT('',(-1.3E1,2.64E1,-3.304E1));
#3557=LINE('',#3556,#3555);
#3558=CURVE_STYLE('',#88,POSITIVE_LENGTH_MEASURE(2.E-2),#2214);
#3559=PRESENTATION_STYLE_ASSIGNMENT((#3558));
#3560=STYLED_ITEM('',(#3559),#3557);
#3561=DIRECTION('',(0.E0,0.E0,1.E0));
#3562=VECTOR('',#3561,7.06E0);
#3563=CARTESIAN_POINT('',(-1.3E1,2.64E1,-4.01E1));
#3564=LINE('',#3563,#3562);
#3565=CURVE_STYLE('',#88,POSITIVE_LENGTH_MEASURE(2.E-2),#2214);
#3566=PRESENTATION_STYLE_ASSIGNMENT((#3565));
#3567=STYLED_ITEM('',(#3566),#3564);
#3568=DIRECTION('',(-1.E0,0.E0,0.E0));
#3569=VECTOR('',#3568,4.E0);
#3570=CARTESIAN_POINT('',(-1.3E1,2.79E1,-3.304E1));
#3571=LINE('',#3570,#3569);
#3572=CURVE_STYLE('',#88,POSITIVE_LENGTH_MEASURE(2.E-2),#2214);
#3573=PRESENTATION_STYLE_ASSIGNMENT((#3572));
#3574=STYLED_ITEM('',(#3573),#3571);
#3575=DIRECTION('',(0.E0,0.E0,1.E0));
#3576=VECTOR('',#3575,7.06E0);
#3577=CARTESIAN_POINT('',(-1.3E1,2.79E1,-4.01E1));
#3578=LINE('',#3577,#3576);
#3579=CURVE_STYLE('',#88,POSITIVE_LENGTH_MEASURE(2.E-2),#2214);
#3580=PRESENTATION_STYLE_ASSIGNMENT((#3579));
#3581=STYLED_ITEM('',(#3580),#3578);
#3582=DIRECTION('',(0.E0,-1.E0,0.E0));
#3583=VECTOR('',#3582,1.5E0);
#3584=CARTESIAN_POINT('',(-1.7E1,2.79E1,-3.304E1));
#3585=LINE('',#3584,#3583);
#3586=CURVE_STYLE('',#88,POSITIVE_LENGTH_MEASURE(2.E-2),#2214);
#3587=PRESENTATION_STYLE_ASSIGNMENT((#3586));
#3588=STYLED_ITEM('',(#3587),#3585);
#3589=DIRECTION('',(0.E0,0.E0,1.E0));
#3590=VECTOR('',#3589,7.06E0);
#3591=CARTESIAN_POINT('',(-1.7E1,2.79E1,-4.01E1));
#3592=LINE('',#3591,#3590);
#3593=CURVE_STYLE('',#88,POSITIVE_LENGTH_MEASURE(2.E-2),#2214);
#3594=PRESENTATION_STYLE_ASSIGNMENT((#3593));
#3595=STYLED_ITEM('',(#3594),#3592);
#3596=DIRECTION('',(0.E0,0.E0,1.E0));
#3597=VECTOR('',#3596,5.E-1);
#3598=CARTESIAN_POINT('',(-2.855E1,2.18E1,-4.E1));
#3599=LINE('',#3598,#3597);
#3600=CURVE_STYLE('',#88,POSITIVE_LENGTH_MEASURE(2.E-2),#2214);
#3601=PRESENTATION_STYLE_ASSIGNMENT((#3600));
#3602=STYLED_ITEM('',(#3601),#3599);
#3603=DIRECTION('',(0.E0,0.E0,1.E0));
#3604=VECTOR('',#3603,5.E-1);
#3605=CARTESIAN_POINT('',(-3.345E1,2.18E1,-4.E1));
#3606=LINE('',#3605,#3604);
#3607=CURVE_STYLE('',#88,POSITIVE_LENGTH_MEASURE(2.E-2),#2214);
#3608=PRESENTATION_STYLE_ASSIGNMENT((#3607));
#3609=STYLED_ITEM('',(#3608),#3606);
#3610=CARTESIAN_POINT('',(-3.1E1,2.18E1,-3.95E1));
#3611=DIRECTION('',(0.E0,0.E0,-1.E0));
#3612=DIRECTION('',(-1.E0,0.E0,0.E0));
#3613=AXIS2_PLACEMENT_3D('',#3610,#3611,#3612);
#3615=CURVE_STYLE('',#88,POSITIVE_LENGTH_MEASURE(2.E-2),#2214);
#3616=PRESENTATION_STYLE_ASSIGNMENT((#3615));
#3617=STYLED_ITEM('',(#3616),#3614);
#3618=CARTESIAN_POINT('',(-3.1E1,2.18E1,-3.95E1));
#3619=DIRECTION('',(0.E0,0.E0,-1.E0));
#3620=DIRECTION('',(1.E0,0.E0,0.E0));
#3621=AXIS2_PLACEMENT_3D('',#3618,#3619,#3620);
#3623=CURVE_STYLE('',#88,POSITIVE_LENGTH_MEASURE(2.E-2),#2214);
#3624=PRESENTATION_STYLE_ASSIGNMENT((#3623));
#3625=STYLED_ITEM('',(#3624),#3622);
#3626=CARTESIAN_POINT('',(-3.1E1,2.18E1,-3.95E1));
#3627=DIRECTION('',(0.E0,0.E0,1.E0));
#3628=DIRECTION('',(-1.E0,0.E0,0.E0));
#3629=AXIS2_PLACEMENT_3D('',#3626,#3627,#3628);
#3631=CURVE_STYLE('',#88,POSITIVE_LENGTH_MEASURE(2.E-2),#2214);
#3632=PRESENTATION_STYLE_ASSIGNMENT((#3631));
#3633=STYLED_ITEM('',(#3632),#3630);
#3634=CARTESIAN_POINT('',(-3.1E1,2.18E1,-3.95E1));
#3635=DIRECTION('',(0.E0,0.E0,1.E0));
#3636=DIRECTION('',(1.E0,0.E0,0.E0));
#3637=AXIS2_PLACEMENT_3D('',#3634,#3635,#3636);
#3639=CURVE_STYLE('',#88,POSITIVE_LENGTH_MEASURE(2.E-2),#2214);
#3640=PRESENTATION_STYLE_ASSIGNMENT((#3639));
#3641=STYLED_ITEM('',(#3640),#3638);
#3642=DIRECTION('',(0.E0,0.E0,-1.E0));
#3643=VECTOR('',#3642,3.E-1);
#3644=CARTESIAN_POINT('',(-3.325E1,2.18E1,-3.95E1));
#3645=LINE('',#3644,#3643);
#3646=CURVE_STYLE('',#88,POSITIVE_LENGTH_MEASURE(2.E-2),#2214);
#3647=PRESENTATION_STYLE_ASSIGNMENT((#3646));
#3648=STYLED_ITEM('',(#3647),#3645);
#3649=DIRECTION('',(0.E0,0.E0,-1.E0));
#3650=VECTOR('',#3649,3.E-1);
#3651=CARTESIAN_POINT('',(-2.875E1,2.18E1,-3.95E1));
#3652=LINE('',#3651,#3650);
#3653=CURVE_STYLE('',#88,POSITIVE_LENGTH_MEASURE(2.E-2),#2214);
#3654=PRESENTATION_STYLE_ASSIGNMENT((#3653));
#3655=STYLED_ITEM('',(#3654),#3652);
#3656=CARTESIAN_POINT('',(-3.1E1,2.18E1,-3.98E1));
#3657=DIRECTION('',(0.E0,0.E0,-1.E0));
#3658=DIRECTION('',(-1.E0,0.E0,0.E0));
#3659=AXIS2_PLACEMENT_3D('',#3656,#3657,#3658);
#3661=CURVE_STYLE('',#88,POSITIVE_LENGTH_MEASURE(2.E-2),#2214);
#3662=PRESENTATION_STYLE_ASSIGNMENT((#3661));
#3663=STYLED_ITEM('',(#3662),#3660);
#3664=CARTESIAN_POINT('',(-3.1E1,2.18E1,-3.98E1));
#3665=DIRECTION('',(0.E0,0.E0,-1.E0));
#3666=DIRECTION('',(1.E0,0.E0,0.E0));
#3667=AXIS2_PLACEMENT_3D('',#3664,#3665,#3666);
#3669=CURVE_STYLE('',#88,POSITIVE_LENGTH_MEASURE(2.E-2),#2214);
#3670=PRESENTATION_STYLE_ASSIGNMENT((#3669));
#3671=STYLED_ITEM('',(#3670),#3668);
#3672=DIRECTION('',(0.E0,0.E0,1.E0));
#3673=VECTOR('',#3672,5.E-1);
#3674=CARTESIAN_POINT('',(3.45E0,2.18E1,-4.E1));
#3675=LINE('',#3674,#3673);
#3676=CURVE_STYLE('',#88,POSITIVE_LENGTH_MEASURE(2.E-2),#2214);
#3677=PRESENTATION_STYLE_ASSIGNMENT((#3676));
#3678=STYLED_ITEM('',(#3677),#3675);
#3679=DIRECTION('',(0.E0,0.E0,1.E0));
#3680=VECTOR('',#3679,5.E-1);
#3681=CARTESIAN_POINT('',(-1.45E0,2.18E1,-4.E1));
#3682=LINE('',#3681,#3680);
#3683=CURVE_STYLE('',#88,POSITIVE_LENGTH_MEASURE(2.E-2),#2214);
#3684=PRESENTATION_STYLE_ASSIGNMENT((#3683));
#3685=STYLED_ITEM('',(#3684),#3682);
#3686=CARTESIAN_POINT('',(1.E0,2.18E1,-3.95E1));
#3687=DIRECTION('',(0.E0,0.E0,-1.E0));
#3688=DIRECTION('',(-1.E0,0.E0,0.E0));
#3689=AXIS2_PLACEMENT_3D('',#3686,#3687,#3688);
#3691=CURVE_STYLE('',#88,POSITIVE_LENGTH_MEASURE(2.E-2),#2214);
#3692=PRESENTATION_STYLE_ASSIGNMENT((#3691));
#3693=STYLED_ITEM('',(#3692),#3690);
#3694=CARTESIAN_POINT('',(1.E0,2.18E1,-3.95E1));
#3695=DIRECTION('',(0.E0,0.E0,-1.E0));
#3696=DIRECTION('',(1.E0,0.E0,0.E0));
#3697=AXIS2_PLACEMENT_3D('',#3694,#3695,#3696);
#3699=CURVE_STYLE('',#88,POSITIVE_LENGTH_MEASURE(2.E-2),#2214);
#3700=PRESENTATION_STYLE_ASSIGNMENT((#3699));
#3701=STYLED_ITEM('',(#3700),#3698);
#3702=CARTESIAN_POINT('',(1.E0,2.18E1,-3.95E1));
#3703=DIRECTION('',(0.E0,0.E0,1.E0));
#3704=DIRECTION('',(-1.E0,0.E0,0.E0));
#3705=AXIS2_PLACEMENT_3D('',#3702,#3703,#3704);
#3707=CURVE_STYLE('',#88,POSITIVE_LENGTH_MEASURE(2.E-2),#2214);
#3708=PRESENTATION_STYLE_ASSIGNMENT((#3707));
#3709=STYLED_ITEM('',(#3708),#3706);
#3710=CARTESIAN_POINT('',(1.E0,2.18E1,-3.95E1));
#3711=DIRECTION('',(0.E0,0.E0,1.E0));
#3712=DIRECTION('',(1.E0,0.E0,0.E0));
#3713=AXIS2_PLACEMENT_3D('',#3710,#3711,#3712);
#3715=CURVE_STYLE('',#88,POSITIVE_LENGTH_MEASURE(2.E-2),#2214);
#3716=PRESENTATION_STYLE_ASSIGNMENT((#3715));
#3717=STYLED_ITEM('',(#3716),#3714);
#3718=DIRECTION('',(0.E0,0.E0,-1.E0));
#3719=VECTOR('',#3718,3.E-1);
#3720=CARTESIAN_POINT('',(-1.25E0,2.18E1,-3.95E1));
#3721=LINE('',#3720,#3719);
#3722=CURVE_STYLE('',#88,POSITIVE_LENGTH_MEASURE(2.E-2),#2214);
#3723=PRESENTATION_STYLE_ASSIGNMENT((#3722));
#3724=STYLED_ITEM('',(#3723),#3721);
#3725=DIRECTION('',(0.E0,0.E0,-1.E0));
#3726=VECTOR('',#3725,3.E-1);
#3727=CARTESIAN_POINT('',(3.25E0,2.18E1,-3.95E1));
#3728=LINE('',#3727,#3726);
#3729=CURVE_STYLE('',#88,POSITIVE_LENGTH_MEASURE(2.E-2),#2214);
#3730=PRESENTATION_STYLE_ASSIGNMENT((#3729));
#3731=STYLED_ITEM('',(#3730),#3728);
#3732=CARTESIAN_POINT('',(1.E0,2.18E1,-3.98E1));
#3733=DIRECTION('',(0.E0,0.E0,-1.E0));
#3734=DIRECTION('',(-1.E0,0.E0,0.E0));
#3735=AXIS2_PLACEMENT_3D('',#3732,#3733,#3734);
#3737=CURVE_STYLE('',#88,POSITIVE_LENGTH_MEASURE(2.E-2),#2214);
#3738=PRESENTATION_STYLE_ASSIGNMENT((#3737));
#3739=STYLED_ITEM('',(#3738),#3736);
#3740=CARTESIAN_POINT('',(1.E0,2.18E1,-3.98E1));
#3741=DIRECTION('',(0.E0,0.E0,-1.E0));
#3742=DIRECTION('',(1.E0,0.E0,0.E0));
#3743=AXIS2_PLACEMENT_3D('',#3740,#3741,#3742);
#3745=CURVE_STYLE('',#88,POSITIVE_LENGTH_MEASURE(2.E-2),#2214);
#3746=PRESENTATION_STYLE_ASSIGNMENT((#3745));
#3747=STYLED_ITEM('',(#3746),#3744);
#3748=DIRECTION('',(0.E0,0.E0,1.E0));
#3749=VECTOR('',#3748,5.E-1);
#3750=CARTESIAN_POINT('',(3.45E0,8.2E0,-4.E1));
#3751=LINE('',#3750,#3749);
#3752=CURVE_STYLE('',#88,POSITIVE_LENGTH_MEASURE(2.E-2),#2214);
#3753=PRESENTATION_STYLE_ASSIGNMENT((#3752));
#3754=STYLED_ITEM('',(#3753),#3751);
#3755=DIRECTION('',(0.E0,0.E0,1.E0));
#3756=VECTOR('',#3755,5.E-1);
#3757=CARTESIAN_POINT('',(-1.45E0,8.2E0,-4.E1));
#3758=LINE('',#3757,#3756);
#3759=CURVE_STYLE('',#88,POSITIVE_LENGTH_MEASURE(2.E-2),#2214);
#3760=PRESENTATION_STYLE_ASSIGNMENT((#3759));
#3761=STYLED_ITEM('',(#3760),#3758);
#3762=CARTESIAN_POINT('',(1.E0,8.2E0,-3.95E1));
#3763=DIRECTION('',(0.E0,0.E0,-1.E0));
#3764=DIRECTION('',(-1.E0,0.E0,0.E0));
#3765=AXIS2_PLACEMENT_3D('',#3762,#3763,#3764);
#3767=CURVE_STYLE('',#88,POSITIVE_LENGTH_MEASURE(2.E-2),#2214);
#3768=PRESENTATION_STYLE_ASSIGNMENT((#3767));
#3769=STYLED_ITEM('',(#3768),#3766);
#3770=CARTESIAN_POINT('',(1.E0,8.2E0,-3.95E1));
#3771=DIRECTION('',(0.E0,0.E0,-1.E0));
#3772=DIRECTION('',(1.E0,0.E0,0.E0));
#3773=AXIS2_PLACEMENT_3D('',#3770,#3771,#3772);
#3775=CURVE_STYLE('',#88,POSITIVE_LENGTH_MEASURE(2.E-2),#2214);
#3776=PRESENTATION_STYLE_ASSIGNMENT((#3775));
#3777=STYLED_ITEM('',(#3776),#3774);
#3778=CARTESIAN_POINT('',(1.E0,8.2E0,-3.95E1));
#3779=DIRECTION('',(0.E0,0.E0,1.E0));
#3780=DIRECTION('',(-1.E0,0.E0,0.E0));
#3781=AXIS2_PLACEMENT_3D('',#3778,#3779,#3780);
#3783=CURVE_STYLE('',#88,POSITIVE_LENGTH_MEASURE(2.E-2),#2214);
#3784=PRESENTATION_STYLE_ASSIGNMENT((#3783));
#3785=STYLED_ITEM('',(#3784),#3782);
#3786=CARTESIAN_POINT('',(1.E0,8.2E0,-3.95E1));
#3787=DIRECTION('',(0.E0,0.E0,1.E0));
#3788=DIRECTION('',(1.E0,0.E0,0.E0));
#3789=AXIS2_PLACEMENT_3D('',#3786,#3787,#3788);
#3791=CURVE_STYLE('',#88,POSITIVE_LENGTH_MEASURE(2.E-2),#2214);
#3792=PRESENTATION_STYLE_ASSIGNMENT((#3791));
#3793=STYLED_ITEM('',(#3792),#3790);
#3794=DIRECTION('',(0.E0,0.E0,-1.E0));
#3795=VECTOR('',#3794,3.E-1);
#3796=CARTESIAN_POINT('',(-1.25E0,8.2E0,-3.95E1));
#3797=LINE('',#3796,#3795);
#3798=CURVE_STYLE('',#88,POSITIVE_LENGTH_MEASURE(2.E-2),#2214);
#3799=PRESENTATION_STYLE_ASSIGNMENT((#3798));
#3800=STYLED_ITEM('',(#3799),#3797);
#3801=DIRECTION('',(0.E0,0.E0,-1.E0));
#3802=VECTOR('',#3801,3.E-1);
#3803=CARTESIAN_POINT('',(3.25E0,8.2E0,-3.95E1));
#3804=LINE('',#3803,#3802);
#3805=CURVE_STYLE('',#88,POSITIVE_LENGTH_MEASURE(2.E-2),#2214);
#3806=PRESENTATION_STYLE_ASSIGNMENT((#3805));
#3807=STYLED_ITEM('',(#3806),#3804);
#3808=CARTESIAN_POINT('',(1.E0,8.2E0,-3.98E1));
#3809=DIRECTION('',(0.E0,0.E0,-1.E0));
#3810=DIRECTION('',(-1.E0,0.E0,0.E0));
#3811=AXIS2_PLACEMENT_3D('',#3808,#3809,#3810);
#3813=CURVE_STYLE('',#88,POSITIVE_LENGTH_MEASURE(2.E-2),#2214);
#3814=PRESENTATION_STYLE_ASSIGNMENT((#3813));
#3815=STYLED_ITEM('',(#3814),#3812);
#3816=CARTESIAN_POINT('',(1.E0,8.2E0,-3.98E1));
#3817=DIRECTION('',(0.E0,0.E0,-1.E0));
#3818=DIRECTION('',(1.E0,0.E0,0.E0));
#3819=AXIS2_PLACEMENT_3D('',#3816,#3817,#3818);
#3821=CURVE_STYLE('',#88,POSITIVE_LENGTH_MEASURE(2.E-2),#2214);
#3822=PRESENTATION_STYLE_ASSIGNMENT((#3821));
#3823=STYLED_ITEM('',(#3822),#3820);
#3824=DIRECTION('',(0.E0,0.E0,1.E0));
#3825=VECTOR('',#3824,5.E-1);
#3826=CARTESIAN_POINT('',(-2.855E1,8.2E0,-4.E1));
#3827=LINE('',#3826,#3825);
#3828=CURVE_STYLE('',#88,POSITIVE_LENGTH_MEASURE(2.E-2),#2214);
#3829=PRESENTATION_STYLE_ASSIGNMENT((#3828));
#3830=STYLED_ITEM('',(#3829),#3827);
#3831=DIRECTION('',(0.E0,0.E0,1.E0));
#3832=VECTOR('',#3831,5.E-1);
#3833=CARTESIAN_POINT('',(-3.345E1,8.2E0,-4.E1));
#3834=LINE('',#3833,#3832);
#3835=CURVE_STYLE('',#88,POSITIVE_LENGTH_MEASURE(2.E-2),#2214);
#3836=PRESENTATION_STYLE_ASSIGNMENT((#3835));
#3837=STYLED_ITEM('',(#3836),#3834);
#3838=CARTESIAN_POINT('',(-3.1E1,8.2E0,-3.95E1));
#3839=DIRECTION('',(0.E0,0.E0,-1.E0));
#3840=DIRECTION('',(-1.E0,0.E0,0.E0));
#3841=AXIS2_PLACEMENT_3D('',#3838,#3839,#3840);
#3843=CURVE_STYLE('',#88,POSITIVE_LENGTH_MEASURE(2.E-2),#2214);
#3844=PRESENTATION_STYLE_ASSIGNMENT((#3843));
#3845=STYLED_ITEM('',(#3844),#3842);
#3846=CARTESIAN_POINT('',(-3.1E1,8.2E0,-3.95E1));
#3847=DIRECTION('',(0.E0,0.E0,-1.E0));
#3848=DIRECTION('',(1.E0,0.E0,0.E0));
#3849=AXIS2_PLACEMENT_3D('',#3846,#3847,#3848);
#3851=CURVE_STYLE('',#88,POSITIVE_LENGTH_MEASURE(2.E-2),#2214);
#3852=PRESENTATION_STYLE_ASSIGNMENT((#3851));
#3853=STYLED_ITEM('',(#3852),#3850);
#3854=CARTESIAN_POINT('',(-3.1E1,8.2E0,-3.95E1));
#3855=DIRECTION('',(0.E0,0.E0,1.E0));
#3856=DIRECTION('',(-1.E0,0.E0,0.E0));
#3857=AXIS2_PLACEMENT_3D('',#3854,#3855,#3856);
#3859=CURVE_STYLE('',#88,POSITIVE_LENGTH_MEASURE(2.E-2),#2214);
#3860=PRESENTATION_STYLE_ASSIGNMENT((#3859));
#3861=STYLED_ITEM('',(#3860),#3858);
#3862=CARTESIAN_POINT('',(-3.1E1,8.2E0,-3.95E1));
#3863=DIRECTION('',(0.E0,0.E0,1.E0));
#3864=DIRECTION('',(1.E0,0.E0,0.E0));
#3865=AXIS2_PLACEMENT_3D('',#3862,#3863,#3864);
#3867=CURVE_STYLE('',#88,POSITIVE_LENGTH_MEASURE(2.E-2),#2214);
#3868=PRESENTATION_STYLE_ASSIGNMENT((#3867));
#3869=STYLED_ITEM('',(#3868),#3866);
#3870=DIRECTION('',(0.E0,0.E0,-1.E0));
#3871=VECTOR('',#3870,3.E-1);
#3872=CARTESIAN_POINT('',(-3.325E1,8.2E0,-3.95E1));
#3873=LINE('',#3872,#3871);
#3874=CURVE_STYLE('',#88,POSITIVE_LENGTH_MEASURE(2.E-2),#2214);
#3875=PRESENTATION_STYLE_ASSIGNMENT((#3874));
#3876=STYLED_ITEM('',(#3875),#3873);
#3877=DIRECTION('',(0.E0,0.E0,-1.E0));
#3878=VECTOR('',#3877,3.E-1);
#3879=CARTESIAN_POINT('',(-2.875E1,8.2E0,-3.95E1));
#3880=LINE('',#3879,#3878);
#3881=CURVE_STYLE('',#88,POSITIVE_LENGTH_MEASURE(2.E-2),#2214);
#3882=PRESENTATION_STYLE_ASSIGNMENT((#3881));
#3883=STYLED_ITEM('',(#3882),#3880);
#3884=CARTESIAN_POINT('',(-3.1E1,8.2E0,-3.98E1));
#3885=DIRECTION('',(0.E0,0.E0,-1.E0));
#3886=DIRECTION('',(-1.E0,0.E0,0.E0));
#3887=AXIS2_PLACEMENT_3D('',#3884,#3885,#3886);
#3889=CURVE_STYLE('',#88,POSITIVE_LENGTH_MEASURE(2.E-2),#2214);
#3890=PRESENTATION_STYLE_ASSIGNMENT((#3889));
#3891=STYLED_ITEM('',(#3890),#3888);
#3892=CARTESIAN_POINT('',(-3.1E1,8.2E0,-3.98E1));
#3893=DIRECTION('',(0.E0,0.E0,-1.E0));
#3894=DIRECTION('',(1.E0,0.E0,0.E0));
#3895=AXIS2_PLACEMENT_3D('',#3892,#3893,#3894);
#3897=CURVE_STYLE('',#88,POSITIVE_LENGTH_MEASURE(2.E-2),#2214);
#3898=PRESENTATION_STYLE_ASSIGNMENT((#3897));
#3899=STYLED_ITEM('',(#3898),#3896);
#3900=DIRECTION('',(0.E0,0.E0,-1.E0));
#3901=VECTOR('',#3900,8.E-1);
#3902=CARTESIAN_POINT('',(-2.145E1,7.5E0,-4.E1));
#3903=LINE('',#3902,#3901);
#3904=CURVE_STYLE('',#88,POSITIVE_LENGTH_MEASURE(2.E-2),#2214);
#3905=PRESENTATION_STYLE_ASSIGNMENT((#3904));
#3906=STYLED_ITEM('',(#3905),#3903);
#3907=DIRECTION('',(0.E0,0.E0,-1.E0));
#3908=VECTOR('',#3907,8.E-1);
#3909=CARTESIAN_POINT('',(-1.055E1,7.5E0,-4.E1));
#3910=LINE('',#3909,#3908);
#3911=CURVE_STYLE('',#88,POSITIVE_LENGTH_MEASURE(2.E-2),#2214);
#3912=PRESENTATION_STYLE_ASSIGNMENT((#3911));
#3913=STYLED_ITEM('',(#3912),#3910);
#3914=CARTESIAN_POINT('',(-1.6E1,7.5E0,-4.08E1));
#3915=DIRECTION('',(0.E0,0.E0,-1.E0));
#3916=DIRECTION('',(1.E0,0.E0,0.E0));
#3917=AXIS2_PLACEMENT_3D('',#3914,#3915,#3916);
#3919=CURVE_STYLE('',#88,POSITIVE_LENGTH_MEASURE(2.E-2),#2214);
#3920=PRESENTATION_STYLE_ASSIGNMENT((#3919));
#3921=STYLED_ITEM('',(#3920),#3918);
#3922=CARTESIAN_POINT('',(-1.6E1,7.5E0,-4.08E1));
#3923=DIRECTION('',(0.E0,0.E0,-1.E0));
#3924=DIRECTION('',(-1.E0,0.E0,0.E0));
#3925=AXIS2_PLACEMENT_3D('',#3922,#3923,#3924);
#3927=CURVE_STYLE('',#88,POSITIVE_LENGTH_MEASURE(2.E-2),#2214);
#3928=PRESENTATION_STYLE_ASSIGNMENT((#3927));
#3929=STYLED_ITEM('',(#3928),#3926);
#3930=CARTESIAN_POINT('',(-1.6E1,7.5E0,-4.08E1));
#3931=DIRECTION('',(0.E0,0.E0,1.E0));
#3932=DIRECTION('',(-1.E0,0.E0,0.E0));
#3933=AXIS2_PLACEMENT_3D('',#3930,#3931,#3932);
#3935=CURVE_STYLE('',#88,POSITIVE_LENGTH_MEASURE(2.E-2),#2214);
#3936=PRESENTATION_STYLE_ASSIGNMENT((#3935));
#3937=STYLED_ITEM('',(#3936),#3934);
#3938=CARTESIAN_POINT('',(-1.6E1,7.5E0,-4.08E1));
#3939=DIRECTION('',(0.E0,0.E0,1.E0));
#3940=DIRECTION('',(1.E0,0.E0,0.E0));
#3941=AXIS2_PLACEMENT_3D('',#3938,#3939,#3940);
#3943=CURVE_STYLE('',#88,POSITIVE_LENGTH_MEASURE(2.E-2),#2214);
#3944=PRESENTATION_STYLE_ASSIGNMENT((#3943));
#3945=STYLED_ITEM('',(#3944),#3942);
#3946=DIRECTION('',(0.E0,0.E0,-1.E0));
#3947=VECTOR('',#3946,5.5E0);
#3948=CARTESIAN_POINT('',(-2.0425E1,7.5E0,-4.08E1));
#3949=LINE('',#3948,#3947);
#3950=CURVE_STYLE('',#88,POSITIVE_LENGTH_MEASURE(2.E-2),#2214);
#3951=PRESENTATION_STYLE_ASSIGNMENT((#3950));
#3952=STYLED_ITEM('',(#3951),#3949);
#3953=DIRECTION('',(0.E0,0.E0,-1.E0));
#3954=VECTOR('',#3953,5.5E0);
#3955=CARTESIAN_POINT('',(-1.1575E1,7.5E0,-4.08E1));
#3956=LINE('',#3955,#3954);
#3957=CURVE_STYLE('',#88,POSITIVE_LENGTH_MEASURE(2.E-2),#2214);
#3958=PRESENTATION_STYLE_ASSIGNMENT((#3957));
#3959=STYLED_ITEM('',(#3958),#3956);
#3960=CARTESIAN_POINT('',(-1.6E1,7.5E0,-4.63E1));
#3961=DIRECTION('',(0.E0,0.E0,-1.E0));
#3962=DIRECTION('',(1.E0,0.E0,0.E0));
#3963=AXIS2_PLACEMENT_3D('',#3960,#3961,#3962);
#3965=CURVE_STYLE('',#88,POSITIVE_LENGTH_MEASURE(2.E-2),#2214);
#3966=PRESENTATION_STYLE_ASSIGNMENT((#3965));
#3967=STYLED_ITEM('',(#3966),#3964);
#3968=CARTESIAN_POINT('',(-1.6E1,7.5E0,-4.63E1));
#3969=DIRECTION('',(0.E0,0.E0,-1.E0));
#3970=DIRECTION('',(-1.E0,0.E0,0.E0));
#3971=AXIS2_PLACEMENT_3D('',#3968,#3969,#3970);
#3973=CURVE_STYLE('',#88,POSITIVE_LENGTH_MEASURE(2.E-2),#2214);
#3974=PRESENTATION_STYLE_ASSIGNMENT((#3973));
#3975=STYLED_ITEM('',(#3974),#3972);
#3976=CARTESIAN_POINT('',(-1.6E1,7.5E0,-4.63E1));
#3977=DIRECTION('',(0.E0,0.E0,1.E0));
#3978=DIRECTION('',(1.E0,0.E0,0.E0));
#3979=AXIS2_PLACEMENT_3D('',#3976,#3977,#3978);
#3981=CURVE_STYLE('',#88,POSITIVE_LENGTH_MEASURE(2.E-2),#2214);
#3982=PRESENTATION_STYLE_ASSIGNMENT((#3981));
#3983=STYLED_ITEM('',(#3982),#3980);
#3984=CARTESIAN_POINT('',(-1.6E1,7.5E0,-4.63E1));
#3985=DIRECTION('',(0.E0,0.E0,1.E0));
#3986=DIRECTION('',(-1.E0,0.E0,0.E0));
#3987=AXIS2_PLACEMENT_3D('',#3984,#3985,#3986);
#3989=CURVE_STYLE('',#88,POSITIVE_LENGTH_MEASURE(2.E-2),#2214);
#3990=PRESENTATION_STYLE_ASSIGNMENT((#3989));
#3991=STYLED_ITEM('',(#3990),#3988);
#3992=DIRECTION('',(0.E0,0.E0,1.E0));
#3993=VECTOR('',#3992,5.8E0);
#3994=CARTESIAN_POINT('',(-1.235E1,7.5E0,-4.63E1));
#3995=LINE('',#3994,#3993);
#3996=CURVE_STYLE('',#88,POSITIVE_LENGTH_MEASURE(2.E-2),#2214);
#3997=PRESENTATION_STYLE_ASSIGNMENT((#3996));
#3998=STYLED_ITEM('',(#3997),#3995);
#3999=DIRECTION('',(0.E0,0.E0,1.E0));
#4000=VECTOR('',#3999,5.8E0);
#4001=CARTESIAN_POINT('',(-1.965E1,7.5E0,-4.63E1));
#4002=LINE('',#4001,#4000);
#4003=CURVE_STYLE('',#88,POSITIVE_LENGTH_MEASURE(2.E-2),#2214);
#4004=PRESENTATION_STYLE_ASSIGNMENT((#4003));
#4005=STYLED_ITEM('',(#4004),#4002);
#4006=CARTESIAN_POINT('',(-1.6E1,7.5E0,-4.05E1));
#4007=DIRECTION('',(0.E0,0.E0,-1.E0));
#4008=DIRECTION('',(-1.E0,0.E0,0.E0));
#4009=AXIS2_PLACEMENT_3D('',#4006,#4007,#4008);
#4011=CURVE_STYLE('',#88,POSITIVE_LENGTH_MEASURE(2.E-2),#2214);
#4012=PRESENTATION_STYLE_ASSIGNMENT((#4011));
#4013=STYLED_ITEM('',(#4012),#4010);
#4014=CARTESIAN_POINT('',(-1.6E1,7.5E0,-4.05E1));
#4015=DIRECTION('',(0.E0,0.E0,-1.E0));
#4016=DIRECTION('',(1.E0,0.E0,0.E0));
#4017=AXIS2_PLACEMENT_3D('',#4014,#4015,#4016);
#4019=CURVE_STYLE('',#88,POSITIVE_LENGTH_MEASURE(2.E-2),#2214);
#4020=PRESENTATION_STYLE_ASSIGNMENT((#4019));
#4021=STYLED_ITEM('',(#4020),#4018);
#4022=CARTESIAN_POINT('',(-1.6E1,7.5E0,-4.05E1));
#4023=DIRECTION('',(0.E0,0.E0,1.E0));
#4024=DIRECTION('',(1.E0,0.E0,0.E0));
#4025=AXIS2_PLACEMENT_3D('',#4022,#4023,#4024);
#4027=CURVE_STYLE('',#88,POSITIVE_LENGTH_MEASURE(2.E-2),#2214);
#4028=PRESENTATION_STYLE_ASSIGNMENT((#4027));
#4029=STYLED_ITEM('',(#4028),#4026);
#4030=CARTESIAN_POINT('',(-1.6E1,7.5E0,-4.05E1));
#4031=DIRECTION('',(0.E0,0.E0,1.E0));
#4032=DIRECTION('',(-1.E0,0.E0,0.E0));
#4033=AXIS2_PLACEMENT_3D('',#4030,#4031,#4032);
#4035=CURVE_STYLE('',#88,POSITIVE_LENGTH_MEASURE(2.E-2),#2214);
#4036=PRESENTATION_STYLE_ASSIGNMENT((#4035));
#4037=STYLED_ITEM('',(#4036),#4034);
#4038=DIRECTION('',(0.E0,0.E0,1.E0));
#4039=VECTOR('',#4038,5.E-1);
#4040=CARTESIAN_POINT('',(-1.32E1,7.5E0,-4.05E1));
#4041=LINE('',#4040,#4039);
#4042=CURVE_STYLE('',#88,POSITIVE_LENGTH_MEASURE(2.E-2),#2214);
#4043=PRESENTATION_STYLE_ASSIGNMENT((#4042));
#4044=STYLED_ITEM('',(#4043),#4041);
#4045=DIRECTION('',(0.E0,0.E0,1.E0));
#4046=VECTOR('',#4045,5.E-1);
#4047=CARTESIAN_POINT('',(-1.88E1,7.5E0,-4.05E1));
#4048=LINE('',#4047,#4046);
#4049=CURVE_STYLE('',#88,POSITIVE_LENGTH_MEASURE(2.E-2),#2214);
#4050=PRESENTATION_STYLE_ASSIGNMENT((#4049));
#4051=STYLED_ITEM('',(#4050),#4048);
#4052=CARTESIAN_POINT('',(-1.6E1,7.5E0,-4.E1));
#4053=DIRECTION('',(0.E0,0.E0,-1.E0));
#4054=DIRECTION('',(-1.E0,0.E0,0.E0));
#4055=AXIS2_PLACEMENT_3D('',#4052,#4053,#4054);
#4057=CURVE_STYLE('',#88,POSITIVE_LENGTH_MEASURE(2.E-2),#2214);
#4058=PRESENTATION_STYLE_ASSIGNMENT((#4057));
#4059=STYLED_ITEM('',(#4058),#4056);
#4060=CARTESIAN_POINT('',(-1.6E1,7.5E0,-4.E1));
#4061=DIRECTION('',(0.E0,0.E0,-1.E0));
#4062=DIRECTION('',(1.E0,0.E0,0.E0));
#4063=AXIS2_PLACEMENT_3D('',#4060,#4061,#4062);
#4065=CURVE_STYLE('',#88,POSITIVE_LENGTH_MEASURE(2.E-2),#2214);
#4066=PRESENTATION_STYLE_ASSIGNMENT((#4065));
#4067=STYLED_ITEM('',(#4066),#4064);
#4068=CARTESIAN_POINT('',(-1.51E1,9.058845726812E0,-4.E1));
#4069=DIRECTION('',(0.E0,0.E0,1.E0));
#4070=DIRECTION('',(-1.E0,0.E0,0.E0));
#4071=AXIS2_PLACEMENT_3D('',#4068,#4069,#4070);
#4073=CURVE_STYLE('',#88,POSITIVE_LENGTH_MEASURE(2.E-2),#2214);
#4074=PRESENTATION_STYLE_ASSIGNMENT((#4073));
#4075=STYLED_ITEM('',(#4074),#4072);
#4076=CARTESIAN_POINT('',(-1.51E1,9.058845726812E0,-4.E1));
#4077=DIRECTION('',(0.E0,0.E0,1.E0));
#4078=DIRECTION('',(1.E0,0.E0,0.E0));
#4079=AXIS2_PLACEMENT_3D('',#4076,#4077,#4078);
#4081=CURVE_STYLE('',#88,POSITIVE_LENGTH_MEASURE(2.E-2),#2214);
#4082=PRESENTATION_STYLE_ASSIGNMENT((#4081));
#4083=STYLED_ITEM('',(#4082),#4080);
#4084=DIRECTION('',(0.E0,0.E0,-1.E0));
#4085=VECTOR('',#4084,4.4E0);
#4086=CARTESIAN_POINT('',(-1.535E1,9.058845726812E0,-4.E1));
#4087=LINE('',#4086,#4085);
#4088=CURVE_STYLE('',#88,POSITIVE_LENGTH_MEASURE(2.E-2),#2214);
#4089=PRESENTATION_STYLE_ASSIGNMENT((#4088));
#4090=STYLED_ITEM('',(#4089),#4087);
#4091=DIRECTION('',(0.E0,0.E0,-1.E0));
#4092=VECTOR('',#4091,4.4E0);
#4093=CARTESIAN_POINT('',(-1.485E1,9.058845726812E0,-4.E1));
#4094=LINE('',#4093,#4092);
#4095=CURVE_STYLE('',#88,POSITIVE_LENGTH_MEASURE(2.E-2),#2214);
#4096=PRESENTATION_STYLE_ASSIGNMENT((#4095));
#4097=STYLED_ITEM('',(#4096),#4094);
#4098=CARTESIAN_POINT('',(-1.51E1,9.058845726812E0,-4.44E1));
#4099=DIRECTION('',(0.E0,0.E0,-1.E0));
#4100=DIRECTION('',(1.E0,0.E0,0.E0));
#4101=AXIS2_PLACEMENT_3D('',#4098,#4099,#4100);
#4103=CURVE_STYLE('',#88,POSITIVE_LENGTH_MEASURE(2.E-2),#2214);
#4104=PRESENTATION_STYLE_ASSIGNMENT((#4103));
#4105=STYLED_ITEM('',(#4104),#4102);
#4106=CARTESIAN_POINT('',(-1.51E1,9.058845726812E0,-4.44E1));
#4107=DIRECTION('',(0.E0,0.E0,-1.E0));
#4108=DIRECTION('',(-1.E0,0.E0,0.E0));
#4109=AXIS2_PLACEMENT_3D('',#4106,#4107,#4108);
#4111=CURVE_STYLE('',#88,POSITIVE_LENGTH_MEASURE(2.E-2),#2214);
#4112=PRESENTATION_STYLE_ASSIGNMENT((#4111));
#4113=STYLED_ITEM('',(#4112),#4110);
#4114=DIRECTION('',(-1.E0,0.E0,0.E0));
#4115=VECTOR('',#4114,3.5E0);
#4116=CARTESIAN_POINT('',(-3.E0,2.35E1,-4.1E1));
#4117=LINE('',#4116,#4115);
#4118=CURVE_STYLE('',#88,POSITIVE_LENGTH_MEASURE(2.E-2),#2214);
#4119=PRESENTATION_STYLE_ASSIGNMENT((#4118));
#4120=STYLED_ITEM('',(#4119),#4117);
#4121=DIRECTION('',(0.E0,0.E0,-1.E0));
#4122=VECTOR('',#4121,1.E0);
#4123=CARTESIAN_POINT('',(-3.E0,2.35E1,-4.E1));
#4124=LINE('',#4123,#4122);
#4125=CURVE_STYLE('',#88,POSITIVE_LENGTH_MEASURE(2.E-2),#2214);
#4126=PRESENTATION_STYLE_ASSIGNMENT((#4125));
#4127=STYLED_ITEM('',(#4126),#4124);
#4128=DIRECTION('',(0.E0,-1.E0,0.E0));
#4129=VECTOR('',#4128,6.E0);
#4130=CARTESIAN_POINT('',(-6.5E0,2.35E1,-4.1E1));
#4131=LINE('',#4130,#4129);
#4132=CURVE_STYLE('',#88,POSITIVE_LENGTH_MEASURE(2.E-2),#2214);
#4133=PRESENTATION_STYLE_ASSIGNMENT((#4132));
#4134=STYLED_ITEM('',(#4133),#4131);
#4135=DIRECTION('',(0.E0,0.E0,-1.E0));
#4136=VECTOR('',#4135,1.E0);
#4137=CARTESIAN_POINT('',(-6.5E0,2.35E1,-4.E1));
#4138=LINE('',#4137,#4136);
#4139=CURVE_STYLE('',#88,POSITIVE_LENGTH_MEASURE(2.E-2),#2214);
#4140=PRESENTATION_STYLE_ASSIGNMENT((#4139));
#4141=STYLED_ITEM('',(#4140),#4138);
#4142=DIRECTION('',(1.E0,0.E0,0.E0));
#4143=VECTOR('',#4142,3.5E0);
#4144=CARTESIAN_POINT('',(-6.5E0,1.75E1,-4.1E1));
#4145=LINE('',#4144,#4143);
#4146=CURVE_STYLE('',#88,POSITIVE_LENGTH_MEASURE(2.E-2),#2214);
#4147=PRESENTATION_STYLE_ASSIGNMENT((#4146));
#4148=STYLED_ITEM('',(#4147),#4145);
#4149=DIRECTION('',(0.E0,0.E0,-1.E0));
#4150=VECTOR('',#4149,1.E0);
#4151=CARTESIAN_POINT('',(-6.5E0,1.75E1,-4.E1));
#4152=LINE('',#4151,#4150);
#4153=CURVE_STYLE('',#88,POSITIVE_LENGTH_MEASURE(2.E-2),#2214);
#4154=PRESENTATION_STYLE_ASSIGNMENT((#4153));
#4155=STYLED_ITEM('',(#4154),#4152);
#4156=DIRECTION('',(0.E0,1.E0,0.E0));
#4157=VECTOR('',#4156,6.E0);
#4158=CARTESIAN_POINT('',(-3.E0,1.75E1,-4.1E1));
#4159=LINE('',#4158,#4157);
#4160=CURVE_STYLE('',#88,POSITIVE_LENGTH_MEASURE(2.E-2),#2214);
#4161=PRESENTATION_STYLE_ASSIGNMENT((#4160));
#4162=STYLED_ITEM('',(#4161),#4159);
#4163=DIRECTION('',(0.E0,0.E0,-1.E0));
#4164=VECTOR('',#4163,1.E0);
#4165=CARTESIAN_POINT('',(-3.E0,1.75E1,-4.E1));
#4166=LINE('',#4165,#4164);
#4167=CURVE_STYLE('',#88,POSITIVE_LENGTH_MEASURE(2.E-2),#2214);
#4168=PRESENTATION_STYLE_ASSIGNMENT((#4167));
#4169=STYLED_ITEM('',(#4168),#4166);
#4170=CARTESIAN_POINT('',(-5.E0,2.2E1,-4.1E1));
#4171=DIRECTION('',(0.E0,0.E0,1.E0));
#4172=DIRECTION('',(1.E0,0.E0,0.E0));
#4173=AXIS2_PLACEMENT_3D('',#4170,#4171,#4172);
#4175=CURVE_STYLE('',#88,POSITIVE_LENGTH_MEASURE(2.E-2),#2214);
#4176=PRESENTATION_STYLE_ASSIGNMENT((#4175));
#4177=STYLED_ITEM('',(#4176),#4174);
#4178=CARTESIAN_POINT('',(-5.E0,2.2E1,-4.1E1));
#4179=DIRECTION('',(0.E0,0.E0,1.E0));
#4180=DIRECTION('',(-1.E0,0.E0,0.E0));
#4181=AXIS2_PLACEMENT_3D('',#4178,#4179,#4180);
#4183=CURVE_STYLE('',#88,POSITIVE_LENGTH_MEASURE(2.E-2),#2214);
#4184=PRESENTATION_STYLE_ASSIGNMENT((#4183));
#4185=STYLED_ITEM('',(#4184),#4182);
#4186=DIRECTION('',(0.E0,0.E0,1.E0));
#4187=VECTOR('',#4186,4.E0);
#4188=CARTESIAN_POINT('',(-4.E0,2.2E1,-4.1E1));
#4189=LINE('',#4188,#4187);
#4190=CURVE_STYLE('',#88,POSITIVE_LENGTH_MEASURE(2.E-2),#2214);
#4191=PRESENTATION_STYLE_ASSIGNMENT((#4190));
#4192=STYLED_ITEM('',(#4191),#4189);
#4193=DIRECTION('',(0.E0,0.E0,1.E0));
#4194=VECTOR('',#4193,4.E0);
#4195=CARTESIAN_POINT('',(-6.E0,2.2E1,-4.1E1));
#4196=LINE('',#4195,#4194);
#4197=CURVE_STYLE('',#88,POSITIVE_LENGTH_MEASURE(2.E-2),#2214);
#4198=PRESENTATION_STYLE_ASSIGNMENT((#4197));
#4199=STYLED_ITEM('',(#4198),#4196);
#4200=CARTESIAN_POINT('',(-5.E0,2.2E1,-3.7E1));
#4201=DIRECTION('',(0.E0,0.E0,-1.E0));
#4202=DIRECTION('',(-1.E0,0.E0,0.E0));
#4203=AXIS2_PLACEMENT_3D('',#4200,#4201,#4202);
#4205=CURVE_STYLE('',#88,POSITIVE_LENGTH_MEASURE(2.E-2),#2214);
#4206=PRESENTATION_STYLE_ASSIGNMENT((#4205));
#4207=STYLED_ITEM('',(#4206),#4204);
#4208=CARTESIAN_POINT('',(-5.E0,2.2E1,-3.7E1));
#4209=DIRECTION('',(0.E0,0.E0,-1.E0));
#4210=DIRECTION('',(1.E0,0.E0,0.E0));
#4211=AXIS2_PLACEMENT_3D('',#4208,#4209,#4210);
#4213=CURVE_STYLE('',#88,POSITIVE_LENGTH_MEASURE(2.E-2),#2214);
#4214=PRESENTATION_STYLE_ASSIGNMENT((#4213));
#4215=STYLED_ITEM('',(#4214),#4212);
#4216=DIRECTION('',(0.E0,-1.E0,0.E0));
#4217=VECTOR('',#4216,4.E0);
#4218=CARTESIAN_POINT('',(2.E0,3.E1,-3.6E1));
#4219=LINE('',#4218,#4217);
#4220=CURVE_STYLE('',#88,POSITIVE_LENGTH_MEASURE(2.E-2),#2214);
#4221=PRESENTATION_STYLE_ASSIGNMENT((#4220));
#4222=STYLED_ITEM('',(#4221),#4219);
#4223=DIRECTION('',(0.E0,-1.E0,0.E0));
#4224=VECTOR('',#4223,4.E0);
#4225=CARTESIAN_POINT('',(-2.E0,3.E1,-3.6E1));
#4226=LINE('',#4225,#4224);
#4227=CURVE_STYLE('',#88,POSITIVE_LENGTH_MEASURE(2.E-2),#2214);
#4228=PRESENTATION_STYLE_ASSIGNMENT((#4227));
#4229=STYLED_ITEM('',(#4228),#4226);
#4230=CARTESIAN_POINT('',(6.623304335540E-14,2.6E1,-3.6E1));
#4231=DIRECTION('',(0.E0,1.E0,0.E0));
#4232=DIRECTION('',(-1.E0,0.E0,0.E0));
#4233=AXIS2_PLACEMENT_3D('',#4230,#4231,#4232);
#4235=CURVE_STYLE('',#88,POSITIVE_LENGTH_MEASURE(2.E-2),#2214);
#4236=PRESENTATION_STYLE_ASSIGNMENT((#4235));
#4237=STYLED_ITEM('',(#4236),#4234);
#4238=CARTESIAN_POINT('',(6.623304335540E-14,2.6E1,-3.6E1));
#4239=DIRECTION('',(0.E0,1.E0,0.E0));
#4240=DIRECTION('',(1.E0,0.E0,0.E0));
#4241=AXIS2_PLACEMENT_3D('',#4238,#4239,#4240);
#4243=CURVE_STYLE('',#88,POSITIVE_LENGTH_MEASURE(2.E-2),#2214);
#4244=PRESENTATION_STYLE_ASSIGNMENT((#4243));
#4245=STYLED_ITEM('',(#4244),#4242);
#4246=DIRECTION('',(0.E0,-1.E0,0.E0));
#4247=VECTOR('',#4246,4.E0);
#4248=CARTESIAN_POINT('',(-2.8E1,3.E1,-3.6E1));
#4249=LINE('',#4248,#4247);
#4250=CURVE_STYLE('',#88,POSITIVE_LENGTH_MEASURE(2.E-2),#2214);
#4251=PRESENTATION_STYLE_ASSIGNMENT((#4250));
#4252=STYLED_ITEM('',(#4251),#4249);
#4253=DIRECTION('',(0.E0,-1.E0,0.E0));
#4254=VECTOR('',#4253,4.E0);
#4255=CARTESIAN_POINT('',(-3.2E1,3.E1,-3.6E1));
#4256=LINE('',#4255,#4254);
#4257=CURVE_STYLE('',#88,POSITIVE_LENGTH_MEASURE(2.E-2),#2214);
#4258=PRESENTATION_STYLE_ASSIGNMENT((#4257));
#4259=STYLED_ITEM('',(#4258),#4256);
#4260=CARTESIAN_POINT('',(-3.E1,2.6E1,-3.6E1));
#4261=DIRECTION('',(0.E0,1.E0,0.E0));
#4262=DIRECTION('',(-1.E0,0.E0,0.E0));
#4263=AXIS2_PLACEMENT_3D('',#4260,#4261,#4262);
#4265=CURVE_STYLE('',#88,POSITIVE_LENGTH_MEASURE(2.E-2),#2214);
#4266=PRESENTATION_STYLE_ASSIGNMENT((#4265));
#4267=STYLED_ITEM('',(#4266),#4264);
#4268=CARTESIAN_POINT('',(-3.E1,2.6E1,-3.6E1));
#4269=DIRECTION('',(0.E0,1.E0,0.E0));
#4270=DIRECTION('',(1.E0,0.E0,0.E0));
#4271=AXIS2_PLACEMENT_3D('',#4268,#4269,#4270);
#4273=CURVE_STYLE('',#88,POSITIVE_LENGTH_MEASURE(2.E-2),#2214);
#4274=PRESENTATION_STYLE_ASSIGNMENT((#4273));
#4275=STYLED_ITEM('',(#4274),#4272);
#4276=DIRECTION('',(0.E0,1.E0,0.E0));
#4277=VECTOR('',#4276,4.E0);
#4278=CARTESIAN_POINT('',(-3.2E1,0.E0,-3.6E1));
#4279=LINE('',#4278,#4277);
#4280=CURVE_STYLE('',#88,POSITIVE_LENGTH_MEASURE(2.E-2),#2214);
#4281=PRESENTATION_STYLE_ASSIGNMENT((#4280));
#4282=STYLED_ITEM('',(#4281),#4279);
#4283=DIRECTION('',(0.E0,1.E0,0.E0));
#4284=VECTOR('',#4283,4.E0);
#4285=CARTESIAN_POINT('',(-2.8E1,0.E0,-3.6E1));
#4286=LINE('',#4285,#4284);
#4287=CURVE_STYLE('',#88,POSITIVE_LENGTH_MEASURE(2.E-2),#2214);
#4288=PRESENTATION_STYLE_ASSIGNMENT((#4287));
#4289=STYLED_ITEM('',(#4288),#4286);
#4290=CARTESIAN_POINT('',(-3.E1,4.E0,-3.6E1));
#4291=DIRECTION('',(0.E0,-1.E0,0.E0));
#4292=DIRECTION('',(1.E0,0.E0,0.E0));
#4293=AXIS2_PLACEMENT_3D('',#4290,#4291,#4292);
#4295=CURVE_STYLE('',#88,POSITIVE_LENGTH_MEASURE(2.E-2),#2214);
#4296=PRESENTATION_STYLE_ASSIGNMENT((#4295));
#4297=STYLED_ITEM('',(#4296),#4294);
#4298=CARTESIAN_POINT('',(-3.E1,4.E0,-3.6E1));
#4299=DIRECTION('',(0.E0,-1.E0,0.E0));
#4300=DIRECTION('',(-1.E0,0.E0,0.E0));
#4301=AXIS2_PLACEMENT_3D('',#4298,#4299,#4300);
#4303=CURVE_STYLE('',#88,POSITIVE_LENGTH_MEASURE(2.E-2),#2214);
#4304=PRESENTATION_STYLE_ASSIGNMENT((#4303));
#4305=STYLED_ITEM('',(#4304),#4302);
#4306=DIRECTION('',(0.E0,1.E0,0.E0));
#4307=VECTOR('',#4306,4.E0);
#4308=CARTESIAN_POINT('',(-2.E0,0.E0,-3.6E1));
#4309=LINE('',#4308,#4307);
#4310=CURVE_STYLE('',#88,POSITIVE_LENGTH_MEASURE(2.E-2),#2214);
#4311=PRESENTATION_STYLE_ASSIGNMENT((#4310));
#4312=STYLED_ITEM('',(#4311),#4309);
#4313=DIRECTION('',(0.E0,1.E0,0.E0));
#4314=VECTOR('',#4313,4.E0);
#4315=CARTESIAN_POINT('',(2.E0,0.E0,-3.6E1));
#4316=LINE('',#4315,#4314);
#4317=CURVE_STYLE('',#88,POSITIVE_LENGTH_MEASURE(2.E-2),#2214);
#4318=PRESENTATION_STYLE_ASSIGNMENT((#4317));
#4319=STYLED_ITEM('',(#4318),#4316);
#4320=CARTESIAN_POINT('',(0.E0,4.E0,-3.6E1));
#4321=DIRECTION('',(0.E0,-1.E0,0.E0));
#4322=DIRECTION('',(1.E0,0.E0,0.E0));
#4323=AXIS2_PLACEMENT_3D('',#4320,#4321,#4322);
#4325=CURVE_STYLE('',#88,POSITIVE_LENGTH_MEASURE(2.E-2),#2214);
#4326=PRESENTATION_STYLE_ASSIGNMENT((#4325));
#4327=STYLED_ITEM('',(#4326),#4324);
#4328=CARTESIAN_POINT('',(0.E0,4.E0,-3.6E1));
#4329=DIRECTION('',(0.E0,-1.E0,0.E0));
#4330=DIRECTION('',(-1.E0,0.E0,0.E0));
#4331=AXIS2_PLACEMENT_3D('',#4328,#4329,#4330);
#4333=CURVE_STYLE('',#88,POSITIVE_LENGTH_MEASURE(2.E-2),#2214);
#4334=PRESENTATION_STYLE_ASSIGNMENT((#4333));
#4335=STYLED_ITEM('',(#4334),#4332);
#4336=DIRECTION('',(0.E0,-1.E0,0.E0));
#4337=VECTOR('',#4336,2.6E1);
#4338=CARTESIAN_POINT('',(-3.48E1,2.8E1,-2.68E1));
#4339=LINE('',#4338,#4337);
#4340=CURVE_STYLE('',#88,POSITIVE_LENGTH_MEASURE(2.E-2),#2214);
#4341=PRESENTATION_STYLE_ASSIGNMENT((#4340));
#4342=STYLED_ITEM('',(#4341),#4339);
#4343=DIRECTION('',(0.E0,0.E0,-1.E0));
#4344=VECTOR('',#4343,2.E-1);
#4345=CARTESIAN_POINT('',(-3.3E1,2.98E1,-2.66E1));
#4346=LINE('',#4345,#4344);
#4347=CURVE_STYLE('',#88,POSITIVE_LENGTH_MEASURE(2.E-2),#2214);
#4348=PRESENTATION_STYLE_ASSIGNMENT((#4347));
#4349=STYLED_ITEM('',(#4348),#4346);
#4350=DIRECTION('',(0.E0,0.E0,1.E0));
#4351=VECTOR('',#4350,2.E-1);
#4352=CARTESIAN_POINT('',(-3.48E1,2.8E1,-2.68E1));
#4353=LINE('',#4352,#4351);
#4354=CURVE_STYLE('',#88,POSITIVE_LENGTH_MEASURE(2.E-2),#2214);
#4355=PRESENTATION_STYLE_ASSIGNMENT((#4354));
#4356=STYLED_ITEM('',(#4355),#4353);
#4357=DIRECTION('',(-1.E0,0.E0,0.E0));
#4358=VECTOR('',#4357,3.6E1);
#4359=CARTESIAN_POINT('',(3.E0,2.98E1,-2.68E1));
#4360=LINE('',#4359,#4358);
#4361=CURVE_STYLE('',#88,POSITIVE_LENGTH_MEASURE(2.E-2),#2214);
#4362=PRESENTATION_STYLE_ASSIGNMENT((#4361));
#4363=STYLED_ITEM('',(#4362),#4360);
#4364=DIRECTION('',(0.E0,0.E0,-1.E0));
#4365=VECTOR('',#4364,2.E-1);
#4366=CARTESIAN_POINT('',(4.8E0,2.8E1,-2.66E1));
#4367=LINE('',#4366,#4365);
#4368=CURVE_STYLE('',#88,POSITIVE_LENGTH_MEASURE(2.E-2),#2214);
#4369=PRESENTATION_STYLE_ASSIGNMENT((#4368));
#4370=STYLED_ITEM('',(#4369),#4367);
#4371=DIRECTION('',(0.E0,0.E0,1.E0));
#4372=VECTOR('',#4371,2.E-1);
#4373=CARTESIAN_POINT('',(3.E0,2.98E1,-2.68E1));
#4374=LINE('',#4373,#4372);
#4375=CURVE_STYLE('',#88,POSITIVE_LENGTH_MEASURE(2.E-2),#2214);
#4376=PRESENTATION_STYLE_ASSIGNMENT((#4375));
#4377=STYLED_ITEM('',(#4376),#4374);
#4378=DIRECTION('',(0.E0,1.E0,0.E0));
#4379=VECTOR('',#4378,2.6E1);
#4380=CARTESIAN_POINT('',(4.8E0,2.E0,-2.68E1));
#4381=LINE('',#4380,#4379);
#4382=CURVE_STYLE('',#88,POSITIVE_LENGTH_MEASURE(2.E-2),#2214);
#4383=PRESENTATION_STYLE_ASSIGNMENT((#4382));
#4384=STYLED_ITEM('',(#4383),#4381);
#4385=DIRECTION('',(0.E0,0.E0,-1.E0));
#4386=VECTOR('',#4385,2.E-1);
#4387=CARTESIAN_POINT('',(3.E0,2.E-1,-2.66E1));
#4388=LINE('',#4387,#4386);
#4389=CURVE_STYLE('',#88,POSITIVE_LENGTH_MEASURE(2.E-2),#2214);
#4390=PRESENTATION_STYLE_ASSIGNMENT((#4389));
#4391=STYLED_ITEM('',(#4390),#4388);
#4392=DIRECTION('',(0.E0,0.E0,1.E0));
#4393=VECTOR('',#4392,2.E-1);
#4394=CARTESIAN_POINT('',(4.8E0,2.E0,-2.68E1));
#4395=LINE('',#4394,#4393);
#4396=CURVE_STYLE('',#88,POSITIVE_LENGTH_MEASURE(2.E-2),#2214);
#4397=PRESENTATION_STYLE_ASSIGNMENT((#4396));
#4398=STYLED_ITEM('',(#4397),#4395);
#4399=DIRECTION('',(0.E0,0.E0,-1.E0));
#4400=VECTOR('',#4399,2.E-1);
#4401=CARTESIAN_POINT('',(-3.48E1,2.E0,-2.66E1));
#4402=LINE('',#4401,#4400);
#4403=CURVE_STYLE('',#88,POSITIVE_LENGTH_MEASURE(2.E-2),#2214);
#4404=PRESENTATION_STYLE_ASSIGNMENT((#4403));
#4405=STYLED_ITEM('',(#4404),#4402);
#4406=DIRECTION('',(0.E0,0.E0,1.E0));
#4407=VECTOR('',#4406,2.E-1);
#4408=CARTESIAN_POINT('',(-3.3E1,2.E-1,-2.68E1));
#4409=LINE('',#4408,#4407);
#4410=CURVE_STYLE('',#88,POSITIVE_LENGTH_MEASURE(2.E-2),#2214);
#4411=PRESENTATION_STYLE_ASSIGNMENT((#4410));
#4412=STYLED_ITEM('',(#4411),#4409);
#4413=DIRECTION('',(-1.004859173558E-14,7.071067811866E-1,-7.071067811865E-1));
#4414=VECTOR('',#4413,1.414213562373E0);
#4415=CARTESIAN_POINT('',(-3.3E1,2.9E1,3.5E0));
#4416=LINE('',#4415,#4414);
#4417=CURVE_STYLE('',#88,POSITIVE_LENGTH_MEASURE(2.E-2),#2214);
#4418=PRESENTATION_STYLE_ASSIGNMENT((#4417));
#4419=STYLED_ITEM('',(#4418),#4416);
#4420=DIRECTION('',(7.071067811865E-1,-2.009718347115E-14,7.071067811865E-1));
#4421=VECTOR('',#4420,1.414213562373E0);
#4422=CARTESIAN_POINT('',(-3.5E1,2.8E1,2.5E0));
#4423=LINE('',#4422,#4421);
#4424=CURVE_STYLE('',#88,POSITIVE_LENGTH_MEASURE(2.E-2),#2214);
#4425=PRESENTATION_STYLE_ASSIGNMENT((#4424));
#4426=STYLED_ITEM('',(#4425),#4423);
#4427=CARTESIAN_POINT('',(-3.3E1,2.8E1,2.5E0));
#4428=DIRECTION('',(0.E0,0.E0,1.E0));
#4429=DIRECTION('',(0.E0,1.E0,0.E0));
#4430=AXIS2_PLACEMENT_3D('',#4427,#4428,#4429);
#4432=CURVE_STYLE('',#88,POSITIVE_LENGTH_MEASURE(2.E-2),#2214);
#4433=PRESENTATION_STYLE_ASSIGNMENT((#4432));
#4434=STYLED_ITEM('',(#4433),#4431);
#4435=DIRECTION('',(1.E0,0.E0,0.E0));
#4436=VECTOR('',#4435,1.3E1);
#4437=CARTESIAN_POINT('',(-3.3E1,2.9E1,3.5E0));
#4438=LINE('',#4437,#4436);
#4439=CURVE_STYLE('',#88,POSITIVE_LENGTH_MEASURE(2.E-2),#2214);
#4440=PRESENTATION_STYLE_ASSIGNMENT((#4439));
#4441=STYLED_ITEM('',(#4440),#4438);
#4442=DIRECTION('',(-1.E0,0.E0,0.E0));
#4443=VECTOR('',#4442,1.3E1);
#4444=CARTESIAN_POINT('',(-2.E1,3.E1,2.5E0));
#4445=LINE('',#4444,#4443);
#4446=CURVE_STYLE('',#88,POSITIVE_LENGTH_MEASURE(2.E-2),#2214);
#4447=PRESENTATION_STYLE_ASSIGNMENT((#4446));
#4448=STYLED_ITEM('',(#4447),#4445);
#4449=DIRECTION('',(0.E0,0.E0,-1.E0));
#4450=VECTOR('',#4449,1.E0);
#4451=CARTESIAN_POINT('',(-2.E1,3.E1,3.5E0));
#4452=LINE('',#4451,#4450);
#4453=CURVE_STYLE('',#88,POSITIVE_LENGTH_MEASURE(2.E-2),#2214);
#4454=PRESENTATION_STYLE_ASSIGNMENT((#4453));
#4455=STYLED_ITEM('',(#4454),#4452);
#4456=DIRECTION('',(0.E0,1.E0,0.E0));
#4457=VECTOR('',#4456,1.E0);
#4458=CARTESIAN_POINT('',(-2.E1,2.9E1,3.5E0));
#4459=LINE('',#4458,#4457);
#4460=CURVE_STYLE('',#88,POSITIVE_LENGTH_MEASURE(2.E-2),#2214);
#4461=PRESENTATION_STYLE_ASSIGNMENT((#4460));
#4462=STYLED_ITEM('',(#4461),#4459);
#4463=DIRECTION('',(0.E0,-7.071067811866E-1,7.071067811865E-1));
#4464=VECTOR('',#4463,1.414213562373E0);
#4465=CARTESIAN_POINT('',(-2.E1,3.E1,2.5E0));
#4466=LINE('',#4465,#4464);
#4467=CURVE_STYLE('',#88,POSITIVE_LENGTH_MEASURE(2.E-2),#2214);
#4468=PRESENTATION_STYLE_ASSIGNMENT((#4467));
#4469=STYLED_ITEM('',(#4468),#4466);
#4470=CARTESIAN_POINT('',(-3.3E1,2.E0,3.5E0));
#4471=DIRECTION('',(0.E0,0.E0,1.E0));
#4472=DIRECTION('',(-1.E0,8.881784197001E-14,0.E0));
#4473=AXIS2_PLACEMENT_3D('',#4470,#4471,#4472);
#4475=CURVE_STYLE('',#88,POSITIVE_LENGTH_MEASURE(2.E-2),#2214);
#4476=PRESENTATION_STYLE_ASSIGNMENT((#4475));
#4477=STYLED_ITEM('',(#4476),#4474);
#4478=CARTESIAN_POINT('',(-3.3E1,2.8E1,3.5E0));
#4479=DIRECTION('',(0.E0,0.E0,1.E0));
#4480=DIRECTION('',(0.E0,1.E0,0.E0));
#4481=AXIS2_PLACEMENT_3D('',#4478,#4479,#4480);
#4483=CURVE_STYLE('',#88,POSITIVE_LENGTH_MEASURE(2.E-2),#2214);
#4484=PRESENTATION_STYLE_ASSIGNMENT((#4483));
#4485=STYLED_ITEM('',(#4484),#4482);
#4486=CARTESIAN_POINT('',(3.E0,2.8E1,3.5E0));
#4487=DIRECTION('',(0.E0,0.E0,1.E0));
#4488=DIRECTION('',(1.E0,-9.947598300642E-14,0.E0));
#4489=AXIS2_PLACEMENT_3D('',#4486,#4487,#4488);
#4491=CURVE_STYLE('',#88,POSITIVE_LENGTH_MEASURE(2.E-2),#2214);
#4492=PRESENTATION_STYLE_ASSIGNMENT((#4491));
#4493=STYLED_ITEM('',(#4492),#4490);
#4494=CARTESIAN_POINT('',(3.E0,2.E0,3.5E0));
#4495=DIRECTION('',(0.E0,0.E0,1.E0));
#4496=DIRECTION('',(2.220446049250E-14,-1.E0,0.E0));
#4497=AXIS2_PLACEMENT_3D('',#4494,#4495,#4496);
#4499=CURVE_STYLE('',#88,POSITIVE_LENGTH_MEASURE(2.E-2),#2214);
#4500=PRESENTATION_STYLE_ASSIGNMENT((#4499));
#4501=STYLED_ITEM('',(#4500),#4498);
#4502=CARTESIAN_POINT('',(-1.5E1,1.5E1,3.499999999917E0));
#4503=DIRECTION('',(0.E0,0.E0,-1.E0));
#4504=DIRECTION('',(1.E0,0.E0,0.E0));
#4505=AXIS2_PLACEMENT_3D('',#4502,#4503,#4504);
#4507=CURVE_STYLE('',#88,POSITIVE_LENGTH_MEASURE(2.E-2),#2214);
#4508=PRESENTATION_STYLE_ASSIGNMENT((#4507));
#4509=STYLED_ITEM('',(#4508),#4506);
#4510=CARTESIAN_POINT('',(-1.5E1,1.5E1,3.499999999917E0));
#4511=DIRECTION('',(0.E0,0.E0,-1.E0));
#4512=DIRECTION('',(-1.E0,0.E0,0.E0));
#4513=AXIS2_PLACEMENT_3D('',#4510,#4511,#4512);
#4515=CURVE_STYLE('',#88,POSITIVE_LENGTH_MEASURE(2.E-2),#2214);
#4516=PRESENTATION_STYLE_ASSIGNMENT((#4515));
#4517=STYLED_ITEM('',(#4516),#4514);
#4518=DIRECTION('',(-7.071067811866E-1,-2.135325743810E-14,-7.071067811865E-1));
#4519=VECTOR('',#4518,1.414213562373E0);
#4520=CARTESIAN_POINT('',(-3.4E1,2.E0,3.5E0));
#4521=LINE('',#4520,#4519);
#4522=CURVE_STYLE('',#88,POSITIVE_LENGTH_MEASURE(2.E-2),#2214);
#4523=PRESENTATION_STYLE_ASSIGNMENT((#4522));
#4524=STYLED_ITEM('',(#4523),#4521);
#4525=DIRECTION('',(0.E0,7.071067811866E-1,7.071067811865E-1));
#4526=VECTOR('',#4525,1.414213562373E0);
#4527=CARTESIAN_POINT('',(-3.3E1,0.E0,2.5E0));
#4528=LINE('',#4527,#4526);
#4529=CURVE_STYLE('',#88,POSITIVE_LENGTH_MEASURE(2.E-2),#2214);
#4530=PRESENTATION_STYLE_ASSIGNMENT((#4529));
#4531=STYLED_ITEM('',(#4530),#4528);
#4532=CARTESIAN_POINT('',(-3.3E1,2.E0,2.5E0));
#4533=DIRECTION('',(0.E0,0.E0,1.E0));
#4534=DIRECTION('',(-1.E0,0.E0,0.E0));
#4535=AXIS2_PLACEMENT_3D('',#4532,#4533,#4534);
#4537=CURVE_STYLE('',#88,POSITIVE_LENGTH_MEASURE(2.E-2),#2214);
#4538=PRESENTATION_STYLE_ASSIGNMENT((#4537));
#4539=STYLED_ITEM('',(#4538),#4536);
#4540=DIRECTION('',(0.E0,1.E0,0.E0));
#4541=VECTOR('',#4540,2.6E1);
#4542=CARTESIAN_POINT('',(-3.4E1,2.E0,3.5E0));
#4543=LINE('',#4542,#4541);
#4544=CURVE_STYLE('',#88,POSITIVE_LENGTH_MEASURE(2.E-2),#2214);
#4545=PRESENTATION_STYLE_ASSIGNMENT((#4544));
#4546=STYLED_ITEM('',(#4545),#4543);
#4547=DIRECTION('',(0.E0,-1.E0,0.E0));
#4548=VECTOR('',#4547,2.6E1);
#4549=CARTESIAN_POINT('',(-3.5E1,2.8E1,2.5E0));
#4550=LINE('',#4549,#4548);
#4551=CURVE_STYLE('',#88,POSITIVE_LENGTH_MEASURE(2.E-2),#2214);
#4552=PRESENTATION_STYLE_ASSIGNMENT((#4551));
#4553=STYLED_ITEM('',(#4552),#4550);
#4554=DIRECTION('',(1.E0,0.E0,0.E0));
#4555=VECTOR('',#4554,1.3E1);
#4556=CARTESIAN_POINT('',(-3.3E1,0.E0,2.5E0));
#4557=LINE('',#4556,#4555);
#4558=CURVE_STYLE('',#88,POSITIVE_LENGTH_MEASURE(2.E-2),#2214);
#4559=PRESENTATION_STYLE_ASSIGNMENT((#4558));
#4560=STYLED_ITEM('',(#4559),#4557);
#4561=DIRECTION('',(-1.E0,0.E0,0.E0));
#4562=VECTOR('',#4561,1.3E1);
#4563=CARTESIAN_POINT('',(-2.E1,1.E0,3.5E0));
#4564=LINE('',#4563,#4562);
#4565=CURVE_STYLE('',#88,POSITIVE_LENGTH_MEASURE(2.E-2),#2214);
#4566=PRESENTATION_STYLE_ASSIGNMENT((#4565));
#4567=STYLED_ITEM('',(#4566),#4564);
#4568=DIRECTION('',(0.E0,1.E0,0.E0));
#4569=VECTOR('',#4568,1.E0);
#4570=CARTESIAN_POINT('',(-2.E1,0.E0,3.5E0));
#4571=LINE('',#4570,#4569);
#4572=CURVE_STYLE('',#88,POSITIVE_LENGTH_MEASURE(2.E-2),#2214);
#4573=PRESENTATION_STYLE_ASSIGNMENT((#4572));
#4574=STYLED_ITEM('',(#4573),#4571);
#4575=DIRECTION('',(0.E0,-7.071067811866E-1,-7.071067811865E-1));
#4576=VECTOR('',#4575,1.414213562373E0);
#4577=CARTESIAN_POINT('',(-2.E1,1.E0,3.5E0));
#4578=LINE('',#4577,#4576);
#4579=CURVE_STYLE('',#88,POSITIVE_LENGTH_MEASURE(2.E-2),#2214);
#4580=PRESENTATION_STYLE_ASSIGNMENT((#4579));
#4581=STYLED_ITEM('',(#4580),#4578);
#4582=DIRECTION('',(0.E0,-1.E0,0.E0));
#4583=VECTOR('',#4582,1.E0);
#4584=CARTESIAN_POINT('',(-1.E1,3.E1,3.5E0));
#4585=LINE('',#4584,#4583);
#4586=CURVE_STYLE('',#88,POSITIVE_LENGTH_MEASURE(2.E-2),#2214);
#4587=PRESENTATION_STYLE_ASSIGNMENT((#4586));
#4588=STYLED_ITEM('',(#4587),#4585);
#4589=DIRECTION('',(0.E0,7.071067811865E-1,-7.071067811865E-1));
#4590=VECTOR('',#4589,1.414213562373E0);
#4591=CARTESIAN_POINT('',(-1.E1,2.9E1,3.5E0));
#4592=LINE('',#4591,#4590);
#4593=CURVE_STYLE('',#88,POSITIVE_LENGTH_MEASURE(2.E-2),#2214);
#4594=PRESENTATION_STYLE_ASSIGNMENT((#4593));
#4595=STYLED_ITEM('',(#4594),#4592);
#4596=DIRECTION('',(-1.E0,0.E0,0.E0));
#4597=VECTOR('',#4596,1.3E1);
#4598=CARTESIAN_POINT('',(3.E0,3.E1,2.5E0));
#4599=LINE('',#4598,#4597);
#4600=CURVE_STYLE('',#88,POSITIVE_LENGTH_MEASURE(2.E-2),#2214);
#4601=PRESENTATION_STYLE_ASSIGNMENT((#4600));
#4602=STYLED_ITEM('',(#4601),#4599);
#4603=DIRECTION('',(1.E0,0.E0,0.E0));
#4604=VECTOR('',#4603,1.3E1);
#4605=CARTESIAN_POINT('',(-1.E1,2.9E1,3.5E0));
#4606=LINE('',#4605,#4604);
#4607=CURVE_STYLE('',#88,POSITIVE_LENGTH_MEASURE(2.E-2),#2214);
#4608=PRESENTATION_STYLE_ASSIGNMENT((#4607));
#4609=STYLED_ITEM('',(#4608),#4606);
#4610=DIRECTION('',(-2.103923894636E-14,-7.071067811866E-1,7.071067811865E-1));
#4611=VECTOR('',#4610,1.414213562373E0);
#4612=CARTESIAN_POINT('',(3.E0,3.E1,2.5E0));
#4613=LINE('',#4612,#4611);
#4614=CURVE_STYLE('',#88,POSITIVE_LENGTH_MEASURE(2.E-2),#2214);
#4615=PRESENTATION_STYLE_ASSIGNMENT((#4614));
#4616=STYLED_ITEM('',(#4615),#4613);
#4617=CARTESIAN_POINT('',(3.E0,2.8E1,2.5E0));
#4618=DIRECTION('',(0.E0,0.E0,1.E0));
#4619=DIRECTION('',(1.E0,0.E0,0.E0));
#4620=AXIS2_PLACEMENT_3D('',#4617,#4618,#4619);
#4622=CURVE_STYLE('',#88,POSITIVE_LENGTH_MEASURE(2.E-2),#2214);
#4623=PRESENTATION_STYLE_ASSIGNMENT((#4622));
#4624=STYLED_ITEM('',(#4623),#4621);
#4625=DIRECTION('',(7.071067811865E-1,2.763362727283E-14,-7.071067811865E-1));
#4626=VECTOR('',#4625,1.414213562373E0);
#4627=CARTESIAN_POINT('',(4.E0,2.8E1,3.5E0));
#4628=LINE('',#4627,#4626);
#4629=CURVE_STYLE('',#88,POSITIVE_LENGTH_MEASURE(2.E-2),#2214);
#4630=PRESENTATION_STYLE_ASSIGNMENT((#4629));
#4631=STYLED_ITEM('',(#4630),#4628);
#4632=DIRECTION('',(0.E0,1.E0,0.E0));
#4633=VECTOR('',#4632,2.6E1);
#4634=CARTESIAN_POINT('',(5.E0,2.E0,2.5E0));
#4635=LINE('',#4634,#4633);
#4636=CURVE_STYLE('',#88,POSITIVE_LENGTH_MEASURE(2.E-2),#2214);
#4637=PRESENTATION_STYLE_ASSIGNMENT((#4636));
#4638=STYLED_ITEM('',(#4637),#4635);
#4639=DIRECTION('',(0.E0,-1.E0,0.E0));
#4640=VECTOR('',#4639,2.6E1);
#4641=CARTESIAN_POINT('',(4.E0,2.8E1,3.5E0));
#4642=LINE('',#4641,#4640);
#4643=CURVE_STYLE('',#88,POSITIVE_LENGTH_MEASURE(2.E-2),#2214);
#4644=PRESENTATION_STYLE_ASSIGNMENT((#4643));
#4645=STYLED_ITEM('',(#4644),#4642);
#4646=DIRECTION('',(-7.071067811865E-1,2.323736838852E-14,7.071067811865E-1));
#4647=VECTOR('',#4646,1.414213562373E0);
#4648=CARTESIAN_POINT('',(5.E0,2.E0,2.5E0));
#4649=LINE('',#4648,#4647);
#4650=CURVE_STYLE('',#88,POSITIVE_LENGTH_MEASURE(2.E-2),#2214);
#4651=PRESENTATION_STYLE_ASSIGNMENT((#4650));
#4652=STYLED_ITEM('',(#4651),#4649);
#4653=CARTESIAN_POINT('',(3.E0,2.E0,2.5E0));
#4654=DIRECTION('',(0.E0,0.E0,1.E0));
#4655=DIRECTION('',(0.E0,-1.E0,0.E0));
#4656=AXIS2_PLACEMENT_3D('',#4653,#4654,#4655);
#4658=CURVE_STYLE('',#88,POSITIVE_LENGTH_MEASURE(2.E-2),#2214);
#4659=PRESENTATION_STYLE_ASSIGNMENT((#4658));
#4660=STYLED_ITEM('',(#4659),#4657);
#4661=DIRECTION('',(0.E0,-7.071067811866E-1,-7.071067811865E-1));
#4662=VECTOR('',#4661,1.414213562373E0);
#4663=CARTESIAN_POINT('',(3.E0,1.E0,3.5E0));
#4664=LINE('',#4663,#4662);
#4665=CURVE_STYLE('',#88,POSITIVE_LENGTH_MEASURE(2.E-2),#2214);
#4666=PRESENTATION_STYLE_ASSIGNMENT((#4665));
#4667=STYLED_ITEM('',(#4666),#4664);
#4668=DIRECTION('',(-1.E0,0.E0,0.E0));
#4669=VECTOR('',#4668,1.3E1);
#4670=CARTESIAN_POINT('',(3.E0,1.E0,3.5E0));
#4671=LINE('',#4670,#4669);
#4672=CURVE_STYLE('',#88,POSITIVE_LENGTH_MEASURE(2.E-2),#2214);
#4673=PRESENTATION_STYLE_ASSIGNMENT((#4672));
#4674=STYLED_ITEM('',(#4673),#4671);
#4675=DIRECTION('',(1.E0,0.E0,0.E0));
#4676=VECTOR('',#4675,1.3E1);
#4677=CARTESIAN_POINT('',(-1.E1,0.E0,2.5E0));
#4678=LINE('',#4677,#4676);
#4679=CURVE_STYLE('',#88,POSITIVE_LENGTH_MEASURE(2.E-2),#2214);
#4680=PRESENTATION_STYLE_ASSIGNMENT((#4679));
#4681=STYLED_ITEM('',(#4680),#4678);
#4682=DIRECTION('',(0.E0,0.E0,-1.E0));
#4683=VECTOR('',#4682,1.E0);
#4684=CARTESIAN_POINT('',(-1.E1,0.E0,3.5E0));
#4685=LINE('',#4684,#4683);
#4686=CURVE_STYLE('',#88,POSITIVE_LENGTH_MEASURE(2.E-2),#2214);
#4687=PRESENTATION_STYLE_ASSIGNMENT((#4686));
#4688=STYLED_ITEM('',(#4687),#4685);
#4689=DIRECTION('',(0.E0,-1.E0,0.E0));
#4690=VECTOR('',#4689,1.E0);
#4691=CARTESIAN_POINT('',(-1.E1,1.E0,3.5E0));
#4692=LINE('',#4691,#4690);
#4693=CURVE_STYLE('',#88,POSITIVE_LENGTH_MEASURE(2.E-2),#2214);
#4694=PRESENTATION_STYLE_ASSIGNMENT((#4693));
#4695=STYLED_ITEM('',(#4694),#4692);
#4696=DIRECTION('',(0.E0,7.071067811866E-1,7.071067811865E-1));
#4697=VECTOR('',#4696,1.414213562373E0);
#4698=CARTESIAN_POINT('',(-1.E1,0.E0,2.5E0));
#4699=LINE('',#4698,#4697);
#4700=CURVE_STYLE('',#88,POSITIVE_LENGTH_MEASURE(2.E-2),#2214);
#4701=PRESENTATION_STYLE_ASSIGNMENT((#4700));
#4702=STYLED_ITEM('',(#4701),#4699);
#4703=DIRECTION('',(0.E0,0.E0,1.E0));
#4704=VECTOR('',#4703,5.000000000055E0);
#4705=CARTESIAN_POINT('',(-5.E-1,1.5E1,3.499999999945E0));
#4706=LINE('',#4705,#4704);
#4707=CURVE_STYLE('',#88,POSITIVE_LENGTH_MEASURE(2.E-2),#2214);
#4708=PRESENTATION_STYLE_ASSIGNMENT((#4707));
#4709=STYLED_ITEM('',(#4708),#4706);
#4710=DIRECTION('',(0.E0,0.E0,1.E0));
#4711=VECTOR('',#4710,5.000000000055E0);
#4712=CARTESIAN_POINT('',(-2.95E1,1.5E1,3.499999999945E0));
#4713=LINE('',#4712,#4711);
#4714=CURVE_STYLE('',#88,POSITIVE_LENGTH_MEASURE(2.E-2),#2214);
#4715=PRESENTATION_STYLE_ASSIGNMENT((#4714));
#4716=STYLED_ITEM('',(#4715),#4713);
#4717=CARTESIAN_POINT('',(-1.5E1,1.5E1,8.5E0));
#4718=DIRECTION('',(0.E0,0.E0,1.E0));
#4719=DIRECTION('',(-1.E0,0.E0,0.E0));
#4720=AXIS2_PLACEMENT_3D('',#4717,#4718,#4719);
#4722=CURVE_STYLE('',#88,POSITIVE_LENGTH_MEASURE(2.E-2),#2214);
#4723=PRESENTATION_STYLE_ASSIGNMENT((#4722));
#4724=STYLED_ITEM('',(#4723),#4721);
#4725=CARTESIAN_POINT('',(-1.5E1,1.5E1,8.5E0));
#4726=DIRECTION('',(0.E0,0.E0,1.E0));
#4727=DIRECTION('',(1.E0,0.E0,0.E0));
#4728=AXIS2_PLACEMENT_3D('',#4725,#4726,#4727);
#4730=CURVE_STYLE('',#88,POSITIVE_LENGTH_MEASURE(2.E-2),#2214);
#4731=PRESENTATION_STYLE_ASSIGNMENT((#4730));
#4732=STYLED_ITEM('',(#4731),#4729);
#4733=CARTESIAN_POINT('',(-1.5E1,1.5E1,8.5E0));
#4734=DIRECTION('',(0.E0,0.E0,-1.E0));
#4735=DIRECTION('',(-1.E0,0.E0,0.E0));
#4736=AXIS2_PLACEMENT_3D('',#4733,#4734,#4735);
#4738=CURVE_STYLE('',#88,POSITIVE_LENGTH_MEASURE(2.E-2),#2214);
#4739=PRESENTATION_STYLE_ASSIGNMENT((#4738));
#4740=STYLED_ITEM('',(#4739),#4737);
#4741=CARTESIAN_POINT('',(-1.5E1,1.5E1,8.5E0));
#4742=DIRECTION('',(0.E0,0.E0,-1.E0));
#4743=DIRECTION('',(1.E0,0.E0,0.E0));
#4744=AXIS2_PLACEMENT_3D('',#4741,#4742,#4743);
#4746=CURVE_STYLE('',#88,POSITIVE_LENGTH_MEASURE(2.E-2),#2214);
#4747=PRESENTATION_STYLE_ASSIGNMENT((#4746));
#4748=STYLED_ITEM('',(#4747),#4745);
#4749=DIRECTION('',(0.E0,0.E0,-1.E0));
#4750=VECTOR('',#4749,1.E0);
#4751=CARTESIAN_POINT('',(-7.E-1,1.5E1,9.5E0));
#4752=LINE('',#4751,#4750);
#4753=CURVE_STYLE('',#88,POSITIVE_LENGTH_MEASURE(2.E-2),#2214);
#4754=PRESENTATION_STYLE_ASSIGNMENT((#4753));
#4755=STYLED_ITEM('',(#4754),#4752);
#4756=DIRECTION('',(0.E0,0.E0,-1.E0));
#4757=VECTOR('',#4756,1.E0);
#4758=CARTESIAN_POINT('',(-2.93E1,1.5E1,9.5E0));
#4759=LINE('',#4758,#4757);
#4760=CURVE_STYLE('',#88,POSITIVE_LENGTH_MEASURE(2.E-2),#2214);
#4761=PRESENTATION_STYLE_ASSIGNMENT((#4760));
#4762=STYLED_ITEM('',(#4761),#4759);
#4763=CARTESIAN_POINT('',(-1.5E1,1.5E1,9.5E0));
#4764=DIRECTION('',(0.E0,0.E0,-1.E0));
#4765=DIRECTION('',(1.E0,0.E0,0.E0));
#4766=AXIS2_PLACEMENT_3D('',#4763,#4764,#4765);
#4768=CURVE_STYLE('',#88,POSITIVE_LENGTH_MEASURE(2.E-2),#2214);
#4769=PRESENTATION_STYLE_ASSIGNMENT((#4768));
#4770=STYLED_ITEM('',(#4769),#4767);
#4771=CARTESIAN_POINT('',(-1.5E1,1.5E1,9.5E0));
#4772=DIRECTION('',(0.E0,0.E0,-1.E0));
#4773=DIRECTION('',(-1.E0,0.E0,0.E0));
#4774=AXIS2_PLACEMENT_3D('',#4771,#4772,#4773);
#4776=CURVE_STYLE('',#88,POSITIVE_LENGTH_MEASURE(2.E-2),#2214);
#4777=PRESENTATION_STYLE_ASSIGNMENT((#4776));
#4778=STYLED_ITEM('',(#4777),#4775);
#4779=CARTESIAN_POINT('',(-1.5E1,1.5E1,9.5E0));
#4780=DIRECTION('',(0.E0,0.E0,1.E0));
#4781=DIRECTION('',(1.E0,0.E0,0.E0));
#4782=AXIS2_PLACEMENT_3D('',#4779,#4780,#4781);
#4784=CURVE_STYLE('',#88,POSITIVE_LENGTH_MEASURE(2.E-2),#2214);
#4785=PRESENTATION_STYLE_ASSIGNMENT((#4784));
#4786=STYLED_ITEM('',(#4785),#4783);
#4787=CARTESIAN_POINT('',(-1.5E1,1.5E1,9.5E0));
#4788=DIRECTION('',(0.E0,0.E0,1.E0));
#4789=DIRECTION('',(-1.E0,0.E0,0.E0));
#4790=AXIS2_PLACEMENT_3D('',#4787,#4788,#4789);
#4792=CURVE_STYLE('',#88,POSITIVE_LENGTH_MEASURE(2.E-2),#2214);
#4793=PRESENTATION_STYLE_ASSIGNMENT((#4792));
#4794=STYLED_ITEM('',(#4793),#4791);
#4795=DIRECTION('',(0.E0,0.E0,1.E0));
#4796=VECTOR('',#4795,5.E0);
#4797=CARTESIAN_POINT('',(-5.E-1,1.5E1,9.5E0));
#4798=LINE('',#4797,#4796);
#4799=CURVE_STYLE('',#88,POSITIVE_LENGTH_MEASURE(2.E-2),#2214);
#4800=PRESENTATION_STYLE_ASSIGNMENT((#4799));
#4801=STYLED_ITEM('',(#4800),#4798);
#4802=DIRECTION('',(0.E0,0.E0,1.E0));
#4803=VECTOR('',#4802,5.E0);
#4804=CARTESIAN_POINT('',(-2.95E1,1.5E1,9.5E0));
#4805=LINE('',#4804,#4803);
#4806=CURVE_STYLE('',#88,POSITIVE_LENGTH_MEASURE(2.E-2),#2214);
#4807=PRESENTATION_STYLE_ASSIGNMENT((#4806));
#4808=STYLED_ITEM('',(#4807),#4805);
#4809=CARTESIAN_POINT('',(-1.5E1,1.5E1,1.45E1));
#4810=DIRECTION('',(0.E0,0.E0,1.E0));
#4811=DIRECTION('',(-1.E0,0.E0,0.E0));
#4812=AXIS2_PLACEMENT_3D('',#4809,#4810,#4811);
#4814=CURVE_STYLE('',#88,POSITIVE_LENGTH_MEASURE(2.E-2),#2214);
#4815=PRESENTATION_STYLE_ASSIGNMENT((#4814));
#4816=STYLED_ITEM('',(#4815),#4813);
#4817=CARTESIAN_POINT('',(-1.5E1,1.5E1,1.45E1));
#4818=DIRECTION('',(0.E0,0.E0,1.E0));
#4819=DIRECTION('',(1.E0,0.E0,0.E0));
#4820=AXIS2_PLACEMENT_3D('',#4817,#4818,#4819);
#4822=CURVE_STYLE('',#88,POSITIVE_LENGTH_MEASURE(2.E-2),#2214);
#4823=PRESENTATION_STYLE_ASSIGNMENT((#4822));
#4824=STYLED_ITEM('',(#4823),#4821);
#4825=CARTESIAN_POINT('',(-1.5E1,1.5E1,1.45E1));
#4826=DIRECTION('',(0.E0,0.E0,-1.E0));
#4827=DIRECTION('',(-1.E0,0.E0,0.E0));
#4828=AXIS2_PLACEMENT_3D('',#4825,#4826,#4827);
#4830=CURVE_STYLE('',#88,POSITIVE_LENGTH_MEASURE(2.E-2),#2214);
#4831=PRESENTATION_STYLE_ASSIGNMENT((#4830));
#4832=STYLED_ITEM('',(#4831),#4829);
#4833=CARTESIAN_POINT('',(-1.5E1,1.5E1,1.45E1));
#4834=DIRECTION('',(0.E0,0.E0,-1.E0));
#4835=DIRECTION('',(1.E0,0.E0,0.E0));
#4836=AXIS2_PLACEMENT_3D('',#4833,#4834,#4835);
#4838=CURVE_STYLE('',#88,POSITIVE_LENGTH_MEASURE(2.E-2),#2214);
#4839=PRESENTATION_STYLE_ASSIGNMENT((#4838));
#4840=STYLED_ITEM('',(#4839),#4837);
#4841=DIRECTION('',(0.E0,0.E0,-1.E0));
#4842=VECTOR('',#4841,1.21E1);
#4843=CARTESIAN_POINT('',(-2.77E1,1.5E1,1.45E1));
#4844=LINE('',#4843,#4842);
#4845=CURVE_STYLE('',#88,POSITIVE_LENGTH_MEASURE(2.E-2),#2214);
#4846=PRESENTATION_STYLE_ASSIGNMENT((#4845));
#4847=STYLED_ITEM('',(#4846),#4844);
#4848=DIRECTION('',(0.E0,0.E0,-1.E0));
#4849=VECTOR('',#4848,1.21E1);
#4850=CARTESIAN_POINT('',(-2.3E0,1.5E1,1.45E1));
#4851=LINE('',#4850,#4849);
#4852=CURVE_STYLE('',#88,POSITIVE_LENGTH_MEASURE(2.E-2),#2214);
#4853=PRESENTATION_STYLE_ASSIGNMENT((#4852));
#4854=STYLED_ITEM('',(#4853),#4851);
#4855=CARTESIAN_POINT('',(-1.5E1,1.5E1,2.4E0));
#4856=DIRECTION('',(0.E0,0.E0,1.E0));
#4857=DIRECTION('',(1.E0,0.E0,0.E0));
#4858=AXIS2_PLACEMENT_3D('',#4855,#4856,#4857);
#4860=CURVE_STYLE('',#88,POSITIVE_LENGTH_MEASURE(2.E-2),#2214);
#4861=PRESENTATION_STYLE_ASSIGNMENT((#4860));
#4862=STYLED_ITEM('',(#4861),#4859);
#4863=CARTESIAN_POINT('',(-1.5E1,1.5E1,2.4E0));
#4864=DIRECTION('',(0.E0,0.E0,1.E0));
#4865=DIRECTION('',(-1.E0,0.E0,0.E0));
#4866=AXIS2_PLACEMENT_3D('',#4863,#4864,#4865);
#4868=CURVE_STYLE('',#88,POSITIVE_LENGTH_MEASURE(2.E-2),#2214);
#4869=PRESENTATION_STYLE_ASSIGNMENT((#4868));
#4870=STYLED_ITEM('',(#4869),#4867);
#4871=CARTESIAN_POINT('',(-1.5E1,1.5E1,2.4E0));
#4872=DIRECTION('',(0.E0,0.E0,-1.E0));
#4873=DIRECTION('',(-1.E0,0.E0,0.E0));
#4874=AXIS2_PLACEMENT_3D('',#4871,#4872,#4873);
#4876=CURVE_STYLE('',#88,POSITIVE_LENGTH_MEASURE(2.E-2),#2214);
#4877=PRESENTATION_STYLE_ASSIGNMENT((#4876));
#4878=STYLED_ITEM('',(#4877),#4875);
#4879=CARTESIAN_POINT('',(-1.5E1,1.5E1,2.4E0));
#4880=DIRECTION('',(0.E0,0.E0,-1.E0));
#4881=DIRECTION('',(1.E0,0.E0,0.E0));
#4882=AXIS2_PLACEMENT_3D('',#4879,#4880,#4881);
#4884=CURVE_STYLE('',#88,POSITIVE_LENGTH_MEASURE(2.E-2),#2214);
#4885=PRESENTATION_STYLE_ASSIGNMENT((#4884));
#4886=STYLED_ITEM('',(#4885),#4883);
#4887=DIRECTION('',(0.E0,0.E0,-1.E0));
#4888=VECTOR('',#4887,9.8E-1);
#4889=CARTESIAN_POINT('',(-2.69E1,1.5E1,2.4E0));
#4890=LINE('',#4889,#4888);
#4891=CURVE_STYLE('',#88,POSITIVE_LENGTH_MEASURE(2.E-2),#2214);
#4892=PRESENTATION_STYLE_ASSIGNMENT((#4891));
#4893=STYLED_ITEM('',(#4892),#4890);
#4894=DIRECTION('',(0.E0,0.E0,-1.E0));
#4895=VECTOR('',#4894,9.8E-1);
#4896=CARTESIAN_POINT('',(-3.1E0,1.5E1,2.4E0));
#4897=LINE('',#4896,#4895);
#4898=CURVE_STYLE('',#88,POSITIVE_LENGTH_MEASURE(2.E-2),#2214);
#4899=PRESENTATION_STYLE_ASSIGNMENT((#4898));
#4900=STYLED_ITEM('',(#4899),#4897);
#4901=CARTESIAN_POINT('',(-1.5E1,1.5E1,1.42E0));
#4902=DIRECTION('',(0.E0,0.E0,1.E0));
#4903=DIRECTION('',(1.E0,0.E0,0.E0));
#4904=AXIS2_PLACEMENT_3D('',#4901,#4902,#4903);
#4906=CURVE_STYLE('',#88,POSITIVE_LENGTH_MEASURE(2.E-2),#2214);
#4907=PRESENTATION_STYLE_ASSIGNMENT((#4906));
#4908=STYLED_ITEM('',(#4907),#4905);
#4909=CARTESIAN_POINT('',(-1.5E1,1.5E1,1.42E0));
#4910=DIRECTION('',(0.E0,0.E0,1.E0));
#4911=DIRECTION('',(-1.E0,0.E0,0.E0));
#4912=AXIS2_PLACEMENT_3D('',#4909,#4910,#4911);
#4914=CURVE_STYLE('',#88,POSITIVE_LENGTH_MEASURE(2.E-2),#2214);
#4915=PRESENTATION_STYLE_ASSIGNMENT((#4914));
#4916=STYLED_ITEM('',(#4915),#4913);
#4917=CARTESIAN_POINT('',(-1.5E1,2.45E1,1.42E0));
#4918=DIRECTION('',(0.E0,0.E0,-1.E0));
#4919=DIRECTION('',(1.E0,0.E0,0.E0));
#4920=AXIS2_PLACEMENT_3D('',#4917,#4918,#4919);
#4922=CURVE_STYLE('',#88,POSITIVE_LENGTH_MEASURE(2.E-2),#2214);
#4923=PRESENTATION_STYLE_ASSIGNMENT((#4922));
#4924=STYLED_ITEM('',(#4923),#4921);
#4925=CARTESIAN_POINT('',(-1.5E1,2.45E1,1.42E0));
#4926=DIRECTION('',(0.E0,0.E0,-1.E0));
#4927=DIRECTION('',(-1.E0,0.E0,0.E0));
#4928=AXIS2_PLACEMENT_3D('',#4925,#4926,#4927);
#4930=CURVE_STYLE('',#88,POSITIVE_LENGTH_MEASURE(2.E-2),#2214);
#4931=PRESENTATION_STYLE_ASSIGNMENT((#4930));
#4932=STYLED_ITEM('',(#4931),#4929);
#4933=DIRECTION('',(0.E0,-1.E0,0.E0));
#4934=VECTOR('',#4933,2.129273408085E0);
#4935=CARTESIAN_POINT('',(-1.7E1,5.5E0,1.42E0));
#4936=LINE('',#4935,#4934);
#4937=CURVE_STYLE('',#88,POSITIVE_LENGTH_MEASURE(2.E-2),#2214);
#4938=PRESENTATION_STYLE_ASSIGNMENT((#4937));
#4939=STYLED_ITEM('',(#4938),#4936);
#4940=CARTESIAN_POINT('',(-1.5E1,5.5E0,1.42E0));
#4941=DIRECTION('',(0.E0,0.E0,1.E0));
#4942=DIRECTION('',(1.E0,0.E0,0.E0));
#4943=AXIS2_PLACEMENT_3D('',#4940,#4941,#4942);
#4945=CURVE_STYLE('',#88,POSITIVE_LENGTH_MEASURE(2.E-2),#2214);
#4946=PRESENTATION_STYLE_ASSIGNMENT((#4945));
#4947=STYLED_ITEM('',(#4946),#4944);
#4948=DIRECTION('',(0.E0,1.E0,0.E0));
#4949=VECTOR('',#4948,2.129273408085E0);
#4950=CARTESIAN_POINT('',(-1.3E1,3.370726591915E0,1.42E0));
#4951=LINE('',#4950,#4949);
#4952=CURVE_STYLE('',#88,POSITIVE_LENGTH_MEASURE(2.E-2),#2214);
#4953=PRESENTATION_STYLE_ASSIGNMENT((#4952));
#4954=STYLED_ITEM('',(#4953),#4951);
#4955=CARTESIAN_POINT('',(-1.5E1,1.5E1,1.42E0));
#4956=DIRECTION('',(0.E0,0.E0,-1.E0));
#4957=DIRECTION('',(1.E0,0.E0,0.E0));
#4958=AXIS2_PLACEMENT_3D('',#4955,#4956,#4957);
#4960=CURVE_STYLE('',#88,POSITIVE_LENGTH_MEASURE(2.E-2),#2214);
#4961=PRESENTATION_STYLE_ASSIGNMENT((#4960));
#4962=STYLED_ITEM('',(#4961),#4959);
#4963=CARTESIAN_POINT('',(-1.5E1,1.5E1,1.42E0));
#4964=DIRECTION('',(0.E0,0.E0,-1.E0));
#4965=DIRECTION('',(1.694915254237E-1,9.855316447530E-1,0.E0));
#4966=AXIS2_PLACEMENT_3D('',#4963,#4964,#4965);
#4968=CURVE_STYLE('',#88,POSITIVE_LENGTH_MEASURE(2.E-2),#2214);
#4969=PRESENTATION_STYLE_ASSIGNMENT((#4968));
#4970=STYLED_ITEM('',(#4969),#4967);
#4971=DIRECTION('',(0.E0,1.E0,0.E0));
#4972=VECTOR('',#4971,2.129273408085E0);
#4973=CARTESIAN_POINT('',(-1.3E1,2.45E1,1.42E0));
#4974=LINE('',#4973,#4972);
#4975=CURVE_STYLE('',#88,POSITIVE_LENGTH_MEASURE(2.E-2),#2214);
#4976=PRESENTATION_STYLE_ASSIGNMENT((#4975));
#4977=STYLED_ITEM('',(#4976),#4974);
#4978=CARTESIAN_POINT('',(-1.5E1,2.45E1,1.42E0));
#4979=DIRECTION('',(0.E0,0.E0,1.E0));
#4980=DIRECTION('',(-1.E0,0.E0,0.E0));
#4981=AXIS2_PLACEMENT_3D('',#4978,#4979,#4980);
#4983=CURVE_STYLE('',#88,POSITIVE_LENGTH_MEASURE(2.E-2),#2214);
#4984=PRESENTATION_STYLE_ASSIGNMENT((#4983));
#4985=STYLED_ITEM('',(#4984),#4982);
#4986=DIRECTION('',(0.E0,-1.E0,0.E0));
#4987=VECTOR('',#4986,2.129273408085E0);
#4988=CARTESIAN_POINT('',(-1.7E1,2.662927340809E1,1.42E0));
#4989=LINE('',#4988,#4987);
#4990=CURVE_STYLE('',#88,POSITIVE_LENGTH_MEASURE(2.E-2),#2214);
#4991=PRESENTATION_STYLE_ASSIGNMENT((#4990));
#4992=STYLED_ITEM('',(#4991),#4989);
#4993=CARTESIAN_POINT('',(-1.5E1,1.5E1,1.42E0));
#4994=DIRECTION('',(0.E0,0.E0,-1.E0));
#4995=DIRECTION('',(-1.E0,0.E0,0.E0));
#4996=AXIS2_PLACEMENT_3D('',#4993,#4994,#4995);
#4998=CURVE_STYLE('',#88,POSITIVE_LENGTH_MEASURE(2.E-2),#2214);
#4999=PRESENTATION_STYLE_ASSIGNMENT((#4998));
#5000=STYLED_ITEM('',(#4999),#4997);
#5001=CARTESIAN_POINT('',(-1.5E1,1.5E1,1.42E0));
#5002=DIRECTION('',(0.E0,0.E0,-1.E0));
#5003=DIRECTION('',(-1.694915254237E-1,-9.855316447530E-1,0.E0));
#5004=AXIS2_PLACEMENT_3D('',#5001,#5002,#5003);
#5006=CURVE_STYLE('',#88,POSITIVE_LENGTH_MEASURE(2.E-2),#2214);
#5007=PRESENTATION_STYLE_ASSIGNMENT((#5006));
#5008=STYLED_ITEM('',(#5007),#5005);
#5009=CARTESIAN_POINT('',(-1.5E1,5.5E0,1.42E0));
#5010=DIRECTION('',(0.E0,0.E0,-1.E0));
#5011=DIRECTION('',(1.E0,0.E0,0.E0));
#5012=AXIS2_PLACEMENT_3D('',#5009,#5010,#5011);
#5014=CURVE_STYLE('',#88,POSITIVE_LENGTH_MEASURE(2.E-2),#2214);
#5015=PRESENTATION_STYLE_ASSIGNMENT((#5014));
#5016=STYLED_ITEM('',(#5015),#5013);
#5017=CARTESIAN_POINT('',(-1.5E1,5.5E0,1.42E0));
#5018=DIRECTION('',(0.E0,0.E0,-1.E0));
#5019=DIRECTION('',(-1.E0,0.E0,0.E0));
#5020=AXIS2_PLACEMENT_3D('',#5017,#5018,#5019);
#5022=CURVE_STYLE('',#88,POSITIVE_LENGTH_MEASURE(2.E-2),#2214);
#5023=PRESENTATION_STYLE_ASSIGNMENT((#5022));
#5024=STYLED_ITEM('',(#5023),#5021);
#5025=DIRECTION('',(0.E0,0.E0,1.E0));
#5026=VECTOR('',#5025,6.E-1);
#5027=CARTESIAN_POINT('',(-1.325E1,2.45E1,1.42E0));
#5028=LINE('',#5027,#5026);
#5029=CURVE_STYLE('',#88,POSITIVE_LENGTH_MEASURE(2.E-2),#2214);
#5030=PRESENTATION_STYLE_ASSIGNMENT((#5029));
#5031=STYLED_ITEM('',(#5030),#5028);
#5032=DIRECTION('',(0.E0,0.E0,1.E0));
#5033=VECTOR('',#5032,6.E-1);
#5034=CARTESIAN_POINT('',(-1.675E1,2.45E1,1.42E0));
#5035=LINE('',#5034,#5033);
#5036=CURVE_STYLE('',#88,POSITIVE_LENGTH_MEASURE(2.E-2),#2214);
#5037=PRESENTATION_STYLE_ASSIGNMENT((#5036));
#5038=STYLED_ITEM('',(#5037),#5035);
#5039=CARTESIAN_POINT('',(-1.5E1,2.45E1,2.02E0));
#5040=DIRECTION('',(0.E0,0.E0,1.E0));
#5041=DIRECTION('',(-1.E0,0.E0,0.E0));
#5042=AXIS2_PLACEMENT_3D('',#5039,#5040,#5041);
#5044=CURVE_STYLE('',#88,POSITIVE_LENGTH_MEASURE(2.E-2),#2214);
#5045=PRESENTATION_STYLE_ASSIGNMENT((#5044));
#5046=STYLED_ITEM('',(#5045),#5043);
#5047=CARTESIAN_POINT('',(-1.5E1,2.45E1,2.02E0));
#5048=DIRECTION('',(0.E0,0.E0,1.E0));
#5049=DIRECTION('',(1.E0,0.E0,0.E0));
#5050=AXIS2_PLACEMENT_3D('',#5047,#5048,#5049);
#5052=CURVE_STYLE('',#88,POSITIVE_LENGTH_MEASURE(2.E-2),#2214);
#5053=PRESENTATION_STYLE_ASSIGNMENT((#5052));
#5054=STYLED_ITEM('',(#5053),#5051);
#5055=DIRECTION('',(0.E0,-1.E0,0.E0));
#5056=VECTOR('',#5055,2.129273408085E0);
#5057=CARTESIAN_POINT('',(-1.7E1,5.5E0,1.92E0));
#5058=LINE('',#5057,#5056);
#5059=CURVE_STYLE('',#88,POSITIVE_LENGTH_MEASURE(2.E-2),#2214);
#5060=PRESENTATION_STYLE_ASSIGNMENT((#5059));
#5061=STYLED_ITEM('',(#5060),#5058);
#5062=CARTESIAN_POINT('',(-1.5E1,1.5E1,1.92E0));
#5063=DIRECTION('',(0.E0,0.E0,1.E0));
#5064=DIRECTION('',(-1.E0,0.E0,0.E0));
#5065=AXIS2_PLACEMENT_3D('',#5062,#5063,#5064);
#5067=CURVE_STYLE('',#88,POSITIVE_LENGTH_MEASURE(2.E-2),#2214);
#5068=PRESENTATION_STYLE_ASSIGNMENT((#5067));
#5069=STYLED_ITEM('',(#5068),#5066);
#5070=CARTESIAN_POINT('',(-1.5E1,1.5E1,1.92E0));
#5071=DIRECTION('',(0.E0,0.E0,1.E0));
#5072=DIRECTION('',(-1.694915254237E-1,9.855316447530E-1,0.E0));
#5073=AXIS2_PLACEMENT_3D('',#5070,#5071,#5072);
#5075=CURVE_STYLE('',#88,POSITIVE_LENGTH_MEASURE(2.E-2),#2214);
#5076=PRESENTATION_STYLE_ASSIGNMENT((#5075));
#5077=STYLED_ITEM('',(#5076),#5074);
#5078=CARTESIAN_POINT('',(-1.5E1,2.45E1,1.92E0));
#5079=DIRECTION('',(0.E0,0.E0,-1.E0));
#5080=DIRECTION('',(1.E0,0.E0,0.E0));
#5081=AXIS2_PLACEMENT_3D('',#5078,#5079,#5080);
#5083=CURVE_STYLE('',#88,POSITIVE_LENGTH_MEASURE(2.E-2),#2214);
#5084=PRESENTATION_STYLE_ASSIGNMENT((#5083));
#5085=STYLED_ITEM('',(#5084),#5082);
#5086=CARTESIAN_POINT('',(-1.5E1,1.5E1,1.92E0));
#5087=DIRECTION('',(0.E0,0.E0,1.E0));
#5088=DIRECTION('',(1.E0,0.E0,0.E0));
#5089=AXIS2_PLACEMENT_3D('',#5086,#5087,#5088);
#5091=CURVE_STYLE('',#88,POSITIVE_LENGTH_MEASURE(2.E-2),#2214);
#5092=PRESENTATION_STYLE_ASSIGNMENT((#5091));
#5093=STYLED_ITEM('',(#5092),#5090);
#5094=CARTESIAN_POINT('',(-1.5E1,1.5E1,1.92E0));
#5095=DIRECTION('',(0.E0,0.E0,1.E0));
#5096=DIRECTION('',(1.694915254237E-1,-9.855316447530E-1,0.E0));
#5097=AXIS2_PLACEMENT_3D('',#5094,#5095,#5096);
#5099=CURVE_STYLE('',#88,POSITIVE_LENGTH_MEASURE(2.E-2),#2214);
#5100=PRESENTATION_STYLE_ASSIGNMENT((#5099));
#5101=STYLED_ITEM('',(#5100),#5098);
#5102=CARTESIAN_POINT('',(-1.5E1,5.5E0,1.92E0));
#5103=DIRECTION('',(0.E0,0.E0,-1.E0));
#5104=DIRECTION('',(-1.E0,0.E0,0.E0));
#5105=AXIS2_PLACEMENT_3D('',#5102,#5103,#5104);
#5107=CURVE_STYLE('',#88,POSITIVE_LENGTH_MEASURE(2.E-2),#2214);
#5108=PRESENTATION_STYLE_ASSIGNMENT((#5107));
#5109=STYLED_ITEM('',(#5108),#5106);
#5110=DIRECTION('',(1.E0,0.E0,0.E0));
#5111=VECTOR('',#5110,1.67E1);
#5112=CARTESIAN_POINT('',(-2.335E1,2.195E1,1.92E0));
#5113=LINE('',#5112,#5111);
#5114=CURVE_STYLE('',#88,POSITIVE_LENGTH_MEASURE(2.E-2),#2214);
#5115=PRESENTATION_STYLE_ASSIGNMENT((#5114));
#5116=STYLED_ITEM('',(#5115),#5113);
#5117=DIRECTION('',(0.E0,1.E0,0.E0));
#5118=VECTOR('',#5117,1.39E1);
#5119=CARTESIAN_POINT('',(-2.335E1,8.05E0,1.92E0));
#5120=LINE('',#5119,#5118);
#5121=CURVE_STYLE('',#88,POSITIVE_LENGTH_MEASURE(2.E-2),#2214);
#5122=PRESENTATION_STYLE_ASSIGNMENT((#5121));
#5123=STYLED_ITEM('',(#5122),#5120);
#5124=DIRECTION('',(-1.E0,0.E0,0.E0));
#5125=VECTOR('',#5124,1.67E1);
#5126=CARTESIAN_POINT('',(-6.65E0,8.05E0,1.92E0));
#5127=LINE('',#5126,#5125);
#5128=CURVE_STYLE('',#88,POSITIVE_LENGTH_MEASURE(2.E-2),#2214);
#5129=PRESENTATION_STYLE_ASSIGNMENT((#5128));
#5130=STYLED_ITEM('',(#5129),#5127);
#5131=DIRECTION('',(0.E0,-1.E0,0.E0));
#5132=VECTOR('',#5131,1.39E1);
#5133=CARTESIAN_POINT('',(-6.65E0,2.195E1,1.92E0));
#5134=LINE('',#5133,#5132);
#5135=CURVE_STYLE('',#88,POSITIVE_LENGTH_MEASURE(2.E-2),#2214);
#5136=PRESENTATION_STYLE_ASSIGNMENT((#5135));
#5137=STYLED_ITEM('',(#5136),#5134);
#5138=DIRECTION('',(0.E0,0.E0,1.E0));
#5139=VECTOR('',#5138,5.E-1);
#5140=CARTESIAN_POINT('',(-1.7E1,3.370726591915E0,1.42E0));
#5141=LINE('',#5140,#5139);
#5142=CURVE_STYLE('',#88,POSITIVE_LENGTH_MEASURE(2.E-2),#2214);
#5143=PRESENTATION_STYLE_ASSIGNMENT((#5142));
#5144=STYLED_ITEM('',(#5143),#5141);
#5145=DIRECTION('',(0.E0,0.E0,-1.E0));
#5146=VECTOR('',#5145,5.E-1);
#5147=CARTESIAN_POINT('',(-1.7E1,2.662927340809E1,1.92E0));
#5148=LINE('',#5147,#5146);
#5149=CURVE_STYLE('',#88,POSITIVE_LENGTH_MEASURE(2.E-2),#2214);
#5150=PRESENTATION_STYLE_ASSIGNMENT((#5149));
#5151=STYLED_ITEM('',(#5150),#5148);
#5152=DIRECTION('',(0.E0,-1.E0,0.E0));
#5153=VECTOR('',#5152,2.129273408085E0);
#5154=CARTESIAN_POINT('',(-1.7E1,2.662927340809E1,1.92E0));
#5155=LINE('',#5154,#5153);
#5156=CURVE_STYLE('',#88,POSITIVE_LENGTH_MEASURE(2.E-2),#2214);
#5157=PRESENTATION_STYLE_ASSIGNMENT((#5156));
#5158=STYLED_ITEM('',(#5157),#5155);
#5159=DIRECTION('',(0.E0,0.E0,1.E0));
#5160=VECTOR('',#5159,5.E-1);
#5161=CARTESIAN_POINT('',(-1.7E1,2.45E1,1.42E0));
#5162=LINE('',#5161,#5160);
#5163=CURVE_STYLE('',#88,POSITIVE_LENGTH_MEASURE(2.E-2),#2214);
#5164=PRESENTATION_STYLE_ASSIGNMENT((#5163));
#5165=STYLED_ITEM('',(#5164),#5162);
#5166=DIRECTION('',(0.E0,0.E0,-1.E0));
#5167=VECTOR('',#5166,5.E-1);
#5168=CARTESIAN_POINT('',(-1.3E1,2.45E1,1.92E0));
#5169=LINE('',#5168,#5167);
#5170=CURVE_STYLE('',#88,POSITIVE_LENGTH_MEASURE(2.E-2),#2214);
#5171=PRESENTATION_STYLE_ASSIGNMENT((#5170));
#5172=STYLED_ITEM('',(#5171),#5169);
#5173=DIRECTION('',(0.E0,1.E0,0.E0));
#5174=VECTOR('',#5173,2.129273408085E0);
#5175=CARTESIAN_POINT('',(-1.3E1,2.45E1,1.92E0));
#5176=LINE('',#5175,#5174);
#5177=CURVE_STYLE('',#88,POSITIVE_LENGTH_MEASURE(2.E-2),#2214);
#5178=PRESENTATION_STYLE_ASSIGNMENT((#5177));
#5179=STYLED_ITEM('',(#5178),#5176);
#5180=DIRECTION('',(0.E0,0.E0,-1.E0));
#5181=VECTOR('',#5180,5.E-1);
#5182=CARTESIAN_POINT('',(-3.2E0,1.5E1,1.92E0));
#5183=LINE('',#5182,#5181);
#5184=CURVE_STYLE('',#88,POSITIVE_LENGTH_MEASURE(2.E-2),#2214);
#5185=PRESENTATION_STYLE_ASSIGNMENT((#5184));
#5186=STYLED_ITEM('',(#5185),#5183);
#5187=DIRECTION('',(0.E0,0.E0,1.E0));
#5188=VECTOR('',#5187,5.E-1);
#5189=CARTESIAN_POINT('',(-1.3E1,2.662927340809E1,1.42E0));
#5190=LINE('',#5189,#5188);
#5191=CURVE_STYLE('',#88,POSITIVE_LENGTH_MEASURE(2.E-2),#2214);
#5192=PRESENTATION_STYLE_ASSIGNMENT((#5191));
#5193=STYLED_ITEM('',(#5192),#5190);
#5194=DIRECTION('',(0.E0,0.E0,-1.E0));
#5195=VECTOR('',#5194,5.E-1);
#5196=CARTESIAN_POINT('',(-1.3E1,3.370726591915E0,1.92E0));
#5197=LINE('',#5196,#5195);
#5198=CURVE_STYLE('',#88,POSITIVE_LENGTH_MEASURE(2.E-2),#2214);
#5199=PRESENTATION_STYLE_ASSIGNMENT((#5198));
#5200=STYLED_ITEM('',(#5199),#5197);
#5201=DIRECTION('',(0.E0,1.E0,0.E0));
#5202=VECTOR('',#5201,2.129273408085E0);
#5203=CARTESIAN_POINT('',(-1.3E1,3.370726591915E0,1.92E0));
#5204=LINE('',#5203,#5202);
#5205=CURVE_STYLE('',#88,POSITIVE_LENGTH_MEASURE(2.E-2),#2214);
#5206=PRESENTATION_STYLE_ASSIGNMENT((#5205));
#5207=STYLED_ITEM('',(#5206),#5204);
#5208=DIRECTION('',(0.E0,0.E0,1.E0));
#5209=VECTOR('',#5208,5.E-1);
#5210=CARTESIAN_POINT('',(-1.3E1,5.5E0,1.42E0));
#5211=LINE('',#5210,#5209);
#5212=CURVE_STYLE('',#88,POSITIVE_LENGTH_MEASURE(2.E-2),#2214);
#5213=PRESENTATION_STYLE_ASSIGNMENT((#5212));
#5214=STYLED_ITEM('',(#5213),#5211);
#5215=DIRECTION('',(0.E0,0.E0,-1.E0));
#5216=VECTOR('',#5215,5.E-1);
#5217=CARTESIAN_POINT('',(-1.7E1,5.5E0,1.92E0));
#5218=LINE('',#5217,#5216);
#5219=CURVE_STYLE('',#88,POSITIVE_LENGTH_MEASURE(2.E-2),#2214);
#5220=PRESENTATION_STYLE_ASSIGNMENT((#5219));
#5221=STYLED_ITEM('',(#5220),#5218);
#5222=DIRECTION('',(1.E0,0.E0,0.E0));
#5223=VECTOR('',#5222,1.67E1);
#5224=CARTESIAN_POINT('',(-2.335E1,2.195E1,1.22E0));
#5225=LINE('',#5224,#5223);
#5226=CURVE_STYLE('',#88,POSITIVE_LENGTH_MEASURE(2.E-2),#2214);
#5227=PRESENTATION_STYLE_ASSIGNMENT((#5226));
#5228=STYLED_ITEM('',(#5227),#5225);
#5229=DIRECTION('',(0.E0,0.E0,-1.E0));
#5230=VECTOR('',#5229,7.E-1);
#5231=CARTESIAN_POINT('',(-2.335E1,2.195E1,1.92E0));
#5232=LINE('',#5231,#5230);
#5233=CURVE_STYLE('',#88,POSITIVE_LENGTH_MEASURE(2.E-2),#2214);
#5234=PRESENTATION_STYLE_ASSIGNMENT((#5233));
#5235=STYLED_ITEM('',(#5234),#5232);
#5236=DIRECTION('',(0.E0,-1.E0,0.E0));
#5237=VECTOR('',#5236,1.39E1);
#5238=CARTESIAN_POINT('',(-6.65E0,2.195E1,1.22E0));
#5239=LINE('',#5238,#5237);
#5240=CURVE_STYLE('',#88,POSITIVE_LENGTH_MEASURE(2.E-2),#2214);
#5241=PRESENTATION_STYLE_ASSIGNMENT((#5240));
#5242=STYLED_ITEM('',(#5241),#5239);
#5243=DIRECTION('',(0.E0,0.E0,-1.E0));
#5244=VECTOR('',#5243,7.E-1);
#5245=CARTESIAN_POINT('',(-6.65E0,2.195E1,1.92E0));
#5246=LINE('',#5245,#5244);
#5247=CURVE_STYLE('',#88,POSITIVE_LENGTH_MEASURE(2.E-2),#2214);
#5248=PRESENTATION_STYLE_ASSIGNMENT((#5247));
#5249=STYLED_ITEM('',(#5248),#5246);
#5250=DIRECTION('',(-1.E0,0.E0,0.E0));
#5251=VECTOR('',#5250,1.67E1);
#5252=CARTESIAN_POINT('',(-6.65E0,8.05E0,1.22E0));
#5253=LINE('',#5252,#5251);
#5254=CURVE_STYLE('',#88,POSITIVE_LENGTH_MEASURE(2.E-2),#2214);
#5255=PRESENTATION_STYLE_ASSIGNMENT((#5254));
#5256=STYLED_ITEM('',(#5255),#5253);
#5257=DIRECTION('',(0.E0,0.E0,-1.E0));
#5258=VECTOR('',#5257,7.E-1);
#5259=CARTESIAN_POINT('',(-6.65E0,8.05E0,1.92E0));
#5260=LINE('',#5259,#5258);
#5261=CURVE_STYLE('',#88,POSITIVE_LENGTH_MEASURE(2.E-2),#2214);
#5262=PRESENTATION_STYLE_ASSIGNMENT((#5261));
#5263=STYLED_ITEM('',(#5262),#5260);
#5264=DIRECTION('',(0.E0,1.E0,0.E0));
#5265=VECTOR('',#5264,1.39E1);
#5266=CARTESIAN_POINT('',(-2.335E1,8.05E0,1.22E0));
#5267=LINE('',#5266,#5265);
#5268=CURVE_STYLE('',#88,POSITIVE_LENGTH_MEASURE(2.E-2),#2214);
#5269=PRESENTATION_STYLE_ASSIGNMENT((#5268));
#5270=STYLED_ITEM('',(#5269),#5267);
#5271=DIRECTION('',(0.E0,0.E0,-1.E0));
#5272=VECTOR('',#5271,7.E-1);
#5273=CARTESIAN_POINT('',(-2.335E1,8.05E0,1.92E0));
#5274=LINE('',#5273,#5272);
#5275=CURVE_STYLE('',#88,POSITIVE_LENGTH_MEASURE(2.E-2),#2214);
#5276=PRESENTATION_STYLE_ASSIGNMENT((#5275));
#5277=STYLED_ITEM('',(#5276),#5274);
#5278=DIRECTION('',(0.E0,-1.E0,0.E0));
#5279=VECTOR('',#5278,1.25E1);
#5280=CARTESIAN_POINT('',(-7.35E0,2.125E1,1.22E0));
#5281=LINE('',#5280,#5279);
#5282=CURVE_STYLE('',#88,POSITIVE_LENGTH_MEASURE(2.E-2),#2214);
#5283=PRESENTATION_STYLE_ASSIGNMENT((#5282));
#5284=STYLED_ITEM('',(#5283),#5281);
#5285=DIRECTION('',(1.E0,0.E0,0.E0));
#5286=VECTOR('',#5285,1.53E1);
#5287=CARTESIAN_POINT('',(-2.265E1,2.125E1,1.22E0));
#5288=LINE('',#5287,#5286);
#5289=CURVE_STYLE('',#88,POSITIVE_LENGTH_MEASURE(2.E-2),#2214);
#5290=PRESENTATION_STYLE_ASSIGNMENT((#5289));
#5291=STYLED_ITEM('',(#5290),#5288);
#5292=DIRECTION('',(0.E0,1.E0,0.E0));
#5293=VECTOR('',#5292,1.25E1);
#5294=CARTESIAN_POINT('',(-2.265E1,8.75E0,1.22E0));
#5295=LINE('',#5294,#5293);
#5296=CURVE_STYLE('',#88,POSITIVE_LENGTH_MEASURE(2.E-2),#2214);
#5297=PRESENTATION_STYLE_ASSIGNMENT((#5296));
#5298=STYLED_ITEM('',(#5297),#5295);
#5299=DIRECTION('',(-1.E0,0.E0,0.E0));
#5300=VECTOR('',#5299,1.53E1);
#5301=CARTESIAN_POINT('',(-7.35E0,8.75E0,1.22E0));
#5302=LINE('',#5301,#5300);
#5303=CURVE_STYLE('',#88,POSITIVE_LENGTH_MEASURE(2.E-2),#2214);
#5304=PRESENTATION_STYLE_ASSIGNMENT((#5303));
#5305=STYLED_ITEM('',(#5304),#5302);
#5306=DIRECTION('',(0.E0,-1.E0,0.E0));
#5307=VECTOR('',#5306,1.25E1);
#5308=CARTESIAN_POINT('',(-7.35E0,2.125E1,3.2E-1));
#5309=LINE('',#5308,#5307);
#5310=CURVE_STYLE('',#88,POSITIVE_LENGTH_MEASURE(2.E-2),#2214);
#5311=PRESENTATION_STYLE_ASSIGNMENT((#5310));
#5312=STYLED_ITEM('',(#5311),#5309);
#5313=DIRECTION('',(0.E0,0.E0,-1.E0));
#5314=VECTOR('',#5313,9.E-1);
#5315=CARTESIAN_POINT('',(-7.35E0,2.125E1,1.22E0));
#5316=LINE('',#5315,#5314);
#5317=CURVE_STYLE('',#88,POSITIVE_LENGTH_MEASURE(2.E-2),#2214);
#5318=PRESENTATION_STYLE_ASSIGNMENT((#5317));
#5319=STYLED_ITEM('',(#5318),#5316);
#5320=DIRECTION('',(-1.E0,0.E0,0.E0));
#5321=VECTOR('',#5320,1.53E1);
#5322=CARTESIAN_POINT('',(-7.35E0,8.75E0,3.2E-1));
#5323=LINE('',#5322,#5321);
#5324=CURVE_STYLE('',#88,POSITIVE_LENGTH_MEASURE(2.E-2),#2214);
#5325=PRESENTATION_STYLE_ASSIGNMENT((#5324));
#5326=STYLED_ITEM('',(#5325),#5323);
#5327=DIRECTION('',(0.E0,0.E0,-1.E0));
#5328=VECTOR('',#5327,9.E-1);
#5329=CARTESIAN_POINT('',(-7.35E0,8.75E0,1.22E0));
#5330=LINE('',#5329,#5328);
#5331=CURVE_STYLE('',#88,POSITIVE_LENGTH_MEASURE(2.E-2),#2214);
#5332=PRESENTATION_STYLE_ASSIGNMENT((#5331));
#5333=STYLED_ITEM('',(#5332),#5330);
#5334=DIRECTION('',(0.E0,1.E0,0.E0));
#5335=VECTOR('',#5334,1.25E1);
#5336=CARTESIAN_POINT('',(-2.265E1,8.75E0,3.2E-1));
#5337=LINE('',#5336,#5335);
#5338=CURVE_STYLE('',#88,POSITIVE_LENGTH_MEASURE(2.E-2),#2214);
#5339=PRESENTATION_STYLE_ASSIGNMENT((#5338));
#5340=STYLED_ITEM('',(#5339),#5337);
#5341=DIRECTION('',(0.E0,0.E0,-1.E0));
#5342=VECTOR('',#5341,9.E-1);
#5343=CARTESIAN_POINT('',(-2.265E1,8.75E0,1.22E0));
#5344=LINE('',#5343,#5342);
#5345=CURVE_STYLE('',#88,POSITIVE_LENGTH_MEASURE(2.E-2),#2214);
#5346=PRESENTATION_STYLE_ASSIGNMENT((#5345));
#5347=STYLED_ITEM('',(#5346),#5344);
#5348=DIRECTION('',(1.E0,0.E0,0.E0));
#5349=VECTOR('',#5348,1.53E1);
#5350=CARTESIAN_POINT('',(-2.265E1,2.125E1,3.2E-1));
#5351=LINE('',#5350,#5349);
#5352=CURVE_STYLE('',#88,POSITIVE_LENGTH_MEASURE(2.E-2),#2214);
#5353=PRESENTATION_STYLE_ASSIGNMENT((#5352));
#5354=STYLED_ITEM('',(#5353),#5351);
#5355=DIRECTION('',(0.E0,0.E0,-1.E0));
#5356=VECTOR('',#5355,9.E-1);
#5357=CARTESIAN_POINT('',(-2.265E1,2.125E1,1.22E0));
#5358=LINE('',#5357,#5356);
#5359=CURVE_STYLE('',#88,POSITIVE_LENGTH_MEASURE(2.E-2),#2214);
#5360=PRESENTATION_STYLE_ASSIGNMENT((#5359));
#5361=STYLED_ITEM('',(#5360),#5358);
#5362=DIRECTION('',(0.E0,0.E0,1.E0));
#5363=VECTOR('',#5362,6.E-1);
#5364=CARTESIAN_POINT('',(-1.325E1,5.5E0,1.42E0));
#5365=LINE('',#5364,#5363);
#5366=CURVE_STYLE('',#88,POSITIVE_LENGTH_MEASURE(2.E-2),#2214);
#5367=PRESENTATION_STYLE_ASSIGNMENT((#5366));
#5368=STYLED_ITEM('',(#5367),#5365);
#5369=DIRECTION('',(0.E0,0.E0,1.E0));
#5370=VECTOR('',#5369,6.E-1);
#5371=CARTESIAN_POINT('',(-1.675E1,5.5E0,1.42E0));
#5372=LINE('',#5371,#5370);
#5373=CURVE_STYLE('',#88,POSITIVE_LENGTH_MEASURE(2.E-2),#2214);
#5374=PRESENTATION_STYLE_ASSIGNMENT((#5373));
#5375=STYLED_ITEM('',(#5374),#5372);
#5376=CARTESIAN_POINT('',(-1.5E1,5.5E0,2.02E0));
#5377=DIRECTION('',(0.E0,0.E0,1.E0));
#5378=DIRECTION('',(-1.E0,0.E0,0.E0));
#5379=AXIS2_PLACEMENT_3D('',#5376,#5377,#5378);
#5381=CURVE_STYLE('',#88,POSITIVE_LENGTH_MEASURE(2.E-2),#2214);
#5382=PRESENTATION_STYLE_ASSIGNMENT((#5381));
#5383=STYLED_ITEM('',(#5382),#5380);
#5384=CARTESIAN_POINT('',(-1.5E1,5.5E0,2.02E0));
#5385=DIRECTION('',(0.E0,0.E0,1.E0));
#5386=DIRECTION('',(1.E0,0.E0,0.E0));
#5387=AXIS2_PLACEMENT_3D('',#5384,#5385,#5386);
#5389=CURVE_STYLE('',#88,POSITIVE_LENGTH_MEASURE(2.E-2),#2214);
#5390=PRESENTATION_STYLE_ASSIGNMENT((#5389));
#5391=STYLED_ITEM('',(#5390),#5388);
#5392=DIRECTION('',(0.E0,-1.E0,0.E0));
#5393=VECTOR('',#5392,4.E0);
#5394=CARTESIAN_POINT('',(2.E0,3.E1,0.E0));
#5395=LINE('',#5394,#5393);
#5396=CURVE_STYLE('',#88,POSITIVE_LENGTH_MEASURE(2.E-2),#2214);
#5397=PRESENTATION_STYLE_ASSIGNMENT((#5396));
#5398=STYLED_ITEM('',(#5397),#5395);
#5399=DIRECTION('',(0.E0,-1.E0,0.E0));
#5400=VECTOR('',#5399,4.E0);
#5401=CARTESIAN_POINT('',(-2.E0,3.E1,0.E0));
#5402=LINE('',#5401,#5400);
#5403=CURVE_STYLE('',#88,POSITIVE_LENGTH_MEASURE(2.E-2),#2214);
#5404=PRESENTATION_STYLE_ASSIGNMENT((#5403));
#5405=STYLED_ITEM('',(#5404),#5402);
#5406=CARTESIAN_POINT('',(7.317193725931E-14,2.6E1,0.E0));
#5407=DIRECTION('',(0.E0,1.E0,0.E0));
#5408=DIRECTION('',(-1.E0,0.E0,0.E0));
#5409=AXIS2_PLACEMENT_3D('',#5406,#5407,#5408);
#5411=CURVE_STYLE('',#88,POSITIVE_LENGTH_MEASURE(2.E-2),#2214);
#5412=PRESENTATION_STYLE_ASSIGNMENT((#5411));
#5413=STYLED_ITEM('',(#5412),#5410);
#5414=CARTESIAN_POINT('',(7.317193725931E-14,2.6E1,0.E0));
#5415=DIRECTION('',(0.E0,1.E0,0.E0));
#5416=DIRECTION('',(1.E0,0.E0,0.E0));
#5417=AXIS2_PLACEMENT_3D('',#5414,#5415,#5416);
#5419=CURVE_STYLE('',#88,POSITIVE_LENGTH_MEASURE(2.E-2),#2214);
#5420=PRESENTATION_STYLE_ASSIGNMENT((#5419));
#5421=STYLED_ITEM('',(#5420),#5418);
#5422=DIRECTION('',(0.E0,-1.E0,0.E0));
#5423=VECTOR('',#5422,4.E0);
#5424=CARTESIAN_POINT('',(-2.8E1,3.E1,0.E0));
#5425=LINE('',#5424,#5423);
#5426=CURVE_STYLE('',#88,POSITIVE_LENGTH_MEASURE(2.E-2),#2214);
#5427=PRESENTATION_STYLE_ASSIGNMENT((#5426));
#5428=STYLED_ITEM('',(#5427),#5425);
#5429=DIRECTION('',(0.E0,-1.E0,0.E0));
#5430=VECTOR('',#5429,4.E0);
#5431=CARTESIAN_POINT('',(-3.2E1,3.E1,0.E0));
#5432=LINE('',#5431,#5430);
#5433=CURVE_STYLE('',#88,POSITIVE_LENGTH_MEASURE(2.E-2),#2214);
#5434=PRESENTATION_STYLE_ASSIGNMENT((#5433));
#5435=STYLED_ITEM('',(#5434),#5432);
#5436=CARTESIAN_POINT('',(-3.E1,2.6E1,0.E0));
#5437=DIRECTION('',(0.E0,1.E0,0.E0));
#5438=DIRECTION('',(-1.E0,0.E0,0.E0));
#5439=AXIS2_PLACEMENT_3D('',#5436,#5437,#5438);
#5441=CURVE_STYLE('',#88,POSITIVE_LENGTH_MEASURE(2.E-2),#2214);
#5442=PRESENTATION_STYLE_ASSIGNMENT((#5441));
#5443=STYLED_ITEM('',(#5442),#5440);
#5444=CARTESIAN_POINT('',(-3.E1,2.6E1,0.E0));
#5445=DIRECTION('',(0.E0,1.E0,0.E0));
#5446=DIRECTION('',(1.E0,0.E0,0.E0));
#5447=AXIS2_PLACEMENT_3D('',#5444,#5445,#5446);
#5449=CURVE_STYLE('',#88,POSITIVE_LENGTH_MEASURE(2.E-2),#2214);
#5450=PRESENTATION_STYLE_ASSIGNMENT((#5449));
#5451=STYLED_ITEM('',(#5450),#5448);
#5452=DIRECTION('',(0.E0,1.E0,0.E0));
#5453=VECTOR('',#5452,4.E0);
#5454=CARTESIAN_POINT('',(-3.2E1,0.E0,0.E0));
#5455=LINE('',#5454,#5453);
#5456=CURVE_STYLE('',#88,POSITIVE_LENGTH_MEASURE(2.E-2),#2214);
#5457=PRESENTATION_STYLE_ASSIGNMENT((#5456));
#5458=STYLED_ITEM('',(#5457),#5455);
#5459=DIRECTION('',(0.E0,1.E0,0.E0));
#5460=VECTOR('',#5459,4.E0);
#5461=CARTESIAN_POINT('',(-2.8E1,0.E0,0.E0));
#5462=LINE('',#5461,#5460);
#5463=CURVE_STYLE('',#88,POSITIVE_LENGTH_MEASURE(2.E-2),#2214);
#5464=PRESENTATION_STYLE_ASSIGNMENT((#5463));
#5465=STYLED_ITEM('',(#5464),#5462);
#5466=CARTESIAN_POINT('',(-3.E1,4.E0,0.E0));
#5467=DIRECTION('',(0.E0,-1.E0,0.E0));
#5468=DIRECTION('',(1.E0,0.E0,0.E0));
#5469=AXIS2_PLACEMENT_3D('',#5466,#5467,#5468);
#5471=CURVE_STYLE('',#88,POSITIVE_LENGTH_MEASURE(2.E-2),#2214);
#5472=PRESENTATION_STYLE_ASSIGNMENT((#5471));
#5473=STYLED_ITEM('',(#5472),#5470);
#5474=CARTESIAN_POINT('',(-3.E1,4.E0,0.E0));
#5475=DIRECTION('',(0.E0,-1.E0,0.E0));
#5476=DIRECTION('',(-1.E0,0.E0,0.E0));
#5477=AXIS2_PLACEMENT_3D('',#5474,#5475,#5476);
#5479=CURVE_STYLE('',#88,POSITIVE_LENGTH_MEASURE(2.E-2),#2214);
#5480=PRESENTATION_STYLE_ASSIGNMENT((#5479));
#5481=STYLED_ITEM('',(#5480),#5478);
#5482=DIRECTION('',(0.E0,1.E0,0.E0));
#5483=VECTOR('',#5482,4.E0);
#5484=CARTESIAN_POINT('',(-2.E0,0.E0,0.E0));
#5485=LINE('',#5484,#5483);
#5486=CURVE_STYLE('',#88,POSITIVE_LENGTH_MEASURE(2.E-2),#2214);
#5487=PRESENTATION_STYLE_ASSIGNMENT((#5486));
#5488=STYLED_ITEM('',(#5487),#5485);
#5489=DIRECTION('',(0.E0,1.E0,0.E0));
#5490=VECTOR('',#5489,4.E0);
#5491=CARTESIAN_POINT('',(2.E0,0.E0,0.E0));
#5492=LINE('',#5491,#5490);
#5493=CURVE_STYLE('',#88,POSITIVE_LENGTH_MEASURE(2.E-2),#2214);
#5494=PRESENTATION_STYLE_ASSIGNMENT((#5493));
#5495=STYLED_ITEM('',(#5494),#5492);
#5496=CARTESIAN_POINT('',(0.E0,4.E0,0.E0));
#5497=DIRECTION('',(0.E0,-1.E0,0.E0));
#5498=DIRECTION('',(1.E0,0.E0,0.E0));
#5499=AXIS2_PLACEMENT_3D('',#5496,#5497,#5498);
#5501=CURVE_STYLE('',#88,POSITIVE_LENGTH_MEASURE(2.E-2),#2214);
#5502=PRESENTATION_STYLE_ASSIGNMENT((#5501));
#5503=STYLED_ITEM('',(#5502),#5500);
#5504=CARTESIAN_POINT('',(0.E0,4.E0,0.E0));
#5505=DIRECTION('',(0.E0,-1.E0,0.E0));
#5506=DIRECTION('',(-1.E0,0.E0,0.E0));
#5507=AXIS2_PLACEMENT_3D('',#5504,#5505,#5506);
#5509=CURVE_STYLE('',#88,POSITIVE_LENGTH_MEASURE(2.E-2),#2214);
#5510=PRESENTATION_STYLE_ASSIGNMENT((#5509));
#5511=STYLED_ITEM('',(#5510),#5508);
#5512=CARTESIAN_POINT('',(-2.E1,3.E1,3.5E0));
#5513=CARTESIAN_POINT('',(-2.E1,3.E1,2.5E0));
#5514=VERTEX_POINT('',#5512);
#5515=VERTEX_POINT('',#5513);
#5516=CARTESIAN_POINT('',(4.8E0,2.8E1,-2.66E1));
#5517=CARTESIAN_POINT('',(4.8E0,2.8E1,-2.68E1));
#5518=VERTEX_POINT('',#5516);
#5519=VERTEX_POINT('',#5517);
#5520=CARTESIAN_POINT('',(-1.3E1,5.5E0,1.42E0));
#5521=CARTESIAN_POINT('',(-1.7E1,5.5E0,1.42E0));
#5522=VERTEX_POINT('',#5520);
#5523=VERTEX_POINT('',#5521);
#5524=CARTESIAN_POINT('',(-1.3E1,2.45E1,1.92E0));
#5525=CARTESIAN_POINT('',(-1.3E1,2.662927340809E1,1.92E0));
#5526=VERTEX_POINT('',#5524);
#5527=VERTEX_POINT('',#5525);
#5528=CARTESIAN_POINT('',(-3.5E1,2.E0,-2.68E1));
#5529=CARTESIAN_POINT('',(-3.3E1,0.E0,-2.68E1));
#5530=VERTEX_POINT('',#5528);
#5531=VERTEX_POINT('',#5529);
#5532=CARTESIAN_POINT('',(-3.345E1,8.2E0,-4.E1));
#5533=CARTESIAN_POINT('',(-2.855E1,8.2E0,-4.E1));
#5534=VERTEX_POINT('',#5532);
#5535=VERTEX_POINT('',#5533);
#5536=CARTESIAN_POINT('',(-3.5E1,2.8E1,-2.66E1));
#5537=CARTESIAN_POINT('',(-3.5E1,2.E0,-2.66E1));
#5538=VERTEX_POINT('',#5536);
#5539=VERTEX_POINT('',#5537);
#5540=CARTESIAN_POINT('',(3.E0,0.E0,-2.68E1));
#5541=VERTEX_POINT('',#5540);
#5542=CARTESIAN_POINT('',(3.E0,2.98E1,-2.66E1));
#5543=VERTEX_POINT('',#5542);
#5544=CARTESIAN_POINT('',(2.E0,2.6E1,0.E0));
#5545=CARTESIAN_POINT('',(-2.E0,2.6E1,0.E0));
#5546=VERTEX_POINT('',#5544);
#5547=VERTEX_POINT('',#5545);
#5548=CARTESIAN_POINT('',(-7.E-1,1.5E1,9.5E0));
#5549=CARTESIAN_POINT('',(-7.E-1,1.5E1,8.5E0));
#5550=VERTEX_POINT('',#5548);
#5551=VERTEX_POINT('',#5549);
#5552=CARTESIAN_POINT('',(-2.95E1,1.5E1,8.5E0));
#5553=CARTESIAN_POINT('',(-5.E-1,1.5E1,8.5E0));
#5554=VERTEX_POINT('',#5552);
#5555=VERTEX_POINT('',#5553);
#5556=CARTESIAN_POINT('',(-5.E-1,1.5E1,3.499999999945E0));
#5557=VERTEX_POINT('',#5556);
#5558=CARTESIAN_POINT('',(-1.485E1,9.058845726812E0,-4.44E1));
#5559=CARTESIAN_POINT('',(-1.535E1,9.058845726812E0,-4.44E1));
#5560=VERTEX_POINT('',#5558);
#5561=VERTEX_POINT('',#5559);
#5562=CARTESIAN_POINT('',(3.E0,2.98E1,-2.68E1));
#5563=CARTESIAN_POINT('',(-3.3E1,2.98E1,-2.68E1));
#5564=VERTEX_POINT('',#5562);
#5565=VERTEX_POINT('',#5563);
#5566=CARTESIAN_POINT('',(-2.95E1,1.5E1,3.499999999917E0));
#5567=VERTEX_POINT('',#5566);
#5568=CARTESIAN_POINT('',(-3.3E1,2.98E1,-2.66E1));
#5569=VERTEX_POINT('',#5568);
#5570=CARTESIAN_POINT('',(3.45E0,8.2E0,-4.E1));
#5571=CARTESIAN_POINT('',(-1.45E0,8.2E0,-4.E1));
#5572=VERTEX_POINT('',#5570);
#5573=VERTEX_POINT('',#5571);
#5574=CARTESIAN_POINT('',(-2.335E1,2.195E1,1.22E0));
#5575=CARTESIAN_POINT('',(-6.65E0,2.195E1,1.22E0));
#5576=VERTEX_POINT('',#5574);
#5577=VERTEX_POINT('',#5575);
#5578=CARTESIAN_POINT('',(-2.E0,4.E0,0.E0));
#5579=CARTESIAN_POINT('',(2.E0,4.E0,0.E0));
#5580=VERTEX_POINT('',#5578);
#5581=VERTEX_POINT('',#5579);
#5582=CARTESIAN_POINT('',(-5.E-1,1.5E1,9.5E0));
#5583=CARTESIAN_POINT('',(-5.E-1,1.5E1,1.45E1));
#5584=VERTEX_POINT('',#5582);
#5585=VERTEX_POINT('',#5583);
#5586=CARTESIAN_POINT('',(-1.88E1,7.5E0,-4.05E1));
#5587=CARTESIAN_POINT('',(-1.32E1,7.5E0,-4.05E1));
#5588=VERTEX_POINT('',#5586);
#5589=VERTEX_POINT('',#5587);
#5590=CARTESIAN_POINT('',(-2.8E1,0.E0,0.E0));
#5591=CARTESIAN_POINT('',(-3.2E1,0.E0,0.E0));
#5592=VERTEX_POINT('',#5590);
#5593=VERTEX_POINT('',#5591);
#5594=CARTESIAN_POINT('',(-1.675E1,5.5E0,1.42E0));
#5595=CARTESIAN_POINT('',(-1.675E1,5.5E0,2.02E0));
#5596=VERTEX_POINT('',#5594);
#5597=VERTEX_POINT('',#5595);
#5598=CARTESIAN_POINT('',(-3.48E1,2.8E1,-2.68E1));
#5599=CARTESIAN_POINT('',(-3.48E1,2.8E1,-2.66E1));
#5600=VERTEX_POINT('',#5598);
#5601=VERTEX_POINT('',#5599);
#5602=CARTESIAN_POINT('',(-1.45E0,2.18E1,-3.95E1));
#5603=CARTESIAN_POINT('',(3.45E0,2.18E1,-3.95E1));
#5604=VERTEX_POINT('',#5602);
#5605=VERTEX_POINT('',#5603);
#5606=CARTESIAN_POINT('',(-2.8E1,2.6E1,-3.6E1));
#5607=CARTESIAN_POINT('',(-3.2E1,2.6E1,-3.6E1));
#5608=VERTEX_POINT('',#5606);
#5609=VERTEX_POINT('',#5607);
#5610=CARTESIAN_POINT('',(2.E0,0.E0,-3.6E1));
#5611=CARTESIAN_POINT('',(-2.E0,0.E0,-3.6E1));
#5612=VERTEX_POINT('',#5610);
#5613=VERTEX_POINT('',#5611);
#5614=CARTESIAN_POINT('',(-2.35E1,1.75E1,-4.1E1));
#5615=CARTESIAN_POINT('',(-2.35E1,2.35E1,-4.1E1));
#5616=VERTEX_POINT('',#5614);
#5617=VERTEX_POINT('',#5615);
#5618=CARTESIAN_POINT('',(-3.5E1,2.E0,-4.E1));
#5619=CARTESIAN_POINT('',(-3.5E1,2.8E1,-4.E1));
#5620=VERTEX_POINT('',#5618);
#5621=VERTEX_POINT('',#5619);
#5622=CARTESIAN_POINT('',(-2.93E1,1.5E1,8.5E0));
#5623=VERTEX_POINT('',#5622);
#5624=CARTESIAN_POINT('',(4.8E0,2.E0,-2.66E1));
#5625=VERTEX_POINT('',#5624);
#5626=CARTESIAN_POINT('',(-1.45E0,2.18E1,-4.E1));
#5627=VERTEX_POINT('',#5626);
#5628=CARTESIAN_POINT('',(3.45E0,2.18E1,-4.E1));
#5629=VERTEX_POINT('',#5628);
#5630=CARTESIAN_POINT('',(-1.965E1,7.5E0,-4.63E1));
#5631=CARTESIAN_POINT('',(-1.235E1,7.5E0,-4.63E1));
#5632=VERTEX_POINT('',#5630);
#5633=VERTEX_POINT('',#5631);
#5634=CARTESIAN_POINT('',(-1.3E1,3.370726591915E0,1.42E0));
#5635=VERTEX_POINT('',#5634);
#5636=CARTESIAN_POINT('',(-1.25E0,2.18E1,-3.95E1));
#5637=CARTESIAN_POINT('',(-1.25E0,2.18E1,-3.98E1));
#5638=VERTEX_POINT('',#5636);
#5639=VERTEX_POINT('',#5637);
#5640=CARTESIAN_POINT('',(-3.E0,2.35E1,-4.E1));
#5641=CARTESIAN_POINT('',(-6.5E0,2.35E1,-4.E1));
#5642=VERTEX_POINT('',#5640);
#5643=VERTEX_POINT('',#5641);
#5644=CARTESIAN_POINT('',(-2.855E1,2.18E1,-3.95E1));
#5645=CARTESIAN_POINT('',(-3.345E1,2.18E1,-3.95E1));
#5646=VERTEX_POINT('',#5644);
#5647=VERTEX_POINT('',#5645);
#5648=CARTESIAN_POINT('',(-3.48E1,2.E0,-2.68E1));
#5649=VERTEX_POINT('',#5648);
#5650=CARTESIAN_POINT('',(-2.3E1,1.72E1,-3.899999999995E1));
#5651=CARTESIAN_POINT('',(-2.3E1,1.72E1,-4.01E1));
#5652=VERTEX_POINT('',#5650);
#5653=VERTEX_POINT('',#5651);
#5654=CARTESIAN_POINT('',(-2.2E1,2.785E1,-4.01E1));
#5655=CARTESIAN_POINT('',(-2.2E1,2.655E1,-4.01E1));
#5656=VERTEX_POINT('',#5654);
#5657=VERTEX_POINT('',#5655);
#5658=CARTESIAN_POINT('',(-2.8E1,3.E1,0.E0));
#5659=CARTESIAN_POINT('',(-2.8E1,2.6E1,0.E0));
#5660=VERTEX_POINT('',#5658);
#5661=VERTEX_POINT('',#5659);
#5662=CARTESIAN_POINT('',(-2.2E1,2.655E1,-3.99E1));
#5663=VERTEX_POINT('',#5662);
#5664=CARTESIAN_POINT('',(-2.8E1,0.E0,-3.6E1));
#5665=CARTESIAN_POINT('',(-2.8E1,4.E0,-3.6E1));
#5666=VERTEX_POINT('',#5664);
#5667=VERTEX_POINT('',#5665);
#5668=CARTESIAN_POINT('',(-3.2E1,3.E1,-3.6E1));
#5669=CARTESIAN_POINT('',(-2.8E1,3.E1,-3.6E1));
#5670=VERTEX_POINT('',#5668);
#5671=VERTEX_POINT('',#5669);
#5672=CARTESIAN_POINT('',(-2.E1,0.E0,3.5E0));
#5673=CARTESIAN_POINT('',(-2.E1,0.E0,2.5E0));
#5674=VERTEX_POINT('',#5672);
#5675=VERTEX_POINT('',#5673);
#5676=CARTESIAN_POINT('',(-8.E0,2.785E1,-3.99E1));
#5677=CARTESIAN_POINT('',(-8.E0,2.655E1,-3.99E1));
#5678=VERTEX_POINT('',#5676);
#5679=VERTEX_POINT('',#5677);
#5680=CARTESIAN_POINT('',(-2.4E1,2.2E1,-3.7E1));
#5681=CARTESIAN_POINT('',(-2.6E1,2.2E1,-3.7E1));
#5682=VERTEX_POINT('',#5680);
#5683=VERTEX_POINT('',#5681);
#5684=CARTESIAN_POINT('',(4.8E0,2.E0,-2.68E1));
#5685=VERTEX_POINT('',#5684);
#5686=CARTESIAN_POINT('',(-1.965E1,7.5E0,-4.05E1));
#5687=CARTESIAN_POINT('',(-1.235E1,7.5E0,-4.05E1));
#5688=VERTEX_POINT('',#5686);
#5689=VERTEX_POINT('',#5687);
#5690=CARTESIAN_POINT('',(-1.7E1,5.5E0,1.92E0));
#5691=CARTESIAN_POINT('',(-1.7E1,3.370726591915E0,1.92E0));
#5692=VERTEX_POINT('',#5690);
#5693=VERTEX_POINT('',#5691);
#5694=CARTESIAN_POINT('',(-2.7E1,2.35E1,-4.E1));
#5695=CARTESIAN_POINT('',(-2.7E1,1.75E1,-4.E1));
#5696=VERTEX_POINT('',#5694);
#5697=VERTEX_POINT('',#5695);
#5698=CARTESIAN_POINT('',(-1.7E1,2.662927340809E1,1.42E0));
#5699=CARTESIAN_POINT('',(-1.7E1,2.45E1,1.42E0));
#5700=VERTEX_POINT('',#5698);
#5701=VERTEX_POINT('',#5699);
#5702=CARTESIAN_POINT('',(-1.3E1,5.5E0,1.92E0));
#5703=VERTEX_POINT('',#5702);
#5704=CARTESIAN_POINT('',(4.E0,2.8E1,3.5E0));
#5705=CARTESIAN_POINT('',(5.E0,2.8E1,2.5E0));
#5706=VERTEX_POINT('',#5704);
#5707=VERTEX_POINT('',#5705);
#5708=CARTESIAN_POINT('',(3.45E0,8.2E0,-3.95E1));
#5709=VERTEX_POINT('',#5708);
#5710=CARTESIAN_POINT('',(4.E0,2.E0,3.5E0));
#5711=VERTEX_POINT('',#5710);
#5712=CARTESIAN_POINT('',(-6.65E0,2.87E1,-3.999999999997E1));
#5713=CARTESIAN_POINT('',(-6.65E0,2.87E1,-3.899999999995E1));
#5714=VERTEX_POINT('',#5712);
#5715=VERTEX_POINT('',#5713);
#5716=CARTESIAN_POINT('',(-1.325E1,5.5E0,2.02E0));
#5717=VERTEX_POINT('',#5716);
#5718=CARTESIAN_POINT('',(-2.E0,3.E1,0.E0));
#5719=CARTESIAN_POINT('',(2.E0,3.E1,0.E0));
#5720=VERTEX_POINT('',#5718);
#5721=VERTEX_POINT('',#5719);
#5722=CARTESIAN_POINT('',(-1.7E1,2.662927340809E1,1.92E0));
#5723=CARTESIAN_POINT('',(-1.7E1,2.45E1,1.92E0));
#5724=VERTEX_POINT('',#5722);
#5725=VERTEX_POINT('',#5723);
#5726=CARTESIAN_POINT('',(-2.3E1,2.85E1,-3.899999999995E1));
#5727=CARTESIAN_POINT('',(-2.3E1,2.85E1,-4.01E1));
#5728=VERTEX_POINT('',#5726);
#5729=VERTEX_POINT('',#5727);
#5730=CARTESIAN_POINT('',(-1.1575E1,7.5E0,-4.08E1));
#5731=CARTESIAN_POINT('',(-1.1575E1,7.5E0,-4.63E1));
#5732=VERTEX_POINT('',#5730);
#5733=VERTEX_POINT('',#5731);
#5734=CARTESIAN_POINT('',(-6.E0,2.2E1,-3.7E1));
#5735=CARTESIAN_POINT('',(-4.E0,2.2E1,-3.7E1));
#5736=VERTEX_POINT('',#5734);
#5737=VERTEX_POINT('',#5735);
#5738=CARTESIAN_POINT('',(-1.185E1,2.49E1,-3.304E1));
#5739=CARTESIAN_POINT('',(-1.185E1,2.64E1,-3.304E1));
#5740=VERTEX_POINT('',#5738);
#5741=VERTEX_POINT('',#5739);
#5742=CARTESIAN_POINT('',(-6.E0,2.2E1,-4.1E1));
#5743=CARTESIAN_POINT('',(-4.E0,2.2E1,-4.1E1));
#5744=VERTEX_POINT('',#5742);
#5745=VERTEX_POINT('',#5743);
#5746=CARTESIAN_POINT('',(3.E0,0.E0,-4.E1));
#5747=VERTEX_POINT('',#5746);
#5748=CARTESIAN_POINT('',(3.25E0,8.2E0,-3.95E1));
#5749=CARTESIAN_POINT('',(-1.25E0,8.2E0,-3.95E1));
#5750=VERTEX_POINT('',#5748);
#5751=VERTEX_POINT('',#5749);
#5752=CARTESIAN_POINT('',(-1.E1,3.E1,3.5E0));
#5753=CARTESIAN_POINT('',(-1.E1,3.E1,2.5E0));
#5754=VERTEX_POINT('',#5752);
#5755=VERTEX_POINT('',#5753);
#5756=CARTESIAN_POINT('',(-2.77E1,1.5E1,1.45E1));
#5757=CARTESIAN_POINT('',(-2.3E0,1.5E1,1.45E1));
#5758=VERTEX_POINT('',#5756);
#5759=VERTEX_POINT('',#5757);
#5760=CARTESIAN_POINT('',(-2.2E1,2.785E1,-3.99E1));
#5761=VERTEX_POINT('',#5760);
#5762=CARTESIAN_POINT('',(-3.345E1,8.2E0,-3.95E1));
#5763=VERTEX_POINT('',#5762);
#5764=CARTESIAN_POINT('',(-2.335E1,8.05E0,1.92E0));
#5765=CARTESIAN_POINT('',(-2.335E1,2.195E1,1.92E0));
#5766=VERTEX_POINT('',#5764);
#5767=VERTEX_POINT('',#5765);
#5768=CARTESIAN_POINT('',(-1.3E1,2.79E1,-4.01E1));
#5769=CARTESIAN_POINT('',(-1.3E1,2.79E1,-3.304E1));
#5770=VERTEX_POINT('',#5768);
#5771=VERTEX_POINT('',#5769);
#5772=CARTESIAN_POINT('',(-8.E0,2.655E1,-4.01E1));
#5773=CARTESIAN_POINT('',(-8.E0,2.785E1,-4.01E1));
#5774=VERTEX_POINT('',#5772);
#5775=VERTEX_POINT('',#5773);
#5776=CARTESIAN_POINT('',(3.E0,3.E1,-4.E1));
#5777=CARTESIAN_POINT('',(3.E0,3.E1,-2.68E1));
#5778=VERTEX_POINT('',#5776);
#5779=VERTEX_POINT('',#5777);
#5780=CARTESIAN_POINT('',(-6.65E0,8.05E0,1.22E0));
#5781=VERTEX_POINT('',#5780);
#5782=CARTESIAN_POINT('',(-1.485E1,9.058845726812E0,-4.E1));
#5783=CARTESIAN_POINT('',(-1.535E1,9.058845726812E0,-4.E1));
#5784=VERTEX_POINT('',#5782);
#5785=VERTEX_POINT('',#5783);
#5786=CARTESIAN_POINT('',(-1.E1,2.9E1,3.5E0));
#5787=CARTESIAN_POINT('',(3.E0,2.9E1,3.5E0));
#5788=VERTEX_POINT('',#5786);
#5789=VERTEX_POINT('',#5787);
#5790=CARTESIAN_POINT('',(-7.E0,1.72E1,-4.01E1));
#5791=CARTESIAN_POINT('',(-7.E0,2.85E1,-4.01E1));
#5792=VERTEX_POINT('',#5790);
#5793=VERTEX_POINT('',#5791);
#5794=CARTESIAN_POINT('',(-2.E1,1.E0,3.5E0));
#5795=VERTEX_POINT('',#5794);
#5796=CARTESIAN_POINT('',(-2.E0,0.E0,0.E0));
#5797=CARTESIAN_POINT('',(2.E0,0.E0,0.E0));
#5798=VERTEX_POINT('',#5796);
#5799=VERTEX_POINT('',#5797);
#5800=CARTESIAN_POINT('',(-9.E0,1.82E1,-4.01E1));
#5801=CARTESIAN_POINT('',(-9.E0,1.82E1,-3.304E1));
#5802=VERTEX_POINT('',#5800);
#5803=VERTEX_POINT('',#5801);
#5804=CARTESIAN_POINT('',(-3.345E1,2.18E1,-4.E1));
#5805=VERTEX_POINT('',#5804);
#5806=CARTESIAN_POINT('',(3.E0,1.E0,3.5E0));
#5807=VERTEX_POINT('',#5806);
#5808=CARTESIAN_POINT('',(-3.3E1,0.E0,-4.E1));
#5809=VERTEX_POINT('',#5808);
#5810=CARTESIAN_POINT('',(3.E0,2.E-1,-2.66E1));
#5811=VERTEX_POINT('',#5810);
#5812=CARTESIAN_POINT('',(-9.E0,2.49E1,-4.01E1));
#5813=CARTESIAN_POINT('',(-9.E0,2.49E1,-3.304E1));
#5814=VERTEX_POINT('',#5812);
#5815=VERTEX_POINT('',#5813);
#5816=CARTESIAN_POINT('',(-2.93E1,1.5E1,9.5E0));
#5817=VERTEX_POINT('',#5816);
#5818=CARTESIAN_POINT('',(-1.7E1,2.64E1,-3.304E1));
#5819=CARTESIAN_POINT('',(-1.815E1,2.64E1,-3.304E1));
#5820=VERTEX_POINT('',#5818);
#5821=VERTEX_POINT('',#5819);
#5822=CARTESIAN_POINT('',(-2.68E1,1.5E1,1.42E0));
#5823=VERTEX_POINT('',#5822);
#5824=CARTESIAN_POINT('',(-1.7E1,3.370726591915E0,1.42E0));
#5825=VERTEX_POINT('',#5824);
#5826=CARTESIAN_POINT('',(-1.3E1,3.370726591915E0,1.92E0));
#5827=CARTESIAN_POINT('',(-3.2E0,1.5E1,1.92E0));
#5828=VERTEX_POINT('',#5826);
#5829=VERTEX_POINT('',#5827);
#5830=CARTESIAN_POINT('',(-1.325E1,5.5E0,1.42E0));
#5831=VERTEX_POINT('',#5830);
#5832=CARTESIAN_POINT('',(-2.1E1,1.82E1,-4.01E1));
#5833=CARTESIAN_POINT('',(-2.1E1,1.82E1,-3.304E1));
#5834=VERTEX_POINT('',#5832);
#5835=VERTEX_POINT('',#5833);
#5836=CARTESIAN_POINT('',(-1.055E1,7.5E0,-4.E1));
#5837=CARTESIAN_POINT('',(-1.055E1,7.5E0,-4.08E1));
#5838=VERTEX_POINT('',#5836);
#5839=VERTEX_POINT('',#5837);
#5840=CARTESIAN_POINT('',(3.25E0,2.18E1,-3.98E1));
#5841=VERTEX_POINT('',#5840);
#5842=CARTESIAN_POINT('',(-2.6E1,2.2E1,-4.1E1));
#5843=VERTEX_POINT('',#5842);
#5844=CARTESIAN_POINT('',(-2.875E1,2.18E1,-3.95E1));
#5845=CARTESIAN_POINT('',(-3.325E1,2.18E1,-3.95E1));
#5846=VERTEX_POINT('',#5844);
#5847=VERTEX_POINT('',#5845);
#5848=CARTESIAN_POINT('',(-3.E0,2.35E1,-4.1E1));
#5849=VERTEX_POINT('',#5848);
#5850=CARTESIAN_POINT('',(-2.335E1,8.05E0,1.22E0));
#5851=VERTEX_POINT('',#5850);
#5852=CARTESIAN_POINT('',(-6.5E0,2.35E1,-4.1E1));
#5853=VERTEX_POINT('',#5852);
#5854=CARTESIAN_POINT('',(-1.32E1,7.5E0,-4.E1));
#5855=CARTESIAN_POINT('',(-1.88E1,7.5E0,-4.E1));
#5856=VERTEX_POINT('',#5854);
#5857=VERTEX_POINT('',#5855);
#5858=CARTESIAN_POINT('',(-2.855E1,2.18E1,-4.E1));
#5859=VERTEX_POINT('',#5858);
#5860=CARTESIAN_POINT('',(-2.E0,4.E0,-3.6E1));
#5861=VERTEX_POINT('',#5860);
#5862=CARTESIAN_POINT('',(-2.145E1,7.5E0,-4.E1));
#5863=CARTESIAN_POINT('',(-2.145E1,7.5E0,-4.08E1));
#5864=VERTEX_POINT('',#5862);
#5865=VERTEX_POINT('',#5863);
#5866=CARTESIAN_POINT('',(-1.325E1,2.45E1,1.42E0));
#5867=CARTESIAN_POINT('',(-1.325E1,2.45E1,2.02E0));
#5868=VERTEX_POINT('',#5866);
#5869=VERTEX_POINT('',#5867);
#5870=CARTESIAN_POINT('',(3.E0,2.E-1,-2.68E1));
#5871=VERTEX_POINT('',#5870);
#5872=CARTESIAN_POINT('',(-2.1E1,2.49E1,-4.01E1));
#5873=CARTESIAN_POINT('',(-2.1E1,2.49E1,-3.304E1));
#5874=VERTEX_POINT('',#5872);
#5875=VERTEX_POINT('',#5873);
#5876=CARTESIAN_POINT('',(-2.95E1,1.5E1,1.45E1));
#5877=VERTEX_POINT('',#5876);
#5878=CARTESIAN_POINT('',(-2.335E1,1.7E1,-3.999999999997E1));
#5879=CARTESIAN_POINT('',(-2.335E1,1.7E1,-3.899999999995E1));
#5880=VERTEX_POINT('',#5878);
#5881=VERTEX_POINT('',#5879);
#5882=CARTESIAN_POINT('',(3.E0,3.E1,2.5E0));
#5883=VERTEX_POINT('',#5882);
#5884=CARTESIAN_POINT('',(-1.675E1,2.45E1,2.02E0));
#5885=VERTEX_POINT('',#5884);
#5886=CARTESIAN_POINT('',(-3.2E1,3.E1,0.E0));
#5887=CARTESIAN_POINT('',(-3.2E1,2.6E1,0.E0));
#5888=VERTEX_POINT('',#5886);
#5889=VERTEX_POINT('',#5887);
#5890=CARTESIAN_POINT('',(-7.35E0,2.125E1,1.22E0));
#5891=CARTESIAN_POINT('',(-7.35E0,8.75E0,1.22E0));
#5892=VERTEX_POINT('',#5890);
#5893=VERTEX_POINT('',#5891);
#5894=CARTESIAN_POINT('',(-1.25E0,8.2E0,-3.98E1));
#5895=VERTEX_POINT('',#5894);
#5896=CARTESIAN_POINT('',(-2.855E1,8.2E0,-3.95E1));
#5897=VERTEX_POINT('',#5896);
#5898=CARTESIAN_POINT('',(-2.E0,3.E1,-3.6E1));
#5899=CARTESIAN_POINT('',(-2.E0,2.6E1,-3.6E1));
#5900=VERTEX_POINT('',#5898);
#5901=VERTEX_POINT('',#5899);
#5902=CARTESIAN_POINT('',(-1.05E1,2.785E1,-4.01E1));
#5903=CARTESIAN_POINT('',(-1.05E1,2.785E1,-3.99E1));
#5904=VERTEX_POINT('',#5902);
#5905=VERTEX_POINT('',#5903);
#5906=CARTESIAN_POINT('',(-3.1E0,1.5E1,1.42E0));
#5907=CARTESIAN_POINT('',(-2.69E1,1.5E1,1.42E0));
#5908=VERTEX_POINT('',#5906);
#5909=VERTEX_POINT('',#5907);
#5910=CARTESIAN_POINT('',(-1.3E1,2.64E1,-4.01E1));
#5911=VERTEX_POINT('',#5910);
#5912=CARTESIAN_POINT('',(-1.7E1,2.79E1,-4.01E1));
#5913=VERTEX_POINT('',#5912);
#5914=CARTESIAN_POINT('',(3.25E0,2.18E1,-3.95E1));
#5915=VERTEX_POINT('',#5914);
#5916=CARTESIAN_POINT('',(-2.265E1,8.75E0,3.2E-1));
#5917=CARTESIAN_POINT('',(-2.265E1,2.125E1,3.2E-1));
#5918=VERTEX_POINT('',#5916);
#5919=VERTEX_POINT('',#5917);
#5920=CARTESIAN_POINT('',(-2.8E1,4.E0,0.E0));
#5921=VERTEX_POINT('',#5920);
#5922=CARTESIAN_POINT('',(-3.2E1,4.E0,0.E0));
#5923=VERTEX_POINT('',#5922);
#5924=CARTESIAN_POINT('',(-3.1E0,1.5E1,2.4E0));
#5925=CARTESIAN_POINT('',(-2.69E1,1.5E1,2.4E0));
#5926=VERTEX_POINT('',#5924);
#5927=VERTEX_POINT('',#5925);
#5928=CARTESIAN_POINT('',(3.E0,3.E1,-2.66E1));
#5929=VERTEX_POINT('',#5928);
#5930=CARTESIAN_POINT('',(-3.3E1,3.E1,-2.66E1));
#5931=VERTEX_POINT('',#5930);
#5932=CARTESIAN_POINT('',(-1.05E1,2.655E1,-4.01E1));
#5933=VERTEX_POINT('',#5932);
#5934=CARTESIAN_POINT('',(-1.7E1,2.79E1,-3.304E1));
#5935=VERTEX_POINT('',#5934);
#5936=CARTESIAN_POINT('',(-3.3E1,2.9E1,3.5E0));
#5937=CARTESIAN_POINT('',(-3.3E1,3.E1,2.5E0));
#5938=VERTEX_POINT('',#5936);
#5939=VERTEX_POINT('',#5937);
#5940=CARTESIAN_POINT('',(-3.325E1,2.18E1,-3.98E1));
#5941=VERTEX_POINT('',#5940);
#5942=CARTESIAN_POINT('',(-3.5E1,2.8E1,2.5E0));
#5943=VERTEX_POINT('',#5942);
#5944=CARTESIAN_POINT('',(-1.185E1,2.49E1,-4.01E1));
#5945=CARTESIAN_POINT('',(-1.185E1,2.64E1,-4.01E1));
#5946=VERTEX_POINT('',#5944);
#5947=VERTEX_POINT('',#5945);
#5948=CARTESIAN_POINT('',(-7.E0,1.72E1,-3.899999999995E1));
#5949=VERTEX_POINT('',#5948);
#5950=CARTESIAN_POINT('',(5.E0,2.E0,-2.68E1));
#5951=CARTESIAN_POINT('',(5.E0,2.8E1,-2.68E1));
#5952=VERTEX_POINT('',#5950);
#5953=VERTEX_POINT('',#5951);
#5954=CARTESIAN_POINT('',(-3.4E1,2.E0,3.5E0));
#5955=CARTESIAN_POINT('',(-3.5E1,2.E0,2.5E0));
#5956=VERTEX_POINT('',#5954);
#5957=VERTEX_POINT('',#5955);
#5958=CARTESIAN_POINT('',(-1.3E1,2.45E1,1.42E0));
#5959=VERTEX_POINT('',#5958);
#5960=CARTESIAN_POINT('',(-3.E0,1.75E1,-4.E1));
#5961=CARTESIAN_POINT('',(-3.E0,1.75E1,-4.1E1));
#5962=VERTEX_POINT('',#5960);
#5963=VERTEX_POINT('',#5961);
#5964=CARTESIAN_POINT('',(-2.7E1,1.75E1,-4.1E1));
#5965=VERTEX_POINT('',#5964);
#5966=CARTESIAN_POINT('',(-3.3E1,2.E-1,-2.68E1));
#5967=VERTEX_POINT('',#5966);
#5968=CARTESIAN_POINT('',(-2.77E1,1.5E1,2.4E0));
#5969=CARTESIAN_POINT('',(-2.3E0,1.5E1,2.4E0));
#5970=VERTEX_POINT('',#5968);
#5971=VERTEX_POINT('',#5969);
#5972=CARTESIAN_POINT('',(-2.265E1,8.75E0,1.22E0));
#5973=VERTEX_POINT('',#5972);
#5974=CARTESIAN_POINT('',(-2.0425E1,7.5E0,-4.08E1));
#5975=VERTEX_POINT('',#5974);
#5976=CARTESIAN_POINT('',(-3.2E1,0.E0,-3.6E1));
#5977=CARTESIAN_POINT('',(-3.2E1,4.E0,-3.6E1));
#5978=VERTEX_POINT('',#5976);
#5979=VERTEX_POINT('',#5977);
#5980=CARTESIAN_POINT('',(-1.95E1,2.785E1,-4.01E1));
#5981=VERTEX_POINT('',#5980);
#5982=CARTESIAN_POINT('',(-3.5E1,2.8E1,-2.68E1));
#5983=VERTEX_POINT('',#5982);
#5984=CARTESIAN_POINT('',(-1.95E1,2.785E1,-3.99E1));
#5985=VERTEX_POINT('',#5984);
#5986=CARTESIAN_POINT('',(-1.815E1,2.49E1,-3.304E1));
#5987=VERTEX_POINT('',#5986);
#5988=CARTESIAN_POINT('',(-3.2E0,1.5E1,1.42E0));
#5989=VERTEX_POINT('',#5988);
#5990=CARTESIAN_POINT('',(-7.35E0,2.125E1,3.2E-1));
#5991=CARTESIAN_POINT('',(-7.35E0,8.75E0,3.2E-1));
#5992=VERTEX_POINT('',#5990);
#5993=VERTEX_POINT('',#5991);
#5994=CARTESIAN_POINT('',(2.E0,2.6E1,-3.6E1));
#5995=VERTEX_POINT('',#5994);
#5996=CARTESIAN_POINT('',(-2.335E1,2.87E1,-3.899999999995E1));
#5997=VERTEX_POINT('',#5996);
#5998=CARTESIAN_POINT('',(-6.65E0,8.05E0,1.92E0));
#5999=VERTEX_POINT('',#5998);
#6000=CARTESIAN_POINT('',(-1.3E1,2.662927340809E1,1.42E0));
#6001=VERTEX_POINT('',#6000);
#6002=CARTESIAN_POINT('',(-1.95E1,2.655E1,-3.99E1));
#6003=VERTEX_POINT('',#6002);
#6004=CARTESIAN_POINT('',(-6.65E0,2.195E1,1.92E0));
#6005=VERTEX_POINT('',#6004);
#6006=CARTESIAN_POINT('',(-2.35E1,1.75E1,-4.E1));
#6007=VERTEX_POINT('',#6006);
#6008=CARTESIAN_POINT('',(5.E0,2.E0,-2.66E1));
#6009=CARTESIAN_POINT('',(3.E0,0.E0,-2.66E1));
#6010=VERTEX_POINT('',#6008);
#6011=VERTEX_POINT('',#6009);
#6012=CARTESIAN_POINT('',(-1.675E1,2.45E1,1.42E0));
#6013=VERTEX_POINT('',#6012);
#6014=CARTESIAN_POINT('',(-2.4E1,2.2E1,-4.1E1));
#6015=VERTEX_POINT('',#6014);
#6016=CARTESIAN_POINT('',(-7.E0,2.85E1,-3.899999999995E1));
#6017=VERTEX_POINT('',#6016);
#6018=CARTESIAN_POINT('',(2.E0,3.E1,-3.6E1));
#6019=VERTEX_POINT('',#6018);
#6020=CARTESIAN_POINT('',(-1.05E1,2.655E1,-3.99E1));
#6021=VERTEX_POINT('',#6020);
#6022=CARTESIAN_POINT('',(-1.E1,0.E0,2.5E0));
#6023=CARTESIAN_POINT('',(3.E0,0.E0,2.5E0));
#6024=VERTEX_POINT('',#6022);
#6025=VERTEX_POINT('',#6023);
#6026=CARTESIAN_POINT('',(-2.875E1,8.2E0,-3.95E1));
#6027=CARTESIAN_POINT('',(-2.875E1,8.2E0,-3.98E1));
#6028=VERTEX_POINT('',#6026);
#6029=VERTEX_POINT('',#6027);
#6030=CARTESIAN_POINT('',(5.E0,2.E0,-4.E1));
#6031=VERTEX_POINT('',#6030);
#6032=CARTESIAN_POINT('',(-1.815E1,2.64E1,-4.01E1));
#6033=VERTEX_POINT('',#6032);
#6034=CARTESIAN_POINT('',(-1.45E0,8.2E0,-3.95E1));
#6035=VERTEX_POINT('',#6034);
#6036=CARTESIAN_POINT('',(-1.E1,1.E0,3.5E0));
#6037=VERTEX_POINT('',#6036);
#6038=CARTESIAN_POINT('',(-2.7E1,2.35E1,-4.1E1));
#6039=VERTEX_POINT('',#6038);
#6040=CARTESIAN_POINT('',(2.E0,4.E0,-3.6E1));
#6041=VERTEX_POINT('',#6040);
#6042=CARTESIAN_POINT('',(-3.3E1,3.E1,-2.68E1));
#6043=VERTEX_POINT('',#6042);
#6044=CARTESIAN_POINT('',(-3.3E1,0.E0,2.5E0));
#6045=VERTEX_POINT('',#6044);
#6046=CARTESIAN_POINT('',(-3.3E1,1.E0,3.5E0));
#6047=VERTEX_POINT('',#6046);
#6048=CARTESIAN_POINT('',(5.E0,2.E0,2.5E0));
#6049=VERTEX_POINT('',#6048);
#6050=CARTESIAN_POINT('',(-3.325E1,8.2E0,-3.95E1));
#6051=VERTEX_POINT('',#6050);
#6052=CARTESIAN_POINT('',(5.E0,2.8E1,-2.66E1));
#6053=VERTEX_POINT('',#6052);
#6054=CARTESIAN_POINT('',(-2.875E1,2.18E1,-3.98E1));
#6055=VERTEX_POINT('',#6054);
#6056=CARTESIAN_POINT('',(-1.95E1,2.655E1,-4.01E1));
#6057=VERTEX_POINT('',#6056);
#6058=CARTESIAN_POINT('',(-3.325E1,8.2E0,-3.98E1));
#6059=VERTEX_POINT('',#6058);
#6060=CARTESIAN_POINT('',(-3.3E1,3.E1,-4.E1));
#6061=VERTEX_POINT('',#6060);
#6062=CARTESIAN_POINT('',(-3.4E1,2.8E1,3.5E0));
#6063=VERTEX_POINT('',#6062);
#6064=CARTESIAN_POINT('',(-3.3E1,2.E-1,-2.66E1));
#6065=VERTEX_POINT('',#6064);
#6066=CARTESIAN_POINT('',(-6.5E0,1.75E1,-4.1E1));
#6067=VERTEX_POINT('',#6066);
#6068=CARTESIAN_POINT('',(-1.E1,0.E0,3.5E0));
#6069=VERTEX_POINT('',#6068);
#6070=CARTESIAN_POINT('',(-3.48E1,2.E0,-2.66E1));
#6071=VERTEX_POINT('',#6070);
#6072=CARTESIAN_POINT('',(-1.3E1,2.64E1,-3.304E1));
#6073=VERTEX_POINT('',#6072);
#6074=CARTESIAN_POINT('',(-6.65E0,1.7E1,-3.999999999997E1));
#6075=VERTEX_POINT('',#6074);
#6076=CARTESIAN_POINT('',(-1.7E1,2.64E1,-4.01E1));
#6077=VERTEX_POINT('',#6076);
#6078=CARTESIAN_POINT('',(-6.65E0,1.7E1,-3.899999999995E1));
#6079=VERTEX_POINT('',#6078);
#6080=CARTESIAN_POINT('',(-2.335E1,2.87E1,-3.999999999997E1));
#6081=VERTEX_POINT('',#6080);
#6082=CARTESIAN_POINT('',(-3.3E1,0.E0,-2.66E1));
#6083=VERTEX_POINT('',#6082);
#6084=CARTESIAN_POINT('',(-1.815E1,2.49E1,-4.01E1));
#6085=VERTEX_POINT('',#6084);
#6086=CARTESIAN_POINT('',(-2.265E1,2.125E1,1.22E0));
#6087=VERTEX_POINT('',#6086);
#6088=CARTESIAN_POINT('',(-2.95E1,1.5E1,9.5E0));
#6089=VERTEX_POINT('',#6088);
#6090=CARTESIAN_POINT('',(-6.5E0,1.75E1,-4.E1));
#6091=VERTEX_POINT('',#6090);
#6092=CARTESIAN_POINT('',(-2.0425E1,7.5E0,-4.63E1));
#6093=VERTEX_POINT('',#6092);
#6094=CARTESIAN_POINT('',(3.25E0,8.2E0,-3.98E1));
#6095=VERTEX_POINT('',#6094);
#6096=CARTESIAN_POINT('',(-2.35E1,2.35E1,-4.E1));
#6097=VERTEX_POINT('',#6096);
#6098=CARTESIAN_POINT('',(-2.68E1,1.5E1,1.92E0));
#6099=VERTEX_POINT('',#6098);
#6100=CARTESIAN_POINT('',(5.E0,2.8E1,-4.E1));
#6101=VERTEX_POINT('',#6100);
#6102=CARTESIAN_POINT('',(-2.E1,2.9E1,3.5E0));
#6103=VERTEX_POINT('',#6102);
#6104=CARTESIAN_POINT('',(-3.5E1,0.E0,-4.E1));
#6105=DIRECTION('',(-1.E0,0.E0,0.E0));
#6106=DIRECTION('',(0.E0,-1.E0,0.E0));
#6107=AXIS2_PLACEMENT_3D('',#6104,#6105,#6106);
#6108=PLANE('',#6107);
#6110=ORIENTED_EDGE('',*,*,#6109,.T.);
#6112=ORIENTED_EDGE('',*,*,#6111,.F.);
#6114=ORIENTED_EDGE('',*,*,#6113,.T.);
#6116=ORIENTED_EDGE('',*,*,#6115,.T.);
#6117=EDGE_LOOP('',(#6110,#6112,#6114,#6116));
#6118=FACE_OUTER_BOUND('',#6117,.F.);
#6119=ADVANCED_FACE('',(#6118),#6108,.T.);
#6120=CARTESIAN_POINT('',(-3.3E1,2.E0,-4.E1));
#6121=DIRECTION('',(0.E0,0.E0,1.E0));
#6122=DIRECTION('',(1.E0,0.E0,0.E0));
#6123=AXIS2_PLACEMENT_3D('',#6120,#6121,#6122);
#6124=CYLINDRICAL_SURFACE('',#6123,2.E0);
#6126=ORIENTED_EDGE('',*,*,#6125,.F.);
#6128=ORIENTED_EDGE('',*,*,#6127,.T.);
#6129=ORIENTED_EDGE('',*,*,#6109,.F.);
#6131=ORIENTED_EDGE('',*,*,#6130,.T.);
#6132=EDGE_LOOP('',(#6126,#6128,#6129,#6131));
#6133=FACE_OUTER_BOUND('',#6132,.F.);
#6134=ADVANCED_FACE('',(#6133),#6124,.T.);
#6135=CARTESIAN_POINT('',(5.E0,0.E0,-4.E1));
#6136=DIRECTION('',(0.E0,-1.E0,0.E0));
#6137=DIRECTION('',(1.E0,0.E0,0.E0));
#6138=AXIS2_PLACEMENT_3D('',#6135,#6136,#6137);
#6139=PLANE('',#6138);
#6141=ORIENTED_EDGE('',*,*,#6140,.T.);
#6143=ORIENTED_EDGE('',*,*,#6142,.F.);
#6144=ORIENTED_EDGE('',*,*,#6125,.T.);
#6146=ORIENTED_EDGE('',*,*,#6145,.T.);
#6148=ORIENTED_EDGE('',*,*,#6147,.F.);
#6150=ORIENTED_EDGE('',*,*,#6149,.F.);
#6152=ORIENTED_EDGE('',*,*,#6151,.T.);
#6154=ORIENTED_EDGE('',*,*,#6153,.T.);
#6155=EDGE_LOOP('',(#6141,#6143,#6144,#6146,#6148,#6150,#6152,#6154));
#6156=FACE_OUTER_BOUND('',#6155,.F.);
#6158=ORIENTED_EDGE('',*,*,#6157,.F.);
#6160=ORIENTED_EDGE('',*,*,#6159,.F.);
#6161=EDGE_LOOP('',(#6158,#6160));
#6162=FACE_BOUND('',#6161,.F.);
#6164=ORIENTED_EDGE('',*,*,#6163,.F.);
#6166=ORIENTED_EDGE('',*,*,#6165,.F.);
#6167=EDGE_LOOP('',(#6164,#6166));
#6168=FACE_BOUND('',#6167,.F.);
#6169=ADVANCED_FACE('',(#6156,#6162,#6168),#6139,.T.);
#6170=CARTESIAN_POINT('',(3.E0,2.E0,-4.E1));
#6171=DIRECTION('',(0.E0,0.E0,1.E0));
#6172=DIRECTION('',(1.E0,0.E0,0.E0));
#6173=AXIS2_PLACEMENT_3D('',#6170,#6171,#6172);
#6174=CYLINDRICAL_SURFACE('',#6173,2.E0);
#6176=ORIENTED_EDGE('',*,*,#6175,.F.);
#6178=ORIENTED_EDGE('',*,*,#6177,.T.);
#6179=ORIENTED_EDGE('',*,*,#6140,.F.);
#6181=ORIENTED_EDGE('',*,*,#6180,.T.);
#6182=EDGE_LOOP('',(#6176,#6178,#6179,#6181));
#6183=FACE_OUTER_BOUND('',#6182,.F.);
#6184=ADVANCED_FACE('',(#6183),#6174,.T.);
#6185=CARTESIAN_POINT('',(5.E0,0.E0,-4.E1));
#6186=DIRECTION('',(1.E0,0.E0,0.E0));
#6187=DIRECTION('',(0.E0,0.E0,-1.E0));
#6188=AXIS2_PLACEMENT_3D('',#6185,#6186,#6187);
#6189=PLANE('',#6188);
#6191=ORIENTED_EDGE('',*,*,#6190,.T.);
#6193=ORIENTED_EDGE('',*,*,#6192,.F.);
#6194=ORIENTED_EDGE('',*,*,#6175,.T.);
#6196=ORIENTED_EDGE('',*,*,#6195,.T.);
#6197=EDGE_LOOP('',(#6191,#6193,#6194,#6196));
#6198=FACE_OUTER_BOUND('',#6197,.F.);
#6199=ADVANCED_FACE('',(#6198),#6189,.T.);
#6200=CARTESIAN_POINT('',(3.E0,2.8E1,-4.E1));
#6201=DIRECTION('',(0.E0,0.E0,1.E0));
#6202=DIRECTION('',(1.E0,0.E0,0.E0));
#6203=AXIS2_PLACEMENT_3D('',#6200,#6201,#6202);
#6204=CYLINDRICAL_SURFACE('',#6203,2.E0);
#6206=ORIENTED_EDGE('',*,*,#6205,.F.);
#6208=ORIENTED_EDGE('',*,*,#6207,.T.);
#6209=ORIENTED_EDGE('',*,*,#6190,.F.);
#6211=ORIENTED_EDGE('',*,*,#6210,.T.);
#6212=EDGE_LOOP('',(#6206,#6208,#6209,#6211));
#6213=FACE_OUTER_BOUND('',#6212,.F.);
#6214=ADVANCED_FACE('',(#6213),#6204,.T.);
#6215=CARTESIAN_POINT('',(5.E0,3.E1,-4.E1));
#6216=DIRECTION('',(0.E0,1.E0,0.E0));
#6217=DIRECTION('',(-1.E0,0.E0,0.E0));
#6218=AXIS2_PLACEMENT_3D('',#6215,#6216,#6217);
#6219=PLANE('',#6218);
#6221=ORIENTED_EDGE('',*,*,#6220,.T.);
#6223=ORIENTED_EDGE('',*,*,#6222,.F.);
#6224=ORIENTED_EDGE('',*,*,#6205,.T.);
#6226=ORIENTED_EDGE('',*,*,#6225,.T.);
#6228=ORIENTED_EDGE('',*,*,#6227,.F.);
#6230=ORIENTED_EDGE('',*,*,#6229,.F.);
#6232=ORIENTED_EDGE('',*,*,#6231,.T.);
#6234=ORIENTED_EDGE('',*,*,#6233,.T.);
#6235=EDGE_LOOP('',(#6221,#6223,#6224,#6226,#6228,#6230,#6232,#6234));
#6236=FACE_OUTER_BOUND('',#6235,.F.);
#6238=ORIENTED_EDGE('',*,*,#6237,.F.);
#6240=ORIENTED_EDGE('',*,*,#6239,.F.);
#6241=EDGE_LOOP('',(#6238,#6240));
#6242=FACE_BOUND('',#6241,.F.);
#6244=ORIENTED_EDGE('',*,*,#6243,.F.);
#6246=ORIENTED_EDGE('',*,*,#6245,.F.);
#6247=EDGE_LOOP('',(#6244,#6246));
#6248=FACE_BOUND('',#6247,.F.);
#6249=ADVANCED_FACE('',(#6236,#6242,#6248),#6219,.T.);
#6250=CARTESIAN_POINT('',(-3.3E1,2.8E1,-4.E1));
#6251=DIRECTION('',(0.E0,0.E0,1.E0));
#6252=DIRECTION('',(1.E0,0.E0,0.E0));
#6253=AXIS2_PLACEMENT_3D('',#6250,#6251,#6252);
#6254=CYLINDRICAL_SURFACE('',#6253,2.E0);
#6255=ORIENTED_EDGE('',*,*,#6113,.F.);
#6257=ORIENTED_EDGE('',*,*,#6256,.T.);
#6258=ORIENTED_EDGE('',*,*,#6220,.F.);
#6260=ORIENTED_EDGE('',*,*,#6259,.T.);
#6261=EDGE_LOOP('',(#6255,#6257,#6258,#6260));
#6262=FACE_OUTER_BOUND('',#6261,.F.);
#6263=ADVANCED_FACE('',(#6262),#6254,.T.);
#6264=CARTESIAN_POINT('',(-3.3E1,2.8E1,-2.66E1));
#6265=DIRECTION('',(0.E0,0.E0,-1.E0));
#6266=DIRECTION('',(-1.E0,0.E0,0.E0));
#6267=AXIS2_PLACEMENT_3D('',#6264,#6265,#6266);
#6268=PLANE('',#6267);
#6269=ORIENTED_EDGE('',*,*,#6256,.F.);
#6270=ORIENTED_EDGE('',*,*,#6111,.T.);
#6271=ORIENTED_EDGE('',*,*,#6127,.F.);
#6272=ORIENTED_EDGE('',*,*,#6142,.T.);
#6273=ORIENTED_EDGE('',*,*,#6177,.F.);
#6274=ORIENTED_EDGE('',*,*,#6192,.T.);
#6275=ORIENTED_EDGE('',*,*,#6207,.F.);
#6276=ORIENTED_EDGE('',*,*,#6222,.T.);
#6277=EDGE_LOOP('',(#6269,#6270,#6271,#6272,#6273,#6274,#6275,#6276));
#6278=FACE_OUTER_BOUND('',#6277,.F.);
#6280=ORIENTED_EDGE('',*,*,#6279,.F.);
#6282=ORIENTED_EDGE('',*,*,#6281,.F.);
#6284=ORIENTED_EDGE('',*,*,#6283,.F.);
#6286=ORIENTED_EDGE('',*,*,#6285,.F.);
#6288=ORIENTED_EDGE('',*,*,#6287,.F.);
#6290=ORIENTED_EDGE('',*,*,#6289,.F.);
#6292=ORIENTED_EDGE('',*,*,#6291,.F.);
#6294=ORIENTED_EDGE('',*,*,#6293,.F.);
#6295=EDGE_LOOP('',(#6280,#6282,#6284,#6286,#6288,#6290,#6292,#6294));
#6296=FACE_BOUND('',#6295,.F.);
#6297=ADVANCED_FACE('',(#6278,#6296),#6268,.T.);
#6298=CARTESIAN_POINT('',(3.E0,2.E-1,-2.66E1));
#6299=DIRECTION('',(0.E0,-1.E0,0.E0));
#6300=DIRECTION('',(0.E0,0.E0,-1.E0));
#6301=AXIS2_PLACEMENT_3D('',#6298,#6299,#6300);
#6302=PLANE('',#6301);
#6304=ORIENTED_EDGE('',*,*,#6303,.F.);
#6306=ORIENTED_EDGE('',*,*,#6305,.T.);
#6307=ORIENTED_EDGE('',*,*,#6279,.T.);
#6309=ORIENTED_EDGE('',*,*,#6308,.T.);
#6310=EDGE_LOOP('',(#6304,#6306,#6307,#6309));
#6311=FACE_OUTER_BOUND('',#6310,.F.);
#6312=ADVANCED_FACE('',(#6311),#6302,.T.);
#6313=CARTESIAN_POINT('',(-3.3E1,2.8E1,-2.68E1));
#6314=DIRECTION('',(0.E0,0.E0,-1.E0));
#6315=DIRECTION('',(-1.E0,0.E0,0.E0));
#6316=AXIS2_PLACEMENT_3D('',#6313,#6314,#6315);
#6317=PLANE('',#6316);
#6319=ORIENTED_EDGE('',*,*,#6318,.F.);
#6321=ORIENTED_EDGE('',*,*,#6320,.F.);
#6323=ORIENTED_EDGE('',*,*,#6322,.F.);
#6325=ORIENTED_EDGE('',*,*,#6324,.F.);
#6327=ORIENTED_EDGE('',*,*,#6326,.F.);
#6329=ORIENTED_EDGE('',*,*,#6328,.F.);
#6331=ORIENTED_EDGE('',*,*,#6330,.F.);
#6333=ORIENTED_EDGE('',*,*,#6332,.F.);
#6334=EDGE_LOOP('',(#6319,#6321,#6323,#6325,#6327,#6329,#6331,#6333));
#6335=FACE_OUTER_BOUND('',#6334,.F.);
#6337=ORIENTED_EDGE('',*,*,#6336,.T.);
#6339=ORIENTED_EDGE('',*,*,#6338,.F.);
#6340=ORIENTED_EDGE('',*,*,#6303,.T.);
#6342=ORIENTED_EDGE('',*,*,#6341,.F.);
#6344=ORIENTED_EDGE('',*,*,#6343,.T.);
#6346=ORIENTED_EDGE('',*,*,#6345,.F.);
#6348=ORIENTED_EDGE('',*,*,#6347,.T.);
#6350=ORIENTED_EDGE('',*,*,#6349,.F.);
#6351=EDGE_LOOP('',(#6337,#6339,#6340,#6342,#6344,#6346,#6348,#6350));
#6352=FACE_BOUND('',#6351,.F.);
#6353=ADVANCED_FACE('',(#6335,#6352),#6317,.F.);
#6354=CARTESIAN_POINT('',(-3.3E1,2.8E1,-4.E1));
#6355=DIRECTION('',(0.E0,0.E0,1.E0));
#6356=DIRECTION('',(1.E0,0.E0,0.E0));
#6357=AXIS2_PLACEMENT_3D('',#6354,#6355,#6356);
#6358=CYLINDRICAL_SURFACE('',#6357,2.E0);
#6359=ORIENTED_EDGE('',*,*,#6318,.T.);
#6361=ORIENTED_EDGE('',*,*,#6360,.F.);
#6363=ORIENTED_EDGE('',*,*,#6362,.T.);
#6365=ORIENTED_EDGE('',*,*,#6364,.F.);
#6366=EDGE_LOOP('',(#6359,#6361,#6363,#6365));
#6367=FACE_OUTER_BOUND('',#6366,.F.);
#6368=ADVANCED_FACE('',(#6367),#6358,.T.);
#6369=CARTESIAN_POINT('',(-3.5E1,0.E0,-4.E1));
#6370=DIRECTION('',(-1.E0,0.E0,0.E0));
#6371=DIRECTION('',(0.E0,-1.E0,0.E0));
#6372=AXIS2_PLACEMENT_3D('',#6369,#6370,#6371);
#6373=PLANE('',#6372);
#6374=ORIENTED_EDGE('',*,*,#6332,.T.);
#6376=ORIENTED_EDGE('',*,*,#6375,.T.);
#6378=ORIENTED_EDGE('',*,*,#6377,.T.);
#6379=ORIENTED_EDGE('',*,*,#6360,.T.);
#6380=EDGE_LOOP('',(#6374,#6376,#6378,#6379));
#6381=FACE_OUTER_BOUND('',#6380,.F.);
#6382=ADVANCED_FACE('',(#6381),#6373,.T.);
#6383=CARTESIAN_POINT('',(-3.3E1,2.E0,-4.E1));
#6384=DIRECTION('',(0.E0,0.E0,1.E0));
#6385=DIRECTION('',(1.E0,0.E0,0.E0));
#6386=AXIS2_PLACEMENT_3D('',#6383,#6384,#6385);
#6387=CYLINDRICAL_SURFACE('',#6386,2.E0);
#6388=ORIENTED_EDGE('',*,*,#6330,.T.);
#6390=ORIENTED_EDGE('',*,*,#6389,.F.);
#6392=ORIENTED_EDGE('',*,*,#6391,.T.);
#6393=ORIENTED_EDGE('',*,*,#6375,.F.);
#6394=EDGE_LOOP('',(#6388,#6390,#6392,#6393));
#6395=FACE_OUTER_BOUND('',#6394,.F.);
#6396=ADVANCED_FACE('',(#6395),#6387,.T.);
#6397=CARTESIAN_POINT('',(5.E0,0.E0,-4.E1));
#6398=DIRECTION('',(0.E0,-1.E0,0.E0));
#6399=DIRECTION('',(1.E0,0.E0,0.E0));
#6400=AXIS2_PLACEMENT_3D('',#6397,#6398,#6399);
#6401=PLANE('',#6400);
#6402=ORIENTED_EDGE('',*,*,#6328,.T.);
#6404=ORIENTED_EDGE('',*,*,#6403,.T.);
#6406=ORIENTED_EDGE('',*,*,#6405,.T.);
#6407=ORIENTED_EDGE('',*,*,#6389,.T.);
#6408=EDGE_LOOP('',(#6402,#6404,#6406,#6407));
#6409=FACE_OUTER_BOUND('',#6408,.F.);
#6411=ORIENTED_EDGE('',*,*,#6410,.F.);
#6413=ORIENTED_EDGE('',*,*,#6412,.F.);
#6414=EDGE_LOOP('',(#6411,#6413));
#6415=FACE_BOUND('',#6414,.F.);
#6417=ORIENTED_EDGE('',*,*,#6416,.F.);
#6419=ORIENTED_EDGE('',*,*,#6418,.F.);
#6420=EDGE_LOOP('',(#6417,#6419));
#6421=FACE_BOUND('',#6420,.F.);
#6422=ADVANCED_FACE('',(#6409,#6415,#6421),#6401,.T.);
#6423=CARTESIAN_POINT('',(3.E0,2.E0,-4.E1));
#6424=DIRECTION('',(0.E0,0.E0,1.E0));
#6425=DIRECTION('',(1.E0,0.E0,0.E0));
#6426=AXIS2_PLACEMENT_3D('',#6423,#6424,#6425);
#6427=CYLINDRICAL_SURFACE('',#6426,2.E0);
#6428=ORIENTED_EDGE('',*,*,#6326,.T.);
#6430=ORIENTED_EDGE('',*,*,#6429,.F.);
#6432=ORIENTED_EDGE('',*,*,#6431,.T.);
#6433=ORIENTED_EDGE('',*,*,#6403,.F.);
#6434=EDGE_LOOP('',(#6428,#6430,#6432,#6433));
#6435=FACE_OUTER_BOUND('',#6434,.F.);
#6436=ADVANCED_FACE('',(#6435),#6427,.T.);
#6437=CARTESIAN_POINT('',(5.E0,0.E0,-4.E1));
#6438=DIRECTION('',(1.E0,0.E0,0.E0));
#6439=DIRECTION('',(0.E0,0.E0,-1.E0));
#6440=AXIS2_PLACEMENT_3D('',#6437,#6438,#6439);
#6441=PLANE('',#6440);
#6442=ORIENTED_EDGE('',*,*,#6324,.T.);
#6444=ORIENTED_EDGE('',*,*,#6443,.T.);
#6446=ORIENTED_EDGE('',*,*,#6445,.T.);
#6447=ORIENTED_EDGE('',*,*,#6429,.T.);
#6448=EDGE_LOOP('',(#6442,#6444,#6446,#6447));
#6449=FACE_OUTER_BOUND('',#6448,.F.);
#6450=ADVANCED_FACE('',(#6449),#6441,.T.);
#6451=CARTESIAN_POINT('',(3.E0,2.8E1,-4.E1));
#6452=DIRECTION('',(0.E0,0.E0,1.E0));
#6453=DIRECTION('',(1.E0,0.E0,0.E0));
#6454=AXIS2_PLACEMENT_3D('',#6451,#6452,#6453);
#6455=CYLINDRICAL_SURFACE('',#6454,2.E0);
#6456=ORIENTED_EDGE('',*,*,#6322,.T.);
#6458=ORIENTED_EDGE('',*,*,#6457,.F.);
#6460=ORIENTED_EDGE('',*,*,#6459,.T.);
#6461=ORIENTED_EDGE('',*,*,#6443,.F.);
#6462=EDGE_LOOP('',(#6456,#6458,#6460,#6461));
#6463=FACE_OUTER_BOUND('',#6462,.F.);
#6464=ADVANCED_FACE('',(#6463),#6455,.T.);
#6465=CARTESIAN_POINT('',(5.E0,3.E1,-4.E1));
#6466=DIRECTION('',(0.E0,1.E0,0.E0));
#6467=DIRECTION('',(-1.E0,0.E0,0.E0));
#6468=AXIS2_PLACEMENT_3D('',#6465,#6466,#6467);
#6469=PLANE('',#6468);
#6470=ORIENTED_EDGE('',*,*,#6320,.T.);
#6471=ORIENTED_EDGE('',*,*,#6364,.T.);
#6473=ORIENTED_EDGE('',*,*,#6472,.T.);
#6474=ORIENTED_EDGE('',*,*,#6457,.T.);
#6475=EDGE_LOOP('',(#6470,#6471,#6473,#6474));
#6476=FACE_OUTER_BOUND('',#6475,.F.);
#6478=ORIENTED_EDGE('',*,*,#6477,.F.);
#6480=ORIENTED_EDGE('',*,*,#6479,.F.);
#6481=EDGE_LOOP('',(#6478,#6480));
#6482=FACE_BOUND('',#6481,.F.);
#6484=ORIENTED_EDGE('',*,*,#6483,.F.);
#6486=ORIENTED_EDGE('',*,*,#6485,.F.);
#6487=EDGE_LOOP('',(#6484,#6486));
#6488=FACE_BOUND('',#6487,.F.);
#6489=ADVANCED_FACE('',(#6476,#6482,#6488),#6469,.T.);
#6490=CARTESIAN_POINT('',(5.E0,3.E1,-4.E1));
#6491=DIRECTION('',(0.E0,0.E0,1.E0));
#6492=DIRECTION('',(1.E0,0.E0,0.E0));
#6493=AXIS2_PLACEMENT_3D('',#6490,#6491,#6492);
#6494=PLANE('',#6493);
#6495=ORIENTED_EDGE('',*,*,#6472,.F.);
#6496=ORIENTED_EDGE('',*,*,#6362,.F.);
#6497=ORIENTED_EDGE('',*,*,#6377,.F.);
#6498=ORIENTED_EDGE('',*,*,#6391,.F.);
#6499=ORIENTED_EDGE('',*,*,#6405,.F.);
#6500=ORIENTED_EDGE('',*,*,#6431,.F.);
#6501=ORIENTED_EDGE('',*,*,#6445,.F.);
#6502=ORIENTED_EDGE('',*,*,#6459,.F.);
#6503=EDGE_LOOP('',(#6495,#6496,#6497,#6498,#6499,#6500,#6501,#6502));
#6504=FACE_OUTER_BOUND('',#6503,.F.);
#6506=ORIENTED_EDGE('',*,*,#6505,.F.);
#6508=ORIENTED_EDGE('',*,*,#6507,.F.);
#6510=ORIENTED_EDGE('',*,*,#6509,.F.);
#6512=ORIENTED_EDGE('',*,*,#6511,.F.);
#6513=EDGE_LOOP('',(#6506,#6508,#6510,#6512));
#6514=FACE_BOUND('',#6513,.F.);
#6516=ORIENTED_EDGE('',*,*,#6515,.F.);
#6518=ORIENTED_EDGE('',*,*,#6517,.F.);
#6520=ORIENTED_EDGE('',*,*,#6519,.F.);
#6522=ORIENTED_EDGE('',*,*,#6521,.F.);
#6523=EDGE_LOOP('',(#6516,#6518,#6520,#6522));
#6524=FACE_BOUND('',#6523,.F.);
#6526=ORIENTED_EDGE('',*,*,#6525,.F.);
#6528=ORIENTED_EDGE('',*,*,#6527,.F.);
#6529=EDGE_LOOP('',(#6526,#6528));
#6530=FACE_BOUND('',#6529,.F.);
#6532=ORIENTED_EDGE('',*,*,#6531,.F.);
#6534=ORIENTED_EDGE('',*,*,#6533,.F.);
#6535=EDGE_LOOP('',(#6532,#6534));
#6536=FACE_BOUND('',#6535,.F.);
#6538=ORIENTED_EDGE('',*,*,#6537,.F.);
#6540=ORIENTED_EDGE('',*,*,#6539,.F.);
#6541=EDGE_LOOP('',(#6538,#6540));
#6542=FACE_BOUND('',#6541,.F.);
#6544=ORIENTED_EDGE('',*,*,#6543,.F.);
#6546=ORIENTED_EDGE('',*,*,#6545,.F.);
#6547=EDGE_LOOP('',(#6544,#6546));
#6548=FACE_BOUND('',#6547,.F.);
#6550=ORIENTED_EDGE('',*,*,#6549,.F.);
#6552=ORIENTED_EDGE('',*,*,#6551,.F.);
#6553=EDGE_LOOP('',(#6550,#6552));
#6554=FACE_BOUND('',#6553,.F.);
#6556=ORIENTED_EDGE('',*,*,#6555,.F.);
#6558=ORIENTED_EDGE('',*,*,#6557,.F.);
#6560=ORIENTED_EDGE('',*,*,#6559,.F.);
#6562=ORIENTED_EDGE('',*,*,#6561,.F.);
#6563=EDGE_LOOP('',(#6556,#6558,#6560,#6562));
#6564=FACE_BOUND('',#6563,.F.);
#6565=ADVANCED_FACE('',(#6504,#6514,#6524,#6530,#6536,#6542,#6548,#6554,#6564),
#6494,.F.);
#6566=CARTESIAN_POINT('',(-2.35E1,1.75E1,-4.1E1));
#6567=DIRECTION('',(0.E0,1.E0,0.E0));
#6568=DIRECTION('',(0.E0,0.E0,1.E0));
#6569=AXIS2_PLACEMENT_3D('',#6566,#6567,#6568);
#6570=PLANE('',#6569);
#6571=ORIENTED_EDGE('',*,*,#6505,.T.);
#6573=ORIENTED_EDGE('',*,*,#6572,.T.);
#6575=ORIENTED_EDGE('',*,*,#6574,.F.);
#6577=ORIENTED_EDGE('',*,*,#6576,.F.);
#6578=EDGE_LOOP('',(#6571,#6573,#6575,#6577));
#6579=FACE_OUTER_BOUND('',#6578,.F.);
#6580=ADVANCED_FACE('',(#6579),#6570,.F.);
#6581=CARTESIAN_POINT('',(-2.35E1,2.35E1,-4.1E1));
#6582=DIRECTION('',(-1.E0,0.E0,0.E0));
#6583=DIRECTION('',(0.E0,-1.E0,0.E0));
#6584=AXIS2_PLACEMENT_3D('',#6581,#6582,#6583);
#6585=PLANE('',#6584);
#6586=ORIENTED_EDGE('',*,*,#6511,.T.);
#6588=ORIENTED_EDGE('',*,*,#6587,.T.);
#6590=ORIENTED_EDGE('',*,*,#6589,.F.);
#6591=ORIENTED_EDGE('',*,*,#6572,.F.);
#6592=EDGE_LOOP('',(#6586,#6588,#6590,#6591));
#6593=FACE_OUTER_BOUND('',#6592,.F.);
#6594=ADVANCED_FACE('',(#6593),#6585,.F.);
#6595=CARTESIAN_POINT('',(-2.35E1,2.35E1,-4.1E1));
#6596=DIRECTION('',(0.E0,-1.E0,0.E0));
#6597=DIRECTION('',(0.E0,0.E0,-1.E0));
#6598=AXIS2_PLACEMENT_3D('',#6595,#6596,#6597);
#6599=PLANE('',#6598);
#6600=ORIENTED_EDGE('',*,*,#6509,.T.);
#6602=ORIENTED_EDGE('',*,*,#6601,.T.);
#6604=ORIENTED_EDGE('',*,*,#6603,.F.);
#6605=ORIENTED_EDGE('',*,*,#6587,.F.);
#6606=EDGE_LOOP('',(#6600,#6602,#6604,#6605));
#6607=FACE_OUTER_BOUND('',#6606,.F.);
#6608=ADVANCED_FACE('',(#6607),#6599,.F.);
#6609=CARTESIAN_POINT('',(-2.7E1,2.35E1,-4.1E1));
#6610=DIRECTION('',(1.E0,0.E0,0.E0));
#6611=DIRECTION('',(0.E0,0.E0,-1.E0));
#6612=AXIS2_PLACEMENT_3D('',#6609,#6610,#6611);
#6613=PLANE('',#6612);
#6614=ORIENTED_EDGE('',*,*,#6507,.T.);
#6615=ORIENTED_EDGE('',*,*,#6576,.T.);
#6617=ORIENTED_EDGE('',*,*,#6616,.F.);
#6618=ORIENTED_EDGE('',*,*,#6601,.F.);
#6619=EDGE_LOOP('',(#6614,#6615,#6617,#6618));
#6620=FACE_OUTER_BOUND('',#6619,.F.);
#6621=ADVANCED_FACE('',(#6620),#6613,.F.);
#6622=CARTESIAN_POINT('',(-2.35E1,1.75E1,-4.1E1));
#6623=DIRECTION('',(0.E0,0.E0,-1.E0));
#6624=DIRECTION('',(-1.E0,0.E0,0.E0));
#6625=AXIS2_PLACEMENT_3D('',#6622,#6623,#6624);
#6626=PLANE('',#6625);
#6627=ORIENTED_EDGE('',*,*,#6589,.T.);
#6628=ORIENTED_EDGE('',*,*,#6603,.T.);
#6629=ORIENTED_EDGE('',*,*,#6616,.T.);
#6630=ORIENTED_EDGE('',*,*,#6574,.T.);
#6631=EDGE_LOOP('',(#6627,#6628,#6629,#6630));
#6632=FACE_OUTER_BOUND('',#6631,.F.);
#6634=ORIENTED_EDGE('',*,*,#6633,.F.);
#6636=ORIENTED_EDGE('',*,*,#6635,.F.);
#6637=EDGE_LOOP('',(#6634,#6636));
#6638=FACE_BOUND('',#6637,.F.);
#6639=ADVANCED_FACE('',(#6632,#6638),#6626,.T.);
#6640=CARTESIAN_POINT('',(-2.5E1,2.2E1,-3.7E1));
#6641=DIRECTION('',(0.E0,0.E0,-1.E0));
#6642=DIRECTION('',(-1.E0,0.E0,0.E0));
#6643=AXIS2_PLACEMENT_3D('',#6640,#6641,#6642);
#6644=CYLINDRICAL_SURFACE('',#6643,1.E0);
#6646=ORIENTED_EDGE('',*,*,#6645,.F.);
#6647=ORIENTED_EDGE('',*,*,#6633,.T.);
#6649=ORIENTED_EDGE('',*,*,#6648,.T.);
#6651=ORIENTED_EDGE('',*,*,#6650,.T.);
#6652=EDGE_LOOP('',(#6646,#6647,#6649,#6651));
#6653=FACE_OUTER_BOUND('',#6652,.F.);
#6654=ADVANCED_FACE('',(#6653),#6644,.F.);
#6655=FILL_AREA_STYLE_COLOUR('',#2219);
#6656=FILL_AREA_STYLE('',(#6655));
#6657=SURFACE_STYLE_FILL_AREA(#6656);
#6658=SURFACE_SIDE_STYLE('',(#6657));
#6659=SURFACE_STYLE_USAGE(.BOTH.,#6658);
#6660=PRESENTATION_STYLE_ASSIGNMENT((#6659));
#6661=OVER_RIDING_STYLED_ITEM('',(#6660),#6654,#2222);
#6662=CARTESIAN_POINT('',(-2.5E1,2.2E1,-3.7E1));
#6663=DIRECTION('',(0.E0,0.E0,-1.E0));
#6664=DIRECTION('',(-1.E0,0.E0,0.E0));
#6665=AXIS2_PLACEMENT_3D('',#6662,#6663,#6664);
#6666=CYLINDRICAL_SURFACE('',#6665,1.E0);
#6668=ORIENTED_EDGE('',*,*,#6667,.T.);
#6669=ORIENTED_EDGE('',*,*,#6648,.F.);
#6670=ORIENTED_EDGE('',*,*,#6635,.T.);
#6671=ORIENTED_EDGE('',*,*,#6645,.T.);
#6672=EDGE_LOOP('',(#6668,#6669,#6670,#6671));
#6673=FACE_OUTER_BOUND('',#6672,.F.);
#6674=ADVANCED_FACE('',(#6673),#6666,.F.);
#6675=FILL_AREA_STYLE_COLOUR('',#2219);
#6676=FILL_AREA_STYLE('',(#6675));
#6677=SURFACE_STYLE_FILL_AREA(#6676);
#6678=SURFACE_SIDE_STYLE('',(#6677));
#6679=SURFACE_STYLE_USAGE(.BOTH.,#6678);
#6680=PRESENTATION_STYLE_ASSIGNMENT((#6679));
#6681=OVER_RIDING_STYLED_ITEM('',(#6680),#6674,#2222);
#6682=CARTESIAN_POINT('',(-2.5E1,2.2E1,-3.7E1));
#6683=DIRECTION('',(0.E0,0.E0,-1.E0));
#6684=DIRECTION('',(-1.E0,0.E0,0.E0));
#6685=AXIS2_PLACEMENT_3D('',#6682,#6683,#6684);
#6686=PLANE('',#6685);
#6687=ORIENTED_EDGE('',*,*,#6650,.F.);
#6688=ORIENTED_EDGE('',*,*,#6667,.F.);
#6689=EDGE_LOOP('',(#6687,#6688));
#6690=FACE_OUTER_BOUND('',#6689,.F.);
#6691=ADVANCED_FACE('',(#6690),#6686,.T.);
#6692=CARTESIAN_POINT('',(-6.65E0,1.7E1,-3.899999999995E1));
#6693=DIRECTION('',(0.E0,-1.E0,0.E0));
#6694=DIRECTION('',(1.E0,0.E0,0.E0));
#6695=AXIS2_PLACEMENT_3D('',#6692,#6693,#6694);
#6696=PLANE('',#6695);
#6697=ORIENTED_EDGE('',*,*,#6515,.T.);
#6699=ORIENTED_EDGE('',*,*,#6698,.T.);
#6701=ORIENTED_EDGE('',*,*,#6700,.F.);
#6703=ORIENTED_EDGE('',*,*,#6702,.F.);
#6704=EDGE_LOOP('',(#6697,#6699,#6701,#6703));
#6705=FACE_OUTER_BOUND('',#6704,.F.);
#6706=ADVANCED_FACE('',(#6705),#6696,.F.);
#6707=CARTESIAN_POINT('',(-6.65E0,2.87E1,-3.899999999995E1));
#6708=DIRECTION('',(1.E0,0.E0,0.E0));
#6709=DIRECTION('',(0.E0,1.E0,0.E0));
#6710=AXIS2_PLACEMENT_3D('',#6707,#6708,#6709);
#6711=PLANE('',#6710);
#6712=ORIENTED_EDGE('',*,*,#6521,.T.);
#6714=ORIENTED_EDGE('',*,*,#6713,.T.);
#6716=ORIENTED_EDGE('',*,*,#6715,.F.);
#6717=ORIENTED_EDGE('',*,*,#6698,.F.);
#6718=EDGE_LOOP('',(#6712,#6714,#6716,#6717));
#6719=FACE_OUTER_BOUND('',#6718,.F.);
#6720=ADVANCED_FACE('',(#6719),#6711,.F.);
#6721=CARTESIAN_POINT('',(-6.65E0,2.87E1,-3.899999999995E1));
#6722=DIRECTION('',(0.E0,1.E0,0.E0));
#6723=DIRECTION('',(-1.E0,0.E0,0.E0));
#6724=AXIS2_PLACEMENT_3D('',#6721,#6722,#6723);
#6725=PLANE('',#6724);
#6726=ORIENTED_EDGE('',*,*,#6519,.T.);
#6728=ORIENTED_EDGE('',*,*,#6727,.T.);
#6730=ORIENTED_EDGE('',*,*,#6729,.F.);
#6731=ORIENTED_EDGE('',*,*,#6713,.F.);
#6732=EDGE_LOOP('',(#6726,#6728,#6730,#6731));
#6733=FACE_OUTER_BOUND('',#6732,.F.);
#6734=ADVANCED_FACE('',(#6733),#6725,.F.);
#6735=CARTESIAN_POINT('',(-2.335E1,2.87E1,-3.899999999995E1));
#6736=DIRECTION('',(-1.E0,0.E0,0.E0));
#6737=DIRECTION('',(0.E0,-1.E0,0.E0));
#6738=AXIS2_PLACEMENT_3D('',#6735,#6736,#6737);
#6739=PLANE('',#6738);
#6740=ORIENTED_EDGE('',*,*,#6517,.T.);
#6741=ORIENTED_EDGE('',*,*,#6702,.T.);
#6743=ORIENTED_EDGE('',*,*,#6742,.F.);
#6744=ORIENTED_EDGE('',*,*,#6727,.F.);
#6745=EDGE_LOOP('',(#6740,#6741,#6743,#6744));
#6746=FACE_OUTER_BOUND('',#6745,.F.);
#6747=ADVANCED_FACE('',(#6746),#6739,.F.);
#6748=CARTESIAN_POINT('',(-2.335E1,1.7E1,-3.899999999995E1));
#6749=DIRECTION('',(0.E0,0.E0,1.E0));
#6750=DIRECTION('',(1.E0,0.E0,0.E0));
#6751=AXIS2_PLACEMENT_3D('',#6748,#6749,#6750);
#6752=PLANE('',#6751);
#6753=ORIENTED_EDGE('',*,*,#6700,.T.);
#6754=ORIENTED_EDGE('',*,*,#6715,.T.);
#6755=ORIENTED_EDGE('',*,*,#6729,.T.);
#6756=ORIENTED_EDGE('',*,*,#6742,.T.);
#6757=EDGE_LOOP('',(#6753,#6754,#6755,#6756));
#6758=FACE_OUTER_BOUND('',#6757,.F.);
#6760=ORIENTED_EDGE('',*,*,#6759,.F.);
#6762=ORIENTED_EDGE('',*,*,#6761,.F.);
#6764=ORIENTED_EDGE('',*,*,#6763,.F.);
#6766=ORIENTED_EDGE('',*,*,#6765,.F.);
#6767=EDGE_LOOP('',(#6760,#6762,#6764,#6766));
#6768=FACE_BOUND('',#6767,.F.);
#6769=ADVANCED_FACE('',(#6758,#6768),#6752,.F.);
#6770=CARTESIAN_POINT('',(-2.3E1,2.85E1,-5.958800653461E1));
#6771=DIRECTION('',(1.E0,0.E0,0.E0));
#6772=DIRECTION('',(0.E0,0.E0,-1.E0));
#6773=AXIS2_PLACEMENT_3D('',#6770,#6771,#6772);
#6774=PLANE('',#6773);
#6776=ORIENTED_EDGE('',*,*,#6775,.F.);
#6777=ORIENTED_EDGE('',*,*,#6759,.T.);
#6779=ORIENTED_EDGE('',*,*,#6778,.T.);
#6781=ORIENTED_EDGE('',*,*,#6780,.F.);
#6782=EDGE_LOOP('',(#6776,#6777,#6779,#6781));
#6783=FACE_OUTER_BOUND('',#6782,.F.);
#6784=ADVANCED_FACE('',(#6783),#6774,.F.);
#6785=CARTESIAN_POINT('',(-7.E0,2.85E1,-5.958800653461E1));
#6786=DIRECTION('',(0.E0,-1.E0,0.E0));
#6787=DIRECTION('',(0.E0,0.E0,-1.E0));
#6788=AXIS2_PLACEMENT_3D('',#6785,#6786,#6787);
#6789=PLANE('',#6788);
#6791=ORIENTED_EDGE('',*,*,#6790,.F.);
#6792=ORIENTED_EDGE('',*,*,#6761,.T.);
#6793=ORIENTED_EDGE('',*,*,#6775,.T.);
#6795=ORIENTED_EDGE('',*,*,#6794,.F.);
#6796=EDGE_LOOP('',(#6791,#6792,#6793,#6795));
#6797=FACE_OUTER_BOUND('',#6796,.F.);
#6798=ADVANCED_FACE('',(#6797),#6789,.F.);
#6799=CARTESIAN_POINT('',(-7.E0,2.85E1,-5.958800653461E1));
#6800=DIRECTION('',(-1.E0,0.E0,0.E0));
#6801=DIRECTION('',(0.E0,0.E0,1.E0));
#6802=AXIS2_PLACEMENT_3D('',#6799,#6800,#6801);
#6803=PLANE('',#6802);
#6805=ORIENTED_EDGE('',*,*,#6804,.F.);
#6806=ORIENTED_EDGE('',*,*,#6763,.T.);
#6807=ORIENTED_EDGE('',*,*,#6790,.T.);
#6809=ORIENTED_EDGE('',*,*,#6808,.F.);
#6810=EDGE_LOOP('',(#6805,#6806,#6807,#6809));
#6811=FACE_OUTER_BOUND('',#6810,.F.);
#6812=ADVANCED_FACE('',(#6811),#6803,.F.);
#6813=CARTESIAN_POINT('',(-7.E0,1.72E1,-5.958800653461E1));
#6814=DIRECTION('',(0.E0,1.E0,0.E0));
#6815=DIRECTION('',(0.E0,0.E0,1.E0));
#6816=AXIS2_PLACEMENT_3D('',#6813,#6814,#6815);
#6817=PLANE('',#6816);
#6818=ORIENTED_EDGE('',*,*,#6778,.F.);
#6819=ORIENTED_EDGE('',*,*,#6765,.T.);
#6820=ORIENTED_EDGE('',*,*,#6804,.T.);
#6822=ORIENTED_EDGE('',*,*,#6821,.F.);
#6823=EDGE_LOOP('',(#6818,#6819,#6820,#6822));
#6824=FACE_OUTER_BOUND('',#6823,.F.);
#6825=ADVANCED_FACE('',(#6824),#6817,.F.);
#6826=CARTESIAN_POINT('',(-7.E0,2.85E1,-4.01E1));
#6827=DIRECTION('',(0.E0,0.E0,-1.E0));
#6828=DIRECTION('',(-1.E0,0.E0,0.E0));
#6829=AXIS2_PLACEMENT_3D('',#6826,#6827,#6828);
#6830=PLANE('',#6829);
#6831=ORIENTED_EDGE('',*,*,#6794,.T.);
#6832=ORIENTED_EDGE('',*,*,#6780,.T.);
#6833=ORIENTED_EDGE('',*,*,#6821,.T.);
#6834=ORIENTED_EDGE('',*,*,#6808,.T.);
#6835=EDGE_LOOP('',(#6831,#6832,#6833,#6834));
#6836=FACE_OUTER_BOUND('',#6835,.F.);
#6838=ORIENTED_EDGE('',*,*,#6837,.F.);
#6840=ORIENTED_EDGE('',*,*,#6839,.F.);
#6842=ORIENTED_EDGE('',*,*,#6841,.F.);
#6844=ORIENTED_EDGE('',*,*,#6843,.F.);
#6845=EDGE_LOOP('',(#6838,#6840,#6842,#6844));
#6846=FACE_BOUND('',#6845,.F.);
#6848=ORIENTED_EDGE('',*,*,#6847,.F.);
#6850=ORIENTED_EDGE('',*,*,#6849,.F.);
#6852=ORIENTED_EDGE('',*,*,#6851,.F.);
#6854=ORIENTED_EDGE('',*,*,#6853,.F.);
#6855=EDGE_LOOP('',(#6848,#6850,#6852,#6854));
#6856=FACE_BOUND('',#6855,.F.);
#6858=ORIENTED_EDGE('',*,*,#6857,.F.);
#6860=ORIENTED_EDGE('',*,*,#6859,.F.);
#6862=ORIENTED_EDGE('',*,*,#6861,.F.);
#6864=ORIENTED_EDGE('',*,*,#6863,.F.);
#6866=ORIENTED_EDGE('',*,*,#6865,.F.);
#6868=ORIENTED_EDGE('',*,*,#6867,.F.);
#6870=ORIENTED_EDGE('',*,*,#6869,.F.);
#6872=ORIENTED_EDGE('',*,*,#6871,.F.);
#6874=ORIENTED_EDGE('',*,*,#6873,.F.);
#6876=ORIENTED_EDGE('',*,*,#6875,.F.);
#6878=ORIENTED_EDGE('',*,*,#6877,.F.);
#6880=ORIENTED_EDGE('',*,*,#6879,.F.);
#6881=EDGE_LOOP('',(#6858,#6860,#6862,#6864,#6866,#6868,#6870,#6872,#6874,#6876,
#6878,#6880));
#6882=FACE_BOUND('',#6881,.F.);
#6883=ADVANCED_FACE('',(#6836,#6846,#6856,#6882),#6830,.T.);
#6884=FILL_AREA_STYLE_COLOUR('',#2217);
#6885=FILL_AREA_STYLE('',(#6884));
#6886=SURFACE_STYLE_FILL_AREA(#6885);
#6887=SURFACE_SIDE_STYLE('',(#6886));
#6888=SURFACE_STYLE_USAGE(.BOTH.,#6887);
#6889=PRESENTATION_STYLE_ASSIGNMENT((#6888));
#6890=OVER_RIDING_STYLED_ITEM('',(#6889),#6883,#2222);
#6891=CARTESIAN_POINT('',(-1.05E1,2.785E1,-3.708219943928E1));
#6892=DIRECTION('',(-1.E0,0.E0,0.E0));
#6893=DIRECTION('',(0.E0,0.E0,1.E0));
#6894=AXIS2_PLACEMENT_3D('',#6891,#6892,#6893);
#6895=PLANE('',#6894);
#6897=ORIENTED_EDGE('',*,*,#6896,.T.);
#6899=ORIENTED_EDGE('',*,*,#6898,.F.);
#6900=ORIENTED_EDGE('',*,*,#6837,.T.);
#6902=ORIENTED_EDGE('',*,*,#6901,.T.);
#6903=EDGE_LOOP('',(#6897,#6899,#6900,#6902));
#6904=FACE_OUTER_BOUND('',#6903,.F.);
#6905=ADVANCED_FACE('',(#6904),#6895,.F.);
#6906=FILL_AREA_STYLE_COLOUR('',#2218);
#6907=FILL_AREA_STYLE('',(#6906));
#6908=SURFACE_STYLE_FILL_AREA(#6907);
#6909=SURFACE_SIDE_STYLE('',(#6908));
#6910=SURFACE_STYLE_USAGE(.BOTH.,#6909);
#6911=PRESENTATION_STYLE_ASSIGNMENT((#6910));
#6912=OVER_RIDING_STYLED_ITEM('',(#6911),#6905,#2222);
#6913=CARTESIAN_POINT('',(-1.95E1,2.785E1,-3.99E1));
#6914=DIRECTION('',(0.E0,0.E0,-1.E0));
#6915=DIRECTION('',(-1.E0,0.E0,0.E0));
#6916=AXIS2_PLACEMENT_3D('',#6913,#6914,#6915);
#6917=PLANE('',#6916);
#6918=ORIENTED_EDGE('',*,*,#6896,.F.);
#6920=ORIENTED_EDGE('',*,*,#6919,.F.);
#6922=ORIENTED_EDGE('',*,*,#6921,.F.);
#6924=ORIENTED_EDGE('',*,*,#6923,.F.);
#6925=EDGE_LOOP('',(#6918,#6920,#6922,#6924));
#6926=FACE_OUTER_BOUND('',#6925,.F.);
#6927=ADVANCED_FACE('',(#6926),#6917,.T.);
#6928=FILL_AREA_STYLE_COLOUR('',#2218);
#6929=FILL_AREA_STYLE('',(#6928));
#6930=SURFACE_STYLE_FILL_AREA(#6929);
#6931=SURFACE_SIDE_STYLE('',(#6930));
#6932=SURFACE_STYLE_USAGE(.BOTH.,#6931);
#6933=PRESENTATION_STYLE_ASSIGNMENT((#6932));
#6934=OVER_RIDING_STYLED_ITEM('',(#6933),#6927,#2222);
#6935=CARTESIAN_POINT('',(-8.E0,2.655E1,-3.708219943928E1));
#6936=DIRECTION('',(0.E0,-1.E0,0.E0));
#6937=DIRECTION('',(0.E0,0.E0,-1.E0));
#6938=AXIS2_PLACEMENT_3D('',#6935,#6936,#6937);
#6939=PLANE('',#6938);
#6940=ORIENTED_EDGE('',*,*,#6919,.T.);
#6941=ORIENTED_EDGE('',*,*,#6901,.F.);
#6942=ORIENTED_EDGE('',*,*,#6843,.T.);
#6944=ORIENTED_EDGE('',*,*,#6943,.T.);
#6945=EDGE_LOOP('',(#6940,#6941,#6942,#6944));
#6946=FACE_OUTER_BOUND('',#6945,.F.);
#6947=ADVANCED_FACE('',(#6946),#6939,.F.);
#6948=FILL_AREA_STYLE_COLOUR('',#2218);
#6949=FILL_AREA_STYLE('',(#6948));
#6950=SURFACE_STYLE_FILL_AREA(#6949);
#6951=SURFACE_SIDE_STYLE('',(#6950));
#6952=SURFACE_STYLE_USAGE(.BOTH.,#6951);
#6953=PRESENTATION_STYLE_ASSIGNMENT((#6952));
#6954=OVER_RIDING_STYLED_ITEM('',(#6953),#6947,#2222);
#6955=CARTESIAN_POINT('',(-8.E0,2.785E1,-3.708219943928E1));
#6956=DIRECTION('',(1.E0,0.E0,0.E0));
#6957=DIRECTION('',(0.E0,0.E0,-1.E0));
#6958=AXIS2_PLACEMENT_3D('',#6955,#6956,#6957);
#6959=PLANE('',#6958);
#6960=ORIENTED_EDGE('',*,*,#6921,.T.);
#6961=ORIENTED_EDGE('',*,*,#6943,.F.);
#6962=ORIENTED_EDGE('',*,*,#6841,.T.);
#6964=ORIENTED_EDGE('',*,*,#6963,.T.);
#6965=EDGE_LOOP('',(#6960,#6961,#6962,#6964));
#6966=FACE_OUTER_BOUND('',#6965,.F.);
#6967=ADVANCED_FACE('',(#6966),#6959,.F.);
#6968=FILL_AREA_STYLE_COLOUR('',#2218);
#6969=FILL_AREA_STYLE('',(#6968));
#6970=SURFACE_STYLE_FILL_AREA(#6969);
#6971=SURFACE_SIDE_STYLE('',(#6970));
#6972=SURFACE_STYLE_USAGE(.BOTH.,#6971);
#6973=PRESENTATION_STYLE_ASSIGNMENT((#6972));
#6974=OVER_RIDING_STYLED_ITEM('',(#6973),#6967,#2222);
#6975=CARTESIAN_POINT('',(-8.E0,2.785E1,-3.708219943928E1));
#6976=DIRECTION('',(0.E0,1.E0,0.E0));
#6977=DIRECTION('',(0.E0,0.E0,1.E0));
#6978=AXIS2_PLACEMENT_3D('',#6975,#6976,#6977);
#6979=PLANE('',#6978);
#6980=ORIENTED_EDGE('',*,*,#6923,.T.);
#6981=ORIENTED_EDGE('',*,*,#6963,.F.);
#6982=ORIENTED_EDGE('',*,*,#6839,.T.);
#6983=ORIENTED_EDGE('',*,*,#6898,.T.);
#6984=EDGE_LOOP('',(#6980,#6981,#6982,#6983));
#6985=FACE_OUTER_BOUND('',#6984,.F.);
#6986=ADVANCED_FACE('',(#6985),#6979,.F.);
#6987=FILL_AREA_STYLE_COLOUR('',#2218);
#6988=FILL_AREA_STYLE('',(#6987));
#6989=SURFACE_STYLE_FILL_AREA(#6988);
#6990=SURFACE_SIDE_STYLE('',(#6989));
#6991=SURFACE_STYLE_USAGE(.BOTH.,#6990);
#6992=PRESENTATION_STYLE_ASSIGNMENT((#6991));
#6993=OVER_RIDING_STYLED_ITEM('',(#6992),#6986,#2222);
#6994=CARTESIAN_POINT('',(-2.2E1,2.785E1,-3.99E1));
#6995=DIRECTION('',(-1.E0,0.E0,0.E0));
#6996=DIRECTION('',(0.E0,0.E0,1.E0));
#6997=AXIS2_PLACEMENT_3D('',#6994,#6995,#6996);
#6998=PLANE('',#6997);
#6999=ORIENTED_EDGE('',*,*,#6847,.T.);
#7001=ORIENTED_EDGE('',*,*,#7000,.T.);
#7003=ORIENTED_EDGE('',*,*,#7002,.F.);
#7005=ORIENTED_EDGE('',*,*,#7004,.F.);
#7006=EDGE_LOOP('',(#6999,#7001,#7003,#7005));
#7007=FACE_OUTER_BOUND('',#7006,.F.);
#7008=ADVANCED_FACE('',(#7007),#6998,.F.);
#7009=FILL_AREA_STYLE_COLOUR('',#2215);
#7010=FILL_AREA_STYLE('',(#7009));
#7011=SURFACE_STYLE_FILL_AREA(#7010);
#7012=SURFACE_SIDE_STYLE('',(#7011));
#7013=SURFACE_STYLE_USAGE(.BOTH.,#7012);
#7014=PRESENTATION_STYLE_ASSIGNMENT((#7013));
#7015=OVER_RIDING_STYLED_ITEM('',(#7014),#7008,#2222);
#7016=CARTESIAN_POINT('',(-2.2E1,2.655E1,-3.99E1));
#7017=DIRECTION('',(0.E0,-1.E0,0.E0));
#7018=DIRECTION('',(0.E0,0.E0,-1.E0));
#7019=AXIS2_PLACEMENT_3D('',#7016,#7017,#7018);
#7020=PLANE('',#7019);
#7021=ORIENTED_EDGE('',*,*,#6853,.T.);
#7023=ORIENTED_EDGE('',*,*,#7022,.T.);
#7025=ORIENTED_EDGE('',*,*,#7024,.F.);
#7026=ORIENTED_EDGE('',*,*,#7000,.F.);
#7027=EDGE_LOOP('',(#7021,#7023,#7025,#7026));
#7028=FACE_OUTER_BOUND('',#7027,.F.);
#7029=ADVANCED_FACE('',(#7028),#7020,.F.);
#7030=FILL_AREA_STYLE_COLOUR('',#2215);
#7031=FILL_AREA_STYLE('',(#7030));
#7032=SURFACE_STYLE_FILL_AREA(#7031);
#7033=SURFACE_SIDE_STYLE('',(#7032));
#7034=SURFACE_STYLE_USAGE(.BOTH.,#7033);
#7035=PRESENTATION_STYLE_ASSIGNMENT((#7034));
#7036=OVER_RIDING_STYLED_ITEM('',(#7035),#7029,#2222);
#7037=CARTESIAN_POINT('',(-1.95E1,2.785E1,-3.99E1));
#7038=DIRECTION('',(1.E0,0.E0,0.E0));
#7039=DIRECTION('',(0.E0,0.E0,-1.E0));
#7040=AXIS2_PLACEMENT_3D('',#7037,#7038,#7039);
#7041=PLANE('',#7040);
#7042=ORIENTED_EDGE('',*,*,#6851,.T.);
#7044=ORIENTED_EDGE('',*,*,#7043,.T.);
#7046=ORIENTED_EDGE('',*,*,#7045,.F.);
#7047=ORIENTED_EDGE('',*,*,#7022,.F.);
#7048=EDGE_LOOP('',(#7042,#7044,#7046,#7047));
#7049=FACE_OUTER_BOUND('',#7048,.F.);
#7050=ADVANCED_FACE('',(#7049),#7041,.F.);
#7051=FILL_AREA_STYLE_COLOUR('',#2215);
#7052=FILL_AREA_STYLE('',(#7051));
#7053=SURFACE_STYLE_FILL_AREA(#7052);
#7054=SURFACE_SIDE_STYLE('',(#7053));
#7055=SURFACE_STYLE_USAGE(.BOTH.,#7054);
#7056=PRESENTATION_STYLE_ASSIGNMENT((#7055));
#7057=OVER_RIDING_STYLED_ITEM('',(#7056),#7050,#2222);
#7058=CARTESIAN_POINT('',(-2.2E1,2.785E1,-3.99E1));
#7059=DIRECTION('',(0.E0,1.E0,0.E0));
#7060=DIRECTION('',(0.E0,0.E0,1.E0));
#7061=AXIS2_PLACEMENT_3D('',#7058,#7059,#7060);
#7062=PLANE('',#7061);
#7063=ORIENTED_EDGE('',*,*,#6849,.T.);
#7064=ORIENTED_EDGE('',*,*,#7004,.T.);
#7066=ORIENTED_EDGE('',*,*,#7065,.F.);
#7067=ORIENTED_EDGE('',*,*,#7043,.F.);
#7068=EDGE_LOOP('',(#7063,#7064,#7066,#7067));
#7069=FACE_OUTER_BOUND('',#7068,.F.);
#7070=ADVANCED_FACE('',(#7069),#7062,.F.);
#7071=FILL_AREA_STYLE_COLOUR('',#2215);
#7072=FILL_AREA_STYLE('',(#7071));
#7073=SURFACE_STYLE_FILL_AREA(#7072);
#7074=SURFACE_SIDE_STYLE('',(#7073));
#7075=SURFACE_STYLE_USAGE(.BOTH.,#7074);
#7076=PRESENTATION_STYLE_ASSIGNMENT((#7075));
#7077=OVER_RIDING_STYLED_ITEM('',(#7076),#7070,#2222);
#7078=CARTESIAN_POINT('',(-1.95E1,2.785E1,-3.99E1));
#7079=DIRECTION('',(0.E0,0.E0,-1.E0));
#7080=DIRECTION('',(-1.E0,0.E0,0.E0));
#7081=AXIS2_PLACEMENT_3D('',#7078,#7079,#7080);
#7082=PLANE('',#7081);
#7083=ORIENTED_EDGE('',*,*,#7065,.T.);
#7084=ORIENTED_EDGE('',*,*,#7002,.T.);
#7085=ORIENTED_EDGE('',*,*,#7024,.T.);
#7086=ORIENTED_EDGE('',*,*,#7045,.T.);
#7087=EDGE_LOOP('',(#7083,#7084,#7085,#7086));
#7088=FACE_OUTER_BOUND('',#7087,.F.);
#7089=ADVANCED_FACE('',(#7088),#7082,.T.);
#7090=FILL_AREA_STYLE_COLOUR('',#2215);
#7091=FILL_AREA_STYLE('',(#7090));
#7092=SURFACE_STYLE_FILL_AREA(#7091);
#7093=SURFACE_SIDE_STYLE('',(#7092));
#7094=SURFACE_STYLE_USAGE(.BOTH.,#7093);
#7095=PRESENTATION_STYLE_ASSIGNMENT((#7094));
#7096=OVER_RIDING_STYLED_ITEM('',(#7095),#7089,#2222);
#7097=CARTESIAN_POINT('',(-1.815E1,2.64E1,-3.304E1));
#7098=DIRECTION('',(0.E0,1.E0,0.E0));
#7099=DIRECTION('',(0.E0,0.E0,1.E0));
#7100=AXIS2_PLACEMENT_3D('',#7097,#7098,#7099);
#7101=PLANE('',#7100);
#7102=ORIENTED_EDGE('',*,*,#6857,.T.);
#7104=ORIENTED_EDGE('',*,*,#7103,.T.);
#7106=ORIENTED_EDGE('',*,*,#7105,.F.);
#7108=ORIENTED_EDGE('',*,*,#7107,.F.);
#7109=EDGE_LOOP('',(#7102,#7104,#7106,#7108));
#7110=FACE_OUTER_BOUND('',#7109,.F.);
#7111=ADVANCED_FACE('',(#7110),#7101,.F.);
#7112=CARTESIAN_POINT('',(-1.815E1,2.49E1,-3.304E1));
#7113=DIRECTION('',(-1.E0,0.E0,0.E0));
#7114=DIRECTION('',(0.E0,0.E0,1.E0));
#7115=AXIS2_PLACEMENT_3D('',#7112,#7113,#7114);
#7116=PLANE('',#7115);
#7117=ORIENTED_EDGE('',*,*,#6879,.T.);
#7119=ORIENTED_EDGE('',*,*,#7118,.T.);
#7121=ORIENTED_EDGE('',*,*,#7120,.F.);
#7122=ORIENTED_EDGE('',*,*,#7103,.F.);
#7123=EDGE_LOOP('',(#7117,#7119,#7121,#7122));
#7124=FACE_OUTER_BOUND('',#7123,.F.);
#7125=ADVANCED_FACE('',(#7124),#7116,.F.);
#7126=CARTESIAN_POINT('',(-2.1E1,2.49E1,-3.304E1));
#7127=DIRECTION('',(0.E0,1.E0,0.E0));
#7128=DIRECTION('',(-1.E0,0.E0,0.E0));
#7129=AXIS2_PLACEMENT_3D('',#7126,#7127,#7128);
#7130=PLANE('',#7129);
#7131=ORIENTED_EDGE('',*,*,#6877,.T.);
#7133=ORIENTED_EDGE('',*,*,#7132,.T.);
#7135=ORIENTED_EDGE('',*,*,#7134,.F.);
#7136=ORIENTED_EDGE('',*,*,#7118,.F.);
#7137=EDGE_LOOP('',(#7131,#7133,#7135,#7136));
#7138=FACE_OUTER_BOUND('',#7137,.F.);
#7139=ADVANCED_FACE('',(#7138),#7130,.F.);
#7140=CARTESIAN_POINT('',(-2.1E1,1.82E1,-3.304E1));
#7141=DIRECTION('',(-1.E0,0.E0,0.E0));
#7142=DIRECTION('',(0.E0,0.E0,1.E0));
#7143=AXIS2_PLACEMENT_3D('',#7140,#7141,#7142);
#7144=PLANE('',#7143);
#7145=ORIENTED_EDGE('',*,*,#6875,.T.);
#7147=ORIENTED_EDGE('',*,*,#7146,.T.);
#7149=ORIENTED_EDGE('',*,*,#7148,.F.);
#7150=ORIENTED_EDGE('',*,*,#7132,.F.);
#7151=EDGE_LOOP('',(#7145,#7147,#7149,#7150));
#7152=FACE_OUTER_BOUND('',#7151,.F.);
#7153=ADVANCED_FACE('',(#7152),#7144,.F.);
#7154=CARTESIAN_POINT('',(-9.E0,1.82E1,-3.304E1));
#7155=DIRECTION('',(0.E0,-1.E0,0.E0));
#7156=DIRECTION('',(0.E0,0.E0,-1.E0));
#7157=AXIS2_PLACEMENT_3D('',#7154,#7155,#7156);
#7158=PLANE('',#7157);
#7159=ORIENTED_EDGE('',*,*,#6873,.T.);
#7161=ORIENTED_EDGE('',*,*,#7160,.T.);
#7163=ORIENTED_EDGE('',*,*,#7162,.F.);
#7164=ORIENTED_EDGE('',*,*,#7146,.F.);
#7165=EDGE_LOOP('',(#7159,#7161,#7163,#7164));
#7166=FACE_OUTER_BOUND('',#7165,.F.);
#7167=ADVANCED_FACE('',(#7166),#7158,.F.);
#7168=CARTESIAN_POINT('',(-9.E0,2.49E1,-3.304E1));
#7169=DIRECTION('',(1.E0,0.E0,0.E0));
#7170=DIRECTION('',(0.E0,0.E0,-1.E0));
#7171=AXIS2_PLACEMENT_3D('',#7168,#7169,#7170);
#7172=PLANE('',#7171);
#7173=ORIENTED_EDGE('',*,*,#6871,.T.);
#7175=ORIENTED_EDGE('',*,*,#7174,.T.);
#7177=ORIENTED_EDGE('',*,*,#7176,.F.);
#7178=ORIENTED_EDGE('',*,*,#7160,.F.);
#7179=EDGE_LOOP('',(#7173,#7175,#7177,#7178));
#7180=FACE_OUTER_BOUND('',#7179,.F.);
#7181=ADVANCED_FACE('',(#7180),#7172,.F.);
#7182=CARTESIAN_POINT('',(-1.185E1,2.49E1,-3.304E1));
#7183=DIRECTION('',(0.E0,1.E0,0.E0));
#7184=DIRECTION('',(0.E0,0.E0,1.E0));
#7185=AXIS2_PLACEMENT_3D('',#7182,#7183,#7184);
#7186=PLANE('',#7185);
#7187=ORIENTED_EDGE('',*,*,#6869,.T.);
#7189=ORIENTED_EDGE('',*,*,#7188,.T.);
#7191=ORIENTED_EDGE('',*,*,#7190,.F.);
#7192=ORIENTED_EDGE('',*,*,#7174,.F.);
#7193=EDGE_LOOP('',(#7187,#7189,#7191,#7192));
#7194=FACE_OUTER_BOUND('',#7193,.F.);
#7195=ADVANCED_FACE('',(#7194),#7186,.F.);
#7196=CARTESIAN_POINT('',(-1.185E1,2.64E1,-3.304E1));
#7197=DIRECTION('',(1.E0,0.E0,0.E0));
#7198=DIRECTION('',(0.E0,0.E0,-1.E0));
#7199=AXIS2_PLACEMENT_3D('',#7196,#7197,#7198);
#7200=PLANE('',#7199);
#7201=ORIENTED_EDGE('',*,*,#6867,.T.);
#7203=ORIENTED_EDGE('',*,*,#7202,.T.);
#7205=ORIENTED_EDGE('',*,*,#7204,.F.);
#7206=ORIENTED_EDGE('',*,*,#7188,.F.);
#7207=EDGE_LOOP('',(#7201,#7203,#7205,#7206));
#7208=FACE_OUTER_BOUND('',#7207,.F.);
#7209=ADVANCED_FACE('',(#7208),#7200,.F.);
#7210=CARTESIAN_POINT('',(-1.3E1,2.64E1,-3.304E1));
#7211=DIRECTION('',(0.E0,1.E0,0.E0));
#7212=DIRECTION('',(0.E0,0.E0,1.E0));
#7213=AXIS2_PLACEMENT_3D('',#7210,#7211,#7212);
#7214=PLANE('',#7213);
#7215=ORIENTED_EDGE('',*,*,#6865,.T.);
#7217=ORIENTED_EDGE('',*,*,#7216,.T.);
#7219=ORIENTED_EDGE('',*,*,#7218,.F.);
#7220=ORIENTED_EDGE('',*,*,#7202,.F.);
#7221=EDGE_LOOP('',(#7215,#7217,#7219,#7220));
#7222=FACE_OUTER_BOUND('',#7221,.F.);
#7223=ADVANCED_FACE('',(#7222),#7214,.F.);
#7224=CARTESIAN_POINT('',(-1.3E1,2.79E1,-3.304E1));
#7225=DIRECTION('',(1.E0,0.E0,0.E0));
#7226=DIRECTION('',(0.E0,0.E0,-1.E0));
#7227=AXIS2_PLACEMENT_3D('',#7224,#7225,#7226);
#7228=PLANE('',#7227);
#7229=ORIENTED_EDGE('',*,*,#6863,.T.);
#7231=ORIENTED_EDGE('',*,*,#7230,.T.);
#7233=ORIENTED_EDGE('',*,*,#7232,.F.);
#7234=ORIENTED_EDGE('',*,*,#7216,.F.);
#7235=EDGE_LOOP('',(#7229,#7231,#7233,#7234));
#7236=FACE_OUTER_BOUND('',#7235,.F.);
#7237=ADVANCED_FACE('',(#7236),#7228,.F.);
#7238=CARTESIAN_POINT('',(-1.7E1,2.79E1,-3.304E1));
#7239=DIRECTION('',(0.E0,1.E0,0.E0));
#7240=DIRECTION('',(0.E0,0.E0,1.E0));
#7241=AXIS2_PLACEMENT_3D('',#7238,#7239,#7240);
#7242=PLANE('',#7241);
#7243=ORIENTED_EDGE('',*,*,#6861,.T.);
#7245=ORIENTED_EDGE('',*,*,#7244,.T.);
#7247=ORIENTED_EDGE('',*,*,#7246,.F.);
#7248=ORIENTED_EDGE('',*,*,#7230,.F.);
#7249=EDGE_LOOP('',(#7243,#7245,#7247,#7248));
#7250=FACE_OUTER_BOUND('',#7249,.F.);
#7251=ADVANCED_FACE('',(#7250),#7242,.F.);
#7252=CARTESIAN_POINT('',(-1.7E1,2.64E1,-3.304E1));
#7253=DIRECTION('',(-1.E0,0.E0,0.E0));
#7254=DIRECTION('',(0.E0,-1.E0,0.E0));
#7255=AXIS2_PLACEMENT_3D('',#7252,#7253,#7254);
#7256=PLANE('',#7255);
#7257=ORIENTED_EDGE('',*,*,#6859,.T.);
#7258=ORIENTED_EDGE('',*,*,#7107,.T.);
#7260=ORIENTED_EDGE('',*,*,#7259,.F.);
#7261=ORIENTED_EDGE('',*,*,#7244,.F.);
#7262=EDGE_LOOP('',(#7257,#7258,#7260,#7261));
#7263=FACE_OUTER_BOUND('',#7262,.F.);
#7264=ADVANCED_FACE('',(#7263),#7256,.F.);
#7265=CARTESIAN_POINT('',(-1.3E1,2.64E1,-3.304E1));
#7266=DIRECTION('',(0.E0,0.E0,-1.E0));
#7267=DIRECTION('',(-1.E0,0.E0,0.E0));
#7268=AXIS2_PLACEMENT_3D('',#7265,#7266,#7267);
#7269=PLANE('',#7268);
#7270=ORIENTED_EDGE('',*,*,#7105,.T.);
#7271=ORIENTED_EDGE('',*,*,#7120,.T.);
#7272=ORIENTED_EDGE('',*,*,#7134,.T.);
#7273=ORIENTED_EDGE('',*,*,#7148,.T.);
#7274=ORIENTED_EDGE('',*,*,#7162,.T.);
#7275=ORIENTED_EDGE('',*,*,#7176,.T.);
#7276=ORIENTED_EDGE('',*,*,#7190,.T.);
#7277=ORIENTED_EDGE('',*,*,#7204,.T.);
#7278=ORIENTED_EDGE('',*,*,#7218,.T.);
#7279=ORIENTED_EDGE('',*,*,#7232,.T.);
#7280=ORIENTED_EDGE('',*,*,#7246,.T.);
#7281=ORIENTED_EDGE('',*,*,#7259,.T.);
#7282=EDGE_LOOP('',(#7270,#7271,#7272,#7273,#7274,#7275,#7276,#7277,#7278,#7279,
#7280,#7281));
#7283=FACE_OUTER_BOUND('',#7282,.F.);
#7284=ADVANCED_FACE('',(#7283),#7269,.T.);
#7285=CARTESIAN_POINT('',(-3.1E1,2.18E1,-3.95E1));
#7286=DIRECTION('',(0.E0,0.E0,-1.E0));
#7287=DIRECTION('',(-1.E0,0.E0,0.E0));
#7288=AXIS2_PLACEMENT_3D('',#7285,#7286,#7287);
#7289=CYLINDRICAL_SURFACE('',#7288,2.45E0);
#7291=ORIENTED_EDGE('',*,*,#7290,.F.);
#7292=ORIENTED_EDGE('',*,*,#6525,.T.);
#7294=ORIENTED_EDGE('',*,*,#7293,.T.);
#7296=ORIENTED_EDGE('',*,*,#7295,.T.);
#7297=EDGE_LOOP('',(#7291,#7292,#7294,#7296));
#7298=FACE_OUTER_BOUND('',#7297,.F.);
#7299=ADVANCED_FACE('',(#7298),#7289,.F.);
#7300=CARTESIAN_POINT('',(-3.1E1,2.18E1,-3.95E1));
#7301=DIRECTION('',(0.E0,0.E0,-1.E0));
#7302=DIRECTION('',(-1.E0,0.E0,0.E0));
#7303=AXIS2_PLACEMENT_3D('',#7300,#7301,#7302);
#7304=CYLINDRICAL_SURFACE('',#7303,2.45E0);
#7306=ORIENTED_EDGE('',*,*,#7305,.T.);
#7307=ORIENTED_EDGE('',*,*,#7293,.F.);
#7308=ORIENTED_EDGE('',*,*,#6527,.T.);
#7309=ORIENTED_EDGE('',*,*,#7290,.T.);
#7310=EDGE_LOOP('',(#7306,#7307,#7308,#7309));
#7311=FACE_OUTER_BOUND('',#7310,.F.);
#7312=ADVANCED_FACE('',(#7311),#7304,.F.);
#7313=CARTESIAN_POINT('',(-3.1E1,2.18E1,-3.95E1));
#7314=DIRECTION('',(0.E0,0.E0,-1.E0));
#7315=DIRECTION('',(-1.E0,0.E0,0.E0));
#7316=AXIS2_PLACEMENT_3D('',#7313,#7314,#7315);
#7317=PLANE('',#7316);
#7318=ORIENTED_EDGE('',*,*,#7295,.F.);
#7319=ORIENTED_EDGE('',*,*,#7305,.F.);
#7320=EDGE_LOOP('',(#7318,#7319));
#7321=FACE_OUTER_BOUND('',#7320,.F.);
#7323=ORIENTED_EDGE('',*,*,#7322,.F.);
#7325=ORIENTED_EDGE('',*,*,#7324,.F.);
#7326=EDGE_LOOP('',(#7323,#7325));
#7327=FACE_BOUND('',#7326,.F.);
#7328=ADVANCED_FACE('',(#7321,#7327),#7317,.T.);
#7329=CARTESIAN_POINT('',(-3.1E1,2.18E1,-4.636396103068E1));
#7330=DIRECTION('',(0.E0,0.E0,1.E0));
#7331=DIRECTION('',(1.E0,0.E0,0.E0));
#7332=AXIS2_PLACEMENT_3D('',#7329,#7330,#7331);
#7333=CYLINDRICAL_SURFACE('',#7332,2.25E0);
#7335=ORIENTED_EDGE('',*,*,#7334,.F.);
#7336=ORIENTED_EDGE('',*,*,#7322,.T.);
#7338=ORIENTED_EDGE('',*,*,#7337,.T.);
#7340=ORIENTED_EDGE('',*,*,#7339,.T.);
#7341=EDGE_LOOP('',(#7335,#7336,#7338,#7340));
#7342=FACE_OUTER_BOUND('',#7341,.F.);
#7343=ADVANCED_FACE('',(#7342),#7333,.T.);
#7344=FILL_AREA_STYLE_COLOUR('',#2217);
#7345=FILL_AREA_STYLE('',(#7344));
#7346=SURFACE_STYLE_FILL_AREA(#7345);
#7347=SURFACE_SIDE_STYLE('',(#7346));
#7348=SURFACE_STYLE_USAGE(.BOTH.,#7347);
#7349=PRESENTATION_STYLE_ASSIGNMENT((#7348));
#7350=OVER_RIDING_STYLED_ITEM('',(#7349),#7343,#2222);
#7351=CARTESIAN_POINT('',(-3.1E1,2.18E1,-4.636396103068E1));
#7352=DIRECTION('',(0.E0,0.E0,1.E0));
#7353=DIRECTION('',(1.E0,0.E0,0.E0));
#7354=AXIS2_PLACEMENT_3D('',#7351,#7352,#7353);
#7355=CYLINDRICAL_SURFACE('',#7354,2.25E0);
#7357=ORIENTED_EDGE('',*,*,#7356,.T.);
#7358=ORIENTED_EDGE('',*,*,#7337,.F.);
#7359=ORIENTED_EDGE('',*,*,#7324,.T.);
#7360=ORIENTED_EDGE('',*,*,#7334,.T.);
#7361=EDGE_LOOP('',(#7357,#7358,#7359,#7360));
#7362=FACE_OUTER_BOUND('',#7361,.F.);
#7363=ADVANCED_FACE('',(#7362),#7355,.T.);
#7364=FILL_AREA_STYLE_COLOUR('',#2217);
#7365=FILL_AREA_STYLE('',(#7364));
#7366=SURFACE_STYLE_FILL_AREA(#7365);
#7367=SURFACE_SIDE_STYLE('',(#7366));
#7368=SURFACE_STYLE_USAGE(.BOTH.,#7367);
#7369=PRESENTATION_STYLE_ASSIGNMENT((#7368));
#7370=OVER_RIDING_STYLED_ITEM('',(#7369),#7363,#2222);
#7371=CARTESIAN_POINT('',(5.E0,3.E1,-3.98E1));
#7372=DIRECTION('',(0.E0,0.E0,1.E0));
#7373=DIRECTION('',(1.E0,0.E0,0.E0));
#7374=AXIS2_PLACEMENT_3D('',#7371,#7372,#7373);
#7375=PLANE('',#7374);
#7376=ORIENTED_EDGE('',*,*,#7356,.F.);
#7377=ORIENTED_EDGE('',*,*,#7339,.F.);
#7378=EDGE_LOOP('',(#7376,#7377));
#7379=FACE_OUTER_BOUND('',#7378,.F.);
#7380=ADVANCED_FACE('',(#7379),#7375,.F.);
#7381=FILL_AREA_STYLE_COLOUR('',#2217);
#7382=FILL_AREA_STYLE('',(#7381));
#7383=SURFACE_STYLE_FILL_AREA(#7382);
#7384=SURFACE_SIDE_STYLE('',(#7383));
#7385=SURFACE_STYLE_USAGE(.BOTH.,#7384);
#7386=PRESENTATION_STYLE_ASSIGNMENT((#7385));
#7387=OVER_RIDING_STYLED_ITEM('',(#7386),#7380,#2222);
#7388=CARTESIAN_POINT('',(1.E0,2.18E1,-3.95E1));
#7389=DIRECTION('',(0.E0,0.E0,-1.E0));
#7390=DIRECTION('',(-1.E0,0.E0,0.E0));
#7391=AXIS2_PLACEMENT_3D('',#7388,#7389,#7390);
#7392=CYLINDRICAL_SURFACE('',#7391,2.45E0);
#7394=ORIENTED_EDGE('',*,*,#7393,.F.);
#7395=ORIENTED_EDGE('',*,*,#6531,.T.);
#7397=ORIENTED_EDGE('',*,*,#7396,.T.);
#7399=ORIENTED_EDGE('',*,*,#7398,.T.);
#7400=EDGE_LOOP('',(#7394,#7395,#7397,#7399));
#7401=FACE_OUTER_BOUND('',#7400,.F.);
#7402=ADVANCED_FACE('',(#7401),#7392,.F.);
#7403=CARTESIAN_POINT('',(1.E0,2.18E1,-3.95E1));
#7404=DIRECTION('',(0.E0,0.E0,-1.E0));
#7405=DIRECTION('',(-1.E0,0.E0,0.E0));
#7406=AXIS2_PLACEMENT_3D('',#7403,#7404,#7405);
#7407=CYLINDRICAL_SURFACE('',#7406,2.45E0);
#7409=ORIENTED_EDGE('',*,*,#7408,.T.);
#7410=ORIENTED_EDGE('',*,*,#7396,.F.);
#7411=ORIENTED_EDGE('',*,*,#6533,.T.);
#7412=ORIENTED_EDGE('',*,*,#7393,.T.);
#7413=EDGE_LOOP('',(#7409,#7410,#7411,#7412));
#7414=FACE_OUTER_BOUND('',#7413,.F.);
#7415=ADVANCED_FACE('',(#7414),#7407,.F.);
#7416=CARTESIAN_POINT('',(1.E0,2.18E1,-3.95E1));
#7417=DIRECTION('',(0.E0,0.E0,1.E0));
#7418=DIRECTION('',(1.E0,0.E0,0.E0));
#7419=AXIS2_PLACEMENT_3D('',#7416,#7417,#7418);
#7420=PLANE('',#7419);
#7421=ORIENTED_EDGE('',*,*,#7398,.F.);
#7422=ORIENTED_EDGE('',*,*,#7408,.F.);
#7423=EDGE_LOOP('',(#7421,#7422));
#7424=FACE_OUTER_BOUND('',#7423,.F.);
#7426=ORIENTED_EDGE('',*,*,#7425,.F.);
#7428=ORIENTED_EDGE('',*,*,#7427,.F.);
#7429=EDGE_LOOP('',(#7426,#7428));
#7430=FACE_BOUND('',#7429,.F.);
#7431=ADVANCED_FACE('',(#7424,#7430),#7420,.F.);
#7432=CARTESIAN_POINT('',(1.E0,2.18E1,-4.636396103068E1));
#7433=DIRECTION('',(0.E0,0.E0,1.E0));
#7434=DIRECTION('',(1.E0,0.E0,0.E0));
#7435=AXIS2_PLACEMENT_3D('',#7432,#7433,#7434);
#7436=CYLINDRICAL_SURFACE('',#7435,2.25E0);
#7438=ORIENTED_EDGE('',*,*,#7437,.F.);
#7439=ORIENTED_EDGE('',*,*,#7425,.T.);
#7441=ORIENTED_EDGE('',*,*,#7440,.T.);
#7443=ORIENTED_EDGE('',*,*,#7442,.T.);
#7444=EDGE_LOOP('',(#7438,#7439,#7441,#7443));
#7445=FACE_OUTER_BOUND('',#7444,.F.);
#7446=ADVANCED_FACE('',(#7445),#7436,.T.);
#7447=FILL_AREA_STYLE_COLOUR('',#2217);
#7448=FILL_AREA_STYLE('',(#7447));
#7449=SURFACE_STYLE_FILL_AREA(#7448);
#7450=SURFACE_SIDE_STYLE('',(#7449));
#7451=SURFACE_STYLE_USAGE(.BOTH.,#7450);
#7452=PRESENTATION_STYLE_ASSIGNMENT((#7451));
#7453=OVER_RIDING_STYLED_ITEM('',(#7452),#7446,#2222);
#7454=CARTESIAN_POINT('',(1.E0,2.18E1,-4.636396103068E1));
#7455=DIRECTION('',(0.E0,0.E0,1.E0));
#7456=DIRECTION('',(1.E0,0.E0,0.E0));
#7457=AXIS2_PLACEMENT_3D('',#7454,#7455,#7456);
#7458=CYLINDRICAL_SURFACE('',#7457,2.25E0);
#7460=ORIENTED_EDGE('',*,*,#7459,.T.);
#7461=ORIENTED_EDGE('',*,*,#7440,.F.);
#7462=ORIENTED_EDGE('',*,*,#7427,.T.);
#7463=ORIENTED_EDGE('',*,*,#7437,.T.);
#7464=EDGE_LOOP('',(#7460,#7461,#7462,#7463));
#7465=FACE_OUTER_BOUND('',#7464,.F.);
#7466=ADVANCED_FACE('',(#7465),#7458,.T.);
#7467=FILL_AREA_STYLE_COLOUR('',#2217);
#7468=FILL_AREA_STYLE('',(#7467));
#7469=SURFACE_STYLE_FILL_AREA(#7468);
#7470=SURFACE_SIDE_STYLE('',(#7469));
#7471=SURFACE_STYLE_USAGE(.BOTH.,#7470);
#7472=PRESENTATION_STYLE_ASSIGNMENT((#7471));
#7473=OVER_RIDING_STYLED_ITEM('',(#7472),#7466,#2222);
#7474=CARTESIAN_POINT('',(5.E0,3.E1,-3.98E1));
#7475=DIRECTION('',(0.E0,0.E0,1.E0));
#7476=DIRECTION('',(1.E0,0.E0,0.E0));
#7477=AXIS2_PLACEMENT_3D('',#7474,#7475,#7476);
#7478=PLANE('',#7477);
#7479=ORIENTED_EDGE('',*,*,#7459,.F.);
#7480=ORIENTED_EDGE('',*,*,#7442,.F.);
#7481=EDGE_LOOP('',(#7479,#7480));
#7482=FACE_OUTER_BOUND('',#7481,.F.);
#7483=ADVANCED_FACE('',(#7482),#7478,.F.);
#7484=FILL_AREA_STYLE_COLOUR('',#2217);
#7485=FILL_AREA_STYLE('',(#7484));
#7486=SURFACE_STYLE_FILL_AREA(#7485);
#7487=SURFACE_SIDE_STYLE('',(#7486));
#7488=SURFACE_STYLE_USAGE(.BOTH.,#7487);
#7489=PRESENTATION_STYLE_ASSIGNMENT((#7488));
#7490=OVER_RIDING_STYLED_ITEM('',(#7489),#7483,#2222);
#7491=CARTESIAN_POINT('',(1.E0,8.2E0,-3.95E1));
#7492=DIRECTION('',(0.E0,0.E0,-1.E0));
#7493=DIRECTION('',(-1.E0,0.E0,0.E0));
#7494=AXIS2_PLACEMENT_3D('',#7491,#7492,#7493);
#7495=CYLINDRICAL_SURFACE('',#7494,2.45E0);
#7497=ORIENTED_EDGE('',*,*,#7496,.F.);
#7498=ORIENTED_EDGE('',*,*,#6537,.T.);
#7500=ORIENTED_EDGE('',*,*,#7499,.T.);
#7502=ORIENTED_EDGE('',*,*,#7501,.T.);
#7503=EDGE_LOOP('',(#7497,#7498,#7500,#7502));
#7504=FACE_OUTER_BOUND('',#7503,.F.);
#7505=ADVANCED_FACE('',(#7504),#7495,.F.);
#7506=CARTESIAN_POINT('',(1.E0,8.2E0,-3.95E1));
#7507=DIRECTION('',(0.E0,0.E0,-1.E0));
#7508=DIRECTION('',(-1.E0,0.E0,0.E0));
#7509=AXIS2_PLACEMENT_3D('',#7506,#7507,#7508);
#7510=CYLINDRICAL_SURFACE('',#7509,2.45E0);
#7512=ORIENTED_EDGE('',*,*,#7511,.T.);
#7513=ORIENTED_EDGE('',*,*,#7499,.F.);
#7514=ORIENTED_EDGE('',*,*,#6539,.T.);
#7515=ORIENTED_EDGE('',*,*,#7496,.T.);
#7516=EDGE_LOOP('',(#7512,#7513,#7514,#7515));
#7517=FACE_OUTER_BOUND('',#7516,.F.);
#7518=ADVANCED_FACE('',(#7517),#7510,.F.);
#7519=CARTESIAN_POINT('',(1.E0,8.2E0,-3.95E1));
#7520=DIRECTION('',(0.E0,0.E0,-1.E0));
#7521=DIRECTION('',(-1.E0,0.E0,0.E0));
#7522=AXIS2_PLACEMENT_3D('',#7519,#7520,#7521);
#7523=PLANE('',#7522);
#7524=ORIENTED_EDGE('',*,*,#7501,.F.);
#7525=ORIENTED_EDGE('',*,*,#7511,.F.);
#7526=EDGE_LOOP('',(#7524,#7525));
#7527=FACE_OUTER_BOUND('',#7526,.F.);
#7529=ORIENTED_EDGE('',*,*,#7528,.F.);
#7531=ORIENTED_EDGE('',*,*,#7530,.F.);
#7532=EDGE_LOOP('',(#7529,#7531));
#7533=FACE_BOUND('',#7532,.F.);
#7534=ADVANCED_FACE('',(#7527,#7533),#7523,.T.);
#7535=CARTESIAN_POINT('',(1.E0,8.2E0,-4.636396103068E1));
#7536=DIRECTION('',(0.E0,0.E0,1.E0));
#7537=DIRECTION('',(1.E0,0.E0,0.E0));
#7538=AXIS2_PLACEMENT_3D('',#7535,#7536,#7537);
#7539=CYLINDRICAL_SURFACE('',#7538,2.25E0);
#7541=ORIENTED_EDGE('',*,*,#7540,.F.);
#7542=ORIENTED_EDGE('',*,*,#7528,.T.);
#7544=ORIENTED_EDGE('',*,*,#7543,.T.);
#7546=ORIENTED_EDGE('',*,*,#7545,.T.);
#7547=EDGE_LOOP('',(#7541,#7542,#7544,#7546));
#7548=FACE_OUTER_BOUND('',#7547,.F.);
#7549=ADVANCED_FACE('',(#7548),#7539,.T.);
#7550=FILL_AREA_STYLE_COLOUR('',#2217);
#7551=FILL_AREA_STYLE('',(#7550));
#7552=SURFACE_STYLE_FILL_AREA(#7551);
#7553=SURFACE_SIDE_STYLE('',(#7552));
#7554=SURFACE_STYLE_USAGE(.BOTH.,#7553);
#7555=PRESENTATION_STYLE_ASSIGNMENT((#7554));
#7556=OVER_RIDING_STYLED_ITEM('',(#7555),#7549,#2222);
#7557=CARTESIAN_POINT('',(1.E0,8.2E0,-4.636396103068E1));
#7558=DIRECTION('',(0.E0,0.E0,1.E0));
#7559=DIRECTION('',(1.E0,0.E0,0.E0));
#7560=AXIS2_PLACEMENT_3D('',#7557,#7558,#7559);
#7561=CYLINDRICAL_SURFACE('',#7560,2.25E0);
#7563=ORIENTED_EDGE('',*,*,#7562,.T.);
#7564=ORIENTED_EDGE('',*,*,#7543,.F.);
#7565=ORIENTED_EDGE('',*,*,#7530,.T.);
#7566=ORIENTED_EDGE('',*,*,#7540,.T.);
#7567=EDGE_LOOP('',(#7563,#7564,#7565,#7566));
#7568=FACE_OUTER_BOUND('',#7567,.F.);
#7569=ADVANCED_FACE('',(#7568),#7561,.T.);
#7570=FILL_AREA_STYLE_COLOUR('',#2217);
#7571=FILL_AREA_STYLE('',(#7570));
#7572=SURFACE_STYLE_FILL_AREA(#7571);
#7573=SURFACE_SIDE_STYLE('',(#7572));
#7574=SURFACE_STYLE_USAGE(.BOTH.,#7573);
#7575=PRESENTATION_STYLE_ASSIGNMENT((#7574));
#7576=OVER_RIDING_STYLED_ITEM('',(#7575),#7569,#2222);
#7577=CARTESIAN_POINT('',(5.E0,3.E1,-3.98E1));
#7578=DIRECTION('',(0.E0,0.E0,1.E0));
#7579=DIRECTION('',(1.E0,0.E0,0.E0));
#7580=AXIS2_PLACEMENT_3D('',#7577,#7578,#7579);
#7581=PLANE('',#7580);
#7582=ORIENTED_EDGE('',*,*,#7562,.F.);
#7583=ORIENTED_EDGE('',*,*,#7545,.F.);
#7584=EDGE_LOOP('',(#7582,#7583));
#7585=FACE_OUTER_BOUND('',#7584,.F.);
#7586=ADVANCED_FACE('',(#7585),#7581,.F.);
#7587=FILL_AREA_STYLE_COLOUR('',#2217);
#7588=FILL_AREA_STYLE('',(#7587));
#7589=SURFACE_STYLE_FILL_AREA(#7588);
#7590=SURFACE_SIDE_STYLE('',(#7589));
#7591=SURFACE_STYLE_USAGE(.BOTH.,#7590);
#7592=PRESENTATION_STYLE_ASSIGNMENT((#7591));
#7593=OVER_RIDING_STYLED_ITEM('',(#7592),#7586,#2222);
#7594=CARTESIAN_POINT('',(-3.1E1,8.2E0,-3.95E1));
#7595=DIRECTION('',(0.E0,0.E0,-1.E0));
#7596=DIRECTION('',(-1.E0,0.E0,0.E0));
#7597=AXIS2_PLACEMENT_3D('',#7594,#7595,#7596);
#7598=CYLINDRICAL_SURFACE('',#7597,2.45E0);
#7600=ORIENTED_EDGE('',*,*,#7599,.F.);
#7601=ORIENTED_EDGE('',*,*,#6543,.T.);
#7603=ORIENTED_EDGE('',*,*,#7602,.T.);
#7605=ORIENTED_EDGE('',*,*,#7604,.T.);
#7606=EDGE_LOOP('',(#7600,#7601,#7603,#7605));
#7607=FACE_OUTER_BOUND('',#7606,.F.);
#7608=ADVANCED_FACE('',(#7607),#7598,.F.);
#7609=CARTESIAN_POINT('',(-3.1E1,8.2E0,-3.95E1));
#7610=DIRECTION('',(0.E0,0.E0,-1.E0));
#7611=DIRECTION('',(-1.E0,0.E0,0.E0));
#7612=AXIS2_PLACEMENT_3D('',#7609,#7610,#7611);
#7613=CYLINDRICAL_SURFACE('',#7612,2.45E0);
#7615=ORIENTED_EDGE('',*,*,#7614,.T.);
#7616=ORIENTED_EDGE('',*,*,#7602,.F.);
#7617=ORIENTED_EDGE('',*,*,#6545,.T.);
#7618=ORIENTED_EDGE('',*,*,#7599,.T.);
#7619=EDGE_LOOP('',(#7615,#7616,#7617,#7618));
#7620=FACE_OUTER_BOUND('',#7619,.F.);
#7621=ADVANCED_FACE('',(#7620),#7613,.F.);
#7622=CARTESIAN_POINT('',(-3.1E1,8.2E0,-3.95E1));
#7623=DIRECTION('',(0.E0,0.E0,1.E0));
#7624=DIRECTION('',(1.E0,0.E0,0.E0));
#7625=AXIS2_PLACEMENT_3D('',#7622,#7623,#7624);
#7626=PLANE('',#7625);
#7627=ORIENTED_EDGE('',*,*,#7604,.F.);
#7628=ORIENTED_EDGE('',*,*,#7614,.F.);
#7629=EDGE_LOOP('',(#7627,#7628));
#7630=FACE_OUTER_BOUND('',#7629,.F.);
#7632=ORIENTED_EDGE('',*,*,#7631,.F.);
#7634=ORIENTED_EDGE('',*,*,#7633,.F.);
#7635=EDGE_LOOP('',(#7632,#7634));
#7636=FACE_BOUND('',#7635,.F.);
#7637=ADVANCED_FACE('',(#7630,#7636),#7626,.F.);
#7638=CARTESIAN_POINT('',(-3.1E1,8.2E0,-4.636396103068E1));
#7639=DIRECTION('',(0.E0,0.E0,1.E0));
#7640=DIRECTION('',(1.E0,0.E0,0.E0));
#7641=AXIS2_PLACEMENT_3D('',#7638,#7639,#7640);
#7642=CYLINDRICAL_SURFACE('',#7641,2.25E0);
#7644=ORIENTED_EDGE('',*,*,#7643,.F.);
#7645=ORIENTED_EDGE('',*,*,#7631,.T.);
#7647=ORIENTED_EDGE('',*,*,#7646,.T.);
#7649=ORIENTED_EDGE('',*,*,#7648,.T.);
#7650=EDGE_LOOP('',(#7644,#7645,#7647,#7649));
#7651=FACE_OUTER_BOUND('',#7650,.F.);
#7652=ADVANCED_FACE('',(#7651),#7642,.T.);
#7653=FILL_AREA_STYLE_COLOUR('',#2217);
#7654=FILL_AREA_STYLE('',(#7653));
#7655=SURFACE_STYLE_FILL_AREA(#7654);
#7656=SURFACE_SIDE_STYLE('',(#7655));
#7657=SURFACE_STYLE_USAGE(.BOTH.,#7656);
#7658=PRESENTATION_STYLE_ASSIGNMENT((#7657));
#7659=OVER_RIDING_STYLED_ITEM('',(#7658),#7652,#2222);
#7660=CARTESIAN_POINT('',(-3.1E1,8.2E0,-4.636396103068E1));
#7661=DIRECTION('',(0.E0,0.E0,1.E0));
#7662=DIRECTION('',(1.E0,0.E0,0.E0));
#7663=AXIS2_PLACEMENT_3D('',#7660,#7661,#7662);
#7664=CYLINDRICAL_SURFACE('',#7663,2.25E0);
#7666=ORIENTED_EDGE('',*,*,#7665,.T.);
#7667=ORIENTED_EDGE('',*,*,#7646,.F.);
#7668=ORIENTED_EDGE('',*,*,#7633,.T.);
#7669=ORIENTED_EDGE('',*,*,#7643,.T.);
#7670=EDGE_LOOP('',(#7666,#7667,#7668,#7669));
#7671=FACE_OUTER_BOUND('',#7670,.F.);
#7672=ADVANCED_FACE('',(#7671),#7664,.T.);
#7673=FILL_AREA_STYLE_COLOUR('',#2217);
#7674=FILL_AREA_STYLE('',(#7673));
#7675=SURFACE_STYLE_FILL_AREA(#7674);
#7676=SURFACE_SIDE_STYLE('',(#7675));
#7677=SURFACE_STYLE_USAGE(.BOTH.,#7676);
#7678=PRESENTATION_STYLE_ASSIGNMENT((#7677));
#7679=OVER_RIDING_STYLED_ITEM('',(#7678),#7672,#2222);
#7680=CARTESIAN_POINT('',(5.E0,3.E1,-3.98E1));
#7681=DIRECTION('',(0.E0,0.E0,1.E0));
#7682=DIRECTION('',(1.E0,0.E0,0.E0));
#7683=AXIS2_PLACEMENT_3D('',#7680,#7681,#7682);
#7684=PLANE('',#7683);
#7685=ORIENTED_EDGE('',*,*,#7665,.F.);
#7686=ORIENTED_EDGE('',*,*,#7648,.F.);
#7687=EDGE_LOOP('',(#7685,#7686));
#7688=FACE_OUTER_BOUND('',#7687,.F.);
#7689=ADVANCED_FACE('',(#7688),#7684,.F.);
#7690=FILL_AREA_STYLE_COLOUR('',#2217);
#7691=FILL_AREA_STYLE('',(#7690));
#7692=SURFACE_STYLE_FILL_AREA(#7691);
#7693=SURFACE_SIDE_STYLE('',(#7692));
#7694=SURFACE_STYLE_USAGE(.BOTH.,#7693);
#7695=PRESENTATION_STYLE_ASSIGNMENT((#7694));
#7696=OVER_RIDING_STYLED_ITEM('',(#7695),#7689,#2222);
#7697=CARTESIAN_POINT('',(-1.6E1,7.5E0,-4.08E1));
#7698=DIRECTION('',(0.E0,0.E0,1.E0));
#7699=DIRECTION('',(1.E0,0.E0,0.E0));
#7700=AXIS2_PLACEMENT_3D('',#7697,#7698,#7699);
#7701=CYLINDRICAL_SURFACE('',#7700,5.45E0);
#7703=ORIENTED_EDGE('',*,*,#7702,.F.);
#7704=ORIENTED_EDGE('',*,*,#6549,.T.);
#7706=ORIENTED_EDGE('',*,*,#7705,.T.);
#7708=ORIENTED_EDGE('',*,*,#7707,.T.);
#7709=EDGE_LOOP('',(#7703,#7704,#7706,#7708));
#7710=FACE_OUTER_BOUND('',#7709,.F.);
#7711=ADVANCED_FACE('',(#7710),#7701,.T.);
#7712=FILL_AREA_STYLE_COLOUR('',#2217);
#7713=FILL_AREA_STYLE('',(#7712));
#7714=SURFACE_STYLE_FILL_AREA(#7713);
#7715=SURFACE_SIDE_STYLE('',(#7714));
#7716=SURFACE_STYLE_USAGE(.BOTH.,#7715);
#7717=PRESENTATION_STYLE_ASSIGNMENT((#7716));
#7718=OVER_RIDING_STYLED_ITEM('',(#7717),#7711,#2222);
#7719=CARTESIAN_POINT('',(-1.6E1,7.5E0,-4.08E1));
#7720=DIRECTION('',(0.E0,0.E0,1.E0));
#7721=DIRECTION('',(1.E0,0.E0,0.E0));
#7722=AXIS2_PLACEMENT_3D('',#7719,#7720,#7721);
#7723=CYLINDRICAL_SURFACE('',#7722,5.45E0);
#7725=ORIENTED_EDGE('',*,*,#7724,.T.);
#7726=ORIENTED_EDGE('',*,*,#7705,.F.);
#7727=ORIENTED_EDGE('',*,*,#6551,.T.);
#7728=ORIENTED_EDGE('',*,*,#7702,.T.);
#7729=EDGE_LOOP('',(#7725,#7726,#7727,#7728));
#7730=FACE_OUTER_BOUND('',#7729,.F.);
#7731=ADVANCED_FACE('',(#7730),#7723,.T.);
#7732=FILL_AREA_STYLE_COLOUR('',#2217);
#7733=FILL_AREA_STYLE('',(#7732));
#7734=SURFACE_STYLE_FILL_AREA(#7733);
#7735=SURFACE_SIDE_STYLE('',(#7734));
#7736=SURFACE_STYLE_USAGE(.BOTH.,#7735);
#7737=PRESENTATION_STYLE_ASSIGNMENT((#7736));
#7738=OVER_RIDING_STYLED_ITEM('',(#7737),#7731,#2222);
#7739=CARTESIAN_POINT('',(-1.6E1,7.5E0,-4.08E1));
#7740=DIRECTION('',(0.E0,0.E0,-1.E0));
#7741=DIRECTION('',(-1.E0,0.E0,0.E0));
#7742=AXIS2_PLACEMENT_3D('',#7739,#7740,#7741);
#7743=PLANE('',#7742);
#7744=ORIENTED_EDGE('',*,*,#7707,.F.);
#7745=ORIENTED_EDGE('',*,*,#7724,.F.);
#7746=EDGE_LOOP('',(#7744,#7745));
#7747=FACE_OUTER_BOUND('',#7746,.F.);
#7749=ORIENTED_EDGE('',*,*,#7748,.F.);
#7751=ORIENTED_EDGE('',*,*,#7750,.F.);
#7752=EDGE_LOOP('',(#7749,#7751));
#7753=FACE_BOUND('',#7752,.F.);
#7754=ADVANCED_FACE('',(#7747,#7753),#7743,.T.);
#7755=FILL_AREA_STYLE_COLOUR('',#2217);
#7756=FILL_AREA_STYLE('',(#7755));
#7757=SURFACE_STYLE_FILL_AREA(#7756);
#7758=SURFACE_SIDE_STYLE('',(#7757));
#7759=SURFACE_STYLE_USAGE(.BOTH.,#7758);
#7760=PRESENTATION_STYLE_ASSIGNMENT((#7759));
#7761=OVER_RIDING_STYLED_ITEM('',(#7760),#7754,#2222);
#7762=CARTESIAN_POINT('',(-1.6E1,7.5E0,-4.63E1));
#7763=DIRECTION('',(0.E0,0.E0,1.E0));
#7764=DIRECTION('',(1.E0,0.E0,0.E0));
#7765=AXIS2_PLACEMENT_3D('',#7762,#7763,#7764);
#7766=CYLINDRICAL_SURFACE('',#7765,4.425E0);
#7768=ORIENTED_EDGE('',*,*,#7767,.F.);
#7769=ORIENTED_EDGE('',*,*,#7748,.T.);
#7771=ORIENTED_EDGE('',*,*,#7770,.T.);
#7773=ORIENTED_EDGE('',*,*,#7772,.T.);
#7774=EDGE_LOOP('',(#7768,#7769,#7771,#7773));
#7775=FACE_OUTER_BOUND('',#7774,.F.);
#7776=ADVANCED_FACE('',(#7775),#7766,.T.);
#7777=FILL_AREA_STYLE_COLOUR('',#2217);
#7778=FILL_AREA_STYLE('',(#7777));
#7779=SURFACE_STYLE_FILL_AREA(#7778);
#7780=SURFACE_SIDE_STYLE('',(#7779));
#7781=SURFACE_STYLE_USAGE(.BOTH.,#7780);
#7782=PRESENTATION_STYLE_ASSIGNMENT((#7781));
#7783=OVER_RIDING_STYLED_ITEM('',(#7782),#7776,#2222);
#7784=CARTESIAN_POINT('',(-1.6E1,7.5E0,-4.63E1));
#7785=DIRECTION('',(0.E0,0.E0,1.E0));
#7786=DIRECTION('',(1.E0,0.E0,0.E0));
#7787=AXIS2_PLACEMENT_3D('',#7784,#7785,#7786);
#7788=CYLINDRICAL_SURFACE('',#7787,4.425E0);
#7790=ORIENTED_EDGE('',*,*,#7789,.T.);
#7791=ORIENTED_EDGE('',*,*,#7770,.F.);
#7792=ORIENTED_EDGE('',*,*,#7750,.T.);
#7793=ORIENTED_EDGE('',*,*,#7767,.T.);
#7794=EDGE_LOOP('',(#7790,#7791,#7792,#7793));
#7795=FACE_OUTER_BOUND('',#7794,.F.);
#7796=ADVANCED_FACE('',(#7795),#7788,.T.);
#7797=FILL_AREA_STYLE_COLOUR('',#2217);
#7798=FILL_AREA_STYLE('',(#7797));
#7799=SURFACE_STYLE_FILL_AREA(#7798);
#7800=SURFACE_SIDE_STYLE('',(#7799));
#7801=SURFACE_STYLE_USAGE(.BOTH.,#7800);
#7802=PRESENTATION_STYLE_ASSIGNMENT((#7801));
#7803=OVER_RIDING_STYLED_ITEM('',(#7802),#7796,#2222);
#7804=CARTESIAN_POINT('',(-1.6E1,7.5E0,-4.63E1));
#7805=DIRECTION('',(0.E0,0.E0,-1.E0));
#7806=DIRECTION('',(-1.E0,0.E0,0.E0));
#7807=AXIS2_PLACEMENT_3D('',#7804,#7805,#7806);
#7808=PLANE('',#7807);
#7809=ORIENTED_EDGE('',*,*,#7772,.F.);
#7810=ORIENTED_EDGE('',*,*,#7789,.F.);
#7811=EDGE_LOOP('',(#7809,#7810));
#7812=FACE_OUTER_BOUND('',#7811,.F.);
#7814=ORIENTED_EDGE('',*,*,#7813,.F.);
#7816=ORIENTED_EDGE('',*,*,#7815,.F.);
#7817=EDGE_LOOP('',(#7814,#7816));
#7818=FACE_BOUND('',#7817,.F.);
#7819=ADVANCED_FACE('',(#7812,#7818),#7808,.T.);
#7820=FILL_AREA_STYLE_COLOUR('',#2217);
#7821=FILL_AREA_STYLE('',(#7820));
#7822=SURFACE_STYLE_FILL_AREA(#7821);
#7823=SURFACE_SIDE_STYLE('',(#7822));
#7824=SURFACE_STYLE_USAGE(.BOTH.,#7823);
#7825=PRESENTATION_STYLE_ASSIGNMENT((#7824));
#7826=OVER_RIDING_STYLED_ITEM('',(#7825),#7819,#2222);
#7827=CARTESIAN_POINT('',(-1.6E1,7.5E0,-4.05E1));
#7828=DIRECTION('',(0.E0,0.E0,-1.E0));
#7829=DIRECTION('',(-1.E0,0.E0,0.E0));
#7830=AXIS2_PLACEMENT_3D('',#7827,#7828,#7829);
#7831=CYLINDRICAL_SURFACE('',#7830,3.65E0);
#7833=ORIENTED_EDGE('',*,*,#7832,.F.);
#7834=ORIENTED_EDGE('',*,*,#7813,.T.);
#7836=ORIENTED_EDGE('',*,*,#7835,.T.);
#7838=ORIENTED_EDGE('',*,*,#7837,.T.);
#7839=EDGE_LOOP('',(#7833,#7834,#7836,#7838));
#7840=FACE_OUTER_BOUND('',#7839,.F.);
#7841=ADVANCED_FACE('',(#7840),#7831,.F.);
#7842=FILL_AREA_STYLE_COLOUR('',#2217);
#7843=FILL_AREA_STYLE('',(#7842));
#7844=SURFACE_STYLE_FILL_AREA(#7843);
#7845=SURFACE_SIDE_STYLE('',(#7844));
#7846=SURFACE_STYLE_USAGE(.BOTH.,#7845);
#7847=PRESENTATION_STYLE_ASSIGNMENT((#7846));
#7848=OVER_RIDING_STYLED_ITEM('',(#7847),#7841,#2222);
#7849=CARTESIAN_POINT('',(-1.6E1,7.5E0,-4.05E1));
#7850=DIRECTION('',(0.E0,0.E0,-1.E0));
#7851=DIRECTION('',(-1.E0,0.E0,0.E0));
#7852=AXIS2_PLACEMENT_3D('',#7849,#7850,#7851);
#7853=CYLINDRICAL_SURFACE('',#7852,3.65E0);
#7855=ORIENTED_EDGE('',*,*,#7854,.T.);
#7856=ORIENTED_EDGE('',*,*,#7835,.F.);
#7857=ORIENTED_EDGE('',*,*,#7815,.T.);
#7858=ORIENTED_EDGE('',*,*,#7832,.T.);
#7859=EDGE_LOOP('',(#7855,#7856,#7857,#7858));
#7860=FACE_OUTER_BOUND('',#7859,.F.);
#7861=ADVANCED_FACE('',(#7860),#7853,.F.);
#7862=FILL_AREA_STYLE_COLOUR('',#2217);
#7863=FILL_AREA_STYLE('',(#7862));
#7864=SURFACE_STYLE_FILL_AREA(#7863);
#7865=SURFACE_SIDE_STYLE('',(#7864));
#7866=SURFACE_STYLE_USAGE(.BOTH.,#7865);
#7867=PRESENTATION_STYLE_ASSIGNMENT((#7866));
#7868=OVER_RIDING_STYLED_ITEM('',(#7867),#7861,#2222);
#7869=CARTESIAN_POINT('',(-1.6E1,7.5E0,-4.05E1));
#7870=DIRECTION('',(0.E0,0.E0,-1.E0));
#7871=DIRECTION('',(-1.E0,0.E0,0.E0));
#7872=AXIS2_PLACEMENT_3D('',#7869,#7870,#7871);
#7873=PLANE('',#7872);
#7874=ORIENTED_EDGE('',*,*,#7837,.F.);
#7875=ORIENTED_EDGE('',*,*,#7854,.F.);
#7876=EDGE_LOOP('',(#7874,#7875));
#7877=FACE_OUTER_BOUND('',#7876,.F.);
#7879=ORIENTED_EDGE('',*,*,#7878,.F.);
#7881=ORIENTED_EDGE('',*,*,#7880,.F.);
#7882=EDGE_LOOP('',(#7879,#7881));
#7883=FACE_BOUND('',#7882,.F.);
#7884=ADVANCED_FACE('',(#7877,#7883),#7873,.T.);
#7885=FILL_AREA_STYLE_COLOUR('',#2217);
#7886=FILL_AREA_STYLE('',(#7885));
#7887=SURFACE_STYLE_FILL_AREA(#7886);
#7888=SURFACE_SIDE_STYLE('',(#7887));
#7889=SURFACE_STYLE_USAGE(.BOTH.,#7888);
#7890=PRESENTATION_STYLE_ASSIGNMENT((#7889));
#7891=OVER_RIDING_STYLED_ITEM('',(#7890),#7884,#2222);
#7892=CARTESIAN_POINT('',(-1.6E1,7.5E0,-4.E1));
#7893=DIRECTION('',(0.E0,0.E0,-1.E0));
#7894=DIRECTION('',(-1.E0,0.E0,0.E0));
#7895=AXIS2_PLACEMENT_3D('',#7892,#7893,#7894);
#7896=CYLINDRICAL_SURFACE('',#7895,2.8E0);
#7898=ORIENTED_EDGE('',*,*,#7897,.F.);
#7899=ORIENTED_EDGE('',*,*,#7878,.T.);
#7901=ORIENTED_EDGE('',*,*,#7900,.T.);
#7903=ORIENTED_EDGE('',*,*,#7902,.T.);
#7904=EDGE_LOOP('',(#7898,#7899,#7901,#7903));
#7905=FACE_OUTER_BOUND('',#7904,.F.);
#7906=ADVANCED_FACE('',(#7905),#7896,.F.);
#7907=FILL_AREA_STYLE_COLOUR('',#2217);
#7908=FILL_AREA_STYLE('',(#7907));
#7909=SURFACE_STYLE_FILL_AREA(#7908);
#7910=SURFACE_SIDE_STYLE('',(#7909));
#7911=SURFACE_STYLE_USAGE(.BOTH.,#7910);
#7912=PRESENTATION_STYLE_ASSIGNMENT((#7911));
#7913=OVER_RIDING_STYLED_ITEM('',(#7912),#7906,#2222);
#7914=CARTESIAN_POINT('',(-1.6E1,7.5E0,-4.E1));
#7915=DIRECTION('',(0.E0,0.E0,-1.E0));
#7916=DIRECTION('',(-1.E0,0.E0,0.E0));
#7917=AXIS2_PLACEMENT_3D('',#7914,#7915,#7916);
#7918=CYLINDRICAL_SURFACE('',#7917,2.8E0);
#7920=ORIENTED_EDGE('',*,*,#7919,.T.);
#7921=ORIENTED_EDGE('',*,*,#7900,.F.);
#7922=ORIENTED_EDGE('',*,*,#7880,.T.);
#7923=ORIENTED_EDGE('',*,*,#7897,.T.);
#7924=EDGE_LOOP('',(#7920,#7921,#7922,#7923));
#7925=FACE_OUTER_BOUND('',#7924,.F.);
#7926=ADVANCED_FACE('',(#7925),#7918,.F.);
#7927=FILL_AREA_STYLE_COLOUR('',#2217);
#7928=FILL_AREA_STYLE('',(#7927));
#7929=SURFACE_STYLE_FILL_AREA(#7928);
#7930=SURFACE_SIDE_STYLE('',(#7929));
#7931=SURFACE_STYLE_USAGE(.BOTH.,#7930);
#7932=PRESENTATION_STYLE_ASSIGNMENT((#7931));
#7933=OVER_RIDING_STYLED_ITEM('',(#7932),#7926,#2222);
#7934=CARTESIAN_POINT('',(-1.6E1,7.5E0,-4.E1));
#7935=DIRECTION('',(0.E0,0.E0,-1.E0));
#7936=DIRECTION('',(-1.E0,0.E0,0.E0));
#7937=AXIS2_PLACEMENT_3D('',#7934,#7935,#7936);
#7938=PLANE('',#7937);
#7939=ORIENTED_EDGE('',*,*,#7902,.F.);
#7940=ORIENTED_EDGE('',*,*,#7919,.F.);
#7941=EDGE_LOOP('',(#7939,#7940));
#7942=FACE_OUTER_BOUND('',#7941,.F.);
#7944=ORIENTED_EDGE('',*,*,#7943,.F.);
#7946=ORIENTED_EDGE('',*,*,#7945,.F.);
#7947=EDGE_LOOP('',(#7944,#7946));
#7948=FACE_BOUND('',#7947,.F.);
#7949=ADVANCED_FACE('',(#7942,#7948),#7938,.T.);
#7950=FILL_AREA_STYLE_COLOUR('',#2217);
#7951=FILL_AREA_STYLE('',(#7950));
#7952=SURFACE_STYLE_FILL_AREA(#7951);
#7953=SURFACE_SIDE_STYLE('',(#7952));
#7954=SURFACE_STYLE_USAGE(.BOTH.,#7953);
#7955=PRESENTATION_STYLE_ASSIGNMENT((#7954));
#7956=OVER_RIDING_STYLED_ITEM('',(#7955),#7949,#2222);
#7957=CARTESIAN_POINT('',(-1.51E1,9.058845726812E0,-4.700710678119E1));
#7958=DIRECTION('',(0.E0,0.E0,1.E0));
#7959=DIRECTION('',(1.E0,0.E0,0.E0));
#7960=AXIS2_PLACEMENT_3D('',#7957,#7958,#7959);
#7961=CYLINDRICAL_SURFACE('',#7960,2.5E-1);
#7963=ORIENTED_EDGE('',*,*,#7962,.F.);
#7964=ORIENTED_EDGE('',*,*,#7943,.T.);
#7966=ORIENTED_EDGE('',*,*,#7965,.T.);
#7968=ORIENTED_EDGE('',*,*,#7967,.T.);
#7969=EDGE_LOOP('',(#7963,#7964,#7966,#7968));
#7970=FACE_OUTER_BOUND('',#7969,.F.);
#7971=ADVANCED_FACE('',(#7970),#7961,.T.);
#7972=FILL_AREA_STYLE_COLOUR('',#2220);
#7973=FILL_AREA_STYLE('',(#7972));
#7974=SURFACE_STYLE_FILL_AREA(#7973);
#7975=SURFACE_SIDE_STYLE('',(#7974));
#7976=SURFACE_STYLE_USAGE(.BOTH.,#7975);
#7977=PRESENTATION_STYLE_ASSIGNMENT((#7976));
#7978=OVER_RIDING_STYLED_ITEM('',(#7977),#7971,#2222);
#7979=CARTESIAN_POINT('',(-1.51E1,9.058845726812E0,-4.700710678119E1));
#7980=DIRECTION('',(0.E0,0.E0,1.E0));
#7981=DIRECTION('',(1.E0,0.E0,0.E0));
#7982=AXIS2_PLACEMENT_3D('',#7979,#7980,#7981);
#7983=CYLINDRICAL_SURFACE('',#7982,2.5E-1);
#7985=ORIENTED_EDGE('',*,*,#7984,.T.);
#7986=ORIENTED_EDGE('',*,*,#7965,.F.);
#7987=ORIENTED_EDGE('',*,*,#7945,.T.);
#7988=ORIENTED_EDGE('',*,*,#7962,.T.);
#7989=EDGE_LOOP('',(#7985,#7986,#7987,#7988));
#7990=FACE_OUTER_BOUND('',#7989,.F.);
#7991=ADVANCED_FACE('',(#7990),#7983,.T.);
#7992=FILL_AREA_STYLE_COLOUR('',#2220);
#7993=FILL_AREA_STYLE('',(#7992));
#7994=SURFACE_STYLE_FILL_AREA(#7993);
#7995=SURFACE_SIDE_STYLE('',(#7994));
#7996=SURFACE_STYLE_USAGE(.BOTH.,#7995);
#7997=PRESENTATION_STYLE_ASSIGNMENT((#7996));
#7998=OVER_RIDING_STYLED_ITEM('',(#7997),#7991,#2222);
#7999=CARTESIAN_POINT('',(-1.6E1,7.5E0,-4.44E1));
#8000=DIRECTION('',(0.E0,0.E0,-1.E0));
#8001=DIRECTION('',(-1.E0,0.E0,0.E0));
#8002=AXIS2_PLACEMENT_3D('',#7999,#8000,#8001);
#8003=PLANE('',#8002);
#8004=ORIENTED_EDGE('',*,*,#7967,.F.);
#8005=ORIENTED_EDGE('',*,*,#7984,.F.);
#8006=EDGE_LOOP('',(#8004,#8005));
#8007=FACE_OUTER_BOUND('',#8006,.F.);
#8008=ADVANCED_FACE('',(#8007),#8003,.T.);
#8009=FILL_AREA_STYLE_COLOUR('',#2220);
#8010=FILL_AREA_STYLE('',(#8009));
#8011=SURFACE_STYLE_FILL_AREA(#8010);
#8012=SURFACE_SIDE_STYLE('',(#8011));
#8013=SURFACE_STYLE_USAGE(.BOTH.,#8012);
#8014=PRESENTATION_STYLE_ASSIGNMENT((#8013));
#8015=OVER_RIDING_STYLED_ITEM('',(#8014),#8008,#2222);
#8016=CARTESIAN_POINT('',(-6.5E0,2.35E1,-4.1E1));
#8017=DIRECTION('',(0.E0,-1.E0,0.E0));
#8018=DIRECTION('',(0.E0,0.E0,-1.E0));
#8019=AXIS2_PLACEMENT_3D('',#8016,#8017,#8018);
#8020=PLANE('',#8019);
#8021=ORIENTED_EDGE('',*,*,#6555,.T.);
#8023=ORIENTED_EDGE('',*,*,#8022,.T.);
#8025=ORIENTED_EDGE('',*,*,#8024,.F.);
#8027=ORIENTED_EDGE('',*,*,#8026,.F.);
#8028=EDGE_LOOP('',(#8021,#8023,#8025,#8027));
#8029=FACE_OUTER_BOUND('',#8028,.F.);
#8030=ADVANCED_FACE('',(#8029),#8020,.F.);
#8031=CARTESIAN_POINT('',(-6.5E0,2.35E1,-4.1E1));
#8032=DIRECTION('',(1.E0,0.E0,0.E0));
#8033=DIRECTION('',(0.E0,1.E0,0.E0));
#8034=AXIS2_PLACEMENT_3D('',#8031,#8032,#8033);
#8035=PLANE('',#8034);
#8036=ORIENTED_EDGE('',*,*,#6561,.T.);
#8038=ORIENTED_EDGE('',*,*,#8037,.T.);
#8040=ORIENTED_EDGE('',*,*,#8039,.F.);
#8041=ORIENTED_EDGE('',*,*,#8022,.F.);
#8042=EDGE_LOOP('',(#8036,#8038,#8040,#8041));
#8043=FACE_OUTER_BOUND('',#8042,.F.);
#8044=ADVANCED_FACE('',(#8043),#8035,.F.);
#8045=CARTESIAN_POINT('',(-6.5E0,1.75E1,-4.1E1));
#8046=DIRECTION('',(0.E0,1.E0,0.E0));
#8047=DIRECTION('',(0.E0,0.E0,1.E0));
#8048=AXIS2_PLACEMENT_3D('',#8045,#8046,#8047);
#8049=PLANE('',#8048);
#8050=ORIENTED_EDGE('',*,*,#6559,.T.);
#8052=ORIENTED_EDGE('',*,*,#8051,.T.);
#8054=ORIENTED_EDGE('',*,*,#8053,.F.);
#8055=ORIENTED_EDGE('',*,*,#8037,.F.);
#8056=EDGE_LOOP('',(#8050,#8052,#8054,#8055));
#8057=FACE_OUTER_BOUND('',#8056,.F.);
#8058=ADVANCED_FACE('',(#8057),#8049,.F.);
#8059=CARTESIAN_POINT('',(-3.E0,2.35E1,-4.1E1));
#8060=DIRECTION('',(-1.E0,0.E0,0.E0));
#8061=DIRECTION('',(0.E0,0.E0,1.E0));
#8062=AXIS2_PLACEMENT_3D('',#8059,#8060,#8061);
#8063=PLANE('',#8062);
#8064=ORIENTED_EDGE('',*,*,#6557,.T.);
#8065=ORIENTED_EDGE('',*,*,#8026,.T.);
#8067=ORIENTED_EDGE('',*,*,#8066,.F.);
#8068=ORIENTED_EDGE('',*,*,#8051,.F.);
#8069=EDGE_LOOP('',(#8064,#8065,#8067,#8068));
#8070=FACE_OUTER_BOUND('',#8069,.F.);
#8071=ADVANCED_FACE('',(#8070),#8063,.F.);
#8072=CARTESIAN_POINT('',(-3.E0,2.35E1,-4.1E1));
#8073=DIRECTION('',(0.E0,0.E0,-1.E0));
#8074=DIRECTION('',(-1.E0,0.E0,0.E0));
#8075=AXIS2_PLACEMENT_3D('',#8072,#8073,#8074);
#8076=PLANE('',#8075);
#8077=ORIENTED_EDGE('',*,*,#8024,.T.);
#8078=ORIENTED_EDGE('',*,*,#8039,.T.);
#8079=ORIENTED_EDGE('',*,*,#8053,.T.);
#8080=ORIENTED_EDGE('',*,*,#8066,.T.);
#8081=EDGE_LOOP('',(#8077,#8078,#8079,#8080));
#8082=FACE_OUTER_BOUND('',#8081,.F.);
#8084=ORIENTED_EDGE('',*,*,#8083,.F.);
#8086=ORIENTED_EDGE('',*,*,#8085,.F.);
#8087=EDGE_LOOP('',(#8084,#8086));
#8088=FACE_BOUND('',#8087,.F.);
#8089=ADVANCED_FACE('',(#8082,#8088),#8076,.T.);
#8090=CARTESIAN_POINT('',(-5.E0,2.2E1,-3.7E1));
#8091=DIRECTION('',(0.E0,0.E0,-1.E0));
#8092=DIRECTION('',(-1.E0,0.E0,0.E0));
#8093=AXIS2_PLACEMENT_3D('',#8090,#8091,#8092);
#8094=CYLINDRICAL_SURFACE('',#8093,1.E0);
#8096=ORIENTED_EDGE('',*,*,#8095,.F.);
#8097=ORIENTED_EDGE('',*,*,#8083,.T.);
#8099=ORIENTED_EDGE('',*,*,#8098,.T.);
#8101=ORIENTED_EDGE('',*,*,#8100,.T.);
#8102=EDGE_LOOP('',(#8096,#8097,#8099,#8101));
#8103=FACE_OUTER_BOUND('',#8102,.F.);
#8104=ADVANCED_FACE('',(#8103),#8094,.F.);
#8105=FILL_AREA_STYLE_COLOUR('',#2219);
#8106=FILL_AREA_STYLE('',(#8105));
#8107=SURFACE_STYLE_FILL_AREA(#8106);
#8108=SURFACE_SIDE_STYLE('',(#8107));
#8109=SURFACE_STYLE_USAGE(.BOTH.,#8108);
#8110=PRESENTATION_STYLE_ASSIGNMENT((#8109));
#8111=OVER_RIDING_STYLED_ITEM('',(#8110),#8104,#2222);
#8112=CARTESIAN_POINT('',(-5.E0,2.2E1,-3.7E1));
#8113=DIRECTION('',(0.E0,0.E0,-1.E0));
#8114=DIRECTION('',(-1.E0,0.E0,0.E0));
#8115=AXIS2_PLACEMENT_3D('',#8112,#8113,#8114);
#8116=CYLINDRICAL_SURFACE('',#8115,1.E0);
#8118=ORIENTED_EDGE('',*,*,#8117,.T.);
#8119=ORIENTED_EDGE('',*,*,#8098,.F.);
#8120=ORIENTED_EDGE('',*,*,#8085,.T.);
#8121=ORIENTED_EDGE('',*,*,#8095,.T.);
#8122=EDGE_LOOP('',(#8118,#8119,#8120,#8121));
#8123=FACE_OUTER_BOUND('',#8122,.F.);
#8124=ADVANCED_FACE('',(#8123),#8116,.F.);
#8125=FILL_AREA_STYLE_COLOUR('',#2219);
#8126=FILL_AREA_STYLE('',(#8125));
#8127=SURFACE_STYLE_FILL_AREA(#8126);
#8128=SURFACE_SIDE_STYLE('',(#8127));
#8129=SURFACE_STYLE_USAGE(.BOTH.,#8128);
#8130=PRESENTATION_STYLE_ASSIGNMENT((#8129));
#8131=OVER_RIDING_STYLED_ITEM('',(#8130),#8124,#2222);
#8132=CARTESIAN_POINT('',(-5.E0,2.2E1,-3.7E1));
#8133=DIRECTION('',(0.E0,0.E0,1.E0));
#8134=DIRECTION('',(1.E0,0.E0,0.E0));
#8135=AXIS2_PLACEMENT_3D('',#8132,#8133,#8134);
#8136=PLANE('',#8135);
#8137=ORIENTED_EDGE('',*,*,#8100,.F.);
#8138=ORIENTED_EDGE('',*,*,#8117,.F.);
#8139=EDGE_LOOP('',(#8137,#8138));
#8140=FACE_OUTER_BOUND('',#8139,.F.);
#8141=ADVANCED_FACE('',(#8140),#8136,.F.);
#8142=CARTESIAN_POINT('',(6.623304335540E-14,2.6E1,-3.6E1));
#8143=DIRECTION('',(0.E0,1.E0,0.E0));
#8144=DIRECTION('',(-1.E0,0.E0,0.E0));
#8145=AXIS2_PLACEMENT_3D('',#8142,#8143,#8144);
#8146=CYLINDRICAL_SURFACE('',#8145,2.E0);
#8148=ORIENTED_EDGE('',*,*,#8147,.F.);
#8149=ORIENTED_EDGE('',*,*,#6477,.T.);
#8151=ORIENTED_EDGE('',*,*,#8150,.T.);
#8153=ORIENTED_EDGE('',*,*,#8152,.T.);
#8154=EDGE_LOOP('',(#8148,#8149,#8151,#8153));
#8155=FACE_OUTER_BOUND('',#8154,.F.);
#8156=ADVANCED_FACE('',(#8155),#8146,.F.);
#8157=FILL_AREA_STYLE_COLOUR('',#2219);
#8158=FILL_AREA_STYLE('',(#8157));
#8159=SURFACE_STYLE_FILL_AREA(#8158);
#8160=SURFACE_SIDE_STYLE('',(#8159));
#8161=SURFACE_STYLE_USAGE(.BOTH.,#8160);
#8162=PRESENTATION_STYLE_ASSIGNMENT((#8161));
#8163=OVER_RIDING_STYLED_ITEM('',(#8162),#8156,#2222);
#8164=CARTESIAN_POINT('',(6.623304335540E-14,2.6E1,-3.6E1));
#8165=DIRECTION('',(0.E0,1.E0,0.E0));
#8166=DIRECTION('',(-1.E0,0.E0,0.E0));
#8167=AXIS2_PLACEMENT_3D('',#8164,#8165,#8166);
#8168=CYLINDRICAL_SURFACE('',#8167,2.E0);
#8170=ORIENTED_EDGE('',*,*,#8169,.T.);
#8171=ORIENTED_EDGE('',*,*,#8150,.F.);
#8172=ORIENTED_EDGE('',*,*,#6479,.T.);
#8173=ORIENTED_EDGE('',*,*,#8147,.T.);
#8174=EDGE_LOOP('',(#8170,#8171,#8172,#8173));
#8175=FACE_OUTER_BOUND('',#8174,.F.);
#8176=ADVANCED_FACE('',(#8175),#8168,.F.);
#8177=FILL_AREA_STYLE_COLOUR('',#2219);
#8178=FILL_AREA_STYLE('',(#8177));
#8179=SURFACE_STYLE_FILL_AREA(#8178);
#8180=SURFACE_SIDE_STYLE('',(#8179));
#8181=SURFACE_STYLE_USAGE(.BOTH.,#8180);
#8182=PRESENTATION_STYLE_ASSIGNMENT((#8181));
#8183=OVER_RIDING_STYLED_ITEM('',(#8182),#8176,#2222);
#8184=CARTESIAN_POINT('',(6.623304335540E-14,2.6E1,-3.6E1));
#8185=DIRECTION('',(0.E0,-1.E0,0.E0));
#8186=DIRECTION('',(1.E0,0.E0,0.E0));
#8187=AXIS2_PLACEMENT_3D('',#8184,#8185,#8186);
#8188=PLANE('',#8187);
#8189=ORIENTED_EDGE('',*,*,#8152,.F.);
#8190=ORIENTED_EDGE('',*,*,#8169,.F.);
#8191=EDGE_LOOP('',(#8189,#8190));
#8192=FACE_OUTER_BOUND('',#8191,.F.);
#8193=ADVANCED_FACE('',(#8192),#8188,.F.);
#8194=CARTESIAN_POINT('',(-3.E1,2.6E1,-3.6E1));
#8195=DIRECTION('',(0.E0,1.E0,0.E0));
#8196=DIRECTION('',(-1.E0,0.E0,0.E0));
#8197=AXIS2_PLACEMENT_3D('',#8194,#8195,#8196);
#8198=CYLINDRICAL_SURFACE('',#8197,2.E0);
#8200=ORIENTED_EDGE('',*,*,#8199,.F.);
#8201=ORIENTED_EDGE('',*,*,#6483,.T.);
#8203=ORIENTED_EDGE('',*,*,#8202,.T.);
#8205=ORIENTED_EDGE('',*,*,#8204,.T.);
#8206=EDGE_LOOP('',(#8200,#8201,#8203,#8205));
#8207=FACE_OUTER_BOUND('',#8206,.F.);
#8208=ADVANCED_FACE('',(#8207),#8198,.F.);
#8209=FILL_AREA_STYLE_COLOUR('',#2219);
#8210=FILL_AREA_STYLE('',(#8209));
#8211=SURFACE_STYLE_FILL_AREA(#8210);
#8212=SURFACE_SIDE_STYLE('',(#8211));
#8213=SURFACE_STYLE_USAGE(.BOTH.,#8212);
#8214=PRESENTATION_STYLE_ASSIGNMENT((#8213));
#8215=OVER_RIDING_STYLED_ITEM('',(#8214),#8208,#2222);
#8216=CARTESIAN_POINT('',(-3.E1,2.6E1,-3.6E1));
#8217=DIRECTION('',(0.E0,1.E0,0.E0));
#8218=DIRECTION('',(-1.E0,0.E0,0.E0));
#8219=AXIS2_PLACEMENT_3D('',#8216,#8217,#8218);
#8220=CYLINDRICAL_SURFACE('',#8219,2.E0);
#8222=ORIENTED_EDGE('',*,*,#8221,.T.);
#8223=ORIENTED_EDGE('',*,*,#8202,.F.);
#8224=ORIENTED_EDGE('',*,*,#6485,.T.);
#8225=ORIENTED_EDGE('',*,*,#8199,.T.);
#8226=EDGE_LOOP('',(#8222,#8223,#8224,#8225));
#8227=FACE_OUTER_BOUND('',#8226,.F.);
#8228=ADVANCED_FACE('',(#8227),#8220,.F.);
#8229=FILL_AREA_STYLE_COLOUR('',#2219);
#8230=FILL_AREA_STYLE('',(#8229));
#8231=SURFACE_STYLE_FILL_AREA(#8230);
#8232=SURFACE_SIDE_STYLE('',(#8231));
#8233=SURFACE_STYLE_USAGE(.BOTH.,#8232);
#8234=PRESENTATION_STYLE_ASSIGNMENT((#8233));
#8235=OVER_RIDING_STYLED_ITEM('',(#8234),#8228,#2222);
#8236=CARTESIAN_POINT('',(-3.E1,2.6E1,-3.6E1));
#8237=DIRECTION('',(0.E0,1.E0,0.E0));
#8238=DIRECTION('',(-1.E0,0.E0,0.E0));
#8239=AXIS2_PLACEMENT_3D('',#8236,#8237,#8238);
#8240=PLANE('',#8239);
#8241=ORIENTED_EDGE('',*,*,#8204,.F.);
#8242=ORIENTED_EDGE('',*,*,#8221,.F.);
#8243=EDGE_LOOP('',(#8241,#8242));
#8244=FACE_OUTER_BOUND('',#8243,.F.);
#8245=ADVANCED_FACE('',(#8244),#8240,.T.);
#8246=CARTESIAN_POINT('',(-3.E1,4.E0,-3.6E1));
#8247=DIRECTION('',(0.E0,-1.E0,0.E0));
#8248=DIRECTION('',(1.E0,0.E0,0.E0));
#8249=AXIS2_PLACEMENT_3D('',#8246,#8247,#8248);
#8250=CYLINDRICAL_SURFACE('',#8249,2.E0);
#8252=ORIENTED_EDGE('',*,*,#8251,.F.);
#8253=ORIENTED_EDGE('',*,*,#6410,.T.);
#8255=ORIENTED_EDGE('',*,*,#8254,.T.);
#8257=ORIENTED_EDGE('',*,*,#8256,.T.);
#8258=EDGE_LOOP('',(#8252,#8253,#8255,#8257));
#8259=FACE_OUTER_BOUND('',#8258,.F.);
#8260=ADVANCED_FACE('',(#8259),#8250,.F.);
#8261=FILL_AREA_STYLE_COLOUR('',#2219);
#8262=FILL_AREA_STYLE('',(#8261));
#8263=SURFACE_STYLE_FILL_AREA(#8262);
#8264=SURFACE_SIDE_STYLE('',(#8263));
#8265=SURFACE_STYLE_USAGE(.BOTH.,#8264);
#8266=PRESENTATION_STYLE_ASSIGNMENT((#8265));
#8267=OVER_RIDING_STYLED_ITEM('',(#8266),#8260,#2222);
#8268=CARTESIAN_POINT('',(-3.E1,4.E0,-3.6E1));
#8269=DIRECTION('',(0.E0,-1.E0,0.E0));
#8270=DIRECTION('',(1.E0,0.E0,0.E0));
#8271=AXIS2_PLACEMENT_3D('',#8268,#8269,#8270);
#8272=CYLINDRICAL_SURFACE('',#8271,2.E0);
#8274=ORIENTED_EDGE('',*,*,#8273,.T.);
#8275=ORIENTED_EDGE('',*,*,#8254,.F.);
#8276=ORIENTED_EDGE('',*,*,#6412,.T.);
#8277=ORIENTED_EDGE('',*,*,#8251,.T.);
#8278=EDGE_LOOP('',(#8274,#8275,#8276,#8277));
#8279=FACE_OUTER_BOUND('',#8278,.F.);
#8280=ADVANCED_FACE('',(#8279),#8272,.F.);
#8281=FILL_AREA_STYLE_COLOUR('',#2219);
#8282=FILL_AREA_STYLE('',(#8281));
#8283=SURFACE_STYLE_FILL_AREA(#8282);
#8284=SURFACE_SIDE_STYLE('',(#8283));
#8285=SURFACE_STYLE_USAGE(.BOTH.,#8284);
#8286=PRESENTATION_STYLE_ASSIGNMENT((#8285));
#8287=OVER_RIDING_STYLED_ITEM('',(#8286),#8280,#2222);
#8288=CARTESIAN_POINT('',(-3.E1,4.E0,-3.6E1));
#8289=DIRECTION('',(0.E0,1.E0,0.E0));
#8290=DIRECTION('',(-1.E0,0.E0,0.E0));
#8291=AXIS2_PLACEMENT_3D('',#8288,#8289,#8290);
#8292=PLANE('',#8291);
#8293=ORIENTED_EDGE('',*,*,#8256,.F.);
#8294=ORIENTED_EDGE('',*,*,#8273,.F.);
#8295=EDGE_LOOP('',(#8293,#8294));
#8296=FACE_OUTER_BOUND('',#8295,.F.);
#8297=ADVANCED_FACE('',(#8296),#8292,.F.);
#8298=CARTESIAN_POINT('',(0.E0,4.E0,-3.6E1));
#8299=DIRECTION('',(0.E0,-1.E0,0.E0));
#8300=DIRECTION('',(1.E0,0.E0,0.E0));
#8301=AXIS2_PLACEMENT_3D('',#8298,#8299,#8300);
#8302=CYLINDRICAL_SURFACE('',#8301,2.E0);
#8304=ORIENTED_EDGE('',*,*,#8303,.F.);
#8305=ORIENTED_EDGE('',*,*,#6416,.T.);
#8307=ORIENTED_EDGE('',*,*,#8306,.T.);
#8309=ORIENTED_EDGE('',*,*,#8308,.T.);
#8310=EDGE_LOOP('',(#8304,#8305,#8307,#8309));
#8311=FACE_OUTER_BOUND('',#8310,.F.);
#8312=ADVANCED_FACE('',(#8311),#8302,.F.);
#8313=FILL_AREA_STYLE_COLOUR('',#2219);
#8314=FILL_AREA_STYLE('',(#8313));
#8315=SURFACE_STYLE_FILL_AREA(#8314);
#8316=SURFACE_SIDE_STYLE('',(#8315));
#8317=SURFACE_STYLE_USAGE(.BOTH.,#8316);
#8318=PRESENTATION_STYLE_ASSIGNMENT((#8317));
#8319=OVER_RIDING_STYLED_ITEM('',(#8318),#8312,#2222);
#8320=CARTESIAN_POINT('',(0.E0,4.E0,-3.6E1));
#8321=DIRECTION('',(0.E0,-1.E0,0.E0));
#8322=DIRECTION('',(1.E0,0.E0,0.E0));
#8323=AXIS2_PLACEMENT_3D('',#8320,#8321,#8322);
#8324=CYLINDRICAL_SURFACE('',#8323,2.E0);
#8326=ORIENTED_EDGE('',*,*,#8325,.T.);
#8327=ORIENTED_EDGE('',*,*,#8306,.F.);
#8328=ORIENTED_EDGE('',*,*,#6418,.T.);
#8329=ORIENTED_EDGE('',*,*,#8303,.T.);
#8330=EDGE_LOOP('',(#8326,#8327,#8328,#8329));
#8331=FACE_OUTER_BOUND('',#8330,.F.);
#8332=ADVANCED_FACE('',(#8331),#8324,.F.);
#8333=FILL_AREA_STYLE_COLOUR('',#2219);
#8334=FILL_AREA_STYLE('',(#8333));
#8335=SURFACE_STYLE_FILL_AREA(#8334);
#8336=SURFACE_SIDE_STYLE('',(#8335));
#8337=SURFACE_STYLE_USAGE(.BOTH.,#8336);
#8338=PRESENTATION_STYLE_ASSIGNMENT((#8337));
#8339=OVER_RIDING_STYLED_ITEM('',(#8338),#8332,#2222);
#8340=CARTESIAN_POINT('',(0.E0,4.E0,-3.6E1));
#8341=DIRECTION('',(0.E0,-1.E0,0.E0));
#8342=DIRECTION('',(1.E0,0.E0,0.E0));
#8343=AXIS2_PLACEMENT_3D('',#8340,#8341,#8342);
#8344=PLANE('',#8343);
#8345=ORIENTED_EDGE('',*,*,#8308,.F.);
#8346=ORIENTED_EDGE('',*,*,#8325,.F.);
#8347=EDGE_LOOP('',(#8345,#8346));
#8348=FACE_OUTER_BOUND('',#8347,.F.);
#8349=ADVANCED_FACE('',(#8348),#8344,.T.);
#8350=CARTESIAN_POINT('',(-3.48E1,2.E0,-2.66E1));
#8351=DIRECTION('',(-1.E0,0.E0,0.E0));
#8352=DIRECTION('',(0.E0,-1.E0,0.E0));
#8353=AXIS2_PLACEMENT_3D('',#8350,#8351,#8352);
#8354=PLANE('',#8353);
#8355=ORIENTED_EDGE('',*,*,#6336,.F.);
#8357=ORIENTED_EDGE('',*,*,#8356,.T.);
#8358=ORIENTED_EDGE('',*,*,#6283,.T.);
#8360=ORIENTED_EDGE('',*,*,#8359,.T.);
#8361=EDGE_LOOP('',(#8355,#8357,#8358,#8360));
#8362=FACE_OUTER_BOUND('',#8361,.F.);
#8363=ADVANCED_FACE('',(#8362),#8354,.T.);
#8364=CARTESIAN_POINT('',(-3.3E1,2.8E1,-2.66E1));
#8365=DIRECTION('',(0.E0,0.E0,-1.E0));
#8366=DIRECTION('',(-1.E0,0.E0,0.E0));
#8367=AXIS2_PLACEMENT_3D('',#8364,#8365,#8366);
#8368=CYLINDRICAL_SURFACE('',#8367,1.8E0);
#8369=ORIENTED_EDGE('',*,*,#6349,.T.);
#8371=ORIENTED_EDGE('',*,*,#8370,.F.);
#8372=ORIENTED_EDGE('',*,*,#6285,.T.);
#8373=ORIENTED_EDGE('',*,*,#8356,.F.);
#8374=EDGE_LOOP('',(#8369,#8371,#8372,#8373));
#8375=FACE_OUTER_BOUND('',#8374,.F.);
#8376=ADVANCED_FACE('',(#8375),#8368,.T.);
#8377=CARTESIAN_POINT('',(-3.3E1,2.98E1,-2.66E1));
#8378=DIRECTION('',(0.E0,1.E0,0.E0));
#8379=DIRECTION('',(0.E0,0.E0,1.E0));
#8380=AXIS2_PLACEMENT_3D('',#8377,#8378,#8379);
#8381=PLANE('',#8380);
#8382=ORIENTED_EDGE('',*,*,#6347,.F.);
#8384=ORIENTED_EDGE('',*,*,#8383,.T.);
#8385=ORIENTED_EDGE('',*,*,#6287,.T.);
#8386=ORIENTED_EDGE('',*,*,#8370,.T.);
#8387=EDGE_LOOP('',(#8382,#8384,#8385,#8386));
#8388=FACE_OUTER_BOUND('',#8387,.F.);
#8389=ADVANCED_FACE('',(#8388),#8381,.T.);
#8390=CARTESIAN_POINT('',(3.E0,2.8E1,-2.66E1));
#8391=DIRECTION('',(0.E0,0.E0,-1.E0));
#8392=DIRECTION('',(-1.E0,0.E0,0.E0));
#8393=AXIS2_PLACEMENT_3D('',#8390,#8391,#8392);
#8394=CYLINDRICAL_SURFACE('',#8393,1.8E0);
#8395=ORIENTED_EDGE('',*,*,#6345,.T.);
#8397=ORIENTED_EDGE('',*,*,#8396,.F.);
#8398=ORIENTED_EDGE('',*,*,#6289,.T.);
#8399=ORIENTED_EDGE('',*,*,#8383,.F.);
#8400=EDGE_LOOP('',(#8395,#8397,#8398,#8399));
#8401=FACE_OUTER_BOUND('',#8400,.F.);
#8402=ADVANCED_FACE('',(#8401),#8394,.T.);
#8403=CARTESIAN_POINT('',(4.8E0,2.8E1,-2.66E1));
#8404=DIRECTION('',(1.E0,0.E0,0.E0));
#8405=DIRECTION('',(0.E0,1.E0,0.E0));
#8406=AXIS2_PLACEMENT_3D('',#8403,#8404,#8405);
#8407=PLANE('',#8406);
#8408=ORIENTED_EDGE('',*,*,#6343,.F.);
#8410=ORIENTED_EDGE('',*,*,#8409,.T.);
#8411=ORIENTED_EDGE('',*,*,#6291,.T.);
#8412=ORIENTED_EDGE('',*,*,#8396,.T.);
#8413=EDGE_LOOP('',(#8408,#8410,#8411,#8412));
#8414=FACE_OUTER_BOUND('',#8413,.F.);
#8415=ADVANCED_FACE('',(#8414),#8407,.T.);
#8416=CARTESIAN_POINT('',(3.E0,2.E0,-2.66E1));
#8417=DIRECTION('',(0.E0,0.E0,-1.E0));
#8418=DIRECTION('',(-1.E0,0.E0,0.E0));
#8419=AXIS2_PLACEMENT_3D('',#8416,#8417,#8418);
#8420=CYLINDRICAL_SURFACE('',#8419,1.8E0);
#8421=ORIENTED_EDGE('',*,*,#6341,.T.);
#8422=ORIENTED_EDGE('',*,*,#6308,.F.);
#8423=ORIENTED_EDGE('',*,*,#6293,.T.);
#8424=ORIENTED_EDGE('',*,*,#8409,.F.);
#8425=EDGE_LOOP('',(#8421,#8422,#8423,#8424));
#8426=FACE_OUTER_BOUND('',#8425,.F.);
#8427=ADVANCED_FACE('',(#8426),#8420,.T.);
#8428=CARTESIAN_POINT('',(-3.3E1,2.E0,-2.66E1));
#8429=DIRECTION('',(0.E0,0.E0,-1.E0));
#8430=DIRECTION('',(-1.E0,0.E0,0.E0));
#8431=AXIS2_PLACEMENT_3D('',#8428,#8429,#8430);
#8432=CYLINDRICAL_SURFACE('',#8431,1.8E0);
#8433=ORIENTED_EDGE('',*,*,#6338,.T.);
#8434=ORIENTED_EDGE('',*,*,#8359,.F.);
#8435=ORIENTED_EDGE('',*,*,#6281,.T.);
#8436=ORIENTED_EDGE('',*,*,#6305,.F.);
#8437=EDGE_LOOP('',(#8433,#8434,#8435,#8436));
#8438=FACE_OUTER_BOUND('',#8437,.F.);
#8439=ADVANCED_FACE('',(#8438),#8432,.T.);
#8440=CARTESIAN_POINT('',(-3.3E1,2.8E1,3.E0));
#8441=DIRECTION('',(0.E0,0.E0,-1.E0));
#8442=DIRECTION('',(-1.E0,0.E0,0.E0));
#8443=AXIS2_PLACEMENT_3D('',#8440,#8441,#8442);
#8444=CONICAL_SURFACE('',#8443,1.5E0,4.5E1);
#8446=ORIENTED_EDGE('',*,*,#8445,.F.);
#8448=ORIENTED_EDGE('',*,*,#8447,.T.);
#8450=ORIENTED_EDGE('',*,*,#8449,.F.);
#8451=ORIENTED_EDGE('',*,*,#6259,.F.);
#8452=EDGE_LOOP('',(#8446,#8448,#8450,#8451));
#8453=FACE_OUTER_BOUND('',#8452,.F.);
#8454=ADVANCED_FACE('',(#8453),#8444,.T.);
#8455=CARTESIAN_POINT('',(5.E0,2.9E1,3.5E0));
#8456=DIRECTION('',(0.E0,-7.071067811865E-1,-7.071067811866E-1));
#8457=DIRECTION('',(0.E0,7.071067811866E-1,-7.071067811865E-1));
#8458=AXIS2_PLACEMENT_3D('',#8455,#8456,#8457);
#8459=PLANE('',#8458);
#8461=ORIENTED_EDGE('',*,*,#8460,.T.);
#8463=ORIENTED_EDGE('',*,*,#8462,.F.);
#8464=ORIENTED_EDGE('',*,*,#8445,.T.);
#8465=ORIENTED_EDGE('',*,*,#6233,.F.);
#8466=EDGE_LOOP('',(#8461,#8463,#8464,#8465));
#8467=FACE_OUTER_BOUND('',#8466,.F.);
#8468=ADVANCED_FACE('',(#8467),#8459,.F.);
#8469=CARTESIAN_POINT('',(-2.E1,2.9E1,2.5E0));
#8470=DIRECTION('',(-1.E0,0.E0,0.E0));
#8471=DIRECTION('',(0.E0,0.E0,1.E0));
#8472=AXIS2_PLACEMENT_3D('',#8469,#8470,#8471);
#8473=PLANE('',#8472);
#8474=ORIENTED_EDGE('',*,*,#6231,.F.);
#8476=ORIENTED_EDGE('',*,*,#8475,.F.);
#8477=ORIENTED_EDGE('',*,*,#8460,.F.);
#8478=EDGE_LOOP('',(#8474,#8476,#8477));
#8479=FACE_OUTER_BOUND('',#8478,.F.);
#8480=ADVANCED_FACE('',(#8479),#8473,.T.);
#8481=CARTESIAN_POINT('',(5.E0,3.E1,3.5E0));
#8482=DIRECTION('',(0.E0,0.E0,1.E0));
#8483=DIRECTION('',(1.E0,0.E0,0.E0));
#8484=AXIS2_PLACEMENT_3D('',#8481,#8482,#8483);
#8485=PLANE('',#8484);
#8487=ORIENTED_EDGE('',*,*,#8486,.F.);
#8489=ORIENTED_EDGE('',*,*,#8488,.T.);
#8490=ORIENTED_EDGE('',*,*,#8447,.F.);
#8491=ORIENTED_EDGE('',*,*,#8462,.T.);
#8492=ORIENTED_EDGE('',*,*,#8475,.T.);
#8493=ORIENTED_EDGE('',*,*,#6229,.T.);
#8495=ORIENTED_EDGE('',*,*,#8494,.T.);
#8497=ORIENTED_EDGE('',*,*,#8496,.T.);
#8499=ORIENTED_EDGE('',*,*,#8498,.F.);
#8501=ORIENTED_EDGE('',*,*,#8500,.T.);
#8503=ORIENTED_EDGE('',*,*,#8502,.F.);
#8505=ORIENTED_EDGE('',*,*,#8504,.T.);
#8507=ORIENTED_EDGE('',*,*,#8506,.T.);
#8508=ORIENTED_EDGE('',*,*,#6149,.T.);
#8510=ORIENTED_EDGE('',*,*,#8509,.T.);
#8512=ORIENTED_EDGE('',*,*,#8511,.T.);
#8513=EDGE_LOOP('',(#8487,#8489,#8490,#8491,#8492,#8493,#8495,#8497,#8499,#8501,
#8503,#8505,#8507,#8508,#8510,#8512));
#8514=FACE_OUTER_BOUND('',#8513,.F.);
#8516=ORIENTED_EDGE('',*,*,#8515,.F.);
#8518=ORIENTED_EDGE('',*,*,#8517,.F.);
#8519=EDGE_LOOP('',(#8516,#8518));
#8520=FACE_BOUND('',#8519,.F.);
#8521=ADVANCED_FACE('',(#8514,#8520),#8485,.T.);
#8522=CARTESIAN_POINT('',(-3.3E1,2.E0,3.E0));
#8523=DIRECTION('',(0.E0,0.E0,-1.E0));
#8524=DIRECTION('',(-1.E0,0.E0,0.E0));
#8525=AXIS2_PLACEMENT_3D('',#8522,#8523,#8524);
#8526=CONICAL_SURFACE('',#8525,1.5E0,4.5E1);
#8528=ORIENTED_EDGE('',*,*,#8527,.F.);
#8529=ORIENTED_EDGE('',*,*,#8486,.T.);
#8531=ORIENTED_EDGE('',*,*,#8530,.F.);
#8532=ORIENTED_EDGE('',*,*,#6130,.F.);
#8533=EDGE_LOOP('',(#8528,#8529,#8531,#8532));
#8534=FACE_OUTER_BOUND('',#8533,.F.);
#8535=ADVANCED_FACE('',(#8534),#8526,.T.);
#8536=CARTESIAN_POINT('',(-3.4E1,3.E1,3.5E0));
#8537=DIRECTION('',(7.071067811865E-1,0.E0,-7.071067811866E-1));
#8538=DIRECTION('',(-7.071067811866E-1,0.E0,-7.071067811865E-1));
#8539=AXIS2_PLACEMENT_3D('',#8536,#8537,#8538);
#8540=PLANE('',#8539);
#8541=ORIENTED_EDGE('',*,*,#8449,.T.);
#8542=ORIENTED_EDGE('',*,*,#8488,.F.);
#8543=ORIENTED_EDGE('',*,*,#8527,.T.);
#8544=ORIENTED_EDGE('',*,*,#6115,.F.);
#8545=EDGE_LOOP('',(#8541,#8542,#8543,#8544));
#8546=FACE_OUTER_BOUND('',#8545,.F.);
#8547=ADVANCED_FACE('',(#8546),#8540,.F.);
#8548=CARTESIAN_POINT('',(5.E0,1.E0,3.5E0));
#8549=DIRECTION('',(0.E0,7.071067811865E-1,-7.071067811866E-1));
#8550=DIRECTION('',(0.E0,7.071067811866E-1,7.071067811865E-1));
#8551=AXIS2_PLACEMENT_3D('',#8548,#8549,#8550);
#8552=PLANE('',#8551);
#8554=ORIENTED_EDGE('',*,*,#8553,.T.);
#8555=ORIENTED_EDGE('',*,*,#6145,.F.);
#8556=ORIENTED_EDGE('',*,*,#8530,.T.);
#8557=ORIENTED_EDGE('',*,*,#8511,.F.);
#8558=EDGE_LOOP('',(#8554,#8555,#8556,#8557));
#8559=FACE_OUTER_BOUND('',#8558,.F.);
#8560=ADVANCED_FACE('',(#8559),#8552,.F.);
#8561=CARTESIAN_POINT('',(-2.E1,1.E0,2.5E0));
#8562=DIRECTION('',(-1.E0,0.E0,0.E0));
#8563=DIRECTION('',(0.E0,0.E0,1.E0));
#8564=AXIS2_PLACEMENT_3D('',#8561,#8562,#8563);
#8565=PLANE('',#8564);
#8566=ORIENTED_EDGE('',*,*,#8509,.F.);
#8567=ORIENTED_EDGE('',*,*,#6147,.T.);
#8568=ORIENTED_EDGE('',*,*,#8553,.F.);
#8569=EDGE_LOOP('',(#8566,#8567,#8568));
#8570=FACE_OUTER_BOUND('',#8569,.F.);
#8571=ADVANCED_FACE('',(#8570),#8565,.T.);
#8572=CARTESIAN_POINT('',(-1.E1,2.9E1,2.5E0));
#8573=DIRECTION('',(1.E0,0.E0,0.E0));
#8574=DIRECTION('',(0.E0,0.E0,-1.E0));
#8575=AXIS2_PLACEMENT_3D('',#8572,#8573,#8574);
#8576=PLANE('',#8575);
#8577=ORIENTED_EDGE('',*,*,#8494,.F.);
#8578=ORIENTED_EDGE('',*,*,#6227,.T.);
#8580=ORIENTED_EDGE('',*,*,#8579,.F.);
#8581=EDGE_LOOP('',(#8577,#8578,#8580));
#8582=FACE_OUTER_BOUND('',#8581,.F.);
#8583=ADVANCED_FACE('',(#8582),#8576,.T.);
#8584=CARTESIAN_POINT('',(5.E0,2.9E1,3.5E0));
#8585=DIRECTION('',(0.E0,-7.071067811865E-1,-7.071067811866E-1));
#8586=DIRECTION('',(0.E0,7.071067811866E-1,-7.071067811865E-1));
#8587=AXIS2_PLACEMENT_3D('',#8584,#8585,#8586);
#8588=PLANE('',#8587);
#8589=ORIENTED_EDGE('',*,*,#8579,.T.);
#8590=ORIENTED_EDGE('',*,*,#6225,.F.);
#8592=ORIENTED_EDGE('',*,*,#8591,.T.);
#8593=ORIENTED_EDGE('',*,*,#8496,.F.);
#8594=EDGE_LOOP('',(#8589,#8590,#8592,#8593));
#8595=FACE_OUTER_BOUND('',#8594,.F.);
#8596=ADVANCED_FACE('',(#8595),#8588,.F.);
#8597=CARTESIAN_POINT('',(3.E0,2.8E1,3.E0));
#8598=DIRECTION('',(0.E0,0.E0,-1.E0));
#8599=DIRECTION('',(-1.E0,0.E0,0.E0));
#8600=AXIS2_PLACEMENT_3D('',#8597,#8598,#8599);
#8601=CONICAL_SURFACE('',#8600,1.5E0,4.5E1);
#8602=ORIENTED_EDGE('',*,*,#8591,.F.);
#8603=ORIENTED_EDGE('',*,*,#6210,.F.);
#8605=ORIENTED_EDGE('',*,*,#8604,.F.);
#8606=ORIENTED_EDGE('',*,*,#8498,.T.);
#8607=EDGE_LOOP('',(#8602,#8603,#8605,#8606));
#8608=FACE_OUTER_BOUND('',#8607,.F.);
#8609=ADVANCED_FACE('',(#8608),#8601,.T.);
#8610=CARTESIAN_POINT('',(4.E0,3.E1,3.5E0));
#8611=DIRECTION('',(-7.071067811865E-1,0.E0,-7.071067811866E-1));
#8612=DIRECTION('',(-7.071067811866E-1,0.E0,7.071067811865E-1));
#8613=AXIS2_PLACEMENT_3D('',#8610,#8611,#8612);
#8614=PLANE('',#8613);
#8615=ORIENTED_EDGE('',*,*,#8604,.T.);
#8616=ORIENTED_EDGE('',*,*,#6195,.F.);
#8618=ORIENTED_EDGE('',*,*,#8617,.T.);
#8619=ORIENTED_EDGE('',*,*,#8500,.F.);
#8620=EDGE_LOOP('',(#8615,#8616,#8618,#8619));
#8621=FACE_OUTER_BOUND('',#8620,.F.);
#8622=ADVANCED_FACE('',(#8621),#8614,.F.);
#8623=CARTESIAN_POINT('',(3.E0,2.E0,3.E0));
#8624=DIRECTION('',(0.E0,0.E0,-1.E0));
#8625=DIRECTION('',(-1.E0,0.E0,0.E0));
#8626=AXIS2_PLACEMENT_3D('',#8623,#8624,#8625);
#8627=CONICAL_SURFACE('',#8626,1.5E0,4.5E1);
#8628=ORIENTED_EDGE('',*,*,#8617,.F.);
#8629=ORIENTED_EDGE('',*,*,#6180,.F.);
#8631=ORIENTED_EDGE('',*,*,#8630,.F.);
#8632=ORIENTED_EDGE('',*,*,#8502,.T.);
#8633=EDGE_LOOP('',(#8628,#8629,#8631,#8632));
#8634=FACE_OUTER_BOUND('',#8633,.F.);
#8635=ADVANCED_FACE('',(#8634),#8627,.T.);
#8636=CARTESIAN_POINT('',(5.E0,1.E0,3.5E0));
#8637=DIRECTION('',(0.E0,7.071067811865E-1,-7.071067811866E-1));
#8638=DIRECTION('',(0.E0,7.071067811866E-1,7.071067811865E-1));
#8639=AXIS2_PLACEMENT_3D('',#8636,#8637,#8638);
#8640=PLANE('',#8639);
#8642=ORIENTED_EDGE('',*,*,#8641,.T.);
#8643=ORIENTED_EDGE('',*,*,#8504,.F.);
#8644=ORIENTED_EDGE('',*,*,#8630,.T.);
#8645=ORIENTED_EDGE('',*,*,#6153,.F.);
#8646=EDGE_LOOP('',(#8642,#8643,#8644,#8645));
#8647=FACE_OUTER_BOUND('',#8646,.F.);
#8648=ADVANCED_FACE('',(#8647),#8640,.F.);
#8649=CARTESIAN_POINT('',(-1.E1,1.E0,2.5E0));
#8650=DIRECTION('',(1.E0,0.E0,0.E0));
#8651=DIRECTION('',(0.E0,0.E0,-1.E0));
#8652=AXIS2_PLACEMENT_3D('',#8649,#8650,#8651);
#8653=PLANE('',#8652);
#8654=ORIENTED_EDGE('',*,*,#6151,.F.);
#8655=ORIENTED_EDGE('',*,*,#8506,.F.);
#8656=ORIENTED_EDGE('',*,*,#8641,.F.);
#8657=EDGE_LOOP('',(#8654,#8655,#8656));
#8658=FACE_OUTER_BOUND('',#8657,.F.);
#8659=ADVANCED_FACE('',(#8658),#8653,.T.);
#8660=CARTESIAN_POINT('',(-1.5E1,1.5E1,5.551219330882E1));
#8661=DIRECTION('',(0.E0,0.E0,-1.E0));
#8662=DIRECTION('',(-1.E0,0.E0,0.E0));
#8663=AXIS2_PLACEMENT_3D('',#8660,#8661,#8662);
#8664=CYLINDRICAL_SURFACE('',#8663,1.45E1);
#8666=ORIENTED_EDGE('',*,*,#8665,.F.);
#8667=ORIENTED_EDGE('',*,*,#8515,.T.);
#8669=ORIENTED_EDGE('',*,*,#8668,.T.);
#8671=ORIENTED_EDGE('',*,*,#8670,.T.);
#8672=EDGE_LOOP('',(#8666,#8667,#8669,#8671));
#8673=FACE_OUTER_BOUND('',#8672,.F.);
#8674=ADVANCED_FACE('',(#8673),#8664,.T.);
#8675=CARTESIAN_POINT('',(-1.5E1,1.5E1,5.551219330882E1));
#8676=DIRECTION('',(0.E0,0.E0,-1.E0));
#8677=DIRECTION('',(-1.E0,0.E0,0.E0));
#8678=AXIS2_PLACEMENT_3D('',#8675,#8676,#8677);
#8679=CYLINDRICAL_SURFACE('',#8678,1.45E1);
#8681=ORIENTED_EDGE('',*,*,#8680,.T.);
#8682=ORIENTED_EDGE('',*,*,#8668,.F.);
#8683=ORIENTED_EDGE('',*,*,#8517,.T.);
#8684=ORIENTED_EDGE('',*,*,#8665,.T.);
#8685=EDGE_LOOP('',(#8681,#8682,#8683,#8684));
#8686=FACE_OUTER_BOUND('',#8685,.F.);
#8687=ADVANCED_FACE('',(#8686),#8679,.T.);
#8688=CARTESIAN_POINT('',(-1.5E1,1.5E1,8.5E0));
#8689=DIRECTION('',(0.E0,0.E0,1.E0));
#8690=DIRECTION('',(1.E0,0.E0,0.E0));
#8691=AXIS2_PLACEMENT_3D('',#8688,#8689,#8690);
#8692=PLANE('',#8691);
#8693=ORIENTED_EDGE('',*,*,#8670,.F.);
#8694=ORIENTED_EDGE('',*,*,#8680,.F.);
#8695=EDGE_LOOP('',(#8693,#8694));
#8696=FACE_OUTER_BOUND('',#8695,.F.);
#8698=ORIENTED_EDGE('',*,*,#8697,.F.);
#8700=ORIENTED_EDGE('',*,*,#8699,.F.);
#8701=EDGE_LOOP('',(#8698,#8700));
#8702=FACE_BOUND('',#8701,.F.);
#8703=ADVANCED_FACE('',(#8696,#8702),#8692,.T.);
#8704=CARTESIAN_POINT('',(-1.5E1,1.5E1,8.5E0));
#8705=DIRECTION('',(0.E0,0.E0,1.E0));
#8706=DIRECTION('',(1.E0,0.E0,0.E0));
#8707=AXIS2_PLACEMENT_3D('',#8704,#8705,#8706);
#8708=CYLINDRICAL_SURFACE('',#8707,1.43E1);
#8709=ORIENTED_EDGE('',*,*,#8697,.T.);
#8711=ORIENTED_EDGE('',*,*,#8710,.F.);
#8713=ORIENTED_EDGE('',*,*,#8712,.T.);
#8715=ORIENTED_EDGE('',*,*,#8714,.T.);
#8716=EDGE_LOOP('',(#8709,#8711,#8713,#8715));
#8717=FACE_OUTER_BOUND('',#8716,.F.);
#8718=ADVANCED_FACE('',(#8717),#8708,.T.);
#8719=CARTESIAN_POINT('',(-1.5E1,1.5E1,8.5E0));
#8720=DIRECTION('',(0.E0,0.E0,1.E0));
#8721=DIRECTION('',(1.E0,0.E0,0.E0));
#8722=AXIS2_PLACEMENT_3D('',#8719,#8720,#8721);
#8723=CYLINDRICAL_SURFACE('',#8722,1.43E1);
#8724=ORIENTED_EDGE('',*,*,#8714,.F.);
#8726=ORIENTED_EDGE('',*,*,#8725,.T.);
#8727=ORIENTED_EDGE('',*,*,#8710,.T.);
#8728=ORIENTED_EDGE('',*,*,#8699,.T.);
#8729=EDGE_LOOP('',(#8724,#8726,#8727,#8728));
#8730=FACE_OUTER_BOUND('',#8729,.F.);
#8731=ADVANCED_FACE('',(#8730),#8723,.T.);
#8732=CARTESIAN_POINT('',(-1.5E1,1.5E1,9.5E0));
#8733=DIRECTION('',(0.E0,0.E0,1.E0));
#8734=DIRECTION('',(1.E0,0.E0,0.E0));
#8735=AXIS2_PLACEMENT_3D('',#8732,#8733,#8734);
#8736=PLANE('',#8735);
#8738=ORIENTED_EDGE('',*,*,#8737,.F.);
#8740=ORIENTED_EDGE('',*,*,#8739,.F.);
#8741=EDGE_LOOP('',(#8738,#8740));
#8742=FACE_OUTER_BOUND('',#8741,.F.);
#8743=ORIENTED_EDGE('',*,*,#8712,.F.);
#8744=ORIENTED_EDGE('',*,*,#8725,.F.);
#8745=EDGE_LOOP('',(#8743,#8744));
#8746=FACE_BOUND('',#8745,.F.);
#8747=ADVANCED_FACE('',(#8742,#8746),#8736,.F.);
#8748=CARTESIAN_POINT('',(-1.5E1,1.5E1,5.551219330882E1));
#8749=DIRECTION('',(0.E0,0.E0,-1.E0));
#8750=DIRECTION('',(-1.E0,0.E0,0.E0));
#8751=AXIS2_PLACEMENT_3D('',#8748,#8749,#8750);
#8752=CYLINDRICAL_SURFACE('',#8751,1.45E1);
#8754=ORIENTED_EDGE('',*,*,#8753,.F.);
#8755=ORIENTED_EDGE('',*,*,#8737,.T.);
#8757=ORIENTED_EDGE('',*,*,#8756,.T.);
#8759=ORIENTED_EDGE('',*,*,#8758,.T.);
#8760=EDGE_LOOP('',(#8754,#8755,#8757,#8759));
#8761=FACE_OUTER_BOUND('',#8760,.F.);
#8762=ADVANCED_FACE('',(#8761),#8752,.T.);
#8763=CARTESIAN_POINT('',(-1.5E1,1.5E1,5.551219330882E1));
#8764=DIRECTION('',(0.E0,0.E0,-1.E0));
#8765=DIRECTION('',(-1.E0,0.E0,0.E0));
#8766=AXIS2_PLACEMENT_3D('',#8763,#8764,#8765);
#8767=CYLINDRICAL_SURFACE('',#8766,1.45E1);
#8769=ORIENTED_EDGE('',*,*,#8768,.T.);
#8770=ORIENTED_EDGE('',*,*,#8756,.F.);
#8771=ORIENTED_EDGE('',*,*,#8739,.T.);
#8772=ORIENTED_EDGE('',*,*,#8753,.T.);
#8773=EDGE_LOOP('',(#8769,#8770,#8771,#8772));
#8774=FACE_OUTER_BOUND('',#8773,.F.);
#8775=ADVANCED_FACE('',(#8774),#8767,.T.);
#8776=CARTESIAN_POINT('',(0.E0,0.E0,1.45E1));
#8777=DIRECTION('',(0.E0,0.E0,1.E0));
#8778=DIRECTION('',(1.E0,0.E0,0.E0));
#8779=AXIS2_PLACEMENT_3D('',#8776,#8777,#8778);
#8780=PLANE('',#8779);
#8781=ORIENTED_EDGE('',*,*,#8758,.F.);
#8782=ORIENTED_EDGE('',*,*,#8768,.F.);
#8783=EDGE_LOOP('',(#8781,#8782));
#8784=FACE_OUTER_BOUND('',#8783,.F.);
#8786=ORIENTED_EDGE('',*,*,#8785,.F.);
#8788=ORIENTED_EDGE('',*,*,#8787,.F.);
#8789=EDGE_LOOP('',(#8786,#8788));
#8790=FACE_BOUND('',#8789,.F.);
#8791=ADVANCED_FACE('',(#8784,#8790),#8780,.T.);
#8792=CARTESIAN_POINT('',(-1.5E1,1.5E1,2.4E0));
#8793=DIRECTION('',(0.E0,0.E0,1.E0));
#8794=DIRECTION('',(1.E0,0.E0,0.E0));
#8795=AXIS2_PLACEMENT_3D('',#8792,#8793,#8794);
#8796=CYLINDRICAL_SURFACE('',#8795,1.27E1);
#8798=ORIENTED_EDGE('',*,*,#8797,.F.);
#8799=ORIENTED_EDGE('',*,*,#8785,.T.);
#8801=ORIENTED_EDGE('',*,*,#8800,.T.);
#8803=ORIENTED_EDGE('',*,*,#8802,.T.);
#8804=EDGE_LOOP('',(#8798,#8799,#8801,#8803));
#8805=FACE_OUTER_BOUND('',#8804,.F.);
#8806=ADVANCED_FACE('',(#8805),#8796,.F.);
#8807=FILL_AREA_STYLE_COLOUR('',#2219);
#8808=FILL_AREA_STYLE('',(#8807));
#8809=SURFACE_STYLE_FILL_AREA(#8808);
#8810=SURFACE_SIDE_STYLE('',(#8809));
#8811=SURFACE_STYLE_USAGE(.BOTH.,#8810);
#8812=PRESENTATION_STYLE_ASSIGNMENT((#8811));
#8813=OVER_RIDING_STYLED_ITEM('',(#8812),#8806,#2222);
#8814=CARTESIAN_POINT('',(-1.5E1,1.5E1,2.4E0));
#8815=DIRECTION('',(0.E0,0.E0,1.E0));
#8816=DIRECTION('',(1.E0,0.E0,0.E0));
#8817=AXIS2_PLACEMENT_3D('',#8814,#8815,#8816);
#8818=CYLINDRICAL_SURFACE('',#8817,1.27E1);
#8820=ORIENTED_EDGE('',*,*,#8819,.T.);
#8821=ORIENTED_EDGE('',*,*,#8800,.F.);
#8822=ORIENTED_EDGE('',*,*,#8787,.T.);
#8823=ORIENTED_EDGE('',*,*,#8797,.T.);
#8824=EDGE_LOOP('',(#8820,#8821,#8822,#8823));
#8825=FACE_OUTER_BOUND('',#8824,.F.);
#8826=ADVANCED_FACE('',(#8825),#8818,.F.);
#8827=FILL_AREA_STYLE_COLOUR('',#2219);
#8828=FILL_AREA_STYLE('',(#8827));
#8829=SURFACE_STYLE_FILL_AREA(#8828);
#8830=SURFACE_SIDE_STYLE('',(#8829));
#8831=SURFACE_STYLE_USAGE(.BOTH.,#8830);
#8832=PRESENTATION_STYLE_ASSIGNMENT((#8831));
#8833=OVER_RIDING_STYLED_ITEM('',(#8832),#8826,#2222);
#8834=CARTESIAN_POINT('',(-1.5E1,1.5E1,2.4E0));
#8835=DIRECTION('',(0.E0,0.E0,1.E0));
#8836=DIRECTION('',(1.E0,0.E0,0.E0));
#8837=AXIS2_PLACEMENT_3D('',#8834,#8835,#8836);
#8838=PLANE('',#8837);
#8839=ORIENTED_EDGE('',*,*,#8802,.F.);
#8840=ORIENTED_EDGE('',*,*,#8819,.F.);
#8841=EDGE_LOOP('',(#8839,#8840));
#8842=FACE_OUTER_BOUND('',#8841,.F.);
#8844=ORIENTED_EDGE('',*,*,#8843,.F.);
#8846=ORIENTED_EDGE('',*,*,#8845,.F.);
#8847=EDGE_LOOP('',(#8844,#8846));
#8848=FACE_BOUND('',#8847,.F.);
#8849=ADVANCED_FACE('',(#8842,#8848),#8838,.T.);
#8850=CARTESIAN_POINT('',(-1.5E1,1.5E1,1.92E0));
#8851=DIRECTION('',(0.E0,0.E0,1.E0));
#8852=DIRECTION('',(1.E0,0.E0,0.E0));
#8853=AXIS2_PLACEMENT_3D('',#8850,#8851,#8852);
#8854=CYLINDRICAL_SURFACE('',#8853,1.19E1);
#8856=ORIENTED_EDGE('',*,*,#8855,.F.);
#8857=ORIENTED_EDGE('',*,*,#8843,.T.);
#8859=ORIENTED_EDGE('',*,*,#8858,.T.);
#8861=ORIENTED_EDGE('',*,*,#8860,.T.);
#8862=EDGE_LOOP('',(#8856,#8857,#8859,#8861));
#8863=FACE_OUTER_BOUND('',#8862,.F.);
#8864=ADVANCED_FACE('',(#8863),#8854,.F.);
#8865=CARTESIAN_POINT('',(-1.5E1,1.5E1,1.92E0));
#8866=DIRECTION('',(0.E0,0.E0,1.E0));
#8867=DIRECTION('',(1.E0,0.E0,0.E0));
#8868=AXIS2_PLACEMENT_3D('',#8865,#8866,#8867);
#8869=CYLINDRICAL_SURFACE('',#8868,1.19E1);
#8871=ORIENTED_EDGE('',*,*,#8870,.T.);
#8872=ORIENTED_EDGE('',*,*,#8858,.F.);
#8873=ORIENTED_EDGE('',*,*,#8845,.T.);
#8874=ORIENTED_EDGE('',*,*,#8855,.T.);
#8875=EDGE_LOOP('',(#8871,#8872,#8873,#8874));
#8876=FACE_OUTER_BOUND('',#8875,.F.);
#8877=ADVANCED_FACE('',(#8876),#8869,.F.);
#8878=CARTESIAN_POINT('',(-1.5E1,1.5E1,1.42E0));
#8879=DIRECTION('',(0.E0,0.E0,1.E0));
#8880=DIRECTION('',(1.E0,0.E0,0.E0));
#8881=AXIS2_PLACEMENT_3D('',#8878,#8879,#8880);
#8882=PLANE('',#8881);
#8883=ORIENTED_EDGE('',*,*,#8860,.F.);
#8884=ORIENTED_EDGE('',*,*,#8870,.F.);
#8885=EDGE_LOOP('',(#8883,#8884));
#8886=FACE_OUTER_BOUND('',#8885,.F.);
#8888=ORIENTED_EDGE('',*,*,#8887,.F.);
#8890=ORIENTED_EDGE('',*,*,#8889,.F.);
#8891=EDGE_LOOP('',(#8888,#8890));
#8892=FACE_BOUND('',#8891,.F.);
#8894=ORIENTED_EDGE('',*,*,#8893,.F.);
#8896=ORIENTED_EDGE('',*,*,#8895,.F.);
#8898=ORIENTED_EDGE('',*,*,#8897,.F.);
#8900=ORIENTED_EDGE('',*,*,#8899,.F.);
#8902=ORIENTED_EDGE('',*,*,#8901,.F.);
#8904=ORIENTED_EDGE('',*,*,#8903,.F.);
#8906=ORIENTED_EDGE('',*,*,#8905,.F.);
#8908=ORIENTED_EDGE('',*,*,#8907,.F.);
#8910=ORIENTED_EDGE('',*,*,#8909,.F.);
#8912=ORIENTED_EDGE('',*,*,#8911,.F.);
#8913=EDGE_LOOP('',(#8894,#8896,#8898,#8900,#8902,#8904,#8906,#8908,#8910,
#8912));
#8914=FACE_BOUND('',#8913,.F.);
#8916=ORIENTED_EDGE('',*,*,#8915,.F.);
#8918=ORIENTED_EDGE('',*,*,#8917,.F.);
#8919=EDGE_LOOP('',(#8916,#8918));
#8920=FACE_BOUND('',#8919,.F.);
#8921=ADVANCED_FACE('',(#8886,#8892,#8914,#8920),#8882,.T.);
#8922=CARTESIAN_POINT('',(-1.5E1,2.45E1,2.02E0));
#8923=DIRECTION('',(0.E0,0.E0,-1.E0));
#8924=DIRECTION('',(-1.E0,0.E0,0.E0));
#8925=AXIS2_PLACEMENT_3D('',#8922,#8923,#8924);
#8926=CYLINDRICAL_SURFACE('',#8925,1.75E0);
#8928=ORIENTED_EDGE('',*,*,#8927,.F.);
#8929=ORIENTED_EDGE('',*,*,#8887,.T.);
#8931=ORIENTED_EDGE('',*,*,#8930,.T.);
#8933=ORIENTED_EDGE('',*,*,#8932,.T.);
#8934=EDGE_LOOP('',(#8928,#8929,#8931,#8933));
#8935=FACE_OUTER_BOUND('',#8934,.F.);
#8936=ADVANCED_FACE('',(#8935),#8926,.T.);
#8937=CARTESIAN_POINT('',(-1.5E1,2.45E1,2.02E0));
#8938=DIRECTION('',(0.E0,0.E0,-1.E0));
#8939=DIRECTION('',(-1.E0,0.E0,0.E0));
#8940=AXIS2_PLACEMENT_3D('',#8937,#8938,#8939);
#8941=CYLINDRICAL_SURFACE('',#8940,1.75E0);
#8943=ORIENTED_EDGE('',*,*,#8942,.T.);
#8944=ORIENTED_EDGE('',*,*,#8930,.F.);
#8945=ORIENTED_EDGE('',*,*,#8889,.T.);
#8946=ORIENTED_EDGE('',*,*,#8927,.T.);
#8947=EDGE_LOOP('',(#8943,#8944,#8945,#8946));
#8948=FACE_OUTER_BOUND('',#8947,.F.);
#8949=ADVANCED_FACE('',(#8948),#8941,.T.);
#8950=CARTESIAN_POINT('',(-1.5E1,2.45E1,2.02E0));
#8951=DIRECTION('',(0.E0,0.E0,1.E0));
#8952=DIRECTION('',(1.E0,0.E0,0.E0));
#8953=AXIS2_PLACEMENT_3D('',#8950,#8951,#8952);
#8954=PLANE('',#8953);
#8955=ORIENTED_EDGE('',*,*,#8932,.F.);
#8956=ORIENTED_EDGE('',*,*,#8942,.F.);
#8957=EDGE_LOOP('',(#8955,#8956));
#8958=FACE_OUTER_BOUND('',#8957,.F.);
#8959=ADVANCED_FACE('',(#8958),#8954,.T.);
#8960=CARTESIAN_POINT('',(-1.7E1,3.370726591915E0,1.42E0));
#8961=DIRECTION('',(1.E0,0.E0,0.E0));
#8962=DIRECTION('',(0.E0,0.E0,-1.E0));
#8963=AXIS2_PLACEMENT_3D('',#8960,#8961,#8962);
#8964=PLANE('',#8963);
#8966=ORIENTED_EDGE('',*,*,#8965,.F.);
#8968=ORIENTED_EDGE('',*,*,#8967,.T.);
#8969=ORIENTED_EDGE('',*,*,#8893,.T.);
#8971=ORIENTED_EDGE('',*,*,#8970,.T.);
#8972=EDGE_LOOP('',(#8966,#8968,#8969,#8971));
#8973=FACE_OUTER_BOUND('',#8972,.F.);
#8974=ADVANCED_FACE('',(#8973),#8964,.T.);
#8975=CARTESIAN_POINT('',(-1.5E1,1.5E1,1.92E0));
#8976=DIRECTION('',(0.E0,0.E0,1.E0));
#8977=DIRECTION('',(1.E0,0.E0,0.E0));
#8978=AXIS2_PLACEMENT_3D('',#8975,#8976,#8977);
#8979=PLANE('',#8978);
#8980=ORIENTED_EDGE('',*,*,#8965,.T.);
#8982=ORIENTED_EDGE('',*,*,#8981,.F.);
#8984=ORIENTED_EDGE('',*,*,#8983,.F.);
#8986=ORIENTED_EDGE('',*,*,#8985,.T.);
#8988=ORIENTED_EDGE('',*,*,#8987,.F.);
#8990=ORIENTED_EDGE('',*,*,#8989,.T.);
#8992=ORIENTED_EDGE('',*,*,#8991,.F.);
#8994=ORIENTED_EDGE('',*,*,#8993,.F.);
#8996=ORIENTED_EDGE('',*,*,#8995,.T.);
#8998=ORIENTED_EDGE('',*,*,#8997,.F.);
#8999=EDGE_LOOP('',(#8980,#8982,#8984,#8986,#8988,#8990,#8992,#8994,#8996,
#8998));
#9000=FACE_OUTER_BOUND('',#8999,.F.);
#9002=ORIENTED_EDGE('',*,*,#9001,.F.);
#9004=ORIENTED_EDGE('',*,*,#9003,.F.);
#9006=ORIENTED_EDGE('',*,*,#9005,.F.);
#9008=ORIENTED_EDGE('',*,*,#9007,.F.);
#9009=EDGE_LOOP('',(#9002,#9004,#9006,#9008));
#9010=FACE_BOUND('',#9009,.F.);
#9011=ADVANCED_FACE('',(#9000,#9010),#8979,.T.);
#9012=CARTESIAN_POINT('',(-1.5E1,1.5E1,1.42E0));
#9013=DIRECTION('',(0.E0,0.E0,1.E0));
#9014=DIRECTION('',(1.E0,0.E0,0.E0));
#9015=AXIS2_PLACEMENT_3D('',#9012,#9013,#9014);
#9016=CYLINDRICAL_SURFACE('',#9015,1.18E1);
#9017=ORIENTED_EDGE('',*,*,#8981,.T.);
#9018=ORIENTED_EDGE('',*,*,#8970,.F.);
#9019=ORIENTED_EDGE('',*,*,#8911,.T.);
#9020=ORIENTED_EDGE('',*,*,#8909,.T.);
#9022=ORIENTED_EDGE('',*,*,#9021,.F.);
#9023=ORIENTED_EDGE('',*,*,#8983,.T.);
#9024=EDGE_LOOP('',(#9017,#9018,#9019,#9020,#9022,#9023));
#9025=FACE_OUTER_BOUND('',#9024,.F.);
#9026=ADVANCED_FACE('',(#9025),#9016,.T.);
#9027=CARTESIAN_POINT('',(-1.7E1,2.662927340809E1,1.42E0));
#9028=DIRECTION('',(1.E0,0.E0,0.E0));
#9029=DIRECTION('',(0.E0,0.E0,-1.E0));
#9030=AXIS2_PLACEMENT_3D('',#9027,#9028,#9029);
#9031=PLANE('',#9030);
#9032=ORIENTED_EDGE('',*,*,#8985,.F.);
#9033=ORIENTED_EDGE('',*,*,#9021,.T.);
#9034=ORIENTED_EDGE('',*,*,#8907,.T.);
#9036=ORIENTED_EDGE('',*,*,#9035,.T.);
#9037=EDGE_LOOP('',(#9032,#9033,#9034,#9036));
#9038=FACE_OUTER_BOUND('',#9037,.F.);
#9039=ADVANCED_FACE('',(#9038),#9031,.T.);
#9040=CARTESIAN_POINT('',(-1.5E1,2.45E1,1.42E0));
#9041=DIRECTION('',(0.E0,0.E0,1.E0));
#9042=DIRECTION('',(1.E0,0.E0,0.E0));
#9043=AXIS2_PLACEMENT_3D('',#9040,#9041,#9042);
#9044=CYLINDRICAL_SURFACE('',#9043,2.E0);
#9045=ORIENTED_EDGE('',*,*,#8987,.T.);
#9046=ORIENTED_EDGE('',*,*,#9035,.F.);
#9047=ORIENTED_EDGE('',*,*,#8905,.T.);
#9049=ORIENTED_EDGE('',*,*,#9048,.F.);
#9050=EDGE_LOOP('',(#9045,#9046,#9047,#9049));
#9051=FACE_OUTER_BOUND('',#9050,.F.);
#9052=ADVANCED_FACE('',(#9051),#9044,.F.);
#9053=CARTESIAN_POINT('',(-1.3E1,2.662927340809E1,1.42E0));
#9054=DIRECTION('',(-1.E0,0.E0,0.E0));
#9055=DIRECTION('',(0.E0,0.E0,1.E0));
#9056=AXIS2_PLACEMENT_3D('',#9053,#9054,#9055);
#9057=PLANE('',#9056);
#9058=ORIENTED_EDGE('',*,*,#8989,.F.);
#9059=ORIENTED_EDGE('',*,*,#9048,.T.);
#9060=ORIENTED_EDGE('',*,*,#8903,.T.);
#9062=ORIENTED_EDGE('',*,*,#9061,.T.);
#9063=EDGE_LOOP('',(#9058,#9059,#9060,#9062));
#9064=FACE_OUTER_BOUND('',#9063,.F.);
#9065=ADVANCED_FACE('',(#9064),#9057,.T.);
#9066=CARTESIAN_POINT('',(-1.5E1,1.5E1,1.42E0));
#9067=DIRECTION('',(0.E0,0.E0,1.E0));
#9068=DIRECTION('',(1.E0,0.E0,0.E0));
#9069=AXIS2_PLACEMENT_3D('',#9066,#9067,#9068);
#9070=CYLINDRICAL_SURFACE('',#9069,1.18E1);
#9072=ORIENTED_EDGE('',*,*,#9071,.F.);
#9073=ORIENTED_EDGE('',*,*,#8991,.T.);
#9074=ORIENTED_EDGE('',*,*,#9061,.F.);
#9075=ORIENTED_EDGE('',*,*,#8901,.T.);
#9076=EDGE_LOOP('',(#9072,#9073,#9074,#9075));
#9077=FACE_OUTER_BOUND('',#9076,.F.);
#9078=ADVANCED_FACE('',(#9077),#9070,.T.);
#9079=CARTESIAN_POINT('',(-1.5E1,1.5E1,1.42E0));
#9080=DIRECTION('',(0.E0,0.E0,1.E0));
#9081=DIRECTION('',(1.E0,0.E0,0.E0));
#9082=AXIS2_PLACEMENT_3D('',#9079,#9080,#9081);
#9083=CYLINDRICAL_SURFACE('',#9082,1.18E1);
#9084=ORIENTED_EDGE('',*,*,#8899,.T.);
#9086=ORIENTED_EDGE('',*,*,#9085,.F.);
#9087=ORIENTED_EDGE('',*,*,#8993,.T.);
#9088=ORIENTED_EDGE('',*,*,#9071,.T.);
#9089=EDGE_LOOP('',(#9084,#9086,#9087,#9088));
#9090=FACE_OUTER_BOUND('',#9089,.F.);
#9091=ADVANCED_FACE('',(#9090),#9083,.T.);
#9092=CARTESIAN_POINT('',(-1.3E1,3.370726591915E0,1.42E0));
#9093=DIRECTION('',(-1.E0,0.E0,0.E0));
#9094=DIRECTION('',(0.E0,0.E0,1.E0));
#9095=AXIS2_PLACEMENT_3D('',#9092,#9093,#9094);
#9096=PLANE('',#9095);
#9097=ORIENTED_EDGE('',*,*,#8995,.F.);
#9098=ORIENTED_EDGE('',*,*,#9085,.T.);
#9099=ORIENTED_EDGE('',*,*,#8897,.T.);
#9101=ORIENTED_EDGE('',*,*,#9100,.T.);
#9102=EDGE_LOOP('',(#9097,#9098,#9099,#9101));
#9103=FACE_OUTER_BOUND('',#9102,.F.);
#9104=ADVANCED_FACE('',(#9103),#9096,.T.);
#9105=CARTESIAN_POINT('',(-1.5E1,5.5E0,1.42E0));
#9106=DIRECTION('',(0.E0,0.E0,1.E0));
#9107=DIRECTION('',(1.E0,0.E0,0.E0));
#9108=AXIS2_PLACEMENT_3D('',#9105,#9106,#9107);
#9109=CYLINDRICAL_SURFACE('',#9108,2.E0);
#9110=ORIENTED_EDGE('',*,*,#8997,.T.);
#9111=ORIENTED_EDGE('',*,*,#9100,.F.);
#9112=ORIENTED_EDGE('',*,*,#8895,.T.);
#9113=ORIENTED_EDGE('',*,*,#8967,.F.);
#9114=EDGE_LOOP('',(#9110,#9111,#9112,#9113));
#9115=FACE_OUTER_BOUND('',#9114,.F.);
#9116=ADVANCED_FACE('',(#9115),#9109,.F.);
#9117=CARTESIAN_POINT('',(-2.335E1,2.195E1,1.22E0));
#9118=DIRECTION('',(0.E0,1.E0,0.E0));
#9119=DIRECTION('',(-1.E0,0.E0,0.E0));
#9120=AXIS2_PLACEMENT_3D('',#9117,#9118,#9119);
#9121=PLANE('',#9120);
#9122=ORIENTED_EDGE('',*,*,#9001,.T.);
#9124=ORIENTED_EDGE('',*,*,#9123,.T.);
#9126=ORIENTED_EDGE('',*,*,#9125,.F.);
#9128=ORIENTED_EDGE('',*,*,#9127,.F.);
#9129=EDGE_LOOP('',(#9122,#9124,#9126,#9128));
#9130=FACE_OUTER_BOUND('',#9129,.F.);
#9131=ADVANCED_FACE('',(#9130),#9121,.F.);
#9132=CARTESIAN_POINT('',(-6.65E0,2.195E1,1.22E0));
#9133=DIRECTION('',(1.E0,0.E0,0.E0));
#9134=DIRECTION('',(0.E0,0.E0,-1.E0));
#9135=AXIS2_PLACEMENT_3D('',#9132,#9133,#9134);
#9136=PLANE('',#9135);
#9137=ORIENTED_EDGE('',*,*,#9007,.T.);
#9139=ORIENTED_EDGE('',*,*,#9138,.T.);
#9141=ORIENTED_EDGE('',*,*,#9140,.F.);
#9142=ORIENTED_EDGE('',*,*,#9123,.F.);
#9143=EDGE_LOOP('',(#9137,#9139,#9141,#9142));
#9144=FACE_OUTER_BOUND('',#9143,.F.);
#9145=ADVANCED_FACE('',(#9144),#9136,.F.);
#9146=CARTESIAN_POINT('',(-2.335E1,8.05E0,1.22E0));
#9147=DIRECTION('',(0.E0,-1.E0,0.E0));
#9148=DIRECTION('',(1.E0,0.E0,0.E0));
#9149=AXIS2_PLACEMENT_3D('',#9146,#9147,#9148);
#9150=PLANE('',#9149);
#9151=ORIENTED_EDGE('',*,*,#9005,.T.);
#9153=ORIENTED_EDGE('',*,*,#9152,.T.);
#9155=ORIENTED_EDGE('',*,*,#9154,.F.);
#9156=ORIENTED_EDGE('',*,*,#9138,.F.);
#9157=EDGE_LOOP('',(#9151,#9153,#9155,#9156));
#9158=FACE_OUTER_BOUND('',#9157,.F.);
#9159=ADVANCED_FACE('',(#9158),#9150,.F.);
#9160=CARTESIAN_POINT('',(-2.335E1,2.195E1,1.22E0));
#9161=DIRECTION('',(-1.E0,0.E0,0.E0));
#9162=DIRECTION('',(0.E0,0.E0,1.E0));
#9163=AXIS2_PLACEMENT_3D('',#9160,#9161,#9162);
#9164=PLANE('',#9163);
#9165=ORIENTED_EDGE('',*,*,#9003,.T.);
#9166=ORIENTED_EDGE('',*,*,#9127,.T.);
#9168=ORIENTED_EDGE('',*,*,#9167,.F.);
#9169=ORIENTED_EDGE('',*,*,#9152,.F.);
#9170=EDGE_LOOP('',(#9165,#9166,#9168,#9169));
#9171=FACE_OUTER_BOUND('',#9170,.F.);
#9172=ADVANCED_FACE('',(#9171),#9164,.F.);
#9173=CARTESIAN_POINT('',(-2.335E1,2.195E1,1.22E0));
#9174=DIRECTION('',(0.E0,0.E0,1.E0));
#9175=DIRECTION('',(1.E0,0.E0,0.E0));
#9176=AXIS2_PLACEMENT_3D('',#9173,#9174,#9175);
#9177=PLANE('',#9176);
#9178=ORIENTED_EDGE('',*,*,#9167,.T.);
#9179=ORIENTED_EDGE('',*,*,#9125,.T.);
#9180=ORIENTED_EDGE('',*,*,#9140,.T.);
#9181=ORIENTED_EDGE('',*,*,#9154,.T.);
#9182=EDGE_LOOP('',(#9178,#9179,#9180,#9181));
#9183=FACE_OUTER_BOUND('',#9182,.F.);
#9185=ORIENTED_EDGE('',*,*,#9184,.F.);
#9187=ORIENTED_EDGE('',*,*,#9186,.F.);
#9189=ORIENTED_EDGE('',*,*,#9188,.F.);
#9191=ORIENTED_EDGE('',*,*,#9190,.F.);
#9192=EDGE_LOOP('',(#9185,#9187,#9189,#9191));
#9193=FACE_BOUND('',#9192,.F.);
#9194=ADVANCED_FACE('',(#9183,#9193),#9177,.T.);
#9195=CARTESIAN_POINT('',(-7.35E0,8.75E0,4.2E-1));
#9196=DIRECTION('',(1.E0,0.E0,0.E0));
#9197=DIRECTION('',(0.E0,0.E0,-1.E0));
#9198=AXIS2_PLACEMENT_3D('',#9195,#9196,#9197);
#9199=PLANE('',#9198);
#9200=ORIENTED_EDGE('',*,*,#9184,.T.);
#9202=ORIENTED_EDGE('',*,*,#9201,.T.);
#9204=ORIENTED_EDGE('',*,*,#9203,.F.);
#9206=ORIENTED_EDGE('',*,*,#9205,.F.);
#9207=EDGE_LOOP('',(#9200,#9202,#9204,#9206));
#9208=FACE_OUTER_BOUND('',#9207,.F.);
#9209=ADVANCED_FACE('',(#9208),#9199,.F.);
#9210=CARTESIAN_POINT('',(-2.265E1,8.75E0,4.2E-1));
#9211=DIRECTION('',(0.E0,-1.E0,0.E0));
#9212=DIRECTION('',(1.E0,0.E0,0.E0));
#9213=AXIS2_PLACEMENT_3D('',#9210,#9211,#9212);
#9214=PLANE('',#9213);
#9215=ORIENTED_EDGE('',*,*,#9190,.T.);
#9217=ORIENTED_EDGE('',*,*,#9216,.T.);
#9219=ORIENTED_EDGE('',*,*,#9218,.F.);
#9220=ORIENTED_EDGE('',*,*,#9201,.F.);
#9221=EDGE_LOOP('',(#9215,#9217,#9219,#9220));
#9222=FACE_OUTER_BOUND('',#9221,.F.);
#9223=ADVANCED_FACE('',(#9222),#9214,.F.);
#9224=CARTESIAN_POINT('',(-2.265E1,2.125E1,4.2E-1));
#9225=DIRECTION('',(-1.E0,0.E0,0.E0));
#9226=DIRECTION('',(0.E0,0.E0,1.E0));
#9227=AXIS2_PLACEMENT_3D('',#9224,#9225,#9226);
#9228=PLANE('',#9227);
#9229=ORIENTED_EDGE('',*,*,#9188,.T.);
#9231=ORIENTED_EDGE('',*,*,#9230,.T.);
#9233=ORIENTED_EDGE('',*,*,#9232,.F.);
#9234=ORIENTED_EDGE('',*,*,#9216,.F.);
#9235=EDGE_LOOP('',(#9229,#9231,#9233,#9234));
#9236=FACE_OUTER_BOUND('',#9235,.F.);
#9237=ADVANCED_FACE('',(#9236),#9228,.F.);
#9238=CARTESIAN_POINT('',(-7.35E0,2.125E1,4.2E-1));
#9239=DIRECTION('',(0.E0,1.E0,0.E0));
#9240=DIRECTION('',(-1.E0,0.E0,0.E0));
#9241=AXIS2_PLACEMENT_3D('',#9238,#9239,#9240);
#9242=PLANE('',#9241);
#9243=ORIENTED_EDGE('',*,*,#9186,.T.);
#9244=ORIENTED_EDGE('',*,*,#9205,.T.);
#9246=ORIENTED_EDGE('',*,*,#9245,.F.);
#9247=ORIENTED_EDGE('',*,*,#9230,.F.);
#9248=EDGE_LOOP('',(#9243,#9244,#9246,#9247));
#9249=FACE_OUTER_BOUND('',#9248,.F.);
#9250=ADVANCED_FACE('',(#9249),#9242,.F.);
#9251=CARTESIAN_POINT('',(-7.35E0,2.125E1,3.2E-1));
#9252=DIRECTION('',(0.E0,0.E0,1.E0));
#9253=DIRECTION('',(1.E0,0.E0,0.E0));
#9254=AXIS2_PLACEMENT_3D('',#9251,#9252,#9253);
#9255=PLANE('',#9254);
#9256=ORIENTED_EDGE('',*,*,#9203,.T.);
#9257=ORIENTED_EDGE('',*,*,#9218,.T.);
#9258=ORIENTED_EDGE('',*,*,#9232,.T.);
#9259=ORIENTED_EDGE('',*,*,#9245,.T.);
#9260=EDGE_LOOP('',(#9256,#9257,#9258,#9259));
#9261=FACE_OUTER_BOUND('',#9260,.F.);
#9262=ADVANCED_FACE('',(#9261),#9255,.T.);
#9263=FILL_AREA_STYLE_COLOUR('',#2221);
#9264=FILL_AREA_STYLE('',(#9263));
#9265=SURFACE_STYLE_FILL_AREA(#9264);
#9266=SURFACE_SIDE_STYLE('',(#9265));
#9267=SURFACE_STYLE_USAGE(.BOTH.,#9266);
#9268=PRESENTATION_STYLE_ASSIGNMENT((#9267));
#9269=OVER_RIDING_STYLED_ITEM('',(#9268),#9262,#2222);
#9270=CARTESIAN_POINT('',(-1.5E1,5.5E0,2.02E0));
#9271=DIRECTION('',(0.E0,0.E0,-1.E0));
#9272=DIRECTION('',(-1.E0,0.E0,0.E0));
#9273=AXIS2_PLACEMENT_3D('',#9270,#9271,#9272);
#9274=CYLINDRICAL_SURFACE('',#9273,1.75E0);
#9276=ORIENTED_EDGE('',*,*,#9275,.F.);
#9277=ORIENTED_EDGE('',*,*,#8915,.T.);
#9279=ORIENTED_EDGE('',*,*,#9278,.T.);
#9281=ORIENTED_EDGE('',*,*,#9280,.T.);
#9282=EDGE_LOOP('',(#9276,#9277,#9279,#9281));
#9283=FACE_OUTER_BOUND('',#9282,.F.);
#9284=ADVANCED_FACE('',(#9283),#9274,.T.);
#9285=CARTESIAN_POINT('',(-1.5E1,5.5E0,2.02E0));
#9286=DIRECTION('',(0.E0,0.E0,-1.E0));
#9287=DIRECTION('',(-1.E0,0.E0,0.E0));
#9288=AXIS2_PLACEMENT_3D('',#9285,#9286,#9287);
#9289=CYLINDRICAL_SURFACE('',#9288,1.75E0);
#9291=ORIENTED_EDGE('',*,*,#9290,.T.);
#9292=ORIENTED_EDGE('',*,*,#9278,.F.);
#9293=ORIENTED_EDGE('',*,*,#8917,.T.);
#9294=ORIENTED_EDGE('',*,*,#9275,.T.);
#9295=EDGE_LOOP('',(#9291,#9292,#9293,#9294));
#9296=FACE_OUTER_BOUND('',#9295,.F.);
#9297=ADVANCED_FACE('',(#9296),#9289,.T.);
#9298=CARTESIAN_POINT('',(-1.5E1,5.5E0,2.02E0));
#9299=DIRECTION('',(0.E0,0.E0,1.E0));
#9300=DIRECTION('',(1.E0,0.E0,0.E0));
#9301=AXIS2_PLACEMENT_3D('',#9298,#9299,#9300);
#9302=PLANE('',#9301);
#9303=ORIENTED_EDGE('',*,*,#9280,.F.);
#9304=ORIENTED_EDGE('',*,*,#9290,.F.);
#9305=EDGE_LOOP('',(#9303,#9304));
#9306=FACE_OUTER_BOUND('',#9305,.F.);
#9307=ADVANCED_FACE('',(#9306),#9302,.T.);
#9308=CARTESIAN_POINT('',(7.317193725931E-14,2.6E1,0.E0));
#9309=DIRECTION('',(0.E0,1.E0,0.E0));
#9310=DIRECTION('',(-1.E0,0.E0,0.E0));
#9311=AXIS2_PLACEMENT_3D('',#9308,#9309,#9310);
#9312=CYLINDRICAL_SURFACE('',#9311,2.E0);
#9314=ORIENTED_EDGE('',*,*,#9313,.F.);
#9315=ORIENTED_EDGE('',*,*,#6237,.T.);
#9317=ORIENTED_EDGE('',*,*,#9316,.T.);
#9319=ORIENTED_EDGE('',*,*,#9318,.T.);
#9320=EDGE_LOOP('',(#9314,#9315,#9317,#9319));
#9321=FACE_OUTER_BOUND('',#9320,.F.);
#9322=ADVANCED_FACE('',(#9321),#9312,.F.);
#9323=FILL_AREA_STYLE_COLOUR('',#2219);
#9324=FILL_AREA_STYLE('',(#9323));
#9325=SURFACE_STYLE_FILL_AREA(#9324);
#9326=SURFACE_SIDE_STYLE('',(#9325));
#9327=SURFACE_STYLE_USAGE(.BOTH.,#9326);
#9328=PRESENTATION_STYLE_ASSIGNMENT((#9327));
#9329=OVER_RIDING_STYLED_ITEM('',(#9328),#9322,#2222);
#9330=CARTESIAN_POINT('',(7.317193725931E-14,2.6E1,0.E0));
#9331=DIRECTION('',(0.E0,1.E0,0.E0));
#9332=DIRECTION('',(-1.E0,0.E0,0.E0));
#9333=AXIS2_PLACEMENT_3D('',#9330,#9331,#9332);
#9334=CYLINDRICAL_SURFACE('',#9333,2.E0);
#9336=ORIENTED_EDGE('',*,*,#9335,.T.);
#9337=ORIENTED_EDGE('',*,*,#9316,.F.);
#9338=ORIENTED_EDGE('',*,*,#6239,.T.);
#9339=ORIENTED_EDGE('',*,*,#9313,.T.);
#9340=EDGE_LOOP('',(#9336,#9337,#9338,#9339));
#9341=FACE_OUTER_BOUND('',#9340,.F.);
#9342=ADVANCED_FACE('',(#9341),#9334,.F.);
#9343=FILL_AREA_STYLE_COLOUR('',#2219);
#9344=FILL_AREA_STYLE('',(#9343));
#9345=SURFACE_STYLE_FILL_AREA(#9344);
#9346=SURFACE_SIDE_STYLE('',(#9345));
#9347=SURFACE_STYLE_USAGE(.BOTH.,#9346);
#9348=PRESENTATION_STYLE_ASSIGNMENT((#9347));
#9349=OVER_RIDING_STYLED_ITEM('',(#9348),#9342,#2222);
#9350=CARTESIAN_POINT('',(7.317193725931E-14,2.6E1,0.E0));
#9351=DIRECTION('',(0.E0,-1.E0,0.E0));
#9352=DIRECTION('',(1.E0,0.E0,0.E0));
#9353=AXIS2_PLACEMENT_3D('',#9350,#9351,#9352);
#9354=PLANE('',#9353);
#9355=ORIENTED_EDGE('',*,*,#9318,.F.);
#9356=ORIENTED_EDGE('',*,*,#9335,.F.);
#9357=EDGE_LOOP('',(#9355,#9356));
#9358=FACE_OUTER_BOUND('',#9357,.F.);
#9359=ADVANCED_FACE('',(#9358),#9354,.F.);
#9360=CARTESIAN_POINT('',(-3.E1,2.6E1,0.E0));
#9361=DIRECTION('',(0.E0,1.E0,0.E0));
#9362=DIRECTION('',(-1.E0,0.E0,0.E0));
#9363=AXIS2_PLACEMENT_3D('',#9360,#9361,#9362);
#9364=CYLINDRICAL_SURFACE('',#9363,2.E0);
#9366=ORIENTED_EDGE('',*,*,#9365,.F.);
#9367=ORIENTED_EDGE('',*,*,#6243,.T.);
#9369=ORIENTED_EDGE('',*,*,#9368,.T.);
#9371=ORIENTED_EDGE('',*,*,#9370,.T.);
#9372=EDGE_LOOP('',(#9366,#9367,#9369,#9371));
#9373=FACE_OUTER_BOUND('',#9372,.F.);
#9374=ADVANCED_FACE('',(#9373),#9364,.F.);
#9375=FILL_AREA_STYLE_COLOUR('',#2219);
#9376=FILL_AREA_STYLE('',(#9375));
#9377=SURFACE_STYLE_FILL_AREA(#9376);
#9378=SURFACE_SIDE_STYLE('',(#9377));
#9379=SURFACE_STYLE_USAGE(.BOTH.,#9378);
#9380=PRESENTATION_STYLE_ASSIGNMENT((#9379));
#9381=OVER_RIDING_STYLED_ITEM('',(#9380),#9374,#2222);
#9382=CARTESIAN_POINT('',(-3.E1,2.6E1,0.E0));
#9383=DIRECTION('',(0.E0,1.E0,0.E0));
#9384=DIRECTION('',(-1.E0,0.E0,0.E0));
#9385=AXIS2_PLACEMENT_3D('',#9382,#9383,#9384);
#9386=CYLINDRICAL_SURFACE('',#9385,2.E0);
#9388=ORIENTED_EDGE('',*,*,#9387,.T.);
#9389=ORIENTED_EDGE('',*,*,#9368,.F.);
#9390=ORIENTED_EDGE('',*,*,#6245,.T.);
#9391=ORIENTED_EDGE('',*,*,#9365,.T.);
#9392=EDGE_LOOP('',(#9388,#9389,#9390,#9391));
#9393=FACE_OUTER_BOUND('',#9392,.F.);
#9394=ADVANCED_FACE('',(#9393),#9386,.F.);
#9395=FILL_AREA_STYLE_COLOUR('',#2219);
#9396=FILL_AREA_STYLE('',(#9395));
#9397=SURFACE_STYLE_FILL_AREA(#9396);
#9398=SURFACE_SIDE_STYLE('',(#9397));
#9399=SURFACE_STYLE_USAGE(.BOTH.,#9398);
#9400=PRESENTATION_STYLE_ASSIGNMENT((#9399));
#9401=OVER_RIDING_STYLED_ITEM('',(#9400),#9394,#2222);
#9402=CARTESIAN_POINT('',(-3.E1,2.6E1,0.E0));
#9403=DIRECTION('',(0.E0,1.E0,0.E0));
#9404=DIRECTION('',(-1.E0,0.E0,0.E0));
#9405=AXIS2_PLACEMENT_3D('',#9402,#9403,#9404);
#9406=PLANE('',#9405);
#9407=ORIENTED_EDGE('',*,*,#9370,.F.);
#9408=ORIENTED_EDGE('',*,*,#9387,.F.);
#9409=EDGE_LOOP('',(#9407,#9408));
#9410=FACE_OUTER_BOUND('',#9409,.F.);
#9411=ADVANCED_FACE('',(#9410),#9406,.T.);
#9412=CARTESIAN_POINT('',(-3.E1,4.E0,0.E0));
#9413=DIRECTION('',(0.E0,-1.E0,0.E0));
#9414=DIRECTION('',(1.E0,0.E0,0.E0));
#9415=AXIS2_PLACEMENT_3D('',#9412,#9413,#9414);
#9416=CYLINDRICAL_SURFACE('',#9415,2.E0);
#9418=ORIENTED_EDGE('',*,*,#9417,.F.);
#9419=ORIENTED_EDGE('',*,*,#6157,.T.);
#9421=ORIENTED_EDGE('',*,*,#9420,.T.);
#9423=ORIENTED_EDGE('',*,*,#9422,.T.);
#9424=EDGE_LOOP('',(#9418,#9419,#9421,#9423));
#9425=FACE_OUTER_BOUND('',#9424,.F.);
#9426=ADVANCED_FACE('',(#9425),#9416,.F.);
#9427=FILL_AREA_STYLE_COLOUR('',#2219);
#9428=FILL_AREA_STYLE('',(#9427));
#9429=SURFACE_STYLE_FILL_AREA(#9428);
#9430=SURFACE_SIDE_STYLE('',(#9429));
#9431=SURFACE_STYLE_USAGE(.BOTH.,#9430);
#9432=PRESENTATION_STYLE_ASSIGNMENT((#9431));
#9433=OVER_RIDING_STYLED_ITEM('',(#9432),#9426,#2222);
#9434=CARTESIAN_POINT('',(-3.E1,4.E0,0.E0));
#9435=DIRECTION('',(0.E0,-1.E0,0.E0));
#9436=DIRECTION('',(1.E0,0.E0,0.E0));
#9437=AXIS2_PLACEMENT_3D('',#9434,#9435,#9436);
#9438=CYLINDRICAL_SURFACE('',#9437,2.E0);
#9440=ORIENTED_EDGE('',*,*,#9439,.T.);
#9441=ORIENTED_EDGE('',*,*,#9420,.F.);
#9442=ORIENTED_EDGE('',*,*,#6159,.T.);
#9443=ORIENTED_EDGE('',*,*,#9417,.T.);
#9444=EDGE_LOOP('',(#9440,#9441,#9442,#9443));
#9445=FACE_OUTER_BOUND('',#9444,.F.);
#9446=ADVANCED_FACE('',(#9445),#9438,.F.);
#9447=FILL_AREA_STYLE_COLOUR('',#2219);
#9448=FILL_AREA_STYLE('',(#9447));
#9449=SURFACE_STYLE_FILL_AREA(#9448);
#9450=SURFACE_SIDE_STYLE('',(#9449));
#9451=SURFACE_STYLE_USAGE(.BOTH.,#9450);
#9452=PRESENTATION_STYLE_ASSIGNMENT((#9451));
#9453=OVER_RIDING_STYLED_ITEM('',(#9452),#9446,#2222);
#9454=CARTESIAN_POINT('',(-3.E1,4.E0,0.E0));
#9455=DIRECTION('',(0.E0,1.E0,0.E0));
#9456=DIRECTION('',(-1.E0,0.E0,0.E0));
#9457=AXIS2_PLACEMENT_3D('',#9454,#9455,#9456);
#9458=PLANE('',#9457);
#9459=ORIENTED_EDGE('',*,*,#9422,.F.);
#9460=ORIENTED_EDGE('',*,*,#9439,.F.);
#9461=EDGE_LOOP('',(#9459,#9460));
#9462=FACE_OUTER_BOUND('',#9461,.F.);
#9463=ADVANCED_FACE('',(#9462),#9458,.F.);
#9464=CARTESIAN_POINT('',(0.E0,4.E0,0.E0));
#9465=DIRECTION('',(0.E0,-1.E0,0.E0));
#9466=DIRECTION('',(1.E0,0.E0,0.E0));
#9467=AXIS2_PLACEMENT_3D('',#9464,#9465,#9466);
#9468=CYLINDRICAL_SURFACE('',#9467,2.E0);
#9470=ORIENTED_EDGE('',*,*,#9469,.F.);
#9471=ORIENTED_EDGE('',*,*,#6163,.T.);
#9473=ORIENTED_EDGE('',*,*,#9472,.T.);
#9475=ORIENTED_EDGE('',*,*,#9474,.T.);
#9476=EDGE_LOOP('',(#9470,#9471,#9473,#9475));
#9477=FACE_OUTER_BOUND('',#9476,.F.);
#9478=ADVANCED_FACE('',(#9477),#9468,.F.);
#9479=FILL_AREA_STYLE_COLOUR('',#2219);
#9480=FILL_AREA_STYLE('',(#9479));
#9481=SURFACE_STYLE_FILL_AREA(#9480);
#9482=SURFACE_SIDE_STYLE('',(#9481));
#9483=SURFACE_STYLE_USAGE(.BOTH.,#9482);
#9484=PRESENTATION_STYLE_ASSIGNMENT((#9483));
#9485=OVER_RIDING_STYLED_ITEM('',(#9484),#9478,#2222);
#9486=CARTESIAN_POINT('',(0.E0,4.E0,0.E0));
#9487=DIRECTION('',(0.E0,-1.E0,0.E0));
#9488=DIRECTION('',(1.E0,0.E0,0.E0));
#9489=AXIS2_PLACEMENT_3D('',#9486,#9487,#9488);
#9490=CYLINDRICAL_SURFACE('',#9489,2.E0);
#9492=ORIENTED_EDGE('',*,*,#9491,.T.);
#9493=ORIENTED_EDGE('',*,*,#9472,.F.);
#9494=ORIENTED_EDGE('',*,*,#6165,.T.);
#9495=ORIENTED_EDGE('',*,*,#9469,.T.);
#9496=EDGE_LOOP('',(#9492,#9493,#9494,#9495));
#9497=FACE_OUTER_BOUND('',#9496,.F.);
#9498=ADVANCED_FACE('',(#9497),#9490,.F.);
#9499=FILL_AREA_STYLE_COLOUR('',#2219);
#9500=FILL_AREA_STYLE('',(#9499));
#9501=SURFACE_STYLE_FILL_AREA(#9500);
#9502=SURFACE_SIDE_STYLE('',(#9501));
#9503=SURFACE_STYLE_USAGE(.BOTH.,#9502);
#9504=PRESENTATION_STYLE_ASSIGNMENT((#9503));
#9505=OVER_RIDING_STYLED_ITEM('',(#9504),#9498,#2222);
#9506=CARTESIAN_POINT('',(0.E0,4.E0,0.E0));
#9507=DIRECTION('',(0.E0,-1.E0,0.E0));
#9508=DIRECTION('',(1.E0,0.E0,0.E0));
#9509=AXIS2_PLACEMENT_3D('',#9506,#9507,#9508);
#9510=PLANE('',#9509);
#9511=ORIENTED_EDGE('',*,*,#9474,.F.);
#9512=ORIENTED_EDGE('',*,*,#9491,.F.);
#9513=EDGE_LOOP('',(#9511,#9512));
#9514=FACE_OUTER_BOUND('',#9513,.F.);
#9515=ADVANCED_FACE('',(#9514),#9510,.T.);
#9518=FILL_AREA_STYLE_COLOUR('',#2214);
#9519=FILL_AREA_STYLE('',(#9518));
#9520=SURFACE_STYLE_FILL_AREA(#9519);
#9521=SURFACE_SIDE_STYLE('',(#9520));
#9522=SURFACE_STYLE_USAGE(.BOTH.,#9521);
#9523=PRESENTATION_STYLE_ASSIGNMENT((#9522));
#2222=STYLED_ITEM('',(#9523),#9517);
#9524=PRESENTATION_LAYER_ASSIGNMENT('NONE','',(#2222,#6119,#6134,#6169,#6184,
#6199,#6214,#6249,#6263,#6297,#6312,#6353,#6368,#6382,#6396,#6422,#6436,#6450,
#6464,#6489,#6565,#6580,#6594,#6608,#6621,#6639,#6654,#6674,#6691,#6706,#6720,
#6734,#6747,#6769,#6784,#6798,#6812,#6825,#6883,#6905,#6927,#6947,#6967,#6986,
#7008,#7029,#7050,#7070,#7089,#7111,#7125,#7139,#7153,#7167,#7181,#7195,#7209,
#7223,#7237,#7251,#7264,#7284,#7299,#7312,#7328,#7343,#7363,#7380,#7402,#7415,
#7431,#7446,#7466,#7483,#7505,#7518,#7534,#7549,#7569,#7586,#7608,#7621,#7637,
#7652,#7672,#7689,#7711,#7731,#7754,#7776,#7796,#7819,#7841,#7861,#7884,#7906,
#7926,#7949,#7971,#7991,#8008,#8030,#8044,#8058,#8071,#8089,#8104,#8124,#8141,
#8156,#8176,#8193,#8208,#8228,#8245,#8260,#8280,#8297,#8312,#8332,#8349,#8363,
#8376,#8389,#8402,#8415,#8427,#8439,#8454,#8468,#8480,#8521,#8535,#8547,#8560,
#8571,#8583,#8596,#8609,#8622,#8635,#8648,#8659,#8674,#8687,#8703,#8718,#8731,
#8747,#8762,#8775,#8791,#8806,#8826,#8849,#8864,#8877,#8921,#8936,#8949,#8959,
#8974,#9011,#9026,#9039,#9052,#9065,#9078,#9091,#9104,#9116,#9131,#9145,#9159,
#9172,#9194,#9209,#9223,#9237,#9250,#9262,#9284,#9297,#9307,#9322,#9342,#9359,
#9374,#9394,#9411,#9426,#9446,#9463,#9478,#9498,#9515));
#9526=DIMENSIONAL_EXPONENTS(0.E0,0.E0,0.E0,0.E0,0.E0,0.E0,0.E0);
#9528=PLANE_ANGLE_MEASURE_WITH_UNIT(PLANE_ANGLE_MEASURE(1.745329251994E-2),
#9527);
#9529=(CONVERSION_BASED_UNIT('DEGREE',#9528)NAMED_UNIT(*)PLANE_ANGLE_UNIT());
#9531=UNCERTAINTY_MEASURE_WITH_UNIT(LENGTH_MEASURE(7.871559107772E-3),#9525,
'closure',
'Maximum model space distance between geometric entities at asserted connectivities');
#9532=(GEOMETRIC_REPRESENTATION_CONTEXT(3)GLOBAL_UNCERTAINTY_ASSIGNED_CONTEXT((
#9531))GLOBAL_UNIT_ASSIGNED_CONTEXT((#9525,#9529,#9530))REPRESENTATION_CONTEXT(
'ID2','3'));
#9533=CARTESIAN_POINT('',(0.E0,0.E0,0.E0));
#9534=DIRECTION('',(0.E0,0.E0,1.E0));
#9535=DIRECTION('',(1.E0,0.E0,0.E0));
#9538=MECHANICAL_CONTEXT('',#2193,'mechanical');
#9539=PRODUCT('STC_MCS122BPOE','STC_MCS122BPOE','NOT SPECIFIED',(#9538));
#9540=PRODUCT_DEFINITION_FORMATION_WITH_SPECIFIED_SOURCE('1','LAST_VERSION',
#9539,.MADE.);
#9546=CARTESIAN_POINT('',(-1.5E1,1.5E1,1.5E1));
#9547=DIRECTION('',(-1.E0,0.E0,0.E0));
#9548=DIRECTION('',(0.E0,0.E0,1.E0));
#9549=AXIS2_PLACEMENT_3D('',#9546,#9547,#9548);
#9550=ITEM_DEFINED_TRANSFORMATION('','',#9536,#9549);
#9551=(REPRESENTATION_RELATIONSHIP('','',#9537,#2204)REPRESENTATION_RELATIONSHIP_WITH_TRANSFORMATION(#9550)SHAPE_REPRESENTATION_RELATIONSHIP());
#9552=CONTEXT_DEPENDENT_SHAPE_REPRESENTATION(#9551,#9545);
#9555=CARTESIAN_POINT('',(0.E0,0.E0,0.E0));
#9556=DIRECTION('',(0.E0,1.E0,0.E0));
#9557=DIRECTION('',(1.E0,0.E0,0.E0));
#9558=AXIS2_PLACEMENT_3D('',#9555,#9556,#9557);
#9560=CURVE_STYLE('',#88,POSITIVE_LENGTH_MEASURE(2.E-2),#9553);
#9561=PRESENTATION_STYLE_ASSIGNMENT((#9560));
#9562=STYLED_ITEM('',(#9561),#9559);
#9563=CARTESIAN_POINT('',(0.E0,0.E0,0.E0));
#9564=DIRECTION('',(0.E0,1.E0,0.E0));
#9565=DIRECTION('',(-1.E0,0.E0,0.E0));
#9566=AXIS2_PLACEMENT_3D('',#9563,#9564,#9565);
#9568=CURVE_STYLE('',#88,POSITIVE_LENGTH_MEASURE(2.E-2),#9553);
#9569=PRESENTATION_STYLE_ASSIGNMENT((#9568));
#9570=STYLED_ITEM('',(#9569),#9567);
#9571=DIRECTION('',(0.E0,1.E0,0.E0));
#9572=VECTOR('',#9571,3.65E1);
#9573=CARTESIAN_POINT('',(1.525E1,0.E0,0.E0));
#9574=LINE('',#9573,#9572);
#9575=CURVE_STYLE('',#88,POSITIVE_LENGTH_MEASURE(2.E-2),#9553);
#9576=PRESENTATION_STYLE_ASSIGNMENT((#9575));
#9577=STYLED_ITEM('',(#9576),#9574);
#9578=DIRECTION('',(0.E0,1.E0,0.E0));
#9579=VECTOR('',#9578,3.65E1);
#9580=CARTESIAN_POINT('',(-1.525E1,0.E0,0.E0));
#9581=LINE('',#9580,#9579);
#9582=CURVE_STYLE('',#88,POSITIVE_LENGTH_MEASURE(2.E-2),#9553);
#9583=PRESENTATION_STYLE_ASSIGNMENT((#9582));
#9584=STYLED_ITEM('',(#9583),#9581);
#9585=CARTESIAN_POINT('',(0.E0,3.65E1,0.E0));
#9586=DIRECTION('',(0.E0,1.E0,0.E0));
#9587=DIRECTION('',(1.E0,0.E0,0.E0));
#9588=AXIS2_PLACEMENT_3D('',#9585,#9586,#9587);
#9590=CURVE_STYLE('',#88,POSITIVE_LENGTH_MEASURE(2.E-2),#9553);
#9591=PRESENTATION_STYLE_ASSIGNMENT((#9590));
#9592=STYLED_ITEM('',(#9591),#9589);
#9593=CARTESIAN_POINT('',(0.E0,3.65E1,0.E0));
#9594=DIRECTION('',(0.E0,1.E0,0.E0));
#9595=DIRECTION('',(-1.E0,0.E0,0.E0));
#9596=AXIS2_PLACEMENT_3D('',#9593,#9594,#9595);
#9598=CURVE_STYLE('',#88,POSITIVE_LENGTH_MEASURE(2.E-2),#9553);
#9599=PRESENTATION_STYLE_ASSIGNMENT((#9598));
#9600=STYLED_ITEM('',(#9599),#9597);
#9601=CARTESIAN_POINT('',(0.E0,3.65E1,0.E0));
#9602=DIRECTION('',(0.E0,1.E0,0.E0));
#9603=DIRECTION('',(1.E0,0.E0,0.E0));
#9604=AXIS2_PLACEMENT_3D('',#9601,#9602,#9603);
#9606=CURVE_STYLE('',#88,POSITIVE_LENGTH_MEASURE(2.E-2),#9553);
#9607=PRESENTATION_STYLE_ASSIGNMENT((#9606));
#9608=STYLED_ITEM('',(#9607),#9605);
#9609=CARTESIAN_POINT('',(0.E0,3.65E1,0.E0));
#9610=DIRECTION('',(0.E0,1.E0,0.E0));
#9611=DIRECTION('',(-1.E0,0.E0,0.E0));
#9612=AXIS2_PLACEMENT_3D('',#9609,#9610,#9611);
#9614=CURVE_STYLE('',#88,POSITIVE_LENGTH_MEASURE(2.E-2),#9553);
#9615=PRESENTATION_STYLE_ASSIGNMENT((#9614));
#9616=STYLED_ITEM('',(#9615),#9613);
#9617=DIRECTION('',(0.E0,1.E0,0.E0));
#9618=VECTOR('',#9617,4.E0);
#9619=CARTESIAN_POINT('',(1.27E1,3.65E1,0.E0));
#9620=LINE('',#9619,#9618);
#9621=CURVE_STYLE('',#88,POSITIVE_LENGTH_MEASURE(2.E-2),#9553);
#9622=PRESENTATION_STYLE_ASSIGNMENT((#9621));
#9623=STYLED_ITEM('',(#9622),#9620);
#9624=DIRECTION('',(0.E0,1.E0,0.E0));
#9625=VECTOR('',#9624,4.E0);
#9626=CARTESIAN_POINT('',(-1.27E1,3.65E1,0.E0));
#9627=LINE('',#9626,#9625);
#9628=CURVE_STYLE('',#88,POSITIVE_LENGTH_MEASURE(2.E-2),#9553);
#9629=PRESENTATION_STYLE_ASSIGNMENT((#9628));
#9630=STYLED_ITEM('',(#9629),#9627);
#9631=CARTESIAN_POINT('',(0.E0,4.05E1,0.E0));
#9632=DIRECTION('',(0.E0,1.E0,0.E0));
#9633=DIRECTION('',(1.E0,0.E0,0.E0));
#9634=AXIS2_PLACEMENT_3D('',#9631,#9632,#9633);
#9636=CURVE_STYLE('',#88,POSITIVE_LENGTH_MEASURE(2.E-2),#9553);
#9637=PRESENTATION_STYLE_ASSIGNMENT((#9636));
#9638=STYLED_ITEM('',(#9637),#9635);
#9639=CARTESIAN_POINT('',(0.E0,4.05E1,0.E0));
#9640=DIRECTION('',(0.E0,1.E0,0.E0));
#9641=DIRECTION('',(-1.E0,0.E0,0.E0));
#9642=AXIS2_PLACEMENT_3D('',#9639,#9640,#9641);
#9644=CURVE_STYLE('',#88,POSITIVE_LENGTH_MEASURE(2.E-2),#9553);
#9645=PRESENTATION_STYLE_ASSIGNMENT((#9644));
#9646=STYLED_ITEM('',(#9645),#9643);
#9647=CARTESIAN_POINT('',(1.525E1,0.E0,0.E0));
#9648=CARTESIAN_POINT('',(-1.525E1,0.E0,0.E0));
#9649=VERTEX_POINT('',#9647);
#9650=VERTEX_POINT('',#9648);
#9651=CARTESIAN_POINT('',(1.525E1,3.65E1,0.E0));
#9652=CARTESIAN_POINT('',(-1.525E1,3.65E1,0.E0));
#9653=VERTEX_POINT('',#9651);
#9654=VERTEX_POINT('',#9652);
#9655=CARTESIAN_POINT('',(1.27E1,4.05E1,0.E0));
#9656=CARTESIAN_POINT('',(-1.27E1,4.05E1,0.E0));
#9657=VERTEX_POINT('',#9655);
#9658=VERTEX_POINT('',#9656);
#9659=CARTESIAN_POINT('',(1.27E1,3.65E1,0.E0));
#9660=CARTESIAN_POINT('',(-1.27E1,3.65E1,0.E0));
#9661=VERTEX_POINT('',#9659);
#9662=VERTEX_POINT('',#9660);
#9663=CARTESIAN_POINT('',(0.E0,0.E0,0.E0));
#9664=DIRECTION('',(0.E0,1.E0,0.E0));
#9665=DIRECTION('',(1.E0,0.E0,0.E0));
#9666=AXIS2_PLACEMENT_3D('',#9663,#9664,#9665);
#9667=PLANE('',#9666);
#9669=ORIENTED_EDGE('',*,*,#9668,.T.);
#9671=ORIENTED_EDGE('',*,*,#9670,.T.);
#9672=EDGE_LOOP('',(#9669,#9671));
#9673=FACE_OUTER_BOUND('',#9672,.F.);
#9674=ADVANCED_FACE('',(#9673),#9667,.F.);
#9675=CARTESIAN_POINT('',(0.E0,0.E0,0.E0));
#9676=DIRECTION('',(0.E0,1.E0,0.E0));
#9677=DIRECTION('',(1.E0,0.E0,0.E0));
#9678=AXIS2_PLACEMENT_3D('',#9675,#9676,#9677);
#9679=CYLINDRICAL_SURFACE('',#9678,1.525E1);
#9680=ORIENTED_EDGE('',*,*,#9668,.F.);
#9682=ORIENTED_EDGE('',*,*,#9681,.T.);
#9684=ORIENTED_EDGE('',*,*,#9683,.T.);
#9686=ORIENTED_EDGE('',*,*,#9685,.F.);
#9687=EDGE_LOOP('',(#9680,#9682,#9684,#9686));
#9688=FACE_OUTER_BOUND('',#9687,.F.);
#9689=ADVANCED_FACE('',(#9688),#9679,.T.);
#9690=CARTESIAN_POINT('',(0.E0,0.E0,0.E0));
#9691=DIRECTION('',(0.E0,1.E0,0.E0));
#9692=DIRECTION('',(1.E0,0.E0,0.E0));
#9693=AXIS2_PLACEMENT_3D('',#9690,#9691,#9692);
#9694=CYLINDRICAL_SURFACE('',#9693,1.525E1);
#9695=ORIENTED_EDGE('',*,*,#9670,.F.);
#9696=ORIENTED_EDGE('',*,*,#9685,.T.);
#9698=ORIENTED_EDGE('',*,*,#9697,.T.);
#9699=ORIENTED_EDGE('',*,*,#9681,.F.);
#9700=EDGE_LOOP('',(#9695,#9696,#9698,#9699));
#9701=FACE_OUTER_BOUND('',#9700,.F.);
#9702=ADVANCED_FACE('',(#9701),#9694,.T.);
#9703=CARTESIAN_POINT('',(0.E0,3.65E1,0.E0));
#9704=DIRECTION('',(0.E0,1.E0,0.E0));
#9705=DIRECTION('',(1.E0,0.E0,0.E0));
#9706=AXIS2_PLACEMENT_3D('',#9703,#9704,#9705);
#9707=PLANE('',#9706);
#9708=ORIENTED_EDGE('',*,*,#9683,.F.);
#9709=ORIENTED_EDGE('',*,*,#9697,.F.);
#9710=EDGE_LOOP('',(#9708,#9709));
#9711=FACE_OUTER_BOUND('',#9710,.F.);
#9713=ORIENTED_EDGE('',*,*,#9712,.T.);
#9715=ORIENTED_EDGE('',*,*,#9714,.T.);
#9716=EDGE_LOOP('',(#9713,#9715));
#9717=FACE_BOUND('',#9716,.F.);
#9718=ADVANCED_FACE('',(#9711,#9717),#9707,.T.);
#9719=CARTESIAN_POINT('',(0.E0,3.65E1,0.E0));
#9720=DIRECTION('',(0.E0,1.E0,0.E0));
#9721=DIRECTION('',(1.E0,0.E0,0.E0));
#9722=AXIS2_PLACEMENT_3D('',#9719,#9720,#9721);
#9723=CYLINDRICAL_SURFACE('',#9722,1.27E1);
#9724=ORIENTED_EDGE('',*,*,#9712,.F.);
#9726=ORIENTED_EDGE('',*,*,#9725,.T.);
#9728=ORIENTED_EDGE('',*,*,#9727,.T.);
#9730=ORIENTED_EDGE('',*,*,#9729,.F.);
#9731=EDGE_LOOP('',(#9724,#9726,#9728,#9730));
#9732=FACE_OUTER_BOUND('',#9731,.F.);
#9733=ADVANCED_FACE('',(#9732),#9723,.T.);
#9734=CARTESIAN_POINT('',(0.E0,3.65E1,0.E0));
#9735=DIRECTION('',(0.E0,1.E0,0.E0));
#9736=DIRECTION('',(1.E0,0.E0,0.E0));
#9737=AXIS2_PLACEMENT_3D('',#9734,#9735,#9736);
#9738=CYLINDRICAL_SURFACE('',#9737,1.27E1);
#9739=ORIENTED_EDGE('',*,*,#9714,.F.);
#9740=ORIENTED_EDGE('',*,*,#9729,.T.);
#9742=ORIENTED_EDGE('',*,*,#9741,.T.);
#9743=ORIENTED_EDGE('',*,*,#9725,.F.);
#9744=EDGE_LOOP('',(#9739,#9740,#9742,#9743));
#9745=FACE_OUTER_BOUND('',#9744,.F.);
#9746=ADVANCED_FACE('',(#9745),#9738,.T.);
#9747=CARTESIAN_POINT('',(0.E0,4.05E1,0.E0));
#9748=DIRECTION('',(0.E0,1.E0,0.E0));
#9749=DIRECTION('',(1.E0,0.E0,0.E0));
#9750=AXIS2_PLACEMENT_3D('',#9747,#9748,#9749);
#9751=PLANE('',#9750);
#9752=ORIENTED_EDGE('',*,*,#9727,.F.);
#9753=ORIENTED_EDGE('',*,*,#9741,.F.);
#9754=EDGE_LOOP('',(#9752,#9753));
#9755=FACE_OUTER_BOUND('',#9754,.F.);
#9756=ADVANCED_FACE('',(#9755),#9751,.T.);
#9759=FILL_AREA_STYLE_COLOUR('',#9553);
#9760=FILL_AREA_STYLE('',(#9759));
#9761=SURFACE_STYLE_FILL_AREA(#9760);
#9762=SURFACE_SIDE_STYLE('',(#9761));
#9763=SURFACE_STYLE_USAGE(.BOTH.,#9762);
#9764=PRESENTATION_STYLE_ASSIGNMENT((#9763));
#9554=STYLED_ITEM('',(#9764),#9758);
#9766=DIMENSIONAL_EXPONENTS(0.E0,0.E0,0.E0,0.E0,0.E0,0.E0,0.E0);
#9768=PLANE_ANGLE_MEASURE_WITH_UNIT(PLANE_ANGLE_MEASURE(1.745329251994E-2),
#9767);
#9769=(CONVERSION_BASED_UNIT('DEGREE',#9768)NAMED_UNIT(*)PLANE_ANGLE_UNIT());
#9771=UNCERTAINTY_MEASURE_WITH_UNIT(LENGTH_MEASURE(5.916476946293E-3),#9765,
'closure',
'Maximum model space distance between geometric entities at asserted connectivities');
#9772=(GEOMETRIC_REPRESENTATION_CONTEXT(3)GLOBAL_UNCERTAINTY_ASSIGNED_CONTEXT((
#9771))GLOBAL_UNIT_ASSIGNED_CONTEXT((#9765,#9769,#9770))REPRESENTATION_CONTEXT(
'ID3','3'));
#9773=CARTESIAN_POINT('',(0.E0,0.E0,0.E0));
#9774=DIRECTION('',(0.E0,0.E0,1.E0));
#9775=DIRECTION('',(1.E0,0.E0,0.E0));
#9778=DESIGN_CONTEXT('',#2193,'design');
#9779=MECHANICAL_CONTEXT('',#2193,'mechanical');
#9780=PRODUCT('VS-LDA35','VS-LDA35','NOT SPECIFIED',(#9779));
#9781=PRODUCT_DEFINITION_FORMATION_WITH_SPECIFIED_SOURCE('2','LAST_VERSION',
#9780,.MADE.);
#9787=CARTESIAN_POINT('',(-6.6E1,3.E1,0.E0));
#9788=DIRECTION('',(0.E0,0.E0,-1.E0));
#9789=DIRECTION('',(0.E0,1.E0,0.E0));
#9790=AXIS2_PLACEMENT_3D('',#9787,#9788,#9789);
#9791=ITEM_DEFINED_TRANSFORMATION('','',#9776,#9790);
#9792=(REPRESENTATION_RELATIONSHIP('','',#9777,#2204)REPRESENTATION_RELATIONSHIP_WITH_TRANSFORMATION(#9791)SHAPE_REPRESENTATION_RELATIONSHIP());
#9793=CONTEXT_DEPENDENT_SHAPE_REPRESENTATION(#9792,#9786);
#9796=DIRECTION('',(1.E0,0.E0,0.E0));
#9797=VECTOR('',#9796,4.096E1);
#9798=CARTESIAN_POINT('',(-2.048E1,0.E0,1.5E1));
#9799=LINE('',#9798,#9797);
#9800=CURVE_STYLE('',#88,POSITIVE_LENGTH_MEASURE(2.E-2),#74);
#9801=PRESENTATION_STYLE_ASSIGNMENT((#9800));
#9802=STYLED_ITEM('',(#9801),#9799);
#9803=DIRECTION('',(0.E0,0.E0,-1.E0));
#9804=VECTOR('',#9803,3.E1);
#9805=CARTESIAN_POINT('',(2.048E1,0.E0,1.5E1));
#9806=LINE('',#9805,#9804);
#9807=CURVE_STYLE('',#88,POSITIVE_LENGTH_MEASURE(2.E-2),#74);
#9808=PRESENTATION_STYLE_ASSIGNMENT((#9807));
#9809=STYLED_ITEM('',(#9808),#9806);
#9810=DIRECTION('',(-1.E0,0.E0,0.E0));
#9811=VECTOR('',#9810,4.096E1);
#9812=CARTESIAN_POINT('',(2.048E1,0.E0,-1.5E1));
#9813=LINE('',#9812,#9811);
#9814=CURVE_STYLE('',#88,POSITIVE_LENGTH_MEASURE(2.E-2),#74);
#9815=PRESENTATION_STYLE_ASSIGNMENT((#9814));
#9816=STYLED_ITEM('',(#9815),#9813);
#9817=DIRECTION('',(0.E0,0.E0,1.E0));
#9818=VECTOR('',#9817,3.E1);
#9819=CARTESIAN_POINT('',(-2.048E1,0.E0,-1.5E1));
#9820=LINE('',#9819,#9818);
#9821=CURVE_STYLE('',#88,POSITIVE_LENGTH_MEASURE(2.E-2),#74);
#9822=PRESENTATION_STYLE_ASSIGNMENT((#9821));
#9823=STYLED_ITEM('',(#9822),#9820);
#9824=DIRECTION('',(0.E0,1.E0,0.E0));
#9825=VECTOR('',#9824,1.7E0);
#9826=CARTESIAN_POINT('',(-2.048E1,0.E0,1.5E1));
#9827=LINE('',#9826,#9825);
#9828=CURVE_STYLE('',#88,POSITIVE_LENGTH_MEASURE(2.E-2),#74);
#9829=PRESENTATION_STYLE_ASSIGNMENT((#9828));
#9830=STYLED_ITEM('',(#9829),#9827);
#9831=DIRECTION('',(0.E0,1.E0,0.E0));
#9832=VECTOR('',#9831,1.7E0);
#9833=CARTESIAN_POINT('',(-2.048E1,0.E0,-1.5E1));
#9834=LINE('',#9833,#9832);
#9835=CURVE_STYLE('',#88,POSITIVE_LENGTH_MEASURE(2.E-2),#74);
#9836=PRESENTATION_STYLE_ASSIGNMENT((#9835));
#9837=STYLED_ITEM('',(#9836),#9834);
#9838=DIRECTION('',(0.E0,1.E0,0.E0));
#9839=VECTOR('',#9838,1.7E0);
#9840=CARTESIAN_POINT('',(2.048E1,0.E0,-1.5E1));
#9841=LINE('',#9840,#9839);
#9842=CURVE_STYLE('',#88,POSITIVE_LENGTH_MEASURE(2.E-2),#74);
#9843=PRESENTATION_STYLE_ASSIGNMENT((#9842));
#9844=STYLED_ITEM('',(#9843),#9841);
#9845=DIRECTION('',(0.E0,1.E0,0.E0));
#9846=VECTOR('',#9845,1.7E0);
#9847=CARTESIAN_POINT('',(2.048E1,0.E0,1.5E1));
#9848=LINE('',#9847,#9846);
#9849=CURVE_STYLE('',#88,POSITIVE_LENGTH_MEASURE(2.E-2),#74);
#9850=PRESENTATION_STYLE_ASSIGNMENT((#9849));
#9851=STYLED_ITEM('',(#9850),#9848);
#9852=DIRECTION('',(1.E0,0.E0,0.E0));
#9853=VECTOR('',#9852,4.096E1);
#9854=CARTESIAN_POINT('',(-2.048E1,1.7E0,1.5E1));
#9855=LINE('',#9854,#9853);
#9856=CURVE_STYLE('',#88,POSITIVE_LENGTH_MEASURE(2.E-2),#74);
#9857=PRESENTATION_STYLE_ASSIGNMENT((#9856));
#9858=STYLED_ITEM('',(#9857),#9855);
#9859=DIRECTION('',(0.E0,0.E0,1.E0));
#9860=VECTOR('',#9859,3.E1);
#9861=CARTESIAN_POINT('',(-2.048E1,1.7E0,-1.5E1));
#9862=LINE('',#9861,#9860);
#9863=CURVE_STYLE('',#88,POSITIVE_LENGTH_MEASURE(2.E-2),#74);
#9864=PRESENTATION_STYLE_ASSIGNMENT((#9863));
#9865=STYLED_ITEM('',(#9864),#9862);
#9866=DIRECTION('',(-1.E0,0.E0,0.E0));
#9867=VECTOR('',#9866,4.096E1);
#9868=CARTESIAN_POINT('',(2.048E1,1.7E0,-1.5E1));
#9869=LINE('',#9868,#9867);
#9870=CURVE_STYLE('',#88,POSITIVE_LENGTH_MEASURE(2.E-2),#74);
#9871=PRESENTATION_STYLE_ASSIGNMENT((#9870));
#9872=STYLED_ITEM('',(#9871),#9869);
#9873=DIRECTION('',(0.E0,0.E0,-1.E0));
#9874=VECTOR('',#9873,3.E1);
#9875=CARTESIAN_POINT('',(2.048E1,1.7E0,1.5E1));
#9876=LINE('',#9875,#9874);
#9877=CURVE_STYLE('',#88,POSITIVE_LENGTH_MEASURE(2.E-2),#74);
#9878=PRESENTATION_STYLE_ASSIGNMENT((#9877));
#9879=STYLED_ITEM('',(#9878),#9876);
#9880=CARTESIAN_POINT('',(-2.048E1,0.E0,1.5E1));
#9881=CARTESIAN_POINT('',(2.048E1,0.E0,1.5E1));
#9882=VERTEX_POINT('',#9880);
#9883=VERTEX_POINT('',#9881);
#9884=CARTESIAN_POINT('',(2.048E1,0.E0,-1.5E1));
#9885=VERTEX_POINT('',#9884);
#9886=CARTESIAN_POINT('',(-2.048E1,0.E0,-1.5E1));
#9887=VERTEX_POINT('',#9886);
#9888=CARTESIAN_POINT('',(-2.048E1,1.7E0,1.5E1));
#9889=CARTESIAN_POINT('',(2.048E1,1.7E0,1.5E1));
#9890=VERTEX_POINT('',#9888);
#9891=VERTEX_POINT('',#9889);
#9892=CARTESIAN_POINT('',(2.048E1,1.7E0,-1.5E1));
#9893=VERTEX_POINT('',#9892);
#9894=CARTESIAN_POINT('',(-2.048E1,1.7E0,-1.5E1));
#9895=VERTEX_POINT('',#9894);
#9896=CARTESIAN_POINT('',(0.E0,0.E0,0.E0));
#9897=DIRECTION('',(0.E0,1.E0,0.E0));
#9898=DIRECTION('',(1.E0,0.E0,0.E0));
#9899=AXIS2_PLACEMENT_3D('',#9896,#9897,#9898);
#9900=PLANE('',#9899);
#9902=ORIENTED_EDGE('',*,*,#9901,.T.);
#9904=ORIENTED_EDGE('',*,*,#9903,.T.);
#9906=ORIENTED_EDGE('',*,*,#9905,.T.);
#9908=ORIENTED_EDGE('',*,*,#9907,.T.);
#9909=EDGE_LOOP('',(#9902,#9904,#9906,#9908));
#9910=FACE_OUTER_BOUND('',#9909,.F.);
#9911=ADVANCED_FACE('',(#9910),#9900,.F.);
#9912=FILL_AREA_STYLE_COLOUR('',#74);
#9913=FILL_AREA_STYLE('',(#9912));
#9914=SURFACE_STYLE_FILL_AREA(#9913);
#9915=SURFACE_SIDE_STYLE('',(#9914));
#9916=SURFACE_STYLE_USAGE(.NEGATIVE.,#9915);
#9917=PRESENTATION_STYLE_ASSIGNMENT((#9916));
#9918=STYLED_ITEM('',(#9917),#9911);
#9919=CARTESIAN_POINT('',(-2.048E1,0.E0,1.5E1));
#9920=DIRECTION('',(0.E0,0.E0,1.E0));
#9921=DIRECTION('',(1.E0,0.E0,0.E0));
#9922=AXIS2_PLACEMENT_3D('',#9919,#9920,#9921);
#9923=PLANE('',#9922);
#9924=ORIENTED_EDGE('',*,*,#9901,.F.);
#9926=ORIENTED_EDGE('',*,*,#9925,.T.);
#9928=ORIENTED_EDGE('',*,*,#9927,.T.);
#9930=ORIENTED_EDGE('',*,*,#9929,.F.);
#9931=EDGE_LOOP('',(#9924,#9926,#9928,#9930));
#9932=FACE_OUTER_BOUND('',#9931,.F.);
#9933=ADVANCED_FACE('',(#9932),#9923,.T.);
#9934=FILL_AREA_STYLE_COLOUR('',#74);
#9935=FILL_AREA_STYLE('',(#9934));
#9936=SURFACE_STYLE_FILL_AREA(#9935);
#9937=SURFACE_SIDE_STYLE('',(#9936));
#9938=SURFACE_STYLE_USAGE(.NEGATIVE.,#9937);
#9939=PRESENTATION_STYLE_ASSIGNMENT((#9938));
#9940=STYLED_ITEM('',(#9939),#9933);
#9941=CARTESIAN_POINT('',(-2.048E1,0.E0,-1.5E1));
#9942=DIRECTION('',(-1.E0,0.E0,0.E0));
#9943=DIRECTION('',(0.E0,0.E0,1.E0));
#9944=AXIS2_PLACEMENT_3D('',#9941,#9942,#9943);
#9945=PLANE('',#9944);
#9946=ORIENTED_EDGE('',*,*,#9907,.F.);
#9948=ORIENTED_EDGE('',*,*,#9947,.T.);
#9950=ORIENTED_EDGE('',*,*,#9949,.T.);
#9951=ORIENTED_EDGE('',*,*,#9925,.F.);
#9952=EDGE_LOOP('',(#9946,#9948,#9950,#9951));
#9953=FACE_OUTER_BOUND('',#9952,.F.);
#9954=ADVANCED_FACE('',(#9953),#9945,.T.);
#9955=FILL_AREA_STYLE_COLOUR('',#74);
#9956=FILL_AREA_STYLE('',(#9955));
#9957=SURFACE_STYLE_FILL_AREA(#9956);
#9958=SURFACE_SIDE_STYLE('',(#9957));
#9959=SURFACE_STYLE_USAGE(.NEGATIVE.,#9958);
#9960=PRESENTATION_STYLE_ASSIGNMENT((#9959));
#9961=STYLED_ITEM('',(#9960),#9954);
#9962=CARTESIAN_POINT('',(2.048E1,0.E0,-1.5E1));
#9963=DIRECTION('',(0.E0,0.E0,-1.E0));
#9964=DIRECTION('',(-1.E0,0.E0,0.E0));
#9965=AXIS2_PLACEMENT_3D('',#9962,#9963,#9964);
#9966=PLANE('',#9965);
#9967=ORIENTED_EDGE('',*,*,#9905,.F.);
#9969=ORIENTED_EDGE('',*,*,#9968,.T.);
#9971=ORIENTED_EDGE('',*,*,#9970,.T.);
#9972=ORIENTED_EDGE('',*,*,#9947,.F.);
#9973=EDGE_LOOP('',(#9967,#9969,#9971,#9972));
#9974=FACE_OUTER_BOUND('',#9973,.F.);
#9975=ADVANCED_FACE('',(#9974),#9966,.T.);
#9976=FILL_AREA_STYLE_COLOUR('',#74);
#9977=FILL_AREA_STYLE('',(#9976));
#9978=SURFACE_STYLE_FILL_AREA(#9977);
#9979=SURFACE_SIDE_STYLE('',(#9978));
#9980=SURFACE_STYLE_USAGE(.NEGATIVE.,#9979);
#9981=PRESENTATION_STYLE_ASSIGNMENT((#9980));
#9982=STYLED_ITEM('',(#9981),#9975);
#9983=CARTESIAN_POINT('',(2.048E1,0.E0,1.5E1));
#9984=DIRECTION('',(1.E0,0.E0,0.E0));
#9985=DIRECTION('',(0.E0,0.E0,-1.E0));
#9986=AXIS2_PLACEMENT_3D('',#9983,#9984,#9985);
#9987=PLANE('',#9986);
#9988=ORIENTED_EDGE('',*,*,#9903,.F.);
#9989=ORIENTED_EDGE('',*,*,#9929,.T.);
#9991=ORIENTED_EDGE('',*,*,#9990,.T.);
#9992=ORIENTED_EDGE('',*,*,#9968,.F.);
#9993=EDGE_LOOP('',(#9988,#9989,#9991,#9992));
#9994=FACE_OUTER_BOUND('',#9993,.F.);
#9995=ADVANCED_FACE('',(#9994),#9987,.T.);
#9996=FILL_AREA_STYLE_COLOUR('',#74);
#9997=FILL_AREA_STYLE('',(#9996));
#9998=SURFACE_STYLE_FILL_AREA(#9997);
#9999=SURFACE_SIDE_STYLE('',(#9998));
#10000=SURFACE_STYLE_USAGE(.NEGATIVE.,#9999);
#10001=PRESENTATION_STYLE_ASSIGNMENT((#10000));
#10002=STYLED_ITEM('',(#10001),#9995);
#10003=CARTESIAN_POINT('',(0.E0,1.7E0,0.E0));
#10004=DIRECTION('',(0.E0,1.E0,0.E0));
#10005=DIRECTION('',(1.E0,0.E0,0.E0));
#10006=AXIS2_PLACEMENT_3D('',#10003,#10004,#10005);
#10007=PLANE('',#10006);
#10008=ORIENTED_EDGE('',*,*,#9927,.F.);
#10009=ORIENTED_EDGE('',*,*,#9949,.F.);
#10010=ORIENTED_EDGE('',*,*,#9970,.F.);
#10011=ORIENTED_EDGE('',*,*,#9990,.F.);
#10012=EDGE_LOOP('',(#10008,#10009,#10010,#10011));
#10013=FACE_OUTER_BOUND('',#10012,.F.);
#10014=ADVANCED_FACE('',(#10013),#10007,.T.);
#10015=FILL_AREA_STYLE_COLOUR('',#74);
#10016=FILL_AREA_STYLE('',(#10015));
#10017=SURFACE_STYLE_FILL_AREA(#10016);
#10018=SURFACE_SIDE_STYLE('',(#10017));
#10019=SURFACE_STYLE_USAGE(.NEGATIVE.,#10018);
#10020=PRESENTATION_STYLE_ASSIGNMENT((#10019));
#10021=STYLED_ITEM('',(#10020),#10014);
#10024=FILL_AREA_STYLE_COLOUR('',#74);
#10025=FILL_AREA_STYLE('',(#10024));
#10026=SURFACE_STYLE_FILL_AREA(#10025);
#10027=SURFACE_SIDE_STYLE('',(#10026));
#10028=SURFACE_STYLE_USAGE(.BOTH.,#10027);
#10029=PRESENTATION_STYLE_ASSIGNMENT((#10028));
#9795=STYLED_ITEM('',(#10029),#10023);
#10031=DIMENSIONAL_EXPONENTS(0.E0,0.E0,0.E0,0.E0,0.E0,0.E0,0.E0);
#10033=PLANE_ANGLE_MEASURE_WITH_UNIT(PLANE_ANGLE_MEASURE(1.745329251994E-2),
#10032);
#10034=(CONVERSION_BASED_UNIT('DEGREE',#10033)NAMED_UNIT(*)PLANE_ANGLE_UNIT());
#10036=UNCERTAINTY_MEASURE_WITH_UNIT(LENGTH_MEASURE(5.079768848285E-3),#10030,
'closure',
'Maximum model space distance between geometric entities at asserted connectivities');
#10037=(GEOMETRIC_REPRESENTATION_CONTEXT(3)GLOBAL_UNCERTAINTY_ASSIGNED_CONTEXT((
#10036))GLOBAL_UNIT_ASSIGNED_CONTEXT((#10030,#10034,#10035))REPRESENTATION_CONTEXT('ID4','3'));
#10038=CARTESIAN_POINT('',(0.E0,0.E0,0.E0));
#10039=DIRECTION('',(0.E0,0.E0,1.E0));
#10040=DIRECTION('',(1.E0,0.E0,0.E0));
#10043=MECHANICAL_CONTEXT('',#2193,'mechanical');
#10044=PRODUCT('FOV','FOV','NOT SPECIFIED',(#10043));
#10045=PRODUCT_DEFINITION_FORMATION_WITH_SPECIFIED_SOURCE('2','LAST_VERSION',
#10044,.MADE.);
#10051=CARTESIAN_POINT('',(-1.905E2,3.E1,0.E0));
#10052=DIRECTION('',(0.E0,-1.E0,0.E0));
#10053=DIRECTION('',(0.E0,0.E0,1.E0));
#10054=AXIS2_PLACEMENT_3D('',#10051,#10052,#10053);
#10055=ITEM_DEFINED_TRANSFORMATION('','',#10041,#10054);
#10056=(REPRESENTATION_RELATIONSHIP('','',#10042,#2204)REPRESENTATION_RELATIONSHIP_WITH_TRANSFORMATION(#10055)SHAPE_REPRESENTATION_RELATIONSHIP());
#10057=CONTEXT_DEPENDENT_SHAPE_REPRESENTATION(#10056,#10050);
#10058=PRESENTATION_LAYER_ASSIGNMENT('LAYERS_ASM','',(#82,#1355,#1370,#1383,
#1399,#1414,#1457,#1469,#1484,#1497,#1513,#1527,#1539,#1554,#1567,#1583,#1597,
#1609,#1624,#1637,#1653,#1667,#1679,#1693,#1706,#1719,#1740,#1754,#1786,#1805,
#1852,#1867,#1880,#1925,#1939,#1951,#1965,#1977,#1991,#2003,#2017,#2029,#2042,
#2055,#2067,#2081,#2094,#2107,#2120,#2133,#2146,#2159,#2171,#2222,#6119,#6134,
#6169,#6184,#6199,#6214,#6249,#6263,#6297,#6312,#6353,#6368,#6382,#6396,#6422,
#6436,#6450,#6464,#6489,#6565,#6580,#6594,#6608,#6621,#6639,#6654,#6674,#6691,
#6706,#6720,#6734,#6747,#6769,#6784,#6798,#6812,#6825,#6883,#6905,#6927,#6947,
#6967,#6986,#7008,#7029,#7050,#7070,#7089,#7111,#7125,#7139,#7153,#7167,#7181,
#7195,#7209,#7223,#7237,#7251,#7264,#7284,#7299,#7312,#7328,#7343,#7363,#7380,
#7402,#7415,#7431,#7446,#7466,#7483,#7505,#7518,#7534,#7549,#7569,#7586,#7608,
#7621,#7637,#7652,#7672,#7689,#7711,#7731,#7754,#7776,#7796,#7819,#7841,#7861,
#7884,#7906,#7926,#7949,#7971,#7991,#8008,#8030,#8044,#8058,#8071,#8089,#8104,
#8124,#8141,#8156,#8176,#8193,#8208,#8228,#8245,#8260,#8280,#8297,#8312,#8332,
#8349,#8363,#8376,#8389,#8402,#8415,#8427,#8439,#8454,#8468,#8480,#8521,#8535,
#8547,#8560,#8571,#8583,#8596,#8609,#8622,#8635,#8648,#8659,#8674,#8687,#8703,
#8718,#8731,#8747,#8762,#8775,#8791,#8806,#8826,#8849,#8864,#8877,#8921,#8936,
#8949,#8959,#8974,#9011,#9026,#9039,#9052,#9065,#9078,#9091,#9104,#9116,#9131,
#9145,#9159,#9172,#9194,#9209,#9223,#9237,#9250,#9262,#9284,#9297,#9307,#9322,
#9342,#9359,#9374,#9394,#9411,#9426,#9446,#9463,#9478,#9498,#9515,#9554,#9674,
#9689,#9702,#9718,#9733,#9746,#9756,#9795,#9911,#9933,#9954,#9975,#9995,
#10014));
#10060=DIMENSIONAL_EXPONENTS(0.E0,0.E0,0.E0,0.E0,0.E0,0.E0,0.E0);
#10062=PLANE_ANGLE_MEASURE_WITH_UNIT(PLANE_ANGLE_MEASURE(1.745329251994E-2),
#10061);
#10063=(CONVERSION_BASED_UNIT('DEGREE',#10062)NAMED_UNIT(*)PLANE_ANGLE_UNIT());
#10065=UNCERTAINTY_MEASURE_WITH_UNIT(LENGTH_MEASURE(2.667323526808E-2),#10059,
'closure',
'Maximum model space distance between geometric entities at asserted connectivities');
#10066=(GEOMETRIC_REPRESENTATION_CONTEXT(3)GLOBAL_UNCERTAINTY_ASSIGNED_CONTEXT((
#10065))GLOBAL_UNIT_ASSIGNED_CONTEXT((#10059,#10063,#10064))REPRESENTATION_CONTEXT('ID5','3'));
#10067=CARTESIAN_POINT('',(0.E0,0.E0,0.E0));
#10068=DIRECTION('',(0.E0,0.E0,1.E0));
#10069=DIRECTION('',(1.E0,0.E0,0.E0));
#10071=MECHANICAL_DESIGN_GEOMETRIC_PRESENTATION_REPRESENTATION('',(#91,#99,#107,
#115,#123,#131,#139,#147,#154,#161,#168,#175,#182,#189,#196,#203,#210,#217,#225,
#232,#240,#247,#255,#263,#270,#277,#285,#293,#301,#309,#317,#325,#333,#341,#348,
#355,#362,#369,#376,#383,#390,#397,#405,#413,#421,#428,#436,#443,#450,#457,#465,
#473,#481,#488,#496,#503,#510,#517,#525,#533,#541,#548,#556,#563,#570,#577,#584,
#591,#598,#605,#612,#619,#626,#633,#640,#647,#654,#661,#668,#675,#682,#690,#698,
#706,#714,#722,#730,#738,#746,#754,#762,#769,#776,#783,#790,#797,#804,#812,#820,
#828,#836,#844,#852,#860,#868,#876,#884,#891,#898,#905,#912,#919,#926,#933,#940,
#947,#954,#961,#968,#975,#982,#989,#996,#1003,#1011,#1019,#1026,#1033,#1041,
#1049,#1056,#1063,#1071,#1079,#1086,#1093,#1101,#1109,#82,#2229,#2236,#2243,
#2250,#2257,#2264,#2272,#2280,#2288,#2296,#2303,#2310,#2317,#2324,#2331,#2338,
#2345,#2352,#2360,#2368,#2376,#2384,#2391,#2398,#2406,#2414,#2422,#2430,#2437,
#2445,#2452,#2460,#2467,#2475,#2482,#2490,#2497,#2505,#2512,#2520,#2527,#2535,
#2542,#2550,#2557,#2565,#2573,#2581,#2589,#2596,#2603,#2610,#2617,#2625,#2633,
#2641,#2649,#2656,#2663,#2670,#2677,#2685,#2693,#2701,#2709,#2716,#2724,#2731,
#2739,#2746,#2754,#2761,#2769,#2776,#2783,#2790,#2797,#2804,#2811,#2818,#2825,
#2833,#2841,#2849,#2857,#2865,#2873,#2881,#2889,#2897,#2905,#2912,#2919,#2926,
#2933,#2940,#2947,#2954,#2961,#2968,#2975,#2982,#2989,#2997,#3005,#3012,#3019,
#3027,#3035,#3042,#3049,#3056,#3063,#3070,#3077,#3084,#3091,#3098,#3105,#3112,
#3119,#3126,#3133,#3140,#3147,#3154,#3161,#3168,#3175,#3182,#3189,#3196,#3203,
#3210,#3217,#3224,#3231,#3238,#3245,#3252,#3259,#3266,#3273,#3280,#3287,#3294,
#3301,#3308,#3315,#3322,#3329,#3336,#3343,#3350,#3357,#3364,#3371,#3378,#3385,
#3392,#3399,#3406,#3413,#3420,#3427,#3434,#3441,#3448,#3455,#3462,#3469,#3476,
#3483,#3490,#3497,#3504,#3511,#3518,#3525,#3532,#3539,#3546,#3553,#3560,#3567,
#3574,#3581,#3588,#3595,#3602,#3609,#3617,#3625,#3633,#3641,#3648,#3655,#3663,
#3671,#3678,#3685,#3693,#3701,#3709,#3717,#3724,#3731,#3739,#3747,#3754,#3761,
#3769,#3777,#3785,#3793,#3800,#3807,#3815,#3823,#3830,#3837,#3845,#3853,#3861,
#3869,#3876,#3883,#3891,#3899,#3906,#3913,#3921,#3929,#3937,#3945,#3952,#3959,
#3967,#3975,#3983,#3991,#3998,#4005,#4013,#4021,#4029,#4037,#4044,#4051,#4059,
#4067,#4075,#4083,#4090,#4097,#4105,#4113,#4120,#4127,#4134,#4141,#4148,#4155,
#4162,#4169,#4177,#4185,#4192,#4199,#4207,#4215,#4222,#4229,#4237,#4245,#4252,
#4259,#4267,#4275,#4282,#4289,#4297,#4305,#4312,#4319,#4327,#4335,#4342,#4349,
#4356,#4363,#4370,#4377,#4384,#4391,#4398,#4405,#4412,#4419,#4426,#4434,#4441,
#4448,#4455,#4462,#4469,#4477,#4485,#4493,#4501,#4509,#4517,#4524,#4531,#4539,
#4546,#4553,#4560,#4567,#4574,#4581,#4588,#4595,#4602,#4609,#4616,#4624,#4631,
#4638,#4645,#4652,#4660,#4667,#4674,#4681,#4688,#4695,#4702,#4709,#4716,#4724,
#4732,#4740,#4748,#4755,#4762,#4770,#4778,#4786,#4794,#4801,#4808,#4816,#4824,
#4832,#4840,#4847,#4854,#4862,#4870,#4878,#4886,#4893,#4900,#4908,#4916,#4924,
#4932,#4939,#4947,#4954,#4962,#4970,#4977,#4985,#4992,#5000,#5008,#5016,#5024,
#5031,#5038,#5046,#5054,#5061,#5069,#5077,#5085,#5093,#5101,#5109,#5116,#5123,
#5130,#5137,#5144,#5151,#5158,#5165,#5172,#5179,#5186,#5193,#5200,#5207,#5214,
#5221,#5228,#5235,#5242,#5249,#5256,#5263,#5270,#5277,#5284,#5291,#5298,#5305,
#5312,#5319,#5326,#5333,#5340,#5347,#5354,#5361,#5368,#5375,#5383,#5391,#5398,
#5405,#5413,#5421,#5428,#5435,#5443,#5451,#5458,#5465,#5473,#5481,#5488,#5495,
#5503,#5511,#6661,#6681,#6890,#6912,#6934,#6954,#6974,#6993,#7015,#7036,#7057,
#7077,#7096,#7350,#7370,#7387,#7453,#7473,#7490,#7556,#7576,#7593,#7659,#7679,
#7696,#7718,#7738,#7761,#7783,#7803,#7826,#7848,#7868,#7891,#7913,#7933,#7956,
#7978,#7998,#8015,#8111,#8131,#8163,#8183,#8215,#8235,#8267,#8287,#8319,#8339,
#8813,#8833,#9269,#9329,#9349,#9381,#9401,#9433,#9453,#9485,#9505,#2222,#9562,
#9570,#9577,#9584,#9592,#9600,#9608,#9616,#9623,#9630,#9638,#9646,#9554,#9802,
#9809,#9816,#9823,#9830,#9837,#9844,#9851,#9858,#9865,#9872,#9879,#9918,#9940,
#9961,#9982,#10002,#10021,#9795),#10066);
#10072=DESIGN_CONTEXT('',#2193,'design');
#10073=MECHANICAL_CONTEXT('',#2193,'mechanical');
#10074=PRODUCT('SEN_BRACKET_ASM','SEN_BRACKET_ASM','NOT SPECIFIED',(#10073));
#10075=PRODUCT_DEFINITION_FORMATION_WITH_SPECIFIED_SOURCE('1','LAST_VERSION',
#10074,.MADE.);
#10077=PRODUCT_CATEGORY('part','');
#10078=PRODUCT_RELATED_PRODUCT_CATEGORY('assembly','',(#10074));
#10079=PRODUCT_CATEGORY_RELATIONSHIP('','',#10077,#10078);
#10080=PRODUCT_CATEGORY('part','');
#10081=PRODUCT_RELATED_PRODUCT_CATEGORY('detail','',(#2197,#9539,#9780,#10044));
#10082=PRODUCT_CATEGORY_RELATIONSHIP('','',#10080,#10081);
#10083=SECURITY_CLASSIFICATION_LEVEL('unclassified');
#10084=SECURITY_CLASSIFICATION('','',#10083);
#10085=CC_DESIGN_SECURITY_CLASSIFICATION(#10084,(#2198,#9540,#9781,#10045,
#10075,#2205,#9544,#9785,#10049));
#10086=APPROVAL_STATUS('approved');
#10087=APPROVAL(#10086,'');
#10088=CC_DESIGN_APPROVAL(#10087,(#10084,#2198,#9540,#9781,#10045,#10075,#2199,
#9541,#9782,#10046,#10076));
#10089=CALENDAR_DATE(125,26,11);
#10090=COORDINATED_UNIVERSAL_TIME_OFFSET(9,0,.AHEAD.);
#10091=LOCAL_TIME(15,17,1.E1,#10090);
#10092=DATE_AND_TIME(#10089,#10091);
#10093=APPROVAL_DATE_TIME(#10092,#10087);
#10094=DATE_TIME_ROLE('creation_date');
#10095=CC_DESIGN_DATE_AND_TIME_ASSIGNMENT(#10092,#10094,(#2199,#9541,#9782,
#10046,#10076));
#10096=DATE_TIME_ROLE('classification_date');
#10097=CC_DESIGN_DATE_AND_TIME_ASSIGNMENT(#10092,#10096,(#10084));
#10098=PERSON('UNSPECIFIED','UNSPECIFIED',$,$,$,$);
#10099=ORGANIZATION('UNSPECIFIED','UNSPECIFIED','UNSPECIFIED');
#10100=PERSON_AND_ORGANIZATION(#10098,#10099);
#10101=APPROVAL_ROLE('approver');
#10102=APPROVAL_PERSON_ORGANIZATION(#10100,#10087,#10101);
#10103=PERSON_AND_ORGANIZATION_ROLE('creator');
#10104=CC_DESIGN_PERSON_AND_ORGANIZATION_ASSIGNMENT(#10100,#10103,(#2198,#9540,
#9781,#10045,#10075,#2199,#9541,#9782,#10046,#10076));
#10105=PERSON_AND_ORGANIZATION_ROLE('design_supplier');
#10106=CC_DESIGN_PERSON_AND_ORGANIZATION_ASSIGNMENT(#10100,#10105,(#2198,#9540,
#9781,#10045,#10075));
#10107=PERSON_AND_ORGANIZATION_ROLE('classification_officer');
#10108=CC_DESIGN_PERSON_AND_ORGANIZATION_ASSIGNMENT(#10100,#10107,(#10084));
#10109=PERSON_AND_ORGANIZATION_ROLE('design_owner');
#10110=CC_DESIGN_PERSON_AND_ORGANIZATION_ASSIGNMENT(#10100,#10109,(#10074,#2197,
#9539,#9780,#10044));
#1=COLOUR_RGB('',0.E0,0.E0,6.E-1);
#2=COLOUR_RGB('',0.E0,0.E0,9.5E-1);
#3=COLOUR_RGB('',0.E0,6.E-1,0.E0);
#4=COLOUR_RGB('',0.E0,6.E-1,6.E-1);
#5=COLOUR_RGB('',0.E0,9.5E-1,0.E0);
#6=COLOUR_RGB('',0.E0,9.5E-1,9.5E-1);
#7=DRAUGHTING_PRE_DEFINED_COLOUR('green');
#8=DRAUGHTING_PRE_DEFINED_COLOUR('cyan');
#9=COLOUR_RGB('',1.1E-2,1.2E-2,1.E0);
#10=COLOUR_RGB('',1.2E-1,1.2E-1,6.E-1);
#11=COLOUR_RGB('',1.2E-1,6.E-1,1.2E-1);
#12=COLOUR_RGB('',1.2E-1,6.E-1,6.E-1);
#13=COLOUR_RGB('',1.7E-1,1.7E-1,8.1E-1);
#14=COLOUR_RGB('',1.9E-1,1.9E-1,9.5E-1);
#15=COLOUR_RGB('',1.9E-1,7.8E-1,8.9E-1);
#16=COLOUR_RGB('',1.9E-1,9.5E-1,1.9E-1);
#17=COLOUR_RGB('',1.9E-1,9.5E-1,9.5E-1);
#18=COLOUR_RGB('',2.4E-1,2.4E-1,6.E-1);
#19=COLOUR_RGB('',2.4E-1,6.E-1,2.4E-1);
#20=COLOUR_RGB('',2.4E-1,6.E-1,6.E-1);
#21=COLOUR_RGB('',3.6E-1,3.6E-1,6.E-1);
#22=COLOUR_RGB('',3.6E-1,6.E-1,3.6E-1);
#23=COLOUR_RGB('',3.6E-1,6.E-1,6.E-1);
#24=COLOUR_RGB('',3.8E-1,3.8E-1,9.5E-1);
#25=COLOUR_RGB('',3.8E-1,9.5E-1,3.8E-1);
#26=COLOUR_RGB('',3.8E-1,9.5E-1,9.5E-1);
#27=COLOUR_RGB('',3.92E-1,1.2E-2,1.2E-2);
#28=COLOUR_RGB('',4.3E-1,1.8E-1,4.7E-1);
#29=COLOUR_RGB('',4.3E-1,4.3E-1,4.3E-1);
#30=COLOUR_RGB('',4.6E-1,4.6E-1,0.E0);
#31=COLOUR_RGB('',4.7E-1,7.7E-1,7.9E-1);
#32=COLOUR_RGB('',4.8E-1,4.8E-1,6.E-1);
#33=COLOUR_RGB('',4.8E-1,6.E-1,4.8E-1);
#34=COLOUR_RGB('',4.8E-1,6.E-1,6.E-1);
#35=COLOUR_RGB('',5.6E-1,1.E0,1.E0);
#36=COLOUR_RGB('',5.7E-1,5.7E-1,9.5E-1);
#37=COLOUR_RGB('',5.7E-1,9.5E-1,5.7E-1);
#38=COLOUR_RGB('',5.7E-1,9.5E-1,9.5E-1);
#39=COLOUR_RGB('',6.E-1,0.E0,0.E0);
#40=COLOUR_RGB('',6.E-1,0.E0,6.E-1);
#41=COLOUR_RGB('',6.E-1,1.2E-1,1.2E-1);
#42=COLOUR_RGB('',6.E-1,1.2E-1,6.E-1);
#43=COLOUR_RGB('',6.E-1,2.4E-1,2.4E-1);
#44=COLOUR_RGB('',6.E-1,2.4E-1,6.E-1);
#45=COLOUR_RGB('',6.E-1,3.6E-1,3.6E-1);
#46=COLOUR_RGB('',6.E-1,3.6E-1,6.E-1);
#47=COLOUR_RGB('',6.E-1,4.8E-1,4.8E-1);
#48=COLOUR_RGB('',6.E-1,4.8E-1,6.E-1);
#49=COLOUR_RGB('',6.E-1,6.E-1,1.2E-1);
#50=COLOUR_RGB('',6.E-1,6.E-1,2.4E-1);
#51=COLOUR_RGB('',6.E-1,6.E-1,3.6E-1);
#52=COLOUR_RGB('',6.E-1,6.E-1,4.8E-1);
#53=COLOUR_RGB('',6.E-1,6.E-1,6.E-1);
#54=COLOUR_RGB('',6.35294E-1,6.86275E-1,7.4902E-1);
#55=COLOUR_RGB('',7.6E-1,7.6E-1,9.5E-1);
#56=COLOUR_RGB('',7.6E-1,9.5E-1,7.6E-1);
#57=COLOUR_RGB('',7.6E-1,9.5E-1,9.5E-1);
#58=COLOUR_RGB('',9.5E-1,0.E0,9.5E-1);
#59=COLOUR_RGB('',9.5E-1,1.9E-1,1.9E-1);
#60=COLOUR_RGB('',9.5E-1,1.9E-1,9.5E-1);
#61=COLOUR_RGB('',9.5E-1,3.8E-1,3.8E-1);
#62=COLOUR_RGB('',9.5E-1,3.8E-1,9.5E-1);
#63=COLOUR_RGB('',9.5E-1,5.7E-1,5.7E-1);
#64=COLOUR_RGB('',9.5E-1,5.7E-1,9.5E-1);
#65=COLOUR_RGB('',9.5E-1,7.57E-1,7.6E-1);
#66=COLOUR_RGB('',9.5E-1,7.6E-1,9.5E-1);
#67=COLOUR_RGB('',9.5E-1,9.5E-1,0.E0);
#68=COLOUR_RGB('',9.5E-1,9.5E-1,1.9E-1);
#69=COLOUR_RGB('',9.5E-1,9.5E-1,3.8E-1);
#70=COLOUR_RGB('',9.5E-1,9.5E-1,5.7E-1);
#71=COLOUR_RGB('',9.5E-1,9.5E-1,7.6E-1);
#72=COLOUR_RGB('',9.6E-1,9.6E-1,9.6E-1);
#73=COLOUR_RGB('',9.8E-1,6.27E-1,0.E0);
#74=DRAUGHTING_PRE_DEFINED_COLOUR('red');
#75=COLOUR_RGB('',1.E0,5.5E-1,1.E0);
#76=COLOUR_RGB('',1.E0,8.4E-1,0.E0);
#77=DRAUGHTING_PRE_DEFINED_COLOUR('yellow');
#78=COLOUR_RGB('',1.E0,1.E0,5.8E-1);
#79=COLOUR_RGB('',1.E0,1.E0,9.49E-1);
#80=DRAUGHTING_PRE_DEFINED_COLOUR('white');
#81=COLOUR_RGB('',6.66667E-1,6.39216E-1,6.19608E-1);
#87=CIRCLE('',#86,4.125E0);
#96=CIRCLE('',#95,4.125E0);
#104=CIRCLE('',#103,4.125E0);
#112=CIRCLE('',#111,4.125E0);
#120=CIRCLE('',#119,4.125E0);
#128=CIRCLE('',#127,4.125E0);
#136=CIRCLE('',#135,4.125E0);
#144=CIRCLE('',#143,4.125E0);
#222=CIRCLE('',#221,4.125E0);
#237=CIRCLE('',#236,4.125E0);
#252=CIRCLE('',#251,2.4E0);
#260=CIRCLE('',#259,2.4E0);
#282=CIRCLE('',#281,2.4E0);
#290=CIRCLE('',#289,2.4E0);
#298=CIRCLE('',#297,2.4E0);
#306=CIRCLE('',#305,2.4E0);
#314=CIRCLE('',#313,2.4E0);
#322=CIRCLE('',#321,2.4E0);
#330=CIRCLE('',#329,2.4E0);
#338=CIRCLE('',#337,2.4E0);
#402=CIRCLE('',#401,2.4E0);
#410=CIRCLE('',#409,2.4E0);
#418=CIRCLE('',#417,4.125E0);
#433=CIRCLE('',#432,4.125E0);
#462=CIRCLE('',#461,2.4E0);
#470=CIRCLE('',#469,2.4E0);
#478=CIRCLE('',#477,4.125E0);
#493=CIRCLE('',#492,4.125E0);
#522=CIRCLE('',#521,2.4E0);
#530=CIRCLE('',#529,2.4E0);
#538=CIRCLE('',#537,4.125E0);
#553=CIRCLE('',#552,4.125E0);
#687=CIRCLE('',#686,5.E0);
#695=CIRCLE('',#694,5.E0);
#703=CIRCLE('',#702,2.75E0);
#711=CIRCLE('',#710,2.75E0);
#719=CIRCLE('',#718,2.75E0);
#727=CIRCLE('',#726,2.75E0);
#735=CIRCLE('',#734,2.75E0);
#743=CIRCLE('',#742,2.75E0);
#751=CIRCLE('',#750,2.75E0);
#759=CIRCLE('',#758,2.75E0);
#809=CIRCLE('',#808,5.E0);
#817=CIRCLE('',#816,5.E0);
#825=CIRCLE('',#824,2.75E0);
#833=CIRCLE('',#832,2.75E0);
#841=CIRCLE('',#840,2.75E0);
#849=CIRCLE('',#848,2.75E0);
#857=CIRCLE('',#856,2.75E0);
#865=CIRCLE('',#864,2.75E0);
#873=CIRCLE('',#872,2.75E0);
#881=CIRCLE('',#880,2.75E0);
#1008=CIRCLE('',#1007,3.E0);
#1016=CIRCLE('',#1015,3.E0);
#1038=CIRCLE('',#1037,3.E0);
#1046=CIRCLE('',#1045,3.E0);
#1068=CIRCLE('',#1067,3.E0);
#1076=CIRCLE('',#1075,3.E0);
#1098=CIRCLE('',#1097,3.E0);
#1106=CIRCLE('',#1105,3.E0);
#1299=EDGE_CURVE('',#1203,#1205,#179,.T.);
#1301=EDGE_CURVE('',#1203,#1209,#186,.T.);
#1303=EDGE_CURVE('',#1208,#1209,#193,.T.);
#1305=EDGE_CURVE('',#1208,#1112,#200,.T.);
#1307=EDGE_CURVE('',#1112,#1113,#207,.T.);
#1309=EDGE_CURVE('',#1113,#1205,#214,.T.);
#1313=EDGE_CURVE('',#1276,#1277,#104,.T.);
#1315=EDGE_CURVE('',#1277,#1276,#112,.T.);
#1319=EDGE_CURVE('',#1284,#1285,#120,.T.);
#1321=EDGE_CURVE('',#1285,#1284,#128,.T.);
#1325=EDGE_CURVE('',#1292,#1293,#136,.T.);
#1327=EDGE_CURVE('',#1293,#1292,#144,.T.);
#1331=EDGE_CURVE('',#1241,#1237,#151,.T.);
#1333=EDGE_CURVE('',#1245,#1241,#1016,.T.);
#1335=EDGE_CURVE('',#1249,#1245,#158,.T.);
#1337=EDGE_CURVE('',#1253,#1249,#1106,.T.);
#1339=EDGE_CURVE('',#1257,#1253,#165,.T.);
#1341=EDGE_CURVE('',#1261,#1257,#1076,.T.);
#1343=EDGE_CURVE('',#1233,#1261,#172,.T.);
#1345=EDGE_CURVE('',#1237,#1233,#1046,.T.);
#1349=EDGE_CURVE('',#1268,#1269,#87,.T.);
#1351=EDGE_CURVE('',#1269,#1268,#96,.T.);
#1362=EDGE_CURVE('',#1264,#1268,#244,.T.);
#1364=EDGE_CURVE('',#1264,#1265,#222,.T.);
#1366=EDGE_CURVE('',#1265,#1269,#229,.T.);
#1378=EDGE_CURVE('',#1264,#1265,#237,.T.);
#1393=EDGE_CURVE('',#1171,#1173,#252,.T.);
#1395=EDGE_CURVE('',#1171,#1173,#260,.T.);
#1405=EDGE_CURVE('',#1169,#1168,#290,.T.);
#1407=EDGE_CURVE('',#1168,#1171,#267,.T.);
#1410=EDGE_CURVE('',#1169,#1173,#274,.T.);
#1420=EDGE_CURVE('',#1200,#1201,#345,.T.);
#1422=EDGE_CURVE('',#1161,#1200,#352,.T.);
#1424=EDGE_CURVE('',#1160,#1161,#359,.T.);
#1426=EDGE_CURVE('',#1213,#1160,#366,.T.);
#1428=EDGE_CURVE('',#1211,#1213,#373,.T.);
#1430=EDGE_CURVE('',#1201,#1211,#380,.T.);
#1434=EDGE_CURVE('',#1176,#1177,#298,.T.);
#1436=EDGE_CURVE('',#1177,#1176,#306,.T.);
#1440=EDGE_CURVE('',#1184,#1185,#314,.T.);
#1442=EDGE_CURVE('',#1185,#1184,#322,.T.);
#1446=EDGE_CURVE('',#1192,#1193,#330,.T.);
#1448=EDGE_CURVE('',#1193,#1192,#338,.T.);
#1452=EDGE_CURVE('',#1168,#1169,#282,.T.);
#1476=EDGE_CURVE('',#1177,#1181,#394,.T.);
#1478=EDGE_CURVE('',#1179,#1181,#410,.T.);
#1480=EDGE_CURVE('',#1176,#1179,#387,.T.);
#1492=EDGE_CURVE('',#1179,#1181,#402,.T.);
#1503=EDGE_CURVE('',#1272,#1273,#418,.T.);
#1505=EDGE_CURVE('',#1272,#1273,#433,.T.);
#1520=EDGE_CURVE('',#1272,#1276,#440,.T.);
#1523=EDGE_CURVE('',#1273,#1277,#425,.T.);
#1546=EDGE_CURVE('',#1185,#1189,#454,.T.);
#1548=EDGE_CURVE('',#1187,#1189,#470,.T.);
#1550=EDGE_CURVE('',#1184,#1187,#447,.T.);
#1562=EDGE_CURVE('',#1187,#1189,#462,.T.);
#1573=EDGE_CURVE('',#1280,#1281,#478,.T.);
#1575=EDGE_CURVE('',#1280,#1281,#493,.T.);
#1590=EDGE_CURVE('',#1280,#1284,#500,.T.);
#1593=EDGE_CURVE('',#1281,#1285,#485,.T.);
#1616=EDGE_CURVE('',#1193,#1197,#514,.T.);
#1618=EDGE_CURVE('',#1195,#1197,#530,.T.);
#1620=EDGE_CURVE('',#1192,#1195,#507,.T.);
#1632=EDGE_CURVE('',#1195,#1197,#522,.T.);
#1643=EDGE_CURVE('',#1288,#1289,#538,.T.);
#1645=EDGE_CURVE('',#1288,#1289,#553,.T.);
#1660=EDGE_CURVE('',#1288,#1292,#560,.T.);
#1663=EDGE_CURVE('',#1289,#1293,#545,.T.);
#1686=EDGE_CURVE('',#1203,#1201,#567,.T.);
#1689=EDGE_CURVE('',#1205,#1200,#665,.T.);
#1701=EDGE_CURVE('',#1211,#1209,#574,.T.);
#1715=EDGE_CURVE('',#1213,#1208,#581,.T.);
#1727=EDGE_CURVE('',#1164,#1160,#602,.T.);
#1729=EDGE_CURVE('',#1164,#1116,#630,.T.);
#1731=EDGE_CURVE('',#1116,#1219,#588,.T.);
#1733=EDGE_CURVE('',#1219,#1217,#595,.T.);
#1735=EDGE_CURVE('',#1112,#1217,#787,.T.);
#1746=EDGE_CURVE('',#1164,#1165,#609,.T.);
#1750=EDGE_CURVE('',#1165,#1161,#679,.T.);
#1761=EDGE_CURVE('',#1117,#1165,#616,.T.);
#1763=EDGE_CURVE('',#1116,#1117,#623,.T.);
#1768=EDGE_CURVE('',#1248,#1244,#637,.T.);
#1770=EDGE_CURVE('',#1240,#1244,#1008,.T.);
#1772=EDGE_CURVE('',#1240,#1236,#644,.T.);
#1774=EDGE_CURVE('',#1232,#1236,#1038,.T.);
#1776=EDGE_CURVE('',#1232,#1260,#651,.T.);
#1778=EDGE_CURVE('',#1256,#1260,#1068,.T.);
#1780=EDGE_CURVE('',#1256,#1252,#658,.T.);
#1782=EDGE_CURVE('',#1248,#1252,#1098,.T.);
#1794=EDGE_CURVE('',#1227,#1113,#780,.T.);
#1796=EDGE_CURVE('',#1227,#1225,#672,.T.);
#1798=EDGE_CURVE('',#1117,#1225,#895,.T.);
#1811=EDGE_CURVE('',#1216,#1217,#766,.T.);
#1813=EDGE_CURVE('',#1216,#1229,#986,.T.);
#1815=EDGE_CURVE('',#1227,#1229,#773,.T.);
#1822=EDGE_CURVE('',#1120,#1121,#703,.T.);
#1824=EDGE_CURVE('',#1121,#1120,#711,.T.);
#1828=EDGE_CURVE('',#1136,#1137,#719,.T.);
#1830=EDGE_CURVE('',#1137,#1136,#727,.T.);
#1834=EDGE_CURVE('',#1144,#1145,#735,.T.);
#1836=EDGE_CURVE('',#1145,#1144,#743,.T.);
#1840=EDGE_CURVE('',#1152,#1153,#751,.T.);
#1842=EDGE_CURVE('',#1153,#1152,#759,.T.);
#1846=EDGE_CURVE('',#1128,#1129,#687,.T.);
#1848=EDGE_CURVE('',#1129,#1128,#695,.T.);
#1859=EDGE_CURVE('',#1131,#1128,#794,.T.);
#1861=EDGE_CURVE('',#1131,#1133,#809,.T.);
#1863=EDGE_CURVE('',#1133,#1129,#801,.T.);
#1875=EDGE_CURVE('',#1133,#1131,#817,.T.);
#1886=EDGE_CURVE('',#1219,#1221,#888,.T.);
#1891=EDGE_CURVE('',#1224,#1225,#902,.T.);
#1893=EDGE_CURVE('',#1224,#1221,#972,.T.);
#1897=EDGE_CURVE('',#1123,#1125,#825,.T.);
#1899=EDGE_CURVE('',#1125,#1123,#833,.T.);
#1903=EDGE_CURVE('',#1139,#1141,#841,.T.);
#1905=EDGE_CURVE('',#1141,#1139,#849,.T.);
#1909=EDGE_CURVE('',#1147,#1149,#857,.T.);
#1911=EDGE_CURVE('',#1149,#1147,#865,.T.);
#1915=EDGE_CURVE('',#1155,#1157,#873,.T.);
#1917=EDGE_CURVE('',#1157,#1155,#881,.T.);
#1932=EDGE_CURVE('',#1121,#1125,#916,.T.);
#1935=EDGE_CURVE('',#1120,#1123,#909,.T.);
#1958=EDGE_CURVE('',#1137,#1141,#930,.T.);
#1961=EDGE_CURVE('',#1136,#1139,#923,.T.);
#1984=EDGE_CURVE('',#1145,#1149,#944,.T.);
#1987=EDGE_CURVE('',#1144,#1147,#937,.T.);
#2010=EDGE_CURVE('',#1153,#1157,#958,.T.);
#2013=EDGE_CURVE('',#1152,#1155,#951,.T.);
#2038=EDGE_CURVE('',#1221,#1216,#965,.T.);
#2050=EDGE_CURVE('',#1229,#1224,#979,.T.);
#2073=EDGE_CURVE('',#1244,#1245,#993,.T.);
#2076=EDGE_CURVE('',#1248,#1249,#1000,.T.);
#2087=EDGE_CURVE('',#1240,#1241,#1030,.T.);
#2100=EDGE_CURVE('',#1236,#1237,#1023,.T.);
#2113=EDGE_CURVE('',#1232,#1233,#1053,.T.);
#2128=EDGE_CURVE('',#1260,#1261,#1060,.T.);
#2139=EDGE_CURVE('',#1256,#1257,#1090,.T.);
#2152=EDGE_CURVE('',#1252,#1253,#1083,.T.);
#2172=CLOSED_SHELL('',(#1355,#1370,#1383,#1399,#1414,#1457,#1469,#1484,#1497,
#1513,#1527,#1539,#1554,#1567,#1583,#1597,#1609,#1624,#1637,#1653,#1667,#1679,
#1693,#1706,#1719,#1740,#1754,#1786,#1805,#1852,#1867,#1880,#1925,#1939,#1951,
#1965,#1977,#1991,#2003,#2017,#2029,#2042,#2055,#2067,#2081,#2094,#2107,#2120,
#2133,#2146,#2159,#2171));
#2173=MANIFOLD_SOLID_BREP('',#2172);
#2180=(LENGTH_UNIT()NAMED_UNIT(*)SI_UNIT(.MILLI.,.METRE.));
#2182=(NAMED_UNIT(*)PLANE_ANGLE_UNIT()SI_UNIT($,.RADIAN.));
#2185=(NAMED_UNIT(*)SI_UNIT($,.STERADIAN.)SOLID_ANGLE_UNIT());
#2191=AXIS2_PLACEMENT_3D('',#2188,#2189,#2190);
#2192=ADVANCED_BREP_SHAPE_REPRESENTATION('',(#2191,#2173),#2187);
#2199=PRODUCT_DEFINITION('design','',#2198,#2195);
#2200=PRODUCT_DEFINITION_SHAPE('','SHAPE FOR SENTECH_BRACKET.',#2199);
#2201=SHAPE_DEFINITION_REPRESENTATION(#2200,#2192);
#2202=SHAPE_DEFINITION_REPRESENTATION(#2203,#2204);
#2203=PRODUCT_DEFINITION_SHAPE('','SHAPE FOR SEN_BRACKET_ASM.',#10076);
#2204=SHAPE_REPRESENTATION('',(#2210,#9549,#9790,#10054,#10070),#10066);
#2205=NEXT_ASSEMBLY_USAGE_OCCURRENCE('0','Next assembly relationship',
'SENTECH_BRACKET',#10076,#2199,$);
#2206=PRODUCT_DEFINITION_SHAPE('Placement #0',
'Placement of SENTECH_BRACKET with respect to SEN_BRACKET_ASM',#2205);
#2214=DRAUGHTING_PRE_DEFINED_COLOUR('black');
#2215=COLOUR_RGB('',1.764705882353E-1,5.529411764706E-1,2.901960784314E-1);
#2216=COLOUR_RGB('',6.66667E-1,6.39216E-1,6.19608E-1);
#2217=COLOUR_RGB('',7.490196078431E-1,7.490196078431E-1,7.490196078431E-1);
#2218=COLOUR_RGB('',8.313725490196E-1,6.509803921569E-1,1.686274509804E-1);
#2219=DRAUGHTING_PRE_DEFINED_COLOUR('magenta');
#2220=COLOUR_RGB('',1.E0,1.E0,5.019607843137E-1);
#2221=COLOUR_RGB('',1.E0,1.E0,6.274509803922E-1);
#2269=CIRCLE('',#2268,2.E0);
#2277=CIRCLE('',#2276,2.E0);
#2285=CIRCLE('',#2284,2.E0);
#2293=CIRCLE('',#2292,2.E0);
#2357=CIRCLE('',#2356,2.E0);
#2365=CIRCLE('',#2364,2.E0);
#2373=CIRCLE('',#2372,2.E0);
#2381=CIRCLE('',#2380,2.E0);
#2403=CIRCLE('',#2402,2.E0);
#2411=CIRCLE('',#2410,2.E0);
#2419=CIRCLE('',#2418,2.E0);
#2427=CIRCLE('',#2426,2.E0);
#2442=CIRCLE('',#2441,1.8E0);
#2457=CIRCLE('',#2456,1.8E0);
#2472=CIRCLE('',#2471,1.8E0);
#2487=CIRCLE('',#2486,1.8E0);
#2502=CIRCLE('',#2501,2.E0);
#2517=CIRCLE('',#2516,2.E0);
#2532=CIRCLE('',#2531,2.E0);
#2547=CIRCLE('',#2546,2.E0);
#2562=CIRCLE('',#2561,1.8E0);
#2570=CIRCLE('',#2569,1.8E0);
#2578=CIRCLE('',#2577,1.8E0);
#2586=CIRCLE('',#2585,1.8E0);
#2622=CIRCLE('',#2621,2.E0);
#2630=CIRCLE('',#2629,2.E0);
#2638=CIRCLE('',#2637,2.E0);
#2646=CIRCLE('',#2645,2.E0);
#2682=CIRCLE('',#2681,2.E0);
#2690=CIRCLE('',#2689,2.E0);
#2698=CIRCLE('',#2697,2.E0);
#2706=CIRCLE('',#2705,2.E0);
#2721=CIRCLE('',#2720,2.E0);
#2736=CIRCLE('',#2735,2.E0);
#2751=CIRCLE('',#2750,2.E0);
#2766=CIRCLE('',#2765,2.E0);
#2830=CIRCLE('',#2829,2.45E0);
#2838=CIRCLE('',#2837,2.45E0);
#2846=CIRCLE('',#2845,2.45E0);
#2854=CIRCLE('',#2853,2.45E0);
#2862=CIRCLE('',#2861,2.45E0);
#2870=CIRCLE('',#2869,2.45E0);
#2878=CIRCLE('',#2877,2.45E0);
#2886=CIRCLE('',#2885,2.45E0);
#2894=CIRCLE('',#2893,5.45E0);
#2902=CIRCLE('',#2901,5.45E0);
#2994=CIRCLE('',#2993,1.E0);
#3002=CIRCLE('',#3001,1.E0);
#3024=CIRCLE('',#3023,1.E0);
#3032=CIRCLE('',#3031,1.E0);
#3614=CIRCLE('',#3613,2.45E0);
#3622=CIRCLE('',#3621,2.45E0);
#3630=CIRCLE('',#3629,2.25E0);
#3638=CIRCLE('',#3637,2.25E0);
#3660=CIRCLE('',#3659,2.25E0);
#3668=CIRCLE('',#3667,2.25E0);
#3690=CIRCLE('',#3689,2.45E0);
#3698=CIRCLE('',#3697,2.45E0);
#3706=CIRCLE('',#3705,2.25E0);
#3714=CIRCLE('',#3713,2.25E0);
#3736=CIRCLE('',#3735,2.25E0);
#3744=CIRCLE('',#3743,2.25E0);
#3766=CIRCLE('',#3765,2.45E0);
#3774=CIRCLE('',#3773,2.45E0);
#3782=CIRCLE('',#3781,2.25E0);
#3790=CIRCLE('',#3789,2.25E0);
#3812=CIRCLE('',#3811,2.25E0);
#3820=CIRCLE('',#3819,2.25E0);
#3842=CIRCLE('',#3841,2.45E0);
#3850=CIRCLE('',#3849,2.45E0);
#3858=CIRCLE('',#3857,2.25E0);
#3866=CIRCLE('',#3865,2.25E0);
#3888=CIRCLE('',#3887,2.25E0);
#3896=CIRCLE('',#3895,2.25E0);
#3918=CIRCLE('',#3917,5.45E0);
#3926=CIRCLE('',#3925,5.45E0);
#3934=CIRCLE('',#3933,4.425E0);
#3942=CIRCLE('',#3941,4.425E0);
#3964=CIRCLE('',#3963,4.425E0);
#3972=CIRCLE('',#3971,4.425E0);
#3980=CIRCLE('',#3979,3.65E0);
#3988=CIRCLE('',#3987,3.65E0);
#4010=CIRCLE('',#4009,3.65E0);
#4018=CIRCLE('',#4017,3.65E0);
#4026=CIRCLE('',#4025,2.8E0);
#4034=CIRCLE('',#4033,2.8E0);
#4056=CIRCLE('',#4055,2.8E0);
#4064=CIRCLE('',#4063,2.8E0);
#4072=CIRCLE('',#4071,2.5E-1);
#4080=CIRCLE('',#4079,2.5E-1);
#4102=CIRCLE('',#4101,2.5E-1);
#4110=CIRCLE('',#4109,2.5E-1);
#4174=CIRCLE('',#4173,1.E0);
#4182=CIRCLE('',#4181,1.E0);
#4204=CIRCLE('',#4203,1.E0);
#4212=CIRCLE('',#4211,1.E0);
#4234=CIRCLE('',#4233,2.E0);
#4242=CIRCLE('',#4241,2.E0);
#4264=CIRCLE('',#4263,2.E0);
#4272=CIRCLE('',#4271,2.E0);
#4294=CIRCLE('',#4293,2.E0);
#4302=CIRCLE('',#4301,2.E0);
#4324=CIRCLE('',#4323,2.E0);
#4332=CIRCLE('',#4331,2.E0);
#4431=CIRCLE('',#4430,2.E0);
#4474=CIRCLE('',#4473,1.E0);
#4482=CIRCLE('',#4481,1.E0);
#4490=CIRCLE('',#4489,1.E0);
#4498=CIRCLE('',#4497,1.E0);
#4506=CIRCLE('',#4505,1.45E1);
#4514=CIRCLE('',#4513,1.45E1);
#4536=CIRCLE('',#4535,2.E0);
#4621=CIRCLE('',#4620,2.E0);
#4657=CIRCLE('',#4656,2.E0);
#4721=CIRCLE('',#4720,1.45E1);
#4729=CIRCLE('',#4728,1.45E1);
#4737=CIRCLE('',#4736,1.43E1);
#4745=CIRCLE('',#4744,1.43E1);
#4767=CIRCLE('',#4766,1.45E1);
#4775=CIRCLE('',#4774,1.45E1);
#4783=CIRCLE('',#4782,1.43E1);
#4791=CIRCLE('',#4790,1.43E1);
#4813=CIRCLE('',#4812,1.45E1);
#4821=CIRCLE('',#4820,1.45E1);
#4829=CIRCLE('',#4828,1.27E1);
#4837=CIRCLE('',#4836,1.27E1);
#4859=CIRCLE('',#4858,1.27E1);
#4867=CIRCLE('',#4866,1.27E1);
#4875=CIRCLE('',#4874,1.19E1);
#4883=CIRCLE('',#4882,1.19E1);
#4905=CIRCLE('',#4904,1.19E1);
#4913=CIRCLE('',#4912,1.19E1);
#4921=CIRCLE('',#4920,1.75E0);
#4929=CIRCLE('',#4928,1.75E0);
#4944=CIRCLE('',#4943,2.E0);
#4959=CIRCLE('',#4958,1.18E1);
#4967=CIRCLE('',#4966,1.18E1);
#4982=CIRCLE('',#4981,2.E0);
#4997=CIRCLE('',#4996,1.18E1);
#5005=CIRCLE('',#5004,1.18E1);
#5013=CIRCLE('',#5012,1.75E0);
#5021=CIRCLE('',#5020,1.75E0);
#5043=CIRCLE('',#5042,1.75E0);
#5051=CIRCLE('',#5050,1.75E0);
#5066=CIRCLE('',#5065,1.18E1);
#5074=CIRCLE('',#5073,1.18E1);
#5082=CIRCLE('',#5081,2.E0);
#5090=CIRCLE('',#5089,1.18E1);
#5098=CIRCLE('',#5097,1.18E1);
#5106=CIRCLE('',#5105,2.E0);
#5380=CIRCLE('',#5379,1.75E0);
#5388=CIRCLE('',#5387,1.75E0);
#5410=CIRCLE('',#5409,2.E0);
#5418=CIRCLE('',#5417,2.E0);
#5440=CIRCLE('',#5439,2.E0);
#5448=CIRCLE('',#5447,2.E0);
#5470=CIRCLE('',#5469,2.E0);
#5478=CIRCLE('',#5477,2.E0);
#5500=CIRCLE('',#5499,2.E0);
#5508=CIRCLE('',#5507,2.E0);
#6109=EDGE_CURVE('',#5957,#5539,#2240,.T.);
#6111=EDGE_CURVE('',#5538,#5539,#2226,.T.);
#6113=EDGE_CURVE('',#5538,#5943,#2388,.T.);
#6115=EDGE_CURVE('',#5943,#5957,#4550,.T.);
#6125=EDGE_CURVE('',#6083,#6045,#2233,.T.);
#6127=EDGE_CURVE('',#6083,#5539,#2411,.T.);
#6130=EDGE_CURVE('',#5957,#6045,#4536,.T.);
#6140=EDGE_CURVE('',#6025,#6011,#2307,.T.);
#6142=EDGE_CURVE('',#6083,#6011,#2247,.T.);
#6145=EDGE_CURVE('',#6045,#5675,#4557,.T.);
#6147=EDGE_CURVE('',#5674,#5675,#2254,.T.);
#6149=EDGE_CURVE('',#6069,#5674,#2261,.T.);
#6151=EDGE_CURVE('',#6069,#6024,#4685,.T.);
#6153=EDGE_CURVE('',#6024,#6025,#4678,.T.);
#6157=EDGE_CURVE('',#5593,#5592,#2269,.T.);
#6159=EDGE_CURVE('',#5592,#5593,#2277,.T.);
#6163=EDGE_CURVE('',#5798,#5799,#2285,.T.);
#6165=EDGE_CURVE('',#5799,#5798,#2293,.T.);
#6175=EDGE_CURVE('',#6010,#6049,#2300,.T.);
#6177=EDGE_CURVE('',#6010,#6011,#2419,.T.);
#6180=EDGE_CURVE('',#6025,#6049,#4657,.T.);
#6190=EDGE_CURVE('',#5707,#6053,#2328,.T.);
#6192=EDGE_CURVE('',#6010,#6053,#2314,.T.);
#6195=EDGE_CURVE('',#6049,#5707,#4635,.T.);
#6205=EDGE_CURVE('',#5929,#5883,#2321,.T.);
#6207=EDGE_CURVE('',#5929,#6053,#2427,.T.);
#6210=EDGE_CURVE('',#5707,#5883,#4621,.T.);
#6220=EDGE_CURVE('',#5939,#5931,#2395,.T.);
#6222=EDGE_CURVE('',#5929,#5931,#2335,.T.);
#6225=EDGE_CURVE('',#5883,#5755,#4599,.T.);
#6227=EDGE_CURVE('',#5754,#5755,#2342,.T.);
#6229=EDGE_CURVE('',#5514,#5754,#2349,.T.);
#6231=EDGE_CURVE('',#5514,#5515,#4452,.T.);
#6233=EDGE_CURVE('',#5515,#5939,#4445,.T.);
#6237=EDGE_CURVE('',#5721,#5720,#2357,.T.);
#6239=EDGE_CURVE('',#5720,#5721,#2365,.T.);
#6243=EDGE_CURVE('',#5660,#5888,#2373,.T.);
#6245=EDGE_CURVE('',#5888,#5660,#2381,.T.);
#6256=EDGE_CURVE('',#5538,#5931,#2403,.T.);
#6259=EDGE_CURVE('',#5939,#5943,#4431,.T.);
#6279=EDGE_CURVE('',#6065,#5811,#2434,.T.);
#6281=EDGE_CURVE('',#6071,#6065,#2442,.T.);
#6283=EDGE_CURVE('',#5601,#6071,#2449,.T.);
#6285=EDGE_CURVE('',#5569,#5601,#2457,.T.);
#6287=EDGE_CURVE('',#5543,#5569,#2464,.T.);
#6289=EDGE_CURVE('',#5518,#5543,#2472,.T.);
#6291=EDGE_CURVE('',#5625,#5518,#2479,.T.);
#6293=EDGE_CURVE('',#5811,#5625,#2487,.T.);
#6303=EDGE_CURVE('',#5967,#5871,#2494,.T.);
#6305=EDGE_CURVE('',#5967,#6065,#4409,.T.);
#6308=EDGE_CURVE('',#5811,#5871,#4388,.T.);
#6318=EDGE_CURVE('',#6043,#5983,#2502,.T.);
#6320=EDGE_CURVE('',#5779,#6043,#2509,.T.);
#6322=EDGE_CURVE('',#5953,#5779,#2517,.T.);
#6324=EDGE_CURVE('',#5952,#5953,#2524,.T.);
#6326=EDGE_CURVE('',#5541,#5952,#2532,.T.);
#6328=EDGE_CURVE('',#5531,#5541,#2539,.T.);
#6330=EDGE_CURVE('',#5530,#5531,#2547,.T.);
#6332=EDGE_CURVE('',#5983,#5530,#2554,.T.);
#6336=EDGE_CURVE('',#5600,#5649,#4339,.T.);
#6338=EDGE_CURVE('',#5967,#5649,#2562,.T.);
#6341=EDGE_CURVE('',#5685,#5871,#2570,.T.);
#6343=EDGE_CURVE('',#5685,#5519,#4381,.T.);
#6345=EDGE_CURVE('',#5564,#5519,#2578,.T.);
#6347=EDGE_CURVE('',#5564,#5565,#4360,.T.);
#6349=EDGE_CURVE('',#5600,#5565,#2586,.T.);
#6360=EDGE_CURVE('',#5621,#5983,#2593,.T.);
#6362=EDGE_CURVE('',#5621,#6061,#2721,.T.);
#6364=EDGE_CURVE('',#6043,#6061,#2600,.T.);
#6375=EDGE_CURVE('',#5530,#5620,#2614,.T.);
#6377=EDGE_CURVE('',#5620,#5621,#2728,.T.);
#6389=EDGE_CURVE('',#5809,#5531,#2607,.T.);
#6391=EDGE_CURVE('',#5809,#5620,#2736,.T.);
#6403=EDGE_CURVE('',#5541,#5747,#2660,.T.);
#6405=EDGE_CURVE('',#5747,#5809,#2743,.T.);
#6410=EDGE_CURVE('',#5978,#5666,#2622,.T.);
#6412=EDGE_CURVE('',#5666,#5978,#2630,.T.);
#6416=EDGE_CURVE('',#5613,#5612,#2638,.T.);
#6418=EDGE_CURVE('',#5612,#5613,#2646,.T.);
#6429=EDGE_CURVE('',#6031,#5952,#2653,.T.);
#6431=EDGE_CURVE('',#6031,#5747,#2751,.T.);
#6443=EDGE_CURVE('',#5953,#6101,#2674,.T.);
#6445=EDGE_CURVE('',#6101,#6031,#2758,.T.);
#6457=EDGE_CURVE('',#5778,#5779,#2667,.T.);
#6459=EDGE_CURVE('',#5778,#6101,#2766,.T.);
#6472=EDGE_CURVE('',#6061,#5778,#2713,.T.);
#6477=EDGE_CURVE('',#6019,#5900,#2682,.T.);
#6479=EDGE_CURVE('',#5900,#6019,#2690,.T.);
#6483=EDGE_CURVE('',#5671,#5670,#2698,.T.);
#6485=EDGE_CURVE('',#5670,#5671,#2706,.T.);
#6505=EDGE_CURVE('',#5697,#6007,#2773,.T.);
#6507=EDGE_CURVE('',#5696,#5697,#2780,.T.);
#6509=EDGE_CURVE('',#6097,#5696,#2787,.T.);
#6511=EDGE_CURVE('',#6007,#6097,#2794,.T.);
#6515=EDGE_CURVE('',#5880,#6075,#2801,.T.);
#6517=EDGE_CURVE('',#6081,#5880,#2808,.T.);
#6519=EDGE_CURVE('',#5714,#6081,#2815,.T.);
#6521=EDGE_CURVE('',#6075,#5714,#2822,.T.);
#6525=EDGE_CURVE('',#5859,#5805,#2830,.T.);
#6527=EDGE_CURVE('',#5805,#5859,#2838,.T.);
#6531=EDGE_CURVE('',#5629,#5627,#2846,.T.);
#6533=EDGE_CURVE('',#5627,#5629,#2854,.T.);
#6537=EDGE_CURVE('',#5572,#5573,#2862,.T.);
#6539=EDGE_CURVE('',#5573,#5572,#2870,.T.);
#6543=EDGE_CURVE('',#5535,#5534,#2878,.T.);
#6545=EDGE_CURVE('',#5534,#5535,#2886,.T.);
#6549=EDGE_CURVE('',#5864,#5838,#2894,.T.);
#6551=EDGE_CURVE('',#5838,#5864,#2902,.T.);
#6555=EDGE_CURVE('',#5642,#5643,#2909,.T.);
#6557=EDGE_CURVE('',#5962,#5642,#2916,.T.);
#6559=EDGE_CURVE('',#6091,#5962,#2923,.T.);
#6561=EDGE_CURVE('',#5643,#6091,#2930,.T.);
#6572=EDGE_CURVE('',#6007,#5616,#2958,.T.);
#6574=EDGE_CURVE('',#5965,#5616,#2937,.T.);
#6576=EDGE_CURVE('',#5697,#5965,#2944,.T.);
#6587=EDGE_CURVE('',#6097,#5617,#2972,.T.);
#6589=EDGE_CURVE('',#5616,#5617,#2951,.T.);
#6601=EDGE_CURVE('',#5696,#6039,#2986,.T.);
#6603=EDGE_CURVE('',#5617,#6039,#2965,.T.);
#6616=EDGE_CURVE('',#6039,#5965,#2979,.T.);
#6633=EDGE_CURVE('',#6015,#5843,#2994,.T.);
#6635=EDGE_CURVE('',#5843,#6015,#3002,.T.);
#6645=EDGE_CURVE('',#6015,#5682,#3009,.T.);
#6648=EDGE_CURVE('',#5843,#5683,#3016,.T.);
#6650=EDGE_CURVE('',#5683,#5682,#3024,.T.);
#6667=EDGE_CURVE('',#5682,#5683,#3032,.T.);
#6698=EDGE_CURVE('',#6075,#6079,#3060,.T.);
#6700=EDGE_CURVE('',#5881,#6079,#3039,.T.);
#6702=EDGE_CURVE('',#5880,#5881,#3046,.T.);
#6713=EDGE_CURVE('',#5714,#5715,#3074,.T.);
#6715=EDGE_CURVE('',#6079,#5715,#3053,.T.);
#6727=EDGE_CURVE('',#6081,#5997,#3088,.T.);
#6729=EDGE_CURVE('',#5715,#5997,#3067,.T.);
#6742=EDGE_CURVE('',#5997,#5881,#3081,.T.);
#6759=EDGE_CURVE('',#5728,#5652,#3095,.T.);
#6761=EDGE_CURVE('',#6017,#5728,#3102,.T.);
#6763=EDGE_CURVE('',#5949,#6017,#3109,.T.);
#6765=EDGE_CURVE('',#5652,#5949,#3116,.T.);
#6775=EDGE_CURVE('',#5728,#5729,#3123,.T.);
#6778=EDGE_CURVE('',#5652,#5653,#3165,.T.);
#6780=EDGE_CURVE('',#5729,#5653,#3130,.T.);
#6790=EDGE_CURVE('',#6017,#5793,#3137,.T.);
#6794=EDGE_CURVE('',#5793,#5729,#3144,.T.);
#6804=EDGE_CURVE('',#5949,#5792,#3151,.T.);
#6808=EDGE_CURVE('',#5792,#5793,#3158,.T.);
#6821=EDGE_CURVE('',#5653,#5792,#3172,.T.);
#6837=EDGE_CURVE('',#5904,#5933,#3179,.T.);
#6839=EDGE_CURVE('',#5775,#5904,#3186,.T.);
#6841=EDGE_CURVE('',#5774,#5775,#3193,.T.);
#6843=EDGE_CURVE('',#5933,#5774,#3200,.T.);
#6847=EDGE_CURVE('',#5656,#5657,#3207,.T.);
#6849=EDGE_CURVE('',#5981,#5656,#3214,.T.);
#6851=EDGE_CURVE('',#6057,#5981,#3221,.T.);
#6853=EDGE_CURVE('',#5657,#6057,#3228,.T.);
#6857=EDGE_CURVE('',#6077,#6033,#3235,.T.);
#6859=EDGE_CURVE('',#5913,#6077,#3242,.T.);
#6861=EDGE_CURVE('',#5770,#5913,#3249,.T.);
#6863=EDGE_CURVE('',#5911,#5770,#3256,.T.);
#6865=EDGE_CURVE('',#5947,#5911,#3263,.T.);
#6867=EDGE_CURVE('',#5946,#5947,#3270,.T.);
#6869=EDGE_CURVE('',#5814,#5946,#3277,.T.);
#6871=EDGE_CURVE('',#5802,#5814,#3284,.T.);
#6873=EDGE_CURVE('',#5834,#5802,#3291,.T.);
#6875=EDGE_CURVE('',#5874,#5834,#3298,.T.);
#6877=EDGE_CURVE('',#6085,#5874,#3305,.T.);
#6879=EDGE_CURVE('',#6033,#6085,#3312,.T.);
#6896=EDGE_CURVE('',#6021,#5905,#3326,.T.);
#6898=EDGE_CURVE('',#5904,#5905,#3319,.T.);
#6901=EDGE_CURVE('',#5933,#6021,#3354,.T.);
#6919=EDGE_CURVE('',#5679,#6021,#3333,.T.);
#6921=EDGE_CURVE('',#5678,#5679,#3340,.T.);
#6923=EDGE_CURVE('',#5905,#5678,#3347,.T.);
#6943=EDGE_CURVE('',#5774,#5679,#3361,.T.);
#6963=EDGE_CURVE('',#5775,#5678,#3368,.T.);
#7000=EDGE_CURVE('',#5657,#5663,#3396,.T.);
#7002=EDGE_CURVE('',#5761,#5663,#3375,.T.);
#7004=EDGE_CURVE('',#5656,#5761,#3382,.T.);
#7022=EDGE_CURVE('',#6057,#6003,#3410,.T.);
#7024=EDGE_CURVE('',#5663,#6003,#3389,.T.);
#7043=EDGE_CURVE('',#5981,#5985,#3424,.T.);
#7045=EDGE_CURVE('',#6003,#5985,#3403,.T.);
#7065=EDGE_CURVE('',#5985,#5761,#3417,.T.);
#7103=EDGE_CURVE('',#6033,#5821,#3452,.T.);
#7105=EDGE_CURVE('',#5820,#5821,#3431,.T.);
#7107=EDGE_CURVE('',#6077,#5820,#3438,.T.);
#7118=EDGE_CURVE('',#6085,#5987,#3466,.T.);
#7120=EDGE_CURVE('',#5821,#5987,#3445,.T.);
#7132=EDGE_CURVE('',#5874,#5875,#3480,.T.);
#7134=EDGE_CURVE('',#5987,#5875,#3459,.T.);
#7146=EDGE_CURVE('',#5834,#5835,#3494,.T.);
#7148=EDGE_CURVE('',#5875,#5835,#3473,.T.);
#7160=EDGE_CURVE('',#5802,#5803,#3508,.T.);
#7162=EDGE_CURVE('',#5835,#5803,#3487,.T.);
#7174=EDGE_CURVE('',#5814,#5815,#3522,.T.);
#7176=EDGE_CURVE('',#5803,#5815,#3501,.T.);
#7188=EDGE_CURVE('',#5946,#5740,#3536,.T.);
#7190=EDGE_CURVE('',#5815,#5740,#3515,.T.);
#7202=EDGE_CURVE('',#5947,#5741,#3550,.T.);
#7204=EDGE_CURVE('',#5740,#5741,#3529,.T.);
#7216=EDGE_CURVE('',#5911,#6073,#3564,.T.);
#7218=EDGE_CURVE('',#5741,#6073,#3543,.T.);
#7230=EDGE_CURVE('',#5770,#5771,#3578,.T.);
#7232=EDGE_CURVE('',#6073,#5771,#3557,.T.);
#7244=EDGE_CURVE('',#5913,#5935,#3592,.T.);
#7246=EDGE_CURVE('',#5771,#5935,#3571,.T.);
#7259=EDGE_CURVE('',#5935,#5820,#3585,.T.);
#7290=EDGE_CURVE('',#5859,#5646,#3599,.T.);
#7293=EDGE_CURVE('',#5805,#5647,#3606,.T.);
#7295=EDGE_CURVE('',#5647,#5646,#3614,.T.);
#7305=EDGE_CURVE('',#5646,#5647,#3622,.T.);
#7322=EDGE_CURVE('',#5847,#5846,#3630,.T.);
#7324=EDGE_CURVE('',#5846,#5847,#3638,.T.);
#7334=EDGE_CURVE('',#5847,#5941,#3645,.T.);
#7337=EDGE_CURVE('',#5846,#6055,#3652,.T.);
#7339=EDGE_CURVE('',#6055,#5941,#3668,.T.);
#7356=EDGE_CURVE('',#5941,#6055,#3660,.T.);
#7393=EDGE_CURVE('',#5629,#5605,#3675,.T.);
#7396=EDGE_CURVE('',#5627,#5604,#3682,.T.);
#7398=EDGE_CURVE('',#5604,#5605,#3690,.T.);
#7408=EDGE_CURVE('',#5605,#5604,#3698,.T.);
#7425=EDGE_CURVE('',#5638,#5915,#3706,.T.);
#7427=EDGE_CURVE('',#5915,#5638,#3714,.T.);
#7437=EDGE_CURVE('',#5638,#5639,#3721,.T.);
#7440=EDGE_CURVE('',#5915,#5841,#3728,.T.);
#7442=EDGE_CURVE('',#5841,#5639,#3744,.T.);
#7459=EDGE_CURVE('',#5639,#5841,#3736,.T.);
#7496=EDGE_CURVE('',#5572,#5709,#3751,.T.);
#7499=EDGE_CURVE('',#5573,#6035,#3758,.T.);
#7501=EDGE_CURVE('',#6035,#5709,#3766,.T.);
#7511=EDGE_CURVE('',#5709,#6035,#3774,.T.);
#7528=EDGE_CURVE('',#5751,#5750,#3782,.T.);
#7530=EDGE_CURVE('',#5750,#5751,#3790,.T.);
#7540=EDGE_CURVE('',#5751,#5895,#3797,.T.);
#7543=EDGE_CURVE('',#5750,#6095,#3804,.T.);
#7545=EDGE_CURVE('',#6095,#5895,#3820,.T.);
#7562=EDGE_CURVE('',#5895,#6095,#3812,.T.);
#7599=EDGE_CURVE('',#5535,#5897,#3827,.T.);
#7602=EDGE_CURVE('',#5534,#5763,#3834,.T.);
#7604=EDGE_CURVE('',#5763,#5897,#3842,.T.);
#7614=EDGE_CURVE('',#5897,#5763,#3850,.T.);
#7631=EDGE_CURVE('',#6051,#6028,#3858,.T.);
#7633=EDGE_CURVE('',#6028,#6051,#3866,.T.);
#7643=EDGE_CURVE('',#6051,#6059,#3873,.T.);
#7646=EDGE_CURVE('',#6028,#6029,#3880,.T.);
#7648=EDGE_CURVE('',#6029,#6059,#3896,.T.);
#7665=EDGE_CURVE('',#6059,#6029,#3888,.T.);
#7702=EDGE_CURVE('',#5864,#5865,#3903,.T.);
#7705=EDGE_CURVE('',#5838,#5839,#3910,.T.);
#7707=EDGE_CURVE('',#5839,#5865,#3918,.T.);
#7724=EDGE_CURVE('',#5865,#5839,#3926,.T.);
#7748=EDGE_CURVE('',#5975,#5732,#3934,.T.);
#7750=EDGE_CURVE('',#5732,#5975,#3942,.T.);
#7767=EDGE_CURVE('',#5975,#6093,#3949,.T.);
#7770=EDGE_CURVE('',#5732,#5733,#3956,.T.);
#7772=EDGE_CURVE('',#5733,#6093,#3964,.T.);
#7789=EDGE_CURVE('',#6093,#5733,#3972,.T.);
#7813=EDGE_CURVE('',#5633,#5632,#3980,.T.);
#7815=EDGE_CURVE('',#5632,#5633,#3988,.T.);
#7832=EDGE_CURVE('',#5633,#5689,#3995,.T.);
#7835=EDGE_CURVE('',#5632,#5688,#4002,.T.);
#7837=EDGE_CURVE('',#5688,#5689,#4010,.T.);
#7854=EDGE_CURVE('',#5689,#5688,#4018,.T.);
#7878=EDGE_CURVE('',#5589,#5588,#4026,.T.);
#7880=EDGE_CURVE('',#5588,#5589,#4034,.T.);
#7897=EDGE_CURVE('',#5589,#5856,#4041,.T.);
#7900=EDGE_CURVE('',#5588,#5857,#4048,.T.);
#7902=EDGE_CURVE('',#5857,#5856,#4056,.T.);
#7919=EDGE_CURVE('',#5856,#5857,#4064,.T.);
#7943=EDGE_CURVE('',#5785,#5784,#4072,.T.);
#7945=EDGE_CURVE('',#5784,#5785,#4080,.T.);
#7962=EDGE_CURVE('',#5785,#5561,#4087,.T.);
#7965=EDGE_CURVE('',#5784,#5560,#4094,.T.);
#7967=EDGE_CURVE('',#5560,#5561,#4102,.T.);
#7984=EDGE_CURVE('',#5561,#5560,#4110,.T.);
#8022=EDGE_CURVE('',#5643,#5853,#4138,.T.);
#8024=EDGE_CURVE('',#5849,#5853,#4117,.T.);
#8026=EDGE_CURVE('',#5642,#5849,#4124,.T.);
#8037=EDGE_CURVE('',#6091,#6067,#4152,.T.);
#8039=EDGE_CURVE('',#5853,#6067,#4131,.T.);
#8051=EDGE_CURVE('',#5962,#5963,#4166,.T.);
#8053=EDGE_CURVE('',#6067,#5963,#4145,.T.);
#8066=EDGE_CURVE('',#5963,#5849,#4159,.T.);
#8083=EDGE_CURVE('',#5745,#5744,#4174,.T.);
#8085=EDGE_CURVE('',#5744,#5745,#4182,.T.);
#8095=EDGE_CURVE('',#5745,#5737,#4189,.T.);
#8098=EDGE_CURVE('',#5744,#5736,#4196,.T.);
#8100=EDGE_CURVE('',#5736,#5737,#4204,.T.);
#8117=EDGE_CURVE('',#5737,#5736,#4212,.T.);
#8147=EDGE_CURVE('',#6019,#5995,#4219,.T.);
#8150=EDGE_CURVE('',#5900,#5901,#4226,.T.);
#8152=EDGE_CURVE('',#5901,#5995,#4234,.T.);
#8169=EDGE_CURVE('',#5995,#5901,#4242,.T.);
#8199=EDGE_CURVE('',#5671,#5608,#4249,.T.);
#8202=EDGE_CURVE('',#5670,#5609,#4256,.T.);
#8204=EDGE_CURVE('',#5609,#5608,#4264,.T.);
#8221=EDGE_CURVE('',#5608,#5609,#4272,.T.);
#8251=EDGE_CURVE('',#5978,#5979,#4279,.T.);
#8254=EDGE_CURVE('',#5666,#5667,#4286,.T.);
#8256=EDGE_CURVE('',#5667,#5979,#4294,.T.);
#8273=EDGE_CURVE('',#5979,#5667,#4302,.T.);
#8303=EDGE_CURVE('',#5613,#5861,#4309,.T.);
#8306=EDGE_CURVE('',#5612,#6041,#4316,.T.);
#8308=EDGE_CURVE('',#6041,#5861,#4324,.T.);
#8325=EDGE_CURVE('',#5861,#6041,#4332,.T.);
#8356=EDGE_CURVE('',#5600,#5601,#4353,.T.);
#8359=EDGE_CURVE('',#6071,#5649,#4402,.T.);
#8370=EDGE_CURVE('',#5569,#5565,#4346,.T.);
#8383=EDGE_CURVE('',#5564,#5543,#4374,.T.);
#8396=EDGE_CURVE('',#5518,#5519,#4367,.T.);
#8409=EDGE_CURVE('',#5685,#5625,#4395,.T.);
#8445=EDGE_CURVE('',#5938,#5939,#4416,.T.);
#8447=EDGE_CURVE('',#5938,#6063,#4482,.T.);
#8449=EDGE_CURVE('',#5943,#6063,#4423,.T.);
#8460=EDGE_CURVE('',#5515,#6103,#4466,.T.);
#8462=EDGE_CURVE('',#5938,#6103,#4438,.T.);
#8475=EDGE_CURVE('',#6103,#5514,#4459,.T.);
#8486=EDGE_CURVE('',#5956,#6047,#4474,.T.);
#8488=EDGE_CURVE('',#5956,#6063,#4543,.T.);
#8494=EDGE_CURVE('',#5754,#5788,#4585,.T.);
#8496=EDGE_CURVE('',#5788,#5789,#4606,.T.);
#8498=EDGE_CURVE('',#5706,#5789,#4490,.T.);
#8500=EDGE_CURVE('',#5706,#5711,#4642,.T.);
#8502=EDGE_CURVE('',#5807,#5711,#4498,.T.);
#8504=EDGE_CURVE('',#5807,#6037,#4671,.T.);
#8506=EDGE_CURVE('',#6037,#6069,#4692,.T.);
#8509=EDGE_CURVE('',#5674,#5795,#4571,.T.);
#8511=EDGE_CURVE('',#5795,#6047,#4564,.T.);
#8515=EDGE_CURVE('',#5557,#5567,#4506,.T.);
#8517=EDGE_CURVE('',#5567,#5557,#4514,.T.);
#8527=EDGE_CURVE('',#5956,#5957,#4521,.T.);
#8530=EDGE_CURVE('',#6045,#6047,#4528,.T.);
#8553=EDGE_CURVE('',#5795,#5675,#4578,.T.);
#8579=EDGE_CURVE('',#5788,#5755,#4592,.T.);
#8591=EDGE_CURVE('',#5883,#5789,#4613,.T.);
#8604=EDGE_CURVE('',#5706,#5707,#4628,.T.);
#8617=EDGE_CURVE('',#6049,#5711,#4649,.T.);
#8630=EDGE_CURVE('',#5807,#6025,#4664,.T.);
#8641=EDGE_CURVE('',#6024,#6037,#4699,.T.);
#8665=EDGE_CURVE('',#5557,#5555,#4706,.T.);
#8668=EDGE_CURVE('',#5567,#5554,#4713,.T.);
#8670=EDGE_CURVE('',#5554,#5555,#4721,.T.);
#8680=EDGE_CURVE('',#5555,#5554,#4729,.T.);
#8697=EDGE_CURVE('',#5623,#5551,#4737,.T.);
#8699=EDGE_CURVE('',#5551,#5623,#4745,.T.);
#8710=EDGE_CURVE('',#5550,#5551,#4752,.T.);
#8712=EDGE_CURVE('',#5550,#5817,#4783,.T.);
#8714=EDGE_CURVE('',#5817,#5623,#4759,.T.);
#8725=EDGE_CURVE('',#5817,#5550,#4791,.T.);
#8737=EDGE_CURVE('',#5584,#6089,#4767,.T.);
#8739=EDGE_CURVE('',#6089,#5584,#4775,.T.);
#8753=EDGE_CURVE('',#5584,#5585,#4798,.T.);
#8756=EDGE_CURVE('',#6089,#5877,#4805,.T.);
#8758=EDGE_CURVE('',#5877,#5585,#4813,.T.);
#8768=EDGE_CURVE('',#5585,#5877,#4821,.T.);
#8785=EDGE_CURVE('',#5758,#5759,#4829,.T.);
#8787=EDGE_CURVE('',#5759,#5758,#4837,.T.);
#8797=EDGE_CURVE('',#5758,#5970,#4844,.T.);
#8800=EDGE_CURVE('',#5759,#5971,#4851,.T.);
#8802=EDGE_CURVE('',#5971,#5970,#4859,.T.);
#8819=EDGE_CURVE('',#5970,#5971,#4867,.T.);
#8843=EDGE_CURVE('',#5927,#5926,#4875,.T.);
#8845=EDGE_CURVE('',#5926,#5927,#4883,.T.);
#8855=EDGE_CURVE('',#5927,#5909,#4890,.T.);
#8858=EDGE_CURVE('',#5926,#5908,#4897,.T.);
#8860=EDGE_CURVE('',#5908,#5909,#4905,.T.);
#8870=EDGE_CURVE('',#5909,#5908,#4913,.T.);
#8887=EDGE_CURVE('',#5868,#6013,#4921,.T.);
#8889=EDGE_CURVE('',#6013,#5868,#4929,.T.);
#8893=EDGE_CURVE('',#5523,#5825,#4936,.T.);
#8895=EDGE_CURVE('',#5522,#5523,#4944,.T.);
#8897=EDGE_CURVE('',#5635,#5522,#4951,.T.);
#8899=EDGE_CURVE('',#5989,#5635,#4959,.T.);
#8901=EDGE_CURVE('',#6001,#5989,#4967,.T.);
#8903=EDGE_CURVE('',#5959,#6001,#4974,.T.);
#8905=EDGE_CURVE('',#5701,#5959,#4982,.T.);
#8907=EDGE_CURVE('',#5700,#5701,#4989,.T.);
#8909=EDGE_CURVE('',#5823,#5700,#4997,.T.);
#8911=EDGE_CURVE('',#5825,#5823,#5005,.T.);
#8915=EDGE_CURVE('',#5831,#5596,#5013,.T.);
#8917=EDGE_CURVE('',#5596,#5831,#5021,.T.);
#8927=EDGE_CURVE('',#5868,#5869,#5028,.T.);
#8930=EDGE_CURVE('',#6013,#5885,#5035,.T.);
#8932=EDGE_CURVE('',#5885,#5869,#5043,.T.);
#8942=EDGE_CURVE('',#5869,#5885,#5051,.T.);
#8965=EDGE_CURVE('',#5692,#5693,#5058,.T.);
#8967=EDGE_CURVE('',#5692,#5523,#5218,.T.);
#8970=EDGE_CURVE('',#5825,#5693,#5141,.T.);
#8981=EDGE_CURVE('',#6099,#5693,#5066,.T.);
#8983=EDGE_CURVE('',#5724,#6099,#5074,.T.);
#8985=EDGE_CURVE('',#5724,#5725,#5155,.T.);
#8987=EDGE_CURVE('',#5526,#5725,#5082,.T.);
#8989=EDGE_CURVE('',#5526,#5527,#5176,.T.);
#8991=EDGE_CURVE('',#5829,#5527,#5090,.T.);
#8993=EDGE_CURVE('',#5828,#5829,#5098,.T.);
#8995=EDGE_CURVE('',#5828,#5703,#5204,.T.);
#8997=EDGE_CURVE('',#5692,#5703,#5106,.T.);
#9001=EDGE_CURVE('',#5767,#6005,#5113,.T.);
#9003=EDGE_CURVE('',#5766,#5767,#5120,.T.);
#9005=EDGE_CURVE('',#5999,#5766,#5127,.T.);
#9007=EDGE_CURVE('',#6005,#5999,#5134,.T.);
#9021=EDGE_CURVE('',#5724,#5700,#5148,.T.);
#9035=EDGE_CURVE('',#5701,#5725,#5162,.T.);
#9048=EDGE_CURVE('',#5526,#5959,#5169,.T.);
#9061=EDGE_CURVE('',#6001,#5527,#5190,.T.);
#9071=EDGE_CURVE('',#5829,#5989,#5183,.T.);
#9085=EDGE_CURVE('',#5828,#5635,#5197,.T.);
#9100=EDGE_CURVE('',#5522,#5703,#5211,.T.);
#9123=EDGE_CURVE('',#6005,#5577,#5246,.T.);
#9125=EDGE_CURVE('',#5576,#5577,#5225,.T.);
#9127=EDGE_CURVE('',#5767,#5576,#5232,.T.);
#9138=EDGE_CURVE('',#5999,#5781,#5260,.T.);
#9140=EDGE_CURVE('',#5577,#5781,#5239,.T.);
#9152=EDGE_CURVE('',#5766,#5851,#5274,.T.);
#9154=EDGE_CURVE('',#5781,#5851,#5253,.T.);
#9167=EDGE_CURVE('',#5851,#5576,#5267,.T.);
#9184=EDGE_CURVE('',#5892,#5893,#5281,.T.);
#9186=EDGE_CURVE('',#6087,#5892,#5288,.T.);
#9188=EDGE_CURVE('',#5973,#6087,#5295,.T.);
#9190=EDGE_CURVE('',#5893,#5973,#5302,.T.);
#9201=EDGE_CURVE('',#5893,#5993,#5330,.T.);
#9203=EDGE_CURVE('',#5992,#5993,#5309,.T.);
#9205=EDGE_CURVE('',#5892,#5992,#5316,.T.);
#9216=EDGE_CURVE('',#5973,#5918,#5344,.T.);
#9218=EDGE_CURVE('',#5993,#5918,#5323,.T.);
#9230=EDGE_CURVE('',#6087,#5919,#5358,.T.);
#9232=EDGE_CURVE('',#5918,#5919,#5337,.T.);
#9245=EDGE_CURVE('',#5919,#5992,#5351,.T.);
#9275=EDGE_CURVE('',#5831,#5717,#5365,.T.);
#9278=EDGE_CURVE('',#5596,#5597,#5372,.T.);
#9280=EDGE_CURVE('',#5597,#5717,#5380,.T.);
#9290=EDGE_CURVE('',#5717,#5597,#5388,.T.);
#9313=EDGE_CURVE('',#5721,#5546,#5395,.T.);
#9316=EDGE_CURVE('',#5720,#5547,#5402,.T.);
#9318=EDGE_CURVE('',#5547,#5546,#5410,.T.);
#9335=EDGE_CURVE('',#5546,#5547,#5418,.T.);
#9365=EDGE_CURVE('',#5660,#5661,#5425,.T.);
#9368=EDGE_CURVE('',#5888,#5889,#5432,.T.);
#9370=EDGE_CURVE('',#5889,#5661,#5440,.T.);
#9387=EDGE_CURVE('',#5661,#5889,#5448,.T.);
#9417=EDGE_CURVE('',#5593,#5923,#5455,.T.);
#9420=EDGE_CURVE('',#5592,#5921,#5462,.T.);
#9422=EDGE_CURVE('',#5921,#5923,#5470,.T.);
#9439=EDGE_CURVE('',#5923,#5921,#5478,.T.);
#9469=EDGE_CURVE('',#5798,#5580,#5485,.T.);
#9472=EDGE_CURVE('',#5799,#5581,#5492,.T.);
#9474=EDGE_CURVE('',#5581,#5580,#5500,.T.);
#9491=EDGE_CURVE('',#5580,#5581,#5508,.T.);
#9516=CLOSED_SHELL('',(#6119,#6134,#6169,#6184,#6199,#6214,#6249,#6263,#6297,
#6312,#6353,#6368,#6382,#6396,#6422,#6436,#6450,#6464,#6489,#6565,#6580,#6594,
#6608,#6621,#6639,#6654,#6674,#6691,#6706,#6720,#6734,#6747,#6769,#6784,#6798,
#6812,#6825,#6883,#6905,#6927,#6947,#6967,#6986,#7008,#7029,#7050,#7070,#7089,
#7111,#7125,#7139,#7153,#7167,#7181,#7195,#7209,#7223,#7237,#7251,#7264,#7284,
#7299,#7312,#7328,#7343,#7363,#7380,#7402,#7415,#7431,#7446,#7466,#7483,#7505,
#7518,#7534,#7549,#7569,#7586,#7608,#7621,#7637,#7652,#7672,#7689,#7711,#7731,
#7754,#7776,#7796,#7819,#7841,#7861,#7884,#7906,#7926,#7949,#7971,#7991,#8008,
#8030,#8044,#8058,#8071,#8089,#8104,#8124,#8141,#8156,#8176,#8193,#8208,#8228,
#8245,#8260,#8280,#8297,#8312,#8332,#8349,#8363,#8376,#8389,#8402,#8415,#8427,
#8439,#8454,#8468,#8480,#8521,#8535,#8547,#8560,#8571,#8583,#8596,#8609,#8622,
#8635,#8648,#8659,#8674,#8687,#8703,#8718,#8731,#8747,#8762,#8775,#8791,#8806,
#8826,#8849,#8864,#8877,#8921,#8936,#8949,#8959,#8974,#9011,#9026,#9039,#9052,
#9065,#9078,#9091,#9104,#9116,#9131,#9145,#9159,#9172,#9194,#9209,#9223,#9237,
#9250,#9262,#9284,#9297,#9307,#9322,#9342,#9359,#9374,#9394,#9411,#9426,#9446,
#9463,#9478,#9498,#9515));
#9517=MANIFOLD_SOLID_BREP('',#9516);
#9525=(LENGTH_UNIT()NAMED_UNIT(*)SI_UNIT(.MILLI.,.METRE.));
#9527=(NAMED_UNIT(*)PLANE_ANGLE_UNIT()SI_UNIT($,.RADIAN.));
#9530=(NAMED_UNIT(*)SI_UNIT($,.STERADIAN.)SOLID_ANGLE_UNIT());
#9536=AXIS2_PLACEMENT_3D('',#9533,#9534,#9535);
#9537=ADVANCED_BREP_SHAPE_REPRESENTATION('',(#9536,#9517),#9532);
#9541=PRODUCT_DEFINITION('design','',#9540,#2195);
#9542=PRODUCT_DEFINITION_SHAPE('','SHAPE FOR STC_MCS122BPOE.',#9541);
#9543=SHAPE_DEFINITION_REPRESENTATION(#9542,#9537);
#9544=NEXT_ASSEMBLY_USAGE_OCCURRENCE('1','Next assembly relationship',
'STC_MCS122BPOE',#10076,#9541,$);
#9545=PRODUCT_DEFINITION_SHAPE('Placement #1',
'Placement of STC_MCS122BPOE with respect to SEN_BRACKET_ASM',#9544);
#9553=COLOUR_RGB('',6.66667E-1,6.39216E-1,6.19608E-1);
#9559=CIRCLE('',#9558,1.525E1);
#9567=CIRCLE('',#9566,1.525E1);
#9589=CIRCLE('',#9588,1.525E1);
#9597=CIRCLE('',#9596,1.525E1);
#9605=CIRCLE('',#9604,1.27E1);
#9613=CIRCLE('',#9612,1.27E1);
#9635=CIRCLE('',#9634,1.27E1);
#9643=CIRCLE('',#9642,1.27E1);
#9668=EDGE_CURVE('',#9649,#9650,#9559,.T.);
#9670=EDGE_CURVE('',#9650,#9649,#9567,.T.);
#9681=EDGE_CURVE('',#9649,#9653,#9574,.T.);
#9683=EDGE_CURVE('',#9653,#9654,#9589,.T.);
#9685=EDGE_CURVE('',#9650,#9654,#9581,.T.);
#9697=EDGE_CURVE('',#9654,#9653,#9597,.T.);
#9712=EDGE_CURVE('',#9661,#9662,#9605,.T.);
#9714=EDGE_CURVE('',#9662,#9661,#9613,.T.);
#9725=EDGE_CURVE('',#9661,#9657,#9620,.T.);
#9727=EDGE_CURVE('',#9657,#9658,#9635,.T.);
#9729=EDGE_CURVE('',#9662,#9658,#9627,.T.);
#9741=EDGE_CURVE('',#9658,#9657,#9643,.T.);
#9757=CLOSED_SHELL('',(#9674,#9689,#9702,#9718,#9733,#9746,#9756));
#9758=MANIFOLD_SOLID_BREP('',#9757);
#9765=(LENGTH_UNIT()NAMED_UNIT(*)SI_UNIT(.MILLI.,.METRE.));
#9767=(NAMED_UNIT(*)PLANE_ANGLE_UNIT()SI_UNIT($,.RADIAN.));
#9770=(NAMED_UNIT(*)SI_UNIT($,.STERADIAN.)SOLID_ANGLE_UNIT());
#9776=AXIS2_PLACEMENT_3D('',#9773,#9774,#9775);
#9777=ADVANCED_BREP_SHAPE_REPRESENTATION('',(#9776,#9758),#9772);
#9782=PRODUCT_DEFINITION('design','',#9781,#9778);
#9783=PRODUCT_DEFINITION_SHAPE('','SHAPE FOR VS-LDA35.',#9782);
#9784=SHAPE_DEFINITION_REPRESENTATION(#9783,#9777);
#9785=NEXT_ASSEMBLY_USAGE_OCCURRENCE('2','Next assembly relationship',
'VS-LDA35',#10076,#9782,$);
#9786=PRODUCT_DEFINITION_SHAPE('Placement #2',
'Placement of VS-LDA35 with respect to SEN_BRACKET_ASM',#9785);
#9794=COLOUR_RGB('',6.66667E-1,6.39216E-1,6.19608E-1);
#9901=EDGE_CURVE('',#9882,#9883,#9799,.T.);
#9903=EDGE_CURVE('',#9883,#9885,#9806,.T.);
#9905=EDGE_CURVE('',#9885,#9887,#9813,.T.);
#9907=EDGE_CURVE('',#9887,#9882,#9820,.T.);
#9925=EDGE_CURVE('',#9882,#9890,#9827,.T.);
#9927=EDGE_CURVE('',#9890,#9891,#9855,.T.);
#9929=EDGE_CURVE('',#9883,#9891,#9848,.T.);
#9947=EDGE_CURVE('',#9887,#9895,#9834,.T.);
#9949=EDGE_CURVE('',#9895,#9890,#9862,.T.);
#9968=EDGE_CURVE('',#9885,#9893,#9841,.T.);
#9970=EDGE_CURVE('',#9893,#9895,#9869,.T.);
#9990=EDGE_CURVE('',#9891,#9893,#9876,.T.);
#10022=CLOSED_SHELL('',(#9911,#9933,#9954,#9975,#9995,#10014));
#10023=MANIFOLD_SOLID_BREP('',#10022);
#10030=(LENGTH_UNIT()NAMED_UNIT(*)SI_UNIT(.MILLI.,.METRE.));
#10032=(NAMED_UNIT(*)PLANE_ANGLE_UNIT()SI_UNIT($,.RADIAN.));
#10035=(NAMED_UNIT(*)SI_UNIT($,.STERADIAN.)SOLID_ANGLE_UNIT());
#10041=AXIS2_PLACEMENT_3D('',#10038,#10039,#10040);
#10042=ADVANCED_BREP_SHAPE_REPRESENTATION('',(#10041,#10023),#10037);
#10046=PRODUCT_DEFINITION('design','',#10045,#9778);
#10047=PRODUCT_DEFINITION_SHAPE('','SHAPE FOR FOV.',#10046);
#10048=SHAPE_DEFINITION_REPRESENTATION(#10047,#10042);
#10049=NEXT_ASSEMBLY_USAGE_OCCURRENCE('3','Next assembly relationship','FOV',
#10076,#10046,$);
#10050=PRODUCT_DEFINITION_SHAPE('Placement #3',
'Placement of FOV with respect to SEN_BRACKET_ASM',#10049);
#10059=(LENGTH_UNIT()NAMED_UNIT(*)SI_UNIT(.MILLI.,.METRE.));
#10061=(NAMED_UNIT(*)PLANE_ANGLE_UNIT()SI_UNIT($,.RADIAN.));
#10064=(NAMED_UNIT(*)SI_UNIT($,.STERADIAN.)SOLID_ANGLE_UNIT());
#10070=AXIS2_PLACEMENT_3D('',#10067,#10068,#10069);
#10076=PRODUCT_DEFINITION('design','',#10075,#10072);
ENDSEC;
END-ISO-10303-21;
