ISO-10303-21;
HEADER;
FILE_DESCRIPTION((''),'2;1');
FILE_NAME('ASM0001_ASM','2025-11-24T08:47:32',('hyojinn.kim'),(''),
'CREO PARAMETRIC BY PTC INC, 2023494','CREO PARAMETRIC BY PTC INC, 2023494','');
FILE_SCHEMA(('CONFIG_CONTROL_DESIGN','SHAPE_APPEARANCE_LAYERS_GROUPS'));
ENDSEC;
DATA;
#83=DIRECTION('',(-7.071067811865E-1,0.E0,-7.071067811865E-1));
#84=VECTOR('',#83,1.767766952966E1);
#85=CARTESIAN_POINT('',(-3.75E1,0.E0,1.1E2));
#86=LINE('',#85,#84);
#87=DRAUGHTING_PRE_DEFINED_CURVE_FONT('continuous');
#88=CURVE_STYLE('',#87,POSITIVE_LENGTH_MEASURE(2.E-2),#81);
#89=PRESENTATION_STYLE_ASSIGNMENT((#88));
#90=STYLED_ITEM('',(#89),#86);
#91=DIRECTION('',(1.E0,0.E0,0.E0));
#92=VECTOR('',#91,7.5E1);
#93=CARTESIAN_POINT('',(-3.75E1,0.E0,1.1E2));
#94=LINE('',#93,#92);
#95=CURVE_STYLE('',#87,POSITIVE_LENGTH_MEASURE(2.E-2),#81);
#96=PRESENTATION_STYLE_ASSIGNMENT((#95));
#97=STYLED_ITEM('',(#96),#94);
#98=DIRECTION('',(-7.071067811865E-1,0.E0,7.071067811865E-1));
#99=VECTOR('',#98,1.767766952966E1);
#100=CARTESIAN_POINT('',(5.E1,0.E0,9.75E1));
#101=LINE('',#100,#99);
#102=CURVE_STYLE('',#87,POSITIVE_LENGTH_MEASURE(2.E-2),#81);
#103=PRESENTATION_STYLE_ASSIGNMENT((#102));
#104=STYLED_ITEM('',(#103),#101);
#105=DIRECTION('',(0.E0,0.E0,-1.E0));
#106=VECTOR('',#105,1.95E2);
#107=CARTESIAN_POINT('',(5.E1,0.E0,9.75E1));
#108=LINE('',#107,#106);
#109=CURVE_STYLE('',#87,POSITIVE_LENGTH_MEASURE(2.E-2),#81);
#110=PRESENTATION_STYLE_ASSIGNMENT((#109));
#111=STYLED_ITEM('',(#110),#108);
#112=DIRECTION('',(7.071067811865E-1,0.E0,7.071067811865E-1));
#113=VECTOR('',#112,1.767766952966E1);
#114=CARTESIAN_POINT('',(3.75E1,0.E0,-1.1E2));
#115=LINE('',#114,#113);
#116=CURVE_STYLE('',#87,POSITIVE_LENGTH_MEASURE(2.E-2),#81);
#117=PRESENTATION_STYLE_ASSIGNMENT((#116));
#118=STYLED_ITEM('',(#117),#115);
#119=DIRECTION('',(-1.E0,0.E0,0.E0));
#120=VECTOR('',#119,7.5E1);
#121=CARTESIAN_POINT('',(3.75E1,0.E0,-1.1E2));
#122=LINE('',#121,#120);
#123=CURVE_STYLE('',#87,POSITIVE_LENGTH_MEASURE(2.E-2),#81);
#124=PRESENTATION_STYLE_ASSIGNMENT((#123));
#125=STYLED_ITEM('',(#124),#122);
#126=DIRECTION('',(7.071067811865E-1,0.E0,-7.071067811865E-1));
#127=VECTOR('',#126,1.767766952966E1);
#128=CARTESIAN_POINT('',(-5.E1,0.E0,-9.75E1));
#129=LINE('',#128,#127);
#130=CURVE_STYLE('',#87,POSITIVE_LENGTH_MEASURE(2.E-2),#81);
#131=PRESENTATION_STYLE_ASSIGNMENT((#130));
#132=STYLED_ITEM('',(#131),#129);
#133=DIRECTION('',(0.E0,0.E0,1.E0));
#134=VECTOR('',#133,1.95E2);
#135=CARTESIAN_POINT('',(-5.E1,0.E0,-9.75E1));
#136=LINE('',#135,#134);
#137=CURVE_STYLE('',#87,POSITIVE_LENGTH_MEASURE(2.E-2),#81);
#138=PRESENTATION_STYLE_ASSIGNMENT((#137));
#139=STYLED_ITEM('',(#138),#136);
#140=DIRECTION('',(0.E0,-1.E0,0.E0));
#141=VECTOR('',#140,1.E1);
#142=CARTESIAN_POINT('',(-5.E1,1.E1,9.75E1));
#143=LINE('',#142,#141);
#144=CURVE_STYLE('',#87,POSITIVE_LENGTH_MEASURE(2.E-2),#81);
#145=PRESENTATION_STYLE_ASSIGNMENT((#144));
#146=STYLED_ITEM('',(#145),#143);
#147=DIRECTION('',(0.E0,-1.E0,0.E0));
#148=VECTOR('',#147,1.E1);
#149=CARTESIAN_POINT('',(-5.E1,1.E1,-9.75E1));
#150=LINE('',#149,#148);
#151=CURVE_STYLE('',#87,POSITIVE_LENGTH_MEASURE(2.E-2),#81);
#152=PRESENTATION_STYLE_ASSIGNMENT((#151));
#153=STYLED_ITEM('',(#152),#150);
#154=DIRECTION('',(0.E0,-1.E0,0.E0));
#155=VECTOR('',#154,1.E1);
#156=CARTESIAN_POINT('',(3.75E1,1.E1,-1.1E2));
#157=LINE('',#156,#155);
#158=CURVE_STYLE('',#87,POSITIVE_LENGTH_MEASURE(2.E-2),#81);
#159=PRESENTATION_STYLE_ASSIGNMENT((#158));
#160=STYLED_ITEM('',(#159),#157);
#161=DIRECTION('',(0.E0,-1.E0,0.E0));
#162=VECTOR('',#161,1.E1);
#163=CARTESIAN_POINT('',(-3.75E1,1.E1,-1.1E2));
#164=LINE('',#163,#162);
#165=CURVE_STYLE('',#87,POSITIVE_LENGTH_MEASURE(2.E-2),#81);
#166=PRESENTATION_STYLE_ASSIGNMENT((#165));
#167=STYLED_ITEM('',(#166),#164);
#168=DIRECTION('',(0.E0,-1.E0,0.E0));
#169=VECTOR('',#168,1.E1);
#170=CARTESIAN_POINT('',(5.E1,1.E1,9.75E1));
#171=LINE('',#170,#169);
#172=CURVE_STYLE('',#87,POSITIVE_LENGTH_MEASURE(2.E-2),#81);
#173=PRESENTATION_STYLE_ASSIGNMENT((#172));
#174=STYLED_ITEM('',(#173),#171);
#175=DIRECTION('',(0.E0,-1.E0,0.E0));
#176=VECTOR('',#175,1.E1);
#177=CARTESIAN_POINT('',(5.E1,1.E1,-9.75E1));
#178=LINE('',#177,#176);
#179=CURVE_STYLE('',#87,POSITIVE_LENGTH_MEASURE(2.E-2),#81);
#180=PRESENTATION_STYLE_ASSIGNMENT((#179));
#181=STYLED_ITEM('',(#180),#178);
#182=DIRECTION('',(0.E0,-1.E0,0.E0));
#183=VECTOR('',#182,1.E1);
#184=CARTESIAN_POINT('',(-3.75E1,1.E1,1.1E2));
#185=LINE('',#184,#183);
#186=CURVE_STYLE('',#87,POSITIVE_LENGTH_MEASURE(2.E-2),#81);
#187=PRESENTATION_STYLE_ASSIGNMENT((#186));
#188=STYLED_ITEM('',(#187),#185);
#189=DIRECTION('',(0.E0,-1.E0,0.E0));
#190=VECTOR('',#189,1.E1);
#191=CARTESIAN_POINT('',(3.75E1,1.E1,1.1E2));
#192=LINE('',#191,#190);
#193=CURVE_STYLE('',#87,POSITIVE_LENGTH_MEASURE(2.E-2),#81);
#194=PRESENTATION_STYLE_ASSIGNMENT((#193));
#195=STYLED_ITEM('',(#194),#192);
#196=DIRECTION('',(0.E0,0.E0,1.E0));
#197=VECTOR('',#196,1.658312395178E1);
#198=CARTESIAN_POINT('',(1.25E1,1.E1,-8.291561975888E0));
#199=LINE('',#198,#197);
#200=CURVE_STYLE('',#87,POSITIVE_LENGTH_MEASURE(2.E-2),#81);
#201=PRESENTATION_STYLE_ASSIGNMENT((#200));
#202=STYLED_ITEM('',(#201),#199);
#203=DIRECTION('',(7.071067811865E-1,0.E0,7.071067811865E-1));
#204=VECTOR('',#203,1.767766952966E1);
#205=CARTESIAN_POINT('',(-5.E1,1.E1,9.75E1));
#206=LINE('',#205,#204);
#207=CURVE_STYLE('',#87,POSITIVE_LENGTH_MEASURE(2.E-2),#81);
#208=PRESENTATION_STYLE_ASSIGNMENT((#207));
#209=STYLED_ITEM('',(#208),#206);
#210=DIRECTION('',(0.E0,0.E0,1.E0));
#211=VECTOR('',#210,1.95E2);
#212=CARTESIAN_POINT('',(-5.E1,1.E1,-9.75E1));
#213=LINE('',#212,#211);
#214=CURVE_STYLE('',#87,POSITIVE_LENGTH_MEASURE(2.E-2),#81);
#215=PRESENTATION_STYLE_ASSIGNMENT((#214));
#216=STYLED_ITEM('',(#215),#213);
#217=DIRECTION('',(-7.071067811865E-1,0.E0,7.071067811865E-1));
#218=VECTOR('',#217,1.767766952966E1);
#219=CARTESIAN_POINT('',(-3.75E1,1.E1,-1.1E2));
#220=LINE('',#219,#218);
#221=CURVE_STYLE('',#87,POSITIVE_LENGTH_MEASURE(2.E-2),#81);
#222=PRESENTATION_STYLE_ASSIGNMENT((#221));
#223=STYLED_ITEM('',(#222),#220);
#224=DIRECTION('',(-1.E0,0.E0,0.E0));
#225=VECTOR('',#224,7.5E1);
#226=CARTESIAN_POINT('',(3.75E1,1.E1,-1.1E2));
#227=LINE('',#226,#225);
#228=CURVE_STYLE('',#87,POSITIVE_LENGTH_MEASURE(2.E-2),#81);
#229=PRESENTATION_STYLE_ASSIGNMENT((#228));
#230=STYLED_ITEM('',(#229),#227);
#231=DIRECTION('',(-7.071067811865E-1,0.E0,-7.071067811865E-1));
#232=VECTOR('',#231,1.767766952966E1);
#233=CARTESIAN_POINT('',(5.E1,1.E1,-9.75E1));
#234=LINE('',#233,#232);
#235=CURVE_STYLE('',#87,POSITIVE_LENGTH_MEASURE(2.E-2),#81);
#236=PRESENTATION_STYLE_ASSIGNMENT((#235));
#237=STYLED_ITEM('',(#236),#234);
#238=DIRECTION('',(0.E0,0.E0,-1.E0));
#239=VECTOR('',#238,1.95E2);
#240=CARTESIAN_POINT('',(5.E1,1.E1,9.75E1));
#241=LINE('',#240,#239);
#242=CURVE_STYLE('',#87,POSITIVE_LENGTH_MEASURE(2.E-2),#81);
#243=PRESENTATION_STYLE_ASSIGNMENT((#242));
#244=STYLED_ITEM('',(#243),#241);
#245=DIRECTION('',(7.071067811865E-1,0.E0,-7.071067811865E-1));
#246=VECTOR('',#245,1.767766952966E1);
#247=CARTESIAN_POINT('',(3.75E1,1.E1,1.1E2));
#248=LINE('',#247,#246);
#249=CURVE_STYLE('',#87,POSITIVE_LENGTH_MEASURE(2.E-2),#81);
#250=PRESENTATION_STYLE_ASSIGNMENT((#249));
#251=STYLED_ITEM('',(#250),#248);
#252=DIRECTION('',(1.E0,0.E0,0.E0));
#253=VECTOR('',#252,7.5E1);
#254=CARTESIAN_POINT('',(-3.75E1,1.E1,1.1E2));
#255=LINE('',#254,#253);
#256=CURVE_STYLE('',#87,POSITIVE_LENGTH_MEASURE(2.E-2),#81);
#257=PRESENTATION_STYLE_ASSIGNMENT((#256));
#258=STYLED_ITEM('',(#257),#255);
#259=CARTESIAN_POINT('',(0.E0,1.E1,0.E0));
#260=DIRECTION('',(0.E0,-1.E0,0.E0));
#261=DIRECTION('',(8.333333333333E-1,0.E0,5.527707983926E-1));
#262=AXIS2_PLACEMENT_3D('',#259,#260,#261);
#264=CURVE_STYLE('',#87,POSITIVE_LENGTH_MEASURE(2.E-2),#81);
#265=PRESENTATION_STYLE_ASSIGNMENT((#264));
#266=STYLED_ITEM('',(#265),#263);
#267=DIRECTION('',(0.E0,1.E0,0.E0));
#268=VECTOR('',#267,1.E2);
#269=CARTESIAN_POINT('',(1.25E1,1.E1,-8.291561975888E0));
#270=LINE('',#269,#268);
#271=CURVE_STYLE('',#87,POSITIVE_LENGTH_MEASURE(2.E-2),#81);
#272=PRESENTATION_STYLE_ASSIGNMENT((#271));
#273=STYLED_ITEM('',(#272),#270);
#274=CARTESIAN_POINT('',(0.E0,1.1E2,0.E0));
#275=DIRECTION('',(0.E0,1.E0,0.E0));
#276=DIRECTION('',(8.333333333333E-1,0.E0,-5.527707983926E-1));
#277=AXIS2_PLACEMENT_3D('',#274,#275,#276);
#279=CURVE_STYLE('',#87,POSITIVE_LENGTH_MEASURE(2.E-2),#81);
#280=PRESENTATION_STYLE_ASSIGNMENT((#279));
#281=STYLED_ITEM('',(#280),#278);
#282=DIRECTION('',(0.E0,1.E0,0.E0));
#283=VECTOR('',#282,1.E2);
#284=CARTESIAN_POINT('',(1.25E1,1.E1,8.291561975889E0));
#285=LINE('',#284,#283);
#286=CURVE_STYLE('',#87,POSITIVE_LENGTH_MEASURE(2.E-2),#81);
#287=PRESENTATION_STYLE_ASSIGNMENT((#286));
#288=STYLED_ITEM('',(#287),#285);
#289=DIRECTION('',(0.E0,0.E0,1.E0));
#290=VECTOR('',#289,1.658312395178E1);
#291=CARTESIAN_POINT('',(1.25E1,1.1E2,-8.291561975889E0));
#292=LINE('',#291,#290);
#293=CURVE_STYLE('',#87,POSITIVE_LENGTH_MEASURE(2.E-2),#81);
#294=PRESENTATION_STYLE_ASSIGNMENT((#293));
#295=STYLED_ITEM('',(#294),#292);
#296=CARTESIAN_POINT('',(1.25E1,1.1E2,-8.291561975889E0));
#297=CARTESIAN_POINT('',(1.25E1,1.1E2,8.291561975889E0));
#298=VERTEX_POINT('',#296);
#299=VERTEX_POINT('',#297);
#300=CARTESIAN_POINT('',(1.25E1,1.E1,8.291561975889E0));
#301=VERTEX_POINT('',#300);
#302=CARTESIAN_POINT('',(1.25E1,1.E1,-8.291561975888E0));
#303=VERTEX_POINT('',#302);
#304=CARTESIAN_POINT('',(-3.75E1,0.E0,1.1E2));
#305=CARTESIAN_POINT('',(-5.E1,0.E0,9.75E1));
#306=VERTEX_POINT('',#304);
#307=VERTEX_POINT('',#305);
#308=CARTESIAN_POINT('',(-5.E1,1.E1,9.75E1));
#309=VERTEX_POINT('',#308);
#310=CARTESIAN_POINT('',(-3.75E1,1.E1,1.1E2));
#311=VERTEX_POINT('',#310);
#312=CARTESIAN_POINT('',(5.E1,0.E0,9.75E1));
#313=CARTESIAN_POINT('',(3.75E1,0.E0,1.1E2));
#314=VERTEX_POINT('',#312);
#315=VERTEX_POINT('',#313);
#316=CARTESIAN_POINT('',(3.75E1,1.E1,1.1E2));
#317=VERTEX_POINT('',#316);
#318=CARTESIAN_POINT('',(5.E1,1.E1,9.75E1));
#319=VERTEX_POINT('',#318);
#320=CARTESIAN_POINT('',(3.75E1,0.E0,-1.1E2));
#321=CARTESIAN_POINT('',(5.E1,0.E0,-9.75E1));
#322=VERTEX_POINT('',#320);
#323=VERTEX_POINT('',#321);
#324=CARTESIAN_POINT('',(5.E1,1.E1,-9.75E1));
#325=VERTEX_POINT('',#324);
#326=CARTESIAN_POINT('',(3.75E1,1.E1,-1.1E2));
#327=VERTEX_POINT('',#326);
#328=CARTESIAN_POINT('',(-5.E1,0.E0,-9.75E1));
#329=CARTESIAN_POINT('',(-3.75E1,0.E0,-1.1E2));
#330=VERTEX_POINT('',#328);
#331=VERTEX_POINT('',#329);
#332=CARTESIAN_POINT('',(-3.75E1,1.E1,-1.1E2));
#333=VERTEX_POINT('',#332);
#334=CARTESIAN_POINT('',(-5.E1,1.E1,-9.75E1));
#335=VERTEX_POINT('',#334);
#336=CARTESIAN_POINT('',(0.E0,0.E0,0.E0));
#337=DIRECTION('',(0.E0,1.E0,0.E0));
#338=DIRECTION('',(1.E0,0.E0,0.E0));
#339=AXIS2_PLACEMENT_3D('',#336,#337,#338);
#340=PLANE('',#339);
#342=ORIENTED_EDGE('',*,*,#341,.F.);
#344=ORIENTED_EDGE('',*,*,#343,.T.);
#346=ORIENTED_EDGE('',*,*,#345,.F.);
#348=ORIENTED_EDGE('',*,*,#347,.T.);
#350=ORIENTED_EDGE('',*,*,#349,.F.);
#352=ORIENTED_EDGE('',*,*,#351,.T.);
#354=ORIENTED_EDGE('',*,*,#353,.F.);
#356=ORIENTED_EDGE('',*,*,#355,.T.);
#357=EDGE_LOOP('',(#342,#344,#346,#348,#350,#352,#354,#356));
#358=FACE_OUTER_BOUND('',#357,.F.);
#359=ADVANCED_FACE('',(#358),#340,.F.);
#360=CARTESIAN_POINT('',(-4.375E1,5.E0,1.0375E2));
#361=DIRECTION('',(-7.071067811865E-1,0.E0,7.071067811865E-1));
#362=DIRECTION('',(-7.071067811865E-1,0.E0,-7.071067811865E-1));
#363=AXIS2_PLACEMENT_3D('',#360,#361,#362);
#364=PLANE('',#363);
#365=ORIENTED_EDGE('',*,*,#341,.T.);
#367=ORIENTED_EDGE('',*,*,#366,.F.);
#369=ORIENTED_EDGE('',*,*,#368,.T.);
#371=ORIENTED_EDGE('',*,*,#370,.T.);
#372=EDGE_LOOP('',(#365,#367,#369,#371));
#373=FACE_OUTER_BOUND('',#372,.F.);
#374=ADVANCED_FACE('',(#373),#364,.T.);
#375=CARTESIAN_POINT('',(-5.E1,0.E0,-1.1E2));
#376=DIRECTION('',(-1.E0,0.E0,0.E0));
#377=DIRECTION('',(0.E0,0.E0,1.E0));
#378=AXIS2_PLACEMENT_3D('',#375,#376,#377);
#379=PLANE('',#378);
#380=ORIENTED_EDGE('',*,*,#366,.T.);
#381=ORIENTED_EDGE('',*,*,#355,.F.);
#383=ORIENTED_EDGE('',*,*,#382,.F.);
#385=ORIENTED_EDGE('',*,*,#384,.T.);
#386=EDGE_LOOP('',(#380,#381,#383,#385));
#387=FACE_OUTER_BOUND('',#386,.F.);
#388=ADVANCED_FACE('',(#387),#379,.T.);
#389=CARTESIAN_POINT('',(-4.375E1,5.E0,-1.0375E2));
#390=DIRECTION('',(-7.071067811865E-1,0.E0,-7.071067811865E-1));
#391=DIRECTION('',(7.071067811865E-1,0.E0,-7.071067811865E-1));
#392=AXIS2_PLACEMENT_3D('',#389,#390,#391);
#393=PLANE('',#392);
#394=ORIENTED_EDGE('',*,*,#353,.T.);
#396=ORIENTED_EDGE('',*,*,#395,.F.);
#398=ORIENTED_EDGE('',*,*,#397,.T.);
#399=ORIENTED_EDGE('',*,*,#382,.T.);
#400=EDGE_LOOP('',(#394,#396,#398,#399));
#401=FACE_OUTER_BOUND('',#400,.F.);
#402=ADVANCED_FACE('',(#401),#393,.T.);
#403=CARTESIAN_POINT('',(5.E1,0.E0,-1.1E2));
#404=DIRECTION('',(0.E0,0.E0,-1.E0));
#405=DIRECTION('',(-1.E0,0.E0,0.E0));
#406=AXIS2_PLACEMENT_3D('',#403,#404,#405);
#407=PLANE('',#406);
#409=ORIENTED_EDGE('',*,*,#408,.F.);
#411=ORIENTED_EDGE('',*,*,#410,.T.);
#412=ORIENTED_EDGE('',*,*,#395,.T.);
#413=ORIENTED_EDGE('',*,*,#351,.F.);
#414=EDGE_LOOP('',(#409,#411,#412,#413));
#415=FACE_OUTER_BOUND('',#414,.F.);
#416=ADVANCED_FACE('',(#415),#407,.T.);
#417=CARTESIAN_POINT('',(4.375E1,5.E0,-1.0375E2));
#418=DIRECTION('',(7.071067811865E-1,0.E0,-7.071067811865E-1));
#419=DIRECTION('',(7.071067811865E-1,0.E0,7.071067811865E-1));
#420=AXIS2_PLACEMENT_3D('',#417,#418,#419);
#421=PLANE('',#420);
#422=ORIENTED_EDGE('',*,*,#349,.T.);
#424=ORIENTED_EDGE('',*,*,#423,.F.);
#426=ORIENTED_EDGE('',*,*,#425,.T.);
#427=ORIENTED_EDGE('',*,*,#408,.T.);
#428=EDGE_LOOP('',(#422,#424,#426,#427));
#429=FACE_OUTER_BOUND('',#428,.F.);
#430=ADVANCED_FACE('',(#429),#421,.T.);
#431=CARTESIAN_POINT('',(5.E1,0.E0,1.1E2));
#432=DIRECTION('',(1.E0,0.E0,0.E0));
#433=DIRECTION('',(0.E0,0.E0,-1.E0));
#434=AXIS2_PLACEMENT_3D('',#431,#432,#433);
#435=PLANE('',#434);
#437=ORIENTED_EDGE('',*,*,#436,.F.);
#439=ORIENTED_EDGE('',*,*,#438,.T.);
#440=ORIENTED_EDGE('',*,*,#423,.T.);
#441=ORIENTED_EDGE('',*,*,#347,.F.);
#442=EDGE_LOOP('',(#437,#439,#440,#441));
#443=FACE_OUTER_BOUND('',#442,.F.);
#444=ADVANCED_FACE('',(#443),#435,.T.);
#445=CARTESIAN_POINT('',(4.375E1,5.E0,1.0375E2));
#446=DIRECTION('',(7.071067811865E-1,0.E0,7.071067811865E-1));
#447=DIRECTION('',(-7.071067811865E-1,0.E0,7.071067811865E-1));
#448=AXIS2_PLACEMENT_3D('',#445,#446,#447);
#449=PLANE('',#448);
#450=ORIENTED_EDGE('',*,*,#345,.T.);
#452=ORIENTED_EDGE('',*,*,#451,.F.);
#454=ORIENTED_EDGE('',*,*,#453,.T.);
#455=ORIENTED_EDGE('',*,*,#436,.T.);
#456=EDGE_LOOP('',(#450,#452,#454,#455));
#457=FACE_OUTER_BOUND('',#456,.F.);
#458=ADVANCED_FACE('',(#457),#449,.T.);
#459=CARTESIAN_POINT('',(-5.E1,0.E0,1.1E2));
#460=DIRECTION('',(0.E0,0.E0,1.E0));
#461=DIRECTION('',(1.E0,0.E0,0.E0));
#462=AXIS2_PLACEMENT_3D('',#459,#460,#461);
#463=PLANE('',#462);
#464=ORIENTED_EDGE('',*,*,#370,.F.);
#466=ORIENTED_EDGE('',*,*,#465,.T.);
#467=ORIENTED_EDGE('',*,*,#451,.T.);
#468=ORIENTED_EDGE('',*,*,#343,.F.);
#469=EDGE_LOOP('',(#464,#466,#467,#468));
#470=FACE_OUTER_BOUND('',#469,.F.);
#471=ADVANCED_FACE('',(#470),#463,.T.);
#472=CARTESIAN_POINT('',(0.E0,1.E1,0.E0));
#473=DIRECTION('',(0.E0,1.E0,0.E0));
#474=DIRECTION('',(1.E0,0.E0,0.E0));
#475=AXIS2_PLACEMENT_3D('',#472,#473,#474);
#476=PLANE('',#475);
#477=ORIENTED_EDGE('',*,*,#368,.F.);
#478=ORIENTED_EDGE('',*,*,#384,.F.);
#479=ORIENTED_EDGE('',*,*,#397,.F.);
#480=ORIENTED_EDGE('',*,*,#410,.F.);
#481=ORIENTED_EDGE('',*,*,#425,.F.);
#482=ORIENTED_EDGE('',*,*,#438,.F.);
#483=ORIENTED_EDGE('',*,*,#453,.F.);
#484=ORIENTED_EDGE('',*,*,#465,.F.);
#485=EDGE_LOOP('',(#477,#478,#479,#480,#481,#482,#483,#484));
#486=FACE_OUTER_BOUND('',#485,.F.);
#488=ORIENTED_EDGE('',*,*,#487,.F.);
#490=ORIENTED_EDGE('',*,*,#489,.F.);
#491=EDGE_LOOP('',(#488,#490));
#492=FACE_BOUND('',#491,.F.);
#493=ADVANCED_FACE('',(#486,#492),#476,.T.);
#494=CARTESIAN_POINT('',(0.E0,1.E1,0.E0));
#495=DIRECTION('',(0.E0,1.E0,0.E0));
#496=DIRECTION('',(0.E0,0.E0,1.E0));
#497=AXIS2_PLACEMENT_3D('',#494,#495,#496);
#498=CYLINDRICAL_SURFACE('',#497,1.5E1);
#499=ORIENTED_EDGE('',*,*,#487,.T.);
#501=ORIENTED_EDGE('',*,*,#500,.T.);
#503=ORIENTED_EDGE('',*,*,#502,.T.);
#505=ORIENTED_EDGE('',*,*,#504,.F.);
#506=EDGE_LOOP('',(#499,#501,#503,#505));
#507=FACE_OUTER_BOUND('',#506,.F.);
#508=ADVANCED_FACE('',(#507),#498,.T.);
#509=CARTESIAN_POINT('',(1.25E1,1.1E2,-1.E1));
#510=DIRECTION('',(-1.E0,0.E0,0.E0));
#511=DIRECTION('',(0.E0,0.E0,1.E0));
#512=AXIS2_PLACEMENT_3D('',#509,#510,#511);
#513=PLANE('',#512);
#515=ORIENTED_EDGE('',*,*,#514,.F.);
#516=ORIENTED_EDGE('',*,*,#500,.F.);
#517=ORIENTED_EDGE('',*,*,#489,.T.);
#518=ORIENTED_EDGE('',*,*,#504,.T.);
#519=EDGE_LOOP('',(#515,#516,#517,#518));
#520=FACE_OUTER_BOUND('',#519,.F.);
#521=ADVANCED_FACE('',(#520),#513,.F.);
#522=CARTESIAN_POINT('',(0.E0,1.1E2,0.E0));
#523=DIRECTION('',(0.E0,1.E0,0.E0));
#524=DIRECTION('',(0.E0,0.E0,1.E0));
#525=AXIS2_PLACEMENT_3D('',#522,#523,#524);
#526=PLANE('',#525);
#527=ORIENTED_EDGE('',*,*,#514,.T.);
#528=ORIENTED_EDGE('',*,*,#502,.F.);
#529=EDGE_LOOP('',(#527,#528));
#530=FACE_OUTER_BOUND('',#529,.F.);
#531=ADVANCED_FACE('',(#530),#526,.T.);
#534=FILL_AREA_STYLE_COLOUR('',#81);
#535=FILL_AREA_STYLE('',(#534));
#536=SURFACE_STYLE_FILL_AREA(#535);
#537=SURFACE_SIDE_STYLE('',(#536));
#538=SURFACE_STYLE_USAGE(.BOTH.,#537);
#539=PRESENTATION_STYLE_ASSIGNMENT((#538));
#82=STYLED_ITEM('',(#539),#533);
#541=DIMENSIONAL_EXPONENTS(0.E0,0.E0,0.E0,0.E0,0.E0,0.E0,0.E0);
#543=PLANE_ANGLE_MEASURE_WITH_UNIT(PLANE_ANGLE_MEASURE(1.745329251994E-2),#542);
#544=(CONVERSION_BASED_UNIT('DEGREE',#543)NAMED_UNIT(*)PLANE_ANGLE_UNIT());
#546=UNCERTAINTY_MEASURE_WITH_UNIT(LENGTH_MEASURE(2.655077402126E-2),#540,
'closure',
'Maximum model space distance between geometric entities at asserted connectivities');
#547=(GEOMETRIC_REPRESENTATION_CONTEXT(3)GLOBAL_UNCERTAINTY_ASSIGNED_CONTEXT((
#546))GLOBAL_UNIT_ASSIGNED_CONTEXT((#540,#544,#545))REPRESENTATION_CONTEXT
('ID1','3'));
#548=CARTESIAN_POINT('',(0.E0,0.E0,0.E0));
#549=DIRECTION('',(0.E0,0.E0,1.E0));
#550=DIRECTION('',(1.E0,0.E0,0.E0));
#553=APPLICATION_CONTEXT(
'CONFIGURATION CONTROLLED 3D DESIGNS OF MECHANICAL PARTS AND ASSEMBLIES');
#554=APPLICATION_PROTOCOL_DEFINITION('international standard',
'config_control_design',1994,#553);
#555=DESIGN_CONTEXT('',#553,'design');
#556=MECHANICAL_CONTEXT('',#553,'mechanical');
#557=PRODUCT('SAMPLE_BRACKET','SAMPLE_BRACKET','NOT SPECIFIED',(#556));
#558=PRODUCT_DEFINITION_FORMATION_WITH_SPECIFIED_SOURCE('3','LAST_VERSION',#557,
.MADE.);
#567=CARTESIAN_POINT('',(0.E0,0.E0,0.E0));
#568=DIRECTION('',(0.E0,0.E0,1.E0));
#569=DIRECTION('',(1.E0,0.E0,0.E0));
#570=AXIS2_PLACEMENT_3D('',#567,#568,#569);
#571=ITEM_DEFINED_TRANSFORMATION('','',#551,#570);
#572=(REPRESENTATION_RELATIONSHIP('','',#552,#564)REPRESENTATION_RELATIONSHIP_WITH_TRANSFORMATION(#571)SHAPE_REPRESENTATION_RELATIONSHIP());
#573=CONTEXT_DEPENDENT_SHAPE_REPRESENTATION(#572,#566);
#576=DIRECTION('',(5.E-1,8.660254037844E-1,0.E0));
#577=VECTOR('',#576,7.5E0);
#578=CARTESIAN_POINT('',(1.569498716081E2,-4.873152873292E1,1.5E2));
#579=LINE('',#578,#577);
#580=CURVE_STYLE('',#87,POSITIVE_LENGTH_MEASURE(2.E-2),#574);
#581=PRESENTATION_STYLE_ASSIGNMENT((#580));
#582=STYLED_ITEM('',(#581),#579);
#583=DIRECTION('',(-5.E-1,-8.660254037844E-1,0.E0));
#584=VECTOR('',#583,1.25E1);
#585=CARTESIAN_POINT('',(1.606101256459E2,-6.239178277077E1,1.5E2));
#586=LINE('',#585,#584);
#587=CURVE_STYLE('',#87,POSITIVE_LENGTH_MEASURE(2.E-2),#574);
#588=PRESENTATION_STYLE_ASSIGNMENT((#587));
#589=STYLED_ITEM('',(#588),#586);
#590=DIRECTION('',(8.660254037844E-1,-5.E-1,0.E0));
#591=VECTOR('',#590,4.5E1);
#592=CARTESIAN_POINT('',(9.724315685263E1,-1.714659224238E1,1.5E2));
#593=LINE('',#592,#591);
#594=CURVE_STYLE('',#87,POSITIVE_LENGTH_MEASURE(2.E-2),#574);
#595=PRESENTATION_STYLE_ASSIGNMENT((#594));
#596=STYLED_ITEM('',(#595),#593);
#597=DIRECTION('',(9.848077530122E-1,-1.736481776669E-1,0.E0));
#598=VECTOR('',#597,4.115558446050E1);
#599=CARTESIAN_POINT('',(5.671281819618E1,-1.E1,1.5E2));
#600=LINE('',#599,#598);
#601=CURVE_STYLE('',#87,POSITIVE_LENGTH_MEASURE(2.E-2),#574);
#602=PRESENTATION_STYLE_ASSIGNMENT((#601));
#603=STYLED_ITEM('',(#602),#600);
#604=DIRECTION('',(2.450595449553E-1,9.695080295832E-1,0.E0));
#605=VECTOR('',#604,3.094352917623E1);
#606=CARTESIAN_POINT('',(4.912981101694E1,-4.E1,1.5E2));
#607=LINE('',#606,#605);
#608=CURVE_STYLE('',#87,POSITIVE_LENGTH_MEASURE(2.E-2),#574);
#609=PRESENTATION_STYLE_ASSIGNMENT((#608));
#610=STYLED_ITEM('',(#609),#607);
#611=DIRECTION('',(1.E0,0.E0,0.E0));
#612=VECTOR('',#611,1.E1);
#613=CARTESIAN_POINT('',(3.912981101694E1,-4.E1,1.5E2));
#614=LINE('',#613,#612);
#615=CURVE_STYLE('',#87,POSITIVE_LENGTH_MEASURE(2.E-2),#574);
#616=PRESENTATION_STYLE_ASSIGNMENT((#615));
#617=STYLED_ITEM('',(#616),#614);
#618=DIRECTION('',(6.703364685230E-1,-7.420572881982E-1,0.E0));
#619=VECTOR('',#618,5.305744534303E1);
#620=CARTESIAN_POINT('',(3.563470476833E0,-6.283359900237E-1,1.5E2));
#621=LINE('',#620,#619);
#622=CURVE_STYLE('',#87,POSITIVE_LENGTH_MEASURE(2.E-2),#574);
#623=PRESENTATION_STYLE_ASSIGNMENT((#622));
#624=STYLED_ITEM('',(#623),#621);
#625=DIRECTION('',(9.848077530122E-1,-1.736481776669E-1,0.E0));
#626=VECTOR('',#625,3.618442752846E0);
#627=CARTESIAN_POINT('',(0.E0,0.E0,1.5E2));
#628=LINE('',#627,#626);
#629=CURVE_STYLE('',#87,POSITIVE_LENGTH_MEASURE(2.E-2),#574);
#630=PRESENTATION_STYLE_ASSIGNMENT((#629));
#631=STYLED_ITEM('',(#630),#628);
#632=DIRECTION('',(1.E0,0.E0,0.E0));
#633=VECTOR('',#632,2.25E1);
#634=CARTESIAN_POINT('',(-2.25E1,0.E0,1.5E2));
#635=LINE('',#634,#633);
#636=CURVE_STYLE('',#87,POSITIVE_LENGTH_MEASURE(2.E-2),#574);
#637=PRESENTATION_STYLE_ASSIGNMENT((#636));
#638=STYLED_ITEM('',(#637),#635);
#639=DIRECTION('',(0.E0,1.E0,0.E0));
#640=VECTOR('',#639,3.5E1);
#641=CARTESIAN_POINT('',(-2.25E1,0.E0,1.5E2));
#642=LINE('',#641,#640);
#643=CURVE_STYLE('',#87,POSITIVE_LENGTH_MEASURE(2.E-2),#574);
#644=PRESENTATION_STYLE_ASSIGNMENT((#643));
#645=STYLED_ITEM('',(#644),#642);
#646=DIRECTION('',(-9.961946980917E-1,8.715574274766E-2,0.E0));
#647=VECTOR('',#646,3.486229709906E0);
#648=CARTESIAN_POINT('',(3.472963553339E0,3.469615506024E1,1.5E2));
#649=LINE('',#648,#647);
#650=CURVE_STYLE('',#87,POSITIVE_LENGTH_MEASURE(2.E-2),#574);
#651=PRESENTATION_STYLE_ASSIGNMENT((#650));
#652=STYLED_ITEM('',(#651),#649);
#653=DIRECTION('',(-9.396926207859E-1,3.420201433257E-1,0.E0));
#654=VECTOR('',#653,6.945927106677E0);
#655=CARTESIAN_POINT('',(9.863269777110E1,1.669217208567E1,1.5E2));
#656=LINE('',#655,#654);
#657=CURVE_STYLE('',#87,POSITIVE_LENGTH_MEASURE(2.E-2),#574);
#658=PRESENTATION_STYLE_ASSIGNMENT((#657));
#659=STYLED_ITEM('',(#658),#656);
#660=CARTESIAN_POINT('',(1.487143000229E2,-1.799595714777E1,1.5E2));
#661=DIRECTION('',(0.E0,0.E0,1.E0));
#662=DIRECTION('',(8.660254037844E-1,-5.E-1,0.E0));
#663=AXIS2_PLACEMENT_3D('',#660,#661,#662);
#665=CURVE_STYLE('',#87,POSITIVE_LENGTH_MEASURE(2.E-2),#574);
#666=PRESENTATION_STYLE_ASSIGNMENT((#665));
#667=STYLED_ITEM('',(#666),#664);
#668=DIRECTION('',(-8.660254037844E-1,5.E-1,0.E0));
#669=VECTOR('',#668,1.25E1);
#670=CARTESIAN_POINT('',(1.606998716081E2,-4.223633820454E1,1.5E2));
#671=LINE('',#670,#669);
#672=CURVE_STYLE('',#87,POSITIVE_LENGTH_MEASURE(2.E-2),#574);
#673=PRESENTATION_STYLE_ASSIGNMENT((#672));
#674=STYLED_ITEM('',(#673),#671);
#675=DIRECTION('',(0.E0,0.E0,1.E0));
#676=VECTOR('',#675,2.5E1);
#677=CARTESIAN_POINT('',(1.569498716081E2,-4.873152873292E1,1.25E2));
#678=LINE('',#677,#676);
#679=CURVE_STYLE('',#87,POSITIVE_LENGTH_MEASURE(2.E-2),#574);
#680=PRESENTATION_STYLE_ASSIGNMENT((#679));
#681=STYLED_ITEM('',(#680),#678);
#682=DIRECTION('',(2.588190451025E-1,-9.659258262891E-1,0.E0));
#683=VECTOR('',#682,1.060660171780E1);
#684=CARTESIAN_POINT('',(1.569498716081E2,-4.873152873292E1,1.25E2));
#685=LINE('',#684,#683);
#686=CURVE_STYLE('',#87,POSITIVE_LENGTH_MEASURE(2.E-2),#574);
#687=PRESENTATION_STYLE_ASSIGNMENT((#686));
#688=STYLED_ITEM('',(#687),#685);
#689=CARTESIAN_POINT('',(1.596950621365E2,-5.897671926131E1,1.25E2));
#690=CARTESIAN_POINT('',(1.602157658439E2,-6.092001195303E1,1.25E2));
#691=CARTESIAN_POINT('',(1.611119135413E2,-6.426448069107E1,1.244387595500E2));
#692=CARTESIAN_POINT('',(1.620133140414E2,-6.762855315544E1,1.228918920532E2));
#693=CARTESIAN_POINT('',(1.626051627879E2,-6.983736274745E1,1.211549307403E2));
#694=CARTESIAN_POINT('',(1.629766860559E2,-7.122390645986E1,1.195726194659E2));
#695=CARTESIAN_POINT('',(1.632560312631E2,-7.226643696596E1,1.176341595132E2));
#696=CARTESIAN_POINT('',(1.633553161743E2,-7.263697329915E1,1.160059223177E2));
#697=CARTESIAN_POINT('',(1.633553161743E2,-7.263697329915E1,1.15E2));
#699=CURVE_STYLE('',#87,POSITIVE_LENGTH_MEASURE(2.E-2),#574);
#700=PRESENTATION_STYLE_ASSIGNMENT((#699));
#701=STYLED_ITEM('',(#700),#698);
#702=CARTESIAN_POINT('',(1.633553161743E2,-7.263697329915E1,1.425E2));
#703=CARTESIAN_POINT('',(1.633553161743E2,-7.263697329915E1,1.432544417382E2));
#704=CARTESIAN_POINT('',(1.632809439155E2,-7.235941225078E1,1.444759728727E2));
#705=CARTESIAN_POINT('',(1.630010501603E2,-7.131483453555E1,1.464123133985E2));
#706=CARTESIAN_POINT('',(1.624831488975E2,-6.938200070959E1,1.481835052690E2));
#707=CARTESIAN_POINT('',(1.616730144145E2,-6.635853765779E1,1.495800364186E2));
#708=CARTESIAN_POINT('',(1.610006534265E2,-6.384925228956E1,1.5E2));
#709=CARTESIAN_POINT('',(1.606101256459E2,-6.239178277077E1,1.5E2));
#711=CURVE_STYLE('',#87,POSITIVE_LENGTH_MEASURE(2.E-2),#574);
#712=PRESENTATION_STYLE_ASSIGNMENT((#711));
#713=STYLED_ITEM('',(#712),#710);
#714=DIRECTION('',(-2.588190451025E-1,9.659258262891E-1,0.E0));
#715=VECTOR('',#714,1.414213562373E1);
#716=CARTESIAN_POINT('',(1.606101256459E2,-6.239178277077E1,1.5E2));
#717=LINE('',#716,#715);
#718=CURVE_STYLE('',#87,POSITIVE_LENGTH_MEASURE(2.E-2),#574);
#719=PRESENTATION_STYLE_ASSIGNMENT((#718));
#720=STYLED_ITEM('',(#719),#717);
#721=DIRECTION('',(5.E-1,8.660254037844E-1,0.E0));
#722=VECTOR('',#721,7.5E0);
#723=CARTESIAN_POINT('',(1.569498716081E2,-4.873152873292E1,1.25E2));
#724=LINE('',#723,#722);
#725=CURVE_STYLE('',#87,POSITIVE_LENGTH_MEASURE(2.E-2),#574);
#726=PRESENTATION_STYLE_ASSIGNMENT((#725));
#727=STYLED_ITEM('',(#726),#724);
#728=DIRECTION('',(-8.660254037844E-1,5.E-1,0.E0));
#729=VECTOR('',#728,1.E1);
#730=CARTESIAN_POINT('',(1.606998716081E2,-4.223633820454E1,1.25E2));
#731=LINE('',#730,#729);
#732=CURVE_STYLE('',#87,POSITIVE_LENGTH_MEASURE(2.E-2),#574);
#733=PRESENTATION_STYLE_ASSIGNMENT((#732));
#734=STYLED_ITEM('',(#733),#731);
#735=DIRECTION('',(4.999999999969E-1,8.660254037853E-1,1.243507622721E-6));
#736=VECTOR('',#735,1.499999999094E1);
#737=CARTESIAN_POINT('',(1.445396175748E2,-5.022671925347E1,1.249999813474E2));
#738=LINE('',#737,#736);
#739=CURVE_STYLE('',#87,POSITIVE_LENGTH_MEASURE(2.E-2),#574);
#740=PRESENTATION_STYLE_ASSIGNMENT((#739));
#741=STYLED_ITEM('',(#740),#738);
#742=DIRECTION('',(8.660254037844E-1,-5.E-1,0.E0));
#743=VECTOR('',#742,2.5E1);
#744=CARTESIAN_POINT('',(1.417046810797E2,-6.013697329915E1,1.15E2));
#745=LINE('',#744,#743);
#746=CURVE_STYLE('',#87,POSITIVE_LENGTH_MEASURE(2.E-2),#574);
#747=PRESENTATION_STYLE_ASSIGNMENT((#746));
#748=STYLED_ITEM('',(#747),#745);
#749=DIRECTION('',(-8.660254035246E-1,5.000000004489E-1,-1.065863671104E-6));
#750=VECTOR('',#749,1.749999999996E1);
#751=CARTESIAN_POINT('',(1.596950621365E2,-5.897671926131E1,1.25E2));
#752=LINE('',#751,#750);
#753=CURVE_STYLE('',#87,POSITIVE_LENGTH_MEASURE(2.E-2),#574);
#754=PRESENTATION_STYLE_ASSIGNMENT((#753));
#755=STYLED_ITEM('',(#754),#752);
#756=DIRECTION('',(0.E0,0.E0,1.E0));
#757=VECTOR('',#756,1.15E2);
#758=CARTESIAN_POINT('',(1.417046810797E2,-6.013697329915E1,0.E0));
#759=LINE('',#758,#757);
#760=CURVE_STYLE('',#87,POSITIVE_LENGTH_MEASURE(2.E-2),#574);
#761=PRESENTATION_STYLE_ASSIGNMENT((#760));
#762=STYLED_ITEM('',(#761),#759);
#763=DIRECTION('',(8.660254037844E-1,-5.E-1,0.E0));
#764=VECTOR('',#763,1.75E1);
#765=CARTESIAN_POINT('',(1.417046810797E2,-6.013697329915E1,0.E0));
#766=LINE('',#765,#764);
#767=CURVE_STYLE('',#87,POSITIVE_LENGTH_MEASURE(2.E-2),#574);
#768=PRESENTATION_STYLE_ASSIGNMENT((#767));
#769=STYLED_ITEM('',(#768),#766);
#770=CARTESIAN_POINT('',(1.568601256459E2,-6.888697329915E1,7.5E0));
#771=DIRECTION('',(5.E-1,8.660254037844E-1,0.E0));
#772=DIRECTION('',(8.660254037844E-1,-5.E-1,0.E0));
#773=AXIS2_PLACEMENT_3D('',#770,#771,#772);
#775=CURVE_STYLE('',#87,POSITIVE_LENGTH_MEASURE(2.E-2),#574);
#776=PRESENTATION_STYLE_ASSIGNMENT((#775));
#777=STYLED_ITEM('',(#776),#774);
#778=CARTESIAN_POINT('',(1.467046810797E2,-5.147671926131E1,0.E0));
#779=DIRECTION('',(0.E0,0.E0,1.E0));
#780=DIRECTION('',(-8.660254037844E-1,5.E-1,0.E0));
#781=AXIS2_PLACEMENT_3D('',#778,#779,#780);
#783=CURVE_STYLE('',#87,POSITIVE_LENGTH_MEASURE(2.E-2),#574);
#784=PRESENTATION_STYLE_ASSIGNMENT((#783));
#785=STYLED_ITEM('',(#784),#782);
#786=DIRECTION('',(7.681816681100E-7,-4.397583445996E-7,9.999999999996E-1));
#787=VECTOR('',#786,1.174999999998E2);
#788=CARTESIAN_POINT('',(1.380444270418E2,-4.647671926131E1,0.E0));
#789=LINE('',#788,#787);
#790=CURVE_STYLE('',#87,POSITIVE_LENGTH_MEASURE(2.E-2),#574);
#791=PRESENTATION_STYLE_ASSIGNMENT((#790));
#792=STYLED_ITEM('',(#791),#789);
#793=DIRECTION('',(4.999939952898E-1,8.660288705778E-1,1.713450166094E-11));
#794=VECTOR('',#793,1.499999961861E1);
#795=CARTESIAN_POINT('',(1.380445173032E2,-4.647677093291E1,1.174999999997E2));
#796=LINE('',#795,#794);
#797=CURVE_STYLE('',#87,POSITIVE_LENGTH_MEASURE(2.E-2),#574);
#798=PRESENTATION_STYLE_ASSIGNMENT((#797));
#799=STYLED_ITEM('',(#798),#796);
#800=DIRECTION('',(-5.E-1,-8.660254037844E-1,0.E0));
#801=VECTOR('',#800,1.5E1);
#802=CARTESIAN_POINT('',(1.455444270419E2,-3.348633820454E1,0.E0));
#803=LINE('',#802,#801);
#804=CURVE_STYLE('',#87,POSITIVE_LENGTH_MEASURE(2.E-2),#574);
#805=PRESENTATION_STYLE_ASSIGNMENT((#804));
#806=STYLED_ITEM('',(#805),#803);
#807=DIRECTION('',(0.E0,0.E0,1.E0));
#808=VECTOR('',#807,2.E1);
#809=CARTESIAN_POINT('',(1.480444270419E2,-2.915621118562E1,1.3E2));
#810=LINE('',#809,#808);
#811=CURVE_STYLE('',#87,POSITIVE_LENGTH_MEASURE(2.E-2),#574);
#812=PRESENTATION_STYLE_ASSIGNMENT((#811));
#813=STYLED_ITEM('',(#812),#810);
#814=DIRECTION('',(5.E-1,8.660254037844E-1,0.E0));
#815=VECTOR('',#814,1.E1);
#816=CARTESIAN_POINT('',(1.480444270419E2,-2.915621118562E1,1.5E2));
#817=LINE('',#816,#815);
#818=CURVE_STYLE('',#87,POSITIVE_LENGTH_MEASURE(2.E-2),#574);
#819=PRESENTATION_STYLE_ASSIGNMENT((#818));
#820=STYLED_ITEM('',(#819),#817);
#821=CARTESIAN_POINT('',(1.445396196822E2,-5.022671560335E1,1.175E2));
#822=DIRECTION('',(-5.E-1,-8.660254037844E-1,0.E0));
#823=DIRECTION('',(0.E0,0.E0,1.E0));
#824=AXIS2_PLACEMENT_3D('',#821,#822,#823);
#826=CURVE_STYLE('',#87,POSITIVE_LENGTH_MEASURE(2.E-2),#574);
#827=PRESENTATION_STYLE_ASSIGNMENT((#826));
#828=STYLED_ITEM('',(#827),#825);
#829=CARTESIAN_POINT('',(1.520396175702E2,-3.723633820454E1,1.175E2));
#830=DIRECTION('',(-5.E-1,-8.660254037844E-1,0.E0));
#831=DIRECTION('',(0.E0,0.E0,1.E0));
#832=AXIS2_PLACEMENT_3D('',#829,#830,#831);
#834=CURVE_STYLE('',#87,POSITIVE_LENGTH_MEASURE(2.E-2),#574);
#835=PRESENTATION_STYLE_ASSIGNMENT((#834));
#836=STYLED_ITEM('',(#835),#833);
#837=CARTESIAN_POINT('',(1.417046810797E2,-6.013697329915E1,1.15E2));
#838=CARTESIAN_POINT('',(1.410598373116E2,-5.976423276441E1,1.151952834677E2));
#839=CARTESIAN_POINT('',(1.398421628548E2,-5.886849536365E1,1.155566701982E2));
#840=CARTESIAN_POINT('',(1.383479814918E2,-5.712724621225E1,1.161055767673E2));
#841=CARTESIAN_POINT('',(1.372862669441E2,-5.508553625046E1,1.165866748465E2));
#842=CARTESIAN_POINT('',(1.367216434568E2,-5.289673101730E1,1.169834690840E2));
#843=CARTESIAN_POINT('',(1.366557149104E2,-5.065518901719E1,1.172767588028E2));
#844=CARTESIAN_POINT('',(1.370819270387E2,-4.846821066322E1,1.174602184355E2));
#845=CARTESIAN_POINT('',(1.376779647542E2,-4.711300615069E1,1.175004672344E2));
#846=CARTESIAN_POINT('',(1.380445173032E2,-4.647677093291E1,1.174999999997E2));
#848=CURVE_STYLE('',#87,POSITIVE_LENGTH_MEASURE(2.E-2),#574);
#849=PRESENTATION_STYLE_ASSIGNMENT((#848));
#850=STYLED_ITEM('',(#849),#847);
#851=CARTESIAN_POINT('',(1.445396175748E2,-5.022671925347E1,1.249999813474E2));
#852=CARTESIAN_POINT('',(1.441724790460E2,-5.086257722092E1,1.249998920217E2));
#853=CARTESIAN_POINT('',(1.434718949981E2,-5.215738748343E1,1.248375192020E2));
#854=CARTESIAN_POINT('',(1.425746930206E2,-5.407271285593E1,1.241134382043E2));
#855=CARTESIAN_POINT('',(1.418754997487E2,-5.587245272246E1,1.229354339077E2));
#856=CARTESIAN_POINT('',(1.414128107802E2,-5.746807078673E1,1.213520918433E2));
#857=CARTESIAN_POINT('',(1.412114220313E2,-5.878043534467E1,1.194118726717E2));
#858=CARTESIAN_POINT('',(1.413061879984E2,-5.971375667095E1,1.172472188815E2));
#859=CARTESIAN_POINT('',(1.415357511946E2,-6.003900177321E1,1.157448208458E2));
#860=CARTESIAN_POINT('',(1.417046810797E2,-6.013697329915E1,1.15E2));
#862=CURVE_STYLE('',#87,POSITIVE_LENGTH_MEASURE(2.E-2),#574);
#863=PRESENTATION_STYLE_ASSIGNMENT((#862));
#864=STYLED_ITEM('',(#863),#861);
#865=DIRECTION('',(0.E0,0.E0,1.E0));
#866=VECTOR('',#865,1.175E2);
#867=CARTESIAN_POINT('',(1.455444270419E2,-3.348633820454E1,0.E0));
#868=LINE('',#867,#866);
#869=CURVE_STYLE('',#87,POSITIVE_LENGTH_MEASURE(2.E-2),#574);
#870=PRESENTATION_STYLE_ASSIGNMENT((#869));
#871=STYLED_ITEM('',(#870),#868);
#872=DIRECTION('',(0.E0,0.E0,-1.E0));
#873=VECTOR('',#872,2.5E1);
#874=CARTESIAN_POINT('',(1.606998716081E2,-4.223633820454E1,1.5E2));
#875=LINE('',#874,#873);
#876=CURVE_STYLE('',#87,POSITIVE_LENGTH_MEASURE(2.E-2),#574);
#877=PRESENTATION_STYLE_ASSIGNMENT((#876));
#878=STYLED_ITEM('',(#877),#875);
#879=DIRECTION('',(8.660254037844E-1,-5.E-1,0.E0));
#880=VECTOR('',#879,7.071600442903E1);
#881=CARTESIAN_POINT('',(8.863269777110E1,-6.283359900237E-1,1.25E2));
#882=LINE('',#881,#880);
#883=CURVE_STYLE('',#87,POSITIVE_LENGTH_MEASURE(2.E-2),#574);
#884=PRESENTATION_STYLE_ASSIGNMENT((#883));
#885=STYLED_ITEM('',(#884),#882);
#886=DIRECTION('',(0.E0,0.E0,1.E0));
#887=VECTOR('',#886,5.E1);
#888=CARTESIAN_POINT('',(8.863269777110E1,-6.283359900237E-1,5.E1));
#889=LINE('',#888,#887);
#890=CURVE_STYLE('',#87,POSITIVE_LENGTH_MEASURE(2.E-2),#574);
#891=PRESENTATION_STYLE_ASSIGNMENT((#890));
#892=STYLED_ITEM('',(#891),#889);
#893=DIRECTION('',(0.E0,0.E0,1.E0));
#894=VECTOR('',#893,5.E1);
#895=CARTESIAN_POINT('',(8.863269777110E1,-6.283359900237E-1,0.E0));
#896=LINE('',#895,#894);
#897=CURVE_STYLE('',#87,POSITIVE_LENGTH_MEASURE(2.E-2),#574);
#898=PRESENTATION_STYLE_ASSIGNMENT((#897));
#899=STYLED_ITEM('',(#898),#896);
#900=DIRECTION('',(0.E0,0.E0,-1.E0));
#901=VECTOR('',#900,3.75E1);
#902=CARTESIAN_POINT('',(8.615951414101E-1,1.484807753012E1,3.75E1));
#903=LINE('',#902,#901);
#904=CURVE_STYLE('',#87,POSITIVE_LENGTH_MEASURE(2.E-2),#574);
#905=PRESENTATION_STYLE_ASSIGNMENT((#904));
#906=STYLED_ITEM('',(#905),#903);
#907=DIRECTION('',(-9.848077530122E-1,1.736481776669E-1,0.E0));
#908=VECTOR('',#907,8.912511336474E1);
#909=CARTESIAN_POINT('',(8.863269777110E1,-6.283359900237E-1,1.25E2));
#910=LINE('',#909,#908);
#911=CURVE_STYLE('',#87,POSITIVE_LENGTH_MEASURE(2.E-2),#574);
#912=PRESENTATION_STYLE_ASSIGNMENT((#911));
#913=STYLED_ITEM('',(#912),#910);
#914=DIRECTION('',(0.E0,0.E0,-1.E0));
#915=VECTOR('',#914,1.25E1);
#916=CARTESIAN_POINT('',(8.615951414101E-1,1.484807753012E1,1.25E2));
#917=LINE('',#916,#915);
#918=CURVE_STYLE('',#87,POSITIVE_LENGTH_MEASURE(2.E-2),#574);
#919=PRESENTATION_STYLE_ASSIGNMENT((#918));
#920=STYLED_ITEM('',(#919),#917);
#921=DIRECTION('',(0.E0,0.E0,1.E0));
#922=VECTOR('',#921,2.5E1);
#923=CARTESIAN_POINT('',(8.863269777110E1,-6.283359900237E-1,1.E2));
#924=LINE('',#923,#922);
#925=CURVE_STYLE('',#87,POSITIVE_LENGTH_MEASURE(2.E-2),#574);
#926=PRESENTATION_STYLE_ASSIGNMENT((#925));
#927=STYLED_ITEM('',(#926),#924);
#928=DIRECTION('',(-9.848077530122E-1,1.736481776669E-1,0.E0));
#929=VECTOR('',#928,8.912511336474E1);
#930=CARTESIAN_POINT('',(8.863269777110E1,-6.283359900237E-1,0.E0));
#931=LINE('',#930,#929);
#932=CURVE_STYLE('',#87,POSITIVE_LENGTH_MEASURE(2.E-2),#574);
#933=PRESENTATION_STYLE_ASSIGNMENT((#932));
#934=STYLED_ITEM('',(#933),#931);
#935=CARTESIAN_POINT('',(-8.748866352592E-1,5.E0,0.E0));
#936=DIRECTION('',(0.E0,0.E0,-1.E0));
#937=DIRECTION('',(0.E0,1.E0,0.E0));
#938=AXIS2_PLACEMENT_3D('',#935,#936,#937);
#940=CURVE_STYLE('',#87,POSITIVE_LENGTH_MEASURE(2.E-2),#574);
#941=PRESENTATION_STYLE_ASSIGNMENT((#940));
#942=STYLED_ITEM('',(#941),#939);
#943=DIRECTION('',(-1.E0,0.E0,0.E0));
#944=VECTOR('',#943,2.912511336474E1);
#945=CARTESIAN_POINT('',(-8.748866352592E-1,1.5E1,0.E0));
#946=LINE('',#945,#944);
#947=CURVE_STYLE('',#87,POSITIVE_LENGTH_MEASURE(2.E-2),#574);
#948=PRESENTATION_STYLE_ASSIGNMENT((#947));
#949=STYLED_ITEM('',(#948),#946);
#950=DIRECTION('',(0.E0,-1.E0,0.E0));
#951=VECTOR('',#950,1.5E1);
#952=CARTESIAN_POINT('',(-3.E1,1.5E1,0.E0));
#953=LINE('',#952,#951);
#954=CURVE_STYLE('',#87,POSITIVE_LENGTH_MEASURE(2.E-2),#574);
#955=PRESENTATION_STYLE_ASSIGNMENT((#954));
#956=STYLED_ITEM('',(#955),#953);
#957=DIRECTION('',(-9.574946130806E-1,2.884511499746E-1,0.E0));
#958=VECTOR('',#957,1.682374497270E2);
#959=CARTESIAN_POINT('',(1.310864518320E2,-4.852828584255E1,0.E0));
#960=LINE('',#959,#958);
#961=CURVE_STYLE('',#87,POSITIVE_LENGTH_MEASURE(2.E-2),#574);
#962=PRESENTATION_STYLE_ASSIGNMENT((#961));
#963=STYLED_ITEM('',(#962),#960);
#964=DIRECTION('',(-5.E-1,-8.660254037844E-1,0.E0));
#965=VECTOR('',#964,9.744303618171E0);
#966=CARTESIAN_POINT('',(1.310864518320E2,-4.852828584255E1,0.E0));
#967=LINE('',#966,#965);
#968=CURVE_STYLE('',#87,POSITIVE_LENGTH_MEASURE(2.E-2),#574);
#969=PRESENTATION_STYLE_ASSIGNMENT((#968));
#970=STYLED_ITEM('',(#969),#967);
#971=DIRECTION('',(5.E-1,8.660254037844E-1,0.E0));
#972=VECTOR('',#971,4.999999999999E0);
#973=CARTESIAN_POINT('',(1.543601256459E2,-7.321710031807E1,0.E0));
#974=LINE('',#973,#972);
#975=CURVE_STYLE('',#87,POSITIVE_LENGTH_MEASURE(2.E-2),#574);
#976=PRESENTATION_STYLE_ASSIGNMENT((#975));
#977=STYLED_ITEM('',(#976),#974);
#978=DIRECTION('',(-8.660254037844E-1,5.E-1,0.E0));
#979=VECTOR('',#978,6.571600442903E1);
#980=CARTESIAN_POINT('',(1.455444270419E2,-3.348633820454E1,0.E0));
#981=LINE('',#980,#979);
#982=CURVE_STYLE('',#87,POSITIVE_LENGTH_MEASURE(2.E-2),#574);
#983=PRESENTATION_STYLE_ASSIGNMENT((#982));
#984=STYLED_ITEM('',(#983),#981);
#985=CARTESIAN_POINT('',(-8.748866352592E-1,5.E0,3.75E1));
#986=DIRECTION('',(0.E0,0.E0,1.E0));
#987=DIRECTION('',(1.736481776669E-1,9.848077530122E-1,0.E0));
#988=AXIS2_PLACEMENT_3D('',#985,#986,#987);
#990=CURVE_STYLE('',#87,POSITIVE_LENGTH_MEASURE(2.E-2),#574);
#991=PRESENTATION_STYLE_ASSIGNMENT((#990));
#992=STYLED_ITEM('',(#991),#989);
#993=DIRECTION('',(9.848077530122E-1,-1.736481776669E-1,0.E0));
#994=VECTOR('',#993,1.714048232545E1);
#995=CARTESIAN_POINT('',(8.615951414101E-1,1.484807753012E1,3.75E1));
#996=LINE('',#995,#994);
#997=CURVE_STYLE('',#87,POSITIVE_LENGTH_MEASURE(2.E-2),#574);
#998=PRESENTATION_STYLE_ASSIGNMENT((#997));
#999=STYLED_ITEM('',(#998),#996);
#1000=DIRECTION('',(1.E0,-1.837546963065E-13,0.E0));
#1001=VECTOR('',#1000,2.416750258776E-1);
#1002=CARTESIAN_POINT('',(1.75E1,1.187166400998E1,3.75E1));
#1003=LINE('',#1002,#1001);
#1004=CURVE_STYLE('',#87,POSITIVE_LENGTH_MEASURE(2.E-2),#574);
#1005=PRESENTATION_STYLE_ASSIGNMENT((#1004));
#1006=STYLED_ITEM('',(#1005),#1003);
#1007=DIRECTION('',(0.E0,-1.E0,0.E0));
#1008=VECTOR('',#1007,1.5E1);
#1009=CARTESIAN_POINT('',(-5.E0,1.5E1,3.75E1));
#1010=LINE('',#1009,#1008);
#1011=CURVE_STYLE('',#87,POSITIVE_LENGTH_MEASURE(2.E-2),#574);
#1012=PRESENTATION_STYLE_ASSIGNMENT((#1011));
#1013=STYLED_ITEM('',(#1012),#1010);
#1014=CARTESIAN_POINT('',(2.E1,1.187166400998E1,5.E1));
#1015=DIRECTION('',(1.E0,0.E0,0.E0));
#1016=DIRECTION('',(0.E0,-1.E0,0.E0));
#1017=AXIS2_PLACEMENT_3D('',#1014,#1015,#1016);
#1019=CURVE_STYLE('',#87,POSITIVE_LENGTH_MEASURE(2.E-2),#574);
#1020=PRESENTATION_STYLE_ASSIGNMENT((#1019));
#1021=STYLED_ITEM('',(#1020),#1018);
#1022=CARTESIAN_POINT('',(2.E1,4.371664009976E0,4.E1));
#1023=CARTESIAN_POINT('',(2.E1,4.604439764779E0,3.982541818390E1));
#1024=CARTESIAN_POINT('',(1.996347009257E1,5.103898072533E0,3.947614541382E1));
#1025=CARTESIAN_POINT('',(1.979837398182E1,5.962426771800E0,3.896872607731E1));
#1026=CARTESIAN_POINT('',(1.952479002490E1,6.930703269334E0,3.850000308801E1));
#1027=CARTESIAN_POINT('',(1.914843134425E1,8.006647683791E0,3.809287709897E1));
#1028=CARTESIAN_POINT('',(1.867829399712E1,9.187619544362E0,3.776968023359E1));
#1029=CARTESIAN_POINT('',(1.812264164395E1,1.047898579781E1,3.755360380506E1));
#1030=CARTESIAN_POINT('',(1.771200876839E1,1.139759799204E1,3.75E1));
#1031=CARTESIAN_POINT('',(1.75E1,1.187166400998E1,3.75E1));
#1033=CURVE_STYLE('',#87,POSITIVE_LENGTH_MEASURE(2.E-2),#574);
#1034=PRESENTATION_STYLE_ASSIGNMENT((#1033));
#1035=STYLED_ITEM('',(#1034),#1032);
#1036=CARTESIAN_POINT('',(1.774167502588E1,1.187166400998E1,3.75E1));
#1037=CARTESIAN_POINT('',(2.120838834496E1,1.126038891744E1,3.75E1));
#1038=CARTESIAN_POINT('',(2.805400123290E1,1.005332266581E1,3.758916841885E1));
#1039=CARTESIAN_POINT('',(3.807008164044E1,8.287217449017E0,3.797915270616E1));
#1040=CARTESIAN_POINT('',(4.782889019269E1,6.566476201686E0,3.863037768182E1));
#1041=CARTESIAN_POINT('',(5.730750588162E1,4.895140515961E0,3.956611794736E1));
#1042=CARTESIAN_POINT('',(6.493342616330E1,3.550485017569E0,4.062303795314E1));
#1043=CARTESIAN_POINT('',(7.081886002094E1,2.512724235293E0,4.168719771155E1));
#1044=CARTESIAN_POINT('',(7.510125316890E1,1.757622781305E0,4.261903118650E1));
#1045=CARTESIAN_POINT('',(7.921441899764E1,1.032360669571E0,4.372270258486E1));
#1046=CARTESIAN_POINT('',(8.244696184645E1,4.623761490295E-1,4.484053375208E1));
#1047=CARTESIAN_POINT('',(8.484058092533E1,4.031652388441E-2,4.593018220064E1));
#1048=CARTESIAN_POINT('',(8.649358246343E1,-2.511522464350E-1,
4.689182516934E1));
#1049=CARTESIAN_POINT('',(8.769410197402E1,-4.628362270195E-1,
4.787290631018E1));
#1050=CARTESIAN_POINT('',(8.841145100127E1,-5.893242151078E-1,
4.890458749789E1));
#1051=CARTESIAN_POINT('',(8.863269777110E1,-6.283359900237E-1,4.955997588E1));
#1052=CARTESIAN_POINT('',(8.863269777110E1,-6.283359900237E-1,5.E1));
#1054=CURVE_STYLE('',#87,POSITIVE_LENGTH_MEASURE(2.E-2),#574);
#1055=PRESENTATION_STYLE_ASSIGNMENT((#1054));
#1056=STYLED_ITEM('',(#1055),#1053);
#1057=DIRECTION('',(-1.E0,0.E0,0.E0));
#1058=VECTOR('',#1057,6.863269777110E1);
#1059=CARTESIAN_POINT('',(8.863269777110E1,-6.283359900237E-1,1.E2));
#1060=LINE('',#1059,#1058);
#1061=CURVE_STYLE('',#87,POSITIVE_LENGTH_MEASURE(2.E-2),#574);
#1062=PRESENTATION_STYLE_ASSIGNMENT((#1061));
#1063=STYLED_ITEM('',(#1062),#1060);
#1064=DIRECTION('',(0.E0,0.E0,-1.E0));
#1065=VECTOR('',#1064,5.E1);
#1066=CARTESIAN_POINT('',(2.E1,-6.283359900237E-1,1.E2));
#1067=LINE('',#1066,#1065);
#1068=CURVE_STYLE('',#87,POSITIVE_LENGTH_MEASURE(2.E-2),#574);
#1069=PRESENTATION_STYLE_ASSIGNMENT((#1068));
#1070=STYLED_ITEM('',(#1069),#1067);
#1071=DIRECTION('',(1.E0,0.E0,0.E0));
#1072=VECTOR('',#1071,6.863269777110E1);
#1073=CARTESIAN_POINT('',(2.E1,-6.283359900237E-1,5.E1));
#1074=LINE('',#1073,#1072);
#1075=CURVE_STYLE('',#87,POSITIVE_LENGTH_MEASURE(2.E-2),#574);
#1076=PRESENTATION_STYLE_ASSIGNMENT((#1075));
#1077=STYLED_ITEM('',(#1076),#1074);
#1078=CARTESIAN_POINT('',(8.863269777110E1,-6.283359900237E-1,1.E2));
#1079=CARTESIAN_POINT('',(8.863269777110E1,-6.283359900237E-1,
1.004400241200E2));
#1080=CARTESIAN_POINT('',(8.841145100127E1,-5.893242151078E-1,
1.010954125021E2));
#1081=CARTESIAN_POINT('',(8.769410197402E1,-4.628362270195E-1,
1.021270936898E2));
#1082=CARTESIAN_POINT('',(8.649358246343E1,-2.511522464349E-1,
1.031081748307E2));
#1083=CARTESIAN_POINT('',(8.484058092533E1,4.031652388445E-2,1.040698177994E2));
#1084=CARTESIAN_POINT('',(8.244696184645E1,4.623761490296E-1,1.051594662479E2));
#1085=CARTESIAN_POINT('',(7.921441899764E1,1.032360669571E0,1.062772974151E2));
#1086=CARTESIAN_POINT('',(7.510125316890E1,1.757622781305E0,1.073809688135E2));
#1087=CARTESIAN_POINT('',(7.081886002094E1,2.512724235293E0,1.083128022885E2));
#1088=CARTESIAN_POINT('',(6.493342616330E1,3.550485017569E0,1.093769620469E2));
#1089=CARTESIAN_POINT('',(5.730750588162E1,4.895140515962E0,1.104338820526E2));
#1090=CARTESIAN_POINT('',(4.782889019269E1,6.566476201686E0,1.113696223182E2));
#1091=CARTESIAN_POINT('',(3.807008164044E1,8.287217449017E0,1.120208472938E2));
#1092=CARTESIAN_POINT('',(2.805400123290E1,1.005332266581E1,1.124108315811E2));
#1093=CARTESIAN_POINT('',(2.120838834495E1,1.126038891744E1,1.125E2));
#1094=CARTESIAN_POINT('',(1.774167502587E1,1.187166400998E1,1.125E2));
#1096=CURVE_STYLE('',#87,POSITIVE_LENGTH_MEASURE(2.E-2),#574);
#1097=PRESENTATION_STYLE_ASSIGNMENT((#1096));
#1098=STYLED_ITEM('',(#1097),#1095);
#1099=CARTESIAN_POINT('',(1.75E1,1.187166400998E1,1.125E2));
#1100=CARTESIAN_POINT('',(1.771555099576E1,1.138967733084E1,1.125E2));
#1101=CARTESIAN_POINT('',(1.813096456872E1,1.046022090098E1,1.124444737693E2));
#1102=CARTESIAN_POINT('',(1.868446501369E1,9.172627326652E0,1.122267228624E2));
#1103=CARTESIAN_POINT('',(1.915073992546E1,8.000218496995E0,1.119047923521E2));
#1104=CARTESIAN_POINT('',(1.952536012654E1,6.928803719006E0,1.114991178062E2));
#1105=CARTESIAN_POINT('',(1.979852396168E1,5.961544906846E0,1.110307308043E2));
#1106=CARTESIAN_POINT('',(1.996316570183E1,5.105720014259E0,1.105249797261E2));
#1107=CARTESIAN_POINT('',(2.E1,4.605237227993E0,1.101751799135E2));
#1108=CARTESIAN_POINT('',(2.E1,4.371664009976E0,1.1E2));
#1110=CURVE_STYLE('',#87,POSITIVE_LENGTH_MEASURE(2.E-2),#574);
#1111=PRESENTATION_STYLE_ASSIGNMENT((#1110));
#1112=STYLED_ITEM('',(#1111),#1109);
#1113=CARTESIAN_POINT('',(2.E1,1.187166400998E1,1.E2));
#1114=DIRECTION('',(1.E0,0.E0,0.E0));
#1115=DIRECTION('',(0.E0,-6.E-1,8.E-1));
#1116=AXIS2_PLACEMENT_3D('',#1113,#1114,#1115);
#1118=CURVE_STYLE('',#87,POSITIVE_LENGTH_MEASURE(2.E-2),#574);
#1119=PRESENTATION_STYLE_ASSIGNMENT((#1118));
#1120=STYLED_ITEM('',(#1119),#1117);
#1121=CARTESIAN_POINT('',(-8.748866352592E-1,5.E0,1.125E2));
#1122=DIRECTION('',(0.E0,0.E0,-1.E0));
#1123=DIRECTION('',(0.E0,1.E0,0.E0));
#1124=AXIS2_PLACEMENT_3D('',#1121,#1122,#1123);
#1126=CURVE_STYLE('',#87,POSITIVE_LENGTH_MEASURE(2.E-2),#574);
#1127=PRESENTATION_STYLE_ASSIGNMENT((#1126));
#1128=STYLED_ITEM('',(#1127),#1125);
#1129=DIRECTION('',(0.E0,-1.E0,0.E0));
#1130=VECTOR('',#1129,1.5E1);
#1131=CARTESIAN_POINT('',(-5.E0,1.5E1,1.125E2));
#1132=LINE('',#1131,#1130);
#1133=CURVE_STYLE('',#87,POSITIVE_LENGTH_MEASURE(2.E-2),#574);
#1134=PRESENTATION_STYLE_ASSIGNMENT((#1133));
#1135=STYLED_ITEM('',(#1134),#1132);
#1136=DIRECTION('',(-1.E0,-7.791199123438E-13,0.E0));
#1137=VECTOR('',#1136,2.416750258763E-1);
#1138=CARTESIAN_POINT('',(1.774167502588E1,1.187166400998E1,1.125E2));
#1139=LINE('',#1138,#1137);
#1140=CURVE_STYLE('',#87,POSITIVE_LENGTH_MEASURE(2.E-2),#574);
#1141=PRESENTATION_STYLE_ASSIGNMENT((#1140));
#1142=STYLED_ITEM('',(#1141),#1139);
#1143=DIRECTION('',(-9.848077530122E-1,1.736481776669E-1,0.E0));
#1144=VECTOR('',#1143,1.714048232544E1);
#1145=CARTESIAN_POINT('',(1.774167502588E1,1.187166400998E1,1.125E2));
#1146=LINE('',#1145,#1144);
#1147=CURVE_STYLE('',#87,POSITIVE_LENGTH_MEASURE(2.E-2),#574);
#1148=PRESENTATION_STYLE_ASSIGNMENT((#1147));
#1149=STYLED_ITEM('',(#1148),#1146);
#1150=CARTESIAN_POINT('',(6.089531230512E-1,1.488929823454E1,1.249967236432E2));
#1151=CARTESIAN_POINT('',(4.056685387360E-1,1.491980007009E1,1.249914620897E2));
#1152=CARTESIAN_POINT('',(-2.780246462919E-3,1.496826330975E1,
1.249861956282E2));
#1153=CARTESIAN_POINT('',(-4.134357175567E-1,1.499146218251E1,
1.249914621825E2));
#1154=CARTESIAN_POINT('',(-6.189249166386E-1,1.499672364320E1,
1.249967236432E2));
#1156=CURVE_STYLE('',#87,POSITIVE_LENGTH_MEASURE(2.E-2),#574);
#1157=PRESENTATION_STYLE_ASSIGNMENT((#1156));
#1158=STYLED_ITEM('',(#1157),#1155);
#1159=DIRECTION('',(-9.258375807128E-1,3.369773211445E-1,1.710878697460E-1));
#1160=VECTOR('',#1159,3.524936005318E0);
#1161=CARTESIAN_POINT('',(9.536917954777E1,1.787999557794E1,1.443969262079E2));
#1162=LINE('',#1161,#1160);
#1163=CURVE_STYLE('',#87,POSITIVE_LENGTH_MEASURE(2.E-2),#574);
#1164=PRESENTATION_STYLE_ASSIGNMENT((#1163));
#1165=STYLED_ITEM('',(#1164),#1162);
#1166=DIRECTION('',(6.174578541845E-2,7.057575568080E-1,7.057575568080E-1));
#1167=VECTOR('',#1166,2.820383062036E1);
#1168=CARTESIAN_POINT('',(6.089531230512E-1,1.488929823454E1,1.249967236432E2));
#1169=LINE('',#1168,#1167);
#1170=CURVE_STYLE('',#87,POSITIVE_LENGTH_MEASURE(2.E-2),#574);
#1171=PRESENTATION_STYLE_ASSIGNMENT((#1170));
#1172=STYLED_ITEM('',(#1171),#1169);
#1173=CARTESIAN_POINT('',(8.615951414101E-1,1.484807753012E1,1.25E2));
#1174=CARTESIAN_POINT('',(7.775432503724E-1,1.486289814629E1,1.25E2));
#1175=CARTESIAN_POINT('',(6.933291911729E-1,1.487663802736E1,1.249989075235E2));
#1176=CARTESIAN_POINT('',(6.089531230512E-1,1.488929823454E1,1.249967236432E2));
#1178=CURVE_STYLE('',#87,POSITIVE_LENGTH_MEASURE(2.E-2),#574);
#1179=PRESENTATION_STYLE_ASSIGNMENT((#1178));
#1180=STYLED_ITEM('',(#1179),#1177);
#1181=DIRECTION('',(-2.436887683625E-1,-6.695293884507E-1,-7.016738431599E-1));
#1182=VECTOR('',#1181,2.764379262095E1);
#1183=CARTESIAN_POINT('',(9.536917954777E1,1.787999557794E1,1.443969262079E2));
#1184=LINE('',#1183,#1182);
#1185=CURVE_STYLE('',#87,POSITIVE_LENGTH_MEASURE(2.E-2),#574);
#1186=PRESENTATION_STYLE_ASSIGNMENT((#1185));
#1187=STYLED_ITEM('',(#1186),#1184);
#1188=CARTESIAN_POINT('',(1.498745540608E2,-3.598633820454E1,1.25E2));
#1189=CARTESIAN_POINT('',(1.494389769201E2,-3.573485762513E1,1.25E2));
#1190=CARTESIAN_POINT('',(1.488014551873E2,-3.521036947792E1,1.251354591931E2));
#1191=CARTESIAN_POINT('',(1.479384031168E2,-3.412343214583E1,1.256452484997E2));
#1192=CARTESIAN_POINT('',(1.473874492014E2,-3.271612315942E1,1.265885368752E2));
#1193=CARTESIAN_POINT('',(1.473189377558E2,-3.097274693127E1,1.280640892544E2));
#1194=CARTESIAN_POINT('',(1.476887797958E2,-2.977221028540E1,1.292887055078E2));
#1195=CARTESIAN_POINT('',(1.480444270419E2,-2.915621118562E1,1.3E2));
#1197=CURVE_STYLE('',#87,POSITIVE_LENGTH_MEASURE(2.E-2),#574);
#1198=PRESENTATION_STYLE_ASSIGNMENT((#1197));
#1199=STYLED_ITEM('',(#1198),#1196);
#1200=DIRECTION('',(3.535533905933E-1,6.123724356958E-1,7.071067811865E-1));
#1201=VECTOR('',#1200,1.414213562373E1);
#1202=CARTESIAN_POINT('',(1.480444270419E2,-2.915621118562E1,1.3E2));
#1203=LINE('',#1202,#1201);
#1204=CURVE_STYLE('',#87,POSITIVE_LENGTH_MEASURE(2.E-2),#574);
#1205=PRESENTATION_STYLE_ASSIGNMENT((#1204));
#1206=STYLED_ITEM('',(#1205),#1203);
#1207=CARTESIAN_POINT('',(1.530444270419E2,-2.049595714777E1,1.4E2));
#1208=CARTESIAN_POINT('',(1.534000742879E2,-1.987995804799E1,1.407112944922E2));
#1209=CARTESIAN_POINT('',(1.537699163279E2,-1.867942140212E1,1.419359107456E2));
#1210=CARTESIAN_POINT('',(1.537014048824E2,-1.693604517397E1,1.434114631248E2));
#1211=CARTESIAN_POINT('',(1.531504509669E2,-1.552873618756E1,1.443547515003E2));
#1212=CARTESIAN_POINT('',(1.522873988964E2,-1.444179885547E1,1.448645408069E2));
#1213=CARTESIAN_POINT('',(1.516498771636E2,-1.391731070826E1,1.45E2));
#1214=CARTESIAN_POINT('',(1.512143000229E2,-1.366583012885E1,1.45E2));
#1216=CURVE_STYLE('',#87,POSITIVE_LENGTH_MEASURE(2.E-2),#574);
#1217=PRESENTATION_STYLE_ASSIGNMENT((#1216));
#1218=STYLED_ITEM('',(#1217),#1215);
#1219=DIRECTION('',(8.660254037844E-1,-5.E-1,0.E0));
#1220=VECTOR('',#1219,6.071600442903E1);
#1221=CARTESIAN_POINT('',(9.863269777110E1,1.669217208567E1,1.45E2));
#1222=LINE('',#1221,#1220);
#1223=CURVE_STYLE('',#87,POSITIVE_LENGTH_MEASURE(2.E-2),#574);
#1224=PRESENTATION_STYLE_ASSIGNMENT((#1223));
#1225=STYLED_ITEM('',(#1224),#1222);
#1226=DIRECTION('',(0.E0,0.E0,-1.E0));
#1227=VECTOR('',#1226,5.E0);
#1228=CARTESIAN_POINT('',(1.512143000229E2,-1.366583012885E1,1.5E2));
#1229=LINE('',#1228,#1227);
#1230=CURVE_STYLE('',#87,POSITIVE_LENGTH_MEASURE(2.E-2),#574);
#1231=PRESENTATION_STYLE_ASSIGNMENT((#1230));
#1232=STYLED_ITEM('',(#1231),#1229);
#1233=DIRECTION('',(8.660254037844E-1,-5.E-1,0.E0));
#1234=VECTOR('',#1233,6.071600442903E1);
#1235=CARTESIAN_POINT('',(9.863269777110E1,1.669217208567E1,1.5E2));
#1236=LINE('',#1235,#1234);
#1237=CURVE_STYLE('',#87,POSITIVE_LENGTH_MEASURE(2.E-2),#574);
#1238=PRESENTATION_STYLE_ASSIGNMENT((#1237));
#1239=STYLED_ITEM('',(#1238),#1236);
#1240=DIRECTION('',(0.E0,0.E0,-1.E0));
#1241=VECTOR('',#1240,5.E0);
#1242=CARTESIAN_POINT('',(9.863269777110E1,1.669217208567E1,1.5E2));
#1243=LINE('',#1242,#1241);
#1244=CURVE_STYLE('',#87,POSITIVE_LENGTH_MEASURE(2.E-2),#574);
#1245=PRESENTATION_STYLE_ASSIGNMENT((#1244));
#1246=STYLED_ITEM('',(#1245),#1243);
#1247=DIRECTION('',(0.E0,0.E0,1.E0));
#1248=VECTOR('',#1247,1.E1);
#1249=CARTESIAN_POINT('',(1.530444270419E2,-2.049595714777E1,1.4E2));
#1250=LINE('',#1249,#1248);
#1251=CURVE_STYLE('',#87,POSITIVE_LENGTH_MEASURE(2.E-2),#574);
#1252=PRESENTATION_STYLE_ASSIGNMENT((#1251));
#1253=STYLED_ITEM('',(#1252),#1250);
#1254=DIRECTION('',(-9.258375807128E-1,3.369773211445E-1,-1.710878697460E-1));
#1255=VECTOR('',#1254,3.524936005318E0);
#1256=CARTESIAN_POINT('',(9.863269777110E1,1.669217208567E1,1.45E2));
#1257=LINE('',#1256,#1255);
#1258=CURVE_STYLE('',#87,POSITIVE_LENGTH_MEASURE(2.E-2),#574);
#1259=PRESENTATION_STYLE_ASSIGNMENT((#1258));
#1260=STYLED_ITEM('',(#1259),#1257);
#1261=DIRECTION('',(-9.848077530122E-1,1.736481776669E-1,0.E0));
#1262=VECTOR('',#1261,9.E1);
#1263=CARTESIAN_POINT('',(9.210566132444E1,1.906781907022E1,1.45E2));
#1264=LINE('',#1263,#1262);
#1265=CURVE_STYLE('',#87,POSITIVE_LENGTH_MEASURE(2.E-2),#574);
#1266=PRESENTATION_STYLE_ASSIGNMENT((#1265));
#1267=STYLED_ITEM('',(#1266),#1264);
#1268=DIRECTION('',(0.E0,0.E0,-1.E0));
#1269=VECTOR('',#1268,5.E0);
#1270=CARTESIAN_POINT('',(9.210566132444E1,1.906781907022E1,1.5E2));
#1271=LINE('',#1270,#1269);
#1272=CURVE_STYLE('',#87,POSITIVE_LENGTH_MEASURE(2.E-2),#574);
#1273=PRESENTATION_STYLE_ASSIGNMENT((#1272));
#1274=STYLED_ITEM('',(#1273),#1271);
#1275=DIRECTION('',(9.848077530122E-1,-1.736481776669E-1,0.E0));
#1276=VECTOR('',#1275,9.E1);
#1277=CARTESIAN_POINT('',(3.472963553339E0,3.469615506024E1,1.5E2));
#1278=LINE('',#1277,#1276);
#1279=CURVE_STYLE('',#87,POSITIVE_LENGTH_MEASURE(2.E-2),#574);
#1280=PRESENTATION_STYLE_ASSIGNMENT((#1279));
#1281=STYLED_ITEM('',(#1280),#1278);
#1282=DIRECTION('',(0.E0,0.E0,-1.E0));
#1283=VECTOR('',#1282,5.E0);
#1284=CARTESIAN_POINT('',(3.472963553339E0,3.469615506024E1,1.5E2));
#1285=LINE('',#1284,#1283);
#1286=CURVE_STYLE('',#87,POSITIVE_LENGTH_MEASURE(2.E-2),#574);
#1287=PRESENTATION_STYLE_ASSIGNMENT((#1286));
#1288=STYLED_ITEM('',(#1287),#1285);
#1289=CARTESIAN_POINT('',(1.122542756824E0,3.490179023445E1,1.449017902345E2));
#1290=CARTESIAN_POINT('',(1.531835436721E0,3.486598176490E1,1.448659817649E2));
#1291=CARTESIAN_POINT('',(1.941128116618E0,3.483017329534E1,1.448659817649E2));
#1292=CARTESIAN_POINT('',(2.350420796514E0,3.479436482579E1,1.449017902345E2));
#1294=CURVE_STYLE('',#87,POSITIVE_LENGTH_MEASURE(2.E-2),#574);
#1295=PRESENTATION_STYLE_ASSIGNMENT((#1294));
#1296=STYLED_ITEM('',(#1295),#1293);
#1297=DIRECTION('',(-9.924325091390E-1,8.682659386425E-2,-8.682659386425E-2));
#1298=VECTOR('',#1297,1.131102363624E0);
#1299=CARTESIAN_POINT('',(3.472963553339E0,3.469615506024E1,1.45E2));
#1300=LINE('',#1299,#1298);
#1301=CURVE_STYLE('',#87,POSITIVE_LENGTH_MEASURE(2.E-2),#574);
#1302=PRESENTATION_STYLE_ASSIGNMENT((#1301));
#1303=STYLED_ITEM('',(#1302),#1300);
#1304=DIRECTION('',(6.174578541845E-2,7.057575568080E-1,7.057575568080E-1));
#1305=VECTOR('',#1304,2.820383062036E1);
#1306=CARTESIAN_POINT('',(-6.189249166386E-1,1.499672364320E1,
1.249967236432E2));
#1307=LINE('',#1306,#1305);
#1308=CURVE_STYLE('',#87,POSITIVE_LENGTH_MEASURE(2.E-2),#574);
#1309=PRESENTATION_STYLE_ASSIGNMENT((#1308));
#1310=STYLED_ITEM('',(#1309),#1307);
#1311=DIRECTION('',(-9.924325091390E-1,8.682659386424E-2,8.682659386422E-2));
#1312=VECTOR('',#1311,1.131102363624E0);
#1313=CARTESIAN_POINT('',(1.122542756824E0,3.490179023445E1,1.449017902345E2));
#1314=LINE('',#1313,#1312);
#1315=CURVE_STYLE('',#87,POSITIVE_LENGTH_MEASURE(2.E-2),#574);
#1316=PRESENTATION_STYLE_ASSIGNMENT((#1315));
#1317=STYLED_ITEM('',(#1316),#1314);
#1318=CARTESIAN_POINT('',(-2.957106781187E1,3.5E1,1.45E2));
#1319=CARTESIAN_POINT('',(-2.986116773468E1,3.417947350941E1,1.441794735094E2));
#1320=CARTESIAN_POINT('',(-3.E1,3.334577934733E1,1.433457793473E2));
#1321=CARTESIAN_POINT('',(-3.E1,3.25E1,1.425E2));
#1323=CURVE_STYLE('',#87,POSITIVE_LENGTH_MEASURE(2.E-2),#574);
#1324=PRESENTATION_STYLE_ASSIGNMENT((#1323));
#1325=STYLED_ITEM('',(#1324),#1322);
#1326=DIRECTION('',(0.E0,-7.071067811865E-1,-7.071067811865E-1));
#1327=VECTOR('',#1326,2.474873734153E1);
#1328=CARTESIAN_POINT('',(-3.E1,3.25E1,1.425E2));
#1329=LINE('',#1328,#1327);
#1330=CURVE_STYLE('',#87,POSITIVE_LENGTH_MEASURE(2.E-2),#574);
#1331=PRESENTATION_STYLE_ASSIGNMENT((#1330));
#1332=STYLED_ITEM('',(#1331),#1329);
#1333=CARTESIAN_POINT('',(-6.189249166386E-1,1.499672364320E1,
1.249967236432E2));
#1334=CARTESIAN_POINT('',(-7.042175445995E-1,1.499890752349E1,
1.249989075235E2));
#1335=CARTESIAN_POINT('',(-7.895381083203E-1,1.5E1,1.25E2));
#1336=CARTESIAN_POINT('',(-8.748866352592E-1,1.5E1,1.25E2));
#1338=CURVE_STYLE('',#87,POSITIVE_LENGTH_MEASURE(2.E-2),#574);
#1339=PRESENTATION_STYLE_ASSIGNMENT((#1338));
#1340=STYLED_ITEM('',(#1339),#1337);
#1341=DIRECTION('',(-1.E0,0.E0,0.E0));
#1342=VECTOR('',#1341,2.957106781187E1);
#1343=CARTESIAN_POINT('',(0.E0,3.5E1,1.45E2));
#1344=LINE('',#1343,#1342);
#1345=CURVE_STYLE('',#87,POSITIVE_LENGTH_MEASURE(2.E-2),#574);
#1346=PRESENTATION_STYLE_ASSIGNMENT((#1345));
#1347=STYLED_ITEM('',(#1346),#1344);
#1348=DIRECTION('',(0.E0,0.E0,-1.E0));
#1349=VECTOR('',#1348,5.E0);
#1350=CARTESIAN_POINT('',(0.E0,3.5E1,1.5E2));
#1351=LINE('',#1350,#1349);
#1352=CURVE_STYLE('',#87,POSITIVE_LENGTH_MEASURE(2.E-2),#574);
#1353=PRESENTATION_STYLE_ASSIGNMENT((#1352));
#1354=STYLED_ITEM('',(#1353),#1351);
#1355=DIRECTION('',(1.E0,0.E0,0.E0));
#1356=VECTOR('',#1355,2.25E1);
#1357=CARTESIAN_POINT('',(-2.25E1,3.5E1,1.5E2));
#1358=LINE('',#1357,#1356);
#1359=CURVE_STYLE('',#87,POSITIVE_LENGTH_MEASURE(2.E-2),#574);
#1360=PRESENTATION_STYLE_ASSIGNMENT((#1359));
#1361=STYLED_ITEM('',(#1360),#1358);
#1362=CARTESIAN_POINT('',(-2.25E1,3.5E1,1.425E2));
#1363=DIRECTION('',(0.E0,1.E0,0.E0));
#1364=DIRECTION('',(-9.428090415821E-1,0.E0,3.333333333333E-1));
#1365=AXIS2_PLACEMENT_3D('',#1362,#1363,#1364);
#1367=CURVE_STYLE('',#87,POSITIVE_LENGTH_MEASURE(2.E-2),#574);
#1368=PRESENTATION_STYLE_ASSIGNMENT((#1367));
#1369=STYLED_ITEM('',(#1368),#1366);
#1370=DIRECTION('',(0.E0,0.E0,1.E0));
#1371=VECTOR('',#1370,1.25E2);
#1372=CARTESIAN_POINT('',(-3.E1,1.5E1,0.E0));
#1373=LINE('',#1372,#1371);
#1374=CURVE_STYLE('',#87,POSITIVE_LENGTH_MEASURE(2.E-2),#574);
#1375=PRESENTATION_STYLE_ASSIGNMENT((#1374));
#1376=STYLED_ITEM('',(#1375),#1373);
#1377=DIRECTION('',(0.E0,-1.E0,0.E0));
#1378=VECTOR('',#1377,3.25E1);
#1379=CARTESIAN_POINT('',(-3.E1,3.25E1,1.425E2));
#1380=LINE('',#1379,#1378);
#1381=CURVE_STYLE('',#87,POSITIVE_LENGTH_MEASURE(2.E-2),#574);
#1382=PRESENTATION_STYLE_ASSIGNMENT((#1381));
#1383=STYLED_ITEM('',(#1382),#1380);
#1384=DIRECTION('',(0.E0,0.E0,1.E0));
#1385=VECTOR('',#1384,5.E0);
#1386=CARTESIAN_POINT('',(-3.E1,0.E0,0.E0));
#1387=LINE('',#1386,#1385);
#1388=CURVE_STYLE('',#87,POSITIVE_LENGTH_MEASURE(2.E-2),#574);
#1389=PRESENTATION_STYLE_ASSIGNMENT((#1388));
#1390=STYLED_ITEM('',(#1389),#1387);
#1391=DIRECTION('',(0.E0,0.E0,-1.E0));
#1392=VECTOR('',#1391,3.75E1);
#1393=CARTESIAN_POINT('',(-8.748866352592E-1,1.5E1,3.75E1));
#1394=LINE('',#1393,#1392);
#1395=CURVE_STYLE('',#87,POSITIVE_LENGTH_MEASURE(2.E-2),#574);
#1396=PRESENTATION_STYLE_ASSIGNMENT((#1395));
#1397=STYLED_ITEM('',(#1396),#1394);
#1398=DIRECTION('',(-1.E0,0.E0,0.E0));
#1399=VECTOR('',#1398,4.125113364741E0);
#1400=CARTESIAN_POINT('',(-8.748866352592E-1,1.5E1,3.75E1));
#1401=LINE('',#1400,#1399);
#1402=CURVE_STYLE('',#87,POSITIVE_LENGTH_MEASURE(2.E-2),#574);
#1403=PRESENTATION_STYLE_ASSIGNMENT((#1402));
#1404=STYLED_ITEM('',(#1403),#1401);
#1405=DIRECTION('',(0.E0,0.E0,1.E0));
#1406=VECTOR('',#1405,6.5E1);
#1407=CARTESIAN_POINT('',(-1.E1,1.5E1,4.25E1));
#1408=LINE('',#1407,#1406);
#1409=CURVE_STYLE('',#87,POSITIVE_LENGTH_MEASURE(2.E-2),#574);
#1410=PRESENTATION_STYLE_ASSIGNMENT((#1409));
#1411=STYLED_ITEM('',(#1410),#1408);
#1412=DIRECTION('',(-1.E0,0.E0,0.E0));
#1413=VECTOR('',#1412,4.125113364741E0);
#1414=CARTESIAN_POINT('',(-8.748866352592E-1,1.5E1,1.125E2));
#1415=LINE('',#1414,#1413);
#1416=CURVE_STYLE('',#87,POSITIVE_LENGTH_MEASURE(2.E-2),#574);
#1417=PRESENTATION_STYLE_ASSIGNMENT((#1416));
#1418=STYLED_ITEM('',(#1417),#1415);
#1419=DIRECTION('',(0.E0,0.E0,-1.E0));
#1420=VECTOR('',#1419,1.25E1);
#1421=CARTESIAN_POINT('',(-8.748866352592E-1,1.5E1,1.25E2));
#1422=LINE('',#1421,#1420);
#1423=CURVE_STYLE('',#87,POSITIVE_LENGTH_MEASURE(2.E-2),#574);
#1424=PRESENTATION_STYLE_ASSIGNMENT((#1423));
#1425=STYLED_ITEM('',(#1424),#1422);
#1426=DIRECTION('',(-1.E0,0.E0,0.E0));
#1427=VECTOR('',#1426,2.912511336474E1);
#1428=CARTESIAN_POINT('',(-8.748866352592E-1,1.5E1,1.25E2));
#1429=LINE('',#1428,#1427);
#1430=CURVE_STYLE('',#87,POSITIVE_LENGTH_MEASURE(2.E-2),#574);
#1431=PRESENTATION_STYLE_ASSIGNMENT((#1430));
#1432=STYLED_ITEM('',(#1431),#1429);
#1433=CARTESIAN_POINT('',(-5.E0,1.5E1,4.25E1));
#1434=DIRECTION('',(0.E0,-1.E0,0.E0));
#1435=DIRECTION('',(-1.E0,0.E0,0.E0));
#1436=AXIS2_PLACEMENT_3D('',#1433,#1434,#1435);
#1438=CURVE_STYLE('',#87,POSITIVE_LENGTH_MEASURE(2.E-2),#574);
#1439=PRESENTATION_STYLE_ASSIGNMENT((#1438));
#1440=STYLED_ITEM('',(#1439),#1437);
#1441=CARTESIAN_POINT('',(-5.E0,0.E0,4.25E1));
#1442=DIRECTION('',(0.E0,1.E0,0.E0));
#1443=DIRECTION('',(0.E0,0.E0,-1.E0));
#1444=AXIS2_PLACEMENT_3D('',#1441,#1442,#1443);
#1446=CURVE_STYLE('',#87,POSITIVE_LENGTH_MEASURE(2.E-2),#574);
#1447=PRESENTATION_STYLE_ASSIGNMENT((#1446));
#1448=STYLED_ITEM('',(#1447),#1445);
#1449=DIRECTION('',(0.E0,-1.E0,0.E0));
#1450=VECTOR('',#1449,1.5E1);
#1451=CARTESIAN_POINT('',(-1.E1,1.5E1,1.075E2));
#1452=LINE('',#1451,#1450);
#1453=CURVE_STYLE('',#87,POSITIVE_LENGTH_MEASURE(2.E-2),#574);
#1454=PRESENTATION_STYLE_ASSIGNMENT((#1453));
#1455=STYLED_ITEM('',(#1454),#1452);
#1456=DIRECTION('',(0.E0,-1.E0,0.E0));
#1457=VECTOR('',#1456,1.5E1);
#1458=CARTESIAN_POINT('',(-1.E1,1.5E1,4.25E1));
#1459=LINE('',#1458,#1457);
#1460=CURVE_STYLE('',#87,POSITIVE_LENGTH_MEASURE(2.E-2),#574);
#1461=PRESENTATION_STYLE_ASSIGNMENT((#1460));
#1462=STYLED_ITEM('',(#1461),#1459);
#1463=CARTESIAN_POINT('',(-2.25E1,2.842170943040E-14,1.425E2));
#1464=DIRECTION('',(0.E0,-1.E0,0.E0));
#1465=DIRECTION('',(0.E0,0.E0,1.E0));
#1466=AXIS2_PLACEMENT_3D('',#1463,#1464,#1465);
#1468=CURVE_STYLE('',#87,POSITIVE_LENGTH_MEASURE(2.E-2),#574);
#1469=PRESENTATION_STYLE_ASSIGNMENT((#1468));
#1470=STYLED_ITEM('',(#1469),#1467);
#1471=DIRECTION('',(0.E0,0.E0,1.E0));
#1472=VECTOR('',#1471,3.75E1);
#1473=CARTESIAN_POINT('',(0.E0,0.E0,1.125E2));
#1474=LINE('',#1473,#1472);
#1475=CURVE_STYLE('',#87,POSITIVE_LENGTH_MEASURE(2.E-2),#574);
#1476=PRESENTATION_STYLE_ASSIGNMENT((#1475));
#1477=STYLED_ITEM('',(#1476),#1474);
#1478=DIRECTION('',(-1.E0,0.E0,0.E0));
#1479=VECTOR('',#1478,5.E0);
#1480=CARTESIAN_POINT('',(0.E0,0.E0,1.125E2));
#1481=LINE('',#1480,#1479);
#1482=CURVE_STYLE('',#87,POSITIVE_LENGTH_MEASURE(2.E-2),#574);
#1483=PRESENTATION_STYLE_ASSIGNMENT((#1482));
#1484=STYLED_ITEM('',(#1483),#1481);
#1485=DIRECTION('',(0.E0,0.E0,1.E0));
#1486=VECTOR('',#1485,6.5E1);
#1487=CARTESIAN_POINT('',(-1.E1,0.E0,4.25E1));
#1488=LINE('',#1487,#1486);
#1489=CURVE_STYLE('',#87,POSITIVE_LENGTH_MEASURE(2.E-2),#574);
#1490=PRESENTATION_STYLE_ASSIGNMENT((#1489));
#1491=STYLED_ITEM('',(#1490),#1488);
#1492=DIRECTION('',(-1.E0,0.E0,0.E0));
#1493=VECTOR('',#1492,5.E0);
#1494=CARTESIAN_POINT('',(0.E0,0.E0,3.75E1));
#1495=LINE('',#1494,#1493);
#1496=CURVE_STYLE('',#87,POSITIVE_LENGTH_MEASURE(2.E-2),#574);
#1497=PRESENTATION_STYLE_ASSIGNMENT((#1496));
#1498=STYLED_ITEM('',(#1497),#1495);
#1499=DIRECTION('',(0.E0,0.E0,1.E0));
#1500=VECTOR('',#1499,3.25E1);
#1501=CARTESIAN_POINT('',(0.E0,0.E0,5.E0));
#1502=LINE('',#1501,#1500);
#1503=CURVE_STYLE('',#87,POSITIVE_LENGTH_MEASURE(2.E-2),#574);
#1504=PRESENTATION_STYLE_ASSIGNMENT((#1503));
#1505=STYLED_ITEM('',(#1504),#1502);
#1506=DIRECTION('',(1.E0,0.E0,0.E0));
#1507=VECTOR('',#1506,3.E1);
#1508=CARTESIAN_POINT('',(-3.E1,0.E0,5.E0));
#1509=LINE('',#1508,#1507);
#1510=CURVE_STYLE('',#87,POSITIVE_LENGTH_MEASURE(2.E-2),#574);
#1511=PRESENTATION_STYLE_ASSIGNMENT((#1510));
#1512=STYLED_ITEM('',(#1511),#1509);
#1513=DIRECTION('',(0.E0,0.E0,1.E0));
#1514=VECTOR('',#1513,1.375E2);
#1515=CARTESIAN_POINT('',(-3.E1,0.E0,5.E0));
#1516=LINE('',#1515,#1514);
#1517=CURVE_STYLE('',#87,POSITIVE_LENGTH_MEASURE(2.E-2),#574);
#1518=PRESENTATION_STYLE_ASSIGNMENT((#1517));
#1519=STYLED_ITEM('',(#1518),#1516);
#1520=DIRECTION('',(0.E0,0.E0,-1.E0));
#1521=VECTOR('',#1520,7.E1);
#1522=CARTESIAN_POINT('',(2.E1,-3.526539614169E0,1.1E2));
#1523=LINE('',#1522,#1521);
#1524=CURVE_STYLE('',#87,POSITIVE_LENGTH_MEASURE(2.E-2),#574);
#1525=PRESENTATION_STYLE_ASSIGNMENT((#1524));
#1526=STYLED_ITEM('',(#1525),#1523);
#1527=DIRECTION('',(9.848077530122E-1,-1.736481776669E-1,0.E0));
#1528=VECTOR('',#1527,1.776996570800E1);
#1529=CARTESIAN_POINT('',(0.E0,0.E0,1.125E2));
#1530=LINE('',#1529,#1528);
#1531=CURVE_STYLE('',#87,POSITIVE_LENGTH_MEASURE(2.E-2),#574);
#1532=PRESENTATION_STYLE_ASSIGNMENT((#1531));
#1533=STYLED_ITEM('',(#1532),#1530);
#1534=DIRECTION('',(0.E0,0.E0,-1.E0));
#1535=VECTOR('',#1534,5.E0);
#1536=CARTESIAN_POINT('',(3.563470476833E0,-6.283359900237E-1,1.5E2));
#1537=LINE('',#1536,#1535);
#1538=CURVE_STYLE('',#87,POSITIVE_LENGTH_MEASURE(2.E-2),#574);
#1539=PRESENTATION_STYLE_ASSIGNMENT((#1538));
#1540=STYLED_ITEM('',(#1539),#1537);
#1541=DIRECTION('',(9.848077530122E-1,-1.736481776669E-1,0.E0));
#1542=VECTOR('',#1541,5.396926207859E1);
#1543=CARTESIAN_POINT('',(3.563470476833E0,-6.283359900237E-1,1.45E2));
#1544=LINE('',#1543,#1542);
#1545=CURVE_STYLE('',#87,POSITIVE_LENGTH_MEASURE(2.E-2),#574);
#1546=PRESENTATION_STYLE_ASSIGNMENT((#1545));
#1547=STYLED_ITEM('',(#1546),#1544);
#1548=DIRECTION('',(0.E0,0.E0,-1.E0));
#1549=VECTOR('',#1548,5.E0);
#1550=CARTESIAN_POINT('',(5.671281819618E1,-1.E1,1.5E2));
#1551=LINE('',#1550,#1549);
#1552=CURVE_STYLE('',#87,POSITIVE_LENGTH_MEASURE(2.E-2),#574);
#1553=PRESENTATION_STYLE_ASSIGNMENT((#1552));
#1554=STYLED_ITEM('',(#1553),#1551);
#1555=DIRECTION('',(9.848077530122E-1,-1.736481776669E-1,0.E0));
#1556=VECTOR('',#1555,9.874328929194E1);
#1557=CARTESIAN_POINT('',(0.E0,0.E0,5.E0));
#1558=LINE('',#1557,#1556);
#1559=CURVE_STYLE('',#87,POSITIVE_LENGTH_MEASURE(2.E-2),#574);
#1560=PRESENTATION_STYLE_ASSIGNMENT((#1559));
#1561=STYLED_ITEM('',(#1560),#1558);
#1562=DIRECTION('',(9.848077530122E-1,-1.736481776669E-1,0.E0));
#1563=VECTOR('',#1562,1.776996570800E1);
#1564=CARTESIAN_POINT('',(0.E0,0.E0,3.75E1));
#1565=LINE('',#1564,#1563);
#1566=CURVE_STYLE('',#87,POSITIVE_LENGTH_MEASURE(2.E-2),#574);
#1567=PRESENTATION_STYLE_ASSIGNMENT((#1566));
#1568=STYLED_ITEM('',(#1567),#1565);
#1569=CARTESIAN_POINT('',(5.908846518073E1,-1.041889066002E1,7.5E1));
#1570=DIRECTION('',(-1.736481776669E-1,-9.848077530122E-1,0.E0));
#1571=DIRECTION('',(-9.848077530122E-1,1.736481776669E-1,0.E0));
#1572=AXIS2_PLACEMENT_3D('',#1569,#1570,#1571);
#1574=CURVE_STYLE('',#87,POSITIVE_LENGTH_MEASURE(2.E-2),#574);
#1575=PRESENTATION_STYLE_ASSIGNMENT((#1574));
#1576=STYLED_ITEM('',(#1575),#1573);
#1577=CARTESIAN_POINT('',(5.908846518073E1,-1.041889066002E1,7.5E1));
#1578=DIRECTION('',(-1.736481776669E-1,-9.848077530122E-1,0.E0));
#1579=DIRECTION('',(9.848077530122E-1,-1.736481776669E-1,0.E0));
#1580=AXIS2_PLACEMENT_3D('',#1577,#1578,#1579);
#1582=CURVE_STYLE('',#87,POSITIVE_LENGTH_MEASURE(2.E-2),#574);
#1583=PRESENTATION_STYLE_ASSIGNMENT((#1582));
#1584=STYLED_ITEM('',(#1583),#1581);
#1585=DIRECTION('',(-9.848077530122E-1,1.736481776669E-1,0.E0));
#1586=VECTOR('',#1585,1.997538975488E1);
#1587=CARTESIAN_POINT('',(6.892462415101E1,-1.215327087301E1,6.25E1));
#1588=LINE('',#1587,#1586);
#1589=CURVE_STYLE('',#87,POSITIVE_LENGTH_MEASURE(2.E-2),#574);
#1590=PRESENTATION_STYLE_ASSIGNMENT((#1589));
#1591=STYLED_ITEM('',(#1590),#1588);
#1592=DIRECTION('',(0.E0,1.E0,0.E0));
#1593=VECTOR('',#1592,1.495738617237E1);
#1594=CARTESIAN_POINT('',(1.75E1,-3.085722162398E0,3.75E1));
#1595=LINE('',#1594,#1593);
#1596=CURVE_STYLE('',#87,POSITIVE_LENGTH_MEASURE(2.E-2),#574);
#1597=PRESENTATION_STYLE_ASSIGNMENT((#1596));
#1598=STYLED_ITEM('',(#1597),#1595);
#1599=DIRECTION('',(0.E0,-1.E0,0.E0));
#1600=VECTOR('',#1599,7.898203624146E0);
#1601=CARTESIAN_POINT('',(2.E1,4.371664009976E0,4.E1));
#1602=LINE('',#1601,#1600);
#1603=CURVE_STYLE('',#87,POSITIVE_LENGTH_MEASURE(2.E-2),#574);
#1604=PRESENTATION_STYLE_ASSIGNMENT((#1603));
#1605=STYLED_ITEM('',(#1604),#1602);
#1606=CARTESIAN_POINT('',(2.E1,-3.526539614169E0,4.E1));
#1607=CARTESIAN_POINT('',(2.E1,-3.526539614169E0,3.958011945586E1));
#1608=CARTESIAN_POINT('',(1.981704379628E1,-3.494279499165E0,3.892613696564E1));
#1609=CARTESIAN_POINT('',(1.930033125571E1,-3.403169136992E0,3.819117899760E1));
#1610=CARTESIAN_POINT('',(1.856442769187E1,-3.273409483488E0,3.767879342768E1));
#1611=CARTESIAN_POINT('',(1.791350161521E1,-3.158633653726E0,3.75E1));
#1612=CARTESIAN_POINT('',(1.75E1,-3.085722162398E0,3.75E1));
#1614=CURVE_STYLE('',#87,POSITIVE_LENGTH_MEASURE(2.E-2),#574);
#1615=PRESENTATION_STYLE_ASSIGNMENT((#1614));
#1616=STYLED_ITEM('',(#1615),#1613);
#1617=DIRECTION('',(0.E0,1.E0,0.E0));
#1618=VECTOR('',#1617,7.898203624146E0);
#1619=CARTESIAN_POINT('',(2.E1,-3.526539614169E0,1.1E2));
#1620=LINE('',#1619,#1618);
#1621=CURVE_STYLE('',#87,POSITIVE_LENGTH_MEASURE(2.E-2),#574);
#1622=PRESENTATION_STYLE_ASSIGNMENT((#1621));
#1623=STYLED_ITEM('',(#1622),#1620);
#1624=DIRECTION('',(0.E0,-1.E0,0.E0));
#1625=VECTOR('',#1624,1.495738617237E1);
#1626=CARTESIAN_POINT('',(1.75E1,1.187166400998E1,1.125E2));
#1627=LINE('',#1626,#1625);
#1628=CURVE_STYLE('',#87,POSITIVE_LENGTH_MEASURE(2.E-2),#574);
#1629=PRESENTATION_STYLE_ASSIGNMENT((#1628));
#1630=STYLED_ITEM('',(#1629),#1627);
#1631=CARTESIAN_POINT('',(1.75E1,-3.085722162398E0,1.125E2));
#1632=CARTESIAN_POINT('',(1.791350161521E1,-3.158633653726E0,1.125E2));
#1633=CARTESIAN_POINT('',(1.856442769187E1,-3.273409483488E0,1.123212065723E2));
#1634=CARTESIAN_POINT('',(1.930033125571E1,-3.403169136992E0,1.118088210024E2));
#1635=CARTESIAN_POINT('',(1.981704379628E1,-3.494279499165E0,1.110738630344E2));
#1636=CARTESIAN_POINT('',(2.E1,-3.526539614169E0,1.104198805441E2));
#1637=CARTESIAN_POINT('',(2.E1,-3.526539614169E0,1.1E2));
#1639=CURVE_STYLE('',#87,POSITIVE_LENGTH_MEASURE(2.E-2),#574);
#1640=PRESENTATION_STYLE_ASSIGNMENT((#1639));
#1641=STYLED_ITEM('',(#1640),#1638);
#1642=DIRECTION('',(0.E0,0.E0,-1.E0));
#1643=VECTOR('',#1642,5.E0);
#1644=CARTESIAN_POINT('',(3.912981101694E1,-4.E1,1.5E2));
#1645=LINE('',#1644,#1643);
#1646=CURVE_STYLE('',#87,POSITIVE_LENGTH_MEASURE(2.E-2),#574);
#1647=PRESENTATION_STYLE_ASSIGNMENT((#1646));
#1648=STYLED_ITEM('',(#1647),#1645);
#1649=DIRECTION('',(0.E0,0.E0,-1.E0));
#1650=VECTOR('',#1649,5.E0);
#1651=CARTESIAN_POINT('',(4.912981101694E1,-4.E1,1.5E2));
#1652=LINE('',#1651,#1650);
#1653=CURVE_STYLE('',#87,POSITIVE_LENGTH_MEASURE(2.E-2),#574);
#1654=PRESENTATION_STYLE_ASSIGNMENT((#1653));
#1655=STYLED_ITEM('',(#1654),#1652);
#1656=DIRECTION('',(6.703364685230E-1,-7.420572881982E-1,0.E0));
#1657=VECTOR('',#1656,5.305744534303E1);
#1658=CARTESIAN_POINT('',(3.563470476833E0,-6.283359900237E-1,1.45E2));
#1659=LINE('',#1658,#1657);
#1660=CURVE_STYLE('',#87,POSITIVE_LENGTH_MEASURE(2.E-2),#574);
#1661=PRESENTATION_STYLE_ASSIGNMENT((#1660));
#1662=STYLED_ITEM('',(#1661),#1659);
#1663=DIRECTION('',(1.E0,0.E0,0.E0));
#1664=VECTOR('',#1663,1.E1);
#1665=CARTESIAN_POINT('',(3.912981101694E1,-4.E1,1.45E2));
#1666=LINE('',#1665,#1664);
#1667=CURVE_STYLE('',#87,POSITIVE_LENGTH_MEASURE(2.E-2),#574);
#1668=PRESENTATION_STYLE_ASSIGNMENT((#1667));
#1669=STYLED_ITEM('',(#1668),#1666);
#1670=DIRECTION('',(2.450595449553E-1,9.695080295832E-1,0.E0));
#1671=VECTOR('',#1670,3.094352917623E1);
#1672=CARTESIAN_POINT('',(4.912981101694E1,-4.E1,1.45E2));
#1673=LINE('',#1672,#1671);
#1674=CURVE_STYLE('',#87,POSITIVE_LENGTH_MEASURE(2.E-2),#574);
#1675=PRESENTATION_STYLE_ASSIGNMENT((#1674));
#1676=STYLED_ITEM('',(#1675),#1673);
#1677=DIRECTION('',(0.E0,0.E0,1.E0));
#1678=VECTOR('',#1677,1.45E2);
#1679=CARTESIAN_POINT('',(1.362143000229E2,-3.964659224238E1,5.E0));
#1680=LINE('',#1679,#1678);
#1681=CURVE_STYLE('',#87,POSITIVE_LENGTH_MEASURE(2.E-2),#574);
#1682=PRESENTATION_STYLE_ASSIGNMENT((#1681));
#1683=STYLED_ITEM('',(#1682),#1680);
#1684=DIRECTION('',(8.660254037844E-1,-5.E-1,0.E0));
#1685=VECTOR('',#1684,4.5E1);
#1686=CARTESIAN_POINT('',(9.724315685263E1,-1.714659224238E1,5.E0));
#1687=LINE('',#1686,#1685);
#1688=CURVE_STYLE('',#87,POSITIVE_LENGTH_MEASURE(2.E-2),#574);
#1689=PRESENTATION_STYLE_ASSIGNMENT((#1688));
#1690=STYLED_ITEM('',(#1689),#1687);
#1691=DIRECTION('',(0.E0,0.E0,1.E0));
#1692=VECTOR('',#1691,1.45E2);
#1693=CARTESIAN_POINT('',(9.724315685263E1,-1.714659224238E1,5.E0));
#1694=LINE('',#1693,#1692);
#1695=CURVE_STYLE('',#87,POSITIVE_LENGTH_MEASURE(2.E-2),#574);
#1696=PRESENTATION_STYLE_ASSIGNMENT((#1695));
#1697=STYLED_ITEM('',(#1696),#1694);
#1698=DIRECTION('',(-5.E-1,-8.660254037844E-1,0.E0));
#1699=VECTOR('',#1698,2.E1);
#1700=CARTESIAN_POINT('',(1.362143000229E2,-3.964659224238E1,1.5E2));
#1701=LINE('',#1700,#1699);
#1702=CURVE_STYLE('',#87,POSITIVE_LENGTH_MEASURE(2.E-2),#574);
#1703=PRESENTATION_STYLE_ASSIGNMENT((#1702));
#1704=STYLED_ITEM('',(#1703),#1701);
#1705=CARTESIAN_POINT('',(1.543601256459E2,-7.321710031807E1,1.425E2));
#1706=DIRECTION('',(-5.E-1,-8.660254037844E-1,0.E0));
#1707=DIRECTION('',(8.660254037844E-1,-5.E-1,0.E0));
#1708=AXIS2_PLACEMENT_3D('',#1705,#1706,#1707);
#1710=CURVE_STYLE('',#87,POSITIVE_LENGTH_MEASURE(2.E-2),#574);
#1711=PRESENTATION_STYLE_ASSIGNMENT((#1710));
#1712=STYLED_ITEM('',(#1711),#1709);
#1713=CARTESIAN_POINT('',(1.543601256459E2,-7.321710031807E1,7.5E0));
#1714=DIRECTION('',(-5.E-1,-8.660254037844E-1,0.E0));
#1715=DIRECTION('',(1.136868377216E-14,0.E0,-1.E0));
#1716=AXIS2_PLACEMENT_3D('',#1713,#1714,#1715);
#1718=CURVE_STYLE('',#87,POSITIVE_LENGTH_MEASURE(2.E-2),#574);
#1719=PRESENTATION_STYLE_ASSIGNMENT((#1718));
#1720=STYLED_ITEM('',(#1719),#1717);
#1721=DIRECTION('',(-8.660254037844E-1,5.E-1,0.E0));
#1722=VECTOR('',#1721,3.25E1);
#1723=CARTESIAN_POINT('',(1.543601256459E2,-7.321710031807E1,0.E0));
#1724=LINE('',#1723,#1722);
#1725=CURVE_STYLE('',#87,POSITIVE_LENGTH_MEASURE(2.E-2),#574);
#1726=PRESENTATION_STYLE_ASSIGNMENT((#1725));
#1727=STYLED_ITEM('',(#1726),#1724);
#1728=DIRECTION('',(0.E0,0.E0,-1.E0));
#1729=VECTOR('',#1728,1.5E2);
#1730=CARTESIAN_POINT('',(1.262143000229E2,-5.696710031807E1,1.5E2));
#1731=LINE('',#1730,#1729);
#1732=CURVE_STYLE('',#87,POSITIVE_LENGTH_MEASURE(2.E-2),#574);
#1733=PRESENTATION_STYLE_ASSIGNMENT((#1732));
#1734=STYLED_ITEM('',(#1733),#1731);
#1735=DIRECTION('',(8.660254037844E-1,-5.E-1,0.E0));
#1736=VECTOR('',#1735,3.25E1);
#1737=CARTESIAN_POINT('',(1.262143000229E2,-5.696710031807E1,1.5E2));
#1738=LINE('',#1737,#1736);
#1739=CURVE_STYLE('',#87,POSITIVE_LENGTH_MEASURE(2.E-2),#574);
#1740=PRESENTATION_STYLE_ASSIGNMENT((#1739));
#1741=STYLED_ITEM('',(#1740),#1738);
#1742=DIRECTION('',(0.E0,0.E0,1.E0));
#1743=VECTOR('',#1742,2.75E1);
#1744=CARTESIAN_POINT('',(1.633553161743E2,-7.263697329915E1,1.15E2));
#1745=LINE('',#1744,#1743);
#1746=CURVE_STYLE('',#87,POSITIVE_LENGTH_MEASURE(2.E-2),#574);
#1747=PRESENTATION_STYLE_ASSIGNMENT((#1746));
#1748=STYLED_ITEM('',(#1747),#1745);
#1749=DIRECTION('',(0.E0,0.E0,1.E0));
#1750=VECTOR('',#1749,1.075E2);
#1751=CARTESIAN_POINT('',(1.633553161743E2,-7.263697329915E1,7.5E0));
#1752=LINE('',#1751,#1750);
#1753=CURVE_STYLE('',#87,POSITIVE_LENGTH_MEASURE(2.E-2),#574);
#1754=PRESENTATION_STYLE_ASSIGNMENT((#1753));
#1755=STYLED_ITEM('',(#1754),#1752);
#1756=DIRECTION('',(5.E-1,8.660254037844E-1,1.261213355974E-14));
#1757=VECTOR('',#1756,4.999999999999E0);
#1758=CARTESIAN_POINT('',(1.608553161743E2,-7.696710031807E1,7.5E0));
#1759=LINE('',#1758,#1757);
#1760=CURVE_STYLE('',#87,POSITIVE_LENGTH_MEASURE(2.E-2),#574);
#1761=PRESENTATION_STYLE_ASSIGNMENT((#1760));
#1762=STYLED_ITEM('',(#1761),#1759);
#1763=DIRECTION('',(0.E0,0.E0,-1.E0));
#1764=VECTOR('',#1763,1.35E2);
#1765=CARTESIAN_POINT('',(1.608553161743E2,-7.696710031807E1,1.425E2));
#1766=LINE('',#1765,#1764);
#1767=CURVE_STYLE('',#87,POSITIVE_LENGTH_MEASURE(2.E-2),#574);
#1768=PRESENTATION_STYLE_ASSIGNMENT((#1767));
#1769=STYLED_ITEM('',(#1768),#1766);
#1770=DIRECTION('',(-5.E-1,-8.660254037844E-1,1.136868377216E-14));
#1771=VECTOR('',#1770,4.999999999999E0);
#1772=CARTESIAN_POINT('',(1.633553161743E2,-7.263697329915E1,1.425E2));
#1773=LINE('',#1772,#1771);
#1774=CURVE_STYLE('',#87,POSITIVE_LENGTH_MEASURE(2.E-2),#574);
#1775=PRESENTATION_STYLE_ASSIGNMENT((#1774));
#1776=STYLED_ITEM('',(#1775),#1773);
#1777=DIRECTION('',(0.E0,0.E0,-1.E0));
#1778=VECTOR('',#1777,5.E0);
#1779=CARTESIAN_POINT('',(1.310864518320E2,-4.852828584255E1,5.E0));
#1780=LINE('',#1779,#1778);
#1781=CURVE_STYLE('',#87,POSITIVE_LENGTH_MEASURE(2.E-2),#574);
#1782=PRESENTATION_STYLE_ASSIGNMENT((#1781));
#1783=STYLED_ITEM('',(#1782),#1780);
#1784=DIRECTION('',(5.E-1,8.660254037844E-1,0.E0));
#1785=VECTOR('',#1784,1.025569638183E1);
#1786=CARTESIAN_POINT('',(1.310864518320E2,-4.852828584255E1,5.E0));
#1787=LINE('',#1786,#1785);
#1788=CURVE_STYLE('',#87,POSITIVE_LENGTH_MEASURE(2.E-2),#574);
#1789=PRESENTATION_STYLE_ASSIGNMENT((#1788));
#1790=STYLED_ITEM('',(#1789),#1787);
#1791=DIRECTION('',(-9.574946130806E-1,2.884511499746E-1,0.E0));
#1792=VECTOR('',#1791,1.682374497270E2);
#1793=CARTESIAN_POINT('',(1.310864518320E2,-4.852828584255E1,5.E0));
#1794=LINE('',#1793,#1792);
#1795=CURVE_STYLE('',#87,POSITIVE_LENGTH_MEASURE(2.E-2),#574);
#1796=PRESENTATION_STYLE_ASSIGNMENT((#1795));
#1797=STYLED_ITEM('',(#1796),#1794);
#1798=DIRECTION('',(-1.736481776669E-1,-9.848077530122E-1,0.E0));
#1799=VECTOR('',#1798,2.E1);
#1800=CARTESIAN_POINT('',(3.446827135543E1,-6.077686218343E0,7.5E1));
#1801=LINE('',#1800,#1799);
#1802=CURVE_STYLE('',#87,POSITIVE_LENGTH_MEASURE(2.E-2),#574);
#1803=PRESENTATION_STYLE_ASSIGNMENT((#1802));
#1804=STYLED_ITEM('',(#1803),#1801);
#1805=DIRECTION('',(-1.736481776669E-1,-9.848077530122E-1,0.E0));
#1806=VECTOR('',#1805,2.E1);
#1807=CARTESIAN_POINT('',(8.370865900604E1,-1.476009510169E1,7.5E1));
#1808=LINE('',#1807,#1806);
#1809=CURVE_STYLE('',#87,POSITIVE_LENGTH_MEASURE(2.E-2),#574);
#1810=PRESENTATION_STYLE_ASSIGNMENT((#1809));
#1811=STYLED_ITEM('',(#1810),#1808);
#1812=CARTESIAN_POINT('',(5.561550162739E1,-3.011504572026E1,7.5E1));
#1813=DIRECTION('',(-1.736481776669E-1,-9.848077530122E-1,0.E0));
#1814=DIRECTION('',(-9.848077530122E-1,1.736481776669E-1,0.E0));
#1815=AXIS2_PLACEMENT_3D('',#1812,#1813,#1814);
#1817=CURVE_STYLE('',#87,POSITIVE_LENGTH_MEASURE(2.E-2),#574);
#1818=PRESENTATION_STYLE_ASSIGNMENT((#1817));
#1819=STYLED_ITEM('',(#1818),#1816);
#1820=CARTESIAN_POINT('',(5.561550162739E1,-3.011504572026E1,7.5E1));
#1821=DIRECTION('',(-1.736481776669E-1,-9.848077530122E-1,0.E0));
#1822=DIRECTION('',(9.848077530122E-1,-1.736481776669E-1,0.E0));
#1823=AXIS2_PLACEMENT_3D('',#1820,#1821,#1822);
#1825=CURVE_STYLE('',#87,POSITIVE_LENGTH_MEASURE(2.E-2),#574);
#1826=PRESENTATION_STYLE_ASSIGNMENT((#1825));
#1827=STYLED_ITEM('',(#1826),#1824);
#1828=DIRECTION('',(-9.848077530122E-1,1.736481776669E-1,0.E0));
#1829=VECTOR('',#1828,1.997539004506E1);
#1830=CARTESIAN_POINT('',(6.545166088345E1,-3.184942598365E1,6.25E1));
#1831=LINE('',#1830,#1829);
#1832=CURVE_STYLE('',#87,POSITIVE_LENGTH_MEASURE(2.E-2),#574);
#1833=PRESENTATION_STYLE_ASSIGNMENT((#1832));
#1834=STYLED_ITEM('',(#1833),#1831);
#1835=CARTESIAN_POINT('',(5.908846518073E1,-1.041889066002E1,7.5E1));
#1836=DIRECTION('',(-1.736481776669E-1,-9.848077530122E-1,0.E0));
#1837=DIRECTION('',(6.147806693092E-1,-1.084024192172E-1,-7.812129313776E-1));
#1838=AXIS2_PLACEMENT_3D('',#1835,#1836,#1837);
#1840=CURVE_STYLE('',#87,POSITIVE_LENGTH_MEASURE(2.E-2),#574);
#1841=PRESENTATION_STYLE_ASSIGNMENT((#1840));
#1842=STYLED_ITEM('',(#1841),#1839);
#1843=DIRECTION('',(1.736481776669E-1,9.848077530122E-1,0.E0));
#1844=VECTOR('',#1843,2.E1);
#1845=CARTESIAN_POINT('',(4.577974189763E1,-2.838073590414E1,6.25E1));
#1846=LINE('',#1845,#1844);
#1847=CURVE_STYLE('',#87,POSITIVE_LENGTH_MEASURE(2.E-2),#574);
#1848=PRESENTATION_STYLE_ASSIGNMENT((#1847));
#1849=STYLED_ITEM('',(#1848),#1846);
#1850=CARTESIAN_POINT('',(5.561550162739E1,-3.011504572026E1,7.5E1));
#1851=DIRECTION('',(1.736481776669E-1,9.848077530122E-1,0.E0));
#1852=DIRECTION('',(-6.147349831104E-1,1.083943635077E-1,-7.8125E-1));
#1853=AXIS2_PLACEMENT_3D('',#1850,#1851,#1852);
#1855=CURVE_STYLE('',#87,POSITIVE_LENGTH_MEASURE(2.E-2),#574);
#1856=PRESENTATION_STYLE_ASSIGNMENT((#1855));
#1857=STYLED_ITEM('',(#1856),#1854);
#1858=DIRECTION('',(1.736481633782E-1,9.848077555317E-1,0.E0));
#1859=VECTOR('',#1858,2.E1);
#1860=CARTESIAN_POINT('',(6.545166088345E1,-3.184942598365E1,6.25E1));
#1861=LINE('',#1860,#1859);
#1862=CURVE_STYLE('',#87,POSITIVE_LENGTH_MEASURE(2.E-2),#574);
#1863=PRESENTATION_STYLE_ASSIGNMENT((#1862));
#1864=STYLED_ITEM('',(#1863),#1861);
#1865=CARTESIAN_POINT('',(-5.E0,1.5E1,1.075E2));
#1866=DIRECTION('',(0.E0,-1.E0,0.E0));
#1867=DIRECTION('',(0.E0,0.E0,1.E0));
#1868=AXIS2_PLACEMENT_3D('',#1865,#1866,#1867);
#1870=CURVE_STYLE('',#87,POSITIVE_LENGTH_MEASURE(2.E-2),#574);
#1871=PRESENTATION_STYLE_ASSIGNMENT((#1870));
#1872=STYLED_ITEM('',(#1871),#1869);
#1873=CARTESIAN_POINT('',(-5.E0,0.E0,1.075E2));
#1874=DIRECTION('',(0.E0,1.E0,0.E0));
#1875=DIRECTION('',(-1.E0,0.E0,0.E0));
#1876=AXIS2_PLACEMENT_3D('',#1873,#1874,#1875);
#1878=CURVE_STYLE('',#87,POSITIVE_LENGTH_MEASURE(2.E-2),#574);
#1879=PRESENTATION_STYLE_ASSIGNMENT((#1878));
#1880=STYLED_ITEM('',(#1879),#1877);
#1881=DIRECTION('',(0.E0,0.E0,1.E0));
#1882=VECTOR('',#1881,2.5E1);
#1883=CARTESIAN_POINT('',(1.498745540608E2,-3.598633820454E1,1.25E2));
#1884=LINE('',#1883,#1882);
#1885=CURVE_STYLE('',#87,POSITIVE_LENGTH_MEASURE(2.E-2),#574);
#1886=PRESENTATION_STYLE_ASSIGNMENT((#1885));
#1887=STYLED_ITEM('',(#1886),#1884);
#1888=CARTESIAN_POINT('',(1.523745540608E2,-3.165621118562E1,1.5E2));
#1889=DIRECTION('',(0.E0,0.E0,-1.E0));
#1890=DIRECTION('',(-5.E-1,-8.660254037844E-1,0.E0));
#1891=AXIS2_PLACEMENT_3D('',#1888,#1889,#1890);
#1893=CURVE_STYLE('',#87,POSITIVE_LENGTH_MEASURE(2.E-2),#574);
#1894=PRESENTATION_STYLE_ASSIGNMENT((#1893));
#1895=STYLED_ITEM('',(#1894),#1892);
#1896=CARTESIAN_POINT('',(1.455444270419E2,-3.348633820454E1,0.E0));
#1897=CARTESIAN_POINT('',(8.863269777110E1,-6.283359900237E-1,0.E0));
#1898=VERTEX_POINT('',#1896);
#1899=VERTEX_POINT('',#1897);
#1900=CARTESIAN_POINT('',(3.472963553339E0,3.469615506024E1,1.5E2));
#1901=CARTESIAN_POINT('',(9.210566132444E1,1.906781907022E1,1.5E2));
#1902=VERTEX_POINT('',#1900);
#1903=VERTEX_POINT('',#1901);
#1904=CARTESIAN_POINT('',(9.724315685263E1,-1.714659224238E1,5.E0));
#1905=CARTESIAN_POINT('',(9.724315685263E1,-1.714659224238E1,1.5E2));
#1906=VERTEX_POINT('',#1904);
#1907=VERTEX_POINT('',#1905);
#1908=CARTESIAN_POINT('',(0.E0,0.E0,5.E0));
#1909=CARTESIAN_POINT('',(0.E0,0.E0,3.75E1));
#1910=VERTEX_POINT('',#1908);
#1911=VERTEX_POINT('',#1909);
#1912=CARTESIAN_POINT('',(0.E0,0.E0,1.125E2));
#1913=CARTESIAN_POINT('',(0.E0,0.E0,1.5E2));
#1914=VERTEX_POINT('',#1912);
#1915=VERTEX_POINT('',#1913);
#1916=CARTESIAN_POINT('',(3.912981101694E1,-4.E1,1.5E2));
#1917=CARTESIAN_POINT('',(4.912981101694E1,-4.E1,1.5E2));
#1918=VERTEX_POINT('',#1916);
#1919=VERTEX_POINT('',#1917);
#1920=CARTESIAN_POINT('',(3.912981101694E1,-4.E1,1.45E2));
#1921=CARTESIAN_POINT('',(4.912981101694E1,-4.E1,1.45E2));
#1922=VERTEX_POINT('',#1920);
#1923=VERTEX_POINT('',#1921);
#1924=CARTESIAN_POINT('',(3.563470476833E0,-6.283359900237E-1,1.45E2));
#1925=CARTESIAN_POINT('',(5.671281819618E1,-1.E1,1.45E2));
#1926=VERTEX_POINT('',#1924);
#1927=VERTEX_POINT('',#1925);
#1928=CARTESIAN_POINT('',(3.563470476833E0,-6.283359900237E-1,1.5E2));
#1929=VERTEX_POINT('',#1928);
#1930=CARTESIAN_POINT('',(5.671281819618E1,-1.E1,1.5E2));
#1931=VERTEX_POINT('',#1930);
#1932=CARTESIAN_POINT('',(1.262143000229E2,-5.696710031807E1,1.5E2));
#1933=CARTESIAN_POINT('',(1.262143000229E2,-5.696710031807E1,0.E0));
#1934=VERTEX_POINT('',#1932);
#1935=VERTEX_POINT('',#1933);
#1936=CARTESIAN_POINT('',(1.362143000229E2,-3.964659224238E1,5.E0));
#1937=CARTESIAN_POINT('',(1.362143000229E2,-3.964659224238E1,1.5E2));
#1938=VERTEX_POINT('',#1936);
#1939=VERTEX_POINT('',#1937);
#1940=CARTESIAN_POINT('',(1.310864518320E2,-4.852828584255E1,0.E0));
#1941=VERTEX_POINT('',#1940);
#1942=CARTESIAN_POINT('',(1.606998716081E2,-4.223633820454E1,1.5E2));
#1943=CARTESIAN_POINT('',(1.606998716081E2,-4.223633820454E1,1.25E2));
#1944=VERTEX_POINT('',#1942);
#1945=VERTEX_POINT('',#1943);
#1946=CARTESIAN_POINT('',(1.75E1,-3.085722162398E0,3.75E1));
#1947=VERTEX_POINT('',#1946);
#1948=CARTESIAN_POINT('',(1.75E1,-3.085722162398E0,1.125E2));
#1949=VERTEX_POINT('',#1948);
#1950=CARTESIAN_POINT('',(1.498745540608E2,-3.598633820454E1,1.5E2));
#1951=VERTEX_POINT('',#1950);
#1952=CARTESIAN_POINT('',(1.520396175702E2,-3.723633820454E1,1.25E2));
#1953=VERTEX_POINT('',#1952);
#1954=CARTESIAN_POINT('',(1.455444270419E2,-3.348633820454E1,1.175E2));
#1955=VERTEX_POINT('',#1954);
#1956=CARTESIAN_POINT('',(1.480444270419E2,-2.915621118562E1,1.5E2));
#1957=VERTEX_POINT('',#1956);
#1958=CARTESIAN_POINT('',(-2.25E1,0.E0,1.5E2));
#1959=CARTESIAN_POINT('',(-2.25E1,3.5E1,1.5E2));
#1960=VERTEX_POINT('',#1958);
#1961=VERTEX_POINT('',#1959);
#1962=CARTESIAN_POINT('',(-3.E1,2.842170943040E-14,1.425E2));
#1963=VERTEX_POINT('',#1962);
#1964=CARTESIAN_POINT('',(1.608553161743E2,-7.696710031807E1,1.425E2));
#1965=CARTESIAN_POINT('',(1.543601256459E2,-7.321710031807E1,1.5E2));
#1966=VERTEX_POINT('',#1964);
#1967=VERTEX_POINT('',#1965);
#1968=CARTESIAN_POINT('',(1.530444270419E2,-2.049595714777E1,1.5E2));
#1969=CARTESIAN_POINT('',(1.512143000229E2,-1.366583012885E1,1.5E2));
#1970=VERTEX_POINT('',#1968);
#1971=VERTEX_POINT('',#1969);
#1972=CARTESIAN_POINT('',(0.E0,3.5E1,1.5E2));
#1973=VERTEX_POINT('',#1972);
#1974=CARTESIAN_POINT('',(9.863269777110E1,1.669217208567E1,1.5E2));
#1975=VERTEX_POINT('',#1974);
#1976=CARTESIAN_POINT('',(-3.E1,0.E0,5.E0));
#1977=VERTEX_POINT('',#1976);
#1978=CARTESIAN_POINT('',(1.608553161743E2,-7.696710031807E1,7.5E0));
#1979=VERTEX_POINT('',#1978);
#1980=CARTESIAN_POINT('',(1.543601256459E2,-7.321710031807E1,0.E0));
#1981=VERTEX_POINT('',#1980);
#1982=CARTESIAN_POINT('',(1.380444270418E2,-4.647671926131E1,0.E0));
#1983=CARTESIAN_POINT('',(1.380445173032E2,-4.647677093291E1,1.174999999997E2));
#1984=VERTEX_POINT('',#1982);
#1985=VERTEX_POINT('',#1983);
#1986=CARTESIAN_POINT('',(1.417046810797E2,-6.013697329915E1,0.E0));
#1987=CARTESIAN_POINT('',(1.417046810797E2,-6.013697329915E1,1.15E2));
#1988=VERTEX_POINT('',#1986);
#1989=VERTEX_POINT('',#1987);
#1990=CARTESIAN_POINT('',(1.445396175748E2,-5.022671925347E1,1.249999813474E2));
#1991=VERTEX_POINT('',#1990);
#1992=CARTESIAN_POINT('',(1.568601256459E2,-6.888697329915E1,0.E0));
#1993=VERTEX_POINT('',#1992);
#1994=CARTESIAN_POINT('',(-5.E0,0.E0,3.75E1));
#1995=VERTEX_POINT('',#1994);
#1996=CARTESIAN_POINT('',(-1.E1,0.E0,4.25E1));
#1997=CARTESIAN_POINT('',(-1.E1,0.E0,1.075E2));
#1998=VERTEX_POINT('',#1996);
#1999=VERTEX_POINT('',#1997);
#2000=CARTESIAN_POINT('',(-5.E0,0.E0,1.125E2));
#2001=VERTEX_POINT('',#2000);
#2002=CARTESIAN_POINT('',(-1.E1,1.5E1,4.25E1));
#2003=CARTESIAN_POINT('',(-1.E1,1.5E1,1.075E2));
#2004=VERTEX_POINT('',#2002);
#2005=VERTEX_POINT('',#2003);
#2006=CARTESIAN_POINT('',(-3.E1,0.E0,0.E0));
#2007=VERTEX_POINT('',#2006);
#2008=CARTESIAN_POINT('',(-5.E0,1.5E1,3.75E1));
#2009=VERTEX_POINT('',#2008);
#2010=CARTESIAN_POINT('',(-5.E0,1.5E1,1.125E2));
#2011=VERTEX_POINT('',#2010);
#2012=CARTESIAN_POINT('',(2.E1,-3.526539614169E0,1.1E2));
#2013=CARTESIAN_POINT('',(2.E1,-3.526539614169E0,4.E1));
#2014=VERTEX_POINT('',#2012);
#2015=VERTEX_POINT('',#2013);
#2016=CARTESIAN_POINT('',(1.480444270419E2,-2.915621118562E1,1.3E2));
#2017=CARTESIAN_POINT('',(1.530444270419E2,-2.049595714777E1,1.4E2));
#2018=VERTEX_POINT('',#2016);
#2019=VERTEX_POINT('',#2017);
#2020=CARTESIAN_POINT('',(9.863269777110E1,1.669217208567E1,1.45E2));
#2021=CARTESIAN_POINT('',(1.512143000229E2,-1.366583012885E1,1.45E2));
#2022=VERTEX_POINT('',#2020);
#2023=VERTEX_POINT('',#2021);
#2024=CARTESIAN_POINT('',(8.863269777110E1,-6.283359900237E-1,1.25E2));
#2025=CARTESIAN_POINT('',(1.498745540608E2,-3.598633820454E1,1.25E2));
#2026=VERTEX_POINT('',#2024);
#2027=VERTEX_POINT('',#2025);
#2028=CARTESIAN_POINT('',(9.210566132444E1,1.906781907022E1,1.45E2));
#2029=CARTESIAN_POINT('',(3.472963553339E0,3.469615506024E1,1.45E2));
#2030=VERTEX_POINT('',#2028);
#2031=VERTEX_POINT('',#2029);
#2032=CARTESIAN_POINT('',(0.E0,3.5E1,1.45E2));
#2033=CARTESIAN_POINT('',(-2.957106781187E1,3.5E1,1.45E2));
#2034=VERTEX_POINT('',#2032);
#2035=VERTEX_POINT('',#2033);
#2036=VERTEX_POINT('',#1321);
#2037=CARTESIAN_POINT('',(-3.E1,1.5E1,1.25E2));
#2038=VERTEX_POINT('',#2037);
#2039=CARTESIAN_POINT('',(9.536917954777E1,1.787999557794E1,1.443969262079E2));
#2040=VERTEX_POINT('',#2039);
#2041=CARTESIAN_POINT('',(-3.E1,1.5E1,0.E0));
#2042=VERTEX_POINT('',#2041);
#2043=CARTESIAN_POINT('',(1.310864518320E2,-4.852828584255E1,5.E0));
#2044=VERTEX_POINT('',#2043);
#2045=CARTESIAN_POINT('',(1.633553161743E2,-7.263697329915E1,7.5E0));
#2046=VERTEX_POINT('',#2045);
#2047=CARTESIAN_POINT('',(1.569498716081E2,-4.873152873292E1,1.25E2));
#2048=CARTESIAN_POINT('',(1.569498716081E2,-4.873152873292E1,1.5E2));
#2049=VERTEX_POINT('',#2047);
#2050=VERTEX_POINT('',#2048);
#2051=CARTESIAN_POINT('',(1.633553161743E2,-7.263697329915E1,1.15E2));
#2052=CARTESIAN_POINT('',(1.633553161743E2,-7.263697329915E1,1.425E2));
#2053=VERTEX_POINT('',#2051);
#2054=VERTEX_POINT('',#2052);
#2055=CARTESIAN_POINT('',(1.596950621365E2,-5.897671926131E1,1.25E2));
#2056=VERTEX_POINT('',#2055);
#2057=VERTEX_POINT('',#709);
#2058=CARTESIAN_POINT('',(3.099530780209E1,-2.577384127859E1,7.5E1));
#2059=CARTESIAN_POINT('',(8.023569545270E1,-3.445625016193E1,7.5E1));
#2060=VERTEX_POINT('',#2058);
#2061=VERTEX_POINT('',#2059);
#2062=CARTESIAN_POINT('',(3.446827135543E1,-6.077686218343E0,7.5E1));
#2063=CARTESIAN_POINT('',(8.370865900604E1,-1.476009510169E1,7.5E1));
#2064=VERTEX_POINT('',#2062);
#2065=VERTEX_POINT('',#2063);
#2066=CARTESIAN_POINT('',(6.892462415101E1,-1.215327087301E1,6.25E1));
#2067=CARTESIAN_POINT('',(4.925270545097E1,-8.684580843892E0,6.25E1));
#2068=VERTEX_POINT('',#2066);
#2069=VERTEX_POINT('',#2067);
#2070=CARTESIAN_POINT('',(6.545166088345E1,-3.184942598365E1,6.25E1));
#2071=VERTEX_POINT('',#2070);
#2072=CARTESIAN_POINT('',(4.577974189763E1,-2.838073590414E1,6.25E1));
#2073=VERTEX_POINT('',#2072);
#2074=CARTESIAN_POINT('',(8.615951414101E-1,1.484807753012E1,0.E0));
#2075=VERTEX_POINT('',#2074);
#2076=CARTESIAN_POINT('',(8.615951414101E-1,1.484807753012E1,1.25E2));
#2077=VERTEX_POINT('',#2076);
#2078=CARTESIAN_POINT('',(-8.748866352592E-1,1.5E1,0.E0));
#2079=VERTEX_POINT('',#2078);
#2080=CARTESIAN_POINT('',(8.615951414101E-1,1.484807753012E1,3.75E1));
#2081=VERTEX_POINT('',#2080);
#2082=CARTESIAN_POINT('',(-8.748866352592E-1,1.5E1,3.75E1));
#2083=VERTEX_POINT('',#2082);
#2084=CARTESIAN_POINT('',(6.089531230512E-1,1.488929823454E1,1.249967236432E2));
#2085=CARTESIAN_POINT('',(2.350420796514E0,3.479436482579E1,1.449017902345E2));
#2086=VERTEX_POINT('',#2084);
#2087=VERTEX_POINT('',#2085);
#2088=VERTEX_POINT('',#1289);
#2089=CARTESIAN_POINT('',(-6.189249166386E-1,1.499672364320E1,
1.249967236432E2));
#2090=VERTEX_POINT('',#2089);
#2091=CARTESIAN_POINT('',(-8.748866352592E-1,1.5E1,1.125E2));
#2092=CARTESIAN_POINT('',(8.615951414101E-1,1.484807753012E1,1.125E2));
#2093=VERTEX_POINT('',#2091);
#2094=VERTEX_POINT('',#2092);
#2095=VERTEX_POINT('',#1336);
#2096=CARTESIAN_POINT('',(8.863269777110E1,-6.283359900237E-1,1.E2));
#2097=CARTESIAN_POINT('',(2.E1,-6.283359900237E-1,1.E2));
#2098=VERTEX_POINT('',#2096);
#2099=VERTEX_POINT('',#2097);
#2100=CARTESIAN_POINT('',(1.774167502588E1,1.187166400998E1,1.125E2));
#2101=CARTESIAN_POINT('',(1.75E1,1.187166400998E1,1.125E2));
#2102=VERTEX_POINT('',#2100);
#2103=VERTEX_POINT('',#2101);
#2104=CARTESIAN_POINT('',(2.E1,-6.283359900237E-1,5.E1));
#2105=CARTESIAN_POINT('',(8.863269777110E1,-6.283359900237E-1,5.E1));
#2106=VERTEX_POINT('',#2104);
#2107=VERTEX_POINT('',#2105);
#2108=CARTESIAN_POINT('',(1.75E1,1.187166400998E1,3.75E1));
#2109=CARTESIAN_POINT('',(1.774167502588E1,1.187166400998E1,3.75E1));
#2110=VERTEX_POINT('',#2108);
#2111=VERTEX_POINT('',#2109);
#2112=VERTEX_POINT('',#1108);
#2113=CARTESIAN_POINT('',(2.E1,4.371664009976E0,4.E1));
#2114=VERTEX_POINT('',#2113);
#2115=CARTESIAN_POINT('',(0.E0,0.E0,1.5E2));
#2116=DIRECTION('',(0.E0,0.E0,1.E0));
#2117=DIRECTION('',(1.E0,0.E0,0.E0));
#2118=AXIS2_PLACEMENT_3D('',#2115,#2116,#2117);
#2119=PLANE('',#2118);
#2121=ORIENTED_EDGE('',*,*,#2120,.F.);
#2123=ORIENTED_EDGE('',*,*,#2122,.F.);
#2125=ORIENTED_EDGE('',*,*,#2124,.T.);
#2127=ORIENTED_EDGE('',*,*,#2126,.F.);
#2129=ORIENTED_EDGE('',*,*,#2128,.F.);
#2131=ORIENTED_EDGE('',*,*,#2130,.F.);
#2133=ORIENTED_EDGE('',*,*,#2132,.F.);
#2135=ORIENTED_EDGE('',*,*,#2134,.F.);
#2137=ORIENTED_EDGE('',*,*,#2136,.F.);
#2139=ORIENTED_EDGE('',*,*,#2138,.F.);
#2141=ORIENTED_EDGE('',*,*,#2140,.F.);
#2143=ORIENTED_EDGE('',*,*,#2142,.F.);
#2145=ORIENTED_EDGE('',*,*,#2144,.T.);
#2147=ORIENTED_EDGE('',*,*,#2146,.T.);
#2149=ORIENTED_EDGE('',*,*,#2148,.F.);
#2151=ORIENTED_EDGE('',*,*,#2150,.T.);
#2153=ORIENTED_EDGE('',*,*,#2152,.F.);
#2155=ORIENTED_EDGE('',*,*,#2154,.T.);
#2157=ORIENTED_EDGE('',*,*,#2156,.F.);
#2159=ORIENTED_EDGE('',*,*,#2158,.F.);
#2161=ORIENTED_EDGE('',*,*,#2160,.F.);
#2163=ORIENTED_EDGE('',*,*,#2162,.F.);
#2164=EDGE_LOOP('',(#2121,#2123,#2125,#2127,#2129,#2131,#2133,#2135,#2137,#2139,
#2141,#2143,#2145,#2147,#2149,#2151,#2153,#2155,#2157,#2159,#2161,#2163));
#2165=FACE_OUTER_BOUND('',#2164,.F.);
#2166=ADVANCED_FACE('',(#2165),#2119,.T.);
#2167=FILL_AREA_STYLE_COLOUR('',#7);
#2168=FILL_AREA_STYLE('',(#2167));
#2169=SURFACE_STYLE_FILL_AREA(#2168);
#2170=SURFACE_SIDE_STYLE('',(#2169));
#2171=SURFACE_STYLE_USAGE(.POSITIVE.,#2170);
#2172=FILL_AREA_STYLE_COLOUR('',#574);
#2173=FILL_AREA_STYLE('',(#2172));
#2174=SURFACE_STYLE_FILL_AREA(#2173);
#2175=SURFACE_SIDE_STYLE('',(#2174));
#2176=SURFACE_STYLE_USAGE(.NEGATIVE.,#2175);
#2177=PRESENTATION_STYLE_ASSIGNMENT((#2171,#2176));
#2178=OVER_RIDING_STYLED_ITEM('',(#2177),#2166,#575);
#2179=CARTESIAN_POINT('',(1.481998716081E2,-6.388697329915E1,1.5E2));
#2180=DIRECTION('',(8.660254037844E-1,-5.E-1,0.E0));
#2181=DIRECTION('',(5.E-1,8.660254037844E-1,0.E0));
#2182=AXIS2_PLACEMENT_3D('',#2179,#2180,#2181);
#2183=PLANE('',#2182);
#2185=ORIENTED_EDGE('',*,*,#2184,.T.);
#2186=ORIENTED_EDGE('',*,*,#2120,.T.);
#2188=ORIENTED_EDGE('',*,*,#2187,.T.);
#2190=ORIENTED_EDGE('',*,*,#2189,.F.);
#2191=EDGE_LOOP('',(#2185,#2186,#2188,#2190));
#2192=FACE_OUTER_BOUND('',#2191,.F.);
#2193=ADVANCED_FACE('',(#2192),#2183,.T.);
#2194=FILL_AREA_STYLE_COLOUR('',#7);
#2195=FILL_AREA_STYLE('',(#2194));
#2196=SURFACE_STYLE_FILL_AREA(#2195);
#2197=SURFACE_SIDE_STYLE('',(#2196));
#2198=SURFACE_STYLE_USAGE(.POSITIVE.,#2197);
#2199=FILL_AREA_STYLE_COLOUR('',#574);
#2200=FILL_AREA_STYLE('',(#2199));
#2201=SURFACE_STYLE_FILL_AREA(#2200);
#2202=SURFACE_SIDE_STYLE('',(#2201));
#2203=SURFACE_STYLE_USAGE(.NEGATIVE.,#2202);
#2204=PRESENTATION_STYLE_ASSIGNMENT((#2198,#2203));
#2205=OVER_RIDING_STYLED_ITEM('',(#2204),#2193,#575);
#2206=CARTESIAN_POINT('',(1.601525938912E2,-6.068425101604E1,1.3375E2));
#2207=DIRECTION('',(9.659258262891E-1,2.588190451025E-1,0.E0));
#2208=DIRECTION('',(-2.588190451025E-1,9.659258262891E-1,0.E0));
#2209=AXIS2_PLACEMENT_3D('',#2206,#2207,#2208);
#2210=PLANE('',#2209);
#2211=ORIENTED_EDGE('',*,*,#2184,.F.);
#2213=ORIENTED_EDGE('',*,*,#2212,.T.);
#2215=ORIENTED_EDGE('',*,*,#2214,.T.);
#2217=ORIENTED_EDGE('',*,*,#2216,.T.);
#2219=ORIENTED_EDGE('',*,*,#2218,.T.);
#2220=ORIENTED_EDGE('',*,*,#2122,.T.);
#2221=EDGE_LOOP('',(#2211,#2213,#2215,#2217,#2219,#2220));
#2222=FACE_OUTER_BOUND('',#2221,.F.);
#2223=ADVANCED_FACE('',(#2222),#2210,.T.);
#2224=FILL_AREA_STYLE_COLOUR('',#7);
#2225=FILL_AREA_STYLE('',(#2224));
#2226=SURFACE_STYLE_FILL_AREA(#2225);
#2227=SURFACE_SIDE_STYLE('',(#2226));
#2228=SURFACE_STYLE_USAGE(.POSITIVE.,#2227);
#2229=FILL_AREA_STYLE_COLOUR('',#574);
#2230=FILL_AREA_STYLE('',(#2229));
#2231=SURFACE_STYLE_FILL_AREA(#2230);
#2232=SURFACE_SIDE_STYLE('',(#2231));
#2233=SURFACE_STYLE_USAGE(.NEGATIVE.,#2232);
#2234=PRESENTATION_STYLE_ASSIGNMENT((#2228,#2233));
#2235=OVER_RIDING_STYLED_ITEM('',(#2234),#2223,#575);
#2236=CARTESIAN_POINT('',(0.E0,0.E0,1.25E2));
#2237=DIRECTION('',(0.E0,0.E0,1.E0));
#2238=DIRECTION('',(1.E0,0.E0,0.E0));
#2239=AXIS2_PLACEMENT_3D('',#2236,#2237,#2238);
#2240=PLANE('',#2239);
#2242=ORIENTED_EDGE('',*,*,#2241,.F.);
#2243=ORIENTED_EDGE('',*,*,#2212,.F.);
#2244=ORIENTED_EDGE('',*,*,#2189,.T.);
#2246=ORIENTED_EDGE('',*,*,#2245,.T.);
#2248=ORIENTED_EDGE('',*,*,#2247,.F.);
#2249=EDGE_LOOP('',(#2242,#2243,#2244,#2246,#2248));
#2250=FACE_OUTER_BOUND('',#2249,.F.);
#2251=ADVANCED_FACE('',(#2250),#2240,.F.);
#2252=FILL_AREA_STYLE_COLOUR('',#7);
#2253=FILL_AREA_STYLE('',(#2252));
#2254=SURFACE_STYLE_FILL_AREA(#2253);
#2255=SURFACE_SIDE_STYLE('',(#2254));
#2256=SURFACE_STYLE_USAGE(.POSITIVE.,#2255);
#2257=FILL_AREA_STYLE_COLOUR('',#574);
#2258=FILL_AREA_STYLE('',(#2257));
#2259=SURFACE_STYLE_FILL_AREA(#2258);
#2260=SURFACE_SIDE_STYLE('',(#2259));
#2261=SURFACE_STYLE_USAGE(.NEGATIVE.,#2260);
#2262=PRESENTATION_STYLE_ASSIGNMENT((#2256,#2261));
#2263=OVER_RIDING_STYLED_ITEM('',(#2262),#2251,#575);
#2264=CARTESIAN_POINT('',(4.154133063391E2,-2.066157163884E2,1.15E2));
#2265=DIRECTION('',(-8.660254037844E-1,5.E-1,0.E0));
#2266=DIRECTION('',(-5.E-1,-8.660254037844E-1,0.E0));
#2267=AXIS2_PLACEMENT_3D('',#2264,#2265,#2266);
#2268=CYLINDRICAL_SURFACE('',#2267,1.E1);
#2270=ORIENTED_EDGE('',*,*,#2269,.T.);
#2271=ORIENTED_EDGE('',*,*,#2214,.F.);
#2272=ORIENTED_EDGE('',*,*,#2241,.T.);
#2274=ORIENTED_EDGE('',*,*,#2273,.T.);
#2275=EDGE_LOOP('',(#2270,#2271,#2272,#2274));
#2276=FACE_OUTER_BOUND('',#2275,.F.);
#2277=ADVANCED_FACE('',(#2276),#2268,.F.);
#2278=FILL_AREA_STYLE_COLOUR('',#7);
#2279=FILL_AREA_STYLE('',(#2278));
#2280=SURFACE_STYLE_FILL_AREA(#2279);
#2281=SURFACE_SIDE_STYLE('',(#2280));
#2282=SURFACE_STYLE_USAGE(.POSITIVE.,#2281);
#2283=FILL_AREA_STYLE_COLOUR('',#574);
#2284=FILL_AREA_STYLE('',(#2283));
#2285=SURFACE_STYLE_FILL_AREA(#2284);
#2286=SURFACE_SIDE_STYLE('',(#2285));
#2287=SURFACE_STYLE_USAGE(.NEGATIVE.,#2286);
#2288=PRESENTATION_STYLE_ASSIGNMENT((#2282,#2287));
#2289=OVER_RIDING_STYLED_ITEM('',(#2288),#2277,#575);
#2290=CARTESIAN_POINT('',(1.330444270419E2,-5.513697329915E1,0.E0));
#2291=DIRECTION('',(5.E-1,8.660254037844E-1,0.E0));
#2292=DIRECTION('',(0.E0,0.E0,1.E0));
#2293=AXIS2_PLACEMENT_3D('',#2290,#2291,#2292);
#2294=PLANE('',#2293);
#2295=ORIENTED_EDGE('',*,*,#2269,.F.);
#2297=ORIENTED_EDGE('',*,*,#2296,.F.);
#2299=ORIENTED_EDGE('',*,*,#2298,.T.);
#2301=ORIENTED_EDGE('',*,*,#2300,.F.);
#2303=ORIENTED_EDGE('',*,*,#2302,.T.);
#2304=EDGE_LOOP('',(#2295,#2297,#2299,#2301,#2303));
#2305=FACE_OUTER_BOUND('',#2304,.F.);
#2306=ADVANCED_FACE('',(#2305),#2294,.T.);
#2307=FILL_AREA_STYLE_COLOUR('',#7);
#2308=FILL_AREA_STYLE('',(#2307));
#2309=SURFACE_STYLE_FILL_AREA(#2308);
#2310=SURFACE_SIDE_STYLE('',(#2309));
#2311=SURFACE_STYLE_USAGE(.POSITIVE.,#2310);
#2312=FILL_AREA_STYLE_COLOUR('',#574);
#2313=FILL_AREA_STYLE('',(#2312));
#2314=SURFACE_STYLE_FILL_AREA(#2313);
#2315=SURFACE_SIDE_STYLE('',(#2314));
#2316=SURFACE_STYLE_USAGE(.NEGATIVE.,#2315);
#2317=PRESENTATION_STYLE_ASSIGNMENT((#2311,#2316));
#2318=OVER_RIDING_STYLED_ITEM('',(#2317),#2306,#575);
#2319=CARTESIAN_POINT('',(1.467046810797E2,-5.147671926131E1,-1.9554E2));
#2320=DIRECTION('',(0.E0,0.E0,1.E0));
#2321=DIRECTION('',(-8.660254037844E-1,5.E-1,0.E0));
#2322=AXIS2_PLACEMENT_3D('',#2319,#2320,#2321);
#2323=CYLINDRICAL_SURFACE('',#2322,1.E1);
#2325=ORIENTED_EDGE('',*,*,#2324,.F.);
#2327=ORIENTED_EDGE('',*,*,#2326,.T.);
#2328=ORIENTED_EDGE('',*,*,#2296,.T.);
#2330=ORIENTED_EDGE('',*,*,#2329,.T.);
#2331=EDGE_LOOP('',(#2325,#2327,#2328,#2330));
#2332=FACE_OUTER_BOUND('',#2331,.F.);
#2333=ADVANCED_FACE('',(#2332),#2323,.F.);
#2334=FILL_AREA_STYLE_COLOUR('',#7);
#2335=FILL_AREA_STYLE('',(#2334));
#2336=SURFACE_STYLE_FILL_AREA(#2335);
#2337=SURFACE_SIDE_STYLE('',(#2336));
#2338=SURFACE_STYLE_USAGE(.POSITIVE.,#2337);
#2339=FILL_AREA_STYLE_COLOUR('',#574);
#2340=FILL_AREA_STYLE('',(#2339));
#2341=SURFACE_STYLE_FILL_AREA(#2340);
#2342=SURFACE_SIDE_STYLE('',(#2341));
#2343=SURFACE_STYLE_USAGE(.NEGATIVE.,#2342);
#2344=PRESENTATION_STYLE_ASSIGNMENT((#2338,#2343));
#2345=OVER_RIDING_STYLED_ITEM('',(#2344),#2333,#575);
#2346=CARTESIAN_POINT('',(1.405444270419E2,-4.214659224238E1,0.E0));
#2347=DIRECTION('',(8.660254037844E-1,-5.E-1,0.E0));
#2348=DIRECTION('',(5.E-1,8.660254037844E-1,0.E0));
#2349=AXIS2_PLACEMENT_3D('',#2346,#2347,#2348);
#2350=PLANE('',#2349);
#2351=ORIENTED_EDGE('',*,*,#2324,.T.);
#2353=ORIENTED_EDGE('',*,*,#2352,.T.);
#2355=ORIENTED_EDGE('',*,*,#2354,.F.);
#2357=ORIENTED_EDGE('',*,*,#2356,.T.);
#2358=EDGE_LOOP('',(#2351,#2353,#2355,#2357));
#2359=FACE_OUTER_BOUND('',#2358,.F.);
#2360=ADVANCED_FACE('',(#2359),#2350,.T.);
#2361=FILL_AREA_STYLE_COLOUR('',#7);
#2362=FILL_AREA_STYLE('',(#2361));
#2363=SURFACE_STYLE_FILL_AREA(#2362);
#2364=SURFACE_SIDE_STYLE('',(#2363));
#2365=SURFACE_STYLE_USAGE(.POSITIVE.,#2364);
#2366=FILL_AREA_STYLE_COLOUR('',#574);
#2367=FILL_AREA_STYLE('',(#2366));
#2368=SURFACE_STYLE_FILL_AREA(#2367);
#2369=SURFACE_SIDE_STYLE('',(#2368));
#2370=SURFACE_STYLE_USAGE(.NEGATIVE.,#2369);
#2371=PRESENTATION_STYLE_ASSIGNMENT((#2365,#2370));
#2372=OVER_RIDING_STYLED_ITEM('',(#2371),#2360,#575);
#2373=CARTESIAN_POINT('',(1.405444270419E2,-4.214659224238E1,0.E0));
#2374=DIRECTION('',(8.660254037844E-1,-5.E-1,0.E0));
#2375=DIRECTION('',(5.E-1,8.660254037844E-1,0.E0));
#2376=AXIS2_PLACEMENT_3D('',#2373,#2374,#2375);
#2377=PLANE('',#2376);
#2379=ORIENTED_EDGE('',*,*,#2378,.F.);
#2381=ORIENTED_EDGE('',*,*,#2380,.F.);
#2383=ORIENTED_EDGE('',*,*,#2382,.T.);
#2384=ORIENTED_EDGE('',*,*,#2158,.T.);
#2385=EDGE_LOOP('',(#2379,#2381,#2383,#2384));
#2386=FACE_OUTER_BOUND('',#2385,.F.);
#2387=ADVANCED_FACE('',(#2386),#2377,.T.);
#2388=FILL_AREA_STYLE_COLOUR('',#7);
#2389=FILL_AREA_STYLE('',(#2388));
#2390=SURFACE_STYLE_FILL_AREA(#2389);
#2391=SURFACE_SIDE_STYLE('',(#2390));
#2392=SURFACE_STYLE_USAGE(.POSITIVE.,#2391);
#2393=FILL_AREA_STYLE_COLOUR('',#574);
#2394=FILL_AREA_STYLE('',(#2393));
#2395=SURFACE_STYLE_FILL_AREA(#2394);
#2396=SURFACE_SIDE_STYLE('',(#2395));
#2397=SURFACE_STYLE_USAGE(.NEGATIVE.,#2396);
#2398=PRESENTATION_STYLE_ASSIGNMENT((#2392,#2397));
#2399=OVER_RIDING_STYLED_ITEM('',(#2398),#2387,#575);
#2400=CARTESIAN_POINT('',(4.483082595931E1,-2.229274122927E2,1.175E2));
#2401=DIRECTION('',(5.E-1,8.660254037844E-1,0.E0));
#2402=DIRECTION('',(-8.660254037844E-1,5.E-1,0.E0));
#2403=AXIS2_PLACEMENT_3D('',#2400,#2401,#2402);
#2404=CYLINDRICAL_SURFACE('',#2403,7.5E0);
#2405=ORIENTED_EDGE('',*,*,#2352,.F.);
#2407=ORIENTED_EDGE('',*,*,#2406,.F.);
#2408=ORIENTED_EDGE('',*,*,#2247,.T.);
#2410=ORIENTED_EDGE('',*,*,#2409,.T.);
#2411=EDGE_LOOP('',(#2405,#2407,#2408,#2410));
#2412=FACE_OUTER_BOUND('',#2411,.F.);
#2413=ADVANCED_FACE('',(#2412),#2404,.F.);
#2414=FILL_AREA_STYLE_COLOUR('',#7);
#2415=FILL_AREA_STYLE('',(#2414));
#2416=SURFACE_STYLE_FILL_AREA(#2415);
#2417=SURFACE_SIDE_STYLE('',(#2416));
#2418=SURFACE_STYLE_USAGE(.POSITIVE.,#2417);
#2419=FILL_AREA_STYLE_COLOUR('',#574);
#2420=FILL_AREA_STYLE('',(#2419));
#2421=SURFACE_STYLE_FILL_AREA(#2420);
#2422=SURFACE_SIDE_STYLE('',(#2421));
#2423=SURFACE_STYLE_USAGE(.NEGATIVE.,#2422);
#2424=PRESENTATION_STYLE_ASSIGNMENT((#2418,#2423));
#2425=OVER_RIDING_STYLED_ITEM('',(#2424),#2413,#575);
#2426=CARTESIAN_POINT('',(1.449521793910E2,-5.016883337291E1,1.249895391757E2));
#2427=CARTESIAN_POINT('',(1.446059650991E2,-5.076033069806E1,1.250069905162E2));
#2428=CARTESIAN_POINT('',(1.439149327908E2,-5.200817815368E1,1.248969958452E2));
#2429=CARTESIAN_POINT('',(1.429969996050E2,-5.389206736821E1,1.242717291875E2));
#2430=CARTESIAN_POINT('',(1.422447062837E2,-5.572826339350E1,1.231639070299E2));
#2431=CARTESIAN_POINT('',(1.417252525607E2,-5.738462855902E1,1.216192534231E2));
#2432=CARTESIAN_POINT('',(1.414784560636E2,-5.875839609554E1,1.197078740003E2));
#2433=CARTESIAN_POINT('',(1.415261248026E2,-5.975805173264E1,1.175349682468E2));
#2434=CARTESIAN_POINT('',(1.417631050380E2,-6.015443891349E1,1.159200689034E2));
#2435=CARTESIAN_POINT('',(1.419445148979E2,-6.027072526843E1,1.150600279685E2));
#2436=CARTESIAN_POINT('',(1.419631951306E2,-6.028142015581E1,1.149740460445E2));
#2437=CARTESIAN_POINT('',(1.409488588920E2,-4.770734879822E1,1.251916123333E2));
#2438=CARTESIAN_POINT('',(1.404217994675E2,-4.859508455899E1,1.252271129168E2));
#2439=CARTESIAN_POINT('',(1.394145861605E2,-5.050740960415E1,1.249985175580E2));
#2440=CARTESIAN_POINT('',(1.383286742342E2,-5.324083625282E1,1.237843580167E2));
#2441=CARTESIAN_POINT('',(1.376952997520E2,-5.556344627417E1,1.218744534972E2));
#2442=CARTESIAN_POINT('',(1.374840266184E2,-5.730201631493E1,1.195313255160E2));
#2443=CARTESIAN_POINT('',(1.376470824613E2,-5.842013733072E1,1.169606741975E2));
#2444=CARTESIAN_POINT('',(1.381376872839E2,-5.892163510412E1,1.143485173957E2));
#2445=CARTESIAN_POINT('',(1.386699454645E2,-5.887027837060E1,1.126067916026E2));
#2446=CARTESIAN_POINT('',(1.389922890805E2,-5.873758985135E1,1.117339642300E2));
#2447=CARTESIAN_POINT('',(1.390248729087E2,-5.872328924406E1,1.116472323563E2));
#2448=CARTESIAN_POINT('',(1.380692557610E2,-4.604486177943E1,1.218643899101E2));
#2449=CARTESIAN_POINT('',(1.375372642183E2,-4.692911147101E1,1.219061754665E2));
#2450=CARTESIAN_POINT('',(1.365624975510E2,-4.886793400968E1,1.216346593338E2));
#2451=CARTESIAN_POINT('',(1.357301907408E2,-5.155747435894E1,1.202348251744E2));
#2452=CARTESIAN_POINT('',(1.355264221952E2,-5.362605796431E1,1.181609035169E2));
#2453=CARTESIAN_POINT('',(1.358261325506E2,-5.491557680565E1,1.158077613978E2));
#2454=CARTESIAN_POINT('',(1.365018874666E2,-5.546718771255E1,1.134494745027E2));
#2455=CARTESIAN_POINT('',(1.374441353501E2,-5.537683655302E1,1.112908161432E2));
#2456=CARTESIAN_POINT('',(1.382179084102E2,-5.495224541749E1,1.100225965951E2));
#2457=CARTESIAN_POINT('',(1.386382810571E2,-5.464631832566E1,1.094393757171E2));
#2458=CARTESIAN_POINT('',(1.386803465568E2,-5.461494822033E1,1.093819582284E2));
#2459=CARTESIAN_POINT('',(1.381818427896E2,-4.626010143983E1,1.171667890509E2));
#2460=CARTESIAN_POINT('',(1.378240324204E2,-4.684340254460E1,1.171990172127E2));
#2461=CARTESIAN_POINT('',(1.372092865524E2,-4.815354919285E1,1.169881099950E2));
#2462=CARTESIAN_POINT('',(1.368876133101E2,-4.993425577921E1,1.159262971864E2));
#2463=CARTESIAN_POINT('',(1.371453816760E2,-5.117320132806E1,1.144328485441E2));
#2464=CARTESIAN_POINT('',(1.378273192770E2,-5.177378636245E1,1.128646503440E2));
#2465=CARTESIAN_POINT('',(1.387859476743E2,-5.181561197822E1,1.114525684156E2));
#2466=CARTESIAN_POINT('',(1.398954903616E2,-5.142375069062E1,1.103458988631E2));
#2467=CARTESIAN_POINT('',(1.407003047580E2,-5.094261328984E1,1.098442767721E2));
#2468=CARTESIAN_POINT('',(1.411121941338E2,-5.065159231964E1,1.096651398930E2));
#2469=CARTESIAN_POINT('',(1.411531670591E2,-5.062215450747E1,1.096480800545E2));
#2470=(BOUNDED_SURFACE()B_SPLINE_SURFACE(3,3,((#2426,#2427,#2428,#2429,#2430,
#2431,#2432,#2433,#2434,#2435,#2436),(#2437,#2438,#2439,#2440,#2441,#2442,#2443,
#2444,#2445,#2446,#2447),(#2448,#2449,#2450,#2451,#2452,#2453,#2454,#2455,#2456,
#2457,#2458),(#2459,#2460,#2461,#2462,#2463,#2464,#2465,#2466,#2467,#2468,
#2469)),.UNSPECIFIED.,.F.,.F.,.F.)B_SPLINE_SURFACE_WITH_KNOTS((4,4),(4,1,1,1,1,
1,1,1,4),(0.E0,1.E0),(8.066738533003E-3,1.375323927450E-1,2.761053673658E-1,
4.165427457394E-1,5.596155207934E-1,7.059943967764E-1,8.534946437229E-1,1.E0,
1.016249516278E0),.UNSPECIFIED.)GEOMETRIC_REPRESENTATION_ITEM()RATIONAL_B_SPLINE_SURFACE(((1.193625332734E0,1.193625332734E0,1.193625332734E0,1.193625332734E0,
1.193625332734E0,1.193625332734E0,1.193625332734E0,1.193625332734E0,
1.193625332734E0,1.193625332734E0,1.193625332734E0),(9.354582224221E-1,
9.354582224221E-1,9.354582224221E-1,9.354582224221E-1,9.354582224221E-1,
9.354582224221E-1,9.354582224221E-1,9.354582224221E-1,9.354582224221E-1,
9.354582224221E-1,9.354582224221E-1),(9.354582224221E-1,9.354582224221E-1,
9.354582224221E-1,9.354582224221E-1,9.354582224221E-1,9.354582224221E-1,
9.354582224221E-1,9.354582224221E-1,9.354582224221E-1,9.354582224221E-1,
9.354582224221E-1),(1.193625332734E0,1.193625332734E0,1.193625332734E0,
1.193625332734E0,1.193625332734E0,1.193625332734E0,1.193625332734E0,
1.193625332734E0,1.193625332734E0,1.193625332734E0,1.193625332734E0)))REPRESENTATION_ITEM('')SURFACE());
#2471=ORIENTED_EDGE('',*,*,#2406,.T.);
#2472=ORIENTED_EDGE('',*,*,#2329,.F.);
#2473=ORIENTED_EDGE('',*,*,#2273,.F.);
#2474=EDGE_LOOP('',(#2471,#2472,#2473));
#2475=FACE_OUTER_BOUND('',#2474,.F.);
#2476=ADVANCED_FACE('',(#2475),#2470,.F.);
#2477=FILL_AREA_STYLE_COLOUR('',#7);
#2478=FILL_AREA_STYLE('',(#2477));
#2479=SURFACE_STYLE_FILL_AREA(#2478);
#2480=SURFACE_SIDE_STYLE('',(#2479));
#2481=SURFACE_STYLE_USAGE(.POSITIVE.,#2480);
#2482=FILL_AREA_STYLE_COLOUR('',#574);
#2483=FILL_AREA_STYLE('',(#2482));
#2484=SURFACE_STYLE_FILL_AREA(#2483);
#2485=SURFACE_SIDE_STYLE('',(#2484));
#2486=SURFACE_STYLE_USAGE(.NEGATIVE.,#2485);
#2487=PRESENTATION_STYLE_ASSIGNMENT((#2481,#2486));
#2488=OVER_RIDING_STYLED_ITEM('',(#2487),#2476,#575);
#2489=CARTESIAN_POINT('',(1.455444270419E2,-3.348633820454E1,0.E0));
#2490=DIRECTION('',(5.E-1,8.660254037844E-1,0.E0));
#2491=DIRECTION('',(-8.660254037844E-1,5.E-1,0.E0));
#2492=AXIS2_PLACEMENT_3D('',#2489,#2490,#2491);
#2493=PLANE('',#2492);
#2495=ORIENTED_EDGE('',*,*,#2494,.F.);
#2497=ORIENTED_EDGE('',*,*,#2496,.F.);
#2498=ORIENTED_EDGE('',*,*,#2354,.T.);
#2499=ORIENTED_EDGE('',*,*,#2409,.F.);
#2500=ORIENTED_EDGE('',*,*,#2245,.F.);
#2501=ORIENTED_EDGE('',*,*,#2187,.F.);
#2502=ORIENTED_EDGE('',*,*,#2162,.T.);
#2504=ORIENTED_EDGE('',*,*,#2503,.F.);
#2506=ORIENTED_EDGE('',*,*,#2505,.F.);
#2508=ORIENTED_EDGE('',*,*,#2507,.F.);
#2510=ORIENTED_EDGE('',*,*,#2509,.F.);
#2511=EDGE_LOOP('',(#2495,#2497,#2498,#2499,#2500,#2501,#2502,#2504,#2506,#2508,
#2510));
#2512=FACE_OUTER_BOUND('',#2511,.F.);
#2513=ADVANCED_FACE('',(#2512),#2493,.T.);
#2514=FILL_AREA_STYLE_COLOUR('',#7);
#2515=FILL_AREA_STYLE('',(#2514));
#2516=SURFACE_STYLE_FILL_AREA(#2515);
#2517=SURFACE_SIDE_STYLE('',(#2516));
#2518=SURFACE_STYLE_USAGE(.POSITIVE.,#2517);
#2519=FILL_AREA_STYLE_COLOUR('',#574);
#2520=FILL_AREA_STYLE('',(#2519));
#2521=SURFACE_STYLE_FILL_AREA(#2520);
#2522=SURFACE_SIDE_STYLE('',(#2521));
#2523=SURFACE_STYLE_USAGE(.NEGATIVE.,#2522);
#2524=PRESENTATION_STYLE_ASSIGNMENT((#2518,#2523));
#2525=OVER_RIDING_STYLED_ITEM('',(#2524),#2513,#575);
#2526=CARTESIAN_POINT('',(8.863269777110E1,-6.283359900237E-1,0.E0));
#2527=DIRECTION('',(1.736481776669E-1,9.848077530122E-1,0.E0));
#2528=DIRECTION('',(-9.848077530122E-1,1.736481776669E-1,0.E0));
#2529=AXIS2_PLACEMENT_3D('',#2526,#2527,#2528);
#2530=PLANE('',#2529);
#2532=ORIENTED_EDGE('',*,*,#2531,.F.);
#2533=ORIENTED_EDGE('',*,*,#2494,.T.);
#2535=ORIENTED_EDGE('',*,*,#2534,.F.);
#2537=ORIENTED_EDGE('',*,*,#2536,.F.);
#2539=ORIENTED_EDGE('',*,*,#2538,.T.);
#2540=EDGE_LOOP('',(#2532,#2533,#2535,#2537,#2539));
#2541=FACE_OUTER_BOUND('',#2540,.F.);
#2542=ADVANCED_FACE('',(#2541),#2530,.T.);
#2543=FILL_AREA_STYLE_COLOUR('',#7);
#2544=FILL_AREA_STYLE('',(#2543));
#2545=SURFACE_STYLE_FILL_AREA(#2544);
#2546=SURFACE_SIDE_STYLE('',(#2545));
#2547=SURFACE_STYLE_USAGE(.POSITIVE.,#2546);
#2548=FILL_AREA_STYLE_COLOUR('',#574);
#2549=FILL_AREA_STYLE('',(#2548));
#2550=SURFACE_STYLE_FILL_AREA(#2549);
#2551=SURFACE_SIDE_STYLE('',(#2550));
#2552=SURFACE_STYLE_USAGE(.NEGATIVE.,#2551);
#2553=PRESENTATION_STYLE_ASSIGNMENT((#2547,#2552));
#2554=OVER_RIDING_STYLED_ITEM('',(#2553),#2542,#575);
#2555=CARTESIAN_POINT('',(8.863269777110E1,-6.283359900237E-1,0.E0));
#2556=DIRECTION('',(1.736481776669E-1,9.848077530122E-1,0.E0));
#2557=DIRECTION('',(-9.848077530122E-1,1.736481776669E-1,0.E0));
#2558=AXIS2_PLACEMENT_3D('',#2555,#2556,#2557);
#2559=PLANE('',#2558);
#2561=ORIENTED_EDGE('',*,*,#2560,.T.);
#2563=ORIENTED_EDGE('',*,*,#2562,.T.);
#2565=ORIENTED_EDGE('',*,*,#2564,.F.);
#2567=ORIENTED_EDGE('',*,*,#2566,.F.);
#2568=ORIENTED_EDGE('',*,*,#2507,.T.);
#2569=EDGE_LOOP('',(#2561,#2563,#2565,#2567,#2568));
#2570=FACE_OUTER_BOUND('',#2569,.F.);
#2571=ADVANCED_FACE('',(#2570),#2559,.T.);
#2572=FILL_AREA_STYLE_COLOUR('',#7);
#2573=FILL_AREA_STYLE('',(#2572));
#2574=SURFACE_STYLE_FILL_AREA(#2573);
#2575=SURFACE_SIDE_STYLE('',(#2574));
#2576=SURFACE_STYLE_USAGE(.POSITIVE.,#2575);
#2577=FILL_AREA_STYLE_COLOUR('',#574);
#2578=FILL_AREA_STYLE('',(#2577));
#2579=SURFACE_STYLE_FILL_AREA(#2578);
#2580=SURFACE_SIDE_STYLE('',(#2579));
#2581=SURFACE_STYLE_USAGE(.NEGATIVE.,#2580);
#2582=PRESENTATION_STYLE_ASSIGNMENT((#2576,#2581));
#2583=OVER_RIDING_STYLED_ITEM('',(#2582),#2571,#575);
#2584=CARTESIAN_POINT('',(0.E0,0.E0,0.E0));
#2585=DIRECTION('',(0.E0,0.E0,1.E0));
#2586=DIRECTION('',(1.E0,0.E0,0.E0));
#2587=AXIS2_PLACEMENT_3D('',#2584,#2585,#2586);
#2588=PLANE('',#2587);
#2589=ORIENTED_EDGE('',*,*,#2531,.T.);
#2591=ORIENTED_EDGE('',*,*,#2590,.F.);
#2593=ORIENTED_EDGE('',*,*,#2592,.T.);
#2595=ORIENTED_EDGE('',*,*,#2594,.T.);
#2597=ORIENTED_EDGE('',*,*,#2596,.F.);
#2599=ORIENTED_EDGE('',*,*,#2598,.T.);
#2601=ORIENTED_EDGE('',*,*,#2600,.F.);
#2603=ORIENTED_EDGE('',*,*,#2602,.T.);
#2604=ORIENTED_EDGE('',*,*,#2298,.F.);
#2605=ORIENTED_EDGE('',*,*,#2326,.F.);
#2606=ORIENTED_EDGE('',*,*,#2356,.F.);
#2607=ORIENTED_EDGE('',*,*,#2496,.T.);
#2608=EDGE_LOOP('',(#2589,#2591,#2593,#2595,#2597,#2599,#2601,#2603,#2604,#2605,
#2606,#2607));
#2609=FACE_OUTER_BOUND('',#2608,.F.);
#2610=ADVANCED_FACE('',(#2609),#2588,.F.);
#2611=FILL_AREA_STYLE_COLOUR('',#7);
#2612=FILL_AREA_STYLE('',(#2611));
#2613=SURFACE_STYLE_FILL_AREA(#2612);
#2614=SURFACE_SIDE_STYLE('',(#2613));
#2615=SURFACE_STYLE_USAGE(.POSITIVE.,#2614);
#2616=FILL_AREA_STYLE_COLOUR('',#574);
#2617=FILL_AREA_STYLE('',(#2616));
#2618=SURFACE_STYLE_FILL_AREA(#2617);
#2619=SURFACE_SIDE_STYLE('',(#2618));
#2620=SURFACE_STYLE_USAGE(.NEGATIVE.,#2619);
#2621=PRESENTATION_STYLE_ASSIGNMENT((#2615,#2620));
#2622=OVER_RIDING_STYLED_ITEM('',(#2621),#2610,#575);
#2623=CARTESIAN_POINT('',(-8.748866352592E-1,5.E0,3.4554E2));
#2624=DIRECTION('',(0.E0,0.E0,-1.E0));
#2625=DIRECTION('',(0.E0,1.E0,0.E0));
#2626=AXIS2_PLACEMENT_3D('',#2623,#2624,#2625);
#2627=CYLINDRICAL_SURFACE('',#2626,1.E1);
#2628=ORIENTED_EDGE('',*,*,#2590,.T.);
#2629=ORIENTED_EDGE('',*,*,#2538,.F.);
#2631=ORIENTED_EDGE('',*,*,#2630,.T.);
#2633=ORIENTED_EDGE('',*,*,#2632,.T.);
#2634=EDGE_LOOP('',(#2628,#2629,#2631,#2633));
#2635=FACE_OUTER_BOUND('',#2634,.F.);
#2636=ADVANCED_FACE('',(#2635),#2627,.T.);
#2637=FILL_AREA_STYLE_COLOUR('',#7);
#2638=FILL_AREA_STYLE('',(#2637));
#2639=SURFACE_STYLE_FILL_AREA(#2638);
#2640=SURFACE_SIDE_STYLE('',(#2639));
#2641=SURFACE_STYLE_USAGE(.POSITIVE.,#2640);
#2642=FILL_AREA_STYLE_COLOUR('',#574);
#2643=FILL_AREA_STYLE('',(#2642));
#2644=SURFACE_STYLE_FILL_AREA(#2643);
#2645=SURFACE_SIDE_STYLE('',(#2644));
#2646=SURFACE_STYLE_USAGE(.NEGATIVE.,#2645);
#2647=PRESENTATION_STYLE_ASSIGNMENT((#2641,#2646));
#2648=OVER_RIDING_STYLED_ITEM('',(#2647),#2636,#575);
#2649=CARTESIAN_POINT('',(0.E0,0.E0,3.75E1));
#2650=DIRECTION('',(0.E0,0.E0,1.E0));
#2651=DIRECTION('',(-1.E0,0.E0,0.E0));
#2652=AXIS2_PLACEMENT_3D('',#2649,#2650,#2651);
#2653=PLANE('',#2652);
#2654=ORIENTED_EDGE('',*,*,#2630,.F.);
#2655=ORIENTED_EDGE('',*,*,#2536,.T.);
#2657=ORIENTED_EDGE('',*,*,#2656,.F.);
#2659=ORIENTED_EDGE('',*,*,#2658,.F.);
#2661=ORIENTED_EDGE('',*,*,#2660,.F.);
#2663=ORIENTED_EDGE('',*,*,#2662,.T.);
#2665=ORIENTED_EDGE('',*,*,#2664,.F.);
#2667=ORIENTED_EDGE('',*,*,#2666,.F.);
#2668=EDGE_LOOP('',(#2654,#2655,#2657,#2659,#2661,#2663,#2665,#2667));
#2669=FACE_OUTER_BOUND('',#2668,.F.);
#2670=ADVANCED_FACE('',(#2669),#2653,.T.);
#2671=CARTESIAN_POINT('',(-2.885759901648E2,1.187166400998E1,5.E1));
#2672=DIRECTION('',(1.E0,0.E0,0.E0));
#2673=DIRECTION('',(0.E0,-1.E0,0.E0));
#2674=AXIS2_PLACEMENT_3D('',#2671,#2672,#2673);
#2675=CYLINDRICAL_SURFACE('',#2674,1.25E1);
#2677=ORIENTED_EDGE('',*,*,#2676,.F.);
#2679=ORIENTED_EDGE('',*,*,#2678,.T.);
#2681=ORIENTED_EDGE('',*,*,#2680,.T.);
#2682=ORIENTED_EDGE('',*,*,#2656,.T.);
#2683=ORIENTED_EDGE('',*,*,#2534,.T.);
#2684=EDGE_LOOP('',(#2677,#2679,#2681,#2682,#2683));
#2685=FACE_OUTER_BOUND('',#2684,.F.);
#2686=ADVANCED_FACE('',(#2685),#2675,.F.);
#2687=FILL_AREA_STYLE_COLOUR('',#7);
#2688=FILL_AREA_STYLE('',(#2687));
#2689=SURFACE_STYLE_FILL_AREA(#2688);
#2690=SURFACE_SIDE_STYLE('',(#2689));
#2691=SURFACE_STYLE_USAGE(.POSITIVE.,#2690);
#2692=FILL_AREA_STYLE_COLOUR('',#574);
#2693=FILL_AREA_STYLE('',(#2692));
#2694=SURFACE_STYLE_FILL_AREA(#2693);
#2695=SURFACE_SIDE_STYLE('',(#2694));
#2696=SURFACE_STYLE_USAGE(.NEGATIVE.,#2695);
#2697=PRESENTATION_STYLE_ASSIGNMENT((#2691,#2696));
#2698=OVER_RIDING_STYLED_ITEM('',(#2697),#2686,#575);
#2699=CARTESIAN_POINT('',(3.563470476833E0,-6.283359900237E-1,3.75E1));
#2700=DIRECTION('',(0.E0,-1.E0,0.E0));
#2701=DIRECTION('',(1.E0,0.E0,0.E0));
#2702=AXIS2_PLACEMENT_3D('',#2699,#2700,#2701);
#2703=PLANE('',#2702);
#2705=ORIENTED_EDGE('',*,*,#2704,.T.);
#2707=ORIENTED_EDGE('',*,*,#2706,.T.);
#2708=ORIENTED_EDGE('',*,*,#2676,.T.);
#2709=ORIENTED_EDGE('',*,*,#2509,.T.);
#2710=EDGE_LOOP('',(#2705,#2707,#2708,#2709));
#2711=FACE_OUTER_BOUND('',#2710,.F.);
#2712=ADVANCED_FACE('',(#2711),#2703,.F.);
#2713=FILL_AREA_STYLE_COLOUR('',#7);
#2714=FILL_AREA_STYLE('',(#2713));
#2715=SURFACE_STYLE_FILL_AREA(#2714);
#2716=SURFACE_SIDE_STYLE('',(#2715));
#2717=SURFACE_STYLE_USAGE(.POSITIVE.,#2716);
#2718=FILL_AREA_STYLE_COLOUR('',#574);
#2719=FILL_AREA_STYLE('',(#2718));
#2720=SURFACE_STYLE_FILL_AREA(#2719);
#2721=SURFACE_SIDE_STYLE('',(#2720));
#2722=SURFACE_STYLE_USAGE(.NEGATIVE.,#2721);
#2723=PRESENTATION_STYLE_ASSIGNMENT((#2717,#2722));
#2724=OVER_RIDING_STYLED_ITEM('',(#2723),#2712,#575);
#2725=CARTESIAN_POINT('',(4.269313063391E2,1.187166400998E1,1.E2));
#2726=DIRECTION('',(-1.E0,0.E0,0.E0));
#2727=DIRECTION('',(0.E0,-1.E0,0.E0));
#2728=AXIS2_PLACEMENT_3D('',#2725,#2726,#2727);
#2729=CYLINDRICAL_SURFACE('',#2728,1.25E1);
#2730=ORIENTED_EDGE('',*,*,#2704,.F.);
#2731=ORIENTED_EDGE('',*,*,#2566,.T.);
#2733=ORIENTED_EDGE('',*,*,#2732,.T.);
#2735=ORIENTED_EDGE('',*,*,#2734,.T.);
#2737=ORIENTED_EDGE('',*,*,#2736,.T.);
#2738=EDGE_LOOP('',(#2730,#2731,#2733,#2735,#2737));
#2739=FACE_OUTER_BOUND('',#2738,.F.);
#2740=ADVANCED_FACE('',(#2739),#2729,.F.);
#2741=FILL_AREA_STYLE_COLOUR('',#7);
#2742=FILL_AREA_STYLE('',(#2741));
#2743=SURFACE_STYLE_FILL_AREA(#2742);
#2744=SURFACE_SIDE_STYLE('',(#2743));
#2745=SURFACE_STYLE_USAGE(.POSITIVE.,#2744);
#2746=FILL_AREA_STYLE_COLOUR('',#574);
#2747=FILL_AREA_STYLE('',(#2746));
#2748=SURFACE_STYLE_FILL_AREA(#2747);
#2749=SURFACE_SIDE_STYLE('',(#2748));
#2750=SURFACE_STYLE_USAGE(.NEGATIVE.,#2749);
#2751=PRESENTATION_STYLE_ASSIGNMENT((#2745,#2750));
#2752=OVER_RIDING_STYLED_ITEM('',(#2751),#2740,#575);
#2753=CARTESIAN_POINT('',(0.E0,0.E0,1.125E2));
#2754=DIRECTION('',(0.E0,0.E0,1.E0));
#2755=DIRECTION('',(-1.E0,0.E0,0.E0));
#2756=AXIS2_PLACEMENT_3D('',#2753,#2754,#2755);
#2757=PLANE('',#2756);
#2759=ORIENTED_EDGE('',*,*,#2758,.F.);
#2761=ORIENTED_EDGE('',*,*,#2760,.T.);
#2763=ORIENTED_EDGE('',*,*,#2762,.T.);
#2765=ORIENTED_EDGE('',*,*,#2764,.F.);
#2767=ORIENTED_EDGE('',*,*,#2766,.T.);
#2769=ORIENTED_EDGE('',*,*,#2768,.F.);
#2770=ORIENTED_EDGE('',*,*,#2732,.F.);
#2771=ORIENTED_EDGE('',*,*,#2564,.T.);
#2772=EDGE_LOOP('',(#2759,#2761,#2763,#2765,#2767,#2769,#2770,#2771));
#2773=FACE_OUTER_BOUND('',#2772,.F.);
#2774=ADVANCED_FACE('',(#2773),#2757,.F.);
#2775=CARTESIAN_POINT('',(-8.748866352592E-1,5.E0,3.4554E2));
#2776=DIRECTION('',(0.E0,0.E0,-1.E0));
#2777=DIRECTION('',(0.E0,1.E0,0.E0));
#2778=AXIS2_PLACEMENT_3D('',#2775,#2776,#2777);
#2779=CYLINDRICAL_SURFACE('',#2778,1.E1);
#2780=ORIENTED_EDGE('',*,*,#2758,.T.);
#2781=ORIENTED_EDGE('',*,*,#2562,.F.);
#2783=ORIENTED_EDGE('',*,*,#2782,.T.);
#2785=ORIENTED_EDGE('',*,*,#2784,.T.);
#2787=ORIENTED_EDGE('',*,*,#2786,.T.);
#2789=ORIENTED_EDGE('',*,*,#2788,.T.);
#2790=EDGE_LOOP('',(#2780,#2781,#2783,#2785,#2787,#2789));
#2791=FACE_OUTER_BOUND('',#2790,.F.);
#2792=ADVANCED_FACE('',(#2791),#2779,.T.);
#2793=FILL_AREA_STYLE_COLOUR('',#7);
#2794=FILL_AREA_STYLE('',(#2793));
#2795=SURFACE_STYLE_FILL_AREA(#2794);
#2796=SURFACE_SIDE_STYLE('',(#2795));
#2797=SURFACE_STYLE_USAGE(.POSITIVE.,#2796);
#2798=FILL_AREA_STYLE_COLOUR('',#574);
#2799=FILL_AREA_STYLE('',(#2798));
#2800=SURFACE_STYLE_FILL_AREA(#2799);
#2801=SURFACE_SIDE_STYLE('',(#2800));
#2802=SURFACE_STYLE_USAGE(.NEGATIVE.,#2801);
#2803=PRESENTATION_STYLE_ASSIGNMENT((#2797,#2802));
#2804=OVER_RIDING_STYLED_ITEM('',(#2803),#2792,#575);
#2805=CARTESIAN_POINT('',(4.605283066222E1,1.703390953511E1,1.35E2));
#2806=DIRECTION('',(1.227878039690E-1,6.963642403200E-1,-7.071067811865E-1));
#2807=DIRECTION('',(-1.227878039690E-1,-6.963642403200E-1,-7.071067811865E-1));
#2808=AXIS2_PLACEMENT_3D('',#2805,#2806,#2807);
#2809=PLANE('',#2808);
#2810=ORIENTED_EDGE('',*,*,#2560,.F.);
#2812=ORIENTED_EDGE('',*,*,#2811,.F.);
#2814=ORIENTED_EDGE('',*,*,#2813,.T.);
#2816=ORIENTED_EDGE('',*,*,#2815,.T.);
#2818=ORIENTED_EDGE('',*,*,#2817,.T.);
#2820=ORIENTED_EDGE('',*,*,#2819,.F.);
#2821=ORIENTED_EDGE('',*,*,#2782,.F.);
#2822=EDGE_LOOP('',(#2810,#2812,#2814,#2816,#2818,#2820,#2821));
#2823=FACE_OUTER_BOUND('',#2822,.F.);
#2824=ADVANCED_FACE('',(#2823),#2809,.T.);
#2825=FILL_AREA_STYLE_COLOUR('',#7);
#2826=FILL_AREA_STYLE('',(#2825));
#2827=SURFACE_STYLE_FILL_AREA(#2826);
#2828=SURFACE_SIDE_STYLE('',(#2827));
#2829=SURFACE_STYLE_USAGE(.POSITIVE.,#2828);
#2830=FILL_AREA_STYLE_COLOUR('',#574);
#2831=FILL_AREA_STYLE('',(#2830));
#2832=SURFACE_STYLE_FILL_AREA(#2831);
#2833=SURFACE_SIDE_STYLE('',(#2832));
#2834=SURFACE_STYLE_USAGE(.NEGATIVE.,#2833);
#2835=PRESENTATION_STYLE_ASSIGNMENT((#2829,#2834));
#2836=OVER_RIDING_STYLED_ITEM('',(#2835),#2824,#575);
#2837=CARTESIAN_POINT('',(1.199234988970E2,-7.147083059437E0,1.35E2));
#2838=DIRECTION('',(3.535533905933E-1,6.123724356958E-1,-7.071067811865E-1));
#2839=DIRECTION('',(3.535533905933E-1,6.123724356958E-1,7.071067811865E-1));
#2840=AXIS2_PLACEMENT_3D('',#2837,#2838,#2839);
#2841=PLANE('',#2840);
#2843=ORIENTED_EDGE('',*,*,#2842,.F.);
#2845=ORIENTED_EDGE('',*,*,#2844,.T.);
#2846=ORIENTED_EDGE('',*,*,#2811,.T.);
#2847=ORIENTED_EDGE('',*,*,#2505,.T.);
#2849=ORIENTED_EDGE('',*,*,#2848,.T.);
#2850=ORIENTED_EDGE('',*,*,#2380,.T.);
#2852=ORIENTED_EDGE('',*,*,#2851,.T.);
#2853=EDGE_LOOP('',(#2843,#2845,#2846,#2847,#2849,#2850,#2852));
#2854=FACE_OUTER_BOUND('',#2853,.F.);
#2855=ADVANCED_FACE('',(#2854),#2841,.T.);
#2856=FILL_AREA_STYLE_COLOUR('',#7);
#2857=FILL_AREA_STYLE('',(#2856));
#2858=SURFACE_STYLE_FILL_AREA(#2857);
#2859=SURFACE_SIDE_STYLE('',(#2858));
#2860=SURFACE_STYLE_USAGE(.POSITIVE.,#2859);
#2861=FILL_AREA_STYLE_COLOUR('',#574);
#2862=FILL_AREA_STYLE('',(#2861));
#2863=SURFACE_STYLE_FILL_AREA(#2862);
#2864=SURFACE_SIDE_STYLE('',(#2863));
#2865=SURFACE_STYLE_USAGE(.NEGATIVE.,#2864);
#2866=PRESENTATION_STYLE_ASSIGNMENT((#2860,#2865));
#2867=OVER_RIDING_STYLED_ITEM('',(#2866),#2855,#575);
#2868=CARTESIAN_POINT('',(3.188609697804E1,5.522834002103E1,0.E0));
#2869=DIRECTION('',(5.E-1,8.660254037844E-1,0.E0));
#2870=DIRECTION('',(8.660254037844E-1,-5.E-1,0.E0));
#2871=AXIS2_PLACEMENT_3D('',#2868,#2869,#2870);
#2872=PLANE('',#2871);
#2873=ORIENTED_EDGE('',*,*,#2842,.T.);
#2875=ORIENTED_EDGE('',*,*,#2874,.F.);
#2876=ORIENTED_EDGE('',*,*,#2154,.F.);
#2878=ORIENTED_EDGE('',*,*,#2877,.T.);
#2879=EDGE_LOOP('',(#2873,#2875,#2876,#2878));
#2880=FACE_OUTER_BOUND('',#2879,.F.);
#2881=ADVANCED_FACE('',(#2880),#2872,.T.);
#2882=FILL_AREA_STYLE_COLOUR('',#7);
#2883=FILL_AREA_STYLE('',(#2882));
#2884=SURFACE_STYLE_FILL_AREA(#2883);
#2885=SURFACE_SIDE_STYLE('',(#2884));
#2886=SURFACE_STYLE_USAGE(.POSITIVE.,#2885);
#2887=FILL_AREA_STYLE_COLOUR('',#574);
#2888=FILL_AREA_STYLE('',(#2887));
#2889=SURFACE_STYLE_FILL_AREA(#2888);
#2890=SURFACE_SIDE_STYLE('',(#2889));
#2891=SURFACE_STYLE_USAGE(.NEGATIVE.,#2890);
#2892=PRESENTATION_STYLE_ASSIGNMENT((#2886,#2891));
#2893=OVER_RIDING_STYLED_ITEM('',(#2892),#2881,#575);
#2894=CARTESIAN_POINT('',(1.487143000229E2,-1.799595714777E1,3.4554E2));
#2895=DIRECTION('',(0.E0,0.E0,-1.E0));
#2896=DIRECTION('',(5.E-1,8.660254037844E-1,0.E0));
#2897=AXIS2_PLACEMENT_3D('',#2894,#2895,#2896);
#2898=CYLINDRICAL_SURFACE('',#2897,5.E0);
#2899=ORIENTED_EDGE('',*,*,#2874,.T.);
#2900=ORIENTED_EDGE('',*,*,#2851,.F.);
#2901=ORIENTED_EDGE('',*,*,#2378,.T.);
#2902=ORIENTED_EDGE('',*,*,#2156,.T.);
#2903=EDGE_LOOP('',(#2899,#2900,#2901,#2902));
#2904=FACE_OUTER_BOUND('',#2903,.F.);
#2905=ADVANCED_FACE('',(#2904),#2898,.T.);
#2906=FILL_AREA_STYLE_COLOUR('',#7);
#2907=FILL_AREA_STYLE('',(#2906));
#2908=SURFACE_STYLE_FILL_AREA(#2907);
#2909=SURFACE_SIDE_STYLE('',(#2908));
#2910=SURFACE_STYLE_USAGE(.POSITIVE.,#2909);
#2911=FILL_AREA_STYLE_COLOUR('',#574);
#2912=FILL_AREA_STYLE('',(#2911));
#2913=SURFACE_STYLE_FILL_AREA(#2912);
#2914=SURFACE_SIDE_STYLE('',(#2913));
#2915=SURFACE_STYLE_USAGE(.NEGATIVE.,#2914);
#2916=PRESENTATION_STYLE_ASSIGNMENT((#2910,#2915));
#2917=OVER_RIDING_STYLED_ITEM('',(#2916),#2905,#575);
#2918=CARTESIAN_POINT('',(9.863269777110E1,1.669217208567E1,1.5E2));
#2919=DIRECTION('',(3.420201433257E-1,9.396926207859E-1,0.E0));
#2920=DIRECTION('',(-9.396926207859E-1,3.420201433257E-1,0.E0));
#2921=AXIS2_PLACEMENT_3D('',#2918,#2919,#2920);
#2922=PLANE('',#2921);
#2924=ORIENTED_EDGE('',*,*,#2923,.T.);
#2925=ORIENTED_EDGE('',*,*,#2813,.F.);
#2926=ORIENTED_EDGE('',*,*,#2844,.F.);
#2927=ORIENTED_EDGE('',*,*,#2877,.F.);
#2928=ORIENTED_EDGE('',*,*,#2152,.T.);
#2929=EDGE_LOOP('',(#2924,#2925,#2926,#2927,#2928));
#2930=FACE_OUTER_BOUND('',#2929,.F.);
#2931=ADVANCED_FACE('',(#2930),#2922,.T.);
#2932=FILL_AREA_STYLE_COLOUR('',#7);
#2933=FILL_AREA_STYLE('',(#2932));
#2934=SURFACE_STYLE_FILL_AREA(#2933);
#2935=SURFACE_SIDE_STYLE('',(#2934));
#2936=SURFACE_STYLE_USAGE(.POSITIVE.,#2935);
#2937=FILL_AREA_STYLE_COLOUR('',#574);
#2938=FILL_AREA_STYLE('',(#2937));
#2939=SURFACE_STYLE_FILL_AREA(#2938);
#2940=SURFACE_SIDE_STYLE('',(#2939));
#2941=SURFACE_STYLE_USAGE(.NEGATIVE.,#2940);
#2942=PRESENTATION_STYLE_ASSIGNMENT((#2936,#2941));
#2943=OVER_RIDING_STYLED_ITEM('',(#2942),#2931,#575);
#2944=CARTESIAN_POINT('',(6.038114628281E0,3.424384971614E1,0.E0));
#2945=DIRECTION('',(1.736481776669E-1,9.848077530122E-1,0.E0));
#2946=DIRECTION('',(9.848077530122E-1,-1.736481776669E-1,0.E0));
#2947=AXIS2_PLACEMENT_3D('',#2944,#2945,#2946);
#2948=PLANE('',#2947);
#2949=ORIENTED_EDGE('',*,*,#2815,.F.);
#2950=ORIENTED_EDGE('',*,*,#2923,.F.);
#2951=ORIENTED_EDGE('',*,*,#2150,.F.);
#2953=ORIENTED_EDGE('',*,*,#2952,.T.);
#2954=EDGE_LOOP('',(#2949,#2950,#2951,#2953));
#2955=FACE_OUTER_BOUND('',#2954,.F.);
#2956=ADVANCED_FACE('',(#2955),#2948,.T.);
#2957=FILL_AREA_STYLE_COLOUR('',#7);
#2958=FILL_AREA_STYLE('',(#2957));
#2959=SURFACE_STYLE_FILL_AREA(#2958);
#2960=SURFACE_SIDE_STYLE('',(#2959));
#2961=SURFACE_STYLE_USAGE(.POSITIVE.,#2960);
#2962=FILL_AREA_STYLE_COLOUR('',#574);
#2963=FILL_AREA_STYLE('',(#2962));
#2964=SURFACE_STYLE_FILL_AREA(#2963);
#2965=SURFACE_SIDE_STYLE('',(#2964));
#2966=SURFACE_STYLE_USAGE(.NEGATIVE.,#2965);
#2967=PRESENTATION_STYLE_ASSIGNMENT((#2961,#2966));
#2968=OVER_RIDING_STYLED_ITEM('',(#2967),#2956,#575);
#2969=CARTESIAN_POINT('',(3.472963553339E0,3.469615506024E1,1.5E2));
#2970=DIRECTION('',(8.715574274766E-2,9.961946980917E-1,0.E0));
#2971=DIRECTION('',(-9.961946980917E-1,8.715574274766E-2,0.E0));
#2972=AXIS2_PLACEMENT_3D('',#2969,#2970,#2971);
#2973=PLANE('',#2972);
#2975=ORIENTED_EDGE('',*,*,#2974,.T.);
#2976=ORIENTED_EDGE('',*,*,#2817,.F.);
#2977=ORIENTED_EDGE('',*,*,#2952,.F.);
#2978=ORIENTED_EDGE('',*,*,#2148,.T.);
#2980=ORIENTED_EDGE('',*,*,#2979,.T.);
#2982=ORIENTED_EDGE('',*,*,#2981,.F.);
#2983=EDGE_LOOP('',(#2975,#2976,#2977,#2978,#2980,#2982));
#2984=FACE_OUTER_BOUND('',#2983,.F.);
#2985=ADVANCED_FACE('',(#2984),#2973,.T.);
#2986=FILL_AREA_STYLE_COLOUR('',#7);
#2987=FILL_AREA_STYLE('',(#2986));
#2988=SURFACE_STYLE_FILL_AREA(#2987);
#2989=SURFACE_SIDE_STYLE('',(#2988));
#2990=SURFACE_STYLE_USAGE(.POSITIVE.,#2989);
#2991=FILL_AREA_STYLE_COLOUR('',#574);
#2992=FILL_AREA_STYLE('',(#2991));
#2993=SURFACE_STYLE_FILL_AREA(#2992);
#2994=SURFACE_SIDE_STYLE('',(#2993));
#2995=SURFACE_STYLE_USAGE(.NEGATIVE.,#2994);
#2996=PRESENTATION_STYLE_ASSIGNMENT((#2990,#2995));
#2997=OVER_RIDING_STYLED_ITEM('',(#2996),#2985,#575);
#2998=CARTESIAN_POINT('',(-2.081595131767E1,-2.229274122927E2,
-9.878527666898E1));
#2999=DIRECTION('',(6.174578541845E-2,7.057575568080E-1,7.057575568080E-1));
#3000=DIRECTION('',(1.227878039690E-1,6.963642403200E-1,-7.071067811865E-1));
#3001=AXIS2_PLACEMENT_3D('',#2998,#2999,#3000);
#3002=CYLINDRICAL_SURFACE('',#3001,1.E1);
#3003=ORIENTED_EDGE('',*,*,#2819,.T.);
#3004=ORIENTED_EDGE('',*,*,#2974,.F.);
#3006=ORIENTED_EDGE('',*,*,#3005,.F.);
#3007=ORIENTED_EDGE('',*,*,#2784,.F.);
#3008=EDGE_LOOP('',(#3003,#3004,#3006,#3007));
#3009=FACE_OUTER_BOUND('',#3008,.F.);
#3010=ADVANCED_FACE('',(#3009),#3002,.T.);
#3011=FILL_AREA_STYLE_COLOUR('',#7);
#3012=FILL_AREA_STYLE('',(#3011));
#3013=SURFACE_STYLE_FILL_AREA(#3012);
#3014=SURFACE_SIDE_STYLE('',(#3013));
#3015=SURFACE_STYLE_USAGE(.POSITIVE.,#3014);
#3016=FILL_AREA_STYLE_COLOUR('',#574);
#3017=FILL_AREA_STYLE('',(#3016));
#3018=SURFACE_STYLE_FILL_AREA(#3017);
#3019=SURFACE_SIDE_STYLE('',(#3018));
#3020=SURFACE_STYLE_USAGE(.NEGATIVE.,#3019);
#3021=PRESENTATION_STYLE_ASSIGNMENT((#3015,#3020));
#3022=OVER_RIDING_STYLED_ITEM('',(#3021),#3010,#575);
#3023=CARTESIAN_POINT('',(-1.478553390593E1,2.5E1,1.35E2));
#3024=DIRECTION('',(0.E0,7.071067811865E-1,-7.071067811865E-1));
#3025=DIRECTION('',(0.E0,-7.071067811865E-1,-7.071067811865E-1));
#3026=AXIS2_PLACEMENT_3D('',#3023,#3024,#3025);
#3027=PLANE('',#3026);
#3028=ORIENTED_EDGE('',*,*,#3005,.T.);
#3029=ORIENTED_EDGE('',*,*,#2981,.T.);
#3031=ORIENTED_EDGE('',*,*,#3030,.T.);
#3033=ORIENTED_EDGE('',*,*,#3032,.T.);
#3035=ORIENTED_EDGE('',*,*,#3034,.T.);
#3037=ORIENTED_EDGE('',*,*,#3036,.F.);
#3038=ORIENTED_EDGE('',*,*,#2786,.F.);
#3039=EDGE_LOOP('',(#3028,#3029,#3031,#3033,#3035,#3037,#3038));
#3040=FACE_OUTER_BOUND('',#3039,.F.);
#3041=ADVANCED_FACE('',(#3040),#3027,.T.);
#3042=FILL_AREA_STYLE_COLOUR('',#7);
#3043=FILL_AREA_STYLE('',(#3042));
#3044=SURFACE_STYLE_FILL_AREA(#3043);
#3045=SURFACE_SIDE_STYLE('',(#3044));
#3046=SURFACE_STYLE_USAGE(.POSITIVE.,#3045);
#3047=FILL_AREA_STYLE_COLOUR('',#574);
#3048=FILL_AREA_STYLE('',(#3047));
#3049=SURFACE_STYLE_FILL_AREA(#3048);
#3050=SURFACE_SIDE_STYLE('',(#3049));
#3051=SURFACE_STYLE_USAGE(.NEGATIVE.,#3050);
#3052=PRESENTATION_STYLE_ASSIGNMENT((#3046,#3051));
#3053=OVER_RIDING_STYLED_ITEM('',(#3052),#3041,#575);
#3054=CARTESIAN_POINT('',(0.E0,3.5E1,0.E0));
#3055=DIRECTION('',(0.E0,1.E0,0.E0));
#3056=DIRECTION('',(1.E0,0.E0,0.E0));
#3057=AXIS2_PLACEMENT_3D('',#3054,#3055,#3056);
#3058=PLANE('',#3057);
#3059=ORIENTED_EDGE('',*,*,#3030,.F.);
#3060=ORIENTED_EDGE('',*,*,#2979,.F.);
#3061=ORIENTED_EDGE('',*,*,#2146,.F.);
#3063=ORIENTED_EDGE('',*,*,#3062,.F.);
#3064=EDGE_LOOP('',(#3059,#3060,#3061,#3063));
#3065=FACE_OUTER_BOUND('',#3064,.F.);
#3066=ADVANCED_FACE('',(#3065),#3058,.T.);
#3067=FILL_AREA_STYLE_COLOUR('',#7);
#3068=FILL_AREA_STYLE('',(#3067));
#3069=SURFACE_STYLE_FILL_AREA(#3068);
#3070=SURFACE_SIDE_STYLE('',(#3069));
#3071=SURFACE_STYLE_USAGE(.POSITIVE.,#3070);
#3072=FILL_AREA_STYLE_COLOUR('',#574);
#3073=FILL_AREA_STYLE('',(#3072));
#3074=SURFACE_STYLE_FILL_AREA(#3073);
#3075=SURFACE_SIDE_STYLE('',(#3074));
#3076=SURFACE_STYLE_USAGE(.NEGATIVE.,#3075);
#3077=PRESENTATION_STYLE_ASSIGNMENT((#3071,#3076));
#3078=OVER_RIDING_STYLED_ITEM('',(#3077),#3066,#575);
#3079=CARTESIAN_POINT('',(-2.25E1,-2.229274122927E2,1.425E2));
#3080=DIRECTION('',(0.E0,1.E0,0.E0));
#3081=DIRECTION('',(-1.E0,0.E0,0.E0));
#3082=AXIS2_PLACEMENT_3D('',#3079,#3080,#3081);
#3083=CYLINDRICAL_SURFACE('',#3082,7.5E0);
#3085=ORIENTED_EDGE('',*,*,#3084,.F.);
#3086=ORIENTED_EDGE('',*,*,#3032,.F.);
#3087=ORIENTED_EDGE('',*,*,#3062,.T.);
#3088=ORIENTED_EDGE('',*,*,#2144,.F.);
#3090=ORIENTED_EDGE('',*,*,#3089,.T.);
#3091=EDGE_LOOP('',(#3085,#3086,#3087,#3088,#3090));
#3092=FACE_OUTER_BOUND('',#3091,.F.);
#3093=ADVANCED_FACE('',(#3092),#3083,.T.);
#3094=FILL_AREA_STYLE_COLOUR('',#7);
#3095=FILL_AREA_STYLE('',(#3094));
#3096=SURFACE_STYLE_FILL_AREA(#3095);
#3097=SURFACE_SIDE_STYLE('',(#3096));
#3098=SURFACE_STYLE_USAGE(.POSITIVE.,#3097);
#3099=FILL_AREA_STYLE_COLOUR('',#574);
#3100=FILL_AREA_STYLE('',(#3099));
#3101=SURFACE_STYLE_FILL_AREA(#3100);
#3102=SURFACE_SIDE_STYLE('',(#3101));
#3103=SURFACE_STYLE_USAGE(.NEGATIVE.,#3102);
#3104=PRESENTATION_STYLE_ASSIGNMENT((#3098,#3103));
#3105=OVER_RIDING_STYLED_ITEM('',(#3104),#3093,#575);
#3106=CARTESIAN_POINT('',(-3.E1,1.5E1,0.E0));
#3107=DIRECTION('',(-1.E0,0.E0,0.E0));
#3108=DIRECTION('',(0.E0,-1.E0,0.E0));
#3109=AXIS2_PLACEMENT_3D('',#3106,#3107,#3108);
#3110=PLANE('',#3109);
#3112=ORIENTED_EDGE('',*,*,#3111,.T.);
#3113=ORIENTED_EDGE('',*,*,#3034,.F.);
#3114=ORIENTED_EDGE('',*,*,#3084,.T.);
#3116=ORIENTED_EDGE('',*,*,#3115,.F.);
#3118=ORIENTED_EDGE('',*,*,#3117,.F.);
#3119=ORIENTED_EDGE('',*,*,#2594,.F.);
#3120=EDGE_LOOP('',(#3112,#3113,#3114,#3116,#3118,#3119));
#3121=FACE_OUTER_BOUND('',#3120,.F.);
#3122=ADVANCED_FACE('',(#3121),#3110,.T.);
#3123=CARTESIAN_POINT('',(0.E0,1.5E1,0.E0));
#3124=DIRECTION('',(0.E0,1.E0,0.E0));
#3125=DIRECTION('',(-1.E0,0.E0,0.E0));
#3126=AXIS2_PLACEMENT_3D('',#3123,#3124,#3125);
#3127=PLANE('',#3126);
#3128=ORIENTED_EDGE('',*,*,#2632,.F.);
#3129=ORIENTED_EDGE('',*,*,#2666,.T.);
#3131=ORIENTED_EDGE('',*,*,#3130,.F.);
#3133=ORIENTED_EDGE('',*,*,#3132,.T.);
#3135=ORIENTED_EDGE('',*,*,#3134,.F.);
#3136=ORIENTED_EDGE('',*,*,#2760,.F.);
#3137=ORIENTED_EDGE('',*,*,#2788,.F.);
#3138=ORIENTED_EDGE('',*,*,#3036,.T.);
#3139=ORIENTED_EDGE('',*,*,#3111,.F.);
#3140=ORIENTED_EDGE('',*,*,#2592,.F.);
#3141=EDGE_LOOP('',(#3128,#3129,#3131,#3133,#3135,#3136,#3137,#3138,#3139,
#3140));
#3142=FACE_OUTER_BOUND('',#3141,.F.);
#3143=ADVANCED_FACE('',(#3142),#3127,.T.);
#3144=FILL_AREA_STYLE_COLOUR('',#7);
#3145=FILL_AREA_STYLE('',(#3144));
#3146=SURFACE_STYLE_FILL_AREA(#3145);
#3147=SURFACE_SIDE_STYLE('',(#3146));
#3148=SURFACE_STYLE_USAGE(.POSITIVE.,#3147);
#3149=FILL_AREA_STYLE_COLOUR('',#574);
#3150=FILL_AREA_STYLE('',(#3149));
#3151=SURFACE_STYLE_FILL_AREA(#3150);
#3152=SURFACE_SIDE_STYLE('',(#3151));
#3153=SURFACE_STYLE_USAGE(.NEGATIVE.,#3152);
#3154=PRESENTATION_STYLE_ASSIGNMENT((#3148,#3153));
#3155=OVER_RIDING_STYLED_ITEM('',(#3154),#3143,#575);
#3156=CARTESIAN_POINT('',(-5.E0,1.809603119746E2,4.25E1));
#3157=DIRECTION('',(0.E0,-1.E0,0.E0));
#3158=DIRECTION('',(-1.E0,0.E0,0.E0));
#3159=AXIS2_PLACEMENT_3D('',#3156,#3157,#3158);
#3160=CYLINDRICAL_SURFACE('',#3159,5.E0);
#3162=ORIENTED_EDGE('',*,*,#3161,.F.);
#3163=ORIENTED_EDGE('',*,*,#3130,.T.);
#3164=ORIENTED_EDGE('',*,*,#2664,.T.);
#3166=ORIENTED_EDGE('',*,*,#3165,.T.);
#3167=EDGE_LOOP('',(#3162,#3163,#3164,#3166));
#3168=FACE_OUTER_BOUND('',#3167,.F.);
#3169=ADVANCED_FACE('',(#3168),#3160,.F.);
#3170=CARTESIAN_POINT('',(-1.E1,-1.5E1,3.75E1));
#3171=DIRECTION('',(-1.E0,0.E0,0.E0));
#3172=DIRECTION('',(0.E0,0.E0,1.E0));
#3173=AXIS2_PLACEMENT_3D('',#3170,#3171,#3172);
#3174=PLANE('',#3173);
#3176=ORIENTED_EDGE('',*,*,#3175,.T.);
#3178=ORIENTED_EDGE('',*,*,#3177,.F.);
#3179=ORIENTED_EDGE('',*,*,#3132,.F.);
#3180=ORIENTED_EDGE('',*,*,#3161,.T.);
#3181=EDGE_LOOP('',(#3176,#3178,#3179,#3180));
#3182=FACE_OUTER_BOUND('',#3181,.F.);
#3183=ADVANCED_FACE('',(#3182),#3174,.F.);
#3184=CARTESIAN_POINT('',(-3.E1,0.E0,0.E0));
#3185=DIRECTION('',(0.E0,-1.E0,0.E0));
#3186=DIRECTION('',(1.E0,0.E0,0.E0));
#3187=AXIS2_PLACEMENT_3D('',#3184,#3185,#3186);
#3188=PLANE('',#3187);
#3189=ORIENTED_EDGE('',*,*,#3089,.F.);
#3190=ORIENTED_EDGE('',*,*,#2142,.T.);
#3192=ORIENTED_EDGE('',*,*,#3191,.F.);
#3193=ORIENTED_EDGE('',*,*,#2764,.T.);
#3195=ORIENTED_EDGE('',*,*,#3194,.F.);
#3196=ORIENTED_EDGE('',*,*,#3175,.F.);
#3197=ORIENTED_EDGE('',*,*,#3165,.F.);
#3198=ORIENTED_EDGE('',*,*,#2662,.F.);
#3200=ORIENTED_EDGE('',*,*,#3199,.F.);
#3202=ORIENTED_EDGE('',*,*,#3201,.F.);
#3203=ORIENTED_EDGE('',*,*,#3115,.T.);
#3204=EDGE_LOOP('',(#3189,#3190,#3192,#3193,#3195,#3196,#3197,#3198,#3200,#3202,
#3203));
#3205=FACE_OUTER_BOUND('',#3204,.F.);
#3206=ADVANCED_FACE('',(#3205),#3188,.T.);
#3207=CARTESIAN_POINT('',(0.E0,0.E0,0.E0));
#3208=DIRECTION('',(-1.736481776669E-1,-9.848077530122E-1,0.E0));
#3209=DIRECTION('',(9.848077530122E-1,-1.736481776669E-1,0.E0));
#3210=AXIS2_PLACEMENT_3D('',#3207,#3208,#3209);
#3211=PLANE('',#3210);
#3213=ORIENTED_EDGE('',*,*,#3212,.F.);
#3215=ORIENTED_EDGE('',*,*,#3214,.F.);
#3216=ORIENTED_EDGE('',*,*,#2766,.F.);
#3217=ORIENTED_EDGE('',*,*,#3191,.T.);
#3218=ORIENTED_EDGE('',*,*,#2140,.T.);
#3220=ORIENTED_EDGE('',*,*,#3219,.T.);
#3222=ORIENTED_EDGE('',*,*,#3221,.T.);
#3224=ORIENTED_EDGE('',*,*,#3223,.F.);
#3225=ORIENTED_EDGE('',*,*,#2132,.T.);
#3227=ORIENTED_EDGE('',*,*,#3226,.F.);
#3229=ORIENTED_EDGE('',*,*,#3228,.F.);
#3230=ORIENTED_EDGE('',*,*,#3199,.T.);
#3231=ORIENTED_EDGE('',*,*,#2660,.T.);
#3233=ORIENTED_EDGE('',*,*,#3232,.F.);
#3234=EDGE_LOOP('',(#3213,#3215,#3216,#3217,#3218,#3220,#3222,#3224,#3225,#3227,
#3229,#3230,#3231,#3233));
#3235=FACE_OUTER_BOUND('',#3234,.F.);
#3237=ORIENTED_EDGE('',*,*,#3236,.T.);
#3239=ORIENTED_EDGE('',*,*,#3238,.T.);
#3240=EDGE_LOOP('',(#3237,#3239));
#3241=FACE_BOUND('',#3240,.F.);
#3242=ADVANCED_FACE('',(#3235,#3241),#3211,.T.);
#3243=CARTESIAN_POINT('',(0.E0,0.E0,0.E0));
#3244=DIRECTION('',(-1.736481776669E-1,-9.848077530122E-1,0.E0));
#3245=DIRECTION('',(9.848077530122E-1,-1.736481776669E-1,0.E0));
#3246=AXIS2_PLACEMENT_3D('',#3243,#3244,#3245);
#3247=PLANE('',#3246);
#3249=ORIENTED_EDGE('',*,*,#3248,.T.);
#3251=ORIENTED_EDGE('',*,*,#3250,.F.);
#3252=EDGE_LOOP('',(#3249,#3251));
#3253=FACE_OUTER_BOUND('',#3252,.F.);
#3254=ADVANCED_FACE('',(#3253),#3247,.T.);
#3255=CARTESIAN_POINT('',(2.E1,-1.5E1,1.125E2));
#3256=DIRECTION('',(1.E0,0.E0,0.E0));
#3257=DIRECTION('',(0.E0,0.E0,-1.E0));
#3258=AXIS2_PLACEMENT_3D('',#3255,#3256,#3257);
#3259=PLANE('',#3258);
#3261=ORIENTED_EDGE('',*,*,#3260,.F.);
#3262=ORIENTED_EDGE('',*,*,#2678,.F.);
#3263=ORIENTED_EDGE('',*,*,#2706,.F.);
#3264=ORIENTED_EDGE('',*,*,#2736,.F.);
#3266=ORIENTED_EDGE('',*,*,#3265,.F.);
#3267=ORIENTED_EDGE('',*,*,#3212,.T.);
#3268=EDGE_LOOP('',(#3261,#3262,#3263,#3264,#3266,#3267));
#3269=FACE_OUTER_BOUND('',#3268,.F.);
#3270=ADVANCED_FACE('',(#3269),#3259,.F.);
#3271=CARTESIAN_POINT('',(1.75E1,1.809603119746E2,4.E1));
#3272=DIRECTION('',(0.E0,-1.E0,0.E0));
#3273=DIRECTION('',(0.E0,0.E0,-1.E0));
#3274=AXIS2_PLACEMENT_3D('',#3271,#3272,#3273);
#3275=CYLINDRICAL_SURFACE('',#3274,2.5E0);
#3276=ORIENTED_EDGE('',*,*,#2658,.T.);
#3277=ORIENTED_EDGE('',*,*,#2680,.F.);
#3278=ORIENTED_EDGE('',*,*,#3260,.T.);
#3279=ORIENTED_EDGE('',*,*,#3232,.T.);
#3280=EDGE_LOOP('',(#3276,#3277,#3278,#3279));
#3281=FACE_OUTER_BOUND('',#3280,.F.);
#3282=ADVANCED_FACE('',(#3281),#3275,.F.);
#3283=CARTESIAN_POINT('',(1.75E1,1.809603119746E2,1.1E2));
#3284=DIRECTION('',(0.E0,-1.E0,0.E0));
#3285=DIRECTION('',(1.E0,0.E0,0.E0));
#3286=AXIS2_PLACEMENT_3D('',#3283,#3284,#3285);
#3287=CYLINDRICAL_SURFACE('',#3286,2.5E0);
#3288=ORIENTED_EDGE('',*,*,#3265,.T.);
#3289=ORIENTED_EDGE('',*,*,#2734,.F.);
#3290=ORIENTED_EDGE('',*,*,#2768,.T.);
#3291=ORIENTED_EDGE('',*,*,#3214,.T.);
#3292=EDGE_LOOP('',(#3288,#3289,#3290,#3291));
#3293=FACE_OUTER_BOUND('',#3292,.F.);
#3294=ADVANCED_FACE('',(#3293),#3287,.F.);
#3295=CARTESIAN_POINT('',(3.563470476833E0,-6.283359900237E-1,1.5E2));
#3296=DIRECTION('',(-7.420572881982E-1,-6.703364685230E-1,0.E0));
#3297=DIRECTION('',(6.703364685230E-1,-7.420572881982E-1,0.E0));
#3298=AXIS2_PLACEMENT_3D('',#3295,#3296,#3297);
#3299=PLANE('',#3298);
#3300=ORIENTED_EDGE('',*,*,#3219,.F.);
#3301=ORIENTED_EDGE('',*,*,#2138,.T.);
#3303=ORIENTED_EDGE('',*,*,#3302,.T.);
#3305=ORIENTED_EDGE('',*,*,#3304,.F.);
#3306=EDGE_LOOP('',(#3300,#3301,#3303,#3305));
#3307=FACE_OUTER_BOUND('',#3306,.F.);
#3308=ADVANCED_FACE('',(#3307),#3299,.T.);
#3309=CARTESIAN_POINT('',(3.912981101694E1,-4.E1,1.5E2));
#3310=DIRECTION('',(0.E0,-1.E0,0.E0));
#3311=DIRECTION('',(1.E0,0.E0,0.E0));
#3312=AXIS2_PLACEMENT_3D('',#3309,#3310,#3311);
#3313=PLANE('',#3312);
#3314=ORIENTED_EDGE('',*,*,#2136,.T.);
#3316=ORIENTED_EDGE('',*,*,#3315,.T.);
#3318=ORIENTED_EDGE('',*,*,#3317,.F.);
#3319=ORIENTED_EDGE('',*,*,#3302,.F.);
#3320=EDGE_LOOP('',(#3314,#3316,#3318,#3319));
#3321=FACE_OUTER_BOUND('',#3320,.F.);
#3322=ADVANCED_FACE('',(#3321),#3313,.T.);
#3323=CARTESIAN_POINT('',(4.912981101694E1,-4.E1,1.5E2));
#3324=DIRECTION('',(9.695080295832E-1,-2.450595449553E-1,0.E0));
#3325=DIRECTION('',(2.450595449553E-1,9.695080295832E-1,0.E0));
#3326=AXIS2_PLACEMENT_3D('',#3323,#3324,#3325);
#3327=PLANE('',#3326);
#3328=ORIENTED_EDGE('',*,*,#3223,.T.);
#3330=ORIENTED_EDGE('',*,*,#3329,.F.);
#3331=ORIENTED_EDGE('',*,*,#3315,.F.);
#3332=ORIENTED_EDGE('',*,*,#2134,.T.);
#3333=EDGE_LOOP('',(#3328,#3330,#3331,#3332));
#3334=FACE_OUTER_BOUND('',#3333,.F.);
#3335=ADVANCED_FACE('',(#3334),#3327,.T.);
#3336=CARTESIAN_POINT('',(0.E0,0.E0,1.45E2));
#3337=DIRECTION('',(0.E0,0.E0,1.E0));
#3338=DIRECTION('',(1.E0,0.E0,0.E0));
#3339=AXIS2_PLACEMENT_3D('',#3336,#3337,#3338);
#3340=PLANE('',#3339);
#3341=ORIENTED_EDGE('',*,*,#3221,.F.);
#3342=ORIENTED_EDGE('',*,*,#3304,.T.);
#3343=ORIENTED_EDGE('',*,*,#3317,.T.);
#3344=ORIENTED_EDGE('',*,*,#3329,.T.);
#3345=EDGE_LOOP('',(#3341,#3342,#3343,#3344));
#3346=FACE_OUTER_BOUND('',#3345,.F.);
#3347=ADVANCED_FACE('',(#3346),#3340,.F.);
#3348=CARTESIAN_POINT('',(9.724315685263E1,-1.714659224238E1,0.E0));
#3349=DIRECTION('',(-5.E-1,-8.660254037844E-1,0.E0));
#3350=DIRECTION('',(8.660254037844E-1,-5.E-1,0.E0));
#3351=AXIS2_PLACEMENT_3D('',#3348,#3349,#3350);
#3352=PLANE('',#3351);
#3354=ORIENTED_EDGE('',*,*,#3353,.F.);
#3356=ORIENTED_EDGE('',*,*,#3355,.F.);
#3357=ORIENTED_EDGE('',*,*,#3226,.T.);
#3358=ORIENTED_EDGE('',*,*,#2130,.T.);
#3359=EDGE_LOOP('',(#3354,#3356,#3357,#3358));
#3360=FACE_OUTER_BOUND('',#3359,.F.);
#3361=ADVANCED_FACE('',(#3360),#3352,.T.);
#3362=CARTESIAN_POINT('',(1.362143000229E2,-3.964659224238E1,1.5E2));
#3363=DIRECTION('',(-8.660254037844E-1,5.E-1,0.E0));
#3364=DIRECTION('',(0.E0,0.E0,-1.E0));
#3365=AXIS2_PLACEMENT_3D('',#3362,#3363,#3364);
#3366=PLANE('',#3365);
#3367=ORIENTED_EDGE('',*,*,#3353,.T.);
#3368=ORIENTED_EDGE('',*,*,#2128,.T.);
#3370=ORIENTED_EDGE('',*,*,#3369,.T.);
#3371=ORIENTED_EDGE('',*,*,#2598,.F.);
#3373=ORIENTED_EDGE('',*,*,#3372,.F.);
#3375=ORIENTED_EDGE('',*,*,#3374,.T.);
#3376=EDGE_LOOP('',(#3367,#3368,#3370,#3371,#3373,#3375));
#3377=FACE_OUTER_BOUND('',#3376,.F.);
#3378=ADVANCED_FACE('',(#3377),#3366,.T.);
#3379=CARTESIAN_POINT('',(6.886096978038E0,1.192706983181E1,0.E0));
#3380=DIRECTION('',(-5.E-1,-8.660254037844E-1,0.E0));
#3381=DIRECTION('',(0.E0,0.E0,-1.E0));
#3382=AXIS2_PLACEMENT_3D('',#3379,#3380,#3381);
#3383=PLANE('',#3382);
#3385=ORIENTED_EDGE('',*,*,#3384,.F.);
#3387=ORIENTED_EDGE('',*,*,#3386,.T.);
#3389=ORIENTED_EDGE('',*,*,#3388,.F.);
#3390=ORIENTED_EDGE('',*,*,#2600,.T.);
#3391=ORIENTED_EDGE('',*,*,#3369,.F.);
#3392=ORIENTED_EDGE('',*,*,#2126,.T.);
#3393=EDGE_LOOP('',(#3385,#3387,#3389,#3390,#3391,#3392));
#3394=FACE_OUTER_BOUND('',#3393,.F.);
#3395=ADVANCED_FACE('',(#3394),#3383,.T.);
#3396=CARTESIAN_POINT('',(3.011095230550E2,1.809603119746E2,1.425E2));
#3397=DIRECTION('',(-5.E-1,-8.660254037844E-1,0.E0));
#3398=DIRECTION('',(8.660254037844E-1,-5.E-1,0.E0));
#3399=AXIS2_PLACEMENT_3D('',#3396,#3397,#3398);
#3400=CYLINDRICAL_SURFACE('',#3399,7.5E0);
#3401=ORIENTED_EDGE('',*,*,#2124,.F.);
#3402=ORIENTED_EDGE('',*,*,#2218,.F.);
#3404=ORIENTED_EDGE('',*,*,#3403,.T.);
#3405=ORIENTED_EDGE('',*,*,#3384,.T.);
#3406=EDGE_LOOP('',(#3401,#3402,#3404,#3405));
#3407=FACE_OUTER_BOUND('',#3406,.F.);
#3408=ADVANCED_FACE('',(#3407),#3400,.T.);
#3409=FILL_AREA_STYLE_COLOUR('',#7);
#3410=FILL_AREA_STYLE('',(#3409));
#3411=SURFACE_STYLE_FILL_AREA(#3410);
#3412=SURFACE_SIDE_STYLE('',(#3411));
#3413=SURFACE_STYLE_USAGE(.POSITIVE.,#3412);
#3414=FILL_AREA_STYLE_COLOUR('',#574);
#3415=FILL_AREA_STYLE('',(#3414));
#3416=SURFACE_STYLE_FILL_AREA(#3415);
#3417=SURFACE_SIDE_STYLE('',(#3416));
#3418=SURFACE_STYLE_USAGE(.NEGATIVE.,#3417);
#3419=PRESENTATION_STYLE_ASSIGNMENT((#3413,#3418));
#3420=OVER_RIDING_STYLED_ITEM('',(#3419),#3408,#575);
#3421=CARTESIAN_POINT('',(1.539692191963E2,-8.889417014988E1,0.E0));
#3422=DIRECTION('',(8.660254037844E-1,-5.E-1,0.E0));
#3423=DIRECTION('',(0.E0,0.E0,-1.E0));
#3424=AXIS2_PLACEMENT_3D('',#3421,#3422,#3423);
#3425=PLANE('',#3424);
#3426=ORIENTED_EDGE('',*,*,#2216,.F.);
#3427=ORIENTED_EDGE('',*,*,#2302,.F.);
#3429=ORIENTED_EDGE('',*,*,#3428,.F.);
#3430=ORIENTED_EDGE('',*,*,#3386,.F.);
#3431=ORIENTED_EDGE('',*,*,#3403,.F.);
#3432=EDGE_LOOP('',(#3426,#3427,#3429,#3430,#3431));
#3433=FACE_OUTER_BOUND('',#3432,.F.);
#3434=ADVANCED_FACE('',(#3433),#3425,.T.);
#3435=FILL_AREA_STYLE_COLOUR('',#7);
#3436=FILL_AREA_STYLE('',(#3435));
#3437=SURFACE_STYLE_FILL_AREA(#3436);
#3438=SURFACE_SIDE_STYLE('',(#3437));
#3439=SURFACE_STYLE_USAGE(.POSITIVE.,#3438);
#3440=FILL_AREA_STYLE_COLOUR('',#574);
#3441=FILL_AREA_STYLE('',(#3440));
#3442=SURFACE_STYLE_FILL_AREA(#3441);
#3443=SURFACE_SIDE_STYLE('',(#3442));
#3444=SURFACE_STYLE_USAGE(.NEGATIVE.,#3443);
#3445=PRESENTATION_STYLE_ASSIGNMENT((#3439,#3444));
#3446=OVER_RIDING_STYLED_ITEM('',(#3445),#3434,#575);
#3447=CARTESIAN_POINT('',(6.792483672690E1,-2.229274122927E2,7.5E0));
#3448=DIRECTION('',(5.E-1,8.660254037844E-1,0.E0));
#3449=DIRECTION('',(8.660254037844E-1,-5.E-1,0.E0));
#3450=AXIS2_PLACEMENT_3D('',#3447,#3448,#3449);
#3451=CYLINDRICAL_SURFACE('',#3450,7.5E0);
#3452=ORIENTED_EDGE('',*,*,#2300,.T.);
#3453=ORIENTED_EDGE('',*,*,#2602,.F.);
#3454=ORIENTED_EDGE('',*,*,#3388,.T.);
#3455=ORIENTED_EDGE('',*,*,#3428,.T.);
#3456=EDGE_LOOP('',(#3452,#3453,#3454,#3455));
#3457=FACE_OUTER_BOUND('',#3456,.F.);
#3458=ADVANCED_FACE('',(#3457),#3451,.T.);
#3459=FILL_AREA_STYLE_COLOUR('',#7);
#3460=FILL_AREA_STYLE('',(#3459));
#3461=SURFACE_STYLE_FILL_AREA(#3460);
#3462=SURFACE_SIDE_STYLE('',(#3461));
#3463=SURFACE_STYLE_USAGE(.POSITIVE.,#3462);
#3464=FILL_AREA_STYLE_COLOUR('',#574);
#3465=FILL_AREA_STYLE('',(#3464));
#3466=SURFACE_STYLE_FILL_AREA(#3465);
#3467=SURFACE_SIDE_STYLE('',(#3466));
#3468=SURFACE_STYLE_USAGE(.NEGATIVE.,#3467);
#3469=PRESENTATION_STYLE_ASSIGNMENT((#3463,#3468));
#3470=OVER_RIDING_STYLED_ITEM('',(#3469),#3458,#575);
#3471=CARTESIAN_POINT('',(1.360045483917E2,-5.000989272466E1,0.E0));
#3472=DIRECTION('',(-2.884511499746E-1,-9.574946130806E-1,0.E0));
#3473=DIRECTION('',(-9.574946130806E-1,2.884511499746E-1,0.E0));
#3474=AXIS2_PLACEMENT_3D('',#3471,#3472,#3473);
#3475=PLANE('',#3474);
#3476=ORIENTED_EDGE('',*,*,#2596,.T.);
#3477=ORIENTED_EDGE('',*,*,#3117,.T.);
#3479=ORIENTED_EDGE('',*,*,#3478,.F.);
#3480=ORIENTED_EDGE('',*,*,#3372,.T.);
#3481=EDGE_LOOP('',(#3476,#3477,#3479,#3480));
#3482=FACE_OUTER_BOUND('',#3481,.F.);
#3483=ADVANCED_FACE('',(#3482),#3475,.T.);
#3484=CARTESIAN_POINT('',(0.E0,0.E0,5.E0));
#3485=DIRECTION('',(0.E0,0.E0,-1.E0));
#3486=DIRECTION('',(-1.E0,0.E0,0.E0));
#3487=AXIS2_PLACEMENT_3D('',#3484,#3485,#3486);
#3488=PLANE('',#3487);
#3489=ORIENTED_EDGE('',*,*,#3374,.F.);
#3490=ORIENTED_EDGE('',*,*,#3478,.T.);
#3491=ORIENTED_EDGE('',*,*,#3201,.T.);
#3492=ORIENTED_EDGE('',*,*,#3228,.T.);
#3493=ORIENTED_EDGE('',*,*,#3355,.T.);
#3494=EDGE_LOOP('',(#3489,#3490,#3491,#3492,#3493));
#3495=FACE_OUTER_BOUND('',#3494,.F.);
#3496=ADVANCED_FACE('',(#3495),#3488,.F.);
#3497=FILL_AREA_STYLE_COLOUR('',#7);
#3498=FILL_AREA_STYLE('',(#3497));
#3499=SURFACE_STYLE_FILL_AREA(#3498);
#3500=SURFACE_SIDE_STYLE('',(#3499));
#3501=SURFACE_STYLE_USAGE(.POSITIVE.,#3500);
#3502=FILL_AREA_STYLE_COLOUR('',#574);
#3503=FILL_AREA_STYLE('',(#3502));
#3504=SURFACE_STYLE_FILL_AREA(#3503);
#3505=SURFACE_SIDE_STYLE('',(#3504));
#3506=SURFACE_STYLE_USAGE(.NEGATIVE.,#3505);
#3507=PRESENTATION_STYLE_ASSIGNMENT((#3501,#3506));
#3508=OVER_RIDING_STYLED_ITEM('',(#3507),#3496,#575);
#3509=CARTESIAN_POINT('',(5.908846518073E1,-1.041889066002E1,7.5E1));
#3510=DIRECTION('',(-1.736481776669E-1,-9.848077530122E-1,0.E0));
#3511=DIRECTION('',(-9.848077530122E-1,1.736481776669E-1,0.E0));
#3512=AXIS2_PLACEMENT_3D('',#3509,#3510,#3511);
#3513=CYLINDRICAL_SURFACE('',#3512,2.5E1);
#3514=ORIENTED_EDGE('',*,*,#3236,.F.);
#3516=ORIENTED_EDGE('',*,*,#3515,.T.);
#3518=ORIENTED_EDGE('',*,*,#3517,.T.);
#3520=ORIENTED_EDGE('',*,*,#3519,.F.);
#3521=EDGE_LOOP('',(#3514,#3516,#3518,#3520));
#3522=FACE_OUTER_BOUND('',#3521,.F.);
#3523=ADVANCED_FACE('',(#3522),#3513,.T.);
#3524=CARTESIAN_POINT('',(5.908846518073E1,-1.041889066002E1,7.5E1));
#3525=DIRECTION('',(-1.736481776669E-1,-9.848077530122E-1,0.E0));
#3526=DIRECTION('',(-9.848077530122E-1,1.736481776669E-1,0.E0));
#3527=AXIS2_PLACEMENT_3D('',#3524,#3525,#3526);
#3528=CYLINDRICAL_SURFACE('',#3527,2.5E1);
#3529=ORIENTED_EDGE('',*,*,#3238,.F.);
#3530=ORIENTED_EDGE('',*,*,#3519,.T.);
#3532=ORIENTED_EDGE('',*,*,#3531,.T.);
#3533=ORIENTED_EDGE('',*,*,#3515,.F.);
#3534=EDGE_LOOP('',(#3529,#3530,#3532,#3533));
#3535=FACE_OUTER_BOUND('',#3534,.F.);
#3536=ADVANCED_FACE('',(#3535),#3528,.T.);
#3537=CARTESIAN_POINT('',(-3.472963553339E0,-1.969615506024E1,0.E0));
#3538=DIRECTION('',(-1.736481776669E-1,-9.848077530122E-1,0.E0));
#3539=DIRECTION('',(-9.848077530122E-1,1.736481776669E-1,0.E0));
#3540=AXIS2_PLACEMENT_3D('',#3537,#3538,#3539);
#3541=PLANE('',#3540);
#3542=ORIENTED_EDGE('',*,*,#3517,.F.);
#3543=ORIENTED_EDGE('',*,*,#3531,.F.);
#3544=EDGE_LOOP('',(#3542,#3543));
#3545=FACE_OUTER_BOUND('',#3544,.F.);
#3547=ORIENTED_EDGE('',*,*,#3546,.F.);
#3549=ORIENTED_EDGE('',*,*,#3548,.F.);
#3550=EDGE_LOOP('',(#3547,#3549));
#3551=FACE_BOUND('',#3550,.F.);
#3552=ADVANCED_FACE('',(#3545,#3551),#3541,.T.);
#3553=CARTESIAN_POINT('',(5.908846518073E1,-1.041889066002E1,7.5E1));
#3554=DIRECTION('',(-1.736481776669E-1,-9.848077530122E-1,0.E0));
#3555=DIRECTION('',(-9.848077530122E-1,1.736481776669E-1,0.E0));
#3556=AXIS2_PLACEMENT_3D('',#3553,#3554,#3555);
#3557=CYLINDRICAL_SURFACE('',#3556,1.6E1);
#3558=ORIENTED_EDGE('',*,*,#3250,.T.);
#3560=ORIENTED_EDGE('',*,*,#3559,.F.);
#3561=ORIENTED_EDGE('',*,*,#3546,.T.);
#3563=ORIENTED_EDGE('',*,*,#3562,.T.);
#3564=EDGE_LOOP('',(#3558,#3560,#3561,#3563));
#3565=FACE_OUTER_BOUND('',#3564,.F.);
#3566=ADVANCED_FACE('',(#3565),#3557,.F.);
#3567=CARTESIAN_POINT('',(6.893654271085E1,-1.215537243669E1,6.25E1));
#3568=DIRECTION('',(0.E0,0.E0,1.E0));
#3569=DIRECTION('',(-9.848077530122E-1,1.736481776669E-1,0.E0));
#3570=AXIS2_PLACEMENT_3D('',#3567,#3568,#3569);
#3571=PLANE('',#3570);
#3572=ORIENTED_EDGE('',*,*,#3248,.F.);
#3573=ORIENTED_EDGE('',*,*,#3562,.F.);
#3574=ORIENTED_EDGE('',*,*,#3548,.T.);
#3575=ORIENTED_EDGE('',*,*,#3559,.T.);
#3576=EDGE_LOOP('',(#3572,#3573,#3574,#3575));
#3577=FACE_OUTER_BOUND('',#3576,.F.);
#3578=ADVANCED_FACE('',(#3577),#3571,.T.);
#3579=CARTESIAN_POINT('',(-5.E0,1.809603119746E2,1.075E2));
#3580=DIRECTION('',(0.E0,-1.E0,0.E0));
#3581=DIRECTION('',(0.E0,0.E0,1.E0));
#3582=AXIS2_PLACEMENT_3D('',#3579,#3580,#3581);
#3583=CYLINDRICAL_SURFACE('',#3582,5.E0);
#3584=ORIENTED_EDGE('',*,*,#2762,.F.);
#3585=ORIENTED_EDGE('',*,*,#3134,.T.);
#3586=ORIENTED_EDGE('',*,*,#3177,.T.);
#3587=ORIENTED_EDGE('',*,*,#3194,.T.);
#3588=EDGE_LOOP('',(#3584,#3585,#3586,#3587));
#3589=FACE_OUTER_BOUND('',#3588,.F.);
#3590=ADVANCED_FACE('',(#3589),#3583,.F.);
#3591=CARTESIAN_POINT('',(1.523745540608E2,-3.165621118562E1,-1.9554E2));
#3592=DIRECTION('',(0.E0,0.E0,1.E0));
#3593=DIRECTION('',(-8.660254037844E-1,5.E-1,0.E0));
#3594=AXIS2_PLACEMENT_3D('',#3591,#3592,#3593);
#3595=CYLINDRICAL_SURFACE('',#3594,5.E0);
#3596=ORIENTED_EDGE('',*,*,#2382,.F.);
#3597=ORIENTED_EDGE('',*,*,#2848,.F.);
#3598=ORIENTED_EDGE('',*,*,#2503,.T.);
#3599=ORIENTED_EDGE('',*,*,#2160,.T.);
#3600=EDGE_LOOP('',(#3596,#3597,#3598,#3599));
#3601=FACE_OUTER_BOUND('',#3600,.F.);
#3602=ADVANCED_FACE('',(#3601),#3595,.F.);
#3603=FILL_AREA_STYLE_COLOUR('',#7);
#3604=FILL_AREA_STYLE('',(#3603));
#3605=SURFACE_STYLE_FILL_AREA(#3604);
#3606=SURFACE_SIDE_STYLE('',(#3605));
#3607=SURFACE_STYLE_USAGE(.POSITIVE.,#3606);
#3608=FILL_AREA_STYLE_COLOUR('',#574);
#3609=FILL_AREA_STYLE('',(#3608));
#3610=SURFACE_STYLE_FILL_AREA(#3609);
#3611=SURFACE_SIDE_STYLE('',(#3610));
#3612=SURFACE_STYLE_USAGE(.NEGATIVE.,#3611);
#3613=PRESENTATION_STYLE_ASSIGNMENT((#3607,#3612));
#3614=OVER_RIDING_STYLED_ITEM('',(#3613),#3602,#575);
#3617=FILL_AREA_STYLE_COLOUR('',#574);
#3618=FILL_AREA_STYLE('',(#3617));
#3619=SURFACE_STYLE_FILL_AREA(#3618);
#3620=SURFACE_SIDE_STYLE('',(#3619));
#3621=SURFACE_STYLE_USAGE(.BOTH.,#3620);
#3622=PRESENTATION_STYLE_ASSIGNMENT((#3621));
#575=STYLED_ITEM('',(#3622),#3616);
#3624=DIMENSIONAL_EXPONENTS(0.E0,0.E0,0.E0,0.E0,0.E0,0.E0,0.E0);
#3626=PLANE_ANGLE_MEASURE_WITH_UNIT(PLANE_ANGLE_MEASURE(1.745329251994E-2),
#3625);
#3627=(CONVERSION_BASED_UNIT('DEGREE',#3626)NAMED_UNIT(*)PLANE_ANGLE_UNIT());
#3629=UNCERTAINTY_MEASURE_WITH_UNIT(LENGTH_MEASURE(2.727187426823E-2),#3623,
'closure',
'Maximum model space distance between geometric entities at asserted connectivities');
#3630=(GEOMETRIC_REPRESENTATION_CONTEXT(3)GLOBAL_UNCERTAINTY_ASSIGNED_CONTEXT((
#3629))GLOBAL_UNIT_ASSIGNED_CONTEXT((#3623,#3627,#3628))REPRESENTATION_CONTEXT(
'ID2','3'));
#3631=CARTESIAN_POINT('',(0.E0,0.E0,0.E0));
#3632=DIRECTION('',(0.E0,0.E0,1.E0));
#3633=DIRECTION('',(1.E0,0.E0,0.E0));
#3636=MECHANICAL_CONTEXT('',#553,'mechanical');
#3637=PRODUCT('SAMPLE','SAMPLE','NOT SPECIFIED',(#3636));
#3638=PRODUCT_DEFINITION_FORMATION_WITH_SPECIFIED_SOURCE('9','LAST_VERSION',
#3637,.MADE.);
#3644=CARTESIAN_POINT('',(7.5E1,1.1E2,-6.E1));
#3645=DIRECTION('',(-1.E0,0.E0,0.E0));
#3646=DIRECTION('',(0.E0,1.736481776669E-1,9.848077530122E-1));
#3647=AXIS2_PLACEMENT_3D('',#3644,#3645,#3646);
#3648=ITEM_DEFINED_TRANSFORMATION('','',#3634,#3647);
#3649=(REPRESENTATION_RELATIONSHIP('','',#3635,#564)REPRESENTATION_RELATIONSHIP_WITH_TRANSFORMATION(#3648)SHAPE_REPRESENTATION_RELATIONSHIP());
#3650=CONTEXT_DEPENDENT_SHAPE_REPRESENTATION(#3649,#3643);
#3651=PRESENTATION_LAYER_ASSIGNMENT('LAYERS_ASM','',(#82,#359,#374,#388,#402,
#416,#430,#444,#458,#471,#493,#508,#521,#531,#575,#2166,#2193,#2223,#2251,#2277,
#2306,#2333,#2360,#2387,#2413,#2476,#2513,#2542,#2571,#2610,#2636,#2670,#2686,
#2712,#2740,#2774,#2792,#2824,#2855,#2881,#2905,#2931,#2956,#2985,#3010,#3041,
#3066,#3093,#3122,#3143,#3169,#3183,#3206,#3242,#3254,#3270,#3282,#3294,#3308,
#3322,#3335,#3347,#3361,#3378,#3395,#3408,#3434,#3458,#3483,#3496,#3523,#3536,
#3552,#3566,#3578,#3590,#3602));
#3653=DIMENSIONAL_EXPONENTS(0.E0,0.E0,0.E0,0.E0,0.E0,0.E0,0.E0);
#3655=PLANE_ANGLE_MEASURE_WITH_UNIT(PLANE_ANGLE_MEASURE(1.745329251994E-2),
#3654);
#3656=(CONVERSION_BASED_UNIT('DEGREE',#3655)NAMED_UNIT(*)PLANE_ANGLE_UNIT());
#3658=UNCERTAINTY_MEASURE_WITH_UNIT(LENGTH_MEASURE(3.243144574929E-2),#3652,
'closure',
'Maximum model space distance between geometric entities at asserted connectivities');
#3659=(GEOMETRIC_REPRESENTATION_CONTEXT(3)GLOBAL_UNCERTAINTY_ASSIGNED_CONTEXT((
#3658))GLOBAL_UNIT_ASSIGNED_CONTEXT((#3652,#3656,#3657))REPRESENTATION_CONTEXT(
'ID3','3'));
#3660=CARTESIAN_POINT('',(0.E0,0.E0,0.E0));
#3661=DIRECTION('',(0.E0,0.E0,1.E0));
#3662=DIRECTION('',(1.E0,0.E0,0.E0));
#3664=MECHANICAL_DESIGN_GEOMETRIC_PRESENTATION_REPRESENTATION('',(#90,#97,#104,
#111,#118,#125,#132,#139,#146,#153,#160,#167,#174,#181,#188,#195,#202,#209,#216,
#223,#230,#237,#244,#251,#258,#266,#273,#281,#288,#295,#82,#582,#589,#596,#603,
#610,#617,#624,#631,#638,#645,#652,#659,#667,#674,#681,#688,#701,#713,#720,#727,
#734,#741,#748,#755,#762,#769,#777,#785,#792,#799,#806,#813,#820,#828,#836,#850,
#864,#871,#878,#885,#892,#899,#906,#913,#920,#927,#934,#942,#949,#956,#963,#970,
#977,#984,#992,#999,#1006,#1013,#1021,#1035,#1056,#1063,#1070,#1077,#1098,#1112,
#1120,#1128,#1135,#1142,#1149,#1158,#1165,#1172,#1180,#1187,#1199,#1206,#1218,
#1225,#1232,#1239,#1246,#1253,#1260,#1267,#1274,#1281,#1288,#1296,#1303,#1310,
#1317,#1325,#1332,#1340,#1347,#1354,#1361,#1369,#1376,#1383,#1390,#1397,#1404,
#1411,#1418,#1425,#1432,#1440,#1448,#1455,#1462,#1470,#1477,#1484,#1491,#1498,
#1505,#1512,#1519,#1526,#1533,#1540,#1547,#1554,#1561,#1568,#1576,#1584,#1591,
#1598,#1605,#1616,#1623,#1630,#1641,#1648,#1655,#1662,#1669,#1676,#1683,#1690,
#1697,#1704,#1712,#1720,#1727,#1734,#1741,#1748,#1755,#1762,#1769,#1776,#1783,
#1790,#1797,#1804,#1811,#1819,#1827,#1834,#1842,#1849,#1857,#1864,#1872,#1880,
#1887,#1895,#2178,#2205,#2235,#2263,#2289,#2318,#2345,#2372,#2399,#2425,#2488,
#2525,#2554,#2583,#2622,#2648,#2698,#2724,#2752,#2804,#2836,#2867,#2893,#2917,
#2943,#2968,#2997,#3022,#3053,#3078,#3105,#3155,#3420,#3446,#3470,#3508,#3614,
#575),#3659);
#3665=DESIGN_CONTEXT('',#553,'design');
#3666=MECHANICAL_CONTEXT('',#553,'mechanical');
#3667=PRODUCT('ASM0001_ASM','ASM0001_ASM','NOT SPECIFIED',(#3666));
#3668=PRODUCT_DEFINITION_FORMATION_WITH_SPECIFIED_SOURCE('1','LAST_VERSION',
#3667,.MADE.);
#3670=PRODUCT_CATEGORY('part','');
#3671=PRODUCT_RELATED_PRODUCT_CATEGORY('assembly','',(#3667));
#3672=PRODUCT_CATEGORY_RELATIONSHIP('','',#3670,#3671);
#3673=PRODUCT_CATEGORY('part','');
#3674=PRODUCT_RELATED_PRODUCT_CATEGORY('detail','',(#557,#3637));
#3675=PRODUCT_CATEGORY_RELATIONSHIP('','',#3673,#3674);
#3676=SECURITY_CLASSIFICATION_LEVEL('unclassified');
#3677=SECURITY_CLASSIFICATION('','',#3676);
#3678=CC_DESIGN_SECURITY_CLASSIFICATION(#3677,(#558,#3638,#3668,#565,#3642));
#3679=APPROVAL_STATUS('approved');
#3680=APPROVAL(#3679,'');
#3681=CC_DESIGN_APPROVAL(#3680,(#3677,#558,#3638,#3668,#559,#3639,#3669));
#3682=CALENDAR_DATE(125,24,11);
#3683=COORDINATED_UNIVERSAL_TIME_OFFSET(9,0,.AHEAD.);
#3684=LOCAL_TIME(8,47,3.2E1,#3683);
#3685=DATE_AND_TIME(#3682,#3684);
#3686=APPROVAL_DATE_TIME(#3685,#3680);
#3687=DATE_TIME_ROLE('creation_date');
#3688=CC_DESIGN_DATE_AND_TIME_ASSIGNMENT(#3685,#3687,(#559,#3639,#3669));
#3689=DATE_TIME_ROLE('classification_date');
#3690=CC_DESIGN_DATE_AND_TIME_ASSIGNMENT(#3685,#3689,(#3677));
#3691=PERSON('UNSPECIFIED','UNSPECIFIED',$,$,$,$);
#3692=ORGANIZATION('UNSPECIFIED','UNSPECIFIED','UNSPECIFIED');
#3693=PERSON_AND_ORGANIZATION(#3691,#3692);
#3694=APPROVAL_ROLE('approver');
#3695=APPROVAL_PERSON_ORGANIZATION(#3693,#3680,#3694);
#3696=PERSON_AND_ORGANIZATION_ROLE('creator');
#3697=CC_DESIGN_PERSON_AND_ORGANIZATION_ASSIGNMENT(#3693,#3696,(#558,#3638,
#3668,#559,#3639,#3669));
#3698=PERSON_AND_ORGANIZATION_ROLE('design_supplier');
#3699=CC_DESIGN_PERSON_AND_ORGANIZATION_ASSIGNMENT(#3693,#3698,(#558,#3638,
#3668));
#3700=PERSON_AND_ORGANIZATION_ROLE('classification_officer');
#3701=CC_DESIGN_PERSON_AND_ORGANIZATION_ASSIGNMENT(#3693,#3700,(#3677));
#3702=PERSON_AND_ORGANIZATION_ROLE('design_owner');
#3703=CC_DESIGN_PERSON_AND_ORGANIZATION_ASSIGNMENT(#3693,#3702,(#3667,#557,
#3637));
#1=COLOUR_RGB('',0.E0,0.E0,6.E-1);
#2=COLOUR_RGB('',0.E0,0.E0,9.5E-1);
#3=COLOUR_RGB('',0.E0,6.E-1,0.E0);
#4=COLOUR_RGB('',0.E0,6.E-1,6.E-1);
#5=COLOUR_RGB('',0.E0,9.5E-1,0.E0);
#6=COLOUR_RGB('',0.E0,9.5E-1,9.5E-1);
#7=DRAUGHTING_PRE_DEFINED_COLOUR('green');
#8=DRAUGHTING_PRE_DEFINED_COLOUR('cyan');
#9=COLOUR_RGB('',1.1E-2,1.2E-2,1.E0);
#10=COLOUR_RGB('',1.2E-1,1.2E-1,6.E-1);
#11=COLOUR_RGB('',1.2E-1,6.E-1,1.2E-1);
#12=COLOUR_RGB('',1.2E-1,6.E-1,6.E-1);
#13=COLOUR_RGB('',1.7E-1,1.7E-1,8.1E-1);
#14=COLOUR_RGB('',1.9E-1,1.9E-1,9.5E-1);
#15=COLOUR_RGB('',1.9E-1,7.8E-1,8.9E-1);
#16=COLOUR_RGB('',1.9E-1,9.5E-1,1.9E-1);
#17=COLOUR_RGB('',1.9E-1,9.5E-1,9.5E-1);
#18=COLOUR_RGB('',2.4E-1,2.4E-1,6.E-1);
#19=COLOUR_RGB('',2.4E-1,6.E-1,2.4E-1);
#20=COLOUR_RGB('',2.4E-1,6.E-1,6.E-1);
#21=COLOUR_RGB('',3.6E-1,3.6E-1,6.E-1);
#22=COLOUR_RGB('',3.6E-1,6.E-1,3.6E-1);
#23=COLOUR_RGB('',3.6E-1,6.E-1,6.E-1);
#24=COLOUR_RGB('',3.8E-1,3.8E-1,9.5E-1);
#25=COLOUR_RGB('',3.8E-1,9.5E-1,3.8E-1);
#26=COLOUR_RGB('',3.8E-1,9.5E-1,9.5E-1);
#27=COLOUR_RGB('',3.92E-1,1.2E-2,1.2E-2);
#28=COLOUR_RGB('',4.3E-1,1.8E-1,4.7E-1);
#29=COLOUR_RGB('',4.3E-1,4.3E-1,4.3E-1);
#30=COLOUR_RGB('',4.6E-1,4.6E-1,0.E0);
#31=COLOUR_RGB('',4.7E-1,7.7E-1,7.9E-1);
#32=COLOUR_RGB('',4.8E-1,4.8E-1,6.E-1);
#33=COLOUR_RGB('',4.8E-1,6.E-1,4.8E-1);
#34=COLOUR_RGB('',4.8E-1,6.E-1,6.E-1);
#35=COLOUR_RGB('',5.6E-1,1.E0,1.E0);
#36=COLOUR_RGB('',5.7E-1,5.7E-1,9.5E-1);
#37=COLOUR_RGB('',5.7E-1,9.5E-1,5.7E-1);
#38=COLOUR_RGB('',5.7E-1,9.5E-1,9.5E-1);
#39=COLOUR_RGB('',6.E-1,0.E0,0.E0);
#40=COLOUR_RGB('',6.E-1,0.E0,6.E-1);
#41=COLOUR_RGB('',6.E-1,1.2E-1,1.2E-1);
#42=COLOUR_RGB('',6.E-1,1.2E-1,6.E-1);
#43=COLOUR_RGB('',6.E-1,2.4E-1,2.4E-1);
#44=COLOUR_RGB('',6.E-1,2.4E-1,6.E-1);
#45=COLOUR_RGB('',6.E-1,3.6E-1,3.6E-1);
#46=COLOUR_RGB('',6.E-1,3.6E-1,6.E-1);
#47=COLOUR_RGB('',6.E-1,4.8E-1,4.8E-1);
#48=COLOUR_RGB('',6.E-1,4.8E-1,6.E-1);
#49=COLOUR_RGB('',6.E-1,6.E-1,1.2E-1);
#50=COLOUR_RGB('',6.E-1,6.E-1,2.4E-1);
#51=COLOUR_RGB('',6.E-1,6.E-1,3.6E-1);
#52=COLOUR_RGB('',6.E-1,6.E-1,4.8E-1);
#53=COLOUR_RGB('',6.E-1,6.E-1,6.E-1);
#54=COLOUR_RGB('',6.35294E-1,6.86275E-1,7.4902E-1);
#55=COLOUR_RGB('',7.6E-1,7.6E-1,9.5E-1);
#56=COLOUR_RGB('',7.6E-1,9.5E-1,7.6E-1);
#57=COLOUR_RGB('',7.6E-1,9.5E-1,9.5E-1);
#58=COLOUR_RGB('',9.5E-1,0.E0,9.5E-1);
#59=COLOUR_RGB('',9.5E-1,1.9E-1,1.9E-1);
#60=COLOUR_RGB('',9.5E-1,1.9E-1,9.5E-1);
#61=COLOUR_RGB('',9.5E-1,3.8E-1,3.8E-1);
#62=COLOUR_RGB('',9.5E-1,3.8E-1,9.5E-1);
#63=COLOUR_RGB('',9.5E-1,5.7E-1,5.7E-1);
#64=COLOUR_RGB('',9.5E-1,5.7E-1,9.5E-1);
#65=COLOUR_RGB('',9.5E-1,7.57E-1,7.6E-1);
#66=COLOUR_RGB('',9.5E-1,7.6E-1,9.5E-1);
#67=COLOUR_RGB('',9.5E-1,9.5E-1,0.E0);
#68=COLOUR_RGB('',9.5E-1,9.5E-1,1.9E-1);
#69=COLOUR_RGB('',9.5E-1,9.5E-1,3.8E-1);
#70=COLOUR_RGB('',9.5E-1,9.5E-1,5.7E-1);
#71=COLOUR_RGB('',9.5E-1,9.5E-1,7.6E-1);
#72=COLOUR_RGB('',9.6E-1,9.6E-1,9.6E-1);
#73=COLOUR_RGB('',9.8E-1,6.27E-1,0.E0);
#74=DRAUGHTING_PRE_DEFINED_COLOUR('red');
#75=COLOUR_RGB('',1.E0,5.5E-1,1.E0);
#76=COLOUR_RGB('',1.E0,8.4E-1,0.E0);
#77=DRAUGHTING_PRE_DEFINED_COLOUR('yellow');
#78=COLOUR_RGB('',1.E0,1.E0,5.8E-1);
#79=COLOUR_RGB('',1.E0,1.E0,9.49E-1);
#80=DRAUGHTING_PRE_DEFINED_COLOUR('white');
#81=COLOUR_RGB('',6.66667E-1,6.39216E-1,6.19608E-1);
#263=CIRCLE('',#262,1.5E1);
#278=CIRCLE('',#277,1.5E1);
#341=EDGE_CURVE('',#306,#307,#86,.T.);
#343=EDGE_CURVE('',#306,#315,#94,.T.);
#345=EDGE_CURVE('',#314,#315,#101,.T.);
#347=EDGE_CURVE('',#314,#323,#108,.T.);
#349=EDGE_CURVE('',#322,#323,#115,.T.);
#351=EDGE_CURVE('',#322,#331,#122,.T.);
#353=EDGE_CURVE('',#330,#331,#129,.T.);
#355=EDGE_CURVE('',#330,#307,#136,.T.);
#366=EDGE_CURVE('',#309,#307,#143,.T.);
#368=EDGE_CURVE('',#309,#311,#206,.T.);
#370=EDGE_CURVE('',#311,#306,#185,.T.);
#382=EDGE_CURVE('',#335,#330,#150,.T.);
#384=EDGE_CURVE('',#335,#309,#213,.T.);
#395=EDGE_CURVE('',#333,#331,#164,.T.);
#397=EDGE_CURVE('',#333,#335,#220,.T.);
#408=EDGE_CURVE('',#327,#322,#157,.T.);
#410=EDGE_CURVE('',#327,#333,#227,.T.);
#423=EDGE_CURVE('',#325,#323,#178,.T.);
#425=EDGE_CURVE('',#325,#327,#234,.T.);
#436=EDGE_CURVE('',#319,#314,#171,.T.);
#438=EDGE_CURVE('',#319,#325,#241,.T.);
#451=EDGE_CURVE('',#317,#315,#192,.T.);
#453=EDGE_CURVE('',#317,#319,#248,.T.);
#465=EDGE_CURVE('',#311,#317,#255,.T.);
#487=EDGE_CURVE('',#301,#303,#263,.T.);
#489=EDGE_CURVE('',#303,#301,#199,.T.);
#500=EDGE_CURVE('',#303,#298,#270,.T.);
#502=EDGE_CURVE('',#298,#299,#278,.T.);
#504=EDGE_CURVE('',#301,#299,#285,.T.);
#514=EDGE_CURVE('',#298,#299,#292,.T.);
#532=CLOSED_SHELL('',(#359,#374,#388,#402,#416,#430,#444,#458,#471,#493,#508,
#521,#531));
#533=MANIFOLD_SOLID_BREP('',#532);
#540=(LENGTH_UNIT()NAMED_UNIT(*)SI_UNIT(.MILLI.,.METRE.));
#542=(NAMED_UNIT(*)PLANE_ANGLE_UNIT()SI_UNIT($,.RADIAN.));
#545=(NAMED_UNIT(*)SI_UNIT($,.STERADIAN.)SOLID_ANGLE_UNIT());
#551=AXIS2_PLACEMENT_3D('',#548,#549,#550);
#552=ADVANCED_BREP_SHAPE_REPRESENTATION('',(#551,#533),#547);
#559=PRODUCT_DEFINITION('design','',#558,#555);
#560=PRODUCT_DEFINITION_SHAPE('','SHAPE FOR SAMPLE_BRACKET.',#559);
#561=SHAPE_DEFINITION_REPRESENTATION(#560,#552);
#562=SHAPE_DEFINITION_REPRESENTATION(#563,#564);
#563=PRODUCT_DEFINITION_SHAPE('','SHAPE FOR ASM0001_ASM.',#3669);
#564=SHAPE_REPRESENTATION('',(#570,#3647,#3663),#3659);
#565=NEXT_ASSEMBLY_USAGE_OCCURRENCE('0','Next assembly relationship',
'SAMPLE_BRACKET',#3669,#559,$);
#566=PRODUCT_DEFINITION_SHAPE('Placement #0',
'Placement of SAMPLE_BRACKET with respect to ASM0001_ASM',#565);
#574=COLOUR_RGB('',6.66667E-1,6.39216E-1,6.19608E-1);
#664=CIRCLE('',#663,5.E0);
#698=B_SPLINE_CURVE_WITH_KNOTS('',3,(#689,#690,#691,#692,#693,#694,#695,#696,
#697),.UNSPECIFIED.,.F.,.F.,(4,1,1,1,1,1,4),(0.E0,2.5E-1,5.E-1,6.25E-1,7.5E-1,
8.75E-1,1.E0),.UNSPECIFIED.);
#710=B_SPLINE_CURVE_WITH_KNOTS('',3,(#702,#703,#704,#705,#706,#707,#708,#709),
.UNSPECIFIED.,.F.,.F.,(4,1,1,1,1,4),(0.E0,1.25E-1,2.5E-1,5.E-1,7.5E-1,1.E0),
.UNSPECIFIED.);
#774=CIRCLE('',#773,7.5E0);
#782=CIRCLE('',#781,1.E1);
#825=CIRCLE('',#824,7.5E0);
#833=CIRCLE('',#832,7.5E0);
#847=B_SPLINE_CURVE_WITH_KNOTS('',3,(#837,#838,#839,#840,#841,#842,#843,#844,
#845,#846),.UNSPECIFIED.,.F.,.F.,(4,1,1,1,1,1,1,4),(0.E0,1.428571428571E-1,
2.857142857143E-1,4.285714285714E-1,5.714285714286E-1,7.142857142857E-1,
8.571428571429E-1,1.E0),.UNSPECIFIED.);
#861=B_SPLINE_CURVE_WITH_KNOTS('',3,(#851,#852,#853,#854,#855,#856,#857,#858,
#859,#860),.UNSPECIFIED.,.F.,.F.,(4,1,1,1,1,1,1,4),(0.E0,1.428571428571E-1,
2.857142857143E-1,4.285714285714E-1,5.714285714286E-1,7.142857142857E-1,
8.571428571429E-1,1.E0),.UNSPECIFIED.);
#939=CIRCLE('',#938,1.E1);
#989=CIRCLE('',#988,1.E1);
#1018=CIRCLE('',#1017,1.25E1);
#1032=B_SPLINE_CURVE_WITH_KNOTS('',3,(#1022,#1023,#1024,#1025,#1026,#1027,#1028,
#1029,#1030,#1031),.UNSPECIFIED.,.F.,.F.,(4,1,1,1,1,1,1,4),(0.E0,
1.428571428571E-1,2.857142857143E-1,4.285714285714E-1,5.714285714286E-1,
7.142857142857E-1,8.571428571429E-1,1.E0),.UNSPECIFIED.);
#1053=B_SPLINE_CURVE_WITH_KNOTS('',3,(#1036,#1037,#1038,#1039,#1040,#1041,#1042,
#1043,#1044,#1045,#1046,#1047,#1048,#1049,#1050,#1051,#1052),.UNSPECIFIED.,.F.,
.F.,(4,1,1,1,1,1,1,1,1,1,1,1,1,1,4),(0.E0,1.25E-1,2.5E-1,3.75E-1,5.E-1,6.25E-1,
6.875E-1,7.5E-1,8.125E-1,8.75E-1,9.0625E-1,9.375E-1,9.6875E-1,9.84375E-1,1.E0),
.UNSPECIFIED.);
#1095=B_SPLINE_CURVE_WITH_KNOTS('',3,(#1078,#1079,#1080,#1081,#1082,#1083,#1084,
#1085,#1086,#1087,#1088,#1089,#1090,#1091,#1092,#1093,#1094),.UNSPECIFIED.,.F.,
.F.,(4,1,1,1,1,1,1,1,1,1,1,1,1,1,4),(0.E0,1.5625E-2,3.125E-2,6.25E-2,9.375E-2,
1.25E-1,1.875E-1,2.5E-1,3.125E-1,3.75E-1,5.E-1,6.25E-1,7.5E-1,8.75E-1,1.E0),
.UNSPECIFIED.);
#1109=B_SPLINE_CURVE_WITH_KNOTS('',3,(#1099,#1100,#1101,#1102,#1103,#1104,#1105,
#1106,#1107,#1108),.UNSPECIFIED.,.F.,.F.,(4,1,1,1,1,1,1,4),(0.E0,
1.428571428571E-1,2.857142857143E-1,4.285714285714E-1,5.714285714286E-1,
7.142857142857E-1,8.571428571429E-1,1.E0),.UNSPECIFIED.);
#1117=CIRCLE('',#1116,1.25E1);
#1125=CIRCLE('',#1124,1.E1);
#1155=B_SPLINE_CURVE_WITH_KNOTS('',3,(#1150,#1151,#1152,#1153,#1154),
.UNSPECIFIED.,.F.,.F.,(4,1,4),(0.E0,5.E-1,1.E0),.UNSPECIFIED.);
#1177=B_SPLINE_CURVE_WITH_KNOTS('',3,(#1173,#1174,#1175,#1176),.UNSPECIFIED.,
.F.,.F.,(4,4),(0.E0,1.E0),.UNSPECIFIED.);
#1196=B_SPLINE_CURVE_WITH_KNOTS('',3,(#1188,#1189,#1190,#1191,#1192,#1193,#1194,
#1195),.UNSPECIFIED.,.F.,.F.,(4,1,1,1,1,4),(0.E0,1.25E-1,2.5E-1,5.E-1,7.5E-1,
1.E0),.UNSPECIFIED.);
#1215=B_SPLINE_CURVE_WITH_KNOTS('',3,(#1207,#1208,#1209,#1210,#1211,#1212,#1213,
#1214),.UNSPECIFIED.,.F.,.F.,(4,1,1,1,1,4),(0.E0,2.5E-1,5.E-1,7.5E-1,8.75E-1,
1.E0),.UNSPECIFIED.);
#1293=B_SPLINE_CURVE_WITH_KNOTS('',3,(#1289,#1290,#1291,#1292),.UNSPECIFIED.,
.F.,.F.,(4,4),(0.E0,1.E0),.UNSPECIFIED.);
#1322=B_SPLINE_CURVE_WITH_KNOTS('',3,(#1318,#1319,#1320,#1321),.UNSPECIFIED.,
.F.,.F.,(4,4),(0.E0,1.E0),.UNSPECIFIED.);
#1337=B_SPLINE_CURVE_WITH_KNOTS('',3,(#1333,#1334,#1335,#1336),.UNSPECIFIED.,
.F.,.F.,(4,4),(0.E0,1.E0),.UNSPECIFIED.);
#1366=CIRCLE('',#1365,7.5E0);
#1437=CIRCLE('',#1436,5.E0);
#1445=CIRCLE('',#1444,5.E0);
#1467=CIRCLE('',#1466,7.5E0);
#1573=CIRCLE('',#1572,2.5E1);
#1581=CIRCLE('',#1580,2.5E1);
#1613=B_SPLINE_CURVE_WITH_KNOTS('',3,(#1606,#1607,#1608,#1609,#1610,#1611,
#1612),.UNSPECIFIED.,.F.,.F.,(4,1,1,1,4),(0.E0,2.5E-1,5.E-1,7.5E-1,1.E0),
.UNSPECIFIED.);
#1638=B_SPLINE_CURVE_WITH_KNOTS('',3,(#1631,#1632,#1633,#1634,#1635,#1636,
#1637),.UNSPECIFIED.,.F.,.F.,(4,1,1,1,4),(0.E0,2.5E-1,5.E-1,7.5E-1,1.E0),
.UNSPECIFIED.);
#1709=CIRCLE('',#1708,7.5E0);
#1717=CIRCLE('',#1716,7.5E0);
#1816=CIRCLE('',#1815,2.5E1);
#1824=CIRCLE('',#1823,2.5E1);
#1839=CIRCLE('',#1838,1.6E1);
#1854=CIRCLE('',#1853,1.6E1);
#1869=CIRCLE('',#1868,5.E0);
#1877=CIRCLE('',#1876,5.E0);
#1892=CIRCLE('',#1891,5.E0);
#2120=EDGE_CURVE('',#2050,#1944,#579,.T.);
#2122=EDGE_CURVE('',#2057,#2050,#717,.T.);
#2124=EDGE_CURVE('',#2057,#1967,#586,.T.);
#2126=EDGE_CURVE('',#1934,#1967,#1738,.T.);
#2128=EDGE_CURVE('',#1939,#1934,#1701,.T.);
#2130=EDGE_CURVE('',#1907,#1939,#593,.T.);
#2132=EDGE_CURVE('',#1931,#1907,#600,.T.);
#2134=EDGE_CURVE('',#1919,#1931,#607,.T.);
#2136=EDGE_CURVE('',#1918,#1919,#614,.T.);
#2138=EDGE_CURVE('',#1929,#1918,#621,.T.);
#2140=EDGE_CURVE('',#1915,#1929,#628,.T.);
#2142=EDGE_CURVE('',#1960,#1915,#635,.T.);
#2144=EDGE_CURVE('',#1960,#1961,#642,.T.);
#2146=EDGE_CURVE('',#1961,#1973,#1358,.T.);
#2148=EDGE_CURVE('',#1902,#1973,#649,.T.);
#2150=EDGE_CURVE('',#1902,#1903,#1278,.T.);
#2152=EDGE_CURVE('',#1975,#1903,#656,.T.);
#2154=EDGE_CURVE('',#1975,#1971,#1236,.T.);
#2156=EDGE_CURVE('',#1970,#1971,#664,.T.);
#2158=EDGE_CURVE('',#1957,#1970,#817,.T.);
#2160=EDGE_CURVE('',#1951,#1957,#1892,.T.);
#2162=EDGE_CURVE('',#1944,#1951,#671,.T.);
#2184=EDGE_CURVE('',#2049,#2050,#678,.T.);
#2187=EDGE_CURVE('',#1944,#1945,#875,.T.);
#2189=EDGE_CURVE('',#2049,#1945,#724,.T.);
#2212=EDGE_CURVE('',#2049,#2056,#685,.T.);
#2214=EDGE_CURVE('',#2056,#2053,#698,.T.);
#2216=EDGE_CURVE('',#2053,#2054,#1745,.T.);
#2218=EDGE_CURVE('',#2054,#2057,#710,.T.);
#2241=EDGE_CURVE('',#2056,#1991,#752,.T.);
#2245=EDGE_CURVE('',#1945,#1953,#731,.T.);
#2247=EDGE_CURVE('',#1991,#1953,#738,.T.);
#2269=EDGE_CURVE('',#1989,#2053,#745,.T.);
#2273=EDGE_CURVE('',#1991,#1989,#861,.T.);
#2296=EDGE_CURVE('',#1988,#1989,#759,.T.);
#2298=EDGE_CURVE('',#1988,#1993,#766,.T.);
#2300=EDGE_CURVE('',#2046,#1993,#774,.T.);
#2302=EDGE_CURVE('',#2046,#2053,#1752,.T.);
#2324=EDGE_CURVE('',#1984,#1985,#789,.T.);
#2326=EDGE_CURVE('',#1984,#1988,#782,.T.);
#2329=EDGE_CURVE('',#1989,#1985,#847,.T.);
#2352=EDGE_CURVE('',#1985,#1955,#796,.T.);
#2354=EDGE_CURVE('',#1898,#1955,#868,.T.);
#2356=EDGE_CURVE('',#1898,#1984,#803,.T.);
#2378=EDGE_CURVE('',#2019,#1970,#1250,.T.);
#2380=EDGE_CURVE('',#2018,#2019,#1203,.T.);
#2382=EDGE_CURVE('',#2018,#1957,#810,.T.);
#2406=EDGE_CURVE('',#1991,#1985,#825,.T.);
#2409=EDGE_CURVE('',#1953,#1955,#833,.T.);
#2494=EDGE_CURVE('',#1899,#2107,#896,.T.);
#2496=EDGE_CURVE('',#1898,#1899,#981,.T.);
#2503=EDGE_CURVE('',#2027,#1951,#1884,.T.);
#2505=EDGE_CURVE('',#2026,#2027,#882,.T.);
#2507=EDGE_CURVE('',#2098,#2026,#924,.T.);
#2509=EDGE_CURVE('',#2107,#2098,#889,.T.);
#2531=EDGE_CURVE('',#1899,#2075,#931,.T.);
#2534=EDGE_CURVE('',#2111,#2107,#1053,.T.);
#2536=EDGE_CURVE('',#2081,#2111,#996,.T.);
#2538=EDGE_CURVE('',#2081,#2075,#903,.T.);
#2560=EDGE_CURVE('',#2026,#2077,#910,.T.);
#2562=EDGE_CURVE('',#2077,#2094,#917,.T.);
#2564=EDGE_CURVE('',#2102,#2094,#1146,.T.);
#2566=EDGE_CURVE('',#2098,#2102,#1095,.T.);
#2590=EDGE_CURVE('',#2079,#2075,#939,.T.);
#2592=EDGE_CURVE('',#2079,#2042,#946,.T.);
#2594=EDGE_CURVE('',#2042,#2007,#953,.T.);
#2596=EDGE_CURVE('',#1941,#2007,#960,.T.);
#2598=EDGE_CURVE('',#1941,#1935,#967,.T.);
#2600=EDGE_CURVE('',#1981,#1935,#1724,.T.);
#2602=EDGE_CURVE('',#1981,#1993,#974,.T.);
#2630=EDGE_CURVE('',#2081,#2083,#989,.T.);
#2632=EDGE_CURVE('',#2083,#2079,#1394,.T.);
#2656=EDGE_CURVE('',#2110,#2111,#1003,.T.);
#2658=EDGE_CURVE('',#1947,#2110,#1595,.T.);
#2660=EDGE_CURVE('',#1911,#1947,#1565,.T.);
#2662=EDGE_CURVE('',#1911,#1995,#1495,.T.);
#2664=EDGE_CURVE('',#2009,#1995,#1010,.T.);
#2666=EDGE_CURVE('',#2083,#2009,#1401,.T.);
#2676=EDGE_CURVE('',#2106,#2107,#1074,.T.);
#2678=EDGE_CURVE('',#2106,#2114,#1018,.T.);
#2680=EDGE_CURVE('',#2114,#2110,#1032,.T.);
#2704=EDGE_CURVE('',#2098,#2099,#1060,.T.);
#2706=EDGE_CURVE('',#2099,#2106,#1067,.T.);
#2732=EDGE_CURVE('',#2102,#2103,#1139,.T.);
#2734=EDGE_CURVE('',#2103,#2112,#1109,.T.);
#2736=EDGE_CURVE('',#2112,#2099,#1117,.T.);
#2758=EDGE_CURVE('',#2093,#2094,#1125,.T.);
#2760=EDGE_CURVE('',#2093,#2011,#1415,.T.);
#2762=EDGE_CURVE('',#2011,#2001,#1132,.T.);
#2764=EDGE_CURVE('',#1914,#2001,#1481,.T.);
#2766=EDGE_CURVE('',#1914,#1949,#1530,.T.);
#2768=EDGE_CURVE('',#2103,#1949,#1627,.T.);
#2782=EDGE_CURVE('',#2077,#2086,#1177,.T.);
#2784=EDGE_CURVE('',#2086,#2090,#1155,.T.);
#2786=EDGE_CURVE('',#2090,#2095,#1337,.T.);
#2788=EDGE_CURVE('',#2095,#2093,#1422,.T.);
#2811=EDGE_CURVE('',#2040,#2026,#1184,.T.);
#2813=EDGE_CURVE('',#2040,#2030,#1162,.T.);
#2815=EDGE_CURVE('',#2030,#2031,#1264,.T.);
#2817=EDGE_CURVE('',#2031,#2087,#1300,.T.);
#2819=EDGE_CURVE('',#2086,#2087,#1169,.T.);
#2842=EDGE_CURVE('',#2022,#2023,#1222,.T.);
#2844=EDGE_CURVE('',#2022,#2040,#1257,.T.);
#2848=EDGE_CURVE('',#2027,#2018,#1196,.T.);
#2851=EDGE_CURVE('',#2019,#2023,#1215,.T.);
#2874=EDGE_CURVE('',#1971,#2023,#1229,.T.);
#2877=EDGE_CURVE('',#1975,#2022,#1243,.T.);
#2923=EDGE_CURVE('',#1903,#2030,#1271,.T.);
#2952=EDGE_CURVE('',#1902,#2031,#1285,.T.);
#2974=EDGE_CURVE('',#2088,#2087,#1293,.T.);
#2979=EDGE_CURVE('',#1973,#2034,#1351,.T.);
#2981=EDGE_CURVE('',#2088,#2034,#1314,.T.);
#3005=EDGE_CURVE('',#2090,#2088,#1307,.T.);
#3030=EDGE_CURVE('',#2034,#2035,#1344,.T.);
#3032=EDGE_CURVE('',#2035,#2036,#1322,.T.);
#3034=EDGE_CURVE('',#2036,#2038,#1329,.T.);
#3036=EDGE_CURVE('',#2095,#2038,#1429,.T.);
#3062=EDGE_CURVE('',#2035,#1961,#1366,.T.);
#3084=EDGE_CURVE('',#2036,#1963,#1380,.T.);
#3089=EDGE_CURVE('',#1960,#1963,#1467,.T.);
#3111=EDGE_CURVE('',#2042,#2038,#1373,.T.);
#3115=EDGE_CURVE('',#1977,#1963,#1516,.T.);
#3117=EDGE_CURVE('',#2007,#1977,#1387,.T.);
#3130=EDGE_CURVE('',#2004,#2009,#1437,.T.);
#3132=EDGE_CURVE('',#2004,#2005,#1408,.T.);
#3134=EDGE_CURVE('',#2011,#2005,#1869,.T.);
#3161=EDGE_CURVE('',#2004,#1998,#1459,.T.);
#3165=EDGE_CURVE('',#1995,#1998,#1445,.T.);
#3175=EDGE_CURVE('',#1998,#1999,#1488,.T.);
#3177=EDGE_CURVE('',#2005,#1999,#1452,.T.);
#3191=EDGE_CURVE('',#1914,#1915,#1474,.T.);
#3194=EDGE_CURVE('',#1999,#2001,#1877,.T.);
#3199=EDGE_CURVE('',#1910,#1911,#1502,.T.);
#3201=EDGE_CURVE('',#1977,#1910,#1509,.T.);
#3212=EDGE_CURVE('',#2014,#2015,#1523,.T.);
#3214=EDGE_CURVE('',#1949,#2014,#1638,.T.);
#3219=EDGE_CURVE('',#1929,#1926,#1537,.T.);
#3221=EDGE_CURVE('',#1926,#1927,#1544,.T.);
#3223=EDGE_CURVE('',#1931,#1927,#1551,.T.);
#3226=EDGE_CURVE('',#1906,#1907,#1694,.T.);
#3228=EDGE_CURVE('',#1910,#1906,#1558,.T.);
#3232=EDGE_CURVE('',#2015,#1947,#1613,.T.);
#3236=EDGE_CURVE('',#2064,#2065,#1573,.T.);
#3238=EDGE_CURVE('',#2065,#2064,#1581,.T.);
#3248=EDGE_CURVE('',#2068,#2069,#1588,.T.);
#3250=EDGE_CURVE('',#2068,#2069,#1839,.T.);
#3260=EDGE_CURVE('',#2114,#2015,#1602,.T.);
#3265=EDGE_CURVE('',#2014,#2112,#1620,.T.);
#3302=EDGE_CURVE('',#1918,#1922,#1645,.T.);
#3304=EDGE_CURVE('',#1926,#1922,#1659,.T.);
#3315=EDGE_CURVE('',#1919,#1923,#1652,.T.);
#3317=EDGE_CURVE('',#1922,#1923,#1666,.T.);
#3329=EDGE_CURVE('',#1923,#1927,#1673,.T.);
#3353=EDGE_CURVE('',#1938,#1939,#1680,.T.);
#3355=EDGE_CURVE('',#1906,#1938,#1687,.T.);
#3369=EDGE_CURVE('',#1934,#1935,#1731,.T.);
#3372=EDGE_CURVE('',#2044,#1941,#1780,.T.);
#3374=EDGE_CURVE('',#2044,#1938,#1787,.T.);
#3384=EDGE_CURVE('',#1966,#1967,#1709,.T.);
#3386=EDGE_CURVE('',#1966,#1979,#1766,.T.);
#3388=EDGE_CURVE('',#1981,#1979,#1717,.T.);
#3403=EDGE_CURVE('',#2054,#1966,#1773,.T.);
#3428=EDGE_CURVE('',#1979,#2046,#1759,.T.);
#3478=EDGE_CURVE('',#2044,#1977,#1794,.T.);
#3515=EDGE_CURVE('',#2064,#2060,#1801,.T.);
#3517=EDGE_CURVE('',#2060,#2061,#1816,.T.);
#3519=EDGE_CURVE('',#2065,#2061,#1808,.T.);
#3531=EDGE_CURVE('',#2061,#2060,#1824,.T.);
#3546=EDGE_CURVE('',#2073,#2071,#1854,.T.);
#3548=EDGE_CURVE('',#2071,#2073,#1831,.T.);
#3559=EDGE_CURVE('',#2073,#2069,#1846,.T.);
#3562=EDGE_CURVE('',#2071,#2068,#1861,.T.);
#3615=CLOSED_SHELL('',(#2166,#2193,#2223,#2251,#2277,#2306,#2333,#2360,#2387,
#2413,#2476,#2513,#2542,#2571,#2610,#2636,#2670,#2686,#2712,#2740,#2774,#2792,
#2824,#2855,#2881,#2905,#2931,#2956,#2985,#3010,#3041,#3066,#3093,#3122,#3143,
#3169,#3183,#3206,#3242,#3254,#3270,#3282,#3294,#3308,#3322,#3335,#3347,#3361,
#3378,#3395,#3408,#3434,#3458,#3483,#3496,#3523,#3536,#3552,#3566,#3578,#3590,
#3602));
#3616=MANIFOLD_SOLID_BREP('',#3615);
#3623=(LENGTH_UNIT()NAMED_UNIT(*)SI_UNIT(.MILLI.,.METRE.));
#3625=(NAMED_UNIT(*)PLANE_ANGLE_UNIT()SI_UNIT($,.RADIAN.));
#3628=(NAMED_UNIT(*)SI_UNIT($,.STERADIAN.)SOLID_ANGLE_UNIT());
#3634=AXIS2_PLACEMENT_3D('',#3631,#3632,#3633);
#3635=ADVANCED_BREP_SHAPE_REPRESENTATION('',(#3634,#3616),#3630);
#3639=PRODUCT_DEFINITION('design','',#3638,#555);
#3640=PRODUCT_DEFINITION_SHAPE('','SHAPE FOR SAMPLE.',#3639);
#3641=SHAPE_DEFINITION_REPRESENTATION(#3640,#3635);
#3642=NEXT_ASSEMBLY_USAGE_OCCURRENCE('1','Next assembly relationship','SAMPLE',
#3669,#3639,$);
#3643=PRODUCT_DEFINITION_SHAPE('Placement #1',
'Placement of SAMPLE with respect to ASM0001_ASM',#3642);
#3652=(LENGTH_UNIT()NAMED_UNIT(*)SI_UNIT(.MILLI.,.METRE.));
#3654=(NAMED_UNIT(*)PLANE_ANGLE_UNIT()SI_UNIT($,.RADIAN.));
#3657=(NAMED_UNIT(*)SI_UNIT($,.STERADIAN.)SOLID_ANGLE_UNIT());
#3663=AXIS2_PLACEMENT_3D('',#3660,#3661,#3662);
#3669=PRODUCT_DEFINITION('design','',#3668,#3665);
ENDSEC;
END-ISO-10303-21;
