# WaveFront *.obj file (generated by Autodesk ATF)

mtllib sample_step.mtl

g Body1

v -3.750000 0.000000 11.000000
v -5.000000 0.000000 9.750000
v -5.000000 0.000000 0.000000
v -5.000000 0.000000 -9.750000
v -3.750000 0.000000 -11.000000
v 3.750000 0.000000 -11.000000
v 5.000000 0.000000 -9.750000
v 5.000000 0.000000 0.000000
v 5.000000 0.000000 9.750000
v 3.750000 0.000000 11.000000
v -3.750000 1.000000 11.000000
v -5.000000 1.000000 9.750000
v -5.000000 1.000000 0.000000
v -5.000000 1.000000 -9.750000
v -3.750000 1.000000 -11.000000
v 3.750000 1.000000 -11.000000
v 5.000000 1.000000 -9.750000
v 5.000000 1.000000 9.750000
v 5.000000 1.000000 0.000000
v 3.750000 1.000000 11.000000
v 1.250000 1.000000 0.829156
v 0.999768 1.000000 1.118242
v 0.684579 1.000000 1.334673
v 0.324912 1.000000 1.464388
v -0.055865 1.000000 1.498959
v -0.433013 1.000000 1.436141
v -0.782027 1.000000 1.280013
v -1.080231 1.000000 1.040721
v -1.308251 1.000000 0.733812
v -1.451271 1.000000 0.379225
v -1.500000 1.000000 -0.000000
v -1.451271 1.000000 -0.379225
v -1.308251 1.000000 -0.733812
v -1.080231 1.000000 -1.040721
v -0.782027 1.000000 -1.280013
v -0.433013 1.000000 -1.436141
v -0.055865 1.000000 -1.498959
v 0.324912 1.000000 -1.464388
v 0.684579 1.000000 -1.334673
v 0.999768 1.000000 -1.118242
v 1.250000 1.000000 -0.829156
v 1.250000 11.000000 0.829156
v 0.999768 11.000000 1.118242
v 0.684579 11.000000 1.334673
v 0.324912 11.000000 1.464388
v -0.055865 11.000000 1.498959
v -0.433013 11.000000 1.436141
v -0.782027 11.000000 1.280013
v -1.080231 11.000000 1.040721
v -1.308251 11.000000 0.733812
v -1.451271 11.000000 0.379225
v -1.500000 11.000000 0.000000
v -1.451271 11.000000 -0.379225
v -1.308251 11.000000 -0.733812
v -1.080231 11.000000 -1.040721
v -0.782027 11.000000 -1.280013
v -0.433013 11.000000 -1.436141
v -0.055865 11.000000 -1.498959
v 0.324912 11.000000 -1.464388
v 0.684579 11.000000 -1.334673
v 0.999768 11.000000 -1.118242
v 1.250000 11.000000 -0.829156
v 0.999768 6.000000 -1.118242
v 0.684579 6.000000 -1.334673
v 0.324912 6.000000 -1.464388
v -0.055865 6.000000 -1.498959
v -0.433013 6.000000 -1.436141
v -0.782027 6.000000 -1.280013
v -1.080231 6.000000 -1.040721
v -1.308251 6.000000 -0.733812
v -1.451271 6.000000 -0.379225
v -1.500000 6.000000 -0.000000
v -1.451271 6.000000 0.379225
v -1.308251 6.000000 0.733812
v -1.080231 6.000000 1.040721
v -0.782027 6.000000 1.280013
v -0.433013 6.000000 1.436141
v -0.055865 6.000000 1.498959
v 0.324912 6.000000 1.464388
v 0.684579 6.000000 1.334673
v 0.999768 6.000000 1.118242
vt -3.750000 -11.000000 0.000000
vt 3.750000 -11.000000 0.000000
vt -5.000000 -9.750000 0.000000
vt 5.000000 -9.750000 0.000000
vt -5.000000 0.000000 0.000000
vt 5.000000 0.000000 0.000000
vt -5.000000 9.750000 0.000000
vt 5.000000 9.750000 0.000000
vt -3.750000 11.000000 0.000000
vt 3.750000 11.000000 0.000000
vt 0.883883 0.500000 0.000000
vt -0.883883 0.500000 0.000000
vt 0.883883 -0.500000 0.000000
vt -0.883883 -0.500000 0.000000
vt 20.750000 1.000000 0.000000
vt 11.000000 1.000000 0.000000
vt 20.750000 0.000000 0.000000
vt 11.000000 0.000000 0.000000
vt 1.250000 1.000000 0.000000
vt 1.250000 0.000000 0.000000
vt 0.883883 0.500000 0.000000
vt -0.883883 0.500000 0.000000
vt 0.883883 -0.500000 0.000000
vt -0.883883 -0.500000 0.000000
vt 1.250000 0.000000 0.000000
vt 8.750000 0.000000 0.000000
vt 1.250000 1.000000 0.000000
vt 8.750000 1.000000 0.000000
vt 0.883883 0.500000 0.000000
vt -0.883883 0.500000 0.000000
vt 0.883883 -0.500000 0.000000
vt -0.883883 -0.500000 0.000000
vt 1.250000 0.000000 0.000000
vt 11.000000 0.000000 0.000000
vt 1.250000 1.000000 0.000000
vt 11.000000 1.000000 0.000000
vt 20.750000 0.000000 0.000000
vt 20.750000 1.000000 0.000000
vt 0.883883 0.500000 0.000000
vt -0.883883 0.500000 0.000000
vt 0.883883 -0.500000 0.000000
vt -0.883883 -0.500000 0.000000
vt 1.250000 0.000000 0.000000
vt 8.750000 0.000000 0.000000
vt 1.250000 1.000000 0.000000
vt 8.750000 1.000000 0.000000
vt -3.750000 -11.000000 0.000000
vt -0.433013 -1.436141 0.000000
vt -5.000000 -9.750000 0.000000
vt -0.782027 -1.280013 0.000000
vt -1.080231 -1.040721 0.000000
vt -0.055865 -1.498959 0.000000
vt 3.750000 -11.000000 0.000000
vt 0.324912 -1.464388 0.000000
vt 5.000000 -9.750000 0.000000
vt 0.684579 -1.334673 0.000000
vt 0.999768 -1.118242 0.000000
vt 5.000000 0.000000 0.000000
vt 1.250000 -0.829156 0.000000
vt 1.250000 0.829156 0.000000
vt 0.999768 1.118242 0.000000
vt 5.000000 9.750000 0.000000
vt 0.684579 1.334673 0.000000
vt 0.324912 1.464388 0.000000
vt 3.750000 11.000000 0.000000
vt -0.055865 1.498959 0.000000
vt -3.750000 11.000000 0.000000
vt -0.433013 1.436141 0.000000
vt -5.000000 9.750000 0.000000
vt -0.782027 1.280013 0.000000
vt -1.080231 1.040721 0.000000
vt -5.000000 0.000000 0.000000
vt -1.308251 0.733812 0.000000
vt -1.451271 0.379225 0.000000
vt -1.500000 0.000000 0.000000
vt -1.451271 -0.379225 0.000000
vt -1.308251 -0.733812 0.000000
vt -10.000000 3.234723 0.000000
vt -0.000000 3.234723 0.000000
vt -5.000000 3.618109 0.000000
vt -0.000000 3.618109 0.000000
vt -5.000000 4.001495 0.000000
vt -0.000000 4.001495 0.000000
vt -5.000000 4.384881 0.000000
vt -0.000000 4.384881 0.000000
vt -5.000000 4.768267 0.000000
vt -0.000000 4.768267 0.000000
vt -5.000000 5.151653 0.000000
vt -0.000000 5.151653 0.000000
vt -5.000000 5.535039 0.000000
vt -0.000000 5.535039 0.000000
vt -5.000000 5.918425 0.000000
vt -0.000000 5.918425 0.000000
vt -5.000000 6.301811 0.000000
vt -0.000000 6.301811 0.000000
vt -5.000000 6.685197 0.000000
vt -0.000000 6.685197 0.000000
vt -5.000000 7.068583 0.000000
vt -0.000000 7.068583 0.000000
vt -5.000000 7.451970 0.000000
vt -0.000000 7.451970 0.000000
vt -5.000000 7.835356 0.000000
vt -0.000000 7.835356 0.000000
vt -5.000000 8.218742 0.000000
vt -0.000000 8.218742 0.000000
vt -5.000000 8.602128 0.000000
vt -0.000000 8.602128 0.000000
vt -5.000000 8.985514 0.000000
vt -0.000000 8.985514 0.000000
vt -5.000000 9.368900 0.000000
vt -0.000000 9.368900 0.000000
vt -5.000000 9.752286 0.000000
vt -0.000000 9.752286 0.000000
vt -5.000000 10.135672 0.000000
vt -0.000000 10.135672 0.000000
vt -5.000000 10.519058 0.000000
vt -0.000000 10.519058 0.000000
vt -0.000000 10.902444 0.000000
vt -10.000000 10.902444 0.000000
vt -10.000000 10.519058 0.000000
vt -10.000000 10.135672 0.000000
vt -10.000000 9.752286 0.000000
vt -10.000000 9.368900 0.000000
vt -10.000000 8.985514 0.000000
vt -10.000000 8.602128 0.000000
vt -10.000000 8.218742 0.000000
vt -10.000000 7.835356 0.000000
vt -10.000000 7.451970 0.000000
vt -10.000000 7.068583 0.000000
vt -10.000000 6.685197 0.000000
vt -10.000000 6.301811 0.000000
vt -10.000000 5.918425 0.000000
vt -10.000000 5.535039 0.000000
vt -10.000000 5.151653 0.000000
vt -10.000000 4.768267 0.000000
vt -10.000000 4.384881 0.000000
vt -10.000000 4.001495 0.000000
vt -10.000000 3.618109 0.000000
vt -0.170844 0.000000 0.000000
vt -1.829156 0.000000 0.000000
vt -0.170844 -10.000000 0.000000
vt -1.829156 -10.000000 0.000000
vt 0.829156 1.250000 0.000000
vt -0.829156 1.250000 0.000000
vt 1.118242 0.999768 0.000000
vt -1.118242 0.999768 0.000000
vt 1.334673 0.684579 0.000000
vt -1.334673 0.684579 0.000000
vt 1.464388 0.324912 0.000000
vt -1.464388 0.324912 0.000000
vt 1.498959 -0.055865 0.000000
vt -1.498959 -0.055865 0.000000
vt 1.436141 -0.433013 0.000000
vt -1.436141 -0.433013 0.000000
vt 1.280013 -0.782027 0.000000
vt -1.280013 -0.782027 0.000000
vt 1.040721 -1.080231 0.000000
vt -1.040721 -1.080231 0.000000
vt 0.733812 -1.308251 0.000000
vt -0.733812 -1.308251 0.000000
vt 0.379225 -1.451271 0.000000
vt -0.379225 -1.451271 0.000000
vt 0.000000 -1.500000 0.000000
vn -0.000000 -1.000000 -0.000000
vn -0.000000 -1.000000 -0.000000
vn -0.000000 -1.000000 -0.000000
vn -0.000000 -1.000000 -0.000000
vn -0.000000 -1.000000 -0.000000
vn -0.000000 -1.000000 -0.000000
vn -0.000000 -1.000000 -0.000000
vn -0.000000 -1.000000 -0.000000
vn -0.000000 -1.000000 -0.000000
vn -0.000000 -1.000000 -0.000000
vn -0.707107 0.000000 0.707107
vn -0.707107 0.000000 0.707107
vn -0.707107 0.000000 0.707107
vn -0.707107 0.000000 0.707107
vn -1.000000 0.000000 0.000000
vn -1.000000 0.000000 0.000000
vn -1.000000 0.000000 0.000000
vn -1.000000 0.000000 0.000000
vn -1.000000 0.000000 0.000000
vn -1.000000 0.000000 0.000000
vn -0.707107 0.000000 -0.707107
vn -0.707107 0.000000 -0.707107
vn -0.707107 0.000000 -0.707107
vn -0.707107 0.000000 -0.707107
vn 0.000000 0.000000 -1.000000
vn 0.000000 0.000000 -1.000000
vn 0.000000 0.000000 -1.000000
vn 0.000000 0.000000 -1.000000
vn 0.707107 0.000000 -0.707107
vn 0.707107 0.000000 -0.707107
vn 0.707107 0.000000 -0.707107
vn 0.707107 0.000000 -0.707107
vn 1.000000 0.000000 0.000000
vn 1.000000 0.000000 0.000000
vn 1.000000 0.000000 0.000000
vn 1.000000 0.000000 0.000000
vn 1.000000 0.000000 0.000000
vn 1.000000 0.000000 0.000000
vn 0.707107 0.000000 0.707107
vn 0.707107 0.000000 0.707107
vn 0.707107 0.000000 0.707107
vn 0.707107 0.000000 0.707107
vn 0.000000 0.000000 1.000000
vn 0.000000 0.000000 1.000000
vn 0.000000 0.000000 1.000000
vn 0.000000 0.000000 1.000000
vn 0.000000 1.000000 0.000000
vn 0.000000 1.000000 0.000000
vn 0.000000 1.000000 0.000000
vn 0.000000 1.000000 0.000000
vn 0.000000 1.000000 0.000000
vn 0.000000 1.000000 0.000000
vn 0.000000 1.000000 0.000000
vn 0.000000 1.000000 0.000000
vn 0.000000 1.000000 0.000000
vn 0.000000 1.000000 0.000000
vn 0.000000 1.000000 0.000000
vn 0.000000 1.000000 0.000000
vn 0.000000 1.000000 0.000000
vn 0.000000 1.000000 0.000000
vn 0.000000 1.000000 0.000000
vn 0.000000 1.000000 0.000000
vn 0.000000 1.000000 0.000000
vn 0.000000 1.000000 0.000000
vn 0.000000 1.000000 0.000000
vn 0.000000 1.000000 0.000000
vn 0.000000 1.000000 0.000000
vn 0.000000 1.000000 0.000000
vn 0.000000 1.000000 0.000000
vn 0.000000 1.000000 0.000000
vn 0.000000 1.000000 0.000000
vn 0.000000 1.000000 0.000000
vn 0.000000 1.000000 0.000000
vn 0.000000 1.000000 0.000000
vn 0.000000 1.000000 0.000000
vn 0.000000 1.000000 0.000000
vn 0.000000 1.000000 0.000000
vn 0.833333 -0.000000 -0.552771
vn 0.833333 -0.000000 -0.552771
vn 0.666512 -0.000000 -0.745494
vn 0.666512 -0.000000 -0.745494
vn 0.456386 -0.000000 -0.889782
vn 0.456386 -0.000000 -0.889782
vn 0.216608 -0.000000 -0.976259
vn 0.216608 -0.000000 -0.976259
vn -0.037243 0.000000 -0.999306
vn -0.037243 0.000000 -0.999306
vn -0.288675 0.000000 -0.957427
vn -0.288675 0.000000 -0.957427
vn -0.521351 0.000000 -0.853342
vn -0.521351 0.000000 -0.853342
vn -0.720154 0.000000 -0.693814
vn -0.720154 0.000000 -0.693814
vn -0.872167 0.000000 -0.489208
vn -0.872167 0.000000 -0.489208
vn -0.967514 0.000000 -0.252817
vn -0.967514 0.000000 -0.252817
vn -1.000000 0.000000 -0.000000
vn -1.000000 0.000000 -0.000000
vn -0.967514 -0.000000 0.252817
vn -0.967514 -0.000000 0.252817
vn -0.872167 -0.000000 0.489208
vn -0.872167 -0.000000 0.489208
vn -0.720154 -0.000000 0.693814
vn -0.720154 -0.000000 0.693814
vn -0.521351 -0.000000 0.853342
vn -0.521351 -0.000000 0.853342
vn -0.288675 -0.000000 0.957427
vn -0.288675 -0.000000 0.957427
vn -0.037243 -0.000000 0.999306
vn -0.037243 -0.000000 0.999306
vn 0.216608 -0.000000 0.976259
vn 0.216608 -0.000000 0.976259
vn 0.456386 -0.000000 0.889782
vn 0.456386 -0.000000 0.889782
vn 0.666512 -0.000000 0.745494
vn 0.666512 -0.000000 0.745494
vn 0.833333 -0.000000 0.552771
vn 0.833333 -0.000000 0.552771
vn 0.666512 -0.000000 0.745494
vn 0.456386 -0.000000 0.889782
vn 0.216608 -0.000000 0.976259
vn -0.037243 -0.000000 0.999306
vn -0.288675 -0.000000 0.957427
vn -0.521351 -0.000000 0.853342
vn -0.720154 -0.000000 0.693814
vn -0.872167 -0.000000 0.489208
vn -0.967514 -0.000000 0.252817
vn -1.000000 0.000000 -0.000000
vn -0.967514 0.000000 -0.252817
vn -0.872167 0.000000 -0.489208
vn -0.720154 0.000000 -0.693814
vn -0.521351 0.000000 -0.853342
vn -0.288675 0.000000 -0.957427
vn -0.037243 0.000000 -0.999306
vn 0.216608 -0.000000 -0.976259
vn 0.456386 -0.000000 -0.889782
vn 0.666512 -0.000000 -0.745494
vn 1.000000 -0.000000 -0.000000
vn 1.000000 -0.000000 -0.000000
vn 1.000000 -0.000000 -0.000000
vn 1.000000 -0.000000 -0.000000
vn 0.000000 1.000000 0.000000
vn 0.000000 1.000000 0.000000
vn 0.000000 1.000000 0.000000
vn 0.000000 1.000000 0.000000
vn 0.000000 1.000000 0.000000
vn 0.000000 1.000000 0.000000
vn 0.000000 1.000000 0.000000
vn 0.000000 1.000000 0.000000
vn 0.000000 1.000000 0.000000
vn 0.000000 1.000000 0.000000
vn 0.000000 1.000000 0.000000
vn 0.000000 1.000000 0.000000
vn 0.000000 1.000000 0.000000
vn 0.000000 1.000000 0.000000
vn 0.000000 1.000000 0.000000
vn 0.000000 1.000000 0.000000
vn 0.000000 1.000000 0.000000
vn 0.000000 1.000000 0.000000
vn 0.000000 1.000000 0.000000
vn 0.000000 1.000000 0.000000
vn 0.000000 1.000000 0.000000
usemtl Opaque(170,163,158)
f 10/1/1 1/2/2 9/3/3
f 9/3/3 1/2/2 2/4/4
f 9/3/3 2/4/4 8/5/5
f 8/5/5 2/4/4 3/6/6
f 8/5/5 3/6/6 7/7/7
f 7/7/7 3/6/6 4/8/8
f 7/7/7 4/8/8 6/9/9
f 6/9/9 4/8/8 5/10/10
f 2/11/11 1/12/12 12/13/13
f 12/13/13 1/12/12 11/14/14
f 12/15/15 13/16/16 2/17/17
f 2/17/17 13/16/16 3/18/18
f 3/18/18 13/16/16 14/19/19
f 3/18/18 14/19/19 4/20/20
f 5/21/21 4/22/22 15/23/23
f 15/23/23 4/22/22 14/24/24
f 6/25/25 5/26/26 16/27/27
f 16/27/27 5/26/26 15/28/28
f 7/29/29 6/30/30 17/31/31
f 17/31/31 6/30/30 16/32/32
f 9/33/33 8/34/34 18/35/35
f 18/35/35 8/34/34 19/36/36
f 19/36/36 8/34/34 7/37/37
f 19/36/36 7/37/37 17/38/38
f 10/39/39 9/40/40 20/41/41
f 20/41/41 9/40/40 18/42/42
f 1/43/43 10/44/44 11/45/45
f 11/45/45 10/44/44 20/46/46
f 11/47/47 26/48/48 12/49/49
f 12/49/49 26/48/48 27/50/50
f 12/49/49 27/50/50 28/51/51
f 26/48/48 11/47/47 25/52/52
f 25/52/52 11/47/47 20/53/53
f 25/52/52 20/53/53 24/54/54
f 24/54/54 20/53/53 18/55/55
f 24/54/54 18/55/55 23/56/56
f 23/56/56 18/55/55 22/57/57
f 22/57/57 18/55/55 19/58/58
f 22/57/57 19/58/58 21/59/59
f 21/59/59 19/58/58 41/60/60
f 41/60/60 19/58/58 40/61/61
f 40/61/61 19/58/58 17/62/62
f 40/61/61 17/62/62 39/63/63
f 39/63/63 17/62/62 38/64/64
f 38/64/64 17/62/62 16/65/65
f 38/64/64 16/65/65 37/66/66
f 37/66/66 16/65/65 15/67/67
f 37/66/66 15/67/67 36/68/68
f 36/68/68 15/67/67 14/69/69
f 36/68/68 14/69/69 35/70/70
f 35/70/70 14/69/69 34/71/71
f 34/71/71 14/69/69 13/72/72
f 34/71/71 13/72/72 33/73/73
f 33/73/73 13/72/72 32/74/74
f 32/74/74 13/72/72 31/75/75
f 31/75/75 13/72/72 30/76/76
f 30/76/76 13/72/72 29/77/77
f 29/77/77 13/72/72 28/51/51
f 28/51/51 13/72/72 12/49/49
f 62/78/78 41/79/79 63/80/80
f 63/80/80 41/79/79 40/81/81
f 63/80/80 40/81/81 64/82/82
f 64/82/82 40/81/81 39/83/83
f 64/82/82 39/83/83 65/84/84
f 65/84/84 39/83/83 38/85/85
f 65/84/84 38/85/85 66/86/86
f 66/86/86 38/85/85 37/87/87
f 66/86/86 37/87/87 67/88/88
f 67/88/88 37/87/87 36/89/89
f 67/88/88 36/89/89 68/90/90
f 68/90/90 36/89/89 35/91/91
f 68/90/90 35/91/91 69/92/92
f 69/92/92 35/91/91 34/93/93
f 69/92/92 34/93/93 70/94/94
f 70/94/94 34/93/93 33/95/95
f 70/94/94 33/95/95 71/96/96
f 71/96/96 33/95/95 32/97/97
f 71/96/96 32/97/97 72/98/98
f 72/98/98 32/97/97 31/99/99
f 72/98/98 31/99/99 73/100/100
f 73/100/100 31/99/99 30/101/101
f 73/100/100 30/101/101 74/102/102
f 74/102/102 30/101/101 29/103/103
f 74/102/102 29/103/103 75/104/104
f 75/104/104 29/103/103 28/105/105
f 75/104/104 28/105/105 76/106/106
f 76/106/106 28/105/105 27/107/107
f 76/106/106 27/107/107 77/108/108
f 77/108/108 27/107/107 26/109/109
f 77/108/108 26/109/109 78/110/110
f 78/110/110 26/109/109 25/111/111
f 78/110/110 25/111/111 79/112/112
f 79/112/112 25/111/111 24/113/113
f 79/112/112 24/113/113 80/114/114
f 80/114/114 24/113/113 23/115/115
f 80/114/114 23/115/115 81/116/116
f 81/116/116 23/115/115 22/117/117
f 81/116/116 22/117/117 21/118/118
f 21/118/118 42/119/119 81/116/116
f 81/116/116 42/119/119 43/120/120
f 81/116/116 43/120/120 80/114/114
f 80/114/114 43/120/120 44/121/121
f 80/114/114 44/121/121 79/112/112
f 79/112/112 44/121/121 45/122/122
f 79/112/112 45/122/122 78/110/110
f 78/110/110 45/122/122 46/123/123
f 78/110/110 46/123/123 77/108/108
f 77/108/108 46/123/123 47/124/124
f 77/108/108 47/124/124 76/106/106
f 76/106/106 47/124/124 48/125/125
f 76/106/106 48/125/125 75/104/104
f 75/104/104 48/125/125 49/126/126
f 75/104/104 49/126/126 74/102/102
f 74/102/102 49/126/126 50/127/127
f 74/102/102 50/127/127 73/100/100
f 73/100/100 50/127/127 51/128/128
f 73/100/100 51/128/128 72/98/98
f 72/98/98 51/128/128 52/129/129
f 72/98/98 52/129/129 71/96/96
f 71/96/96 52/129/129 53/130/130
f 71/96/96 53/130/130 70/94/94
f 70/94/94 53/130/130 54/131/131
f 70/94/94 54/131/131 69/92/92
f 69/92/92 54/131/131 55/132/132
f 69/92/92 55/132/132 68/90/90
f 68/90/90 55/132/132 56/133/133
f 68/90/90 56/133/133 67/88/88
f 67/88/88 56/133/133 57/134/134
f 67/88/88 57/134/134 66/86/86
f 66/86/86 57/134/134 58/135/135
f 66/86/86 58/135/135 65/84/84
f 65/84/84 58/135/135 59/136/136
f 65/84/84 59/136/136 64/82/82
f 64/82/82 59/136/136 60/137/137
f 64/82/82 60/137/137 63/80/80
f 63/80/80 60/137/137 61/138/138
f 63/80/80 61/138/138 62/78/78
f 62/139/139 42/140/140 41/141/141
f 41/141/141 42/140/140 21/142/142
f 42/143/143 62/144/144 43/145/145
f 43/145/145 62/144/144 61/146/146
f 43/145/145 61/146/146 44/147/147
f 44/147/147 61/146/146 60/148/148
f 44/147/147 60/148/148 45/149/149
f 45/149/149 60/148/148 59/150/150
f 45/149/149 59/150/150 46/151/151
f 46/151/151 59/150/150 58/152/152
f 46/151/151 58/152/152 47/153/153
f 47/153/153 58/152/152 57/154/154
f 47/153/153 57/154/154 48/155/155
f 48/155/155 57/154/154 56/156/156
f 48/155/155 56/156/156 49/157/157
f 49/157/157 56/156/156 55/158/158
f 49/157/157 55/158/158 50/159/159
f 50/159/159 55/158/158 54/160/160
f 50/159/159 54/160/160 51/161/161
f 51/161/161 54/160/160 53/162/162
f 51/161/161 53/162/162 52/163/163
g Body1:1

v -7.500000 8.926287 10.302759
v -7.500000 9.631057 10.559274
v -7.500000 10.058582 9.384658
v -7.500000 10.118852 9.268880
v -7.500000 10.207034 9.172646
v -7.500000 10.317119 9.102515
v -7.500000 10.441604 9.063265
v -7.500000 10.572006 9.057571
v -7.500000 10.699438 9.085822
v -7.500000 11.639131 9.427842
v -7.500000 11.766563 9.456093
v -7.500000 11.896965 9.450400
v -7.500000 12.021450 9.411150
v -7.500000 12.131535 9.341018
v -7.500000 12.219717 9.244784
v -7.500000 12.279987 9.129006
v -7.500000 14.356597 3.423568
v -7.500000 14.477212 2.739528
v -7.500000 14.477212 -6.260472
v -7.500000 14.446827 -6.607769
v -7.500000 14.056119 -8.823586
v -7.500000 10.609292 -8.215817
v -7.500000 11.000000 -6.000000
v -7.500000 11.000000 -5.638156
v -7.500000 7.740251 -1.451873
v -7.500000 7.913899 -0.467065
v -7.500000 11.000000 -0.241230
v -7.500000 11.000000 3.874329
v -7.500000 9.460909 8.102946
v -7.500000 7.581524 7.418905
v -7.500000 6.469959 10.472906
v -7.500000 7.644574 10.900432
v -5.000000 8.926287 10.302759
v -5.000000 9.631057 10.559274
v -7.485589 7.457037 10.987882
v -7.442910 7.276707 11.071971
v -7.373602 7.110513 11.149468
v -7.280330 6.964844 11.217395
v -7.166678 6.845296 11.273142
v -7.037013 6.756463 11.314565
v -6.896318 6.701761 11.340073
v -6.823513 6.687919 11.346528
v -6.750000 6.683290 11.348686
v -4.000000 6.683290 11.348686
v -4.098017 6.689462 11.345808
v -4.195090 6.707918 11.337202
v -4.382683 6.780854 11.303191
v -4.555570 6.899297 11.247960
v -4.707107 7.058695 11.173632
v -4.831470 7.252921 11.083063
v -4.923880 7.474512 10.979733
v -4.980785 7.714953 10.867614
v -5.000000 7.965003 10.751014
v -5.000000 8.563538 9.106552
v -5.000000 9.973077 9.619582
v -4.000000 7.538340 8.999454
v -4.223240 7.581133 8.955669
v -4.437446 7.670447 8.931086
v -4.629262 7.801513 8.927835
v -4.786787 7.965315 8.945515
v -4.903776 8.153132 8.982745
v -4.975744 8.355749 9.037371
v 6.750000 6.683290 11.348686
v 6.944114 6.692030 11.324672
v 7.125000 6.717656 11.254265
v 7.280330 6.758421 11.142264
v 7.399519 6.811547 10.996301
v 7.474444 6.873414 10.826324
v 7.500000 6.939805 10.643917
v 7.500000 7.538340 8.999454
v 1.750000 7.538340 8.999454
v 7.500000 8.820053 8.401782
v 1.625000 8.820051 8.401787
v -4.250000 8.820049 8.401792
v -4.245398 8.633387 8.353627
v -4.231458 8.440338 8.342180
v -4.208828 8.247778 8.368360
v -4.178116 8.062730 8.431773
v -4.140224 7.891864 8.531329
v -4.096360 7.742794 8.663662
v -4.048964 7.623376 8.822294
v 7.500000 7.658881 8.767898
v 7.500000 7.835245 8.575430
v 7.500000 8.055415 8.435167
v 7.500000 8.304385 8.356667
v 7.500000 8.565189 8.345280
v 1.625000 8.565189 8.345280
v 1.625000 8.304385 8.356667
v 1.625000 8.055415 8.435167
v 1.625000 7.835245 8.575430
v 1.625000 7.658881 8.767898
v 7.500000 10.229592 8.914812
v 1.625000 10.229592 8.914812
v -4.250000 10.229592 8.914812
v -6.500000 11.639131 9.427842
v -5.500000 10.699438 9.085822
v -4.444114 10.220851 8.938827
v -4.625000 10.195225 9.009233
v -4.780330 10.154460 9.121234
v -4.899519 10.101334 9.267197
v -4.974444 10.039468 9.437174
v -4.974444 8.629929 8.924144
v -4.899519 8.691796 8.754167
v -4.780330 8.744922 8.608204
v -4.625000 8.785687 8.496203
v -4.444114 8.811313 8.425797
v -4.301550 8.496330 8.344444
v -4.980628 8.500156 8.940311
v -4.927716 8.284101 8.878607
v -4.819564 8.072581 8.834966
v -4.939084 8.538154 8.806189
v -4.868218 8.577739 8.678255
v -4.769775 8.616508 8.565359
v -4.649524 8.651872 8.475395
v -4.515314 8.681866 8.412858
v -4.376225 8.705208 8.378990
v -4.347284 8.596933 8.355746
v -4.485363 8.563939 8.385456
v -4.619553 8.527573 8.444555
v -4.740870 8.489841 8.532092
v -4.841439 8.452997 8.643755
v -4.915327 8.419394 8.771699
v -4.960531 8.390725 8.906964
v -4.876858 8.304804 8.743900
v -4.798358 8.333663 8.617556
v -4.694613 8.369604 8.508533
v -4.571810 8.410439 8.424529
v -4.437848 8.453591 8.369616
v -4.752801 8.083201 8.706158
v -4.661800 8.108228 8.587625
v -4.550095 8.147437 8.488005
v -4.424522 8.198617 8.414417
v -4.292964 8.258335 8.370284
v -4.242550 8.407007 8.344131
v -4.376172 8.354398 8.364493
v -4.509434 8.303889 8.414616
v -4.633752 8.258922 8.494159
v -4.741211 8.222445 8.599334
v -4.825330 8.196583 8.722676
v -4.883211 8.181925 8.855328
v -4.563845 7.803654 8.811635
v -4.472358 7.819637 8.699669
v -4.364576 7.857535 8.600146
v -4.245882 7.917017 8.520687
v -4.329331 8.111963 8.424273
v -4.455187 8.053078 8.491331
v -4.570518 8.008948 8.584559
v -4.668165 7.982025 8.697245
v -4.743937 7.972381 8.821049
v -4.356352 7.681167 8.825129
v -4.254883 7.711773 8.725484
v -4.143480 7.767380 8.639141
v -4.133793 7.607445 8.859372
v 7.500000 12.477212 2.739528
v 2.500000 12.477212 2.739528
v -2.500000 12.477212 2.739528
v -5.000000 12.477212 2.739528
v -5.000000 10.058582 9.384658
v 7.500000 12.477212 -6.172984
v 3.750000 12.477212 -6.172984
v 3.750000 12.477212 -4.458935
v 3.725982 12.477212 -3.054585
v 3.654849 12.477212 -1.704203
v 3.539337 12.477212 -0.459684
v 3.383883 12.477212 0.631147
v 3.292992 12.477212 1.105552
v 3.194463 12.477212 1.526368
v 3.089246 12.477212 1.889542
v 2.978354 12.477212 2.191577
v 2.862856 12.477212 2.429564
v 2.743863 12.477212 2.601211
v 2.683413 12.477212 2.661615
v 2.622521 12.477212 2.704865
v 2.561335 12.477212 2.730857
v 2.530677 12.477212 2.737360
v -5.000000 12.477212 -6.172984
v -2.530677 12.477212 2.737360
v -2.561335 12.477212 2.730857
v -2.622521 12.477212 2.704865
v -2.683413 12.477212 2.661615
v -2.743863 12.477212 2.601211
v -2.862856 12.477212 2.429564
v -2.978354 12.477212 2.191577
v -3.089246 12.477212 1.889542
v -3.194463 12.477212 1.526368
v -3.292992 12.477212 1.105552
v -3.383883 12.477212 0.631147
v -3.539337 12.477212 -0.459684
v -3.654849 12.477212 -1.704203
v -3.725982 12.477212 -3.054585
v -3.750000 12.477212 -4.458935
v -3.750000 12.477212 -6.172984
v 7.500000 6.469959 10.472906
v 7.500000 7.581524 7.418905
v 7.500000 8.497189 7.752180
v 7.500000 9.488122 -0.601122
v 7.500000 10.479055 -8.954423
v 7.500000 11.956267 -9.214896
v 7.500000 12.462019 -6.346632
v 7.500000 12.470450 -6.289077
v 7.500000 12.475520 -6.231128
v 3.750000 12.462019 -6.346632
v 3.750000 12.470450 -6.289077
v 3.750000 12.475520 -6.231128
v 3.750000 12.390388 -6.752876
v 3.750000 10.913176 -6.492404
v 3.750000 11.000000 -6.000000
v 3.750000 11.000000 -4.223003
v 3.750000 12.473015 -4.482736
v 2.500000 11.285417 -4.019474
v 3.734954 12.298518 -4.365658
v 3.688264 12.119491 -4.253373
v 3.608968 11.944334 -4.160687
v 3.557973 11.859778 -4.127421
v 3.500000 11.777821 -4.106298
v 3.300934 11.571317 -4.069885
v 3.059017 11.415378 -4.042389
v 2.787191 11.318348 -4.025280
v -2.500000 11.285417 -4.019474
v -2.787191 11.318348 -4.025280
v -3.059017 11.415378 -4.042389
v -3.300934 11.571317 -4.069885
v -3.500000 11.777821 -4.106298
v -3.557973 11.859778 -4.127421
v -3.608968 11.944334 -4.160687
v -3.688264 12.119491 -4.253373
v -3.734954 12.298518 -4.365658
v -3.750000 12.473015 -4.482736
v -3.750000 12.462019 -6.346632
v -3.750000 12.470450 -6.289077
v -3.750000 12.475520 -6.231128
v -3.750000 11.000000 -4.223003
v -3.750000 11.000000 -6.000000
v -3.750000 10.913176 -6.492404
v -3.750000 12.390388 -6.752876
v -5.000000 12.462019 -6.346632
v -4.999964 12.463465 -6.338221
v -4.999854 12.464839 -6.329800
v -4.999672 12.466141 -6.321368
v -4.998971 12.471404 -6.280599
v -4.998971 12.474987 -6.239643
v -4.999672 12.476884 -6.198580
v -4.999854 12.477066 -6.190050
v -4.999964 12.477175 -6.181517
v -6.990179 14.467391 -6.372727
v -7.000000 14.477212 -6.260472
v -7.000000 14.477212 2.739528
v -6.939693 14.416904 3.081548
v -7.000000 14.356597 3.423568
v -7.000000 12.279987 9.129006
v -6.997592 12.260963 9.174236
v -6.990393 12.237597 9.217383
v -6.961940 12.178780 9.295791
v -6.915735 12.105796 9.361218
v -6.853553 12.021450 9.411150
v -6.777785 11.928984 9.443667
v -6.691342 11.831951 9.457520
v -6.597545 11.734079 9.452177
v -5.402455 10.604490 9.061488
v -5.308658 10.506618 9.056144
v -5.222215 10.409585 9.069998
v -5.146447 10.317119 9.102515
v -5.084265 10.232773 9.152446
v -5.038060 10.159789 9.217873
v -5.009607 10.100972 9.296282
v -5.002408 10.077606 9.339429
v -6.990179 14.456648 -6.495514
v -7.000000 14.446827 -6.607769
v -5.000000 11.956267 -9.214896
v -6.750000 13.679681 -9.518780
v -7.000000 13.933331 -9.519950
v -7.164793 13.947613 -9.438951
v -7.304571 13.968439 -9.320842
v -7.410906 13.994552 -9.172746
v -7.477386 14.024379 -9.003593
v -6.750000 10.479055 -8.954423
v -6.944114 10.483493 -8.929256
v -7.125000 10.496504 -8.855469
v -7.280330 10.517201 -8.738091
v -7.399519 10.544174 -8.585120
v -7.474444 10.575584 -8.406983
v 1.250000 11.956267 -9.214896
v 7.000000 10.479055 -8.954423
v 0.125000 10.479055 -8.954423
v -3.732963 12.367916 -6.880320
v -3.683013 12.346975 -6.999078
v -3.603553 12.328994 -7.101058
v -3.500000 12.315196 -7.179310
v -3.379410 12.306522 -7.228502
v -3.250000 12.303563 -7.245280
v 3.250000 12.303563 -7.245280
v 3.379410 12.306522 -7.228502
v 3.500000 12.315196 -7.179310
v 3.603553 12.328994 -7.101058
v 3.683013 12.346975 -6.999078
v 3.732963 12.367916 -6.880320
v 3.250000 10.826352 -6.984808
v 3.379410 10.829310 -6.968029
v 3.500000 10.837984 -6.918838
v 3.603553 10.851782 -6.840586
v 3.683013 10.869764 -6.738606
v 3.732963 10.890704 -6.619847
v -3.250000 10.826352 -6.984808
v 7.000000 11.000000 -6.000000
v -3.379410 10.829310 -6.968029
v -3.500000 10.837984 -6.918838
v -3.603553 10.851782 -6.840586
v -3.683013 10.869764 -6.738606
v -3.732963 10.890704 -6.619847
v -3.500000 11.000000 -3.969147
v 3.500000 11.000000 -3.969147
v 3.564705 11.000000 -3.977797
v 3.625000 11.000000 -4.003157
v 3.676777 11.000000 -4.043500
v 3.716506 11.000000 -4.096075
v 3.741481 11.000000 -4.157300
v 7.000000 11.000000 3.874329
v -0.250000 11.000000 3.874329
v -7.000000 11.000000 -0.241230
v -7.000000 11.000000 -5.638156
v -3.741481 11.000000 -4.157300
v -3.716506 11.000000 -4.096075
v -3.676777 11.000000 -4.043500
v -3.625000 11.000000 -4.003157
v -3.564705 11.000000 -3.977797
v 0.000000 11.000000 -2.500000
v -0.647048 11.000000 -2.414815
v -1.250000 11.000000 -2.165064
v -1.767767 11.000000 -1.767767
v -2.165064 11.000000 -1.250000
v -2.414815 11.000000 -0.647048
v -2.500000 11.000000 -0.000000
v -2.414815 11.000000 0.647048
v -2.165064 11.000000 1.250000
v -1.767767 11.000000 1.767767
v -1.250000 11.000000 2.165064
v -0.647048 11.000000 2.414815
v 0.000000 11.000000 2.500000
v 0.647048 11.000000 2.414815
v 1.250000 11.000000 2.165064
v 1.767767 11.000000 1.767767
v 2.165064 11.000000 1.250000
v 2.414815 11.000000 0.647048
v 2.500000 11.000000 -0.000000
v 2.414815 11.000000 -0.647048
v 2.165064 11.000000 -1.250000
v 1.767767 11.000000 -1.767767
v 1.250000 11.000000 -2.165064
v 0.647048 11.000000 -2.414815
v 1.250000 11.000000 -0.998749
v 1.250000 11.000000 0.998749
v 0.951572 11.000000 1.286278
v 0.589310 11.000000 1.487519
v 0.187516 11.000000 1.588974
v -0.226858 11.000000 1.583836
v -0.626013 11.000000 1.472449
v -0.983174 11.000000 1.262287
v -1.274380 11.000000 0.967447
v -1.480098 11.000000 0.607708
v -1.586527 11.000000 0.207203
v -1.586527 11.000000 -0.207203
v -1.480098 11.000000 -0.607708
v -1.274380 11.000000 -0.967447
v -0.983174 11.000000 -1.262287
v -0.626013 11.000000 -1.472449
v -0.226858 11.000000 -1.583836
v 0.187516 11.000000 -1.588974
v 0.589310 11.000000 -1.487519
v 0.951572 11.000000 -1.286278
v -7.000000 7.740251 -1.451873
v -7.000000 7.913899 -0.467065
v 7.000000 9.460909 8.102946
v -0.250000 9.460909 8.102946
v 7.000000 8.497189 7.752180
v 0.000000 7.581524 7.418905
v -6.750000 6.213444 11.177676
v -6.944114 6.222184 11.153661
v -7.125000 6.247810 11.083255
v -7.280330 6.288575 10.971254
v -7.399519 6.341701 10.825291
v -7.474444 6.403568 10.655314
v 7.474444 6.403568 10.655314
v 7.399519 6.341701 10.825291
v 7.280330 6.288575 10.971254
v 7.125000 6.247810 11.083255
v 6.944114 6.222184 11.153661
v 6.750000 6.213444 11.177676
v 0.000000 6.213444 11.177676
v 7.000000 9.488122 -0.601122
v 0.000000 9.000000 -2.500000
v -0.647048 9.000000 -2.414815
v -1.250000 9.000000 -2.165064
v -1.767767 9.000000 -1.767767
v -2.165064 9.000000 -1.250000
v -2.414815 9.000000 -0.647048
v -2.500000 9.000000 -0.000000
v -2.414815 9.000000 0.647048
v -2.165064 9.000000 1.250000
v -1.767767 9.000000 1.767767
v -1.250000 9.000000 2.165064
v -0.647048 9.000000 2.414815
v 0.000000 9.000000 2.500000
v 0.647048 9.000000 2.414815
v 1.250000 9.000000 2.165064
v 1.767767 9.000000 1.767767
v 2.165064 9.000000 1.250000
v 2.414815 9.000000 0.647048
v 2.500000 9.000000 -0.000000
v 2.414815 9.000000 -0.647048
v 2.165064 9.000000 -1.250000
v 1.767767 9.000000 -1.767767
v 1.250000 9.000000 -2.165064
v 0.647048 9.000000 -2.414815
v 1.250000 9.000000 -0.998749
v 0.951572 9.000000 -1.286278
v 0.589310 9.000000 -1.487519
v 0.187516 9.000000 -1.588974
v -0.226858 9.000000 -1.583836
v -0.626013 9.000000 -1.472449
v -0.983174 9.000000 -1.262287
v -1.274380 9.000000 -0.967447
v -1.480098 9.000000 -0.607708
v -1.586527 9.000000 -0.207203
v -1.586527 9.000000 0.207203
v -1.480098 9.000000 0.607708
v -1.274380 9.000000 0.967447
v -0.983174 9.000000 1.262287
v -0.626013 9.000000 1.472449
v -0.226858 9.000000 1.583836
v 0.187516 9.000000 1.588974
v 0.589310 9.000000 1.487519
v 0.951572 9.000000 1.286278
v 1.250000 9.000000 0.998749
vt 16.069987 -4.223634 0.000000
vt 14.987455 -3.598634 0.000000
vt 15.694987 -4.873153 0.000000
vt 13.621430 -3.964659 0.000000
vt 15.436013 -7.321710 0.000000
vt 12.621430 -5.696710 0.000000
vt 14.883902 -3.519175 0.000000
vt 14.804443 -3.415621 0.000000
vt 14.754492 -3.295031 0.000000
vt 14.737455 -3.165621 0.000000
vt 14.754492 -3.036212 0.000000
vt 14.804443 -2.915621 0.000000
vt 15.304443 -2.049596 0.000000
vt 15.121430 -1.366583 0.000000
vt 9.724316 -1.714659 0.000000
vt 15.354393 -1.929005 0.000000
vt 15.304443 -1.549596 0.000000
vt 15.224983 -1.446042 0.000000
vt 15.371430 -1.799596 0.000000
vt 15.354393 -1.670186 0.000000
vt 9.863270 1.669217 0.000000
vt 9.210566 1.906782 0.000000
vt 5.671282 -1.000000 0.000000
vt 0.347296 3.469616 0.000000
vt 0.356347 -0.062834 0.000000
vt 0.000000 0.000000 0.000000
vt 0.000000 3.500000 0.000000
vt -2.250000 0.000000 0.000000
vt -2.250000 3.500000 0.000000
vt 3.912981 -4.000000 0.000000
vt 4.912981 -4.000000 0.000000
vt 16.061013 -6.239178 0.000000
vt 1.750000 -2.500000 0.000000
vt 2.500000 -2.500000 0.000000
vt 1.750000 0.000000 0.000000
vt 2.500000 0.000000 0.000000
vt 1.237437 -0.875000 0.000000
vt 1.237437 1.625000 0.000000
vt 0.176777 -0.875000 0.000000
vt -0.176777 1.625000 0.000000
vt -0.099123 -0.894215 0.000000
vt -0.383701 1.610589 0.000000
vt -0.582674 1.567910 0.000000
vt -0.364419 -0.951120 0.000000
vt -0.766048 1.498602 0.000000
vt -1.237437 0.875000 0.000000
vt -0.926777 1.405330 0.000000
vt -1.058683 1.291678 0.000000
vt -1.156699 1.162013 0.000000
vt -1.232329 0.948513 0.000000
vt -1.217057 1.021318 0.000000
vt -1.237437 -1.875000 0.000000
vt -1.230627 -1.776983 0.000000
vt -1.210263 -1.679910 0.000000
vt -1.129786 -1.492317 0.000000
vt -0.999099 -1.319430 0.000000
vt -0.823223 -1.167893 0.000000
vt -0.608918 -1.043530 0.000000
vt -15.969506 -5.897672 0.000000
vt -14.453962 -5.022672 0.000000
vt -15.694987 -4.873153 0.000000
vt -15.203962 -3.723634 0.000000
vt -16.069987 -4.223634 0.000000
vt 28.527799 0.000000 0.000000
vt 31.027799 0.000000 0.000000
vt 28.532615 0.098175 0.000000
vt 31.083581 0.225137 0.000000
vt 28.547014 0.196350 0.000000
vt 28.603920 0.392699 0.000000
vt 31.137228 0.452757 0.000000
vt 28.696330 0.589049 0.000000
vt 31.185110 0.680602 0.000000
vt 28.820693 0.785398 0.000000
vt 31.224519 0.905587 0.000000
vt 28.972229 0.981748 0.000000
vt 31.253772 1.128517 0.000000
vt 29.145116 1.178097 0.000000
vt 31.271739 1.350091 0.000000
vt 29.332709 1.374447 0.000000
vt 29.527799 1.570796 0.000000
vt 31.277799 1.570797 0.000000
vt 11.500000 1.000000 0.000000
vt 11.500000 3.500000 0.000000
vt 5.750000 1.000000 0.000000
vt 0.000000 2.750000 0.000000
vt 0.000000 1.000000 0.000000
vt 0.025556 2.944114 0.000000
vt 0.750000 3.500000 0.000000
vt 0.100481 3.125000 0.000000
vt 0.219670 3.280330 0.000000
vt 0.375000 3.399519 0.000000
vt 0.555886 3.474444 0.000000
vt 19.554000 0.261799 0.000000
vt 19.554000 0.000000 0.000000
vt 25.429000 0.261799 0.000000
vt 25.429000 -0.000000 0.000000
vt 31.299398 0.193078 0.000000
vt 31.304000 -0.000000 0.000000
vt 31.285458 0.386769 0.000000
vt 25.429000 0.523599 0.000000
vt 19.554000 0.523599 0.000000
vt 25.429000 0.785398 0.000000
vt 19.554000 0.785398 0.000000
vt 25.429000 1.047198 0.000000
vt 19.554000 1.047198 0.000000
vt 25.429000 1.308997 0.000000
vt 19.554000 1.308997 0.000000
vt 25.304000 1.570796 0.000000
vt 19.554000 1.570796 0.000000
vt 31.262828 0.581409 0.000000
vt 31.232116 0.777334 0.000000
vt 31.194224 0.975413 0.000000
vt 31.150360 1.175081 0.000000
vt 31.102964 1.373966 0.000000
vt 31.054000 1.570796 0.000000
vt 1.000000 11.750000 0.000000
vt -0.500000 11.750000 0.000000
vt 1.000000 5.875000 0.000000
vt -0.500000 5.875000 0.000000
vt 1.000000 0.000000 0.000000
vt -0.500000 0.000000 0.000000
vt 2.500000 15.000000 0.000000
vt 1.500000 15.000000 0.000000
vt 2.500000 14.000000 0.000000
vt 1.500000 13.000000 0.000000
vt 19.941758 -0.000000 0.000000
vt 21.441758 0.000000 0.000000
vt 19.941759 0.196350 0.000000
vt 21.441758 0.196350 0.000000
vt 19.941759 0.392699 0.000000
vt 21.441758 0.392699 0.000000
vt 19.941759 0.589049 0.000000
vt 21.441758 0.589049 0.000000
vt 19.941759 0.785398 0.000000
vt 21.441758 0.785398 0.000000
vt 19.941759 0.981748 0.000000
vt 21.441758 0.981748 0.000000
vt 19.941759 1.178097 0.000000
vt 21.441758 1.178097 0.000000
vt -1.249207 0.245185 0.000000
vt -1.281346 0.041936 0.000000
vt -1.126231 0.151277 0.000000
vt -1.061961 0.041934 0.000000
vt -0.971116 0.151277 0.000000
vt -0.857527 0.041932 0.000000
vt -0.816001 0.151277 0.000000
vt -0.660058 0.041931 0.000000
vt -0.660886 0.151277 0.000000
vt -0.505342 0.151277 0.000000
vt -0.660886 0.260630 0.000000
vt -0.505342 0.260630 0.000000
vt -0.660886 0.369982 0.000000
vt -0.505342 0.369982 0.000000
vt -0.660886 0.479334 0.000000
vt -0.505342 0.479334 0.000000
vt -0.660886 0.604144 0.000000
vt -0.505342 0.604144 0.000000
vt -0.660886 0.728953 0.000000
vt -0.505342 0.728953 0.000000
vt -0.660886 0.978573 0.000000
vt -0.505342 0.978573 0.000000
vt -0.682665 1.080583 0.000000
vt -0.505342 1.228192 0.000000
vt -0.484297 1.297967 0.000000
vt -0.349797 1.228192 0.000000
vt -0.270677 1.515853 0.000000
vt -0.194253 1.477812 0.000000
vt -0.038746 1.732156 0.000000
vt -0.038708 1.484821 0.000000
vt -0.038834 1.235663 0.000000
vt -0.194253 1.228192 0.000000
vt -0.038740 0.988292 0.000000
vt -0.194253 0.978573 0.000000
vt -0.038775 0.746228 0.000000
vt -0.194253 0.728953 0.000000
vt -0.194253 0.604144 0.000000
vt -0.349797 0.728953 0.000000
vt -0.349797 0.604144 0.000000
vt -0.462586 0.041929 0.000000
vt -0.349797 0.151277 0.000000
vt -0.349797 0.260630 0.000000
vt -0.349797 0.369982 0.000000
vt -0.349797 0.479334 0.000000
vt -0.258145 0.041927 0.000000
vt -0.194253 0.151277 0.000000
vt -0.194253 0.260630 0.000000
vt -0.194253 0.369982 0.000000
vt -0.194253 0.479334 0.000000
vt -0.038748 0.041925 0.000000
vt -0.038751 0.274307 0.000000
vt -0.038781 0.508655 0.000000
vt -0.864664 0.866659 0.000000
vt -0.816001 0.728953 0.000000
vt -1.026386 0.656798 0.000000
vt -0.971116 0.604144 0.000000
vt -0.816001 0.604144 0.000000
vt -0.816001 0.479334 0.000000
vt -1.126231 0.479334 0.000000
vt -1.159366 0.449868 0.000000
vt -1.126231 0.369982 0.000000
vt -1.126231 0.260630 0.000000
vt -0.816001 0.260630 0.000000
vt -0.816001 0.369982 0.000000
vt -0.971116 0.260630 0.000000
vt -0.971116 0.369982 0.000000
vt -0.971116 0.479334 0.000000
vt -0.349797 0.978573 0.000000
vt 6.571600 0.000000 0.000000
vt 6.571600 5.000000 0.000000
vt 0.000000 0.000000 0.000000
vt 0.000000 5.875000 0.000000
vt 6.571600 10.000000 0.000000
vt 0.000000 11.750000 0.000000
vt 6.571600 12.500000 0.000000
vt -0.025556 11.944114 0.000000
vt -0.100481 12.125000 0.000000
vt -0.219670 12.280330 0.000000
vt -0.375000 12.399519 0.000000
vt -0.500000 12.500000 0.000000
vt -0.555886 12.474444 0.000000
vt -0.750000 12.500000 0.000000
vt -0.500000 15.000000 0.000000
vt -1.750000 15.000000 0.000000
vt -1.750000 12.500000 0.000000
vt 8.912511 0.000000 0.000000
vt 4.443731 3.845151 0.000000
vt 0.000000 0.000000 0.000000
vt 3.199211 3.960663 0.000000
vt 2.108381 4.116117 0.000000
vt 8.912511 3.750000 0.000000
vt 7.198463 3.750000 0.000000
vt 5.794113 3.774018 0.000000
vt 1.633976 4.207008 0.000000
vt 1.213160 4.305537 0.000000
vt 0.849985 4.410754 0.000000
vt 0.547950 4.521646 0.000000
vt 0.309963 4.637144 0.000000
vt 0.138316 4.756137 0.000000
vt 0.077912 4.816587 0.000000
vt 0.034663 4.877479 0.000000
vt 0.008671 4.938665 0.000000
vt 0.002168 4.969323 0.000000
vt 0.000000 5.000000 0.000000
vt 0.000000 12.500000 0.000000
vt 5.794113 11.225982 0.000000
vt 8.912511 12.500000 0.000000
vt 7.198463 11.250000 0.000000
vt 8.912511 11.250000 0.000000
vt 0.000000 10.000000 0.000000
vt 0.002168 10.030677 0.000000
vt 0.008671 10.061335 0.000000
vt 0.034663 10.122521 0.000000
vt 0.077912 10.183413 0.000000
vt 0.138316 10.243863 0.000000
vt 0.309963 10.362856 0.000000
vt 0.547950 10.478354 0.000000
vt 0.849985 10.589246 0.000000
vt 1.213160 10.694463 0.000000
vt 1.633976 10.792992 0.000000
vt 2.108381 10.883883 0.000000
vt 3.199211 11.039337 0.000000
vt 4.443731 11.154849 0.000000
vt -8.863270 -0.062834 0.000000
vt -5.054323 -2.426414 0.000000
vt -0.086160 1.484808 0.000000
vt 3.000000 0.000000 0.000000
vt 0.087489 1.500000 0.000000
vt 3.000000 1.500000 0.000000
vt -13.108645 -4.852829 0.000000
vt -14.554443 -3.348634 0.000000
vt -13.804443 -4.647672 0.000000
vt -13.704542 -4.888853 0.000000
vt -13.670468 -5.147672 0.000000
vt -13.704542 -5.406491 0.000000
vt -12.621430 -5.696710 0.000000
vt -13.804443 -5.647672 0.000000
vt -13.963361 -5.854779 0.000000
vt -14.170468 -6.013697 0.000000
vt -15.436013 -7.321710 0.000000
vt -15.686013 -6.888697 0.000000
vt 0.029344 1.498308 0.000000
vt -0.028604 1.493238 0.000000
vt -30.804000 0.174533 0.000000
vt -34.554000 0.174533 0.000000
vt -30.804000 0.116355 0.000000
vt -34.554000 0.116355 0.000000
vt -30.804000 0.058178 0.000000
vt -34.554000 0.058178 0.000000
vt -30.804000 0.000000 0.000000
vt -34.554000 0.000000 0.000000
vt -0.028604 -1.493238 0.000000
vt 0.000000 0.000000 0.000000
vt -0.086160 -1.484808 0.000000
vt -1.750000 -1.187166 0.000000
vt -1.774168 -1.187166 0.000000
vt 0.029344 -1.498308 0.000000
vt 0.087489 -1.500000 0.000000
vt 0.500000 0.000000 0.000000
vt 0.500000 -1.500000 0.000000
vt -1.750000 0.308572 0.000000
vt 37.720869 0.000000 0.000000
vt 37.718734 0.030680 0.000000
vt 30.857599 0.000000 0.000000
vt 37.712330 0.061359 0.000000
vt 37.686733 0.122718 0.000000
vt 30.857599 0.289780 0.000000
vt 37.644140 0.184078 0.000000
vt 37.584654 0.245437 0.000000
vt 37.415614 0.368155 0.000000
vt 37.181243 0.490874 0.000000
vt 30.857599 0.579560 0.000000
vt 36.883797 0.613592 0.000000
vt 36.526140 0.736311 0.000000
vt 30.857599 0.869339 0.000000
vt 36.111717 0.859029 0.000000
vt 35.644519 0.981748 0.000000
vt 30.857599 1.159119 0.000000
vt 34.570261 1.227185 0.000000
vt 30.851028 1.261526 0.000000
vt 30.832951 1.364177 0.000000
vt 33.344649 1.472622 0.000000
vt 30.772089 1.568997 0.000000
vt 32.014782 1.718058 0.000000
vt 30.692597 1.770525 0.000000
vt 30.631767 1.963495 0.000000
vt 30.607599 1.963495 0.000000
vt -1.643653 6.250000 0.000000
vt -8.506923 6.250000 0.000000
vt -1.643653 1.250000 0.000000
vt -8.506923 1.250000 0.000000
vt 33.829861 0.000000 0.000000
vt 40.693131 0.000000 0.000000
vt 33.831996 0.030680 0.000000
vt 33.838400 0.061359 0.000000
vt 33.863997 0.122718 0.000000
vt 40.693131 0.289780 0.000000
vt 33.906590 0.184078 0.000000
vt 33.966076 0.245437 0.000000
vt 34.135115 0.368155 0.000000
vt 34.369487 0.490874 0.000000
vt 40.693131 0.579560 0.000000
vt 34.666933 0.613592 0.000000
vt 35.024590 0.736311 0.000000
vt 40.693131 0.869339 0.000000
vt 35.439013 0.859029 0.000000
vt 35.906211 0.981748 0.000000
vt 40.693131 1.159119 0.000000
vt 36.980469 1.227185 0.000000
vt 40.699702 1.261526 0.000000
vt 40.717779 1.364177 0.000000
vt 38.206081 1.472622 0.000000
vt 40.778641 1.568997 0.000000
vt 39.535948 1.718058 0.000000
vt 40.858132 1.770525 0.000000
vt 40.918963 1.963495 0.000000
vt 40.943131 1.963495 0.000000
vt -0.029344 -1.498308 0.000000
vt -0.000000 0.000000 0.000000
vt -0.087489 -1.500000 0.000000
vt -0.500000 0.000000 0.000000
vt -0.500000 -1.500000 0.000000
vt 0.028604 -1.493238 0.000000
vt 0.086160 -1.484808 0.000000
vt 1.750000 -1.187166 0.000000
vt 1.774168 -1.187166 0.000000
vt 1.750000 0.308572 0.000000
vt -23.304000 0.116355 0.000000
vt -22.054328 0.148934 0.000000
vt -23.304000 0.174533 0.000000
vt -22.054146 0.157466 0.000000
vt -22.054036 0.165999 0.000000
vt -22.055029 0.107824 0.000000
vt -23.304000 0.058178 0.000000
vt -22.055029 0.066709 0.000000
vt -22.054328 0.025599 0.000000
vt -23.304000 0.000000 0.000000
vt -22.054146 0.017067 0.000000
vt -22.054036 0.008534 0.000000
vt -22.054000 0.000000 0.000000
vt -22.054000 0.174533 0.000000
vt -1.328926 -4.842020 0.000000
vt 1.414214 -4.500000 0.000000
vt -1.414214 -4.500000 0.000000
vt 1.414214 4.412511 0.000000
vt -1.414214 4.500000 0.000000
vt -1.400325 4.612254 0.000000
vt 1.414265 4.421045 0.000000
vt 1.414420 4.429578 0.000000
vt 1.414677 4.438108 0.000000
vt 1.414214 3.035800 0.000000
vt 0.707107 3.535800 0.000000
vt 1.414214 -3.035800 0.000000
vt -0.707107 3.535800 0.000000
vt -1.414214 -3.035800 0.000000
vt -0.845056 3.545408 0.000000
vt -0.977705 3.573860 0.000000
vt 1.410809 3.084809 0.000000
vt 1.400627 3.133345 0.000000
vt 1.360388 3.227142 0.000000
vt 1.295045 3.313585 0.000000
vt 1.207107 3.389354 0.000000
vt 1.099954 3.451535 0.000000
vt 0.977705 3.497740 0.000000
vt 0.845056 3.526193 0.000000
vt -1.099954 3.620065 0.000000
vt -1.207107 3.682247 0.000000
vt -1.295045 3.758015 0.000000
vt -1.360388 3.844459 0.000000
vt -1.400627 3.938255 0.000000
vt -1.410809 3.986792 0.000000
vt -1.414214 4.035800 0.000000
vt 1.328926 -3.377820 0.000000
vt 13.778834 -14.500000 0.000000
vt 7.707234 -14.500000 0.000000
vt 13.778834 -15.000000 0.000000
vt 7.707234 -15.000000 0.000000
vt -20.054000 0.000000 0.000000
vt -19.554000 0.000000 0.000000
vt -20.056408 0.049087 0.000000
vt -19.554000 0.130900 0.000000
vt -20.063607 0.098175 0.000000
vt -20.092060 0.196350 0.000000
vt -19.554000 0.261799 0.000000
vt -20.138265 0.294524 0.000000
vt -19.554000 0.392699 0.000000
vt -20.200447 0.392699 0.000000
vt -20.276215 0.490874 0.000000
vt -19.554000 0.523599 0.000000
vt -20.362658 0.589049 0.000000
vt -19.554000 0.654498 0.000000
vt -20.456455 0.687223 0.000000
vt -19.554000 0.785398 0.000000
vt -20.554000 0.785398 0.000000
vt 0.694593 -0.500000 0.000000
vt 0.694593 0.000000 0.000000
vt 0.347296 -0.560307 0.000000
vt 0.000000 0.000000 0.000000
vt 0.000000 -0.500000 0.000000
vt 8.739528 -14.500000 0.000000
vt -0.260472 -14.500000 0.000000
vt 8.739528 -15.000000 0.000000
vt -0.260472 -15.000000 0.000000
vt 0.000000 -0.500000 0.000000
vt 0.112683 -0.509821 0.000000
vt 0.000000 0.000000 0.000000
vt 0.235940 -0.509821 0.000000
vt 0.348623 0.000000 0.000000
vt 0.348623 -0.500000 0.000000
vt -32.709968 -0.000000 0.000000
vt -32.710669 0.041110 0.000000
vt -35.530351 -0.000000 0.000000
vt -32.710669 0.082225 0.000000
vt -35.530351 0.123335 0.000000
vt -32.709968 0.123335 0.000000
vt 1.414677 -1.416661 0.000000
vt 1.414420 -1.408131 0.000000
vt -1.400325 -1.590808 0.000000
vt 1.414265 -1.399598 0.000000
vt 1.414214 -1.391065 0.000000
vt 1.414214 1.521447 0.000000
vt -1.060660 1.521447 0.000000
vt -1.414214 -1.478553 0.000000
vt -1.414214 1.478553 0.000000
vt -2.957107 -14.500000 0.000000
vt -2.874858 -14.664793 0.000000
vt 0.000000 -14.500000 0.000000
vt -2.754927 -14.804571 0.000000
vt 0.000000 -15.000000 0.000000
vt -2.604546 -14.910906 0.000000
vt -2.250000 -15.000000 0.000000
vt -2.432784 -14.977386 0.000000
vt -22.292741 0.000000 0.000000
vt -22.292741 0.196350 0.000000
vt -25.542741 0.000000 0.000000
vt -25.792741 0.254878 0.000000
vt -22.292741 0.392699 0.000000
vt -25.792741 0.439522 0.000000
vt -22.292741 0.589049 0.000000
vt -25.792741 0.624166 0.000000
vt -22.292741 0.785398 0.000000
vt -25.792741 0.808809 0.000000
vt -22.292741 0.981748 0.000000
vt -25.792741 0.993453 0.000000
vt -22.292741 1.178097 0.000000
vt -25.792741 1.178097 0.000000
vt 0.000000 6.250000 0.000000
vt 1.500000 7.375000 0.000000
vt 0.000000 12.500000 0.000000
vt 1.500000 14.250000 0.000000
vt -1.750000 14.250000 0.000000
vt 1.500000 0.500000 0.000000
vt 0.000000 0.000000 0.000000
vt 1.500000 0.000000 0.000000
vt 0.087489 3.750000 0.000000
vt 0.087489 0.000000 0.000000
vt 0.500000 3.750000 0.000000
vt 0.629410 3.767037 0.000000
vt 0.750000 3.816987 0.000000
vt 0.853553 3.896447 0.000000
vt 3.000000 0.000000 0.000000
vt 0.933013 4.000000 0.000000
vt 0.982963 4.120590 0.000000
vt 3.000000 6.250000 0.000000
vt 1.000000 4.250000 0.000000
vt 1.000000 10.750000 0.000000
vt 3.000000 12.500000 0.000000
vt 0.982963 10.879410 0.000000
vt 0.933013 11.000000 0.000000
vt 0.853553 11.103553 0.000000
vt 0.087489 12.500000 0.000000
vt 0.750000 11.183013 0.000000
vt 0.629410 11.232963 0.000000
vt 0.500000 11.250000 0.000000
vt 0.087489 11.250000 0.000000
vt 16.596031 0.000000 0.000000
vt 18.096031 0.000000 0.000000
vt 16.596031 0.130900 0.000000
vt 18.096031 0.130900 0.000000
vt 16.596031 0.261799 0.000000
vt 18.096031 0.261799 0.000000
vt 16.596031 0.392699 0.000000
vt 18.096031 0.392699 0.000000
vt 16.596031 0.523599 0.000000
vt 18.096031 0.523599 0.000000
vt 16.596031 0.654498 0.000000
vt 18.096031 0.654498 0.000000
vt 16.596031 0.785398 0.000000
vt 18.096031 0.785398 0.000000
vt -7.000000 1.500000 0.000000
vt -0.500000 1.500000 0.000000
vt -7.000000 3.000000 0.000000
vt -0.500000 3.000000 0.000000
vt 0.555886 14.974444 0.000000
vt 0.000000 14.250000 0.000000
vt 0.750000 15.000000 0.000000
vt 2.017037 10.879410 0.000000
vt 2.066987 11.000000 0.000000
vt 0.375000 14.899519 0.000000
vt 0.219670 14.780330 0.000000
vt 0.100481 14.625000 0.000000
vt 0.025556 14.444114 0.000000
vt 2.000000 10.750000 0.000000
vt 0.000000 7.375000 0.000000
vt 2.000000 4.250000 0.000000
vt 0.000000 0.500000 0.000000
vt 2.017037 4.120590 0.000000
vt 2.066987 4.000000 0.000000
vt 2.146447 3.896447 0.000000
vt 3.000000 0.500000 0.000000
vt 2.250000 3.816987 0.000000
vt 2.370590 3.767037 0.000000
vt 2.500000 3.750000 0.000000
vt 3.000000 3.750000 0.000000
vt 2.146447 11.103553 0.000000
vt 2.250000 11.183013 0.000000
vt 3.000000 15.000000 0.000000
vt 2.370590 11.232963 0.000000
vt 2.500000 11.250000 0.000000
vt 3.000000 11.250000 0.000000
vt 2.030853 4.000000 0.000000
vt 3.500000 7.500000 0.000000
vt 2.030853 11.000000 0.000000
vt 3.585185 8.147048 0.000000
vt 3.834936 8.750000 0.000000
vt 2.022203 3.935295 0.000000
vt 5.352952 5.085185 0.000000
vt 4.750000 5.334936 0.000000
vt 4.232233 5.732233 0.000000
vt 1.996843 3.875000 0.000000
vt 1.956500 3.823223 0.000000
vt 6.000000 5.000000 0.000000
vt 9.874329 0.500000 0.000000
vt 6.647048 5.085185 0.000000
vt 7.250000 5.334936 0.000000
vt 7.767767 5.732233 0.000000
vt 8.165064 6.250000 0.000000
vt 9.874329 7.750000 0.000000
vt 8.414815 6.852952 0.000000
vt 8.500000 7.500000 0.000000
vt 8.414815 8.147048 0.000000
vt 8.165064 8.750000 0.000000
vt 7.767767 9.267767 0.000000
vt 9.874329 15.000000 0.000000
vt 7.250000 9.665064 0.000000
vt 6.647048 9.914815 0.000000
vt 5.758770 14.500000 0.000000
vt 6.000000 10.000000 0.000000
vt 5.352952 9.914815 0.000000
vt 1.996843 11.125000 0.000000
vt 2.022203 11.064705 0.000000
vt 1.903925 3.783494 0.000000
vt 0.000000 0.500000 0.000000
vt 1.842700 3.758519 0.000000
vt 1.776997 3.750000 0.000000
vt 0.000000 3.750000 0.000000
vt 5.758770 15.000000 0.000000
vt 0.361844 14.500000 0.000000
vt 1.842700 11.241481 0.000000
vt 1.903925 11.216506 0.000000
vt 1.956500 11.176777 0.000000
vt 0.361844 15.000000 0.000000
vt 0.000000 15.000000 0.000000
vt 0.000000 11.250000 0.000000
vt 1.776997 11.250000 0.000000
vt 4.750000 9.665064 0.000000
vt 4.232233 9.267767 0.000000
vt 3.834936 6.250000 0.000000
vt 3.585185 6.852952 0.000000
vt 5.001251 6.250000 0.000000
vt 6.998749 6.250000 0.000000
vt 4.713722 6.548428 0.000000
vt 7.286278 6.548428 0.000000
vt 4.512481 6.910690 0.000000
vt 7.487519 6.910690 0.000000
vt 4.411026 7.312484 0.000000
vt 7.588974 7.312484 0.000000
vt 4.416164 7.726858 0.000000
vt 7.583836 7.726858 0.000000
vt 4.527551 8.126013 0.000000
vt 7.472449 8.126013 0.000000
vt 4.737713 8.483174 0.000000
vt 7.262287 8.483174 0.000000
vt 5.032553 8.774380 0.000000
vt 6.967447 8.774380 0.000000
vt 5.392292 8.980098 0.000000
vt 6.607708 8.980098 0.000000
vt 5.792797 9.086527 0.000000
vt 6.207203 9.086527 0.000000
vt -7.250000 1.937166 0.000000
vt -7.250000 1.147346 0.000000
vt -7.050934 1.727477 0.000000
vt -6.809017 1.569132 0.000000
vt -6.537191 1.470605 0.000000
vt -6.250000 1.437166 0.000000
vt -0.250000 1.147346 0.000000
vt -1.250000 1.437166 0.000000
vt -0.962809 1.470605 0.000000
vt -0.690983 1.569132 0.000000
vt -0.449066 1.727477 0.000000
vt -0.250000 1.937166 0.000000
vt 18.404603 0.000000 0.000000
vt 18.416013 0.065450 0.000000
vt 16.908865 0.000000 0.000000
vt 17.101041 0.086779 0.000000
vt 18.426644 0.130900 0.000000
vt 17.296846 0.179526 0.000000
vt 18.435774 0.196350 0.000000
vt 18.442779 0.261799 0.000000
vt 17.485438 0.280100 0.000000
vt 18.447183 0.327249 0.000000
vt 17.574485 0.334250 0.000000
vt 18.448685 0.392699 0.000000
vt 17.658865 0.392699 0.000000
vt 17.658865 0.000000 0.000000
vt 18.448685 0.000000 0.000000
vt 17.574485 0.058449 0.000000
vt 18.447183 0.065450 0.000000
vt 17.485438 0.112599 0.000000
vt 18.442779 0.130900 0.000000
vt 17.296846 0.213173 0.000000
vt 18.435774 0.196350 0.000000
vt 18.426644 0.261799 0.000000
vt 17.101041 0.305920 0.000000
vt 18.416013 0.327249 0.000000
vt 16.908865 0.392699 0.000000
vt 18.404603 0.392699 0.000000
vt 0.000000 -0.500000 0.000000
vt 5.305745 -0.500000 0.000000
vt 0.000000 0.000000 0.000000
vt 5.305745 0.000000 0.000000
vt 1.000000 0.000000 0.000000
vt 0.000000 0.000000 0.000000
vt 1.000000 -0.500000 0.000000
vt 0.000000 -0.500000 0.000000
vt 3.094353 0.000000 0.000000
vt 0.000000 0.000000 0.000000
vt 3.094353 -0.500000 0.000000
vt 0.000000 -0.500000 0.000000
vt -0.356347 -0.062834 0.000000
vt -5.671282 -1.000000 0.000000
vt -3.912981 -4.000000 0.000000
vt -4.912981 -4.000000 0.000000
vt 0.000000 0.500000 0.000000
vt 4.500000 0.500000 0.000000
vt 0.000000 7.750000 0.000000
vt 4.500000 7.750000 0.000000
vt 0.000000 15.000000 0.000000
vt 4.500000 15.000000 0.000000
vt 0.000000 -0.000000 0.000000
vt 7.250000 0.000000 0.000000
vt -0.000000 2.000000 0.000000
vt 7.500000 2.000000 0.000000
vt 14.500000 1.025570 0.000000
vt 15.000000 2.000000 0.000000
vt 15.000000 1.025570 0.000000
vt 14.500000 0.000000 0.000000
vt -14.444114 17.753278 0.000000
vt -14.625000 17.678353 0.000000
vt -14.250000 17.778834 0.000000
vt -14.780330 17.559164 0.000000
vt -14.899519 17.403834 0.000000
vt -14.974444 17.222948 0.000000
vt -15.000000 17.028834 0.000000
vt -7.500000 17.778834 0.000000
vt -7.500000 13.778834 0.000000
vt 0.000000 17.028834 0.000000
vt 0.000000 13.778834 0.000000
vt -15.000000 13.778834 0.000000
vt -0.750000 17.778834 0.000000
vt -0.025556 17.222948 0.000000
vt -0.100481 17.403834 0.000000
vt -0.219670 17.559164 0.000000
vt -0.375000 17.678353 0.000000
vt -0.555886 17.753278 0.000000
vt -28.099879 1.178097 0.000000
vt -29.349879 1.178097 0.000000
vt -28.246197 1.030835 0.000000
vt -29.349879 0.981748 0.000000
vt -28.386892 0.883573 0.000000
vt -29.349879 0.785398 0.000000
vt -28.516557 0.736311 0.000000
vt -29.349879 0.589049 0.000000
vt -28.630210 0.589049 0.000000
vt -28.723482 0.441786 0.000000
vt -29.349879 0.392699 0.000000
vt -28.792789 0.294524 0.000000
vt -29.349879 0.196350 0.000000
vt -28.835468 0.147262 0.000000
vt -28.846268 0.073631 0.000000
vt -29.349879 0.000000 0.000000
vt -28.849879 0.000000 0.000000
vt -14.250000 1.877219 0.000000
vt -14.250000 1.377219 0.000000
vt -11.500000 1.877219 0.000000
vt -7.500000 1.377219 0.000000
vt -0.750000 1.877219 0.000000
vt -0.750000 1.377219 0.000000
vt -17.287058 1.178097 0.000000
vt -17.787058 1.178097 0.000000
vt -17.287058 0.981748 0.000000
vt -17.787058 0.981748 0.000000
vt -17.287058 0.785398 0.000000
vt -17.787058 0.785398 0.000000
vt -17.287058 0.589049 0.000000
vt -17.787058 0.589049 0.000000
vt -17.287058 0.392699 0.000000
vt -17.787058 0.392699 0.000000
vt -17.287058 0.196350 0.000000
vt -17.787058 0.196350 0.000000
vt -17.287058 0.000000 0.000000
vt -17.787058 0.000000 0.000000
vt 17.337387 0.000000 0.000000
vt 8.925515 0.000000 0.000000
vt 17.337387 -0.500000 0.000000
vt 8.925515 -0.500000 0.000000
vt 0.513642 0.000000 0.000000
vt 0.513642 -0.500000 0.000000
vt 13.621430 -3.964659 0.000000
vt 9.724316 -1.714659 0.000000
vt 13.108645 -4.852829 0.000000
vt 5.054323 -2.426414 0.000000
vt -0.000000 0.000000 0.000000
vt -3.000000 0.000000 0.000000
vt 0.000000 0.654498 0.000000
vt -2.000000 0.654498 0.000000
vt 0.000000 0.000000 0.000000
vt -2.000000 0.000000 0.000000
vt -0.000000 -0.654498 0.000000
vt -2.000000 -0.654498 0.000000
vt -0.000000 -1.308997 0.000000
vt -2.000000 -1.308997 0.000000
vt -0.000000 -1.963495 0.000000
vt -2.000000 -1.963495 0.000000
vt 0.000000 -2.617994 0.000000
vt -2.000000 -2.617994 0.000000
vt -0.000000 -3.272492 0.000000
vt -2.000000 -3.272492 0.000000
vt 0.000000 -3.926991 0.000000
vt -2.000000 -3.926991 0.000000
vt 0.000000 -4.581489 0.000000
vt -2.000000 -4.581489 0.000000
vt 0.000000 -5.235988 0.000000
vt -2.000000 -5.235988 0.000000
vt 0.000000 -5.890486 0.000000
vt -2.000000 -5.890486 0.000000
vt -0.000000 -6.544985 0.000000
vt -2.000000 -6.544985 0.000000
vt 0.000000 -7.199483 0.000000
vt -2.000000 -7.199483 0.000000
vt 0.000000 -7.853982 0.000000
vt -2.000000 -7.853982 0.000000
vt 0.000000 7.853982 0.000000
vt -2.000000 7.853982 0.000000
vt -0.000000 7.199483 0.000000
vt -2.000000 7.199483 0.000000
vt -0.000000 6.544985 0.000000
vt -2.000000 6.544985 0.000000
vt -0.000000 5.890486 0.000000
vt -2.000000 5.890486 0.000000
vt 0.000000 5.235988 0.000000
vt -2.000000 5.235988 0.000000
vt -0.000000 4.581489 0.000000
vt -2.000000 4.581489 0.000000
vt 0.000000 3.926991 0.000000
vt -2.000000 3.926991 0.000000
vt -0.000000 3.272492 0.000000
vt -2.000000 3.272492 0.000000
vt 0.000000 2.617994 0.000000
vt -2.000000 2.617994 0.000000
vt -0.000000 1.963495 0.000000
vt -2.000000 1.963495 0.000000
vt 0.000000 1.308997 0.000000
vt -2.000000 1.308997 0.000000
vt -3.585185 -6.852952 0.000000
vt -4.411026 -7.312484 0.000000
vt -3.500000 -7.500000 0.000000
vt -4.416164 -7.726858 0.000000
vt -3.585185 -8.147048 0.000000
vt -4.527551 -8.126013 0.000000
vt -3.834936 -8.750000 0.000000
vt -4.737713 -8.483174 0.000000
vt -4.232233 -9.267767 0.000000
vt -5.032553 -8.774380 0.000000
vt -4.750000 -9.665064 0.000000
vt -5.392292 -8.980098 0.000000
vt -5.352952 -9.914815 0.000000
vt -5.792797 -9.086527 0.000000
vt -6.000000 -10.000000 0.000000
vt -6.207203 -9.086527 0.000000
vt -6.647048 -9.914815 0.000000
vt -6.607708 -8.980098 0.000000
vt -7.250000 -9.665064 0.000000
vt -6.967447 -8.774380 0.000000
vt -7.767767 -9.267767 0.000000
vt -7.262287 -8.483174 0.000000
vt -8.165064 -8.750000 0.000000
vt -7.472449 -8.126013 0.000000
vt -8.414815 -8.147048 0.000000
vt -7.583836 -7.726858 0.000000
vt -8.500000 -7.500000 0.000000
vt -7.588974 -7.312484 0.000000
vt -8.414815 -6.852952 0.000000
vt -7.487519 -6.910690 0.000000
vt -8.165064 -6.250000 0.000000
vt -7.286278 -6.548428 0.000000
vt -7.767767 -5.732233 0.000000
vt -6.998749 -6.250000 0.000000
vt -7.250000 -5.334936 0.000000
vt -6.647048 -5.085185 0.000000
vt -6.000000 -5.000000 0.000000
vt -5.001251 -6.250000 0.000000
vt -5.352952 -5.085185 0.000000
vt -4.750000 -5.334936 0.000000
vt -4.232233 -5.732233 0.000000
vt -4.713722 -6.548428 0.000000
vt -3.834936 -6.250000 0.000000
vt -4.512481 -6.910690 0.000000
vt 2.000000 1.434665 0.000000
vt -0.000000 1.434665 0.000000
vt 2.000000 1.019093 0.000000
vt 0.000000 1.019093 0.000000
vt 2.000000 0.603520 0.000000
vt 0.000000 0.603520 0.000000
vt 2.000000 0.187948 0.000000
vt 0.000000 0.187948 0.000000
vt 2.000000 -0.227625 0.000000
vt 0.000000 -0.227625 0.000000
vt 2.000000 -0.643198 0.000000
vt -0.000000 -0.643198 0.000000
vt 2.000000 -1.058770 0.000000
vt 0.000000 -1.058770 0.000000
vt 2.000000 -1.474343 0.000000
vt -0.000000 -1.474343 0.000000
vt 2.000000 -1.889915 0.000000
vt 0.000000 -1.889915 0.000000
vt 2.000000 -2.305488 0.000000
vt 0.000000 -2.305488 0.000000
vt 2.000000 -2.721060 0.000000
vt 0.000000 -2.721060 0.000000
vt 2.000000 -3.136633 0.000000
vt 0.000000 -3.136633 0.000000
vt 2.000000 -3.552206 0.000000
vt -0.000000 -3.552206 0.000000
vt 2.000000 -3.967778 0.000000
vt 0.000000 -3.967778 0.000000
vt 2.000000 -4.383351 0.000000
vt 0.000000 -4.383351 0.000000
vt 2.000000 -4.798923 0.000000
vt 0.000000 -4.798923 0.000000
vt 2.000000 -5.214496 0.000000
vt 0.000000 -5.214496 0.000000
vt 2.000000 -5.630068 0.000000
vt 0.000000 -5.630068 0.000000
vt 2.000000 -6.045641 0.000000
vt -0.000000 -6.045641 0.000000
vt 2.000000 -6.461214 0.000000
vt -0.000000 -6.461214 0.000000
vt 0.001251 -0.000000 0.000000
vt 1.998749 -0.000000 0.000000
vt 0.001251 2.000000 0.000000
vt 1.998749 2.000000 0.000000
vt 16.596031 0.000000 0.000000
vt 18.096031 0.000000 0.000000
vt 16.596031 0.130900 0.000000
vt 18.096031 0.130900 0.000000
vt 16.596031 0.261799 0.000000
vt 18.096031 0.261799 0.000000
vt 16.596031 0.392699 0.000000
vt 18.096031 0.392699 0.000000
vt 16.596031 0.523599 0.000000
vt 18.096031 0.523599 0.000000
vt 16.596031 0.654498 0.000000
vt 18.096031 0.654498 0.000000
vt 16.596031 0.785398 0.000000
vt 18.096031 0.785398 0.000000
vt 32.554000 -0.000000 0.000000
vt 34.554000 -0.000000 0.000000
vt 32.456455 0.098175 0.000000
vt 34.554000 0.130900 0.000000
vt 32.362658 0.196350 0.000000
vt 34.554000 0.261799 0.000000
vt 32.276215 0.294524 0.000000
vt 34.554000 0.392699 0.000000
vt 32.200447 0.392699 0.000000
vt 32.138265 0.490874 0.000000
vt 34.554000 0.523599 0.000000
vt 32.092060 0.589049 0.000000
vt 34.554000 0.654498 0.000000
vt 32.063607 0.687223 0.000000
vt 32.056408 0.736311 0.000000
vt 34.554000 0.785398 0.000000
vt 32.054000 0.785398 0.000000
vn -1.000000 0.000000 0.000000
vn -1.000000 0.000000 0.000000
vn -1.000000 0.000000 0.000000
vn -1.000000 0.000000 0.000000
vn -1.000000 0.000000 0.000000
vn -1.000000 0.000000 0.000000
vn -1.000000 0.000000 0.000000
vn -1.000000 0.000000 0.000000
vn -1.000000 0.000000 0.000000
vn -1.000000 0.000000 0.000000
vn -1.000000 0.000000 0.000000
vn -1.000000 0.000000 0.000000
vn -1.000000 0.000000 0.000000
vn -1.000000 0.000000 0.000000
vn -1.000000 0.000000 0.000000
vn -1.000000 0.000000 0.000000
vn -1.000000 0.000000 0.000000
vn -1.000000 0.000000 0.000000
vn -1.000000 0.000000 0.000000
vn -1.000000 0.000000 0.000000
vn -1.000000 0.000000 0.000000
vn -1.000000 0.000000 0.000000
vn -1.000000 0.000000 0.000000
vn -1.000000 0.000000 0.000000
vn -1.000000 0.000000 0.000000
vn -1.000000 0.000000 0.000000
vn -1.000000 0.000000 0.000000
vn -1.000000 0.000000 0.000000
vn -1.000000 0.000000 0.000000
vn -1.000000 0.000000 0.000000
vn -1.000000 0.000000 0.000000
vn -1.000000 0.000000 0.000000
vn 0.000000 -0.342020 0.939693
vn 0.000000 -0.342020 0.939693
vn 0.000000 -0.342020 0.939693
vn 0.000000 -0.342020 0.939693
vn 0.000000 0.422618 0.906308
vn 0.000000 0.422618 0.906308
vn 0.000000 0.422618 0.906308
vn 0.000000 0.422618 0.906308
vn 0.000000 0.422618 0.906308
vn 0.000000 0.422618 0.906308
vn 0.000000 0.422618 0.906308
vn 0.000000 0.422618 0.906308
vn 0.000000 0.422618 0.906308
vn 0.000000 0.422618 0.906308
vn 0.000000 0.422618 0.906308
vn 0.000000 0.422618 0.906308
vn 0.000000 0.422618 0.906308
vn 0.000000 0.422618 0.906308
vn 0.000000 0.422618 0.906308
vn 0.000000 0.422618 0.906308
vn 0.000000 0.422618 0.906308
vn 0.000000 0.422618 0.906308
vn 0.000000 0.422618 0.906308
vn 0.000000 0.422618 0.906308
vn 0.000000 0.422618 0.906308
vn 0.000000 0.422618 0.906308
vn 1.000000 -0.000000 0.000000
vn 1.000000 -0.000000 0.000000
vn 1.000000 -0.000000 0.000000
vn 1.000000 -0.000000 0.000000
vn 1.000000 -0.000000 0.000000
vn 0.000000 0.939693 0.342020
vn 0.000000 0.939693 0.342020
vn 0.098017 0.935168 0.340373
vn 0.223240 0.915978 0.333389
vn 0.195090 0.921637 0.335448
vn 0.382683 0.868163 0.315985
vn 0.437447 0.845013 0.307560
vn 0.555570 0.781326 0.284379
vn 0.629261 0.730323 0.265816
vn 0.707107 0.664463 0.241845
vn 0.786788 0.580000 0.211103
vn 0.831470 0.522065 0.190016
vn 0.903778 0.402189 0.146385
vn 0.923880 0.359605 0.130885
vn 0.975743 0.205716 0.074874
vn 0.980785 0.183325 0.066725
vn 1.000000 -0.000000 -0.000000
vn 1.000000 -0.000000 -0.000000
vn 0.000000 0.939693 0.342020
vn 0.000000 0.939693 0.342020
vn 0.000000 0.939693 0.342020
vn 0.000000 0.939693 0.342020
vn 0.000000 0.939693 0.342020
vn 0.000000 0.939693 0.342020
vn 0.000000 0.939693 0.342020
vn 0.000000 0.939693 0.342020
vn 0.000000 0.939693 0.342020
vn 0.000000 -0.087156 0.996195
vn 0.000000 -0.342020 0.939693
vn 0.000000 -0.087156 0.996195
vn 0.000000 -0.342020 0.939693
vn 0.000000 -0.155356 0.987859
vn 0.000000 -0.342020 0.939693
vn 0.000000 0.037695 0.999289
vn 0.000000 0.173648 0.984808
vn 0.000000 0.173648 0.984808
vn 0.000000 0.422618 0.906308
vn 0.000000 0.422618 0.906308
vn 0.000000 0.642788 0.766044
vn 0.000000 0.642788 0.766044
vn 0.000000 0.819152 0.573576
vn 0.000000 0.819152 0.573576
vn 0.000000 0.939693 0.342020
vn 0.000000 0.939693 0.342020
vn 0.000000 0.230258 0.973130
vn 0.000000 0.415296 0.909687
vn 0.000000 0.586190 0.810174
vn 0.000000 0.735236 0.677811
vn 0.000000 0.854663 0.519184
vn 0.000000 0.939693 0.342020
vn 0.000000 -0.342020 0.939693
vn 0.000000 -0.342020 0.939693
vn 0.000000 -0.342020 0.939693
vn 0.000000 -0.342020 0.939693
vn 0.000000 -0.342020 0.939693
vn 0.000000 -0.342020 0.939693
vn 0.000000 -0.342020 0.939693
vn 0.000000 -0.342020 0.939693
vn 0.000000 -0.342020 0.939693
vn 0.000000 -0.342020 0.939693
vn -0.000000 -0.342020 0.939693
vn 0.258819 -0.330366 0.907673
vn 0.258819 -0.330366 0.907673
vn 0.500000 -0.296198 0.813798
vn 0.500000 -0.296198 0.813798
vn 0.707107 -0.241845 0.664463
vn 0.707107 -0.241845 0.664463
vn 0.866025 -0.171010 0.469846
vn 0.866025 -0.171010 0.469846
vn 0.965926 -0.088521 0.243210
vn 0.965926 -0.088521 0.243210
vn 1.000000 0.000000 -0.000000
vn 1.000000 -0.000000 0.000000
vn 0.000147 -0.155836 0.987783
vn 0.000027 -0.340818 0.940129
vn 0.170285 -0.222686 0.959903
vn 0.258824 -0.329141 0.908117
vn 0.355705 -0.191556 0.914757
vn 0.499985 -0.295050 0.814224
vn 0.534616 -0.151530 0.831399
vn 0.707082 -0.240860 0.664847
vn 0.694917 -0.104317 0.711483
vn 0.826152 -0.052537 0.560993
vn 0.661653 0.031241 0.749159
vn 0.795745 0.080369 0.600275
vn 0.608799 0.157322 0.777569
vn 0.747128 0.205196 0.632214
vn 0.540097 0.269854 0.797166
vn 0.683338 0.318588 0.656925
vn 0.446128 0.380311 0.810144
vn 0.595093 0.432553 0.677320
vn 0.341437 0.467988 0.815112
vn 0.495197 0.526853 0.690801
vn 0.115811 0.578847 0.807171
vn 0.274070 0.658156 0.701225
vn 0.000031 0.586177 0.810183
vn 0.043349 0.717460 0.695250
vn -0.000055 0.735283 0.677760
vn 0.191878 0.791609 0.580119
vn -0.000002 0.854711 0.519105
vn 0.101972 0.882033 0.460022
vn 0.000810 0.939415 0.342781
vn 0.223291 0.915963 0.333397
vn 0.437328 0.845078 0.307552
vn 0.327167 0.832420 0.447257
vn 0.629270 0.730317 0.265813
vn 0.539750 0.730010 0.419232
vn 0.786747 0.580055 0.211103
vn 0.726380 0.575675 0.375460
vn 0.805499 0.479983 0.347547
vn 0.625373 0.562781 0.540542
vn 0.716454 0.465875 0.519282
vn 0.866004 -0.170254 0.470161
vn 0.920628 0.000347 0.390441
vn 0.894263 0.125167 0.429683
vn 0.851806 0.243625 0.463760
vn 0.795447 0.353194 0.492462
vn 0.965915 -0.088032 0.243430
vn 0.976013 0.051125 0.211623
vn 0.954538 0.163378 0.249329
vn 0.919631 0.271180 0.284148
vn 0.872566 0.372874 0.315583
vn 1.000000 0.000219 0.000108
vn 0.975736 0.205746 0.074882
vn 0.903728 0.402302 0.146386
vn -0.000162 0.415361 0.909657
vn 0.173638 0.389460 0.904528
vn -0.000170 0.230333 0.973112
vn 0.103251 0.232476 0.967106
vn 0.278676 0.312092 0.908261
vn 0.374365 0.209836 0.903227
vn 0.018519 0.072348 0.997208
vn 0.000156 0.037087 0.999312
vn 0.084739 -0.011548 0.996336
vn 0.136879 -0.111605 0.984281
vn 0.499899 -0.019080 0.865873
vn 0.445066 0.102919 0.889564
vn 0.320981 -0.067588 0.944671
vn 0.266460 0.045416 0.962775
vn 0.196690 0.142470 0.970059
vn 0.417775 0.708692 0.568525
vn 0.000000 0.939693 0.342020
vn 0.000000 0.939693 0.342020
vn 0.000000 0.939693 0.342020
vn 0.000000 0.939693 0.342020
vn 0.000000 0.939693 0.342020
vn 0.000000 0.939693 0.342020
vn 0.000000 0.939693 0.342020
vn 0.000000 0.939693 0.342020
vn 0.000000 0.939693 0.342020
vn 0.000000 0.939693 0.342020
vn 0.000000 0.939693 0.342020
vn 0.000000 0.939693 0.342020
vn 0.000000 0.939693 0.342020
vn 0.000000 0.939693 0.342020
vn 0.000000 0.939693 0.342020
vn 0.000000 0.939693 0.342020
vn 0.000000 0.939693 0.342020
vn 0.000000 1.000000 0.000000
vn 0.000000 1.000000 0.000000
vn 0.000000 1.000000 0.000000
vn 0.000000 1.000000 0.000000
vn 0.000000 1.000000 0.000000
vn 0.000000 1.000000 0.000000
vn 0.000000 1.000000 0.000000
vn 0.000000 1.000000 0.000000
vn 0.000000 1.000000 0.000000
vn 0.000000 1.000000 0.000000
vn 0.000000 1.000000 0.000000
vn 0.000000 1.000000 0.000000
vn 0.000000 1.000000 0.000000
vn 0.000000 1.000000 0.000000
vn 0.000000 1.000000 0.000000
vn 0.000000 1.000000 0.000000
vn 0.000000 1.000000 0.000000
vn 0.000000 1.000000 0.000000
vn 0.000000 1.000000 0.000000
vn 0.000000 1.000000 0.000000
vn 0.000000 1.000000 0.000000
vn 0.000000 1.000000 0.000000
vn 0.000000 1.000000 0.000000
vn 0.000000 1.000000 0.000000
vn 0.000000 1.000000 0.000000
vn 0.000000 1.000000 0.000000
vn 0.000000 1.000000 0.000000
vn 0.000000 1.000000 0.000000
vn 0.000000 1.000000 0.000000
vn 0.000000 1.000000 0.000000
vn 0.000000 1.000000 0.000000
vn 0.000000 1.000000 0.000000
vn 0.000000 1.000000 0.000000
vn 0.000000 1.000000 0.000000
vn 0.000000 1.000000 0.000000
vn 0.000000 1.000000 0.000000
vn 0.000000 1.000000 0.000000
vn 0.000000 1.000000 0.000000
vn 1.000000 -0.000000 0.000000
vn 1.000000 -0.000000 0.000000
vn 1.000000 -0.000000 0.000000
vn 1.000000 -0.000000 0.000000
vn 1.000000 -0.000000 0.000000
vn 1.000000 -0.000000 0.000000
vn 1.000000 -0.000000 0.000000
vn 1.000000 -0.000000 0.000000
vn 1.000000 -0.000000 0.000000
vn 1.000000 -0.000000 0.000000
vn 1.000000 -0.000000 0.000000
vn 1.000000 -0.000000 0.000000
vn 1.000000 -0.000000 0.000000
vn 1.000000 -0.000000 0.000000
vn 1.000000 -0.000000 0.000000
vn 1.000000 -0.000000 0.000000
vn 1.000000 -0.000000 0.000000
vn 1.000000 -0.000000 0.000000
vn 1.000000 -0.000000 0.000000
vn 1.000000 -0.000000 0.000000
vn 0.000000 0.998308 -0.058145
vn 0.000000 0.998308 -0.058145
vn 0.000000 0.993238 -0.116093
vn 0.000000 0.993238 -0.116093
vn -0.000000 0.984808 -0.173648
vn -0.000000 0.984808 -0.173648
vn -1.000000 0.000000 0.000000
vn -1.000000 0.000000 0.000000
vn -1.000000 0.000000 0.000000
vn -1.000000 0.000000 0.000000
vn -1.000000 0.000000 0.000000
vn -1.000000 0.000000 0.000000
vn -1.000000 0.000000 0.000000
vn -1.000000 0.000000 0.000000
vn -1.000000 0.000000 0.000000
vn -1.000000 0.000000 0.000000
vn -0.000000 0.984808 -0.173648
vn -0.024541 0.984511 -0.173596
vn -0.000000 0.984808 -0.173648
vn -0.049068 0.983622 -0.173439
vn -0.098017 0.980066 -0.172812
vn -0.229753 0.958463 -0.169003
vn -0.146730 0.974149 -0.171769
vn -0.195090 0.965885 -0.170312
vn -0.290285 0.942402 -0.166171
vn -0.382683 0.909844 -0.160430
vn -0.447214 0.880839 -0.155316
vn -0.471397 0.868523 -0.153144
vn -0.555570 0.818838 -0.144383
vn -0.640747 0.756088 -0.133319
vn -0.634393 0.761267 -0.134232
vn -0.707107 0.696364 -0.122788
vn -0.800000 0.590885 -0.104189
vn -0.831470 0.547130 -0.096474
vn -0.846417 0.524430 -0.092471
vn -0.887246 0.454288 -0.080103
vn -0.923880 0.376870 -0.066452
vn -0.950611 0.305670 -0.053898
vn -0.980785 0.192126 -0.033877
vn -0.988108 0.151428 -0.026701
vn 0.000000 0.984808 -0.173648
vn 0.000000 0.984808 -0.173648
vn 0.024541 0.984511 -0.173596
vn 0.049068 0.983622 -0.173439
vn 0.098017 0.980066 -0.172812
vn 0.229753 0.958463 -0.169003
vn 0.146730 0.974149 -0.171769
vn 0.195090 0.965885 -0.170312
vn 0.290285 0.942402 -0.166171
vn 0.382683 0.909844 -0.160430
vn 0.447214 0.880839 -0.155316
vn 0.471397 0.868523 -0.153144
vn 0.555570 0.818838 -0.144383
vn 0.640747 0.756088 -0.133319
vn 0.634393 0.761267 -0.134232
vn 0.707107 0.696364 -0.122788
vn 0.800000 0.590885 -0.104189
vn 0.831470 0.547130 -0.096474
vn 0.846417 0.524430 -0.092471
vn 0.887246 0.454288 -0.080103
vn 0.923880 0.376870 -0.066452
vn 0.950611 0.305670 -0.053898
vn 0.980785 0.192126 -0.033877
vn 0.988108 0.151428 -0.026701
vn 1.000000 0.000000 -0.000000
vn 1.000000 0.000000 -0.000000
vn 1.000000 -0.000000 0.000000
vn 1.000000 -0.000000 0.000000
vn 1.000000 -0.000000 0.000000
vn 1.000000 -0.000000 0.000000
vn 1.000000 -0.000000 0.000000
vn 1.000000 -0.000000 0.000000
vn 1.000000 -0.000000 0.000000
vn 1.000000 -0.000000 0.000000
vn 0.000000 0.998308 -0.058145
vn 0.000000 0.999672 -0.025596
vn 0.000000 0.999854 -0.017066
vn 0.000000 0.999964 -0.008534
vn 0.000000 0.997776 -0.066659
vn 0.000000 0.993238 -0.116093
vn 0.000000 0.994193 -0.107615
vn 0.000000 0.988930 -0.148384
vn -0.000000 0.984808 -0.173648
vn 0.000000 0.987628 -0.156816
vn 0.000000 0.986254 -0.165238
vn -0.000000 0.984808 -0.173648
vn 0.707107 0.707107 0.000000
vn 0.707107 0.707107 0.000000
vn 0.707107 0.707107 0.000000
vn 0.707107 0.707107 0.000000
vn 0.707107 0.707107 0.000000
vn 0.707107 0.707107 0.000000
vn 0.707107 0.707107 0.000000
vn 0.707107 0.707107 0.000000
vn 0.707107 0.707107 0.000000
vn 0.707107 0.664463 0.241845
vn 0.707107 0.664463 0.241845
vn 0.707107 0.664463 0.241845
vn 0.707107 0.664463 0.241845
vn 0.707107 0.664463 0.241845
vn 0.707107 0.664463 0.241845
vn 0.707107 0.664463 0.241845
vn 0.707107 0.664463 0.241845
vn 0.707107 0.664463 0.241845
vn 0.707107 0.664463 0.241845
vn 0.707107 0.664463 0.241845
vn 0.707107 0.664463 0.241845
vn 0.707107 0.664463 0.241845
vn 0.707107 0.664463 0.241845
vn 0.707107 0.664463 0.241845
vn 0.707107 0.664463 0.241845
vn 0.707107 0.664463 0.241845
vn 0.707107 0.664463 0.241845
vn 0.707107 0.664463 0.241845
vn 0.707107 0.664463 0.241845
vn 0.707107 0.664463 0.241845
vn 0.707107 0.664463 0.241845
vn 0.707107 0.664463 0.241845
vn 0.000000 0.939693 0.342020
vn 0.000000 0.939693 0.342020
vn 0.000000 0.939693 0.342020
vn 0.000000 0.939693 0.342020
vn 0.000000 0.939693 0.342020
vn 0.000000 0.939693 0.342020
vn 0.000000 0.901644 0.432479
vn 0.000000 0.819152 0.573576
vn 0.000000 0.854912 0.518773
vn 0.000000 0.737277 0.675590
vn 0.000000 0.642788 0.766044
vn 0.000000 0.591310 0.806445
vn 0.000000 0.422618 0.906308
vn 0.000000 0.422618 0.906308
vn 0.000000 0.237686 0.971342
vn 0.000000 0.173648 0.984808
vn 0.000000 0.043619 0.999048
vn 0.000000 -0.087156 0.996195
vn 0.000000 -0.152123 0.988362
vn 0.000000 -0.342020 0.939693
vn 0.000000 -0.342020 0.939693
vn 0.000000 0.984808 0.173648
vn 0.000000 0.984808 0.173648
vn 0.000000 0.984808 0.173648
vn 0.000000 0.984808 0.173648
vn 0.000000 0.984808 0.173648
vn 0.000000 1.000000 0.000000
vn 0.000000 1.000000 0.000000
vn 0.000000 1.000000 0.000000
vn 0.000000 1.000000 0.000000
vn 0.000000 0.996195 -0.087156
vn 0.000000 0.996195 -0.087156
vn 0.000000 0.996195 -0.087156
vn 0.000000 0.996195 -0.087156
vn 0.000000 0.996195 -0.087156
vn 0.000000 0.996195 -0.087156
vn 0.707107 0.707107 0.000000
vn 0.708304 0.704715 -0.041020
vn 0.707107 0.707107 0.000000
vn 0.708304 0.701132 -0.081976
vn 0.707107 0.696364 -0.122788
vn 0.707107 0.696364 -0.122788
vn 0.707107 0.696364 -0.122788
vn 0.707107 0.696364 -0.122788
vn 0.707107 0.696364 -0.122788
vn 0.707107 0.696364 -0.122788
vn 0.707107 0.696364 -0.122788
vn 0.707107 0.696364 -0.122788
vn 0.707107 0.696364 -0.122788
vn 0.707107 0.696364 -0.122788
vn 0.707107 0.696364 -0.122788
vn 0.000000 0.984808 -0.173648
vn 0.000000 0.984808 -0.173648
vn 0.000000 0.984808 -0.173648
vn 0.000000 0.984808 -0.173648
vn 0.000000 0.984808 -0.173648
vn 0.000000 0.984808 -0.173648
vn 0.000000 0.984808 -0.173648
vn 0.000000 0.984808 -0.173648
vn 0.000000 -0.173648 -0.984808
vn -0.258819 -0.167731 -0.951251
vn 0.000000 -0.173648 -0.984808
vn -0.333333 -0.163717 -0.928486
vn -0.500000 -0.150384 -0.852869
vn -0.553057 -0.144674 -0.820486
vn -0.707107 -0.122788 -0.696364
vn -0.739428 -0.116906 -0.663007
vn -0.866025 -0.086824 -0.492404
vn -0.881208 -0.082088 -0.465546
vn -0.965926 -0.044943 -0.254887
vn -0.969848 -0.042320 -0.240010
vn -0.000000 -0.173648 -0.984808
vn -0.000000 -0.173648 -0.984808
vn -0.000000 -0.173648 -0.984808
vn -0.000000 -0.173648 -0.984808
vn -0.000000 -0.173648 -0.984808
vn -0.000000 -0.173648 -0.984808
vn 0.000000 0.984808 -0.173648
vn 0.000000 0.984808 -0.173648
vn 0.000000 0.984808 -0.173648
vn 0.000000 0.984808 -0.173648
vn 0.000000 0.984808 -0.173648
vn 0.000000 0.984808 -0.173648
vn 0.000000 0.984808 -0.173648
vn 0.000000 0.984808 -0.173648
vn 0.000000 0.984808 -0.173648
vn 0.000000 0.984808 -0.173648
vn 0.000000 0.984808 -0.173648
vn 0.000000 0.984808 -0.173648
vn 0.000000 0.984808 -0.173648
vn 0.000000 0.984808 -0.173648
vn 0.000000 0.984808 -0.173648
vn 0.000000 0.984808 -0.173648
vn 0.000000 0.984808 -0.173648
vn 0.000000 0.173648 0.984808
vn 0.000000 0.173648 0.984808
vn -0.258819 0.167731 0.951251
vn -0.258819 0.167731 0.951251
vn -0.500000 0.150384 0.852869
vn -0.500000 0.150384 0.852869
vn -0.707107 0.122788 0.696364
vn -0.707107 0.122788 0.696364
vn -0.866025 0.086824 0.492404
vn -0.866025 0.086824 0.492404
vn -0.965926 0.044943 0.254887
vn -0.965926 0.044943 0.254887
vn 0.000000 0.173648 0.984808
vn 0.000000 0.173648 0.984808
vn 0.000000 -0.984808 0.173648
vn 0.000000 -0.984808 0.173648
vn 0.000000 -0.984808 0.173648
vn 0.000000 -0.984808 0.173648
vn 0.000000 -0.984808 0.173648
vn 0.000000 -0.984808 0.173648
vn 0.000000 -0.984808 0.173648
vn 0.000000 -0.984808 0.173648
vn 0.000000 -0.984808 0.173648
vn 0.000000 -0.984808 0.173648
vn 0.000000 -0.984808 0.173648
vn 0.000000 -0.984808 0.173648
vn 0.000000 -0.984808 0.173648
vn 0.000000 -0.984808 0.173648
vn 0.000000 -0.984808 0.173648
vn 0.000000 -0.984808 0.173648
vn 0.000000 -0.984808 0.173648
vn 0.000000 -0.984808 0.173648
vn 0.000000 -0.984808 0.173648
vn 0.000000 -0.984808 0.173648
vn 0.000000 -0.984808 0.173648
vn 0.000000 -0.984808 0.173648
vn 0.000000 -0.984808 0.173648
vn 0.000000 -0.984808 0.173648
vn 0.000000 -0.984808 0.173648
vn 0.000000 -0.984808 0.173648
vn 0.000000 -0.984808 0.173648
vn 0.000000 -1.000000 0.000000
vn 0.000000 -1.000000 0.000000
vn 0.000000 -1.000000 0.000000
vn 0.000000 -1.000000 0.000000
vn 0.000000 -1.000000 0.000000
vn 0.000000 -1.000000 0.000000
vn 0.000000 -1.000000 0.000000
vn 0.000000 -1.000000 0.000000
vn 0.000000 -1.000000 0.000000
vn 0.000000 -1.000000 0.000000
vn 0.000000 -1.000000 0.000000
vn 0.000000 -1.000000 0.000000
vn 0.000000 -1.000000 0.000000
vn 0.000000 -1.000000 0.000000
vn 0.000000 -1.000000 0.000000
vn 0.000000 -1.000000 0.000000
vn 0.000000 -1.000000 0.000000
vn 0.000000 -1.000000 0.000000
vn 0.000000 -1.000000 0.000000
vn 0.000000 -1.000000 0.000000
vn 0.000000 -1.000000 0.000000
vn 0.000000 -1.000000 0.000000
vn 0.000000 -1.000000 0.000000
vn 0.000000 -1.000000 0.000000
vn 0.000000 -1.000000 0.000000
vn 0.000000 -1.000000 0.000000
vn 0.000000 -1.000000 0.000000
vn 0.000000 -1.000000 0.000000
vn 0.000000 -1.000000 0.000000
vn 0.000000 -1.000000 0.000000
vn 0.000000 -1.000000 0.000000
vn 0.000000 -1.000000 0.000000
vn 0.000000 -1.000000 0.000000
vn 0.000000 -1.000000 0.000000
vn 0.000000 -1.000000 0.000000
vn 0.000000 -1.000000 0.000000
vn 0.000000 -1.000000 0.000000
vn 0.000000 -1.000000 0.000000
vn 0.000000 -1.000000 0.000000
vn 0.000000 -1.000000 0.000000
vn 0.000000 -1.000000 0.000000
vn 0.000000 -1.000000 0.000000
vn 0.000000 -1.000000 0.000000
vn 0.000000 -1.000000 0.000000
vn 0.000000 -1.000000 0.000000
vn 0.000000 -1.000000 0.000000
vn 0.000000 -1.000000 0.000000
vn 0.000000 -1.000000 0.000000
vn 0.000000 -1.000000 0.000000
vn 0.000000 -1.000000 0.000000
vn 0.000000 -1.000000 0.000000
vn 0.000000 -1.000000 0.000000
vn 0.000000 -1.000000 0.000000
vn 0.000000 -1.000000 0.000000
vn 0.000000 -1.000000 0.000000
vn 0.000000 -1.000000 0.000000
vn 0.000000 -1.000000 0.000000
vn 0.000000 -1.000000 0.000000
vn 0.000000 -1.000000 0.000000
vn 0.000000 -1.000000 0.000000
vn 0.000000 -1.000000 0.000000
vn 0.000000 -1.000000 0.000000
vn 0.000000 -1.000000 0.000000
vn 0.000000 -1.000000 0.000000
vn 0.000000 -1.000000 0.000000
vn 0.000000 -1.000000 0.000000
vn 0.000000 -1.000000 0.000000
vn 0.000000 -1.000000 0.000000
vn 0.000000 -1.000000 0.000000
vn 0.000000 -0.173648 -0.984808
vn 0.000000 -0.173648 -0.984808
vn 0.000000 -0.173648 -0.984808
vn 0.000000 -0.173648 -0.984808
vn 0.000000 -0.173648 -0.984808
vn 0.000000 -0.173648 -0.984808
vn 0.000000 -0.173648 -0.984808
vn 0.000000 -0.173648 -0.984808
vn 0.000000 -0.173648 -0.984808
vn 0.000000 -0.173648 -0.984808
vn 0.000000 -0.173648 -0.984808
vn 0.000000 -0.173648 -0.984808
vn -0.965926 -0.044943 -0.254887
vn -0.940357 -0.059073 -0.335021
vn -0.866025 -0.086824 -0.492404
vn -0.753054 -0.114253 -0.647963
vn -0.707107 -0.122788 -0.696364
vn -0.500000 -0.150384 -0.852869
vn -0.435323 -0.156331 -0.886597
vn -0.258819 -0.167731 -0.951251
vn -0.231673 -0.168924 -0.958015
vn 0.231673 -0.168924 -0.958015
vn 0.258819 -0.167731 -0.951251
vn 0.435323 -0.156331 -0.886597
vn 0.500000 -0.150384 -0.852869
vn 0.753054 -0.114253 -0.647963
vn 0.707107 -0.122788 -0.696364
vn 0.866025 -0.086824 -0.492404
vn 0.940357 -0.059073 -0.335021
vn 0.965926 -0.044943 -0.254887
vn 0.000000 -0.789009 -0.614381
vn 0.000000 -0.789009 -0.614381
vn 0.000000 -0.789009 -0.614381
vn 0.000000 -0.789009 -0.614381
vn 0.000000 -0.984808 0.173648
vn 0.000000 -0.984808 0.173648
vn 0.000000 -0.984808 0.173648
vn 0.000000 -0.984808 0.173648
vn 0.000000 -0.072983 0.997333
vn 0.000000 -0.072983 0.997333
vn 0.000000 -0.072983 0.997333
vn 0.000000 -0.072983 0.997333
vn 1.000000 -0.000000 0.000000
vn 1.000000 -0.000000 0.000000
vn 1.000000 -0.000000 0.000000
vn 1.000000 -0.000000 0.000000
vn 0.000000 -0.939693 -0.342020
vn 0.000000 -0.939693 -0.342020
vn 0.000000 -0.939693 -0.342020
vn 0.000000 -0.939693 -0.342020
vn 0.000000 -0.939693 -0.342020
vn 0.000000 -0.939693 -0.342020
vn -0.000000 0.342020 -0.939693
vn -0.000000 0.342020 -0.939693
vn -0.000000 0.342020 -0.939693
vn -0.000000 0.342020 -0.939693
vn -0.000000 0.342020 -0.939693
vn -0.000000 0.342020 -0.939693
vn -0.000000 0.342020 -0.939693
vn -0.000000 0.342020 -0.939693
vn 0.000000 -0.939693 -0.342020
vn 0.000000 -0.939693 -0.342020
vn 0.000000 -0.939693 -0.342020
vn 0.000000 -0.939693 -0.342020
vn 0.000000 -0.939693 -0.342020
vn 0.000000 -0.939693 -0.342020
vn 0.000000 -0.939693 -0.342020
vn 0.000000 -0.939693 -0.342020
vn 0.000000 -0.939693 -0.342020
vn 0.000000 -0.939693 -0.342020
vn 0.000000 -0.939693 -0.342020
vn 0.000000 -0.939693 -0.342020
vn 0.000000 -0.939693 -0.342020
vn 0.000000 -0.939693 -0.342020
vn 0.000000 -0.939693 -0.342020
vn 0.000000 -0.939693 -0.342020
vn 0.000000 -0.939693 -0.342020
vn 0.000000 -0.939693 -0.342020
vn -1.000000 -0.000000 0.000000
vn -1.000000 -0.000000 0.000000
vn -0.980785 -0.066725 0.183325
vn -0.965926 -0.088521 0.243210
vn -0.923880 -0.130885 0.359605
vn -0.866025 -0.171010 0.469846
vn -0.831470 -0.190016 0.522065
vn -0.707107 -0.241845 0.664463
vn -0.707107 -0.241845 0.664463
vn -0.555570 -0.284379 0.781326
vn -0.500000 -0.296198 0.813798
vn -0.382683 -0.315985 0.868163
vn -0.258819 -0.330366 0.907673
vn -0.195090 -0.335448 0.921637
vn -0.098017 -0.340373 0.935168
vn 0.000000 -0.342020 0.939693
vn 0.000000 -0.342020 0.939693
vn 0.000000 -0.342020 0.939693
vn 0.000000 -0.342020 0.939693
vn 0.000000 -0.342020 0.939693
vn 0.000000 -0.342020 0.939693
vn 1.000000 0.000000 -0.000000
vn 1.000000 0.000000 -0.000000
vn 0.965926 -0.088521 0.243210
vn 0.965926 -0.088521 0.243210
vn 0.866025 -0.171010 0.469846
vn 0.866025 -0.171010 0.469846
vn 0.707107 -0.241845 0.664463
vn 0.707107 -0.241845 0.664463
vn 0.500000 -0.296198 0.813798
vn 0.500000 -0.296198 0.813798
vn 0.258819 -0.330366 0.907673
vn 0.258819 -0.330366 0.907673
vn 0.000000 -0.993037 -0.117802
vn 0.000000 -0.993037 -0.117802
vn 0.000000 -0.993037 -0.117802
vn 0.000000 -0.993037 -0.117802
vn 0.000000 -0.993037 -0.117802
vn 0.000000 -0.993037 -0.117802
vn -1.000000 0.000000 0.000000
vn -1.000000 0.000000 0.000000
vn -1.000000 0.000000 0.000000
vn -1.000000 0.000000 0.000000
vn -1.000000 0.000000 0.000000
vn -1.000000 0.000000 0.000000
vn 0.258819 0.000000 -0.965926
vn 0.258819 0.000000 -0.965926
vn 0.000000 0.000000 -1.000000
vn 0.000000 0.000000 -1.000000
vn -0.258819 0.000000 -0.965926
vn -0.258819 0.000000 -0.965926
vn -0.500000 0.000000 -0.866025
vn -0.500000 0.000000 -0.866025
vn -0.707107 0.000000 -0.707107
vn -0.707107 0.000000 -0.707107
vn -0.866025 0.000000 -0.500000
vn -0.866025 0.000000 -0.500000
vn -0.965926 0.000000 -0.258819
vn -0.965926 0.000000 -0.258819
vn -1.000000 -0.000000 0.000000
vn -1.000000 -0.000000 -0.000000
vn -0.965926 -0.000000 0.258819
vn -0.965926 -0.000000 0.258819
vn -0.866025 -0.000000 0.500000
vn -0.866025 0.000000 0.500000
vn -0.707107 -0.000000 0.707107
vn -0.707107 0.000000 0.707107
vn -0.500000 0.000000 0.866025
vn -0.500000 0.000000 0.866025
vn -0.258819 0.000000 0.965926
vn -0.258819 -0.000000 0.965926
vn -0.000000 -0.000000 1.000000
vn -0.000000 -0.000000 1.000000
vn 0.258819 0.000000 0.965926
vn 0.258819 -0.000000 0.965926
vn 0.500000 0.000000 0.866025
vn 0.500000 -0.000000 0.866025
vn 0.707107 0.000000 0.707107
vn 0.707107 0.000000 0.707107
vn 0.866025 0.000000 0.500000
vn 0.866025 -0.000000 0.500000
vn 0.965926 -0.000000 0.258819
vn 0.965926 0.000000 0.258819
vn 1.000000 0.000000 -0.000000
vn 1.000000 0.000000 -0.000000
vn 0.965926 0.000000 -0.258819
vn 0.965926 0.000000 -0.258819
vn 0.866025 0.000000 -0.500000
vn 0.866025 0.000000 -0.500000
vn 0.707107 0.000000 -0.707107
vn 0.707107 0.000000 -0.707107
vn 0.500000 0.000000 -0.866025
vn 0.500000 0.000000 -0.866025
vn 0.000000 -1.000000 0.000000
vn 0.000000 -1.000000 0.000000
vn 0.000000 -1.000000 0.000000
vn 0.000000 -1.000000 0.000000
vn 0.000000 -1.000000 0.000000
vn 0.000000 -1.000000 0.000000
vn 0.000000 -1.000000 0.000000
vn 0.000000 -1.000000 0.000000
vn 0.000000 -1.000000 0.000000
vn 0.000000 -1.000000 0.000000
vn 0.000000 -1.000000 0.000000
vn 0.000000 -1.000000 0.000000
vn 0.000000 -1.000000 0.000000
vn 0.000000 -1.000000 0.000000
vn 0.000000 -1.000000 0.000000
vn 0.000000 -1.000000 0.000000
vn 0.000000 -1.000000 0.000000
vn 0.000000 -1.000000 0.000000
vn 0.000000 -1.000000 0.000000
vn 0.000000 -1.000000 0.000000
vn 0.000000 -1.000000 0.000000
vn 0.000000 -1.000000 0.000000
vn 0.000000 -1.000000 0.000000
vn 0.000000 -1.000000 0.000000
vn 0.000000 -1.000000 0.000000
vn 0.000000 -1.000000 0.000000
vn 0.000000 -1.000000 0.000000
vn 0.000000 -1.000000 0.000000
vn 0.000000 -1.000000 0.000000
vn 0.000000 -1.000000 0.000000
vn 0.000000 -1.000000 0.000000
vn 0.000000 -1.000000 0.000000
vn 0.000000 -1.000000 0.000000
vn 0.000000 -1.000000 0.000000
vn 0.000000 -1.000000 0.000000
vn 0.000000 -1.000000 0.000000
vn 0.000000 -1.000000 0.000000
vn 0.000000 -1.000000 0.000000
vn 0.000000 -1.000000 0.000000
vn 0.000000 -1.000000 0.000000
vn 0.000000 -1.000000 0.000000
vn 0.000000 -1.000000 0.000000
vn 0.000000 -1.000000 0.000000
vn 0.000000 -1.000000 0.000000
vn -0.781250 -0.000000 0.624218
vn -0.781250 0.000000 0.624218
vn -0.594733 0.000000 0.803924
vn -0.594733 0.000000 0.803924
vn -0.368319 0.000000 0.929700
vn -0.368319 0.000000 0.929700
vn -0.117197 0.000000 0.993109
vn -0.117197 0.000000 0.993109
vn 0.141786 0.000000 0.989897
vn 0.141786 0.000000 0.989897
vn 0.391258 0.000000 0.920281
vn 0.391258 0.000000 0.920281
vn 0.614484 0.000000 0.788930
vn 0.614484 0.000000 0.788930
vn 0.796488 0.000000 0.604655
vn 0.796488 0.000000 0.604655
vn 0.925061 0.000000 0.379818
vn 0.925061 0.000000 0.379818
vn 0.991579 0.000000 0.129502
vn 0.991579 0.000000 0.129502
vn 0.991579 -0.000000 -0.129502
vn 0.991579 0.000000 -0.129502
vn 0.925061 0.000000 -0.379818
vn 0.925061 -0.000000 -0.379818
vn 0.796488 -0.000000 -0.604655
vn 0.796488 0.000000 -0.604655
vn 0.614484 0.000000 -0.788930
vn 0.614484 0.000000 -0.788930
vn 0.391258 -0.000000 -0.920281
vn 0.391258 0.000000 -0.920281
vn 0.141786 0.000000 -0.989897
vn 0.141786 0.000000 -0.989897
vn -0.117197 0.000000 -0.993109
vn -0.117197 0.000000 -0.993109
vn -0.368319 0.000000 -0.929700
vn -0.368319 0.000000 -0.929700
vn -0.594733 -0.000000 -0.803924
vn -0.594733 0.000000 -0.803924
vn -0.781250 0.000000 -0.624218
vn -0.781250 0.000000 -0.624218
vn -1.000000 0.000000 0.000000
vn -1.000000 0.000000 0.000000
vn -1.000000 0.000000 0.000000
vn -1.000000 0.000000 0.000000
vn 0.965926 0.044943 0.254887
vn 0.965926 0.044943 0.254887
vn 0.866025 0.086824 0.492404
vn 0.866025 0.086824 0.492404
vn 0.707107 0.122788 0.696364
vn 0.707107 0.122788 0.696364
vn 0.500000 0.150384 0.852869
vn 0.500000 0.150384 0.852869
vn 0.258819 0.167731 0.951251
vn 0.258819 0.167731 0.951251
vn 0.000000 -0.342020 0.939693
vn 0.000000 -0.342020 0.939693
vn 0.000000 -0.152123 0.988362
vn 0.000000 -0.087156 0.996195
vn 0.000000 0.043619 0.999048
vn 0.000000 0.173648 0.984808
vn 0.000000 0.237686 0.971342
vn 0.000000 0.422618 0.906308
vn 0.000000 0.422618 0.906308
vn 0.000000 0.591310 0.806445
vn 0.000000 0.642788 0.766044
vn 0.000000 0.737277 0.675590
vn 0.000000 0.819152 0.573576
vn 0.000000 0.854912 0.518773
vn 0.000000 0.901644 0.432479
vn 0.000000 0.939693 0.342020
vn 0.000000 0.939693 0.342020
usemtl Opaque(0,255,0)
f 83/164/164 84/165/165 82/166/166
f 82/166/166 84/165/165 110/167/167
f 82/166/166 110/167/167 112/168/168
f 112/168/168 110/167/167 111/169/169
f 84/165/165 85/170/170 110/167/167
f 110/167/167 85/170/170 86/171/171
f 110/167/167 86/171/171 87/172/172
f 87/172/172 88/173/173 110/167/167
f 110/167/167 88/173/173 89/174/174
f 110/167/167 89/174/174 90/175/175
f 91/176/176 97/177/177 90/175/175
f 90/175/175 97/177/177 109/178/178
f 90/175/175 109/178/178 110/167/167
f 92/179/179 95/180/180 91/176/176
f 91/176/176 95/180/180 96/181/181
f 91/176/176 96/181/181 97/177/177
f 93/182/182 94/183/183 92/179/179
f 92/179/179 94/183/183 95/180/180
f 97/177/177 98/184/184 109/178/178
f 109/178/178 98/184/184 99/185/185
f 109/178/178 99/185/185 108/186/186
f 108/186/186 99/185/185 100/187/187
f 108/186/186 100/187/187 105/188/188
f 105/188/188 100/187/187 104/189/189
f 104/189/189 100/187/187 101/190/190
f 104/189/189 101/190/190 103/191/191
f 103/191/191 101/190/190 102/192/192
f 105/188/188 106/193/193 108/186/186
f 108/186/186 106/193/193 107/194/194
f 112/168/168 113/195/195 82/166/166
f 114/196/196 115/197/197 82/198/198
f 82/198/198 115/197/197 83/199/199
f 114/200/200 82/201/201 134/202/202
f 134/202/202 82/201/201 113/203/203
f 134/202/202 113/203/203 133/204/204
f 133/204/204 113/203/203 116/205/205
f 133/204/204 116/205/205 117/206/206
f 133/204/204 117/206/206 132/207/207
f 132/207/207 117/206/206 118/208/208
f 132/207/207 118/208/208 124/209/209
f 124/209/209 118/208/208 119/210/210
f 124/209/209 119/210/210 120/211/211
f 120/211/211 121/212/212 124/209/209
f 124/209/209 121/212/212 123/213/213
f 123/213/213 121/212/212 122/214/214
f 125/215/215 126/216/216 124/209/209
f 124/209/209 126/216/216 127/217/217
f 124/209/209 127/217/217 128/218/218
f 128/218/218 129/219/219 124/209/209
f 124/209/209 129/219/219 130/220/220
f 124/209/209 130/220/220 131/221/221
f 131/221/221 132/207/207 124/209/209
f 134/222/222 135/223/223 114/224/224
f 114/224/224 135/223/223 136/225/225
f 114/224/224 136/225/225 115/226/226
f 125/227/227 137/228/228 126/229/229
f 126/229/229 137/228/228 138/230/230
f 126/229/229 138/230/230 127/231/231
f 127/231/231 138/230/230 128/232/232
f 128/232/232 138/230/230 139/233/233
f 128/232/232 139/233/233 129/234/234
f 129/234/234 139/233/233 140/235/235
f 129/234/234 140/235/235 130/236/236
f 130/236/236 140/235/235 141/237/237
f 130/236/236 141/237/237 131/238/238
f 131/238/238 141/237/237 142/239/239
f 131/238/238 142/239/239 132/240/240
f 132/240/240 142/239/239 143/241/241
f 132/240/240 143/241/241 133/242/242
f 133/242/242 143/241/241 134/243/243
f 134/243/243 143/241/241 135/244/244
f 137/245/228 125/246/227 152/247/245
f 152/247/245 125/246/227 150/248/246
f 152/247/245 150/248/246 151/249/247
f 150/248/246 125/246/227 149/250/248
f 149/250/248 125/246/227 144/251/249
f 149/250/248 144/251/249 148/252/250
f 148/252/250 144/251/249 147/253/251
f 147/253/251 144/251/249 146/254/252
f 146/254/252 144/251/249 145/255/253
f 167/256/254 153/257/255 168/258/256
f 168/258/256 153/257/255 154/259/257
f 168/258/256 154/259/257 156/260/258
f 156/260/258 154/259/257 155/261/259
f 156/260/258 157/262/260 168/258/256
f 168/258/256 157/262/260 169/263/261
f 168/258/256 169/263/261 167/256/254
f 167/256/254 169/263/261 166/264/262
f 166/264/262 169/263/261 170/265/263
f 166/264/262 170/265/263 165/266/264
f 165/266/264 170/265/263 171/267/265
f 165/266/264 171/267/265 164/268/266
f 164/268/266 171/267/265 172/269/267
f 164/268/266 172/269/267 163/270/268
f 163/270/268 172/269/267 152/271/269
f 163/270/268 152/271/269 151/272/270
f 157/262/260 158/273/271 169/263/261
f 169/263/261 158/273/271 170/265/263
f 158/273/271 159/274/272 170/265/263
f 170/265/263 159/274/272 160/275/273
f 170/265/263 160/275/273 171/267/265
f 171/267/265 160/275/273 161/276/274
f 171/267/265 161/276/274 172/269/267
f 172/269/267 161/276/274 162/277/275
f 172/269/267 162/277/275 152/271/269
f 152/271/269 162/277/275 137/278/276
f 175/279/277 155/280/278 174/281/279
f 174/281/279 155/280/278 154/282/280
f 174/281/279 154/282/280 173/283/281
f 173/283/281 154/282/280 153/284/282
f 91/285/283 90/286/284 176/287/285
f 176/287/285 90/286/284 177/288/286
f 155/289/287 175/290/277 187/291/288
f 187/291/288 175/290/277 178/292/289
f 187/291/288 178/292/289 186/293/290
f 186/293/290 178/292/289 179/294/291
f 186/293/290 179/294/291 185/295/292
f 185/295/292 179/294/291 180/296/293
f 185/295/292 180/296/293 184/297/294
f 184/297/294 180/296/293 181/298/295
f 184/297/294 181/298/295 183/299/296
f 183/299/296 181/298/295 182/300/297
f 183/299/296 182/300/297 135/301/298
f 135/301/298 182/300/297 136/302/299
f 156/303/300 155/304/301 197/305/302
f 197/305/302 155/304/301 187/306/303
f 197/305/302 187/306/303 196/307/304
f 196/307/304 187/306/303 186/308/305
f 196/307/304 186/308/305 195/309/306
f 195/309/306 186/308/305 185/310/307
f 195/309/306 185/310/307 194/311/308
f 194/311/308 185/310/307 193/312/309
f 194/311/308 193/312/309 201/313/310
f 201/313/310 193/312/309 202/314/311
f 201/313/310 202/314/311 207/315/312
f 207/315/312 202/314/311 206/316/313
f 207/315/312 206/316/313 218/317/314
f 218/317/314 206/316/313 219/318/315
f 218/317/314 219/318/315 212/319/316
f 212/319/316 219/318/315 211/320/317
f 212/319/316 211/320/317 227/321/318
f 227/321/318 211/320/317 228/322/319
f 227/321/318 228/322/319 225/323/320
f 225/323/320 228/322/319 224/324/321
f 225/323/320 224/324/321 160/325/322
f 160/325/322 224/324/321 233/326/323
f 160/325/322 233/326/323 161/327/324
f 161/327/324 233/326/323 232/328/325
f 161/327/324 232/328/325 162/329/326
f 162/329/326 232/328/325 234/330/327
f 162/329/326 234/330/327 137/331/328
f 137/331/328 234/330/327 138/332/329
f 138/332/329 234/330/327 139/333/330
f 139/333/330 234/330/327 231/334/331
f 139/333/330 231/334/331 140/335/332
f 140/335/332 231/334/331 222/336/333
f 140/335/332 222/336/333 141/337/334
f 141/337/334 222/336/333 230/338/335
f 141/337/334 230/338/335 191/339/336
f 191/339/336 230/338/335 229/340/337
f 191/339/336 229/340/337 210/341/338
f 210/341/338 229/340/337 228/322/319
f 210/341/338 228/322/319 211/320/317
f 185/310/307 184/342/339 193/312/309
f 193/312/309 184/342/339 192/343/340
f 193/312/309 192/343/340 202/314/311
f 202/314/311 192/343/340 203/344/341
f 202/314/311 203/344/341 206/316/313
f 206/316/313 203/344/341 205/345/342
f 206/316/313 205/345/342 219/318/315
f 219/318/315 205/345/342 220/346/343
f 219/318/315 220/346/343 211/320/317
f 211/320/317 220/346/343 210/341/338
f 184/342/339 183/347/344 192/343/340
f 192/343/340 183/347/344 189/348/345
f 192/343/340 189/348/345 203/344/341
f 203/344/341 189/348/345 204/349/346
f 203/344/341 204/349/346 205/345/342
f 205/345/342 204/349/346 190/350/347
f 205/345/342 190/350/347 220/346/343
f 220/346/343 190/350/347 221/351/348
f 220/346/343 221/351/348 210/341/338
f 210/341/338 221/351/348 191/339/336
f 183/347/344 135/352/349 189/348/345
f 189/348/345 135/352/349 143/353/350
f 189/348/345 143/353/350 204/349/346
f 204/349/346 143/353/350 190/350/347
f 143/353/350 142/354/351 190/350/347
f 190/350/347 142/354/351 221/351/348
f 221/351/348 142/354/351 191/339/336
f 191/339/336 142/354/351 141/337/334
f 160/325/322 159/355/352 225/323/320
f 225/323/320 159/355/352 226/356/353
f 225/323/320 226/356/353 227/321/318
f 227/321/318 226/356/353 212/319/316
f 159/355/352 158/357/354 226/356/353
f 226/356/353 158/357/354 214/358/355
f 226/356/353 214/358/355 213/359/356
f 213/359/356 214/358/355 217/360/357
f 213/359/356 217/360/357 218/317/314
f 218/317/314 217/360/357 207/315/312
f 214/358/355 158/357/354 215/361/358
f 215/361/358 158/357/354 157/362/359
f 215/361/358 157/362/359 188/363/360
f 188/363/360 157/362/359 156/303/300
f 188/363/360 156/303/300 198/364/361
f 198/364/361 156/303/300 197/305/302
f 198/364/361 197/305/302 196/307/304
f 195/309/306 194/311/308 200/365/362
f 200/365/362 194/311/308 201/313/310
f 200/365/362 201/313/310 208/366/363
f 208/366/363 201/313/310 207/315/312
f 208/366/363 207/315/312 217/360/357
f 196/307/304 195/309/306 199/367/364
f 199/367/364 195/309/306 200/365/362
f 199/367/364 200/365/362 209/368/365
f 209/368/365 200/365/362 208/366/363
f 209/368/365 208/366/363 216/369/366
f 216/369/366 208/366/363 217/360/357
f 216/369/366 217/360/357 214/358/355
f 198/364/361 199/367/364 188/363/360
f 188/363/360 199/367/364 209/368/365
f 188/363/360 209/368/365 215/361/358
f 215/361/358 209/368/365 216/369/366
f 215/361/358 216/369/366 214/358/355
f 199/367/364 198/364/361 196/307/304
f 226/356/353 213/359/356 212/319/316
f 212/319/316 213/359/356 218/317/314
f 229/340/337 230/338/335 223/370/367
f 223/370/367 230/338/335 222/336/333
f 223/370/367 222/336/333 232/328/325
f 232/328/325 222/336/333 231/334/331
f 232/328/325 231/334/331 234/330/327
f 228/322/319 229/340/337 224/324/321
f 224/324/321 229/340/337 223/370/367
f 224/324/321 223/370/367 233/326/323
f 233/326/323 223/370/367 232/328/325
f 235/371/368 236/372/369 173/373/370
f 173/373/370 236/372/369 174/374/371
f 174/374/371 236/372/369 237/375/372
f 174/374/371 237/375/372 175/376/373
f 175/376/373 237/375/372 238/377/374
f 175/376/373 238/377/374 178/378/375
f 178/378/375 238/377/374 179/379/376
f 179/379/376 238/377/374 180/380/377
f 180/380/377 238/377/374 181/381/378
f 181/381/378 238/377/374 239/382/379
f 181/381/378 239/382/379 182/383/380
f 182/383/380 239/382/379 136/384/381
f 136/384/381 239/382/379 84/385/382
f 136/384/381 84/385/382 83/386/383
f 83/386/383 115/387/384 136/384/381
f 240/388/385 244/389/386 235/390/387
f 235/390/387 244/389/386 245/391/388
f 235/390/387 245/391/388 246/392/389
f 241/393/390 242/394/391 240/388/385
f 240/388/385 242/394/391 243/395/392
f 240/388/385 243/395/392 244/389/386
f 246/392/389 247/396/393 235/390/387
f 235/390/387 247/396/393 248/397/394
f 235/390/387 248/397/394 249/398/395
f 249/398/395 250/399/396 235/390/387
f 235/390/387 250/399/396 251/400/397
f 235/390/387 251/400/397 252/401/398
f 252/401/398 253/402/399 235/390/387
f 235/390/387 253/402/399 254/403/400
f 235/390/387 254/403/400 255/404/401
f 255/404/401 256/405/402 235/390/387
f 235/390/387 256/405/402 236/406/403
f 238/407/404 271/408/405 257/409/406
f 257/409/406 271/408/405 272/410/407
f 257/409/406 272/410/407 273/411/408
f 237/412/409 258/413/410 238/407/404
f 238/407/404 258/413/410 259/414/411
f 238/407/404 259/414/411 260/415/412
f 260/415/412 261/416/413 238/407/404
f 238/407/404 261/416/413 262/417/414
f 238/407/404 262/417/414 263/418/415
f 263/418/415 264/419/416 238/407/404
f 238/407/404 264/419/416 265/420/417
f 238/407/404 265/420/417 266/421/418
f 266/421/418 267/422/419 238/407/404
f 238/407/404 267/422/419 268/423/420
f 238/407/404 268/423/420 269/424/421
f 269/424/421 270/425/422 238/407/404
f 238/407/404 270/425/422 271/408/405
f 235/426/423 277/427/424 240/428/425
f 240/428/425 277/427/424 278/429/426
f 240/428/425 278/429/426 280/430/427
f 280/430/427 278/429/426 279/431/428
f 277/427/424 235/426/423 276/432/429
f 276/432/429 235/426/423 173/433/430
f 276/432/429 173/433/430 153/434/431
f 153/434/431 167/435/432 276/432/429
f 276/432/429 167/435/432 166/436/433
f 276/432/429 166/436/433 165/437/434
f 276/432/429 165/437/434 275/438/435
f 275/438/435 165/437/434 164/439/436
f 275/438/435 164/439/436 163/440/437
f 163/440/437 151/441/438 275/438/435
f 275/438/435 151/441/438 274/442/439
f 274/442/439 151/441/438 150/443/440
f 281/444/441 282/445/442 280/430/427
f 280/430/427 282/445/442 240/428/425
f 241/446/390 240/447/385 285/448/443
f 285/448/443 240/447/385 282/449/444
f 285/448/443 282/449/444 284/450/445
f 284/450/445 282/449/444 281/451/446
f 284/450/445 281/451/446 283/452/447
f 283/452/447 281/451/446 280/453/448
usemtl Opaque(170,163,158)
f 285/454/449 288/455/450 241/456/451
f 241/456/451 288/455/450 290/457/452
f 241/456/451 290/457/452 242/458/453
f 285/454/449 284/459/454 288/455/450
f 288/455/450 284/459/454 283/460/455
f 288/455/450 283/460/455 287/461/456
f 287/461/456 283/460/455 286/462/457
f 288/455/450 289/463/458 290/457/452
usemtl Opaque(0,255,0)
f 236/464/459 256/465/460 291/466/461
f 291/466/461 256/465/460 255/467/462
f 291/466/461 255/467/462 254/468/463
f 291/466/461 254/468/463 299/469/464
f 299/469/464 254/468/463 253/470/465
f 299/469/464 253/470/465 252/471/466
f 252/471/466 251/472/467 299/469/464
f 299/469/464 251/472/467 250/473/468
f 299/469/464 250/473/468 298/474/469
f 298/474/469 250/473/468 249/475/470
f 298/474/469 249/475/470 248/476/471
f 298/474/469 248/476/471 297/477/472
f 297/477/472 248/476/471 247/478/473
f 297/477/472 247/478/473 246/479/474
f 297/477/472 246/479/474 296/480/475
f 296/480/475 246/479/474 245/481/476
f 296/480/475 245/481/476 295/482/477
f 295/482/477 245/481/476 294/483/478
f 294/483/478 245/481/476 244/484/479
f 294/483/478 244/484/479 293/485/480
f 293/485/480 244/484/479 243/486/481
f 293/485/480 243/486/481 292/487/482
f 292/487/482 243/486/481 242/488/453
f 292/487/482 242/488/453 290/489/452
f 300/490/483 237/491/484 291/492/461
f 291/492/461 237/491/484 236/493/459
f 237/494/484 300/495/483 258/496/485
f 258/496/485 300/495/483 259/497/486
f 259/497/486 300/495/483 260/498/487
f 260/498/487 300/495/483 301/499/488
f 260/498/487 301/499/488 261/500/489
f 261/500/489 301/499/488 262/501/490
f 262/501/490 301/499/488 263/502/491
f 263/502/491 301/499/488 264/503/492
f 264/503/492 301/499/488 302/504/493
f 264/503/492 302/504/493 265/505/494
f 265/505/494 302/504/493 266/506/495
f 266/506/495 302/504/493 303/507/496
f 266/506/495 303/507/496 267/508/497
f 267/508/497 303/507/496 268/509/498
f 268/509/498 303/507/496 304/510/499
f 268/509/498 304/510/499 269/511/500
f 269/511/500 304/510/499 305/512/501
f 269/511/500 305/512/501 306/513/502
f 269/511/500 306/513/502 270/514/503
f 270/514/503 306/513/502 307/515/504
f 270/514/503 307/515/504 271/516/505
f 271/516/505 307/515/504 308/517/506
f 271/516/505 308/517/506 272/518/507
f 272/518/507 308/517/506 309/519/508
usemtl Opaque(170,163,158)
f 311/520/509 314/521/510 310/522/511
f 310/522/511 314/521/510 315/523/512
f 310/522/511 315/523/512 316/524/513
f 311/520/509 312/525/514 314/521/510
f 314/521/510 312/525/514 273/526/515
f 314/521/510 273/526/515 309/527/508
f 309/527/508 273/526/515 272/528/507
f 309/527/508 313/529/516 314/521/510
usemtl Opaque(0,255,0)
f 312/530/517 323/531/518 273/532/408
f 273/532/408 323/531/518 324/533/519
f 273/532/408 324/533/519 325/534/520
f 323/531/518 312/530/517 322/535/521
f 322/535/521 312/530/517 311/536/522
f 322/535/521 311/536/522 321/537/523
f 321/537/523 311/536/522 320/538/524
f 320/538/524 311/536/522 310/539/525
f 320/538/524 310/539/525 319/540/526
f 319/540/526 310/539/525 318/541/527
f 318/541/527 310/539/525 317/542/528
f 325/534/520 257/543/406 273/532/408
f 329/544/529 238/545/530 328/546/531
f 328/546/531 238/545/530 257/547/532
f 328/546/531 257/547/532 327/548/533
f 327/548/533 257/547/532 326/549/534
f 326/549/534 257/547/532 325/550/535
f 326/549/534 325/550/535 324/551/536
f 324/551/536 323/552/537 326/549/534
f 331/553/538 176/554/539 330/555/540
f 330/555/540 176/554/539 177/556/541
f 330/555/540 177/556/541 238/557/542
f 238/557/542 177/556/541 340/558/543
f 238/557/542 340/558/543 341/559/544
f 332/560/545 333/561/546 331/553/538
f 331/553/538 333/561/546 334/562/547
f 331/553/538 334/562/547 335/563/548
f 335/563/548 336/564/549 331/553/538
f 331/553/538 336/564/549 337/565/550
f 331/553/538 337/565/550 338/566/551
f 338/566/551 339/567/552 331/553/538
f 331/553/538 339/567/552 176/554/539
f 341/559/544 342/568/553 238/557/542
f 238/557/542 342/568/553 343/569/554
f 238/557/542 343/569/554 344/570/555
f 344/570/555 345/571/556 238/557/542
f 238/557/542 345/571/556 346/572/557
f 238/557/542 346/572/557 347/573/558
f 347/573/558 239/574/559 238/557/542
f 238/557/542 329/575/560 330/555/540
f 331/576/561 330/577/562 97/578/563
f 97/578/563 330/577/562 98/579/564
f 331/580/565 97/581/566 332/582/567
f 332/582/567 97/581/566 96/583/568
f 332/582/567 96/583/568 333/584/569
f 333/584/569 96/583/568 334/585/570
f 334/585/570 96/583/568 95/586/571
f 334/585/570 95/586/571 335/587/572
f 335/587/572 95/586/571 94/588/573
f 335/587/572 94/588/573 336/589/574
f 336/589/574 94/588/573 337/590/575
f 337/590/575 94/588/573 93/591/576
f 337/590/575 93/591/576 338/592/577
f 338/592/577 93/591/576 92/593/578
f 338/592/577 92/593/578 339/594/579
f 339/594/579 92/593/578 91/595/580
f 339/594/579 91/595/580 176/596/581
f 328/597/582 99/598/583 329/599/584
f 329/599/584 99/598/583 98/600/585
f 329/599/584 98/600/585 330/601/586
f 328/602/587 327/603/588 99/604/589
f 99/604/589 327/603/588 100/605/590
f 327/606/591 326/607/592 100/608/593
f 100/608/593 326/607/592 348/609/594
f 100/608/593 348/609/594 101/610/595
f 101/610/595 348/609/594 349/611/596
f 323/612/597 322/613/598 326/614/599
f 326/614/599 322/613/598 321/615/600
f 326/614/599 321/615/600 348/616/601
f 348/616/601 321/615/600 320/617/602
f 320/618/603 319/619/604 348/620/605
f 348/620/605 319/619/604 318/621/606
f 348/620/605 318/621/606 317/622/607
f 350/623/608 351/624/609 317/622/607
f 317/622/607 351/624/609 349/625/610
f 317/622/607 349/625/610 348/620/605
f 351/624/609 352/626/611 349/625/610
f 352/627/612 353/628/613 349/629/614
f 349/629/614 353/628/613 354/630/615
f 349/629/614 354/630/615 101/631/616
f 101/631/616 354/630/615 355/632/617
f 101/631/616 355/632/617 102/633/618
f 102/633/618 355/632/617 356/634/619
f 357/635/620 358/636/621 351/637/622
f 351/637/622 358/636/621 352/638/623
f 352/638/623 358/636/621 359/639/624
f 352/638/623 359/639/624 353/640/625
f 353/640/625 359/639/624 360/641/626
f 353/640/625 360/641/626 354/642/627
f 354/642/627 360/641/626 361/643/628
f 354/642/627 361/643/628 355/644/629
f 355/644/629 361/643/628 362/645/630
f 355/644/629 362/645/630 356/646/631
f 356/646/631 362/645/630 103/647/191
f 356/646/631 103/647/191 102/648/192
usemtl Opaque(170,163,158)
f 363/649/632 365/650/633 350/651/634
f 350/651/634 365/650/633 357/652/620
f 350/651/634 357/652/620 351/653/622
f 365/650/633 363/649/632 364/654/635
f 364/654/635 363/649/632 279/655/636
f 364/654/635 279/655/636 278/656/637
usemtl Opaque(0,255,0)
f 283/657/447 280/658/448 286/659/638
f 286/659/638 280/658/448 377/660/639
f 377/660/639 280/658/448 376/661/640
f 376/661/640 280/658/448 375/662/641
f 375/662/641 280/658/448 279/663/642
f 375/662/641 279/663/642 374/664/643
f 374/664/643 279/663/642 373/665/644
f 373/665/644 279/663/642 363/666/645
f 373/665/644 363/666/645 372/667/646
f 372/667/646 363/666/645 371/668/647
f 371/668/647 363/666/645 350/669/648
f 371/668/647 350/669/648 370/670/649
f 370/670/649 350/669/648 369/671/650
f 369/671/650 350/669/648 368/672/651
f 368/672/651 350/669/648 317/673/528
f 368/672/651 317/673/528 367/674/652
f 367/674/652 317/673/528 366/675/653
f 366/675/653 317/673/528 316/676/654
f 316/676/654 317/673/528 310/677/525
usemtl Opaque(170,163,158)
f 372/678/655 378/679/656 373/680/657
f 373/680/657 378/679/656 379/681/658
f 373/680/657 379/681/658 374/682/659
f 374/682/659 379/681/658 380/683/660
f 374/682/659 380/683/660 375/684/661
f 375/684/661 380/683/660 381/685/662
f 375/684/661 381/685/662 376/686/663
f 376/686/663 381/685/662 382/687/664
f 376/686/663 382/687/664 377/688/665
f 377/688/665 382/687/664 383/689/666
f 377/688/665 383/689/666 286/690/457
f 286/690/457 383/689/666 287/691/456
f 384/692/667 378/693/656 371/694/668
f 371/694/668 378/693/656 372/695/655
f 362/696/669 357/697/670 103/698/671
f 103/698/671 357/697/670 386/699/672
f 103/698/671 386/699/672 387/700/673
f 362/696/669 361/701/674 357/697/670
f 357/697/670 361/701/674 360/702/675
f 357/697/670 360/702/675 359/703/676
f 359/703/676 358/704/677 357/697/670
f 386/699/672 357/697/670 384/705/678
f 384/705/678 357/697/670 365/706/679
f 384/705/678 365/706/679 378/707/680
f 378/707/680 365/706/679 364/708/681
f 378/707/680 364/708/681 379/709/682
f 379/709/682 364/708/681 380/710/683
f 380/710/683 364/708/681 381/711/684
f 381/711/684 364/708/681 385/712/685
f 381/711/684 385/712/685 382/713/686
f 382/713/686 385/712/685 383/714/687
f 383/714/687 385/712/685 287/715/688
f 287/715/688 385/712/685 288/716/689
f 387/700/673 388/717/690 103/698/671
f 103/698/671 388/717/690 389/718/691
f 103/698/671 389/718/691 104/719/692
f 104/719/692 389/718/691 390/720/693
f 104/719/692 390/720/693 315/721/694
f 315/721/694 314/722/695 104/719/692
f 392/723/696 407/724/697 391/725/698
f 391/725/698 407/724/697 408/726/699
f 391/725/698 408/726/699 409/727/700
f 393/728/701 426/729/702 392/723/696
f 392/723/696 426/729/702 427/730/703
f 392/723/696 427/730/703 428/731/704
f 393/728/701 394/732/705 426/729/702
f 426/729/702 394/732/705 395/733/706
f 426/729/702 395/733/706 425/734/707
f 425/734/707 395/733/706 398/735/708
f 425/734/707 398/735/708 424/736/709
f 424/736/709 398/735/708 423/737/710
f 423/737/710 398/735/708 422/738/711
f 422/738/711 398/735/708 421/739/712
f 421/739/712 398/735/708 399/740/713
f 421/739/712 399/740/713 420/741/714
f 420/741/714 399/740/713 419/742/715
f 419/742/715 399/740/713 418/743/716
f 418/743/716 399/740/713 417/744/717
f 417/744/717 399/740/713 416/745/718
f 416/745/718 399/740/713 109/746/719
f 416/745/718 109/746/719 415/747/720
f 415/747/720 109/746/719 414/748/721
f 414/748/721 109/746/719 400/749/722
f 414/748/721 400/749/722 413/750/723
f 413/750/723 400/749/722 412/751/724
f 412/751/724 400/749/722 405/752/725
f 412/751/724 405/752/725 406/753/726
f 395/733/706 396/754/727 398/735/708
f 398/735/708 396/754/727 385/755/728
f 385/755/728 396/754/727 397/756/729
f 385/755/728 397/756/729 289/757/730
f 289/757/730 288/758/731 385/755/728
f 109/746/719 108/759/732 400/749/722
f 401/760/733 402/761/734 400/749/722
f 400/749/722 402/761/734 403/762/735
f 400/749/722 403/762/735 404/763/736
f 105/764/737 104/765/738 401/760/733
f 401/760/733 104/765/738 314/766/739
f 401/760/733 314/766/739 313/767/740
f 313/767/740 402/761/734 401/760/733
f 404/763/736 405/752/725 400/749/722
f 406/753/726 391/725/698 412/751/724
f 412/751/724 391/725/698 411/768/741
f 411/768/741 391/725/698 410/769/742
f 410/769/742 391/725/698 409/727/700
f 428/731/704 429/770/743 392/723/696
f 392/723/696 429/770/743 430/771/744
f 392/723/696 430/771/744 407/724/697
f 431/772/745 432/773/746 450/774/747
f 450/774/747 432/773/746 433/775/748
f 450/774/747 433/775/748 449/776/749
f 449/776/749 433/775/748 434/777/750
f 449/776/749 434/777/750 448/778/751
f 448/778/751 434/777/750 435/779/752
f 448/778/751 435/779/752 447/780/753
f 447/780/753 435/779/752 436/781/754
f 447/780/753 436/781/754 446/782/755
f 446/782/755 436/781/754 437/783/756
f 446/782/755 437/783/756 445/784/757
f 445/784/757 437/783/756 438/785/758
f 445/784/757 438/785/758 444/786/759
f 444/786/759 438/785/758 439/787/760
f 444/786/759 439/787/760 443/788/761
f 443/788/761 439/787/760 440/789/762
f 443/788/761 440/789/762 442/790/763
f 442/790/763 440/789/762 441/791/764
f 296/792/765 392/793/766 297/794/767
f 297/794/767 392/793/766 298/795/768
f 298/795/768 392/793/766 299/796/769
f 299/796/769 392/793/766 291/797/770
f 291/797/770 392/793/766 391/798/771
f 291/797/770 391/798/771 300/799/772
f 300/799/772 391/798/771 301/800/773
f 301/800/773 391/798/771 302/801/774
f 302/801/774 391/798/771 303/802/775
f 303/802/775 391/798/771 304/803/776
f 289/804/458 397/805/777 290/806/452
f 290/806/452 397/805/777 292/807/778
f 292/807/778 397/805/777 396/808/779
f 292/807/778 396/808/779 293/809/780
f 293/809/780 396/808/779 395/810/781
f 293/809/780 395/810/781 394/811/782
f 293/809/780 394/811/782 294/812/783
f 294/812/783 394/811/782 393/813/784
f 294/812/783 393/813/784 295/814/785
f 295/814/785 393/813/784 392/815/766
f 295/814/785 392/815/766 296/816/765
f 304/817/776 391/818/771 305/819/786
f 305/819/786 391/818/771 406/820/787
f 305/819/786 406/820/787 306/821/788
f 306/821/788 406/820/787 405/822/789
f 306/821/788 405/822/789 307/823/790
f 307/823/790 405/822/789 404/824/791
f 307/823/790 404/824/791 403/825/792
f 307/823/790 403/825/792 308/826/793
f 308/826/793 403/825/792 402/827/794
f 308/826/793 402/827/794 309/828/508
f 309/828/508 402/827/794 313/829/516
f 401/830/795 451/831/796 105/832/797
f 105/832/797 451/831/796 106/833/798
f 107/834/799 106/835/800 452/836/801
f 452/836/801 106/835/800 451/837/802
f 108/838/803 107/839/804 400/840/805
f 400/840/805 107/839/804 452/841/806
f 401/842/807 400/843/808 451/844/809
f 451/844/809 400/843/808 452/845/810
f 398/846/811 453/847/812 399/848/813
f 399/848/813 453/847/812 454/849/814
f 399/848/813 454/849/814 109/850/815
f 109/850/815 454/849/814 110/851/816
f 110/852/817 454/853/818 111/854/819
f 111/854/819 454/853/818 456/855/820
f 456/855/820 454/853/818 455/856/821
f 456/855/820 455/856/821 275/857/822
f 275/857/822 455/856/821 276/858/823
f 454/853/818 453/859/824 455/856/821
f 458/860/825 459/861/826 457/862/827
f 457/862/827 459/861/826 460/863/828
f 457/862/827 460/863/828 461/864/829
f 461/864/829 462/865/830 457/862/827
f 457/862/827 462/865/830 112/866/831
f 457/862/827 112/866/831 469/867/832
f 469/867/832 112/866/831 456/868/833
f 469/867/832 456/868/833 274/869/834
f 274/869/834 456/868/833 275/870/835
f 112/866/831 111/871/836 456/868/833
f 469/867/832 274/869/834 468/872/837
f 468/872/837 274/869/834 463/873/838
f 468/872/837 463/873/838 464/874/839
f 464/874/839 465/875/840 468/872/837
f 468/872/837 465/875/840 466/876/841
f 468/872/837 466/876/841 467/877/842
usemtl Opaque(0,255,0)
f 113/878/843 112/879/844 116/880/845
f 116/880/845 112/879/844 462/881/846
f 116/880/845 462/881/846 117/882/847
f 117/882/847 462/881/846 461/883/848
f 117/882/847 461/883/848 118/884/849
f 118/884/849 461/883/848 460/885/850
f 118/884/849 460/885/850 119/886/851
f 119/886/851 460/885/850 120/887/852
f 120/887/852 460/885/850 459/888/853
f 120/887/852 459/888/853 121/889/854
f 121/889/854 459/888/853 458/890/855
f 121/889/854 458/890/855 122/891/856
f 122/891/856 458/890/855 123/892/857
f 123/892/857 458/890/855 457/893/858
f 123/892/857 457/893/858 124/894/859
f 124/895/859 457/896/858 125/897/860
f 125/897/860 457/896/858 469/898/861
f 125/897/860 469/898/861 144/899/862
f 144/899/862 469/898/861 468/900/863
f 274/901/864 150/902/865 463/903/866
f 463/903/866 150/902/865 149/904/867
f 463/903/866 149/904/867 464/905/868
f 464/905/868 149/904/867 148/906/869
f 464/905/868 148/906/869 465/907/870
f 465/907/870 148/906/869 147/908/871
f 465/907/870 147/908/871 466/909/872
f 466/909/872 147/908/871 146/910/873
f 466/909/872 146/910/873 467/911/874
f 467/911/874 146/910/873 145/912/875
f 467/911/874 145/912/875 468/913/863
f 468/913/863 145/912/875 144/914/862
usemtl Opaque(170,163,158)
f 278/915/876 277/916/877 364/917/878
f 364/917/878 277/916/877 470/918/879
f 470/918/879 277/916/877 276/919/880
f 470/918/879 276/919/880 455/920/881
usemtl Opaque(0,255,0)
f 453/921/882 398/922/883 455/923/884
f 455/923/884 398/922/883 470/924/885
f 470/924/885 398/922/883 385/925/886
f 470/924/885 385/925/886 364/926/887
usemtl Opaque(170,163,158)
f 430/927/888 494/928/889 407/929/890
f 407/929/890 494/928/889 471/930/891
f 407/929/890 471/930/891 408/931/892
f 408/931/892 471/930/891 472/932/893
f 408/931/892 472/932/893 409/933/894
f 409/933/894 472/932/893 473/934/895
f 409/933/894 473/934/895 410/935/896
f 410/935/896 473/934/895 474/936/897
f 410/935/896 474/936/897 411/937/898
f 411/937/898 474/936/897 475/938/899
f 411/937/898 475/938/899 412/939/900
f 412/939/900 475/938/899 476/940/901
f 412/939/900 476/940/901 413/941/902
f 413/941/902 476/940/901 477/942/903
f 413/941/902 477/942/903 414/943/904
f 414/943/904 477/942/903 478/944/905
f 414/943/904 478/944/905 415/945/906
f 415/945/906 478/944/905 479/946/907
f 415/945/906 479/946/907 416/947/908
f 416/947/908 479/946/907 480/948/909
f 416/947/908 480/948/909 417/949/910
f 417/949/910 480/948/909 481/950/911
f 417/949/910 481/950/911 418/951/912
f 418/951/912 481/950/911 482/952/913
f 418/951/912 482/952/913 419/953/914
f 419/953/914 482/952/913 483/954/915
f 419/955/914 483/956/915 420/957/916
f 420/957/916 483/956/915 484/958/917
f 420/957/916 484/958/917 421/959/918
f 421/959/918 484/958/917 485/960/919
f 421/959/918 485/960/919 422/961/920
f 422/961/920 485/960/919 486/962/921
f 422/961/920 486/962/921 423/963/922
f 423/963/922 486/962/921 487/964/923
f 423/963/922 487/964/923 424/965/924
f 424/965/924 487/964/923 488/966/925
f 424/965/924 488/966/925 425/967/926
f 425/967/926 488/966/925 489/968/927
f 425/967/926 489/968/927 426/969/928
f 426/969/928 489/968/927 490/970/929
f 426/969/928 490/970/929 427/971/930
f 427/971/930 490/970/929 491/972/931
f 427/971/930 491/972/931 428/973/932
f 428/973/932 491/972/931 492/974/933
f 428/973/932 492/974/933 429/975/934
f 429/975/934 492/974/933 493/976/935
f 429/975/934 493/976/935 430/927/888
f 430/927/888 493/976/935 494/928/889
f 494/977/936 498/978/937 471/979/938
f 471/979/938 498/978/937 499/980/939
f 471/979/938 499/980/939 472/981/940
f 472/981/940 499/980/939 500/982/941
f 472/981/940 500/982/941 473/983/942
f 473/983/942 500/982/941 501/984/943
f 473/983/942 501/984/943 474/985/944
f 474/985/944 501/984/943 502/986/945
f 474/985/944 502/986/945 475/987/946
f 475/987/946 502/986/945 503/988/947
f 475/987/946 503/988/947 476/989/948
f 476/989/948 503/988/947 504/990/949
f 476/989/948 504/990/949 477/991/950
f 477/991/950 504/990/949 505/992/951
f 477/991/950 505/992/951 478/993/952
f 478/993/952 505/992/951 506/994/953
f 478/993/952 506/994/953 479/995/954
f 479/995/954 506/994/953 507/996/955
f 479/995/954 507/996/955 480/997/956
f 480/997/956 507/996/955 508/998/957
f 480/997/956 508/998/957 481/999/958
f 481/999/958 508/998/957 509/1000/959
f 481/999/958 509/1000/959 482/1001/960
f 482/1001/960 509/1000/959 510/1002/961
f 482/1001/960 510/1002/961 483/1003/962
f 483/1003/962 510/1002/961 511/1004/963
f 483/1003/962 511/1004/963 484/1005/964
f 484/1005/964 511/1004/963 512/1006/965
f 484/1005/964 512/1006/965 485/1007/966
f 485/1007/966 512/1006/965 513/1008/967
f 485/1007/966 513/1008/967 486/1009/968
f 486/1009/968 513/1008/967 514/1010/969
f 486/1009/968 514/1010/969 487/1011/970
f 487/1011/970 514/1010/969 488/1012/971
f 488/1012/971 514/1010/969 489/1013/972
f 489/1013/972 514/1010/969 495/1014/973
f 489/1013/972 495/1014/973 490/1015/974
f 490/1015/974 495/1014/973 491/1016/975
f 491/1016/975 495/1014/973 492/1017/976
f 492/1017/976 495/1014/973 496/1018/977
f 492/1017/976 496/1018/977 493/1019/978
f 493/1019/978 496/1018/977 497/1020/979
f 493/1019/978 497/1020/979 494/977/936
f 494/977/936 497/1020/979 498/978/937
f 495/1021/980 431/1022/981 496/1023/982
f 496/1023/982 431/1022/981 450/1024/983
f 496/1023/982 450/1024/983 497/1025/984
f 497/1025/984 450/1024/983 449/1026/985
f 497/1025/984 449/1026/985 498/1027/986
f 498/1027/986 449/1026/985 448/1028/987
f 498/1027/986 448/1028/987 499/1029/988
f 499/1029/988 448/1028/987 447/1030/989
f 499/1029/988 447/1030/989 500/1031/990
f 500/1031/990 447/1030/989 446/1032/991
f 500/1031/990 446/1032/991 501/1033/992
f 501/1033/992 446/1032/991 445/1034/993
f 501/1033/992 445/1034/993 502/1035/994
f 502/1035/994 445/1034/993 444/1036/995
f 502/1035/994 444/1036/995 503/1037/996
f 503/1037/996 444/1036/995 443/1038/997
f 503/1037/996 443/1038/997 504/1039/998
f 504/1039/998 443/1038/997 442/1040/999
f 504/1039/998 442/1040/999 505/1041/1000
f 505/1041/1000 442/1040/999 441/1042/1001
f 505/1041/1000 441/1042/1001 506/1043/1002
f 506/1043/1002 441/1042/1001 440/1044/1003
f 506/1043/1002 440/1044/1003 507/1045/1004
f 507/1045/1004 440/1044/1003 439/1046/1005
f 507/1045/1004 439/1046/1005 508/1047/1006
f 508/1047/1006 439/1046/1005 438/1048/1007
f 508/1047/1006 438/1048/1007 509/1049/1008
f 509/1049/1008 438/1048/1007 437/1050/1009
f 509/1049/1008 437/1050/1009 510/1051/1010
f 510/1051/1010 437/1050/1009 436/1052/1011
f 510/1051/1010 436/1052/1011 511/1053/1012
f 511/1053/1012 436/1052/1011 435/1054/1013
f 511/1053/1012 435/1054/1013 512/1055/1014
f 512/1055/1014 435/1054/1013 434/1056/1015
f 512/1055/1014 434/1056/1015 513/1057/1016
f 513/1057/1016 434/1056/1015 433/1058/1017
f 513/1057/1016 433/1058/1017 514/1059/1018
f 514/1059/1018 433/1058/1017 432/1060/1019
f 432/1061/1020 431/1062/1021 514/1063/1022
f 514/1063/1022 431/1062/1021 495/1064/1023
f 316/1065/513 315/1066/512 366/1067/1024
f 366/1067/1024 315/1066/512 390/1068/1025
f 366/1067/1024 390/1068/1025 367/1069/1026
f 367/1069/1026 390/1068/1025 389/1070/1027
f 367/1069/1026 389/1070/1027 368/1071/1028
f 368/1071/1028 389/1070/1027 388/1072/1029
f 368/1071/1028 388/1072/1029 369/1073/1030
f 369/1073/1030 388/1072/1029 387/1074/1031
f 369/1073/1030 387/1074/1031 370/1075/1032
f 370/1075/1032 387/1074/1031 386/1076/1033
f 370/1075/1032 386/1076/1033 371/1077/668
f 371/1077/668 386/1076/1033 384/1078/667
usemtl Opaque(0,255,0)
f 177/1079/1034 90/1080/1035 340/1081/1036
f 340/1081/1036 90/1080/1035 89/1082/1037
f 340/1081/1036 89/1082/1037 341/1083/1038
f 341/1083/1038 89/1082/1037 88/1084/1039
f 341/1083/1038 88/1084/1039 342/1085/1040
f 342/1085/1040 88/1084/1039 87/1086/1041
f 342/1085/1040 87/1086/1041 343/1087/1042
f 343/1087/1042 87/1086/1041 344/1088/1043
f 344/1088/1043 87/1086/1041 86/1089/1044
f 344/1088/1043 86/1089/1044 345/1090/1045
f 345/1090/1045 86/1089/1044 85/1091/1046
f 345/1090/1045 85/1091/1046 346/1092/1047
f 346/1092/1047 85/1091/1046 347/1093/1048
f 347/1093/1048 85/1091/1046 84/1094/1049
f 347/1093/1048 84/1094/1049 239/1095/1050
# 514 vertices
# 1095 texture params
# 1050 normals
# 1024 facets

# 2 groups
