time,shoulder_pan_joint,shoulder_lift_joint,elbow_joint,wrist_1_joint,wrist_2_joint,wrist_3_joint
0.0,-0.5289253573437617,-0.48459062038691875,2.414101999728163,1.8015129081512227,-1.118534062444067,2.8572728104636798
1.0,-0.5305657273403446,-0.5008100938907873,2.4202502061705813,1.8120290358550897,-1.1171708990391018,2.8562576746046657
2.0,-0.5322060973369276,-0.5170295673946559,2.4263984126129996,1.8225451635589567,-1.1158077356341367,2.8552425387456513
3.0,-0.5322060973369276,-0.5170295673946559,2.4263984126129996,1.8225451635589567,-1.1158077356341367,2.8552425387456513
4.0,-0.5279084112573651,-0.5138963176052801,2.414096236607085,1.8305563377336072,-1.1193808657124487,2.8578964527047033
5.0,-0.5236107251778025,-0.5107630678159043,2.40179406060117,1.8385675119082576,-1.1229539957907606,2.8605503666637553
6.0,-0.5236107251778025,-0.5107630678159043,2.40179406060117,1.8385675119082576,-1.1229539957907606,2.8605503666637553
7.0,-0.5226842330066874,-0.5250125160323842,2.4073223453312806,1.847042364623577,-1.1237250088746704,2.8611200996216084
8.0,-0.5217577408355722,-0.5392619642488641,2.412850630061391,1.8555172173388963,-1.1244960219585802,2.861689832579461
9.0,-0.5217577408355722,-0.5392619642488641,2.412850630061391,1.8555172173388963,-1.1244960219585802,2.861689832579461
10.0,-0.5267181438608031,-0.5439911766721937,2.4254533712125523,1.8489759690322873,-1.1203710237351832,2.8586296040828367
11.0,-0.5316785468860339,-0.5487203890955233,2.4380561123637134,1.8424347207256784,-1.1162460255117863,2.8555693755862124
12.0,-0.5316785468860339,-0.5487203890955233,2.4380561123637134,1.8424347207256784,-1.1162460255117863,2.8555693755862124
13.0,-0.5334051917129863,-0.5631649179758142,2.442640476818906,1.8527664944419804,-1.114811909596711,2.8544983807664224
14.0,-0.5351318365399388,-0.577609446856105,2.4472248412740987,1.8630982681582824,-1.1133777936816358,2.853427385946632
15.0,-0.5351318365399388,-0.577609446856105,2.4472248412740987,1.8630982681582824,-1.1133777936816358,2.853427385946632
16.0,-0.5430866278961071,-0.5909333644493397,2.449991225423278,1.8758817299598658,-1.1067825889540357,2.8484537018940834
17.0,-0.5510414192522755,-0.6042572820425745,2.452757609572458,1.8886651917614492,-1.1001873842264356,2.843480017841535
18.0,-0.5510414192522755,-0.6042572820425745,2.452757609572458,1.8886651917614492,-1.1001873842264356,2.843480017841535
19.0,-0.5428874592996504,-0.5992378456766773,2.440991324236812,1.8931315036443392,-1.106947967985586,2.8485773951464575
20.0,-0.5347334993470254,-0.5942184093107801,2.4292250389011656,1.8975978155272293,-1.1137085517447365,2.8536747724513796
21.0,-0.5347334993470254,-0.5942184093107801,2.4292250389011656,1.8975978155272293,-1.1137085517447365,2.8536747724513796
22.0,-0.5398902878631839,-0.6088005474581735,2.432667641647404,1.9101689088166933,-1.1094305729406138,2.8504590658289093
23.0,-0.5450470763793424,-0.623382685605567,2.4361102443936424,1.9227400021061574,-1.1051525941364913,2.8472433592064386
24.0,-0.5450470763793424,-0.623382685605567,2.4361102443936424,1.9227400021061574,-1.1051525941364913,2.8472433592064386
25.0,-0.5590285639918526,-0.621181648815452,2.4359751617086487,1.9247439055498006,-1.0935966031241162,2.838382873036792
26.0,-0.573010051604363,-0.6189806120253372,2.435840079023655,1.9267478089934438,-1.0820406121117414,2.8295223868671453
27.0,-0.573010051604363,-0.6189806120253372,2.435840079023655,1.9267478089934438,-1.0820406121117414,2.8295223868671453
28.0,-0.5858466045404078,-0.620280181795535,2.433169876394513,1.934705610923863,-1.0714896110219967,2.821194204152757
29.0,-0.5986831574764526,-0.6215797515657328,2.4304996737653703,1.9426634128542821,-1.0609386099322522,2.812866021438369
30.0,-0.5986831574764526,-0.6215797515657328,2.4304996737653703,1.9426634128542821,-1.0609386099322522,2.812866021438369
31.0,-0.6098629778112074,-0.6192528074078885,2.426797117854984,1.9477168506537568,-1.0517984608296953,2.805451614255144
32.0,-0.6210427981459621,-0.6169258632500443,2.4230945619445974,1.9527702884532314,-1.0426583117271384,2.7980372070719195
33.0,-0.6210427981459621,-0.6169258632500443,2.4230945619445974,1.9527702884532314,-1.0426583117271384,2.7980372070719195
34.0,-0.6249340749702901,-0.6273192995416975,2.4225490398248213,1.9650415734824138,-1.0394897861745533,2.795414687748173
35.0,-0.6288253517946181,-0.6377127358333506,2.422003517705045,1.977312858511596,-1.0363212606219683,2.792792168424427
36.0,-0.6327166286189461,-0.6481061721250039,2.421457995585269,1.9895841435407784,-1.0331527350693832,2.7901696491006804
37.0,-0.6327166286189461,-0.6481061721250039,2.421457995585269,1.9895841435407784,-1.0331527350693832,2.7901696491006804
38.0,-0.6179010362847763,-0.6504750221845961,2.4263090018459064,1.9821343898217132,-1.0452423520012335,2.800070245566112
39.0,-0.6030854439506066,-0.6528438722441883,2.431160008106544,1.974684636102648,-1.0573319689330836,2.8099708420315443
40.0,-0.6030854439506066,-0.6528438722441883,2.431160008106544,1.974684636102648,-1.0573319689330836,2.8099708420315443
41.0,-0.58839430717244,-0.6538537533318343,2.435008220940946,1.9672540862424672,-1.0694007146373776,2.8195242372785705
42.0,-0.5737031703942735,-0.6548636344194803,2.4388564337753476,1.9598235363822865,-1.081469460341672,2.829077632525596
43.0,-0.5737031703942735,-0.6548636344194803,2.4388564337753476,1.9598235363822865,-1.081469460341672,2.829077632525596
44.0,-0.5659559088368058,-0.649154737883407,2.4467250079478298,1.943973987749738,-1.0878688331479327,2.83400008975826
45.0,-0.5582086472793382,-0.643445841347334,2.4545935821203124,1.9281244391171894,-1.0942682059541933,2.838922546990924
46.0,-0.5504613857218704,-0.6377369448112608,2.4624621562927946,1.912274890484641,-1.100667578760454,2.8438450042235877
47.0,-0.5504613857218704,-0.6377369448112608,2.4624621562927946,1.912274890484641,-1.100667578760454,2.8438450042235877
48.0,-0.5354449191918509,-0.6545952003566582,2.4578749700525524,1.9295971637354585,-1.1131350300541416,2.8531756374777997
49.0,-0.5204284526618312,-0.6714534559020555,2.4532877838123106,1.9469194369862761,-1.1256024813478294,2.8625062707320112
50.0,-0.5204284526618312,-0.6714534559020555,2.4532877838123106,1.9469194369862761,-1.1256024813478294,2.8625062707320112
51.0,-0.5055274073220294,-0.6672364824173622,2.4543660802703524,1.9378320588211786,-1.1380394366558795,2.871547651641954
52.0,-0.49062636198222753,-0.6630195089326688,2.4554443767283947,1.928744680656081,-1.1504763919639294,2.8805890325518964
53.0,-0.49062636198222753,-0.6630195089326688,2.4554443767283947,1.928744680656081,-1.1504763919639294,2.8805890325518964
54.0,-0.49754558783972375,-0.6479034080311266,2.450482812555007,1.9203148536926629,-1.1446936529237515,2.8764165071817267
55.0,-0.50446481369722,-0.6327873071295843,2.445521248381619,1.9118850267292447,-1.1389109138835736,2.8722439818115575
56.0,-0.50446481369722,-0.6327873071295843,2.445521248381619,1.9118850267292447,-1.1389109138835736,2.8722439818115575
57.0,-0.4967597514918709,-0.6200010237482041,2.4428479262841485,1.8998554632965885,-1.1453512712027403,2.8768876196814306
58.0,-0.4890546892865218,-0.6072147403668238,2.4401746041866783,1.8878258998639323,-1.151791628521907,2.881531257551304
59.0,-0.4890546892865218,-0.6072147403668238,2.4401746041866783,1.8878258998639323,-1.151791628521907,2.881531257551304
60.0,-0.4827530988835304,-0.5940070940765831,2.436802350673866,1.8764795681839523,-1.1570706907708943,2.8852895260651508
61.0,-0.476451508480539,-0.5807994477863425,2.4334300971610534,1.8651332365039723,-1.1623497530198816,2.889047794578997
62.0,-0.476451508480539,-0.5807994477863425,2.4334300971610534,1.8651332365039723,-1.1623497530198816,2.889047794578997
63.0,-0.4696203056384507,-0.5680662766821969,2.4298861445826385,1.8543624076350407,-1.1680840035808195,2.893083303886373
64.0,-0.46278910279636243,-0.5553331055780512,2.4263421920042236,1.843591578766109,-1.1738182541417572,2.897118813193749
65.0,-0.46278910279636243,-0.5553331055780512,2.4263421920042236,1.843591578766109,-1.1738182541417572,2.897118813193749
66.0,-0.45130301520141314,-0.5538295482014028,2.426831855615146,1.8390679981362144,-1.1834855958878814,2.9038178096133844
67.0,-0.4398169276064639,-0.5523259908247545,2.4273215192260684,1.8345444175063197,-1.1931529376340058,2.91051680603302
68.0,-0.4398169276064639,-0.5523259908247545,2.4273215192260684,1.8345444175063197,-1.1931529376340058,2.91051680603302
69.0,-0.43170815396340423,-0.5627640958768287,2.4314233888599617,1.8391893407510238,-1.1999961101772905,2.915184141048524
70.0,-0.4235993803203446,-0.5732022009289028,2.4355252584938545,1.843834263995728,-1.206839282720575,2.919851476064028
71.0,-0.4235993803203446,-0.5732022009289028,2.4355252584938545,1.843834263995728,-1.206839282720575,2.919851476064028
72.0,-0.41882493941131904,-0.5591292861838513,2.4309653446469315,1.8333614014009536,-1.2108752943960666,2.9225767768508426
73.0,-0.4140504985022935,-0.5450563714387996,2.4264054308000085,1.8228885388061793,-1.2149113060715582,2.9253020776376566
74.0,-0.4140504985022935,-0.5450563714387996,2.4264054308000085,1.8228885388061793,-1.2149113060715582,2.9253020776376566
75.0,-0.39868982466834185,-0.5451362569253646,2.427000201332521,1.819462029915892,-1.2279282349821903,2.9339618116426722
76.0,-0.38332915083439023,-0.5452161424119295,2.427594971865033,1.8160355210256045,-1.2409451638928224,2.942621545647688
77.0,-0.38332915083439023,-0.5452161424119295,2.427594971865033,1.8160355210256045,-1.2409451638928224,2.942621545647688
78.0,-0.370415840525233,-0.544403488149882,2.4274443897720386,1.813128397187927,-1.2519232688427093,2.949782330349615
79.0,-0.35750253021607586,-0.5435908338878345,2.4272938076790442,1.8102212733502496,-1.2629013737925963,2.956943115051543
80.0,-0.35750253021607586,-0.5435908338878345,2.4272938076790442,1.8102212733502496,-1.2629013737925963,2.956943115051543
81.0,-0.3603739999571369,-0.5311481522634871,2.422702254098584,1.8028536887577735,-1.260457608121641,2.9553597115251002
82.0,-0.36324546969819804,-0.5187054706391399,2.418110700518124,1.7954861041652974,-1.2580138424506857,2.9537763079986576
83.0,-0.36324546969819804,-0.5187054706391399,2.418110700518124,1.7954861041652974,-1.2580138424506857,2.9537763079986576
84.0,-0.3712921425649849,-0.5068529465490319,2.4133730189208578,1.7897739786141893,-1.2511736580209525,2.949312149998925
85.0,-0.3793388154317717,-0.495000422458924,2.408635337323591,1.7840618530630812,-1.2443334735912193,2.944847991999193
86.0,-0.3793388154317717,-0.495000422458924,2.408635337323591,1.7840618530630812,-1.2443334735912193,2.944847991999193
87.0,-0.3944422882904992,-0.489600777472348,2.4059257074428606,1.7841985678004237,-1.2315280835752298,2.9363550170322927
88.0,-0.40954576114922675,-0.484201132485772,2.40321607756213,1.7843352825377663,-1.2187226935592401,2.927862042065393
89.0,-0.40954576114922675,-0.484201132485772,2.40321607756213,1.7843352825377663,-1.2187226935592401,2.927862042065393
90.0,-0.4165352572355391,-0.4690626267697683,2.39633322302978,1.7774755741103723,-1.2128125115425992,2.923878122502539
91.0,-0.42352475332185135,-0.4539241210537645,2.3894503684974295,1.7706158656829782,-1.2069023295259582,2.9198942029396853
92.0,-0.42352475332185135,-0.4539241210537645,2.3894503684974295,1.7706158656829782,-1.2069023295259582,2.9198942029396853
93.0,-0.40954206967489293,-0.452300977229305,2.38939840809818,1.7663080023984852,-1.2187359968885079,2.9278296489471742
94.0,-0.39555938602793456,-0.4506778334048455,2.389346447698931,1.7620001391139921,-1.2305696642510577,2.935765094954663
95.0,-0.39555938602793456,-0.4506778334048455,2.389346447698931,1.7620001391139921,-1.2305696642510577,2.935765094954663
96.0,-0.3786188341177925,-0.4569812743127396,2.392443193756553,1.762185288442714,-1.244958486294987,2.945203288745236
97.0,-0.3616782822076504,-0.46328471522063364,2.395539939814175,1.762370437771436,-1.2593473083389162,2.9546414825358087
98.0,-0.3616782822076504,-0.46328471522063364,2.395539939814175,1.762370437771436,-1.2593473083389162,2.9546414825358087
99.0,-0.3482298593320816,-0.4602474318254524,2.394085664964708,1.7586098773633256,-1.2708066072720907,2.9620095288647375
100.0,-0.33478143645651276,-0.4572101484302712,2.3926313901152416,1.7548493169552153,-1.2822659062052655,2.969377575193666
101.0,-0.33478143645651276,-0.4572101484302712,2.3926313901152416,1.7548493169552153,-1.2822659062052655,2.969377575193666
102.0,-0.3404265138029611,-0.4717374074517815,2.3989172862902564,1.763981360825629,-1.2774520612448512,2.966297467610336
103.0,-0.34607159114940933,-0.48626466647329175,2.4052031824652715,1.7731134046960426,-1.2726382162844372,2.963217360027006
104.0,-0.34607159114940933,-0.48626466647329175,2.4052031824652715,1.7731134046960426,-1.2726382162844372,2.963217360027006
105.0,-0.3306429855404755,-0.48688925901039254,2.405078978098351,1.7715067641936242,-1.2858070690627312,2.97159440590134
106.0,-0.31521437993154167,-0.4875138515474933,2.40495477373143,1.7699001236912058,-1.298975921841025,2.979971451775674
107.0,-0.31521437993154167,-0.4875138515474933,2.40495477373143,1.7699001236912058,-1.298975921841025,2.979971451775674
108.0,-0.30380760256005757,-0.4772638567743845,2.4000911099041455,1.762929739420917,-1.308735232585906,2.986085430116402
109.0,-0.29240082518857347,-0.46701386200127565,2.395227446076861,1.755959355150628,-1.3184945433307869,2.9921994084571297
110.0,-0.29240082518857347,-0.46701386200127565,2.395227446076861,1.755959355150628,-1.3184945433307869,2.9921994084571297
111.0,-0.29618341326384656,-0.45302712812032536,2.389201100900803,1.748509617767758,-1.315256197702702,2.9901790288990693
112.0,-0.2999660013391196,-0.4390403942393751,2.383174755724745,1.7410598803848878,-1.3120178520746169,2.9881586493410084
113.0,-0.2999660013391196,-0.4390403942393751,2.383174755724745,1.7410598803848878,-1.3120178520746169,2.9881586493410084
114.0,-0.2873068552921425,-0.4330212830646209,2.3795762436431653,1.7369862626635235,-1.322863178010749,2.994894152304224
115.0,-0.27464770924516535,-0.4270021718898667,2.375977731561586,1.7329126449421592,-1.333708503946881,3.0016296552674397
116.0,-0.27464770924516535,-0.4270021718898667,2.375977731561586,1.7329126449421592,-1.333708503946881,3.0016296552674397
117.0,-0.2755099616853629,-0.4136444429508068,2.3695357929254453,1.7261044346140093,-1.3329691295856445,3.001173185514622
118.0,-0.27637221412556046,-0.40028671401174687,2.3630938542893043,1.7192962242858594,-1.332229755224408,3.000716715761804
119.0,-0.27637221412556046,-0.40028671401174687,2.3630938542893043,1.7192962242858594,-1.332229755224408,3.000716715761804
120.0,-0.28916983033234245,-0.3977262532494318,2.3625893177238564,1.718923259281125,-1.321267404863522,2.993902015785058
121.0,-0.3019674465391245,-0.39516579248711675,2.3620847811584085,1.7185502942763906,-1.3103050545026358,2.9870873158083118
122.0,-0.3019674465391245,-0.39516579248711675,2.3620847811584085,1.7185502942763906,-1.3103050545026358,2.9870873158083118
123.0,-0.3157114759855213,-0.3908770961519561,2.360421846082208,1.7179166331394022,-1.2985581309609175,2.9796792873713844
124.0,-0.3294555054319181,-0.3865883998167955,2.3587589110060074,1.7172829720024139,-1.2868112074191995,2.9722712589344567
125.0,-0.3294555054319181,-0.3865883998167955,2.3587589110060074,1.7172829720024139,-1.2868112074191995,2.9722712589344567
126.0,-0.3452422507378513,-0.3895440416998845,2.360463475543025,1.7210652572091394,-1.2733555064353945,2.9636354937286686
127.0,-0.3610289960437845,-0.3924996835829735,2.362168040080043,1.724847542415865,-1.2598998054515893,2.9549997285228806
128.0,-0.3610289960437845,-0.3924996835829735,2.362168040080043,1.724847542415865,-1.2598998054515893,2.9549997285228806
129.0,-0.37183357389174376,-0.39874345268530464,2.3651700210517825,1.7299761100425541,-1.2507158041576991,2.9490035960460492
130.0,-0.382638151739703,-0.4049872217876358,2.368172002023522,1.7351046776692434,-1.2415318028638092,2.9430074635692174
131.0,-0.382638151739703,-0.4049872217876358,2.368172002023522,1.7351046776692434,-1.2415318028638092,2.9430074635692174
132.0,-0.38672116204305124,-0.39377955857209834,2.3623737396149833,1.7304416814327415,-1.238066899210107,2.9407221525300438
133.0,-0.39080417234639947,-0.38257189535656094,2.356575477206445,1.7257786851962396,-1.2346019955564047,2.93843684149087
134.0,-0.39080417234639947,-0.38257189535656094,2.356575477206445,1.7257786851962396,-1.2346019955564047,2.93843684149087
135.0,-0.38105386830138743,-0.36957695773912835,2.349840357050211,1.7177669046779462,-1.242881474638334,2.943876380834703
136.0,-0.37130356425637545,-0.3565820201216958,2.343105236893977,1.709755124159653,-1.2511609537202635,2.949315920178535
137.0,-0.37130356425637545,-0.3565820201216958,2.343105236893977,1.709755124159653,-1.2511609537202635,2.949315920178535
138.0,-0.35826449387542425,-0.35275035878307087,2.3409843083815804,1.7058632490770844,-1.262260177233713,2.9564981098838015
139.0,-0.3452254234944731,-0.3489186974444459,2.3388633798691836,1.701971373994516,-1.2733594007471627,2.9636802995890674
140.0,-0.3452254234944731,-0.3489186974444459,2.3388633798691836,1.701971373994516,-1.2733594007471627,2.9636802995890674
141.0,-0.34210456033245396,-0.33795229856620157,2.332568310277614,1.6968048770596582,-1.276020296111342,2.965384597001414
142.0,-0.33898369717043475,-0.32698589968795727,2.3262732406860445,1.6916383801248005,-1.2786811914755216,2.96708889441376
143.0,-0.33898369717043475,-0.32698589968795727,2.3262732406860445,1.6916383801248005,-1.2786811914755216,2.96708889441376
144.0,-0.34762145052137755,-0.317957785149888,2.3210091069177206,1.6892701296830162,-1.2713205295644296,2.962358155433422
145.0,-0.35625920387232035,-0.3089296706118187,2.3157449731493966,1.6869018792412318,-1.2639598676533377,2.9576274164530845
146.0,-0.35625920387232035,-0.3089296706118187,2.3157449731493966,1.6869018792412318,-1.2639598676533377,2.9576274164530845
147.0,-0.3688143686617449,-0.30100204602201197,2.3107660052874035,1.6861250159251722,-1.253284393577365,2.95067150727123
148.0,-0.3813695334511694,-0.2930744214322053,2.30578703742541,1.6853481526091125,-1.2426089195013923,2.9437155980893763
149.0,-0.3813695334511694,-0.2930744214322053,2.30578703742541,1.6853481526091125,-1.2426089195013923,2.9437155980893763
150.0,-0.3933277069135943,-0.304045423978072,2.3120694346164448,1.6922672209007417,-1.232468876380691,2.936995945911233
151.0,-0.40528588037601915,-0.3150164265239387,2.3183518318074796,1.6991862891923708,-1.2223288332599895,2.9302762937330895
152.0,-0.40528588037601915,-0.3150164265239387,2.3183518318074796,1.6991862891923708,-1.2223288332599895,2.9302762937330895
153.0,-0.3955517751068186,-0.3226598657149146,2.3231870056210857,1.7001668266743655,-1.2305808346051013,2.9357533779756686
154.0,-0.3858176698376181,-0.33030330490589055,2.3280221794346923,1.7011473641563601,-1.2388328359502132,2.9412304622182477
155.0,-0.3858176698376181,-0.33030330490589055,2.3280221794346923,1.7011473641563601,-1.2388328359502132,2.9412304622182477
156.0,-0.397040639354595,-0.3366532167350258,2.331236345626052,1.7063998691095799,-1.2293203506347128,2.9349099078700993
157.0,-0.4082636088715719,-0.343003128564161,2.3344505118174115,1.7116523740627996,-1.2198078653192126,2.9285893535219514
158.0,-0.4082636088715719,-0.343003128564161,2.3344505118174115,1.7116523740627996,-1.2198078653192126,2.9285893535219514
159.0,-0.4135564515367435,-0.35427152127350936,2.3403844681802024,1.7180347917932768,-1.2153306608358108,2.9255781838126445
160.0,-0.41884929420191497,-0.36553991398285773,2.346318424542993,1.724417209523754,-1.2108534563524092,2.9225670141033375
161.0,-0.41884929420191497,-0.36553991398285773,2.346318424542993,1.724417209523754,-1.2108534563524092,2.9225670141033375
162.0,-0.4269584172159089,-0.37518058082681405,2.3508748073012433,1.7311702141613543,-1.204005710765033,2.917913935566104
163.0,-0.43506754022990285,-0.3848212476707704,2.3554311900594938,1.7379232187989546,-1.1971579651776572,2.913260857028871
164.0,-0.43506754022990285,-0.3848212476707704,2.3554311900594938,1.7379232187989546,-1.1971579651776572,2.913260857028871
165.0,-0.44018149848986543,-0.3693948732293838,2.3467689529223685,1.7322514381706575,-1.1928470847353254,2.910300757592256
166.0,-0.445295456749828,-0.35396849878799713,2.3381067157852433,1.7265796575423604,-1.1885362042929937,2.9073406581556407
167.0,-0.445295456749828,-0.35396849878799713,2.3381067157852433,1.7265796575423604,-1.1885362042929937,2.9073406581556407
168.0,-0.45142490343135144,-0.3444905712893033,2.3322045903326103,1.7243545024899471,-1.1833773678758535,2.9037656278924437
169.0,-0.4575543501128749,-0.3350126437906095,2.3263024648799777,1.7221293474375339,-1.1782185314587132,2.9001905976292472
170.0,-0.4575543501128749,-0.3350126437906095,2.3263024648799777,1.7221293474375339,-1.1782185314587132,2.9001905976292472
171.0,-0.46808476800781196,-0.3297957548028918,2.322112081316143,1.7235309792313391,-1.169377096919788,2.893976469807713
172.0,-0.4786151859027491,-0.32457886581517414,2.3179216977523085,1.7249326110251444,-1.1605356623808627,2.887762341986179
173.0,-0.4786151859027491,-0.32457886581517414,2.3179216977523085,1.7249326110251444,-1.1605356623808627,2.887762341986179
174.0,-0.48923872238373545,-0.3330736460548376,2.3213981512869966,1.7325421894886361,-1.1516451161131371,2.8813957749067187
175.0,-0.49986225886472174,-0.34156842629450107,2.324874604821685,1.740151767952128,-1.1427545698454116,2.875029207827258
176.0,-0.49986225886472174,-0.34156842629450107,2.324874604821685,1.740151767952128,-1.1427545698454116,2.875029207827258
177.0,-0.5042662619640917,-0.35383121926101546,2.331001674957135,1.7474044319511346,-1.1390779899992505,2.8723598319573203
178.0,-0.5086702650634618,-0.3660940122275298,2.337128745092585,1.7546570959501413,-1.1354014101530892,2.869690456087383
179.0,-0.5086702650634618,-0.3660940122275298,2.337128745092585,1.7546570959501413,-1.1354014101530892,2.869690456087383
180.0,-0.5198796479684769,-0.35946745634111066,2.34383760733995,1.7442808680888835,-1.126068611440952,2.862812446424222
181.0,-0.531089030873492,-0.3528409004546915,2.3505464695873153,1.7339046402276257,-1.1167358127288147,2.8559344367610615
182.0,-0.531089030873492,-0.3528409004546915,2.3505464695873153,1.7339046402276257,-1.1167358127288147,2.8559344367610615
183.0,-0.5420834925941849,-0.34631047018630956,2.344874534486653,1.7361151926259757,-1.1076188326787546,2.849065749597253
184.0,-0.5530779543148777,-0.33978003991792766,2.3392025993859904,1.7383257450243257,-1.0985018526286945,2.8421970624334443
185.0,-0.5530779543148777,-0.33978003991792766,2.3392025993859904,1.7383257450243257,-1.0985018526286945,2.8421970624334443
186.0,-0.5398175945956116,-0.34292379260689776,2.3311528818173293,1.7458383275255114,-1.1095024098289028,2.850466032721964
187.0,-0.5265572348763455,-0.3460675452958679,2.323103164248668,1.753350910026697,-1.1205029670291111,2.858735003010484
188.0,-0.5265572348763455,-0.3460675452958679,2.323103164248668,1.753350910026697,-1.1205029670291111,2.858735003010484
189.0,-0.5284967776954567,-0.33445008070093396,2.3283583727391717,1.7370015274504838,-1.1188905845900208,2.8575367154194864
190.0,-0.5304363205145678,-0.32283261610599995,2.333613581229675,1.7206521448742704,-1.1172782021509304,2.8563384278284887
191.0,-0.5304363205145678,-0.32283261610599995,2.333613581229675,1.7206521448742704,-1.1172782021509304,2.8563384278284887
192.0,-0.5167522724365013,-0.3157770574663959,2.3233404654443444,1.7203473433207788,-1.1286907534051995,2.8646702320376844
193.0,-0.5030682243584349,-0.30872149882679184,2.3130673496590135,1.7200425417672873,-1.1401033046594689,2.8730020362468807
194.0,-0.4893841762803684,-0.3016659401871878,2.3027942338736826,1.7197377402137957,-1.151515855913738,2.8813338404560764
195.0,-0.4893841762803684,-0.3016659401871878,2.3027942338736826,1.7197377402137957,-1.151515855913738,2.8813338404560764
196.0,-0.4729114164640521,-0.30199063402338244,2.3049117403345223,1.7140966812394962,-1.1653363324869348,2.891088838463743
197.0,-0.45643865664773586,-0.30231532785957715,2.3070292467953615,1.7084556222651968,-1.1791568090601314,2.90084383647141
198.0,-0.45643865664773586,-0.30231532785957715,2.3070292467953615,1.7084556222651968,-1.1791568090601314,2.90084383647141
199.0,-0.444241949928325,-0.3102808552095565,2.3128663234806957,1.7079490545223,-1.1894323709350298,2.9079231893617576
200.0,-0.43204524320891413,-0.3182463825595358,2.31870340016603,1.7074424867794031,-1.1997079328099285,2.915002542252105
201.0,-0.43204524320891413,-0.3182463825595358,2.31870340016603,1.7074424867794031,-1.1997079328099285,2.915002542252105
202.0,-0.44633376297093197,-0.3306051591136236,2.324419562295315,1.7172523541365854,-1.1876859025233912,2.906655679986453
203.0,-0.46062228273294975,-0.34296393566771133,2.3301357244245997,1.7270622214937676,-1.175663872236854,2.898308817720801
204.0,-0.4749108024949676,-0.3553227122217991,2.335851886553885,1.73687208885095,-1.1636418419503167,2.8899619554551492
205.0,-0.4749108024949676,-0.3553227122217991,2.335851886553885,1.73687208885095,-1.1636418419503167,2.8899619554551492
206.0,-0.4814198181480257,-0.37108833705651223,2.343461353181497,1.7465834275860714,-1.1581878789945694,2.8860837757278173
207.0,-0.48792883380108376,-0.3868539618912253,2.3510708198091086,1.756294766321193,-1.1527339160388221,2.8822055960004853
208.0,-0.48792883380108376,-0.3868539618912253,2.3510708198091086,1.756294766321193,-1.1527339160388221,2.8822055960004853
209.0,-0.4891780010582921,-0.40137854748024404,2.358184725191567,1.764010107733576,-1.1516885182040402,2.8814570341844847
210.0,-0.49042716831550054,-0.4159031330692628,2.3652986305740256,1.7717254491459589,-1.1506431203692584,2.880708472368484
211.0,-0.49042716831550054,-0.4159031330692628,2.3652986305740256,1.7717254491459589,-1.1506431203692584,2.880708472368484
212.0,-0.4977735857068024,-0.4272599670965365,2.3696438055536753,1.7805692739299486,-1.144503540075898,2.8762775989048355
213.0,-0.5051200030981043,-0.43861680112381024,2.373988980533325,1.7894130987139383,-1.1383639597825375,2.871846725441187
214.0,-0.5051200030981043,-0.43861680112381024,2.373988980533325,1.7894130987139383,-1.1383639597825375,2.871846725441187
215.0,-0.5185853105916098,-0.43495180021109436,2.3821030529967713,1.7811772251295068,-1.127150431740735,2.8635928019212122
216.0,-0.5320506180851153,-0.43128679929837854,2.3902171254602176,1.7729413515450754,-1.1159369036989328,2.8553388784012377
217.0,-0.5320506180851153,-0.43128679929837854,2.3902171254602176,1.7729413515450754,-1.1159369036989328,2.8553388784012377
218.0,-0.5437770164539164,-0.4353492954802726,2.3899519687281723,1.7805561762799063,-1.1062160809615165,2.8480025911159443
219.0,-0.5555034148227175,-0.4394117916621667,2.3896868119961265,1.7881710010147371,-1.0964952582241,2.840666303830651
220.0,-0.5555034148227175,-0.4394117916621667,2.3896868119961265,1.7881710010147371,-1.0964952582241,2.840666303830651
221.0,-0.5555876986450988,-0.44739151854342707,2.38515008086506,1.8007117863782822,-1.0964255481045622,2.8406130489471186
222.0,-0.5556719824674801,-0.45537124542468743,2.380613349733993,1.813252571741827,-1.096355837985024,2.8405597940635867
223.0,-0.5557562662898614,-0.4633509723059478,2.3760766186029265,1.8257933571053722,-1.096286127865486,2.8405065391800544
224.0,-0.5557562662898614,-0.4633509723059478,2.3760766186029265,1.8257933571053722,-1.096286127865486,2.8405065391800544
225.0,-0.5457339558592179,-0.4667629431332146,2.379532066965335,1.8229267500528723,-1.1045912442292756,2.8467868622536905
226.0,-0.5357116454285744,-0.4701749139604814,2.3829875153277427,1.8200601430003724,-1.1128963605930648,2.853067185327327
227.0,-0.5357116454285744,-0.4701749139604814,2.3829875153277427,1.8200601430003724,-1.1128963605930648,2.853067185327327
228.0,-0.5492028349240861,-0.47345668852809963,2.3815653666594487,1.828662232473131,-1.1017390916122338,2.8445391154758295
229.0,-0.5626940244195976,-0.4767384630957178,2.380143217991155,1.8372643219458893,-1.0905818226314026,2.8360110456243324
230.0,-0.5761852139151092,-0.48002023766333607,2.378721069322861,1.8458664114186478,-1.0794245536505715,2.827482975772835
231.0,-0.5761852139151092,-0.48002023766333607,2.378721069322861,1.8458664114186478,-1.0794245536505715,2.827482975772835
232.0,-0.5871193090624203,-0.4801447658296176,2.376042851512312,1.852076415496174,-1.0704396896691506,2.8203811040761315
233.0,-0.5980534042097313,-0.4802692939958991,2.373364633701763,1.8582864195737,-1.0614548256877294,2.8132792323794282
234.0,-0.5980534042097313,-0.4802692939958991,2.373364633701763,1.8582864195737,-1.0614548256877294,2.8132792323794282
235.0,-0.5957765136974476,-0.4928912084239093,2.379149149700947,1.864399503880464,-1.063322295097751,2.814769675681646
236.0,-0.5934996231851637,-0.5055131228519195,2.384933665700131,1.8705125881872278,-1.0651897645077728,2.816260118983864
237.0,-0.5934996231851637,-0.5055131228519195,2.384933665700131,1.8705125881872278,-1.0651897645077728,2.816260118983864
238.0,-0.5831828219647199,-0.5090685848389063,2.388845178896847,1.8669719992664084,-1.0736745806482602,2.822937414640263
239.0,-0.5728660207442763,-0.5126240468258929,2.392756692093563,1.8634314103455891,-1.0821593967887473,2.829614710296662
240.0,-0.5728660207442763,-0.5126240468258929,2.392756692093563,1.8634314103455891,-1.0821593967887473,2.829614710296662
241.0,-0.5793858032239465,-0.5248365573897837,2.3958447485952736,1.8745499273794473,-1.07679299332023,2.8254092757603964
242.0,-0.5859055857036167,-0.5370490679536745,2.3989328050969845,1.8856684444133054,-1.0714265898517128,2.8212038412241305
243.0,-0.5859055857036167,-0.5370490679536745,2.3989328050969845,1.8856684444133054,-1.0714265898517128,2.8212038412241305
244.0,-0.5982130141216613,-0.5323580032554383,2.3939522596809955,1.8898963203213184,-1.0613378653314596,2.813129014690261
245.0,-0.6105204425397057,-0.5276669385572019,2.388971714265006,1.8941241962293314,-1.0512491408112064,2.8050541881563915
246.0,-0.6105204425397057,-0.5276669385572019,2.388971714265006,1.8941241962293314,-1.0512491408112064,2.8050541881563915
247.0,-0.610364363975246,-0.5418761993176098,2.394200508411913,1.9030532611448925,-1.0513767309667188,2.805157742036405
248.0,-0.6102082854107862,-0.5560854600780176,2.3994293025588207,1.9119823260604536,-1.0515043211222312,2.8052612959164187
249.0,-0.6102082854107862,-0.5560854600780176,2.3994293025588207,1.9119823260604536,-1.0515043211222312,2.8052612959164187
250.0,-0.6175419723644733,-0.5401812669793488,2.391306688349674,1.906678691734041,-1.0455246243895542,2.8003453216314993
251.0,-0.6248756593181605,-0.5242770738806799,2.383184074140527,1.9013750574076282,-1.0395449276568773,2.79542934734658
252.0,-0.6322093462718475,-0.508372880782011,2.37506145993138,1.8960714230812157,-1.0335652309242003,2.7905133730616605
253.0,-0.6322093462718475,-0.508372880782011,2.37506145993138,1.8960714230812157,-1.0335652309242003,2.7905133730616605
254.0,-0.626042343202765,-0.49342069000363276,2.37063890872845,1.8834494869129847,-1.038591534668571,2.7946541400108162
255.0,-0.6198753401336823,-0.47846849922525453,2.36621635752552,1.870827550744754,-1.0436178384129418,2.798794906959972
256.0,-0.6137083370645997,-0.46351630844687625,2.3617938063225896,1.8582056145765231,-1.0486441421573125,2.802935673909128
257.0,-0.6137083370645997,-0.46351630844687625,2.3617938063225896,1.8582056145765231,-1.0486441421573125,2.802935673909128
258.0,-0.6036172698047749,-0.4548837852741793,2.3606757775459855,1.8474202902176458,-1.0569060288331038,2.809589233054625
259.0,-0.5935262025449501,-0.44625126210148236,2.3595577487693813,1.8366349658587684,-1.0651679155088951,2.816242792200122
260.0,-0.5935262025449501,-0.44625126210148236,2.3595577487693813,1.8366349658587684,-1.0651679155088951,2.816242792200122
261.0,-0.5819500263319066,-0.4417791393047049,2.360323323754646,1.8278345682747459,-1.0746909697691034,2.8237270197189828
262.0,-0.5703738501188632,-0.4373070165079275,2.3610888987399106,1.8190341706907234,-1.0842140240293117,2.8312112472378432
263.0,-0.5703738501188632,-0.4373070165079275,2.3610888987399106,1.8190341706907234,-1.0842140240293117,2.8312112472378432
264.0,-0.5768098755703167,-0.42573509726126224,2.354017164835921,1.816490167287667,-1.0789136722893211,2.827069306217096
265.0,-0.5832459010217702,-0.414163178014597,2.3469454309319318,1.8139461638846106,-1.0736133205493303,2.822927365196349
266.0,-0.5832459010217702,-0.414163178014597,2.3469454309319318,1.8139461638846106,-1.0736133205493303,2.822927365196349
267.0,-0.587361913773582,-0.40206248997681565,2.3398007100278186,1.8102734608819662,-1.0702312076668679,2.8202534804224513
268.0,-0.5914779265253939,-0.3899618019390343,2.3326559891237055,1.8066007578793217,-1.0668490947844056,2.817579595648554
269.0,-0.5914779265253939,-0.3899618019390343,2.3326559891237055,1.8066007578793217,-1.0668490947844056,2.817579595648554
270.0,-0.6034748592070851,-0.3924823686376483,2.3306317416493245,1.815032949211343,-1.0570265402942636,2.8096703087911243
271.0,-0.6154717918887762,-0.3950029353362623,2.328607494174944,1.8234651405433644,-1.0472039858041213,2.801761021933695
272.0,-0.6154717918887762,-0.3950029353362623,2.328607494174944,1.8234651405433644,-1.0472039858041213,2.801761021933695
273.0,-0.6117611737718621,-0.4062575862330008,2.335313505742997,1.8267877013801088,-1.0502363299425541,2.804226150190776
274.0,-0.608050555654948,-0.4175122371297393,2.3420195173110505,1.8301102622168532,-1.0532686740809871,2.806691278447858
275.0,-0.608050555654948,-0.4175122371297393,2.3420195173110505,1.8301102622168532,-1.0532686740809871,2.806691278447858
276.0,-0.5925230206757807,-0.40985396867141693,2.342079553444766,1.8175793737501433,-1.0660340635564398,2.8167569778246997
277.0,-0.5769954856966134,-0.4021957002130946,2.342139589578482,1.8050484852834334,-1.0787994530318923,2.826822677201542
278.0,-0.561467950717446,-0.39453743175477224,2.3421996257121975,1.7925175968167235,-1.091564842507345,2.8368883765783837
279.0,-0.561467950717446,-0.39453743175477224,2.3421996257121975,1.7925175968167235,-1.091564842507345,2.8368883765783837
280.0,-0.5514197251506372,-0.3858940428208182,2.339786124029421,1.7834171435089068,-1.099882350429621,2.843215047101851
281.0,-0.5413714995838285,-0.37725065388686413,2.3373726223466447,1.77431669020109,-1.108199858351897,2.849541717625319
282.0,-0.5413714995838285,-0.37725065388686413,2.3373726223466447,1.77431669020109,-1.108199858351897,2.849541717625319
283.0,-0.5349859495605007,-0.38715290370330435,2.3436921857976536,1.7761482835943754,-1.1135020093419574,2.8535076828245503
284.0,-0.528600399537173,-0.39705515351974463,2.3500117492486625,1.7779798769876607,-1.1188041603320178,2.857473648023781
285.0,-0.528600399537173,-0.39705515351974463,2.3500117492486625,1.7779798769876607,-1.1188041603320178,2.857473648023781
286.0,-0.5386556647885242,-0.3890659156029771,2.356247767574782,1.7665375802635326,-1.110460627944999,2.8512095160885673
287.0,-0.5487109300398755,-0.3810766776862096,2.3624837859009014,1.7550952835394045,-1.1021170955579802,2.844945384153354
288.0,-0.5487109300398755,-0.3810766776862096,2.3624837859009014,1.7550952835394045,-1.1021170955579802,2.844945384153354
289.0,-0.5512426677322758,-0.37395267540467403,2.3499432409260335,1.7612369871342102,-1.1000218528019214,2.843349916101409
290.0,-0.5537744054246762,-0.3668286731231384,2.337402695951166,1.7673786907290157,-1.097926610045863,2.841754448049464
291.0,-0.5563061431170765,-0.3597046708416028,2.324862150976298,1.7735203943238214,-1.0958313672898041,2.840158979997519
292.0,-0.5563061431170765,-0.3597046708416028,2.324862150976298,1.7735203943238214,-1.0958313672898041,2.840158979997519
293.0,-0.5608888308521272,-0.350135316379155,2.318492798614768,1.771660354573248,-1.0920450295517659,2.837250332920606
294.0,-0.5654715185871779,-0.34056596191670724,2.312123446253238,1.7698003148226749,-1.0882586918137276,2.834341685843693
295.0,-0.5654715185871779,-0.34056596191670724,2.312123446253238,1.7698003148226749,-1.0882586918137276,2.834341685843693
296.0,-0.572491247987262,-0.35178549454608127,2.316733485570342,1.7785212194508235,-1.0824724635622998,2.8298412035166347
297.0,-0.5795109773873461,-0.3630050271754553,2.3213435248874457,1.7872421240789722,-1.0766862353108722,2.825340721189576
298.0,-0.5795109773873461,-0.3630050271754553,2.3213435248874457,1.7872421240789722,-1.0766862353108722,2.825340721189576
299.0,-0.5855150464270332,-0.35287638478720607,2.31416980928313,1.7861508436675078,-1.071750757842438,2.82144672970081
300.0,-0.5915191154667203,-0.3427477423989568,2.3069960936788143,1.7850595632560433,-1.0668152803740034,2.8175527382120436
301.0,-0.5915191154667203,-0.3427477423989568,2.3069960936788143,1.7850595632560433,-1.0668152803740034,2.8175527382120436
302.0,-0.6014436860272574,-0.3393739502557499,2.3023137294353697,1.7895684175804993,-1.058685704622565,2.8110220783881275
303.0,-0.6113682565877945,-0.3360001581125431,2.2976313651919256,1.7940772719049554,-1.0505561288711267,2.804491418564211
304.0,-0.6113682565877945,-0.3360001581125431,2.2976313651919256,1.7940772719049554,-1.0505561288711267,2.804491418564211
305.0,-0.611213652325298,-0.3495043837187175,2.305278428239742,1.7998834440491784,-1.0506824888986248,2.8045940572107653
306.0,-0.6110590480628015,-0.363008609324892,2.312925491287558,1.8056896161934015,-1.0508088489261231,2.8046966958573196
307.0,-0.6110590480628015,-0.363008609324892,2.312925491287558,1.8056896161934015,-1.0508088489261231,2.8046966958573196
308.0,-0.6174287890146527,-0.34830169352765195,2.3025555405260256,1.8035018227063295,-1.0456143697172378,2.8004293629301404
309.0,-0.6237985299665039,-0.33359477773041196,2.2921855897644927,1.8013140292192573,-1.0404198905083524,2.7961620300029613
310.0,-0.630168270918355,-0.3188878619331719,2.2818156390029602,1.7991262357321853,-1.035225411299467,2.791894697075782
311.0,-0.630168270918355,-0.3188878619331719,2.2818156390029602,1.7991262357321853,-1.035225411299467,2.791894697075782
312.0,-0.6149657315660504,-0.3167874038052282,2.2847460239131205,1.789209989043114,-1.0476819825397283,2.8018862698319333
313.0,-0.5997631922137457,-0.3146869456772845,2.2876764088232813,1.7792937423540425,-1.0601385537799897,2.811877842588084
314.0,-0.5845606528614411,-0.3125864875493408,2.290606793733442,1.769377495664971,-1.0725951250202512,2.821869415344235
315.0,-0.5693581135091365,-0.3104860294213971,2.2935371786436023,1.7594612489758996,-1.0850516962605126,2.8318609881003862
316.0,-0.5693581135091365,-0.3104860294213971,2.2935371786436023,1.7594612489758996,-1.0850516962605126,2.8318609881003862
317.0,-0.551978804242715,-0.3260170449451031,2.3049988259754635,1.7589658017055427,-1.0995250302780712,2.8425124272939035
318.0,-0.5345994949762936,-0.3415480604688091,2.316460473307325,1.758470354435186,-1.11399836429563,2.8531638664874213
319.0,-0.517220185709872,-0.3570790759925151,2.3279221206391862,1.7579749071648292,-1.1284716983131888,2.8638153056809386
320.0,-0.4998408764434506,-0.3726100915162211,2.3393837679710474,1.7574794598944723,-1.1429450323307475,2.874466744874456
321.0,-0.48246156717702915,-0.3881411070399271,2.350845415302909,1.7569840126241156,-1.1574183663483062,2.8851181840679736
322.0,-0.46508225791060764,-0.4036721225636331,2.36230706263477,1.7564885653537587,-1.1718917003658649,2.895769623261491
323.0,-0.46508225791060764,-0.4036721225636331,2.36230706263477,1.7564885653537587,-1.1718917003658649,2.895769623261491
324.0,-0.47122757776548374,-0.4207077681945023,2.3697989731871347,1.7674612077872947,-1.1667344214213842,2.8921351397030057
325.0,-0.4773728976203599,-0.43774341382537146,2.377290883739499,1.7784338502208306,-1.1615771424769035,2.8885006561445206
326.0,-0.4773728976203599,-0.43774341382537146,2.377290883739499,1.7784338502208306,-1.1615771424769035,2.8885006561445206
327.0,-0.465757432669751,-0.44251748296781745,2.380699828695134,1.7771373897958782,-1.1713329628872287,2.8953437929244306
328.0,-0.4541419677191421,-0.44729155211026345,2.3841087736507696,1.7758409293709259,-1.1810887832975536,2.9021869297043406
329.0,-0.4541419677191421,-0.44729155211026345,2.3841087736507696,1.7758409293709259,-1.1810887832975536,2.9021869297043406
330.0,-0.44612385002348687,-0.43550220321680055,2.3793188736727053,1.7671002067974249,-1.1878422054774411,2.906846714357287
331.0,-0.43810573232783157,-0.42371285432333766,2.3745289736946407,1.7583594842239239,-1.1945956276573286,2.9115064990102337
332.0,-0.43810573232783157,-0.42371285432333766,2.3745289736946407,1.7583594842239239,-1.1945956276573286,2.9115064990102337
333.0,-0.42428938802219585,-0.41772356385275605,2.3725111979977784,1.7515661364238666,-1.2062667940458098,2.919421085515815
334.0,-0.4104730437165602,-0.41173427338217444,2.3704934223009166,1.7447727886238094,-1.2179379604342913,2.9273356720213966
335.0,-0.4104730437165602,-0.41173427338217444,2.3704934223009166,1.7447727886238094,-1.2179379604342913,2.9273356720213966
336.0,-0.3930874586785356,-0.4153409663372274,2.372656728415387,1.7430589019188178,-1.2326948487832978,2.9370554517652443
337.0,-0.375701873640511,-0.4189476592922803,2.374820034529858,1.7413450152138266,-1.2474517371323044,2.946775231509092
338.0,-0.35831628860248643,-0.42255435224733323,2.3769833406443284,1.739631128508835,-1.262208625481311,2.95649501125294
339.0,-0.35831628860248643,-0.42255435224733323,2.3769833406443284,1.739631128508835,-1.262208625481311,2.95649501125294
340.0,-0.3447853124846868,-0.4207150603304357,2.375934599337882,1.7366744587518517,-1.2737422130793825,2.963894887435071
341.0,-0.3312543363668872,-0.41887576841353824,2.3748858580314356,1.7337177889948683,-1.2852758006774538,2.9712947636172027
342.0,-0.3312543363668872,-0.41887576841353824,2.3748858580314356,1.7337177889948683,-1.2852758006774538,2.9712947636172027
343.0,-0.32249653238900355,-0.40573140632591465,2.3678408886529216,1.7263577549010307,-1.2927622744400602,2.9760109572440747
344.0,-0.3137387284111198,-0.39258704423829105,2.360795919274408,1.7189977208071932,-1.3002487482026663,2.980727150870947
345.0,-0.30498092443323616,-0.3794426821506674,2.353750949895894,1.7116376867133556,-1.3077352219652725,2.9854433444978197
346.0,-0.2962231204553525,-0.3662983200630438,2.34670598051738,1.704277652619518,-1.3152216957278788,2.9901595381246917
347.0,-0.2962231204553525,-0.3662983200630438,2.34670598051738,1.704277652619518,-1.3152216957278788,2.9901595381246917
348.0,-0.30763080941034104,-0.36107356896602216,2.34438700552412,1.702978197744305,-1.3054647631861425,2.9840342632964245
349.0,-0.31903849836532955,-0.3558488178690006,2.34206803053086,1.701678742869092,-1.2957078306444059,2.9779089884681573
350.0,-0.31903849836532955,-0.3558488178690006,2.34206803053086,1.701678742869092,-1.2957078306444059,2.9779089884681573
351.0,-0.30996763849249775,-0.34299624014372154,2.334418469367379,1.6951876978967138,-1.30346455317274,2.9827847663110005
352.0,-0.30089677861966596,-0.33014366241844256,2.3267689082038983,1.6886966529243355,-1.3112212757010744,2.9876605441538437
353.0,-0.30089677861966596,-0.33014366241844256,2.3267689082038983,1.6886966529243355,-1.3112212757010744,2.9876605441538437
354.0,-0.2879939758508473,-0.3273044594233514,2.3242993713246465,1.6866377500284913,-1.3222747452714794,2.9945277416763587
355.0,-0.2750911730820286,-0.32446525642826024,2.321829834445395,1.684578847132647,-1.3333282148418846,3.0013949391988737
356.0,-0.2750911730820286,-0.32446525642826024,2.321829834445395,1.684578847132647,-1.3333282148418846,3.0013949391988737
357.0,-0.276917721828012,-0.3361911290575315,2.3286733331796645,1.6896902936489584,-1.3317621123023473,3.0004274276460756
358.0,-0.2787442705739954,-0.3479170016868028,2.3355168319139334,1.6948017401652697,-1.33019600976281,2.9994599160932776
359.0,-0.2787442705739954,-0.3479170016868028,2.3355168319139334,1.6948017401652697,-1.33019600976281,2.9994599160932776
360.0,-0.27281031577185966,-0.3592819406450976,2.3412749493318765,1.699676336670888,-1.3352853977642192,3.002597781342491
361.0,-0.26687636096972395,-0.37064687960339243,2.3470330667498196,1.7045509331765063,-1.3403747857656283,3.0057356465917047
362.0,-0.26687636096972395,-0.37064687960339243,2.3470330667498196,1.7045509331765063,-1.3403747857656283,3.0057356465917047
363.0,-0.25545896781272565,-0.3794159415629139,2.3506012706983257,1.70843958715341,-1.3501792355349362,3.011731695139405
364.0,-0.24404157465572737,-0.38818500352243546,2.354169474646832,1.7123282411303136,-1.3599836853042444,3.0177277436871055
365.0,-0.24404157465572737,-0.38818500352243546,2.354169474646832,1.7123282411303136,-1.3599836853042444,3.0177277436871055
366.0,-0.24605254500005397,-0.40283706332360203,2.361677221075823,1.7196945750483572,-1.3582557117546368,3.0166754248097485
367.0,-0.24806351534438056,-0.41748912312476855,2.369184967504814,1.7270609089664009,-1.356527738205029,3.0156231059323915
368.0,-0.24806351534438056,-0.41748912312476855,2.369184967504814,1.7270609089664009,-1.356527738205029,3.0156231059323915
369.0,-0.23776459546703255,-0.42858508089143565,2.37335268694914,1.7328930734506989,-1.3653820429005439,3.0209962794692835
370.0,-0.22746567558968456,-0.4396810386581027,2.377520406393466,1.738725237934997,-1.374236347596059,3.0263694530061755
371.0,-0.22746567558968456,-0.4396810386581027,2.377520406393466,1.738725237934997,-1.374236347596059,3.0263694530061755
372.0,-0.21923604084649712,-0.42861921304239403,2.371318531461439,1.733061779359682,-1.381319581329481,3.03063568203934
373.0,-0.21100640610330967,-0.4175573874266854,2.3651166565294113,1.7273983207843673,-1.3884028150629026,3.0349019110725046
374.0,-0.21100640610330967,-0.4175573874266854,2.3651166565294113,1.7273983207843673,-1.3884028150629026,3.0349019110725046
375.0,-0.20812390094079702,-0.40232779055696477,2.35712498287356,1.7198939229508678,-1.3908853295553443,3.0363908492449614
376.0,-0.20524139577828437,-0.3870981936872441,2.3491333092177085,1.7123895251173684,-1.3933678440477861,3.0378797874174186
377.0,-0.20524139577828437,-0.3870981936872441,2.3491333092177085,1.7123895251173684,-1.3933678440477861,3.0378797874174186
378.0,-0.20195706499583696,-0.37415317169143386,2.3418160100943632,1.7064676840796393,-1.3961973679251205,3.039573048239356
379.0,-0.19867273421338955,-0.36120814969562365,2.3344987109710185,1.7005458430419103,-1.3990268918024549,3.0412663090612932
380.0,-0.19867273421338955,-0.36120814969562365,2.3344987109710185,1.7005458430419103,-1.3990268918024549,3.0412663090612932
381.0,-0.18506401307870568,-0.36827255616016397,2.336288488595451,1.7047077745016324,-1.4107609977592857,3.0482483095218686
382.0,-0.17145529194402181,-0.3753369626247043,2.338078266219883,1.7088697059613545,-1.4224951037161166,3.0552303099824436
383.0,-0.17145529194402181,-0.3753369626247043,2.338078266219883,1.7088697059613545,-1.4224951037161166,3.0552303099824436
384.0,-0.17258538867865159,-0.38714334226767566,2.344369876695188,1.7144704263588586,-1.4215201128831545,3.0546524807180537
385.0,-0.17371548541328133,-0.3989497219106471,2.3506614871704934,1.7200711467563627,-1.4205451220501923,3.054074651453664
386.0,-0.17371548541328133,-0.3989497219106471,2.3506614871704934,1.7200711467563627,-1.4205451220501923,3.054074651453664
387.0,-0.16840991701764618,-0.4157269448430352,2.357990124550256,1.7291263620879544,-1.4251233600561841,3.0567845561900215
388.0,-0.16310434862201104,-0.4325041677754233,2.3653187619300184,1.7381815774195462,-1.4297015980621757,3.0594944609263797
389.0,-0.16310434862201104,-0.4325041677754233,2.3653187619300184,1.7381815774195462,-1.4297015980621757,3.0594944609263797
390.0,-0.1514167004531255,-0.4440933000436097,2.3686178877717525,1.7456948885232022,-1.4397940075441125,3.06543994857794
391.0,-0.13972905228423999,-0.45568243231179617,2.371917013613487,1.7532081996268583,-1.449886417026049,3.0713854362295008
392.0,-0.13972905228423999,-0.45568243231179617,2.371917013613487,1.7532081996268583,-1.449886417026049,3.0713854362295008
393.0,-0.13210043584428324,-0.46615094371329907,2.3750640973413377,1.7600887783300359,-1.4564784434391311,3.075250088717988
394.0,-0.12447181940432651,-0.47661945511480197,2.378211181069188,1.7669693570332135,-1.4630704698522132,3.079114741206475
395.0,-0.12447181940432651,-0.47661945511480197,2.378211181069188,1.7669693570332135,-1.4630704698522132,3.079114741206475
396.0,-0.1369525079209907,-0.483025822783979,2.3831690458558885,1.7691662095582006,-1.4522875207075958,3.0727856694455755
397.0,-0.1494331964376549,-0.48943219045315606,2.3881269106425886,1.7713630620831877,-1.4415045715629782,3.066456597684676
398.0,-0.1494331964376549,-0.48943219045315606,2.3881269106425886,1.7713630620831877,-1.4415045715629782,3.066456597684676
399.0,-0.15434307861817984,-0.5021211884471067,2.3940267967276068,1.7784849149815611,-1.4372653007703402,3.0639573417826362
400.0,-0.15925296079870477,-0.5148101864410574,2.3999266828126253,1.7856067678799346,-1.4330260299777022,3.0614580858805964
401.0,-0.15925296079870477,-0.5148101864410574,2.3999266828126253,1.7856067678799346,-1.4330260299777022,3.0614580858805964
402.0,-0.16942550242706503,-0.5221635011247772,2.4043043678772573,1.7893413536235154,-1.424248441259452,3.056260852853386
403.0,-0.1795980440554253,-0.5295168158084971,2.408682052941889,1.7930759393670963,-1.415470852541202,3.0510636198261762
404.0,-0.1795980440554253,-0.5295168158084971,2.408682052941889,1.7930759393670963,-1.415470852541202,3.0510636198261762
405.0,-0.16835006063415048,-0.5372184349579829,2.4097476003434157,1.7988783106901514,-1.4251768530365285,3.0568087702330122
406.0,-0.1571020772128757,-0.5449200541074688,2.4108131477449426,1.8046806820132064,-1.4348828535318547,3.062553920639848
407.0,-0.1571020772128757,-0.5449200541074688,2.4108131477449426,1.8046806820132064,-1.4348828535318547,3.062553920639848
408.0,-0.16720304939337227,-0.5542793235725418,2.415668407205501,1.8099280968886593,-1.4261661787329465,3.0573961567263837
409.0,-0.17730402157386888,-0.5636385930376149,2.4205236666660594,1.8151755117641122,-1.417449503934038,3.0522383928129195
410.0,-0.17730402157386888,-0.5636385930376149,2.4205236666660594,1.8151755117641122,-1.417449503934038,3.0522383928129195
411.0,-0.18408480825824775,-0.5766665306001721,2.4257795825029467,1.8234988589708216,-1.411602466235901,3.0487605612027213
412.0,-0.19086559494262664,-0.5896944681627294,2.4310354983398343,1.831822206177531,-1.405755428537764,3.045282729592523
413.0,-0.19086559494262664,-0.5896944681627294,2.4310354983398343,1.831822206177531,-1.405755428537764,3.045282729592523
414.0,-0.1906820544094438,-0.6064888955140724,2.436091302791196,1.8435452800381615,-1.4059136326867412,3.045377049230662
415.0,-0.19049851387626096,-0.6232833228654153,2.441147107242558,1.855268353898792,-1.4060718368357181,3.045471368868801
416.0,-0.19049851387626096,-0.6232833228654153,2.441147107242558,1.855268353898792,-1.4060718368357181,3.045471368868801
417.0,-0.20535835637413155,-0.6194998953143007,2.441905153897662,1.8520814757187718,-1.3932722109421545,3.037801808129357
418.0,-0.22021819887200214,-0.6157164677631861,2.4426632005527664,1.8488945975387516,-1.3804725850485908,3.030132247389913
419.0,-0.22021819887200214,-0.6157164677631861,2.4426632005527664,1.8488945975387516,-1.3804725850485908,3.030132247389913
420.0,-0.2155773153009483,-0.6323154553567716,2.4467619827441327,1.8609495830152214,-1.3844678149295016,3.0325351772100473
421.0,-0.21093643172989449,-0.648914442950357,2.450860764935499,1.8730045684916912,-1.3884630448104123,3.0349381070301815
422.0,-0.21093643172989449,-0.648914442950357,2.450860764935499,1.8730045684916912,-1.3884630448104123,3.0349381070301815
423.0,-0.22679453028166707,-0.6458433985108225,2.451748940499547,1.8706505437784087,-1.3748202226817123,3.0266959628578842
424.0,-0.2426526288334397,-0.6427723540712881,2.4526371160635954,1.8682965190651262,-1.3611774005530124,3.0184538186855874
425.0,-0.2426526288334397,-0.6427723540712881,2.4526371160635954,1.8682965190651262,-1.3611774005530124,3.0184538186855874
426.0,-0.25211348824172997,-0.6516136073520331,2.455791028322989,1.8750558649314295,-1.3530512171482196,3.013491691204954
427.0,-0.2615743476500203,-0.660454860632778,2.458944940582382,1.8818152107977328,-1.3449250337434266,3.0085295637243203
428.0,-0.2615743476500203,-0.660454860632778,2.458944940582382,1.8818152107977328,-1.3449250337434266,3.0085295637243203
429.0,-0.26395387500127915,-0.6465442095285636,2.4553383431483433,1.8717957787810742,-1.3428830273196353,3.0072752013482082
430.0,-0.266333402352538,-0.6326335584243491,2.451731745714305,1.8617763467644155,-1.3408410208958437,3.006020838972096
431.0,-0.26871292970379684,-0.6187229073201347,2.4481251482802664,1.8517569147477568,-1.3387990144720523,3.004766476595984
432.0,-0.26871292970379684,-0.6187229073201347,2.4481251482802664,1.8517569147477568,-1.3387990144720523,3.004766476595984
433.0,-0.28176862740505304,-0.6280390133760994,2.4515965657588414,1.859270529580517,-1.3276091626580078,2.9978364552028385
434.0,-0.29482432510630924,-0.6373551194320641,2.4550679832374165,1.8667841444132771,-1.316419310843963,2.9909064338096925
435.0,-0.29482432510630924,-0.6373551194320641,2.4550679832374165,1.8667841444132771,-1.316419310843963,2.9909064338096925
436.0,-0.30623716797683653,-0.6276046627005286,2.4528235952400586,1.8608769680560797,-1.3066567942437692,2.984782364845894
437.0,-0.31765001084736383,-0.6178542059689931,2.450579207242701,1.8549697916988823,-1.2968942776435757,2.978658295882096
438.0,-0.31765001084736383,-0.6178542059689931,2.450579207242701,1.8549697916988823,-1.2968942776435757,2.978658295882096
439.0,-0.3205613088947099,-0.6336532062285924,2.4550506745108134,1.866726579927288,-1.2944070787101662,2.977085511327076
440.0,-0.323472606942056,-0.6494522064881917,2.4595221417789253,1.8784833681556938,-1.2919198797767568,2.975512726772056
441.0,-0.323472606942056,-0.6494522064881917,2.4595221417789253,1.8784833681556938,-1.2919198797767568,2.975512726772056
442.0,-0.3360507497325236,-0.6399802878685302,2.4571932957272136,1.8732959468870425,-1.281189390582643,2.9686648824824156
443.0,-0.3486288925229911,-0.6305083692488688,2.4548644496755023,1.8681085256183911,-1.2704589013885295,2.9618170381927755
444.0,-0.3486288925229911,-0.6305083692488688,2.4548644496755023,1.8681085256183911,-1.2704589013885295,2.9618170381927755
445.0,-0.3486288785934448,-0.6305083632469177,2.454864501953125,1.8681085109710693,-1.2704589366912842,2.9618170261383057
446.0,-0.3638804256916046,-0.6417532563209534,2.425063133239746,1.8644254207611084,-1.2546789646148682,2.9256534576416016
447.0,-0.3954716920852661,-0.6650435328483582,2.3633317947387695,1.8567959070205688,-1.2219940423965454,2.8507471084594727
448.0,-0.44238632917404175,-0.6996278166770935,2.2716572284698486,1.8454642295837402,-1.1734563112258911,2.7395098209381104
449.0,-0.5033731460571289,-0.7445825338363647,2.152487277984619,1.8307327032089233,-1.110361099243164,2.59491229057312
450.0,-0.5771570205688477,-0.7989669442176819,2.008314609527588,1.8129111528396606,-1.0340285301208496,2.4199814796447754
451.0,-0.6624596118927002,-0.8618395328521729,1.8416376113891602,1.7923115491867065,-0.9457798004150391,2.217750072479248
452.0,-0.758002519607544,-0.9322593808174133,1.6549553871154785,1.7692453861236572,-0.8469375967979431,1.991249680519104
453.0,-0.862506628036499,-1.0092856884002686,1.4507672786712646,1.7440224885940552,-0.7388256192207336,1.7435128688812256
454.0,-0.9746933579444885,-1.0919770002365112,1.2315737009048462,1.7169532775878906,-0.6227684617042542,1.4775729179382324
455.0,-1.0932841300964355,-1.179390788078308,0.9998757243156433,1.6883471012115479,-0.5000908374786377,1.1964638233184814
456.0,-1.2169991731643677,-1.2705835103988647,0.7581737637519836,1.6585131883621216,-0.3721180260181427,0.9032202363014221
457.0,-1.344559907913208,-1.3646124601364136,0.5089679956436157,1.627759575843811,-0.24017344415187836,0.6008750200271606
458.0,-1.4746869802474976,-1.4605337381362915,0.25475943088531494,1.596394658088684,-0.10558054596185684,0.2924596071243286
459.0,-1.606100082397461,-1.5574040412902832,-0.0019510709680616856,1.564726710319519,0.030337365344166756,-0.018992627039551735
460.0,-1.737518548965454,-1.6542805433273315,-0.2586633861064911,1.5330637693405151,0.16625656187534332,-0.3304484784603119
461.0,-1.8676609992980957,-1.7502191066741943,-0.512876570224762,1.5017144680023193,0.30085328221321106,-0.6388744711875916
462.0,-1.9952472448349,-1.8442761898040771,-0.7620900273323059,1.4709856510162354,0.4328036904335022,-0.9412378668785095
463.0,-2.1189980506896973,-1.935508131980896,-1.0038034915924072,1.4411838054656982,0.5607842206954956,-1.234505295753479
464.0,-2.237635612487793,-2.0229711532592773,-1.2355166673660278,1.4126169681549072,0.6834707856178284,-1.5156431198120117
465.0,-2.3498802185058594,-2.1057214736938477,-1.4547290802001953,1.3855931758880615,0.7995399236679077,-1.7816157341003418
466.0,-2.4544501304626465,-2.18281626701355,-1.6589430570602417,1.360421895980835,0.9076683521270752,-2.029388427734375
467.0,-2.550060987472534,-2.253310203552246,-1.8456594944000244,1.3374124765396118,1.0065324306488037,-2.2559268474578857
468.0,-2.6354317665100098,-2.3162589073181152,-2.0123770236968994,1.3168727159500122,1.0948079824447632,-2.4581971168518066
469.0,-2.7092816829681396,-2.370715618133545,-2.1565966606140137,1.2991092205047607,1.1711705923080444,-2.633165121078491
470.0,-2.770329713821411,-2.4157357215881348,-2.275817394256592,1.2844284772872925,1.2342954874038696,-2.777797222137451
471.0,-2.817295789718628,-2.4503729343414307,-2.367539405822754,1.2731372117996216,1.2828587293624878,-2.8890650272369385
472.0,-2.8489248752593994,-2.4736998081207275,-2.4293105602264404,1.2655352354049683,1.3155618906021118,-2.963995933532715
473.0,-2.8641958236694336,-2.484962224960327,-2.4591355323791504,1.2618663311004639,1.3313510417938232,-3.000173807144165
474.0,-2.8641958236694336,-2.484962224960327,-2.4591355323791504,1.2618663311004639,1.3313510417938232,-3.000173807144165
475.0,-2.8641958236694336,-2.484962224960327,-2.4591355323791504,1.2618663311004639,1.3313510417938232,-3.000173807144165
476.0,-2.874141542713693,-2.4967947370543095,-2.455208599418423,1.2709727397429698,1.3398846861294342,-3.0054219006941114
477.0,-2.8840873387089165,-2.5086271532469877,-2.4512815241990156,1.280079201492838,1.3484182354892909,-3.0106698260786
478.0,-2.8840873387089165,-2.5086271532469877,-2.4512815241990156,1.280079201492838,1.3484182354892909,-3.0106698260786
479.0,-2.897742615810783,-2.5098728070882865,-2.4496388860768548,1.2811752001518,1.3601535025708733,-3.017809974073825
480.0,-2.9113978929126487,-2.5111184609295853,-2.447996247954694,1.282271198810762,1.371888769652456,-3.0249501220690505
481.0,-2.9113978929126487,-2.5111184609295853,-2.447996247954694,1.282271198810762,1.371888769652456,-3.0249501220690505
482.0,-2.910319138464727,-2.5262478722060173,-2.4436630571597284,1.2929559562565511,1.3709609502613092,-3.0243886183117668
483.0,-2.9092403840168055,-2.541377283482449,-2.439329866364763,1.3036407137023402,1.3700331308701623,-3.023827114554483
484.0,-2.9092403840168055,-2.541377283482449,-2.439329866364763,1.3036407137023402,1.3700331308701623,-3.023827114554483
485.0,-2.8963370959018455,-2.5556713568906884,-2.435981900011331,1.3131673029806883,1.35894513975753,-3.0170767005502306
486.0,-2.883433807786886,-2.569965430298928,-2.4326339336578995,1.3226938922590363,1.3478571486448978,-3.0103262865459786
487.0,-2.883433807786886,-2.569965430298928,-2.4326339336578995,1.3226938922590363,1.3478571486448978,-3.0103262865459786
488.0,-2.8765271403379318,-2.554672452884142,-2.43804478388902,1.3119857511499713,1.3419301572695597,-3.006685507305104
489.0,-2.8696204728889776,-2.5393794754693557,-2.4434556341201406,1.3012776100409063,1.3360031658942217,-3.00304472806423
490.0,-2.8696204728889776,-2.5393794754693557,-2.4434556341201406,1.3012776100409063,1.3360031658942217,-3.00304472806423
491.0,-2.8607547850215305,-2.5530377823887456,-2.439714735355743,1.3100659072689675,1.3284039216375865,-2.998340772834908
492.0,-2.851889097154084,-2.5666960893081354,-2.435973836591345,1.3188542044970288,1.320804677380951,-2.9936368176055854
493.0,-2.851889097154084,-2.5666960893081354,-2.435973836591345,1.3188542044970288,1.320804677380951,-2.9936368176055854
494.0,-2.842310569155783,-2.5573796444297026,-2.439442944091232,1.3116986466874694,1.3126064581508086,-2.988513402761559
495.0,-2.832732041157482,-2.5480631995512697,-2.442912051591119,1.30454308887791,1.3044082389206662,-2.9833899879175325
496.0,-2.832732041157482,-2.5480631995512697,-2.442912051591119,1.30454308887791,1.3044082389206662,-2.9833899879175325
497.0,-2.817340912029549,-2.55344448626108,-2.4416648610275935,1.3063785580754448,1.2912636388435943,-2.9750597047177436
498.0,-2.801949782901616,-2.558825772970891,-2.4404176704640683,1.3082140272729796,1.2781190387665227,-2.966729421517955
499.0,-2.801949782901616,-2.558825772970891,-2.4404176704640683,1.3082140272729796,1.2781190387665227,-2.966729421517955
500.0,-2.8123721540744615,-2.5709158775648384,-2.4361353095844156,1.3176050755111979,1.2870161375823566,-2.972384071237806
501.0,-2.822794525247307,-2.583005982158786,-2.431852948704763,1.3269961237494161,1.2959132363981907,-2.978038720957656
502.0,-2.822794525247307,-2.583005982158786,-2.431852948704763,1.3269961237494161,1.2959132363981907,-2.978038720957656
503.0,-2.8217300091780153,-2.5997751231531243,-2.4258723734842356,1.3376281419744551,1.2950037278076776,-2.9774638332801566
504.0,-2.8206654931087236,-2.6165442641474628,-2.4198917982637087,1.3482601601994941,1.2940942192171645,-2.9768889456026573
505.0,-2.8206654931087236,-2.6165442641474628,-2.4198917982637087,1.3482601601994941,1.2940942192171645,-2.9768889456026573
506.0,-2.80463198042031,-2.6198172884842346,-2.418960940027314,1.3481015394499625,1.2804172237299585,-2.9681555907280304
507.0,-2.7885984677318962,-2.6230903128210064,-2.4180300817909193,1.3479429187004308,1.2667402282427525,-2.959422235853403
508.0,-2.7885984677318962,-2.6230903128210064,-2.4180300817909193,1.3479429187004308,1.2667402282427525,-2.959422235853403
509.0,-2.7904021458695567,-2.6086288033959084,-2.4233247163549114,1.3390708974232133,1.268276691226982,-2.9604119205248876
510.0,-2.792205824007217,-2.5941672939708105,-2.4286193509189036,1.3301988761459957,1.2698131542112119,-2.961401605196372
511.0,-2.792205824007217,-2.5941672939708105,-2.4286193509189036,1.3301988761459957,1.2698131542112119,-2.961401605196372
512.0,-2.7820082068208642,-2.5866136660323473,-2.4312260328201747,1.3235389282415164,1.2611338062532547,-2.955780627877025
513.0,-2.7718105896345113,-2.579060038093884,-2.433832714721446,1.316878980337037,1.2524544582952974,-2.950159650557678
514.0,-2.7718105896345113,-2.579060038093884,-2.433832714721446,1.316878980337037,1.2524544582952974,-2.950159650557678
515.0,-2.7593076729146118,-2.567345521671184,-2.4374180136417944,1.3064945732034825,1.2418391012628354,-2.9431793516668354
516.0,-2.7468047561947126,-2.5556310052484834,-2.4410033125621426,1.296110166069928,1.2312237442303733,-2.9361990527759927
517.0,-2.7468047561947126,-2.5556310052484834,-2.4410033125621426,1.296110166069928,1.2312237442303733,-2.9361990527759927
518.0,-2.742997223808416,-2.5698363671167535,-2.4361579487054668,1.3047487480558846,1.227997085872479,-2.9340527923567503
519.0,-2.739189691422119,-2.584041728985024,-2.4313125848487913,1.3133873300418413,1.2247704275145845,-2.9319065319375075
520.0,-2.739189691422119,-2.584041728985024,-2.4313125848487913,1.3133873300418413,1.2247704275145845,-2.9319065319375075
521.0,-2.7339803065952024,-2.597443961886964,-2.426296232192126,1.3207595061561859,1.2203605810966434,-2.9289538062293463
522.0,-2.728770921768286,-2.6108461947889046,-2.421279879535461,1.3281316822705305,1.2159507346787022,-2.9260010805211856
523.0,-2.728770921768286,-2.6108461947889046,-2.421279879535461,1.3281316822705305,1.2159507346787022,-2.9260010805211856
524.0,-2.741061626782356,-2.6169431167418202,-2.4194702235264365,1.3347613254863837,1.2263638864814794,-2.9329376429872323
525.0,-2.753352331796426,-2.623040038694736,-2.417660567517412,1.341390968702237,1.236777038284257,-2.9398742054532794
526.0,-2.753352331796426,-2.623040038694736,-2.417660567517412,1.341390968702237,1.236777038284257,-2.9398742054532794
527.0,-2.760775042083859,-2.63376148144516,-2.4136206984698756,1.3494052952026256,1.2430802207733636,-2.9440146094079798
528.0,-2.7681977523712913,-2.644482924195584,-2.409580829422339,1.3574196217030143,1.24938340326247,-2.94815501336268
529.0,-2.7681977523712913,-2.644482924195584,-2.409580829422339,1.3574196217030143,1.24938340326247,-2.94815501336268
530.0,-2.7513159342452314,-2.6425435282521574,-2.409861091828195,1.352640208258262,1.2350633743760375,-2.938685382028845
531.0,-2.734434116119171,-2.6406041323087304,-2.4101413542340517,1.3478607948135097,1.2207433454896053,-2.92921575069501
532.0,-2.734434116119171,-2.6406041323087304,-2.4101413542340517,1.3478607948135097,1.2207433454896053,-2.92921575069501
533.0,-2.722667560850833,-2.6480135048691684,-2.4064717721287456,1.349234160082162,1.2107968452423554,-2.92249859665377
534.0,-2.710901005582495,-2.6554228774296065,-2.40280219002344,1.3506075253508143,1.2008503449951056,-2.91578144261253
535.0,-2.710901005582495,-2.6554228774296065,-2.40280219002344,1.3506075253508143,1.2008503449951056,-2.91578144261253
536.0,-2.7086993773266523,-2.6405932059944144,-2.408549810920195,1.3410647417288353,1.1989926270535398,-2.9145132440142802
537.0,-2.7064977490708095,-2.625763534559222,-2.4142974318169492,1.3315219581068563,1.1971349091119738,-2.9132450454160304
538.0,-2.7064977490708095,-2.625763534559222,-2.4142974318169492,1.3315219581068563,1.1971349091119738,-2.9132450454160304
539.0,-2.70571532408377,-2.6108799079262432,-2.4197416659091164,1.3219174469078252,1.1964749678435551,-2.9127934586577475
540.0,-2.7049328990967303,-2.5959962812932647,-2.425185900001283,1.3123129357087941,1.1958150265751364,-2.9123418718994647
541.0,-2.7049328990967303,-2.5959962812932647,-2.425185900001283,1.3123129357087941,1.1958150265751364,-2.9123418718994647
542.0,-2.711726464288199,-2.579259435208759,-2.4313324334103728,1.303132224853998,1.2015496697256185,-2.916247446320905
543.0,-2.718520029479668,-2.562522589124254,-2.437478966819462,1.293951513999202,1.2072843128761004,-2.9201530207423447
544.0,-2.718520029479668,-2.562522589124254,-2.437478966819462,1.293951513999202,1.2072843128761004,-2.9201530207423447
545.0,-2.703220726173311,-2.5594558664176934,-2.43707856715926,1.287090244697604,1.1944126379667448,-2.9112130559888665
546.0,-2.687921422866954,-2.556389143711133,-2.436678167499058,1.280228975396006,1.1815409630573892,-2.9022730912353882
547.0,-2.6726221195605975,-2.553322421004572,-2.436277767838856,1.2733677060944082,1.1686692881480336,-2.89333312648191
548.0,-2.657322816254241,-2.550255698298012,-2.4358773681786543,1.2665064367928103,1.155797613238678,-2.8843931617284317
549.0,-2.657322816254241,-2.550255698298012,-2.4358773681786543,1.2665064367928103,1.155797613238678,-2.8843931617284317
550.0,-2.658336469443012,-2.5342575340838773,-2.44081424140262,1.2556885077164808,1.1566467216565577,-2.8849979201999982
551.0,-2.6593501226317833,-2.518259369869743,-2.4457511146265856,1.2448705786401513,1.1574958300744373,-2.8856026786715643
552.0,-2.6593501226317833,-2.518259369869743,-2.4457511146265856,1.2448705786401513,1.1574958300744373,-2.8856026786715643
553.0,-2.664118863656159,-2.503032365952857,-2.4504642337283187,1.2354841912805277,1.1614940464213719,-2.8884357761802546
554.0,-2.6688876046805343,-2.4878053620359712,-2.455177352830052,1.226097803920904,1.1654922627683064,-2.8912688736889445
555.0,-2.6688876046805343,-2.4878053620359712,-2.455177352830052,1.226097803920904,1.1654922627683064,-2.8912688736889445
556.0,-2.655533442485851,-2.4967204656789623,-2.451010244894392,1.2275579457850947,1.1543230597904166,-2.88324409195625
557.0,-2.642179280291168,-2.505635569321953,-2.4468431369587327,1.2290180876492856,1.1431538568125268,-2.875219310223556
558.0,-2.628825118096485,-2.514550672964944,-2.442676029023073,1.2304782295134762,1.131984653834637,-2.8671945284908618
559.0,-2.628825118096485,-2.514550672964944,-2.442676029023073,1.2304782295134762,1.131984653834637,-2.8671945284908618
560.0,-2.627951865901233,-2.53087189537181,-2.437665399876167,1.2415619481620428,1.131256797427434,-2.866661361910512
561.0,-2.6270786137059807,-2.5471931177786753,-2.4326547707292607,1.2526456668106094,1.1305289410202308,-2.8661281953301616
562.0,-2.6270786137059807,-2.5471931177786753,-2.4326547707292607,1.2526456668106094,1.1305289410202308,-2.8661281953301616
563.0,-2.6154668990853995,-2.540766198484293,-2.4326779539003383,1.243127653766155,1.1208718776415973,-2.8589676836703592
564.0,-2.6038551844648183,-2.534339279189911,-2.4327011370714153,1.2336096407217008,1.1112148142629639,-2.8518071720105573
565.0,-2.6038551844648183,-2.534339279189911,-2.4327011370714153,1.2336096407217008,1.1112148142629639,-2.8518071720105573
566.0,-2.594275876576363,-2.5229393658712844,-2.434192125277443,1.2209917795929914,1.1032791882196267,-2.8457965272256995
567.0,-2.5846965686879075,-2.5115394525526584,-2.435683113483471,1.208373918464282,1.0953435621762895,-2.8397858824408413
568.0,-2.5846965686879075,-2.5115394525526584,-2.435683113483471,1.208373918464282,1.0953435621762895,-2.8397858824408413
569.0,-2.579175504217887,-2.4976987067879843,-2.4382815347104625,1.19551129911245,1.0907832740186323,-2.8362770752671036
570.0,-2.5736544397478673,-2.48385796102331,-2.4408799559374543,1.1826486797606177,1.086222985860975,-2.832768268093366
571.0,-2.5736544397478673,-2.48385796102331,-2.4408799559374543,1.1826486797606177,1.086222985860975,-2.832768268093366
572.0,-2.560514483671435,-2.4856137122023956,-2.43734416402224,1.1768329313623476,1.0754115976990064,-2.8242794397971314
573.0,-2.547374527595003,-2.487369463381482,-2.433808372107026,1.1710171829640774,1.0646002095370377,-2.815790611500897
574.0,-2.547374527595003,-2.487369463381482,-2.433808372107026,1.1710171829640774,1.0646002095370377,-2.815790611500897
575.0,-2.5560407553584925,-2.5041558409665416,-2.4310593855663445,1.1877171018247024,1.071730484917958,-2.8213899445120663
576.0,-2.5647069831219818,-2.520942218551601,-2.4283103990256625,1.2044170206853273,1.0788607602988785,-2.8269892775232353
577.0,-2.5733732108854714,-2.537728596136661,-2.425561412484981,1.2211169395459522,1.0859910356797988,-2.8325886105344047
578.0,-2.5733732108854714,-2.537728596136661,-2.425561412484981,1.2211169395459522,1.0859910356797988,-2.8325886105344047
579.0,-2.577537932898189,-2.551601347960882,-2.4220332305196237,1.232688699962227,1.089429858294133,-2.835239162325758
580.0,-2.5817026549109063,-2.5654740997851033,-2.4185050485542665,1.244260460378502,1.0928686809084673,-2.8378897141171104
581.0,-2.5817026549109063,-2.5654740997851033,-2.4185050485542665,1.244260460378502,1.0928686809084673,-2.8378897141171104
582.0,-2.587121701464873,-2.5773733999068824,-2.4155427727029575,1.2547571926639562,1.0973517124738177,-2.841310421404815
583.0,-2.59254074801884,-2.589272700028661,-2.4125804968516484,1.2652539249494106,1.101834744039168,-2.84473112869252
584.0,-2.59254074801884,-2.589272700028661,-2.4125804968516484,1.2652539249494106,1.101834744039168,-2.84473112869252
585.0,-2.592797033240626,-2.6028577105994417,-2.407671253477895,1.2740024285248432,1.1020469957646253,-2.844892131498425
586.0,-2.593053318462412,-2.6164427211702224,-2.402762010104141,1.282750932100276,1.1022592474900825,-2.8450531343043295
587.0,-2.593053318462412,-2.6164427211702224,-2.402762010104141,1.282750932100276,1.1022592474900825,-2.8450531343043295
588.0,-2.5868436487306425,-2.6272516029152317,-2.3972835701525366,1.2862928739891017,1.0971224383664637,-2.8411324178257313
589.0,-2.5806339789988733,-2.6380604846602416,-2.3918051302009316,1.2898348158779276,1.0919856292428451,-2.8372117013471336
590.0,-2.5806339789988733,-2.6380604846602416,-2.3918051302009316,1.2898348158779276,1.0919856292428451,-2.8372117013471336
591.0,-2.573742829253651,-2.626722141521584,-2.3946763516377656,1.2793181956554853,1.0862999752529001,-2.8328114886580034
592.0,-2.5668516795084284,-2.6153837983829265,-2.397547573074599,1.268801575433043,1.0806143212629549,-2.8284112759688727
593.0,-2.5668516795084284,-2.6153837983829265,-2.397547573074599,1.268801575433043,1.0806143212629549,-2.8284112759688727
594.0,-2.5648273102563106,-2.6016474793909867,-2.402091144820896,1.2589936042205763,1.078947147730116,-2.827108546132579
595.0,-2.5628029410041933,-2.587911160399047,-2.4066347165671926,1.2491856330081095,1.077279974197277,-2.825805816296285
596.0,-2.5628029410041933,-2.587911160399047,-2.4066347165671926,1.2491856330081095,1.077279974197277,-2.825805816296285
597.0,-2.5551258034737785,-2.5767226475174367,-2.408586241303735,1.237560187965853,1.070970506170318,-2.820822443941294
598.0,-2.547448665943364,-2.5655341346358265,-2.4105377660402776,1.2259347429235967,1.0646610381433592,-2.8158390715863026
599.0,-2.547448665943364,-2.5655341346358265,-2.4105377660402776,1.2259347429235967,1.0646610381433592,-2.8158390715863026
600.0,-2.5471886681256812,-2.5803968761373666,-2.405119291716133,1.2352965204944668,1.0644477393961511,-2.815669050856232
601.0,-2.5469286703079983,-2.5952596176389067,-2.399700817391988,1.244658298065337,1.064234440648943,-2.815499030126161
602.0,-2.5466686724903154,-2.610122359140447,-2.3942823430678435,1.254020075636207,1.0640211419017347,-2.8153290093960908
603.0,-2.5464086746726324,-2.6249851006419873,-2.388863868743699,1.263381853207077,1.0638078431545266,-2.81515898866602
604.0,-2.5464086746726324,-2.6249851006419873,-2.388863868743699,1.263381853207077,1.0638078431545266,-2.81515898866602
605.0,-2.5620293233286193,-2.638939819896616,-2.3867520389712906,1.2799163873301165,1.0766849709793624,-2.825169194283915
606.0,-2.577649971984606,-2.6528945391512444,-2.3846402091988823,1.296450921453156,1.089562098804198,-2.8351793999018096
607.0,-2.593270620640593,-2.666849258405873,-2.382528379426474,1.3129854555761955,1.102439226629034,-2.8451896055197046
608.0,-2.593270620640593,-2.666849258405873,-2.382528379426474,1.3129854555761955,1.102439226629034,-2.8451896055197046
609.0,-2.599658518553828,-2.6540130769856063,-2.3890647210294067,1.3084680068689727,1.107736474902958,-2.8491797716604585
610.0,-2.6060464164670627,-2.64117689556534,-2.3956010626323394,1.3039505581617499,1.113033723176882,-2.853169937801213
611.0,-2.6060464164670627,-2.64117689556534,-2.3956010626323394,1.3039505581617499,1.113033723176882,-2.853169937801213
612.0,-2.616666725996818,-2.629808371540393,-2.4018374376796885,1.3016581260351792,1.1218681804644204,-2.8597127312082122
613.0,-2.6272870355265736,-2.6184398475154462,-2.408073812727037,1.2993656939086085,1.130702637751959,-2.866255524615212
614.0,-2.6272870355265736,-2.6184398475154462,-2.408073812727037,1.2993656939086085,1.130702637751959,-2.866255524615212
615.0,-2.6255372805876487,-2.6041294157190675,-2.413021588124299,1.2895456317453815,1.129244824525764,-2.865185177152256
616.0,-2.6237875256487233,-2.589818983922689,-2.4179693635215607,1.2797255695821546,1.1277870112995694,-2.8641148296892998
617.0,-2.6237875256487233,-2.589818983922689,-2.4179693635215607,1.2797255695821546,1.1277870112995694,-2.8641148296892998
618.0,-2.615745695500161,-2.579901646100378,-2.420009592145749,1.2696932494774187,1.1210985232246742,-2.8591569710438027
619.0,-2.6077038653515987,-2.569984308278068,-2.4220498207699377,1.2596609293726828,1.1144100351497792,-2.8541991123983057
620.0,-2.6077038653515987,-2.569984308278068,-2.4220498207699377,1.2596609293726828,1.1144100351497792,-2.8541991123983057
621.0,-2.607011461630323,-2.554959901121215,-2.426447450867195,1.2488439793971038,1.1138351727661744,-2.8537688543351596
622.0,-2.6063190579090465,-2.539935493964363,-2.430845080964453,1.2380270294215248,1.1132603103825696,-2.853338596272013
623.0,-2.6056266541877706,-2.5249110868075104,-2.4352427110617105,1.2272100794459455,1.112685447998965,-2.852908338208867
624.0,-2.6049342504664943,-2.5098866796506583,-2.4396403411589684,1.2163931294703665,1.1121105856153601,-2.8524780801457204
625.0,-2.6042418467452184,-2.4948622724938057,-2.444037971256226,1.2055761794947875,1.1115357232317553,-2.8520478220825742
626.0,-2.6042418467452184,-2.4948622724938057,-2.444037971256226,1.2055761794947875,1.1115357232317553,-2.8520478220825742
627.0,-2.6127890214694722,-2.5113469770069985,-2.439731715947395,1.2198944895014374,1.1186766488924584,-2.857209924199849
628.0,-2.6213361961937265,-2.5278316815201918,-2.435425460638564,1.2342127995080874,1.1258175745531618,-2.862372026317124
629.0,-2.6298833709179803,-2.5443163860333846,-2.431119205329733,1.2485311095147373,1.132958500213865,-2.867534128434399
630.0,-2.638430545642234,-2.560801090546578,-2.4268129500209024,1.2628494195213873,1.140099425874568,-2.872696230551674
631.0,-2.6469777203664884,-2.5772857950597707,-2.4225066947120713,1.2771677295280373,1.1472403515352714,-2.8778583326689495
632.0,-2.655524895090742,-2.593770499572964,-2.4182004394032406,1.2914860395346872,1.1543812771959745,-2.8830204347862245
633.0,-2.664072069814996,-2.610255204086157,-2.4138941840944095,1.3058043495413372,1.1615222028566776,-2.8881825369034995
634.0,-2.6726192445392503,-2.62673990859935,-2.409587928785579,1.3201226595479871,1.168663128517381,-2.8933446390207744
635.0,-2.681166419263504,-2.643224613112543,-2.4052816734767477,1.334440969554637,1.175804054178084,-2.8985067411380494
636.0,-2.681166419263504,-2.643224613112543,-2.4052816734767477,1.334440969554637,1.175804054178084,-2.8985067411380494
637.0,-2.67529949569907,-2.6577978917618688,-2.39860881457384,1.3409951982384796,1.1708767760842038,-2.895049112996907
638.0,-2.6694325721346357,-2.6723711704111945,-2.3919359556709314,1.347549426922322,1.1659494979903235,-2.8915914848557653
639.0,-2.6694325721346357,-2.6723711704111945,-2.3919359556709314,1.347549426922322,1.1659494979903235,-2.8915914848557653
640.0,-2.682459984555227,-2.6821311845619906,-2.388922825653779,1.3572284282352147,1.1769017936182482,-2.8992308479053643
641.0,-2.695487396975818,-2.6918911987127867,-2.3859096956366264,1.3669074295481074,1.1878540892461729,-2.9068702109549633
642.0,-2.695487396975818,-2.6918911987127867,-2.3859096956366264,1.3669074295481074,1.1878540892461729,-2.9068702109549633
643.0,-2.711128315252677,-2.6906648068160957,-2.387293395092754,1.3701749246184036,1.201081766951968,-2.915778382098324
644.0,-2.7267692335295357,-2.689438414919405,-2.388677094548882,1.3734424196886998,1.214309444657763,-2.924686553241685
645.0,-2.7424101518063946,-2.6882120230227144,-2.3900607940050094,1.376709914758996,1.2275371223635578,-2.933594724385045
646.0,-2.7580510700832535,-2.6869856311260234,-2.391444493461137,1.3799774098292923,1.240764800069353,-2.942502895528406
647.0,-2.7580510700832535,-2.6869856311260234,-2.391444493461137,1.3799774098292923,1.240764800069353,-2.942502895528406
648.0,-2.752769904856809,-2.7023976799020417,-2.383650592847987,1.386592417675607,1.2362898136074496,-2.939524313509037
649.0,-2.7474887396303647,-2.7178097286780605,-2.3758566922348363,1.3932074255219218,1.231814827145546,-2.936545731489668
650.0,-2.7422075744039205,-2.7332217774540792,-2.3680627916216856,1.3998224333682365,1.2273398406836427,-2.9335671494702993
651.0,-2.736926409177476,-2.7486338262300976,-2.3602688910085354,1.4064374412145513,1.2228648542217393,-2.93058856745093
652.0,-2.7316452439510317,-2.764045875006116,-2.352474990395385,1.413052449060866,1.2183898677598357,-2.927609985431561
653.0,-2.726364078724587,-2.7794579237821346,-2.3446810897822346,1.4196674569071808,1.2139148812979323,-2.9246314034121923
654.0,-2.726364078724587,-2.7794579237821346,-2.3446810897822346,1.4196674569071808,1.2139148812979323,-2.9246314034121923
655.0,-2.7346837588969857,-2.790193480083211,-2.3391127528440068,1.4264503477666002,1.2209582402775214,-2.9293450974055535
656.0,-2.7430034390693847,-2.8009290363842876,-2.3335444159057785,1.4332332386260196,1.2280015992571105,-2.9340587913989147
657.0,-2.7430034390693847,-2.8009290363842876,-2.3335444159057785,1.4332332386260196,1.2280015992571105,-2.9340587913989147
658.0,-2.740469791838729,-2.8163362023476326,-2.324435890254646,1.439048181826087,1.2258551286849104,-2.9326284042800577
659.0,-2.7379361446080734,-2.8317433683109776,-2.315327364603513,1.4448631250261543,1.2237086581127106,-2.9311980171612007
660.0,-2.7379361446080734,-2.8317433683109776,-2.315327364603513,1.4448631250261543,1.2237086581127106,-2.9311980171612007
661.0,-2.750133869584075,-2.835683447316729,-2.3133216770613,1.449059899717558,1.2340540743067834,-2.9380446715946227
662.0,-2.7623315945600764,-2.83962352632248,-2.311315989519087,1.453256674408962,1.244399490500856,-2.9448913260280447
663.0,-2.7623315945600764,-2.83962352632248,-2.311315989519087,1.453256674408962,1.244399490500856,-2.9448913260280447
664.0,-2.7756464051992715,-2.839549507900907,-2.311455294593372,1.4556044925839904,1.2557243268113039,-2.9522563981331684
665.0,-2.7889612158384667,-2.839475489479334,-2.311594599667657,1.4579523107590189,1.2670491631217518,-2.9596214702382926
666.0,-2.7889612158384667,-2.839475489479334,-2.311594599667657,1.4579523107590189,1.2670491631217518,-2.9596214702382926
667.0,-2.773507143500964,-2.836590284902999,-2.3128445962927793,1.4534499833855177,1.253942733788321,-2.950944309804019
668.0,-2.758053071163461,-2.833705080326664,-2.314094592917902,1.4489476560120165,1.2408363044548905,-2.9422671493697456
669.0,-2.7425989988259585,-2.8308198757503296,-2.3153445895430247,1.4444453286385153,1.2277298751214598,-2.933589988935472
670.0,-2.7271449264884557,-2.8279346711739946,-2.3165945861681476,1.439943001265014,1.2146234457880292,-2.9249128285011987
671.0,-2.711690854150953,-2.8250494665976595,-2.31784458279327,1.4354406738915129,1.2015170164545985,-2.9162356680669252
672.0,-2.711690854150953,-2.8250494665976595,-2.31784458279327,1.4354406738915129,1.2015170164545985,-2.9162356680669252
673.0,-2.694986912397803,-2.80918119344627,-2.325825266512947,1.424004243647629,1.1874325567081527,-2.9065793122686308
674.0,-2.694986912397803,-2.80918119344627,-2.325825266512947,1.424004243647629,1.1874325567081527,-2.9065793122686308
675.0,-2.681219691247935,-2.8178372698156804,-2.319336664531,1.4230625809767277,1.1758603975344362,-2.8984990546222047
676.0,-2.6674524700980666,-2.826493346185091,-2.312848062549053,1.4221209183058263,1.1642882383607198,-2.890418796975779
677.0,-2.6674524700980666,-2.826493346185091,-2.312848062549053,1.4221209183058263,1.1642882383607198,-2.890418796975779
678.0,-2.660885076155952,-2.814149585515709,-2.319228499149153,1.4145914223539615,1.1587847506890054,-2.8865078758656466
679.0,-2.6543176822138377,-2.8018058248463267,-2.3256089357492535,1.4070619264020967,1.1532812630172908,-2.8825969547555146
680.0,-2.6543176822138377,-2.8018058248463267,-2.3256089357492535,1.4070619264020967,1.1532812630172908,-2.8825969547555146
681.0,-2.642141219627158,-2.8097995029375644,-2.319207801110588,1.4056041899225493,1.1431080051069014,-2.8752432692103387
682.0,-2.629964757040478,-2.817793181028802,-2.3128066664719222,1.404146453443002,1.1329347471965117,-2.8678895836651623
683.0,-2.629964757040478,-2.817793181028802,-2.3128066664719222,1.404146453443002,1.1329347471965117,-2.8678895836651623
684.0,-2.6224909479196152,-2.804694755136813,-2.3190552842858323,1.3953276240463597,1.1267112562347867,-2.863306655350723
685.0,-2.6150171387987524,-2.7915963292448236,-2.3253039020997424,1.3865087946497174,1.1204877652730618,-2.858723727036284
686.0,-2.6150171387987524,-2.7915963292448236,-2.3253039020997424,1.3865087946497174,1.1204877652730618,-2.858723727036284
687.0,-2.6084473237202266,-2.779718022247168,-2.3305702552391763,1.3781035077741712,1.1150307705453975,-2.8546494363739026
688.0,-2.601877508641701,-2.7678397152495124,-2.33583660837861,1.369698220898625,1.109573775817733,-2.850575145711521
689.0,-2.601877508641701,-2.7678397152495124,-2.33583660837861,1.369698220898625,1.109573775817733,-2.850575145711521
690.0,-2.5955673499535643,-2.777781505663163,-2.329159053068447,1.3711837413893642,1.1043450425622212,-2.8466200963765926
691.0,-2.5892571912654274,-2.787723296076814,-2.322481497758284,1.3726692618801033,1.0991163093067096,-2.8426650470416646
692.0,-2.5892571912654274,-2.787723296076814,-2.322481497758284,1.3726692618801033,1.0991163093067096,-2.8426650470416646
693.0,-2.5792193071121066,-2.7837894668191323,-2.32241840693077,1.365726515569669,1.090825267336665,-2.8362856825807095
694.0,-2.569181422958786,-2.779855637561451,-2.322355316103255,1.3587837692592346,1.0825342253666201,-2.829906318119755
695.0,-2.569181422958786,-2.779855637561451,-2.322355316103255,1.3587837692592346,1.0825342253666201,-2.829906318119755
696.0,-2.5629733839274076,-2.7934484516062144,-2.3131863185047283,1.3613124144059021,1.0774235883835324,-2.825904709004038
697.0,-2.556765344896029,-2.807041265650977,-2.3040173209062016,1.3638410595525696,1.0723129514004446,-2.8219030998883214
698.0,-2.556765344896029,-2.807041265650977,-2.3040173209062016,1.3638410595525696,1.0723129514004446,-2.8219030998883214
699.0,-2.571455736426751,-2.809856381457439,-2.305815733916272,1.3728485204974692,1.0844276317039196,-2.8313026553922525
700.0,-2.5861461279574725,-2.8126714972639,-2.3076141469263427,1.3818559814423688,1.0965423120073947,-2.840702210896184
701.0,-2.5861461279574725,-2.8126714972639,-2.3076141469263427,1.3818559814423688,1.0965423120073947,-2.840702210896184
702.0,-2.5975278937473067,-2.8258999395375186,-2.3019767486996474,1.3926399239998097,1.1059769217886228,-2.8478246031705177
703.0,-2.6089096595371406,-2.839128381811137,-2.296339350472952,1.4034238665572507,1.1154115315698512,-2.8549469954448514
704.0,-2.6089096595371406,-2.839128381811137,-2.296339350472952,1.4034238665572507,1.1154115315698512,-2.8549469954448514
705.0,-2.618210559482182,-2.8219841823438543,-2.3076885892515646,1.4000485910231644,1.1231630246512132,-2.8606283587834795
706.0,-2.6275114594272235,-2.804839982876571,-2.319037828030177,1.396673315489078,1.1309145177325752,-2.866309722122107
707.0,-2.6368123593722648,-2.787695783409288,-2.3303870668087896,1.3932980399549917,1.1386660108139375,-2.871991085460735
708.0,-2.646113259317306,-2.770551583942005,-2.341736305587402,1.3899227644209053,1.1464175038952995,-2.877672448799363
709.0,-2.646113259317306,-2.770551583942005,-2.341736305587402,1.3899227644209053,1.1464175038952995,-2.877672448799363
710.0,-2.641118068672693,-2.7593585627285364,-2.3468543092436676,1.3825931974073364,1.1422447570459793,-2.8746535003640306
711.0,-2.63612287802808,-2.748165541515068,-2.351972312899933,1.3752636303937675,1.138072010196659,-2.871634551928698
712.0,-2.63612287802808,-2.748165541515068,-2.351972312899933,1.3752636303937675,1.138072010196659,-2.871634551928698
713.0,-2.624439662062488,-2.7416713277761566,-2.353320308409947,1.3670544177637243,1.1283400898275497,-2.8644812285931636
714.0,-2.612756446096897,-2.7351771140372447,-2.354668303919961,1.358845205133681,1.1186081694584404,-2.8573279052576295
715.0,-2.612756446096897,-2.7351771140372447,-2.354668303919961,1.358845205133681,1.1186081694584404,-2.8573279052576295
716.0,-2.6173195438053036,-2.7185267336885226,-2.363432606640726,1.3521771901587287,1.122404417628521,-2.860137518051758
717.0,-2.6218826415137104,-2.7018763533398005,-2.372196909361491,1.3455091751837764,1.1262006657986017,-2.8629471308458863
718.0,-2.6218826415137104,-2.7018763533398005,-2.372196909361491,1.3455091751837764,1.1262006657986017,-2.8629471308458863
719.0,-2.609063560697904,-2.7059725188224886,-2.3678450010665144,1.3417023999029354,1.1155646276015092,-2.8549585620548528
720.0,-2.596244479882097,-2.710068684305177,-2.363493092771537,1.3378956246220945,1.104928589404417,-2.8469699932638193
721.0,-2.5834253990662908,-2.714164849787865,-2.3591411844765604,1.3340888493412535,1.0942925512073245,-2.838981424472786
722.0,-2.5834253990662908,-2.714164849787865,-2.3591411844765604,1.3340888493412535,1.0942925512073245,-2.838981424472786
723.0,-2.5767341279755733,-2.702676793061155,-2.3629881017059544,1.3244720830226677,1.0887684774157562,-2.8347198845407195
724.0,-2.5700428568848563,-2.691188736334444,-2.3668350189353484,1.314855316704082,1.0832444036241882,-2.8304583446086533
725.0,-2.5700428568848563,-2.691188736334444,-2.3668350189353484,1.314855316704082,1.0832444036241882,-2.8304583446086533
726.0,-2.559578102333959,-2.69877975740194,-2.3607754755390884,1.313165659816023,1.0746357660727974,-2.8236923331085713
727.0,-2.5491133477830616,-2.7063707784694357,-2.354715932142828,1.3114760029279642,1.066027128521407,-2.8169263216084888
728.0,-2.5491133477830616,-2.7063707784694357,-2.354715932142828,1.3114760029279642,1.066027128521407,-2.8169263216084888
729.0,-2.556695081633413,-2.7175480231381055,-2.3512346671661213,1.321521874191833,1.0722602939235562,-2.8218408446687495
730.0,-2.564276815483764,-2.7287252678067753,-2.3477534021894146,1.331567745455702,1.0784934593257056,-2.8267553677290103
731.0,-2.564276815483764,-2.7287252678067753,-2.3477534021894146,1.331567745455702,1.0784934593257056,-2.8267553677290103
732.0,-2.5736532369454537,-2.737779688587853,-2.3453492000939304,1.3410073362632942,1.0862294372888994,-2.8327430798144047
733.0,-2.583029658407143,-2.7468341093689315,-2.3429449979984467,1.3504469270708863,1.0939654152520932,-2.8387307918997986
734.0,-2.583029658407143,-2.7468341093689315,-2.3429449979984467,1.3504469270708863,1.0939654152520932,-2.8387307918997986
735.0,-2.5830297470092773,-2.7468340396881104,-2.342945098876953,1.3504469394683838,1.0939654111862183,-2.838730812072754
736.0,-2.579176425933838,-2.743577718734741,-2.3416147232055664,1.335728406906128,1.0937368869781494,-2.824398994445801
737.0,-2.571946620941162,-2.7368664741516113,-2.33872389793396,1.3052525520324707,1.0929780006408691,-2.7949602603912354
738.0,-2.5624234676361084,-2.726945400238037,-2.3341808319091797,1.2599984407424927,1.0913896560668945,-2.7515549659729004
739.0,-2.5516977310180664,-2.7141072750091553,-2.327925682067871,1.2011539936065674,1.0888423919677734,-2.695488929748535
740.0,-2.540782928466797,-2.69865083694458,-2.319836139678955,1.1298959255218506,1.0852530002593994,-2.627880573272705
741.0,-2.5305774211883545,-2.6808643341064453,-2.3098442554473877,1.0473971366882324,1.0807160139083862,-2.54976224899292
742.0,-2.5218045711517334,-2.6610755920410156,-2.2978739738464355,0.9547872543334961,1.0752555131912231,-2.4620304107666016
743.0,-2.5149593353271484,-2.639618158340454,-2.2839901447296143,0.8532532453536987,1.0689575672149658,-2.365652322769165
744.0,-2.5102484226226807,-2.616895914077759,-2.2683486938476562,0.7439441084861755,1.0617151260375977,-2.2616236209869385
745.0,-2.507305860519409,-2.5933423042297363,-2.2513418197631836,0.6281072497367859,1.0534870624542236,-2.1512012481689453
746.0,-2.505664110183716,-2.5694668292999268,-2.233400821685791,0.50694340467453,1.0440657138824463,-2.035701274871826
747.0,-2.50492000579834,-2.545745372772217,-2.2150187492370605,0.38174617290496826,1.0333194732666016,-1.9167168140411377
748.0,-2.5046894550323486,-2.522705554962158,-2.196643590927124,0.2537558674812317,1.0210726261138916,-1.7957340478897095
749.0,-2.5046133995056152,-2.5007994174957275,-2.178713321685791,0.1243177056312561,1.0073343515396118,-1.6743743419647217
750.0,-2.5042974948883057,-2.4804604053497314,-2.1616036891937256,-0.005274951457977295,0.9921438694000244,-1.5539679527282715
751.0,-2.5034093856811523,-2.4619452953338623,-2.1456217765808105,-0.13359729945659637,0.975761353969574,-1.435875654220581
752.0,-2.501636266708374,-2.4454293251037598,-2.1309969425201416,-0.25930115580558777,0.9584837555885315,-1.3211654424667358
753.0,-2.498910427093506,-2.4308812618255615,-2.1178715229034424,-0.3809398114681244,0.9407689571380615,-1.2109490633010864
754.0,-2.4953339099884033,-2.4181900024414062,-2.1062748432159424,-0.49720045924186707,0.9230483770370483,-1.106170654296875
755.0,-2.4912896156311035,-2.4071733951568604,-2.09617018699646,-0.6067457795143127,0.9058041572570801,-1.007869839668274
756.0,-2.4872679710388184,-2.3976380825042725,-2.0874266624450684,-0.7084043622016907,0.8893710374832153,-0.9170030355453491
757.0,-2.4837887287139893,-2.3894827365875244,-2.0799107551574707,-0.8009995818138123,0.8740721344947815,-0.8346191048622131
758.0,-2.4811980724334717,-2.382643461227417,-2.0734829902648926,-0.8834627270698547,0.8600674867630005,-0.7616747617721558
759.0,-2.4796481132507324,-2.3771538734436035,-2.068075180053711,-0.9546791315078735,0.8475701212882996,-0.6991690993309021
760.0,-2.479022264480591,-2.3730146884918213,-2.063660144805908,-1.0135365724563599,0.8367761969566345,-0.6479876041412354
761.0,-2.4790666103363037,-2.370201587677002,-2.06028413772583,-1.0588455200195312,0.8280557990074158,-0.6090081334114075
762.0,-2.4794232845306396,-2.368572235107422,-2.058013439178467,-1.0894030332565308,0.8218506574630737,-0.5830134749412537
763.0,-2.479738473892212,-2.367915630340576,-2.056917428970337,-1.1041795015335083,0.8187047839164734,-0.570576548576355
764.0,-2.479738473892212,-2.367915630340576,-2.056917428970337,-1.1041795015335083,0.8187047839164734,-0.570576548576355
765.0,-2.479738473892212,-2.367915630340576,-2.056917428970337,-1.1041795015335083,0.8187047839164734,-0.570576548576355
766.0,-2.484211945984872,-2.3767630731011753,-2.0470338245320696,-1.1023224365545883,0.8154531278592211,-0.574796663414201
767.0,-2.4886854788221053,-2.385610520099101,-2.037150336175197,-1.1004653988332616,0.812201497782112,-0.5790167748995039
768.0,-2.4886854788221053,-2.385610520099101,-2.037150336175197,-1.1004653988332616,0.812201497782112,-0.5790167748995039
769.0,-2.494958818995218,-2.3910917450736875,-2.0237873942221976,-1.104195748966281,0.8076720902363532,-0.5850228628122651
770.0,-2.5012321591683304,-2.396572970048274,-2.010424452269198,-1.1079260990993005,0.8031426826905944,-0.5910289507250264
771.0,-2.5012321591683304,-2.396572970048274,-2.010424452269198,-1.1079260990993005,0.8031426826905944,-0.5910289507250264
772.0,-2.4999053898690953,-2.3832273479657626,-2.015055981256597,-1.1175274798026662,0.80409760684437,-0.5897499995884636
773.0,-2.49857862056986,-2.3698817258832507,-2.0196875102439957,-1.127128860506032,0.8050525309981457,-0.5884710484519009
774.0,-2.49857862056986,-2.3698817258832507,-2.0196875102439957,-1.127128860506032,0.8050525309981457,-0.5884710484519009
775.0,-2.4977205811003778,-2.3594857360555253,-2.0226655394094126,-1.1351179720410995,0.8056709611128468,-0.5876464338342894
776.0,-2.496862541630896,-2.3490897462277998,-2.0256435685748295,-1.1431070835761672,0.8062893912275477,-0.5868218192166779
777.0,-2.496862541630896,-2.3490897462277998,-2.0256435685748295,-1.1431070835761672,0.8062893912275477,-0.5868218192166779
778.0,-2.493426426303331,-2.3374282225649132,-2.033677338238493,-1.149001211625784,0.808772723100375,-0.5835390757144338
779.0,-2.489990310975766,-2.325766698902027,-2.041711107902157,-1.1548953396754007,0.8112560549732022,-0.5802563322121896
780.0,-2.489990310975766,-2.325766698902027,-2.041711107902157,-1.1548953396754007,0.8112560549732022,-0.5802563322121896
781.0,-2.4849591614824407,-2.322782080528604,-2.051808158017921,-1.1510417772540993,0.814911316965981,-0.5755053636656208
782.0,-2.4799280119891156,-2.3197974621551807,-2.061905208133685,-1.1471882148327979,0.8185665789587598,-0.5707543951190519
783.0,-2.4799280119891156,-2.3197974621551807,-2.061905208133685,-1.1471882148327979,0.8185665789587598,-0.5707543951190519
784.0,-2.4811448441049553,-2.310409712114832,-2.060229807276735,-1.157469623575574,0.8176804577554448,-0.5718974502526055
785.0,-2.482361676220795,-2.3010219620744836,-2.058554406419785,-1.16775103231835,0.8167943365521299,-0.573040505386159
786.0,-2.482361676220795,-2.3010219620744836,-2.058554406419785,-1.16775103231835,0.8167943365521299,-0.573040505386159
787.0,-2.488033682831393,-2.2980674363117934,-2.0473826176722683,-1.1781790386137658,0.8126812789676556,-0.5784193520884895
788.0,-2.4937056894419904,-2.295112910549103,-2.0362108289247516,-1.1886070449091817,0.8085682213831813,-0.58379819879082
789.0,-2.4937056894419904,-2.295112910549103,-2.0362108289247516,-1.1886070449091817,0.8085682213831813,-0.58379819879082
790.0,-2.492035390346466,-2.2842040196546094,-2.0399852470607467,-1.1968399274690145,0.809776431806952,-0.5822055183034405
791.0,-2.4903650912509416,-2.2732951287601155,-2.0437596651967413,-1.2050728100288473,0.8109846422307226,-0.5806128378160609
792.0,-2.4903650912509416,-2.2732951287601155,-2.0437596651967413,-1.2050728100288473,0.8109846422307226,-0.5806128378160609
793.0,-2.4964060453935315,-2.281251944705862,-2.0309896712434954,-1.2058760205958496,0.8066270268259932,-0.5864080232814686
794.0,-2.5024469995361214,-2.2892087606516083,-2.01821967729025,-1.206679231162852,0.8022694114212636,-0.5922032087468762
795.0,-2.5024469995361214,-2.2892087606516083,-2.01821967729025,-1.206679231162852,0.8022694114212636,-0.5922032087468762
796.0,-2.502980809076771,-2.279812246542866,-2.017254582191737,-1.216681501719454,0.8018859746250044,-0.5927199805971004
797.0,-2.50351461861742,-2.270415732434123,-2.0162894870932235,-1.2266837722760562,0.8015025378287451,-0.5932367524473245
798.0,-2.50351461861742,-2.270415732434123,-2.0162894870932235,-1.2266837722760562,0.8015025378287451,-0.5932367524473245
799.0,-2.5027077262371,-2.2602534673519727,-2.017965785320322,-1.2357125898520993,0.8020822338390406,-0.5924559100648918
800.0,-2.50190083385678,-2.250091202269822,-2.01964208354742,-1.2447414074281424,0.8026619298493362,-0.5916750676824591
801.0,-2.50190083385678,-2.250091202269822,-2.01964208354742,-1.2447414074281424,0.8026619298493362,-0.5916750676824591
802.0,-2.497277054571027,-2.2390038170136215,-2.0291613591789224,-1.2493844495602435,0.8059954338497415,-0.5872340876351403
803.0,-2.492653275285275,-2.2279164317574214,-2.0386806348104254,-1.2540274916923446,0.8093289378501467,-0.5827931075878214
804.0,-2.492653275285275,-2.2279164317574214,-2.0386806348104254,-1.2540274916923446,0.8093289378501467,-0.5827931075878214
805.0,-2.4916333286274206,-2.2384119164979293,-2.041044887150578,-1.241837907460192,0.8100669024855739,-0.5818210971217204
806.0,-2.490613381969567,-2.2489074012384376,-2.0434091394907306,-1.2296483232280393,0.8108048671210011,-0.5808490866556192
807.0,-2.490613381969567,-2.2489074012384376,-2.0434091394907306,-1.2296483232280393,0.8108048671210011,-0.5808490866556192
808.0,-2.48729672934767,-2.23496698932434,-2.0497332518833353,-1.239416090698339,0.8132134989100342,-0.57771420267466
809.0,-2.4839800767257736,-2.221026577410242,-2.05605736427594,-1.2491838581686383,0.8156221306990673,-0.5745793186937007
810.0,-2.4806634241038767,-2.2070861654961442,-2.062381476668545,-1.258951625638938,0.8180307624881005,-0.5714444347127415
811.0,-2.4806634241038767,-2.2070861654961442,-2.062381476668545,-1.258951625638938,0.8180307624881005,-0.5714444347127415
812.0,-2.4860414011617724,-2.202887112940521,-2.0509998675385295,-1.2710406458480208,0.8141261197882137,-0.576530492101868
813.0,-2.491419378219668,-2.1986880603848977,-2.039618258408514,-1.2831296660571037,0.810221477088327,-0.5816165494909945
814.0,-2.491419378219668,-2.1986880603848977,-2.039618258408514,-1.2831296660571037,0.810221477088327,-0.5816165494909945
815.0,-2.4929875959069436,-2.1907301299518798,-2.0355509881894034,-1.2941215482477817,0.8090877531799208,-0.5831138147964089
816.0,-2.4945558135942187,-2.1827721995188614,-2.0314837179702927,-1.3051134304384597,0.8079540292715145,-0.5846110801018233
817.0,-2.4945558135942187,-2.1827721995188614,-2.0314837179702927,-1.3051134304384597,0.8079540292715145,-0.5846110801018233
818.0,-2.502236801246858,-2.197569867128504,-2.015761053389083,-1.3008758927851074,0.8024341806307824,-0.5920394479963874
819.0,-2.509917788899498,-2.212367534738147,-2.0000383888078725,-1.296638355131755,0.7969143319900504,-0.5994678158909515
820.0,-2.509917788899498,-2.212367534738147,-2.0000383888078725,-1.296638355131755,0.7969143319900504,-0.5994678158909515
821.0,-2.5143422605596646,-2.211486835147089,-1.989662006804226,-1.3048440160106953,0.7937602002878168,-0.6038196370897391
822.0,-2.5187667322198313,-2.210606135556031,-1.9792856248005792,-1.3130496768896356,0.7906060685855832,-0.6081714582885266
823.0,-2.5187667322198313,-2.210606135556031,-1.9792856248005792,-1.3130496768896356,0.7906060685855832,-0.6081714582885266
824.0,-2.523816265929976,-2.2135952436683244,-1.9673062897404698,-1.3184867037764347,0.7870297245128473,-0.6132046530707043
825.0,-2.5288657996401205,-2.216584351780617,-1.9553269546803604,-1.3239237306632339,0.7834533804401111,-0.6182378478528818
826.0,-2.5288657996401205,-2.216584351780617,-1.9553269546803604,-1.3239237306632339,0.7834533804401111,-0.6182378478528818
827.0,-2.5310091291399326,-2.227104920622289,-1.9509167592160541,-1.316281913895349,0.7819431379300524,-0.6203961426651643
828.0,-2.5331524586397447,-2.2376254894639604,-1.9465065637517478,-1.308640097127464,0.7804328954199937,-0.6225544374774467
829.0,-2.5331524586397447,-2.2376254894639604,-1.9465065637517478,-1.308640097127464,0.7804328954199937,-0.6225544374774467
830.0,-2.535947109857159,-2.24828803122162,-1.940147591769265,-1.302318792023421,0.7784707181043458,-0.6253883732508465
831.0,-2.538741761074573,-2.2589505729792796,-1.9337886197867822,-1.2959974869193778,0.7765085407886977,-0.6282223090242463
832.0,-2.538741761074573,-2.2589505729792796,-1.9337886197867822,-1.2959974869193778,0.7765085407886977,-0.6282223090242463
833.0,-2.5342109527567116,-2.2573675608386514,-1.9449793214077855,-1.2896490640821725,0.7796937270048241,-0.6236391188395767
834.0,-2.5296801444388506,-2.2557845486980233,-1.9561700230287888,-1.2833006412449672,0.7828789132209504,-0.619055928654907
835.0,-2.5296801444388506,-2.2557845486980233,-1.9561700230287888,-1.2833006412449672,0.7828789132209504,-0.619055928654907
836.0,-2.5266546638725864,-2.245924598777307,-1.962941582966883,-1.2885309037198664,0.7850173903255494,-0.6160280729899774
837.0,-2.5236291833063222,-2.2360646488565905,-1.9697131429049775,-1.2937611661947657,0.7871558674301484,-0.6130002173250477
838.0,-2.5236291833063222,-2.2360646488565905,-1.9697131429049775,-1.2937611661947657,0.7871558674301484,-0.6130002173250477
839.0,-2.51907651085093,-2.239894047933192,-1.9805675265155624,-1.2822488574007689,0.7903909647654732,-0.608492506469225
840.0,-2.514523838395538,-2.243723447009794,-1.9914219101261472,-1.270736548606772,0.7936260621007979,-0.6039847956134025
841.0,-2.514523838395538,-2.243723447009794,-1.9914219101261472,-1.270736548606772,0.7936260621007979,-0.6039847956134025
842.0,-2.509113537523376,-2.2348362878885313,-2.00313929713859,-1.271596355600358,0.7974965519810677,-0.5987021112749111
843.0,-2.503703236651214,-2.225949128767269,-2.014856684151033,-1.272456162593944,0.8013670418613374,-0.5934194269364199
844.0,-2.503703236651214,-2.225949128767269,-2.014856684151033,-1.272456162593944,0.8013670418613374,-0.5934194269364199
845.0,-2.5070331926716136,-2.242151272095692,-2.0078762386511384,-1.2609653172651436,0.7989841552770572,-0.596668946710613
846.0,-2.5103631486920133,-2.2583534154241156,-2.000895793151243,-1.249474471936343,0.796601268692777,-0.599918466484806
847.0,-2.513693104712413,-2.274555558752539,-1.9939153476513485,-1.2379836266075428,0.7942183821084968,-0.603167986258999
848.0,-2.513693104712413,-2.274555558752539,-1.9939153476513485,-1.2379836266075428,0.7942183821084968,-0.603167986258999
849.0,-2.5177057927032562,-2.287345130979319,-1.984630864374822,-1.231691311635051,0.7913643291297316,-0.6071334216779396
850.0,-2.5217184806941,-2.3001347032061,-1.9753463810982956,-1.2253989966625591,0.7885102761509664,-0.6110988570968803
851.0,-2.5217184806941,-2.3001347032061,-1.9753463810982956,-1.2253989966625591,0.7885102761509664,-0.6110988570968803
852.0,-2.517213911773143,-2.3012344838035395,-1.9854480413201623,-1.2173231831406508,0.7917152597095725,-0.6066503999125166
853.0,-2.5127093428521863,-2.3023342644009794,-1.9955497015420287,-1.2092473696187425,0.7949202432681786,-0.6022019427281529
854.0,-2.5127093428521863,-2.3023342644009794,-1.9955497015420287,-1.2092473696187425,0.7949202432681786,-0.6022019427281529
855.0,-2.510598836912203,-2.3096772862117776,-1.9997872770422047,-1.199110730087127,0.7964286116843655,-0.6001369791181632
856.0,-2.5084883309722197,-2.3170203080225757,-2.0040248525423805,-1.1889740905555117,0.7979369801005526,-0.5980720155081735
857.0,-2.5084883309722197,-2.3170203080225757,-2.0040248525423805,-1.1889740905555117,0.7979369801005526,-0.5980720155081735
858.0,-2.503464819317287,-2.318189819883231,-2.0145440452668826,-1.180670556915348,0.8015442145172819,-0.5932055054157673
859.0,-2.498441307662355,-2.3193593317438856,-2.025063237991385,-1.1723670232751842,0.8051514489340111,-0.5883389953233612
860.0,-2.498441307662355,-2.3193593317438856,-2.025063237991385,-1.1723670232751842,0.8051514489340111,-0.5883389953233612
861.0,-2.5026875705258766,-2.330507128784097,-2.015268627363862,-1.1681572092671193,0.8021007808562874,-0.5924480635336868
862.0,-2.5069338333893985,-2.341654925824308,-2.0054740167363385,-1.1639473952590544,0.7990501127785636,-0.5965571317440126
863.0,-2.5069338333893985,-2.341654925824308,-2.0054740167363385,-1.1639473952590544,0.7990501127785636,-0.5965571317440126
864.0,-2.510831055129493,-2.354012049456645,-1.9958309861759327,-1.1585655783075721,0.79626522986117,-0.6003715146637525
865.0,-2.5147282768695876,-2.366369173088982,-1.9861879556155269,-1.1531837613560898,0.7934803469437763,-0.6041858975834924
866.0,-2.5147282768695876,-2.366369173088982,-1.9861879556155269,-1.1531837613560898,0.7934803469437763,-0.6041858975834924
867.0,-2.5192243354901884,-2.372458926556813,-1.9755318353536828,-1.1546170187058495,0.7902858381812371,-0.6086385480845642
868.0,-2.5237203941107893,-2.378548680024644,-1.9648757150918386,-1.1560502760556093,0.7870913294186979,-0.613091198585636
869.0,-2.5237203941107893,-2.378548680024644,-1.9648757150918386,-1.1560502760556093,0.7870913294186979,-0.613091198585636
870.0,-2.5268108551132342,-2.373951853214672,-1.9583627206291578,-1.1649715600466541,0.7849071297327812,-0.6161847268818281
871.0,-2.529901316115679,-2.3693550264047007,-1.9518497261664771,-1.173892844037699,0.7827229300468647,-0.6192782551780202
872.0,-2.529901316115679,-2.3693550264047007,-1.9518497261664771,-1.173892844037699,0.7827229300468647,-0.6192782551780202
873.0,-2.5316500922888645,-2.3611886813540024,-1.9485392594039008,-1.1841185108051848,0.7814912394377914,-0.6210407805200224
874.0,-2.5333988684620494,-2.353022336303304,-1.9452287926413248,-1.1943441775726706,0.7802595488287182,-0.6228033058620246
875.0,-2.5333988684620494,-2.353022336303304,-1.9452287926413248,-1.1943441775726706,0.7802595488287182,-0.6228033058620246
876.0,-2.537827190201652,-2.361658067997599,-1.9338079541913356,-1.193919242284993,0.7771546450205684,-0.6273059760105091
877.0,-2.5422555119412538,-2.370293799691894,-1.9223871157413466,-1.1934943069973152,0.7740497412124188,-0.6318086461589936
878.0,-2.5422555119412538,-2.370293799691894,-1.9223871157413466,-1.1934943069973152,0.7740497412124188,-0.6318086461589936
879.0,-2.54541220770171,-2.3802361643562846,-1.9135324699985308,-1.1900814254066405,0.7718489354555516,-0.635053259704191
880.0,-2.5485689034621664,-2.3901785290206754,-1.9046778242557152,-1.1866685438159659,0.7696481296986845,-0.6382978732493885
881.0,-2.5485689034621664,-2.3901785290206754,-1.9046778242557152,-1.1866685438159659,0.7696481296986845,-0.6382978732493885
882.0,-2.553073880750497,-2.394062529218715,-1.8927633681657139,-1.1913265662169434,0.7665257570996394,-0.642979644265971
883.0,-2.557578858038827,-2.397946529416755,-1.8808489120757124,-1.195984588617921,0.7634033845005944,-0.6476614152825534
884.0,-2.557578858038827,-2.397946529416755,-1.8808489120757124,-1.195984588617921,0.7634033845005944,-0.6476614152825534
885.0,-2.5620868031266815,-2.406923510710911,-1.867825057427145,-1.1965922218896978,0.7603011614866495,-0.6524075871907551
886.0,-2.5665947482145355,-2.415900492005066,-1.854801202778578,-1.1971998551614746,0.7571989384727047,-0.6571537590989568
887.0,-2.5665947482145355,-2.415900492005066,-1.854801202778578,-1.1971998551614746,0.7571989384727047,-0.6571537590989568
888.0,-2.566131565557824,-2.42480317560812,-1.8547583728798722,-1.1886964169794079,0.7575166453553055,-0.6566632087804054
889.0,-2.5656683829011127,-2.433705859211174,-1.8547155429811666,-1.180192978797341,0.7578343522379064,-0.6561726584618541
890.0,-2.5656683829011127,-2.433705859211174,-1.8547155429811666,-1.180192978797341,0.7578343522379064,-0.6561726584618541
891.0,-2.569982153767584,-2.4455303659095646,-1.8410814090677128,-1.1786564924830862,0.7548848166572222,-0.6607667155338857
892.0,-2.5742959246340553,-2.4573548726079557,-1.827447275154259,-1.1771200061688314,0.7519352810765381,-0.6653607726059173
893.0,-2.5742959246340553,-2.4573548726079557,-1.827447275154259,-1.1771200061688314,0.7519352810765381,-0.6653607726059173
894.0,-2.5782176223375552,-2.4637027860942435,-1.8153291538604661,-1.1797953389592706,0.749272316818189,-0.6695876566484997
895.0,-2.5821393200410556,-2.470050699580531,-1.8032110325666733,-1.1824706717497098,0.7466093525598398,-0.673814540691082
896.0,-2.5821393200410556,-2.470050699580531,-1.8032110325666733,-1.1824706717497098,0.7466093525598398,-0.673814540691082
897.0,-2.5825168568673478,-2.4802256702676226,-1.800105495807752,-1.1751006101598909,0.7463539368700132,-0.6742240206954411
898.0,-2.5828943936936404,-2.490400640954715,-1.7969999590488308,-1.167730548570072,0.7460985211801866,-0.6746335006998
899.0,-2.5828943936936404,-2.490400640954715,-1.7969999590488308,-1.167730548570072,0.7460985211801866,-0.6746335006998
900.0,-2.587665458684474,-2.4960998191117136,-1.7819570947584478,-1.1732340028568047,0.742885283382746,-0.6798474748837233
901.0,-2.5924365236753073,-2.501798997268713,-1.7669142304680647,-1.1787374571435374,0.7396720455853053,-0.6850614490676465
902.0,-2.5924365236753073,-2.501798997268713,-1.7669142304680647,-1.1787374571435374,0.7396720455853053,-0.6850614490676465
903.0,-2.594091425141344,-2.4934972952718644,-1.7636576932090562,-1.188945718291752,0.7385638707901325,-0.6868871274414068
904.0,-2.595746326607381,-2.4851955932750163,-1.7604011559500479,-1.1991539794399666,0.7374556959949596,-0.688712805815167
905.0,-2.595746326607381,-2.4851955932750163,-1.7604011559500479,-1.1991539794399666,0.7374556959949596,-0.688712805815167
906.0,-2.5995042533782384,-2.497425580765542,-1.7463398558166303,-1.1978851225612968,0.7349516985577544,-0.6928916839800283
907.0,-2.603262180149096,-2.5096555682560675,-1.732278555683213,-1.196616265682627,0.7324477011205491,-0.6970705621448897
908.0,-2.603262180149096,-2.5096555682560675,-1.732278555683213,-1.196616265682627,0.7324477011205491,-0.6970705621448897
909.0,-2.6059490568194184,-2.519490220852528,-1.7215625719594443,-1.1952511778676305,0.7306681141819387,-0.7000869792653062
910.0,-2.60863593348974,-2.5293248734489886,-1.7108465882356758,-1.193886090052634,0.7288885272433283,-0.7031033963857225
911.0,-2.60863593348974,-2.5293248734489886,-1.7108465882356758,-1.193886090052634,0.7288885272433283,-0.7031033963857225
912.0,-2.6092492508567267,-2.5386442681986487,-1.706570120201316,-1.1883268729763772,0.7284835840392083,-0.7037953031217596
913.0,-2.6098625682237127,-2.5479636629483084,-1.702293652166956,-1.1827676559001203,0.7280786408350883,-0.7044872098577969
914.0,-2.6098625682237127,-2.5479636629483084,-1.702293652166956,-1.1827676559001203,0.7280786408350883,-0.7044872098577969
915.0,-2.612614136750649,-2.5392335785396987,-1.6954824893174743,-1.1959764515182159,0.7262678031582919,-0.7076068771448794
916.0,-2.615365705277585,-2.530503494131089,-1.6886713264679925,-1.2091852471363114,0.7244569654814953,-0.7107265444319619
917.0,-2.615365705277585,-2.530503494131089,-1.6886713264679925,-1.2091852471363114,0.7244569654814953,-0.7107265444319619
918.0,-2.612685397475188,-2.5164895744894205,-1.7004639121260965,-1.2136789604979168,0.726220784081212,-0.7076873505815625
919.0,-2.610005089672791,-2.5024756548477525,-1.7122564977842007,-1.2181726738595222,0.7279846026809288,-0.7046481567311631
920.0,-2.610005089672791,-2.5024756548477525,-1.7122564977842007,-1.2181726738595222,0.7279846026809288,-0.7046481567311631
921.0,-2.6103042628256503,-2.493360588986968,-1.7129489806431244,-1.2263428627858743,0.7277872732275051,-0.704986192872681
922.0,-2.61060343597851,-2.4842455231261837,-1.7136414635020483,-1.2345130517122265,0.7275899437740815,-0.705324229014199
923.0,-2.61060343597851,-2.4842455231261837,-1.7136414635020483,-1.2345130517122265,0.7275899437740815,-0.705324229014199
924.0,-2.608043945748724,-2.473607310649659,-1.7236706341392272,-1.2372712818117269,0.7292817913658585,-0.7024419368726558
925.0,-2.6054844555189383,-2.462969098173135,-1.7336998047764058,-1.2400295119112272,0.7309736389576355,-0.6995596447311124
926.0,-2.6054844555189383,-2.462969098173135,-1.7336998047764058,-1.2400295119112272,0.7309736389576355,-0.6995596447311124
927.0,-2.6014032844982395,-2.452653840222182,-1.748068476454418,-1.2393562838356622,0.7336882384904853,-0.6950085331732412
928.0,-2.597322113477541,-2.4423385822712285,-1.7624371481324301,-1.2386830557600972,0.7364028380233352,-0.6904574216153698
929.0,-2.597322113477541,-2.4423385822712285,-1.7624371481324301,-1.2386830557600972,0.7364028380233352,-0.6904574216153698
930.0,-2.593290743074787,-2.4338380267020012,-1.7758190920265675,-1.2370847251735058,0.7391043101071216,-0.68601530616395
931.0,-2.589259372672033,-2.4253374711327735,-1.789201035920705,-1.2354863945869143,0.7418057821909081,-0.6815731907125303
932.0,-2.589259372672033,-2.4253374711327735,-1.789201035920705,-1.2354863945869143,0.7418057821909081,-0.6815731907125303
933.0,-2.5865474522887215,-2.413681552577735,-1.7984864547475987,-1.240034615737102,0.743634031011668,-0.678614392335242
934.0,-2.5838355319054096,-2.402025634022697,-1.8077718735744925,-1.2445828368872898,0.7454622798324281,-0.6756555939579537
935.0,-2.5838355319054096,-2.402025634022697,-1.8077718735744925,-1.2445828368872898,0.7454622798324281,-0.6756555939579537
936.0,-2.5817288166944503,-2.38462339761136,-1.815365700511938,-1.2560697271273817,0.7468872113344558,-0.6733697424435304
937.0,-2.5817288166944503,-2.38462339761136,-1.815365700511938,-1.2560697271273817,0.7468872113344558,-0.6733697424435304
938.0,-2.578089763050973,-2.38714513045534,-1.8256809682697035,-1.246103790174952,0.7493585224253807,-0.6694482203419188
939.0,-2.574450709407495,-2.3896668632993205,-1.835996236027469,-1.2361378532225225,0.7518298335163057,-0.6655266982403072
940.0,-2.574450709407495,-2.3896668632993205,-1.835996236027469,-1.2361378532225225,0.7518298335163057,-0.6655266982403072
941.0,-2.571831321069831,-2.378470839147358,-1.84417328185291,-1.2411965106300957,0.7536180965037689,-0.6627296281660855
942.0,-2.569211932732167,-2.3672748149953953,-1.852350327678351,-1.246255168037669,0.7554063594912319,-0.6599325580918638
943.0,-2.569211932732167,-2.3672748149953953,-1.852350327678351,-1.246255168037669,0.7554063594912319,-0.6599325580918638
944.0,-2.5654631336231324,-2.357074867839447,-1.8631773673706704,-1.2485084872539483,0.7579791289329505,-0.6559663103371343
945.0,-2.5617143345140976,-2.3468749206834985,-1.8740044070629898,-1.2507618064702275,0.7605518983746692,-0.6520000625824046
946.0,-2.5617143345140976,-2.3468749206834985,-1.8740044070629898,-1.2507618064702275,0.7605518983746692,-0.6520000625824046
947.0,-2.5585096188740035,-2.336743894082699,-1.8829228658016572,-1.2544010059901376,0.7627636028853045,-0.6486434115836828
948.0,-2.55530490323391,-2.3266128674818987,-1.8918413245403247,-1.2580402055100477,0.7649753073959399,-0.645286760584961
949.0,-2.55530490323391,-2.3266128674818987,-1.8918413245403247,-1.2580402055100477,0.7649753073959399,-0.645286760584961
950.0,-2.5538230011968457,-2.316761867259829,-1.895863474832194,-1.2649801391580742,0.7660018119101859,-0.6437450636925037
951.0,-2.5523410991597815,-2.3069108670377596,-1.8998856251240634,-1.2719200728061006,0.7670283164244319,-0.6422033668000464
952.0,-2.5523410991597815,-2.3069108670377596,-1.8998856251240634,-1.2719200728061006,0.7670283164244319,-0.6422033668000464
953.0,-2.5493829205090464,-2.2968048297341275,-1.907502648358295,-1.2766063854505456,0.7690844820946678,-0.6391454059325523
954.0,-2.5464247418583117,-2.2866987924304953,-1.9151196715925265,-1.2812926980949906,0.7711406477649037,-0.6360874450650582
955.0,-2.5464247418583117,-2.2866987924304953,-1.9151196715925265,-1.2812926980949906,0.7711406477649037,-0.6360874450650582
956.0,-2.5483659045937226,-2.27997600279827,-1.9097721114272785,-1.291924270637092,0.7697903325824993,-0.6380911521001909
957.0,-2.5503070673291335,-2.273253213166045,-1.9044245512620306,-1.3025558431791933,0.768440017400095,-0.6400948591353235
958.0,-2.5503070673291335,-2.273253213166045,-1.9044245512620306,-1.3025558431791933,0.768440017400095,-0.6400948591353235
959.0,-2.5486736695911856,-2.2635052875971438,-1.9081689947887082,-1.309770774449875,0.7695759771860724,-0.6384080891585207
960.0,-2.5470402718532377,-2.2537573620282427,-1.911913438315386,-1.3169857057205567,0.7707119369720498,-0.6367213191817178
961.0,-2.5470402718532377,-2.2537573620282427,-1.911913438315386,-1.3169857057205567,0.7707119369720498,-0.6367213191817178
962.0,-2.5525332994344225,-2.256494332647961,-1.8971501425113866,-1.3249046326476368,0.7669031652884939,-0.6424254686701149
963.0,-2.558026327015607,-2.2592313032676796,-1.8823868467073872,-1.3328235595747169,0.7630943936049379,-0.6481296181585119
964.0,-2.558026327015607,-2.2592313032676796,-1.8823868467073872,-1.3328235595747169,0.7630943936049379,-0.6481296181585119
965.0,-2.5584646655735326,-2.2682207306602393,-1.8818084637737282,-1.3240806358202122,0.7627918664139848,-0.6485887062496423
966.0,-2.558903004131458,-2.2772101580527995,-1.881230080840069,-1.3153377120657075,0.7624893392230315,-0.6490477943407728
967.0,-2.558903004131458,-2.2772101580527995,-1.881230080840069,-1.3153377120657075,0.7624893392230315,-0.6490477943407728
968.0,-2.558554754787639,-2.2855731607569396,-1.8825619579758595,-1.3059065522364965,0.7627296725472854,-0.6486830125504126
969.0,-2.55820650544382,-2.29393616346108,-1.8838938351116497,-1.2964753924072856,0.7629700058715392,-0.6483182307600523
970.0,-2.55820650544382,-2.29393616346108,-1.8838938351116497,-1.2964753924072856,0.7629700058715392,-0.6483182307600523
971.0,-2.5596114394094442,-2.3049361614604864,-1.8802174840888028,-1.2880854574380012,0.7620012504012375,-0.6497921108424679
972.0,-2.561016373375069,-2.315936159459893,-1.876541133065956,-1.2796955224687168,0.7610324949309357,-0.6512659909248835
973.0,-2.561016373375069,-2.315936159459893,-1.876541133065956,-1.2796955224687168,0.7610324949309357,-0.6512659909248835
974.0,-2.5641756242983833,-2.3274037530440945,-1.8676623974785833,-1.2746857962505913,0.7588620550776766,-0.6546022551755075
975.0,-2.567334875221698,-2.338871346628296,-1.8587836618912106,-1.2696760700324659,0.7566916152244175,-0.6579385194261317
976.0,-2.567334875221698,-2.338871346628296,-1.8587836618912106,-1.2696760700324659,0.7566916152244175,-0.6579385194261317
977.0,-2.57236703822848,-2.3446973169753926,-1.8442242551864987,-1.2744865885074133,0.7532577048643259,-0.6633162694320602
978.0,-2.577399201235262,-2.3505232873224897,-1.8296648484817868,-1.2792971069823607,0.7498237945042341,-0.6686940194379889
979.0,-2.577399201235262,-2.3505232873224897,-1.8296648484817868,-1.2792971069823607,0.7498237945042341,-0.6686940194379889
980.0,-2.5809220725152366,-2.359039368249703,-1.8189164476552424,-1.2787335204575874,0.7474371846138971,-0.6725060798346782
981.0,-2.584444943795211,-2.3675554491769164,-1.808168046828698,-1.278169933932814,0.7450505747235601,-0.6763181402313675
982.0,-2.584444943795211,-2.3675554491769164,-1.808168046828698,-1.278169933932814,0.7450505747235601,-0.6763181402313675
983.0,-2.5877069220118747,-2.3754733791901756,-1.797832315423726,-1.2779619603329204,0.7428537527372576,-0.6798831320067482
984.0,-2.590968900228538,-2.383391309203435,-1.7874965840187538,-1.2777539867330268,0.7406569307509553,-0.683448123782129
985.0,-2.590968900228538,-2.383391309203435,-1.7874965840187538,-1.2777539867330268,0.7406569307509553,-0.683448123782129
986.0,-2.5951761728482747,-2.394304630290778,-1.7735512390966746,-1.2773462012355414,0.7378423939789305,-0.6880969734049635
987.0,-2.599383445468011,-2.405217951378121,-1.7596058941745953,-1.276938415738056,0.7350278572069057,-0.6927458230277979
988.0,-2.599383445468011,-2.405217951378121,-1.7596058941745953,-1.276938415738056,0.7350278572069057,-0.6927458230277979
989.0,-2.6001896348557496,-2.390632620094416,-1.7578322787617686,-1.29263189431782,0.7344908105330835,-0.6936426898347812
990.0,-2.6001896348557496,-2.390632620094416,-1.7578322787617686,-1.29263189431782,0.7344908105330835,-0.6936426898347812
991.0,-2.598397181729342,-2.381100668751273,-1.7639615446754948,-1.2975098974204744,0.7356863897940602,-0.6916527047759202
992.0,-2.596604728602934,-2.3715687174081306,-1.770090810589221,-1.3023879005231287,0.736881969055037,-0.6896627197170593
993.0,-2.596604728602934,-2.3715687174081306,-1.770090810589221,-1.3023879005231287,0.736881969055037,-0.6896627197170593
994.0,-2.5954311878032,-2.362262655773736,-1.7739553199418796,-1.308789423547582,0.7376668555093193,-0.6883655323206248
995.0,-2.594257647003466,-2.352956594139342,-1.777819829294538,-1.3151909465720355,0.7384517419636015,-0.6870683449241903
996.0,-2.594257647003466,-2.352956594139342,-1.777819829294538,-1.3151909465720355,0.7384517419636015,-0.6870683449241903
997.0,-2.591442513123604,-2.3432097232818245,-1.7866583801863156,-1.318383053218431,0.740341342240433,-0.68397479202803
998.0,-2.5886273792437415,-2.3334628524243066,-1.7954969310780933,-1.3215751598648267,0.7422309425172646,-0.6808812391318697
999.0,-2.5886273792437415,-2.3334628524243066,-1.7954969310780933,-1.3215751598648267,0.7422309425172646,-0.6808812391318697
1000.0,-2.585124675198044,-2.3247546417286924,-1.8061244820384013,-1.3224602256828952,0.7445952454635567,-0.6770676192245142
1001.0,-2.5816219711523467,-2.316046431033078,-1.816752032998709,-1.3233452915009638,0.7469595484098488,-0.6732539993171587
1002.0,-2.5816219711523467,-2.316046431033078,-1.816752032998709,-1.3233452915009638,0.7469595484098488,-0.6732539993171587
1003.0,-2.5779537921110305,-2.3244363343111902,-1.8281025404057536,-1.3065092003346452,0.7494470326632765,-0.6692912942594731
1004.0,-2.5779537921110305,-2.3244363343111902,-1.8281025404057536,-1.3065092003346452,0.7494470326632765,-0.6692912942594731
1005.0,-2.573426429387787,-2.3157548223640543,-1.841178188825574,-1.3056522864139442,0.752533739690181,-0.6644455551592827
1006.0,-2.5688990666645437,-2.3070733104169188,-1.8542538372453945,-1.304795372493243,0.7556204467170855,-0.6595998160590925
1007.0,-2.5688990666645437,-2.3070733104169188,-1.8542538372453945,-1.304795372493243,0.7556204467170855,-0.6595998160590925
1008.0,-2.57118286343938,-2.302131656696564,-1.8473759844150939,-1.3148389990949052,0.7540604133089566,-0.6620361853748453
1009.0,-2.573466660214216,-2.2971900029762096,-1.840498131584793,-1.3248826256965673,0.7525003799008276,-0.6644725546905983
1010.0,-2.573466660214216,-2.2971900029762096,-1.840498131584793,-1.3248826256965673,0.7525003799008276,-0.6644725546905983
1011.0,-2.5751444331202102,-2.2913253192295393,-1.8350555935311306,-1.3348742339349762,0.7513581726691176,-0.6662728417464807
1012.0,-2.5768222060262045,-2.285460635482869,-1.8296130554774679,-1.344865842173385,0.7502159654374078,-0.668073128802363
1013.0,-2.5768222060262045,-2.285460635482869,-1.8296130554774679,-1.344865842173385,0.7502159654374078,-0.668073128802363
1014.0,-2.5720227555482604,-2.278693522542002,-1.843383837374449,-1.341600972033359,0.7534920186099627,-0.662946647940521
1015.0,-2.5672233050703164,-2.271926409601136,-1.85715461927143,-1.338336101893333,0.7567680717825176,-0.6578201670786792
1016.0,-2.5672233050703164,-2.271926409601136,-1.85715461927143,-1.338336101893333,0.7567680717825176,-0.6578201670786792
1017.0,-2.5722345072051813,-2.28082647935478,-1.8425251431202438,-1.3401186371072225,0.7533625955351589,-0.663213922839728
1018.0,-2.5772457093400467,-2.2897265491084244,-1.8278956669690576,-1.3419011723211118,0.7499571192878003,-0.668607678600777
1019.0,-2.5822569114749117,-2.2986266188620688,-1.8132661908178713,-1.3436837075350012,0.7465516430404416,-0.6740014343618259
1020.0,-2.5872681136097766,-2.307526688615713,-1.798636714666685,-1.3454662427488906,0.743146166793083,-0.6793951901228747
1021.0,-2.5872681136097766,-2.307526688615713,-1.798636714666685,-1.3454662427488906,0.743146166793083,-0.6793951901228747
1022.0,-2.591271084088693,-2.3179209559752225,-1.7862482042152892,-1.344214206081504,0.7404588524076918,-0.6837929666192795
1023.0,-2.59527405456761,-2.3283152233347324,-1.7738596937638933,-1.3429621694141176,0.7377715380223008,-0.6881907431156842
1024.0,-2.59527405456761,-2.3283152233347324,-1.7738596937638933,-1.3429621694141176,0.7377715380223008,-0.6881907431156842
1025.0,-2.597693817917458,-2.337937913185066,-1.7661795174342685,-1.3390309221971657,0.7361564974480554,-0.6908743897799106
1026.0,-2.600113581267306,-2.3475606030353995,-1.7584993411046435,-1.3350996749802138,0.7345414568738101,-0.6935580364441368
1027.0,-2.600113581267306,-2.3475606030353995,-1.7584993411046435,-1.3350996749802138,0.7345414568738101,-0.6935580364441368
1028.0,-2.6029917314133897,-2.3579148357044977,-1.7489167580850704,-1.331936392900433,0.7326298759534949,-0.6967751018631265
1029.0,-2.6058698815594736,-2.3682690683735954,-1.7393341750654974,-1.3287731108206524,0.7307182950331798,-0.6999921672821162
1030.0,-2.6058698815594736,-2.3682690683735954,-1.7393341750654974,-1.3287731108206524,0.7307182950331798,-0.6999921672821162
1031.0,-2.6086839442217604,-2.3670091610740136,-1.7295075280113474,-1.3374935473422649,0.7288593095829735,-0.7031641749896107
1032.0,-2.6114980068840477,-2.365749253774432,-1.7196808809571977,-1.3462139838638774,0.7270003241327673,-0.7063361826971051
1033.0,-2.6114980068840477,-2.365749253774432,-1.7196808809571977,-1.3462139838638774,0.7270003241327673,-0.7063361826971051
1034.0,-2.60995683234598,-2.3568603182776133,-1.7248262810122945,-1.3512568430027387,0.7280171560798471,-0.7045956571143306
1035.0,-2.608415657807912,-2.3479713827807944,-1.7299716810673913,-1.3562997021416001,0.7290339880269269,-0.7028551315315561
1036.0,-2.608415657807912,-2.3479713827807944,-1.7299716810673913,-1.3562997021416001,0.7290339880269269,-0.7028551315315561
1037.0,-2.605220422854958,-2.3379236163909267,-1.7405334509642576,-1.3584531156369588,0.7311517280115001,-0.6992718630069634
1038.0,-2.6020251879020035,-2.3278758500010586,-1.751095220861124,-1.3606065291323175,0.7332694679960733,-0.6956885944823709
1039.0,-2.6020251879020035,-2.3278758500010586,-1.751095220861124,-1.3606065291323175,0.7332694679960733,-0.6956885944823709
1040.0,-2.5985956397115118,-2.3182228032584034,-1.7620028710600089,-1.3621758686300878,0.7355565759785347,-0.6918799743910851
1041.0,-2.5951660915210195,-2.3085697565157486,-1.7729105212588938,-1.363745208127858,0.7378436839609961,-0.6880713542997992
1042.0,-2.5951660915210195,-2.3085697565157486,-1.7729105212588938,-1.363745208127858,0.7378436839609961,-0.6880713542997992
1043.0,-2.5992815613479134,-2.309514415934718,-1.7588755178552002,-1.3734419688369208,0.7351008862639185,-0.6926463460454442
1044.0,-2.603397031174808,-2.3104590753536876,-1.744840514451507,-1.3831387295459836,0.7323580885668408,-0.6972213377910892
1045.0,-2.603397031174808,-2.3104590753536876,-1.744840514451507,-1.3831387295459836,0.7323580885668408,-0.6972213377910892
1046.0,-2.607554321543429,-2.3236955481686676,-1.7311588355957197,-1.3800964898380543,0.7296088494899186,-0.7018996692029815
1047.0,-2.6117116119120505,-2.336932020983648,-1.7174771567399325,-1.377054250130125,0.7268596104129963,-0.706578000614874
1048.0,-2.6117116119120505,-2.336932020983648,-1.7174771567399325,-1.377054250130125,0.7268596104129963,-0.706578000614874
1049.0,-2.613976636685353,-2.3522271888513195,-1.7098701943443628,-1.3674361026967512,0.7253725947763604,-0.7091555565975087
1050.0,-2.616241661458655,-2.3675223567189914,-1.7022632319487934,-1.3578179552633771,0.7238855791397246,-0.7117331125801436
1051.0,-2.6185066862319575,-2.3828175245866627,-1.6946562695532237,-1.3481998078300033,0.7223985635030887,-0.7143106685627784
1052.0,-2.6185066862319575,-2.3828175245866627,-1.6946562695532237,-1.3481998078300033,0.7223985635030887,-0.7143106685627784
1053.0,-2.6155687960976,-2.3866063428812363,-1.705198671680818,-1.3363742245266559,0.7243264573145113,-0.7109651285694447
1054.0,-2.6126309059632424,-2.39039516117581,-1.7157410738084125,-1.3245486412233085,0.7262543511259338,-0.7076195885761111
1055.0,-2.6126309059632424,-2.39039516117581,-1.7157410738084125,-1.3245486412233085,0.7262543511259338,-0.7076195885761111
1056.0,-2.6091108161757828,-2.388667021265772,-1.7279019526094417,-1.3170782847221953,0.728578788288635,-0.7036492325857591
1057.0,-2.605590726388323,-2.3869388813557344,-1.7400628314104711,-1.3096079282210822,0.730903225451336,-0.699678876595407
1058.0,-2.605590726388323,-2.3869388813557344,-1.7400628314104711,-1.3096079282210822,0.730903225451336,-0.699678876595407
1059.0,-2.6094326383648943,-2.399259018721648,-1.726407431676287,-1.3077078159803162,0.7283670624081398,-0.7040142893395249
1060.0,-2.613274550341466,-2.4115791560875617,-1.7127520319421028,-1.3058077037395501,0.7258308993649434,-0.708349702083643
1061.0,-2.613274550341466,-2.4115791560875617,-1.7127520319421028,-1.3058077037395501,0.7258308993649434,-0.708349702083643
1062.0,-2.6123940625878577,-2.4184674092422167,-1.7153398922937553,-1.2970776204476675,0.7264104835134757,-0.707351753178147
1063.0,-2.6115135748342495,-2.4253556623968717,-1.7179277526454078,-1.2883475371557849,0.726990067662008,-0.706353804272651
1064.0,-2.6115135748342495,-2.4253556623968717,-1.7179277526454078,-1.2883475371557849,0.726990067662008,-0.706353804272651
1065.0,-2.6150695676763034,-2.4377422315733055,-1.704482115702211,-1.2863769235429448,0.7246554268899219,-0.7104002223207757
1066.0,-2.6186255605183577,-2.450128800749739,-1.691036478759014,-1.2844063099301046,0.7223207861178359,-0.7144466403689004
1067.0,-2.6186255605183577,-2.450128800749739,-1.691036478759014,-1.2844063099301046,0.7223207861178359,-0.7144466403689004
1068.0,-2.618999154149395,-2.459754625768814,-1.6885923141208155,-1.2769037620851755,0.7220764553497193,-0.714874242348339
1069.0,-2.6193727477804325,-2.4693804507878894,-1.686148149482617,-1.2694012142402464,0.7218321245816027,-0.7153018443277777
1070.0,-2.6193727477804325,-2.4693804507878894,-1.686148149482617,-1.2694012142402464,0.7218321245816027,-0.7153018443277777
1071.0,-2.6147643071973206,-2.460533112799534,-1.7030119226759526,-1.2653087138229642,0.7248586279994214,-0.7100601538404093
1072.0,-2.6101558666142086,-2.451685774811178,-1.7198756958692882,-1.261216213405682,0.7278851314172401,-0.704818463353041
1073.0,-2.6101558666142086,-2.451685774811178,-1.7198756958692882,-1.261216213405682,0.7278851314172401,-0.704818463353041
1074.0,-2.606401507124704,-2.4414091305360746,-1.7333606596916797,-1.2611497303753059,0.7303706671485597,-0.700600834503961
1075.0,-2.6026471476351998,-2.4311324862609704,-1.7468456235140715,-1.2610832473449298,0.7328562028798792,-0.6963832056548811
1076.0,-2.6026471476351998,-2.4311324862609704,-1.7468456235140715,-1.2610832473449298,0.7328562028798792,-0.6963832056548811
1077.0,-2.5984680529873074,-2.423221573224697,-1.7608635025936088,-1.2584165416769653,0.7356434906005467,-0.6917430217711251
1078.0,-2.594288958339415,-2.415310660188423,-1.7748813816731461,-1.2557498360090007,0.7384307783212141,-0.6871028378873693
1079.0,-2.594288958339415,-2.415310660188423,-1.7748813816731461,-1.2557498360090007,0.7384307783212141,-0.6871028378873693
1080.0,-2.5944973808420677,-2.4299414050889703,-1.7724065853576232,-1.2434236893311303,0.738291276275951,-0.6873329389750129
1081.0,-2.5947058033447203,-2.444572149989518,-1.7699317890421,-1.2310975426532602,0.738151774230688,-0.6875630400626566
1082.0,-2.594914225847373,-2.4592028948900655,-1.767456992726577,-1.2187713959753899,0.738012272185425,-0.6877931411503002
1083.0,-2.594914225847373,-2.4592028948900655,-1.767456992726577,-1.2187713959753899,0.738012272185425,-0.6877931411503002
1084.0,-2.5912128930649017,-2.459026646614551,-1.7785627232559733,-1.2108432071130328,0.7404972199950863,-0.6837271045103339
1085.0,-2.5875115602824303,-2.458850398339036,-1.7896684537853695,-1.2029150182506758,0.7429821678047478,-0.6796610678703675
1086.0,-2.5875115602824303,-2.458850398339036,-1.7896684537853695,-1.2029150182506758,0.7429821678047478,-0.6796610678703675
1087.0,-2.583648038334032,-2.452378228608566,-1.8017512186154323,-1.2003758178040862,0.7455977396537944,-0.6754754931828479
1088.0,-2.5797845163856334,-2.445906058878096,-1.8138339834454953,-1.1978366173574966,0.7482133115028409,-0.6712899184953284
1089.0,-2.575920994437235,-2.439433889147626,-1.825916748275558,-1.195297416910907,0.7508288833518875,-0.6671043438078088
1090.0,-2.575920994437235,-2.439433889147626,-1.825916748275558,-1.195297416910907,0.7508288833518875,-0.6671043438078088
1091.0,-2.5776977046230005,-2.433059586353389,-1.8218089050823185,-1.2043789695001539,0.7496218968761137,-0.6690178600426834
1092.0,-2.5794744148087663,-2.426685283559152,-1.817701061889079,-1.2134605220894008,0.7484149104003398,-0.670931376277558
1093.0,-2.5794744148087663,-2.426685283559152,-1.817701061889079,-1.2134605220894008,0.7484149104003398,-0.670931376277558
1094.0,-2.574507639256054,-2.4140880551570314,-1.8331151191092387,-1.2145330059840982,0.751798124714465,-0.6656069625207802
1095.0,-2.5695408637033417,-2.401490826754911,-1.8485291763293983,-1.2156054898787956,0.7551813390285903,-0.6602825487640025
1096.0,-2.5695408637033417,-2.401490826754911,-1.8485291763293983,-1.2156054898787956,0.7551813390285903,-0.6602825487640025
1097.0,-2.5666039592300463,-2.391119090162965,-1.8575290213945057,-1.2192394020194939,0.7571950407484819,-0.6571701229756678
1098.0,-2.5636670547567504,-2.3807473535710186,-1.866528866459613,-1.2228733141601922,0.7592087424683734,-0.6540576971873331
1099.0,-2.5636670547567504,-2.3807473535710186,-1.866528866459613,-1.2228733141601922,0.7592087424683734,-0.6540576971873331
1100.0,-2.5604453813084995,-2.3707685949308943,-1.875877980891997,-1.2259523830289705,0.7614287234179828,-0.6506738319647993
1101.0,-2.5572237078602487,-2.36078983629077,-1.885227095324381,-1.2290314518977488,0.7636487043675924,-0.6472899667422656
1102.0,-2.5572237078602487,-2.36078983629077,-1.885227095324381,-1.2290314518977488,0.7636487043675924,-0.6472899667422656
1103.0,-2.552277886256536,-2.3563695437843766,-1.8982650473691642,-1.224109985267656,0.7670787403144719,-0.6421559851639478
1104.0,-2.5473320646528226,-2.3519492512779836,-1.9113029994139474,-1.2191885186375633,0.7705087762613515,-0.6370220035856301
1105.0,-2.5473320646528226,-2.3519492512779836,-1.9113029994139474,-1.2191885186375633,0.7705087762613515,-0.6370220035856301
1106.0,-2.5480577149495813,-2.3423005930425873,-1.9099762912387472,-1.2296263884629337,0.7700038784503938,-0.63777070191115
1107.0,-2.5487833652463396,-2.3326519348071915,-1.908649583063547,-1.2400642582883041,0.7694989806394359,-0.6385194002366699
1108.0,-2.5487833652463396,-2.3326519348071915,-1.908649583063547,-1.2400642582883041,0.7694989806394359,-0.6385194002366699
1109.0,-2.5455023563115127,-2.320066306673314,-1.917302154392051,-1.2464145367333408,0.7717862990056588,-0.6351465446610014
1110.0,-2.542221347376686,-2.3074806785394366,-1.9259547257205551,-1.2527648151783775,0.7740736173718815,-0.631773689085333
1111.0,-2.542221347376686,-2.3074806785394366,-1.9259547257205551,-1.2527648151783775,0.7740736173718815,-0.631773689085333
1112.0,-2.537413682456342,-2.301329028361951,-1.9378685104083395,-1.2504846330023958,0.7774455192688965,-0.6268882094738871
1113.0,-2.5326060175359975,-2.2951773781844653,-1.949782295096124,-1.248204450826414,0.7808174211659115,-0.6220027298624412
1114.0,-2.5326060175359975,-2.2951773781844653,-1.949782295096124,-1.248204450826414,0.7808174211659115,-0.6220027298624412
1115.0,-2.5325325177015525,-2.304523930277602,-1.9497678537848846,-1.238925024325581,0.7808691553288736,-0.6219285581962368
1116.0,-2.532459017867107,-2.3138704823707394,-1.9497534124736449,-1.2296455978247478,0.7809208894918358,-0.6218543865300323
1117.0,-2.532459017867107,-2.3138704823707394,-1.9497534124736449,-1.2296455978247478,0.7809208894918358,-0.6218543865300323
1118.0,-2.5291417671086576,-2.3214431682803394,-1.9571984750849492,-1.2169886311988585,0.7832614862976954,-0.6185228626607604
1119.0,-2.5258245163502075,-2.3290158541899393,-1.9646435376962537,-1.2043316645729691,0.7856020831035551,-0.6151913387914884
1120.0,-2.5258245163502075,-2.3290158541899393,-1.9646435376962537,-1.2043316645729691,0.7856020831035551,-0.6151913387914884
1121.0,-2.523848422366864,-2.336462371825749,-1.9686229455239965,-1.1942963541488278,0.7870016211985598,-0.613221554245947
1122.0,-2.52187232838352,-2.343908889461559,-1.9726023533517394,-1.1842610437246865,0.7884011592935644,-0.6112517697004057
1123.0,-2.52187232838352,-2.343908889461559,-1.9726023533517394,-1.1842610437246865,0.7884011592935644,-0.6112517697004057
1124.0,-2.5242605128837683,-2.3575156349472772,-1.9656328342755904,-1.1759331848802594,0.7867131107512019,-0.6136417778354197
1125.0,-2.5266486973840165,-2.371122380432995,-1.9586633151994413,-1.1676053260358323,0.7850250622088393,-0.6160317859704338
1126.0,-2.529036881884265,-2.3847291259187133,-1.9516937961232923,-1.1592774671914052,0.7833370136664768,-0.6184217941054478
1127.0,-2.531425066384513,-2.3983358714044316,-1.9447242770471433,-1.1509496083469781,0.7816489651241143,-0.6208118022404618
1128.0,-2.531425066384513,-2.3983358714044316,-1.9447242770471433,-1.1509496083469781,0.7816489651241143,-0.6208118022404618
1129.0,-2.5346773112594723,-2.407110614162114,-1.9358286594710084,-1.148728649020496,0.7793633855451594,-0.6241038279273748
1130.0,-2.5379295561344315,-2.4158853569197962,-1.9269330418948736,-1.1465076896940138,0.7770778059662045,-0.6273958536142878
1131.0,-2.5379295561344315,-2.4158853569197962,-1.9269330418948736,-1.1465076896940138,0.7770778059662045,-0.6273958536142878
1132.0,-2.5417433019954396,-2.4265559224713087,-1.916028869463711,-1.1439538045016053,0.7744115675238318,-0.6312953332427564
1133.0,-2.5455570478564478,-2.4372264880228207,-1.9051246970325488,-1.1413999193091968,0.7717453290814591,-0.6351948128712249
1134.0,-2.5455570478564478,-2.4372264880228207,-1.9051246970325488,-1.1413999193091968,0.7717453290814591,-0.6351948128712249
1135.0,-2.550921639405691,-2.443142649645043,-1.8907759565850952,-1.1458347591381066,0.7680209629684247,-0.6407526728603385
1136.0,-2.5562862309549343,-2.4490588112672653,-1.8764272161376414,-1.1502695989670164,0.7642965968553902,-0.6463105328494521
1137.0,-2.5562862309549343,-2.4490588112672653,-1.8764272161376414,-1.1502695989670164,0.7642965968553902,-0.6463105328494521
1138.0,-2.560803996693144,-2.45419427232872,-1.86381445259235,-1.1543094355663868,0.7611844134557122,-0.6510582397474418
1139.0,-2.5653217624313536,-2.459329733390174,-1.8512016890470584,-1.1583492721657571,0.7580722300560343,-0.6558059466454315
1140.0,-2.5653217624313536,-2.459329733390174,-1.8512016890470584,-1.1583492721657571,0.7580722300560343,-0.6558059466454315
1141.0,-2.563780447402269,-2.468694010855055,-1.853314295655254,-1.1480524949073032,0.7591314723303786,-0.6541791947875895
1142.0,-2.5622391323731843,-2.4780582883199354,-1.8554269022634495,-1.1377557176488493,0.760190714604723,-0.6525524429297475
1143.0,-2.5622391323731843,-2.4780582883199354,-1.8554269022634495,-1.1377557176488493,0.760190714604723,-0.6525524429297475
1144.0,-2.5665492431508916,-2.483867966544402,-1.8428439261238356,-1.1412097476024405,0.7572353469351258,-0.6571197604763879
1145.0,-2.5708593539285993,-2.489677644768869,-1.8302609499842215,-1.1446637775560318,0.7542799792655288,-0.6616870780230284
1146.0,-2.5708593539285993,-2.489677644768869,-1.8302609499842215,-1.1446637775560318,0.7542799792655288,-0.6616870780230284
1147.0,-2.5755952502308537,-2.501323254973145,-1.8146403842862298,-1.1449217366529496,0.7510569874651523,-0.6667720644125845
1148.0,-2.580331146533108,-2.5129688651774207,-1.799019818588238,-1.1451796957498674,0.7478339956647758,-0.6718570508021408
1149.0,-2.580331146533108,-2.5129688651774207,-1.799019818588238,-1.1451796957498674,0.7478339956647758,-0.6718570508021408
1150.0,-2.58562228540172,-2.51984019227428,-1.7822704163081884,-1.1508170297469962,0.7442640901701283,-0.6776220993756924
1151.0,-2.590913424270332,-2.526711519371139,-1.7655210140281385,-1.156454363744125,0.7406941846754809,-0.683387147949244
1152.0,-2.590913424270332,-2.526711519371139,-1.7655210140281385,-1.156454363744125,0.7406941846754809,-0.683387147949244
1153.0,-2.5854262833385144,-2.517932392782638,-1.7822632425515323,-1.152763886074303,0.7444401215306999,-0.6775278208392808
1154.0,-2.579939142406697,-2.509153266194137,-1.799005471074926,-1.1490734084044814,0.7481860583859191,-0.6716684937293174
1155.0,-2.5744520014748793,-2.500374139605636,-1.8157476995983197,-1.1453829307346595,0.7519319952411382,-0.6658091666193541
1156.0,-2.5689648605430615,-2.4915950130171343,-1.8324899281217135,-1.1416924530648378,0.7556779320963574,-0.6599498395093908
1157.0,-2.5634777196112437,-2.482815886428633,-1.8492321566451073,-1.138001975395016,0.7594238689515764,-0.6540905123994275
1158.0,-2.5579905786794264,-2.474036759840132,-1.865974385168501,-1.1343114977251942,0.7631698058067956,-0.6482311852894641
1159.0,-2.5525034377476086,-2.465257633251631,-1.8827166136918947,-1.1306210200553723,0.7669157426620147,-0.6423718581795008
1160.0,-2.5525034377476086,-2.465257633251631,-1.8827166136918947,-1.1306210200553723,0.7669157426620147,-0.6423718581795008
1161.0,-2.548065356899182,-2.463222866749083,-1.8939169424154367,-1.124742883581079,0.7700036608288845,-0.6377927221052702
1162.0,-2.5436272760507554,-2.461188100246535,-1.9051172711389786,-1.1188647471067859,0.7730915789957542,-0.6332135860310394
1163.0,-2.5436272760507554,-2.461188100246535,-1.9051172711389786,-1.1188647471067859,0.7730915789957542,-0.6332135860310394
1164.0,-2.539483614717401,-2.452250158768091,-1.9166382274180414,-1.1192959201178823,0.7759933406813174,-0.6289904349112961
1165.0,-2.535339953384047,-2.443312217289647,-1.9281591836971042,-1.1197270931289787,0.7788951023668806,-0.6247672837915529
1166.0,-2.535339953384047,-2.443312217289647,-1.9281591836971042,-1.1197270931289787,0.7788951023668806,-0.6247672837915529
1167.0,-2.5315434763369833,-2.4321957013897864,-1.9388504111763663,-1.1228680061228749,0.7815692161898455,-0.6209414544159928
1168.0,-2.52774699928992,-2.4210791854899263,-1.9495416386556284,-1.126008919116771,0.7842433300128105,-0.6171156250404327
1169.0,-2.52774699928992,-2.4210791854899263,-1.9495416386556284,-1.126008919116771,0.7842433300128105,-0.6171156250404327
1170.0,-2.524480756273585,-2.4092366277945962,-1.9587199240129034,-1.1309748060483622,0.7865555640768894,-0.613856890996771
1171.0,-2.52121451325725,-2.397394070099266,-1.9678982093701787,-1.1359406929799534,0.7888677981409683,-0.6105981569531092
1172.0,-2.52121451325725,-2.397394070099266,-1.9678982093701787,-1.1359406929799534,0.7888677981409683,-0.6105981569531092
1173.0,-2.5152311227847894,-2.3893053545794123,-1.981977499557282,-1.134084461680781,0.793130704794782,-0.6047056674590665
1174.0,-2.5092477323123292,-2.3812166390595584,-1.9960567897443855,-1.1322282303816087,0.7973936114485957,-0.5988131779650238
1175.0,-2.5092477323123292,-2.3812166390595584,-1.9960567897443855,-1.1322282303816087,0.7973936114485957,-0.5988131779650238
1176.0,-2.5021411411288206,-2.3736240436362954,-2.0115001298046913,-1.1291170936754855,0.8025126496173983,-0.5919748273482042
1177.0,-2.495034549945312,-2.3660314482130325,-2.026943469864997,-1.1260059569693626,0.8076316877862011,-0.5851364767313845
1178.0,-2.4879279587618033,-2.3584388527897695,-2.042386809925303,-1.1228948202632394,0.8127507259550037,-0.5782981261145649
1179.0,-2.4879279587618033,-2.3584388527897695,-2.042386809925303,-1.1228948202632394,0.8127507259550037,-0.5782981261145649
1180.0,-2.485331913337499,-2.3730572715783738,-2.0451814244015103,-1.1071600119015814,0.814637894255335,-0.5758497639170891
1181.0,-2.4827358679131946,-2.3876756903669785,-2.047976038877718,-1.0914252035399232,0.8165250625556663,-0.5734014017196134
1182.0,-2.48013982248889,-2.4022941091555827,-2.0507706533539256,-1.0756903951782653,0.8184122308559975,-0.5709530395221376
1183.0,-2.48013982248889,-2.4022941091555827,-2.0507706533539256,-1.0756903951782653,0.8184122308559975,-0.5709530395221376
1184.0,-2.4857344700826847,-2.408045786023501,-2.0390090074489677,-1.0780704438347588,0.8143495125051232,-0.5762417733070672
1185.0,-2.4913291176764787,-2.4137974628914187,-2.02724736154401,-1.0804504924912524,0.810286794154249,-0.5815305070919967
1186.0,-2.4913291176764787,-2.4137974628914187,-2.02724736154401,-1.0804504924912524,0.810286794154249,-0.5815305070919967
1187.0,-2.494785452400172,-2.4259295700586523,-2.018052526878022,-1.0752268809234684,0.8077909949515485,-0.5848387671445655
1188.0,-2.4982417871238645,-2.438061677225886,-2.0088576922120347,-1.0700032693556845,0.805295195748848,-0.5881470271971343
1189.0,-2.4982417871238645,-2.438061677225886,-2.0088576922120347,-1.0700032693556845,0.805295195748848,-0.5881470271971343
1190.0,-2.5018081137467894,-2.432127769614878,-2.002811576795827,-1.0795885640804095,0.8027315482703381,-0.5915939276657507
1191.0,-2.5053744403697142,-2.42619386200387,-1.9967654613796193,-1.0891738588051345,0.8001679007918283,-0.595040828134367
1192.0,-2.5053744403697142,-2.42619386200387,-1.9967654613796193,-1.0891738588051345,0.8001679007918283,-0.595040828134367
1193.0,-2.5112613182365484,-2.4296444580264094,-1.9837249442448324,-1.0947303523673593,0.7959624857718784,-0.6008061002133449
1194.0,-2.517148196103383,-2.4330950540489487,-1.9706844271100454,-1.100286845929584,0.7917570707519286,-0.6065713722923229
1195.0,-2.517148196103383,-2.4330950540489487,-1.9706844271100454,-1.100286845929584,0.7917570707519286,-0.6065713722923229
1196.0,-2.518423519108457,-2.4448441115612285,-1.9655282770346836,-1.092806751387114,0.7908504312787213,-0.6078329406178076
1197.0,-2.5196988421135313,-2.4565931690735088,-1.960372126959322,-1.085326656844644,0.7899437918055141,-0.6090945089432923
1198.0,-2.5196988421135313,-2.4565931690735088,-1.960372126959322,-1.085326656844644,0.7899437918055141,-0.6090945089432923
1199.0,-2.524679188399631,-2.460037183532237,-1.9486503986904795,-1.090093357415623,0.7864186207428929,-0.6140648478071677
1200.0,-2.52965953468573,-2.463481197990965,-1.9369286704216373,-1.0948600579866021,0.7828934496802717,-0.6190351866710433
1201.0,-2.52965953468573,-2.463481197990965,-1.9369286704216373,-1.0948600579866021,0.7828934496802717,-0.6190351866710433
1202.0,-2.5234209126599776,-2.463472585138039,-1.9504225921070162,-1.0857322921597767,0.7873226746169937,-0.6128472497087112
1203.0,-2.5171822906342256,-2.4634639722851124,-1.9639165137923953,-1.0766045263329513,0.7917518995537157,-0.6066593127463791
1204.0,-2.510943668608473,-2.463455359432186,-1.9774104354777742,-1.067476760506126,0.7961811244904377,-0.600471375784047
1205.0,-2.510943668608473,-2.463455359432186,-1.9774104354777742,-1.067476760506126,0.7961811244904377,-0.600471375784047
1206.0,-2.5171366037038725,-2.46731727817198,-1.962629660298667,-1.0739837700126071,0.7918131749864977,-0.6066953472123315
1207.0,-2.523329538799272,-2.471179196911774,-1.9478488851195597,-1.0804907795190886,0.7874452254825578,-0.612919318640616
1208.0,-2.529522473894671,-2.4750411156515675,-1.9330681099404523,-1.0869977890255698,0.7830772759786179,-0.6191432900689006
1209.0,-2.53571540899007,-2.4789030343913616,-1.9182873347613452,-1.093504798532051,0.7787093264746779,-0.6253672614971851
1210.0,-2.5419083440854693,-2.4827649531311557,-1.903506559582238,-1.1000118080385324,0.774341376970738,-0.6315912329254696
1211.0,-2.5481012791808686,-2.4866268718709494,-1.8887257844031307,-1.1065188175450136,0.7699734274667981,-0.6378152043537542
1212.0,-2.5481012791808686,-2.4866268718709494,-1.8887257844031307,-1.1065188175450136,0.7699734274667981,-0.6378152043537542
1213.0,-2.5497751787563883,-2.4696648739183944,-1.8878512412966144,-1.1231065763239352,0.7688117896265388,-0.6395507141221373
1214.0,-2.551449078331908,-2.45270287596584,-1.886976698190098,-1.1396943351028568,0.7676501517862795,-0.6412862238905204
1215.0,-2.553122977907428,-2.435740878013285,-1.8861021550835817,-1.1562820938817784,0.7664885139460202,-0.6430217336589035
1216.0,-2.5547968774829477,-2.41877888006073,-1.8852276119770655,-1.1728698526607,0.765326876105761,-0.6447572434272866
1217.0,-2.5547968774829477,-2.41877888006073,-1.8852276119770655,-1.1728698526607,0.765326876105761,-0.6447572434272866
1218.0,-2.550281956002388,-2.4138100488913024,-1.8972018276969487,-1.1692244854358018,0.7684629162525416,-0.6400839704904755
1219.0,-2.545767034521828,-2.408841217721874,-1.909176043416832,-1.1655791182109037,0.7715989563993223,-0.6354106975536643
1220.0,-2.545767034521828,-2.408841217721874,-1.909176043416832,-1.1655791182109037,0.7715989563993223,-0.6354106975536643
1221.0,-2.5430485266861282,-2.3916959506201865,-1.9168015948426118,-1.1770573548923078,0.773509070503235,-0.6326579642773661
1222.0,-2.540330018850428,-2.374550683518499,-1.9244271462683917,-1.188535591573712,0.7754191846071479,-0.629905231001068
1223.0,-2.537611511014728,-2.3574054164168112,-1.9320526976941717,-1.200013828255116,0.7773292987110606,-0.6271524977247698
1224.0,-2.534893003179028,-2.3402601493151236,-1.9396782491199516,-1.2114920649365202,0.7792394128149733,-0.6243997644484716
1225.0,-2.532174495343328,-2.3231148822134364,-1.9473038005457317,-1.2229703016179243,0.7811495269188861,-0.6216470311721733
1226.0,-2.529455987507628,-2.305969615111749,-1.9549293519715116,-1.2344485382993284,0.7830596410227988,-0.6188942978958751
1227.0,-2.5267374796719277,-2.288824348010061,-1.9625549033972916,-1.2459267749807326,0.7849697551267116,-0.616141564619577
1228.0,-2.524018971836228,-2.2716790809083736,-1.9701804548230715,-1.2574050116621367,0.7868798692306244,-0.6133888313432788
1229.0,-2.524018971836228,-2.2716790809083736,-1.9701804548230715,-1.2574050116621367,0.7868798692306244,-0.6133888313432788
1230.0,-2.530185670315804,-2.279568924681155,-1.9536412804512029,-1.261417883027063,0.7826131674521929,-0.6198168668230329
1231.0,-2.536352368795381,-2.2874587684539365,-1.9371021060793343,-1.2654307543919894,0.7783464656737614,-0.6262449023027871
1232.0,-2.542519067274957,-2.295348612226718,-1.9205629317074655,-1.2694436257569157,0.77407976389533,-0.6326729377825412
1233.0,-2.548685765754534,-2.3032384559994994,-1.904023757335597,-1.273456497121842,0.7698130621168985,-0.6391009732622953
1234.0,-2.55485246423411,-2.311128299772281,-1.8874845829637283,-1.2774693684867684,0.7655463603384671,-0.6455290087420494
1235.0,-2.5610191627136865,-2.3190181435450627,-1.8709454085918598,-1.2814822398516947,0.7612796585600357,-0.6519570442218036
1236.0,-2.567185861193263,-2.326907987317844,-1.8544062342199912,-1.285495111216621,0.7570129567816042,-0.6583850797015577
1237.0,-2.5733525596728395,-2.3347978310906257,-1.8378670598481224,-1.2895079825815474,0.7527462550031727,-0.6648131151813118
1238.0,-2.5795192581524162,-2.342687674863407,-1.8213278854762538,-1.2935208539464738,0.7484795532247412,-0.6712411506610659
1239.0,-2.5856859566319925,-2.3505775186361886,-1.8047887111043852,-1.2975337253114,0.7442128514463098,-0.6776691861408201
1240.0,-2.5856859566319925,-2.3505775186361886,-1.8047887111043852,-1.2975337253114,0.7442128514463098,-0.6776691861408201
1241.0,-2.589320236246294,-2.366759501450662,-1.7915240631564373,-1.2916019404065024,0.7417972002838004,-0.681726199743346
1242.0,-2.5929545158605958,-2.3829414842651353,-1.7782594152084894,-1.285670155501605,0.7393815491212908,-0.6857832133458721
1243.0,-2.596588795474897,-2.399123467079608,-1.7649947672605417,-1.2797383705967074,0.7369658979587814,-0.6898402269483981
1244.0,-2.600223075089199,-2.4153054498940816,-1.7517301193125938,-1.2738065856918097,0.734550246796272,-0.6938972405509242
1245.0,-2.6038573547035004,-2.431487432708555,-1.738465471364646,-1.2678748007869123,0.7321345956337625,-0.6979542541534501
1246.0,-2.6074916343178023,-2.4476694155230283,-1.725200823416698,-1.2619430158820146,0.7297189444712531,-0.7020112677559762
1247.0,-2.6111259139321037,-2.463851398337501,-1.7119361754687503,-1.256011230977117,0.7273032933087437,-0.7060682813585022
1248.0,-2.6147601935464055,-2.4800333811519746,-1.6986715275208024,-1.2500794460722195,0.7248876421462341,-0.7101252949610283
1249.0,-2.618394473160707,-2.496215363966448,-1.6854068795728545,-1.244147661167322,0.7224719909837247,-0.7141823085635542
1250.0,-2.618394473160707,-2.496215363966448,-1.6854068795728545,-1.244147661167322,0.7224719909837247,-0.7141823085635542
1251.0,-2.6223651719699137,-2.500367723836663,-1.6751024993548629,-1.2611986098706278,0.7381777587452106,-0.6968706997367811
1252.0,-2.62633587077912,-2.5045200837068777,-1.664798119136871,-1.2782495585739337,0.7538835265066965,-0.679559090910008
1253.0,-2.6303065695883268,-2.5086724435770926,-1.6544937389188794,-1.2953005072772397,0.7695892942681826,-0.6622474820832348
1254.0,-2.6342772683975335,-2.512824803447307,-1.6441893587008878,-1.3123514559805456,0.7852950620296685,-0.6449358732564617
1255.0,-2.6382479672067403,-2.516977163317522,-1.6338849784828962,-1.3294024046838515,0.8010008297911544,-0.6276242644296885
1256.0,-2.642218666015947,-2.521129523187737,-1.6235805982649043,-1.3464533533871574,0.8167065975526403,-0.6103126556029155
1257.0,-2.6461893648251533,-2.5252818830579518,-1.6132762180469127,-1.3635043020904634,0.8324123653141262,-0.5930010467761423
1258.0,-2.65016006363436,-2.5294342429281667,-1.602971837828921,-1.3805552507937693,0.8481181330756121,-0.5756894379493692
1259.0,-2.654130762443567,-2.5335866027983815,-1.5926674576109292,-1.3976061994970752,0.863823900837098,-0.558377829122596
1260.0,-2.658101461252773,-2.5377389626685964,-1.5823630773929376,-1.4146571482003811,0.8795296685985841,-0.541066220295823
1261.0,-2.66207216006198,-2.5418913225388113,-1.572058697174946,-1.431708096903687,0.89523543636007,-0.5237546114690498
1262.0,-2.6660428588711866,-2.5460436824090262,-1.561754316956954,-1.448759045606993,0.9109412041215559,-0.5064430026422766
1263.0,-2.6700135576803934,-2.5501960422792407,-1.5514499367389625,-1.465809994310299,0.9266469718830418,-0.4891313938155035
1264.0,-2.6739842564895997,-2.5543484021494556,-1.5411455565209708,-1.4828609430136048,0.9423527396445277,-0.47181978498873045
1265.0,-2.6779549552988064,-2.5585007620196705,-1.5308411763029792,-1.4999118917169108,0.9580585074060137,-0.45450817616195727
1266.0,-2.681925654108013,-2.5626531218898854,-1.5205367960849874,-1.5169628404202167,0.9737642751674995,-0.43719656733518414
1267.0,-2.68589635291722,-2.5668054817601003,-1.5102324158669957,-1.5340137891235226,0.9894700429289855,-0.419884958508411
1268.0,-2.6898670517264263,-2.570957841630315,-1.4999280356490041,-1.5510647378268285,1.0051758106904716,-0.4025733496816378
1269.0,-2.693837750535633,-2.57511020150053,-1.4896236554310125,-1.5681156865301344,1.0208815784519574,-0.38526174085486475
1270.0,-2.6978084493448398,-2.5792625613707445,-1.4793192752130206,-1.5851666352334404,1.0365873462134432,-0.3679501320280916
1271.0,-2.7017791481540465,-2.5834149212409594,-1.469014894995029,-1.6022175839367463,1.0522931139749292,-0.35063852320131844
1272.0,-2.7057498469632533,-2.5875672811111743,-1.4587105147770374,-1.6192685326400522,1.0679988817364152,-0.3333269143745453
1273.0,-2.7097205457724596,-2.591719640981389,-1.4484061345590455,-1.6363194813433581,1.083704649497901,-0.31601530554777224
1274.0,-2.7136912445816663,-2.595872000851604,-1.438101754341054,-1.653370430046664,1.099410417259387,-0.29870369672099906
1275.0,-2.7136912445816663,-2.595872000851604,-1.438101754341054,-1.653370430046664,1.099410417259387,-0.29870369672099906
1276.0,-2.7173856978770354,-2.589077142380166,-1.4330994843751887,-1.6641010789012458,1.096354810957326,-0.30103814435103293
1277.0,-2.7210801511724045,-2.5822822839087283,-1.4280972144093236,-1.6748317277558276,1.093299204655265,-0.30337259198106675
1278.0,-2.7210801511724045,-2.5822822839087283,-1.4280972144093236,-1.6748317277558276,1.093299204655265,-0.30337259198106675
1279.0,-2.721008701343547,-2.567420819666902,-1.4304446899254029,-1.6873665261183894,1.093358257192517,-0.303327304931443
1280.0,-2.7209372515146897,-2.552559355425076,-1.4327921654414821,-1.6999013244809513,1.0934173097297686,-0.30328201788181924
1281.0,-2.7209372515146897,-2.552559355425076,-1.4327921654414821,-1.6999013244809513,1.0934173097297686,-0.30328201788181924
1282.0,-2.7199596422360974,-2.536968710903616,-1.4359513353721864,-1.7126167942531085,1.0942254614117495,-0.3026629346245886
1283.0,-2.7189820329575047,-2.521378066382156,-1.4391105053028908,-1.7253322640252657,1.0950336130937306,-0.302043851367358
1284.0,-2.7189820329575047,-2.521378066382156,-1.4391105053028908,-1.7253322640252657,1.0950336130937306,-0.302043851367358
1285.0,-2.7200318772635423,-2.510319440533461,-1.43753860546154,-1.737657714569438,1.0941657599253667,-0.3027087448772795
1286.0,-2.72108172156958,-2.4992608146847655,-1.4359667056201895,-1.7499831651136104,1.0932979067570028,-0.30337363838720094
1287.0,-2.72108172156958,-2.4992608146847655,-1.4359667056201895,-1.7499831651136104,1.0932979067570028,-0.30337363838720094
1288.0,-2.7174923959766155,-2.4885994368867603,-1.442513144386378,-1.7551345079845595,1.0962665021638118,-0.3011054134666813
1289.0,-2.713903070383651,-2.4779380590887556,-1.4490595831525663,-1.7602858508555086,1.0992350975706209,-0.29883718854616165
1290.0,-2.713903070383651,-2.4779380590887556,-1.4490595831525663,-1.7602858508555086,1.0992350975706209,-0.29883718854616165
1291.0,-2.7308313304398815,-2.4794437651627113,-1.4590277975656605,-1.7436548417410673,1.0852971005392973,-0.3097415273761559
1292.0,-2.7477595904961114,-2.4809494712366673,-1.4689960119787548,-1.7270238326266258,1.0713591035079737,-0.3206458662061501
1293.0,-2.764687850552342,-2.482455177310623,-1.478964226391849,-1.7103928235121846,1.05742110647665,-0.33155020503614435
1294.0,-2.764687850552342,-2.482455177310623,-1.478964226391849,-1.7103928235121846,1.05742110647665,-0.33155020503614435
1295.0,-2.7656580940729683,-2.491392749914797,-1.476851570387856,-1.70325319605827,1.0566267874173847,-0.33219010557545864
1296.0,-2.7666283375935947,-2.500330322518971,-1.4747389143838627,-1.6961135686043554,1.0558324683581195,-0.3328300061147729
1297.0,-2.7666283375935947,-2.500330322518971,-1.4747389143838627,-1.6961135686043554,1.0558324683581195,-0.3328300061147729
1298.0,-2.768928469421886,-2.5021894917281586,-1.4707859248519926,-1.6998395997473652,1.072907221126244,-0.3220954030161397
1299.0,-2.771228601250177,-2.5040486609373467,-1.4668329353201224,-1.7035656308903753,1.0899819738943686,-0.3113607999175065
1300.0,-2.7735287330784684,-2.5059078301465343,-1.4628799457882522,-1.7072916620333851,1.1070567266624933,-0.30062619681887326
1301.0,-2.7758288649067593,-2.507766999355722,-1.458926956256382,-1.7110176931763952,1.1241314794306179,-0.28989159372024004
1302.0,-2.7781289967350506,-2.50962616856491,-1.4549739667245118,-1.714743724319405,1.1412062321987424,-0.2791569906216068
1303.0,-2.7804291285633416,-2.5114853377740975,-1.4510209771926417,-1.718469755462415,1.158280984966867,-0.2684223875229736
1304.0,-2.782729260391633,-2.5133445069832856,-1.4470679876607715,-1.722195786605425,1.1753557377349915,-0.25768778442434037
1305.0,-2.785029392219924,-2.515203676192473,-1.4431149981289015,-1.725921817748435,1.1924304905031162,-0.24695318132570715
1306.0,-2.787329524048215,-2.517062845401661,-1.4391620085970314,-1.7296478488914449,1.2095052432712408,-0.23621857822707393
1307.0,-2.789629655876506,-2.518922014610849,-1.4352090190651612,-1.733373880034455,1.2265799960393653,-0.2254839751284407
1308.0,-2.7919297877047975,-2.5207811838200365,-1.431256029533291,-1.7370999111774648,1.2436547488074898,-0.2147493720298075
1309.0,-2.794229919533089,-2.522640353029224,-1.4273030400014208,-1.7408259423204746,1.2607295015756144,-0.2040147689311743
1310.0,-2.7965300513613798,-2.524499522238412,-1.4233500504695507,-1.7445519734634847,1.2778042543437391,-0.19328016583254107
1311.0,-2.798830183189671,-2.5263586914475997,-1.4193970609376805,-1.7482780046064945,1.2948790071118637,-0.18254556273390785
1312.0,-2.801130315017962,-2.5282178606567873,-1.4154440714058103,-1.7520040357495046,1.3119537598799882,-0.17181095963527462
1313.0,-2.8034304468462534,-2.5300770298659754,-1.4114910818739401,-1.7557300668925144,1.3290285126481127,-0.1610763565366414
1314.0,-2.8057305786745443,-2.531936199075163,-1.40753809234207,-1.7594560980355245,1.3461032654162373,-0.1503417534380082
1315.0,-2.8080307105028357,-2.533795368284351,-1.4035851028101998,-1.7631821291785343,1.363178018184362,-0.13960715033937496
1316.0,-2.8103308423311266,-2.5356545374935386,-1.3996321132783296,-1.7669081603215444,1.3802527709524866,-0.12887254724074176
1317.0,-2.812630974159418,-2.5375137067027262,-1.3956791237464594,-1.7706341914645543,1.397327523720611,-0.11813794414210851
1318.0,-2.814931105987709,-2.5393728759119143,-1.3917261342145892,-1.7743602226075643,1.4144022764887356,-0.10740334104347532
1319.0,-2.8172312378160003,-2.541232045121102,-1.3877731446827193,-1.7780862537505742,1.4314770292568602,-0.0966687379448421
1320.0,-2.8195313696442916,-2.5430912143302895,-1.383820155150849,-1.781812284893584,1.448551782024985,-0.08593413484620888
1321.0,-2.8218315014725825,-2.5449503835394776,-1.379867165618979,-1.785538316036594,1.4656265347931094,-0.07519953174757565
1322.0,-2.824131633300874,-2.546809552748665,-1.3759141760871088,-1.789264347179604,1.482701287561234,-0.06446492864894243
1323.0,-2.826431765129165,-2.5486687219578528,-1.3719611865552386,-1.792990378322614,1.4997760403293587,-0.05373032555030921
1324.0,-2.828731896957456,-2.550527891167041,-1.3680081970233684,-1.7967164094656238,1.516850793097483,-0.04299572245167599
1325.0,-2.831032028785747,-2.5523870603762284,-1.3640552074914982,-1.800442440608634,1.5339255458656078,-0.032261119353042766
1326.0,-2.8333321606140385,-2.5542462295854165,-1.360102217959628,-1.8041684717516437,1.5510002986337323,-0.0215265162544096
1327.0,-2.8356322924423294,-2.556105398794604,-1.3561492284277579,-1.8078945028946538,1.5680750514018569,-0.010791913155776323
1328.0,-2.8379324242706208,-2.5579645680037917,-1.3521962388958877,-1.8116205340376637,1.5851498041699816,-5.731005714310067e-05
1329.0,-2.8402325560989117,-2.5598237372129797,-1.3482432493640175,-1.8153465651806737,1.602224556938106,0.010677293041490121
1330.0,-2.842532687927203,-2.5616829064221673,-1.3442902598321473,-1.8190725963236836,1.6192993097062307,0.021411896140123343
1331.0,-2.8448328197554944,-2.563542075631355,-1.3403372703002772,-1.8227986274666934,1.6363740624743552,0.03214649923875651
1332.0,-2.8471329515837853,-2.565401244840543,-1.336384280768407,-1.8265246586097035,1.6534488152424798,0.04288110233738979
1333.0,-2.8494330834120767,-2.5672604140497306,-1.3324312912365368,-1.8302506897527133,1.6705235680106045,0.05361570543602301
1334.0,-2.8517332152403676,-2.569119583258918,-1.3284783017046666,-1.8339767208957234,1.6875983207787288,0.06435030853465623
1335.0,-2.854033347068659,-2.5709787524681063,-1.3245253121727967,-1.8377027520387332,1.7046730735468536,0.0750849116332894
1336.0,-2.85633347889695,-2.572837921677294,-1.3205723226409265,-1.8414287831817433,1.7217478263149781,0.08581951473192262
1337.0,-2.8586336107252412,-2.574697090886482,-1.3166193331090563,-1.8451548143247531,1.7388225790831027,0.0965541178305559
1338.0,-2.860933742553532,-2.5765562600956695,-1.3126663435771861,-1.8488808454677632,1.7558973318512274,0.10728872092918912
1339.0,-2.8632338743818235,-2.578415429304857,-1.308713354045316,-1.852606876610773,1.7729720846193517,0.11802332402782229
1340.0,-2.8655340062101144,-2.580274598514045,-1.3047603645134458,-1.856332907753783,1.7900468373874765,0.1287579271264555
1341.0,-2.867834138038406,-2.5821337677232328,-1.3008073749815756,-1.860058938896793,1.807121590155601,0.13949253022508873
1342.0,-2.867834138038406,-2.5821337677232328,-1.3008073749815756,-1.860058938896793,1.807121590155601,0.1394925302250887
1343.0,-2.8704902511857435,-2.5946185298501967,-1.3005914283118127,-1.8481173620839801,1.8048434478797197,0.13808821854061173
1344.0,-2.8704902511857435,-2.5946185298501967,-1.3005914283118127,-1.8481173620839801,1.8048434478797197,0.13808821854061173
1345.0,-2.880997280251163,-2.5872055812416805,-1.304449064441361,-1.852933285411256,1.7958272844018415,0.13254783969349096
1346.0,-2.880997280251163,-2.5872055812416805,-1.304449064441361,-1.852933285411256,1.7958272844018415,0.13254783969349096
1347.0,-2.8979318530178464,-2.5853448619925876,-1.3090480985851454,-1.852113916387028,1.78128173041683,0.12366581891890407
1348.0,-2.8979318530178464,-2.5853448619925876,-1.3090480985851454,-1.852113916387028,1.78128173041683,0.12366581891890407
1349.0,-2.8949988338602157,-2.599374656707308,-1.3069056500811576,-1.839904115133857,1.7838021601499496,0.12520009870042262
1350.0,-2.8949988338602157,-2.599374656707308,-1.3069056500811576,-1.839904115133857,1.7838021601499496,0.12520009870042262
1351.0,-2.8987277526103647,-2.6149732850244174,-1.3056621829426658,-1.8259581455428917,1.7805977073112957,0.12324977946910608
1352.0,-2.8987277526103647,-2.6149732850244174,-1.3056621829426658,-1.8259581455428917,1.7805977073112957,0.12324977946910608
1353.0,-2.9110556415097215,-2.6091855075292023,-1.3091449009447265,-1.8295689083253592,1.7699982789175859,0.11682060757961424
1354.0,-2.9110556415097215,-2.6091855075292023,-1.3091449009447265,-1.8295689083253592,1.7699982789175859,0.11682060757961424
1355.0,-2.9173528064251952,-2.5954654315664323,-1.3120987615562982,-1.8409741880426422,1.7645809126576484,0.1135472514994048
1356.0,-2.9173528064251952,-2.5954654315664323,-1.3120987615562982,-1.8409741880426422,1.7645809126576484,0.1135472514994048
1357.0,-2.9300707577350535,-2.5937530088012495,-1.3143780926341229,-1.8416409479513451,1.7536337335040288,0.10695726536104029
1358.0,-2.9300707577350535,-2.5937530088012495,-1.3143780926341229,-1.8416409479513451,1.7536337335040288,0.10695726536104029
1359.0,-2.9310893672873997,-2.606970520830748,-1.3044546127467789,-1.8384421725666213,1.752756583259231,0.10643072453536853
1360.0,-2.9321079768397453,-2.620188032860246,-1.2945311328594349,-1.8352433971818976,1.7518794330144327,0.10590418370969679
1361.0,-2.9321079768397453,-2.620188032860246,-1.2945311328594349,-1.8352433971818976,1.7518794330144327,0.10590418370969679
1362.0,-2.9187830307559564,-2.6206506134507563,-1.3087792813732504,-1.8192509670169124,1.7633502261137688,0.11280479050263593
1363.0,-2.9187830307559564,-2.6206506134507563,-1.3087792813732504,-1.8192509670169124,1.7633502261137688,0.11280479050263593
1364.0,-2.908793258802073,-2.635650309191845,-1.3041550767017804,-1.8078596923580117,1.7719440709983545,0.11799837900564374
1365.0,-2.908793258802073,-2.635650309191845,-1.3041550767017804,-1.8078596923580117,1.7719440709983545,0.11799837900564374
1366.0,-2.898095764713605,-2.6480140008428203,-1.2992796752739368,-1.7992310994393599,1.7811408620344091,0.12358012466848345
1367.0,-2.898095764713605,-2.6480140008428203,-1.2992796752739368,-1.7992310994393599,1.7811408620344091,0.12358012466848345
1368.0,-2.9091770164164967,-2.6545415212347643,-1.300097717977486,-1.7930657865191881,1.7716140342609368,0.11779852189397276
1369.0,-2.9091770164164967,-2.6545415212347643,-1.300097717977486,-1.7930657865191881,1.7716140342609368,0.11779852189397276
1370.0,-2.898600963345146,-2.666196455178543,-1.2950060144831872,-1.7853773908129125,1.780706676670107,0.1233160354860949
1371.0,-2.898600963345146,-2.666196455178543,-1.2950060144831872,-1.7853773908129125,1.780706676670107,0.1233160354860949
1372.0,-2.8868404830997467,-2.663205085114686,-1.292985670997251,-1.7890749600649036,1.7908102900875504,0.12947665077150602
1373.0,-2.8868404830997467,-2.663205085114686,-1.292985670997251,-1.7890749600649036,1.7908102900875504,0.12947665077150602
1374.0,-2.8714454080590017,-2.6632732331125153,-1.2887496141675099,-1.7914213292381478,1.804024103076583,0.13758358376917987
1375.0,-2.8714454080590017,-2.6632732331125153,-1.2887496141675099,-1.7914213292381478,1.804024103076583,0.13758358376917987
1376.0,-2.8649138223385453,-2.652225025013836,-1.289367951147493,-1.8010433082181205,1.809625819514185,0.14103830814024385
1377.0,-2.8649138223385453,-2.652225025013836,-1.289367951147493,-1.8010433082181205,1.809625819514185,0.14103830814024385
1378.0,-2.8589923722688093,-2.6696156567608065,-1.2832534399860058,-1.789016592973461,1.8147018869440035,0.14417845543893
1379.0,-2.8589923722688093,-2.6696156567608065,-1.2832534399860058,-1.789016592973461,1.8147018869440035,0.14417845543893
1380.0,-2.8602817861163117,-2.657168505628298,-1.2864277240432491,-1.7984535592681672,1.813596644042942,0.14349438286810665
1381.0,-2.8615711999638136,-2.6447213544957893,-1.2896020081004926,-1.8078905255628732,1.8124914011418807,0.1428103102972833
1382.0,-2.862860613811316,-2.6322742033632807,-1.292776292157736,-1.8173274918575795,1.8113861582408193,0.14212623772645996
1383.0,-2.862860613811316,-2.6322742033632807,-1.292776292157736,-1.8173274918575795,1.8113861582408193,0.14212623772645996
1384.0,-2.8753250574041376,-2.6214418364712557,-1.298519434187722,-1.8239528215643512,1.8006955082353178,0.13553591374558507
1385.0,-2.8753250574041376,-2.6214418364712557,-1.298519434187722,-1.8239528215643512,1.8006955082353178,0.13553591374558507
1386.0,-2.8881534368594397,-2.6220297709350286,-1.2852618841760952,-1.83812402857083,1.7896827057885571,0.12878753070497526
1387.0,-2.8881534368594397,-2.6220297709350286,-1.2852618841760952,-1.83812402857083,1.7896827057885571,0.12878753070497526
1388.0,-2.877301569650423,-2.615625784456464,-1.2914261098031485,-1.837069976140502,1.7989957643688808,0.13450632574490382
1389.0,-2.866449702441406,-2.609221797977899,-1.2975903354302019,-1.836015923710174,1.8083088229492046,0.14022512078483237
1390.0,-2.866449702441406,-2.609221797977899,-1.2975903354302019,-1.836015923710174,1.8083088229492046,0.14022512078483237
1391.0,-2.8730830019511107,-2.6231573319523367,-1.2915435170828478,-1.8289209933959125,1.8026164956437136,0.1367282109221606
1392.0,-2.8797163014608147,-2.6370928659267747,-1.2854966987354937,-1.821826063081651,1.7969241683382229,0.13323130105948883
1393.0,-2.886349600970519,-2.6510283999012123,-1.2794498803881396,-1.8147311327673894,1.791231841032732,0.12973439119681704
1394.0,-2.886349600970519,-2.6510283999012123,-1.2794498803881396,-1.8147311327673894,1.791231841032732,0.12973439119681704
1395.0,-2.8835217082716382,-2.6492757203367896,-1.2838620133038066,-1.8103642994922573,1.774165286312821,0.11900588659501318
1396.0,-2.880693815572757,-2.647523040772367,-1.2882741462194738,-1.8059974662171252,1.7570987315929099,0.10827738199320934
1397.0,-2.877865922873876,-2.6457703612079437,-1.2926862791351408,-1.801630632941993,1.740032176872999,0.09754887739140548
1398.0,-2.875038030174995,-2.644017681643521,-1.2970984120508078,-1.7972637996668608,1.7229656221530878,0.08682037278960164
1399.0,-2.8722101374761135,-2.6422650020790983,-1.3015105449664748,-1.7928969663917287,1.7058990674331769,0.07609186818779778
1400.0,-2.8693822447772326,-2.6405123225146756,-1.305922677882142,-1.7885301331165966,1.688832512713266,0.06536336358599393
1401.0,-2.866554352078351,-2.638759642950253,-1.310334810797809,-1.7841632998414645,1.6717659579933548,0.05463485898419007
1402.0,-2.8637264593794702,-2.63700696338583,-1.314746943713476,-1.7797964665663324,1.654699403273444,0.04390635438238623
1403.0,-2.8608985666805893,-2.635254283821407,-1.319159076629143,-1.7754296332912003,1.6376328485535327,0.033177849780582386
1404.0,-2.858070673981708,-2.6335016042569843,-1.3235712095448102,-1.7710628000160682,1.6205662938336218,0.02244934517877853
1405.0,-2.855242781282827,-2.6317489246925616,-1.3279833424604772,-1.7666959667409359,1.603499739113711,0.011720840576974673
1406.0,-2.852414888583946,-2.629996245128139,-1.3323954753761442,-1.7623291334658038,1.5864331843937998,0.000992335975170816
1407.0,-2.8495869958850646,-2.628243565563716,-1.3368076082918112,-1.7579623001906717,1.5693666296738888,-0.009736168626633013
1408.0,-2.8467591031861836,-2.626490885999293,-1.3412197412074784,-1.7535954669155396,1.5523000749539777,-0.020464673228436897
1409.0,-2.8439312104873022,-2.6247382064348703,-1.3456318741231454,-1.7492286336404075,1.5352335202340668,-0.031193177830240726
1410.0,-2.8411033177884213,-2.6229855268704476,-1.3500440070388124,-1.7448618003652754,1.5181669655141559,-0.04192168243204458
1411.0,-2.8382754250895403,-2.621232847306025,-1.3544561399544794,-1.7404949670901433,1.5011004107942447,-0.05265018703384844
1412.0,-2.835447532390659,-2.619480167741602,-1.3588682728701467,-1.736128133815011,1.4840338560743338,-0.06337869163565227
1413.0,-2.832619639691778,-2.617727488177179,-1.3632804057858137,-1.7317613005398789,1.4669673013544227,-0.07410719623745615
1414.0,-2.829791746992897,-2.6159748086127563,-1.3676925387014807,-1.7273944672647468,1.4499007466345117,-0.08483570083925998
1415.0,-2.8269638542940156,-2.6142221290483336,-1.3721046716171477,-1.7230276339896147,1.4328341919146008,-0.09556420544106384
1416.0,-2.8241359615951347,-2.612469449483911,-1.3765168045328149,-1.7186608007144826,1.4157676371946897,-0.1062927100428677
1417.0,-2.8213080688962533,-2.610716769919488,-1.3809289374484819,-1.7142939674393505,1.3987010824747788,-0.11702121464467152
1418.0,-2.8184801761973723,-2.6089640903550655,-1.3853410703641489,-1.7099271341642184,1.3816345277548678,-0.1277497192464754
1419.0,-2.8156522834984914,-2.6072114107906423,-1.3897532032798159,-1.7055603008890863,1.3645679730349567,-0.13847822384827926
1420.0,-2.81282439079961,-2.6054587312262196,-1.394165336195483,-1.701193467613954,1.3475014183150458,-0.14920672845008306
1421.0,-2.809996498100729,-2.603706051661797,-1.39857746911115,-1.6968266343388219,1.3304348635951346,-0.15993523305188698
1422.0,-2.807168605401848,-2.601953372097374,-1.402989602026817,-1.6924598010636898,1.3133683088752237,-0.17066373765369083
1423.0,-2.8043407127029667,-2.6002006925329515,-1.407401734942484,-1.6880929677885577,1.2963017541553126,-0.18139224225549463
1424.0,-2.8015128200040857,-2.5984480129685283,-1.4118138678581513,-1.6837261345134256,1.2792351994354016,-0.1921207468572985
1425.0,-2.7986849273052044,-2.5966953334041056,-1.4162260007738183,-1.6793593012382935,1.2621686447154907,-0.20284925145910235
1426.0,-2.7958570346063234,-2.594942653839683,-1.4206381336894853,-1.6749924679631611,1.2451020899955796,-0.2135777560609062
1427.0,-2.7930291419074424,-2.59318997427526,-1.4250502666051523,-1.670625634688029,1.2280355352756687,-0.22430626066271006
1428.0,-2.790201249208561,-2.5914372947108375,-1.4294623995208195,-1.666258801412897,1.2109689805557577,-0.23503476526451392
1429.0,-2.78737335650968,-2.5896846151464143,-1.4338745324364865,-1.6618919681377649,1.1939024258358466,-0.24576326986631777
1430.0,-2.784545463810799,-2.5879319355819916,-1.4382866653521535,-1.6575251348626328,1.1768358711159357,-0.25649177446812155
1431.0,-2.7817175711119178,-2.586179256017569,-1.4426987982678208,-1.6531583015875007,1.1597693163960248,-0.2672202790699254
1432.0,-2.778889678413037,-2.584426576453146,-1.4471109311834878,-1.6487914683123686,1.1427027616761136,-0.27794878367172937
1433.0,-2.7760617857141554,-2.5826738968887235,-1.4515230640991548,-1.6444246350372365,1.1256362069562027,-0.2886772882735331
1434.0,-2.7732338930152745,-2.580921217324301,-1.4559351970148218,-1.6400578017621041,1.1085696522362916,-0.299405792875337
1435.0,-2.7704060003163935,-2.5791685377598776,-1.4603473299304888,-1.635690968486972,1.0915030975163806,-0.31013429747714083
1436.0,-2.767578107617512,-2.577415858195455,-1.464759462846156,-1.63132413521184,1.0744365427964695,-0.3208628020789447
1437.0,-2.764750214918631,-2.5756631786310322,-1.469171595761823,-1.6269573019367078,1.0573699880765586,-0.33159130668074854
1438.0,-2.764750214918631,-2.5756631786310322,-1.469171595761823,-1.6269573019367078,1.0573699880765586,-0.3315913066807486
1439.0,-2.768632549225931,-2.577501912247696,-1.4651308756242285,-1.6310469323941323,1.0744810614383997,-0.3208174243927912
1440.0,-2.772514883533231,-2.5793406458643595,-1.4610901554866342,-1.635136562851557,1.091592134800241,-0.3100435421048338
1441.0,-2.7763972178405316,-2.581179379481023,-1.4570494353490397,-1.6392261933089816,1.1087032081620822,-0.2992696598168764
1442.0,-2.7802795521478316,-2.583018113097687,-1.4530087152114453,-1.643315823766406,1.1258142815239236,-0.28849577752891903
1443.0,-2.7841618864551316,-2.5848568467143505,-1.448967995073851,-1.6474054542238306,1.1429253548857647,-0.27772189524096164
1444.0,-2.7880442207624316,-2.586695580331014,-1.4449272749362565,-1.6514950846812553,1.1600364282476059,-0.2669480129530042
1445.0,-2.7919265550697316,-2.5885343139476773,-1.440886554798662,-1.6555847151386798,1.1771475016094473,-0.2561741306650468
1446.0,-2.7958088893770316,-2.590373047564341,-1.4368458346610677,-1.6596743455961043,1.1942585749712884,-0.24540024837708943
1447.0,-2.799691223684332,-2.5922117811810046,-1.4328051145234733,-1.663763976053529,1.2113696483331298,-0.23462636608913204
1448.0,-2.803573557991632,-2.5940505147976682,-1.4287643943858788,-1.6678536065109535,1.228480721694971,-0.22385248380117465
1449.0,-2.807455892298932,-2.595889248414332,-1.4247236742482845,-1.671943236968378,1.245591795056812,-0.21307860151321723
1450.0,-2.811338226606232,-2.5977279820309955,-1.42068295411069,-1.6760328674258027,1.2627028684186534,-0.20230471922525983
1451.0,-2.815220560913532,-2.599566715647659,-1.4166422339730955,-1.6801224978832272,1.2798139417804946,-0.19153083693730247
1452.0,-2.819102895220832,-2.601405449264323,-1.4126015138355013,-1.6842121283406517,1.2969250151423357,-0.18075695464934505
1453.0,-2.8229852295281326,-2.6032441828809865,-1.4085607936979068,-1.6883017587980762,1.314036088504177,-0.16998307236138768
1454.0,-2.8268675638354326,-2.60508291649765,-1.4045200735603123,-1.692391389255501,1.3311471618660182,-0.15920919007343026
1455.0,-2.8307498981427326,-2.6069216501143138,-1.400479353422718,-1.6964810197129254,1.3482582352278596,-0.14843530778547287
1456.0,-2.8346322324500326,-2.6087603837309774,-1.3964386332851235,-1.70057065017035,1.3653693085897007,-0.13766142549751548
1457.0,-2.8385145667573326,-2.610599117347641,-1.392397913147529,-1.7046602806277746,1.382480381951542,-0.12688754320955808
1458.0,-2.8423969010646326,-2.6124378509643047,-1.3883571930099348,-1.7087499110851991,1.3995914553133832,-0.11611366092160069
1459.0,-2.846279235371933,-2.614276584580968,-1.3843164728723403,-1.7128395415426236,1.4167025286752244,-0.1053397786336433
1460.0,-2.850161569679233,-2.6161153181976315,-1.3802757527347458,-1.7169291720000481,1.4338136020370658,-0.09456589634568588
1461.0,-2.854043903986533,-2.617954051814295,-1.3762350325971515,-1.7210188024574729,1.450924675398907,-0.08379201405772849
1462.0,-2.857926238293833,-2.619792785430959,-1.372194312459557,-1.7251084329148973,1.468035748760748,-0.07301813176977107
1463.0,-2.861808572601133,-2.6216315190476225,-1.3681535923219628,-1.7291980633723218,1.4851468221225894,-0.06224424948181373
1464.0,-2.865690906908433,-2.623470252664286,-1.3641128721843683,-1.7332876938297466,1.5022578954844306,-0.05147036719385634
1465.0,-2.8695732412157335,-2.6253089862809498,-1.3600721520467738,-1.737377324287171,1.519368968846272,-0.04069648490589889
1466.0,-2.8734555755230335,-2.6271477198976134,-1.3560314319091793,-1.7414669547445956,1.536480042208113,-0.029922602617941496
1467.0,-2.8773379098303336,-2.628986453514277,-1.351990711771585,-1.7455565852020203,1.5535911155699544,-0.019148720329984104
1468.0,-2.8812202441376336,-2.6308251871309407,-1.3479499916339905,-1.7496462156594448,1.5707021889317954,-0.008374838042026767
1469.0,-2.8851025784449336,-2.6326639207476044,-1.3439092714963963,-1.7537358461168693,1.5878132622936367,0.0023990442459306816
1470.0,-2.8889849127522336,-2.634502654364268,-1.3398685513588018,-1.7578254765742938,1.604924335655478,0.013172926533888074
1471.0,-2.892867247059534,-2.6363413879809316,-1.3358278312212073,-1.7619151070317185,1.6220354090173192,0.023946808821845467
1472.0,-2.896749581366834,-2.6381801215975953,-1.3317871110836128,-1.766004737489143,1.6391464823791604,0.03472069110980286
1473.0,-2.900631915674134,-2.6400188552142585,-1.3277463909460185,-1.7700943679465675,1.6562575557410018,0.04549457339776025
1474.0,-2.904514249981434,-2.641857588830922,-1.323705670808424,-1.7741839984039922,1.673368629102843,0.056268455685717644
1475.0,-2.908396584288734,-2.643696322447586,-1.3196649506708298,-1.7782736288614167,1.690479702464684,0.06704233797367504
1476.0,-2.9122789185960345,-2.6455350560642494,-1.3156242305332353,-1.7823632593188412,1.7075907758265254,0.07781622026163243
1477.0,-2.9161612529033345,-2.647373789680913,-1.3115835103956408,-1.7864528897762657,1.7247018491883668,0.08859010254958982
1478.0,-2.9200435872106345,-2.6492125232975767,-1.3075427902580465,-1.7905425202336904,1.7418129225502077,0.09936398483754721
1479.0,-2.9239259215179345,-2.6510512569142404,-1.303502070120452,-1.794632150691115,1.758923995912049,0.11013786712550461
1480.0,-2.9239259215179345,-2.6510512569142404,-1.303502070120452,-1.794632150691115,1.758923995912049,0.11013786712550463
1481.0,-2.937346009597884,-2.6517235844017173,-1.289234550119991,-1.8094855637543479,1.7473679351625853,0.10319957705486747
1482.0,-2.937346009597884,-2.6517235844017173,-1.289234550119991,-1.8094855637543479,1.7473679351625853,0.10319957705486747
1483.0,-2.94119476549254,-2.657190680763574,-1.2962998013210103,-1.797295124349122,1.7440518754137027,0.10121625008512548
1484.0,-2.945043521387196,-2.6626577771254305,-1.3033650525220293,-1.785104684943896,1.7407358156648203,0.0992329231153835
1485.0,-2.945043521387196,-2.6626577771254305,-1.3033650525220293,-1.785104684943896,1.7407358156648203,0.0992329231153835
1486.0,-2.9616407847240875,-2.647484053122353,-1.3083901427847746,-1.7966346015960106,1.7264269756148758,0.09071028231464852
1487.0,-2.9616407847240875,-2.647484053122353,-1.3083901427847746,-1.7966346015960106,1.7264269756148758,0.09071028231464852
1488.0,-2.970691176577675,-2.6382501143783124,-1.310858911202343,-1.804099735864119,1.7186197134844605,0.08607926598719313
1489.0,-2.970691176577675,-2.6382501143783124,-1.310858911202343,-1.804099735864119,1.7186197134844605,0.08607926598719313
1490.0,-2.972306159754469,-2.6485698442144883,-1.3085285358521443,-1.7962307631645233,1.717226176789325,0.08525420929448489
1491.0,-2.973921142931262,-2.658889574050664,-1.3061981605019455,-1.7883617904649276,1.7158326400941897,0.08442915260177665
1492.0,-2.973921142931262,-2.658889574050664,-1.3061981605019455,-1.7883617904649276,1.7158326400941897,0.08442915260177665
1493.0,-2.9851463789914727,-2.653679404583763,-1.3076534091234386,-1.792916615745071,1.7061436331080198,0.07870471596878154
1494.0,-2.9851463789914727,-2.653679404583763,-1.3076534091234386,-1.792916615745071,1.7061436331080198,0.07870471596878154
1495.0,-2.9999302338332354,-2.6577656261293168,-1.3064041640880881,-1.7910463151148515,1.6933764074938205,0.07118836421468731
1496.0,-2.9999302338332354,-2.6577656261293168,-1.3064041640880881,-1.7910463151148515,1.6933764074938205,0.07118836421468731
1497.0,-3.0111454841123093,-2.651313833775387,-1.3074253958983442,-1.7971447962046894,1.6836864032290042,0.06550223793501701
1498.0,-3.0111454841123093,-2.651313833775387,-1.3074253958983442,-1.7971447962046894,1.6836864032290042,0.06550223793501701
1499.0,-3.0066450278143138,-2.636260197673094,-1.3110124485460433,-1.808350112249711,1.687575260508531,0.06778240560691838
1500.0,-3.0066450278143138,-2.636260197673094,-1.3110124485460433,-1.808350112249711,1.687575260508531,0.06778240560691838
1501.0,-3.014121661343377,-2.620220826073394,-1.3135889586734129,-1.8222420032693851,1.6811143592100224,0.06399546622355894
1502.0,-3.014121661343377,-2.620220826073394,-1.3135889586734129,-1.8222420032693851,1.6811143592100224,0.06399546622355894
1503.0,-3.006827229507377,-2.6065692597110144,-1.3162020698872685,-1.8328621820264355,1.6874178310560422,0.06769005271096924
1504.0,-3.006827229507377,-2.6065692597110144,-1.3162020698872685,-1.8328621820264355,1.6874178310560422,0.06769005271096924
1505.0,-3.004179163007076,-2.5968581088498266,-1.3175119349554807,-1.841104114988602,1.6897056569588034,0.06903299157708115
1506.0,-3.0015310965067754,-2.587146957988639,-1.318821800023693,-1.8493460479507686,1.6919934828615646,0.07037593044319307
1507.0,-3.0015310965067754,-2.587146957988639,-1.318821800023693,-1.8493460479507686,1.6919934828615646,0.07037593044319307
1508.0,-2.9903520549648697,-2.579658723567335,-1.3198049773215401,-1.8551373380666532,1.7016488766521274,0.07605521231202789
1509.0,-2.9903520549648697,-2.579658723567335,-1.3198049773215401,-1.8551373380666532,1.7016488766521274,0.07605521231202789
1510.0,-2.986463192263913,-2.577227514209156,-1.3115611481656335,-1.8655474097196818,1.7050064748842297,0.07803510506434364
1511.0,-2.982574329562956,-2.574796304850976,-1.303317319009727,-1.8759574813727105,1.708364073116332,0.0800149978166594
1512.0,-2.982574329562956,-2.574796304850976,-1.303317319009727,-1.8759574813727105,1.708364073116332,0.0800149978166594
1513.0,-2.970332839084689,-2.5710895984214917,-1.320143994291043,-1.8619480833413145,1.7189288811523933,0.08626242630474434
1514.0,-2.970332839084689,-2.5710895984214917,-1.320143994291043,-1.8619480833413145,1.7189288811523933,0.08626242630474434
1515.0,-2.9595488562087353,-2.5646712376781147,-1.319894906407155,-1.8677754498307293,1.728231091322811,0.09178231102968856
1516.0,-2.9595488562087353,-2.5646712376781147,-1.319894906407155,-1.8677754498307293,1.728231091322811,0.09178231102968856
1517.0,-2.958572604256883,-2.552204877787307,-1.3202068371604088,-1.8798512007820387,1.7290729723021487,0.09228280537866733
1518.0,-2.958572604256883,-2.552204877787307,-1.3202068371604088,-1.8798512007820387,1.7290729723021487,0.09228280537866733
1519.0,-2.969195784398836,-2.5417413183291324,-1.320858115125584,-1.8904961697291898,1.71990991319289,0.08684369913449753
1520.0,-2.969195784398836,-2.5417413183291324,-1.320858115125584,-1.8904961697291898,1.71990991319289,0.08684369913449753
1521.0,-2.9693170964730875,-2.5284003766313092,-1.3204701993350247,-1.904234238392258,1.7198052494949243,0.08678167513977031
1522.0,-2.9693170964730875,-2.5284003766313092,-1.3204701993350247,-1.904234238392258,1.7198052494949243,0.08678167513977031
1523.0,-2.9560015759533536,-2.528629249334235,-1.3196242638950766,-1.9038001047462159,1.731289938008089,0.09360153812487695
1524.0,-2.9560015759533536,-2.528629249334235,-1.3196242638950766,-1.9038001047462159,1.731289938008089,0.09360153812487695
1525.0,-2.9485625455905646,-2.5384053977882695,-1.319274948311917,-1.8937505576243476,1.737702960504306,0.09742255086331131
1526.0,-2.9485625455905646,-2.5384053977882695,-1.319274948311917,-1.8937505576243476,1.737702960504306,0.09742255086331131
1527.0,-2.9421894812700162,-2.525790674589854,-1.3180527902802077,-1.9070336331895306,1.7431951347529178,0.10070259643348171
1528.0,-2.9421894812700162,-2.525790674589854,-1.3180527902802077,-1.9070336331895306,1.7431951347529178,0.10070259643348171
1529.0,-2.9525224867683106,-2.515516330419991,-1.3184393716493366,-1.9178098581272913,1.734289475444977,0.09538754392559352
1530.0,-2.9525224867683106,-2.515516330419991,-1.3184393716493366,-1.9178098581272913,1.734289475444977,0.09538754392559352
1531.0,-2.9597374468803386,-2.5019751959992464,-1.3176220097751172,-1.9327596748412292,1.7280684755574072,0.09168562552950799
1532.0,-2.9597374468803386,-2.5019751959992464,-1.3176220097751172,-1.9327596748412292,1.7280684755574072,0.09168562552950799
1533.0,-2.947829837006117,-2.499637549341437,-1.316213832710311,-1.9355168067043194,1.7383344842009796,0.09779934375086578
1534.0,-2.947829837006117,-2.499637549341437,-1.316213832710311,-1.9355168067043194,1.7383344842009796,0.09779934375086578
1535.0,-2.9415820623678712,-2.5034395187727254,-1.3066111103988618,-1.9407637162964642,1.7437176357520947,0.10101856070480328
1536.0,-2.935334287729626,-2.507241488204014,-1.2970083880874124,-1.946010625888609,1.7491007873032096,0.10423777765874076
1537.0,-2.935334287729626,-2.507241488204014,-1.2970083880874124,-1.946010625888609,1.7491007873032096,0.10423777765874076
1538.0,-2.922318342479408,-2.5015604200716903,-1.3126849630343387,-1.9347836317925495,1.7603076877389026,0.11097102243521581
1539.0,-2.922318342479408,-2.5015604200716903,-1.3126849630343387,-1.9347836317925495,1.7603076877389026,0.11097102243521581
1540.0,-2.926429149677241,-2.5124561914319443,-1.3146910437478263,-1.9222792495998473,1.7567691049544143,0.10884143207970472
1541.0,-2.926429149677241,-2.5124561914319443,-1.3146910437478263,-1.9222792495998473,1.7567691049544143,0.10884143207970472
1542.0,-2.910940301946771,-2.5227301477926525,-1.3125785879600496,-1.9125786181813604,1.7700974708565786,0.11688064271701948
1543.0,-2.910940301946771,-2.5227301477926525,-1.3125785879600496,-1.9125786181813604,1.7700974708565786,0.11688064271701948
1544.0,-2.911865646436402,-2.53849715900803,-1.3135753226169178,-1.895910008144628,1.7693015441429383,0.11639917209607496
1545.0,-2.911865646436402,-2.53849715900803,-1.3135753226169178,-1.895910008144628,1.7693015441429383,0.11639917209607496
1546.0,-2.8983052886206764,-2.535748706303208,-1.3103733140271423,-1.9004255331367628,1.7809607769096358,0.12347060609046161
1547.0,-2.8983052886206764,-2.535748706303208,-1.3103733140271423,-1.9004255331367628,1.7809607769096358,0.12347060609046161
1548.0,-2.8937407394856822,-2.541574892726927,-1.300324379284661,-1.9041404733035676,1.78488252086762,0.12586077982069271
1549.0,-2.889176190350688,-2.5474010791506454,-1.2902754445421798,-1.9078554134703725,1.7888042648256042,0.12825095355092384
1550.0,-2.889176190350688,-2.5474010791506454,-1.2902754445421798,-1.9078554134703725,1.7888042648256042,0.12825095355092384
1551.0,-2.886713241894947,-2.539045502768486,-1.2890657084912633,-1.9171383709122949,1.7909193678104502,0.12954408205951856
1552.0,-2.884250293439206,-2.530689926386327,-1.287855972440347,-1.9264213283542173,1.7930344707952963,0.1308372105681133
1553.0,-2.884250293439206,-2.530689926386327,-1.287855972440347,-1.9264213283542173,1.7930344707952963,0.1308372105681133
1554.0,-2.889260928550633,-2.5213718412695503,-1.2977059736850107,-1.9264576706573642,1.7887307528129575,0.12820901076715271
1555.0,-2.89427156366206,-2.512053756152774,-1.3075559749296743,-1.926494012960511,1.7844270348306186,0.12558081096619214
1556.0,-2.89427156366206,-2.512053756152774,-1.3075559749296743,-1.926494012960511,1.7844270348306186,0.12558081096619214
1557.0,-2.884381594519497,-2.5068009699848033,-1.3040829167780095,-1.9340985453793007,1.7929217320926485,0.13076820948079848
1558.0,-2.884381594519497,-2.5068009699848033,-1.3040829167780095,-1.9340985453793007,1.7929217320926485,0.13076820948079848
1559.0,-2.872165699929438,-2.5117414934024733,-1.3007571839404526,-1.9310331964367118,1.8034061740618157,0.13720319472223746
1560.0,-2.872165699929438,-2.5117414934024733,-1.3007571839404526,-1.9310331964367118,1.8034061740618157,0.13720319472223746
1561.0,-2.858285202147565,-2.512177485117494,-1.2957428458357054,-1.933874614305177,1.8153079605280869,0.14455398669339167
1562.0,-2.858285202147565,-2.512177485117494,-1.2957428458357054,-1.933874614305177,1.8153079605280869,0.14455398669339167
1563.0,-2.8643099797786644,-2.497140059729661,-1.295803817195619,-1.9496165762473725,1.810143541454821,0.14135818452556542
1564.0,-2.8643099797786644,-2.497140059729661,-1.295803817195619,-1.9496165762473725,1.810143541454821,0.14135818452556542
1565.0,-2.873774921972828,-2.500317184183301,-1.289958529921385,-1.9534294811391113,1.8020227800977453,0.13636325584585565
1566.0,-2.883239864166992,-2.503494308636941,-1.284113242647151,-1.95724238603085,1.7939020187406696,0.13136832716614588
1567.0,-2.883239864166992,-2.503494308636941,-1.284113242647151,-1.95724238603085,1.7939020187406696,0.13136832716614588
1568.0,-2.888187417579905,-2.499676842194517,-1.2945775665427033,-1.9511591992518345,1.789652791758772,0.12877215339143805
1569.0,-2.893134970992819,-2.495859375752093,-1.3050418904382552,-1.9450760124728188,1.7854035647768742,0.12617597961673022
1570.0,-2.893134970992819,-2.495859375752093,-1.3050418904382552,-1.9450760124728188,1.7854035647768742,0.12617597961673022
1571.0,-2.905813133773639,-2.4976773640566527,-1.308619551974014,-1.9410559361060449,1.7745067373705874,0.11955120937532461
1572.0,-2.905813133773639,-2.4976773640566527,-1.308619551974014,-1.9410559361060449,1.7745067373705874,0.11955120937532461
1573.0,-2.9198476452620645,-2.4895743256674145,-1.3103719026547977,-1.9488402126784499,1.762434087451416,0.11225232715272215
1574.0,-2.9198476452620645,-2.4895743256674145,-1.3103719026547977,-1.9488402126784499,1.762434087451416,0.11225232715272215
1575.0,-2.9180514848332804,-2.4783328104885114,-1.3078447055974074,-1.9624306707074484,1.7639797368265862,0.11318449426245486
1576.0,-2.9180514848332804,-2.4783328104885114,-1.3078447055974074,-1.9624306707074484,1.7639797368265862,0.11318449426245486
1577.0,-2.9070814976743504,-2.4814680961485234,-1.3060411066901028,-1.9599770389096938,1.7734160991464492,0.11889011321535274
1578.0,-2.9070814976743504,-2.4814680961485234,-1.3060411066901028,-1.9599770389096938,1.7734160991464492,0.11889011321535274
1579.0,-2.90504765153998,-2.480277088435248,-1.310418096377868,-1.9546568625712522,1.7561651236179472,0.10784028147113932
1580.0,-2.9030138054056094,-2.4790860807219732,-1.314795086065633,-1.9493366862328105,1.7389141480894452,0.0967904497269259
1581.0,-2.900979959271239,-2.477895073008698,-1.3191720757533982,-1.944016509894369,1.7216631725609433,0.08574061798271249
1582.0,-2.8989461131368683,-2.4767040652954226,-1.3235490654411635,-1.9386963335559273,1.7044121970324413,0.07469078623849906
1583.0,-2.896912267002498,-2.475513057582148,-1.3279260551289285,-1.9333761572174857,1.6871612215039393,0.06364095449428564
1584.0,-2.8948784208681273,-2.4743220498688725,-1.3323030448166937,-1.9280559808790438,1.6699102459754374,0.05259112275007222
1585.0,-2.892844574733757,-2.4731310421555976,-1.336680034504459,-1.9227358045406022,1.6526592704469354,0.041541291005858794
1586.0,-2.8908107285993863,-2.4719400344423224,-1.341057024192224,-1.9174156282021606,1.6354082949184334,0.03049145926164537
1587.0,-2.8887768824650157,-2.470749026729047,-1.3454340138799892,-1.912095451863719,1.6181573193899315,0.019441627517431948
1588.0,-2.886743036330645,-2.469558019015772,-1.3498110035677544,-1.9067752755252774,1.6009063438614295,0.008391795773218524
1589.0,-2.8847091901962747,-2.468367011302497,-1.3541879932555196,-1.9014550991868358,1.5836553683329275,-0.0026580359709948848
1590.0,-2.882675344061904,-2.4671760035892216,-1.3585649829432846,-1.8961349228483941,1.5664043928044256,-0.013707867715208308
1591.0,-2.8806414979275337,-2.4659849958759468,-1.3629419726310499,-1.8908147465099525,1.5491534172759236,-0.02475769945942173
1592.0,-2.878607651793163,-2.4647939881626715,-1.3673189623188151,-1.885494570171511,1.5319024417474216,-0.035807531203635154
1593.0,-2.8765738056587926,-2.463602980449396,-1.3716959520065801,-1.8801743938330693,1.5146514662189197,-0.04685736294784858
1594.0,-2.874539959524422,-2.4624119727361213,-1.3760729416943454,-1.8748542174946277,1.4974004906904177,-0.057907194692062
1595.0,-2.8725061133900516,-2.461220965022846,-1.3804499313821106,-1.8695340411561858,1.4801495151619157,-0.0689570264362754
1596.0,-2.870472267255681,-2.460029957309571,-1.3848269210698756,-1.8642138648177442,1.4628985396334138,-0.08000685818048885
1597.0,-2.8684384211213105,-2.458838949596296,-1.3892039107576408,-1.8588936884793026,1.4456475641049118,-0.09105668992470224
1598.0,-2.86640457498694,-2.4576479418830206,-1.393580900445406,-1.853573512140861,1.4283965885764098,-0.10210652166891569
1599.0,-2.8643707288525695,-2.4564569341697458,-1.397957890133171,-1.8482533358024194,1.4111456130479079,-0.11315635341312909
1600.0,-2.862336882718199,-2.4552659264564705,-1.4023348798209363,-1.8429331594639777,1.3938946375194061,-0.12420618515734251
1601.0,-2.860303036583828,-2.454074918743195,-1.4067118695087015,-1.8376129831255361,1.376643661990904,-0.13525601690155592
1602.0,-2.8582691904494575,-2.4528839110299203,-1.4110888591964665,-1.8322928067870945,1.3593926864624022,-0.14630584864576934
1603.0,-2.856235344315087,-2.451692903316645,-1.4154658488842318,-1.8269726304486529,1.3421417109339,-0.15735568038998277
1604.0,-2.8542014981807164,-2.4505018956033697,-1.419842838571997,-1.8216524541102113,1.3248907354053983,-0.1684055121341962
1605.0,-2.852167652046346,-2.449310887890095,-1.424219828259762,-1.8163322777717696,1.307639759876896,-0.1794553438784096
1606.0,-2.8501338059119754,-2.4481198801768196,-1.4285968179475272,-1.8110121014333278,1.2903887843483943,-0.19050517562262304
1607.0,-2.848099959777605,-2.4469288724635447,-1.4329738076352925,-1.8056919250948862,1.2731378088198924,-0.2015550073668364
1608.0,-2.8460661136432344,-2.4457378647502694,-1.4373507973230577,-1.8003717487564446,1.2558868332913904,-0.21260483911104988
1609.0,-2.844032267508864,-2.444546857036994,-1.4417277870108227,-1.795051572418003,1.2386358577628882,-0.2236546708552633
1610.0,-2.8419984213744933,-2.4433558493237193,-1.446104776698588,-1.7897313960795613,1.2213848822343865,-0.23470450259947673
1611.0,-2.839964575240123,-2.442164841610444,-1.450481766386353,-1.7844112197411197,1.2041339067058845,-0.24575433434369015
1612.0,-2.8379307291057523,-2.4409738338971687,-1.4548587560741182,-1.779091043402678,1.1868829311773825,-0.2568041660879035
1613.0,-2.8358968829713818,-2.439782826183894,-1.4592357457618834,-1.7737708670642365,1.1696319556488803,-0.267853997832117
1614.0,-2.8338630368370112,-2.4385918184706186,-1.4636127354496486,-1.7684506907257949,1.1523809801203786,-0.2789038295763304
1615.0,-2.8318291907026407,-2.4374008107573433,-1.4679897251374137,-1.7631305143873532,1.1351300045918764,-0.28995366132054384
1616.0,-2.82979534456827,-2.4362098030440684,-1.472366714825179,-1.7578103380489116,1.1178790290633747,-0.3010034930647572
1617.0,-2.8277614984338997,-2.435018795330793,-1.4767437045129441,-1.7524901617104698,1.1006280535348727,-0.31205332480897063
1618.0,-2.825727652299529,-2.4338277876175183,-1.4811206942007091,-1.7471699853720282,1.0833770780063707,-0.3231031565531841
1619.0,-2.8236938061651586,-2.432636779904243,-1.4854976838884744,-1.7418498090335865,1.0661261024778685,-0.33415298829739754
1620.0,-2.821659960030788,-2.4314457721909677,-1.4898746735762396,-1.736529632695145,1.0488751269493668,-0.3452028200416109
1621.0,-2.8196261138964176,-2.430254764477693,-1.4942516632640046,-1.7312094563567033,1.0316241514208648,-0.3562526517858243
1622.0,-2.817592267762047,-2.4290637567644175,-1.4986286529517698,-1.7258892800182617,1.0143731758923629,-0.36730248353003775
1623.0,-2.817592267762047,-2.4290637567644175,-1.4986286529517698,-1.7258892800182617,1.0143731758923629,-0.36730248353003775
1624.0,-2.8177850154155264,-2.444628192220473,-1.4993684017695628,-1.7095144889776102,1.0142173894930766,-0.36743615316515676
1625.0,-2.8177850154155264,-2.444628192220473,-1.4993684017695628,-1.7095144889776102,1.0142173894930766,-0.36743615316515676
1626.0,-2.820429078331916,-2.4469001726983284,-1.4947188105022216,-1.7141337948437034,1.031384902491645,-0.35642068741744165
1627.0,-2.823073141248305,-2.449172153176183,-1.4900692192348803,-1.7187531007097965,1.0485524154902133,-0.34540522166972654
1628.0,-2.8257172041646945,-2.4514441336540385,-1.4854196279675391,-1.7233724065758897,1.0657199284887817,-0.3343897559220115
1629.0,-2.8283612670810836,-2.4537161141318937,-1.4807700367001981,-1.727991712441983,1.0828874414873502,-0.32337429017429636
1630.0,-2.831005329997473,-2.4559880946097485,-1.476120445432857,-1.732611018308076,1.1000549544859186,-0.31235882442658125
1631.0,-2.833649392913862,-2.458260075087604,-1.4714708541655157,-1.7372303241741693,1.1172224674844868,-0.30134335867886614
1632.0,-2.8362934558302517,-2.460532055565459,-1.4668212628981745,-1.7418496300402624,1.1343899804830553,-0.290327892931151
1633.0,-2.8389375187466412,-2.462804036043314,-1.4621716716308333,-1.7464689359063557,1.1515574934816237,-0.27931242718343596
1634.0,-2.8415815816630303,-2.465076016521169,-1.457522080363492,-1.751088241772449,1.1687250064801922,-0.26829696143572085
1635.0,-2.84422564457942,-2.4673479969990244,-1.4528724890961509,-1.755707547638542,1.1858925194787604,-0.25728149568800573
1636.0,-2.846869707495809,-2.4696199774768792,-1.4482228978288099,-1.7603268535046352,1.2030600324773288,-0.24626602994029062
1637.0,-2.8495137704121984,-2.4718919579547345,-1.4435733065614686,-1.7649461593707285,1.2202275454758973,-0.23525056419257553
1638.0,-2.852157833328588,-2.4741639384325897,-1.4389237152941274,-1.7695654652368216,1.2373950584744657,-0.22423509844486045
1639.0,-2.854801896244977,-2.4764359189104446,-1.4342741240267862,-1.7741847711029148,1.2545625714730342,-0.2132196326971453
1640.0,-2.8574459591613666,-2.4787078993883,-1.429624532759445,-1.7788040769690079,1.2717300844716024,-0.20220416694943022
1641.0,-2.8600900220777556,-2.480979879866155,-1.4249749414921038,-1.7834233828351012,1.2888975974701709,-0.19118870120171513
1642.0,-2.862734084994145,-2.48325186034401,-1.4203253502247626,-1.7880426887011944,1.3060651104687393,-0.18017323545400002
1643.0,-2.8653781479105342,-2.485523840821865,-1.4156757589574216,-1.7926619945672875,1.3232326234673075,-0.16915776970628493
1644.0,-2.8680222108269238,-2.4877958212997204,-1.4110261676900804,-1.7972813004333807,1.340400136465876,-0.15814230395856982
1645.0,-2.8706662737433133,-2.4900678017775753,-1.4063765764227392,-1.801900606299474,1.3575676494644444,-0.1471268382108547
1646.0,-2.8733103366597024,-2.4923397822554305,-1.401726985155398,-1.806519912165567,1.3747351624630126,-0.13611137246313962
1647.0,-2.875954399576092,-2.4946117627332858,-1.3970773938880567,-1.8111392180316603,1.3919026754615813,-0.1250959067154245
1648.0,-2.878598462492481,-2.496883743211141,-1.3924278026207155,-1.8157585238977534,1.4090701884601495,-0.11408044096770942
1649.0,-2.8812425254088705,-2.499155723688996,-1.3877782113533743,-1.8203778297638467,1.426237701458718,-0.1030649752199943
1650.0,-2.88388658832526,-2.501427704166851,-1.383128620086033,-1.82499713562994,1.4434052144572864,-0.09204950947227919
1651.0,-2.886530651241649,-2.5036996846447064,-1.378479028818692,-1.829616441496033,1.4605727274558546,-0.08103404372456413
1652.0,-2.8891747141580386,-2.505971665122561,-1.373829437551351,-1.8342357473621262,1.477740240454423,-0.07001857797684902
1653.0,-2.8918187770744277,-2.5082436456004165,-1.3691798462840097,-1.8388550532282195,1.4949077534529915,-0.05900311222913385
1654.0,-2.894462839990817,-2.5105156260782717,-1.3645302550166685,-1.8434743590943126,1.5120752664515598,-0.04798764648141879
1655.0,-2.8971069029072063,-2.5127876065561265,-1.3598806637493273,-1.8480936649604058,1.5292427794501284,-0.036972180733703675
1656.0,-2.899750965823596,-2.515059587033982,-1.355231072481986,-1.8527129708264989,1.5464102924486967,-0.025956714985988616
1657.0,-2.9023950287399853,-2.517331567511837,-1.350581481214645,-1.8573322766925922,1.563577805447265,-0.014941249238273502
1658.0,-2.9050390916563744,-2.519603547989692,-1.3459318899473038,-1.8619515825586854,1.5807453184458335,-0.003925783490558388
1659.0,-2.907683154572764,-2.521875528467547,-1.3412822986799626,-1.8665708884247785,1.5979128314444018,0.007089682257156726
1660.0,-2.910327217489153,-2.5241475089454024,-1.3366327074126214,-1.8711901942908717,1.6150803444429702,0.01810514800487184
1661.0,-2.9129712804055425,-2.5264194894232572,-1.3319831161452802,-1.875809500156965,1.6322478574415387,0.0291206137525869
1662.0,-2.9156153433219316,-2.5286914699011125,-1.327333524877939,-1.880428806023058,1.6494153704401069,0.04013607950030201
1663.0,-2.918259406238321,-2.5309634503789677,-1.3226839336105978,-1.8850481118891513,1.6665828834386756,0.05115154524801713
1664.0,-2.9209034691547107,-2.5332354308568226,-1.3180343423432568,-1.8896674177552444,1.6837503964372438,0.062167010995732186
1665.0,-2.9235475320710997,-2.535507411334678,-1.3133847510759156,-1.8942867236213377,1.700917909435812,0.07318247674344736
1666.0,-2.9261915949874893,-2.537779391812533,-1.3087351598085744,-1.898906029487431,1.7180854224343807,0.08419794249116247
1667.0,-2.9288356579038783,-2.540051372290388,-1.3040855685412331,-1.903525335353524,1.735252935432949,0.09521340823887753
1668.0,-2.931479720820268,-2.542323352768243,-1.299435977273892,-1.9081446412196172,1.7524204484315173,0.10622887398659264
1669.0,-2.931479720820268,-2.542323352768243,-1.299435977273892,-1.9081446412196172,1.7524204484315173,0.10622887398659264
1670.0,-2.9183054489580105,-2.5481215052345765,-1.3058452831776801,-1.8946256053249038,1.7637567747874228,0.11306782780957697
1671.0,-2.905131177095753,-2.55391965770091,-1.312254589081468,-1.8811065694301903,1.7750931011433282,0.11990678163256131
1672.0,-2.905131177095753,-2.55391965770091,-1.312254589081468,-1.8811065694301903,1.7750931011433282,0.11990678163256131
1673.0,-2.913346207283452,-2.563016046902376,-1.313781746682174,-1.8713360700658088,1.7680279599813176,0.11562913443001865
1674.0,-2.913346207283452,-2.563016046902376,-1.313781746682174,-1.8713360700658088,1.7680279599813176,0.11562913443001865
1675.0,-2.9018186914850785,-2.5712617326039244,-1.3109437820144,-1.86472224352766,1.7779409020361174,0.12163514596688352
1676.0,-2.9018186914850785,-2.5712617326039244,-1.3109437820144,-1.86472224352766,1.7779409020361174,0.12163514596688352
1677.0,-2.910717595190694,-2.573364930670791,-1.3126324706213608,-1.86184820187833,1.770286940098167,0.11700371070049073
1678.0,-2.919616498896309,-2.575468128737657,-1.3143211592283217,-1.858974160229,1.7626329781602161,0.11237227543409795
1679.0,-2.919616498896309,-2.575468128737657,-1.3143211592283217,-1.858974160229,1.7626329781602161,0.11237227543409795
1680.0,-2.9320652544990518,-2.5822942211392332,-1.298816225389425,-1.8688481921299982,1.751916224316728,0.10592624855617629
1681.0,-2.9320652544990518,-2.5822942211392332,-1.298816225389425,-1.8688481921299982,1.751916224316728,0.10592624855617629
1682.0,-2.9381814969197175,-2.5748305724368237,-1.3085976151776515,-1.8670823640085261,1.7466473582730124,0.10277154237140729
1683.0,-2.9442977393403833,-2.5673669237344137,-1.318379004965878,-1.865316535887054,1.7413784922292965,0.09961683618663829
1684.0,-2.9442977393403833,-2.5673669237344137,-1.318379004965878,-1.865316535887054,1.7413784922292965,0.09961683618663829
1685.0,-2.952265051101748,-2.5784251239672273,-1.3184552614755092,-1.854863720630297,1.7345114177341594,0.09551975818272838
1686.0,-2.952265051101748,-2.5784251239672273,-1.3184552614755092,-1.854863720630297,1.7345114177341594,0.09551975818272838
1687.0,-2.94997889802041,-2.5912944488201926,-1.3170416384055195,-1.8432154262096792,1.736482147826837,0.09669441199399874
1688.0,-2.94997889802041,-2.5912944488201926,-1.3170416384055195,-1.8432154262096792,1.736482147826837,0.09669441199399874
1689.0,-2.9572135735125507,-2.6016922496791315,-1.316395476640777,-1.8340649340512034,1.7302448815549254,0.09297976278557457
1690.0,-2.9572135735125507,-2.6016922496791315,-1.316395476640777,-1.8340649340512034,1.7302448815549254,0.09297976278557457
1691.0,-2.969777433687198,-2.601498879760275,-1.3171429252928093,-1.8344979014884448,1.7194080819559843,0.08654633332680502
1692.0,-2.969777433687198,-2.601498879760275,-1.3171429252928093,-1.8344979014884448,1.7194080819559843,0.08654633332680502
1693.0,-2.9726172262613373,-2.6148965595021005,-1.315276692272291,-1.8231795979598469,1.7169578109957846,0.08509513969626892
1694.0,-2.9726172262613373,-2.6148965595021005,-1.315276692272291,-1.8231795979598469,1.7169578109957846,0.08509513969626892
1695.0,-2.9570741669618665,-2.6169195797764937,-1.3141175177742253,-1.821104287210739,1.7303651003507161,0.09305125902313528
1696.0,-2.9570741669618665,-2.6169195797764937,-1.3141175177742253,-1.821104287210739,1.7303651003507161,0.09305125902313528
1697.0,-2.9447601899719773,-2.611618349475958,-1.313860849287398,-1.8256236328973456,1.7409799789871372,0.09937876623774164
1698.0,-2.9447601899719773,-2.611618349475958,-1.313860849287398,-1.8256236328973456,1.7409799789871372,0.09937876623774164
1699.0,-2.948855012291369,-2.622063108754009,-1.3124123371651404,-1.8169766066429192,1.7374505251200123,0.09727341734820324
1700.0,-2.9529498346107608,-2.63250786803206,-1.3109638250428826,-1.8083295803884927,1.7339210712528876,0.09516806845866484
1701.0,-2.9529498346107608,-2.63250786803206,-1.3109638250428826,-1.8083295803884927,1.7339210712528876,0.09516806845866484
1702.0,-2.9565930035034556,-2.6164138733410427,-1.3135772161796615,-1.8221048971401255,1.73077944712689,0.09329997769088719
1703.0,-2.9602361723961508,-2.600319878650025,-1.3161906073164402,-1.8358802138917583,1.7276378230008922,0.09143188692310952
1704.0,-2.9638793412888456,-2.5842258839590078,-1.3188039984532192,-1.849655530643391,1.7244961988748946,0.08956379615533187
1705.0,-2.9638793412888456,-2.5842258839590078,-1.3188039984532192,-1.849655530643391,1.7244961988748946,0.08956379615533187
1706.0,-2.9764878182289523,-2.5914867170363225,-1.3183084305426358,-1.8438062285851131,1.7136147125968282,0.08312892725397354
1707.0,-2.989096295169059,-2.5987475501136372,-1.3178128626320522,-1.8379569265268352,1.7027332263187618,0.07669405835261521
1708.0,-2.989096295169059,-2.5987475501136372,-1.3178128626320522,-1.8379569265268352,1.7027332263187618,0.07669405835261521
1709.0,-2.99820583455175,-2.5845205896657326,-1.3188530765516795,-1.8517161272945926,1.6948646382368655,0.07206835060316766
1710.0,-3.007315373934441,-2.5702936292178276,-1.319893290471307,-1.86547532806235,1.686996050154969,0.0674426428537201
1711.0,-3.007315373934441,-2.5702936292178276,-1.319893290471307,-1.86547532806235,1.686996050154969,0.0674426428537201
1712.0,-3.0141894361268937,-2.5758394914416964,-1.3106245289463159,-1.8695810711057963,1.681055122667886,0.06396344399425062
1713.0,-3.021063498319346,-2.5813853536655658,-1.3013557674213245,-1.8736868141492427,1.675114195180803,0.06048424513478113
1714.0,-3.021063498319346,-2.5813853536655658,-1.3013557674213245,-1.8736868141492427,1.675114195180803,0.06048424513478113
1715.0,-3.0234972829862365,-2.5826299804099024,-1.3093600672504069,-1.864563320371918,1.6730101719012902,0.05925455159773758
1716.0,-3.025931067653127,-2.5838746071542387,-1.3173643670794892,-1.8554398265945935,1.6709061486217776,0.058024858060694025
1717.0,-3.025931067653127,-2.5838746071542387,-1.3173643670794892,-1.8554398265945935,1.6709061486217776,0.058024858060694025
1718.0,-3.03863484850626,-2.5819665495046666,-1.3159981944857249,-1.859319580694612,1.6599208975106539,0.05161569441576049
1719.0,-3.03863484850626,-2.5819665495046666,-1.3159981944857249,-1.859319580694612,1.6599208975106539,0.05161569441576049
1720.0,-3.0428393895275114,-2.569384292131108,-1.3162710986567652,-1.8718136472070344,1.656284311339625,0.04949731515167989
1721.0,-3.0428393895275114,-2.569384292131108,-1.3162710986567652,-1.8718136472070344,1.656284311339625,0.04949731515167989
1722.0,-3.0538234707993603,-2.5595287978242216,-1.3148592531776573,-1.8835268254049302,1.6467822156320018,0.043969275502979195
1723.0,-3.0538234707993603,-2.5595287978242216,-1.3148592531776573,-1.8835268254049302,1.6467822156320018,0.043969275502979195
1724.0,-3.042783620176876,-2.5530637977228055,-1.3168343867007797,-1.8875684544987223,1.6563325498274049,0.049525404730161204
1725.0,-3.042783620176876,-2.5530637977228055,-1.3168343867007797,-1.8875684544987223,1.6563325498274049,0.049525404730161204
1726.0,-3.0552767669851044,-2.5440444305974412,-1.3147120009564586,-1.8992134630682849,1.645524820555168,0.04323848513098118
1727.0,-3.0552767669851044,-2.5440444305974412,-1.3147120009564586,-1.8992134630682849,1.645524820555168,0.04323848513098118
1728.0,-3.0431763728306223,-2.5339238557446944,-1.3165482944420994,-1.907011354929706,1.6559928314436765,0.04932759032027722
1729.0,-3.0431763728306223,-2.5339238557446944,-1.3165482944420994,-1.907011354929706,1.6559928314436765,0.04932759032027722
1730.0,-3.0536893428984495,-2.5259236880800144,-1.3143382757183686,-1.9176477881403893,1.6468982613611365,0.044036728770682175
1731.0,-3.0536893428984495,-2.5259236880800144,-1.3143382757183686,-1.9176477881403893,1.6468982613611365,0.044036728770682175
1732.0,-3.057329082631398,-2.516003484381426,-1.312694941678568,-1.929344682191925,1.6437489632966462,0.0422071325430811
1733.0,-3.060968822364346,-2.5060832806828373,-1.3110516076387675,-1.9410415762434605,1.640599665232156,0.040377536315480037
1734.0,-3.060968822364346,-2.5060832806828373,-1.3110516076387675,-1.9410415762434605,1.640599665232156,0.040377536315480037
1735.0,-3.066835865622939,-2.4952285828711425,-1.308208271491637,-1.9549378173356209,1.6355225121872288,0.037430688213784334
1736.0,-3.066835865622939,-2.4952285828711425,-1.308208271491637,-1.9549378173356209,1.6355225121872288,0.037430688213784334
1737.0,-3.071678161349946,-2.497989898647436,-1.2981549661536027,-1.9623768225811962,1.6313315330172031,0.03500063203212393
1738.0,-3.0765204570769535,-2.500751214423729,-1.2881016608155686,-1.9698158278267714,1.6271405538471775,0.03257057585046353
1739.0,-3.0765204570769535,-2.500751214423729,-1.2881016608155686,-1.9698158278267714,1.6271405538471775,0.03257057585046353
1740.0,-3.0728654369625388,-2.483532292522729,-1.304625590746877,-1.9704045253923577,1.630304111208405,0.034404239305621725
1741.0,-3.0728654369625388,-2.483532292522729,-1.304625590746877,-1.9704045253923577,1.630304111208405,0.034404239305621725
1742.0,-3.0634855420262577,-2.486533890894152,-1.3073212507814602,-1.9643888783601315,1.6384210952155485,0.03911580575624728
1743.0,-3.054105647089977,-2.4895354892655743,-1.3100169108160435,-1.9583732313279054,1.646538079222692,0.04382737220687282
1744.0,-3.054105647089977,-2.4895354892655743,-1.3100169108160435,-1.9583732313279054,1.646538079222692,0.04382737220687282
1745.0,-3.0426039261003686,-2.4806679910406824,-1.310464225679935,-1.9663266828466528,1.656487978300692,0.04961591356687448
1746.0,-3.0426039261003686,-2.4806679910406824,-1.310464225679935,-1.9663266828466528,1.656487978300692,0.04961591356687448
1747.0,-3.0316903815403977,-2.4758749636273287,-1.311127006954367,-1.9699601894016754,1.665926417228947,0.055117577121294226
1748.0,-3.0316903815403977,-2.4758749636273287,-1.311127006954367,-1.9699601894016754,1.665926417228947,0.055117577121294226
1749.0,-3.016521531219093,-2.476528913720413,-1.312990709767847,-1.9666647169037834,1.6790401925050389,0.06278107461227132
1750.0,-3.016521531219093,-2.476528913720413,-1.312990709767847,-1.9666647169037834,1.6790401925050389,0.06278107461227132
1751.0,-3.0044202107616953,-2.4830568324514575,-1.3151637394787028,-1.957269741307876,1.6894975184162047,0.0689103750586181
1752.0,-3.0044202107616953,-2.4830568324514575,-1.3151637394787028,-1.957269741307876,1.6894975184162047,0.0689103750586181
1753.0,-2.9894900896115866,-2.483456441423626,-1.3157299734333334,-1.9553573042787253,1.7023931992962382,0.07649369799414883
1754.0,-2.9894900896115866,-2.483456441423626,-1.3157299734333334,-1.9553573042787253,1.7023931992962382,0.07649369799414883
1755.0,-2.98903953271851,-2.4972191728998774,-1.3179533894802735,-1.9393410326693366,1.7027822486266815,0.07672293504279025
1756.0,-2.98903953271851,-2.4972191728998774,-1.3179533894802735,-1.9393410326693366,1.7027822486266815,0.07672293504279025
1757.0,-2.9800869227701208,-2.4952798409340318,-1.3175246033828771,-1.941073349273066,1.710509800901395,0.08128787145385183
1758.0,-2.971134312821732,-2.493340508968186,-1.3170958172854808,-1.9428056658767956,1.7182373531761086,0.08585280786491341
1759.0,-2.971134312821732,-2.493340508968186,-1.3170958172854808,-1.9428056658767956,1.7182373531761086,0.08585280786491341
1760.0,-2.958000479096649,-2.4863686313981055,-1.3151378992287892,-1.9507100731062315,1.7295663322477874,0.09257617882106223
1761.0,-2.958000479096649,-2.4863686313981055,-1.3151378992287892,-1.9507100731062315,1.7295663322477874,0.09257617882106223
1762.0,-2.9558142264756033,-2.484727031358242,-1.3196803991174348,-1.9451801950953658,1.7125047614663667,0.08141152355810373
1763.0,-2.953627973854558,-2.4830854313183783,-1.3242228990060805,-1.9396503170845003,1.6954431906849456,0.07024686829514523
1764.0,-2.951441721233512,-2.481443831278515,-1.3287653988947263,-1.9341204390736346,1.6783816199035249,0.05908221303218673
1765.0,-2.949255468612466,-2.4798022312386516,-1.333307898783372,-1.9285905610627692,1.6613200491221038,0.04791755776922822
1766.0,-2.9470692159914202,-2.4781606311987883,-1.3378503986720176,-1.9230606830519035,1.644258478340683,0.03675290250626972
1767.0,-2.944882963370375,-2.4765190311589245,-1.3423928985606632,-1.917530805041038,1.6271969075592623,0.025588247243311227
1768.0,-2.942696710749329,-2.474877431119061,-1.3469353984493089,-1.9120009270301723,1.6101353367778413,0.014423591980352729
1769.0,-2.940510458128283,-2.4732358310791978,-1.3514778983379545,-1.9064710490193069,1.5930737659964205,0.0032589367173942174
1770.0,-2.9383242055072376,-2.471594231039334,-1.3560203982266004,-1.9009411710084412,1.5760121952149995,-0.00790571854556428
1771.0,-2.9361379528861917,-2.4699526309994706,-1.360562898115246,-1.8954112929975757,1.5589506244335787,-0.019070373808522792
1772.0,-2.933951700265146,-2.4683110309596072,-1.3651053980038916,-1.88988141498671,1.5418890536521577,-0.030235029071481276
1773.0,-2.9317654476441004,-2.4666694309197434,-1.3696478978925373,-1.8843515369758443,1.5248274828707369,-0.041399684334439774
1774.0,-2.9295791950230545,-2.46502783087988,-1.374190397781183,-1.8788216589649789,1.507765912089316,-0.052564339597398285
1775.0,-2.9273929424020086,-2.4633862308400167,-1.3787328976698288,-1.8732917809541132,1.490704341307895,-0.06372899486035677
1776.0,-2.9252066897809628,-2.4617446308001534,-1.3832753975584744,-1.8677619029432477,1.4736427705264743,-0.07489365012331528
1777.0,-2.9230204371599173,-2.4601030307602896,-1.38781789744712,-1.862232024932382,1.4565811997450533,-0.08605830538627379
1778.0,-2.9208341845388714,-2.458461430720426,-1.3923603973357657,-1.8567021469215166,1.4395196289636325,-0.09722296064923228
1779.0,-2.9186479319178256,-2.456819830680563,-1.3969028972244113,-1.851172268910651,1.4224580581822117,-0.10838761591219079
1780.0,-2.91646167929678,-2.455178230640699,-1.401445397113057,-1.8456423908997854,1.4053964874007907,-0.11955227117514927
1781.0,-2.9142754266757342,-2.4535366306008357,-1.4059878970017028,-1.8401125128889197,1.38833491661937,-0.1307169264381078
1782.0,-2.9120891740546884,-2.4518950305609724,-1.4105303968903484,-1.8345826348780543,1.371273345837949,-0.1418815817010663
1783.0,-2.909902921433643,-2.4502534305211086,-1.415072896778994,-1.8290527568671886,1.3542117750565281,-0.15304623696402478
1784.0,-2.907716668812597,-2.448611830481245,-1.4196153966676397,-1.823522878856323,1.3371502042751073,-0.16421089222698326
1785.0,-2.905530416191551,-2.446970230441382,-1.4241578965562853,-1.8179930008454575,1.3200886334936863,-0.17537554748994177
1786.0,-2.9033441635705053,-2.4453286304015185,-1.4287003964449312,-1.8124631228345918,1.3030270627122653,-0.18654020275290029
1787.0,-2.90115791094946,-2.4436870303616547,-1.4332428963335768,-1.8069332448237263,1.2859654919308445,-0.1977048580158588
1788.0,-2.898971658328414,-2.4420454303217913,-1.4377853962222225,-1.8014033668128606,1.2689039211494237,-0.2088695132788173
1789.0,-2.896785405707368,-2.440403830281928,-1.442327896110868,-1.7958734888019952,1.251842350368003,-0.22003416854177577
1790.0,-2.8945991530863227,-2.438762230242064,-1.4468703959995137,-1.7903436107911295,1.234780779586582,-0.23119882380473428
1791.0,-2.8924129004652768,-2.437120630202201,-1.4514128958881596,-1.784813732780264,1.217719208805161,-0.2423634790676928
1792.0,-2.890226647844231,-2.4354790301623375,-1.4559553957768052,-1.7792838547693983,1.2006576380237401,-0.2535281343306513
1793.0,-2.888040395223185,-2.433837430122474,-1.4604978956654509,-1.7737539767585329,1.1835960672423194,-0.2646927895936098
1794.0,-2.8858541426021396,-2.4321958300826103,-1.4650403955540965,-1.7682240987476672,1.1665344964608986,-0.27585744485656827
1795.0,-2.8836678899810937,-2.430554230042747,-1.4695828954427421,-1.7626942207368015,1.1494729256794776,-0.2870221001195268
1796.0,-2.881481637360048,-2.4289126300028836,-1.4741253953313878,-1.757164342725936,1.1324113548980566,-0.2981867553824853
1797.0,-2.8792953847390024,-2.42727102996302,-1.4786678952200336,-1.7516344647150703,1.1153497841166358,-0.3093514106454438
1798.0,-2.8771091321179565,-2.4256294299231564,-1.4832103951086792,-1.7461045867042049,1.098288213335215,-0.3205160659084023
1799.0,-2.8749228794969106,-2.423987829883293,-1.4877528949973249,-1.7405747086933392,1.0812266425537942,-0.33168072117136077
1800.0,-2.872736626875865,-2.4223462298434293,-1.4922953948859705,-1.7350448306824737,1.0641650717723732,-0.3428453764343193
1801.0,-2.8705503742548193,-2.420704629803566,-1.4968378947746162,-1.729514952671608,1.0471035009909522,-0.35401003169727785
1802.0,-2.8683641216337734,-2.4190630297637026,-1.5013803946632618,-1.7239850746607426,1.0300419302095314,-0.3651746869602363
1803.0,-2.8661778690127275,-2.417421429723839,-1.5059228945519076,-1.718455196649877,1.0129803594281106,-0.3763393422231948
1804.0,-2.863991616391682,-2.4157798296839754,-1.5104653944405533,-1.7129253186390114,0.9959187886466897,-0.3875039974861533
1805.0,-2.861805363770636,-2.414138229644112,-1.515007894329199,-1.7073954406281457,0.9788572178652688,-0.3986686527491118
1806.0,-2.861805363770636,-2.414138229644112,-1.515007894329199,-1.7073954406281457,0.9788572178652688,-0.3986686527491118
1807.0,-2.8618054389953613,-2.4141383171081543,-1.5150078535079956,-1.7073954343795776,0.9788572192192078,-0.39866864681243896
1808.0,-2.845282554626465,-2.4033470153808594,-1.497734785079956,-1.704514503479004,0.9627137780189514,-0.3966284394264221
1809.0,-2.8110365867614746,-2.380971908569336,-1.4619711637496948,-1.698531985282898,0.9292804002761841,-0.39240285754203796
1810.0,-2.7601470947265625,-2.3477108478546143,-1.40889310836792,-1.6896179914474487,0.879638135433197,-0.3861263692378998
1811.0,-2.6939523220062256,-2.304438352584839,-1.3399451971054077,-1.677984356880188,0.815118670463562,-0.3779621422290802
1812.0,-2.613823652267456,-2.2520477771759033,-1.2565945386886597,-1.663862705230713,0.7370678186416626,-0.36807534098625183
1813.0,-2.521136999130249,-2.1914472579956055,-1.160296082496643,-1.647493839263916,0.6468368768692017,-0.3566363751888275
1814.0,-2.4172914028167725,-2.1235501766204834,-1.052513837814331,-1.6291272640228271,0.5457873940467834,-0.3438187539577484
1815.0,-2.303690195083618,-2.0492758750915527,-0.9347146153450012,-1.6090084314346313,0.435296893119812,-0.3297993242740631
1816.0,-2.1817407608032227,-1.969549298286438,-0.80836421251297,-1.5873786211013794,0.31673663854599,-0.3147504925727844
1817.0,-2.05283522605896,-1.8852884769439697,-0.6749062538146973,-1.5644866228103638,0.19145746529102325,-0.2988426089286804
1818.0,-1.9183635711669922,-1.79740309715271,-0.5357670783996582,-1.540573000907898,0.06080455705523491,-0.2822452187538147
1819.0,-1.779706597328186,-1.7067939043045044,-0.3923686742782593,-1.5158814191818237,-0.07387286424636841,-0.265132874250412
1820.0,-1.6382496356964111,-1.6143614053726196,-0.2461334764957428,-1.490653395652771,-0.21121662855148315,-0.24768249690532684
1821.0,-1.4953687191009521,-1.5210163593292236,-0.09848105162382126,-1.4651256799697876,-0.349883496761322,-0.2300667017698288
1822.0,-1.3524351119995117,-1.4276686906814575,0.04917971417307854,-1.4395480155944824,-0.48854511976242065,-0.21245592832565308
1823.0,-1.210822582244873,-1.3352285623550415,0.19543662667274475,-1.4141652584075928,-0.6258686780929565,-0.19502004981040955
1824.0,-1.0719151496887207,-1.24459969997406,0.3388756513595581,-1.389228343963623,-0.760515034198761,-0.1779341697692871
1825.0,-0.9371095895767212,-1.1566928625106812,0.4780704975128174,-1.3649954795837402,-0.8911307454109192,-0.1613733172416687
1826.0,-0.8078063726425171,-1.0724231004714966,0.611592173576355,-1.341719150543213,-1.0163695812225342,-0.14551042020320892
1827.0,-0.685409665107727,-0.9927080273628235,0.7380028367042542,-1.3196552991867065,-1.1348823308944702,-0.1305149495601654
1828.0,-0.571327805519104,-0.918458878993988,0.8558533191680908,-1.2990549802780151,-1.245314121246338,-0.11655671894550323
1829.0,-0.46696925163269043,-0.8505872488021851,0.9636779427528381,-1.2801711559295654,-1.3462961912155151,-0.10380855202674866
1830.0,-0.3737472891807556,-0.789997398853302,1.060011625289917,-1.263262391090393,-1.4364535808563232,-0.09244275838136673
1831.0,-0.29307323694229126,-0.7376000285148621,1.1433863639831543,-1.2485921382904053,-1.5144227743148804,-0.08262794464826584
1832.0,-0.22635941207408905,-0.6942981481552124,1.2123373746871948,-1.2364221811294556,-1.5788534879684448,-0.07452686876058578
1833.0,-0.17501200735569,-0.6609944701194763,1.2654016017913818,-1.2270221710205078,-1.6284042596817017,-0.068302221596241
1834.0,-0.14041964709758759,-0.6385698914527893,1.3011445999145508,-1.2206683158874512,-1.6617628335952759,-0.0641135573387146
1835.0,-0.12370959669351578,-0.6277443170547485,1.3184059858322144,-1.2175887823104858,-1.677863359451294,-0.062092382460832596
1836.0,-0.12370959669351578,-0.6277443170547485,1.3184059858322144,-1.2175887823104858,-1.677863359451294,-0.062092382460832596
1837.0,-0.12370959669351578,-0.6277443170547485,1.3184059858322144,-1.2175887823104858,-1.677863359451294,-0.062092382460832596
1838.0,-0.1303339622243417,-0.6145826367302729,1.310822490432802,-1.2235445472292366,-1.683587935818795,-0.06544709052560978
1839.0,-0.13695830979810905,-0.6014209350338702,1.3032389596885834,-1.2295003070922905,-1.689312496797154,-0.06880180036018473
1840.0,-0.13695830979810905,-0.6014209350338702,1.3032389596885834,-1.2295003070922905,-1.689312496797154,-0.06880180036018473
1841.0,-0.1428583250195346,-0.6021222140136282,1.3121785696638617,-1.2381079923564264,-1.6944088887201216,-0.0717973752334014
1842.0,-0.14875834024096013,-0.6028234929933863,1.32111817963914,-1.2467156776205623,-1.699505280643089,-0.07479295010661809
1843.0,-0.14875834024096013,-0.6028234929933863,1.32111817963914,-1.2467156776205623,-1.699505280643089,-0.07479295010661809
1844.0,-0.16197341060392437,-0.6106903472683624,1.3209023177136958,-1.2395346542724983,-1.710914910024138,-0.08152139548417876
1845.0,-0.16197341060392437,-0.6106903472683624,1.3209023177136958,-1.2395346542724983,-1.710914910024138,-0.08152139548417876
1846.0,-0.17040113561548575,-0.5988649507629474,1.320953062624382,-1.252027133039483,-1.7181879944638812,-0.08582357458855201
1847.0,-0.17040113561548575,-0.5988649507629474,1.320953062624382,-1.252027133039483,-1.7181879944638812,-0.08582357458855201
1848.0,-0.17272074937261492,-0.5845493122772392,1.320716573770749,-1.2662815904449376,-1.7201893426041392,-0.08700930097122161
1849.0,-0.17272074937261492,-0.5845493122772392,1.320716573770749,-1.2662815904449376,-1.7201893426041392,-0.08700930097122161
1850.0,-0.17739932079163068,-0.5829424353200249,1.311782120536742,-1.2593200765274326,-1.7242249183055307,-0.08940454455637153
1851.0,-0.1820778922106464,-0.5813355583628106,1.302847667302735,-1.2523585626099276,-1.7282604940069222,-0.09179978814152145
1852.0,-0.1820778922106464,-0.5813355583628106,1.302847667302735,-1.2523585626099276,-1.7282604940069222,-0.09179978814152145
1853.0,-0.16921968397511394,-0.5842384422693219,1.3120053655403143,-1.257655217120095,-1.717165453494486,-0.08523066407715564
1854.0,-0.15636147573958145,-0.5871413261758331,1.3211630637778937,-1.2629518716302623,-1.7060704129820499,-0.07866154001278983
1855.0,-0.15636147573958145,-0.5871413261758331,1.3211630637778937,-1.2629518716302623,-1.7060704129820499,-0.07866154001278983
1856.0,-0.16559170489871278,-0.6022064314220081,1.3206447660875735,-1.2480410249037117,-1.714036232927234,-0.08337276429718629
1857.0,-0.17482193405784408,-0.6172715366681832,1.3201264683972536,-1.2331301781771609,-1.7220020528724185,-0.08808398858158277
1858.0,-0.17482193405784408,-0.6172715366681832,1.3201264683972536,-1.2331301781771609,-1.7220020528724185,-0.08808398858158277
1859.0,-0.17805996144696384,-0.61747596009743,1.310922907058353,-1.2239765209351787,-1.7247949811671575,-0.08974201833905451
1860.0,-0.1812979888360836,-0.6176803835266766,1.3017193457194522,-1.2148228636931966,-1.7275879094618967,-0.09140004809652624
1861.0,-0.1812979888360836,-0.6176803835266766,1.3017193457194522,-1.2148228636931966,-1.7275879094618967,-0.09140004809652624
1862.0,-0.19135653949302056,-0.6320792726651049,1.317645499621906,-1.217178313851087,-1.7362604197950793,-0.09656222414144391
1863.0,-0.19135653949302056,-0.6320792726651049,1.317645499621906,-1.217178313851087,-1.7362604197950793,-0.09656222414144391
1864.0,-0.20418120417223293,-0.6390443242912274,1.3152852999901765,-1.208976598994909,-1.7473115763092422,-0.10316580966883868
1865.0,-0.20418120417223293,-0.6390443242912274,1.3152852999901765,-1.208976598994909,-1.7473115763092422,-0.10316580966883868
1866.0,-0.21579765606952112,-0.6332853827921363,1.3046340690173803,-1.2051998981236696,-1.7573117527877544,-0.10918110915989494
1867.0,-0.22741410796680933,-0.6275264412930451,1.2939828380445841,-1.2014231972524299,-1.7673119292662665,-0.11519640865095121
1868.0,-0.22741410796680933,-0.6275264412930451,1.2939828380445841,-1.2014231972524299,-1.7673119292662665,-0.11519640865095121
1869.0,-0.2414396192356655,-0.6328357276975615,1.30871856763349,-1.2123199022984976,-1.7793726692702376,-0.12250502039267164
1870.0,-0.2414396192356655,-0.6328357276975615,1.30871856763349,-1.2123199022984976,-1.7793726692702376,-0.12250502039267164
1871.0,-0.2514095660427259,-0.6427234334416942,1.3046766407241763,-1.1994925899347177,-1.787939398506541,-0.1277228992125328
1872.0,-0.2514095660427259,-0.6427234334416942,1.3046766407241763,-1.1994925899347177,-1.787939398506541,-0.1277228992125328
1873.0,-0.26275318376277124,-0.6362682111281932,1.3021467749167945,-1.2047303743591988,-1.7976794867125223,-0.13368375333809882
1874.0,-0.26275318376277124,-0.6362682111281932,1.3021467749167945,-1.2047303743591988,-1.7976794867125223,-0.13368375333809882
1875.0,-0.26735917289038563,-0.6468993808422638,1.2989512014538707,-1.1914544566005578,-1.8016321511996962,-0.13611171511623057
1876.0,-0.26735917289038563,-0.6468993808422638,1.2989512014538707,-1.1914544566005578,-1.8016321511996962,-0.13611171511623057
1877.0,-0.2768877050301817,-0.6551166534711035,1.2939238484836888,-1.1793823426744323,-1.8098049287521791,-0.14114893265321451
1878.0,-0.2768877050301817,-0.6551166534711035,1.2939238484836888,-1.1793823426744323,-1.8098049287521791,-0.14114893265321451
1879.0,-0.2879874538788312,-0.6507017620832921,1.290391230603319,-1.181687154351166,-1.8193179250881648,-0.14704218672706282
1880.0,-0.2879874538788312,-0.6507017620832921,1.290391230603319,-1.181687154351166,-1.8193179250881648,-0.14704218672706282
1881.0,-0.30144057788819745,-0.6383908730733158,1.2867581657649017,-1.1921714065986642,-1.8308367243320662,-0.1542232395195552
1882.0,-0.30144057788819745,-0.6383908730733158,1.2867581657649017,-1.1921714065986642,-1.8308367243320662,-0.1542232395195552
1883.0,-0.29080295103348963,-0.6331007884920067,1.2922295734881823,-1.20149687438303,-1.821729671544903,-0.14854148613032409
1884.0,-0.29080295103348963,-0.6331007884920067,1.2922295734881823,-1.20149687438303,-1.821729671544903,-0.14854148613032409
1885.0,-0.27428853250762847,-0.6232322626855168,1.2808316990626385,-1.1978503198361954,-1.8075761474911967,-0.13977293085400336
1886.0,-0.27428853250762847,-0.6232322626855168,1.2808316990626385,-1.1978503198361954,-1.8075761474911967,-0.13977293085400336
1887.0,-0.2762637388799296,-0.6211104883230274,1.2898114936848688,-1.209199037408191,-1.8092697771557666,-0.14081891237857386
1888.0,-0.2782389452522307,-0.618988713960538,1.298791288307099,-1.2205477549801864,-1.8109634068203366,-0.14186489390314433
1889.0,-0.2782389452522307,-0.618988713960538,1.298791288307099,-1.2205477549801864,-1.8109634068203366,-0.14186489390314433
1890.0,-0.26682112569285293,-0.6210849495952553,1.3025668180062921,-1.220819764606274,-1.8011704569925766,-0.13582788629337367
1891.0,-0.26682112569285293,-0.6210849495952553,1.3025668180062921,-1.220819764606274,-1.8011704569925766,-0.13582788629337367
1892.0,-0.25468482067079073,-0.6241507699527326,1.306044468459237,-1.2198056564636504,-1.7907524361266909,-0.12944130742173984
1893.0,-0.25468482067079073,-0.6241507699527326,1.306044468459237,-1.2198056564636504,-1.7907524361266909,-0.12944130742173984
1894.0,-0.25250721346196064,-0.6087162536575723,1.3078040757078075,-1.2367514896388814,-1.7888822111162002,-0.12829855627151035
1895.0,-0.25250721346196064,-0.6087162536575723,1.3078040757078075,-1.2367514896388814,-1.7888822111162002,-0.12829855627151035
1896.0,-0.2644760444723724,-0.6001668766407536,1.304611930975778,-1.243501826692143,-1.7991580930547544,-0.13459142820959624
1897.0,-0.2644760444723724,-0.6001668766407536,1.304611930975778,-1.243501826692143,-1.7991580930547544,-0.13459142820959624
1898.0,-0.27746900947515446,-0.5950009210144801,1.3004274561354203,-1.2460748001115896,-1.8103033021584605,-0.14145690419246412
1899.0,-0.27746900947515446,-0.5950009210144801,1.3004274561354203,-1.2460748001115896,-1.8103033021584605,-0.14145690419246412
1900.0,-0.2831949220422181,-0.6056245422579769,1.2979319840734207,-1.233683478024954,-1.815211488860527,-0.1444942463155208
1901.0,-0.2831949220422181,-0.6056245422579769,1.2979319840734207,-1.233683478024954,-1.815211488860527,-0.1444942463155208
1902.0,-0.2924100042599809,-0.5966029427321333,1.2947484753117746,-1.2407270405949404,-1.8231059708103565,-0.149398140160488
1903.0,-0.2924100042599809,-0.5966029427321333,1.2947484753117746,-1.2407270405949404,-1.8231059708103565,-0.149398140160488
1904.0,-0.294631875092098,-0.5792729746679754,1.2940421535886855,-1.257647692050244,-1.8250085632668835,-0.15058349434180685
1905.0,-0.294631875092098,-0.5792729746679754,1.2940421535886855,-1.257647692050244,-1.8250085632668835,-0.15058349434180685
1906.0,-0.29874343143436194,-0.5699527847803552,1.2920352260134225,-1.2655213619324583,-1.828527796382847,-0.1527821232890882
1907.0,-0.3028549877766259,-0.560632594892735,1.2900282984381597,-1.273395031814673,-1.8320470294988103,-0.15498075223636953
1908.0,-0.3028549877766259,-0.560632594892735,1.2900282984381597,-1.273395031814673,-1.8320470294988103,-0.15498075223636953
1909.0,-0.29265964523696786,-0.5541965670463445,1.2936980591438068,-1.2821161639059853,-1.8233197736158329,-0.14953124634949097
1910.0,-0.29265964523696786,-0.5541965670463445,1.2936980591438068,-1.2821161639059853,-1.8233197736158329,-0.14953124634949097
1911.0,-0.2792756505854164,-0.5468442094928309,1.2805128589194108,-1.2745447052228132,-1.8118521825631067,-0.14241443679409221
1912.0,-0.2792756505854164,-0.5468442094928309,1.2805128589194108,-1.2745447052228132,-1.8118521825631067,-0.14241443679409221
1913.0,-0.27366804982162446,-0.56086687113199,1.2833615262611955,-1.2626687610006098,-1.8070439886972562,-0.13944469129861403
1914.0,-0.27366804982162446,-0.56086687113199,1.2833615262611955,-1.2626687610006098,-1.8070439886972562,-0.13944469129861403
1915.0,-0.26807543775449716,-0.5659511381430777,1.2941806006439853,-1.2677264439262892,-1.802245704691893,-0.1364930383368249
1916.0,-0.2624828256873699,-0.5710354051541655,1.3049996750267752,-1.2727841268519686,-1.7974474206865299,-0.13354138537503582
1917.0,-0.2624828256873699,-0.5710354051541655,1.3049996750267752,-1.2727841268519686,-1.7974474206865299,-0.13354138537503582
1918.0,-0.26414742731803803,-0.5576058127165074,1.3036754251563047,-1.285087122538424,-1.7988760886976207,-0.13441823963960356
1919.0,-0.26414742731803803,-0.5576058127165074,1.3036754251563047,-1.285087122538424,-1.7988760886976207,-0.13441823963960356
1920.0,-0.2501593489352997,-0.5563908505909769,1.3074540582376775,-1.2884617384399202,-1.786865452910422,-0.1270675191621151
1921.0,-0.2501593489352997,-0.5563908505909769,1.3074540582376775,-1.2884617384399202,-1.786865452910422,-0.1270675191621151
1922.0,-0.23787026437914377,-0.5594908615030063,1.3106494847896928,-1.2872126284686265,-1.7763043333090311,-0.12064159764776305
1923.0,-0.23787026437914377,-0.5594908615030063,1.3106494847896928,-1.2872126284686265,-1.7763043333090311,-0.12064159764776305
1924.0,-0.22557706541923458,-0.5454879966403747,1.2949164769011663,-1.2842095441429118,-1.765731474607744,-0.11424176789137708
1925.0,-0.22557706541923458,-0.5454879966403747,1.2949164769011663,-1.2842095441429118,-1.765731474607744,-0.11424176789137708
1926.0,-0.22477902059538996,-0.5561709149567046,1.3044611975976532,-1.282991383757296,-1.765044813267342,-0.11382730900801741
1927.0,-0.22398097577154533,-0.5668538332730344,1.3140059182941402,-1.28177322337168,-1.7643581519269402,-0.11341285012465772
1928.0,-0.22398097577154533,-0.5668538332730344,1.3140059182941402,-1.28177322337168,-1.7643581519269402,-0.11341285012465772
1929.0,-0.2120011106867601,-0.5625101718821235,1.3156979155771023,-1.2866461101789581,-1.7540463686723862,-0.10720508361291366
1930.0,-0.2120011106867601,-0.5625101718821235,1.3156979155771023,-1.2866461101789581,-1.7540463686723862,-0.10720508361291366
1931.0,-0.2024301919044914,-0.5464215890035263,1.3154391578770745,-1.301595413393435,-1.7458031229796185,-0.10226270856308779
1932.0,-0.2024301919044914,-0.5464215890035263,1.3154391578770745,-1.301595413393435,-1.7458031229796185,-0.10226270856308779
1933.0,-0.20930364564092943,-0.5331715721109377,1.3128120202422635,-1.3128463000280453,-1.7517235330549465,-0.10581062407887093
1934.0,-0.20930364564092943,-0.5331715721109377,1.3128120202422635,-1.3128463000280453,-1.7517235330549465,-0.10581062407887093
1935.0,-0.201893002297026,-0.5203243160420169,1.3117200694095035,-1.32392535425815,-1.7453403391430642,-0.10198572701240477
1936.0,-0.201893002297026,-0.5203243160420169,1.3117200694095035,-1.32392535425815,-1.7453403391430642,-0.10198572701240477
1937.0,-0.2122579853727424,-0.5106944010871837,1.3086003071236507,-1.3313885486763906,-1.7542675499711018,-0.10733795052682295
1938.0,-0.2122579853727424,-0.5106944010871837,1.3086003071236507,-1.3313885486763906,-1.7542675499711018,-0.10733795052682295
1939.0,-0.19992521432444788,-0.5034910015879717,1.3087318413607265,-1.3375951646635942,-1.7436449518341999,-0.10097154083911179
1940.0,-0.19992521432444788,-0.5034910015879717,1.3087318413607265,-1.3375951646635942,-1.7436449518341999,-0.10097154083911179
1941.0,-0.18899953571964995,-0.507753310682547,1.3106689719226428,-1.3343294226343385,-1.7342285964291915,-0.0953512563714926
1942.0,-0.18899953571964995,-0.507753310682547,1.3106689719226428,-1.3343294226343385,-1.7342285964291915,-0.0953512563714926
1943.0,-0.1857201672134428,-0.5096355795758415,1.3032184403308285,-1.3247275542701127,-1.7314010307986591,-0.09366854079489628
1944.0,-0.1824407987072357,-0.511517848469136,1.295767908739014,-1.3151256859058869,-1.728573465168127,-0.09198582521829998
1945.0,-0.1824407987072357,-0.511517848469136,1.295767908739014,-1.3151256859058869,-1.728573465168127,-0.09198582521829998
1946.0,-0.1862711390035667,-0.5198461918232398,1.3050004153724983,-1.3163450989262186,-1.7318760060351666,-0.09395156240559348
1947.0,-0.1901014792998977,-0.5281745351773437,1.3142329220059827,-1.3175645119465504,-1.735178546902206,-0.09591729959288697
1948.0,-0.1901014792998977,-0.5281745351773437,1.3142329220059827,-1.3175645119465504,-1.735178546902206,-0.09591729959288697
1949.0,-0.20643634850723241,-0.5246917156762188,1.3115319937772951,-1.319843630170644,-1.7492478622789314,-0.10435107219090708
1950.0,-0.22277121771456715,-0.5212088961750939,1.3088310655486075,-1.3221227483947375,-1.7633171776556569,-0.1127848447889272
1951.0,-0.22277121771456715,-0.5212088961750939,1.3088310655486075,-1.3221227483947375,-1.7633171776556569,-0.1127848447889272
1952.0,-0.22586447738304072,-0.5110453134012923,1.2982176517576014,-1.321984605064875,-1.765978510372595,-0.11439192888861348
1953.0,-0.22895773705151426,-0.5008817306274908,1.2876042379665953,-1.3218464617350123,-1.768639843089533,-0.11599901298829976
1954.0,-0.22895773705151426,-0.5008817306274908,1.2876042379665953,-1.3218464617350123,-1.768639843089533,-0.11599901298829976
1955.0,-0.24318939415303054,-0.5103110248013834,1.302794580077706,-1.3291105966637666,-1.7808765920144407,-0.12341939261203859
1956.0,-0.24318939415303054,-0.5103110248013834,1.302794580077706,-1.3291105966637666,-1.7808765920144407,-0.12341939261203859
1957.0,-0.2483230106891816,-0.49643291617408186,1.2987882070148378,-1.3395482196657613,-1.7852878771213008,-0.12610543154899242
1958.0,-0.2483230106891816,-0.49643291617408186,1.2987882070148378,-1.3395482196657613,-1.7852878771213008,-0.12610543154899242
1959.0,-0.25790253898138055,-0.48645604413663224,1.2941346944197512,-1.3459616639201857,-1.7935154597576415,-0.13113163417433601
1960.0,-0.25790253898138055,-0.48645604413663224,1.2941346944197512,-1.3459616639201857,-1.7935154597576415,-0.13113163417433601
1961.0,-0.2569885470258414,-0.4973046621317261,1.2966839721880357,-1.3375566090517959,-1.7927306655907396,-0.13065136845782982
1962.0,-0.2560745550703023,-0.5081532801268199,1.29923324995632,-1.3291515541834062,-1.7919458714238379,-0.1301711027413236
1963.0,-0.2560745550703023,-0.5081532801268199,1.29923324995632,-1.3291515541834062,-1.7919458714238379,-0.1301711027413236
1964.0,-0.2589956215043835,-0.5216705923444421,1.3008288366032865,-1.317568408772793,-1.7944539341295696,-0.13170631521906787
1965.0,-0.2589956215043835,-0.5216705923444421,1.3008288366032865,-1.317568408772793,-1.7944539341295696,-0.13170631521906787
1966.0,-0.2478031917883325,-0.5268155779890346,1.3045260367139557,-1.3148455577690985,-1.7848412677647247,-0.12583322930441795
1967.0,-0.2478031917883325,-0.5268155779890346,1.3045260367139557,-1.3148455577690985,-1.7848412677647247,-0.12583322930441795
1968.0,-0.2522783102463684,-0.5414975175375296,1.3053935544912576,-1.301533738167758,-1.7886856028946116,-0.12817848902470771
1969.0,-0.2522783102463684,-0.5414975175375296,1.3053935544912576,-1.301533738167758,-1.7886856028946116,-0.12817848902470771
1970.0,-0.2639098353199231,-0.5362136434241404,1.301542671444479,-1.3043183268361398,-1.7986721663662497,-0.13429306475823888
1971.0,-0.2639098353199231,-0.5362136434241404,1.301542671444479,-1.3043183268361398,-1.7986721663662497,-0.13429306475823888
1972.0,-0.26885702932132427,-0.5284033091766918,1.2904644362978006,-1.3016512201488073,-1.8029164780278515,-0.13690488727542904
1973.0,-0.2738042233227254,-0.5205929749292432,1.2793862011511221,-1.298984113461475,-1.8071607896894533,-0.13951670979261924
1974.0,-0.2738042233227254,-0.5205929749292432,1.2793862011511221,-1.298984113461475,-1.8071607896894533,-0.13951670979261924
1975.0,-0.27849930181098564,-0.5153391524864791,1.2854055595015785,-1.3108498187296045,-1.8111859157205812,-0.14200533419408262
1976.0,-0.2831943802992459,-0.510085330043715,1.291424917852035,-1.322715523997734,-1.8152110417517093,-0.144493958595546
1977.0,-0.2831943802992459,-0.510085330043715,1.291424917852035,-1.322715523997734,-1.8152110417517093,-0.144493958595546
1978.0,-0.2952710389938664,-0.5115741457776224,1.2873534002696387,-1.318743582487236,-1.825555835252012,-0.15092468326980032
1979.0,-0.2952710389938664,-0.5115741457776224,1.2873534002696387,-1.318743582487236,-1.825555835252012,-0.15092468326980032
1980.0,-0.300839094464636,-0.5229251512862325,1.2870070228865895,-1.3078031930935867,-1.8303220122995822,-0.15390123413059895
1981.0,-0.300839094464636,-0.5229251512862325,1.2870070228865895,-1.3078031930935867,-1.8303220122995822,-0.15390123413059895
1982.0,-0.29327147572858864,-0.53677388908227,1.291775448503158,-1.297697929442171,-1.8238436910009415,-0.14985759127482778
1983.0,-0.29327147572858864,-0.53677388908227,1.291775448503158,-1.297697929442171,-1.8238436910009415,-0.14985759127482778
1984.0,-0.29560878461148166,-0.5381010761885375,1.2955398307521613,-1.3015578702519774,-1.8067832344038257,-0.139201655702861
1985.0,-0.2979460934943747,-0.539428263294805,1.2993042130011645,-1.3054178110617838,-1.7897227778067102,-0.12854572013089421
1986.0,-0.3002834023772677,-0.5407554504010725,1.3030685952501677,-1.3092777518715901,-1.7726623212095944,-0.11788978455892742
1987.0,-0.3026207112601607,-0.54208263750734,1.306832977499171,-1.3131376926813965,-1.755601864612479,-0.10723384898696062
1988.0,-0.30495802014305373,-0.5434098246136075,1.310597359748174,-1.3169976334912026,-1.7385414080153632,-0.09657791341499383
1989.0,-0.30729532902594675,-0.5447370117198751,1.3143617419971771,-1.320857574301009,-1.7214809514182476,-0.08592197784302705
1990.0,-0.30963263790883977,-0.5460641988261425,1.3181261242461804,-1.3247175151108153,-1.704420494821132,-0.07526604227106026
1991.0,-0.3119699467917328,-0.5473913859324101,1.3218905064951836,-1.3285774559206216,-1.6873600382240161,-0.06461010669909346
1992.0,-0.3143072556746258,-0.5487185730386775,1.3256548887441868,-1.332437396730428,-1.6702995816269006,-0.053954171127126666
1993.0,-0.3166445645575189,-0.5500457601449451,1.32941927099319,-1.3362973375402343,-1.6532391250297849,-0.04329823555515988
1994.0,-0.31898187344041184,-0.5513729472512126,1.3331836532421932,-1.3401572783500406,-1.6361786684326693,-0.032642299983193096
1995.0,-0.3213191823233049,-0.5527001343574801,1.3369480354911965,-1.344017219159847,-1.6191182118355536,-0.02198636441122631
1996.0,-0.32365649120619794,-0.5540273214637477,1.3407124177401997,-1.3478771599696533,-1.6020577552384379,-0.011330428839259499
1997.0,-0.32599380008909096,-0.5553545085700151,1.3444767999892027,-1.3517371007794594,-1.5849972986413223,-0.0006744932672927417
1998.0,-0.328331108971984,-0.5566816956762827,1.3482411822382059,-1.3555970415892657,-1.5679368420442066,0.00998144230467407
1999.0,-0.330668417854877,-0.5580088827825501,1.352005564487209,-1.359456982399072,-1.550876385447091,0.020637377876640856
2000.0,-0.33300572673777,-0.5593360698888177,1.3557699467362123,-1.3633169232088784,-1.5338159288499753,0.03129331344860764
2001.0,-0.33534303562066303,-0.5606632569950852,1.3595343289852155,-1.3671768640186848,-1.5167554722528598,0.04194924902057445
2002.0,-0.33768034450355605,-0.5619904441013527,1.3632987112342188,-1.371036804828491,-1.499695015655744,0.05260518459254124
2003.0,-0.34001765338644907,-0.5633176312076202,1.367063093483222,-1.3748967456382974,-1.4826345590586283,0.06326112016450802
2004.0,-0.3423549622693421,-0.5646448183138877,1.3708274757322252,-1.3787566864481038,-1.4655741024615128,0.07391705573647481
2005.0,-0.3446922711522351,-0.5659720054201552,1.3745918579812284,-1.3826166272579101,-1.4485136458643972,0.08457299130844159
2006.0,-0.3470295800351281,-0.5672991925264228,1.3783562402302314,-1.3864765680677162,-1.4314531892672815,0.09522892688040838
2007.0,-0.34936688891802115,-0.5686263796326902,1.3821206224792346,-1.3903365088775226,-1.4143927326701657,0.10588486245237516
2008.0,-0.35170419780091416,-0.5699535667389578,1.3858850047282378,-1.394196449687329,-1.3973322760730502,0.11654079802434197
2009.0,-0.3540415066838072,-0.5712807538452253,1.389649386977241,-1.3980563904971353,-1.3802718194759345,0.1271967335963088
2010.0,-0.3563788155667002,-0.5726079409514928,1.3934137692262443,-1.4019163313069416,-1.3632113628788187,0.13785266916827554
2011.0,-0.3587161244495932,-0.5739351280577604,1.3971781514752475,-1.405776272116748,-1.3461509062817032,0.1485086047402423
2012.0,-0.36105343333248624,-0.5752623151640278,1.4009425337242507,-1.4096362129265543,-1.3290904496845877,0.1591645403122091
2013.0,-0.36339074221537926,-0.5765895022702954,1.404706915973254,-1.4134961537363606,-1.3120299930874717,0.16982047588417593
2014.0,-0.36572805109827233,-0.5779166893765628,1.4084712982222571,-1.4173560945461667,-1.2949695364903562,0.18047641145614274
2015.0,-0.3680653599811653,-0.5792438764828304,1.4122356804712601,-1.421216035355973,-1.2779090798932407,0.1911323470281095
2016.0,-0.37040266886405837,-0.5805710635890979,1.4160000627202634,-1.4250759761657794,-1.260848623296125,0.2017882826000763
2017.0,-0.37273997774695133,-0.5818982506953654,1.4197644449692666,-1.4289359169755858,-1.2437881666990094,0.21244421817204306
2018.0,-0.3750772866298444,-0.5832254378016329,1.4235288272182698,-1.432795857785392,-1.2267277101018936,0.22310015374400988
2019.0,-0.3774145955127374,-0.5845526249079004,1.427293209467273,-1.4366557985951984,-1.209667253504778,0.2337560893159767
2020.0,-0.37975190439563045,-0.5858798120141679,1.4310575917162762,-1.4405157394050048,-1.1926067969076624,0.24441202488794345
2021.0,-0.38208921327852347,-0.5872069991204354,1.4348219739652794,-1.444375680214811,-1.1755463403105466,0.25506796045991026
2022.0,-0.3844265221614165,-0.588534186226703,1.4385863562142824,-1.4482356210246174,-1.158485883713431,0.265723896031877
2023.0,-0.3867638310443095,-0.5898613733329705,1.4423507384632859,-1.4520955618344238,-1.1414254271163153,0.27637983160384383
2024.0,-0.3891011399272025,-0.591188560439238,1.4461151207122889,-1.45595550264423,-1.1243649705191996,0.28703576717581064
2025.0,-0.39143844881009554,-0.5925157475455055,1.449879502961292,-1.4598154434540362,-1.107304513922084,0.2976917027477774
2026.0,-0.39377575769298856,-0.593842934651773,1.4536438852102953,-1.4636753842638426,-1.0902440573249685,0.3083476383197442
2027.0,-0.3961130665758816,-0.5951701217580405,1.4574082674592985,-1.467535325073649,-1.0731836007278528,0.31900357389171097
2028.0,-0.3961130665758816,-0.5951701217580405,1.4574082674592985,-1.467535325073649,-1.0731836007278528,0.31900357389171097
2029.0,-0.39695738360040517,-0.5787604172375713,1.456586048332973,-1.4828621629177974,-1.0738779731734198,0.3184570890543872
2030.0,-0.39695738360040517,-0.5787604172375713,1.456586048332973,-1.4828621629177974,-1.0738779731734198,0.3184570890543872
2031.0,-0.3959599844827062,-0.5615117421690698,1.4515466453196115,-1.495379805177393,-1.0730578058396825,0.3191030125479106
2032.0,-0.39496258536500717,-0.5442630671005684,1.4465072423062504,-1.5078974474369884,-1.0722376385059453,0.3197489360414341
2033.0,-0.39496258536500717,-0.5442630671005684,1.4465072423062504,-1.5078974474369884,-1.0722376385059453,0.3197489360414341
2034.0,-0.392562763235069,-0.5426618117374841,1.4426577987744036,-1.5041804939459995,-1.089686951301455,0.30884647182928493
2035.0,-0.3901629411051308,-0.5410605563743996,1.438808355242557,-1.5004635404550106,-1.1071362640969646,0.2979440076171357
2036.0,-0.3877631189751926,-0.5394593010113153,1.4349589117107102,-1.4967465869640217,-1.1245855768924744,0.2870415434049865
2037.0,-0.3853632968452544,-0.5378580456482309,1.4311094681788634,-1.493029633473033,-1.1420348896879842,0.2761390791928373
2038.0,-0.3829634747153162,-0.5362567902851466,1.4272600246470166,-1.4893126799820442,-1.159484202483494,0.26523661498068807
2039.0,-0.380563652585378,-0.5346555349220622,1.42341058111517,-1.4855957264910553,-1.1769335152790035,0.2543341507685389
2040.0,-0.37816383045543983,-0.5330542795589779,1.4195611375833233,-1.4818787730000664,-1.1943828280745132,0.2434316865563897
2041.0,-0.3757640083255016,-0.5314530241958936,1.4157116940514765,-1.4781618195090775,-1.211832140870023,0.23252922234424048
2042.0,-0.37336418619556344,-0.5298517688328092,1.4118622505196299,-1.4744448660180887,-1.2292814536655325,0.2216267581320913
2043.0,-0.3709643640656253,-0.5282505134697248,1.408012806987783,-1.4707279125270998,-1.2467307664610423,0.21072429391994207
2044.0,-0.36856454193568705,-0.5266492581066404,1.4041633634559363,-1.4670109590361111,-1.264180079256552,0.19982182970779286
2045.0,-0.3661647198057489,-0.5250480027435561,1.4003139199240895,-1.4632940055451222,-1.2816293920520616,0.18891936549564367
2046.0,-0.36376489767581066,-0.5234467473804718,1.396464476392243,-1.4595770520541334,-1.2990787048475714,0.17801690128349446
2047.0,-0.3613650755458725,-0.5218454920173874,1.3926150328603961,-1.4558600985631445,-1.3165280176430811,0.16711443707134524
2048.0,-0.35896525341593427,-0.5202442366543031,1.3887655893285493,-1.4521431450721556,-1.3339773304385907,0.15621197285919605
2049.0,-0.3565654312859961,-0.5186429812912187,1.3849161457967025,-1.4484261915811667,-1.3514266432341004,0.14530950864704684
2050.0,-0.3541656091560579,-0.5170417259281344,1.381066702264856,-1.4447092380901778,-1.3688759560296102,0.13440704443489765
2051.0,-0.3517657870261197,-0.5154404705650499,1.3772172587330092,-1.4409922845991892,-1.3863252688251197,0.12350458022274846
2052.0,-0.34936596489618155,-0.5138392152019656,1.3733678152011624,-1.4372753311082003,-1.4037745816206295,0.11260211601059922
2053.0,-0.3469661427662433,-0.5122379598388813,1.3695183716693158,-1.4335583776172114,-1.4212238944161393,0.10169965179845003
2054.0,-0.34456632063630516,-0.5106367044757969,1.365668928137469,-1.4298414241262225,-1.4386732072116488,0.09079718758630084
2055.0,-0.34216649850636693,-0.5090354491127126,1.3618194846056222,-1.4261244706352336,-1.4561225200071588,0.0798947233741516
2056.0,-0.33976667637642877,-0.5074341937496282,1.3579700410737754,-1.4224075171442447,-1.4735718328026683,0.06899225916200241
2057.0,-0.33736685424649054,-0.5058329383865439,1.3541205975419288,-1.4186905636532559,-1.491021145598178,0.058089794949853224
2058.0,-0.3349670321165524,-0.5042316830234594,1.350271154010082,-1.414973610162267,-1.5084704583936879,0.04718733073770398
2059.0,-0.3325672099866142,-0.5026304276603751,1.3464217104782352,-1.4112566566712783,-1.5259197711891974,0.03628486652555479
2060.0,-0.330167387856676,-0.5010291722972908,1.3425722669463886,-1.4075397031802894,-1.5433690839847072,0.025382402313405605
2061.0,-0.3277675657267378,-0.4994279169342064,1.3387228234145419,-1.4038227496893005,-1.560818396780217,0.014479938101256362
2062.0,-0.3253677435967996,-0.4978266615711221,1.334873379882695,-1.4001057961983117,-1.5782677095757265,0.0035774738891071745
2063.0,-0.32296792146686143,-0.49622540620803773,1.3310239363508483,-1.3963888427073228,-1.5957170223712362,-0.007324990323042013
2064.0,-0.3205680993369232,-0.49462415084495337,1.3271744928190017,-1.392671889216334,-1.613166335166746,-0.0182274545351912
2065.0,-0.31816827720698504,-0.493022895481869,1.3233250492871549,-1.3889549357253452,-1.6306156479622556,-0.029129918747340444
2066.0,-0.3157684550770468,-0.49142164011878464,1.319475605755308,-1.3852379822343563,-1.6480649607577653,-0.04003238295948963
2067.0,-0.31336863294710865,-0.48982038475570033,1.3156261622234613,-1.3815210287433675,-1.665514273553275,-0.05093484717163882
2068.0,-0.3109688108171704,-0.48821912939261597,1.3117767186916147,-1.3778040752523786,-1.6829635863487846,-0.06183731138378806
2069.0,-0.30856898868723226,-0.4866178740295316,1.307927275159768,-1.3740871217613897,-1.7004128991442944,-0.0727397755959372
2070.0,-0.3061691665572941,-0.48501661866644724,1.3040778316279211,-1.3703701682704008,-1.7178622119398042,-0.08364223980808644
2071.0,-0.30376934442735587,-0.4834153633033629,1.3002283880960745,-1.366653214779412,-1.7353115247353137,-0.09454470402023568
2072.0,-0.3013695222974177,-0.4818141079402785,1.2963789445642278,-1.3629362612884233,-1.7527608375308235,-0.10544716823238481
2073.0,-0.2989697001674795,-0.48021285257719415,1.292529501032381,-1.3592193077974344,-1.7702101503263332,-0.11634963244453406
2074.0,-0.2965698780375413,-0.47861159721410984,1.2886800575005342,-1.3555023543064455,-1.7876594631218428,-0.1272520966566833
2075.0,-0.29417005590760315,-0.4770103418510255,1.2848306139686876,-1.3517854008154566,-1.8051087759173525,-0.13815456086883243
2076.0,-0.2917702337776649,-0.4754090864879411,1.2809811704368408,-1.3480684473244677,-1.8225580887128623,-0.14905702508098168
2077.0,-0.2917702337776649,-0.4754090864879411,1.2809811704368408,-1.3480684473244677,-1.8225580887128623,-0.1490570250809817
2078.0,-0.28988512152778295,-0.49028363730461605,1.2851401746457716,-1.3371034542426752,-1.820943514513221,-0.1480525240213431
2079.0,-0.28988512152778295,-0.49028363730461605,1.2851401746457716,-1.3371034542426752,-1.820943514513221,-0.1480525240213431
2080.0,-0.2724539175286206,-0.4853674542721406,1.2888251858534265,-1.343630430621401,-1.8059839068088308,-0.13886706836398408
2081.0,-0.2550227135294582,-0.48045127123966513,1.2925101970610813,-1.3501574070001272,-1.7910242991044407,-0.12968161270662504
2082.0,-0.2375915095302958,-0.4755350882071897,1.2961952082687362,-1.356684383378853,-1.7760646914000506,-0.120496157049266
2083.0,-0.2375915095302958,-0.4755350882071897,1.2961952082687362,-1.356684383378853,-1.7760646914000506,-0.120496157049266
2084.0,-0.22047709746780902,-0.48291472109597944,1.3008033448991834,-1.35223158385753,-1.7613355754342306,-0.11161986960798567
2085.0,-0.2033626854053222,-0.4902943539847692,1.3054114815296305,-1.3477787843362072,-1.7466064594684105,-0.10274358216670534
2086.0,-0.2033626854053222,-0.4902943539847692,1.3054114815296305,-1.3477787843362072,-1.7466064594684105,-0.10274358216670534
2087.0,-0.20922773691384766,-0.5071488401923636,1.3076228322853278,-1.3336888846847856,-1.7516565155811499,-0.10577705498777891
2088.0,-0.21509278842237312,-0.524003326399958,1.309834183041025,-1.319598985033364,-1.7567065716938892,-0.10881052780885248
2089.0,-0.22095783993089857,-0.5408578126075524,1.3120455337967223,-1.3055090853819424,-1.7617566278066286,-0.11184400062992604
2090.0,-0.22095783993089857,-0.5408578126075524,1.3120455337967223,-1.3055090853819424,-1.7617566278066286,-0.11184400062992604
2091.0,-0.23361623056044517,-0.556251359124423,1.3107496015536335,-1.2901417620223543,-1.7726422499408192,-0.1184385293313755
2092.0,-0.2462746211899918,-0.5716449056412937,1.3094536693105447,-1.274774438662766,-1.7835278720750098,-0.12503305803282494
2093.0,-0.2462746211899918,-0.5716449056412937,1.3094536693105447,-1.274774438662766,-1.7835278720750098,-0.12503305803282494
2094.0,-0.25680349626785964,-0.5851968925133592,1.3070536877190093,-1.260012526808573,-1.792571780997268,-0.13055405024493028
2095.0,-0.25680349626785964,-0.5851968925133592,1.3070536877190093,-1.260012526808573,-1.792571780997268,-0.13055405024493028
2096.0,-0.24066633505090554,-0.586135120662729,1.302086495691549,-1.2523672205950662,-1.778700814365267,-0.12212577863872119
2097.0,-0.22452917383395143,-0.5870733488120988,1.2971193036640887,-1.2447219143815593,-1.7648298477332656,-0.11369750703251211
2098.0,-0.22452917383395143,-0.5870733488120988,1.2971193036640887,-1.2447219143815593,-1.7648298477332656,-0.11369750703251211
2099.0,-0.22253956422609253,-0.5898165162656549,1.3044412726876582,-1.2588736964924283,-1.781940942060598,-0.1305644140686617
2100.0,-0.22054995461823365,-0.5925596837192109,1.3117632417112277,-1.2730254786032973,-1.7990520363879305,-0.14743132110481133
2101.0,-0.21856034501037475,-0.5953028511727669,1.3190852107347972,-1.2871772607141663,-1.8161631307152628,-0.16429822814096093
2102.0,-0.21657073540251584,-0.5980460186263229,1.3264071797583668,-1.3013290428250353,-1.8332742250425953,-0.18116513517711053
2103.0,-0.21458112579465696,-0.600789186079879,1.3337291487819363,-1.3154808249359042,-1.8503853193699278,-0.19803204221326015
2104.0,-0.21259151618679806,-0.6035323535334349,1.3410511178055058,-1.3296326070467732,-1.8674964136972603,-0.21489894924940978
2105.0,-0.21060190657893915,-0.606275520986991,1.3483730868290753,-1.3437843891576422,-1.8846075080245928,-0.23176585628555937
2106.0,-0.20861229697108027,-0.609018688440547,1.3556950558526448,-1.3579361712685112,-1.901718602351925,-0.24863276332170897
2107.0,-0.20662268736322137,-0.611761855894103,1.3630170248762143,-1.3720879533793802,-1.9188296966792575,-0.2654996703578586
2108.0,-0.20463307775536246,-0.614505023347659,1.3703389938997839,-1.3862397354902491,-1.93594079100659,-0.28236657739400817
2109.0,-0.20264346814750359,-0.6172481908012151,1.3776609629233534,-1.4003915176011181,-1.9530518853339225,-0.2992334844301578
2110.0,-0.20065385853964468,-0.619991358254771,1.384982931946923,-1.4145432997119871,-1.970162979661255,-0.3161003914663074
2111.0,-0.19866424893178578,-0.6227345257083271,1.3923049009704924,-1.428695081822856,-1.9872740739885875,-0.332967298502457
2112.0,-0.1966746393239269,-0.6254776931618831,1.399626869994062,-1.442846863933725,-2.00438516831592,-0.34983420553860667
2113.0,-0.194685029716068,-0.6282208606154391,1.4069488390176315,-1.456998646044594,-2.021496262643252,-0.36670111257475624
2114.0,-0.19269542010820911,-0.6309640280689951,1.414270808041201,-1.471150428155463,-2.0386073569705845,-0.3835680196109058
2115.0,-0.1907058105003502,-0.6337071955225512,1.4215927770647705,-1.4853022102663322,-2.055718451297917,-0.4004349266470555
2116.0,-0.1887162008924913,-0.6364503629761071,1.4289147460883402,-1.4994539923772012,-2.0728295456252495,-0.41730183368320506
2117.0,-0.18672659128463243,-0.6391935304296632,1.4362367151119098,-1.5136057744880702,-2.089940639952582,-0.43416874071935463
2118.0,-0.18473698167677352,-0.6419366978832192,1.4435586841354793,-1.5277575565989392,-2.1070517342799144,-0.4510356477555043
2119.0,-0.18274737206891462,-0.6446798653367752,1.4508806531590488,-1.5419093387098082,-2.124162828607247,-0.4679025547916539
2120.0,-0.18075776246105574,-0.6474230327903312,1.4582026221826183,-1.5560611208206772,-2.1412739229345794,-0.48476946182780345
2121.0,-0.17876815285319683,-0.6501662002438873,1.4655245912061878,-1.5702129029315461,-2.158385017261912,-0.5016363688639531
2122.0,-0.17677854324533793,-0.6529093676974432,1.4728465602297574,-1.5843646850424151,-2.1754961115892444,-0.5185032759001027
2123.0,-0.17478893363747905,-0.6556525351509993,1.4801685292533269,-1.598516467153284,-2.192607205916577,-0.5353701829362523
2124.0,-0.17279932402962014,-0.6583957026045553,1.4874904982768964,-1.612668249264153,-2.2097183002439094,-0.552237089972402
2125.0,-0.17080971442176124,-0.6611388700581113,1.494812467300466,-1.626820031375022,-2.2268293945712414,-0.5691039970085515
2126.0,-0.16882010481390236,-0.6638820375116673,1.5021344363240354,-1.640971813485891,-2.243940488898574,-0.5859709040447012
2127.0,-0.16683049520604346,-0.6666252049652234,1.509456405347605,-1.65512359559676,-2.2610515832259064,-0.6028378110808508
2128.0,-0.16484088559818455,-0.6693683724187793,1.5167783743711745,-1.669275377707629,-2.278162677553239,-0.6197047181170003
2129.0,-0.16285127599032567,-0.6721115398723354,1.524100343394744,-1.683427159818498,-2.2952737718805714,-0.63657162515315
2130.0,-0.16086166638246677,-0.6748547073258914,1.5314223124183135,-1.697578941929367,-2.312384866207904,-0.6534385321892996
2131.0,-0.15887205677460786,-0.6775978747794474,1.538744281441883,-1.711730724040236,-2.3294959605352363,-0.6703054392254493
2132.0,-0.15688244716674898,-0.6803410422330034,1.5460662504654525,-1.725882506151105,-2.346607054862569,-0.6871723462615988
2133.0,-0.15489283755889008,-0.6830842096865595,1.553388219489022,-1.740034288261974,-2.363718149189901,-0.7040392532977484
2134.0,-0.15290322795103117,-0.6858273771401155,1.5607101885125916,-1.754186070372843,-2.3808292435172334,-0.720906160333898
2135.0,-0.1509136183431723,-0.6885705445936715,1.568032157536161,-1.768337852483712,-2.397940337844566,-0.7377730673700477
2136.0,-0.1489240087353134,-0.6913137120472275,1.5753541265597306,-1.7824896345945809,-2.4150514321718983,-0.7546399744061972
2137.0,-0.14693439912745448,-0.6940568795007835,1.5826760955833001,-1.7966414167054499,-2.432162526499231,-0.7715068814423469
2138.0,-0.1449447895195956,-0.6968000469543396,1.5899980646068697,-1.8107931988163188,-2.4492736208265633,-0.7883737884784965
2139.0,-0.1429551799117367,-0.6995432144078956,1.5973200336304392,-1.8249449809271878,-2.466384715153896,-0.805240695514646
2140.0,-0.1429551799117367,-0.6995432144078956,1.5973200336304392,-1.8249449809271878,-2.466384715153896,-0.805240695514646
2141.0,-0.14295518398284912,-0.6995432376861572,1.5973200798034668,-1.8249449729919434,-2.4663846492767334,-0.8052406907081604
2142.0,-0.14359673857688904,-0.6996802091598511,1.5954928398132324,-1.8228379487991333,-2.4573402404785156,-0.7979713082313538
2143.0,-0.1449469029903412,-0.6999799013137817,1.5918772220611572,-1.8184101581573486,-2.438624382019043,-0.782913088798523
2144.0,-0.14701242744922638,-0.7004700899124146,1.5867736339569092,-1.8117345571517944,-2.4108643531799316,-0.7605504989624023
2145.0,-0.1497945934534073,-0.7011408805847168,1.5804702043533325,-1.802954912185669,-2.37481951713562,-0.7314964532852173
2146.0,-0.15333595871925354,-0.7020076513290405,1.5732203722000122,-1.792231559753418,-2.3312642574310303,-0.6963797807693481
2147.0,-0.15764617919921875,-0.7030333280563354,1.5652687549591064,-1.7797502279281616,-2.28096866607666,-0.6558220982551575
2148.0,-0.16274093091487885,-0.7042055726051331,1.5568827390670776,-1.7656912803649902,-2.2247204780578613,-0.6104446053504944
2149.0,-0.1686258316040039,-0.7055172324180603,1.5483713150024414,-1.7502381801605225,-2.163313865661621,-0.5608661770820618
2150.0,-0.1752917617559433,-0.7069714665412903,1.5400127172470093,-1.733575463294983,-2.097501516342163,-0.5077186822891235
2151.0,-0.18270911276340485,-0.7085210084915161,1.5320594310760498,-1.715889811515808,-2.0280046463012695,-0.4516216218471527
2152.0,-0.19078461825847626,-0.7100470662117004,1.5246903896331787,-1.6973732709884644,-1.9555416107177734,-0.3931850492954254
2153.0,-0.19938844442367554,-0.7114508748054504,1.5180251598358154,-1.678208351135254,-1.8808618783950806,-0.3329998850822449
2154.0,-0.20839038491249084,-0.7126976847648621,1.5121347904205322,-1.6585732698440552,-1.8047435283660889,-0.27165687084198
2155.0,-0.21765834093093872,-0.7137932777404785,1.50705885887146,-1.638659954071045,-1.7279577255249023,-0.20975878834724426
2156.0,-0.2270485907793045,-0.7147152423858643,1.5028393268585205,-1.6186561584472656,-1.6512751579284668,-0.14791393280029297
2157.0,-0.23642219603061676,-0.7154109477996826,1.4995148181915283,-1.5987701416015625,-1.5754518508911133,-0.08673156797885895
2158.0,-0.24563446640968323,-0.7158403396606445,1.4970927238464355,-1.5792052745819092,-1.501236915588379,-0.02680506370961666
2159.0,-0.25455620884895325,-0.7159813046455383,1.4956059455871582,-1.560164213180542,-1.4293559789657593,0.03127781301736832
2160.0,-0.2630346715450287,-0.715836763381958,1.4950484037399292,-1.5418342351913452,-1.360519289970398,0.08692953735589981
2161.0,-0.2709161639213562,-0.7153984308242798,1.4954255819320679,-1.5244014263153076,-1.2954487800598145,0.13956063985824585
2162.0,-0.2780892550945282,-0.7147018313407898,1.4967010021209717,-1.5080238580703735,-1.234873652458191,0.18857409060001373
2163.0,-0.28450044989585876,-0.7138366103172302,1.4987825155258179,-1.4928656816482544,-1.1795514822006226,0.23338119685649872
2164.0,-0.29012569785118103,-0.7129124402999878,1.5014978647232056,-1.4791139364242554,-1.1302337646484375,0.27338749170303345
2165.0,-0.29492998123168945,-0.712063729763031,1.5045818090438843,-1.4670047760009766,-1.0876710414886475,0.3080003559589386
2166.0,-0.2988661825656891,-0.71136075258255,1.5077472925186157,-1.456795334815979,-1.0526028871536255,0.3366188406944275
2167.0,-0.3018990457057953,-0.7108168005943298,1.5106414556503296,-1.4487820863723755,-1.0257272720336914,0.3586388826370239
2168.0,-0.3039504289627075,-0.7104455232620239,1.5128870010375977,-1.443271517753601,-1.0077003240585327,0.37347039580345154
2169.0,-0.30495956540107727,-0.7102705240249634,1.5140959024429321,-1.4405571222305298,-0.9990230202674866,0.3806343674659729
2170.0,-0.30495956540107727,-0.7102705240249634,1.5140959024429321,-1.4405571222305298,-0.9990230202674866,0.3806343674659729
2171.0,-0.30495956540107727,-0.7102705240249634,1.5140959024429321,-1.4405571222305298,-0.9990230202674866,0.3806343674659729
2172.0,-0.30495956540107727,-0.7102705836296082,1.5140959024429321,-1.4405571222305298,-0.9990230202674866,0.3806343674659729
2173.0,-0.30391234159469604,-0.7106647491455078,1.5122541189193726,-1.4444142580032349,-1.008245587348938,0.37327566742897034
2174.0,-0.3011173605918884,-0.7112374901771545,1.5092308521270752,-1.4521487951278687,-1.027247667312622,0.3581916093826294
2175.0,-0.29591310024261475,-0.7121915221214294,1.5058958530426025,-1.4631351232528687,-1.0553847551345825,0.3360448181629181
2176.0,-0.2878645956516266,-0.7130532264709473,1.5029137134552002,-1.4768844842910767,-1.0919971466064453,0.3073856234550476
2177.0,-0.27756592631340027,-0.7138842940330505,1.5005428791046143,-1.4928690195083618,-1.136601209640503,0.27271121740341187
2178.0,-0.26550135016441345,-0.7141103148460388,1.4995096921920776,-1.510467767715454,-1.1887303590774536,0.23238667845726013
2179.0,-0.25304311513900757,-0.7142610549926758,1.4991505146026611,-1.529270887374878,-1.2477192878723145,0.18679170310497284
2180.0,-0.2413347214460373,-0.7144002914428711,1.4990683794021606,-1.548854947090149,-1.31273353099823,0.1365107148885727
2181.0,-0.23078538477420807,-0.714579164981842,1.4992579221725464,-1.5686671733856201,-1.3825466632843018,0.08221688866615295
2182.0,-0.2214169204235077,-0.7145426869392395,1.4999526739120483,-1.5882936716079712,-1.4559963941574097,0.02490064688026905
2183.0,-0.21261651813983917,-0.7142712473869324,1.5012791156768799,-1.6073813438415527,-1.5317858457565308,-0.0345437191426754
2184.0,-0.20399822294712067,-0.7136572003364563,1.5037305355072021,-1.6257047653198242,-1.6090545654296875,-0.09510903805494308
2185.0,-0.19519177079200745,-0.712796151638031,1.5070430040359497,-1.643222689628601,-1.6869760751724243,-0.15611949563026428
2186.0,-0.1863156259059906,-0.711846113204956,1.511399745941162,-1.6598821878433228,-1.7650395631790161,-0.21690401434898376
2187.0,-0.17737005650997162,-0.7108753323554993,1.5162160396575928,-1.675667643547058,-1.8425133228302002,-0.2770783603191376
2188.0,-0.16859832406044006,-0.7100363969802856,1.5213232040405273,-1.6904891729354858,-1.9186171293258667,-0.33609092235565186
2189.0,-0.1596611887216568,-0.7091633677482605,1.5262497663497925,-1.7041475772857666,-1.9922456741333008,-0.39345550537109375
2190.0,-0.15041980147361755,-0.7083026766777039,1.5308810472488403,-1.7164589166641235,-2.0622968673706055,-0.44835400581359863
2191.0,-0.14042752981185913,-0.7074604034423828,1.5351179838180542,-1.727155089378357,-2.1276657581329346,-0.5000430345535278
2192.0,-0.12980863451957703,-0.7068148255348206,1.5391974449157715,-1.7361482381820679,-2.187546491622925,-0.5475620031356812
2193.0,-0.11909040063619614,-0.7066092491149902,1.5435066223144531,-1.7432781457901,-2.2413952350616455,-0.5903136730194092
2194.0,-0.10913439840078354,-0.7068703174591064,1.548649549484253,-1.748605489730835,-2.2889013290405273,-0.6276912093162537
2195.0,-0.10101645439863205,-0.7074357271194458,1.5552531480789185,-1.7521390914916992,-2.3299155235290527,-0.65961754322052
2196.0,-0.09512690454721451,-0.7081919312477112,1.563132643699646,-1.7541546821594238,-2.364278554916382,-0.6859594583511353
2197.0,-0.09140763431787491,-0.7088915705680847,1.5715898275375366,-1.7550063133239746,-2.3918466567993164,-0.706943929195404
2198.0,-0.08929037302732468,-0.7094994783401489,1.579581379890442,-1.7550865411758423,-2.4124341011047363,-0.7225273251533508
2199.0,-0.08833716809749603,-0.7098497748374939,1.5859630107879639,-1.75477933883667,-2.4258949756622314,-0.7327956557273865
2200.0,-0.08792436867952347,-0.710082471370697,1.5894503593444824,-1.754483699798584,-2.4322094917297363,-0.7376415729522705
2201.0,-0.08792436867952347,-0.710082471370697,1.5894503593444824,-1.754483699798584,-2.4322094917297363,-0.7376415729522705
2202.0,-0.08792436867952347,-0.710082471370697,1.5894503593444824,-1.754483699798584,-2.4322094917297363,-0.7376415729522705
2203.0,-0.0899008886269793,-0.7083788859717848,1.5828362104922087,-1.741151606005801,-2.414763943905966,-0.7217256362663943
2204.0,-0.0918774066667849,-0.7066753274113703,1.5762220842683783,-1.727819464343159,-2.397318492769635,-0.7058096970171146
2205.0,-0.09385392470659049,-0.7049717688509557,1.5696079580445481,-1.7144873226805168,-2.3798730416333047,-0.689893757767835
2206.0,-0.09583044274639607,-0.7032682102905412,1.5629938318207177,-1.7011551810178749,-2.3624275904969743,-0.6739778185185553
2207.0,-0.09780696078620166,-0.7015646517301267,1.5563797055968875,-1.6878230393552327,-2.344982139360644,-0.6580618792692757
2208.0,-0.09978347882600726,-0.6998610931697122,1.5497655793730571,-1.6744908976925907,-2.327536688224313,-0.642145940019996
2209.0,-0.10175999686581284,-0.6981575346092977,1.543151453149227,-1.6611587560299486,-2.3100912370879825,-0.6262300007707164
2210.0,-0.10373651490561843,-0.6964539760488831,1.5365373269253966,-1.6478266143673066,-2.292645785951652,-0.6103140615214367
2211.0,-0.10571303294542403,-0.6947504174884687,1.5299232007015664,-1.6344944727046644,-2.275200334815321,-0.5943981222721572
2212.0,-0.10768955098522962,-0.6930468589280542,1.5233090744777362,-1.6211623310420222,-2.2577548836789907,-0.5784821830228775
2213.0,-0.1096660690250352,-0.6913433003676397,1.5166949482539058,-1.6078301893793803,-2.2403094325426602,-0.5625662437735979
2214.0,-0.11164258706484079,-0.6896397418072252,1.5100808220300757,-1.594498047716738,-2.2228639814063293,-0.5466503045243182
2215.0,-0.11361910510464637,-0.6879361832468106,1.5034666958062453,-1.5811659060540961,-2.205418530269999,-0.5307343652750386
2216.0,-0.11559562314445197,-0.6862326246863961,1.496852569582415,-1.567833764391454,-2.1879730791336685,-0.5148184260257589
2217.0,-0.11757214118425756,-0.6845290661259816,1.4902384433585847,-1.554501622728812,-2.170527627997338,-0.4989024867764793
2218.0,-0.11954865922406316,-0.6828255075655671,1.4836243171347545,-1.5411694810661698,-2.153082176861007,-0.48298654752719966
2219.0,-0.12152517726386874,-0.6811219490051527,1.4770101909109243,-1.5278373394035276,-2.1356367257246767,-0.46707060827792
2220.0,-0.12350169530367433,-0.6794183904447382,1.470396064687094,-1.5145051977408857,-2.118191274588346,-0.4511546690286404
2221.0,-0.12547821334347992,-0.6777148318843236,1.4637819384632638,-1.5011730560782435,-2.1007458234520153,-0.43523872977936073
2222.0,-0.1274547313832855,-0.6760112733239091,1.4571678122394334,-1.4878409144156015,-2.083300372315685,-0.41932279053008115
2223.0,-0.1294312494230911,-0.6743077147634946,1.4505536860156032,-1.4745087727529593,-2.0658549211793544,-0.40340685128080145
2224.0,-0.13140776746289667,-0.6726041562030801,1.4439395597917728,-1.4611766310903174,-2.0484094700430235,-0.3874909120315218
2225.0,-0.1333842855027023,-0.6709005976426656,1.4373254335679426,-1.4478444894276752,-2.030964018906693,-0.37157497278224216
2226.0,-0.13536080354250787,-0.669197039082251,1.4307113073441122,-1.434512347765033,-2.0135185677703626,-0.3556590335329625
2227.0,-0.13733732158231346,-0.6674934805218365,1.424097181120282,-1.421180206102391,-1.9960731166340322,-0.33974309428368293
2228.0,-0.13931383962211905,-0.6657899219614221,1.4174830548964519,-1.407848064439749,-1.9786276654977015,-0.3238271550344033
2229.0,-0.14129035766192463,-0.6640863634010076,1.4108689286726215,-1.394515922777107,-1.9611822143613709,-0.30791121578512365
2230.0,-0.14326687570173025,-0.6623828048405931,1.4042548024487913,-1.3811837811144647,-1.9437367632250404,-0.29199527653584395
2231.0,-0.14524339374153583,-0.6606792462801785,1.397640676224961,-1.3678516394518225,-1.9262913120887097,-0.2760793372865643
2232.0,-0.14721991178134142,-0.658975687719764,1.3910265500011307,-1.3545194977891806,-1.908845860952379,-0.2601633980372847
2233.0,-0.149196429821147,-0.6572721291593495,1.3844124237773003,-1.3411873561265386,-1.8914004098160486,-0.24424745878800508
2234.0,-0.1511729478609526,-0.655568570598935,1.3777982975534702,-1.3278552144638964,-1.873954958679718,-0.22833151953872544
2235.0,-0.15314946590075817,-0.6538650120385205,1.3711841713296398,-1.3145230728012542,-1.8565095075433873,-0.21241558028944574
2236.0,-0.15512598394056376,-0.652161453478106,1.3645700451058096,-1.3011909311386123,-1.8390640564070568,-0.19649964104016615
2237.0,-0.15710250198036935,-0.6504578949176915,1.3579559188819794,-1.2878587894759703,-1.8216186052707264,-0.18058370179088656
2238.0,-0.15907902002017493,-0.648754336357277,1.351341792658149,-1.2745266478133281,-1.8041731541343957,-0.16466776254160687
2239.0,-0.16105553805998052,-0.6470507777968625,1.3447276664343188,-1.261194506150686,-1.786727702998065,-0.14875182329232728
2240.0,-0.1630320560997861,-0.645347219236448,1.3381135402104885,-1.2478623644880438,-1.7692822518617346,-0.13283588404304758
2241.0,-0.16500857413959172,-0.6436436606760334,1.3314994139866583,-1.2345302228254018,-1.751836800725404,-0.116919944793768
2242.0,-0.1669850921793973,-0.6419401021156189,1.3248852877628279,-1.2211980811627599,-1.7343913495890733,-0.1010040055444884
2243.0,-0.1689616102192029,-0.6402365435552044,1.3182711615389977,-1.2078659395001177,-1.7169458984527428,-0.08508806629520871
2244.0,-0.1689616102192029,-0.6402365435552044,1.3182711615389977,-1.2078659395001177,-1.7169458984527428,-0.08508806629520875
2245.0,-0.170849810415235,-0.6418856197385383,1.3230903768109097,-1.2139545044562636,-1.6996700863913161,-0.07362880477674369
2246.0,-0.17273801061126712,-0.6435346959218721,1.3279095920828214,-1.2200430694124094,-1.6823942743298894,-0.062169543258278635
2247.0,-0.17462621080729923,-0.6451837721052059,1.3327288073547332,-1.2261316343685553,-1.6651184622684625,-0.05071028173981358
2248.0,-0.17651441100333135,-0.6468328482885398,1.3375480226266452,-1.232220199324701,-1.6478426502070358,-0.03925102022134852
2249.0,-0.17840261119936346,-0.6484819244718736,1.3423672378985572,-1.238308764280847,-1.630566838145609,-0.02779175870288346
2250.0,-0.18029081139539557,-0.6501310006552075,1.347186453170469,-1.244397329236993,-1.6132910260841824,-0.016332497184418412
2251.0,-0.1821790115914277,-0.6517800768385413,1.3520056684423807,-1.2504858941931387,-1.5960152140227557,-0.0048732356659533516
2252.0,-0.1840672117874598,-0.6534291530218751,1.3568248837142927,-1.2565744591492847,-1.5787394019613288,0.006586025852511709
2253.0,-0.18595541198349191,-0.655078229205209,1.3616440989862046,-1.2626630241054306,-1.561463589899902,0.01804528737097677
2254.0,-0.18784361217952403,-0.6567273053885428,1.3664633142581164,-1.2687515890615764,-1.5441877778384754,0.02950454888944183
2255.0,-0.18973181237555614,-0.6583763815718766,1.3712825295300282,-1.2748401540177223,-1.5269119657770487,0.04096381040790688
2256.0,-0.19162001257158826,-0.6600254577552105,1.3761017448019401,-1.280928718973868,-1.509636153715622,0.052423071926371925
2257.0,-0.19350821276762037,-0.6616745339385444,1.3809209600738521,-1.287017283930014,-1.492360341654195,0.063882333444837
2258.0,-0.19539641296365248,-0.6633236101218781,1.3857401753457639,-1.29310584888616,-1.4750845295927684,0.07534159496330205
2259.0,-0.1972846131596846,-0.664972686305212,1.3905593906176756,-1.2991944138423057,-1.4578087175313417,0.08680085648176712
2260.0,-0.1991728133557167,-0.6666217624885459,1.3953786058895876,-1.3052829787984517,-1.440532905469915,0.09826011800023217
2261.0,-0.20106101355174882,-0.6682708386718796,1.4001978211614996,-1.3113715437545974,-1.4232570934084883,0.10971937951869722
2262.0,-0.20294921374778094,-0.6699199148552135,1.4050170364334114,-1.3174601087107434,-1.4059812813470614,0.12117864103716229
2263.0,-0.20483741394381305,-0.6715689910385474,1.4098362517053231,-1.3235486736668893,-1.3887054692856347,0.13263790255562735
2264.0,-0.20672561413984517,-0.6732180672218812,1.414655466977235,-1.329637238623035,-1.371429657224208,0.1440971640740924
2265.0,-0.20861381433587728,-0.674867143405215,1.419474682249147,-1.335725803579181,-1.3541538451627813,0.15555642559255745
2266.0,-0.21050201453190936,-0.6765162195885488,1.4242938975210588,-1.341814368535327,-1.3368780331013546,0.1670156871110225
2267.0,-0.2123902147279415,-0.6781652957718827,1.4291131127929706,-1.3479029334914727,-1.3196022210399279,0.17847494862948754
2268.0,-0.2142784149239736,-0.6798143719552165,1.4339323280648826,-1.3539914984476187,-1.3023264089785012,0.1899342101479526
2269.0,-0.21616661512000573,-0.6814634481385504,1.4387515433367946,-1.3600800634037644,-1.2850505969170742,0.2013934716664177
2270.0,-0.21805481531603782,-0.6831125243218842,1.4435707586087063,-1.3661686283599104,-1.2677747848556475,0.21285273318488274
2271.0,-0.21994301551206996,-0.6847616005052181,1.448389973880618,-1.3722571933160563,-1.2504989727942208,0.22431199470334778
2272.0,-0.22183121570810205,-0.6864106766885518,1.45320918915253,-1.378345758272202,-1.2332231607327941,0.23577125622181283
2273.0,-0.22371941590413416,-0.6880597528718857,1.458028404424442,-1.384434323228348,-1.2159473486713672,0.24723051774027788
2274.0,-0.22560761610016627,-0.6897088290552196,1.4628476196963538,-1.3905228881844938,-1.1986715366099405,0.258689779258743
2275.0,-0.22749581629619842,-0.6913579052385533,1.4676668349682656,-1.3966114531406397,-1.1813957245485138,0.270149040777208
2276.0,-0.2293840164922305,-0.6930069814218872,1.4724860502401775,-1.4027000180967857,-1.1641199124870871,0.2816083022956731
2277.0,-0.23127221668826262,-0.6946560576052211,1.4773052655120895,-1.4087885830529314,-1.1468441004256604,0.2930675638141381
2278.0,-0.23316041688429473,-0.6963051337885549,1.4821244807840013,-1.4148771480090774,-1.1295682883642337,0.30452682533260317
2279.0,-0.23504861708032687,-0.6979542099718887,1.4869436960559133,-1.4209657129652233,-1.1122924763028068,0.31598608685106827
2280.0,-0.23693681727635896,-0.6996032861552226,1.491762911327825,-1.427054277921369,-1.09501666424138,0.3274453483695333
2281.0,-0.23882501747239107,-0.7012523623385564,1.496582126599737,-1.433142842877515,-1.0777408521799532,0.33890460988799836
2282.0,-0.24071321766842319,-0.7029014385218902,1.5014013418716488,-1.4392314078336608,-1.0604650401185265,0.3503638714064634
2283.0,-0.2426014178644553,-0.7045505147052241,1.5062205571435605,-1.4453199727898067,-1.0431892280570998,0.36182313292492846
2284.0,-0.2444896180604874,-0.7061995908885579,1.5110397724154725,-1.4514085377459527,-1.025913415995673,0.37328239444339356
2285.0,-0.24637781825651953,-0.7078486670718918,1.5158589876873845,-1.4574971027020984,-1.0086376039342464,0.3847416559618586
2286.0,-0.24826601845255164,-0.7094977432552256,1.5206782029592962,-1.4635856676582444,-0.9913617918728196,0.39620091748032366
2287.0,-0.2501542186485838,-0.7111468194385594,1.525497418231208,-1.4696742326143903,-0.9740859798113929,0.4076601789987887
2288.0,-0.25204241884461587,-0.7127958956218933,1.53031663350312,-1.475762797570536,-0.9568101677499662,0.41911944051725375
2289.0,-0.25204241884461587,-0.7127958956218933,1.53031663350312,-1.475762797570536,-0.9568101677499662,0.4191194405172538
2290.0,-0.25204241275787354,-0.7127959132194519,1.5303165912628174,-1.4757628440856934,-0.9568101763725281,0.4191194474697113
2291.0,-0.2515103220939636,-0.7135579586029053,1.5310410261154175,-1.482741117477417,-0.961069643497467,0.42405298352241516
2292.0,-0.25033703446388245,-0.7152231931686401,1.5326787233352661,-1.4973093271255493,-0.969724178314209,0.434475302696228
2293.0,-0.24868446588516235,-0.717815101146698,1.5352122783660889,-1.5190716981887817,-0.9823516607284546,0.4502546191215515
2294.0,-0.2464338093996048,-0.7213106155395508,1.5388532876968384,-1.5473607778549194,-0.9985447525978088,0.47111132740974426
2295.0,-0.24369031190872192,-0.7256730794906616,1.5436877012252808,-1.5813418626785278,-1.0179911851882935,0.49669206142425537
2296.0,-0.240304633975029,-0.7308889627456665,1.5500820875167847,-1.6201804876327515,-1.0404622554779053,0.526637613773346
2297.0,-0.2363012582063675,-0.7369531989097595,1.5583152770996094,-1.6630926132202148,-1.065704345703125,0.5606295466423035
2298.0,-0.23165127635002136,-0.7439107298851013,1.5688343048095703,-1.7095413208007812,-1.0934773683547974,0.5984647274017334
2299.0,-0.22655917704105377,-0.7517797946929932,1.5818612575531006,-1.7591456174850464,-1.1234077215194702,0.6399812698364258
2300.0,-0.2212824821472168,-0.7606555819511414,1.597375512123108,-1.8116447925567627,-1.1550763845443726,0.6850401759147644
2301.0,-0.21610313653945923,-0.770445704460144,1.6150487661361694,-1.8666467666625977,-1.1880089044570923,0.733354389667511
2302.0,-0.21127082407474518,-0.781025230884552,1.634372591972351,-1.92356538772583,-1.221691608428955,0.7844651341438293
2303.0,-0.20683498680591583,-0.7921891212463379,1.6545634269714355,-1.9815424680709839,-1.2556226253509521,0.8377090692520142
2304.0,-0.2027922421693802,-0.8037270903587341,1.6748355627059937,-2.039647340774536,-1.2893309593200684,0.8922414183616638
2305.0,-0.19899845123291016,-0.8154391646385193,1.6944688558578491,-2.096932888031006,-1.3223148584365845,0.9472176432609558
2306.0,-0.19536377489566803,-0.8270503282546997,1.7131037712097168,-2.152641773223877,-1.3542020320892334,1.0017584562301636
2307.0,-0.19177627563476562,-0.8382270336151123,1.7306227684020996,-2.2061822414398193,-1.3846021890640259,1.0551462173461914
2308.0,-0.18828248977661133,-0.848673939704895,1.7471979856491089,-2.2571146488189697,-1.4132866859436035,1.106687068939209
2309.0,-0.18487808108329773,-0.8580577373504639,1.7630724906921387,-2.3050544261932373,-1.4400522708892822,1.1558161973953247
2310.0,-0.18164798617362976,-0.8662072420120239,1.7784104347229004,-2.3495700359344482,-1.464821457862854,1.2019479274749756
2311.0,-0.17860448360443115,-0.8729933500289917,1.793250560760498,-2.390211343765259,-1.4874376058578491,1.2445766925811768
2312.0,-0.1757301390171051,-0.8784855604171753,1.8073936700820923,-2.4265549182891846,-1.5078142881393433,1.2831982374191284
2313.0,-0.1729809045791626,-0.8827773332595825,1.8205775022506714,-2.4582061767578125,-1.525693416595459,1.317365050315857
2314.0,-0.17035934329032898,-0.8860213160514832,1.8324384689331055,-2.4849228858947754,-1.5408713817596436,1.346697449684143
2315.0,-0.16787675023078918,-0.8883928060531616,1.8426164388656616,-2.5064992904663086,-1.5530861616134644,1.3707932233810425
2316.0,-0.16568292677402496,-0.8899989724159241,1.850760817527771,-2.5227785110473633,-1.5621793270111084,1.3892769813537598
2317.0,-0.16400310397148132,-0.890957236289978,1.8564375638961792,-2.5335605144500732,-1.5680662393569946,1.4017075300216675
2318.0,-0.16308383643627167,-0.8913730382919312,1.859283447265625,-2.5387067794799805,-1.5707963705062866,1.407712459564209
2319.0,-0.16308383643627167,-0.8913730382919312,1.859283447265625,-2.5387067794799805,-1.5707963705062866,1.407712459564209
2320.0,-0.16308383643627167,-0.8913730382919312,1.859283447265625,-2.5387067794799805,-1.5707963705062866,1.407712459564209
2321.0,-0.16421465743144065,-0.903161907889235,1.8642375035720735,-2.531871922716369,-1.570796326792137,1.4065816691583524
2322.0,-0.16534547395791602,-0.9149507932736249,1.8691915387381053,-2.525037072498239,-1.570796326792099,1.405450852631877
2323.0,-0.16534547395791602,-0.9149507932736249,1.8691915387381053,-2.525037072498239,-1.570796326792099,1.405450852631877
2324.0,-0.17116126914954866,-0.9218529551909218,1.8847329081719688,-2.5336762800159813,-1.5707963267918958,1.3996350574402445
2325.0,-0.17697706434118127,-0.9287551171082188,1.9002742776058326,-2.5423154875337235,-1.5707963267916927,1.3938192622486119
2326.0,-0.17697706434118127,-0.9287551171082188,1.9002742776058326,-2.5423154875337235,-1.5707963267916927,1.3938192622486119
2327.0,-0.1742661128023902,-0.9344378480418418,1.9131146991981463,-2.5494731781918665,-1.5707963267917893,1.396530213787403
2328.0,-0.17155516126359915,-0.940120578975465,1.92595512079046,-2.556630868850009,-1.5707963267918856,1.399241165326194
2329.0,-0.17155516126359915,-0.940120578975465,1.92595512079046,-2.556630868850009,-1.5707963267918856,1.399241165326194
2330.0,-0.17310275718065765,-0.9454651991263754,1.9380715795884371,-2.5634027074973886,-1.570796326791831,1.3976935694091355
2331.0,-0.17465035309771612,-0.9508098192772857,1.950188038386414,-2.5701745461447683,-1.5707963267917762,1.396145973492077
2332.0,-0.17465035309771612,-0.9508098192772857,1.950188038386414,-2.5701745461447683,-1.5707963267917762,1.396145973492077
2333.0,-0.17697594455636442,-0.9566900469031505,1.9635671897157692,-2.577673469848728,-1.5707963267916922,1.3938203820334287
2334.0,-0.17930153601501272,-0.9625702745290154,1.9769463410451242,-2.5851723935526874,-1.5707963267916083,1.3914947905747803
2335.0,-0.17930153601501272,-0.9625702745290154,1.9769463410451242,-2.5851723935526874,-1.5707963267916083,1.3914947905747803
2336.0,-0.1763010424136454,-0.9672341169455165,1.9875967899123321,-2.591159000002788,-1.5707963267917162,1.3944952841761475
2337.0,-0.17330054881227805,-0.9718979593620177,1.99824723877954,-2.5971456064528895,-1.5707963267918241,1.397495777777515
2338.0,-0.17330054881227805,-0.9718979593620177,1.99824723877954,-2.5971456064528895,-1.5707963267918241,1.397495777777515
2339.0,-0.1683957365725246,-0.9672108969827393,1.987543852853268,-2.5911292829049044,-1.5707963267919927,1.4024005900172685
2340.0,-0.16349092433277113,-0.962523834603461,1.976840466926996,-2.585112959356919,-1.5707963267921614,1.407305402257022
2341.0,-0.16349092433277113,-0.962523834603461,1.976840466926996,-2.585112959356919,-1.5707963267921614,1.407305402257022
2342.0,-0.15869247328200253,-0.9668972117924137,1.9868263808136988,-2.5907254960536967,-1.5707963267923168,1.4121038533077905
2343.0,-0.15389402223123394,-0.9712705889813663,1.9968122947004014,-2.596338032750475,-1.5707963267924725,1.4169023043585591
2344.0,-0.15389402223123394,-0.9712705889813663,1.9968122947004014,-2.596338032750475,-1.5707963267924725,1.4169023043585591
2345.0,-0.1584498596269473,-0.9771020488998523,2.0101783329410354,-2.6038726110735455,-1.570796326792325,1.4123464669628458
2346.0,-0.16300569702266063,-0.9829335088183384,2.0235443711816696,-2.6114071893966164,-1.5707963267921776,1.4077906295671325
2347.0,-0.16300569702266063,-0.9829335088183384,2.0235443711816696,-2.6114071893966164,-1.5707963267921776,1.4077906295671325
2348.0,-0.15372507065887048,-0.9821463600272289,2.021736629408151,-2.6103865964123267,-1.5707963267924692,1.4170712559309226
2349.0,-0.1444444442950803,-0.9813592112361195,2.019928887634633,-2.609366003428037,-1.5707963267927605,1.4263518822947128
2350.0,-0.1444444442950803,-0.9813592112361195,2.019928887634633,-2.609366003428037,-1.5707963267927605,1.4263518822947128
2351.0,-0.13493382245356836,-0.9795973877435955,2.0158868209768412,-2.607085760260836,-1.570796326793023,1.4358625041362247
2352.0,-0.12542320061205642,-0.9778355642510717,2.011844754319049,-2.604805517093635,-1.5707963267932852,1.4453731259777367
2353.0,-0.12542320061205642,-0.9778355642510717,2.011844754319049,-2.604805517093635,-1.5707963267932852,1.4453731259777367
2354.0,-0.11022384667737362,-0.9736643287820145,2.0022891472442836,-2.599421145484831,-1.5707963267936518,1.4605724799124196
2355.0,-0.11022384667737362,-0.9736643287820145,2.0022891472442836,-2.599421145484831,-1.5707963267936518,1.4605724799124196
2356.0,-0.11471887484996035,-0.9697130915865677,1.9932579095051794,-2.5943411449420894,-1.570796326793546,1.4560774517398327
2357.0,-0.11921390302254709,-0.9657618543911209,1.984226671766075,-2.5892611443993476,-1.5707963267934406,1.451582423567246
2358.0,-0.11921390302254709,-0.9657618543911209,1.984226671766075,-2.5892611443993476,-1.5707963267934406,1.451582423567246
2359.0,-0.13507748365840683,-0.968892406702803,1.9913758463082794,-2.5932797666330973,-1.570796326793028,1.4357188429313863
2360.0,-0.13507748365840683,-0.968892406702803,1.9913758463082794,-2.5932797666330973,-1.570796326793028,1.4357188429313863
2361.0,-0.12925575952005258,-0.9616350748575265,1.9748354072318006,-2.583996659400711,-1.570796326793182,1.4415405670697405
2362.0,-0.12343403538169835,-0.9543777430122501,1.958294968155322,-2.5747135521683244,-1.5707963267933358,1.4473622912080948
2363.0,-0.12343403538169835,-0.9543777430122501,1.958294968155322,-2.5747135521683244,-1.5707963267933358,1.4473622912080948
2364.0,-0.10846001113784336,-0.9518860663894697,1.9526324631236374,-2.5715427237563695,-1.570796326793691,1.4623363154519498
2365.0,-0.10846001113784336,-0.9518860663894697,1.9526324631236374,-2.5715427237563695,-1.570796326793691,1.4623363154519498
2366.0,-0.11041157573684153,-0.9470315446017354,1.941621704579715,-2.5653864870005796,-1.570796326793647,1.4603847508529517
2367.0,-0.1123631403358397,-0.9421770228140012,1.930610946035793,-2.5592302502447897,-1.570796326793603,1.4584331862539535
2368.0,-0.1123631403358397,-0.9421770228140012,1.930610946035793,-2.5592302502447897,-1.570796326793603,1.4584331862539535
2369.0,-0.11808885906859803,-0.9382885527328271,1.9218148771502528,-2.5543226514415895,-1.5707963267934646,1.452707467521195
2370.0,-0.12381457780135635,-0.9344000826516529,1.9130188082647126,-2.54941505263839,-1.5707963267933263,1.4469817487884367
2371.0,-0.12381457780135635,-0.9344000826516529,1.9130188082647126,-2.54941505263839,-1.5707963267933263,1.4469817487884367
2372.0,-0.13941218612096842,-0.9353341747018393,1.9151296776324893,-2.5505918299591515,-1.5707963267929064,1.4313841404688246
2373.0,-0.13941218612096842,-0.9353341747018393,1.9151296776324893,-2.5505918299591515,-1.5707963267929064,1.4313841404688246
2374.0,-0.13616945902356997,-0.9301062535398612,1.9033315383017992,-2.5440216117897805,-1.5707963267929967,1.434626867566223
2375.0,-0.13292673192617152,-0.9248783323778832,1.891533398971109,-2.5374513936204095,-1.570796326793087,1.4378695946636215
2376.0,-0.13292673192617152,-0.9248783323778832,1.891533398971109,-2.5374513936204095,-1.570796326793087,1.4378695946636215
2377.0,-0.14685244749893975,-0.9192074289167539,1.878763913381534,-2.530352811494792,-1.5707963267926888,1.4239438790908534
2378.0,-0.14685244749893975,-0.9192074289167539,1.878763913381534,-2.530352811494792,-1.5707963267926888,1.4239438790908534
2379.0,-0.15086726462930894,-0.9242845697041814,1.890203354953762,-2.5367151122804064,-1.570796326792565,1.419929061960484
2380.0,-0.15488208175967816,-0.9293617104916089,1.90164279652599,-2.543077413066021,-1.5707963267924412,1.415914244830115
2381.0,-0.15488208175967816,-0.9293617104916089,1.90164279652599,-2.543077413066021,-1.5707963267924412,1.415914244830115
2382.0,-0.15526752610836878,-0.9360027767522151,1.916655518103603,-2.551449068383106,-1.570796326792429,1.4155288004814244
2383.0,-0.1556529704570594,-0.9426438430128213,1.9316682396812157,-2.5598207237001906,-1.5707963267924168,1.4151433561327338
2384.0,-0.1556529704570594,-0.9426438430128213,1.9316682396812157,-2.5598207237001906,-1.5707963267924168,1.4151433561327338
2385.0,-0.1459345621258566,-0.9447722153563924,1.9364922624394425,-2.5625163741128745,-1.5707963267927068,1.4248617644639365
2386.0,-0.13621615379465377,-0.9469005876999637,1.9413162851976695,-2.5652120245255583,-1.5707963267929965,1.4345801727951393
2387.0,-0.13621615379465377,-0.9469005876999637,1.9413162851976695,-2.5652120245255583,-1.5707963267929965,1.4345801727951393
2388.0,-0.1241393696352248,-0.9418496561098973,1.9298869360984825,-2.558833607013978,-1.5707963267932883,1.4466569569545682
2389.0,-0.11206258547579584,-0.936798724519831,1.9184575869992957,-2.5524551895023975,-1.5707963267935803,1.4587337411139973
2390.0,-0.09998580131636686,-0.9317477929297647,1.9070282379001087,-2.5460767719908173,-1.570796326793872,1.4708105252734263
2391.0,-0.09998580131636686,-0.9317477929297647,1.9070282379001087,-2.5460767719908173,-1.570796326793872,1.4708105252734263
2392.0,-0.10342624987637128,-0.9259366649893279,1.8939290989132314,-2.5387887609450788,-1.5707963267937992,1.4673700767134217
2393.0,-0.10686669843637571,-0.920125537048891,1.880829959926354,-2.5315007498993403,-1.5707963267937264,1.4639296281534173
2394.0,-0.10686669843637571,-0.920125537048891,1.880829959926354,-2.5315007498993403,-1.5707963267937264,1.4639296281534173
2395.0,-0.11877741677675689,-0.9153472109198771,1.870082563364533,-2.5255316794689606,-1.5707963267934513,1.4520189098130363
2396.0,-0.11877741677675689,-0.9153472109198771,1.870082563364533,-2.5255316794689606,-1.5707963267934513,1.4520189098130363
2397.0,-0.11811609484500954,-0.9049677726230305,1.8684003578961836,-2.5342289122973227,-1.5707963267934673,1.4526802317447836
2398.0,-0.1174547729132622,-0.8945883343261839,1.866718152427834,-2.5429261451256853,-1.5707963267934832,1.4533415536765308
2399.0,-0.1174547729132622,-0.8945883343261839,1.866718152427834,-2.5429261451256853,-1.5707963267934832,1.4533415536765308
2400.0,-0.10579547191396499,-0.9045104724498797,1.8745966353936405,-2.5408824899654165,-1.570796326793722,1.465000854675828
2401.0,-0.09413617091466778,-0.9144326105735755,1.882475118359447,-2.5388388348051483,-1.5707963267939604,1.4766601556751253
2402.0,-0.08247686991537057,-0.9243547486972713,1.8903536013252535,-2.5367951796448795,-1.5707963267941991,1.4883194566744224
2403.0,-0.08247686991537057,-0.9243547486972713,1.8903536013252535,-2.5367951796448795,-1.5707963267941991,1.4883194566744224
2404.0,-0.06527438893793247,-0.9194961315321972,1.8794135357854307,-2.530713731266612,-1.5707963267944596,1.5055219376518607
2405.0,-0.06527438893793247,-0.9194961315321972,1.8794135357854307,-2.530713731266612,-1.5707963267944596,1.5055219376518607
2406.0,-0.06556897156640147,-0.9250811790761175,1.8920001024224704,-2.537715250359792,-1.5707963267944556,1.5052273550233917
2407.0,-0.06586355419487047,-0.9306662266200377,1.90458666905951,-2.5447167694529713,-1.5707963267944516,1.5049327723949226
2408.0,-0.06586355419487047,-0.9306662266200377,1.90458666905951,-2.5447167694529713,-1.5707963267944516,1.5049327723949226
2409.0,-0.07128656780409764,-0.935845897177086,1.916295171965209,-2.551245601802732,-1.5707963267943725,1.4995097587856954
2410.0,-0.07670958141332483,-0.9410255677341343,1.9280036748709082,-2.557774434152492,-1.5707963267942933,1.4940867451764683
2411.0,-0.07670958141332483,-0.9410255677341343,1.9280036748709082,-2.557774434152492,-1.5707963267942933,1.4940867451764683
2412.0,-0.0651892443751921,-0.9467100763506204,1.9408842122464347,-2.5649704629091756,-1.5707963267944607,1.505607082214601
2413.0,-0.0651892443751921,-0.9467100763506204,1.9408842122464347,-2.5649704629091756,-1.5707963267944607,1.505607082214601
2414.0,-0.05811471776262154,-0.9426295886187587,1.9316417091031475,-2.5598084474963017,-1.5707963267945448,1.5126816088271715
2415.0,-0.05104019115005097,-0.9385491008868969,1.9223992059598602,-2.5546464320834277,-1.5707963267946292,1.5197561354397422
2416.0,-0.05104019115005097,-0.9385491008868969,1.9223992059598602,-2.5546464320834277,-1.5707963267946292,1.5197561354397422
2417.0,-0.04612343048348545,-0.9340539679769209,1.9122433899573437,-2.54898574898988,-1.5707963267946758,1.5246728961063076
2418.0,-0.04120666981691993,-0.9295588350669448,1.902087573954827,-2.543325065896332,-1.5707963267947223,1.529589656772873
2419.0,-0.04120666981691993,-0.9295588350669448,1.902087573954827,-2.543325065896332,-1.5707963267947223,1.529589656772873
2420.0,-0.03843875038606226,-0.9224997590288002,1.8861901234452338,-2.534486691424316,-1.5707963267947442,1.5323575762037307
2421.0,-0.03567083095520459,-0.9154406829906556,1.8702926729356406,-2.5256483169523,-1.570796326794766,1.5351254956345886
2422.0,-0.03567083095520459,-0.9154406829906556,1.8702926729356406,-2.5256483169523,-1.570796326794766,1.5351254956345886
2423.0,-0.05061303175725636,-0.9088518203187745,1.8554941747348193,-2.5174386814264214,-1.5707963267946337,1.5201832948325367
2424.0,-0.05061303175725636,-0.9088518203187745,1.8554941747348193,-2.5174386814264214,-1.5707963267946337,1.5201832948325367
2425.0,-0.033661798836184725,-0.9125543948705769,1.8638109687233295,-2.522052900859655,-1.5707963267947507,1.5371345277536084
2426.0,-0.016710565915113093,-0.9162569694223792,1.87212776271184,-2.5266671202928883,-1.5707963267948677,1.55408576067468
2427.0,-0.01671056591511309,-0.9162569694223792,1.87212776271184,-2.5266671202928883,-1.5707963267948677,1.55408576067468
2428.0,-0.021681267839891556,-0.922920950075437,1.8871652402679038,-2.5350406171969135,-1.5707963267948406,1.5491150587499016
2429.0,-0.026651969764670026,-0.9295849307284947,1.9022027178239673,-2.5434141141009383,-1.5707963267948135,1.544144356825123
2430.0,-0.03162267168944849,-0.9362489113815524,1.917240195380031,-2.551787611004963,-1.5707963267947862,1.5391736549003445
2431.0,-0.03659337361422696,-0.9429128920346102,1.9322776729360949,-2.5601611079089883,-1.5707963267947591,1.534202952975566
2432.0,-0.03659337361422696,-0.9429128920346102,1.9322776729360949,-2.5601611079089883,-1.5707963267947591,1.534202952975566
2433.0,-0.039678002169011004,-0.9490193683658175,1.9461368293446657,-2.567913787986984,-1.570796326794734,1.531118324420782
2434.0,-0.04276263072379504,-0.9551258446970248,1.9599959857532365,-2.5756664680649797,-1.570796326794709,1.5280336958659981
2435.0,-0.04276263072379504,-0.9551258446970248,1.9599959857532365,-2.5756664680649797,-1.570796326794709,1.5280336958659981
2436.0,-0.05818113687787526,-0.9578479889338586,1.9661891182983677,-2.5791374563764355,-1.5707963267945493,1.5126151897119178
2437.0,-0.05818113687787526,-0.9578479889338586,1.9661891182983677,-2.5791374563764355,-1.5707963267945493,1.5126151897119178
2438.0,-0.06765904806482449,-0.9579564444054662,1.9664359864646346,-2.579275869073034,-1.5707963267944178,1.5031372785249686
2439.0,-0.07713695925177372,-0.9580648998770739,1.9666828546309012,-2.579414281769633,-1.5707963267942864,1.4936593673380194
2440.0,-0.07713695925177372,-0.9580648998770739,1.9666828546309012,-2.579414281769633,-1.5707963267942864,1.4936593673380194
2441.0,-0.09105637675341094,-0.9523022185478592,1.9535778767120646,-2.5720719851828555,-1.5707963267940466,1.4797399498363821
2442.0,-0.09105637675341094,-0.9523022185478592,1.9535778767120646,-2.5720719851828555,-1.5707963267940466,1.4797399498363821
2443.0,-0.09560144820656882,-0.9570406327894833,1.9643603024053038,-2.5781159966353986,-1.5707963267939578,1.4751948783832243
2444.0,-0.1001465196597267,-0.9617790470311073,1.975142728098543,-2.584160008087942,-1.5707963267938687,1.4706498069300664
2445.0,-0.1001465196597267,-0.9617790470311073,1.975142728098543,-2.584160008087942,-1.5707963267938687,1.4706498069300664
2446.0,-0.09325672763819495,-0.966000207799704,1.9847779763654474,-2.589574095584843,-1.5707963267940004,1.4775395989515983
2447.0,-0.0863669356166632,-0.9702213685683007,1.9944132246323518,-2.5949881830817434,-1.5707963267941318,1.4844293909731299
2448.0,-0.0863669356166632,-0.9702213685683007,1.9944132246323518,-2.5949881830817434,-1.5707963267941318,1.4844293909731299
2449.0,-0.09222147061637814,-0.9766615736780906,2.0091720872692864,-2.6033068406100837,-1.5707963267940213,1.4785748559734149
2450.0,-0.09807600561609307,-0.9831017787878806,2.023930949906221,-2.611625498138424,-1.5707963267939107,1.4727203209737
2451.0,-0.09807600561609307,-0.9831017787878806,2.023930949906221,-2.611625498138424,-1.5707963267939107,1.4727203209737
2452.0,-0.09528318558194236,-0.987973487526938,2.0351459860713517,-2.617968825563927,-1.5707963267939653,1.4755131410078508
2453.0,-0.09249036554779165,-0.9928451962659954,2.046361022236482,-2.6243121529894298,-1.5707963267940197,1.4783059610420015
2454.0,-0.09249036554779165,-0.9928451962659954,2.046361022236482,-2.6243121529894298,-1.5707963267940197,1.4783059610420015
2455.0,-0.09028563431646813,-0.9978918108084469,2.0580287391355316,-2.6309332553455778,-1.5707963267940603,1.480510692273325
2456.0,-0.08808090308514462,-1.0029384253508984,2.0696964560345816,-2.6375543577017257,-1.5707963267941012,1.4827154235046485
2457.0,-0.08808090308514462,-1.0029384253508984,2.0696964560345816,-2.6375543577017257,-1.5707963267941012,1.4827154235046485
2458.0,-0.1048959382796692,-1.0081834762997537,2.0818659070300667,-2.6444787577517883,-1.570796326793769,1.4659003883101238
2459.0,-0.1048959382796692,-1.0081834762997537,2.0818659070300667,-2.6444787577517883,-1.570796326793769,1.4659003883101238
2460.0,-0.10875065480430535,-1.0137513795013482,2.0948367558401926,-2.6518817033611057,-1.5707963267936833,1.4620456717854877
2461.0,-0.1126053713289415,-1.0193192827029425,2.1078076046503185,-2.659284648970423,-1.5707963267935974,1.4581909552608516
2462.0,-0.1126053713289415,-1.0193192827029425,2.1078076046503185,-2.659284648970423,-1.5707963267935974,1.4581909552608516
2463.0,-0.11560210788899422,-1.024877571843804,2.120832710479826,-2.6667514656596794,-1.5707963267935265,1.455194218700799
2464.0,-0.11859884444904695,-1.0304358609846653,2.1338578163093334,-2.674218282348936,-1.5707963267934557,1.4521974821407462
2465.0,-0.11859884444904695,-1.0304358609846653,2.1338578163093334,-2.674218282348936,-1.5707963267934557,1.4521974821407462
2466.0,-0.1084046039115405,-1.0308543402134482,2.134841776957099,-2.6747837637658405,-1.570796326793682,1.4623917226782526
2467.0,-0.09821036337403406,-1.031272819442231,2.1358257376048644,-2.6753492451827445,-1.570796326793908,1.472585963215759
2468.0,-0.09821036337403406,-1.031272819442231,2.1358257376048644,-2.6753492451827445,-1.570796326793908,1.472585963215759
2469.0,-0.09535889014692489,-1.0252518212115809,2.1217133411374336,-2.6672578469453816,-1.5707963267939637,1.4754374364428682
2470.0,-0.0925074169198157,-1.0192308229809308,2.107600944670003,-2.6591664487080187,-1.5707963267940195,1.4782889096699774
2471.0,-0.0925074169198157,-1.0192308229809308,2.107600944670003,-2.6591664487080187,-1.5707963267940195,1.4782889096699774
2472.0,-0.07619306723837674,-1.0158172060417845,2.099633365294098,-2.6546124862679257,-1.5707963267943013,1.4946032593514162
2473.0,-0.07619306723837674,-1.0158172060417845,2.099633365294098,-2.6546124862679257,-1.5707963267943013,1.4946032593514162
2474.0,-0.07118977129797563,-1.010683783310261,2.0876930887638503,-2.6478056324681782,-1.5707963267943743,1.4996065552918174
2475.0,-0.0661864753575745,-1.0055503605787377,2.0757528122336026,-2.6409987786684304,-1.5707963267944474,1.5046098512322186
2476.0,-0.0661864753575745,-1.0055503605787377,2.0757528122336026,-2.6409987786684304,-1.5707963267944474,1.5046098512322186
2477.0,-0.061693377646326986,-1.0006567287554353,2.0644245880305947,-2.634564186287805,-1.570796326794504,1.509102948943466
2478.0,-0.05720027993507947,-0.9957630969321327,2.0530963638275868,-2.62812959390718,-1.5707963267945608,1.5135960466547136
2479.0,-0.05720027993507947,-0.9957630969321327,2.0530963638275868,-2.62812959390718,-1.5707963267945608,1.5135960466547136
2480.0,-0.07339198256257656,-0.9946099804695736,2.0504336162815364,-2.6266199628270024,-1.5707963267943443,1.4974043440272164
2481.0,-0.07339198256257656,-0.9946099804695736,2.0504336162815364,-2.6266199628270024,-1.5707963267943443,1.4974043440272164
2482.0,-0.07384185646117208,-0.9888731033135001,2.0372218539210674,-2.619145077622699,-1.5707963267943374,1.496954470128621
2483.0,-0.07429173035976762,-0.9831362261574265,2.0240100915605983,-2.6116701924183956,-1.5707963267943306,1.4965045962300254
2484.0,-0.07429173035976762,-0.9831362261574265,2.0240100915605983,-2.6116701924183956,-1.5707963267943306,1.4965045962300254
2485.0,-0.06825395064081426,-0.9792767806774998,2.0151566149320317,-2.6066761612685196,-1.5707963267944152,1.5025423759489787
2486.0,-0.06221617092186089,-0.9754173351975731,2.0063031383034646,-2.601682130118644,-1.5707963267944995,1.5085801556679321
2487.0,-0.06221617092186089,-0.9754173351975731,2.0063031383034646,-2.601682130118644,-1.5707963267944995,1.5085801556679321
2488.0,-0.0574848669292462,-0.9795234042371515,2.01572328447558,-2.606996207250212,-1.5707963267945553,1.5133114596605468
2489.0,-0.052753562936631526,-0.9836294732767298,2.025143430647695,-2.6123102843817807,-1.570796326794611,1.5180427636531615
2490.0,-0.052753562936631526,-0.9836294732767298,2.025143430647695,-2.6123102843817807,-1.570796326794611,1.5180427636531615
2491.0,-0.04362580648693492,-0.979798481698817,2.0163534260735023,-2.6073512713836298,-1.5707963267946927,1.527170520102858
2492.0,-0.03449805003723831,-0.9759674901209043,2.007563421499309,-2.6023922583854793,-1.5707963267947744,1.5362982765525548
2493.0,-0.03449805003723831,-0.9759674901209043,2.007563421499309,-2.6023922583854793,-1.5707963267947744,1.5362982765525548
2494.0,-0.039271406805007375,-0.9718303179300221,1.9980997936177674,-2.5970658026957985,-1.5707963267947358,1.5315249197847858
2495.0,-0.04404476357277643,-0.9676931457391397,1.988636165736226,-2.591739347006117,-1.5707963267946974,1.5267515630170165
2496.0,-0.04404476357277643,-0.9676931457391397,1.988636165736226,-2.591739347006117,-1.5707963267946974,1.5267515630170165
2497.0,-0.03033063000921992,-0.9652104265761161,1.982970718147187,-2.5885566185772904,-1.5707963267947829,1.540465696580573
2498.0,-0.016616496445663407,-0.9627277074130925,1.9773052705581482,-2.585373890148464,-1.5707963267948681,1.5541798301441296
2499.0,-0.016616496445663407,-0.9627277074130925,1.9773052705581482,-2.585373890148464,-1.5707963267948681,1.5541798301441296
2500.0,-0.020152192116069743,-0.9568341170319756,1.963895066264091,-2.577857276236249,-1.5707963267948535,1.5506441344737234
2501.0,-0.023687887786476076,-0.9509405266508588,1.9504848619700341,-2.5703406623240337,-1.5707963267948388,1.547108438803317
2502.0,-0.023687887786476076,-0.9509405266508588,1.9504848619700341,-2.5703406623240337,-1.5707963267948388,1.547108438803317
2503.0,-0.02191877233690724,-0.957409926680155,1.9652417877201378,-2.5786281880444784,-1.5707963267948462,1.5488775542528859
2504.0,-0.020149656887338406,-0.9638793267094513,1.9799987134702413,-2.586915713764923,-1.5707963267948535,1.5506466697024548
2505.0,-0.018380541437769567,-0.9703487267387476,1.994755639220345,-2.5952032394853672,-1.5707963267948608,1.5524157851520235
2506.0,-0.016611425988200732,-0.9768181267680438,2.0095125649704486,-2.603490765205812,-1.5707963267948681,1.5541849006015924
2507.0,-0.016611425988200732,-0.9768181267680438,2.0095125649704486,-2.603490765205812,-1.5707963267948681,1.5541849006015924
2508.0,-0.021280387781162445,-0.9816275872354766,2.020555660737332,-2.6097244005062197,-1.5707963267948477,1.5495159388086308
2509.0,-0.02594934957412416,-0.9864370477029094,2.031598756504215,-2.6159580358066274,-1.5707963267948273,1.544846977015669
2510.0,-0.02594934957412416,-0.9864370477029094,2.031598756504215,-2.6159580358066274,-1.5707963267948273,1.544846977015669
2511.0,-0.027633475814120314,-0.9925497033596633,2.0457172443826157,-2.6239638680286195,-1.5707963267948175,1.5431628507756727
2512.0,-0.029317602054116463,-0.9986623590164172,2.059835732261017,-2.631969700250612,-1.5707963267948075,1.5414787245356767
2513.0,-0.031001728294112615,-1.004775014673171,2.0739542201394174,-2.639975532472604,-1.5707963267947977,1.5397945982956804
2514.0,-0.031001728294112615,-1.004775014673171,2.0739542201394174,-2.639975532472604,-1.5707963267947977,1.5397945982956804
2515.0,-0.04665748686688593,-1.0036004104583114,2.071230712561073,-2.6384266291123284,-1.5707963267946732,1.5241388397229072
2516.0,-0.04665748686688593,-1.0036004104583114,2.071230712561073,-2.6384266291123284,-1.5707963267946732,1.5241388397229072
2517.0,-0.04680332120830713,-1.008521221627523,2.0826642875740378,-2.6449393929561116,-1.5707963267946718,1.5239930053814859
2518.0,-0.046949155549728325,-1.0134420327967344,2.094097862587003,-2.6514521567998948,-1.5707963267946703,1.5238471710400647
2519.0,-0.046949155549728325,-1.0134420327967344,2.094097862587003,-2.6514521567998948,-1.5707963267946703,1.5238471710400647
2520.0,-0.031886262314470004,-1.0182266649358438,2.10525570339491,-2.657825365465605,-1.5707963267947922,1.538910064275323
2521.0,-0.031886262314470004,-1.0182266649358438,2.10525570339491,-2.657825365465605,-1.5707963267947922,1.538910064275323
2522.0,-0.024071678656062398,-1.0143817221327076,2.0962958509913006,-2.6527104558635295,-1.5707963267948308,1.5467246479337307
2523.0,-0.016257094997654795,-1.0105367793295716,2.087335998587691,-2.6475955462614538,-1.5707963267948692,1.5545392315921382
2524.0,-0.016257094997654795,-1.0105367793295716,2.087335998587691,-2.6475955462614538,-1.5707963267948692,1.5545392315921382
2525.0,-0.023500680225700295,-1.0169863449870982,2.102412075863357,-2.6562220578810787,-1.570796326794829,1.5472956463640928
2526.0,-0.030744265453745794,-1.0234359106446245,2.1174881531390235,-2.664848569500703,-1.5707963267947886,1.5400520611360473
2527.0,-0.037987850681791294,-1.029885476302151,2.1325642304146895,-2.673475081120328,-1.5707963267947485,1.5328084759080018
2528.0,-0.037987850681791294,-1.029885476302151,2.1325642304146895,-2.673475081120328,-1.5707963267947485,1.5328084759080018
2529.0,-0.04346458091172613,-1.0343559020986346,2.143097388953615,-2.6795378138638926,-1.5707963267946996,1.527331745678067
2530.0,-0.04894131114166097,-1.0388263278951184,2.1536305474925412,-2.685600546607457,-1.5707963267946508,1.521855015448132
2531.0,-0.04894131114166097,-1.0388263278951184,2.1536305474925412,-2.685600546607457,-1.5707963267946508,1.521855015448132
2532.0,-0.04494992707837926,-1.042604972930974,2.162579411154802,-2.690770765233044,-1.5707963267946874,1.5258463995114138
2533.0,-0.040958543015097555,-1.0463836179668298,2.1715282748170623,-2.6959409838586312,-1.5707963267947243,1.5298377835746955
2534.0,-0.040958543015097555,-1.0463836179668298,2.1715282748170623,-2.6959409838586312,-1.5707963267947243,1.5298377835746955
2535.0,-0.03741379993511751,-1.0510887009653234,2.18273456057844,-2.7024421866207886,-1.5707963267947513,1.5333825266546754
2536.0,-0.033869056855137455,-1.055793783963817,2.193940846339818,-2.7089433893829464,-1.5707963267947787,1.5369272697346557
2537.0,-0.033869056855137455,-1.055793783963817,2.193940846339818,-2.7089433893829464,-1.5707963267947787,1.5369272697346557
2538.0,-0.025674051646161704,-1.0516063718350424,2.183963984075029,-2.7031539392452517,-1.570796326794822,1.5451222749436315
2539.0,-0.017479046437185956,-1.0474189597062675,2.1739871218102396,-2.697364489107557,-1.570796326794865,1.5533172801526072
2540.0,-0.017479046437185956,-1.0474189597062675,2.1739871218102396,-2.697364489107557,-1.570796326794865,1.5533172801526072
2541.0,-0.031082577393097437,-1.0512662462682025,2.183163948526159,-2.7026940292643293,-1.5707963267947593,1.5397137491966957
2542.0,-0.04468610834900892,-1.0551135328301378,2.1923407752420783,-2.7080235694211012,-1.5707963267946536,1.5261102182407842
2543.0,-0.0582896393049204,-1.0589608193920728,2.2015176019579976,-2.7133531095778736,-1.570796326794548,1.5125066872848727
2544.0,-0.0582896393049204,-1.0589608193920728,2.2015176019579976,-2.7133531095778736,-1.570796326794548,1.5125066872848727
2545.0,-0.07538200006568076,-1.0588772332360827,2.201317405008334,-2.7132364987876976,-1.570796326794314,1.4954143265241122
2546.0,-0.07538200006568076,-1.0588772332360827,2.201317405008334,-2.7132364987876976,-1.570796326794314,1.4954143265241122
2547.0,-0.07962727788885282,-1.055052405371951,2.1921822419278083,-2.7079261635721714,-1.5707963267942446,1.4911690487009404
2548.0,-0.08387255571202488,-1.0512275775078193,2.183047078847282,-2.7026158283566453,-1.5707963267941754,1.4869237708777683
2549.0,-0.08387255571202488,-1.0512275775078193,2.183047078847282,-2.7026158283566453,-1.5707963267941754,1.4869237708777683
2550.0,-0.09877309515890306,-1.0463020834450976,2.1713347094119317,-2.69582895298706,-1.5707963267938967,1.47202323143089
2551.0,-0.09877309515890306,-1.0463020834450976,2.1713347094119317,-2.69582895298706,-1.5707963267938967,1.47202323143089
2552.0,-0.11313692397227053,-1.0416603947693708,2.1603322311578994,-2.689468163411684,-1.5707963267935852,1.4576594026175225
2553.0,-0.11313692397227053,-1.0416603947693708,2.1603322311578994,-2.689468163411684,-1.5707963267935852,1.4576594026175225
2554.0,-0.11670456627242445,-1.048181097689347,2.175832339013173,-2.6984475683477083,-1.5707963267935,1.4540917603173686
2555.0,-0.12027220857257837,-1.0547018006093234,2.1913324468684467,-2.7074269732837326,-1.5707963267934146,1.4505241180172148
2556.0,-0.12027220857257837,-1.0547018006093234,2.1913324468684467,-2.7074269732837326,-1.5707963267934146,1.4505241180172148
2557.0,-0.12236155054509815,-1.059643276581299,2.2031745121320543,-2.7143275625757894,-1.5707963267933622,1.448434776044695
2558.0,-0.12445089251761794,-1.064584752553275,2.215016577395662,-2.7212281518678463,-1.57079632679331,1.446345434072175
2559.0,-0.12445089251761794,-1.064584752553275,2.215016577395662,-2.7212281518678463,-1.57079632679331,1.446345434072175
2560.0,-0.12937717325212264,-1.0700563891890469,2.2282370236471385,-2.7289769614845536,-1.5707963267931797,1.4414191533376703
2561.0,-0.13430345398662732,-1.0755280258248185,2.2414574698986156,-2.7367257711012605,-1.5707963267930494,1.4364928726031658
2562.0,-0.13430345398662732,-1.0755280258248185,2.2414574698986156,-2.7367257711012605,-1.5707963267930494,1.4364928726031658
2563.0,-0.14558011256669226,-1.0771156923243395,2.2453165936893975,-2.73899722839481,-1.5707963267927139,1.4252162140231008
2564.0,-0.1568567711467572,-1.0787033588238604,2.2491757174801794,-2.7412686856883592,-1.5707963267923784,1.4139395554430358
2565.0,-0.1568567711467572,-1.0787033588238604,2.2491757174801794,-2.7412686856883592,-1.5707963267923784,1.4139395554430358
2566.0,-0.1532651648010123,-1.0733786280076236,2.2362743475834055,-2.733692046607094,-1.570796326792491,1.417531161788781
2567.0,-0.1496735584552674,-1.0680538971913869,2.2233729776866316,-2.726115407525829,-1.5707963267926033,1.4211227681345258
2568.0,-0.1496735584552674,-1.0680538971913869,2.2233729776866316,-2.726115407525829,-1.5707963267926033,1.4211227681345258
2569.0,-0.15952379899501323,-1.0681853502100234,2.223690092470684,-2.726301069293239,-1.5707963267922822,1.4112725275947797
2570.0,-0.1693740395347591,-1.06831680322866,2.224007207254736,-2.7264867310606493,-1.5707963267919614,1.401422287055034
2571.0,-0.1693740395347591,-1.06831680322866,2.224007207254736,-2.7264867310606493,-1.5707963267919614,1.401422287055034
2572.0,-0.18585226384293652,-1.0664052761280625,2.219398936538384,-2.723789987448222,-1.5707963267913643,1.3849440627468566
2573.0,-0.18585226384293652,-1.0664052761280625,2.219398936538384,-2.723789987448222,-1.5707963267913643,1.3849440627468566
2574.0,-0.17781865052056134,-1.061765616289561,2.208262353247214,-2.7172930639939312,-1.5707963267916556,1.3929776760692318
2575.0,-0.1697850371981862,-1.0571259564510596,2.1971257699560436,-2.7107961405396406,-1.5707963267919471,1.401011289391607
2576.0,-0.1697850371981862,-1.0571259564510596,2.1971257699560436,-2.7107961405396406,-1.5707963267919471,1.401011289391607
2577.0,-0.16764639244862445,-1.051775904985857,2.1843771586923144,-2.703397580740681,-1.5707963267920204,1.4031499341411686
2578.0,-0.16550774769906268,-1.0464258535206548,2.1716285474285852,-2.695999020941722,-1.5707963267920937,1.4052885788907303
2579.0,-0.16550774769906268,-1.0464258535206548,2.1716285474285852,-2.695999020941722,-1.5707963267920937,1.4052885788907303
2580.0,-0.15970355621064047,-1.0420029294583322,2.161157844115796,-2.68995124169008,-1.570796326792283,1.4110927703791525
2581.0,-0.15389936472221824,-1.0375800053960098,2.1506871408030075,-2.6839034624384386,-1.5707963267924723,1.4168969618675749
2582.0,-0.15389936472221824,-1.0375800053960098,2.1506871408030075,-2.6839034624384386,-1.5707963267924723,1.4168969618675749
2583.0,-0.14710299278219596,-1.0415637655706307,2.160115501762933,-2.6893480632223645,-1.5707963267926766,1.4236933338075972
2584.0,-0.14030662084217368,-1.0455475257452516,2.169543862722859,-2.6947926640062905,-1.5707963267928808,1.4304897057476194
2585.0,-0.14030662084217368,-1.0455475257452516,2.169543862722859,-2.6947926640062905,-1.5707963267928808,1.4304897057476194
2586.0,-0.14038192311831033,-1.051214986317675,2.1830436128605415,-2.7026249535715654,-1.5707963267928786,1.4304144034714827
2587.0,-0.14045722539444694,-1.0568824468900981,2.1965433629982245,-2.7104572431368403,-1.5707963267928766,1.4303391011953461
2588.0,-0.14045722539444694,-1.0568824468900981,2.1965433629982245,-2.7104572431368403,-1.5707963267928766,1.4303391011953461
2589.0,-0.12788308837505258,-1.0584502333905088,2.2002992699417625,-2.712645363577408,-1.5707963267931895,1.4429132382147405
2590.0,-0.11530895135565819,-1.0600180198909195,2.2040551768853005,-2.714833484017975,-1.5707963267935021,1.4554873752341349
2591.0,-0.10273481433626382,-1.0615858063913302,2.2078110838288385,-2.7170216044585427,-1.570796326793815,1.4680615122535292
2592.0,-0.10273481433626382,-1.0615858063913302,2.2078110838288385,-2.7170216044585427,-1.570796326793815,1.4680615122535292
2593.0,-0.10726485903557281,-1.0674644959260102,2.221985147332525,-2.7253169784284728,-1.5707963267937155,1.4635314675542204
2594.0,-0.11179490373488181,-1.07334318546069,2.2361592108362114,-2.7336123523984033,-1.570796326793616,1.4590014228549113
2595.0,-0.11179490373488181,-1.07334318546069,2.2361592108362114,-2.7336123523984033,-1.570796326793616,1.4590014228549113
2596.0,-0.10053258600860576,-1.0722400587966399,2.2334891143349735,-2.7320453825589173,-1.5707963267938478,1.4702637405811874
2597.0,-0.08927026828232972,-1.0711369321325896,2.2308190178337357,-2.7304784127194317,-1.5707963267940797,1.4815260583074634
2598.0,-0.08927026828232972,-1.0711369321325896,2.2308190178337357,-2.7304784127194317,-1.5707963267940797,1.4815260583074634
2599.0,-0.0798395086403918,-1.069708177982843,2.227368021743506,-2.7284561707770205,-1.570796326794234,1.4909568179494013
2600.0,-0.0704087489984539,-1.0682794238330962,2.223917025653276,-2.7264339288346093,-1.5707963267943883,1.5003875775913391
2601.0,-0.0704087489984539,-1.0682794238330962,2.223917025653276,-2.7264339288346093,-1.5707963267943883,1.5003875775913391
2602.0,-0.06901209839603119,-1.0728071314962706,2.234881819831069,-2.732871015348942,-1.570796326794408,1.501784228193762
2603.0,-0.06761544779360848,-1.077334839159445,2.2458466140088618,-2.7393081018632746,-1.5707963267944276,1.5031808787961847
2604.0,-0.06761544779360848,-1.077334839159445,2.2458466140088618,-2.7393081018632746,-1.5707963267944276,1.5031808787961847
2605.0,-0.052635056422828855,-1.073853698462485,2.2374088893269635,-2.734351517875268,-1.5707963267945892,1.5181612701669642
2606.0,-0.03765466505204924,-1.0703725577655248,2.2289711646450656,-2.7293949338872623,-1.570796326794751,1.5331416615377438
2607.0,-0.03765466505204924,-1.0703725577655248,2.2289711646450656,-2.7293949338872623,-1.570796326794751,1.5331416615377438
2608.0,-0.028038937095265018,-1.071390581186919,2.2314335141854658,-2.7308392600042968,-1.5707963267948062,1.5427573894945281
2609.0,-0.018423209138480803,-1.0724086046083137,2.2338958637258663,-2.7322835861213313,-1.5707963267948615,1.5523731174513122
2610.0,-0.018423209138480803,-1.0724086046083137,2.2338958637258663,-2.7322835861213313,-1.5707963267948615,1.5523731174513122
2611.0,-0.029505174746797314,-1.0665612791891848,2.219869688532792,-2.724104736349657,-1.5707963267947693,1.5412911518429957
2612.0,-0.04058714035511382,-1.0607139537700556,2.205843513339718,-2.715925886577983,-1.5707963267946772,1.5302091862346794
2613.0,-0.05166910596343034,-1.0548666283509267,2.191817338146644,-2.7077470368063086,-1.5707963267945848,1.5191272206263629
2614.0,-0.06275107157174685,-1.0490193029317978,2.17779116295357,-2.699568187034634,-1.5707963267944927,1.5080452550180463
2615.0,-0.06275107157174685,-1.0490193029317978,2.17779116295357,-2.699568187034634,-1.5707963267944927,1.5080452550180463
2616.0,-0.06544332625948451,-1.0427560191727063,2.1629561861719813,-2.690996494012688,-1.5707963267944565,1.5053530003303086
2617.0,-0.06813558094722219,-1.0364927354136146,2.1481212093903923,-2.682424800990742,-1.5707963267944205,1.502660745642571
2618.0,-0.06813558094722219,-1.0364927354136146,2.1481212093903923,-2.682424800990742,-1.5707963267944205,1.502660745642571
2619.0,-0.07281500364172934,-1.0327730477969213,2.1393652359125825,-2.6773885151305823,-1.5707963267943508,1.4979813229480636
2620.0,-0.07749442633623649,-1.0290533601802279,2.1306092624347723,-2.672352229270423,-1.5707963267942808,1.4933019002535566
2621.0,-0.07749442633623649,-1.0290533601802279,2.1306092624347723,-2.672352229270423,-1.5707963267942808,1.4933019002535566
2622.0,-0.06697476770646407,-1.0272271926381762,2.1263243474392883,-2.669893481814838,-1.5707963267944254,1.503821558883329
2623.0,-0.05645510907669164,-1.0254010250961245,2.122039432443804,-2.6674347343592526,-1.5707963267945697,1.5143412175131015
2624.0,-0.05645510907669164,-1.0254010250961245,2.122039432443804,-2.6674347343592526,-1.5707963267945697,1.5143412175131015
2625.0,-0.07042753154597162,-1.0180080782605982,2.1048418582359103,-2.657630106989741,-1.5707963267943281,1.5003687950438214
2626.0,-0.0843999540152516,-1.010615131425072,2.087644284028017,-2.6478254796202285,-1.5707963267940865,1.4863963725745415
2627.0,-0.09837237648453158,-1.0032221845895457,2.0704467098201236,-2.6380208522507163,-1.570796326793845,1.4724239501052616
2628.0,-0.11234479895381155,-0.9958292377540194,2.05324913561223,-2.6282162248812044,-1.5707963267936034,1.4584515276359815
2629.0,-0.11234479895381155,-0.9958292377540194,2.05324913561223,-2.6282162248812044,-1.5707963267936034,1.4584515276359815
2630.0,-0.12269079405601512,-0.994558244253686,2.050314996957243,-2.6265530797286574,-1.5707963267933436,1.448105532533778
2631.0,-0.13303678915821868,-0.9932872507533524,2.047380858302257,-2.6248899345761103,-1.570796326793084,1.4377595374315744
2632.0,-0.13303678915821868,-0.9932872507533524,2.047380858302257,-2.6248899345761103,-1.570796326793084,1.4377595374315744
2633.0,-0.136185771802112,-1.0001770789865374,2.0633267851580133,-2.6339460331993214,-1.5707963267929963,1.434610554787681
2634.0,-0.13933475444600532,-1.0070669072197225,2.0792727120137697,-2.643002131822533,-1.5707963267929086,1.4314615721437878
2635.0,-0.13933475444600532,-1.0070669072197225,2.0792727120137697,-2.643002131822533,-1.5707963267929086,1.4314615721437878
2636.0,-0.1517686925336783,-1.0092558804747245,2.084360582045675,-2.645901028601957,-1.570796326792523,1.4190276340561148
2637.0,-0.1642026306213513,-1.0114448537297265,2.0894484520775802,-2.648799925381381,-1.5707963267921374,1.4065936959684417
2638.0,-0.1642026306213513,-1.0114448537297265,2.0894484520775802,-2.648799925381381,-1.5707963267921374,1.4065936959684417
2639.0,-0.18104370918717896,-1.0161700046975477,2.100456161785088,-2.6550824841244705,-1.5707963267915441,1.3897526174026142
2640.0,-0.18104370918717896,-1.0161700046975477,2.100456161785088,-2.6550824841244705,-1.5707963267915441,1.3897526174026142
2641.0,-0.1690575887805588,-1.0232978794151044,2.117112549314851,-2.664610996934256,-1.5707963267919725,1.4017387378092343
2642.0,-0.1690575887805588,-1.0232978794151044,2.117112549314851,-2.664610996934256,-1.5707963267919725,1.4017387378092343
2643.0,-0.17263807216292854,-1.029980000574027,2.13281669704328,-2.673633023504486,-1.570796326791846,1.3981582544268645
2644.0,-0.17621855554529828,-1.0366621217329495,2.1485208447717095,-2.6826550500747164,-1.57079632679172,1.3945777710444949
2645.0,-0.17621855554529828,-1.0366621217329495,2.1485208447717095,-2.6826550500747164,-1.57079632679172,1.3945777710444949
2646.0,-0.19095977912858927,-1.0332825476577372,2.1405551090083286,-2.6780688883895207,-1.5707963267911682,1.3798365474612038
2647.0,-0.19095977912858927,-1.0332825476577372,2.1405551090083286,-2.6780688883895207,-1.5707963267911682,1.3798365474612038
2648.0,-0.19255931296832807,-1.0390105717212572,2.1540900343477136,-2.6858757896657077,-1.5707963267911054,1.378237013621465
2649.0,-0.19415884680806686,-1.0447385957847772,2.1676249596870987,-2.6936826909418947,-1.5707963267910425,1.3766374797817262
2650.0,-0.19415884680806686,-1.0447385957847772,2.1676249596870987,-2.6936826909418947,-1.5707963267910425,1.3766374797817262
2651.0,-0.1909338671605351,-1.0490176533287232,2.177802044290635,-2.6995807180008353,-1.570796326791168,1.379862459429258
2652.0,-0.18770888751300333,-1.0532967108726692,2.1879791288941712,-2.705478745059776,-1.5707963267912937,1.3830874390767898
2653.0,-0.18770888751300333,-1.0532967108726692,2.1879791288941712,-2.705478745059776,-1.5707963267912937,1.3830874390767898
2654.0,-0.1965534275076427,-1.0554188847634172,2.193048973353544,-2.7084264156301803,-1.5707963267909393,1.3742428990821502
2655.0,-0.20539796750228206,-1.057541058654165,2.198118817812917,-2.7113740862005846,-1.5707963267905851,1.365398359087511
2656.0,-0.20539796750228206,-1.057541058654165,2.198118817812917,-2.7113740862005846,-1.5707963267905851,1.365398359087511
2657.0,-0.20646926583651787,-1.0639737182263787,2.2135858583346737,-2.7204084671503423,-1.57079632679054,1.3643270607532751
2658.0,-0.2075405641707537,-1.0704063777985924,2.2290528988564304,-2.7294428481001005,-1.570796326790495,1.3632557624190393
2659.0,-0.2075405641707537,-1.0704063777985924,2.2290528988564304,-2.7294428481001005,-1.570796326790495,1.3632557624190393
2660.0,-0.20498918279698503,-1.0742791957315931,2.238443454082115,-2.7349605853922725,-1.5707963267906015,1.365807143792808
2661.0,-0.20243780142321632,-1.078152013664594,2.2478340093078004,-2.740478322684444,-1.5707963267907081,1.3683585251665769
2662.0,-0.20243780142321632,-1.078152013664594,2.2478340093078004,-2.740478322684444,-1.5707963267907081,1.3683585251665769
2663.0,-0.19116904174424254,-1.0776434984935193,2.2465973933185044,-2.7397502218639533,-1.5707963267911471,1.3796272848455506
2664.0,-0.17990028206526873,-1.0771349833224446,2.245360777329208,-2.7390221210434627,-1.5707963267915863,1.3908960445245244
2665.0,-0.17990028206526873,-1.0771349833224446,2.245360777329208,-2.7390221210434627,-1.5707963267915863,1.3908960445245244
2666.0,-0.19538755533099306,-1.0771744286290137,2.2454566628777513,-2.7390785612885478,-1.5707963267909455,1.3754087712588001
2667.0,-0.21087482859671736,-1.077213873935583,2.2455525484262946,-2.7391350015336333,-1.570796326790305,1.3599214979930756
2668.0,-0.22636210186244168,-1.077253319242152,2.245648433974838,-2.7391914417787184,-1.570796326789664,1.3444342247273513
2669.0,-0.22636210186244168,-1.077253319242152,2.245648433974838,-2.7391914417787184,-1.570796326789664,1.3444342247273513
2670.0,-0.22894636389465087,-1.0718581372598723,2.232593159468464,-2.73153134925514,-1.5707963267895437,1.3418499626951421
2671.0,-0.23153062592686005,-1.0664629552775926,2.2195378849620897,-2.7238712567315617,-1.5707963267894234,1.3392657006629332
2672.0,-0.23153062592686005,-1.0664629552775926,2.2195378849620897,-2.7238712567315617,-1.5707963267894234,1.3392657006629332
2673.0,-0.23390003067428336,-1.0614843897118311,2.2075903375121984,-2.7169022748479046,-1.5707963267893108,1.3368962959155097
2674.0,-0.23626943542170667,-1.0565058241460696,2.195642790062307,-2.709933292964248,-1.5707963267891982,1.3345268911680865
2675.0,-0.23626943542170667,-1.0565058241460696,2.195642790062307,-2.709933292964248,-1.5707963267891982,1.3345268911680865
2676.0,-0.2397808250013616,-1.0518845974894935,2.1846301466058042,-2.703541876165021,-1.570796326789027,1.3310155015884315
2677.0,-0.24329221458101652,-1.0472633708329173,2.173617503149302,-2.697150459365794,-1.570796326788856,1.3275041120087765
2678.0,-0.24329221458101652,-1.0472633708329173,2.173617503149302,-2.697150459365794,-1.570796326788856,1.3275041120087765
2679.0,-0.2405200138476153,-1.0426579799569031,2.1627102325506113,-2.6908485796425654,-1.5707963267889915,1.3302763127421777
2680.0,-0.23774781311421408,-1.038052589080889,2.151802961951921,-2.684546699919337,-1.570796326789127,1.333048513475579
2681.0,-0.23774781311421408,-1.038052589080889,2.151802961951921,-2.684546699919337,-1.570796326789127,1.333048513475579
2682.0,-0.24961793207014338,-1.039814438958064,2.155968067936043,-2.686949956028643,-1.5707963267885257,1.3211783945196496
2683.0,-0.26148805102607264,-1.0415762888352391,2.160133173920165,-2.689353212137949,-1.5707963267879241,1.3093082755637204
2684.0,-0.26148805102607264,-1.0415762888352391,2.160133173920165,-2.689353212137949,-1.5707963267879241,1.3093082755637204
2685.0,-0.26422408250994545,-1.0363707721756248,2.147852972600206,-2.6822785274781458,-1.5707963267877776,1.3065722440798475
2686.0,-0.2669601139938183,-1.0311652555160105,2.135572771280247,-2.675203842818343,-1.570796326787631,1.3038362125959748
2687.0,-0.2669601139938183,-1.0311652555160105,2.135572771280247,-2.675203842818343,-1.570796326787631,1.3038362125959748
2688.0,-0.2834083922922166,-1.0349088553728336,2.1443863306548545,-2.680273802339374,-1.5707963267867144,1.2873879342975765
2689.0,-0.2834083922922166,-1.0349088553728336,2.1443863306548545,-2.680273802339374,-1.5707963267867144,1.2873879342975765
2690.0,-0.290552738533704,-1.040347217291249,2.1572475432555613,-2.6876966530230697,-1.5707963267862946,1.2802435880560892
2691.0,-0.29769708477519147,-1.0457855792096642,2.1701087558562686,-2.6951195037067652,-1.5707963267858749,1.2730992418146017
2692.0,-0.29769708477519147,-1.0457855792096642,2.1701087558562686,-2.6951195037067652,-1.5707963267858749,1.2730992418146017
2693.0,-0.2989341605362491,-1.0511944584568442,2.182992347375972,-2.7025942159795315,-1.5707963267858003,1.2718621660535439
2694.0,-0.3001712362973068,-1.0566033377040243,2.195875938895676,-2.710068928252298,-1.5707963267857254,1.2706250902924863
2695.0,-0.3001712362973068,-1.0566033377040243,2.195875938895676,-2.710068928252298,-1.5707963267857254,1.2706250902924863
2696.0,-0.3036989608150702,-1.0616566593271752,2.2080044891179362,-2.7171441568520973,-1.570796326785509,1.2670973657747229
2697.0,-0.30722668533283354,-1.0667099809503264,2.2201330393401966,-2.724219385451897,-1.5707963267852927,1.2635696412569595
2698.0,-0.30722668533283354,-1.0667099809503264,2.2201330393401966,-2.724219385451897,-1.5707963267852927,1.2635696412569595
2699.0,-0.303361884014803,-1.0707872805770071,2.229990296151536,-2.7299993426357996,-1.5707963267855294,1.2674344425749902
2700.0,-0.29949708269677244,-1.0748645802036876,2.239847552962876,-2.7357792998197024,-1.5707963267857663,1.2712992438930206
2701.0,-0.29949708269677244,-1.0748645802036876,2.239847552962876,-2.7357792998197024,-1.5707963267857663,1.2712992438930206
2702.0,-0.29409111621735257,-1.0794919459820131,2.251119515240906,-2.7424238963183454,-1.5707963267860876,1.2767052103724406
2703.0,-0.2886851497379327,-1.084119311760339,2.2623914775189364,-2.749068492816989,-1.570796326786409,1.2821111768518605
2704.0,-0.2886851497379327,-1.084119311760339,2.2623914775189364,-2.749068492816989,-1.570796326786409,1.2821111768518605
2705.0,-0.3016696994758861,-1.0849512014378373,2.264428153090631,-2.7502732787137276,-1.5707963267856178,1.269126627113907
2706.0,-0.31465424921383955,-1.0857830911153357,2.2664648286623255,-2.751478064610467,-1.5707963267848266,1.2561420773759535
2707.0,-0.31465424921383955,-1.0857830911153357,2.2664648286623255,-2.751478064610467,-1.5707963267848266,1.2561420773759535
2708.0,-0.3241553357649044,-1.081304128973278,2.255536315786426,-2.7450285138784722,-1.570796326784206,1.2466409908248886
2709.0,-0.33365642231596926,-1.0768251668312205,2.2446078029105268,-2.7385789631464776,-1.5707963267835852,1.2371399042738238
2710.0,-0.33365642231596926,-1.0768251668312205,2.2446078029105268,-2.7385789631464776,-1.5707963267835852,1.2371399042738238
2711.0,-0.339208005912095,-1.072072995521003,2.2331065203227807,-2.731829851870023,-1.5707963267832064,1.231588320677698
2712.0,-0.34475958950822067,-1.0673208242107857,2.221605237735034,-2.7250807405935675,-1.5707963267828273,1.2260367370815723
2713.0,-0.34475958950822067,-1.0673208242107857,2.221605237735034,-2.7250807405935675,-1.5707963267828273,1.2260367370815723
2714.0,-0.34095429947152,-1.0614713715494135,2.2075677087141914,-2.7168926642333613,-1.5707963267830882,1.229842027118273
2715.0,-0.3371490094348193,-1.0556219188880414,2.1935301796933486,-2.7087045878731555,-1.5707963267833494,1.2336473171549738
2716.0,-0.3371490094348193,-1.0556219188880414,2.1935301796933486,-2.7087045878731555,-1.5707963267833494,1.2336473171549738
2717.0,-0.3543674363871009,-1.0542434549580744,2.1902382134647556,-2.7067910855778514,-1.5707963267821525,1.2164288902026923
2718.0,-0.3543674363871009,-1.0542434549580744,2.1902382134647556,-2.7067910855778514,-1.5707963267821525,1.2164288902026923
2719.0,-0.34688710062878575,-1.050175872695042,2.1805564472368406,-2.7011769016115257,-1.5707963267826741,1.2239092259610074
2720.0,-0.3394067648704706,-1.0461082904320098,2.1708746810089252,-2.6955627176452,-1.5707963267831957,1.2313895617193225
2721.0,-0.3394067648704706,-1.0461082904320098,2.1708746810089252,-2.6955627176452,-1.5707963267831957,1.2313895617193225
2722.0,-0.35629302928466566,-1.0428584895800088,2.163168978559468,-2.6911068160509997,-1.570796326782015,1.2145032973051275
2723.0,-0.35629302928466566,-1.0428584895800088,2.163168978559468,-2.6911068160509997,-1.570796326782015,1.2145032973051275
2724.0,-0.35106220854404746,-1.038284624872981,2.1523662503370344,-2.6848779525345865,-1.570796326782384,1.2197341180457455
2725.0,-0.34583138780342926,-1.033710760165953,2.141563522114601,-2.678649089018174,-1.570796326782753,1.2249649387863637
2726.0,-0.34583138780342926,-1.033710760165953,2.141563522114601,-2.678649089018174,-1.570796326782753,1.2249649387863637
2727.0,-0.347797917033587,-1.0284734857088003,2.129265846022679,-2.6715886873837844,-1.5707963267826155,1.2229984095562059
2728.0,-0.3497644462637447,-1.0232362112516473,2.1169681699307574,-2.6645282857493946,-1.570796326782478,1.2210318803260483
2729.0,-0.3497644462637447,-1.0232362112516473,2.1169681699307574,-2.6645282857493946,-1.570796326782478,1.2210318803260483
2730.0,-0.3401715238765085,-1.019216228827245,2.10757684865517,-2.6591569468963545,-1.5707963267831344,1.2306248027132844
2731.0,-0.33057860148927226,-1.0151962464028428,2.0981855273795826,-2.6537856080433144,-1.570796326783791,1.2402177251005209
2732.0,-0.33057860148927226,-1.0151962464028428,2.0981855273795826,-2.6537856080433144,-1.570796326783791,1.2402177251005209
2733.0,-0.3160566005621542,-1.0194456820407383,2.1081029161557314,-2.6594535611787435,-1.5707963267847374,1.254739726027639
2734.0,-0.3160566005621542,-1.0194456820407383,2.1081029161557314,-2.6594535611787435,-1.5707963267847374,1.254739726027639
2735.0,-0.315093676250936,-1.0138236167382022,2.0950054068252473,-2.6519781171506076,-1.5707963267847984,1.2557026503388573
2736.0,-0.31413075193971773,-1.0082015514356664,2.081907897494763,-2.6445026731224717,-1.5707963267848597,1.2566655746500754
2737.0,-0.31413075193971773,-1.0082015514356664,2.081907897494763,-2.6445026731224717,-1.5707963267848597,1.2566655746500754
2738.0,-0.3150395902331251,-1.0028006599250445,2.0693929781151477,-2.6373886452536555,-1.570796326784802,1.255756736356668
2739.0,-0.31594842852653243,-0.9973997684144226,2.0568780587355326,-2.6302746173848397,-1.5707963267847442,1.2548478980632607
2740.0,-0.31594842852653243,-0.9973997684144226,2.0568780587355326,-2.6302746173848397,-1.5707963267847442,1.2548478980632607
2741.0,-0.3174390048076098,-0.9926138282152847,2.045838736411395,-2.62402123526013,-1.5707963267846488,1.2533573217821834
2742.0,-0.3189295810886872,-0.9878278880161467,2.0347994140872565,-2.6177678531354203,-1.5707963267845533,1.2518667455011059
2743.0,-0.3189295810886872,-0.9878278880161467,2.0347994140872565,-2.6177678531354203,-1.5707963267845533,1.2518667455011059
2744.0,-0.31391787663337,-0.9826701148465196,2.0229515860340577,-2.6110777982508706,-1.5707963267848708,1.2568784499564232
2745.0,-0.30890617217805283,-0.9775123416768923,2.011103757980859,-2.6043877433663214,-1.570796326785188,1.2618901544117402
2746.0,-0.30890617217805283,-0.9775123416768923,2.011103757980859,-2.6043877433663214,-1.570796326785188,1.2618901544117402
2747.0,-0.2919920276050608,-0.9755719121558635,2.00665721316944,-2.6018816280726176,-1.5707963267862148,1.2788042989847324
2748.0,-0.2919920276050608,-0.9755719121558635,2.00665721316944,-2.6018816280726176,-1.5707963267862148,1.2788042989847324
2749.0,-0.29119455217731727,-0.9698045165151359,1.9934742840808815,-2.59446609462463,-1.5707963267862617,1.279601774412476
2750.0,-0.2903970767495737,-0.9640371208744083,1.9802913549923227,-2.5870505611766426,-1.5707963267863088,1.2803992498402195
2751.0,-0.2903970767495737,-0.9640371208744083,1.9802913549923227,-2.5870505611766426,-1.5707963267863088,1.2803992498402195
2752.0,-0.30741563955681467,-0.965768500069663,1.9842418398603048,-2.5892696668527053,-1.570796326785281,1.2633806870329785
2753.0,-0.30741563955681467,-0.965768500069663,1.9842418398603048,-2.5892696668527053,-1.570796326785281,1.2633806870329785
2754.0,-0.3214213165242739,-0.9617711989759303,1.9751248408618232,-2.5841499689506886,-1.5707963267843925,1.2493750100655192
2755.0,-0.3214213165242739,-0.9617711989759303,1.9751248408618232,-2.5841499689506886,-1.5707963267843925,1.2493750100655192
2756.0,-0.3367877769758793,-0.9690629379653731,1.9917655175884001,-2.593498906690805,-1.5707963267833738,1.2340085496139137
2757.0,-0.3367877769758793,-0.9690629379653731,1.9917655175884001,-2.593498906690805,-1.5707963267833738,1.2340085496139137
2758.0,-0.33199848164926044,-0.9733037186780535,2.0014714969140357,-2.598964105302832,-1.570796326783694,1.2387978449405326
2759.0,-0.32720918632264157,-0.9775444993907338,2.0111774762396717,-2.6044293039148583,-1.5707963267840142,1.2435871402671514
2760.0,-0.32720918632264157,-0.9775444993907338,2.0111774762396717,-2.6044293039148583,-1.5707963267840142,1.2435871402671514
2761.0,-0.3363965638485172,-0.9810439917253142,2.019210818768416,-2.6089631541108007,-1.5707963267833922,1.2343997627412757
2762.0,-0.3455839413743928,-0.9845434840598944,2.0272441612971597,-2.613497004306743,-1.5707963267827703,1.2252123852154002
2763.0,-0.3455839413743928,-0.9845434840598944,2.0272441612971597,-2.613497004306743,-1.5707963267827703,1.2252123852154002
2764.0,-0.3485237671734308,-0.990067499040415,2.039972112258493,-2.6207009402881227,-1.5707963267825642,1.2222725594163624
2765.0,-0.3514635929724688,-0.9955915140209355,2.052700063219826,-2.6279048762695023,-1.5707963267823584,1.2193327336173243
2766.0,-0.3514635929724688,-0.9955915140209355,2.052700063219826,-2.6279048762695023,-1.5707963267823584,1.2193327336173243
2767.0,-0.3442703493133129,-0.9996491422493349,2.0620886632706306,-2.6332358480905187,-1.5707963267828564,1.2265259772764803
2768.0,-0.33707710565415705,-1.0037067704777343,2.0714772633214356,-2.638566819911535,-1.5707963267833542,1.233719220935636
2769.0,-0.33707710565415705,-1.0037067704777343,2.0714772633214356,-2.638566819911535,-1.5707963267833542,1.233719220935636
2770.0,-0.34996561220340716,-1.0075942684859163,2.080505802873958,-2.6437078614583585,-1.5707963267824478,1.220830714386386
2771.0,-0.3628541187526572,-1.0114817664940983,2.08953434242648,-2.648848903005182,-1.5707963267815417,1.2079422078371358
2772.0,-0.3628541187526572,-1.0114817664940983,2.08953434242648,-2.648848903005182,-1.5707963267815417,1.2079422078371358
2773.0,-0.37284184957898475,-1.015633095097626,2.0992143855385152,-2.654377617515597,-1.5707963267807954,1.1979544770108084
2774.0,-0.3828295804053123,-1.0197844237011535,2.1088944286505504,-2.659906332026013,-1.5707963267800493,1.187966746184481
2775.0,-0.3828295804053123,-1.0197844237011535,2.1088944286505504,-2.659906332026013,-1.5707963267800493,1.187966746184481
2776.0,-0.38624485499088734,-1.0255198242317212,2.122339393218681,-2.6676158960642247,-1.5707963267797855,1.1845514715989058
2777.0,-0.38966012957646234,-1.0312552247622888,2.135784357786812,-2.6753254601024365,-1.5707963267795215,1.1811361970133307
2778.0,-0.38966012957646234,-1.0312552247622888,2.135784357786812,-2.6753254601024365,-1.5707963267795215,1.1811361970133307
2779.0,-0.39409307406420946,-1.0363941592572201,2.1479076520718063,-2.682309819893339,-1.5707963267791722,1.1767032525255836
2780.0,-0.3985260185519566,-1.0415330937521514,2.160030946356801,-2.689294179684242,-1.5707963267788232,1.1722703080378365
2781.0,-0.3985260185519566,-1.0415330937521514,2.160030946356801,-2.689294179684242,-1.5707963267788232,1.1722703080378365
2782.0,-0.4014337136222853,-1.0469681539391056,2.172939716289005,-2.696767889430041,-1.57079632677859,1.1693626129675079
2783.0,-0.4043414086926141,-1.0524032141260595,2.185848486221209,-2.70424159917584,-1.5707963267783571,1.166454917897179
2784.0,-0.4043414086926141,-1.0524032141260595,2.185848486221209,-2.70424159917584,-1.5707963267783571,1.166454917897179
2785.0,-0.404422372710582,-1.0569585831369777,2.1967435656554644,-2.710581309599193,-1.5707963267783507,1.166373953879211
2786.0,-0.40450333672854993,-1.061513952147896,2.20763864508972,-2.716921020022545,-1.570796326778344,1.166292989861243
2787.0,-0.40450333672854993,-1.061513952147896,2.20763864508972,-2.716921020022545,-1.570796326778344,1.166292989861243
2788.0,-0.39561991062670754,-1.0585154408661082,2.200458990449339,-2.712739876662271,-1.5707963267790461,1.1751764159630853
2789.0,-0.3867364845248652,-1.0555169295843203,2.1932793358089575,-2.708558733301996,-1.5707963267797485,1.1840598420649278
2790.0,-0.3867364845248652,-1.0555169295843203,2.1932793358089575,-2.708558733301996,-1.5707963267797485,1.1840598420649278
2791.0,-0.3883471538241296,-1.0611079030024824,2.2066928093504092,-2.7163812334255915,-1.5707963267796234,1.1824491727656634
2792.0,-0.389957823123394,-1.0666988764206444,2.220106282891861,-2.724203733549187,-1.5707963267794982,1.180838503466399
2793.0,-0.389957823123394,-1.0666988764206444,2.220106282891861,-2.724203733549187,-1.5707963267794982,1.180838503466399
2794.0,-0.3991684000082427,-1.0706377397426323,2.2296276591115722,-2.7297862464486506,-1.5707963267787641,1.1716279265815503
2795.0,-0.4083789768930914,-1.0745766030646202,2.2391490353312835,-2.7353687593481144,-1.5707963267780298,1.1624173496967016
2796.0,-0.4083789768930914,-1.0745766030646202,2.2391490353312835,-2.7353687593481144,-1.5707963267780298,1.1624173496967016
2797.0,-0.42084583879887627,-1.0738338850188383,2.2373488683735094,-2.734311310438456,-1.570796326776985,1.1499504877909168
2798.0,-0.43331270070466116,-1.0730911669730563,2.2355487014157354,-2.733253861528798,-1.5707963267759406,1.137483625885132
2799.0,-0.43331270070466116,-1.0730911669730563,2.2355487014157354,-2.733253861528798,-1.5707963267759406,1.137483625885132
2800.0,-0.42956513135035995,-1.0671947182846746,2.221334899624913,-2.7249365084256585,-1.5707963267762608,1.1412311952394332
2801.0,-0.42581756199605875,-1.0612982695962931,2.207121097834091,-2.716619155322519,-1.570796326776581,1.1449787645937344
2802.0,-0.42581756199605875,-1.0612982695962931,2.207121097834091,-2.716619155322519,-1.570796326776581,1.1449787645937344
2803.0,-0.43566465789957465,-1.0623208751320843,2.20957663807675,-2.7180520900312177,-1.5707963267757288,1.1351316686902184
2804.0,-0.4455117538030906,-1.0633434806678757,2.2120321783194092,-2.7194850247399165,-1.5707963267748764,1.1252845727867025
2805.0,-0.4455117538030906,-1.0633434806678757,2.2120321783194092,-2.7194850247399165,-1.5707963267748764,1.1252845727867025
2806.0,-0.4524643949157151,-1.0687327322053721,2.2250394205846944,-2.727103015468988,-1.5707963267742528,1.1183319316740779
2807.0,-0.45941703602833955,-1.0741219837428686,2.2380466628499796,-2.7347210061980594,-1.5707963267736293,1.1113792905614535
2808.0,-0.45941703602833955,-1.0741219837428686,2.2380466628499796,-2.7347210061980594,-1.5707963267736293,1.1113792905614535
2809.0,-0.4587689141313147,-1.0675905935168517,2.222336786849358,-2.7255425204233354,-1.5707963267736882,1.1120274124584784
2810.0,-0.4581207922342898,-1.061059203290835,2.2066269108487364,-2.7163640346486115,-1.570796326773747,1.1126755343555033
2811.0,-0.45747267033726496,-1.0545278130648181,2.190917034848115,-2.7071855488738876,-1.5707963267738059,1.1133236562525282
2812.0,-0.45747267033726496,-1.0545278130648181,2.190917034848115,-2.7071855488738876,-1.5707963267738059,1.1133236562525282
2813.0,-0.44443893470961415,-1.05050315034469,2.181335273163276,-2.7016284499067633,-1.5707963267749552,1.126357391880179
2814.0,-0.4314051990819633,-1.046478487624562,2.171753511478437,-2.696071350939639,-1.5707963267761047,1.1393911275078297
2815.0,-0.4314051990819633,-1.046478487624562,2.171753511478437,-2.696071350939639,-1.5707963267761047,1.1393911275078297
2816.0,-0.4235767267352766,-1.0400189239658637,2.1564802336198783,-2.6872576367383143,-1.5707963267767646,1.1472195998545165
2817.0,-0.41574825438858987,-1.0335593603071653,2.141206955761319,-2.6784439225369896,-1.5707963267774245,1.155048072201203
2818.0,-0.41574825438858987,-1.0335593603071653,2.141206955761319,-2.6784439225369896,-1.5707963267774245,1.155048072201203
2819.0,-0.4106552434685393,-1.0287728711075417,2.129965889885443,-2.67198934585978,-1.5707963267778415,1.1601410831212537
2820.0,-0.4055622325484887,-1.0239863819079182,2.1187248240095675,-2.66553476918257,-1.5707963267782585,1.1652340940413044
2821.0,-0.4055622325484887,-1.0239863819079182,2.1187248240095675,-2.66553476918257,-1.5707963267782585,1.1652340940413044
2822.0,-0.4046362591756427,-1.018908432449825,2.106863768978159,-2.65875166360908,-1.5707963267783334,1.1661600674141503
2823.0,-0.4037102858027968,-1.0138304829917315,2.09500271394675,-2.6519685580355903,-1.570796326778408,1.1670860407869963
2824.0,-0.4037102858027968,-1.0138304829917315,2.09500271394675,-2.6519685580355903,-1.570796326778408,1.1670860407869963
2825.0,-0.41260546451440544,-1.0160807410948407,2.1002510177051947,-2.6549666036925963,-1.5707963267776766,1.1581908620753878
2826.0,-0.4215006432260141,-1.0183309991979501,2.105499321463639,-2.6579646493496027,-1.570796326776945,1.149295683363779
2827.0,-0.4215006432260141,-1.0183309991979501,2.105499321463639,-2.6579646493496027,-1.570796326776945,1.149295683363779
2828.0,-0.4205450789712081,-1.013453544676357,2.094138697467756,-2.651481479875134,-1.570796326777025,1.150251247618585
2829.0,-0.41958951471640205,-1.0085760901547642,2.0827780734718733,-2.6449983104006654,-1.570796326777105,1.151206811873391
2830.0,-0.41958951471640205,-1.0085760901547642,2.0827780734718733,-2.6449983104006654,-1.570796326777105,1.151206811873391
2831.0,-0.4090350479590421,-1.0053965419195592,2.0754015177821596,-2.640801302944171,-1.570796326777966,1.161761278630751
2832.0,-0.3984805812016821,-1.002216993684354,2.068024962092446,-2.6366042954876763,-1.570796326778827,1.172315745388111
2833.0,-0.3984805812016821,-1.002216993684354,2.068024962092446,-2.6366042954876763,-1.570796326778827,1.172315745388111
2834.0,-0.39269665611236926,-0.9974346907089695,2.0569706145282196,-2.6303322508977383,-1.570796326779281,1.1780996704774238
2835.0,-0.3869127310230564,-0.9926523877335852,2.045916266963993,-2.6240602063078002,-1.570796326779735,1.1838835955667366
2836.0,-0.3869127310230564,-0.9926523877335852,2.045916266963993,-2.6240602063078002,-1.570796326779735,1.1838835955667366
2837.0,-0.3821372676154451,-0.9978504401116559,2.0579338941701417,-2.6308797811349693,-1.5707963267801,1.188659058974348
2838.0,-0.3773618042078338,-1.0030484924897267,2.0699515213762907,-2.6376993559621384,-1.5707963267804652,1.1934345223819594
2839.0,-0.3773618042078338,-1.0030484924897267,2.0699515213762907,-2.6376993559621384,-1.5707963267804652,1.1934345223819594
2840.0,-0.37368166157670396,-0.9963651379244637,2.05453218539581,-2.6289633745462173,-1.5707963267807394,1.197114665013089
2841.0,-0.3700015189455741,-0.9896817833592008,2.0391128494153294,-2.6202273931302966,-1.5707963267810139,1.200794807644219
2842.0,-0.3663213763144443,-0.9829984287939377,2.0236935134348486,-2.6114914117143755,-1.570796326781288,1.2044749502753487
2843.0,-0.3663213763144443,-0.9829984287939377,2.0236935134348486,-2.6114914117143755,-1.570796326781288,1.2044749502753487
2844.0,-0.3836609415053617,-0.9784174549885946,2.013178988796894,-2.6055578608850736,-1.5707963267799854,1.1871353850844315
2845.0,-0.3836609415053617,-0.9784174549885946,2.013178988796894,-2.6055578608850736,-1.5707963267799854,1.1871353850844315
2846.0,-0.3966941485756135,-0.9731442410795679,2.0010987746068154,-2.5987508606064935,-1.5707963267789686,1.1741021780141796
2847.0,-0.3966941485756135,-0.9731442410795679,2.0010987746068154,-2.5987508606064935,-1.5707963267789686,1.1741021780141796
2848.0,-0.40257997748550856,-0.9794702527066613,2.0156117770467814,-2.6069378514204766,-1.5707963267784957,1.1682163491042845
2849.0,-0.40846580639540364,-0.9857962643337548,2.030124779486747,-2.6151248422344597,-1.5707963267780227,1.1623305201943894
2850.0,-0.40846580639540364,-0.9857962643337548,2.030124779486747,-2.6151248422344597,-1.5707963267780227,1.1623305201943894
2851.0,-0.39773831930345593,-0.9783793920032414,2.013139986696537,-2.6055569217727306,-1.570796326778864,1.1730580072863372
2852.0,-0.38701083221150817,-0.9709625196727282,1.9961551939063276,-2.595989001311001,-1.5707963267797054,1.1837854943782848
2853.0,-0.37628334511956046,-0.9635456473422148,1.979170401116118,-2.586421080849272,-1.5707963267805467,1.1945129814702327
2854.0,-0.37628334511956046,-0.9635456473422148,1.979170401116118,-2.586421080849272,-1.5707963267805467,1.1945129814702327
2855.0,-0.3671046724199347,-0.9608481044549132,1.973024125162924,-2.5829723477816224,-1.5707963267812224,1.2036916541698583
2856.0,-0.3579259997203089,-0.9581505615676116,1.9668778492097299,-2.579523614713973,-1.570796326781898,1.212870326869484
2857.0,-0.3579259997203089,-0.9581505615676116,1.9668778492097299,-2.579523614713973,-1.570796326781898,1.212870326869484
2858.0,-0.34257287704310724,-0.9543854984885929,1.9583126002514768,-2.5747234288317804,-1.5707963267829785,1.228223449546686
2859.0,-0.34257287704310724,-0.9543854984885929,1.9583126002514768,-2.5747234288317804,-1.5707963267829785,1.228223449546686
2860.0,-0.32634198538519205,-0.9487390131439362,1.9454871016073847,-2.567544415529201,-1.5707963267840712,1.244454341204601
2861.0,-0.32634198538519205,-0.9487390131439362,1.9454871016073847,-2.567544415529201,-1.5707963267840712,1.244454341204601
2862.0,-0.32618699719991573,-0.9425625214737949,1.9314972289314585,-2.5597310345233857,-1.5707963267840814,1.2446093293898772
2863.0,-0.3260320090146394,-0.9363860298036537,1.917507356255532,-2.5519176535175703,-1.5707963267840916,1.2447643175751537
2864.0,-0.3260320090146394,-0.9363860298036537,1.917507356255532,-2.5519176535175703,-1.5707963267840916,1.2447643175751537
2865.0,-0.3208975108359382,-0.9322198913230897,1.908099796781589,-2.546676232523192,-1.5707963267844238,1.249898815753855
2866.0,-0.31576301265723694,-0.9280537528425257,1.8986922373076458,-2.5414348115288137,-1.570796326784756,1.2550333139325562
2867.0,-0.31576301265723694,-0.9280537528425257,1.8986922373076458,-2.5414348115288137,-1.570796326784756,1.2550333139325562
2868.0,-0.29986063900366794,-0.9260969443600588,1.8942799647301063,-2.5389793474306326,-1.570796326785744,1.270935687586125
2869.0,-0.29986063900366794,-0.9260969443600588,1.8942799647301063,-2.5389793474306326,-1.570796326785744,1.270935687586125
2870.0,-0.29569805199559407,-0.9300200712752786,1.9031332547283268,-2.5439095105128167,-1.570796326785993,1.275098274594199
2871.0,-0.2915354649875202,-0.9339431981904983,1.9119865447265474,-2.5488396735950007,-1.5707963267862417,1.279260861602273
2872.0,-0.2915354649875202,-0.9339431981904983,1.9119865447265474,-2.5488396735950007,-1.5707963267862417,1.279260861602273
2873.0,-0.27984128396096275,-0.9405391928602086,1.9269026357579109,-2.5571597699543527,-1.5707963267869176,1.2909550426288303
2874.0,-0.27984128396096275,-0.9405391928602086,1.9269026357579109,-2.5571597699543527,-1.5707963267869176,1.2909550426288303
2875.0,-0.2737618114888073,-0.936104550779219,1.9168775149087725,-2.551569291185004,-1.5707963267872547,1.2970345151009859
2876.0,-0.2676823390166519,-0.9316699086982292,1.9068523940596342,-2.5459788124156546,-1.570796326787592,1.3031139875731412
2877.0,-0.2676823390166519,-0.9316699086982292,1.9068523940596342,-2.5459788124156546,-1.570796326787592,1.3031139875731412
2878.0,-0.27237747661504774,-0.9276813918487483,1.897857413440419,-2.5409723486468474,-1.5707963267873328,1.2984188499747453
2879.0,-0.2770726142134436,-0.9236928749992673,1.8888624328212034,-2.53596588487804,-1.5707963267870737,1.2937237123763494
2880.0,-0.2770726142134436,-0.9236928749992673,1.8888624328212034,-2.53596588487804,-1.5707963267870737,1.2937237123763494
2881.0,-0.2828774003357243,-0.9192448311787043,1.87885391906721,-2.5304054149457533,-1.5707963267867413,1.287918926254069
2882.0,-0.2886821864580049,-0.9147967873581412,1.8688454053132166,-2.5248449450134665,-1.5707963267864091,1.2821141401317881
2883.0,-0.2886821864580049,-0.9147967873581412,1.8688454053132166,-2.5248449450134665,-1.5707963267864091,1.2821141401317881
2884.0,-0.29367525989186627,-0.9209368279097702,1.8826908000350606,-2.53255029918466,-1.5707963267861078,1.277121066697927
2885.0,-0.2986683333257276,-0.9270768684613993,1.8965361947569046,-2.5402556533558536,-1.5707963267858065,1.2721279932640654
2886.0,-0.3036614067595889,-0.9332169090130282,1.9103815894787484,-2.5479610075270474,-1.5707963267855052,1.267134919830204
2887.0,-0.30865448019345026,-0.9393569495646572,1.9242269842005923,-2.5556663616982407,-1.5707963267852039,1.2621418463963427
2888.0,-0.30865448019345026,-0.9393569495646572,1.9242269842005923,-2.5556663616982407,-1.5707963267852039,1.2621418463963427
2889.0,-0.3089714886097184,-0.9445437108774088,1.9359822041199612,-2.56223482030492,-1.570796326785184,1.2618248379800745
2890.0,-0.30928849702598654,-0.9497304721901606,1.9477374240393301,-2.568803278911599,-1.5707963267851643,1.2615078295638065
2891.0,-0.30928849702598654,-0.9497304721901606,1.9477374240393301,-2.568803278911599,-1.5707963267851643,1.2615078295638065
2892.0,-0.29972171429929584,-0.9505726837720256,1.949649817956277,-2.569873461244806,-1.5707963267857437,1.2710746122904972
2893.0,-0.29015493157260513,-0.9514148953538907,1.9515622118732237,-2.5709436435780133,-1.570796326786323,1.280641395017188
2894.0,-0.29015493157260513,-0.9514148953538907,1.9515622118732237,-2.5709436435780133,-1.570796326786323,1.280641395017188
2895.0,-0.28061735392057907,-0.9530660731922704,1.9553145469679203,-2.5730448008324505,-1.5707963267868648,1.290178972669214
2896.0,-0.27107977626855306,-0.9547172510306501,1.9590668820626167,-2.5751459580868876,-1.5707963267874065,1.29971655032124
2897.0,-0.27107977626855306,-0.9547172510306501,1.9590668820626167,-2.5751459580868876,-1.5707963267874065,1.29971655032124
2898.0,-0.2559807123677819,-0.9499828928516205,1.9483104590165452,-2.569123893216856,-1.5707963267882132,1.314815614222011
2899.0,-0.2559807123677819,-0.9499828928516205,1.9483104590165452,-2.569123893216856,-1.5707963267882132,1.314815614222011
2900.0,-0.26380130403911584,-0.9425548509080701,1.9314666712780966,-2.5597081474235077,-1.570796326787801,1.3069950225506772
2901.0,-0.26380130403911584,-0.9425548509080701,1.9314666712780966,-2.5597081474235077,-1.570796326787801,1.3069950225506772
2902.0,-0.25615457308641576,-0.9385516520445181,1.9224103651866353,-2.5546550401940813,-1.5707963267881984,1.3146417535033774
2903.0,-0.2485078421337157,-0.934548453180966,1.913354059095174,-2.549601932964655,-1.5707963267885956,1.3222884844560774
2904.0,-0.2485078421337157,-0.934548453180966,1.913354059095174,-2.549601932964655,-1.5707963267885956,1.3222884844560774
2905.0,-0.24325013508151866,-0.9290705202258658,1.9009952859693304,-2.542721092792865,-1.5707963267888554,1.3275461915082745
2906.0,-0.23799242802932158,-0.9235925872707655,1.8886365128434868,-2.535840252621075,-1.5707963267891152,1.3328038985604715
2907.0,-0.23799242802932158,-0.9235925872707655,1.8886365128434868,-2.535840252621075,-1.5707963267891152,1.3328038985604715
2908.0,-0.2208563551194178,-0.9228990391127654,1.8870743116131319,-2.5349715995452975,-1.5707963267899145,1.3499399714703753
2909.0,-0.2208563551194178,-0.9228990391127654,1.8870743116131319,-2.5349715995452975,-1.5707963267899145,1.3499399714703753
2910.0,-0.22614319461538845,-0.9303656497371892,1.9039260075636093,-2.544356684872408,-1.5707963267896714,1.3446531319744046
2911.0,-0.23143003411135912,-0.9378322603616129,1.9207777035140867,-2.5537417701995184,-1.5707963267894283,1.339366292478434
2912.0,-0.23143003411135912,-0.9378322603616129,1.9207777035140867,-2.5537417701995184,-1.5707963267894283,1.339366292478434
2913.0,-0.22577942352223052,-0.943816263880646,1.9343367845612303,-2.5613168477264994,-1.5707963267896878,1.3450169030675627
2914.0,-0.2201288129331019,-0.949800267399679,1.9478958656083738,-2.5688919252534803,-1.5707963267899472,1.3506675136566912
2915.0,-0.2201288129331019,-0.949800267399679,1.9478958656083738,-2.5688919252534803,-1.5707963267899472,1.3506675136566912
2916.0,-0.23288697124636057,-0.9570607718564518,1.964397545091037,-2.5781331002819208,-1.5707963267893594,1.3379093553434325
2917.0,-0.23288697124636057,-0.9570607718564518,1.964397545091037,-2.5781331002819208,-1.5707963267893594,1.3379093553434325
2918.0,-0.24469589518475476,-0.9629379620950416,1.9777984349141389,-2.5856567998687825,-1.5707963267887726,1.3261004314050382
2919.0,-0.25650481912314893,-0.9688151523336315,1.9911993247372408,-2.593180499455644,-1.570796326788186,1.3142915074666441
2920.0,-0.25650481912314893,-0.9688151523336315,1.9911993247372408,-2.593180499455644,-1.570796326788186,1.3142915074666441
2921.0,-0.2535347038278737,-0.9734279844497846,2.001757336851284,-2.599125679452945,-1.5707963267883387,1.3172616227619194
2922.0,-0.2505645885325985,-0.9780408165659378,2.0123153489653274,-2.6050708594502456,-1.5707963267884915,1.3202317380571946
2923.0,-0.2505645885325985,-0.9780408165659378,2.0123153489653274,-2.6050708594502456,-1.5707963267884915,1.3202317380571946
2924.0,-0.24187890088438552,-0.9818747647582213,2.021119383238778,-2.610040945529683,-1.5707963267889182,1.3289174257054075
2925.0,-0.23319321323617256,-0.9857087129505049,2.029923417512229,-2.6150110316091206,-1.570796326789345,1.3376031133536206
2926.0,-0.23319321323617256,-0.9857087129505049,2.029923417512229,-2.6150110316091206,-1.570796326789345,1.3376031133536206
2927.0,-0.21610202544856083,-0.9828290948591023,2.02330450663642,-2.611271738821297,-1.5707963267901257,1.3546943011412322
2928.0,-0.21610202544856083,-0.9828290948591023,2.02330450663642,-2.611271738821297,-1.5707963267901257,1.3546943011412322
2929.0,-0.2197688296157305,-0.9782572910609516,2.0128210430941054,-2.605360079077867,-1.5707963267899618,1.3510274969740625
2930.0,-0.22343563378290016,-0.9736854872628009,2.002337579551791,-2.599448419334437,-1.570796326789798,1.3473606928068929
2931.0,-0.22343563378290016,-0.9736854872628009,2.002337579551791,-2.599448419334437,-1.570796326789798,1.3473606928068929
2932.0,-0.21303953323358654,-0.972463609401863,1.9995419392585343,-2.5978746569000344,-1.5707963267902487,1.3577567933562065
2933.0,-0.20264343268427293,-0.9712417315409252,1.9967462989652776,-2.5963008944656316,-1.5707963267906995,1.36815289390552
2934.0,-0.20264343268427293,-0.9712417315409252,1.9967462989652776,-2.5963008944656316,-1.5707963267906995,1.36815289390552
2935.0,-0.2032581355316822,-0.964889206588164,1.982251578178619,-2.5881586986318577,-1.5707963267906742,1.3675381910581108
2936.0,-0.20387283837909145,-0.9585366816354027,1.9677568573919602,-2.5800165027980837,-1.5707963267906486,1.3669234882107015
2937.0,-0.20387283837909145,-0.9585366816354027,1.9677568573919602,-2.5800165027980837,-1.5707963267906486,1.3669234882107015
2938.0,-0.19657263240891937,-0.9520774693735441,1.953082679660029,-2.5718015373265426,-1.570796326790941,1.3742236941808736
2939.0,-0.1892724264387473,-0.9456182571116855,1.9384085019280977,-2.5635865718550015,-1.5707963267912335,1.3815239001510458
2940.0,-0.1892724264387473,-0.9456182571116855,1.9384085019280977,-2.5635865718550015,-1.5707963267912335,1.3815239001510458
2941.0,-0.1989565730385917,-0.9420608612938465,1.930352234868336,-2.5590877006150254,-1.570796326790841,1.3718397535512015
2942.0,-0.2086407196384361,-0.9385034654760075,1.9222959678085743,-2.55458882937505,-1.5707963267904483,1.362155606951357
2943.0,-0.2086407196384361,-0.9385034654760075,1.9222959678085743,-2.55458882937505,-1.5707963267904483,1.362155606951357
2944.0,-0.2040106200680154,-0.9318324084435846,1.9072335835418905,-2.5461975021398593,-1.5707963267906409,1.3667857065217777
2945.0,-0.19938052049759467,-0.9251613514111617,1.892171199275207,-2.5378061749046688,-1.5707963267908331,1.3714158060921984
2946.0,-0.19938052049759467,-0.9251613514111617,1.892171199275207,-2.5378061749046688,-1.5707963267908331,1.3714158060921984
2947.0,-0.1866611359864431,-0.919087450169626,1.8784939584398719,-2.530202835308309,-1.5707963267913336,1.3841351906033499
2948.0,-0.1866611359864431,-0.919087450169626,1.8784939584398719,-2.530202835308309,-1.5707963267913336,1.3841351906033499
2949.0,-0.2036686296413552,-0.9196526172729055,1.879765956505297,-2.5309096662738577,-1.5707963267905702,1.3671276969484378
2950.0,-0.22067612329626735,-0.920217784376185,1.8810379545707225,-2.5316164972394066,-1.5707963267898069,1.3501202032935256
2951.0,-0.23768361695117945,-0.9207829514794645,1.882309952636148,-2.5323233282049555,-1.5707963267890435,1.3331127096386135
2952.0,-0.25469111060609156,-0.921348118582744,1.8835819507015732,-2.5330301591705044,-1.57079632678828,1.3161052159837014
2953.0,-0.25469111060609156,-0.921348118582744,1.8835819507015732,-2.5330301591705044,-1.57079632678828,1.3161052159837014
2954.0,-0.25715002888783123,-0.9281871965565722,1.8991063403749433,-2.541715470870533,-1.5707963267881482,1.3136462977019618
2955.0,-0.25960894716957095,-0.9350262745304005,1.9146307300483134,-2.5504007825705615,-1.5707963267880163,1.311187379420222
2956.0,-0.26206786545131067,-0.9418653525042289,1.9301551197216835,-2.55908609427059,-1.5707963267878844,1.3087284611384824
2957.0,-0.26452678373305033,-0.9487044304780571,1.9456795093950534,-2.5677714059706185,-1.5707963267877525,1.3062695428567426
2958.0,-0.26698570201479,-0.9555435084518853,1.9612038990684235,-2.576456717670647,-1.5707963267876208,1.303810624575003
2959.0,-0.2694446202965297,-0.9623825864257136,1.9767282887417936,-2.585142029370676,-1.570796326787489,1.3013517062932634
2960.0,-0.27190353857826943,-0.9692216643995419,1.9922526784151637,-2.5938273410707042,-1.570796326787357,1.2988927880115235
2961.0,-0.2743624568600091,-0.9760607423733701,2.007777068088534,-2.602512652770733,-1.5707963267872251,1.296433869729784
2962.0,-0.2743624568600091,-0.9760607423733701,2.007777068088534,-2.602512652770733,-1.5707963267872251,1.296433869729784
2963.0,-0.2811375451457272,-0.9823193141262265,2.0221515883594265,-2.610628601290104,-1.5707963267868394,1.2896587814440659
2964.0,-0.2879126334314453,-0.9885778858790828,2.0365261086303192,-2.6187445498094757,-1.570796326786454,1.2828836931583478
2965.0,-0.2879126334314453,-0.9885778858790828,2.0365261086303192,-2.6187445498094757,-1.570796326786454,1.2828836931583478
2966.0,-0.2729785391400325,-0.9941441786736341,2.0493583807302898,-2.626010529111952,-1.5707963267873017,1.2978177874497605
2967.0,-0.2729785391400325,-0.9941441786736341,2.0493583807302898,-2.626010529111952,-1.5707963267873017,1.2978177874497605
2968.0,-0.25630227888595436,-0.9965216533117266,2.0548487427884967,-2.629123416528765,-1.5707963267881964,1.3144940477038387
2969.0,-0.25630227888595436,-0.9965216533117266,2.0548487427884967,-2.629123416528765,-1.5707963267881964,1.3144940477038387
2970.0,-0.2616099182770658,-1.0013444643277614,2.066016551973808,-2.635468414699093,-1.5707963267879148,1.3091864083127271
2971.0,-0.2669175576681773,-1.0061672753437962,2.077184361159119,-2.641813412869421,-1.5707963267876333,1.3038787689216158
2972.0,-0.2669175576681773,-1.0061672753437962,2.077184361159119,-2.641813412869421,-1.5707963267876333,1.3038787689216158
2973.0,-0.2736729396200941,-1.010683112045637,2.0876880941784335,-2.647801309188228,-1.570796326787259,1.297123386969699
2974.0,-0.2804283215720108,-1.015198948747478,2.098191827197748,-2.653789205507036,-1.5707963267868845,1.2903680050177824
2975.0,-0.2804283215720108,-1.015198948747478,2.098191827197748,-2.653789205507036,-1.5707963267868845,1.2903680050177824
2976.0,-0.29603205839080365,-1.0143500100057852,2.0962131730276203,-2.6526594900816693,-1.5707963267859748,1.2747642681989895
2977.0,-0.29603205839080365,-1.0143500100057852,2.0962131730276203,-2.6526594900816693,-1.5707963267859748,1.2747642681989895
2978.0,-0.2964149363040442,-1.008333206448852,2.0822342121135526,-2.64469733272461,-1.5707963267859517,1.274381390285749
2979.0,-0.29679781421728474,-1.0023164028919187,2.068255251199485,-2.6367351753675505,-1.5707963267859288,1.2739985123725084
2980.0,-0.29679781421728474,-1.0023164028919187,2.068255251199485,-2.6367351753675505,-1.5707963267859288,1.2739985123725084
2981.0,-0.2983478707003292,-1.0092404981388792,2.0844072905750486,-2.6459631194964572,-1.570796326785835,1.272448455889464
2982.0,-0.2998979271833737,-1.0161645933858394,2.1005593299506122,-2.6551910636253644,-1.570796326785741,1.2708983994064194
2983.0,-0.3014479836664182,-1.0230886886327997,2.1167113693261754,-2.6644190077542715,-1.570796326785647,1.269348342923375
2984.0,-0.30299804014946263,-1.0300127838797601,2.132863408701739,-2.6736469518831782,-1.5707963267855531,1.2677982864403305
2985.0,-0.30299804014946263,-1.0300127838797601,2.132863408701739,-2.6736469518831782,-1.5707963267855531,1.2677982864403305
2986.0,-0.30997071440689644,-1.035527369301907,2.1458660995720535,-2.6811350573327077,-1.5707963267851168,1.2608256121828967
2987.0,-0.31694338866433025,-1.0410419547240537,2.158868790442368,-2.6886231627822377,-1.5707963267846807,1.2538529379254628
2988.0,-0.31694338866433025,-1.0410419547240537,2.158868790442368,-2.6886231627822377,-1.5707963267846807,1.2538529379254628
2989.0,-0.3213222455226121,-1.0366165605717415,2.1484274619127457,-2.6826072284057796,-1.570796326784397,1.249474081067181
2990.0,-0.32570110238089406,-1.032191166419429,2.1379861333831234,-2.676591294029322,-1.5707963267841134,1.245095224208899
2991.0,-0.32570110238089406,-1.032191166419429,2.1379861333831234,-2.676591294029322,-1.5707963267841134,1.245095224208899
2992.0,-0.323258571488359,-1.038921154175877,2.1539227023683583,-2.6857978752576335,-1.570796326784272,1.2475377551014342
2993.0,-0.320816040595824,-1.045651141932325,2.1698592713535927,-2.695004456485945,-1.5707963267844305,1.249980285993969
2994.0,-0.318373509703289,-1.0523811296887728,2.1857958403388276,-2.7042110377142565,-1.570796326784589,1.2524228168865041
2995.0,-0.318373509703289,-1.0523811296887728,2.1857958403388276,-2.7042110377142565,-1.570796326784589,1.2524228168865041
2996.0,-0.3049230417329734,-1.0526257597461142,2.186379146180126,-2.704549713495577,-1.5707963267853995,1.2658732848568197
2997.0,-0.2914725737626579,-1.0528703898034555,2.186962452021424,-2.704888389276897,-1.57079632678621,1.279323752827135
2998.0,-0.2780221057923423,-1.0531150198607968,2.1875457578627224,-2.7052270650582173,-1.5707963267870204,1.2927742207974506
2999.0,-0.2780221057923423,-1.0531150198607968,2.1875457578627224,-2.7052270650582173,-1.5707963267870204,1.2927742207974506
3000.0,-0.28102093554055324,-1.0581089791989533,2.199499965813155,-2.7121873136710843,-1.5707963267868499,1.2897753910492398
3001.0,-0.28401976528876416,-1.0631029385371098,2.2114541737635878,-2.7191475622839514,-1.5707963267866794,1.286776561301029
3002.0,-0.28401976528876416,-1.0631029385371098,2.2114541737635878,-2.7191475622839514,-1.5707963267866794,1.286776561301029
3003.0,-0.27359018110279093,-1.0643279121313869,2.21440022692813,-2.7208686418521566,-1.5707963267872573,1.297206145487002
3004.0,-0.2631605969168177,-1.0655528857256642,2.2173462800926718,-2.722589721420362,-1.570796326787835,1.3076357296729755
3005.0,-0.2631605969168177,-1.0655528857256642,2.2173462800926718,-2.722589721420362,-1.570796326787835,1.3076357296729755
3006.0,-0.2617100350683642,-1.060243169768521,2.2046159507988476,-2.7151691080833933,-1.5707963267879121,1.309086291521429
3007.0,-0.2602594732199108,-1.054933453811378,2.1918856215050235,-2.707748494746425,-1.5707963267879892,1.3105368533698822
3008.0,-0.2602594732199108,-1.054933453811378,2.1918856215050235,-2.707748494746425,-1.5707963267879892,1.3105368533698822
3009.0,-0.2583677329179561,-1.0613169159810178,2.207241811424884,-2.7167212224962705,-1.570796326788088,1.312428593671837
3010.0,-0.2564759926160015,-1.067700378150658,2.222598001344745,-2.725693950246116,-1.5707963267881866,1.3143203339737914
3011.0,-0.25458425231404685,-1.074083840320298,2.2379541912646053,-2.7346666779959614,-1.5707963267882854,1.3162120742757462
3012.0,-0.25458425231404685,-1.074083840320298,2.2379541912646053,-2.7346666779959614,-1.5707963267882854,1.3162120742757462
3013.0,-0.2526679105403123,-1.080024457450266,2.2524324779752978,-2.743204347576305,-1.5707963267883835,1.3181284160494808
3014.0,-0.2507515687665777,-1.085965074580234,2.2669107646859903,-2.751742017156649,-1.570796326788482,1.3200447578232153
3015.0,-0.2507515687665777,-1.085965074580234,2.2669107646859903,-2.751742017156649,-1.570796326788482,1.3200447578232153
3016.0,-0.24430943097930122,-1.0787955359519694,2.249655742075647,-2.741656533173284,-1.570796326788785,1.3264868956104918
3017.0,-0.2378672931920247,-1.071625997323705,2.2324007194653035,-2.731571049189919,-1.570796326789088,1.3329290333977684
3018.0,-0.23142515540474817,-1.0644564586954406,2.21514569685496,-2.721485565206554,-1.5707963267893912,1.339371171185045
3019.0,-0.22498301761747166,-1.057286920067176,2.1978906742446163,-2.7114000812231893,-1.570796326789694,1.3458133089723214
3020.0,-0.21854087983019516,-1.0501173814389113,2.180635651634273,-2.7013145972398243,-1.5707963267899971,1.352255446759598
3021.0,-0.21209874204291865,-1.042947842810647,2.1633806290239295,-2.691229113256459,-1.5707963267903002,1.3586975845468745
3022.0,-0.21209874204291865,-1.042947842810647,2.1633806290239295,-2.691229113256459,-1.5707963267903002,1.3586975845468745
3023.0,-0.2154697542169342,-1.03607738411254,2.1472078236294303,-2.6819267665607422,-1.5707963267901512,1.355326572372859
3024.0,-0.21884076639094974,-1.0292069254144327,2.1310350182349307,-2.672624419865025,-1.5707963267900025,1.3519555601988433
3025.0,-0.2222117785649653,-1.0223364667163257,2.1148622128404315,-2.663322073169308,-1.5707963267898535,1.3485845480248277
3026.0,-0.2222117785649653,-1.0223364667163257,2.1148622128404315,-2.663322073169308,-1.5707963267898535,1.3485845480248277
3027.0,-0.2263372166903896,-1.0177110158131017,2.1040649399056752,-2.6571502511386007,-1.5707963267896634,1.3444591098994034
3028.0,-0.23046265481581385,-1.0130855649098776,2.0932676669709194,-2.6509784291078935,-1.5707963267894736,1.340333671773979
3029.0,-0.23046265481581385,-1.0130855649098776,2.0932676669709194,-2.6509784291078935,-1.5707963267894736,1.340333671773979
3030.0,-0.23696178659201061,-1.018554182136544,2.1060388935722023,-2.6582810384838056,-1.5707963267891607,1.3338345399977825
3031.0,-0.2434609183682074,-1.0240227993632103,2.1188101201734852,-2.6655836478597177,-1.5707963267888478,1.3273354082215856
3032.0,-0.2434609183682074,-1.0240227993632103,2.1188101201734852,-2.6655836478597177,-1.5707963267888478,1.3273354082215856
3033.0,-0.2524459976207881,-1.0215036027092066,2.112917717809961,-2.662210442151982,-1.5707963267883875,1.318350328969005
3034.0,-0.2614310768733688,-1.018984406055203,2.1070253154464376,-2.6588372364442465,-1.5707963267879272,1.3093652497164243
3035.0,-0.2614310768733688,-1.018984406055203,2.1070253154464376,-2.6588372364442465,-1.5707963267879272,1.3093652497164243
3036.0,-0.253929899823279,-1.0126782332830329,2.092342486632006,-2.6504605804004964,-1.5707963267883138,1.3168664267665142
3037.0,-0.24642872277318922,-1.0063720605108628,2.0776596578175752,-2.642083924356746,-1.5707963267887002,1.324367603816604
3038.0,-0.24642872277318922,-1.0063720605108628,2.0776596578175752,-2.642083924356746,-1.5707963267887002,1.324367603816604
3039.0,-0.22970750309203367,-1.000305380431112,2.063598618475455,-2.6340895650910436,-1.5707963267895089,1.3410888234977594
3040.0,-0.22970750309203367,-1.000305380431112,2.063598618475455,-2.6340895650910436,-1.5707963267895089,1.3410888234977594
3041.0,-0.21974619758444758,-0.9966266889262524,2.0550983946822963,-2.6292680328007503,-1.5707963267899543,1.3510501290053454
3042.0,-0.20978489207686146,-0.9929479974213928,2.0465981708891374,-2.6244465005104574,-1.5707963267903997,1.3610114345129316
3043.0,-0.20978489207686146,-0.9929479974213928,2.0465981708891374,-2.6244465005104574,-1.5707963267903997,1.3610114345129316
3044.0,-0.2020825455693611,-0.9875635721217662,2.034204906587365,-2.617437661506764,-1.5707963267907168,1.368713781020432
3045.0,-0.19438019906186071,-0.9821791468221394,2.0218116422855923,-2.6104288225030707,-1.5707963267910339,1.3764161275279323
3046.0,-0.19438019906186071,-0.9821791468221394,2.0218116422855923,-2.6104288225030707,-1.5707963267910339,1.3764161275279323
3047.0,-0.19198670082287583,-0.988291364152432,2.035884394775762,-2.618389357662466,-1.5707963267911276,1.3788096257669173
3048.0,-0.18959320258389098,-0.9944035814827248,2.049957147265932,-2.626349892821861,-1.570796326791221,1.3812031240059022
3049.0,-0.18959320258389098,-0.9944035814827248,2.049957147265932,-2.626349892821861,-1.570796326791221,1.3812031240059022
3050.0,-0.18517486141109674,-0.9986710866438758,2.0598269945167402,-2.631952234910628,-1.5707963267913878,1.3856214651786964
3051.0,-0.18075652023830246,-1.0029385918050269,2.069696841767549,-2.6375545769993947,-1.5707963267915548,1.3900398063514907
3052.0,-0.18075652023830246,-1.0029385918050269,2.069696841767549,-2.6375545769993947,-1.5707963267915548,1.3900398063514907
3053.0,-0.19078977264829855,-1.0051102438393773,2.07473437456121,-2.640420457760726,-1.5707963267911644,1.3800065539414947
3054.0,-0.20082302505829464,-1.0072818958737275,2.0797719073548713,-2.6432863385220573,-1.5707963267907743,1.3699733015314985
3055.0,-0.20082302505829464,-1.0072818958737275,2.0797719073548713,-2.6432863385220573,-1.5707963267907743,1.3699733015314985
3056.0,-0.20095472490844885,-1.012872662864269,2.092790235249785,-2.650713899426456,-1.570796326790769,1.3698416016813444
3057.0,-0.20108642475860306,-1.0184634298548103,2.105808563144699,-2.658141460330855,-1.5707963267907636,1.36970990183119
3058.0,-0.20108642475860306,-1.0184634298548103,2.105808563144699,-2.658141460330855,-1.5707963267907636,1.36970990183119
3059.0,-0.18627355369501555,-1.0116348531290589,2.089943737915956,-2.6491052118248737,-1.570796326791304,1.3845227728947775
3060.0,-0.17146068263142808,-1.0048062764033077,2.074078912687213,-2.6400689633188925,-1.5707963267918446,1.399335643958365
3061.0,-0.15664781156784058,-0.9979776996775562,2.05821408745847,-2.6310327148129113,-1.570796326792385,1.4141485150219526
3062.0,-0.15664781156784058,-0.9979776996775562,2.05821408745847,-2.6310327148129113,-1.570796326792385,1.4141485150219526
3063.0,-0.15258765748476674,-1.0049399744476812,2.0744199555472895,-2.6402763081307823,-1.5707963267925082,1.4182086691050264
3064.0,-0.1485275034016929,-1.011902249217806,2.0906258236361093,-2.6495199014486537,-1.5707963267926315,1.4222688231881002
3065.0,-0.14446734931861904,-1.018864523987931,2.106831691724929,-2.658763494766525,-1.5707963267927547,1.426328977271174
3066.0,-0.1404071952355452,-1.025826798758056,2.1230375598137488,-2.668007088084396,-1.570796326792878,1.4303891313542478
3067.0,-0.1404071952355452,-1.025826798758056,2.1230375598137488,-2.668007088084396,-1.570796326792878,1.4303891313542478
3068.0,-0.13526675897960558,-1.0329310519237955,2.1400111169519125,-2.677876392055773,-1.570796326793004,1.4355295676101876
3069.0,-0.13012632272366595,-1.0400353050895352,2.1569846740900758,-2.6877456960271506,-1.57079632679313,1.440670003866127
3070.0,-0.12498588646772632,-1.047139558255275,2.1739582312282395,-2.697614999998528,-1.570796326793256,1.4458104401220666
3071.0,-0.11984545021178669,-1.0542438114210144,2.1909317883664032,-2.7074843039699052,-1.5707963267933822,1.4509508763780063
3072.0,-0.11470501395584706,-1.061348064586754,2.2079053455045665,-2.7173536079412823,-1.5707963267935081,1.456091312633946
3073.0,-0.10956457769990745,-1.0684523177524936,2.2248789026427302,-2.72722291191266,-1.5707963267936342,1.4612317488898856
3074.0,-0.10442414144396782,-1.0755565709182333,2.2418524597808935,-2.7370922158840374,-1.5707963267937601,1.4663721851458251
3075.0,-0.09928370518802819,-1.0826608240839728,2.2588260169190573,-2.7469615198554145,-1.5707963267938863,1.4715126214017649
3076.0,-0.09928370518802819,-1.0826608240839728,2.2588260169190573,-2.7469615198554145,-1.5707963267938863,1.4715126214017649
3077.0,-0.09928370267152786,-1.0826607942581177,2.2588260173797607,-2.7469615936279297,-1.5707963705062866,1.4715126752853394
3078.0,-0.10136030614376068,-1.0823922157287598,2.258615493774414,-2.733950614929199,-1.5540013313293457,1.4610862731933594
3079.0,-0.10566484928131104,-1.0818618535995483,2.2581989765167236,-2.707033634185791,-1.5192296504974365,1.439512848854065
3080.0,-0.11206353455781937,-1.0811097621917725,2.257624387741089,-2.6671156883239746,-1.4676094055175781,1.4075002670288086
3081.0,-0.12039069831371307,-1.080165982246399,2.256946325302124,-2.61531138420105,-1.4005370140075684,1.3659138679504395
3082.0,-0.13047531247138977,-1.0790646076202393,2.2562246322631836,-2.5527470111846924,-1.3194342851638794,1.315639853477478
3083.0,-0.14214429259300232,-1.0778388977050781,2.2555079460144043,-2.4805309772491455,-1.2257143259048462,1.2575643062591553
3084.0,-0.1552220731973648,-1.076520562171936,2.2548444271087646,-2.3997535705566406,-1.120788812637329,1.1925708055496216
3085.0,-0.16953431069850922,-1.075134038925171,2.2542660236358643,-2.3114967346191406,-1.0060495138168335,1.121529459953308
3086.0,-0.18490852415561676,-1.073708176612854,2.25378680229187,-2.2168450355529785,-0.8828932046890259,1.0453118085861206
3087.0,-0.20117294788360596,-1.0722647905349731,2.2534008026123047,-2.1168837547302246,-0.7527177333831787,0.9647839069366455
3088.0,-0.21815280616283417,-1.07081937789917,2.2531003952026367,-2.0127038955688477,-0.6169403195381165,0.8808138370513916
3089.0,-0.23567086458206177,-1.069367527961731,2.2528741359710693,-1.9053914546966553,-0.47698548436164856,0.7942647933959961
3090.0,-0.25354787707328796,-1.0679115056991577,2.2527098655700684,-1.7960243225097656,-0.3342655301094055,0.706010639667511
3091.0,-0.2716076672077179,-1.0664594173431396,2.2525980472564697,-1.6856615543365479,-0.1901848465204239,0.6169233322143555
3092.0,-0.2896716594696045,-1.0650382041931152,2.2525432109832764,-1.5753611326217651,-0.04613609239459038,0.5278784036636353
3093.0,-0.30756282806396484,-1.0636669397354126,2.2525651454925537,-1.4661740064620972,0.09648129343986511,0.43973827362060547
3094.0,-0.3251044750213623,-1.0623611211776733,2.252673625946045,-1.3591712713241577,0.23627765476703644,0.35336601734161377
3095.0,-0.3421250283718109,-1.0611326694488525,2.2528750896453857,-1.2554328441619873,0.37186333537101746,0.269621878862381
3096.0,-0.3584544360637665,-1.060001015663147,2.253169298171997,-1.15604829788208,0.5018547773361206,0.18936298787593842
3097.0,-0.37392115592956543,-1.0589799880981445,2.2535581588745117,-1.062092661857605,0.6248546242713928,0.11344338208436966
3098.0,-0.3883498013019562,-1.058087944984436,2.254038095474243,-0.9746370911598206,0.7394587993621826,0.04271969944238663
3099.0,-0.4015633165836334,-1.0573292970657349,2.254595994949341,-0.8947486877441406,0.8442603349685669,-0.021939894184470177
3100.0,-0.4133809804916382,-1.0567140579223633,2.2552011013031006,-0.8234953284263611,0.9378537535667419,-0.07965898513793945
3101.0,-0.42361852526664734,-1.0562291145324707,2.2558176517486572,-0.7619292140007019,1.0188312530517578,-0.12956584990024567
3102.0,-0.4320901334285736,-1.0558630228042603,2.256396532058716,-0.7110863924026489,1.0857768058776855,-0.17079931497573853
3103.0,-0.4386109709739685,-1.0555964708328247,2.2568893432617188,-0.6720008850097656,1.1372748613357544,-0.20250631868839264
3104.0,-0.44300463795661926,-1.0554261207580566,2.257249116897583,-0.6456956267356873,1.1719433069229126,-0.22385044395923615
3105.0,-0.4451272487640381,-1.0553457736968994,2.257434129714966,-0.63299959897995,1.1886777877807617,-0.23415428400039673
3106.0,-0.4451272487640381,-1.0553457736968994,2.257434129714966,-0.63299959897995,1.1886777877807617,-0.23415428400039673
3107.0,-0.4451272487640381,-1.0553457736968994,2.257434129714966,-0.63299959897995,1.1886777877807617,-0.23415428400039673
3108.0,-0.4497516776500723,-1.0437208674372136,2.2576867344186837,-0.6438627832168267,1.1847848358423252,-0.23684840710936095
3109.0,-0.4543760601660855,-1.032095951712217,2.257939397319476,-0.6547259622971604,1.1808918386326632,-0.23954252488671576
3110.0,-0.4543760601660855,-1.032095951712217,2.257939397319476,-0.6547259622971604,1.1808918386326632,-0.23954252488671576
3111.0,-0.4631230207550644,-1.0412242377568919,2.255448099965274,-0.641116353116464,1.1735423975897148,-0.2446860272641967
3112.0,-0.4718699813440433,-1.0503525238015667,2.2529568026110725,-0.6275067439357676,1.1661929565467661,-0.24982952964167765
3113.0,-0.4718699813440433,-1.0503525238015667,2.2529568026110725,-0.6275067439357676,1.1661929565467661,-0.24982952964167765
3114.0,-0.4763503953497262,-1.0361559313533462,2.2528858745784186,-0.6405571716623899,1.1624397691985178,-0.25250235406361515
3115.0,-0.48083080935540906,-1.0219593389051254,2.252814946545765,-0.6536075993890123,1.1586865818502694,-0.25517517848555266
3116.0,-0.485311223361092,-1.0077627464569048,2.2527440185131113,-0.6666580271156346,1.154933394502021,-0.2578480029074902
3117.0,-0.4897916373667749,-0.9935661540086842,2.252673090480458,-0.679708454842257,1.1511802071537727,-0.2605208273294277
3118.0,-0.4942720513724578,-0.9793695615604635,2.252602162447804,-0.6927588825688793,1.1474270198055243,-0.2631936517513652
3119.0,-0.4942720513724578,-0.9793695615604635,2.252602162447804,-0.6927588825688793,1.1474270198055243,-0.2631936517513652
3120.0,-0.4923852827448933,-0.9646876820372263,2.2532063043388577,-0.7085088880434711,1.1490052219897273,-0.26206031337553476
3121.0,-0.4904985141173288,-0.950005802513989,2.253810446229911,-0.7242588935180629,1.1505834241739303,-0.2609269749997043
3122.0,-0.4904985141173288,-0.950005802513989,2.253810446229911,-0.7242588935180629,1.1505834241739303,-0.2609269749997043
3123.0,-0.48437962782096333,-0.9372798980463157,2.2549164097500154,-0.7395642502423655,1.1557081084436898,-0.2572732827901675
3124.0,-0.4782607415245979,-0.9245539935786425,2.25602237327012,-0.754869606966668,1.1608327927134492,-0.25361959058063066
3125.0,-0.4782607415245979,-0.9245539935786425,2.25602237327012,-0.754869606966668,1.1608327927134492,-0.25361959058063066
3126.0,-0.46316168619686693,-0.931013937469816,2.2589595058352194,-0.7547826430308189,1.1735192405032246,-0.24474015813605676
3127.0,-0.4480626308691359,-0.9374738813609894,2.261896638400319,-0.7546956790949697,1.1862056882929999,-0.23586072569148284
3128.0,-0.4480626308691359,-0.9374738813609894,2.261896638400319,-0.7546956790949697,1.1862056882929999,-0.23586072569148284
3129.0,-0.44087792659081415,-0.9502691333939498,2.2630932860185844,-0.7446347220339555,1.192261545111726,-0.23170006396666395
3130.0,-0.4336932223124924,-0.9630643854269102,2.26428993363685,-0.7345737649729414,1.198317401930452,-0.22753940224184507
3131.0,-0.4336932223124924,-0.9630643854269102,2.26428993363685,-0.7345737649729414,1.198317401930452,-0.22753940224184507
3132.0,-0.4490478654183725,-0.9661578666633802,2.2636577975949184,-0.7270358514360412,1.1854834739947806,-0.236793911773805
3133.0,-0.4644025085242526,-0.9692513478998502,2.2630256615529873,-0.7194979378991411,1.172649546059109,-0.24604842130576493
3134.0,-0.4797571516301327,-0.9723448291363203,2.2623935255110563,-0.7119600243622408,1.1598156181234376,-0.2553029308377249
3135.0,-0.4951117947360128,-0.9754383103727904,2.261761389469125,-0.7044221108253407,1.146981690187766,-0.26455744036968476
3136.0,-0.5104664378418929,-0.9785317916092604,2.2611292534271934,-0.6968841972884405,1.1341477622520946,-0.2738119499016447
3137.0,-0.525821080947773,-0.9816252728457304,2.2604971173852624,-0.6893462837515403,1.121313834316423,-0.28306645943360464
3138.0,-0.5411757240536531,-0.9847187540822004,2.2598649813433314,-0.6818083702146401,1.1084799063807516,-0.29232096896556453
3139.0,-0.5565303671595332,-0.9878122353186705,2.2592328453014,-0.67427045667774,1.09564597844508,-0.3015754784975245
3140.0,-0.5565303671595332,-0.9878122353186705,2.2592328453014,-0.67427045667774,1.09564597844508,-0.3015754784975245
3141.0,-0.5585729295059898,-0.9811390718810817,2.246861254014136,-0.6679781911473401,1.0939575803160413,-0.30286931664534483
3142.0,-0.5606154918524465,-0.9744659084434929,2.2344896627268716,-0.6616859256169403,1.0922691821870025,-0.3041631547931652
3143.0,-0.5606154918524465,-0.9744659084434929,2.2344896627268716,-0.6616859256169403,1.0922691821870025,-0.3041631547931652
3144.0,-0.5621790431871441,-0.9882559738141796,2.2368687728840104,-0.6498163620695074,1.0909776654599588,-0.305156633226664
3145.0,-0.5637425945218417,-1.0020460391848665,2.2392478830411493,-0.6379467985220745,1.089686148732915,-0.3061501116601628
3146.0,-0.5637425945218417,-1.0020460391848665,2.2392478830411493,-0.6379467985220745,1.089686148732915,-0.3061501116601628
3147.0,-0.5637425780296326,-1.00204598903656,2.2392477989196777,-0.6379467844963074,1.0896861553192139,-0.3061501085758209
3148.0,-0.5623826384544373,-1.002057671546936,2.2369585037231445,-0.6300501823425293,1.092634677886963,-0.3159840404987335
3149.0,-0.5595688819885254,-1.0020296573638916,2.2322170734405518,-0.6136409044265747,1.0987321138381958,-0.33638203144073486
3150.0,-0.5553773045539856,-1.001896858215332,2.225148916244507,-0.5891885757446289,1.1077728271484375,-0.36673563718795776
3151.0,-0.5499275326728821,-1.001578688621521,2.215890884399414,-0.5572807788848877,1.1195075511932373,-0.4062879681587219
3152.0,-0.5433244109153748,-1.0009841918945312,2.2045400142669678,-0.5185297727584839,1.1337066888809204,-0.45428985357284546
3153.0,-0.5356970429420471,-1.0000191926956177,2.1911919116973877,-0.47355765104293823,1.150140643119812,-0.5099871754646301
3154.0,-0.5271860957145691,-0.998596727848053,2.1759471893310547,-0.42299455404281616,1.1686214208602905,-0.5726321935653687
3155.0,-0.5179438591003418,-0.9966344833374023,2.1589407920837402,-0.3674987256526947,1.188943862915039,-0.641444981098175
3156.0,-0.5081354379653931,-0.9940532445907593,2.1403231620788574,-0.30774253606796265,1.2109042406082153,-0.7156078815460205
3157.0,-0.49792006611824036,-0.9907674193382263,2.120244264602661,-0.24443475902080536,1.234251856803894,-0.7942418456077576
3158.0,-0.48744136095046997,-0.9866729974746704,2.098823070526123,-0.1783067286014557,1.2586992979049683,-0.8764307498931885
3159.0,-0.47682952880859375,-0.981658935546875,2.0761301517486572,-0.11011961847543716,1.2839163541793823,-0.9612016677856445
3160.0,-0.4661877155303955,-0.9756221771240234,2.0522117614746094,-0.04065648466348648,1.309570074081421,-1.0475953817367554
3161.0,-0.45562314987182617,-0.9684984683990479,2.0271224975585938,0.02929280512034893,1.3353331089019775,-1.1346354484558105
3162.0,-0.4452368915081024,-0.9603310227394104,2.0010595321655273,0.09896635264158249,1.3609325885772705,-1.2213958501815796
3163.0,-0.4351743459701538,-0.9513183832168579,1.9743964672088623,0.16766692698001862,1.386122465133667,-1.3069558143615723
3164.0,-0.4255620837211609,-0.9417093396186829,1.9475760459899902,0.23470290005207062,1.4106876850128174,-1.3904389142990112
3165.0,-0.4165191352367401,-0.9317787289619446,1.9210559129714966,0.29940903186798096,1.434390902519226,-1.470961332321167
3166.0,-0.408140629529953,-0.921798586845398,1.8952844142913818,0.3611224293708801,1.4569779634475708,-1.547669529914856
3167.0,-0.40048667788505554,-0.9120139479637146,1.870661973953247,0.4192052185535431,1.478163719177246,-1.6197094917297363
3168.0,-0.39360278844833374,-0.9026342034339905,1.8475323915481567,0.4730173647403717,1.4976705312728882,-1.686269760131836
3169.0,-0.38750725984573364,-0.8938542604446411,1.8262178897857666,0.5219325423240662,1.5152415037155151,-1.7465729713439941
3170.0,-0.3822229504585266,-0.8858534693717957,1.8070281744003296,0.5653358697891235,1.5306766033172607,-1.7998985052108765
3171.0,-0.3777695298194885,-0.8788146376609802,1.79030179977417,0.6026289463043213,1.5438179969787598,-1.8455778360366821
3172.0,-0.3741758465766907,-0.8729241490364075,1.7763770818710327,0.6332368850708008,1.55453622341156,-1.8829724788665771
3173.0,-0.3714737892150879,-0.8683547973632812,1.7656183242797852,0.6566115021705627,1.5627038478851318,-1.911487102508545
3174.0,-0.36969366669654846,-0.8652633428573608,1.758346438407898,0.6722385287284851,1.568167805671692,-1.9305219650268555
3175.0,-0.3688516914844513,-0.8637676239013672,1.7548309564590454,0.6797329783439636,1.5707963705062866,-1.9396480321884155
3176.0,-0.3688516914844513,-0.8637676239013672,1.7548309564590454,0.6797329783439636,1.5707963705062866,-1.9396480321884155
3177.0,-0.3688516914844513,-0.8637676239013672,1.7548309564590454,0.6797329783439636,1.5707963705062866,-1.9396480321884155
3178.0,-0.3670603490760168,-0.8574393647727347,1.7407831435191357,0.6874525481799935,1.5707963267812337,-1.93785667566581
3179.0,-0.36526899801790763,-0.8511110771511045,1.7267352773162468,0.6951721267615947,1.5707963267813654,-1.9360653246077009
3180.0,-0.36526899801790763,-0.8511110771511045,1.7267352773162468,0.6951721267615947,1.5707963267813654,-1.9360653246077009
3181.0,-0.36866665471546817,-0.8446849884797807,1.7125169688968582,0.7029643465090103,1.570796326781112,-1.9394629813052613
3182.0,-0.37206431141302876,-0.8382588998084568,1.69829866047747,0.7107565662564258,1.570796326780859,-1.942860638002822
3183.0,-0.3754619681105893,-0.8318328111371329,1.6840803520580814,0.7185487860038413,1.5707963267806055,-1.9462582947003826
3184.0,-0.37885962480814983,-0.8254067224658092,1.6698620436386928,0.7263410057512569,1.5707963267803522,-1.949655951397943
3185.0,-0.37885962480814983,-0.8254067224658092,1.6698620436386928,0.7263410057512569,1.5707963267803522,-1.949655951397943
3186.0,-0.37405918319178205,-0.8185171663662884,1.6546648168356388,0.7346486764557065,1.570796326780712,-1.9448555097815752
3187.0,-0.3692587415754143,-0.8116276102667676,1.6394675900325848,0.7429563471601561,1.5707963267810716,-1.9400550681652076
3188.0,-0.3692587415754143,-0.8116276102667676,1.6394675900325848,0.7429563471601561,1.5707963267810716,-1.9400550681652076
3189.0,-0.3854810164573219,-0.8097954190796353,1.6354321241218166,0.7451596218807301,1.5707963267797709,-1.9562773430471152
3190.0,-0.40170329133922955,-0.8079632278925029,1.6313966582110484,0.7473628966013043,1.5707963267784701,-1.9724996179290226
3191.0,-0.41792556622113713,-0.8061310367053705,1.62736119230028,0.7495661713218784,1.5707963267771696,-1.9887218928109303
3192.0,-0.4341478411030448,-0.8042988455182382,1.6233257263895118,0.7517694460424524,1.570796326775869,-2.004944167692838
3193.0,-0.4341478411030448,-0.8042988455182382,1.6233257263895118,0.7517694460424524,1.570796326775869,-2.004944167692838
3194.0,-0.42609861324713283,-0.7966868859548775,1.606643292585947,0.7608399202841806,1.5707963267765024,-1.996894939836926
3195.0,-0.41804938539122094,-0.7890749263915168,1.5899608587823824,0.7699103945259087,1.5707963267771359,-1.9888457119810141
3196.0,-0.410000157535309,-0.7814629668281561,1.5732784249788176,0.7789808687676368,1.5707963267777691,-1.9807964841251022
3197.0,-0.4019509296793971,-0.7738510072647954,1.556595991175253,0.788051343009365,1.5707963267784026,-1.9727472562691903
3198.0,-0.39390170182348516,-0.7662390477014347,1.5399135573716882,0.7971218172510931,1.5707963267790361,-1.9646980284132782
3199.0,-0.3858524739675733,-0.7586270881380739,1.5232311235681233,0.8061922914928212,1.5707963267796696,-1.9566488005573663
3200.0,-0.37780324611166133,-0.7510151285747132,1.5065486897645586,0.8152627657345494,1.5707963267803031,-1.9485995727014545
3201.0,-0.36975401825574944,-0.7434031690113525,1.4898662559609939,0.8243332399762775,1.5707963267809364,-1.9405503448455426
3202.0,-0.3617047903998375,-0.7357912094479918,1.4731838221574292,0.8334037142180056,1.5707963267815699,-1.9325011169896307
3203.0,-0.3536555625439256,-0.7281792498846311,1.4565013883538644,0.8424741884597338,1.5707963267822034,-1.9244518891337188
3204.0,-0.3536555625439256,-0.7281792498846311,1.4565013883538644,0.8424741884597338,1.5707963267822034,-1.9244518891337188
3205.0,-0.3550957593574783,-0.7215041896012344,1.4419494656697245,0.8503510508602002,1.5707963267821001,-1.9258920859472715
3206.0,-0.356535956171031,-0.7148291293178378,1.4273975429855845,0.8582279132606667,1.5707963267819969,-1.9273322827608241
3207.0,-0.3579761529845837,-0.7081540690344411,1.4128456203014448,0.8661047756611333,1.5707963267818934,-1.928772479574377
3208.0,-0.3594163497981364,-0.7014790087510445,1.3982936976173048,0.8739816380615998,1.5707963267817902,-1.9302126763879297
3209.0,-0.3608565466116891,-0.6948039484676478,1.3837417749331649,0.8818585004620663,1.570796326781687,-1.9316528732014824
3210.0,-0.3608565466116891,-0.6948039484676478,1.3837417749331649,0.8818585004620663,1.570796326781687,-1.9316528732014824
3211.0,-0.34410417117298636,-0.6889429890899796,1.3709840527430188,0.8887552632777687,1.570796326782873,-1.9149004977627797
3212.0,-0.34410417117298636,-0.6889429890899796,1.3709840527430188,0.8887552632777687,1.570796326782873,-1.9149004977627797
3213.0,-0.34278773378402294,-0.6835348647448218,1.3592210953514658,0.8951100963244182,1.5707963267829637,-1.9135840603738163
3214.0,-0.3414712963950596,-0.678126740399664,1.3474581379599129,0.9014649293710676,1.5707963267830543,-1.9122676229848528
3215.0,-0.34015485900609616,-0.6727186160545062,1.33569518056836,0.9078197624177171,1.5707963267831448,-1.9109511855958894
3216.0,-0.34015485900609616,-0.6727186160545062,1.33569518056836,0.9078197624177171,1.5707963267831448,-1.9109511855958894
3217.0,-0.33330337967406815,-0.6678129811941311,1.3250342755526496,0.9135750325743802,1.5707963267836047,-1.9040997062638614
3218.0,-0.32645190034204014,-0.6629073463337559,1.3143733705369391,0.9193303027310433,1.5707963267840643,-1.8972482269318334
3219.0,-0.32645190034204014,-0.6629073463337559,1.3143733705369391,0.9193303027310433,1.5707963267840643,-1.8972482269318334
3220.0,-0.33587923691411126,-0.6590419521926381,1.3059776359595012,0.9238606431655381,1.570796326783427,-1.9066755635039045
3221.0,-0.34530657348618243,-0.6551765580515203,1.2975819013820633,0.9283909836000328,1.5707963267827898,-1.9161029000759757
3222.0,-0.34530657348618243,-0.6551765580515203,1.2975819013820633,0.9283909836000328,1.5707963267827898,-1.9161029000759757
3223.0,-0.35189581211775967,-0.6491599151392993,1.2845210750358247,0.9354351670327818,1.570796326782324,-1.922692138707553
3224.0,-0.35848505074933695,-0.6431432722270783,1.271460248689586,0.9424793504655309,1.570796326781858,-1.9292813773391302
3225.0,-0.35848505074933695,-0.6431432722270783,1.271460248689586,0.9424793504655309,1.570796326781858,-1.9292813773391302
3226.0,-0.3602709224737783,-0.649774583441961,1.285861512144767,0.9347093982248901,1.5707963267817284,-1.9310672490635716
3227.0,-0.3620567941982196,-0.6564058946568436,1.3002627755999479,0.9269394459842493,1.5707963267815988,-1.9328531207880129
3228.0,-0.36384266592266096,-0.6630372058717263,1.3146640390551287,0.9191694937436085,1.5707963267814689,-1.934638992512454
3229.0,-0.3656285376471023,-0.669668517086609,1.3290653025103096,0.9113995415029676,1.5707963267813392,-1.9364248642368955
3230.0,-0.3656285376471023,-0.669668517086609,1.3290653025103096,0.9113995415029676,1.5707963267813392,-1.9364248642368955
3231.0,-0.3681899644038622,-0.6762470837755913,1.3433794480172008,0.9036639626845694,1.5707963267811482,-1.9389862909936555
3232.0,-0.37075139116062217,-0.6828256504645736,1.357693593524092,0.8959283838661711,1.5707963267809573,-1.9415477177504155
3233.0,-0.3733128179173821,-0.6894042171535559,1.3720077390309828,0.888192805047773,1.570796326780766,-1.9441091445071752
3234.0,-0.37587424467414204,-0.6959827838425382,1.386321884537874,0.8804572262293747,1.5707963267805751,-1.9466705712639352
3235.0,-0.37843567143090195,-0.7025613505315205,1.4006360300447651,0.8727216474109765,1.5707963267803842,-1.9492319980206951
3236.0,-0.37843567143090195,-0.7025613505315205,1.4006360300447651,0.8727216474109765,1.5707963267803842,-1.9492319980206951
3237.0,-0.3731308256449906,-0.6931951399637978,1.384153287206729,0.8798381796823093,1.5707963267807645,-1.9439271522347839
3238.0,-0.3678259798590793,-0.6838289293960752,1.367670544368693,0.8869547119536421,1.5707963267811451,-1.9386223064488726
3239.0,-0.36252113407316794,-0.6744627188283525,1.3511878015306569,0.8940712442249747,1.5707963267815255,-1.933317460662961
3240.0,-0.3572162882872566,-0.6650965082606299,1.3347050586926206,0.9011877764963075,1.570796326781906,-1.9280126148770498
3241.0,-0.35191144250134526,-0.6557302976929072,1.3182223158545845,0.9083043087676403,1.5707963267822864,-1.9227077690911385
3242.0,-0.3466065967154339,-0.6463640871251846,1.3017395730165484,0.915420841038973,1.5707963267826668,-1.917402923305227
3243.0,-0.3413017509295226,-0.636997876557462,1.2852568301785123,0.9225373733103058,1.5707963267830474,-1.9120980775193157
3244.0,-0.33599690514361125,-0.6276316659897393,1.2687740873404763,0.9296539055816386,1.5707963267834277,-1.9067932317334044
3245.0,-0.33599690514361125,-0.6276316659897393,1.2687740873404763,0.9296539055816386,1.5707963267834277,-1.9067932317334044
3246.0,-0.3362897610301739,-0.6221283657459394,1.2650526665266912,0.9465142832489725,1.5603143913033628,-1.9241643174355578
3247.0,-0.33658261691673647,-0.6166250655021395,1.261331245712906,0.9633746609163063,1.549832455823298,-1.941535403137711
3248.0,-0.3368754728032991,-0.6111217652583396,1.257609824899121,0.9802350385836401,1.5393505203432332,-1.9589064888398644
3249.0,-0.33716832868986174,-0.6056184650145398,1.2538884040853358,0.997095416250974,1.5288685848631685,-1.9762775745420176
3250.0,-0.3374611845764244,-0.6001151647707399,1.2501669832715507,1.013955793918308,1.5183866493831035,-1.993648660244171
3251.0,-0.33775404046298696,-0.5946118645269399,1.2464455624577655,1.0308161715856416,1.5079047139030388,-2.0110197459463244
3252.0,-0.3380468963495496,-0.5891085642831401,1.2427241416439805,1.0476765492529756,1.4974227784229739,-2.0283908316484776
3253.0,-0.33833975223611223,-0.5836052640393402,1.2390027208301952,1.0645369269203093,1.486940842942909,-2.0457619173506307
3254.0,-0.33863260812267487,-0.5781019637955402,1.2352813000164102,1.0813973045876433,1.4764589074628442,-2.0631330030527844
3255.0,-0.33892546400923745,-0.5725986635517404,1.231559879202625,1.098257682254977,1.4659769719827793,-2.0805040887549375
3256.0,-0.3392183198958001,-0.5670953633079405,1.22783845838884,1.115118059922311,1.4554950365027146,-2.0978751744570907
3257.0,-0.33951117578236273,-0.5615920630641407,1.2241170375750547,1.1319784375896447,1.4450131010226497,-2.1152462601592443
3258.0,-0.33980403166892537,-0.5560887628203407,1.2203956167612697,1.1488388152569786,1.434531165542585,-2.1326173458613975
3259.0,-0.34009688755548795,-0.5505854625765408,1.2166741959474845,1.1656991929243126,1.42404923006252,-2.1499884315635507
3260.0,-0.3403897434420506,-0.545082162332741,1.2129527751336995,1.1825595705916463,1.4135672945824553,-2.167359517265704
3261.0,-0.3406825993286132,-0.539578862088941,1.2092313543199142,1.19941994825898,1.4030853591023904,-2.1847306029678575
3262.0,-0.34097545521517586,-0.5340755618451412,1.2055099335061292,1.216280325926314,1.3926034236223255,-2.2021016886700107
3263.0,-0.34126831110173844,-0.5285722616013413,1.2017885126923442,1.233140703593648,1.3821214881422608,-2.219472774372164
3264.0,-0.3415611669883011,-0.5230689613575413,1.198067091878559,1.2500010812609816,1.3716395526621958,-2.2368438600743175
3265.0,-0.3418540228748637,-0.5175656611137415,1.194345671064774,1.2668614589283154,1.3611576171821311,-2.2542149457764706
3266.0,-0.34214687876142635,-0.5120623608699416,1.1906242502509887,1.2837218365956493,1.3506756817020662,-2.271586031478624
3267.0,-0.34243973464798894,-0.5065590606261416,1.1869028294372037,1.3005822142629833,1.3401937462220013,-2.288957117180777
3268.0,-0.3427325905345516,-0.5010557603823418,1.1831814086234185,1.317442591930317,1.3297118107419366,-2.3063282028829306
3269.0,-0.3430254464211142,-0.49555246013854193,1.1794599878096335,1.334302969597651,1.3192298752618716,-2.323699288585084
3270.0,-0.34331830230767685,-0.49004915989474207,1.1757385669958482,1.3511633472649847,1.308747939781807,-2.341070374287237
3271.0,-0.34361115819423943,-0.48454585965094216,1.1720171461820632,1.3680237249323186,1.298266004301742,-2.3584414599893906
3272.0,-0.34390401408080207,-0.47904255940714224,1.168295725368278,1.3848841025996523,1.2877840688216773,-2.3758125456915438
3273.0,-0.3441968699673647,-0.4735392591633424,1.164574304554493,1.4017444802669863,1.2773021333416124,-2.393183631393697
3274.0,-0.34448972585392734,-0.46803595891954247,1.1608528837407077,1.41860485793432,1.2668201978615476,-2.4105547170958506
3275.0,-0.3447825817404899,-0.46253265867574256,1.1571314629269227,1.435465235601654,1.2563382623814827,-2.4279258027980037
3276.0,-0.34507543762705256,-0.4570293584319427,1.1534100421131375,1.4523256132689877,1.2458563269014178,-2.445296888500157
3277.0,-0.3453682935136152,-0.4515260581881428,1.1496886212993525,1.4691859909363216,1.235374391421353,-2.4626679742023105
3278.0,-0.34566114940017784,-0.4460227579443429,1.1459672004855672,1.4860463686036556,1.2248924559412881,-2.4800390599044637
3279.0,-0.3459540052867404,-0.440519457700543,1.1422457796717822,1.5029067462709893,1.2144105204612234,-2.497410145606617
3280.0,-0.34624686117330306,-0.43501615745674316,1.138524358857997,1.519767123938323,1.2039285849811585,-2.51478123130877
3281.0,-0.3465397170598657,-0.42951285721294324,1.134802938044212,1.536627501605657,1.1934466495010938,-2.5321523170109232
3282.0,-0.34683257294642833,-0.42400955696914333,1.131081517230427,1.553487879272991,1.1829647140210289,-2.549523402713077
3283.0,-0.3471254288329909,-0.4185062567253435,1.1273600964166417,1.5703482569403246,1.172482778540964,-2.56689448841523
3284.0,-0.34741828471955355,-0.4130029564815436,1.1236386756028567,1.5872086346076584,1.1620008430608992,-2.5842655741173832
3285.0,-0.3477111406061162,-0.40749965623774365,1.1199172547890714,1.6040690122749923,1.1515189075808343,-2.601636659819537
3286.0,-0.3480039964926788,-0.4019963559939438,1.1161958339752864,1.6209293899423263,1.1410369721007694,-2.61900774552169
3287.0,-0.3482968523792414,-0.39649305575014393,1.1124744131615012,1.63778976760966,1.1305550366207047,-2.636378831223843
3288.0,-0.34858970826580404,-0.39098975550634396,1.1087529923477162,1.654650145276994,1.12007310114064,-2.653749916925997
3289.0,-0.3488825641523667,-0.3854864552625441,1.105031571533931,1.671510522944328,1.109591165660575,-2.67112100262815
3290.0,-0.3491754200389293,-0.37998315501874425,1.101310150720146,1.6883709006116616,1.09910923018051,-2.688492088330303
3291.0,-0.3494682759254919,-0.37447985477494433,1.0975887299063607,1.7052312782789953,1.0886272947004454,-2.705863174032457
3292.0,-0.34976113181205454,-0.3689765545311445,1.0938673090925757,1.722091655946329,1.0781453592203807,-2.72323425973461
3293.0,-0.3500539876986172,-0.36347325428734456,1.0901458882787904,1.7389520336136632,1.0676634237403158,-2.740605345436763
3294.0,-0.3503468435851798,-0.35796995404354465,1.0864244674650054,1.755812411280997,1.0571814882602508,-2.7579764311389168
3295.0,-0.3506396994717424,-0.3524666537997448,1.0827030466512202,1.7726727889483307,1.046699552780186,-2.7753475168410695
3296.0,-0.35093255535830503,-0.3469633535559449,1.0789816258374352,1.7895331666156646,1.0362176173001212,-2.792718602543223
3297.0,-0.35093255535830503,-0.3469633535559449,1.0789816258374352,1.7895331666156646,1.0362176173001212,-2.792718602543223
3298.0,-0.3506421072120496,-0.3467375106240871,1.0783840374836469,1.7901517088877812,1.0384822717439266,-2.7752858173100847
3299.0,-0.35035165906579413,-0.34651166769222935,1.0777864491298588,1.790770251159898,1.0407469261877322,-2.7578530320769468
3300.0,-0.3500612109195387,-0.34628582476037156,1.0771888607760705,1.7913887934320145,1.0430115806315376,-2.7404202468438084
3301.0,-0.34977076277328323,-0.34605998182851383,1.0765912724222821,1.7920073357041313,1.045276235075343,-2.72298746161067
3302.0,-0.3494803146270277,-0.34583413889665604,1.0759936840684938,1.7926258779762478,1.0475408895191487,-2.7055546763775316
3303.0,-0.34918986648077227,-0.34560829596479825,1.0753960957147057,1.7932444202483644,1.0498055439629541,-2.6881218911443936
3304.0,-0.3488994183345168,-0.3453824530329405,1.0747985073609174,1.7938629625204812,1.0520701984067597,-2.670689105911255
3305.0,-0.34860897018826137,-0.34515661010108273,1.074200919007129,1.7944815047925977,1.0543348528505652,-2.653256320678117
3306.0,-0.3483185220420059,-0.344930767169225,1.073603330653341,1.7951000470647145,1.0565995072943706,-2.635823535444979
3307.0,-0.34802807389575047,-0.3447049242373672,1.0730057422995527,1.795718589336831,1.0588641617381762,-2.6183907502118404
3308.0,-0.347737625749495,-0.3444790813055094,1.0724081539457644,1.7963371316089476,1.0611288161819816,-2.600957964978702
3309.0,-0.34744717760323957,-0.3442532383736517,1.071810565591976,1.7969556738810644,1.063393470625787,-2.5835251797455636
3310.0,-0.3471567294569841,-0.3440273954417939,1.071212977238188,1.797574216153181,1.0656581250695927,-2.5660923945124257
3311.0,-0.3468662813107286,-0.34380155250993616,1.0706153888843997,1.7981927584252977,1.067922779513398,-2.5486596092792873
3312.0,-0.34657583316447316,-0.34357570957807837,1.0700178005306114,1.7988113006974142,1.0701874339572037,-2.531226824046149
3313.0,-0.3462853850182177,-0.3433498666462206,1.069420212176823,1.7994298429695308,1.0724520884010091,-2.513794038813011
3314.0,-0.34599493687196226,-0.34312402371436285,1.068822623823035,1.8000483852416476,1.0747167428448146,-2.4963612535798725
3315.0,-0.3457044887257068,-0.34289818078250506,1.0682250354692466,1.8006669275137641,1.0769813972886202,-2.478928468346734
3316.0,-0.34541404057945135,-0.3426723378506473,1.0676274471154583,1.8012854697858809,1.0792460517324256,-2.461495683113596
3317.0,-0.3451235924331959,-0.34244649491878953,1.0670298587616702,1.8019040120579974,1.081510706176231,-2.4440628978804577
3318.0,-0.34483314428694045,-0.34222065198693175,1.066432270407882,1.802522554330114,1.0837753606200367,-2.4266301126473193
3319.0,-0.344542696140685,-0.341994809055074,1.0658346820540936,1.8031410966022308,1.086040015063842,-2.409197327414181
3320.0,-0.34425224799442955,-0.3417689661232162,1.0652370937003053,1.8037596388743473,1.0883046695076477,-2.391764542181043
3321.0,-0.34396179984817404,-0.3415431231913585,1.0646395053465172,1.804378181146464,1.0905693239514531,-2.3743317569479045
3322.0,-0.3436713517019186,-0.3413172802595007,1.0640419169927289,1.8049967234185806,1.0928339783952585,-2.356898971714766
3323.0,-0.34338090355566314,-0.3410914373276429,1.0634443286389406,1.8056152656906972,1.0950986328390642,-2.339466186481628
3324.0,-0.3430904554094077,-0.3408655943957852,1.0628467402851525,1.806233807962814,1.0973632872828696,-2.32203340124849
3325.0,-0.34280000726315224,-0.3406397514639274,1.0622491519313642,1.8068523502349305,1.099627941726675,-2.3046006160153514
3326.0,-0.3425095591168968,-0.34041390853206965,1.0616515635775758,1.807470892507047,1.1018925961704806,-2.287167830782213
3327.0,-0.34221911097064134,-0.34018806560021186,1.0610539752237875,1.8080894347791638,1.104157250614286,-2.269735045549075
3328.0,-0.3419286628243859,-0.3399622226683541,1.0604563868699994,1.8087079770512804,1.1064219050580917,-2.2523022603159366
3329.0,-0.34163821467813044,-0.33973637973649634,1.0598587985162111,1.8093265193233972,1.108686559501897,-2.234869475082798
3330.0,-0.34134776653187493,-0.33951053680463855,1.0592612101624228,1.8099450615955137,1.1109512139457025,-2.2174366898496602
3331.0,-0.3410573183856195,-0.3392846938727808,1.0586636218086347,1.8105636038676303,1.1132158683895081,-2.200003904616522
3332.0,-0.34076687023936403,-0.33905885094092303,1.0580660334548464,1.811182146139747,1.1154805228333136,-2.1825711193833834
3333.0,-0.3404764220931086,-0.33883300800906524,1.057468445101058,1.8118006884118636,1.117745177277119,-2.165138334150245
3334.0,-0.3401859739468531,-0.3386071650772075,1.0568708567472698,1.8124192306839804,1.1200098317209246,-2.147705548917107
3335.0,-0.3398955258005977,-0.3383813221453497,1.0562732683934817,1.813037772956097,1.12227448616473,-2.1302727636839687
3336.0,-0.3396050776543422,-0.338155479213492,1.0556756800396934,1.8136563152282135,1.1245391406085354,-2.1128399784508303
3337.0,-0.3393146295080868,-0.3379296362816342,1.055078091685905,1.8142748575003302,1.126803795052341,-2.0954071932176923
3338.0,-0.3390241813618313,-0.3377037933497764,1.054480503332117,1.8148933997724468,1.1290684494961465,-2.077974407984554
3339.0,-0.3387337332155758,-0.33747795041791867,1.0538829149783286,1.8155119420445636,1.1313331039399521,-2.0605416227514155
3340.0,-0.33844328506932037,-0.3372521074860609,1.0532853266245403,1.8161304843166801,1.1335977583837575,-2.043108837518277
3341.0,-0.3381528369230649,-0.33702626455420315,1.052687738270752,1.8167490265887967,1.135862412827563,-2.025676052285139
3342.0,-0.33786238877680946,-0.33680042162234536,1.052090149916964,1.8173675688609134,1.1381270672713686,-2.0082432670520007
3343.0,-0.337571940630554,-0.3365745786904876,1.0514925615631756,1.81798611113303,1.140391721715174,-1.9908104818188623
3344.0,-0.33728149248429856,-0.33634873575862984,1.0508949732093873,1.8186046534051468,1.1426563761589796,-1.9733776965857242
3345.0,-0.3369910443380431,-0.33612289282677205,1.050297384855599,1.8192231956772633,1.144921030602785,-1.955944911352586
3346.0,-0.33670059619178766,-0.3358970498949143,1.0496997965018109,1.8198417379493799,1.1471856850465905,-1.9385121261194476
3347.0,-0.3364101480455322,-0.3356712069630565,1.0491022081480226,1.8204602802214966,1.149450339490396,-1.9210793408863094
3348.0,-0.3361196998992767,-0.3354453640311988,1.0485046197942343,1.8210788224936132,1.1517149939342015,-1.9036465556531712
3349.0,-0.33582925175302125,-0.335219521099341,1.0479070314404462,1.82169736476573,1.153979648378007,-1.8862137704200328
3350.0,-0.3355388036067658,-0.3349936781674832,1.0473094430866579,1.8223159070378465,1.1562443028218126,-1.8687809851868944
3351.0,-0.33524835546051035,-0.3347678352356255,1.0467118547328695,1.822934449309963,1.158508957265618,-1.8513481999537562
3352.0,-0.3349579073142549,-0.3345419923037677,1.0461142663790812,1.8235529915820798,1.1607736117094234,-1.833915414720618
3353.0,-0.33466745916799945,-0.33431614937190995,1.0455166780252931,1.8241715338541964,1.163038266153229,-1.8164826294874796
3354.0,-0.334377011021744,-0.33409030644005216,1.0449190896715048,1.8247900761263132,1.1653029205970344,-1.7990498442543414
3355.0,-0.33408656287548855,-0.3338644635081944,1.0443215013177165,1.8254086183984297,1.1675675750408399,-1.7816170590212033
3356.0,-0.3337961147292331,-0.33363862057633664,1.0437239129639284,1.8260271606705463,1.1698322294846455,-1.7641842737880649
3357.0,-0.33350566658297764,-0.33341277764447885,1.04312632461014,1.826645702942663,1.172096883928451,-1.7467514885549267
3358.0,-0.33321521843672214,-0.3331869347126211,1.0425287362563518,1.8272642452147796,1.1743615383722565,-1.7293187033217883
3359.0,-0.3329247702904667,-0.33296109178076333,1.0419311479025635,1.8278827874868964,1.176626192816062,-1.71188591808865
3360.0,-0.33263432214421124,-0.33273524884890554,1.0413335595487754,1.828501329759013,1.1788908472598676,-1.6944531328555117
3361.0,-0.3323438739979558,-0.3325094059170478,1.040735971194987,1.8291198720311295,1.181155501703673,-1.6770203476223735
3362.0,-0.33205342585170033,-0.33228356298519,1.0401383828411987,1.8297384143032462,1.1834201561474784,-1.6595875623892353
3363.0,-0.3317629777054449,-0.3320577200533323,1.0395407944874107,1.8303569565753628,1.185684810591284,-1.642154777156097
3364.0,-0.33147252955918943,-0.3318318771214745,1.0389432061336223,1.8309754988474796,1.1879494650350895,-1.6247219919229587
3365.0,-0.331182081412934,-0.3316060341896167,1.038345617779834,1.8315940411195961,1.1902141194788949,-1.6072892066898203
3366.0,-0.33089163326667853,-0.33138019125775897,1.0377480294260457,1.8322125833917127,1.1924787739227005,-1.5898564214566822
3367.0,-0.330601185120423,-0.3311543483259012,1.0371504410722576,1.8328311256638294,1.194743428366506,-1.5724236362235438
3368.0,-0.3303107369741676,-0.33092850539404345,1.0365528527184693,1.833449667935946,1.1970080828103113,-1.5549908509904056
3369.0,-0.3300202888279121,-0.33070266246218566,1.035955264364681,1.8340682102080628,1.199272737254117,-1.5375580657572672
3370.0,-0.32972984068165667,-0.33047681953032787,1.035357676010893,1.8346867524801793,1.2015373916979224,-1.520125280524129
3371.0,-0.3294393925354012,-0.33025097659847014,1.0347600876571046,1.8353052947522959,1.2038020461417278,-1.5026924952909908
3372.0,-0.32914894438914577,-0.33002513366661235,1.0341624993033163,1.8359238370244126,1.2060667005855334,-1.4852597100578524
3373.0,-0.3288584962428903,-0.3297992907347546,1.033564910949528,1.8365423792965292,1.2083313550293389,-1.4678269248247142
3374.0,-0.32856804809663487,-0.3295734478028968,1.0329673225957399,1.837160921568646,1.2105960094731445,-1.4503941395915758
3375.0,-0.3282775999503794,-0.32934760487103903,1.0323697342419516,1.8377794638407625,1.21286066391695,-1.4329613543584376
3376.0,-0.3279871518041239,-0.3291217619391813,1.0317721458881632,1.838398006112879,1.2151253183607555,-1.4155285691252992
3377.0,-0.32769670365786846,-0.3288959190073235,1.031174557534375,1.8390165483849958,1.217389972804561,-1.398095783892161
3378.0,-0.327406255511613,-0.3286700760754658,1.0305769691805868,1.8396350906571124,1.2196546272483664,-1.3806629986590229
3379.0,-0.32711580736535756,-0.328444233143608,1.0299793808267985,1.8402536329292292,1.221919281692172,-1.3632302134258845
3380.0,-0.3268253592191021,-0.3282183902117502,1.0293817924730102,1.8408721752013457,1.2241839361359774,-1.3457974281927463
3381.0,-0.32653491107284666,-0.32799254727989247,1.0287842041192221,1.8414907174734623,1.2264485905797828,-1.328364642959608
3382.0,-0.3262444629265912,-0.3277667043480347,1.0281866157654338,1.842109259745579,1.2287132450235885,-1.3109318577264695
3383.0,-0.32595401478033575,-0.32754086141617694,1.0275890274116455,1.8427278020176956,1.2309778994673939,-1.2934990724933313
3384.0,-0.3256635666340803,-0.32731501848431915,1.0269914390578572,1.8433463442898121,1.2332425539111993,-1.276066287260193
3385.0,-0.3253731184878248,-0.32708917555246136,1.026393850704069,1.843964886561929,1.235507208355005,-1.258633502027055
3386.0,-0.32508267034156935,-0.32686333262060363,1.0257962623502808,1.8445834288340455,1.2377718627988104,-1.2412007167939167
3387.0,-0.3247922221953139,-0.32663748968874584,1.0251986739964924,1.8452019711061622,1.240036517242616,-1.2237679315607781
3388.0,-0.32450177404905844,-0.3264116467568881,1.0246010856427044,1.8458205133782788,1.2423011716864214,-1.20633514632764
3389.0,-0.324211325902803,-0.3261858038250303,1.024003497288916,1.8464390556503953,1.2445658261302268,-1.1889023610945018
3390.0,-0.32392087775654754,-0.32595996089317253,1.0234059089351277,1.8470575979225121,1.2468304805740322,-1.1714695758613636
3391.0,-0.3236304296102921,-0.3257341179613148,1.0228083205813394,1.8476761401946287,1.2490951350178379,-1.1540367906282252
3392.0,-0.32333998146403664,-0.325508275029457,1.0222107322275513,1.8482946824667454,1.2513597894616433,-1.136604005395087
3393.0,-0.3230495333177812,-0.32528243209759927,1.021613143873763,1.848913224738862,1.253624443905449,-1.1191712201619486
3394.0,-0.32275908517152574,-0.3250565891657415,1.0210155555199747,1.8495317670109785,1.2558890983492543,-1.1017384349288104
3395.0,-0.32246863702527023,-0.32483074623388375,1.0204179671661866,1.8501503092830953,1.2581537527930597,-1.0843056496956722
3396.0,-0.3221781888790148,-0.32460490330202596,1.0198203788123983,1.8507688515552119,1.2604184072368654,-1.0668728644625338
3397.0,-0.32188774073275933,-0.32437906037016817,1.01922279045861,1.8513873938273286,1.2626830616806708,-1.0494400792293956
3398.0,-0.3215972925865039,-0.32415321743831044,1.0186252021048217,1.8520059360994452,1.2649477161244764,-1.0320072939962572
3399.0,-0.32130684444024843,-0.32392737450645265,1.0180276137510336,1.8526244783715617,1.2672123705682818,-1.014574508763119
3400.0,-0.321016396293993,-0.32370153157459486,1.0174300253972453,1.8532430206436785,1.2694770250120873,-0.9971417235299807
3401.0,-0.3207259481477375,-0.3234756886427371,1.016832437043457,1.853861562915795,1.271741679455893,-0.9797089382968425
3402.0,-0.3204355000014821,-0.32324984571087934,1.0162348486896686,1.8544801051879118,1.2740063338996983,-0.9622761530637043
3403.0,-0.3201450518552266,-0.3230240027790216,1.0156372603358805,1.8550986474600284,1.2762709883435037,-0.9448433678305659
3404.0,-0.3198546037089711,-0.3227981598471638,1.0150396719820922,1.855717189732145,1.2785356427873094,-0.9274105825974277
3405.0,-0.31956415556271567,-0.322572316915306,1.014442083628304,1.8563357320042617,1.2808002972311148,-0.9099777973642893
3406.0,-0.3192737074164602,-0.3223464739834483,1.0138444952745158,1.8569542742763783,1.2830649516749204,-0.8925450121311511
3407.0,-0.31898325927020477,-0.3221206310515905,1.0132469069207275,1.857572816548495,1.2853296061187258,-0.8751122268980129
3408.0,-0.3186928111239493,-0.32189478811973277,1.0126493185669392,1.8581913588206116,1.2875942605625312,-0.8576794416648745
3409.0,-0.31840236297769386,-0.321668945187875,1.0120517302131509,1.8588099010927281,1.2898589150063366,-0.8402466564317363
3410.0,-0.3181119148314384,-0.3214431022560172,1.0114541418593628,1.859428443364845,1.2921235694501423,-0.822813871198598
3411.0,-0.31782146668518296,-0.32121725932415945,1.0108565535055745,1.8600469856369615,1.294388223893948,-0.8053810859654598
3412.0,-0.3175310185389275,-0.32099141639230167,1.0102589651517861,1.8606655279090782,1.2966528783377533,-0.7879483007323214
3413.0,-0.31724057039267206,-0.32076557346044393,1.009661376797998,1.8612840701811948,1.2989175327815587,-0.7705155154991834
3414.0,-0.31695012224641655,-0.32053973052858614,1.0090637884442097,1.8619026124533113,1.3011821872253644,-0.7530827302660446
3415.0,-0.3166596741001611,-0.3203138875967284,1.0084662000904214,1.8625211547254281,1.3034468416691698,-0.7356499450329066
3416.0,-0.31636922595390565,-0.3200880446648706,1.0078686117366331,1.8631396969975447,1.3057114961129752,-0.7182171597997682
3417.0,-0.3160787778076502,-0.31986220173301283,1.007271023382845,1.8637582392696614,1.3079761505567808,-0.7007843745666302
3418.0,-0.31578832966139475,-0.3196363588011551,1.0066734350290567,1.864376781541778,1.3102408050005863,-0.6833515893334918
3419.0,-0.3154978815151393,-0.3194105158692973,1.0060758466752684,1.8649953238138945,1.3125054594443917,-0.6659188041003534
3420.0,-0.31520743336888385,-0.3191846729374396,1.0054782583214803,1.8656138660860113,1.3147701138881973,-0.648486018867215
3421.0,-0.3149169852226284,-0.3189588300055818,1.004880669967692,1.8662324083581279,1.3170347683320027,-0.6310532336340771
3422.0,-0.3146265370763729,-0.318732987073724,1.0042830816139037,1.8668509506302446,1.3192994227758081,-0.6136204484009387
3423.0,-0.31433608893011744,-0.31850714414186626,1.0036854932601154,1.8674694929023612,1.3215640772196138,-0.5961876631678003
3424.0,-0.314045640783862,-0.31828130121000847,1.0030879049063273,1.8680880351744777,1.3238287316634192,-0.5787548779346618
3425.0,-0.31375519263760654,-0.31805545827815074,1.002490316552539,1.8687065774465945,1.3260933861072248,-0.5613220927015239
3426.0,-0.3134647444913511,-0.31782961534629295,1.0018927281987506,1.869325119718711,1.3283580405510302,-0.5438893074683855
3427.0,-0.31317429634509564,-0.31760377241443516,1.0012951398449625,1.8699436619908276,1.3306226949948357,-0.5264565222352475
3428.0,-0.3128838481988402,-0.3173779294825774,1.0006975514911742,1.8705622042629444,1.3328873494386413,-0.5090237370021091
3429.0,-0.31259340005258474,-0.31715208655071964,1.000099963137386,1.871180746535061,1.3351520038824467,-0.4915909517689707
3430.0,-0.3123029519063293,-0.3169262436188619,0.9995023747835977,1.8717992888071777,1.3374166583262523,-0.4741581665358323
3431.0,-0.31201250376007383,-0.3167004006870041,0.9989047864298094,1.8724178310792943,1.3396813127700578,-0.45672538130269436
3432.0,-0.3117220556138183,-0.3164745577551463,0.9983071980760212,1.873036373351411,1.3419459672138632,-0.43929259606955595
3433.0,-0.3114316074675629,-0.3162487148232886,0.9977096097222329,1.8736549156235276,1.3442106216576688,-0.42185981083641755
3434.0,-0.3111411593213074,-0.3160228718914308,0.9971120213684447,1.8742734578956441,1.3464752761014742,-0.4044270256032796
3435.0,-0.310850711175052,-0.31579702895957307,0.9965144330146565,1.874892000167761,1.3487399305452796,-0.3869942403701412
3436.0,-0.3105602630287965,-0.3155711860277153,0.9959168446608682,1.8755105424398775,1.3510045849890853,-0.3695614551370028
3437.0,-0.3102698148825411,-0.3153453430958575,0.99531925630708,1.876129084711994,1.3532692394328907,-0.3521286699038644
3438.0,-0.3099793667362856,-0.31511950016399976,0.9947216679532916,1.8767476269841108,1.355533893876696,-0.3346958846707264
3439.0,-0.30968891859003017,-0.31489365723214197,0.9941240795995034,1.8773661692562273,1.3577985483205017,-0.317263099437588
3440.0,-0.3093984704437747,-0.31466781430028423,0.9935264912457151,1.8779847115283441,1.3600632027643071,-0.2998303142044496
3441.0,-0.3091080222975192,-0.31444197136842644,0.9929289028919269,1.8786032538004607,1.3623278572081128,-0.2823975289713112
3442.0,-0.30881757415126376,-0.31421612843656865,0.9923313145381386,1.8792217960725774,1.3645925116519182,-0.26496474373817325
3443.0,-0.3085271260050083,-0.3139902855047109,0.9917337261843504,1.879840338344694,1.3668571660957236,-0.24753195850503484
3444.0,-0.30823667785875286,-0.31376444257285313,0.9911361378305622,1.8804588806168105,1.3691218205395292,-0.23009917327189688
3445.0,-0.3079462297124974,-0.3135385996409954,0.9905385494767739,1.8810774228889273,1.3713864749833347,-0.21266638803875848
3446.0,-0.30765578156624196,-0.3133127567091376,0.9899409611229857,1.8816959651610439,1.3736511294271403,-0.19523360280562008
3447.0,-0.3073653334199865,-0.3130869137772798,0.9893433727691974,1.8823145074331604,1.3759157838709457,-0.17780081757248167
3448.0,-0.30707488527373106,-0.3128610708454221,0.9887457844154092,1.8829330497052772,1.3781804383147511,-0.1603680323393437
3449.0,-0.3067844371274756,-0.3126352279135643,0.9881481960616209,1.8835515919773937,1.3804450927585568,-0.1429352471062053
3450.0,-0.30649398898122016,-0.31240938498170656,0.9875506077078327,1.8841701342495105,1.3827097472023622,-0.12550246187306735
3451.0,-0.30620354083496465,-0.3121835420498488,0.9869530193540443,1.884788676521627,1.3849744016461676,-0.1080696766399285
3452.0,-0.3059130926887092,-0.311957699117991,0.9863554310002561,1.8854072187937436,1.3872390560899732,-0.09063689140679054
3453.0,-0.30562264454245375,-0.31173185618613325,0.9857578426464679,1.8860257610658604,1.3895037105337786,-0.07320410617365214
3454.0,-0.3053321963961983,-0.31150601325427546,0.9851602542926796,1.886644303337977,1.391768364977584,-0.05577132094051418
3455.0,-0.30504174824994285,-0.3112801703224177,0.9845626659388914,1.8872628456100937,1.3940330194213897,-0.03833853570737533
3456.0,-0.3047513001036874,-0.31105432739055994,0.9839650775851031,1.8878813878822103,1.396297673865195,-0.020905750474237372
3457.0,-0.30446085195743194,-0.31082848445870215,0.9833674892313149,1.8884999301543268,1.3985623283090005,-0.0034729652410989686
3458.0,-0.3041704038111765,-0.3106026415268444,0.9827699008775266,1.8891184724264436,1.4008269827528061,0.013959819992038991
3459.0,-0.303879955664921,-0.3103767985949866,0.9821723125237384,1.8897370146985601,1.4030916371966116,0.031392605225177395
3460.0,-0.30358950751866554,-0.3101509556631289,0.9815747241699502,1.890355556970677,1.4053562916404172,0.0488253904583158
3461.0,-0.3032990593724101,-0.3099251127312711,0.9809771358161619,1.8909740992427935,1.4076209460842226,0.0662581756914542
3462.0,-0.30300861122615463,-0.3096992697994133,0.9803795474623737,1.89159264151491,1.4098856005280282,0.08369096092459216
3463.0,-0.3027181630798992,-0.3094734268675556,0.9797819591085853,1.8922111837870268,1.4121502549718337,0.10112374615773057
3464.0,-0.30242771493364373,-0.3092475839356978,0.9791843707547971,1.8928297260591433,1.414414909415639,0.11855653139086897
3465.0,-0.3021372667873883,-0.30902174100384006,0.9785867824010088,1.8934482683312601,1.4166795638594447,0.13598931662400693
3466.0,-0.30184681864113283,-0.30879589807198227,0.9779891940472206,1.8940668106033767,1.4189442183032501,0.15342210185714533
3467.0,-0.3015563704948774,-0.3085700551401245,0.9773916056934323,1.8946853528754932,1.4212088727470555,0.17085488709028418
3468.0,-0.30126592234862193,-0.30834421220826674,0.9767940173396441,1.89530389514761,1.4234735271908612,0.1882876723234217
3469.0,-0.3009754742023664,-0.30811836927640895,0.9761964289858558,1.8959224374197265,1.4257381816346666,0.20572045755656054
3470.0,-0.30068502605611097,-0.3078925263445512,0.9755988406320676,1.896540979691843,1.428002836078472,0.22315324278969806
3471.0,-0.3003945779098555,-0.30766668341269343,0.9750012522782794,1.8971595219639599,1.4302674905222776,0.2405860280228369
3472.0,-0.30010412976360007,-0.30744084048083564,0.9744036639244911,1.8977780642360764,1.432532144966083,0.2580188132559753
3473.0,-0.2998136816173446,-0.3072149975489779,0.9738060755707029,1.8983966065081932,1.4347967994098885,0.27545159848911327
3474.0,-0.29952323347108917,-0.3069891546171201,0.9732084872169146,1.8990151487803097,1.437061453853694,0.2928843837222517
3475.0,-0.2992327853248337,-0.3067633116852624,0.9726108988631263,1.8996336910524265,1.4393261082974995,0.31031716895538963
3476.0,-0.29894233717857827,-0.3065374687534046,0.972013310509338,1.900252233324543,1.441590762741305,0.32774995418852804
3477.0,-0.29865188903232276,-0.3063116258215468,0.9714157221555498,1.9008707755966596,1.4438554171851106,0.3451827394216669
3478.0,-0.2983614408860673,-0.3060857828896891,0.9708181338017616,1.9014893178687764,1.446120071628916,0.3626155246548044
3479.0,-0.29807099273981186,-0.3058599399578313,0.9702205454479733,1.902107860140893,1.4483847260727216,0.38004830988794325
3480.0,-0.2977805445935564,-0.30563409702597355,0.9696229570941851,1.9027264024130097,1.450649380516527,0.39748109512108165
3481.0,-0.29749009644730096,-0.30540825409411576,0.9690253687403968,1.9033449446851263,1.4529140349603327,0.4149138803542196
3482.0,-0.2971996483010455,-0.30518241116225797,0.9684277803866086,1.9039634869572428,1.455178689404138,0.432346665587358
3483.0,-0.29690920015479005,-0.30495656823040024,0.9678301920328203,1.9045820292293596,1.4574433438479435,0.449779450820496
3484.0,-0.2966187520085346,-0.30473072529854245,0.9672326036790321,1.9052005715014761,1.4597079982917491,0.4672122360536344
3485.0,-0.29632830386227915,-0.3045048823666847,0.9666350153252439,1.905819113773593,1.4619726527355545,0.4846450212867728
3486.0,-0.2960378557160237,-0.3042790394348269,0.9660374269714556,1.9064376560457095,1.46423730717936,0.5020778065199107
3487.0,-0.2957474075697682,-0.30405319650296914,0.9654398386176674,1.907056198317826,1.4665019616231656,0.5195105917530491
3488.0,-0.29545695942351274,-0.3038273535711114,0.964842250263879,1.9076747405899428,1.468766616066971,0.5369433769861871
3489.0,-0.2951665112772573,-0.3036015106392536,0.9642446619100908,1.9082932828620593,1.4710312705107764,0.554376162219326
3490.0,-0.29487606313100184,-0.3033756677073959,0.9636470735563025,1.9089118251341761,1.473295924954582,0.5718089474524644
3491.0,-0.2945856149847464,-0.3031498247755381,0.9630494852025143,1.9095303674062927,1.4755605793983875,0.5892417326856023
3492.0,-0.29429516683849094,-0.3029239818436803,0.9624518968487261,1.9101489096784092,1.477825233842193,0.6066745179187407
3493.0,-0.2940047186922355,-0.30269813891182257,0.9618543084949378,1.910767451950526,1.4800898882859985,0.6241073031518787
3494.0,-0.29371427054598004,-0.3024722959799648,0.9612567201411496,1.9113859942226425,1.482354542729804,0.6415400883850171
3495.0,-0.29342382239972453,-0.30224645304810704,0.9606591317873613,1.9120045364947593,1.4846191971736096,0.6589728736181555
3496.0,-0.2931333742534691,-0.30202061011624926,0.9600615434335731,1.9126230787668759,1.486883851617415,0.6764056588512934
3497.0,-0.29284292610721363,-0.30179476718439147,0.9594639550797848,1.9132416210389924,1.4891485060612206,0.6938384440844318
3498.0,-0.2925524779609582,-0.30156892425253373,0.9588663667259966,1.9138601633111092,1.491413160505026,0.7112712293175698
3499.0,-0.29226202981470273,-0.30134308132067594,0.9582687783722084,1.9144787055832257,1.4936778149488315,0.7287040145507087
3500.0,-0.2919715816684473,-0.3011172383888182,0.95767119001842,1.9150972478553423,1.495942469392637,0.7461367997838471
3501.0,-0.2916811335221918,-0.3008913954569604,0.9570736016646318,1.915715790127459,1.4982071238364425,0.763569585016985
3502.0,-0.2913906853759364,-0.30066555252510263,0.9564760133108435,1.9163343323995756,1.500471778280248,0.7810023702501234
3503.0,-0.2911002372296809,-0.3004397095932449,0.9558784249570553,1.9169528746716924,1.5027364327240536,0.7984351554832618
3504.0,-0.2908097890834255,-0.3002138666613871,0.955280836603267,1.917571416943809,1.505001087167859,0.8158679407163998
3505.0,-0.29051934093717,-0.2999880237295294,0.9546832482494788,1.9181899592159257,1.5072657416116644,0.8333007259495382
3506.0,-0.29022889279091457,-0.2997621807976716,0.9540856598956906,1.9188085014880423,1.50953039605547,0.8507335111826761
3507.0,-0.28993844464465907,-0.2995363378658138,0.9534880715419023,1.9194270437601588,1.5117950504992754,0.8681662964158146
3508.0,-0.2896479964984036,-0.29931049493395606,0.952890483188114,1.9200455860322756,1.514059704943081,0.8855990816489534
3509.0,-0.28935754835214816,-0.2990846520020983,0.9522928948343258,1.9206641283043921,1.5163243593868865,0.9030318668820914
3510.0,-0.2890671002058927,-0.29885880907024054,0.9516953064805376,1.9212826705765087,1.518589013830692,0.9204646521152298
3511.0,-0.28877665205963726,-0.29863296613838275,0.9510977181267493,1.9219012128486255,1.5208536682744973,0.9378974373483677
3512.0,-0.2884862039133818,-0.29840712320652496,0.950500129772961,1.922519755120742,1.523118322718303,0.9553302225815061
3513.0,-0.2881957557671263,-0.2981812802746672,0.9499025414191727,1.9231382973928588,1.5253829771621086,0.9727630078146445
3514.0,-0.28790530762087085,-0.29795543734280944,0.9493049530653845,1.9237568396649753,1.527647631605914,0.9901957930477825
3515.0,-0.2876148594746154,-0.2977295944109517,0.9487073647115962,1.924375381937092,1.5299122860497194,1.007628578280921
3516.0,-0.28732441132835995,-0.2975037514790939,0.948109776357808,1.9249939242092087,1.5321769404935248,1.0250613635140589
3517.0,-0.2870339631821045,-0.2972779085472361,0.9475121880040198,1.9256124664813252,1.5344415949373305,1.0424941487471973
3518.0,-0.28674351503584905,-0.2970520656153784,0.9469145996502315,1.926231008753442,1.5367062493811359,1.059926933980336
3519.0,-0.2864530668895936,-0.2968262226835206,0.9463170112964433,1.9268495510255585,1.5389709038249415,1.077359719213474
3520.0,-0.28616261874333815,-0.29660037975166287,0.945719422942655,1.927468093297675,1.541235558268747,1.0947925044466125
3521.0,-0.2858721705970827,-0.2963745368198051,0.9451218345888668,1.9280866355697919,1.5435002127125523,1.1122252896797504
3522.0,-0.28558172245082725,-0.29614869388794735,0.9445242462350785,1.9287051778419084,1.545764867156358,1.1296580749128888
3523.0,-0.2852912743045718,-0.29592285095608956,0.9439266578812903,1.9293237201140252,1.5480295216001634,1.1470908601460272
3524.0,-0.28500082615831634,-0.29569700802423177,0.9433290695275021,1.9299422623861417,1.5502941760439688,1.1645236453791652
3525.0,-0.28471037801206084,-0.29547116509237403,0.9427314811737137,1.9305608046582583,1.5525588304877744,1.1819564306123036
3526.0,-0.2844199298658054,-0.29524532216051624,0.9421338928199254,1.931179346930375,1.55482348493158,1.1993892158454424
3527.0,-0.28412948171954994,-0.2950194792286585,0.9415363044661372,1.9317978892024916,1.5570881393753853,1.2168220010785804
3528.0,-0.2838390335732945,-0.2947936362968007,0.940938716112349,1.9324164314746084,1.559352793819191,1.2342547863117188
3529.0,-0.28354858542703903,-0.29456779336494293,0.9403411277585607,1.933034973746725,1.5616174482629963,1.2516875715448563
3530.0,-0.2832581372807836,-0.2943419504330852,0.9397435394047725,1.9336535160188415,1.5638821027068017,1.2691203567779947
3531.0,-0.28296768913452813,-0.2941161075012274,0.9391459510509842,1.9342720582909583,1.5661467571506074,1.286553142011134
3532.0,-0.2826772409882727,-0.2938902645693697,0.938548362697196,1.9348906005630748,1.568411411594413,1.3039859272442715
3533.0,-0.2823867928420172,-0.2936644216375119,0.9379507743434077,1.9355091428351916,1.5706760660382184,1.32141871247741
3534.0,-0.2820963446957617,-0.29343857870565415,0.9373531859896195,1.9361276851073081,1.5729407204820238,1.3388514977105475
3535.0,-0.2818058965495063,-0.29321273577379636,0.9367555976358313,1.9367462273794247,1.5752053749258295,1.3562842829436867
3536.0,-0.2815154484032508,-0.2929868928419386,0.936158009282043,1.9373647696515415,1.5774700293696349,1.3737170681768252
3537.0,-0.28122500025699537,-0.29276104991008084,0.9355604209282548,1.937983311923658,1.5797346838134403,1.3911498534099627
3538.0,-0.2809345521107399,-0.29253520697822305,0.9349628325744664,1.9386018541957748,1.581999338257246,1.408582638643101
3539.0,-0.28064410396448447,-0.2923093640463653,0.9343652442206782,1.9392203964678913,1.5842639927010513,1.4260154238762395
3540.0,-0.280353655818229,-0.2920835211145075,0.9337676558668899,1.939838938740008,1.5865286471448568,1.4434482091093779
3541.0,-0.28006320767197357,-0.29185767818264974,0.9331700675131017,1.9404574810121247,1.5887933015886624,1.4608809943425163
3542.0,-0.2797727595257181,-0.291631835250792,0.9325724791593135,1.9410760232842412,1.5910579560324678,1.4783137795756538
3543.0,-0.27948231137946267,-0.2914059923189342,0.9319748908055252,1.9416945655563578,1.5933226104762732,1.495746564808793
3544.0,-0.27919186323320716,-0.2911801493870764,0.9313773024517369,1.9423131078284745,1.5955872649200789,1.5131793500419315
3545.0,-0.2789014150869517,-0.2909543064552187,0.9307797140979487,1.942931650100591,1.5978519193638845,1.530612135275069
3546.0,-0.27861096694069626,-0.2907284635233609,0.9301821257441605,1.9435501923727079,1.60011657380769,1.5480449205082074
3547.0,-0.2783205187944408,-0.29050262059150317,0.9295845373903722,1.9441687346448244,1.6023812282514953,1.5654777057413458
3548.0,-0.27803007064818536,-0.2902767776596454,0.928986949036584,1.9447872769169412,1.604645882695301,1.5829104909744842
3549.0,-0.2777396225019299,-0.2900509347277876,0.9283893606827958,1.9454058191890578,1.6069105371391064,1.6003432762076226
3550.0,-0.27744917435567445,-0.28982509179592986,0.9277917723290074,1.9460243614611743,1.6091751915829118,1.6177760614407601
3551.0,-0.27715872620941895,-0.28959924886407207,0.9271941839752191,1.946642903733291,1.6114398460267174,1.6352088466738994
3552.0,-0.2768682780631635,-0.28937340593221433,0.9265965956214309,1.9472614460054076,1.6137045004705228,1.652641631907037
3553.0,-0.27657782991690805,-0.28914756300035654,0.9259990072676427,1.9478799882775242,1.6159691549143282,1.6700744171401753
3554.0,-0.2762873817706526,-0.28892172006849876,0.9254014189138544,1.948498530549641,1.6182338093581339,1.6875072023733138
3555.0,-0.27599693362439714,-0.288695877136641,0.9248038305600662,1.9491170728217575,1.6204984638019393,1.7049399876064522
3556.0,-0.2757064854781417,-0.28847003420478323,0.924206242206278,1.9497356150938743,1.6227631182457447,1.7223727728395906
3557.0,-0.27541603733188624,-0.2882441912729255,0.9236086538524897,1.9503541573659908,1.6250277726895503,1.739805558072728
3558.0,-0.2751255891856308,-0.2880183483410677,0.9230110654987014,1.9509726996381076,1.6272924271333558,1.7572383433058665
3559.0,-0.27483514103937534,-0.2877925054092099,0.9224134771449132,1.9515912419102242,1.6295570815771612,1.7746711285390049
3560.0,-0.2745446928931199,-0.2875666624773522,0.921815888791125,1.9522097841823407,1.6318217360209668,1.7921039137721433
3561.0,-0.27425424474686444,-0.2873408195454944,0.9212183004373367,1.9528283264544575,1.6340863904647724,1.8095366990052817
3562.0,-0.273963796600609,-0.28711497661363666,0.9206207120835485,1.953446868726574,1.6363510449085776,1.8269694842384192
3563.0,-0.2736733484543535,-0.2868891336817789,0.9200231237297603,1.9540654109986906,1.6386156993523833,1.8444022694715585
3564.0,-0.27338290030809803,-0.2866632907499211,0.9194255353759719,1.9546839532708074,1.640880353796189,1.861835054704697
3565.0,-0.2730924521618426,-0.28643744781806335,0.9188279470221836,1.955302495542924,1.643145008239994,1.8792678399378344
3566.0,-0.27280200401558713,-0.28621160488620556,0.9182303586683954,1.9559210378150407,1.6454096626837997,1.8967006251709728
3567.0,-0.2725115558693317,-0.28598576195434783,0.9176327703146072,1.9565395800871572,1.6476743171276054,1.9141334104041112
3568.0,-0.2722211077230762,-0.28575991902249004,0.9170351819608189,1.9571581223592738,1.6499389715714108,1.9315661956372496
3569.0,-0.2719306595768207,-0.28553407609063225,0.9164375936070307,1.9577766646313906,1.6522036260152162,1.948998980870388
3570.0,-0.27164021143056527,-0.2853082331587745,0.9158400052532425,1.958395206903507,1.6544682804590218,1.9664317661035255
3571.0,-0.2713497632843098,-0.2850823902269167,0.9152424168994542,1.9590137491756239,1.6567329349028272,1.983864551336664
3572.0,-0.27105931513805437,-0.284856547295059,0.9146448285456659,1.9596322914477404,1.6589975893466327,2.0012973365698032
3573.0,-0.2707688669917989,-0.2846307043632012,0.9140472401918777,1.960250833719857,1.6612622437904383,2.0187301218029408
3574.0,-0.27047841884554347,-0.28440486143134347,0.9134496518380895,1.9608693759919738,1.6635268982342437,2.036162907036079
3575.0,-0.270187970699288,-0.2841790184994857,0.9128520634843011,1.9614879182640903,1.6657915526780491,2.0535956922692176
3576.0,-0.26989752255303257,-0.2839531755676279,0.9122544751305129,1.962106460536207,1.6680562071218548,2.071028477502356
3577.0,-0.2696070744067771,-0.28372733263577016,0.9116568867767246,1.9627250028083236,1.6703208615656604,2.0884612627354944
3578.0,-0.26931662626052166,-0.28350148970391237,0.9110592984229364,1.9633435450804402,1.6725855160094656,2.105894047968632
3579.0,-0.2690261781142662,-0.28327564677205463,0.9104617100691481,1.963962087352557,1.6748501704532712,2.1233268332017703
3580.0,-0.26873572996801076,-0.28304980384019685,0.9098641217153599,1.9645806296246735,1.6771148248970766,2.1407596184349087
3581.0,-0.26844528182175525,-0.28282396090833906,0.9092665333615717,1.9651991718967903,1.679379479340882,2.158192403668047
3582.0,-0.2681548336754998,-0.2825981179764813,0.9086689450077834,1.9658177141689068,1.6816441337846877,2.1756251889011855
3583.0,-0.26786438552924435,-0.28237227504462353,0.9080713566539952,1.9664362564410234,1.6839087882284933,2.193057974134324
3584.0,-0.2675739373829889,-0.2821464321127658,0.9074737683002069,1.9670547987131402,1.6861734426722987,2.2104907593674623
3585.0,-0.26728348923673345,-0.281920589180908,0.9068761799464187,1.9676733409852567,1.6884380971161042,2.2279235446006007
3586.0,-0.266993041090478,-0.2816947462490502,0.9062785915926304,1.9682918832573733,1.6907027515599098,2.2453563298337382
3587.0,-0.2667025929442225,-0.2814689033171925,0.9056810032388422,1.96891042552949,1.6929674060037152,2.2627891150668766
3588.0,-0.26641214479796704,-0.2812430603853347,0.905083414885054,1.9695289678016066,1.6952320604475206,2.280221900300015
3589.0,-0.2661216966517116,-0.28101721745347696,0.9044858265312656,1.9701475100737234,1.6974967148913263,2.2976546855331534
3590.0,-0.26583124850545614,-0.2807913745216192,0.9038882381774773,1.97076605234584,1.6997613693351319,2.315087470766292
3591.0,-0.2655408003592007,-0.2805655315897614,0.9032906498236891,1.9713845946179567,1.702026023778937,2.3325202559994294
3592.0,-0.26525035221294524,-0.28033968865790365,0.9026930614699009,1.9720031368900732,1.7042906782227427,2.3499530412325687
3593.0,-0.2649599040666898,-0.28011384572604586,0.9020954731161126,1.9726216791621898,1.7065553326665481,2.367385826465706
3594.0,-0.26466945592043434,-0.27988800279418813,0.9014978847623244,1.9732402214343066,1.7088199871103535,2.3848186116988446
3595.0,-0.2643790077741789,-0.27966215986233034,0.9009002964085361,1.973858763706423,1.7110846415541592,2.402251396931983
3596.0,-0.26408855962792344,-0.27943631693047255,0.9003027080547479,1.9744773059785397,1.7133492959979646,2.4196841821651214
3597.0,-0.263798111481668,-0.2792104739986148,0.8997051197009596,1.9750958482506564,1.7156139504417702,2.43711696739826
3598.0,-0.26350766333541253,-0.278984631066757,0.8991075313471714,1.975714390522773,1.7178786048855756,2.4545497526313973
3599.0,-0.263217215189157,-0.2787587881348993,0.8985099429933832,1.9763329327948898,1.7201432593293813,2.4719825378645357
3600.0,-0.2629267670429016,-0.2785329452030415,0.8979123546395948,1.9769514750670063,1.7224079137731867,2.489415323097675
3601.0,-0.2626363188966461,-0.2783071022711837,0.8973147662858066,1.977570017339123,1.724672568216992,2.5068481083308125
3602.0,-0.2623458707503907,-0.278081259339326,0.8967171779320183,1.9781885596112396,1.7269372226607977,2.524280893563951
3603.0,-0.2620554226041352,-0.2778554164074682,0.8961195895782301,1.9788071018833562,1.729201877104603,2.5417136787970884
3604.0,-0.2617649744578798,-0.27762957347561046,0.8955220012244418,1.979425644155473,1.7314665315484086,2.5591464640302277
3605.0,-0.2614745263116243,-0.27740373054375267,0.8949244128706536,1.9800441864275895,1.7337311859922142,2.576579249263366
3606.0,-0.26118407816536887,-0.2771778876118949,0.8943268245168654,1.980662728699706,1.7359958404360196,2.5940120344965036
3607.0,-0.26089363001911337,-0.27695204468003715,0.8937292361630771,1.9812812709718228,1.738260494879825,2.611444819729642
3608.0,-0.2606031818728579,-0.27672620174817936,0.8931316478092888,1.9818998132439394,1.7405251493236307,2.6288776049627804
3609.0,-0.26031273372660246,-0.2765003588163216,0.8925340594555006,1.9825183555160562,1.742789803767436,2.646310390195919
3610.0,-0.260022285580347,-0.27627451588446383,0.8919364711017124,1.9831368977881727,1.7450544582112415,2.6637431754290573
3611.0,-0.25973183743409156,-0.27604867295260604,0.891338882747924,1.9837554400602893,1.7473191126550471,2.6811759606621948
3612.0,-0.2594413892878361,-0.2758228300207483,0.8907412943941359,1.984373982332406,1.7495837670988528,2.698608745895334
3613.0,-0.25915094114158066,-0.2755969870888905,0.8901437060403476,1.9849925246045226,1.7518484215426582,2.7160415311284725
3614.0,-0.2588604929953252,-0.2753711441570328,0.8895461176865593,1.9856110668766394,1.7541130759864636,2.73347431636161
3615.0,-0.25857004484906976,-0.275145301225175,0.888948529332771,1.986229609148756,1.7563777304302692,2.7509071015947484
3616.0,-0.2582795967028143,-0.2749194582933172,0.8883509409789828,1.9868481514208725,1.7586423848740744,2.768339886827887
3617.0,-0.25798914855655886,-0.2746936153614595,0.8877533526251946,1.9874666936929892,1.76090703931788,2.785772672061025
3618.0,-0.25769870041030335,-0.2744677724296017,0.8871557642714063,1.9880852359651058,1.7631716937616857,2.8032054572941636
3619.0,-0.2574082522640479,-0.27424192949774395,0.8865581759176181,1.9887037782372226,1.7654363482054911,2.820638242527301
3620.0,-0.25711780411779245,-0.27401608656588616,0.8859605875638298,1.989322320509339,1.7677010026492965,2.8380710277604404
3621.0,-0.256827355971537,-0.2737902436340284,0.8853629992100416,1.9899408627814557,1.7699656570931022,2.855503812993578
3622.0,-0.25653690782528155,-0.27356440070217064,0.8847654108562533,1.9905594050535724,1.7722303115369076,2.8729365982267163
3623.0,-0.2562464596790261,-0.27333855777031285,0.8841678225024651,1.991177947325689,1.774494965980713,2.8903693834598547
3624.0,-0.25595601153277064,-0.2731127148384551,0.8835702341486769,1.9917964895978058,1.7767596204245186,2.907802168692993
3625.0,-0.25566556338651514,-0.27288687190659733,0.8829726457948885,1.9924150318699223,1.779024274868324,2.9252349539261315
3626.0,-0.2553751152402597,-0.27266102897473954,0.8823750574411003,1.9930335741420389,1.7812889293121295,2.942667739159269
3627.0,-0.25508466709400424,-0.2724351860428818,0.881777469087312,1.9936521164141556,1.783553583755935,2.9601005243924075
3628.0,-0.2547942189477488,-0.272209343111024,0.8811798807335238,1.9942706586862722,1.7858182381997407,2.977533309625546
3629.0,-0.25450377080149333,-0.2719835001791663,0.8805822923797355,1.994889200958389,1.788082892643546,2.9949660948586843
3630.0,-0.2542133226552379,-0.2717576572473085,0.8799847040259473,1.9955077432305055,1.7903475470873516,3.0123988800918227
3631.0,-0.2542133226552379,-0.2717576572473085,0.8799847040259473,1.9955077432305055,1.7903475470873516,3.0123988800918227
3632.0,-0.26925559749407624,-0.2546037034814439,0.8642528550348135,1.9921995659919545,1.8032447417476625,3.0044303997182014
3633.0,-0.28429787233291465,-0.23744974971557936,0.8485210060436796,1.9888913887534037,1.8161419364079732,2.9964619193445805
3634.0,-0.299340147171753,-0.2202957959497148,0.8327891570525459,1.9855832115148526,1.829039131068284,2.988493438970959
3635.0,-0.299340147171753,-0.2202957959497148,0.8327891570525459,1.9855832115148526,1.829039131068284,2.988493438970959
3636.0,-0.29962341725334707,-0.22052724916471222,0.8333439804680178,1.9850720370566235,1.8267632610334898,2.9710474984626347
3637.0,-0.2999066873349411,-0.22075870237970963,0.8338988038834898,1.9845608625983944,1.8244873909986956,2.9536015579543102
3638.0,-0.30018995741653515,-0.22099015559470706,0.8344536272989618,1.9840496881401652,1.8222115209639014,2.9361556174459857
3639.0,-0.30047322749812916,-0.22122160880970448,0.8350084507144339,1.983538513681936,1.8199356509291071,2.9187096769376613
3640.0,-0.3007564975797232,-0.22145306202470189,0.8355632741299058,1.9830273392237068,1.817659780894313,2.9012637364293368
3641.0,-0.30103976766131724,-0.22168451523969931,0.8361180975453778,1.9825161647654777,1.8153839108595187,2.8838177959210127
3642.0,-0.3013230377429113,-0.22191596845469672,0.8366729209608498,1.9820049903072485,1.8131080408247244,2.8663718554126882
3643.0,-0.3016063078245053,-0.22214742166969415,0.8372277443763217,1.9814938158490194,1.8108321707899302,2.8489259149043638
3644.0,-0.3018895779060994,-0.22237887488469157,0.8377825677917937,1.9809826413907903,1.808556300755136,2.8314799743960393
3645.0,-0.30217284798769345,-0.22261032809968898,0.8383373912072657,1.9804714669325612,1.8062804307203417,2.814034033887715
3646.0,-0.30245611806928746,-0.2228417813146864,0.8388922146227378,1.9799602924743318,1.8040045606855475,2.7965880933793903
3647.0,-0.3027393881508815,-0.22307323452968383,0.8394470380382097,1.9794491180161027,1.8017286906507533,2.779142152871066
3648.0,-0.30302265823247554,-0.22330468774468124,0.8400018614536817,1.9789379435578736,1.799452820615959,2.7616962123627413
3649.0,-0.3033059283140696,-0.22353614095967866,0.8405566848691537,1.9784267690996444,1.7971769505811648,2.744250271854417
3650.0,-0.3035891983956636,-0.22376759417467607,0.8411115082846257,1.9779155946414153,1.7949010805463705,2.7268043313460923
3651.0,-0.3038724684772577,-0.2239990473896735,0.8416663317000976,1.9774044201831862,1.7926252105115763,2.7093583908377683
3652.0,-0.30415573855885175,-0.22423050060467092,0.8422211551155696,1.976893245724957,1.790349340476782,2.691912450329444
3653.0,-0.30443900864044576,-0.22446195381966833,0.8427759785310416,1.9763820712667277,1.7880734704419878,2.6744665098211193
3654.0,-0.30472227872203983,-0.22469340703466575,0.8433308019465137,1.9758708968084986,1.7857976004071936,2.657020569312795
3655.0,-0.30500554880363384,-0.22492486024966318,0.8438856253619856,1.9753597223502695,1.7835217303723994,2.6395746288044704
3656.0,-0.3052888188852279,-0.22515631346466058,0.8444404487774576,1.9748485478920403,1.7812458603376051,2.622128688296146
3657.0,-0.3055720889668219,-0.225387766679658,0.8449952721929296,1.9743373734338112,1.7789699903028109,2.6046827477878214
3658.0,-0.305855359048416,-0.22561921989465542,0.8455500956084016,1.973826198975582,1.7766941202680167,2.587236807279497
3659.0,-0.30613862913001,-0.22585067310965284,0.8461049190238735,1.973315024517353,1.7744182502332224,2.5697908667711724
3660.0,-0.30642189921160407,-0.22608212632465027,0.8466597424393455,1.9728038500591236,1.7721423801984282,2.552344926262848
3661.0,-0.30670516929319813,-0.22631357953964767,0.8472145658548176,1.9722926756008945,1.769866510163634,2.5348989857545234
3662.0,-0.30698843937479214,-0.2265450327546451,0.8477693892702896,1.9717815011426654,1.7675906401288397,2.5174530452461994
3663.0,-0.3072717094563862,-0.22677648596964253,0.8483242126857615,1.9712703266844362,1.7653147700940455,2.500007104737875
3664.0,-0.3075549795379802,-0.22700793918463993,0.8488790361012335,1.9707591522262071,1.7630389000592512,2.4825611642295504
3665.0,-0.3078382496195743,-0.22723939239963736,0.8494338595167055,1.970247977767978,1.760763030024457,2.465115223721226
3666.0,-0.3081215197011683,-0.22747084561463476,0.8499886829321774,1.9697368033097489,1.7584871599896628,2.4476692832129014
3667.0,-0.30840478978276237,-0.2277022988296322,0.8505435063476494,1.9692256288515195,1.7562112899548685,2.430223342704577
3668.0,-0.30868805986435643,-0.22793375204462962,0.8510983297631215,1.9687144543932904,1.7539354199200743,2.4127774021962525
3669.0,-0.30897132994595045,-0.22816520525962702,0.8516531531785935,1.9682032799350613,1.75165954988528,2.395331461687928
3670.0,-0.3092546000275445,-0.22839665847462445,0.8522079765940654,1.9676921054768322,1.7493836798504858,2.3778855211796035
3671.0,-0.3095378701091385,-0.22862811168962188,0.8527628000095374,1.967180931018603,1.7471078098156916,2.360439580671279
3672.0,-0.3098211401907326,-0.22885956490461928,0.8533176234250094,1.966669756560374,1.7448319397808973,2.3429936401629545
3673.0,-0.3101044102723266,-0.2290910181196167,0.8538724468404814,1.9661585821021448,1.742556069746103,2.3255476996546305
3674.0,-0.31038768035392067,-0.22932247133461414,0.8544272702559533,1.9656474076439157,1.7402801997113089,2.308101759146306
3675.0,-0.3106709504355147,-0.22955392454961154,0.8549820936714254,1.9651362331856863,1.7380043296765146,2.2906558186379815
3676.0,-0.31095422051710875,-0.22978537776460897,0.8555369170868974,1.9646250587274572,1.7357284596417204,2.273209878129657
3677.0,-0.3112374905987028,-0.23001683097960637,0.8560917405023694,1.964113884269228,1.7334525896069262,2.2557639376213325
3678.0,-0.3115207606802968,-0.2302482841946038,0.8566465639178413,1.963602709810999,1.731176719572132,2.238317997113008
3679.0,-0.3118040307618909,-0.23047973740960123,0.8572013873333133,1.9630915353527698,1.7289008495373377,2.2208720566046836
3680.0,-0.3120873008434849,-0.23071119062459863,0.8577562107487853,1.9625803608945407,1.7266249795025435,2.203426116096359
3681.0,-0.31237057092507897,-0.23094264383959606,0.8583110341642572,1.9620691864363116,1.7243491094677492,2.1859801755880346
3682.0,-0.312653841006673,-0.23117409705459346,0.8588658575797292,1.9615580119780822,1.722073239432955,2.16853423507971
3683.0,-0.31293711108826705,-0.2314055502695909,0.8594206809952013,1.961046837519853,1.7197973693981607,2.1510882945713856
3684.0,-0.31322038116986106,-0.23163700348458832,0.8599755044106733,1.960535663061624,1.7175214993633665,2.1336423540630616
3685.0,-0.31350365125145513,-0.23186845669958572,0.8605303278261452,1.9600244886033948,1.7152456293285723,2.116196413554737
3686.0,-0.3137869213330492,-0.23209990991458315,0.8610851512416172,1.9595133141451657,1.712969759293778,2.0987504730464126
3687.0,-0.3140701914146432,-0.23233136312958058,0.8616399746570892,1.9590021396869366,1.7106938892589838,2.081304532538088
3688.0,-0.3143534614962373,-0.23256281634457798,0.8621947980725612,1.9584909652287075,1.7084180192241896,2.0638585920297636
3689.0,-0.3146367315778313,-0.2327942695595754,0.8627496214880331,1.9579797907704781,1.7061421491893953,2.046412651521439
3690.0,-0.31492000165942535,-0.23302572277457284,0.8633044449035052,1.957468616312249,1.7038662791546009,2.0289667110131147
3691.0,-0.31520327174101936,-0.23325717598957024,0.8638592683189772,1.9569574418540199,1.7015904091198069,2.0115207705047906
3692.0,-0.31548654182261343,-0.23348862920456767,0.8644140917344492,1.9564462673957908,1.6993145390850124,1.9940748299964657
3693.0,-0.3157698119042075,-0.23372008241956507,0.8649689151499211,1.9559350929375616,1.6970386690502184,1.9766288894881414
3694.0,-0.3160530819858015,-0.2339515356345625,0.8655237385653931,1.9554239184793325,1.694762799015424,1.959182948979817
3695.0,-0.3163363520673956,-0.23418298884955993,0.8660785619808651,1.9549127440211034,1.69248692898063,1.9417370084714924
3696.0,-0.3166196221489896,-0.23441444206455733,0.866633385396337,1.954401569562874,1.6902110589458355,1.924291067963168
3697.0,-0.31690289223058365,-0.23464589527955476,0.8671882088118091,1.953890395104645,1.6879351889110414,1.9068451274548437
3698.0,-0.31718616231217767,-0.2348773484945522,0.8677430322272811,1.9533792206464158,1.685659318876247,1.889399186946519
3699.0,-0.31746943239377173,-0.2351088017095496,0.8682978556427531,1.9528680461881867,1.6833834488414527,1.8719532464381947
3700.0,-0.3177527024753658,-0.23534025492454702,0.868852679058225,1.9523568717299575,1.6811075788066585,1.8545073059298702
3701.0,-0.3180359725569598,-0.23557170813954442,0.869407502473697,1.9518456972717284,1.6788317087718643,1.8370613654215457
3702.0,-0.3183192426385539,-0.23580316135454185,0.869962325889169,1.9513345228134993,1.67655583873707,1.8196154249132215
3703.0,-0.3186025127201479,-0.23603461456953928,0.870517149304641,1.95082334835527,1.6742799687022758,1.802169484404897
3704.0,-0.31888578280174196,-0.23626606778453668,0.871071972720113,1.9503121738970408,1.6720040986674816,1.7847235438965725
3705.0,-0.31916905288333597,-0.2364975209995341,0.871626796135585,1.9498009994388117,1.6697282286326873,1.767277603388248
3706.0,-0.31945232296493004,-0.23672897421453154,0.872181619551057,1.9492898249805826,1.667452358597893,1.7498316628799235
3707.0,-0.31973559304652405,-0.23696042742952894,0.872736442966529,1.9487786505223534,1.6651764885630989,1.732385722371599
3708.0,-0.3200188631281181,-0.23719188064452637,0.8732912663820009,1.9482674760641243,1.6629006185283046,1.7149397818632748
3709.0,-0.3203021332097122,-0.23742333385952377,0.8738460897974729,1.9477563016058952,1.6606247484935104,1.6974938413549503
3710.0,-0.3205854032913062,-0.2376547870745212,0.8744009132129449,1.9472451271476658,1.6583488784587161,1.6800479008466258
3711.0,-0.32086867337290026,-0.23788624028951863,0.8749557366284169,1.9467339526894367,1.656073008423922,1.6626019603383013
3712.0,-0.32115194345449427,-0.23811769350451603,0.8755105600438889,1.9462227782312076,1.6537971383891277,1.6451560198299768
3713.0,-0.32143521353608834,-0.23834914671951346,0.8760653834593609,1.9457116037729785,1.6515212683543334,1.6277100793216526
3714.0,-0.32171848361768235,-0.2385805999345109,0.8766202068748329,1.9452004293147493,1.6492453983195392,1.6102641388133279
3715.0,-0.3220017536992764,-0.2388120531495083,0.8771750302903049,1.9446892548565202,1.646969528284745,1.5928181983050036
3716.0,-0.3222850237808704,-0.23904350636450572,0.8777298537057768,1.944178080398291,1.6446936582499507,1.575372257796679
3717.0,-0.3225682938624645,-0.23927495957950312,0.8782846771212488,1.9436669059400618,1.6424177882151565,1.5579263172883546
3718.0,-0.32285156394405856,-0.23950641279450055,0.8788395005367208,1.9431557314818326,1.6401419181803623,1.5404803767800304
3719.0,-0.3231348340256526,-0.23973786600949798,0.8793943239521929,1.9426445570236035,1.637866048145568,1.5230344362717059
3720.0,-0.32341810410724664,-0.23996931922449538,0.8799491473676648,1.9421333825653744,1.6355901781107738,1.5055884957633812
3721.0,-0.32370137418884065,-0.2402007724394928,0.8805039707831368,1.9416222081071453,1.6333143080759795,1.488142555255057
3722.0,-0.3239846442704347,-0.24043222565449024,0.8810587941986088,1.9411110336489161,1.6310384380411853,1.4706966147467324
3723.0,-0.32426791435202873,-0.24066367886948764,0.8816136176140807,1.940599859190687,1.628762568006391,1.4532506742384081
3724.0,-0.3245511844336228,-0.24089513208448507,0.8821684410295527,1.9400886847324577,1.6264866979715968,1.4358047337300837
3725.0,-0.32483445451521686,-0.2411265852994825,0.8827232644450247,1.9395775102742285,1.6242108279368026,1.418358793221759
3726.0,-0.3251177245968109,-0.2413580385144799,0.8832780878604968,1.9390663358159994,1.6219349579020084,1.4009128527134347
3727.0,-0.32540099467840494,-0.24158949172947733,0.8838329112759687,1.9385551613577703,1.6196590878672141,1.3834669122051102
3728.0,-0.32568426475999895,-0.24182094494447473,0.8843877346914407,1.9380439868995412,1.61738321783242,1.366020971696786
3729.0,-0.325967534841593,-0.24205239815947216,0.8849425581069127,1.937532812441312,1.6151073477976257,1.3485750311884612
3730.0,-0.32625080492318703,-0.2422838513744696,0.8854973815223847,1.937021637983083,1.6128314777628314,1.3311290906801367
3731.0,-0.3265340750047811,-0.242515304589467,0.8860522049378566,1.9365104635248536,1.6105556077280372,1.3136831501718125
3732.0,-0.3268173450863751,-0.24274675780446442,0.8866070283533286,1.9359992890666244,1.608279737693243,1.296237209663488
3733.0,-0.3271006151679692,-0.24297821101946182,0.8871618517688007,1.9354881146083953,1.6060038676584487,1.2787912691551637
3734.0,-0.32738388524956324,-0.24320966423445925,0.8877166751842727,1.9349769401501662,1.6037279976236545,1.261345328646839
3735.0,-0.32766715533115726,-0.24344111744945668,0.8882714985997446,1.934465765691937,1.6014521275888602,1.2438993881385147
3736.0,-0.3279504254127513,-0.24367257066445408,0.8888263220152166,1.933954591233708,1.599176257554066,1.2264534476301903
3737.0,-0.32823369549434533,-0.2439040238794515,0.8893811454306886,1.9334434167754788,1.5969003875192718,1.209007507121866
3738.0,-0.3285169655759394,-0.24413547709444894,0.8899359688461606,1.9329322423172495,1.5946245174844775,1.1915615666135413
3739.0,-0.3288002356575334,-0.24436693030944634,0.8904907922616325,1.9324210678590203,1.5923486474496833,1.1741156261052168
3740.0,-0.3290835057391275,-0.24459838352444377,0.8910456156771045,1.9319098934007912,1.590072777414889,1.1566696855968925
3741.0,-0.3293667758207215,-0.2448298367394412,0.8916004390925766,1.931398718942562,1.5877969073800948,1.139223745088568
3742.0,-0.32965004590231556,-0.2450612899544386,0.8921552625080486,1.930887544484333,1.5855210373453006,1.1217778045802438
3743.0,-0.3299333159839096,-0.24529274316943603,0.8927100859235205,1.9303763700261038,1.5832451673105064,1.104331864071919
3744.0,-0.33021658606550364,-0.24552419638443343,0.8932649093389925,1.9298651955678747,1.5809692972757121,1.0868859235635946
3745.0,-0.3304998561470977,-0.24575564959943086,0.8938197327544645,1.9293540211096454,1.5786934272409179,1.0694399830552703
3746.0,-0.3307831262286917,-0.2459871028144283,0.8943745561699364,1.9288428466514163,1.5764175572061236,1.0519940425469458
3747.0,-0.3310663963102858,-0.2462185560294257,0.8949293795854084,1.9283316721931871,1.5741416871713294,1.0345481020386216
3748.0,-0.3313496663918798,-0.24645000924442312,0.8954842030008805,1.927820497734958,1.5718658171365352,1.0171021615302969
3749.0,-0.33163293647347386,-0.24668146245942052,0.8960390264163525,1.9273093232767289,1.569589947101741,0.9996562210219724
3750.0,-0.3319162065550679,-0.24691291567441795,0.8965938498318244,1.9267981488184998,1.5673140770669467,0.9822102805136481
3751.0,-0.33219947663666194,-0.24714436888941538,0.8971486732472964,1.9262869743602706,1.5650382070321525,0.9647643400053236
3752.0,-0.332482746718256,-0.24737582210441278,0.8977034966627684,1.9257757999020413,1.5627623369973582,0.9473183994969991
3753.0,-0.33276601679985,-0.2476072753194102,0.8982583200782404,1.9252646254438122,1.560486466962564,0.9298724589886747
3754.0,-0.3330492868814441,-0.24783872853440764,0.8988131434937123,1.924753450985583,1.5582105969277698,0.9124265184803502
3755.0,-0.3333325569630381,-0.24807018174940504,0.8993679669091843,1.924242276527354,1.5559347268929755,0.8949805779720257
3756.0,-0.33361582704463216,-0.24830163496440247,0.8999227903246564,1.9237311020691248,1.5536588568581813,0.8775346374637016
3757.0,-0.33389909712622623,-0.2485330881793999,0.9004776137401284,1.9232199276108957,1.551382986823387,0.8600886969553767
3758.0,-0.33418236720782024,-0.2487645413943973,0.9010324371556003,1.9227087531526665,1.5491071167885928,0.8426427564470522
3759.0,-0.3344656372894143,-0.24899599460939473,0.9015872605710723,1.9221975786944374,1.5468312467537986,0.8251968159387282
3760.0,-0.3347489073710083,-0.24922744782439213,0.9021420839865443,1.921686404236208,1.5445553767190043,0.8077508754304037
3761.0,-0.3350321774526024,-0.24945890103938956,0.9026969074020164,1.921175229777979,1.54227950668421,0.7903049349220788
3762.0,-0.3353154475341964,-0.249690354254387,0.9032517308174883,1.9206640553197498,1.5400036366494159,0.7728589944137547
3763.0,-0.33559871761579047,-0.2499218074693844,0.9038065542329603,1.9201528808615207,1.5377277666146216,0.7554130539054302
3764.0,-0.3358819876973845,-0.2501532606843818,0.9043613776484323,1.9196417064032916,1.5354518965798274,0.7379671133971057
3765.0,-0.33616525777897854,-0.2503847138993792,0.9049162010639042,1.9191305319450624,1.5331760265450332,0.7205211728887813
3766.0,-0.3364485278605726,-0.2506161671143767,0.9054710244793762,1.918619357486833,1.530900156510239,0.7030752323804568
3767.0,-0.3367317979421666,-0.2508476203293741,0.9060258478948482,1.918108183028604,1.5286242864754447,0.6856292918721323
3768.0,-0.3370150680237607,-0.2510790735443715,0.9065806713103202,1.9175970085703749,1.5263484164406504,0.6681833513638078
3769.0,-0.3372983381053547,-0.25131052675936894,0.9071354947257921,1.9170858341121457,1.5240725464058562,0.6507374108554838
3770.0,-0.33758160818694877,-0.25154197997436634,0.9076903181412642,1.9165746596539166,1.521796676371062,0.6332914703471588
3771.0,-0.3378648782685428,-0.25177343318936374,0.9082451415567362,1.9160634851956875,1.5195208063362677,0.6158455298388348
3772.0,-0.33814814835013685,-0.25200488640436114,0.9087999649722082,1.9155523107374584,1.5172449363014735,0.5983995893305103
3773.0,-0.33843141843173086,-0.2522363396193586,0.9093547883876801,1.9150411362792292,1.5149690662666793,0.5809536488221858
3774.0,-0.3387146885133249,-0.252467792834356,0.9099096118031521,1.9145299618209999,1.512693196231885,0.5635077083138613
3775.0,-0.338997958594919,-0.25269924604935345,0.9104644352186241,1.9140187873627708,1.5104173261970908,0.5460617678055368
3776.0,-0.339281228676513,-0.25293069926435086,0.9110192586340962,1.9135076129045416,1.5081414561622966,0.5286158272972123
3777.0,-0.33956449875810707,-0.25316215247934826,0.9115740820495681,1.9129964384463125,1.5058655861275023,0.5111698867888879
3778.0,-0.3398477688397011,-0.25339360569434566,0.9121289054650401,1.9124852639880834,1.503589716092708,0.4937239462805638
3779.0,-0.34013103892129515,-0.2536250589093431,0.9126837288805121,1.9119740895298543,1.5013138460579136,0.4762780057722389
3780.0,-0.34041430900288916,-0.2538565121243405,0.913238552295984,1.911462915071625,1.4990379760231196,0.4588320652639144
3781.0,-0.3406975790844832,-0.2540879653393379,0.913793375711456,1.9109517406133958,1.4967621059883254,0.44138612475559036
3782.0,-0.3409808491660773,-0.2543194185543354,0.914348199126928,1.9104405661551667,1.4944862359535311,0.42394018424726587
3783.0,-0.3412641192476713,-0.2545508717693328,0.9149030225424,1.9099293916969375,1.492210365918737,0.4064942437389414
3784.0,-0.34154738932926537,-0.2547823249843302,0.915457845957872,1.9094182172387084,1.4899344958839427,0.3890483032306169
3785.0,-0.3418306594108594,-0.25501377819932763,0.916012669373344,1.9089070427804793,1.4876586258491484,0.3716023627222924
3786.0,-0.34211392949245345,-0.25524523141432504,0.916567492788816,1.9083958683222502,1.4853827558143542,0.3541564222139679
3787.0,-0.34239719957404746,-0.25547668462932244,0.917122316204288,1.907884693864021,1.48310688577956,0.33671048170564344
3788.0,-0.34268046965564153,-0.2557081378443199,0.9176771396197599,1.9073735194057917,1.4808310157447657,0.3192645411973194
3789.0,-0.3429637397372356,-0.2559395910593173,0.9182319630352319,1.9068623449475626,1.4785551457099713,0.30181860068899447
3790.0,-0.3432470098188296,-0.2561710442743147,0.9187867864507039,1.9063511704893334,1.4762792756751772,0.28437266018067
3791.0,-0.3435302799004237,-0.2564024974893121,0.919341609866176,1.9058399960311043,1.474003405640383,0.26692671967234594
3792.0,-0.3438135499820177,-0.25663395070430955,0.9198964332816479,1.9053288215728752,1.4717275356055888,0.24948077916402145
3793.0,-0.34409682006361175,-0.25686540391930696,0.9204512566971199,1.904817647114646,1.4694516655707943,0.23203483865569652
3794.0,-0.34438009014520576,-0.25709685713430436,0.9210060801125919,1.904306472656417,1.4671757955360003,0.21458889814737248
3795.0,-0.34466336022679983,-0.2573283103493018,0.9215609035280639,1.9037952981981876,1.4648999255012058,0.197142957639048
3796.0,-0.34494663030839384,-0.2575597635642992,0.9221157269435358,1.9032841237399585,1.4626240554664118,0.1796970171307235
3797.0,-0.3452299003899879,-0.2577912167792966,0.9226705503590078,1.9027729492817294,1.4603481854316176,0.16225107662239902
3798.0,-0.3455131704715819,-0.2580226699942941,0.9232253737744798,1.9022617748235002,1.4580723153968234,0.14480513611407453
3799.0,-0.345796440553176,-0.2582541232092915,0.9237801971899519,1.901750600365271,1.455796445362029,0.12735919560575004
3800.0,-0.34607971063477005,-0.2584855764242889,0.9243350206054238,1.901239425907042,1.4535205753272349,0.10991325509742556
3801.0,-0.34636298071636407,-0.25871702963928633,0.9248898440208958,1.9007282514488129,1.4512447052924404,0.09246731458910151
3802.0,-0.34664625079795813,-0.25894848285428373,0.9254446674363678,1.9002170769905835,1.4489688352576464,0.07502137408077658
3803.0,-0.34692952087955214,-0.25917993606928114,0.9259994908518397,1.8997059025323544,1.4466929652228522,0.05757543357245254
3804.0,-0.3472127909611462,-0.25941138928427854,0.9265543142673117,1.8991947280741253,1.444417095188058,0.04012949306412805
3805.0,-0.3474960610427402,-0.259642842499276,0.9271091376827838,1.8986835536158961,1.4421412251532635,0.02268355255580312
3806.0,-0.3477793311243343,-0.2598742957142734,0.9276639610982558,1.898172379157667,1.4398653551184695,0.005237612047479079
3807.0,-0.34806260120592836,-0.26010574892927085,0.9282187845137277,1.8976612046994379,1.437589485083675,-0.012208328460845408
3808.0,-0.34834587128752237,-0.26033720214426825,0.9287736079291997,1.8971500302412088,1.435313615048881,-0.02965426896916945
3809.0,-0.34862914136911644,-0.26056865535926566,0.9293284313446717,1.8966388557829794,1.4330377450140865,-0.04710020947749438
3810.0,-0.34891241145071045,-0.26080010857426306,0.9298832547601437,1.8961276813247503,1.4307618749792923,-0.06454614998581887
3811.0,-0.3491956815323045,-0.2610315617892605,0.9304380781756156,1.8956165068665212,1.428486004944498,-0.08199209049414291
3812.0,-0.3494789516138985,-0.2612630150042579,0.9309929015910876,1.895105332408292,1.4262101349097038,-0.09943803100246784
3813.0,-0.3497622216954926,-0.2614944682192553,0.9315477250065596,1.894594157950063,1.4239342648749096,-0.11688397151079188
3814.0,-0.35004549177708666,-0.2617259214342528,0.9321025484220317,1.8940829834918338,1.4216583948401156,-0.13432991201911637
3815.0,-0.35032876185868067,-0.2619573746492502,0.9326573718375036,1.8935718090336047,1.4193825248053211,-0.1517758525274413
3816.0,-0.35061203194027474,-0.2621888278642476,0.9332121952529756,1.8930606345753755,1.417106654770527,-0.16922179303576534
3817.0,-0.35089530202186875,-0.26242028107924503,0.9337670186684476,1.8925494601171462,1.4148307847357326,-0.18666773354408983
3818.0,-0.3511785721034628,-0.26265173429424243,0.9343218420839196,1.892038285658917,1.4125549147009384,-0.20411367405241476
3819.0,-0.3514618421850568,-0.26288318750923984,0.9348766654993915,1.891527111200688,1.4102790446661442,-0.2215596145607388
3820.0,-0.3517451122666509,-0.2631146407242373,0.9354314889148636,1.8910159367424588,1.40800317463135,-0.2390055550690633
3821.0,-0.3520283823482449,-0.2633460939392347,0.9359863123303356,1.8905047622842297,1.4057273045965557,-0.25645149557738733
3822.0,-0.352311652429839,-0.2635775471542321,0.9365411357458076,1.8899935878260006,1.4034514345617615,-0.27389743608571226
3823.0,-0.35259492251143304,-0.2638090003692295,0.9370959591612795,1.8894824133677712,1.4011755645269672,-0.29134337659403675
3824.0,-0.35287819259302705,-0.26404045358422695,0.9376507825767515,1.888971238909542,1.3988996944921732,-0.3087893171023608
3825.0,-0.3531614626746211,-0.26427190679922435,0.9382056059922235,1.888460064451313,1.3966238244573788,-0.3262352576106857
3826.0,-0.35344473275621513,-0.26450336001422176,0.9387604294076954,1.8879488899930839,1.3943479544225847,-0.34368119811900977
3827.0,-0.3537280028378092,-0.2647348132292192,0.9393152528231674,1.8874377155348547,1.3920720843877903,-0.36112713862733425
3828.0,-0.35401127291940326,-0.2649662664442166,0.9398700762386395,1.8869265410766256,1.389796214352996,-0.3785730791356592
3829.0,-0.3542945430009973,-0.265197719659214,0.9404248996541115,1.8864153666183965,1.3875203443182018,-0.3960190196439832
3830.0,-0.3545778130825913,-0.26542917287421147,0.9409797230695834,1.8859041921601671,1.3852444742834076,-0.4134649601523077
3831.0,-0.35486108316418535,-0.2656606260892089,0.9415345464850554,1.885393017701938,1.3829686042486133,-0.43091090066063176
3832.0,-0.3551443532457794,-0.2658920793042063,0.9420893699005274,1.8848818432437089,1.380692734213819,-0.4483568411689567
3833.0,-0.35542762332737343,-0.26612353251920373,0.9426441933159994,1.8843706687854798,1.3784168641790249,-0.4658027816772812
3834.0,-0.3557108934089675,-0.26635498573420113,0.9431990167314713,1.8838594943272506,1.3761409941442306,-0.4832487221856052
3835.0,-0.3559941634905615,-0.26658643894919853,0.9437538401469434,1.8833483198690215,1.3738651241094364,-0.5006946626939297
3836.0,-0.3562774335721556,-0.26681789216419594,0.9443086635624154,1.8828371454107924,1.3715892540746424,-0.5181406032022542
3837.0,-0.3565607036537496,-0.2670493453791934,0.9448634869778874,1.882325970952563,1.369313384039848,-0.5355865437105787
3838.0,-0.35684397373534366,-0.2672807985941908,0.9454183103933593,1.881814796494334,1.3670375140050537,-0.5530324842189032
3839.0,-0.3571272438169377,-0.26751225180918825,0.9459731338088313,1.8813036220361048,1.3647616439702595,-0.5704784247272272
3840.0,-0.35741051389853173,-0.26774370502418565,0.9465279572243033,1.8807924475778757,1.3624857739354652,-0.5879243652355521
3841.0,-0.3576937839801258,-0.26797515823918305,0.9470827806397752,1.8802812731196465,1.360209903900671,-0.6053703057438766
3842.0,-0.3579770540617198,-0.26820661145418045,0.9476376040552472,1.8797700986614174,1.3579340338658767,-0.6228162462522007
3843.0,-0.3582603241433139,-0.2684380646691779,0.9481924274707193,1.8792589242031883,1.3556581638310825,-0.6402621867605256
3844.0,-0.3585435942249079,-0.2686695178841753,0.9487472508861913,1.8787477497449592,1.3533822937962883,-0.6577081272688496
3845.0,-0.35882686430650196,-0.2689009710991727,0.9493020743016632,1.8782365752867298,1.351106423761494,-0.6751540677771741
3846.0,-0.359110134388096,-0.26913242431417017,0.9498568977171352,1.8777254008285007,1.3488305537266998,-0.6926000082854991
3847.0,-0.35939340446969004,-0.2693638775291676,0.9504117211326072,1.8772142263702716,1.3465546836919056,-0.7100459487938231
3848.0,-0.3596766745512841,-0.269595330744165,0.9509665445480793,1.8767030519120425,1.3442788136571113,-0.7274918893021476
3849.0,-0.3599599446328781,-0.26982678395916243,0.9515213679635512,1.8761918774538133,1.342002943622317,-0.7449378298104716
3850.0,-0.3602432147144722,-0.27005823717415983,0.9520761913790232,1.8756807029955842,1.3397270735875229,-0.7623837703187966
3851.0,-0.3605264847960662,-0.27028969038915723,0.9526310147944952,1.8751695285373549,1.3374512035527286,-0.779829710827121
3852.0,-0.36080975487766026,-0.2705211436041547,0.9531858382099672,1.8746583540791257,1.3351753335179344,-0.7972756513354451
3853.0,-0.3610930249592543,-0.2707525968191521,0.9537406616254391,1.8741471796208966,1.3328994634831401,-0.81472159184377
3854.0,-0.36137629504084834,-0.2709840500341495,0.9542954850409111,1.8736360051626675,1.330623593448346,-0.8321675323520941
3855.0,-0.36165956512244235,-0.2712155032491469,0.9548503084563831,1.8731248307044384,1.3283477234135517,-0.8496134728604186
3856.0,-0.3619428352040364,-0.27144695646414435,0.9554051318718552,1.8726136562462092,1.3260718533787574,-0.8670594133687435
3857.0,-0.3622261052856305,-0.27167840967914175,0.9559599552873271,1.87210248178798,1.3237959833439632,-0.8845053538770675
3858.0,-0.3625093753672245,-0.2719098628941392,0.9565147787027991,1.871591307329751,1.321520113309169,-0.901951294385392
3859.0,-0.36279264544881856,-0.2721413161091366,0.9570696021182711,1.8710801328715216,1.3192442432743747,-0.919397234893716
3860.0,-0.3630759155304126,-0.272372769324134,0.957624425533743,1.8705689584132925,1.3169683732395805,-0.936843175402041
3861.0,-0.36335918561200664,-0.2726042225391314,0.958179248949215,1.8700577839550634,1.3146925032047863,-0.9542891159103655
3862.0,-0.36364245569360065,-0.27283567575412887,0.958734072364687,1.8695466094968343,1.312416633169992,-0.9717350564186895
3863.0,-0.3639257257751947,-0.27306712896912627,0.9592888957801591,1.8690354350386051,1.3101407631351978,-0.9891809969270144
3864.0,-0.3642089958567888,-0.2732985821841237,0.959843719195631,1.868524260580376,1.3078648931004035,-1.006626937435339
3865.0,-0.3644922659383828,-0.27353003539912113,0.960398542611103,1.868013086122147,1.3055890230656093,-1.024072877943663
3866.0,-0.36477553601997686,-0.27376148861411853,0.960953366026575,1.8675019116639175,1.303313153030815,-1.041518818451988
3867.0,-0.3650588061015709,-0.27399294182911593,0.961508189442047,1.8669907372056884,1.3010372829960208,-1.058964758960312
3868.0,-0.36534207618316494,-0.2742243950441134,0.9620630128575189,1.8664795627474593,1.2987614129612266,-1.0764106994686369
3869.0,-0.36562534626475895,-0.2744558482591108,0.9626178362729909,1.8659683882892302,1.2964855429264324,-1.093856639976961
3870.0,-0.365908616346353,-0.2746873014741082,0.9631726596884629,1.865457213831001,1.2942096728916381,-1.111302580485285
3871.0,-0.3661918864279471,-0.27491875468910565,0.963727483103935,1.864946039372772,1.291933802856844,-1.12874852099361
3872.0,-0.3664751565095411,-0.27515020790410305,0.9642823065194069,1.8644348649145428,1.2896579328220497,-1.146194461501934
3873.0,-0.36675842659113517,-0.27538166111910045,0.9648371299348789,1.8639236904563135,1.2873820627872554,-1.1636404020102589
3874.0,-0.3670416966727292,-0.27561311433409785,0.9653919533503509,1.8634125159980843,1.285106192752461,-1.1810863425185838
3875.0,-0.36732496675432325,-0.2758445675490953,0.9659467767658229,1.8629013415398552,1.282830322717667,-1.1985322830269078
3876.0,-0.36760823683591726,-0.2760760207640927,0.9665016001812948,1.862390167081626,1.2805544526828727,-1.2159782235352319
3877.0,-0.3678915069175113,-0.2763074739790901,0.9670564235967668,1.861878992623397,1.2782785826480785,-1.233424164043556
3878.0,-0.3681747769991054,-0.27653892719408757,0.9676112470122389,1.8613678181651678,1.2760027126132842,-1.2508701045518809
3879.0,-0.3684580470806994,-0.27677038040908497,0.9681660704277109,1.8608566437069387,1.27372684257849,-1.2683160450602058
3880.0,-0.3687413171622934,-0.27700183362408237,0.9687208938431828,1.8603454692487094,1.2714509725436958,-1.2857619855685298
3881.0,-0.3690245872438875,-0.27723328683907983,0.9692757172586548,1.8598342947904802,1.2691751025089015,-1.3032079260768548
3882.0,-0.36930785732548155,-0.27746474005407723,0.9698305406741268,1.8593231203322511,1.266899232474107,-1.3206538665851788
3883.0,-0.36959112740707556,-0.27769619326907463,0.9703853640895987,1.858811945874022,1.264623362439313,-1.3380998070935028
3884.0,-0.3698743974886696,-0.2779276464840721,0.9709401875050707,1.8583007714157929,1.2623474924045186,-1.3555457476018278
3885.0,-0.37015766757026364,-0.2781590996990695,0.9714950109205427,1.8577895969575637,1.2600716223697246,-1.3729916881101518
3886.0,-0.3704409376518577,-0.2783905529140669,0.9720498343360148,1.8572784224993346,1.2577957523349301,-1.3904376286184768
3887.0,-0.3707242077334517,-0.27862200612906435,0.9726046577514867,1.8567672480411053,1.2555198823001361,-1.4078835691268017
3888.0,-0.3710074778150458,-0.27885345934406175,0.9731594811669587,1.8562560735828761,1.2532440122653419,-1.4253295096351257
3889.0,-0.37129074789663985,-0.27908491255905915,0.9737143045824307,1.855744899124647,1.2509681422305476,-1.4427754501434498
3890.0,-0.37157401797823386,-0.2793163657740566,0.9742691279979027,1.855233724666418,1.2486922721957534,-1.4602213906517738
3891.0,-0.37185728805982793,-0.279547818989054,0.9748239514133746,1.8547225502081888,1.2464164021609592,-1.4776673311600987
3892.0,-0.372140558141422,-0.2797792722040514,0.9753787748288467,1.8542113757499596,1.2441405321261647,-1.4951132716684237
3893.0,-0.372423828223016,-0.2800107254190488,0.9759335982443187,1.8537002012917305,1.2418646620913707,-1.5125592121767477
3894.0,-0.37270709830461,-0.28024217863404627,0.9764884216597907,1.8531890268335012,1.2395887920565762,-1.5300051526850726
3895.0,-0.3729903683862041,-0.28047363184904367,0.9770432450752626,1.852677852375272,1.2373129220217822,-1.5474510931933967
3896.0,-0.37327363846779815,-0.28070508506404107,0.9775980684907346,1.852166677917043,1.2350370519869878,-1.5648970337017207
3897.0,-0.37355690854939216,-0.28093653827903853,0.9781528919062066,1.8516555034588138,1.2327611819521938,-1.5823429742100457
3898.0,-0.37384017863098623,-0.28116799149403593,0.9787077153216786,1.8511443290005847,1.2304853119173995,-1.5997889147183697
3899.0,-0.37412344871258024,-0.28139944470903333,0.9792625387371505,1.8506331545423556,1.2282094418826053,-1.6172348552266946
3900.0,-0.3744067187941743,-0.2816308979240308,0.9798173621526225,1.8501219800841264,1.225933571847811,-1.6346807957350187
3901.0,-0.3746899888757683,-0.2818623511390282,0.9803721855680946,1.8496108056258973,1.2236577018130168,-1.6521267362433436
3902.0,-0.3749732589573624,-0.2820938043540256,0.9809270089835666,1.849099631167668,1.2213818317782223,-1.6695726767516677
3903.0,-0.37525652903895645,-0.28232525756902305,0.9814818323990385,1.8485884567094388,1.2191059617434283,-1.6870186172599917
3904.0,-0.37553979912055047,-0.28255671078402045,0.9820366558145105,1.8480772822512097,1.2168300917086339,-1.7044645577683166
3905.0,-0.37582306920214453,-0.28278816399901785,0.9825914792299825,1.8475661077929806,1.2145542216738399,-1.7219104982766416
3906.0,-0.37610633928373854,-0.28301961721401525,0.9831463026454546,1.8470549333347515,1.2122783516390454,-1.7393564387849656
3907.0,-0.3763896093653326,-0.2832510704290127,0.9837011260609265,1.8465437588765223,1.2100024816042514,-1.7568023792932896
3908.0,-0.3766728794469266,-0.2834825236440101,0.9842559494763985,1.846032584418293,1.207726611569457,-1.7742483198016137
3909.0,-0.3769561495285207,-0.28371397685900757,0.9848107728918705,1.8455214099600639,1.205450741534663,-1.7916942603099386
3910.0,-0.37723941961011476,-0.28394543007400497,0.9853655963073424,1.8450102355018347,1.2031748714998685,-1.8091402008182635
3911.0,-0.37752268969170877,-0.28417688328900237,0.9859204197228144,1.8444990610436056,1.2008990014650744,-1.8265861413265876
3912.0,-0.3778059597733028,-0.28440833650399977,0.9864752431382864,1.8439878865853765,1.19862313143028,-1.8440320818349125
3913.0,-0.37808922985489685,-0.2846397897189972,0.9870300665537584,1.8434767121271474,1.196347261395486,-1.8614780223432366
3914.0,-0.3783724999364909,-0.28487124293399463,0.9875848899692303,1.8429655376689182,1.1940713913606915,-1.8789239628515606
3915.0,-0.3786557700180849,-0.2851026961489921,0.9881397133847024,1.8424543632106891,1.1917955213258975,-1.8963699033598855
3916.0,-0.378939040099679,-0.2853341493639895,0.9886945368001744,1.8419431887524598,1.189519651291103,-1.9138158438682096
3917.0,-0.37922231018127306,-0.2855656025789869,0.9892493602156464,1.8414320142942306,1.187243781256309,-1.9312617843765345
3918.0,-0.37950558026286707,-0.2857970557939843,0.9898041836311183,1.8409208398360015,1.1849679112215146,-1.9487077248848585
3919.0,-0.3797888503444611,-0.2860285090089817,0.9903590070465903,1.8404096653777724,1.1826920411867206,-1.9661536653931835
3920.0,-0.38007212042605515,-0.28625996222397915,0.9909138304620624,1.8398984909195433,1.180416171151926,-1.9835996059015075
3921.0,-0.3803553905076492,-0.28649141543897655,0.9914686538775344,1.8393873164613141,1.178140301117132,-2.0010455464098316
3922.0,-0.3806386605892432,-0.286722868653974,0.9920234772930063,1.8388761420030848,1.1758644310823376,-2.0184914869181565
3923.0,-0.3809219306708373,-0.2869543218689714,0.9925783007084783,1.8383649675448557,1.1735885610475434,-2.0359374274264814
3924.0,-0.3812052007524313,-0.2871857750839688,0.9931331241239503,1.8378537930866266,1.1713126910127492,-2.0533833679348055
3925.0,-0.3814884708340254,-0.2874172282989662,0.9936879475394222,1.8373426186283974,1.1690368209779551,-2.0708293084431304
3926.0,-0.3817717409156194,-0.28764868151396367,0.9942427709548942,1.8368314441701683,1.1667609509431607,-2.0882752489514544
3927.0,-0.38205501099721345,-0.28788013472896107,0.9947975943703662,1.8363202697119392,1.1644850809083667,-2.1057211894597785
3928.0,-0.3823382810788075,-0.2881115879439585,0.9953524177858382,1.83580909525371,1.1622092108735722,-2.1231671299681034
3929.0,-0.38262155116040153,-0.2883430411589559,0.9959072412013101,1.835297920795481,1.1599333408387782,-2.1406130704764275
3930.0,-0.3829048212419956,-0.2885744943739533,0.9964620646167822,1.8347867463372516,1.1576574708039837,-2.1580590109847524
3931.0,-0.3831880913235896,-0.28880594758895073,0.9970168880322542,1.8342755718790225,1.1553816007691897,-2.1755049514930764
3932.0,-0.3834713614051837,-0.2890374008039482,0.9975717114477262,1.8337643974207933,1.1531057307343953,-2.1929508920014014
3933.0,-0.3837546314867777,-0.2892688540189456,0.9981265348631981,1.8332532229625642,1.150829860699601,-2.2103968325097254
3934.0,-0.38403790156837175,-0.289500307233943,0.9986813582786701,1.832742048504335,1.1485539906648068,-2.2278427730180494
3935.0,-0.3843211716499658,-0.28973176044894045,0.9992361816941422,1.832230874046106,1.1462781206300128,-2.2452887135263744
3936.0,-0.38460444173155983,-0.28996321366393785,0.9997910051096142,1.8317196995878766,1.1440022505952183,-2.2627346540346984
3937.0,-0.38488771181315384,-0.29019466687893525,1.0003458285250861,1.8312085251296475,1.1417263805604243,-2.2801805945430234
3938.0,-0.3851709818947479,-0.2904261200939327,1.000900651940558,1.8306973506714184,1.1394505105256298,-2.2976265350513483
3939.0,-0.385454251976342,-0.2906575733089301,1.00145547535603,1.8301861762131892,1.1371746404908358,-2.3150724755596723
3940.0,-0.385737522057936,-0.2908890265239275,1.002010298771502,1.8296750017549601,1.1348987704560414,-2.3325184160679964
3941.0,-0.38602079213953006,-0.29112047973892496,1.002565122186974,1.829163827296731,1.1326229004212474,-2.3499643565763204
3942.0,-0.38630406222112407,-0.29135193295392237,1.003119945602446,1.8286526528385019,1.130347030386453,-2.3674102970846453
3943.0,-0.38658733230271813,-0.29158338616891977,1.003674769017918,1.8281414783802727,1.1280711603516587,-2.3848562375929703
3944.0,-0.38687060238431215,-0.29181483938391717,1.00422959243339,1.8276303039220434,1.1257952903168644,-2.4023021781012943
3945.0,-0.3871538724659062,-0.2920462925989146,1.004784415848862,1.8271191294638143,1.1235194202820702,-2.4197481186096192
3946.0,-0.3874371425475003,-0.292277745813912,1.0053392392643339,1.8266079550055851,1.121243550247276,-2.4371940591179433
3947.0,-0.3877204126290943,-0.2925091990289095,1.0058940626798059,1.826096780547356,1.118967680212482,-2.4546399996262673
3948.0,-0.38800368271068836,-0.2927406522439069,1.006448886095278,1.825585606089127,1.1166918101776875,-2.4720859401345923
3949.0,-0.38828695279228237,-0.2929721054589043,1.00700370951075,1.8250744316308978,1.1144159401428935,-2.4895318806429163
3950.0,-0.38857022287387644,-0.2932035586739017,1.007558532926222,1.8245632571726684,1.112140070108099,-2.5069778211512412
3951.0,-0.38885349295547045,-0.29343501188889914,1.008113356341694,1.8240520827144393,1.1098642000733048,-2.524423761659566
3952.0,-0.3891367630370645,-0.29366646510389655,1.008668179757166,1.8235409082562102,1.1075883300385105,-2.54186970216789
3953.0,-0.3894200331186586,-0.29389791831889395,1.009223003172638,1.823029733797981,1.1053124600037163,-2.5593156426762143
3954.0,-0.3897033032002526,-0.2941293715338914,1.0097778265881099,1.822518559339752,1.103036589968922,-2.5767615831845383
3955.0,-0.38998657328184666,-0.2943608247488888,1.0103326500035819,1.8220073848815228,1.1007607199341278,-2.5942075236928632
3956.0,-0.39026984336344067,-0.2945922779638862,1.0108874734190538,1.8214962104232937,1.0984848498993336,-2.611653464201188
3957.0,-0.39055311344503474,-0.2948237311788836,1.0114422968345258,1.8209850359650646,1.0962089798645394,-2.629099404709512
3958.0,-0.39083638352662875,-0.29505518439388106,1.0119971202499978,1.8204738615068352,1.0939331098297451,-2.646545345217837
3959.0,-0.3911196536082228,-0.29528663760887847,1.0125519436654697,1.819962687048606,1.091657239794951,-2.663991285726161
3960.0,-0.3914029236898169,-0.2955180908238759,1.0131067670809417,1.819451512590377,1.0893813697601566,-2.681437226234485
3961.0,-0.3916861937714109,-0.2957495440388733,1.013661590496414,1.8189403381321478,1.0871054997253624,-2.69888316674281
3962.0,-0.3919694638530049,-0.2959809972538707,1.0142164139118859,1.8184291636739187,1.0848296296905682,-2.716329107251134
3963.0,-0.392252733934599,-0.2962124504688681,1.0147712373273579,1.8179179892156896,1.082553759655774,-2.733775047759459
3964.0,-0.39253600401619304,-0.2964439036838656,1.0153260607428298,1.8174068147574605,1.0802778896209797,-2.751220988267783
3965.0,-0.39281927409778705,-0.296675356898863,1.0158808841583018,1.8168956402992311,1.0780020195861855,-2.768666928776108
3966.0,-0.3931025441793811,-0.29690681011386044,1.0164357075737738,1.816384465841002,1.0757261495513912,-2.786112869284432
3967.0,-0.39338581426097513,-0.29713826332885784,1.0169905309892457,1.8158732913827729,1.073450279516597,-2.803558809792756
3968.0,-0.3936690843425692,-0.29736971654385524,1.0175453544047177,1.8153621169245437,1.0711744094818028,-2.821004750301081
3969.0,-0.3936690843425692,-0.29736971654385524,1.0175453544047177,1.8153621169245437,1.0711744094818028,-2.821004750301081
3970.0,-0.39955676941033147,-0.2891088668117992,1.0266864018854456,1.7997778553964356,1.0760165600998515,-2.824815554839634
3971.0,-0.39955676941033147,-0.2891088668117992,1.0266864018854456,1.7997778553964356,1.0760165600998515,-2.824815554839634
3972.0,-0.39848237881967835,-0.27209955199026203,1.015578939254394,1.7935462394908601,1.0751325063700936,-2.8241216468665113
3973.0,-0.39848237881967835,-0.27209955199026203,1.015578939254394,1.7935462394908601,1.0751325063700936,-2.8241216468665113
3974.0,-0.39803969583158116,-0.2563979727882504,1.0060540478929496,1.787233429782635,1.0747683068268297,-2.823835541842993
3975.0,-0.39803969583158116,-0.2563979727882504,1.0060540478929496,1.787233429782635,1.0747683068268297,-2.823835541842993
3976.0,-0.3956497747492146,-0.24572826820103744,0.9946558076841643,1.787222442032499,1.0728031918873537,-2.822287335484845
3977.0,-0.39325985366684807,-0.23505856361382446,0.983257567475379,1.7872114542823627,1.0708380769478778,-2.820739129126697
3978.0,-0.39325985366684807,-0.23505856361382446,0.983257567475379,1.7872114542823627,1.0708380769478778,-2.820739129126697
3979.0,-0.40953120935173215,-0.2364784674343168,0.9744587461329773,1.8022050861042997,1.0842775779390181,-2.831080587921069
3980.0,-0.4258025650366163,-0.23789837125480912,0.9656599247905756,1.817198717926237,1.0977170789301585,-2.841422046715441
3981.0,-0.44207392072150037,-0.23931827507530146,0.956861103448174,1.832192349748174,1.1111565799212988,-2.851763505509813
3982.0,-0.44207392072150037,-0.23931827507530146,0.956861103448174,1.832192349748174,1.1111565799212988,-2.851763505509813
3983.0,-0.44799953279997984,-0.22878216640918844,0.9629823423038517,1.8171593587934676,1.1160769696021204,-2.855443342648689
3984.0,-0.44799953279997984,-0.22878216640918844,0.9629823423038517,1.8171593587934676,1.1160769696021204,-2.855443342648689
3985.0,-0.4458434992849683,-0.21606542657547287,0.9505015012644098,1.8163320356707764,1.1142867758163035,-2.854104136527952
3986.0,-0.44368746576995677,-0.20334868674175727,0.9380206602249678,1.8155047125480854,1.1124965820304864,-2.852764930407215
3987.0,-0.44153143225494523,-0.1906319469080417,0.9255398191855259,1.8146773894253942,1.1107063882446695,-2.851425724286478
3988.0,-0.44153143225494523,-0.1906319469080417,0.9255398191855259,1.8146773894253942,1.1107063882446695,-2.851425724286478
3989.0,-0.4415314197540283,-0.1906319409608841,0.9255397915840149,1.814677357673645,1.1107063293457031,-2.8514256477355957
3990.0,-0.4430316388607025,-0.20055051147937775,0.9267802238464355,1.792450189590454,1.0995484590530396,-2.8300108909606934
3991.0,-0.4456074833869934,-0.21365146338939667,0.9326550960540771,1.7464227676391602,1.0764294862747192,-2.7856528759002686
3992.0,-0.44906872510910034,-0.22876687347888947,0.9433391094207764,1.6780823469161987,1.04208505153656,-2.7197623252868652
3993.0,-0.4532782733440399,-0.245594322681427,0.9585328102111816,1.5892674922943115,0.9974260926246643,-2.6340889930725098
3994.0,-0.4581110179424286,-0.2639237642288208,0.9778764247894287,1.4818519353866577,0.9433852434158325,-2.53041672706604
3995.0,-0.46344947814941406,-0.28355103731155396,1.0009959936141968,1.357711672782898,0.8808950781822205,-2.4105312824249268
3996.0,-0.4691723883152008,-0.3042754828929901,1.0275200605392456,1.2187241315841675,0.8108914494514465,-2.276217460632324
3997.0,-0.4751583933830261,-0.32590898871421814,1.0570734739303589,1.0667599439620972,0.7343059778213501,-2.129262924194336
3998.0,-0.48127996921539307,-0.34826380014419556,1.0892906188964844,0.9036919474601746,0.6520729064941406,-1.9714617729187012
3999.0,-0.48740580677986145,-0.37114226818084717,1.1238000392913818,0.7313886880874634,0.5651224255561829,-1.8046083450317383
4000.0,-0.4934096336364746,-0.39434152841567993,1.1602290868759155,0.5517181158065796,0.4743889570236206,-1.6304925680160522
4001.0,-0.49922460317611694,-0.41767460107803345,1.1981648206710815,0.3665376305580139,0.38080930709838867,-1.4509063959121704
4002.0,-0.5047962069511414,-0.44097402691841125,1.2371904850006104,0.17770257592201233,0.28532180190086365,-1.2676483392715454
4003.0,-0.5100706219673157,-0.4640776216983795,1.2768903970718384,-0.012929003685712814,0.18886609375476837,-1.0825231075286865
4004.0,-0.5149983167648315,-0.4868186116218567,1.3168435096740723,-0.20349986851215363,0.09238290041685104,-0.8973404169082642
4005.0,-0.5195362567901611,-0.5090239644050598,1.356626033782959,-0.39215224981307983,-0.003184568602591753,-0.7139105796813965
4006.0,-0.5236542820930481,-0.5305189490318298,1.3958048820495605,-0.5770382285118103,-0.09689763188362122,-0.5340431928634644
4007.0,-0.5273511409759521,-0.5511411428451538,1.4339433908462524,-0.7563158273696899,-0.18781587481498718,-0.35954591631889343
4008.0,-0.5306283235549927,-0.5707274079322815,1.470615267753601,-0.9281461834907532,-0.2749994397163391,-0.19222460687160492
4009.0,-0.5334886908531189,-0.5891109108924866,1.5054097175598145,-1.090686559677124,-0.35750213265419006,-0.033887576311826706
4010.0,-0.5359384417533875,-0.6061201095581055,1.5379103422164917,-1.2420889139175415,-0.434375524520874,0.113645039498806
4011.0,-0.5379895567893982,-0.6215773820877075,1.567696213722229,-1.3805019855499268,-0.5046736598014832,0.24854835867881775
4012.0,-0.5396599173545837,-0.6353052854537964,1.5943410396575928,-1.5040708780288696,-0.5674497485160828,0.3690012991428375
4013.0,-0.5409687161445618,-0.6471155285835266,1.6174287796020508,-1.610947608947754,-0.6217584609985352,0.47319185733795166
4014.0,-0.5419408082962036,-0.6568226218223572,1.6365468502044678,-1.6992805004119873,-0.6666508913040161,0.5593122839927673
4015.0,-0.5426046848297119,-0.6642432808876038,1.6512775421142578,-1.7672239542007446,-0.7011849284172058,0.6255567073822021
4016.0,-0.5429982542991638,-0.6692121624946594,1.6612087488174438,-1.8129651546478271,-0.7244376540184021,0.6701558828353882
4017.0,-0.5431641340255737,-0.6715984344482422,1.6660068035125732,-1.8350446224212646,-0.735664427280426,0.6916847825050354
4018.0,-0.5431641340255737,-0.6715984344482422,1.6660068035125732,-1.8350446224212646,-0.735664427280426,0.6916847825050354
4019.0,-0.5431641340255737,-0.6715984344482422,1.6660068035125732,-1.8350446224212646,-0.735664427280426,0.6916847825050354
4020.0,-0.5471142180356184,-0.6737428412888412,1.6794652492770186,-1.843133803854276,-0.7383086634168079,0.68732468387936
4021.0,-0.5510642815337635,-0.675887216583934,1.692923692065022,-1.851223040580175,-0.7409528107695723,0.6829645220039268
4022.0,-0.5510642815337635,-0.675887216583934,1.692923692065022,-1.851223040580175,-0.7409528107695723,0.6829645220039268
4023.0,-0.5511389315120961,-0.666455398729898,1.6918024671124698,-1.8594731686660277,-0.7410029625122692,0.6828825792724982
4024.0,-0.5512135814904288,-0.6570235808758621,1.6906812421599178,-1.8677232967518806,-0.741053114254966,0.6828006365410695
4025.0,-0.5512135814904288,-0.6570235808758621,1.6906812421599178,-1.8677232967518806,-0.741053114254966,0.6828006365410695
4026.0,-0.5490880529736486,-0.6442278348879903,1.681534591467864,-1.8731005480661467,-0.7396277547990172,0.685140026296019
4027.0,-0.5469625244568685,-0.6314320889001185,1.6723879407758107,-1.8784777993804127,-0.7382023953430684,0.6874794160509684
4028.0,-0.5469625244568685,-0.6314320889001185,1.6723879407758107,-1.8784777993804127,-0.7382023953430684,0.6874794160509684
4029.0,-0.545350224152165,-0.6204770690792949,1.6648542450467037,-1.883220247327996,-0.7371248550563088,0.6892637367386505
4030.0,-0.5437379238474617,-0.6095220492584712,1.6573205493175966,-1.8879626952755793,-0.7360473147695492,0.6910480574263325
4031.0,-0.5437379238474617,-0.6095220492584712,1.6573205493175966,-1.8879626952755793,-0.7360473147695492,0.6910480574263325
4032.0,-0.5474619760832939,-0.608073502472187,1.669008645661356,-1.8980612103698875,-0.7385409585508538,0.6869394627039429
4033.0,-0.5511860283191263,-0.6066249556859028,1.6806967420051153,-1.9081597254641958,-0.7410346023321583,0.6828308679815532
4034.0,-0.5511860283191263,-0.6066249556859028,1.6806967420051153,-1.9081597254641958,-0.7410346023321583,0.6828308679815532
4035.0,-0.547612921158195,-0.5970578268785887,1.6669191091677553,-1.906863275115611,-0.7386417042721602,0.6867720399259293
4036.0,-0.5440398139972636,-0.5874906980712746,1.653141476330395,-1.905566824767026,-0.736248806212162,0.6907132118703053
4037.0,-0.5440398139972636,-0.5874906980712746,1.653141476330395,-1.905566824767026,-0.736248806212162,0.6907132118703053
4038.0,-0.5483731400856431,-0.59440149747653,1.668366506604127,-1.9103841610916374,-0.7391640172856204,0.6859690069720835
4039.0,-0.5527064661740225,-0.6013122968817854,1.6835915368778593,-1.9152014974162486,-0.7420792283590789,0.6812248020738618
4040.0,-0.557039792262402,-0.6082230962870407,1.6988165671515914,-1.9200188337408597,-0.7449944394325373,0.67648059717564
4041.0,-0.5613731183507814,-0.6151338956922962,1.7140415974253234,-1.924836170065471,-0.7479096505059957,0.6717363922774182
4042.0,-0.5613731183507814,-0.6151338956922962,1.7140415974253234,-1.924836170065471,-0.7479096505059957,0.6717363922774182
4043.0,-0.5627139598363106,-0.6260851893563506,1.7204641072274451,-1.9192477928764802,-0.7488196178107006,0.6702898298361663
4044.0,-0.5640548013218397,-0.637036483020405,1.726886617029567,-1.9136594156874893,-0.7497295851154056,0.6688432673949143
4045.0,-0.5640548013218397,-0.637036483020405,1.726886617029567,-1.9136594156874893,-0.7497295851154056,0.6688432673949143
4046.0,-0.5679782844325709,-0.6397340009125353,1.738937088020052,-1.9199457445027992,-0.7524041573597504,0.6646427207216687
4047.0,-0.5719017675433022,-0.6424315188046655,1.7509875590105373,-1.926232073318109,-0.7550787296040954,0.6604421740484232
4048.0,-0.5719017675433022,-0.6424315188046655,1.7509875590105373,-1.926232073318109,-0.7550787296040954,0.6604421740484232
4049.0,-0.5745138100776954,-0.6373181230717156,1.7572671934457258,-1.9356113160078319,-0.7568689936191202,0.6576721451512773
4050.0,-0.5771258526120887,-0.6322047273387658,1.7635468278809143,-1.9449905586975547,-0.7586592576341451,0.6549021162541312
4051.0,-0.5771258526120887,-0.6322047273387658,1.7635468278809143,-1.9449905586975547,-0.7586592576341451,0.6549021162541312
4052.0,-0.574753705527969,-0.6214517860114447,1.7543033061541085,-1.9483278933924022,-0.7570330950965214,0.6574168628045962
4053.0,-0.5723815584438492,-0.6106988446841236,1.7450597844273026,-1.9516652280872495,-0.7554069325588977,0.6599316093550613
4054.0,-0.5723815584438492,-0.6106988446841236,1.7450597844273026,-1.9516652280872495,-0.7554069325588977,0.6599316093550613
4055.0,-0.5774083411396604,-0.6164193169265446,1.7604074459720662,-1.957440390764102,-0.7588603426502218,0.6546230690903377
4056.0,-0.5824351238354717,-0.6221397891689655,1.77575510751683,-1.9632155534409543,-0.7623137527415461,0.6493145288256141
4057.0,-0.5824351238354717,-0.6221397891689655,1.77575510751683,-1.9632155534409543,-0.7623137527415461,0.6493145288256141
4058.0,-0.584100229691465,-0.635364196716889,1.7832942119821957,-1.9562721229975644,-0.7634638399701088,0.6475730463334827
4059.0,-0.5857653355474582,-0.6485886042648126,1.7908333164475614,-1.9493286925541744,-0.7646139271986714,0.6458315638413512
4060.0,-0.5857653355474582,-0.6485886042648126,1.7908333164475614,-1.9493286925541744,-0.7646139271986714,0.6458315638413512
4061.0,-0.5907786437847404,-0.6536217774058519,1.8051012234185229,-1.9548283091804937,-0.7680947089572205,0.640638442337311
4062.0,-0.5957919520220225,-0.6586549505468914,1.8193691303894843,-1.9603279258068131,-0.7715754907157697,0.6354453208332709
4063.0,-0.5957919520220225,-0.6586549505468914,1.8193691303894843,-1.9603279258068131,-0.7715754907157697,0.6354453208332709
4064.0,-0.5999774912991395,-0.6688574591484626,1.8320364706528944,-1.95973435637053,-0.774501931861179,0.6311664814405537
4065.0,-0.6041630305762564,-0.679059967750034,1.8447038109163045,-1.959140786934247,-0.7774283730065882,0.6268876420478364
4066.0,-0.6041630305762564,-0.679059967750034,1.8447038109163045,-1.959140786934247,-0.7774283730065882,0.6268876420478364
4067.0,-0.6093874487542625,-0.6843408482647589,1.8584739609057976,-1.9638877496656728,-0.7811065085505928,0.6216178485513267
4068.0,-0.6146118669322687,-0.6896217287794839,1.8722441108952905,-1.9686347123970989,-0.7847846440945975,0.616348055054817
4069.0,-0.6146118669322687,-0.6896217287794839,1.8722441108952905,-1.9686347123970989,-0.7847846440945975,0.616348055054817
4070.0,-0.6137452823492376,-0.6762218200360923,1.8674521480915411,-1.9778576698077714,-0.7841726297111582,0.6172167553859845
4071.0,-0.6128786977662066,-0.6628219112927007,1.8626601852877918,-1.987080627218444,-0.7835606153277188,0.618085455717152
4072.0,-0.6128786977662066,-0.6628219112927007,1.8626601852877918,-1.987080627218444,-0.7835606153277188,0.618085455717152
4073.0,-0.6175305963859045,-0.6669372858163587,1.874469123608927,-1.9914990526405734,-0.7868547375824864,0.6134469840337957
4074.0,-0.6221824950056023,-0.6710526603400165,1.8862780619300623,-1.9959174780627027,-0.790148859837254,0.6088085123504395
4075.0,-0.6221824950056023,-0.6710526603400165,1.8862780619300623,-1.9959174780627027,-0.790148859837254,0.6088085123504395
4076.0,-0.6280361025942476,-0.6733271953848072,1.8999393800371922,-2.003273961305916,-0.7943240119145465,0.6030573582780097
4077.0,-0.633889710182893,-0.675601730429598,1.9136006981443219,-2.0106304445491285,-0.7984991639918388,0.5973062042055798
4078.0,-0.633889710182893,-0.675601730429598,1.9136006981443219,-2.0106304445491285,-0.7984991639918388,0.5973062042055798
4079.0,-0.6384347537213055,-0.6788464949676818,1.9241194295281911,-2.014843694006019,-0.8017635167378084,0.5929050973250416
4080.0,-0.6429797972597181,-0.6820912595057654,1.9346381609120604,-2.0190569434629095,-0.805027869483778,0.5885039904445035
4081.0,-0.6429797972597181,-0.6820912595057654,1.9346381609120604,-2.0190569434629095,-0.805027869483778,0.5885039904445035
4082.0,-0.6415301041656909,-0.6907597864643168,1.9333020820860662,-2.010022156950731,-0.803984578511976,0.5899017398979911
4083.0,-0.6400804110716638,-0.6994283134228682,1.931966003260072,-2.000987370438552,-0.802941287540174,0.5912994893514787
4084.0,-0.6400804110716638,-0.6994283134228682,1.931966003260072,-2.000987370438552,-0.802941287540174,0.5912994893514787
4085.0,-0.6442798390122727,-0.710678522187371,1.9429530881125168,-1.9979313125572602,-0.8059687905291348,0.5872658923091179
4086.0,-0.6484792669528816,-0.721928730951874,1.9539401729649615,-1.9948752546759683,-0.8089962935180955,0.5832322952667569
4087.0,-0.6484792669528816,-0.721928730951874,1.9539401729649615,-1.9948752546759683,-0.8089962935180955,0.5832322952667569
4088.0,-0.652370685286785,-0.7312793116582874,1.9635321208680545,-1.992572900799665,-0.8118160913148975,0.5795360271712796
4089.0,-0.6562621036206884,-0.7406298923647007,1.9731240687711475,-1.9902705469233617,-0.8146358891116996,0.5758397590758023
4090.0,-0.6562621036206884,-0.7406298923647007,1.9731240687711475,-1.9902705469233617,-0.8146358891116996,0.5758397590758023
4091.0,-0.6607087931090455,-0.7272554300084112,1.9799589429723545,-2.0076110325075938,-0.8178702002833911,0.5716513786910788
4092.0,-0.6607087931090455,-0.7272554300084112,1.9799589429723545,-2.0076110325075938,-0.8178702002833911,0.5716513786910788
4093.0,-0.6656060168395692,-0.7273559082896833,1.9896225803690881,-2.014062440670025,-0.8214474748917748,0.5670831280651503
4094.0,-0.670503240570093,-0.7274563865709555,1.9992862177658217,-2.020513848832456,-0.8250247495001587,0.5625148774392218
4095.0,-0.670503240570093,-0.7274563865709555,1.9992862177658217,-2.020513848832456,-0.8250247495001587,0.5625148774392218
4096.0,-0.6663337204922696,-0.7153301088716487,1.9888343197624656,-2.0248334300986417,-0.8219777195694102,0.5664004376751449
4097.0,-0.6621642004144461,-0.703203831172342,1.9783824217591097,-2.0291530113648273,-0.8189306896386617,0.570285997911068
4098.0,-0.6621642004144461,-0.703203831172342,1.9783824217591097,-2.0291530113648273,-0.8189306896386617,0.570285997911068
4099.0,-0.6574943128610418,-0.7019593034803376,1.9687116578334365,-2.0237460925986412,-0.8155361034176922,0.5746906455562976
4100.0,-0.6528244253076375,-0.7007147757883333,1.9590408939077635,-2.018339173832455,-0.8121415171967228,0.5790952932015271
4101.0,-0.6528244253076375,-0.7007147757883333,1.9590408939077635,-2.018339173832455,-0.8121415171967228,0.5790952932015271
4102.0,-0.6531998246166125,-0.6915148962658209,1.9578833959438227,-2.0261366037241686,-0.8124136801186049,0.5787391284814616
4103.0,-0.6535752239255875,-0.6823150167433085,1.9567258979798818,-2.0339340336158824,-0.8126858430404871,0.5783829637613962
4104.0,-0.6535752239255875,-0.6823150167433085,1.9567258979798818,-2.0339340336158824,-0.8126858430404871,0.5783829637613962
4105.0,-0.660500021589851,-0.6904409130468356,1.9720572113394736,-2.036723576605085,-0.8177391295992357,0.5719086193297859
4106.0,-0.6674248192541143,-0.6985668093503626,1.9873885246990652,-2.0395131195942877,-0.8227924161579843,0.5654342748981754
4107.0,-0.6743496169183778,-0.7066927056538898,2.002719838058657,-2.04230266258349,-0.8278457027167329,0.5589599304665651
4108.0,-0.6743496169183778,-0.7066927056538898,2.002719838058657,-2.04230266258349,-0.8278457027167329,0.5589599304665651
4109.0,-0.6784065820460627,-0.7165874665268318,2.012229879797962,-2.0394099864003623,-0.830831333221874,0.5552404066741632
4110.0,-0.6824635471737476,-0.7264822273997739,2.021739921537267,-2.0365173102172345,-0.8338169637270151,0.5515208828817614
4111.0,-0.6824635471737476,-0.7264822273997739,2.021739921537267,-2.0365173102172345,-0.8338169637270151,0.5515208828817614
4112.0,-0.6837979858394053,-0.7386453846457797,2.026279814287644,-2.028078654660522,-0.834802005538098,0.5503062743612419
4113.0,-0.6851324245050631,-0.7508085418917854,2.030819707038021,-2.019639999103809,-0.8357870473491811,0.5490916658407226
4114.0,-0.6851324245050631,-0.7508085418917854,2.030819707038021,-2.019639999103809,-0.8357870473491811,0.5490916658407226
4115.0,-0.6852917450074318,-0.7649551315943366,2.0331208378045798,-2.007697515189196,-0.8359047508224003,0.5489469530095337
4116.0,-0.6854510655098006,-0.7791017212968879,2.0354219685711388,-1.9957550312745826,-0.8360224542956196,0.5488022401783448
4117.0,-0.6854510655098006,-0.7791017212968879,2.0354219685711388,-1.9957550312745826,-0.8360224542956196,0.5488022401783448
4118.0,-0.6804408121093299,-0.7822372235567632,2.0263141239884233,-1.9865954323157715,-0.8323310279732303,0.5533832368204746
4119.0,-0.6754305587088594,-0.7853727258166383,2.017206279405708,-1.9774358333569602,-0.8286396016508409,0.5579642334626045
4120.0,-0.6754305587088594,-0.7853727258166383,2.017206279405708,-1.9774358333569602,-0.8286396016508409,0.5579642334626045
4121.0,-0.6798794138882946,-0.795157781393951,2.026698806334207,-1.9744017628639159,-0.8319163685676451,0.5538934561505435
4122.0,-0.68432826906773,-0.8049428369712636,2.0361913332627055,-1.9713676923708716,-0.8351931354844492,0.5498226788384826
4123.0,-0.68432826906773,-0.8049428369712636,2.0361913332627055,-1.9713676923708716,-0.8351931354844492,0.5498226788384826
4124.0,-0.6826968583805257,-0.8160549429089444,2.0340045205790247,-1.9590680093447843,-0.8339896199530493,0.5513097979376219
4125.0,-0.6810654476933214,-0.8271670488466253,2.031817707895344,-1.9467683263186968,-0.8327861044216495,0.5527969170367613
4126.0,-0.6810654476933214,-0.8271670488466253,2.031817707895344,-1.9467683263186968,-0.8327861044216495,0.5527969170367613
4127.0,-0.6763690869923425,-0.8309182564573094,2.0228665431991963,-1.9369819424656647,-0.8293339471559669,0.5571144942976858
4128.0,-0.6716727262913637,-0.8346694640679937,2.0139153785030484,-1.9271955586126326,-0.8258817898902844,0.5614320715586102
4129.0,-0.6716727262913637,-0.8346694640679937,2.0139153785030484,-1.9271955586126326,-0.8258817898902844,0.5614320715586102
4130.0,-0.6676805460711484,-0.8234637869600199,2.0051730914430057,-1.9321843488472021,-0.8229620323602899,0.5651455836365246
4131.0,-0.6636883658509329,-0.812258109852046,1.9964308043829628,-1.9371731390817715,-0.8200422748302953,0.5688590957144389
4132.0,-0.6636883658509329,-0.812258109852046,1.9964308043829628,-1.9371731390817715,-0.8200422748302953,0.5688590957144389
4133.0,-0.6675139380130293,-0.8072999402781253,2.0036931401210634,-1.946972775346009,-0.8228399063392762,0.5652997596461224
4134.0,-0.6713395101751255,-0.8023417707042045,2.0109554758591637,-1.9567724116102467,-0.825637537848257,0.5617404235778061
4135.0,-0.6713395101751255,-0.8023417707042045,2.0109554758591637,-1.9567724116102467,-0.825637537848257,0.5617404235778061
4136.0,-0.666950735866781,-0.7876830482170734,2.0006603913670618,-1.9639166563660764,-0.8224291098324494,0.5658268715872646
4137.0,-0.6625619615584365,-0.7730243257299422,1.9903653068749598,-1.971060901121906,-0.8192206818166419,0.5699133195967232
4138.0,-0.6625619615584365,-0.7730243257299422,1.9903653068749598,-1.971060901121906,-0.8192206818166419,0.5699133195967232
4139.0,-0.6558699830374173,-0.7689096834095056,1.9760151798699206,-1.965167285601118,-0.8143610879790928,0.5762393669163018
4140.0,-0.6491780045163981,-0.764795041089069,1.9616650528648816,-1.95927367008033,-0.8095014941415438,0.5825654142358805
4141.0,-0.6491780045163981,-0.764795041089069,1.9616650528648816,-1.95927367008033,-0.8095014941415438,0.5825654142358805
4142.0,-0.6468469565645638,-0.7522629794384,1.9550135966710405,-1.9666960783869973,-0.8078182122941424,0.5847964393231506
4143.0,-0.6445159086127296,-0.739730917787731,1.9483621404771994,-1.9741184866936647,-0.8061349304467409,0.5870274644104209
4144.0,-0.6445159086127296,-0.739730917787731,1.9483621404771994,-1.9741184866936647,-0.8061349304467409,0.5870274644104209
4145.0,-0.640546612640813,-0.7325217599162452,1.93862153638138,-1.9742480471779031,-0.8032802013372915,0.5908598029571026
4146.0,-0.6365773166688966,-0.7253126020447594,1.9288809322855605,-1.9743776076621415,-0.8004254722278422,0.5946921415037842
4147.0,-0.6365773166688966,-0.7253126020447594,1.9288809322855605,-1.9743776076621415,-0.8004254722278422,0.5946921415037842
4148.0,-0.6321117388307678,-0.7273211698847325,1.919145866565108,-1.9656819695785144,-0.7972315756628258,0.5990545559883156
4149.0,-0.6276461609926388,-0.7293297377247056,1.9094108008446553,-1.9569863314948872,-0.7940376790978093,0.603416970472847
4150.0,-0.6276461609926388,-0.7293297377247056,1.9094108008446553,-1.9569863314948872,-0.7940376790978093,0.603416970472847
4151.0,-0.6318708541887339,-0.738570540661871,1.9202456801040861,-1.9556953693500587,-0.7970588051079621,0.5992885054615051
4152.0,-0.636095547384829,-0.7478113435990364,1.931080559363517,-1.9544044072052302,-0.800079931118115,0.5951600404501632
4153.0,-0.636095547384829,-0.7478113435990364,1.931080559363517,-1.9544044072052302,-0.800079931118115,0.5951600404501632
4154.0,-0.6372416771099576,-0.7601933325599639,1.9350759868861926,-1.945244060631774,-0.8009024619525749,0.5940483750502835
4155.0,-0.6383878068350863,-0.7725753215208913,1.9390714144088685,-1.9360837140583178,-0.8017249927870348,0.5929367096504038
4156.0,-0.6383878068350863,-0.7725753215208913,1.9390714144088685,-1.9360837140583178,-0.8017249927870348,0.5929367096504038
4157.0,-0.6395029504485603,-0.7840675835920098,1.9425680517398864,-1.9273388153690978,-0.8025264679469419,0.5918584660459894
4158.0,-0.6406180940620342,-0.7955598456631283,1.9460646890709044,-1.9185939166798778,-0.8033279431068491,0.590780222441575
4159.0,-0.6406180940620342,-0.7955598456631283,1.9460646890709044,-1.9185939166798778,-0.8033279431068491,0.590780222441575
4160.0,-0.6453546755902138,-0.8045597366964976,1.9570435437280655,-1.9174299100062386,-0.8067450354340167,0.586237431024311
4161.0,-0.6500912571183934,-0.8135596277298669,1.9680223983852267,-1.9162659033325995,-0.8101621277611842,0.581694639607047
4162.0,-0.6500912571183934,-0.8135596277298669,1.9680223983852267,-1.9162659033325995,-0.8101621277611842,0.581694639607047
4163.0,-0.6546376706179738,-0.8247455417581053,1.9782402818817446,-1.912340393084237,-0.8134611706798618,0.577389662554902
4164.0,-0.6591840841175542,-0.8359314557863439,1.9884581653782625,-1.9084148828358747,-0.8167602135985393,0.5730846855027569
4165.0,-0.6591840841175542,-0.8359314557863439,1.9884581653782625,-1.9084148828358747,-0.8167602135985393,0.5730846855027569
4166.0,-0.6574334053544668,-0.8457464443625744,1.9849947188251191,-1.8962684826395262,-0.8154876688387515,0.5747360514640691
4167.0,-0.6556827265913795,-0.8555614329388049,1.9815312722719758,-1.8841220824431775,-0.8142151240789636,0.5763874174253814
4168.0,-0.6556827265913795,-0.8555614329388049,1.9815312722719758,-1.8841220824431775,-0.8142151240789636,0.5763874174253814
4169.0,-0.6608533473566852,-0.8623580623961173,1.9924675150412563,-1.8849425801550972,-0.8179813680531185,0.5715328041720484
4170.0,-0.6660239681219909,-0.8691546918534299,2.0034037578105366,-1.885763077867017,-0.8217476120272735,0.5666781909187154
4171.0,-0.6660239681219909,-0.8691546918534299,2.0034037578105366,-1.885763077867017,-0.8217476120272735,0.5666781909187154
4172.0,-0.6695350307909642,-0.8643247745987684,2.0104867718662334,-1.8954637833797552,-0.8243182992659106,0.5634204193298705
4173.0,-0.6730460934599376,-0.859494857344107,2.01756978592193,-1.9051644888924937,-0.8268889865045478,0.5601626477410256
4174.0,-0.6730460934599376,-0.859494857344107,2.01756978592193,-1.9051644888924937,-0.8268889865045478,0.5601626477410256
4175.0,-0.6795880405376338,-0.8654586172586709,2.0304843567756237,-1.9080813727455772,-0.8317065783173632,0.5541742841744051
4176.0,-0.6861299876153301,-0.8714223771732349,2.0433989276293176,-1.9109982565986607,-0.8365241701301787,0.5481859206077844
4177.0,-0.6861299876153301,-0.8714223771732349,2.0433989276293176,-1.9109982565986607,-0.8365241701301787,0.5481859206077844
4178.0,-0.6831962530648399,-0.881633723933016,2.0377263724748818,-1.8969093384517182,-0.8343593092212568,0.5508583998310912
4179.0,-0.6802625185143497,-0.8918450706927971,2.032053817320446,-1.8828204203047754,-0.8321944483123349,0.553530879054398
4180.0,-0.6802625185143497,-0.8918450706927971,2.032053817320446,-1.8828204203047754,-0.8321944483123349,0.553530879054398
4181.0,-0.6830127401386192,-0.9054494360890539,2.0370745980171714,-1.8725534694636803,-0.8342236834920989,0.5510249565890218
4182.0,-0.6857629617628886,-0.9190538014853109,2.042095378713897,-1.8622865186225854,-0.8362529186718628,0.5485190341236457
4183.0,-0.6857629617628886,-0.9190538014853109,2.042095378713897,-1.8622865186225854,-0.8362529186718628,0.5485190341236457
4184.0,-0.6812089520030222,-0.9235833214465302,2.0327542057368975,-1.851214063912045,-0.832896151397236,0.5526785403059029
4185.0,-0.6766549422431559,-0.9281128414077495,2.023413032759898,-1.8401416092015044,-0.8295393841226093,0.5568380464881602
4186.0,-0.6766549422431559,-0.9281128414077495,2.023413032759898,-1.8401416092015044,-0.8295393841226093,0.5568380464881602
4187.0,-0.6739282640074454,-0.9180555200395067,2.018364908515645,-1.8468527399152759,-0.8275379176686852,0.5593530717093245
4188.0,-0.6712015857717349,-0.907998198671264,2.0133167842713915,-1.8535638706290474,-0.825536451214761,0.5618680969304888
4189.0,-0.6712015857717349,-0.907998198671264,2.0133167842713915,-1.8535638706290474,-0.825536451214761,0.5618680969304888
4190.0,-0.6665056916271157,-0.9079425111052426,2.003435920826147,-1.846716763165677,-0.8221044089307117,0.5662431867968573
4191.0,-0.6618097974824966,-0.9078868235392213,1.9935550573809027,-1.8398696557023064,-0.8186723666466622,0.5706182766632257
4192.0,-0.6618097974824966,-0.9078868235392213,1.9935550573809027,-1.8398696557023064,-0.8186723666466622,0.5706182766632257
4193.0,-0.656154235285151,-0.9102322114006789,1.980943020516195,-1.828579304689132,-0.814564634876823,0.5759624003114878
4194.0,-0.6504986730878056,-0.9125775992621364,1.9683309836514875,-1.8172889536759578,-0.8104569031069836,0.58130652395975
4195.0,-0.6504986730878056,-0.9125775992621364,1.9683309836514875,-1.8172889536759578,-0.8104569031069836,0.58130652395975
4196.0,-0.645338714861952,-0.9074602112601287,1.956804537528651,-1.8143039250061652,-0.8067344179218415,0.5862554898078557
4197.0,-0.6401787566360984,-0.902342823258121,1.9452780914058145,-1.8113188963363727,-0.8030119327366995,0.5912044556559614
4198.0,-0.6401787566360984,-0.902342823258121,1.9452780914058145,-1.8113188963363727,-0.8030119327366995,0.5912044556559614
4199.0,-0.6410664493659517,-0.894361039550773,1.947840155735237,-1.8212683681355994,-0.8036506148253967,0.59034806094711
4200.0,-0.641954142095805,-0.8863792558434249,1.9504022200646591,-1.8312178399348262,-0.8042892969140939,0.5894916662382587
4201.0,-0.641954142095805,-0.8863792558434249,1.9504022200646591,-1.8312178399348262,-0.8042892969140939,0.5894916662382587
4202.0,-0.6373476684750371,-0.8839196225506203,1.9396560228606052,-1.8260405164395899,-0.8009831747785472,0.5939589666794023
4203.0,-0.6327411948542692,-0.8814599892578155,1.9289098256565511,-1.8208631929443535,-0.7976770526430004,0.598426267120546
4204.0,-0.6327411948542692,-0.8814599892578155,1.9289098256565511,-1.8208631929443535,-0.7976770526430004,0.598426267120546
4205.0,-0.6272669605799852,-0.8749808844097917,1.9157779605602627,-1.817985720821977,-0.7937745238390834,0.60381050679524
4206.0,-0.6217927263057011,-0.868501779561768,1.9026460954639741,-1.8151082486996004,-0.7898719950351665,0.609194746469934
4207.0,-0.6217927263057011,-0.868501779561768,1.9026460954639741,-1.8151082486996004,-0.7898719950351665,0.609194746469934
4208.0,-0.6182005856828283,-0.8569741332190175,1.893960307109452,-1.82047553237894,-0.7873271104949904,0.6127731278620236
4209.0,-0.6146084450599555,-0.8454464868762669,1.8852745187549298,-1.8258428160582798,-0.7847822259548144,0.6163515092541132
4210.0,-0.6146084450599555,-0.8454464868762669,1.8852745187549298,-1.8258428160582798,-0.7847822259548144,0.6163515092541132
4211.0,-0.6116839582288167,-0.8340472318237719,1.8778613036024552,-1.831913502866008,-0.7827198874452341,0.6192917705635003
4212.0,-0.6087594713976778,-0.8226479767712769,1.8704480884499806,-1.8379841896737366,-0.780657548935654,0.6222320318728873
4213.0,-0.6087594713976778,-0.8226479767712769,1.8704480884499806,-1.8379841896737366,-0.780657548935654,0.6222320318728873
4214.0,-0.6062221575654065,-0.826908626394462,1.8636820512946195,-1.8287872049619254,-0.7788753006556498,0.6248028999505564
4215.0,-0.6036848437331352,-0.8311692760176473,1.8569160141392587,-1.819590220250114,-0.7770930523756456,0.6273737680282254
4216.0,-0.6036848437331352,-0.8311692760176473,1.8569160141392587,-1.819590220250114,-0.7770930523756456,0.6273737680282254
4217.0,-0.601414012936213,-0.81991035263534,1.8508742575985508,-1.8264616621739114,-0.7755036275629739,0.6296904526546219
4218.0,-0.5991431821392907,-0.8086514292530325,1.844832501057843,-1.8333331040977088,-0.7739142027503021,0.6320071372810183
4219.0,-0.5991431821392907,-0.8086514292530325,1.844832501057843,-1.8333331040977088,-0.7739142027503021,0.6320071372810183
4220.0,-0.5939778603195122,-0.8148077776738072,1.8305791840911643,-1.816725106157091,-0.7703119696061895,0.637313467675548
4221.0,-0.5939778603195122,-0.8148077776738072,1.8305791840911643,-1.816725106157091,-0.7703119696061895,0.637313467675548
4222.0,-0.5944573769083337,-0.8237347182146498,1.831691130301688,-1.8085556197080042,-0.7706458459134249,0.6368193751181719
4223.0,-0.5949368934971551,-0.8326616587554925,1.8328030765122119,-1.8003861332589173,-0.7709797222206602,0.6363252825607959
4224.0,-0.5949368934971551,-0.8326616587554925,1.8328030765122119,-1.8003861332589173,-0.7709797222206602,0.6363252825607959
4225.0,-0.5916717429600431,-0.8341585692349299,1.8233637244988585,-1.7918779404948235,-0.7687111274154189,0.639703182491139
4226.0,-0.588406592422931,-0.8356554797143674,1.8139243724855052,-1.7833697477307298,-0.7664425326101776,0.643081082421482
4227.0,-0.588406592422931,-0.8356554797143674,1.8139243724855052,-1.7833697477307298,-0.7664425326101776,0.643081082421482
4228.0,-0.5885068991971577,-0.8511655651717664,1.8131173727749634,-1.7669775645770478,-0.766512051790516,0.642976831565425
4229.0,-0.5885068991971577,-0.8511655651717664,1.8131173727749634,-1.7669775645770478,-0.766512051790516,0.642976831565425
4230.0,-0.5856547811169616,-0.8545998340364481,1.8041957729252398,-1.7567696781228617,-0.7645396828523081,0.6459530986724078
4231.0,-0.5828026630367654,-0.8580341029011298,1.7952741730755162,-1.7465617916686753,-0.7625673139141003,0.6489293657793908
4232.0,-0.5828026630367654,-0.8580341029011298,1.7952741730755162,-1.7465617916686753,-0.7625673139141003,0.6489293657793908
4233.0,-0.580833134704227,-0.8459282540286424,1.7903451747606547,-1.7552369875972182,-0.7612104588174322,0.6509989382009265
4234.0,-0.5788636063716885,-0.8338224051561548,1.7854161764457932,-1.7639121835257612,-0.759853603720764,0.6530685106224621
4235.0,-0.5788636063716885,-0.8338224051561548,1.7854161764457932,-1.7639121835257612,-0.759853603720764,0.6530685106224621
4236.0,-0.5751856913459532,-0.8224267425081184,1.7746707873889198,-1.7673940705382352,-0.7573314596681122,0.6569651352798636
4237.0,-0.571507776320218,-0.8110310798600819,1.7639253983320462,-1.7708759575507091,-0.7548093156154603,0.660861759937265
4238.0,-0.571507776320218,-0.8110310798600819,1.7639253983320462,-1.7708759575507091,-0.7548093156154603,0.660861759937265
4239.0,-0.575279008747857,-0.8118750464295167,1.7755548865004513,-1.7787586517817295,-0.7573956860417796,0.6568668524530561
4240.0,-0.5790502411754959,-0.8127190129989514,1.7871843746688563,-1.78664134601275,-0.759982056468099,0.6528719449688473
4241.0,-0.5790502411754959,-0.8127190129989514,1.7871843746688563,-1.78664134601275,-0.759982056468099,0.6528719449688473
4242.0,-0.5825705621362431,-0.813406667899038,1.7976254575052204,-1.7937262849952864,-0.7624105818088097,0.6491819915524569
4243.0,-0.5860908830969903,-0.8140943227991246,1.8080665403415848,-1.800811223977823,-0.7648391071495204,0.6454920381360666
4244.0,-0.5860908830969903,-0.8140943227991246,1.8080665403415848,-1.800811223977823,-0.7648391071495204,0.6454920381360666
4245.0,-0.5865415040438958,-0.8041846897452299,1.8094597275874604,-1.811775308166228,-0.7651509499730731,0.6450224048067875
4246.0,-0.5869921249908013,-0.7942750566913352,1.810852914833336,-1.8227393923546333,-0.7654627927966259,0.6445527714775084
4247.0,-0.5869921249908013,-0.7942750566913352,1.810852914833336,-1.8227393923546333,-0.7654627927966259,0.6445527714775084
4248.0,-0.5824751859134536,-0.7923780131078829,1.7976001569543258,-1.8148083323249518,-0.7623469872097735,0.6492880376621099
4249.0,-0.577958246836106,-0.7904809695244306,1.7843473990753156,-1.8068772722952702,-0.7592311816229209,0.6540233038467113
4250.0,-0.577958246836106,-0.7904809695244306,1.7843473990753156,-1.8068772722952702,-0.7592311816229209,0.6540233038467113
4251.0,-0.5736060111042395,-0.7843673842529022,1.771020317726152,-1.80302561135156,-0.7562504440172227,0.6586448932288023
4252.0,-0.569253775372373,-0.7782537989813738,1.7576932363769884,-1.7991739504078499,-0.7532697064115246,0.6632664826108932
4253.0,-0.569253775372373,-0.7782537989813738,1.7576932363769884,-1.7991739504078499,-0.7532697064115246,0.6632664826108932
4254.0,-0.5662677359781452,-0.7684659135203703,1.7481553014706033,-1.8017661661307596,-0.751237096501489,0.6664713434569216
4255.0,-0.5632816965839172,-0.7586780280593668,1.7386173665642182,-1.8043583818536693,-0.7492044865914533,0.6696762043029502
4256.0,-0.5632816965839172,-0.7586780280593668,1.7386173665642182,-1.8043583818536693,-0.7492044865914533,0.6696762043029502
4257.0,-0.5625998647348829,-0.7661003461396545,1.7364626715475722,-1.7953203186668358,-0.7487418036587182,0.6704119258659669
4258.0,-0.5619180328858484,-0.7735226642199421,1.734307976530926,-1.7862822554800024,-0.7482791207259831,0.6711476474289835
4259.0,-0.5619180328858484,-0.7735226642199421,1.734307976530926,-1.7862822554800024,-0.7482791207259831,0.6711476474289835
4260.0,-0.5631533311133704,-0.7902355542338945,1.737976981793368,-1.7722618056214645,-0.7491173333108823,0.6698145904489385
4261.0,-0.5631533311133704,-0.7902355542338945,1.737976981793368,-1.7722618056214645,-0.7491173333108823,0.6698145904489385
4262.0,-0.5586077395253083,-0.7764293247394625,1.7231447370913173,-1.7748589716252856,-0.7460433699782123,0.6747482080510365
4263.0,-0.5540621479372462,-0.7626230952450305,1.7083124923892667,-1.7774561376291067,-0.7429694066455425,0.6796818256531346
4264.0,-0.5540621479372462,-0.7626230952450305,1.7083124923892667,-1.7774561376291067,-0.7429694066455425,0.6796818256531346
4265.0,-0.5506739826729521,-0.7542717102090996,1.696554639806998,-1.7768050656236765,-0.7406975763484128,0.683411523377017
4266.0,-0.547285817408658,-0.7459203251731686,1.684796787224729,-1.776153993618246,-0.7384257460512832,0.6871412211008994
4267.0,-0.5438976521443639,-0.7375689401372377,1.6730389346424601,-1.7755029216128158,-0.7361539157541536,0.6908709188247818
4268.0,-0.5438976521443639,-0.7375689401372377,1.6730389346424601,-1.7755029216128158,-0.7361539157541536,0.6908709188247818
4269.0,-0.5473056726048684,-0.7363702767073231,1.6846971152336794,-1.7855883943493336,-0.7384391202879332,0.6871195281749738
4270.0,-0.5507136930653729,-0.7351716132774087,1.6963552958248984,-1.7956738670858516,-0.740724324821713,0.6833681375251658
4271.0,-0.5541217135258774,-0.7339729498474941,1.7080134764161177,-1.8057593398223695,-0.7430095293554927,0.6796167468753578
4272.0,-0.5541217135258774,-0.7339729498474941,1.7080134764161177,-1.8057593398223695,-0.7430095293554927,0.6796167468753578
4273.0,-0.5557686608957502,-0.7284443303960492,1.713106602313276,-1.8150605547936483,-0.7441205316871973,0.6778217789246608
4274.0,-0.5574156082656229,-0.7229157109446043,1.7181997282104344,-1.824361769764927,-0.7452315340189017,0.6760268109739637
4275.0,-0.5574156082656229,-0.7229157109446043,1.7181997282104344,-1.824361769764927,-0.7452315340189017,0.6760268109739637
4276.0,-0.5607475273379462,-0.7319902283782264,1.7293610717371881,-1.8238046648721187,-0.7474889319754363,0.6724217856610571
4277.0,-0.5640794464102695,-0.7410647458118484,1.7405224152639418,-1.82324755997931,-0.7497463299319709,0.6688167603481506
4278.0,-0.5640794464102695,-0.7410647458118484,1.7405224152639418,-1.82324755997931,-0.7497463299319709,0.6688167603481506
4279.0,-0.566632317766059,-0.7374703509927234,1.7482033267889312,-1.8325218816084878,-0.7514846166868476,0.6660782406679007
4280.0,-0.5691851891218485,-0.7338759561735984,1.7558842383139208,-1.8417962032376654,-0.7532229034417243,0.6633397209876508
4281.0,-0.5691851891218485,-0.7338759561735984,1.7558842383139208,-1.8417962032376654,-0.7532229034417243,0.6633397209876508
4282.0,-0.5679029788497133,-0.7227547616945371,1.7510164558016184,-1.8490519748656014,-0.7523488928104185,0.6647126424641268
4283.0,-0.5666207685775781,-0.711633567215476,1.746148673289316,-1.8563077464935374,-0.7514748821791128,0.6660855639406027
4284.0,-0.5666207685775781,-0.711633567215476,1.746148673289316,-1.8563077464935374,-0.7514748821791128,0.6660855639406027
4285.0,-0.563241605409616,-0.7001823436296897,1.7344150018082556,-1.8586927737125662,-0.7491805746713374,0.669728408648737
4286.0,-0.5598624422416538,-0.6887311200439032,1.722681330327195,-1.8610778009315951,-0.746886267163562,0.6733712533568711
4287.0,-0.5598624422416538,-0.6887311200439032,1.722681330327195,-1.8610778009315951,-0.746886267163562,0.6733712533568711
4288.0,-0.5613997638663957,-0.682296856214746,1.7265513767643703,-1.8701638606423399,-0.7479284014390276,0.6717094854909046
4289.0,-0.5629370854911376,-0.6758625923855887,1.7304214232015456,-1.8792499203530846,-0.7489705357144932,0.6700477176249381
4290.0,-0.5629370854911376,-0.6758625923855887,1.7304214232015456,-1.8792499203530846,-0.7489705357144932,0.6700477176249381
4291.0,-0.5650535464962334,-0.6691943925616011,1.7357173832342032,-1.8895496970342738,-0.7504097432132059,0.6677721386100706
4292.0,-0.5671700075013293,-0.6625261927376136,1.7410133432668606,-1.899849473715463,-0.7518489507119185,0.6654965595952032
4293.0,-0.5671700075013293,-0.6625261927376136,1.7410133432668606,-1.899849473715463,-0.7518489507119185,0.6654965595952032
4294.0,-0.5712470097028626,-0.6641931512526439,1.7531708586262824,-1.9071751958876764,-0.7546357589078629,0.6611523924482335
4295.0,-0.5753240119043957,-0.6658601097676742,1.765328373985704,-1.9145009180598898,-0.7574225671038073,0.6568082253012639
4296.0,-0.5753240119043957,-0.6658601097676742,1.765328373985704,-1.9145009180598898,-0.7574225671038073,0.6568082253012639
4297.0,-0.579580498768288,-0.6730664802474833,1.7785051253461623,-1.9172244175049673,-0.7603519229549318,0.6523272891669767
4298.0,-0.5838369856321802,-0.6802728507272925,1.7916818767066207,-1.9199479169500449,-0.7632812788060565,0.6478463530326894
4299.0,-0.5838369856321802,-0.6802728507272925,1.7916818767066207,-1.9199479169500449,-0.7632812788060565,0.6478463530326894
4300.0,-0.5848232187047533,-0.6901364753025401,1.7959442745511254,-1.9136026272742601,-0.7639628588257023,0.6468159446545156
4301.0,-0.5858094517773265,-0.7000000998777878,1.8002066723956298,-1.9072573375984754,-0.764644438845348,0.6457855362763419
4302.0,-0.5858094517773265,-0.7000000998777878,1.8002066723956298,-1.9072573375984754,-0.764644438845348,0.6457855362763419
4303.0,-0.5897443311313564,-0.7083318371575934,1.8119926249224754,-1.9077735581360769,-0.767374282604077,0.6417035048020909
4304.0,-0.5936792104853864,-0.716663574437399,1.823778577449321,-1.9082897786736783,-0.7701041263628059,0.6376214733278399
4305.0,-0.5936792104853864,-0.716663574437399,1.823778577449321,-1.9082897786736783,-0.7701041263628059,0.6376214733278399
4306.0,-0.5957222412283973,-0.7101159226022122,1.8282149732478523,-1.917767468537226,-0.7715280081733471,0.6355201216348048
4307.0,-0.5977652719714084,-0.7035682707670255,1.8326513690463837,-1.9272451584007735,-0.7729518899838883,0.6334187699417697
4308.0,-0.5977652719714084,-0.7035682707670255,1.8326513690463837,-1.9272451584007735,-0.7729518899838883,0.6334187699417697
4309.0,-0.6021073338717928,-0.7032090758761601,1.8436387317697118,-1.9354331917991154,-0.7759925838296509,0.6289933970994244
4310.0,-0.6064493957721774,-0.7028498809852947,1.8546260944930402,-1.9436212251974574,-0.7790332776754135,0.6245680242570791
4311.0,-0.6064493957721774,-0.7028498809852947,1.8546260944930402,-1.9436212251974574,-0.7790332776754135,0.6245680242570791
4312.0,-0.6069948600533771,-0.7130516620961282,1.8575193736315856,-1.9359200385845867,-0.7794166370860003,0.6240159697357717
4313.0,-0.6075403243345768,-0.7232534432069617,1.8604126527701312,-1.928218851971716,-0.7797999964965869,0.6234639152144643
4314.0,-0.6075403243345768,-0.7232534432069617,1.8604126527701312,-1.928218851971716,-0.7797999964965869,0.6234639152144643
4315.0,-0.6059916578135247,-0.7385932577614935,1.8584513584000126,-1.9120331652488352,-0.7787117551655431,0.6250317867997811
4316.0,-0.6059916578135247,-0.7385932577614935,1.8584513584000126,-1.9120331652488352,-0.7787117551655431,0.6250317867997811
4317.0,-0.6106630216350996,-0.7423142722594016,1.870484291322387,-1.9170079780688172,-0.7820035569495989,0.6203283886472755
4318.0,-0.6153343854566744,-0.7460352867573096,1.8825172242447614,-1.9219827908887992,-0.7852953587336546,0.6156249904947698
4319.0,-0.6153343854566744,-0.7460352867573096,1.8825172242447614,-1.9219827908887992,-0.7852953587336546,0.6156249904947698
4320.0,-0.6195922922027147,-0.7464099621944866,1.8927390847229888,-1.928845339572532,-0.7883148405611194,0.6113917298120612
4321.0,-0.623850198948755,-0.7467846376316637,1.9029609452012164,-1.9357078882562648,-0.7913343223885843,0.6071584691293527
4322.0,-0.623850198948755,-0.7467846376316637,1.9029609452012164,-1.9357078882562648,-0.7913343223885843,0.6071584691293527
4323.0,-0.6262327481967827,-0.7607078216750445,1.9100026157854053,-1.9271796931594412,-0.793031653181878,0.6048117330436731
4324.0,-0.6286152974448103,-0.7746310057184251,1.917044286369594,-1.9186514980626175,-0.7947289839751717,0.6024649969579936
4325.0,-0.6286152974448103,-0.7746310057184251,1.917044286369594,-1.9186514980626175,-0.7947289839751717,0.6024649969579936
4326.0,-0.6274012981629851,-0.7855263054012783,1.9150099038700839,-1.9065587775824049,-0.793863441412745,0.6036587873011743
4327.0,-0.6261872988811598,-0.7964216050841315,1.9129755213705737,-1.8944660571021923,-0.7929978988503184,0.6048525776443548
4328.0,-0.6261872988811598,-0.7964216050841315,1.9129755213705737,-1.8944660571021923,-0.7929978988503184,0.6048525776443548
4329.0,-0.625729482969491,-0.807121867566162,1.9123508841479766,-1.883457911179917,-0.7926718615321754,0.6053038292998467
4330.0,-0.6252716670578223,-0.8178221300481925,1.9117262469253795,-1.8724497652576417,-0.7923458242140324,0.6057550809553387
4331.0,-0.6252716670578223,-0.8178221300481925,1.9117262469253795,-1.8724497652576417,-0.7923458242140324,0.6057550809553387
4332.0,-0.6307587745137775,-0.8284639443798406,1.924886167511013,-1.8712117795093173,-0.7962667843005435,0.6003845449774983
4333.0,-0.6362458819697328,-0.8391057587114887,1.9380460880966466,-1.869973793760993,-0.8001877443870546,0.5950140089996577
4334.0,-0.6362458819697328,-0.8391057587114887,1.9380460880966466,-1.869973793760993,-0.8001877443870546,0.5950140089996577
4335.0,-0.6371904601496166,-0.8486864945865511,1.9402298158943891,-1.8619390043452664,-0.8008656071904501,0.5940977693512238
4336.0,-0.6381350383295004,-0.8582672304616136,1.9424135436921317,-1.8539042149295395,-0.8015434699938454,0.5931815297027899
4337.0,-0.6381350383295004,-0.8582672304616136,1.9424135436921317,-1.8539042149295395,-0.8015434699938454,0.5931815297027899
4338.0,-0.6338284010544912,-0.856500472252828,1.9322728647481344,-1.848459088347714,-0.7984597322670237,0.5973786151401851
4339.0,-0.629521763779482,-0.8547337140440423,1.9221321858041371,-1.8430139617658887,-0.7953759945402021,0.6015757005775803
4340.0,-0.629521763779482,-0.8547337140440423,1.9221321858041371,-1.8430139617658887,-0.7953759945402021,0.6015757005775803
4341.0,-0.6357502567440371,-0.8575378260802139,1.9364958189550996,-1.85038272727201,-0.7998505546510015,0.5955478562163014
4342.0,-0.6419787497085923,-0.8603419381163855,1.950859452106062,-1.8577514927781313,-0.8043251147618008,0.5895200118550225
4343.0,-0.6482072426731473,-0.8631460501525571,1.9652230852570245,-1.8651202582842525,-0.8087996748726002,0.5834921674937436
4344.0,-0.6482072426731473,-0.8631460501525571,1.9652230852570245,-1.8651202582842525,-0.8087996748726002,0.5834921674937436
4345.0,-0.6526558867018553,-0.8697932035232819,1.9748786309450754,-1.8652224491211724,-0.8120238162405868,0.5792682639265277
4346.0,-0.6571045307305633,-0.8764403568940068,1.9845341766331264,-1.865324639958092,-0.8152479576085734,0.575044360359312
4347.0,-0.6571045307305633,-0.8764403568940068,1.9845341766331264,-1.865324639958092,-0.8152479576085734,0.575044360359312
4348.0,-0.6524106375561962,-0.8624378638891916,1.9739856260975774,-1.871877691666204,-0.8118566503370237,0.5795316953279471
4349.0,-0.6477167443818292,-0.8484353708843764,1.9634370755620285,-1.8784307433743161,-0.8084653430654739,0.5840190302965824
4350.0,-0.6430228512074623,-0.8344328778795611,1.9528885250264794,-1.884983795082428,-0.8050740357939241,0.5885063652652176
4351.0,-0.6383289580330952,-0.820430384874746,1.9423399744909304,-1.89153684679054,-0.8016827285223744,0.5929937002338528
4352.0,-0.6383289580330952,-0.820430384874746,1.9423399744909304,-1.89153684679054,-0.8016827285223744,0.5929937002338528
4353.0,-0.6420927023786436,-0.8103944886384584,1.9499861106760785,-1.9067140313298798,-0.8043955917372791,0.5893770101478603
4354.0,-0.645856446724192,-0.8003585924021708,1.9576322468612268,-1.9218912158692194,-0.8071084549521838,0.5857603200618678
4355.0,-0.6496201910697403,-0.7903226961658832,1.965278383046375,-1.9370684004085592,-0.8098213181670885,0.5821436299758753
4356.0,-0.6496201910697403,-0.7903226961658832,1.965278383046375,-1.9370684004085592,-0.8098213181670885,0.5821436299758753
4357.0,-0.65459111237259,-0.7810773478599019,1.974342090986526,-1.9521775412630946,-0.8134391995856092,0.5774681106973276
4358.0,-0.6595620336754399,-0.7718319995539206,1.9834057989266767,-1.96728668211763,-0.8170570810041299,0.5727925914187799
4359.0,-0.6645329549782897,-0.7625866512479392,1.9924695068668277,-1.9823958229721654,-0.8206749624226506,0.5681170721402322
4360.0,-0.6695038762811394,-0.7533413029419579,2.0015332148069787,-1.9975049638267008,-0.8242928438411713,0.5634415528616845
4361.0,-0.6695038762811394,-0.7533413029419579,2.0015332148069787,-1.9975049638267008,-0.8242928438411713,0.5634415528616845
4362.0,-0.6624960391790251,-0.744390444070806,1.9852865890116353,-1.9948296498404534,-0.8192278190741233,0.5701351465496534
4363.0,-0.6554882020769107,-0.735439585199654,1.9690399632162918,-1.9921543358542058,-0.8141627943070755,0.5768287402376222
4364.0,-0.6484803649747964,-0.7264887263285021,1.9527933374209483,-1.9894790218679583,-0.8090977695400277,0.583522333925591
4365.0,-0.6414725278726822,-0.7175378674573503,1.936546711625605,-1.986803707881711,-0.8040327447729797,0.59021592761356
4366.0,-0.6344646907705678,-0.7085870085861983,1.9203000858302617,-1.9841283938954632,-0.7989677200059319,0.5969095213015289
4367.0,-0.6274568536684535,-0.6996361497150464,1.9040534600349182,-1.9814530799092158,-0.7939026952388839,0.6036031149894977
4368.0,-0.6274568536684535,-0.6996361497150464,1.9040534600349182,-1.9814530799092158,-0.7939026952388839,0.6036031149894977
4369.0,-0.6235152677107025,-0.7059670842372934,1.895899876857661,-1.969720086338709,-0.7911037542520724,0.6075111705435833
4370.0,-0.6195736817529517,-0.7122980187595402,1.8877462936804035,-1.9579870927682024,-0.7883048132652609,0.6114192260976687
4371.0,-0.6156320957952007,-0.7186289532817872,1.8795927105031462,-1.9462540991976955,-0.7855058722784494,0.6153272816517543
4372.0,-0.6156320957952007,-0.7186289532817872,1.8795927105031462,-1.9462540991976955,-0.7855058722784494,0.6153272816517543
4373.0,-0.6097680674610547,-0.7085048403466339,1.8631353648140214,-1.9441706809510162,-0.7813940758266222,0.6212888968246906
4374.0,-0.6039040391269087,-0.6983807274114806,1.8466780191248966,-1.9420872627043368,-0.7772822793747952,0.6272505119976267
4375.0,-0.5980400107927627,-0.6882566144763274,1.8302206734357716,-1.9400038444576575,-0.7731704829229682,0.6332121271705629
4376.0,-0.5921759824586167,-0.678132501541174,1.8137633277466467,-1.9379204262109782,-0.7690586864711411,0.6391737423434991
4377.0,-0.5921759824586167,-0.678132501541174,1.8137633277466467,-1.9379204262109782,-0.7690586864711411,0.6391737423434991
4378.0,-0.5945700879980165,-0.6657866231383658,1.8173538189979672,-1.9520917774642987,-0.7707273000361463,0.6367114752058894
4379.0,-0.5969641935374161,-0.6534407447355577,1.8209443102492875,-1.9662631287176195,-0.7723959136011517,0.6342492080682799
4380.0,-0.5993582990768159,-0.6410948663327495,1.824534801500608,-1.9804344799709401,-0.7740645271661569,0.6317869409306702
4381.0,-0.5993582990768159,-0.6410948663327495,1.824534801500608,-1.9804344799709401,-0.7740645271661569,0.6317869409306702
4382.0,-0.5942175166813117,-0.6498833737312433,1.8123677295787501,-1.9633439844116753,-0.7705072708858826,0.6371453372013695
4383.0,-0.5890767342858075,-0.6586718811297372,1.800200657656892,-1.9462534888524103,-0.7669500146056082,0.6425037334720686
4384.0,-0.5839359518903035,-0.667460388528231,1.7880335857350342,-1.9291629932931456,-0.7633927583253339,0.6478621297427678
4385.0,-0.5787951694947993,-0.6762488959267249,1.7758665138131762,-1.9120724977338805,-0.7598355020450596,0.6532205260134669
4386.0,-0.5736543870992951,-0.6850374033252187,1.7636994418913183,-1.8949820021746158,-0.7562782457647852,0.6585789222841661
4387.0,-0.5736543870992951,-0.6850374033252187,1.7636994418913183,-1.8949820021746158,-0.7562782457647852,0.6585789222841661
4388.0,-0.5770148615055276,-0.6961283195148416,1.7748725490514616,-1.8924869236317141,-0.7585861742384561,0.6550280601739293
4389.0,-0.5803753359117602,-0.7072192357044644,1.786045656211605,-1.8899918450888127,-0.7608941027121271,0.6514771980636926
4390.0,-0.5803753359117602,-0.7072192357044644,1.786045656211605,-1.8899918450888127,-0.7608941027121271,0.6514771980636926
4391.0,-0.5840898043871551,-0.7169598762326145,1.7975701521852492,-1.8889690559181518,-0.7634596512971863,0.6475923000552196
4392.0,-0.58780427286255,-0.7267005167607645,1.8090946481588936,-1.887946266747491,-0.7660251998822454,0.6437074020467466
4393.0,-0.58780427286255,-0.7267005167607645,1.8090946481588936,-1.887946266747491,-0.7660251998822454,0.6437074020467466
4394.0,-0.5921278157127259,-0.7370697936422188,1.8218421682330286,-1.887112430328632,-0.7690302005497541,0.6392374456740151
4395.0,-0.5964513585629019,-0.747439070523673,1.8345896883071637,-1.8862785939097728,-0.7720352012172629,0.6347674893012837
4396.0,-0.5964513585629019,-0.747439070523673,1.8345896883071637,-1.8862785939097728,-0.7720352012172629,0.6347674893012837
4397.0,-0.5949897251350196,-0.7542026914691309,1.8311989406534535,-1.8772035845575537,-0.7710170878017737,0.6362724329061442
4398.0,-0.5935280917071373,-0.7609663124145888,1.8278081929997434,-1.8681285752053345,-0.7699989743862846,0.6377773765110049
4399.0,-0.5935280917071373,-0.7609663124145888,1.8278081929997434,-1.8681285752053345,-0.7699989743862846,0.6377773765110049
4400.0,-0.5983583956951242,-0.7690657604126805,1.8412003901428862,-1.8698796638877626,-0.7733721194449389,0.6328279234529315
4401.0,-0.6031886996831112,-0.7771652084107723,1.854592587286029,-1.8716307525701905,-0.7767452645035932,0.6278784703948581
4402.0,-0.6031886996831112,-0.7771652084107723,1.854592587286029,-1.8716307525701905,-0.7767452645035932,0.6278784703948581
4403.0,-0.6044680344352911,-0.7875961771797682,1.858402073843034,-1.8640832914406724,-0.7776427357188489,0.6265789782119981
4404.0,-0.6057473691874711,-0.7980271459487639,1.862211560400039,-1.856535830311154,-0.7785402069341048,0.6252794860291383
4405.0,-0.6057473691874711,-0.7980271459487639,1.862211560400039,-1.856535830311154,-0.7785402069341048,0.6252794860291383
4406.0,-0.609795944013147,-0.8046020479457745,1.872792764900552,-1.8576446245847573,-0.7813913674923993,0.6211981386451387
4407.0,-0.6138445188388229,-0.8111769499427852,1.883373969401065,-1.8587534188583603,-0.7842425280506939,0.6171167912611392
4408.0,-0.6138445188388229,-0.8111769499427852,1.883373969401065,-1.8587534188583603,-0.7842425280506939,0.6171167912611392
4409.0,-0.6135465329513279,-0.8022974068490307,1.882305884723773,-1.8667764507936369,-0.7840321090121973,0.61741559350396
4410.0,-0.613248547063833,-0.7934178637552761,1.8812378000464811,-1.8747994827289132,-0.7838216899737008,0.617714395746781
4411.0,-0.613248547063833,-0.7934178637552761,1.8812378000464811,-1.8747994827289132,-0.7838216899737008,0.617714395746781
4412.0,-0.6141352446534676,-0.783708827157974,1.8828382020656549,-1.8854801108683272,-0.7844480825497736,0.6168259813651229
4413.0,-0.6150219422431021,-0.7739997905606717,1.8844386040848287,-1.8961607390077413,-0.7850744751258464,0.6159375669834649
4414.0,-0.6150219422431021,-0.7739997905606717,1.8844386040848287,-1.8961607390077413,-0.7850744751258464,0.6159375669834649
4415.0,-0.6102295312967619,-0.76650184233737,1.8717682628250736,-1.8944150730908824,-0.7816984292089206,0.6207658145528339
4416.0,-0.6054371203504217,-0.7590038941140682,1.8590979215653187,-1.8926694071740235,-0.7783223832919948,0.6255940621222028
4417.0,-0.6054371203504217,-0.7590038941140682,1.8590979215653187,-1.8926694071740235,-0.7783223832919948,0.6255940621222028
4418.0,-0.6001640377734418,-0.7641714411228803,1.8453263509709346,-1.8776035131868845,-0.7746423862144901,0.6310037682076136
4419.0,-0.5948909551964621,-0.7693389881316924,1.8315547803765506,-1.8625376191997456,-0.7709623891369856,0.6364134742930243
4420.0,-0.5896178726194822,-0.7745065351405045,1.8177832097821665,-1.8474717252126065,-0.7672823920594809,0.6418231803784351
4421.0,-0.5896178726194822,-0.7745065351405045,1.8177832097821665,-1.8474717252126065,-0.7672823920594809,0.6418231803784351
4422.0,-0.5855544871990814,-0.768560055346382,1.8059571129866692,-1.844652980735704,-0.7644726073044862,0.6460640704651955
4423.0,-0.5814911017786806,-0.7626135755522597,1.7941310161911719,-1.8418342362588014,-0.7616628225494915,0.650304960551956
4424.0,-0.5814911017786806,-0.7626135755522597,1.7941310161911719,-1.8418342362588014,-0.7616628225494915,0.650304960551956
4425.0,-0.5818815126720531,-0.7540022289649155,1.7947250458993091,-1.8507432149342593,-0.7619320045128453,0.6498953031641723
4426.0,-0.5822719235654257,-0.7453908823775712,1.7953190756074464,-1.8596521936097175,-0.7622011864761989,0.6494856457763887
4427.0,-0.5822719235654257,-0.7453908823775712,1.7953190756074464,-1.8596521936097175,-0.7622011864761989,0.6494856457763887
4428.0,-0.5805140353515835,-0.7350813765371002,1.789374348085381,-1.8653552910030777,-0.7609904767540783,0.6513337468160436
4429.0,-0.5787561471377414,-0.7247718706966291,1.7834296205633153,-1.8710583883964378,-0.7597797670319575,0.6531818478556987
4430.0,-0.5787561471377414,-0.7247718706966291,1.7834296205633153,-1.8710583883964378,-0.7597797670319575,0.6531818478556987
4431.0,-0.5768312257704611,-0.7372424575827464,1.7785870742737888,-1.8552250844220854,-0.7584589873243275,0.6552191886247016
4432.0,-0.5749063044031808,-0.7497130444688637,1.773744527984262,-1.8393917804477329,-0.7571382076166976,0.6572565293937047
4433.0,-0.5729813830359005,-0.762183631354981,1.7689019816947356,-1.8235584764733805,-0.7558174279090676,0.6592938701627077
4434.0,-0.5729813830359005,-0.762183631354981,1.7689019816947356,-1.8235584764733805,-0.7558174279090676,0.6592938701627077
4435.0,-0.5691202648194029,-0.7481321871755987,1.7559815871732085,-1.8277247041509677,-0.7531914420798784,0.663444136975502
4436.0,-0.5652591466029052,-0.7340807429962164,1.7430611926516812,-1.8318909318285546,-0.7505654562506892,0.6675944037882964
4437.0,-0.5613980283864075,-0.7200292988168342,1.7301407981301542,-1.8360571595061415,-0.7479394704214999,0.6717446706010907
4438.0,-0.5575369101699099,-0.7059778546374519,1.7172204036086272,-1.8402233871837286,-0.7453134845923107,0.675894937413885
4439.0,-0.5575369101699099,-0.7059778546374519,1.7172204036086272,-1.8402233871837286,-0.7453134845923107,0.675894937413885
4440.0,-0.5524569621666034,-0.7060186216485076,1.7004799991162043,-1.8275436264578282,-0.7418966762526052,0.6814584651673077
4441.0,-0.547377014163297,-0.7060593886595634,1.6837395946237814,-1.8148638657319278,-0.7384798679128998,0.6870219929207303
4442.0,-0.547377014163297,-0.7060593886595634,1.6837395946237814,-1.8148638657319278,-0.7384798679128998,0.6870219929207303
4443.0,-0.5468141523540526,-0.7190242905338584,1.681954194881968,-1.8005741510155635,-0.7381034657283555,0.6876443170806049
4444.0,-0.5462512905448083,-0.7319891924081533,1.6801687951401547,-1.7862844362991992,-0.7377270635438112,0.6882666412404796
4445.0,-0.545688428735564,-0.7449540942824483,1.6783833953983414,-1.7719947215828347,-0.7373506613592671,0.6888889654003543
4446.0,-0.5451255669263196,-0.7579189961567432,1.676597995656528,-1.7577050068664704,-0.7369742591747228,0.689511289560229
4447.0,-0.5445627051170753,-0.7708838980310382,1.6748125959147147,-1.743415292150106,-0.7365978569901785,0.6901336137201036
4448.0,-0.5445627051170753,-0.7708838980310382,1.6748125959147147,-1.743415292150106,-0.7365978569901785,0.6901336137201036
4449.0,-0.5487628475381147,-0.7783456479934645,1.6893267918742194,-1.7470504824734743,-0.7394135936324224,0.685508632672872
4450.0,-0.552962989959154,-0.7858073979558907,1.703840987833724,-1.7506856727968423,-0.7422293302746664,0.6808836516256404
4451.0,-0.552962989959154,-0.7858073979558907,1.703840987833724,-1.7506856727968423,-0.7422293302746664,0.6808836516256404
4452.0,-0.55636064875238,-0.7974292565256926,1.71472697543547,-1.7472288909742568,-0.7445225139163087,0.6771838209875559
4453.0,-0.559758307545606,-0.8090511150954944,1.725612963037216,-1.7437721091516716,-0.746815697557951,0.6734839903494715
4454.0,-0.559758307545606,-0.8090511150954944,1.725612963037216,-1.7437721091516716,-0.746815697557951,0.6734839903494715
4455.0,-0.563257686860881,-0.8202724272564319,1.7363074663387494,-1.7404830192829506,-0.7491916588744663,0.6697116360685613
4456.0,-0.5667570661761561,-0.8314937394173694,1.747001969640283,-1.7371939294142298,-0.7515676201909814,0.665939281787651
4457.0,-0.5667570661761561,-0.8314937394173694,1.747001969640283,-1.7371939294142298,-0.7515676201909814,0.665939281787651
4458.0,-0.5626262444560455,-0.8238580606686507,1.7335340943310666,-1.7346551797374699,-0.748774471953806,0.6704235618540116
4459.0,-0.558495422735935,-0.8162223819199322,1.7200662190218505,-1.7321164300607097,-0.7459813237166304,0.6749078419203722
4460.0,-0.5543646010158245,-0.8085867031712137,1.7065983437126342,-1.7295776803839498,-0.7431881754794549,0.6793921219867328
4461.0,-0.5502337792957139,-0.8009510244224951,1.6931304684034179,-1.7270389307071898,-0.7403950272422795,0.6838764020530934
4462.0,-0.5502337792957139,-0.8009510244224951,1.6931304684034179,-1.7270389307071898,-0.7403950272422795,0.6838764020530934
4463.0,-0.555528290876089,-0.8071461355900331,1.709420121939398,-1.7330462732122467,-0.7440216949299919,0.6782564335285965
4464.0,-0.5608228024564641,-0.813341246757571,1.725709775475378,-1.7390536157173038,-0.7476483626177045,0.6726364650040997
4465.0,-0.5661173140368392,-0.819536357925109,1.7419994290113583,-1.7450609582223606,-0.751275030305417,0.6670164964796027
4466.0,-0.5714118256172143,-0.825731469092647,1.7582890825473385,-1.7510683007274177,-0.7549016979931296,0.6613965279551058
4467.0,-0.5767063371975893,-0.831926580260185,1.7745787360833185,-1.7570756432324746,-0.758528365680842,0.655776559430609
4468.0,-0.5820008487779644,-0.838121691427723,1.7908683896192987,-1.7630829857375316,-0.7621550333685546,0.6501565909061121
4469.0,-0.5872953603583395,-0.844316802595261,1.807158043155279,-1.7690903282425885,-0.7657817010562671,0.6445366223816151
4470.0,-0.5925898719387146,-0.8505119137627989,1.823447696691259,-1.7750976707476456,-0.7694083687439797,0.6389166538571183
4471.0,-0.5978843835190897,-0.8567070249303369,1.8397373502272392,-1.7811050132527024,-0.7730350364316921,0.6332966853326214
4472.0,-0.5978843835190897,-0.8567070249303369,1.8397373502272392,-1.7811050132527024,-0.7730350364316921,0.6332966853326214
4473.0,-0.6020343256377336,-0.8634772976265602,1.8507109914598763,-1.7822891332573658,-0.7759410354077787,0.6290666674820323
4474.0,-0.6061842677563777,-0.8702475703227835,1.8616846326925132,-1.7834732532620292,-0.7788470343838652,0.6248366496314433
4475.0,-0.6061842677563777,-0.8702475703227835,1.8616846326925132,-1.7834732532620292,-0.7788470343838652,0.6248366496314433
4476.0,-0.6105802605635907,-0.8791860802790662,1.8726840988760758,-1.7823932146095256,-0.7819445723536108,0.62040995422373
4477.0,-0.6149762533708037,-0.8881245902353488,1.8836835650596384,-1.7813131759570222,-0.7850421103233565,0.6159832588160168
4478.0,-0.6149762533708037,-0.8881245902353488,1.8836835650596384,-1.7813131759570222,-0.7850421103233565,0.6159832588160168
4479.0,-0.6126868351943653,-0.8730814438502073,1.8787435513019928,-1.7930447937392642,-0.7834264593567689,0.6182817522432992
4480.0,-0.6103974170179268,-0.8580382974650658,1.8738035375443471,-1.8047764115215061,-0.7818108083901814,0.6205802456705816
4481.0,-0.6103974170179268,-0.8580382974650658,1.8738035375443471,-1.8047764115215061,-0.7818108083901814,0.6205802456705816
4482.0,-0.6169416599561257,-0.8705740128008658,1.88892517835413,-1.8028745726270912,-0.7864843618987003,0.6141673559440232
4483.0,-0.6234859028943245,-0.8831097281366658,1.904046819163913,-1.8009727337326762,-0.7911579154072194,0.6077544662174648
4484.0,-0.6300301458325233,-0.8956454434724659,1.919168459973696,-1.7990708948382612,-0.7958314689157383,0.6013415764909064
4485.0,-0.6365743887707221,-0.9081811588082659,1.9342901007834787,-1.797169055943846,-0.8005050224242573,0.594928686764348
4486.0,-0.643118631708921,-0.9207168741440659,1.9494117415932617,-1.795267217049431,-0.8051785759327763,0.5885157970377896
4487.0,-0.6496628746471198,-0.9332525894798659,1.9645333824030446,-1.793365378155016,-0.8098521294412953,0.5821029073112312
4488.0,-0.6496628746471198,-0.9332525894798659,1.9645333824030446,-1.793365378155016,-0.8098521294412953,0.5821029073112312
4489.0,-0.6572806493304449,-0.9372891103633216,1.9808501850097968,-1.8007578352372855,-0.8154015124493953,0.5749526576491033
4490.0,-0.6648984240137701,-0.9413256312467773,1.9971669876165488,-1.8081502923195547,-0.8209508954574953,0.5678024079869753
4491.0,-0.6725161986970952,-0.945362152130233,2.013483790223301,-1.8155427494018241,-0.8265002784655954,0.5606521583248475
4492.0,-0.6725161986970952,-0.945362152130233,2.013483790223301,-1.8155427494018241,-0.8265002784655954,0.5606521583248475
4493.0,-0.6764302695443138,-0.9558336807341802,2.0205084132056577,-1.8096658761152669,-0.8293774720517763,0.5570540664228775
4494.0,-0.6803443403915326,-0.9663052093381274,2.027533036188015,-1.8037890028287094,-0.8322546656379571,0.5534559745209074
4495.0,-0.6803443403915326,-0.9663052093381274,2.027533036188015,-1.8037890028287094,-0.8322546656379571,0.5534559745209074
4496.0,-0.6737529898527157,-0.94910558616639,2.010295015513431,-1.808401360467918,-0.8275925593306972,0.560039303640992
4497.0,-0.6671616393138987,-0.9319059629946526,1.9930569948388472,-1.813013718107127,-0.8229304530234373,0.5666226327610766
4498.0,-0.6605702887750818,-0.914706339822915,1.9758189741642633,-1.8176260757463358,-0.8182683467161774,0.5732059618811611
4499.0,-0.6539789382362649,-0.8975067166511776,1.9585809534896796,-1.8222384333855446,-0.8136062404089175,0.5797892910012457
4500.0,-0.647387587697448,-0.8803070934794403,1.9413429328150957,-1.8268507910247536,-0.8089441341016576,0.5863726201213303
4501.0,-0.640796237158631,-0.8631074703077029,1.924104912140512,-1.8314631486639623,-0.8042820277943976,0.5929559492414148
4502.0,-0.6342048866198141,-0.8459078471359655,1.9068668914659281,-1.836075506303171,-0.7996199214871378,0.5995392783614993
4503.0,-0.6276135360809971,-0.828708223964228,1.8896288707913442,-1.84068786394238,-0.7949578151798778,0.606122607481584
4504.0,-0.6210221855421802,-0.8115086007924905,1.8723908501167605,-1.8453002215815888,-0.7902957088726179,0.6127059366016685
4505.0,-0.6144308350033633,-0.7943089776207531,1.8551528294421766,-1.8499125792207975,-0.785633602565358,0.619289265721753
4506.0,-0.6078394844645464,-0.7771093544490157,1.837914808767593,-1.8545249368600063,-0.780971496258098,0.6258725948418375
4507.0,-0.6012481339257294,-0.7599097312772782,1.820676788093009,-1.8591372944992153,-0.7763093899508382,0.6324559239619222
4508.0,-0.5946567833869125,-0.742710108105541,1.8034387674184253,-1.863749652138424,-0.7716472836435783,0.6390392530820067
4509.0,-0.5880654328480955,-0.7255104849338034,1.7862007467438414,-1.8683620097776328,-0.7669851773363183,0.6456225822020912
4510.0,-0.5814740823092787,-0.708310861762066,1.7689627260692575,-1.8729743674168418,-0.7623230710290584,0.6522059113221759
4511.0,-0.5748827317704617,-0.6911112385903286,1.7517247053946738,-1.8775867250560505,-0.7576609647217984,0.6587892404422604
4512.0,-0.5682913812316448,-0.6739116154185911,1.73448668472009,-1.8821990826952593,-0.7529988584145386,0.6653725695623449
4513.0,-0.5617000306928279,-0.6567119922468538,1.7172486640455062,-1.8868114403344682,-0.7483367521072787,0.6719558986824296
4514.0,-0.5551086801540109,-0.6395123690751163,1.7000106433709223,-1.891423797973677,-0.7436746458000187,0.6785392278025141
4515.0,-0.5551086801540109,-0.6395123690751163,1.7000106433709223,-1.891423797973677,-0.7436746458000187,0.6785392278025141
4516.0,-0.5551086664199829,-0.6395123600959778,1.7000106573104858,-1.8914238214492798,-0.743674635887146,0.6785392165184021
4517.0,-0.553022563457489,-0.6398223042488098,1.6956589221954346,-1.88809335231781,-0.7488296031951904,0.6743771433830261
4518.0,-0.5485764741897583,-0.6403738260269165,1.6868605613708496,-1.8811198472976685,-0.7595053315162659,0.6657479405403137
4519.0,-0.5417700409889221,-0.6410542130470276,1.6741429567337036,-1.8706454038619995,-0.7753651142120361,0.652916669845581
4520.0,-0.5326368808746338,-0.6417539119720459,1.6580973863601685,-1.856862187385559,-0.7959833145141602,0.6362186670303345
4521.0,-0.521203875541687,-0.6423656344413757,1.6393325328826904,-1.839979648590088,-0.8209200501441956,0.6160034537315369
4522.0,-0.5074907541275024,-0.6427798867225647,1.618456482887268,-1.8201993703842163,-0.8497357368469238,0.5926268100738525
4523.0,-0.4915173351764679,-0.6428888440132141,1.5960747003555298,-1.7977356910705566,-0.8819978833198547,0.5664409399032593
4524.0,-0.4733085334300995,-0.642585039138794,1.5727921724319458,-1.7728019952774048,-0.9172835946083069,0.5377991795539856
4525.0,-0.452892541885376,-0.6417582631111145,1.5492181777954102,-1.7456213235855103,-0.9551626443862915,0.5070489048957825
4526.0,-0.43030381202697754,-0.640304446220398,1.5259623527526855,-1.7164167165756226,-0.9952068328857422,0.47453999519348145
4527.0,-0.40561747550964355,-0.6381415724754333,1.5035594701766968,-1.6854201555252075,-1.0369892120361328,0.44061899185180664
4528.0,-0.3791653513908386,-0.6353408098220825,1.4821107387542725,-1.652970552444458,-1.0800707340240479,0.405630886554718
4529.0,-0.3513156473636627,-0.6319859623908997,1.4616564512252808,-1.6194261312484741,-1.1240103244781494,0.3699270486831665
4530.0,-0.3224376142024994,-0.6281638145446777,1.4422435760498047,-1.5851603746414185,-1.1683568954467773,0.33386293053627014
4531.0,-0.2929110527038574,-0.6239621043205261,1.423917531967163,-1.550550103187561,-1.212669014930725,0.29779696464538574
4532.0,-0.2631150484085083,-0.6194705367088318,1.4067131280899048,-1.5159794092178345,-1.2565032243728638,0.2620876431465149
4533.0,-0.23343899846076965,-0.6147817373275757,1.3906521797180176,-1.4818321466445923,-1.2994239330291748,0.22708970308303833
4534.0,-0.20426461100578308,-0.609988272190094,1.3757457733154297,-1.4484963417053223,-1.341001033782959,0.19315634667873383
4535.0,-0.17597639560699463,-0.6051875352859497,1.361999750137329,-1.4163562059402466,-1.3808157444000244,0.16062979400157928
4536.0,-0.1489471048116684,-0.6004779934883118,1.349439263343811,-1.3857970237731934,-1.4184435606002808,0.12985946238040924
4537.0,-0.12354877591133118,-0.5959538221359253,1.3381019830703735,-1.357205867767334,-1.4534556865692139,0.10119416564702988
4538.0,-0.1001531109213829,-0.5917068719863892,1.3280404806137085,-1.3309624195098877,-1.4854223728179932,0.07498824596405029
4539.0,-0.07913336902856827,-0.587823748588562,1.3192991018295288,-1.3074431419372559,-1.5139245986938477,0.05159031227231026
4540.0,-0.06085919216275215,-0.5843914151191711,1.3119237422943115,-1.2870206832885742,-1.5385463237762451,0.03134920820593834
4541.0,-0.045690134167671204,-0.5814968943595886,1.3059643507003784,-1.2700788974761963,-1.5588706731796265,0.014616595581173897
4542.0,-0.03397734835743904,-0.5792279839515686,1.3014732599258423,-1.257001519203186,-1.5744837522506714,0.0017432974418625236
4543.0,-0.026062743738293648,-0.5776742100715637,1.298505425453186,-1.2481679916381836,-1.5849815607070923,-0.00692659430205822
4544.0,-0.0222278144210577,-0.5769122838973999,1.2970949411392212,-1.2438883781433105,-1.5900458097457886,-0.011115280911326408
4545.0,-0.0222278144210577,-0.5769122838973999,1.2970949411392212,-1.2438883781433105,-1.5900458097457886,-0.011115280911326408
4546.0,-0.0222278144210577,-0.5769122838973999,1.2970949411392212,-1.2438883781433105,-1.5900458097457886,-0.011115280911326408
4547.0,-0.023213662850985098,-0.593579581552632,1.297448297793665,-1.2275842396699366,-1.590899496614563,-0.011608397066246114
4548.0,-0.023213662850985098,-0.593579581552632,1.297448297793665,-1.2275842396699366,-1.590899496614563,-0.011608397066246114
4549.0,-0.02071828196165958,-0.6089111538011074,1.2958445481596887,-1.2106251761541467,-1.5887385639220495,-0.010360254383308556
4550.0,-0.02071828196165958,-0.6089111538011074,1.2958445481596887,-1.2106251761541467,-1.5887385639220495,-0.010360254383308556
