ur20-shoulder_pan_joint,ur20-shoulder_lift_joint,ur20-elbow_joint,ur20-wrist_1_joint,ur20-wrist_2_joint,ur20-wrist_3_joint
-0.32484186,-0.7822228,2.265286,-0.8840073,1.3137339,-0.17187066
-0.3205149,-0.79655313,2.2620757,-0.8690958,1.3220116,-0.16563255
-0.3352761,-0.80523604,2.2580383,-0.85095674,1.2834712,-0.19224122
-0.33680284,-0.8149638,2.2550237,-0.838187,1.2777587,-0.19587214
-0.32672083,-0.8234202,2.253849,-0.83336985,1.3016653,-0.17883104
-0.3471107,-0.82992005,2.2486641,-0.81314933,1.2485067,-0.21588676
-0.36541146,-0.8186579,2.2482255,-0.813925,1.2044126,-0.24817856
-0.36942405,-0.80318487,2.2516885,-0.8291196,1.201268,-0.25203514
-0.36178187,-0.79551,2.2557127,-0.84453183,1.2220148,-0.23720263
-0.35817423,-0.78450286,2.2593524,-0.8601763,1.2345401,-0.22883488
-0.35146284,-0.7789454,2.2272532,-0.73356014,1.2637594,-0.25650743
-0.39224225,-0.77526706,2.2525947,-0.84137344,1.1595173,-0.28700024
-0.39022344,-0.7671385,2.2552824,-0.85291034,1.1675826,-0.2815605
-0.3912889,-0.7845501,2.2504249,-0.83125234,1.1578549,-0.2872758
-0.39418635,-0.79464686,2.2466118,-0.8161531,1.1467478,-0.29482505
-0.395074,-0.8032887,2.243722,-0.80466336,1.1409101,-0.2983871
-0.3916215,-0.81517947,2.2412128,-0.7935503,1.1439483,-0.29460388
-0.3821825,-0.82416093,2.2415168,-0.7918853,1.1625509,-0.27922285
-0.3715195,-0.8326448,2.2420332,-0.7912898,1.1847358,-0.26160163
-0.3572216,-0.8458551,2.241107,-0.78567535,1.2189584,-0.23615652
-0.355348,-0.85757005,2.237274,-0.77183557,1.2212107,-0.23393738
-0.343907,-0.8700621,2.235029,-0.7635552,1.2483162,-0.21413955
-0.3334561,-0.8551789,2.2424579,-0.7895748,1.2784408,-0.1937431
-0.31922632,-0.84677017,2.2472491,-0.80803,1.3164114,-0.16779509
-0.30194092,-0.8394699,2.2506018,-0.8241871,1.3610804,-0.13759519
-0.29261553,-0.8291177,2.2532444,-0.8389093,1.3854647,-0.121506825
-0.2908325,-0.82165,2.2551928,-0.8481492,1.3908381,-0.11810012
-0.29923308,-0.81349397,2.2577112,-0.85581404,1.3714265,-0.13138781
-0.27660438,-0.80624545,2.257843,-0.86741346,1.4262441,-0.094954014
-0.28422678,-0.79712296,2.2604582,-0.87575996,1.4078782,-0.10761482
-0.27580577,-0.7831476,2.2617269,-0.8871703,1.4239662,-0.097942546
-0.26899195,-0.7754466,2.261965,-0.893089,1.4374967,-0.08941009
-0.26286966,-0.79256976,2.2582626,-0.87784463,1.4540143,-0.0774963
-0.24845831,-0.80297446,2.2538373,-0.8666086,1.4877592,-0.05479162
-0.23091874,-0.8118283,2.24838,-0.8549974,1.5284435,-0.027826924
-0.22342359,-0.80245346,2.2484584,-0.86132485,1.5429949,-0.01839671
-0.22603461,-0.79297554,2.250863,-0.87034404,1.5351306,-0.023744006
-0.21168151,-0.78517884,2.247134,-0.8692385,1.5657245,-0.0034158048
-0.19223568,-0.7780641,2.2408164,-0.86361575,1.6054605,0.023661964
-0.1898674,-0.7895757,2.2379103,-0.8523881,1.6149807,0.02994728
-0.19113044,-0.7977271,2.236954,-0.84624547,1.6153029,0.02997336
-0.17824447,-0.80590373,2.2297823,-0.83045256,1.6470429,0.051335573
-0.17774063,-0.81375,2.227944,-0.82330346,1.6511031,0.053763792
-0.18533924,-0.82331556,2.2297204,-0.82127154,1.635506,0.042816024
-0.19794436,-0.83675677,2.2327175,-0.819236,1.6089432,0.024803335
-0.20799084,-0.828745,2.2385583,-0.8324442,1.5836655,0.008382764
-0.22303356,-0.8211089,2.2445154,-0.8445711,1.5480624,-0.014854323
-0.23588622,-0.828435,2.2459562,-0.8413166,1.5209877,-0.032338846
-0.22580303,-0.83740145,2.2414713,-0.83052695,1.5455703,-0.016292341
-0.2366406,-0.8460348,2.2416089,-0.8234799,1.5209937,-0.03204503
-0.24384017,-0.86210227,2.2379153,-0.80415136,1.5016859,-0.044395216
-0.24638776,-0.8696255,2.235863,-0.7948805,1.4946159,-0.048888847
-0.27672735,-0.87290674,2.2385867,-0.7884644,1.4189042,-0.0982146
-0.2981944,-0.86597383,2.2421415,-0.7926647,1.3664879,-0.13315274
-0.2945898,-0.85593736,2.2453146,-0.80599487,1.3768779,-0.12650882
-0.2787311,-0.8482346,2.2467546,-0.81854683,1.4170902,-0.09996711
-0.26568776,-0.83656603,2.2488925,-0.8342058,1.4505721,-0.07809659
-0.2634483,-0.8157613,2.254025,-0.8577168,1.4570857,-0.07429086
-0.24188447,-0.78107816,2.2563758,-0.8842856,1.4978004,-0.04889947
-0.23872465,-0.7870618,2.2127335,-0.7136321,1.5102273,-0.05219661
-0.16811775,-0.7854357,2.1714542,-0.6219818,1.6576018,0.082879305
-0.15079114,-0.7968065,2.218477,-0.81750834,1.7047374,0.09191888
-0.14391519,-0.7858761,2.2171578,-0.82140654,1.7154845,0.10040727
-0.14391221,-0.77658904,2.218945,-0.82950634,1.7114829,0.09828277
-0.16488267,-0.78237563,2.228188,-0.8411234,1.6672528,0.0664542
-0.1235513,-0.7795059,2.20592,-0.80563855,1.7594358,0.1332986
-0.115983985,-0.7715331,2.1964843,-0.7804324,1.7703483,0.14790016
-0.11567066,-0.7871552,2.1988363,-0.7892787,1.7818776,0.14921997
-0.12648946,-0.7960867,2.2048209,-0.7954068,1.7600299,0.13163914
-0.13328055,-0.8036237,2.2075608,-0.79626644,1.747462,0.12162213
-0.118775584,-0.80781424,2.1968272,-0.77587795,1.7838155,0.1476657
-0.11160986,-0.8143333,2.1899242,-0.7609036,1.8043085,0.16191669
-0.10646529,-0.82364494,2.1835706,-0.7458018,1.821431,0.17312138
-0.1239452,-0.83146906,2.1948626,-0.76166546,1.7821097,0.14304286
-0.11451425,-0.8396217,2.185705,-0.742634,1.8090119,0.16122127
-0.13864619,-0.84396994,2.2002838,-0.7642933,1.7527425,0.121087044
-0.14673027,-0.8378845,2.2065594,-0.7771642,1.7313368,0.10696989
-0.13333158,-0.8222293,2.202993,-0.7792776,1.7558963,0.12564828
-0.15193792,-0.8173225,2.2144704,-0.80010945,1.7110182,0.09472612
-0.16582271,-0.8278206,2.2192504,-0.80232495,1.6827923,0.074547656
-0.1772514,-0.8409077,2.222206,-0.8006367,1.6588663,0.057645373
-0.18853772,-0.8496053,2.225672,-0.8018752,1.6341264,0.04091792
-0.17107275,-0.8615833,2.214131,-0.77814233,1.6788762,0.069700286
-0.20877093,-0.8666998,2.228644,-0.79517955,1.5883313,0.011158494
-0.21626425,-0.8564902,2.233906,-0.808897,1.5704618,-0.00021378662
-0.28655595,-0.88532054,2.19251,-0.6198758,1.4013071,-0.13758194
-0.32182935,-0.88408196,2.1563292,-0.49521846,1.3151519,-0.24372773
-0.26901716,-0.88719094,2.1150324,-0.3812425,1.456294,-0.12845735
-0.23632388,-0.88586164,2.1602893,-0.53868616,1.5319263,-0.035166066
-0.18892863,-0.87972355,2.1285944,-0.47173008,1.6540638,0.08162724
-0.16243456,-0.87311924,2.140888,-0.5342942,1.711787,0.12596881
-0.13595721,-0.86403435,2.1539526,-0.605842,1.768475,0.15879615
-0.11311473,-0.85420334,2.1656222,-0.6744615,1.8196882,0.18026298
-0.09106255,-0.84280616,2.1651006,-0.7062565,1.8699435,0.20568451
-0.08444332,-0.8331619,2.1620998,-0.70492566,1.8819627,0.21696685
-0.07497544,-0.8219693,2.156706,-0.70009106,1.9004955,0.23400183
-0.066809215,-0.81252295,2.1520593,-0.69605905,1.9153392,0.24809365
-0.06824081,-0.80240786,2.15666,-0.7085786,1.9047043,0.2420755
-0.0700594,-0.7925331,2.1612806,-0.7212467,1.8934586,0.23536253
-0.061606348,-0.78302306,2.1564338,-0.7173145,1.9076906,0.24919634
-0.061706625,-0.7742441,2.1589794,-0.7261035,1.9014292,0.24615018
-0.046758022,-0.7596136,2.1478202,-0.7129674,1.9280909,0.27308175
-0.028499963,-0.75775045,2.1277833,-0.67684823,1.9729414,0.3143512
-0.036143064,-0.7695408,2.1328666,-0.68035704,1.963412,0.30177504
-0.03557471,-0.77607584,2.129975,-0.67186993,1.9705814,0.30612123
-0.04235284,-0.786409,2.1348948,-0.6766297,1.9599402,0.2930398
-0.05137537,-0.8047984,2.139645,-0.67788327,1.9489139,0.27738383
-0.054932944,-0.81932724,2.1380951,-0.6690894,1.9504467,0.27443674
-0.06155851,-0.83188593,2.1403983,-0.66814446,1.9412991,0.26352042
-0.038466897,-0.80897033,2.1224718,-0.6450807,1.9874192,0.30930948
-0.030087756,-0.81196755,2.1103585,-0.6220647,2.0134647,0.331138
-0.02570646,-0.81577426,2.1027815,-0.607095,2.029211,0.34359816
-0.01790772,-0.8022425,2.0973957,-0.6018412,2.0408394,0.35994825
-0.01193285,-0.7918656,2.093032,-0.5974079,2.0497074,0.37281704
-0.0059394906,-0.7824807,2.0887396,-0.59341556,2.0574558,0.38420662
0.0013217743,-0.77332544,2.0823257,-0.5854515,2.0690053,0.39942795
0.0027351482,-0.7650962,2.083961,-0.59201723,2.0646682,0.39893776
-0.0062795505,-0.76319665,2.097522,-0.618055,2.0374272,0.37325826
-0.01712113,-0.7727219,2.108252,-0.63353527,2.0167415,0.34976426
-0.017393226,-0.78102833,2.105266,-0.62432,2.0238671,0.3531763
-0.029008793,-0.7921161,2.1164079,-0.64030373,2.0009,0.32768714
-0.016763803,-0.75986147,2.1126468,-0.64771247,2.0057387,0.34429333
0.011894762,-0.74433565,2.0787988,-0.59144187,2.070242,0.41448572
0.01847622,-0.746516,2.066312,-0.5662958,2.0926678,0.43745407
0.021960748,-0.7503078,2.0580115,-0.5485783,2.108016,0.4520142
0.019059055,-0.7604319,2.0584188,-0.54538226,2.1097884,0.4480602
0.017516093,-0.7678961,2.057486,-0.54077864,2.1130404,0.44720668
0.032808054,-0.7486313,2.0378587,-0.5105186,2.1407728,0.48926222
0.0354678,-0.7377056,2.038949,-0.51746863,2.135138,0.48979583
0.044982154,-0.72662914,2.0259304,-0.49713176,2.1518257,0.51626384
0.0514964,-0.7283998,2.0105374,-0.46615654,2.1765904,0.54434705
0.06141647,-0.71483386,1.996501,-0.44438007,2.1923535,0.57362825
0.067410514,-0.7149107,1.9785404,-0.40769634,2.2170987,0.60655797
0.06403204,-0.723162,1.9819,-0.4112791,2.2163122,0.59808785
0.06733272,-0.7248295,1.9697592,-0.38601094,2.2335405,0.61947984
0.06559777,-0.73105323,1.9695961,-0.38349047,2.2365088,0.6175803
0.061890613,-0.7395891,1.9737136,-0.3888968,2.2345788,0.60710186
0.058002368,-0.74751705,1.9788696,-0.39662322,2.2307885,0.59498155
0.047614444,-0.7630146,1.9939309,-0.42063984,2.214154,0.56254566
0.043572925,-0.7711555,1.998109,-0.4263979,2.209635,0.5510994
0.031084016,-0.7847392,2.015535,-0.45190138,2.1802814,0.5143225
0.029124368,-0.7801499,2.0262518,-0.47727665,2.167294,0.4977857
0.021692779,-0.78058493,2.0420003,-0.5069313,2.14163,0.4699616
0.015184534,-0.79584557,2.046131,-0.5099164,2.137239,0.45590404
-0.010959514,-0.81276774,2.0732412,-0.54067963,2.070059,0.39741254
-0.008921726,-0.8038908,2.0834107,-0.57581884,2.0689802,0.38524213
0.0006443206,-0.7924263,2.0740316,-0.56258786,2.0869896,0.4078182
0.033339523,-0.7612309,2.028974,-0.48848492,2.1589134,0.5013249
0.04015134,-0.75081694,2.020864,-0.47684747,2.1686804,0.51938605
0.053159136,-0.7350849,2.0019898,-0.44660437,2.1922562,0.5581333
0.054417577,-0.739304,1.995781,-0.43280753,2.2032332,0.5680222
0.048799407,-0.7521741,1.9997022,-0.43553028,2.201865,0.55662763
0.038379464,-0.76439315,2.0155969,-0.46177882,2.1809962,0.5238348
0.057147607,-0.75750476,1.9717762,-0.3795306,2.244344,0.6030132
0.06914627,-0.7417835,1.9452662,-0.33123714,2.273372,0.65582633
0.0795576,-0.7253019,1.9228021,-0.2905385,2.2950692,0.7027575
0.07803828,-0.7223512,1.9329967,-0.31212413,2.2807245,0.68613297
0.080584995,-0.7144753,1.9328467,-0.31487942,2.2769172,0.68896085
0.08982878,-0.70041287,1.9131125,-0.28034568,2.2941794,0.72833884
0.097690195,-0.6872313,1.8959919,-0.25039977,2.3075619,0.7630988
0.097045325,-0.68328476,1.9055984,-0.27243048,2.2936761,0.7463854
0.099931635,-0.6758023,1.9033669,-0.27132967,2.2919683,0.7521272
0.08874165,-0.6891837,1.9323716,-0.32544646,2.263605,0.6956409
0.08307612,-0.6991061,1.9420869,-0.34075022,2.256755,0.67588025
0.07866872,-0.71049625,1.9451525,-0.34175634,2.258975,0.6678736
0.088346586,-0.6967003,1.9245328,-0.3056214,2.2777915,0.7085196
0.07764274,-0.69925994,1.9609591,-0.37951997,2.2322435,0.64116347
0.10614925,-0.6606964,1.8681746,-0.18809514,2.2968721,0.82360417
0.10808969,-0.66591936,1.8713045,-0.20740691,2.3213565,0.8133464
0.10668442,-0.67091846,1.8694317,-0.2006666,2.3271058,0.8162614
0.10652379,-0.67364657,1.8635087,-0.18643199,2.3356822,0.8268838
0.10077952,-0.6854441,1.8787957,-0.21436805,2.326048,0.79518497
0.102813505,-0.68436486,1.8656838,-0.18667893,2.3401048,0.8195402
0.100389555,-0.6931736,1.8620584,-0.17563024,2.3495536,0.82284933
0.09164235,-0.70992434,1.8882492,-0.2251524,2.329791,0.76957166
0.09206621,-0.71248287,1.8788378,-0.20454215,2.3419898,0.7851002
0.0894171,-0.71414244,1.8653319,-0.16215004,2.3380334,0.8123673
0.10158316,-0.6953059,1.843587,-0.13551645,2.3712854,0.8549523
0.10472475,-0.6870157,1.8392934,-0.12903458,2.3708909,0.86635476
0.1140784,-0.6653256,1.8142539,-0.08308637,2.3831887,0.9200161
0.112596,-0.666117,1.8299005,-0.11703314,2.3669474,0.89077836
0.11497443,-0.6596138,1.8284855,-0.11716716,2.3635557,0.8947536
0.12205686,-0.64278954,1.8131177,-0.09201282,2.366937,0.9267736
0.123023376,-0.6385626,1.819161,-0.1078673,2.3571591,0.91568667
0.11458139,-0.65695167,1.8421482,-0.14859056,2.3467305,0.86943203
0.12250178,-0.64382917,1.8015478,-0.06561344,2.3800037,0.9487276
0.12152376,-0.6475435,1.7933339,-0.045196153,2.3913896,0.9636252
0.12233026,-0.6454156,1.7777532,-0.010660473,2.4050212,0.9939802
0.12679243,-0.63238794,1.7611618,0.021147529,2.4104147,1.0294001
0.13143778,-0.6184802,1.7422657,0.057466134,2.416427,1.0690736
0.13600138,-0.60575247,1.7345284,0.06711592,2.4118469,1.0850271
0.1398306,-0.59532756,1.731587,0.06656085,2.404651,1.0907857
0.13499473,-0.60961616,1.7536484,0.02449339,2.3972087,1.0463536
0.13489245,-0.61017656,1.7667402,-0.005939884,2.385149,1.0199178
0.12872458,-0.6269057,1.7884957,-0.045046262,2.379216,0.9769011
0.12990275,-0.6237295,1.7637533,0.010458196,2.4005086,1.0260948
0.12391004,-0.6401787,1.7557672,0.037412353,2.4221761,1.0376254
0.11916726,-0.65419704,1.7717532,0.0070418967,2.4180331,1.0026916
0.11470505,-0.66701454,1.7862554,-0.020407466,2.4138358,0.9711482
0.11779395,-0.658271,1.7901729,-0.032973472,2.40308,0.96673703
0.12482169,-0.6363362,1.739528,0.07327601,2.4346597,1.0700483
0.12928134,-0.62229,1.723456,0.10427771,2.4379735,1.1058135
0.13180698,-0.61566365,1.7235509,0.10002371,2.4317348,1.1066496
0.13904126,-0.59088093,1.6873766,0.17078859,2.4414518,1.1821015
0.13797738,-0.59119904,1.679081,0.19179536,2.449072,1.199535
0.14185712,-0.57135314,1.6472564,0.2578952,2.4564824,1.2684374
0.14410882,-0.5644895,1.6431402,0.26256725,2.452592,1.2768048
0.1453915,-0.5645846,1.6529251,0.23723856,2.4441888,1.2552234
0.14911501,-0.55196214,1.641483,0.25441614,2.4398756,1.2772837
0.15239668,-0.5369056,1.6199409,0.29525757,2.4409637,1.3211348
0.1494733,-0.5445375,1.6220235,0.2979205,2.4480472,1.3188916
0.15270285,-0.5275626,1.5961483,0.34864777,2.4500804,1.3724959
0.15630819,-0.5071605,1.5691023,0.39798418,2.4463031,1.4268178
0.15487842,-0.50211555,1.5525293,0.4380775,2.4525216,1.4643239
0.15292,-0.51137817,1.5627636,0.42211145,2.4565723,1.4454154
0.14911394,-0.527516,1.5782976,0.3979969,2.4642487,1.414709
0.14679022,-0.54084814,1.5952423,0.36576313,2.4666317,1.378773
0.14742948,-0.54507184,1.6102226,0.32991776,2.4587727,1.3457981
0.14353313,-0.5566108,1.6168665,0.32401302,2.4664395,1.3335868
0.14175889,-0.5602948,1.6156679,0.3308411,2.4717264,1.3369766
0.13820608,-0.5705005,1.6201273,0.3276208,2.4790835,1.3271438
0.14198387,-0.552123,1.5959071,0.37573168,2.4793603,1.3798454
0.14427689,-0.54029894,1.5822965,0.4010758,2.4763517,1.408996
0.14686504,-0.52424455,1.5619646,0.44035113,2.4730525,1.4528443
0.14933465,-0.51050955,1.5458963,0.46961412,2.4685535,1.4867284
0.15147743,-0.5045717,1.5431201,0.4690028,2.462956,1.4896195
0.15376636,-0.49459413,1.5330565,0.48339874,2.4575794,1.507691
0.15666352,-0.48354822,1.5233847,0.4945578,2.4502733,1.5235602
0.15688768,-0.46640167,1.4917942,0.56048054,2.4506896,1.5903586
0.15453205,-0.47494027,1.4987732,0.5538901,2.457141,1.5797366
0.15243584,-0.4868825,1.5130776,0.5304838,2.462513,1.5526547
0.15045932,-0.4777698,1.4894185,0.5872389,2.4677503,1.6067388
0.15210606,-0.46837145,1.4795126,0.60189563,2.4616544,1.625096
0.15487354,-0.4539693,1.4648571,0.6208882,2.4514735,1.6498039
0.15643635,-0.4468794,1.4580489,0.6276488,2.4459496,1.6593131
0.1526586,-0.4516661,1.4546217,0.6488165,2.4547842,1.6753612
0.15003292,-0.45911646,1.4587979,0.6507435,2.4624848,1.6729888
0.14627877,-0.47172934,1.4674076,0.6462014,2.4741392,1.6612077
0.14797834,-0.48404244,1.4917791,0.590499,2.4745567,1.6057162
0.14616872,-0.49480933,1.5041195,0.5701194,2.4800575,1.5817375
0.14393051,-0.49797022,1.5016649,0.58260334,2.4862404,1.5903476
0.14175385,-0.5003872,1.4985836,0.5960046,2.4917204,1.6001902
0.14120355,-0.48140267,1.4675715,0.6628075,2.4872658,1.6692094
0.14251901,-0.45490274,1.4310873,0.7328463,2.4743726,1.746081
0.14389013,-0.4420245,1.415009,0.75801694,2.4660742,1.7749758
0.14723729,-0.44433233,1.4276801,0.7208661,2.4614587,1.7417377
0.14910106,-0.43464562,1.4176961,0.7319185,2.4538262,1.7565258
0.15155266,-0.43603978,1.426674,0.7054218,2.4502811,1.7328078
0.15269575,-0.42331502,1.4098412,0.73152757,2.4424164,1.7622257
0.14950389,-0.4201033,1.3961606,0.76949483,2.445988,1.7968568
0.14990442,-0.40769678,1.3790122,0.7962948,2.4372554,1.8267181
0.15134004,-0.39922336,1.3701715,0.80451006,2.4296257,1.8383907
0.1467074,-0.39142007,1.3501248,0.8393874,2.405591,1.8732888
0.14624694,-0.38301322,1.3355763,0.87840766,2.4220703,1.9109801
0.14479184,-0.3916751,1.3446748,0.8706275,2.430199,1.8995116
0.14311771,-0.4065706,1.3620589,0.8503887,2.4432352,1.873878
0.14311987,-0.418923,1.3795229,0.82235485,2.4523914,1.8429744
0.14187533,-0.42620444,1.3869883,0.8150062,2.4589493,1.8326081
0.1397148,-0.43882078,1.3998415,0.8018469,2.4701774,1.8142515
0.13648552,-0.4343254,1.3865774,0.83833146,2.4703236,1.848709
0.13818727,-0.4226161,1.3738673,0.8520706,2.460061,1.866767
0.13975151,-0.4106836,1.3604747,0.8668899,2.4496002,1.8858744
0.13612372,-0.4024828,1.3416094,0.9139991,2.4462082,1.9320198
0.13495427,-0.40988985,1.3495371,0.9068257,2.4530866,1.9219452
0.13220166,-0.39338338,1.3211869,0.96441054,2.4416728,1.9813646
0.1354588,-0.38717255,1.3189608,0.9522572,2.4341304,1.9736785
0.13916321,-0.3929996,1.3345232,0.91077775,2.4361486,1.9338073
0.14135404,-0.38474655,1.3273921,0.9113584,2.4277592,1.9383342
0.14241022,-0.36521968,1.3019794,0.94407904,2.410832,1.9770842
0.13854522,-0.36608586,1.2970699,0.93763816,2.3745942,1.9737922
0.13909662,-0.3621405,1.291439,0.97341174,2.4097621,2.004646
0.13586088,-0.35942546,1.2820367,0.9988173,2.4082053,2.0282757
0.13641809,-0.3715603,1.2993945,0.97497886,2.4196212,2.0014377
0.13126414,-0.37826633,1.2993032,0.99715227,2.427815,2.0175068
0.12781759,-0.37819302,1.2933153,1.0202532,2.428665,2.0380485
0.12443941,-0.37882498,1.2886409,1.0424991,2.4297163,2.0580435
0.120160215,-0.36503834,1.2633986,1.094053,2.4163175,2.110747
0.120970145,-0.35564452,1.2520913,1.1033047,2.4068322,2.123181
0.12139687,-0.34328973,1.2361109,1.119324,2.394337,2.1429603
0.124896444,-0.34575507,1.244998,1.0922176,2.3968508,2.1174045
0.12682651,-0.33614612,1.2350482,1.093938,2.38722,2.1230428
0.12875731,-0.33004203,1.2298307,1.0902693,2.3811202,2.1222858
0.13180262,-0.32874942,1.2332747,1.0730462,2.3792102,2.1080446
0.13554431,-0.33223042,1.2444981,1.044095,2.3818197,2.0811646
0.13292517,-0.3428278,1.2544057,1.0442603,2.3928726,2.076112
0.13145338,-0.35185653,1.2641029,1.0393809,2.4021256,2.0674055
0.12996668,-0.36073813,1.2735184,1.0346332,2.411245,2.058863
0.12537743,-0.3589651,1.2635878,1.0683613,2.410021,2.0901043
0.11675872,-0.33835232,1.2228091,1.1523851,2.3882868,2.1744943
0.11496929,-0.34365827,1.2272815,1.1559294,2.393498,2.1753721
0.11187557,-0.3450264,1.2249125,1.1726834,2.3935394,2.1903996
0.10410847,-0.34596303,1.2145665,1.1923183,2.3710098,2.2102003
0.10768473,-0.3271024,1.1955813,1.2178267,2.3723774,2.238581
0.11209449,-0.32461858,1.198139,1.1949543,2.3719864,2.218431
0.11659412,-0.32554924,1.205602,1.1685554,2.3745894,2.1943045
0.12016563,-0.3234142,1.2078341,1.151496,2.3732176,2.1801329
0.12339371,-0.31858182,1.2059985,1.1395178,2.3689039,2.1715393
0.12403779,-0.30942383,1.1946434,1.1467315,2.3594172,2.1818254
0.12328242,-0.29871213,1.1791229,1.1631225,2.347943,2.2009115
0.11876569,-0.3060521,1.182593,1.1792356,2.3544352,2.2120824
0.11755529,-0.29490164,1.1658343,1.1982483,2.3422718,2.2335753
0.11741341,-0.28529307,1.1525965,1.2095248,2.3320735,2.2475522
0.11244662,-0.28734833,1.1484169,1.2337842,2.3326714,2.2678623
0.11012454,-0.27535126,1.1288581,1.2588589,2.3191004,2.2947786
0.10759927,-0.28173494,1.1342705,1.2665277,2.3243058,2.2995114
0.106461614,-0.28847688,1.1419716,1.2660347,2.3307235,2.2966561
0.1040712,-0.29307362,1.1451972,1.27388,2.3341053,2.3020976
0.097913556,-0.2908871,1.1349726,1.304314,2.3276157,2.3301504
0.09463401,-0.29182285,1.1324228,1.3192286,2.326058,2.343397
0.08916859,-0.29356262,1.1286154,1.345049,2.322796,2.3669002
0.08657497,-0.28134727,1.1092952,1.3669461,2.3075068,2.3908498
0.08805703,-0.2754857,1.1030166,1.3640347,2.302803,2.3899436
0.09009177,-0.2704438,1.0984459,1.3578233,2.2994995,2.385718
0.092171974,-0.26189148,1.089124,1.3539876,2.2926388,2.3846955
0.0933554,-0.25471553,1.0807203,1.3541545,2.2859547,2.3873832
0.09674352,-0.2510443,1.0796771,1.341705,2.2844956,2.377736
0.09139412,-0.23826167,1.0558509,1.3755958,2.2673745,2.4119995
0.085749835,-0.6022188,1.6318809,-1.9578758,-2.258921,-0.7035695
0.08430682,-0.59505713,1.62124,-1.9482576,-2.247991,-0.6906651
0.08698612,-0.6099888,1.6433233,-1.9684922,-2.270405,-0.7175657
0.08540669,-0.6173515,1.6471881,-1.9616477,-2.2763758,-0.7175924
0.07838587,-0.6197232,1.633742,-1.9245437,-2.2672253,-0.69044095
0.079175316,-0.6286875,1.644718,-1.9313512,-2.2792342,-0.7023
0.07993623,-0.640586,1.6586628,-1.9391214,-2.2947655,-0.7169839
0.081720576,-0.651527,1.6747556,-1.9546996,-2.311165,-0.7368238
0.071344435,-0.65640473,1.6698676,-1.9569631,-2.2792602,-0.73142993
0.071156025,-0.63682985,1.6346532,-1.8893003,-2.2739255,-0.67517793
0.067316525,-0.64144963,1.6303706,-1.8686378,-2.2717395,-0.66224563
0.0679268,-0.6280328,1.6185205,-1.8697408,-2.257852,-0.6537133
0.071825795,-0.6248975,1.6243308,-1.8908572,-2.261836,-0.6680918
0.071820475,-0.61769414,1.6171325,-1.8895494,-2.2537735,-0.6620152
0.0760785,-0.6103685,1.619043,-1.9099236,-2.2522943,-0.67222685
0.073605925,-0.5981726,1.6011282,-1.8940535,-2.2338557,-0.6509105
0.07257748,-0.58926374,1.5897557,-1.8866504,-2.2217374,-0.6385159
0.07534131,-0.5848637,1.591181,-1.8995962,-2.2210736,-0.6450778
0.06840859,-0.6011531,1.5928789,-1.8681192,-2.2288525,-0.63343996
0.06678398,-0.60933596,1.5973834,-1.8605117,-2.234847,-0.63330775
0.062012248,-0.6119926,1.5893146,-1.8350227,-2.2288768,-0.6154832
0.061424773,-0.6184524,1.5943663,-1.8327235,-2.234962,-0.6183249
0.06033875,-0.62506706,1.5984266,-1.827742,-2.2403193,-0.6192241
0.05516846,-0.62899685,1.5918385,-1.8035651,-2.2355123,-0.60341656
0.05006681,-0.6311785,1.583788,-1.7791486,-2.227773,-0.58557385
0.046474922,-0.61926997,1.5661585,-1.7639505,-2.2086008,-0.56532073
0.045051407,-0.60898334,1.5541768,-1.7587868,-2.195337,-0.5540297
0.041100256,-0.59951633,1.5380986,-1.7419585,-2.1781645,-0.53422517
0.040265728,-0.5918124,1.5295451,-1.7392638,-2.1687496,-0.5266423
0.039643098,-0.5826815,1.5200642,-1.7377431,-2.1583135,-0.5189259
0.044495534,-0.5792845,1.5258162,-1.759174,-2.1634066,-0.53290176
0.048265748,-0.5882907,1.5410701,-1.7746373,-2.1794086,-0.55138844
0.05083393,-0.5987799,1.5556046,-1.7852832,-2.1951258,-0.5673206
0.053236183,-0.60760087,1.5682696,-1.7953565,-2.2088127,-0.58156955
0.060684483,-0.5993404,1.573917,-1.8264356,-2.2124643,-0.599831
0.06485635,-0.5908896,1.5746938,-1.8474715,-2.2108521,-0.6099841
0.056015767,-0.5886982,1.5553296,-1.8067389,-2.192871,-0.57654727
0.053103782,-0.5745578,1.5365788,-1.7945353,-2.172601,-0.5565546
0.054611567,-0.5753821,1.549272,-1.8401296,-2.163504,-0.5813528
0.04888522,-0.56560117,1.5204976,-1.7771802,-2.1558704,-0.5364265
0.04349827,-0.56724614,1.5125817,-1.7551924,-2.1487615,-0.5208726
0.038465474,-0.5697021,1.5059661,-1.7342433,-2.142993,-0.5068874
0.034772422,-0.57247895,1.5016322,-1.7172115,-2.1389253,-0.49584997
0.036168512,-0.5592615,1.4920604,-1.7253548,-2.1282167,-0.49251765
0.027627788,-0.5617759,1.481304,-1.6945823,-2.115571,-0.46972004
0.0252019,-0.5673711,1.482765,-1.6852531,-2.1169646,-0.46645975
0.025756544,-0.5792399,1.4941745,-1.6847465,-2.1298993,-0.47489852
0.021187462,-0.58214575,1.4899812,-1.668566,-2.1249516,-0.46435437
0.020868044,-0.5944721,1.5000049,-1.6636926,-2.1358016,-0.46924692
0.020155149,-0.60210174,1.505289,-1.6585481,-2.1413505,-0.47049552
0.021590278,-0.6104721,1.5145491,-1.661154,-2.1519432,-0.47852376
0.03310683,-0.6139976,1.535927,-1.7032615,-2.1780725,-0.5150525
0.036082752,-0.6097026,1.5377314,-1.7174922,-2.179173,-0.5227371
0.036457065,-0.6012818,1.5308998,-1.7205042,-2.1712656,-0.5190234
0.029863589,-0.5901614,1.5099586,-1.6965384,-2.148109,-0.4923461
0.014246159,-0.58297735,1.479897,-1.6427838,-2.111948,-0.44420108
0.01158771,-0.5735693,1.4677613,-1.6359553,-2.0980535,-0.43201667
0.011201008,-0.56687546,1.4614276,-1.636616,-2.091187,-0.427742
0.015353448,-0.56139505,1.4629726,-1.6530862,-2.0940201,-0.4368235
0.018690728,-0.5567854,1.4637121,-1.6652918,-2.095086,-0.4428273
0.022321532,-0.55042744,1.4632677,-1.6787906,-2.0949726,-0.44865865
0.010775503,-0.5418303,1.4387237,-1.6415598,-2.0666556,-0.41327083
0.0059175272,-0.54482895,1.4342239,-1.6239202,-2.0607374,-0.40184975
0.0015760849,-0.5528147,1.4356468,-1.6086693,-2.0597398,-0.3949292
-0.00370674,-0.55578065,1.4319537,-1.5933865,-2.052637,-0.38409084
-0.009582287,-0.55726177,1.4262885,-1.576931,-2.0431902,-0.37137598
-0.008697216,-0.5656118,1.4344422,-1.5766962,-2.0524578,-0.37745327
-0.013524356,-0.56917113,1.4311265,-1.5602472,-2.0452368,-0.3661665
-0.014796104,-0.57636607,1.4352307,-1.5529337,-2.0483873,-0.36534128
-0.017560527,-0.58347607,1.4372942,-1.541004,-2.0483806,-0.36068383
-0.028030727,-0.5722283,1.4156886,-1.5158547,-2.0177574,-0.3314283
-0.027593207,-0.56492454,1.4102044,-1.5199674,-2.0126204,-0.32956055
-0.023603551,-0.56134087,1.4119927,-1.5328107,-2.0178192,-0.33766928
-0.019863052,-0.5548119,1.4114488,-1.547277,-2.0203204,-0.34476465
-0.014071368,-0.5469058,1.4121372,-1.5679259,-2.025537,-0.3561253
-0.0076981015,-0.5421366,1.4154662,-1.5866752,-2.0328631,-0.3681862
-0.009510627,-0.5304992,1.4031843,-1.585164,-2.0189815,-0.3581847
-0.02007629,-0.51978844,1.3815517,-1.5595984,-1.9900055,-0.32893908
-0.02196108,-0.5255492,1.3844483,-1.5528612,-1.9918121,-0.3277708
-0.025509596,-0.5298448,1.3838112,-1.5408837,-1.988434,-0.3211457
-0.02356682,-0.5406423,1.3951883,-1.54219,-2.0011606,-0.33014104
-0.03127136,-0.54549,1.3908861,-1.5202419,-1.9895773,-0.3145824
-0.03163546,-0.5526512,1.3964505,-1.5164986,-1.9947124,-0.31666425
-0.03723139,-0.5582462,1.3958606,-1.5021182,-1.9884512,-0.30765122
-0.042923633,-0.56637156,1.3963476,-1.4837866,-1.9815899,-0.29693925
-0.043920506,-0.5732439,1.4005327,-1.4774536,-1.9841918,-0.29649004
-0.05520973,-0.56319284,1.3816621,-1.4556257,-1.9523882,-0.26894653
-0.056339823,-0.572863,1.3878251,-1.4474434,-1.9567727,-0.26921996
-0.068211816,-0.57910407,1.3921689,-1.4596205,-1.9280673,-0.2580757
-0.07335012,-0.55999714,1.3650593,-1.4226042,-1.9099044,-0.23199324
-0.07183241,-0.55403376,1.3618199,-1.4291464,-1.9101189,-0.23394425
-0.07444159,-0.54601514,1.3539366,-1.4291638,-1.8994904,-0.22707582
-0.0683487,-0.5423049,1.3552533,-1.4415345,-1.9101685,-0.23743382
-0.0749216,-0.5334552,1.343904,-1.4350953,-1.890462,-0.22279596
-0.07294339,-0.523759,1.3373386,-1.4426862,-1.8875005,-0.22288151
-0.076330274,-0.5165985,1.3293244,-1.4404163,-1.8754699,-0.21431902
-0.071013235,-0.512785,1.3295704,-1.450629,-1.8835907,-0.22243616
-0.07342896,-0.50534225,1.3218551,-1.4499484,-1.8733437,-0.21541832
-0.075128354,-0.4978491,1.3145095,-1.4503655,-1.864532,-0.20962264
-0.071883455,-0.49986225,1.3249234,-1.4838977,-1.866985,-0.22225036
-0.06314549,-0.50764984,1.3303432,-1.4654245,-1.89611,-0.23490219
-0.0605806,-0.51817286,1.3412869,-1.4664098,-1.9090512,-0.24382491
-0.0627433,-0.5242465,1.344335,-1.4588038,-1.9086916,-0.24135807
-0.06272873,-0.5319876,1.3506486,-1.4553211,-1.9142302,-0.24400038
-0.05888535,-0.5414814,1.3613716,-1.4585013,-1.9290863,-0.25468218
-0.057927027,-0.5513699,1.3699635,-1.455525,-1.9381346,-0.2596818
-0.050384294,-0.5510963,1.3771793,-1.4740298,-1.9544481,-0.27610394
-0.04298157,-0.54649067,1.3809878,-1.4946167,-1.9676254,-0.2914892
-0.049722116,-0.53744394,1.3671902,-1.4829662,-1.9463776,-0.27367756
-0.051261697,-0.53000325,1.3597916,-1.4831016,-1.9377942,-0.26804382
-0.052826248,-0.5171807,1.3477865,-1.4851476,-1.9247327,-0.25995544
-0.047416225,-0.5145271,1.3503379,-1.4977838,-1.9329872,-0.26940197
-0.05014139,-0.5050339,1.3398217,-1.4954544,-1.920012,-0.2599037
-0.04063203,-0.50991154,1.3524375,-1.5140635,-1.9424226,-0.2809675
-0.03546099,-0.5221019,1.367476,-1.5205444,-1.9623893,-0.29658446
-0.032395247,-0.53085047,1.3776447,-1.5237103,-1.9754796,-0.30642402
-0.039511427,-0.53397727,1.3738052,-1.5072176,-1.964148,-0.29332286
-0.056567002,-0.59663403,1.5406779,-1.9655763,-1.8527933,-0.42669564
-0.068912305,-0.60586405,1.5628186,-2.028071,-1.8190693,-0.42297745
-0.05279308,-0.61131346,1.5824986,-2.0638003,-1.8443259,-0.48045272
-0.021946043,-0.59030366,1.5376006,-1.927591,-1.9418423,-0.49586916
-0.006900001,-0.5916062,1.5474702,-1.9329864,-1.9753305,-0.52796924
0.0028512923,-0.5649958,1.4476432,-1.6083857,-2.0731947,-0.40377238
0.0020383408,-0.57157564,1.4522812,-1.6040831,-2.0776901,-0.40499565
-0.0026065793,-0.57778794,1.4519755,-1.5893766,-2.0748038,-0.397183
8.4504245e-05,-0.59092325,1.4661673,-1.5922709,-2.0917614,-0.4094022
0.0045028725,-0.58718973,1.4684149,-1.6057345,-2.096562,-0.418019
0.0062625133,-0.5804657,1.4654073,-1.6142148,-2.0938268,-0.41982692
0.0030719747,-0.6029748,1.4812453,-1.6028066,-2.1065683,-0.42440057
-0.0062224213,-0.59292114,1.4594266,-1.5715872,-2.079911,-0.39318877
-0.014044077,-0.6094189,1.4805094,-1.6165861,-2.0615041,-0.41036627
-0.036288492,-0.6095797,1.4652619,-1.5995215,-2.0067008,-0.37056836
-0.030099053,-0.58007944,1.4198426,-1.5073863,-2.0196693,-0.3296406
-0.05064535,-0.6330195,1.500934,-1.684692,-1.9710889,-0.39332315
-0.07104576,-0.64516145,1.5123125,-1.7159737,-1.9237894,-0.37410855
-0.060503967,-0.6702253,1.570771,-1.8451312,-1.9487777,-0.47177818
-0.045546416,-0.6817385,1.6080981,-1.925157,-1.978843,-0.5523725
-0.026988111,-0.68436015,1.6299597,-1.9685012,-2.017485,-0.6160217
-0.039405163,-0.7055193,1.6732908,-2.075622,-1.9850507,-0.67864895
-0.05396191,-0.7169878,1.6916864,-2.1234894,-1.9520395,-0.6920038
-0.061530165,-0.71310365,1.6740677,-2.0831065,-1.9402546,-0.64358544
-0.07857525,-0.7298906,1.7073921,-2.16561,-1.9051712,-0.68399155
-0.07140917,-0.73518836,1.7317007,-2.2257078,-1.9150889,-0.7594208
-0.06490583,-0.744146,1.7714262,-2.323163,-1.9164035,-0.876496
-0.0570941,-0.74671817,1.7921141,-2.3746433,-1.925265,-0.95353687
-0.0504612,-0.7488259,1.809104,-2.413028,-1.9291052,-1.0073172
-0.03545487,-0.7394022,1.7877841,-2.3544128,-1.9668701,-0.9582088
-0.028994134,-0.7391475,1.794172,-2.3648155,-1.9762814,-0.975594
-0.028737875,-0.74758536,1.8330004,-2.460778,-1.9615347,-1.0914689
-0.024195598,-0.75000423,1.8504224,-2.4976296,-1.9618069,-1.1395857
-0.024325103,-0.7541966,1.8720838,-2.5480692,-1.949959,-1.2055403
-0.023317603,-0.7593407,1.9044415,-2.6211433,-1.9353279,-1.3102759
-0.0070737125,-0.7530545,1.8928578,-2.5814292,-1.9789522,-1.2545254
0.0017137871,-0.7508464,1.8947334,-2.5775843,-1.9994563,-1.2503153
0.017053304,-0.744093,1.8869127,-2.5496233,-2.0432396,-1.2220229
0.023717787,-0.74515706,1.9058138,-2.5863225,-2.0528896,-1.2654134
0.030353554,-0.74521935,1.9218079,-2.6164095,-2.0660644,-1.3004149
0.044517737,-0.73976916,1.9298279,-2.6272457,-2.1061518,-1.3131773
0.05216582,-0.7375999,1.9408717,-2.646814,-2.1272156,-1.3331226
0.066167355,-0.7295647,1.944764,-2.6554606,-2.1722057,-1.3428047
0.07639963,-0.7181242,1.9060867,-2.5564075,-2.2209651,-1.2440208
0.08614904,-0.71666557,1.9506781,-2.6651754,-2.2471805,-1.3499331
0.09711176,-0.70934874,1.9658302,-2.700736,-2.289873,-1.3800025
0.08359685,-0.72057706,1.9952421,-2.7806556,-2.227977,-1.46496
0.06610622,-0.7335859,1.9908925,-2.762927,-2.1643577,-1.4546288
0.05978629,-0.7386155,2.0135841,-2.8153636,-2.1407022,-1.5144931
0.054734033,-0.7419659,2.041734,-2.8793983,-2.1243036,-1.5876
0.053371016,-0.7427203,2.057177,-2.9132874,-2.120504,-1.6244196
0.043372117,-0.7486343,2.0784934,-2.9553845,-2.091602,-1.6804552
0.025032856,-0.7612829,2.0942945,-2.969356,-2.03653,-1.7159388
0.021731092,-0.7647526,2.0672429,-2.9058096,-2.0190735,-1.6457218
0.022775782,-0.76310426,2.0459993,-2.8665655,-2.019764,-1.6004508
0.012781239,-0.7672415,2.0207686,-2.8098445,-1.9876357,-1.5350469
0.015638841,-0.7636165,2.0017824,-2.7762465,-1.9987334,-1.4920973
0.017061107,-0.7606437,1.9857278,-2.7483585,-2.0059454,-1.4584539
0.027642373,-0.7526124,1.9609702,-2.6978235,-2.0449588,-1.3941388
0.00918974,-0.760013,1.961513,-2.7067058,-1.9895315,-1.4106356
0.0064157555,-0.7567985,1.9350747,-2.655707,-1.9923185,-1.3458114
-0.008534599,-0.762153,1.9409398,-2.6796682,-1.9493924,-1.3835512
-0.012701355,-0.76122326,1.9297268,-2.661957,-1.9455023,-1.362136
-0.017357202,-0.7694374,1.9676906,-2.7301915,-1.9152877,-1.4561821
-0.02501823,-0.7745653,1.9857496,-2.762821,-1.8886399,-1.5095581
-0.023375146,-0.777873,2.00269,-2.7826605,-1.8871913,-1.5291873
-0.028952833,-0.7824178,2.0198908,-2.8087444,-1.8684566,-1.5724161
-0.024926579,-0.78386706,2.0308099,-2.8184874,-1.8785421,-1.573266
-0.016739668,-0.78211814,2.0400243,-2.835053,-1.9003296,-1.590419
-0.01898663,-0.785261,2.057634,-2.8611376,-1.8962737,-1.6269363
-0.030171448,-0.79198605,2.0671914,-2.8638175,-1.8673548,-1.6316922
-0.03025484,-0.79331845,2.0786498,-2.8811865,-1.8709717,-1.6553597
-0.043366022,-0.80018365,2.0842793,-2.8756206,-1.8417151,-1.6481088
-0.05229683,-0.8012684,2.0770159,-2.8668296,-1.8276452,-1.6504924
-0.058669955,-0.8023837,2.0743139,-2.8638384,-1.8262495,-1.6541667
-0.06296913,-0.80603683,2.087137,-2.87739,-1.8265222,-1.6712639
-0.069466494,-0.80800563,2.0881937,-2.8779202,-1.8244648,-1.6777446
-0.074004784,-0.8108287,2.0971713,-2.8876069,-1.824731,-1.6915256
-0.07536122,-0.8130786,2.1080513,-2.8998282,-1.8262187,-1.7048451
-0.079990946,-0.81592137,2.1176403,-2.9104443,-1.8271122,-1.7193751
-0.08559887,-0.8163525,2.1114614,-2.9033277,-1.823552,-1.7194088
-0.08217906,-0.813763,2.1016974,-2.8924193,-1.8236398,-1.7047104
-0.07801219,-0.81015974,2.088081,-2.8776357,-1.8213046,-1.6869583
-0.084643915,-0.811455,2.085425,-2.8741922,-1.8201054,-1.689532
-0.07952301,-0.8083051,2.076162,-2.8644142,-1.81874,-1.6754068
-0.08565019,-0.8091852,2.0721738,-2.8595636,-1.8173491,-1.6760523
-0.07828131,-0.8057404,2.0648377,-2.8521612,-1.816571,-1.6620778
-0.073642746,-0.80303967,2.0575504,-2.8446295,-1.8162678,-1.6501509
-0.075856976,-0.80159074,2.0480502,-2.8345904,-1.8165134,-1.6419457
-0.072955884,-0.7985826,2.037982,-2.824694,-1.8195372,-1.6296242
-0.07985376,-0.8011756,2.0411685,-2.827126,-1.8180034,-1.6374663
-0.08865833,-0.8052974,2.0490515,-2.8342733,-1.8152593,-1.6521146
-0.093208924,-0.8054071,2.0439615,-2.828494,-1.8156472,-1.6496127
-0.09416064,-0.80860794,2.0580628,-2.8435462,-1.8134907,-1.6674459
-0.1017954,-0.810744,2.0587425,-2.8438077,-1.8136855,-1.674445
-0.105374105,-0.8136339,2.0686839,-2.8547568,-1.8148106,-1.6899256
-0.109504096,-0.81663805,2.0788057,-2.8660018,-1.8162168,-1.7059937
-0.103472665,-0.8155896,2.0816147,-2.8693476,-1.8147944,-1.704675
-0.09447846,-0.81133544,2.0713544,-2.8581066,-1.8151883,-1.6831392
-0.09254101,-0.8135369,2.0855513,-2.8739731,-1.8174171,-1.697798
-0.0965925,-0.81625986,2.0945895,-2.8837569,-1.818085,-1.7113993
-0.104076095,-0.818494,2.0967762,-2.8865154,-1.8154956,-1.7241822
-0.10723311,-0.8211589,2.107409,-2.8985713,-1.8166306,-1.7398913
-0.10080404,-0.8196161,2.1079245,-2.8990848,-1.817749,-1.7329966
-0.09275088,-0.817434,2.1069052,-2.897878,-1.8203452,-1.7219952
-0.100286834,-0.8224051,2.1255603,-2.9192555,-1.8200272,-1.7525642
-0.09519452,-0.8221125,2.1314778,-2.9257724,-1.8231297,-1.7516149
-0.08865346,-0.8203396,2.1309934,-2.925547,-1.8244907,-1.7448295
-0.095011264,-0.8236293,2.1417809,-2.9377291,-1.8244083,-1.7629727
-0.100316145,-0.8266418,2.1538892,-2.9522338,-1.8232878,-1.7846088
-0.10474011,-0.829308,2.165662,-2.9663527,-1.8227354,-1.8042307
-0.111113094,-0.83166176,2.1715224,-2.973488,-1.8212276,-1.8194127
-0.11950199,-0.83424747,2.1750057,-2.9776554,-1.8198265,-1.8331922
-0.12385307,-0.8366693,2.1859934,-2.9908547,-1.8180658,-1.8525754
-0.12538566,-0.838276,2.1971314,-3.0043755,-1.8180455,-1.8676492
-0.1178662,-0.8365775,2.199671,-3.0075722,-1.8219845,-1.8594801
-0.11255231,-0.83573276,2.2046478,-3.0135248,-1.8243486,-1.8574716
-0.10799872,-0.8333031,2.1922643,-2.998339,-1.8245503,-1.8378785
-0.11530957,-0.8348599,2.1896265,-2.995324,-1.8217705,-1.8450633
-0.12437318,-0.8391115,2.2082555,-3.0180368,-1.8195809,-1.878521
-0.13305321,-0.8416451,2.2110252,-3.0212758,-1.8145039,-1.8956903
-0.14032632,-0.8433321,2.2045367,-3.010897,-1.8023002,-1.9026313
-0.13250169,-0.8392893,2.1891494,-2.994486,-1.813223,-1.869675
-0.12875533,-0.8368841,2.1768713,-2.9797704,-1.8143078,-1.8498908
-0.13175,-0.83546174,2.1589856,-2.9579508,-1.8131186,-1.8303398
-0.12812923,-0.8324277,2.144129,-2.9405513,-1.8137107,-1.8078779
-0.121968836,-0.8297528,2.1372526,-2.9329078,-1.8152198,-1.7929633
-0.11424525,-0.8284282,2.1418118,-2.938312,-1.8193413,-1.7876035
-0.10758962,-0.8260869,2.1375916,-2.933439,-1.8187112,-1.7764302
-0.10828877,-0.82808304,2.1500516,-2.9480174,-1.8198369,-1.7915391
-0.113501586,-0.8307779,2.1600063,-2.9598248,-1.8197302,-1.8091888
-0.11847004,-0.8312544,2.1539962,-2.9526217,-1.8187398,-1.8073195
-0.1288453,-0.8303419,2.1287253,-2.9222806,-1.8134096,-1.7885292
-0.12626702,-0.82765514,2.1161747,-2.9078267,-1.8137805,-1.7699054
-0.12048074,-0.82483476,2.1086445,-2.8996027,-1.8148111,-1.7550522
-0.11816904,-0.8258527,2.118592,-2.911264,-1.8160347,-1.7650496
-0.11180794,-0.82462496,2.1211753,-2.9143121,-1.8181561,-1.7604475
-0.105901405,-0.82295346,2.1202896,-2.9133866,-1.8173844,-1.754232
-0.11130506,-0.82102954,2.10049,-2.8905447,-1.8173754,-1.7344621
-0.12074321,-0.8230026,2.097475,-2.8866644,-1.8146192,-1.7407116
-0.12879592,-0.8250363,2.0958219,-2.8832207,-1.8082103,-1.7461231
-0.12891419,-0.8228754,2.0832384,-2.868347,-1.8052621,-1.7295904
-0.122431025,-0.8180027,2.0676856,-2.8525198,-1.8139204,-1.7031573
-0.115420446,-0.8153103,2.0636184,-2.848557,-1.8151461,-1.6919774
-0.116740696,-0.81768215,2.074137,-2.8603408,-1.815055,-1.7068272
-0.11781984,-0.81993216,2.0847046,-2.8722794,-1.8150012,-1.7215441
-0.10587299,-0.81022227,2.0510237,-2.8353102,-1.8159844,-1.6681926
-0.10253886,-0.8069842,2.039735,-2.8231978,-1.8165787,-1.6513942
-0.10793651,-0.8068544,2.032639,-2.8154583,-1.8192204,-1.6474309
-0.101800345,-0.8028294,2.021537,-2.8037076,-1.8188862,-1.628579
-0.094823875,-0.7992671,2.0142503,-2.7969096,-1.8198652,-1.6159197
-0.09204455,-0.795985,2.003151,-2.7854543,-1.8216711,-1.6009665
-0.087449,-0.7922163,1.9922122,-2.7743332,-1.8235517,-1.5849558
-0.091665246,-0.79108167,1.9829726,-2.7644963,-1.8245883,-1.5780015
-0.08657044,-0.7870118,1.9717437,-2.7532315,-1.8265492,-1.5617181
-0.084765054,-0.7839084,1.9614354,-2.7431679,-1.8287266,-1.5505877
-0.09208535,-0.786951,1.965599,-2.7463326,-1.8267677,-1.5585064
-0.09493695,-0.7855901,1.9568472,-2.7365985,-1.8271638,-1.5492874
-0.09325245,-0.78238726,1.9461437,-2.7259266,-1.8289139,-1.5370144
-0.10076892,-0.78523415,1.9491689,-2.7279565,-1.8283712,-1.5442075
-0.10248669,-0.78243685,1.936522,-2.7148285,-1.8294048,-1.5315053
-0.10893016,-0.7857646,1.9420573,-2.7188795,-1.8255858,-1.5382352
-0.11461241,-0.7899038,1.951784,-2.7276063,-1.8220963,-1.5504091
-0.109010294,-0.7898069,1.9581691,-2.7360456,-1.8251135,-1.5584239
-0.11367254,-0.7934028,1.9671786,-2.7443779,-1.8222232,-1.5700147
-0.110822044,-0.79503614,1.9775645,-2.7564085,-1.8235611,-1.5831267
-0.104431234,-0.79367805,1.9792548,-2.759012,-1.8250674,-1.5812864
-0.097976096,-0.79160994,1.9776441,-2.757543,-1.8237902,-1.5736434
-0.10141856,-0.78975224,1.9664481,-2.745789,-1.8262824,-1.5640575
-0.10948592,-0.7973267,1.9888338,-2.7687051,-1.8233899,-1.5964065
-0.107868634,-0.7993448,1.9992653,-2.7798333,-1.8226087,-1.6073697
-0.1072666,-0.8014971,2.00932,-2.7905495,-1.8217096,-1.6188117
-0.10138513,-0.7997517,2.0083745,-2.7897239,-1.820571,-1.612462
-0.099363975,-0.79575235,1.9934092,-2.773969,-1.8219606,-1.5929862
-0.1159792,-0.8017223,1.9996748,-2.7789774,-1.8200333,-1.6122413
-0.119492896,-0.805666,2.0125449,-2.792084,-1.8176913,-1.6296893
-0.114013545,-0.8051685,2.0175426,-2.7987947,-1.819854,-1.634103
-0.118148774,-0.81094456,2.038864,-2.821358,-1.8170425,-1.663432
-0.114943996,-0.812052,2.04823,-2.8317595,-1.8166021,-1.6723226
-0.124518454,-0.8147553,2.0480857,-2.8298678,-1.8104364,-1.6788492
-0.1317715,-0.81950104,2.0601723,-2.8400793,-1.7927676,-1.7000697
-0.13808304,-0.82390577,2.0726967,-2.8512676,-1.7782322,-1.723475
-0.14743398,-0.82268834,2.0519462,-2.8222485,-1.7485316,-1.6956961
-0.14587334,-0.81815,2.0324185,-2.800931,-1.7487673,-1.6601866
-0.13675919,-0.8130901,2.0215633,-2.7936268,-1.7717636,-1.6426014
-0.12825371,-0.81346154,2.0357866,-2.8140285,-1.7979488,-1.6633811
-0.13118383,-0.8061342,1.9980338,-2.7702732,-1.7829415,-1.6067691
-0.12944588,-0.802851,1.9861522,-2.7580366,-1.7857013,-1.5892662
-0.12876807,-0.79670197,1.9613941,-2.7313364,-1.7832335,-1.5511063
-0.13115248,-0.7933002,1.9447206,-2.7117667,-1.7731664,-1.5188491
-0.117384695,-0.78595006,1.9325597,-2.7057207,-1.8113263,-1.5217799
-0.11321907,-0.7807049,1.9174049,-2.6914585,-1.8211819,-1.5061544
-0.10634326,-0.7804893,1.9244956,-2.7010365,-1.8275188,-1.5166296
-0.097208865,-0.77694356,1.9209526,-2.6992507,-1.8310683,-1.5104223
-0.09203962,-0.7731522,1.9123353,-2.6916485,-1.8333782,-1.5002862
-0.0872391,-0.7736118,1.9191848,-2.6996713,-1.8337007,-1.5066272
-0.07940571,-0.7731805,1.9260619,-2.7087476,-1.8357996,-1.5138497
-0.07584851,-0.77480364,1.9361846,-2.720027,-1.8360747,-1.5244831
-0.071576476,-0.77549845,1.9437491,-2.7288218,-1.837718,-1.5320475
-0.064670056,-0.7730413,1.9420458,-2.7287254,-1.8413774,-1.5293825
-0.068577304,-0.7773778,1.9545652,-2.7405999,-1.8380903,-1.5428468
-0.06313962,-0.77686304,1.9585737,-2.7457664,-1.8389301,-1.5453588
-0.057127304,-0.77647257,1.9636745,-2.7520308,-1.8400186,-1.5483642
-0.04934245,-0.7749111,1.9672496,-2.7582386,-1.8476601,-1.5528852
-0.050286423,-0.7778055,1.9775312,-2.7680647,-1.8444417,-1.5617032
-0.047668155,-0.7795788,1.987274,-2.7776155,-1.8419454,-1.5675251
-0.052636735,-0.78339785,1.9972403,-2.7868414,-1.8376915,-1.5791476
-0.056190085,-0.7826761,1.9895989,-2.777942,-1.8354548,-1.5716481
-0.064233884,-0.7863319,1.9955078,-2.7828753,-1.8312111,-1.5820707
-0.06892994,-0.78528,1.985589,-2.7716465,-1.8313978,-1.5728964
-0.06183057,-0.78206867,1.9808197,-2.7685385,-1.8350784,-1.5669339
-0.06594287,-0.7810134,1.9718045,-2.7584128,-1.8352606,-1.558652
-0.07201122,-0.78215617,1.9695933,-2.7551575,-1.834283,-1.558987
-0.079775184,-0.78472537,1.9706154,-2.754126,-1.8295765,-1.5607916
-0.07943787,-0.787151,1.9809363,-2.7648792,-1.8284636,-1.5719645
-0.07648689,-0.78999394,1.9965435,-2.7819018,-1.8282815,-1.5886854
-0.083834454,-0.79410964,2.0047476,-2.7884228,-1.8231311,-1.5987805
-0.07746073,-0.79356885,2.010531,-2.7960393,-1.8252606,-1.6036818
-0.07534501,-0.7955364,2.0214353,-2.807241,-1.8226653,-1.6130886
-0.068192445,-0.79142034,2.0123625,-2.799352,-1.8265144,-1.6008878
-0.060281888,-0.7879854,2.0067046,-2.7942877,-1.8295377,-1.5894449
-0.05533745,-0.7883793,2.0145988,-2.8032944,-1.8310844,-1.5951874
-0.049126476,-0.78707933,2.0161965,-2.8054612,-1.8308446,-1.592369
-0.044258866,-0.78694886,2.0214021,-2.8112774,-1.8340645,-1.5939554
-0.054163307,-0.79214185,2.0321093,-2.820757,-1.8249862,-1.6105173
-0.060780466,-0.79435295,2.0336297,-2.8213115,-1.8233273,-1.615747
-0.06676506,-0.7948319,2.0285845,-2.8156896,-1.8229488,-1.6154225
-0.062157303,-0.79140043,2.0190403,-2.80647,-1.8262187,-1.6025832
-0.06685788,-0.7986403,2.0454001,-2.832668,-1.8189329,-1.6322545
-0.06437199,-0.8004173,2.056898,-2.8448236,-1.8191321,-1.6420707
-0.069275565,-0.80377454,2.0667918,-2.854878,-1.8196517,-1.6561261
-0.07160233,-0.80653775,2.0776176,-2.8663018,-1.8214185,-1.6689863
-0.05674108,-0.7986763,2.0585222,-2.8471296,-1.8219911,-1.6370364
-0.04886986,-0.7968907,2.0599935,-2.8492272,-1.823946,-1.6319253
-0.04543361,-0.7937359,2.0492115,-2.8381023,-1.8173717,-1.6192294
-0.0526181,-0.7950411,2.0465398,-2.834914,-1.8176291,-1.6223993
-0.05824026,-0.79659754,2.0469596,-2.83513,-1.8210908,-1.6271484
-0.043984637,-0.7905466,2.037103,-2.8266418,-1.8275615,-1.607359
-0.04213104,-0.78167695,2.0019476,-2.7925055,-1.8431411,-1.5761441
-0.04144879,-0.7788577,1.9912735,-2.7821517,-1.8469816,-1.5669073
-0.03194341,-0.770933,1.958866,-2.7268972,-1.8853059,-1.4682227
-0.03607442,-0.7688233,1.9464732,-2.7142134,-1.8850884,-1.4604683
-0.04513353,-0.77033806,1.944646,-2.7174177,-1.8673874,-1.476322
-0.043497294,-0.7673064,1.9279757,-2.6855867,-1.88091,-1.4214699
-0.053851083,-0.76910925,1.928162,-2.6949177,-1.8617245,-1.449565
-0.061394017,-0.7686236,1.9190027,-2.6856394,-1.8571721,-1.4456
-0.061012175,-0.76521224,1.8921762,-2.624363,-1.8745091,-1.3297143
-0.046302117,-0.7608635,1.8834101,-2.594362,-1.9033604,-1.2755073
-0.0455132,-0.7550713,1.8489554,-2.5117478,-1.9225963,-1.1501856
-0.063050635,-0.7611704,1.8609238,-2.5515752,-1.8885407,-1.2053642
-0.07367098,-0.7652826,1.8740268,-2.58954,-1.8675086,-1.2714167
-0.084560156,-0.769759,1.8969344,-2.654478,-1.8437241,-1.4107207
-0.076454915,-0.7694615,1.9068877,-2.6722367,-1.8456303,-1.4389098
-0.08574854,-0.77832675,1.9385325,-2.719485,-1.831426,-1.5261308
-0.0850033,-0.78098947,1.949668,-2.7310472,-1.8302313,-1.5379547
-0.07810139,-0.7800011,1.9537519,-2.737293,-1.8325962,-1.5427755
-0.094373494,-0.7794075,1.9333777,-2.7125642,-1.8302245,-1.5232629
-0.09945971,-0.7749569,1.9112151,-2.6890197,-1.831796,-1.5010126
-0.103287354,-0.77350897,1.8990519,-2.6700697,-1.8307587,-1.468928
-0.08854691,-0.76627386,1.856944,-2.5534687,-1.860629,-1.2082036
-0.08008108,-0.76214343,1.8409786,-2.5085833,-1.8745588,-1.1275864
-0.09167028,-0.762923,1.8269261,-2.4740365,-1.8649415,-1.060817
-0.09857806,-0.7617829,1.8094027,-2.4277172,-1.8594658,-0.9749074
-0.0814444,-0.7556778,1.802851,-2.4100296,-1.8852065,-0.9720827
-0.09098237,-0.7449441,1.7456195,-2.2595975,-1.8773524,-0.75237733
-0.1189701,-0.75749433,1.7628436,-2.2954671,-1.8031095,-0.6738901
-0.14177978,-0.7720267,1.8004339,-2.3840284,-1.7346154,-0.6410616
-0.16770263,-0.77858657,1.8127121,-2.402363,-1.6585518,-0.40334782
-0.19027515,-0.7759911,1.7924491,-2.3362179,-1.5935985,-0.08867522
-0.20182666,-0.7755641,1.7883234,-2.317906,-1.5721722,-0.0050567114
-0.21252751,-0.7693555,1.7642863,-2.2498546,-1.5545406,0.049696643
-0.22081605,-0.7816829,1.8095081,-2.3581948,-1.5436893,0.11010444
-0.23697226,-0.7746412,1.7800024,-2.2676008,-1.5140212,0.17618413
-0.256465,-0.78426117,1.8124909,-2.3266587,-1.4872108,0.29045695
-0.26805684,-0.78719294,1.8217852,-2.3342915,-1.4688869,0.35088
-0.2843599,-0.7828451,1.805582,-2.2730134,-1.4309655,0.39749882
-0.29813194,-0.78136057,1.8010784,-2.2416997,-1.4023471,0.43195167
-0.3175573,-0.7781418,1.794992,-2.2008057,-1.3544154,0.48504052
-0.32804686,-0.7864846,1.8224382,-2.2483115,-1.339917,0.54835224
-0.3472347,-0.7926934,1.8473394,-2.2764337,-1.3019354,0.63054615
-0.3557284,-0.80315393,1.8854737,-2.352067,-1.2945296,0.720816
-0.36873242,-0.8124156,1.9240323,-2.4190116,-1.2762833,0.82218325
-0.3913608,-0.80942416,1.9252474,-2.3863802,-1.2116741,0.84862816
-0.38222095,-0.7974851,1.8793488,-2.2940989,-1.2192103,0.7431875
-0.34547976,-0.81402165,1.9240249,-2.457378,-1.3398248,0.7891434
-0.36220798,-0.824309,1.9714962,-2.535644,-1.3175795,0.9363023
-0.37309033,-0.82631,1.9847023,-2.5480766,-1.2920833,0.9835331
-0.39459527,-0.82918596,2.01149,-2.5748665,-1.238325,1.0664568
-0.4195987,-0.8282507,2.035959,-2.5991173,-1.167455,1.1379987
-0.41739586,-0.8321547,2.0606139,-2.6599941,-1.1818244,1.2167622
-0.44863275,-0.8245107,2.070056,-2.6419115,-1.0823724,1.2115434
-0.4523753,-0.82594776,2.1035573,-2.7213957,-1.0774224,1.3074278
-0.4765424,-0.8162103,2.1251624,-2.7514386,-0.9983522,1.3369745
-0.4851982,-0.8091043,2.164734,-2.857257,-0.972402,1.4484254
-0.49156725,-0.8018827,2.1908758,-2.929122,-0.9523256,1.517935
-0.50449264,-0.6601193,1.7288601,0.50098366,0.9056891,-1.5690596
-0.49289286,-0.6833076,1.7539717,0.45058024,0.94761485,-1.486026
-0.48447552,-0.7077615,1.7882812,0.38036415,0.9732785,-1.3770971
-0.490878,-0.73057306,1.8423886,0.2699817,0.942983,-1.255972
-0.51137507,-0.70724165,1.8244293,0.3040327,0.8751096,-1.3398557
-0.533727,-0.66832525,1.7882887,0.37864774,0.7932514,-1.4680836
-0.55973905,-0.66187584,1.8246742,0.28373665,0.68192,-1.411279
-0.5540765,-0.68623763,1.8584213,0.2046314,0.703396,-1.3186864
-0.53530616,-0.71767664,1.8855709,0.14952706,0.77472246,-1.2231629
-0.54254687,-0.7285447,1.923308,0.048453074,0.7393692,-1.1397334
-0.5446121,-0.7477153,1.974383,-0.0939552,0.71965545,-1.0137081
-0.53498083,-0.7733026,2.0258453,-0.22657901,0.74462724,-0.8815127
-0.5548217,-0.7538057,2.0308173,-0.27319148,0.6768203,-0.8859264
-0.55894613,-0.74424106,2.027353,-0.26661947,0.6722889,-0.9014372
-0.549446,-0.760904,2.0521438,-0.32594845,0.69929725,-0.835472
-0.5466586,-0.76134783,2.0660884,-0.36133686,0.715309,-0.80550444
-0.53528833,-0.78140634,2.0807815,-0.39406466,0.7386814,-0.7555073
-0.52540404,-0.7964685,2.0949063,-0.4260472,0.7619105,-0.7112911
-0.5206538,-0.79605734,2.1117017,-0.4680189,0.78489983,-0.67564124
-0.5248441,-0.7855407,2.1126304,-0.473187,0.78246194,-0.68301797
-0.5203882,-0.78444666,2.1266952,-0.50888497,0.8028212,-0.65286523
-0.5144385,-0.7831207,2.1399176,-0.5422107,0.8249185,-0.62365067
-0.50288904,-0.7957929,2.1507432,-0.5651217,0.8503186,-0.58727473
-0.5027484,-0.8012985,2.1465678,-0.5531197,0.8452163,-0.5920927
-0.5067286,-0.8038345,2.1368055,-0.5280919,0.82846004,-0.61265403
-0.5038334,-0.8148179,2.1327763,-0.5155466,0.82703006,-0.6110642
-0.489126,-0.8147858,2.159469,-0.5816935,0.8782269,-0.548121
-0.47557813,-0.8330628,2.1668453,-0.59517986,0.9056458,-0.51197827
-0.459173,-0.8367577,2.1858225,-0.6411657,0.95319086,-0.4601441
-0.47375995,-0.8189245,2.17932,-0.63011664,0.92399555,-0.4948334
-0.48456395,-0.8061866,2.1726995,-0.61732185,0.90106547,-0.523617
-0.49021357,-0.7924067,2.1737406,-0.6243517,0.89539796,-0.5335156
-0.48906085,-0.7862181,2.1794434,-0.64102125,0.9045131,-0.5243408
-0.4961433,-0.77337277,2.1774762,-0.64058083,0.8935616,-0.54027736
-0.49664494,-0.76317376,2.1830635,-0.65895784,0.9009002,-0.53395486
-0.50965124,-0.74769497,2.1741095,-0.64292556,0.8763338,-0.5675614
-0.51014495,-0.7411426,2.1774783,-0.65466475,0.8810019,-0.5633688
-0.5012033,-0.7390117,2.1909666,-0.690604,0.90893257,-0.5298523
-0.48968956,-0.75521994,2.196743,-0.6980529,0.92859006,-0.50340426
-0.47739547,-0.76669186,2.2036388,-0.7111889,0.9536205,-0.47440106
-0.47718203,-0.77448773,2.2003357,-0.6993651,0.94879,-0.47775424
-0.47460228,-0.7872848,2.1967552,-0.6851081,0.9467075,-0.47719368
-0.46968108,-0.7994791,2.1954618,-0.67730933,0.9513278,-0.4699211
-0.4584927,-0.8089737,2.2010217,-0.6881032,0.974658,-0.44483638
-0.45750165,-0.81967854,2.1965723,-0.673211,0.96990913,-0.4473402
-0.4410439,-0.8205794,2.2101119,-0.7075854,1.0139533,-0.4053291
-0.42521217,-0.83697027,2.2145798,-0.7144291,1.0475862,-0.37215453
-0.42399707,-0.8479121,2.2103498,-0.7005149,1.0447431,-0.372941
-0.44103727,-0.83731234,2.202146,-0.68224555,1.0041047,-0.41151005
-0.42094395,-0.85762185,2.188244,-0.6220773,1.0534976,-0.4008679
-0.43899226,-0.85164243,2.1634254,-0.54944247,1.0101546,-0.46983433
-0.46879154,-0.8349269,2.116494,-0.42361876,0.9374626,-0.60031796
-0.4746124,-0.8256003,2.0770805,-0.30768386,0.93061835,-0.68947226
-0.47977632,-0.80814713,2.0188134,-0.1475108,0.93190795,-0.8201222
-0.47507995,-0.79732513,1.9774259,-0.03404431,0.95905524,-0.90370953
-0.5034915,-0.7745451,1.962342,-0.016826715,0.87181,-0.98968214
-0.4892834,-0.75384116,1.889939,0.16703357,0.9385259,-1.1363163
-0.45355,-0.78470504,1.9167069,0.11925263,1.0419511,-0.9903465
-0.40655458,-0.80043954,1.9104431,0.14834572,1.1733242,-0.8753664
-0.40626338,-0.81555796,1.9479746,0.06380145,1.160078,-0.7931319
-0.37052423,-0.82842207,1.9554058,0.053314533,1.2440572,-0.66224414
-0.3583349,-0.8423912,1.9857537,-0.018345065,1.2616888,-0.5669021
-0.33523163,-0.84416044,1.9780262,0.0012949738,1.3147588,-0.49828985
-0.305335,-0.84444964,1.9665943,0.028382327,1.3811425,-0.399192
-0.2855993,-0.85957885,2.0010092,-0.064971,1.4268327,-0.26015386
-0.24756397,-0.8677917,2.018302,-0.12338412,1.5208836,-0.08235731
-0.2113732,-0.87050164,2.035348,-0.1888253,1.6094621,0.057079814
-0.1810958,-0.868708,2.045387,-0.23633645,1.6837333,0.15320964
-0.15191096,-0.8610079,2.0366447,-0.23515747,1.7527155,0.24306512
-0.1320283,-0.86030424,2.060217,-0.3183562,1.7907261,0.25880244
-0.0995895,-0.84875,2.04987,-0.32345045,1.8603679,0.33111843
-0.08108602,-0.8459861,2.092088,-0.47724587,1.8972832,0.30085975
-0.05794476,-0.8346919,2.0618625,-0.41712418,1.9533441,0.37372592
-0.037290577,-0.82656497,2.087363,-0.53431356,2.0023599,0.35587123
-0.012863956,-0.80186975,1.9821888,-0.25608814,2.0562859,0.55371803
0.0057635657,-0.79187113,1.9766476,-0.2764904,2.1028728,0.576588
0.013645037,-0.77565813,1.9287183,-0.15648109,2.1137254,0.6738907
0.038511716,-0.7662998,1.9404678,-0.24145174,2.1891978,0.6635268
0.060928237,-0.7524496,1.9370251,-0.2890915,2.25718,0.6693845
0.079451226,-0.7335549,1.911723,-0.26599178,2.3127043,0.71775806
0.08820303,-0.7116828,1.9033781,-0.25569272,2.3124163,0.7422233
0.09192347,-0.6993892,1.8272754,-0.06503644,2.337437,0.8945714
0.104352884,-0.6622066,1.7537298,0.09108658,2.364517,1.0500374
0.12745398,-0.6255203,1.7112205,0.13469633,2.4524243,1.1285237
0.12788612,-0.6106565,1.6782472,0.21411309,2.4496439,1.2021872
0.13581885,-0.59107447,1.6612943,0.23654898,2.4646099,1.2369525
0.13984719,-0.57572526,1.6454625,0.26585546,2.4626236,1.2720785
0.1312485,-0.59182096,1.6457707,0.28284267,2.4598944,1.2729486
0.12582675,-0.57546735,1.604953,0.38968745,2.4253182,1.3709232
0.14036508,-0.54058063,1.5658895,0.4476093,2.4897604,1.4479028
0.14264013,-0.52919376,1.5537207,0.4696469,2.485578,1.474215
0.14548568,-0.5167067,1.5418893,0.48901972,2.4794188,1.4990829
0.14751054,-0.5031801,1.5246334,0.5213992,2.475439,1.5352594
0.14188798,-0.51947653,1.5327076,0.5191278,2.4900434,1.5224699
0.121272124,-0.55036116,1.5506586,0.5101972,2.3974388,1.488911
0.09519654,-0.5884598,1.585581,0.4779121,2.284025,1.4250243
0.09282749,-0.5637352,1.5350323,0.57346505,2.267157,1.5302217
0.08459094,-0.55426455,1.5069773,0.6281369,2.231961,1.587168
0.07240154,-0.592384,1.5656842,0.5395475,2.189247,1.4710659
0.05870644,-0.6117344,1.5896351,0.5121216,2.1456358,1.4229946
0.04887653,-0.6329759,1.6233475,0.4647087,2.1206377,1.351922
0.030577624,-0.6460385,1.635119,0.46818188,2.0667164,1.3356043
0.030469775,-0.65987074,1.6641493,0.41786426,2.076018,1.2707225
0.03764693,-0.67276406,1.6978799,0.3453576,2.1096497,1.1940161
0.039715365,-0.6836397,1.7237985,0.29242504,2.125234,1.1386406
0.02390552,-0.6954262,1.7352707,0.29055485,2.0834885,1.1073527
0.0045204936,-0.7008859,1.7328889,0.32458407,2.0314958,1.1157155
-0.009185834,-0.71237946,1.7489009,0.31087038,2.0039275,1.0746475
-0.030760597,-0.71542466,1.7439595,0.34811586,1.9516526,1.084251
-0.027413722,-0.69848835,1.7112565,0.40868112,1.9445254,1.1798698
-0.01775272,-0.69085526,1.6995163,0.41620132,1.9609672,1.202039
-0.0029148099,-0.6831,1.6911722,0.41281837,1.9944919,1.2187291
-0.0053864694,-0.67158735,1.6655871,0.45937148,1.976243,1.2801794
0.006027257,-0.6567145,1.6406473,0.48627383,1.9963052,1.3309904
0.00071582414,-0.6485223,1.6196917,0.522342,1.9729891,1.3754852
0.0002444014,-0.6397288,1.6002684,0.54938805,1.9641469,1.4131122
-0.02108691,-0.65105736,1.6138078,0.5513021,1.9115102,1.4024131
-0.021198023,-0.6583481,1.6301578,0.53162605,1.9190379,1.375618
-0.034050718,-0.67366177,1.6581377,0.50626,1.903916,1.3301866
-0.03778815,-0.6863026,1.6824814,0.47133595,1.9075283,1.2668115
-0.05615044,-0.6960507,1.6965325,0.46833003,1.8784966,1.2449398
-0.05601459,-0.7099135,1.7243327,0.42021927,1.8943509,1.1639235
-0.070917726,-0.7158202,1.7312002,0.4226789,1.8716145,1.1474183
-0.08580999,-0.71235764,1.7216845,0.45875892,1.8476233,1.2101537
-0.09654803,-0.7143661,1.7233077,0.46728122,1.8365057,1.2241535
-0.103415035,-0.72229016,1.7361852,0.4485465,1.8341522,1.17498
-0.118217975,-0.73179764,1.7497065,0.43418914,1.827105,1.1310852
-0.1352043,-0.7362563,1.7526841,0.43923742,1.812816,1.1212307
-0.15674815,-0.7299389,1.7352953,0.48444372,1.7639691,1.170758
-0.15096518,-0.71829575,1.7088721,0.5064333,1.773268,1.2185298
-0.15433647,-0.7134083,1.6955884,0.5197301,1.7620068,1.2225499
-0.14232054,-0.70442325,1.6784582,0.53065985,1.7894182,1.2745557
-0.15675181,-0.7033039,1.6701428,0.54359055,1.7506741,1.2450076
-0.15560354,-0.6973756,1.6562186,0.55564004,1.7508749,1.2658684
-0.14304096,-0.6901796,1.6435167,0.5620215,1.780853,1.3106842
-0.15546942,-0.6880139,1.6337385,0.5755802,1.7467068,1.2949778
-0.14987469,-0.6810709,1.6189946,0.58631384,1.7583011,1.3258662
-0.14246999,-0.67447734,1.605948,0.5948561,1.7752409,1.3550267
-0.15150937,-0.67141813,1.5953753,0.6076516,1.7493615,1.3535386
-0.15664645,-0.6657124,1.5802069,0.6229616,1.7327677,1.3668517
-0.15814242,-0.65451545,1.5533589,0.6468243,1.7234024,1.40694
-0.17398687,-0.6631558,1.5700996,0.638998,1.6846637,-1.745927
-0.17449506,-0.6735086,1.5940391,0.6183099,1.6883001,-1.7465049
-0.17109466,-0.6840012,1.6196256,0.594319,1.7027597,-1.7433795
-0.17316434,-0.69541013,1.6462796,0.5714656,1.7031052,-1.7454488
-0.19237359,-0.7018326,1.6594872,0.5674336,1.6573288,-1.7638233
-0.19512816,-0.6960287,1.6460122,0.58059824,1.6472594,-1.7664437
-0.18889563,-0.6906745,1.6334795,0.5892031,1.6600441,-1.7604123
-0.19721991,-0.682678,1.6151909,0.608851,1.6346966,-1.7683982
-0.1971971,-0.6762746,1.60045,0.6218539,1.6312902,-1.7683442
-0.19519785,-0.67003906,1.5860211,0.63368267,1.6330682,-1.7663708
-0.19551508,-0.66204286,1.5677365,0.64981306,1.6280488,-1.766635
-0.18787299,-0.65595907,1.5534631,0.6589939,1.6447791,-1.7591908
-0.20030607,-0.6491506,1.5387949,0.67708844,1.608873,-1.7712483
-0.20107923,-0.643041,1.5250454,0.68933594,1.603645,-1.7719804
-0.19273238,-0.6346389,1.5052544,0.70265806,1.6212862,-1.7637634
-0.20053796,-0.62490374,1.4841397,0.72432506,1.5954041,-1.771365
-0.19641335,-0.61623526,1.4641914,0.7394549,1.6019603,-1.7672565
-0.20141871,-0.606791,1.4437708,0.7592233,1.5833694,-1.7721545
-0.21058385,-0.6099982,1.4516805,0.7547673,1.572371,-1.7813114
-0.2094668,-0.60353756,1.4370723,0.7665277,1.5725598,-1.7801741
-0.2134572,-0.5978323,1.4243559,0.77717894,1.5699095,-1.7841429
-0.21377066,-0.5913146,1.4097484,0.789085,1.5687381,-1.7844311
-0.20696932,-0.5917078,1.410421,0.78796417,1.5723947,-1.777634
-0.20977455,-0.58440316,1.394148,0.801382,1.5697938,-1.7804071
-0.21763523,-0.5852869,1.3962897,0.8000948,1.5671601,-1.7882686
-0.2156074,-0.57851475,1.3811144,0.81225705,1.5667365,-1.7862108
-0.20880495,-0.5767387,1.3769855,0.8151462,1.5691491,-1.7794031
-0.20982283,-0.56979114,1.3615144,0.8276667,1.567573,-1.7803866
-0.20050244,-0.5729311,1.3682343,0.82148546,1.572982,-1.7710888
-0.20039283,-0.58241963,1.3894743,0.80449677,1.5736293,-1.7710234
-0.19424999,-0.59242284,1.4107525,0.78368163,1.5957316,-1.7649839
-0.19432862,-0.60066026,1.429119,0.76824635,1.5996578,-1.7651124
-0.18040742,-0.6065312,1.4411299,0.75181514,1.6411393,-1.7515843
-0.17401192,-0.5997803,1.4257816,0.76203656,1.6557748,-1.7453561
-0.16384053,-0.6086693,1.4460746,0.7410409,1.6877404,-1.7357146
-0.17306313,-0.61781454,1.4665059,0.72742444,1.6662925,-1.7446182
-0.16980246,-0.62681675,1.4870228,0.7087625,1.6791677,-1.7415869
-0.16839445,-0.6361331,1.5083311,0.6900757,1.6871185,-1.7403369
-0.17621388,-0.64246476,1.5225334,0.68095297,1.6690139,-1.7478673
-0.17140485,-0.6494483,1.5386779,0.6651963,1.6850847,-1.7433369
-0.15541549,-0.62131846,1.4766451,0.7112836,1.7169437,1.5420591
-0.15089794,-0.61398166,1.4608644,0.72265023,1.7268162,1.5626664
-0.14348486,-0.60437566,1.4408152,0.7363122,1.7444416,1.5821137
-0.14669527,-0.5988343,1.4271538,0.74925333,1.7329643,1.6127434
-0.15388608,-0.5937335,1.4136604,0.7638715,1.7100259,-1.726106
-0.15476272,-0.5837324,1.3906552,0.7835068,1.7034961,-1.7268173
-0.15296568,-0.5753339,1.3719465,0.7982069,1.7055011,-1.7250184
-0.15310045,-0.5674034,1.3539239,0.81316036,1.7020636,-1.7250518
-0.13383624,-0.5688664,1.3624694,0.7975429,1.7601233,1.6785218
-0.12967868,-0.5613789,1.3468102,0.8086976,1.7701646,1.6880879
-0.13522643,-0.5423275,1.312949,0.8672009,1.7530612,1.9254736
-0.15213206,-0.53172266,1.2933182,0.9111428,1.7033637,2.2294328
-0.17490537,-0.56274134,1.3429656,0.83118004,1.6366853,-1.7458515
-0.18710439,-0.5685076,1.3567586,0.8253237,1.6042792,-1.7577864
-0.18561305,-0.5750293,1.371081,0.8127725,1.6115694,-1.7563761
-0.17846942,-0.58362824,1.3897092,0.79408413,1.63584,-1.7495
-0.19773966,-0.550846,1.3262599,0.8737778,1.5739603,-1.7679358
-0.20476276,-0.5527244,1.3303299,0.8703003,1.5705256,-1.7749683
-0.21239316,-0.527454,1.2922652,0.94502234,1.5599954,-1.781278
-0.22061491,-0.5336981,1.3040062,0.93062955,1.5556806,-1.7897223
-0.2308694,-0.52187,1.2883098,0.96729565,1.5371995,-2.9400406
-0.24174374,-0.51321745,1.2786928,0.9957763,1.5205756,-2.8868668
-0.25472814,-0.54075354,1.3260472,0.92634404,1.5163575,-2.7751493
-0.26888466,-0.5550685,1.354813,0.8950796,1.5052913,-1.8388305
-0.27568164,-0.5665147,1.375979,0.8670921,1.5003486,-1.8462135
-0.28140777,-0.5716446,1.3877914,0.85814416,1.4978788,-1.8520653
-0.28354117,-0.58788556,1.4157442,0.8159195,1.5066097,-1.8545424
-0.28284955,-0.6015734,1.4398371,0.78125465,1.5228032,-1.8538188
-0.28129533,-0.6119326,1.4591101,0.7560852,1.536322,-1.8521959
-0.27624223,-0.6176671,1.4709679,0.7439082,1.5471234,-1.8470671
-0.27736583,-0.6260619,1.48945,0.72750133,1.5528259,-1.8481786
-0.2697937,-0.6253052,1.4873112,0.7282331,1.5575066,-1.8405825
-0.2625116,-0.6186776,1.4722822,0.74051094,1.5577097,-1.8332818
-0.25429836,-0.6187823,1.4723015,0.73995763,1.5605586,-1.8250595
-0.24702327,-0.6176747,1.4696428,0.7417465,1.562596,-1.8177766
-0.2505719,-0.62359905,1.4829543,0.7305865,1.5640222,-1.8213377
-0.2421061,-0.62294316,1.4813222,0.7315494,1.5663573,-1.812867
-0.23556302,-0.6228608,1.4811393,0.7317116,1.5666718,-1.8063238
-0.23835614,-0.6296285,1.4964409,0.71902335,1.5676085,-1.8091303
-0.2452912,-0.6306209,1.498708,0.7171912,1.5670447,-1.8160677
-0.25252432,-0.63079435,1.4991698,0.71698534,1.5656748,-1.8233029
-0.25615355,-0.63736856,1.514001,0.70445144,1.5672206,-1.8269409
-0.25431916,-0.64310247,1.5270065,0.69354105,1.5684717,-1.8251117
-0.24768591,-0.64583933,1.5332059,0.68828315,1.5698148,-1.8184798
-0.24164782,-0.6451898,1.5317689,0.6895975,1.5696744,-1.8124412
-0.23343782,-0.64199436,1.52446,0.69560075,1.5703092,-1.8042284
-0.23588781,-0.6372126,1.5135909,0.70465004,1.5694982,-1.8066732
-0.22715902,-0.634186,1.5066973,0.7103164,1.5699142,-1.7979401
-0.22466466,-0.64010733,1.5201544,0.69915026,1.5707796,-1.7954533
-0.21757424,-0.63789314,1.5150788,0.7032563,1.5714562,-1.7883605
-0.21834897,-0.6447728,1.5308081,0.69037026,1.5711844,-1.7891419
-0.22365433,-0.6506094,1.5441682,0.67935,1.5709537,-1.7944502
-0.22150567,-0.65615875,1.5569459,0.6689073,1.5703679,-1.7923019
-0.22202237,-0.66223377,1.5710067,0.6574879,1.5690304,-1.7928164
-0.22307095,-0.6682008,1.5848519,0.64620554,1.5676954,-1.7938603
-0.22994106,-0.67163855,1.5928354,0.63965863,1.5668349,-1.800726
-0.24021676,-0.67411625,1.598749,0.6351821,1.5642331,-1.811
-0.24623951,-0.6778148,1.6074004,0.6281562,1.5628871,-1.817017
-0.25305468,-0.67605036,1.6034536,0.63180554,1.561031,-1.8238392
-0.253416,-0.681546,1.6164118,0.621468,1.5585995,-1.824194
-0.2569377,-0.686679,1.6285479,0.61175084,1.5562073,-1.8277078
-0.26416,-0.6893697,1.6350459,0.60680836,1.5534849,-1.8349302
-0.27081966,-0.68731135,1.6304231,0.61108565,1.5515025,-1.8416055
-0.2670849,-0.68213993,1.6181098,0.62077874,1.5545899,-1.8378737
-0.2659672,-0.6760861,1.6037447,0.63205135,1.5580347,-1.8367589
-0.26421577,-0.67048067,1.590492,0.6424291,1.5612113,-1.8350095
-0.27302837,-0.66866225,1.5863711,0.6460484,1.5597687,-1.8438284
-0.27881452,-0.6654605,1.5789722,0.6521719,1.5594258,-1.8496201
-0.28588057,-0.6636722,1.5749016,0.65566975,1.5582696,-1.8566922
-0.29219222,-0.6610368,1.5689596,0.6609024,1.5564469,-1.863014
-0.29473817,-0.6668759,1.5830269,0.6506501,1.5505319,-1.8655825
-0.2969476,-0.6728647,1.5974495,0.6399489,1.5451365,-1.8678168
-0.29288286,-0.679456,1.6128647,0.62737375,1.544114,-1.8637415
-0.28346497,-0.6785793,1.6102172,0.62823296,1.550196,-1.8542846
-0.2792916,-0.68345594,1.6216733,0.61893195,1.5491215,-1.850103
-0.2741617,-0.67585224,1.6034847,0.6329291,1.5547231,-1.8449659
-0.28398204,-0.6719445,1.5945041,0.64056545,1.5534985,-1.8548002
-0.26755866,-0.66128194,1.5689071,0.6594497,1.5650358,-1.8383559
-0.2650045,-0.6554041,1.5550525,0.67004347,1.5690963,-1.8358009
-0.27297813,-0.6559746,1.5563745,0.66897726,1.5680912,-1.8437748
-0.27397823,-0.6502969,1.5431852,0.6794437,1.5697559,-1.8447745
-0.2811056,-0.6527234,1.5486418,0.67465264,1.5700204,-1.851902
-0.28112003,-0.645655,1.5327872,0.68862104,1.5663958,-1.8519174
-0.2883063,-0.644509,1.530344,0.6910859,1.5637238,-1.8591079
-0.2814886,-0.6365503,1.5125797,0.70673454,1.5601803,-1.8522906
-0.27310455,-0.6336809,1.5059611,0.71197176,1.5616635,-1.8438971
-0.26420194,-0.6319066,1.5018033,0.7150857,1.5636714,-1.8349862
-0.2652856,-0.6404466,1.5210161,0.6986626,1.5665708,-1.8360776
-0.27145472,-0.64387053,1.5287896,0.6921372,1.5665323,-1.8422502
-0.26223844,-0.6460969,1.5337992,0.6878012,1.5684205,-1.8330334
-0.25410286,-0.6505604,1.5439417,0.6792302,1.5701612,-1.824899
-0.25062773,-0.6545378,1.5530779,0.6717173,1.5703444,-1.821424
-0.24359648,-0.6563319,1.5572984,0.66849405,1.569692,-1.8143927
-0.23881081,-0.65113455,1.5453209,0.6782612,1.5706946,-1.8096068
-0.23265848,-0.64967716,1.5420187,0.6810885,1.5706178,-1.803454
-0.23442446,-0.65638,1.5574316,0.66844445,1.5700293,-1.8052206
-0.23076722,-0.6613313,1.5689135,0.6591834,1.5689086,-1.8015617
-0.23722503,-0.6663148,1.5805331,0.6498828,1.5668219,-1.8080165
-0.2408505,-0.6616902,1.5697471,0.65850925,1.5682645,-1.8116449
-0.25001988,-0.66252834,1.5717345,0.65700644,1.566957,-1.8208144
-0.25409403,-0.6681268,1.5848291,0.64659256,1.5644609,-1.8248854
-0.2466754,-0.6709419,1.591397,0.64128953,1.5641141,-1.8174638
-0.23440957,-0.67915726,1.610407,0.6253786,1.5645037,-1.8051829
-0.2281414,-0.67932755,1.6107663,0.6249901,1.565101,-1.7989143
-0.23560593,-0.6850296,1.6241498,0.6141084,1.563043,-1.8063667
-0.23419528,-0.69116044,1.638483,0.60217917,1.5622061,-1.8049389
-0.23701523,-0.69746387,1.6533289,0.58993393,1.5605148,-1.8077382
-0.2458599,-0.69565696,1.649435,0.59401214,1.5568712,-1.8165977
-0.2512843,-0.7005121,1.6609477,0.5846087,1.5550183,-1.8220056
-0.2483361,-0.70521325,1.6721151,0.5754444,1.5535145,-1.8190418
-0.24185924,-0.7079252,1.6781967,0.56959915,1.5564709,-1.8125428
-0.24318336,-0.71396315,1.6925474,0.5576473,1.5548928,-1.8138378
-0.23350202,-0.71011,1.6829492,0.5646437,1.56091,-1.8041668
-0.22904697,-0.7175896,1.6993691,0.54752505,1.5764105,-1.7996684
-0.24075447,-0.72109324,1.709401,0.54320437,1.5546527,-1.8113663
-0.24730389,-0.72518814,1.7194507,0.5353168,1.5510882,-1.817896
-0.2530623,-0.7304461,1.7323295,0.52501917,1.5473315,-1.8236274
-0.26232487,-0.7276476,1.7261329,0.5313491,1.5431706,-1.8329306
-0.27110195,-0.7260655,1.7229022,0.53522813,1.5385292,-1.8417494
-0.27572307,-0.7215614,1.7123758,0.544619,1.5371599,-1.8464156
-0.26532164,-0.7200589,1.7081484,0.5468806,1.5431097,-1.8359843
-0.25601885,-0.7176674,1.7018968,0.5509778,1.5487628,-1.8266692
-0.25507474,-0.7116069,1.6874017,0.56296325,1.550772,-1.8257539
-0.2656862,-0.7140081,1.6937395,0.55901,1.5441959,-1.8363832
-0.26524195,-0.70882154,1.6813607,0.56925136,1.5457484,-1.8359613
-0.2703487,-0.7057147,1.6741261,0.57556087,1.5450175,-1.8410887
-0.27384365,-0.70059675,1.6622002,0.5858702,1.5442045,-1.8446158
-0.2632393,-0.70109624,1.6628493,0.5841962,1.5494243,-1.8339795
-0.2570051,-0.6960497,1.650703,0.5937436,1.5529613,-1.8277531
-0.25200498,-0.6911363,1.6388752,0.60291666,1.5568671,-1.8227583
-0.24334559,-0.69004446,1.6361717,0.6048273,1.5588541,-1.8140988
-0.24640924,-0.6849417,1.6241452,0.6145965,1.5604953,-1.8171735
-0.26612192,-0.69467527,1.6476845,0.5967264,1.5507715,-1.8368837
-0.27681348,-0.69232535,1.6425312,0.60181093,1.5472212,-1.8476034
-0.2859367,-0.69121206,1.6403462,0.6045489,1.5432142,-1.8567588
-0.29063392,-0.6866753,1.6300505,0.6138214,1.5406544,-1.861496
-0.30220205,-0.68466365,1.6262983,0.61891156,1.5325091,-1.873157
-0.3055803,-0.690075,1.6397423,0.6092619,1.5258695,-1.8765979
-0.30620694,-0.69588536,1.6537678,0.59827715,1.5224605,-1.8772441
-0.29997838,-0.6997066,1.6620797,0.58999246,1.5274004,-1.8709228
-0.2940938,-0.69519013,1.6506418,0.59795403,1.5344037,-1.8649788
-0.28408277,-0.697378,1.6551011,0.59281695,1.5401455,-1.8549016
-0.28590223,-0.7042961,1.6717308,0.57955116,1.5365094,-1.8567159
-0.28421655,-0.71104294,1.6877143,0.56614774,1.5354985,-1.8549976
-0.2924846,-0.7106186,1.6874459,0.56783724,1.5295534,-1.8633319
-0.2873405,-0.71673656,1.7016593,0.5552174,1.5312849,-1.858124
-0.27481714,-0.71228486,1.69009,0.5629942,1.5403442,-1.8455498
-0.3027358,-0.7058708,1.6770093,0.57798856,1.5220922,-1.8737092
-0.30684936,-0.72332746,1.7137808,0.53008837,1.4930688,-1.8777959
-0.3064412,-0.73385733,1.7354026,0.49953452,1.4808532,-1.8771317
-0.30550647,-0.7528874,1.772912,0.4388039,1.4620277,-0.7678258
-0.28806233,-0.7558544,1.7784098,0.43483225,1.4865289,-1.8573048
-0.2710968,-0.7479274,1.7644516,0.46705103,1.5148438,-1.8409663
-0.26334488,-0.7653831,1.795786,0.40647832,1.5103265,-0.42166996
-0.23884709,-0.7730523,1.8066819,0.37663063,1.5614781,-0.057480477
-0.21967654,-0.7938725,1.8433104,0.2895529,1.606255,0.14907192
-0.19100632,-0.8001148,1.8574784,0.24161467,1.6754041,0.35845095
-0.15860122,-0.79646987,1.857686,0.2205781,1.7555757,0.55350596
-0.13647145,-0.79837096,1.8695074,0.17732345,1.803297,0.6039067
-0.12038478,-0.7744266,1.8273298,0.26530293,1.8285133,0.7791031
-0.10130364,-0.77577364,1.8373122,0.2249565,1.8551893,0.7650756
-0.08555276,-0.7724358,1.8372048,0.21037702,1.8808447,0.7862643
-0.073828965,-0.7579682,1.8122425,0.2545435,1.8940563,0.8697284
-0.053148996,-0.759872,1.8260043,0.20057113,1.937242,0.8514692
-0.040693764,-0.73995125,1.7898977,0.26470554,1.9492486,0.9541744
-0.057995975,-0.73477685,1.7721987,0.32540676,1.9106282,1.0064183
-0.0728497,-0.73608893,1.7697152,0.34911785,1.8848507,1.0186769
-0.09640157,-0.7465555,1.7823335,0.34565336,1.8546456,0.9706338
-0.108953066,-0.7402444,1.7668189,0.38872376,1.8344373,1.0292342
-0.13163914,-0.7636787,1.8028412,0.3277681,1.8134743,0.8603406
-0.16279013,-0.76337624,1.7934843,0.367364,1.7480489,0.7889408
-0.20152813,-0.75728,1.77719,0.42439282,1.6538781,0.5781643
-0.21899387,-0.73728704,1.7440169,0.5019339,1.6130061,-1.7896934
-0.21981417,-0.7314829,1.7304529,0.51479125,1.607376,-1.7905058
-0.2065694,-0.7231589,1.7098514,0.5278676,1.6343884,-1.777605
-0.20615652,-0.7151255,1.6910024,0.54480743,1.6307038,-1.777187
-0.19735433,-0.7091503,1.676666,0.5540499,1.649059,-1.768656
-0.18256637,-0.71460205,1.6901342,0.5359571,1.6889075,-1.7545323
-0.18273829,-0.7196706,1.7023284,0.52495503,1.6913301,-1.7547355
-0.17817995,-0.72639906,1.7197508,0.5071428,1.7068319,1.0918729
-0.18052888,-0.7326288,1.734363,0.49472472,1.7043866,1.0609573
-0.2429948,-0.7329169,1.7375721,0.5190857,1.5536276,-1.8135203
-0.22267027,-0.7046143,1.6683787,0.5726801,1.5837781,-1.7933794
-0.21884619,-0.69937193,1.6557411,0.58229214,1.5900321,-1.7896014
-0.22253947,-0.68974173,1.6342307,0.6033321,1.5751176,-1.7932858
-0.22065978,-0.68326086,1.6191144,0.6159325,1.5759759,-1.7914251
-0.21819356,-0.672966,1.5952642,0.6359216,1.5762336,-1.7889795
-0.21222284,-0.6569681,1.5580288,0.66581696,1.5824664,-1.7830336
-0.21094547,-0.6291806,1.4952292,0.7194983,1.5717071,-1.781719
-0.21791731,-0.6296627,1.4963053,0.71856344,1.571787,-1.7886912
-0.2153864,-0.6224632,1.479935,0.73188514,1.5720252,-1.7861459
-0.22058049,-0.61917627,1.4726231,0.73822623,1.5695202,-1.7913318
-0.22678097,-0.62551355,1.4869903,0.7264857,1.5695312,-1.7975463
-0.23231836,-0.61546594,1.4644212,0.74543107,1.5660895,-1.8030607
-0.23874849,-0.61417174,1.4615152,0.74785024,1.5654405,-1.809487
-0.2421332,-0.60655564,1.444639,0.76239836,1.5607482,-1.8128558
-0.2502076,-0.6076543,1.4472952,0.76068467,1.5584415,-1.82094
-0.2471071,-0.60140675,1.4332353,0.7721457,1.5578723,-1.8178183
-0.23807932,-0.5977393,1.4247811,0.77849066,1.5603254,-1.8087702
-0.2410724,-0.5920151,1.4121678,0.7893073,1.5567048,-1.8117495
-0.23400742,-0.5911298,1.4098716,0.7903894,1.5606881,-1.8046703
-0.22725955,-0.58612156,1.3985239,0.7992468,1.5619078,-1.7978998
-0.2316864,-0.58184505,1.3891218,0.8072611,1.5591114,-1.8023112
-0.23990858,-0.5780452,1.381088,0.8148693,1.5528702,-1.8105334
-0.24849619,-0.58741236,1.4023292,0.79843205,1.5507308,-1.8191763
-0.25329307,-0.595684,1.4209079,0.78345877,1.5512534,-1.8240081
-0.2574187,-0.6022271,1.4355516,0.7714136,1.5524602,-1.8281549
-0.26568192,-0.602078,1.4357803,0.7725588,1.5463475,-1.8364544
-0.27111223,-0.6087615,1.4509801,0.7605213,1.5453852,-1.8419185
-0.25844386,-0.6098645,1.4524853,0.7569619,1.5560328,-1.8291925
-0.2582875,-0.59005004,1.4088293,0.7945624,1.5446764,-1.829017
-0.25737208,-0.5647055,1.3649204,0.8611042,1.5253412,-1.8276799
-0.23585394,-0.56372726,1.3555169,0.85175747,1.5497782,-1.8061825
-0.2268377,-0.5594587,1.3457246,0.8589418,1.5539136,-1.797122
-0.22281073,-0.5738589,1.3710277,0.8211848,1.5615759,-1.793394
-0.222948,-0.5928548,1.4133893,0.7866329,1.5659295,-1.793613
-0.22911963,-0.5986471,1.4265808,0.7764169,1.5638219,-1.7998089
-0.23384637,-0.60380024,1.4381723,0.76699597,1.5641727,-1.8045532
-0.22768982,-0.6088001,1.449276,0.7575335,1.5670712,-1.7984114
-0.2218354,-0.602652,1.4353074,0.7685879,1.5684013,-1.7925364
-0.21875794,-0.60749453,1.4462374,0.75975657,1.5686245,-1.7894763
-0.21038058,-0.61655885,1.4665473,0.7427702,1.57214,-1.7811266
-0.24665232,-0.6381809,1.51579,0.7028175,1.5688384,-1.8174392
-0.25843367,-0.66135,1.5690137,0.6592393,1.5663819,-1.8292294
-0.2934255,-0.6552847,1.555171,0.6709309,1.5618455,-1.8642329
-0.31611094,-0.6550799,1.5618079,0.6792246,1.4997522,-1.8877248
-0.31247088,-0.6445014,1.5382146,0.70096755,1.5031508,-1.8840072
-0.29852158,-0.6375665,1.5175892,0.70881826,1.5341,-1.8695188
-0.2961717,-0.63010705,1.5010939,0.7234315,1.529837,-1.8672069
-0.30122268,-0.6189926,1.481391,0.7511057,1.5051087,-1.8726201
-0.2919436,-0.6162186,1.471533,0.7519819,1.5221659,-1.8630296
-0.30368775,-0.5942376,1.4374856,0.8122603,1.4747696,-1.8755078
-0.31921658,-0.58934504,1.4377201,0.8318723,1.4370872,-2.2601876
-0.32885385,-0.594701,1.4521134,0.8213715,1.4186554,-2.1917272
-0.3268628,-0.61330986,1.4846249,0.77659595,1.4392321,-2.103088
-0.33409998,-0.6197073,1.5004637,0.76364756,1.4262382,-2.0439131
-0.3548143,-0.6222631,1.5167987,0.7599559,1.3728542,-1.9740189
-0.37241066,-0.62449473,1.5323423,0.75220966,1.3234661,-1.9212785
-0.37001762,-0.6428578,1.5642982,0.70907414,1.3413211,-1.8278306
-0.38671812,-0.6465722,1.5823338,0.6932076,1.2914349,-1.7789444
-0.40071496,-0.653371,1.605396,0.6686023,1.2502995,-1.7277989
-0.42971718,-0.6495512,1.6237457,0.658241,1.1593015,-1.7238901
-0.4427958,-0.6550003,1.6458083,0.6291406,1.1177622,-1.682715
-0.43243876,-0.6744224,1.6702071,0.5837584,1.1534374,-1.5923722
-0.42205632,-0.6908692,1.6920897,0.5463719,1.1864462,-1.5089796
-0.44456324,-0.694559,1.7191156,0.50745577,1.113051,-1.4832159
-0.41682854,-0.7223436,1.7492931,0.45292807,1.1959362,-1.3267573
-0.39381525,-0.70692325,1.7033428,0.5265761,1.2733817,-1.4089843
-0.35516453,-0.6935092,1.6570551,0.5878016,1.3929294,-1.4612987
-0.3610809,-0.6821112,1.6357698,0.61418533,1.377032,-1.5554649
-0.3677499,-0.67099845,1.6169097,0.6406634,1.3575007,-1.6452028
-0.33907402,-0.6777219,1.6179172,0.6297487,1.4406105,-1.9125323
-0.3260651,-0.6856485,1.6322314,0.6154459,1.4774448,-1.8980916
-0.3269886,-0.6975319,1.6583741,0.5874314,1.4699227,-1.8990248
-0.33795238,-0.70996726,1.6867763,0.55162126,1.4335378,-1.2703588
-0.34813172,-0.7224158,1.7157208,0.51347935,1.3983499,-1.2132924
-0.33572733,-0.73311883,1.7351482,0.4875683,1.420855,-1.0719777
-0.33741215,-0.7470758,1.764859,0.44379964,1.4024061,-0.99143744
-0.3270187,-0.7546324,1.7789048,0.42447495,1.4170783,-0.8953872
-0.32785416,-0.77874327,1.8279947,0.33494908,1.3900255,-0.76097393
-0.35121968,-0.7826617,1.8415197,0.30077943,1.3359616,-0.82637435
-0.36945358,-0.77684623,1.836767,0.30836785,1.2945358,-0.92553264
-0.37802753,-0.75377154,1.7917187,0.38875234,1.2924175,-1.0849732
-0.38355026,-0.7444355,1.7739122,0.41515106,1.2851577,-1.1478076
-0.43577385,-0.7447481,1.8104911,0.34530988,1.1251696,-1.2130787
-0.45165515,-0.72967994,1.7946465,0.3731679,1.0803884,-1.2947
-0.4440899,-0.7552055,1.8403916,0.28539917,1.0922567,-1.1557127
-0.4259572,-0.7670813,1.8496804,0.2713828,1.1425933,-1.0830591
-0.40662813,-0.7769375,1.8568381,0.2606657,1.1928337,-1.0049353
-0.33527586,-0.79935354,1.8722361,0.24157202,1.3556406,-0.6835488
-0.32360315,-0.81096435,1.8945671,0.19646798,1.3675734,-0.5934395
-0.29485652,-0.8043176,1.8736213,0.24187346,1.4314351,-0.48186162
-0.27852258,-0.8061748,1.8750373,0.23896758,1.4583287,-0.3949932
-0.24498735,-0.8300131,1.9186492,0.12339449,1.5373477,-0.0889459
-0.21282525,-0.83935803,1.9398494,0.05734928,1.6148859,0.10025705
-0.1818714,-0.8319229,1.928915,0.064931735,1.6925722,0.27333722
-0.15099193,-0.82960206,1.934677,0.029977933,1.7696913,0.40134323
-0.12874527,-0.8297709,1.947591,-0.01930197,1.8102673,0.43469462
-0.0999137,-0.8083824,1.9101326,0.049239565,1.8633778,0.5736989
-0.11216414,-0.802758,1.8903353,0.1088453,1.8424169,0.599121
-0.07093432,-0.786473,1.8751643,0.10507454,1.9127791,0.7026999
-0.05369054,-0.78670263,1.8872999,0.054675795,1.9484986,0.6962179
-0.035806935,-0.7732085,1.8675754,0.081215784,1.9832659,0.7654877
-0.018493438,-0.7797093,1.8999738,-0.024670778,2.0272353,0.7083238
-0.03228469,-0.7986094,1.9410331,-0.11023704,2.0032136,0.6116104
-0.049659155,-0.8150543,1.9751993,-0.17718178,1.9676064,0.5255317
-0.06900902,-0.8176174,1.9611323,-0.11478292,1.9252781,0.5228531
-0.08778829,-0.82602286,1.9694587,-0.11608786,1.8850979,0.4729908
-0.109305404,-0.83535993,1.9798206,-0.119953066,1.8450288,0.4190223
-0.1525667,-0.69802654,1.8831141,0.22203553,1.619527,0.28681844
-0.1596528,-0.6881185,1.8723772,0.2717432,1.5969313,-1.7295445
-0.1611588,-0.6855787,1.8743078,0.2851373,1.5907133,-1.7312922
-0.17089498,-0.6884492,1.8809056,0.2752808,1.5875113,-1.7408748
-0.1779899,-0.6908969,1.8796932,0.2652362,1.587813,-1.7476863
-0.18447384,-0.6930244,1.8898956,0.25827727,1.5819927,-1.7541199
-0.19383067,-0.6912705,1.8809603,0.26724592,1.5801429,-1.7634501
-0.20331466,-0.69847876,1.8945655,0.23684789,1.5770432,-1.7722725
-0.20281523,-0.6952775,1.8985544,0.2520604,1.571631,-1.7723016
-0.21241398,-0.69588935,1.902848,0.25127375,1.5658392,-1.7818836
-0.21368915,-0.7011354,1.9059806,0.22697154,1.5655781,-1.7824569
-0.22460853,-0.70021015,1.9030867,0.2327487,1.5596458,-1.7933629
-0.223987,-0.69761515,1.9071727,0.24499738,1.5595288,-1.793271
-0.23744129,-0.70011175,1.9110818,0.23450476,1.5518401,-1.8063545
-0.2375287,-0.7114517,1.9211257,0.18089099,1.5494618,-0.116548896
-0.25023767,-0.7132664,1.925553,0.17317128,1.5394973,-0.16538519
-0.24878347,-0.70518184,1.916716,0.21159996,1.5405681,-0.20046216
-0.25329605,-0.6998267,1.9138223,0.23683865,1.5430489,-1.8222337
-0.2605255,-0.70518076,1.9157381,0.21231507,1.5320021,-0.25462762
-0.2701828,-0.7032278,1.916817,0.2209883,1.5275409,-0.3055963
-0.28202385,-0.6991267,1.9129412,0.2391378,1.5259181,-1.8508267
-0.28589702,-0.70502657,1.9170657,0.21119823,1.5122328,-0.37512615
-0.29585016,-0.7072125,1.9168564,0.2000769,1.4972829,-0.42454085
-0.30357856,-0.70226663,1.9111829,0.22200392,1.5005237,-0.4626071
-0.30967286,-0.6978033,1.9078467,0.24176319,1.5048801,-1.8783202
-0.31916198,-0.6990894,1.9062754,0.23341168,1.4910607,-0.546504
-0.3268514,-0.69614464,1.9017634,0.24531162,1.4901154,-0.58971334
-0.33466628,-0.69139135,1.8955832,0.26527575,1.4964582,-1.9039166
-0.3383508,-0.6947617,1.896741,0.2481474,1.479201,-0.6462574
-0.35023585,-0.6902003,1.8869967,0.2641756,1.4734191,-0.72261274
-0.35636455,-0.68598384,1.8800524,0.28089944,1.4795547,-1.9259582
-0.348394,-0.68515044,1.8703521,0.28561768,1.4788282,-1.917874
-0.3565066,-0.68212736,1.862976,0.2954379,1.4741102,-1.9262595
-0.36550736,-0.6823116,1.8716489,0.29315764,1.4766995,-1.9354199
-0.3738287,-0.67899257,1.8621355,0.3025101,1.4686965,-1.9440068
-0.3694065,-0.6801049,1.8566318,0.29737973,1.4547306,-0.8725535
-0.3752737,-0.67667496,1.8492866,0.30859268,1.4570515,-0.9012736
-0.38402206,-0.67388123,1.8490318,0.31811965,1.4638386,-1.954599
-0.39088678,-0.66954124,1.8382283,0.3315506,1.4612894,-1.9617984
-0.3960703,-0.6667685,1.8296701,0.33825466,1.4514816,-1.967303
-0.40062,-0.66519576,1.8233167,0.33995438,1.4370749,-1.0707115
-0.38753596,-0.6657417,1.8212416,0.34408757,1.4537474,-1.958654
-0.38534123,-0.6718801,1.8375762,0.32260385,1.4489306,-0.97350526
-0.40661132,-0.6590047,1.808845,0.3600765,1.4430707,-1.9784862
-0.40716,-0.6619141,1.8108659,0.34529456,1.4109901,-1.1216482
-0.4112481,-0.6538536,1.7924991,0.37233636,1.4251528,-1.1794422
-0.40933102,-0.6543156,1.7981486,0.37556535,1.4513841,-1.9812803
-0.41322342,-0.6494367,1.7852448,0.3892899,1.4499937,-1.9854343
-0.41719037,-0.64733297,1.7778904,0.39194554,1.4272987,-1.244883
-0.4197323,-0.6417894,1.7646365,0.40960792,1.4415716,-1.9925482
-0.418509,-0.6399649,1.7566248,0.4131228,1.4236978,-1.2978038
-0.42297766,-0.6351677,1.7473501,0.42743084,1.4348998,-1.9963472
-0.42607918,-0.63161385,1.7369885,0.43412465,1.4134218,-1.3736337
-0.42498693,-0.62850237,1.7300828,0.4459728,1.4436955,-1.9982247
-0.42843214,-0.62527764,1.7210957,0.45161027,1.4126898,-1.4234288
-0.4262145,-0.61830086,1.701517,0.47146025,1.4175894,-1.4655485
-0.42395088,-0.61270624,1.6860017,0.48741937,1.4242383,-1.5018674
-0.43006146,-0.6085165,1.6784134,0.49695867,1.4232527,-1.5439957
-0.42938423,-0.6049546,1.6686075,0.5063221,1.4404981,-2.003393
-0.43005085,-0.60221434,1.662077,0.51271254,1.410802,-1.5819618
-0.42088616,-0.60756326,1.6715364,0.502367,1.4327861,-1.9951489
-0.4283869,-0.614264,1.6928815,0.48284274,1.439334,-2.0022364
-0.45758098,-0.6162779,1.7150662,0.45450976,1.285931,-1.5086051
-0.46287477,-0.5967154,1.6722958,0.5070815,1.268124,-1.610585
-0.4405877,-0.59224826,1.6470009,0.53694814,1.3531457,-1.6673183
-0.44104034,-0.5823684,1.6231513,0.5609864,1.3471788,-1.7096126
-0.42778262,-0.5871641,1.6227629,0.5500578,1.4394825,-2.00215
-0.42842594,-0.59375393,1.6396496,0.53405637,1.4405116,-2.0026398
-0.4278264,-0.59226614,1.6363564,0.53837836,1.4141685,-1.6454884
-0.42763382,-0.5781029,1.6017247,0.5729902,1.4169558,-1.7377373
-0.42488086,-0.57523316,1.5920341,0.5783685,1.4428942,-1.9991896
-0.42344084,-0.5672597,1.5732477,0.59842753,1.4316164,-1.8086326
-0.41387483,-0.566401,1.5669008,0.6028251,1.437579,-1.988472
-0.42067495,-0.55944407,1.5526335,0.6156471,1.4385595,-1.9953281
-0.41877416,-0.5512891,1.5352291,0.63733524,1.4185873,-1.8924356
-0.41552228,-0.54965156,1.5270976,0.63703185,1.4467477,-1.9897138
-0.41494104,-0.5427388,1.5141642,0.6572792,1.42019,-1.9395155
-0.41141927,-0.54125786,1.5054069,0.65491825,1.4514909,-1.9853384
-0.408679,-0.5343241,1.4890896,0.6714742,1.4464699,-1.9828461
-0.40525296,-0.5271297,1.4726814,0.6890866,1.4385064,-2.0220973
-0.40292814,-0.5206433,1.4594885,0.70689476,1.4278194,-2.0557656
-0.40012944,-0.52152795,1.4559073,0.6974554,1.4565518,-1.9736744
-0.3919875,-0.51419294,1.4393528,0.720007,1.443949,-2.103059
-0.39482185,-0.5104187,1.430675,0.7243391,1.4490122,-2.1175072
-0.39019886,-0.5065313,1.4184055,0.7285997,1.4627045,-1.9632998
-0.39037946,-0.50176996,1.412649,0.747233,1.4379765,-2.1548781
-0.38329867,-0.49340877,1.3904704,0.7624846,1.4489843,-2.202879
-0.37666446,-0.48726258,1.3719445,0.76973355,1.4660486,-1.9493372
-0.37340623,-0.4850955,1.3698921,0.78240323,1.4524674,-2.2571065
-0.37057787,-0.47818437,1.3566922,0.801831,1.4411784,-2.2758102
-0.37038347,-0.47742024,1.3513106,0.7951845,1.4570312,-2.2859542
-0.36369088,-0.47312573,1.3360983,0.7958724,1.477096,-1.9357074
-0.36070266,-0.47102207,1.3353122,0.81100005,1.4617283,-2.3375933
-0.35803246,-0.45951405,1.3146875,0.84376377,1.4457539,-2.3724809
-0.35535324,-0.46390843,1.3134859,0.81365114,1.4820755,-1.9270359
-0.34997985,-0.45350158,1.2955028,0.8467911,1.4654307,-2.4159129
-0.34616974,-0.45442125,1.290806,0.8326985,1.4856421,-1.9175467
-0.342746,-0.45015216,1.2874475,0.85713226,1.463832,-2.4318185
-0.33489472,-0.4480202,1.277497,0.8545742,1.4817048,-2.4777725
-0.33830783,-0.44441915,1.2692457,0.8567614,1.4840008,-1.9094211
-0.33259964,-0.4408407,1.2586595,0.8599237,1.4914638,-1.9035059
-0.33199108,-0.4352618,1.2529407,0.884835,1.4752787,-2.5176518
-0.32365763,-0.42828906,1.235652,0.8972432,1.4821739,-2.5599754
-0.32510713,-0.43519187,1.2437061,0.8679519,1.498627,-1.8957783
-0.3179226,-0.42429832,1.2242529,0.90138257,1.4896709,-2.5885897
-0.30721375,-0.4167433,1.2072655,0.91885406,1.494267,-2.6401596
-0.30791217,-0.42099693,1.2095599,0.89417297,1.508024,-1.8781108
-0.29923815,-0.4145544,1.1939074,0.9054752,1.5131152,-1.8692404
-0.2950442,-0.40582535,1.1817461,0.93904704,1.502486,-2.702101
-0.28933018,-0.4060632,1.1756908,0.92521304,1.5155284,-1.8589948
-0.28612947,-0.40845758,1.1830084,0.9291788,1.5130132,-2.7339144
-0.28071004,-0.40117452,1.1632147,0.93231165,1.5213412,-1.850266
-0.27567706,-0.40260398,1.1685584,0.9391815,1.5202985,-2.7841601
-0.2730041,-0.39721304,1.1521913,0.9359235,1.5280448,-1.8425361
-0.2668857,-0.39212817,1.1422423,0.94961244,1.5292933,-1.8361565
-0.26532248,-0.3901888,1.1429033,0.9660926,1.5243422,-2.8396654
-0.25933987,-0.38931948,1.134047,0.9512924,1.5351276,-1.8286426
-0.25323153,-0.38547105,1.1261227,0.9607457,1.5371416,-1.8223711
-0.24929509,-0.3915618,1.1399401,0.9557386,1.5388048,-1.8183473
-0.24134345,-0.3871312,1.1302196,0.965359,1.5433041,-1.8102443
-0.23945713,-0.38002262,1.1114578,0.9663495,1.547426,-1.8086253
-0.2330772,-0.37726426,1.1055974,0.9726783,1.5505805,-1.8021548
-0.2249017,-0.37409836,1.098209,0.9783711,1.5551724,-1.7939427
-0.22283193,-0.38031203,1.1133441,0.97523814,1.5562388,-1.7917132
-0.21582936,-0.37447578,1.1017127,0.98817754,1.5606307,-3.0719044
-0.21350075,-0.3704959,1.089605,0.98434985,1.5628372,-1.7825303
-0.206612,-0.368889,1.0858636,0.98724675,1.5667958,-1.7756469
-0.2025646,-0.3666419,1.0861137,1.0053557,1.5701274,-3.1372838
-0.20860595,-0.3778312,1.106329,0.97775084,1.565976,-1.7775757
-0.19327202,-0.36618942,1.0786264,0.9897845,1.5755292,-1.7624217
-0.19058968,-0.3609969,1.0745878,1.0171478,1.5787536,3.0923073
-0.18104291,-0.36124828,1.0734969,1.0130093,1.5851153,3.0498896
-0.18386585,-0.36597908,1.0771667,0.9879675,1.5811175,-1.7531487
-0.17557308,-0.3648527,1.0753545,0.99187905,1.5860597,-1.7448415
-0.1740317,-0.36350903,1.0777266,1.008571,1.5911471,3.0095143
-0.16921212,-0.3641284,1.073918,0.99369264,1.5905966,-1.7385075
-0.1616068,-0.36682034,1.0767226,0.9811847,1.5934852,-1.731226
-0.15981613,-0.36135295,1.073378,1.012309,1.6013234,2.9468632
-0.15368505,-0.37374377,1.0948089,0.9795805,1.603458,-1.7231894
-0.14930888,-0.3689045,1.0820811,0.9796908,1.6021703,-1.7189983
-0.14531305,-0.36697757,1.0823835,0.9943641,1.6101725,2.8672528
-0.13824505,-0.3700647,1.0874064,0.98453945,1.6128479,-1.7078863
-0.13464071,-0.37490392,1.0926586,0.96228874,1.6075639,-1.7046615
-0.12937416,-0.37703356,1.0976895,0.95919466,1.6113098,-1.6994418
-0.12298037,-0.38051775,1.10828,0.9607628,1.6206365,-1.6929966
-0.11916786,-0.38146296,1.1066552,0.9488924,1.61563,-1.689388
-0.11303975,-0.38595015,1.1142555,0.93443376,1.6140394,-1.6834167
-0.112441994,-0.38488382,1.1173142,0.9500364,1.6255136,-1.6826334
-0.10608757,-0.39689794,1.1403322,0.9206857,1.6235907,-1.676517
-0.09766313,-0.39577767,1.1373899,0.9190503,1.6250501,-1.668164
-0.091488615,-0.40175703,1.1502738,0.90640974,1.6266485,-1.6620656
-0.085089296,-0.40697846,1.1602815,0.89192414,1.624241,-1.6557432
-0.09062027,-0.41783863,1.1824982,0.870955,1.6210461,-1.6613144
-0.0806913,-0.4177482,1.1845671,0.87353754,1.6286751,-1.6514016
-0.074977405,-0.4224128,1.1954424,0.8644516,1.6294553,-1.6457142
-0.07257238,-0.41849858,1.1850734,0.8664527,1.6237577,-1.6433127
-0.06645715,-0.42725813,1.2056863,0.8517264,1.6282278,-1.637231
-0.06126744,-0.4304277,1.2119799,0.8427283,1.6248175,-1.6320547
-0.064245515,-0.4394636,1.2320323,0.82685745,1.6246545,-1.6350483
-0.056880265,-0.43769825,1.2285516,0.82853365,1.624536,-1.6276832
-0.061938744,-0.4489968,1.2522625,0.8055437,1.6178421,-1.632752
-0.05599279,-0.4508964,1.2581161,0.80360943,1.6223544,-1.6268122
-0.049326517,-0.44476756,1.2445811,0.8135522,1.6224898,-1.6201386
-0.04599409,-0.45042178,1.2577517,0.8029125,1.6226879,-1.6168122
-0.04991506,-0.45702165,1.2728924,0.79210263,1.6232326,-1.6207407
-0.043829344,-0.46110353,1.2830772,0.7842521,1.6241475,-1.6146569
-0.038260274,-0.46094775,1.2824512,0.78227055,1.6202798,-1.6090802
-0.035287816,-0.46693403,1.2966012,0.7710181,1.6199476,-1.6061091
-0.03918887,-0.4715893,1.3076453,0.7640144,1.6226294,-1.6100187
-0.0347669,-0.47816932,1.3233747,0.75088835,1.6196853,-1.6055921
-0.03010656,-0.48182043,1.3322698,0.743212,1.6175853,-1.600927
-0.026452344,-0.48724404,1.3455062,0.73285735,1.616849,-1.5972706
-0.022352668,-0.49342808,1.3608775,0.72116727,1.6156693,-1.5931675
-0.031554885,-0.49700963,1.3680905,0.7141839,1.6094033,-1.6023709
-0.038164165,-0.49649954,1.3645163,0.71206445,1.5980155,-1.6089725
-0.038079564,-0.48609722,1.3411787,0.73486036,1.619624,-1.608913
-0.027117454,-0.5014221,1.379888,0.7068445,1.6137493,-1.5979354
-0.019831229,-0.5038153,1.3865327,0.7019018,1.6138246,-1.5906438
-0.024859589,-0.50811696,1.396516,0.69414717,1.6118258,-1.5956749
-0.018793445,-0.5100965,1.4020954,0.6901762,1.6125273,-1.5896047
-0.022552487,-0.5184777,1.4226779,0.67485774,1.609165,-1.5933645
-0.014397145,-0.5180119,1.4225137,0.67546225,1.6117357,-1.5852048
-0.014106716,-0.52335393,1.4360195,0.6655173,1.6103885,-1.5849136
-0.013131035,-0.52912366,1.4507337,0.6546597,1.6091626,-1.5839368
-0.021695277,-0.5294332,1.4505614,0.6543669,1.6045979,-1.5925037
-0.023606211,-0.5249459,1.4388459,0.662642,1.6033293,-1.5944146
-0.020108843,-0.53516525,1.4655973,0.6437505,1.6057789,-1.5909173
-0.011943753,-0.53559935,1.4676228,0.642468,1.6099125,-1.5827491
-0.011067105,-0.54030555,1.4799342,0.6334801,1.6106381,-1.5818722
-0.014040595,-0.54508334,1.4921467,0.6247017,1.608823,-1.5848471
-0.010701231,-0.55006117,1.5054985,0.61478454,1.6111553,-1.5815063
-0.021522015,-0.5509975,1.5070968,0.61415493,1.6002511,-1.5923277
-0.026220469,-0.54822063,1.4992541,0.6193179,1.5959953,-1.5970252
-0.019911457,-0.5415908,1.482398,0.63173944,1.6056286,-1.5907198
-0.0024295028,-0.52979636,1.457947,0.65188277,1.7028228,-1.5732471
-0.008510374,-0.52527565,1.4455771,0.6640268,1.6786747,-1.5793556
-0.010074206,-0.51381326,1.4160944,0.6843546,1.6846831,-1.5809348
-0.019722763,-0.5024297,1.3866506,0.7088721,1.6584895,-1.5905894
-0.03304662,-0.51746714,1.4172649,0.673504,1.5876269,-1.6038475
0.018201701,-0.48246807,1.3676656,0.7574322,1.8190815,1.8556497
0.028120192,-0.48916638,1.3888458,0.7376905,1.8539205,1.8050767
0.037095595,-0.45088926,1.3204184,0.8278693,1.9154993,1.9310292
0.02157875,-0.4536312,1.3145877,0.82592654,1.8594913,1.959543
0.018022591,-0.44674242,1.2987574,0.843206,1.8530793,1.9928249
0.002861666,-0.45305824,1.2982218,0.82602,1.7974223,1.9922241
0.0027375326,-0.4403152,1.2750344,0.85824823,1.8104882,2.0481014
-0.004937579,-0.42737597,1.2460636,0.8897139,1.7992676,2.1195724
0.003077117,-0.38080394,1.1715958,1.0071294,1.8739812,2.2295363
0.022175437,-0.36309743,1.1563584,1.0509951,1.9451292,2.2251434
0.026279839,-0.30189222,1.0659403,1.2103194,2.0025804,2.3662677
0.019891055,-0.2390631,0.972776,1.3771785,2.0294878,2.5054913
-0.010580883,-0.28289977,1.0101895,1.2609264,1.9204623,2.483854
-0.0418192,-0.3451696,1.0868059,1.0938457,1.7951187,2.4543588
-0.036663093,-0.3752345,1.1367211,1.0147084,1.7758209,2.3677146
-0.03712035,-0.3952773,1.169507,0.9613656,1.7538412,2.3111038
-0.017392242,-0.368503,1.1384696,1.0374513,1.8306341,2.3245122
-0.03921619,-0.43517682,1.2384983,0.8575947,1.6944224,2.2032092
-0.036133595,-0.45046335,1.2683262,0.8186616,1.6850001,-1.6070783
-0.03550376,-0.4590138,1.285976,0.79958975,1.6711068,-1.6064168
-0.06986266,-0.43567827,1.2235715,0.8358119,1.6282185,-1.6406615
-0.06520708,-0.4154814,1.189214,0.8933207,1.6694803,-1.6359785
-0.06377303,-0.37859023,1.1277514,0.9958732,1.7146722,2.4580407
-0.087951794,-0.3855275,1.12863,0.9649167,1.669305,2.5227199
-0.09450208,-0.380157,1.11779,0.97839105,1.6624163,2.5825946
-0.09859769,-0.3607585,1.0854439,1.0320346,1.6808684,2.6130133
-0.111629695,-0.33685145,1.0453568,1.0989308,1.6776683,2.725145
-0.12496043,-0.3689164,1.0917939,1.0014012,1.6375868,2.7342932
-0.13054383,-0.36649904,1.0868576,1.0070833,1.6352063,2.7546096
-0.13714124,-0.3560546,1.0696301,1.0378029,1.631396,2.8212938
-0.15252145,-0.32083133,1.0162057,1.1433101,1.6340398,2.9152834
-0.16272467,-0.3105244,1.0011225,1.1748091,1.619306,2.9831302
-0.18861836,-0.31649852,1.0123595,1.162126,1.5840634,3.0967052
-0.19738145,-0.29079506,0.97816795,1.2409666,1.5747404,3.131036
-0.2072019,-0.31693318,1.0170511,1.1667671,1.5569829,-3.0963433
-0.21566387,-0.30337083,1.000228,1.2100053,1.5474666,-3.074911
-0.22338288,-0.28740415,0.98069096,1.2598114,1.5387766,-3.0621397
-0.23211004,-0.27371565,0.96606255,1.3036729,1.5235126,-3.037595
-0.255333,-0.30111238,1.0127407,1.2344542,1.4932069,-2.9473226
-0.24128282,-0.34163642,1.0630347,1.1067885,1.523158,-2.96262
-0.23025136,-0.37710544,1.1114408,0.99124444,1.5475234,-2.9935417
-0.24617647,-0.38340065,1.1186343,0.9585807,1.5441223,-1.8154627
-0.26363292,-0.3613552,1.1014042,1.0597848,1.5023707,-2.8563106
-0.2753664,-0.34459108,1.0831416,1.1174732,1.4809548,-2.844657
-0.29369456,-0.36685532,1.1257455,1.0629356,1.4627401,-2.7434947
-0.30704647,-0.34832352,1.1078779,1.1263008,1.4322858,-2.7408807
-0.32447198,-0.3303385,1.0964562,1.1883742,1.3867406,-2.7159584
-0.3343107,-0.35949343,1.1435286,1.1103739,1.387433,-2.6436486
-0.35449466,-0.3233745,1.1103113,1.2217004,1.3177303,-2.6504788
-0.36174238,-0.38487503,1.2021776,1.0544242,1.3527972,-2.532973
-0.3741339,-0.38271004,1.2106483,1.0666407,1.3219486,-2.5084834
-0.39588213,-0.39180654,1.2442023,1.0500381,1.278843,-2.4453814
-0.38814658,-0.43377632,1.2983973,0.9320911,1.3386004,-2.355595
-0.39830196,-0.46361983,1.3552973,0.85689247,1.3499051,-2.2576385
-0.41699275,-0.45274118,1.3559879,0.8911262,1.2835579,-2.247115
-0.42657652,-0.47726414,1.4052333,0.8290584,1.2863891,-2.162136
-0.42451936,-0.4995458,1.4406415,0.7686749,1.3148361,-2.075548
-0.41781914,-0.52316874,1.4787269,0.7091355,1.3694718,-2.0109334
-0.42933664,-0.52864105,1.5009371,0.69941837,1.3404338,-1.9882226
-0.43865323,-0.5330656,1.518818,0.6891799,1.3147155,-1.9621378
-0.4653557,-0.52735245,1.5339342,0.6935576,1.2143338,-1.9275775
-0.46449995,-0.5424165,1.5625844,0.65628415,1.2314994,-1.8792641
-0.4367431,-0.5676628,1.5884244,0.6020298,1.3548226,-1.8090329
-0.5129376,-0.56303877,1.6579571,0.55005705,1.0640508,-1.7227381
-0.5203534,-0.5215651,1.5911095,0.6634498,1.0175617,-1.8727007
-0.5290538,-0.4924243,1.5568388,0.7384328,0.969865,-1.9666718
-0.55092585,-0.512395,1.6227182,0.6423929,0.89899164,-1.8581705
-0.59136283,-0.6960329,2.10729,-2.582003,-0.61367184,1.0934631
-0.593467,-0.68771213,2.0985608,-2.567856,-0.6196484,1.0761018
-0.59783244,-0.67672354,2.1034486,-2.5959008,-0.61822504,1.0903574
-0.5996771,-0.6693524,2.0953872,-2.5828269,-0.6236581,1.0746559
-0.6010491,-0.6614714,2.0815465,-2.554832,-0.63251865,1.046924
-0.59636414,-0.6701361,2.0695214,-2.5104377,-0.6391365,1.0180439
-0.59458727,-0.67790794,2.0766592,-2.51982,-0.63340086,1.0311912
-0.5887034,-0.69197834,2.0723484,-2.4897914,-0.6351422,1.0175341
-0.5879208,-0.687289,2.057256,-2.4549177,-0.6464071,0.9863626
-0.5894203,-0.67752403,2.0462942,-2.4407206,-0.654207,0.96914864
-0.5930514,-0.66649544,2.0440428,-2.450523,-0.6562466,0.9695568
-0.58408755,-0.6750595,2.0156643,-2.3689783,-0.6745028,0.91353786
-0.58344746,-0.6843111,2.0289838,-2.3886077,-0.6651158,0.9341836
-0.58103186,-0.69552934,2.0373778,-2.3939488,-0.65880805,0.94551533
-0.58147687,-0.7015394,2.0508997,-2.419951,-0.64933807,0.9693735
-0.57745224,-0.7106927,2.047542,-2.3997371,-0.6505399,0.9604194
-0.5781701,-0.7167736,2.0641336,-2.4365218,-0.63803154,0.99392694
-0.5757029,-0.7257224,2.0689762,-2.4388015,-0.63342303,1.0025908
-0.5743775,-0.73203987,2.0749044,-2.4474325,-0.6284137,1.0143069
-0.57129484,-0.7406422,2.0752754,-2.4383154,-0.626875,1.013819
-0.5663386,-0.753467,2.0848067,-2.4614203,-0.63064194,1.0422359
-0.564665,-0.74952924,2.0559409,-2.3758404,-0.63866735,0.9718217
-0.56326145,-0.74247164,2.0350664,-2.3292778,-0.65427744,0.93025386
-0.56409603,-0.7321981,2.0207202,-2.3051238,-0.66579074,0.9040546
-0.5681403,-0.7239112,2.0254278,-2.3271716,-0.66378105,0.914669
-0.5691681,-0.71625733,2.0172393,-2.3173537,-0.6698824,0.9022355
-0.56987494,-0.7091743,2.0086262,-2.3060136,-0.676196,0.8891383
-0.57257277,-0.7004768,2.0062814,-2.3119519,-0.67859757,0.8877443
-0.5715311,-0.6934211,1.9901384,-2.2832053,-0.6898116,0.862041
-0.56615186,-0.69885343,1.978117,-2.2479348,-0.6989738,0.8392033
-0.5693488,-0.686714,1.9726506,-2.2515323,-0.70402354,0.833808
-0.57457453,-0.6793562,1.9810792,-2.2810426,-0.69753635,0.851174
-0.57711464,-0.6715704,1.9791936,-2.2873156,-0.69929,0.8508434
-0.57245207,-0.66522926,1.9547851,-2.2426329,-0.7174328,0.8147786
-0.56959933,-0.67466336,1.9575294,-2.2349665,-0.71555567,0.8145625
-0.56318814,-0.6773896,1.9398621,-2.1928744,-0.7285769,0.7860457
-0.5650493,-0.6688085,1.9350046,-2.1947649,-0.73212516,0.7825449
-0.55834347,-0.6710214,1.9163016,-2.1517634,-0.7459299,0.75339437
-0.55670065,-0.6806303,1.9230487,-2.1523674,-0.7408965,0.7592713
-0.56006676,-0.6876797,1.9427038,-2.184354,-0.7264255,0.78588504
-0.5572916,-0.6947868,1.942595,-2.174112,-0.72638273,0.782751
-0.55932784,-0.7029271,1.9597297,-2.2003567,-0.7133154,0.80652624
-0.5552253,-0.7089576,1.9537164,-2.178836,-0.7175651,0.7947442
-0.55575925,-0.71797234,1.9675083,-2.1985,-0.70586544,0.81541604
-0.5620095,-0.713142,1.9830399,-2.2405596,-0.6940585,0.8433664
-0.56335413,-0.72023183,1.9978888,-2.2660973,-0.6818499,0.8673547
-0.55822027,-0.72730064,1.9888927,-2.2359028,-0.6882333,0.84964895
-0.55326635,-0.73317564,1.9791473,-2.2058089,-0.6952251,0.8313808
-0.5471085,-0.7399821,1.9666622,-2.1686115,-0.7040922,0.80877113
-0.5440211,-0.75019926,1.9693379,-2.1620302,-0.70068735,0.8112184
-0.55229115,-0.75041056,1.999071,-2.2306418,-0.6778794,0.86201596
-0.55721533,-0.7397211,2.0024455,-2.2519572,-0.67647153,0.8703463
-0.5489658,-0.7236951,1.9517995,-2.1555212,-0.7175675,0.7877912
-0.54566026,-0.7304878,1.9494528,-2.141627,-0.7185877,0.7823993
-0.5396508,-0.73321223,1.933072,-2.1017156,-0.7308887,0.75547487
-0.533714,-0.7394965,1.9216962,-2.0688765,-0.73868316,0.736467
-0.5304293,-0.7309974,1.902995,-2.0417964,-0.7534096,0.7126667
-0.5310645,-0.7196956,1.8928641,-2.0366046,-0.762057,0.70225626
-0.527801,-0.711717,1.8759941,-2.0138679,-0.7759837,0.6818916
-0.521909,-0.7196724,1.8685037,-1.986876,-0.7831729,0.66708535
-0.51822823,-0.7251652,1.864374,-1.9704924,-0.7871089,0.65858626
-0.51175755,-0.72818553,1.8505172,-1.9379083,-0.79946405,0.6373857
-0.50577354,-0.7184584,1.825525,-1.9013302,-0.82121146,0.60636646
-0.5081876,-0.71248066,1.8257143,-1.910292,-0.8208363,0.6091761
-0.514547,-0.71051526,1.840003,-1.941972,-0.80805296,0.63017774
-0.51825947,-0.7057891,1.8448024,-1.9585813,-0.8034954,0.6392214
-0.524853,-0.6962694,1.852203,-1.9876282,-0.7961494,0.6545597
-0.52938366,-0.6910191,1.8584629,-2.0075746,-0.79064393,0.6654831
-0.5345066,-0.6831712,1.8632798,-2.0275629,-0.78698754,0.67445326
-0.5320522,-0.67165184,1.8447903,-2.0074284,-0.80207175,0.65413797
-0.53523797,-0.6626427,1.8432462,-2.0168502,-0.80337584,0.6553858
-0.53812146,-0.65092087,1.8379256,-2.0228658,-0.8076176,0.6528791
-0.54326516,-0.6583014,1.8589948,-2.0534418,-0.7904777,0.6779502
-0.54273576,-0.6739222,1.8745642,-2.062252,-0.7779203,0.6928639
-0.5425366,-0.68577373,1.8868374,-2.0701497,-0.76793194,0.70512223
-0.5417814,-0.6947186,1.8944811,-2.0730972,-0.761654,0.71236044
-0.54106903,-0.7029717,1.9014535,-2.075784,-0.755883,0.7190631
-0.5365576,-0.7080762,1.8950224,-2.0562458,-0.76087236,0.7086791
-0.5393927,-0.71730345,1.9131734,-2.0806048,-0.74658036,0.73089045
-0.54613924,-0.70917577,1.924573,-2.1157246,-0.7389003,0.7502951
-0.54970324,-0.69920564,1.9237254,-2.1277146,-0.7399422,0.75276124
-0.54805523,-0.6821723,1.8978754,-2.0972097,-0.75925255,0.7217268
-0.549574,-0.6684966,1.8864466,-2.0930998,-0.76815003,0.7111008
-0.5525242,-0.66188246,1.8869115,-2.1032212,-0.7676223,0.7144141
-0.5334639,-0.6819269,1.9347699,-2.321651,-0.8776016,0.86111134
-0.54151344,-0.68381184,1.9591156,-2.3628356,-0.8583904,0.89433956
-0.50218195,-0.69565344,1.9461981,-2.4440799,-1.0027059,0.9360079
-0.509313,-0.66440415,1.8362253,-2.1234171,-0.91834116,0.7055862
-0.5179223,-0.65679735,1.7943213,-1.930332,-0.8448409,0.5928986
-0.51892376,-0.6480567,1.7880933,-1.9315567,-0.8495212,0.5892554
-0.5160677,-0.6393192,1.7735661,-1.9177886,-0.86191326,0.57537186
-0.5107747,-0.64687055,1.7695557,-1.8996043,-0.86666095,0.5668184
-0.50754195,-0.63278544,1.7491955,-1.8831459,-0.8837955,0.5484541
-0.5027014,-0.6379147,1.7439221,-1.8661923,-0.8893591,0.5396254
-0.49891797,-0.6434057,1.7411933,-1.8533531,-0.89251345,0.5338448
-0.4934116,-0.64608884,1.7321308,-1.8329923,-0.9013861,0.5214982
-0.4952868,-0.6566414,1.7460053,-1.843006,-0.8894882,0.5337961
-0.5024646,-0.6541148,1.758804,-1.8697572,-0.87743014,0.5504008
-0.5044886,-0.6661556,1.7744209,-1.880854,-0.8642469,0.5641819
-0.50091994,-0.6709362,1.7712824,-1.8684094,-0.86752856,0.55836344
-0.49844727,-0.6764793,1.7711577,-1.8603755,-0.8680569,0.5559583
-0.49052003,-0.6764001,1.7538959,-1.8277842,-0.8857914,0.53284144
-0.48948798,-0.66656977,1.7426958,-1.8215046,-0.8952746,0.5234536
-0.47940516,-0.6642559,1.7198601,-1.7827744,-0.9184782,0.49525428
-0.48002127,-0.65697217,1.7147732,-1.7846171,-0.92217565,0.49292782
-0.4836883,-0.65034676,1.7157975,-1.7959831,-0.9195631,0.49749282
-0.48451772,-0.64376265,1.7116032,-1.7984223,-0.92235285,0.49599648
-0.48249286,-0.6343927,1.6997007,-1.7918291,-0.9324979,0.48696586
-0.4804901,-0.6254192,1.6881315,-1.7852933,-0.94233364,0.4781966
-0.48390332,-0.6194124,1.6890022,-1.7956786,-0.9397341,0.482555
-0.48969838,-0.63164425,1.7106467,-1.8148271,-0.9201765,0.50162935
-0.49454027,-0.62847245,1.7178165,-1.8329043,-0.91235113,0.5125537
-0.47417596,-0.61076486,1.663616,-1.7651501,-0.96423054,0.45743397
-0.47006032,-0.61496556,1.6599282,-1.7525868,-0.9692931,0.45081392
-0.47135746,-0.6235141,1.669858,-1.7568833,-0.96110725,0.45780206
-0.4661072,-0.6275075,1.6638627,-1.7407392,-0.96840143,0.44875252
-0.45817313,-0.62880623,1.6505269,-1.7154123,-0.9837661,0.4316291
-0.46070623,-0.6380423,1.6631582,-1.7236058,-0.9724398,0.44181234
-0.45761713,-0.64548045,1.6638203,-1.7132012,-0.9746115,0.4377421
-0.45557967,-0.659981,1.6722864,-1.705951,-0.9700137,0.43938372
-0.45627233,-0.6680675,1.6802955,-1.7078859,-0.9634366,0.44465068
-0.4583436,-0.68608576,1.6989286,-1.713821,-0.9476134,0.45767418
-0.4656451,-0.6831721,1.7102191,-1.7384466,-0.9334152,0.47395325
-0.46863037,-0.6731413,1.7075559,-1.7489551,-0.9330606,0.47673127
-0.47085118,-0.66298795,1.7030919,-1.7559901,-0.93558216,0.4764486
-0.47102422,-0.65586424,1.697349,-1.7564834,-0.9400472,0.47324508
-0.4725122,-0.64084846,1.6871358,-1.7609034,-0.9473028,0.46888357
-0.4782867,-0.67344075,1.7255723,-1.7793219,-0.91445315,0.49746853
-0.47754896,-0.6825051,1.7318026,-1.7770023,-0.90976876,0.50044686
-0.47916713,-0.69226575,1.7437708,-1.784759,-0.89925647,0.5108441
-0.47527224,-0.6963781,1.7390982,-1.7698295,-0.9047025,0.50267327
-0.46879357,-0.69878227,1.7288433,-1.7482198,-0.9167148,0.4886507
-0.4506305,-0.7087748,1.7270274,-1.7903703,-0.97277796,0.50149643
-0.44779298,-0.68299025,1.6768477,-1.6790122,-0.9724131,0.43142554
-0.44683787,-0.67528975,1.6688266,-1.6763452,-0.9793283,0.42575198
-0.44481406,-0.66542834,1.6570207,-1.6702614,-0.9898956,0.4166564
-0.43685278,-0.65440965,1.6356864,-1.6517097,-1.0113325,0.3983492
-0.43399265,-0.6604903,1.6357758,-1.6425029,-1.0144593,0.3942114
-0.43236387,-0.6716804,1.6417284,-1.6354746,-1.0121875,0.3941966
-0.4166282,-0.6764409,1.6346285,-1.6543591,-1.0562043,0.3902494
-0.40899903,-0.65387815,1.5905955,-1.5755987,-1.0719973,0.34142163
-0.40212873,-0.6443985,1.5739881,-1.5634269,-1.0909177,0.32714003
-0.4017143,-0.63200617,1.5641515,-1.5666354,-1.0970215,0.3239738
-0.3934627,-0.6332211,1.5535641,-1.5475179,-1.1146978,0.3090096
-0.3903553,-0.64042026,1.5546215,-1.5380753,-1.11844,0.3047997
-0.38030475,-0.62736183,1.5309625,-1.5195109,-1.1459881,0.2838226
-0.37793177,-0.6322743,1.5313917,-1.5125299,-1.1490085,0.2806114
-0.3760926,-0.6169489,1.5173582,-1.5134287,-1.1595623,0.2741088
-0.3775973,-0.6086821,1.512962,-1.519107,-1.1599908,0.27485394
-0.38075772,-0.60126895,1.5115094,-1.5284828,-1.156274,0.27899033
-0.38128433,-0.5946795,1.5070381,-1.5315642,-1.1579515,0.2785188
-0.38103667,-0.57973295,1.4947723,-1.5351752,-1.1648666,0.27484798
-0.3804384,-0.5658888,1.4831123,-1.5386498,-1.1715126,0.27150226
-0.37225738,-0.567341,1.4747611,-1.5240083,-1.1869228,0.25946167
-0.37096307,-0.5558975,1.4640666,-1.525304,-1.1940467,0.25535968
-0.36449125,-0.558187,1.4584159,-1.5132662,-1.2057686,0.24602692
-0.36021733,-0.5636193,1.4578238,-1.504062,-1.21187,0.24067686
-0.366742,-0.5726836,1.4725918,-1.5126652,-1.1955009,0.2522069
-0.3726875,-0.5822275,1.4869951,-1.5198988,-1.1801022,0.26286224
-0.36919883,-0.59272385,1.4910469,-1.5102448,-1.1826102,0.25963628
-0.36766762,-0.599637,1.4945341,-1.5051465,-1.1827481,0.2586711
-0.3617488,-0.6029539,1.4900465,-1.4931276,-1.194258,0.24952011
-0.36005017,-0.61005896,1.4933196,-1.4871979,-1.1957589,0.24754387
-0.3591736,-0.62330735,1.5019729,-1.4802364,-1.1933938,0.24776247
-0.3673921,-0.62079513,1.5099177,-1.4964846,-1.1758765,0.26127768
-0.34829116,-0.60730296,1.4774297,-1.4663483,-1.222887,0.22735839
-0.3486828,-0.599186,1.4718349,-1.4701947,-1.2247279,0.22686651
-0.35430554,-0.5934742,1.4741231,-1.4828584,-1.2140478,0.23559712
-0.34891844,-0.58305067,1.4598436,-1.4765846,-1.2295742,0.22496307
-0.35594246,-0.5808897,1.4664098,-1.4905143,-1.2144914,0.2366817
-0.35154873,-0.57165504,1.4540669,-1.4855311,-1.2274286,0.22784045
-0.35014457,-0.5554136,1.4395418,-1.4883341,-1.2359513,0.22308211
-0.34379062,-0.54510844,1.4241487,-1.4805071,-1.2533301,0.21104324
-0.34524998,-0.53760284,1.4195483,-1.4851671,-1.252705,0.2122055
-0.3363094,-0.5289402,1.4039199,-1.475876,-1.2734576,0.19818564
-0.33121964,-0.5338747,1.4030336,-1.4671197,-1.282167,0.19150482
-0.32494438,-0.54621744,1.4068838,-1.453997,-1.2907982,0.18425643
-0.3240868,-0.55300784,1.4114103,-1.4503278,-1.2903051,0.18401879
-0.32021075,-0.55966663,1.4128402,-1.4421767,-1.2966913,0.1789146
-0.3252341,-0.5690776,1.4249451,-1.4458385,-1.2829405,0.18783225
-0.32336497,-0.57715684,1.4292101,-1.4396837,-1.2854018,0.18538596
-0.32078576,-0.5885741,1.4351631,-1.430939,-1.2886814,0.18208699
-0.32380325,-0.5963711,1.4438114,-1.4319693,-1.2799922,0.18748504
-0.3240967,-0.613856,1.4648304,-1.4594147,-1.2788496,0.19786988
-0.33441183,-0.6050697,1.4605474,-1.443635,-1.2538294,0.204942
-0.3363041,-0.5949965,1.4550942,-1.4507552,-1.2525605,0.2067972
-0.33151937,-0.58603436,1.4438218,-1.4478788,-1.2648618,0.19902922
-0.33684486,-0.5774935,1.4425675,-1.4586861,-1.2570581,0.20531967
-0.3399398,-0.57140654,1.4409381,-1.4653441,-1.2528336,0.208875
-0.34166163,-0.5606139,1.4342879,-1.471865,-1.2527809,0.2099479
-0.33824077,-0.5516026,1.4239324,-1.4705384,-1.2624496,0.2039515
-0.3209039,-0.5380754,1.3965267,-1.4511713,-1.3015386,0.17728147
-0.31933114,-0.5278497,1.3867693,-1.4524274,-1.3080378,0.1734753
-0.32273057,-0.5193606,1.3830649,-1.4600438,-1.3039507,0.1771112
-0.31269124,-0.5179396,1.3723311,-1.4461869,-1.3246515,0.1623415
-0.3036007,-0.5198084,1.3659403,-1.4338773,-1.3436408,0.1489431
-0.30136448,-0.5306025,1.3728511,-1.4274118,-1.3458261,0.14674255
-0.29866567,-0.53715557,1.375949,-1.422016,-1.3498964,0.14356916
-0.2950927,-0.54269516,1.3775395,-1.4160492,-1.3559682,0.13913117
-0.3016292,-0.5555311,1.3924117,-1.4175173,-1.3395721,0.14923532
-0.30822352,-0.5651233,1.4054304,-1.4219621,-1.322992,0.15990095
-0.30977046,-0.57579476,1.4149891,-1.4199109,-1.3168777,0.1633659
-0.3099025,-0.5941987,1.4287059,-1.4121972,-1.312136,0.16521947
-0.29583862,-0.5870774,1.411275,-1.3972454,-1.3453864,0.14323552
-0.29713553,-0.5781986,1.4058844,-1.4029194,-1.3434666,0.14510217
-0.29691786,-0.5693946,1.3992212,-1.4066311,-1.345974,0.1440383
-0.29396597,-0.5616174,1.3911415,-1.4069399,-1.3538215,0.1393396
-0.28442782,-0.5497879,1.3748646,-1.4016842,-1.377046,0.124566585
-0.28164986,-0.5576598,1.3786985,-1.3951043,-1.382532,0.12045036
-0.28155777,-0.56499636,1.3841138,-1.3917118,-1.3817391,0.12056062
-0.2772704,-0.5709792,1.3852681,-1.3841377,-1.3909549,0.11411628
-0.2709871,-0.5799883,1.3870878,-1.3728017,-1.4043131,0.1048305
-0.2600773,-0.57189506,1.3740053,-1.3664503,-1.4303777,0.08836412
-0.25717688,-0.55802286,1.3622355,-1.3710243,-1.4376991,0.08426376
-0.25447667,-0.5462077,1.3518806,-1.3744721,-1.4451365,0.07994921
-0.25684854,-0.5392052,1.3478589,-1.3792244,-1.4411914,0.08275497
-0.2549886,-0.5308558,1.3403903,-1.3815048,-1.4463677,0.07972527
-0.25294128,-0.52307636,1.3331848,-1.3833153,-1.4518797,0.07643094
-0.2548072,-0.5101794,1.323962,-1.3898659,-1.4498475,0.07821528
-0.25830063,-0.50457615,1.321364,-1.3945256,-1.4432102,0.08276351
-0.25264704,-0.49399918,1.3096263,-1.3945788,-1.4568975,0.07415528
-0.24223462,-0.4971735,1.3065894,-1.3858486,-1.4787477,0.059683647
-0.23968442,-0.50335646,1.3102512,-1.3816007,-1.4832118,0.05658928
-0.24573088,-0.5132755,1.3214872,-1.3821265,-1.4687269,0.065778926
-0.23692787,-0.51704305,1.3197256,-1.3740165,-1.4881828,0.05299822
-0.23272291,-0.5092667,1.3112893,-1.373946,-1.4988115,0.046262547
-0.22646278,-0.49809352,1.2992654,-1.3742216,-1.5142723,0.036438204
-0.21968524,-0.4904849,1.290798,-1.374977,-1.5294847,0.026738096
-0.21610744,-0.48282543,1.2832981,-1.3766872,-1.5377812,0.021445084
-0.21205628,-0.49525577,1.292222,-1.3705072,-1.5458639,0.016102664
-0.21820982,-0.5020851,1.2997603,-1.3699113,-1.5320175,0.024967087
-0.2209066,-0.50883186,1.3060644,-1.3680751,-1.5257591,0.02890316
-0.22721258,-0.51833975,1.3157077,-1.366172,-1.5115856,0.03781222
-0.22129151,-0.5258792,1.319617,-1.3610058,-1.5239443,0.029830676
-0.2212441,-0.5330321,1.3251231,-1.3578533,-1.5236336,0.029928578
-0.21794726,-0.546237,1.3340462,-1.3507653,-1.5299153,0.025786059
-0.21736607,-0.556843,1.3417305,-1.345634,-1.5320427,0.024325997
-0.2276001,-0.55490464,1.3438164,-1.3501005,-1.5087414,0.03896343
-0.23173532,-0.5494385,1.3419163,-1.3558452,-1.4991248,0.045201797
-0.23740909,-0.5451866,1.3417449,-1.362159,-1.4856939,0.05390381
-0.23919955,-0.53858626,1.3376974,-1.3664938,-1.4816811,0.056655724
-0.23719965,-0.53122395,1.3309631,-1.3681979,-1.4868557,0.05350683
-0.24122052,-0.52488595,1.3282095,-1.3740058,-1.4773923,0.05980042
-0.24339183,-0.5550653,1.3523846,-1.3621644,-1.4708751,0.063132666
-0.2469542,-0.56247395,1.3598051,-1.3613429,-1.4620421,0.06854962
-0.24099919,-0.567407,1.360148,-1.3544842,-1.4760772,0.059455123
-0.25095183,-0.5776915,1.3761516,-1.3700664,-1.4523406,0.07587118
-0.265472,-0.5559032,1.3652927,-1.3777364,-1.420646,0.09524291
-0.2689332,-0.5430429,1.3579537,-1.3869371,-1.4146073,0.09981819
-0.26677868,-0.53548753,1.3505296,-1.3876965,-1.4207722,0.09606454
-0.26195794,-0.5219801,1.3373004,-1.3900877,-1.4328946,0.08880405
-0.2676745,-0.51683974,1.336414,-1.3961066,-1.4214666,0.09643721
-0.2746327,-0.5105039,1.3364953,-1.4064881,-1.4060344,0.10716347
-0.27892447,-0.5062458,1.3362322,-1.4127074,-1.3981729,0.11272587
-0.27949128,-0.5182203,1.3463792,-1.4089504,-1.3940561,0.11488364
-0.2875665,-0.52728903,1.3597201,-1.4141968,-1.3751446,0.12716979
-0.28856835,-0.51602954,1.3514557,-1.4195275,-1.3757591,0.1274187
-0.29064566,-0.505364,1.3443329,-1.4256254,-1.3739618,0.12927249
-0.27446082,-0.5251215,1.3764522,-1.5223188,-1.4133135,0.12386638
-0.26824254,-0.49899995,1.3223352,-1.4035245,-1.4227108,0.09640689
-0.2745466,-0.5280328,1.3504653,-1.39957,-1.4034975,0.10799655
-0.28162268,-0.5379056,1.3635696,-1.4035757,-1.3853043,0.11970791
-0.30796558,-0.5492941,1.3929551,-1.4278027,-1.3274018,0.15799713
-0.31213474,-0.5413108,1.390676,-1.4371375,-1.3196706,0.16409156
-0.30770737,-0.5653462,1.4662311,-1.6767864,-1.3507642,0.21096773
-0.2925532,-0.59149,1.5185366,-1.8214728,-1.3922198,0.21778622
-0.32763556,-0.5976157,1.5430117,-1.8234589,-1.3198025,0.29077595
-0.3403929,-0.5868579,1.5238341,-1.7550576,-1.2883345,0.28921884
-0.35575637,-0.53764313,1.4315366,-1.5038136,-1.2312142,0.22869334
-0.36583278,-0.5461029,1.4501431,-1.5192252,-1.2080429,0.24569379
-0.37624636,-0.5480098,1.4637654,-1.5368661,-1.1868254,0.26190513
-0.38974574,-0.5616926,1.4918123,-1.5591918,-1.154055,0.28645694
-0.3961424,-0.57629883,1.5125573,-1.5696201,-1.1346179,0.30080277
-0.38922858,-0.5787812,1.505189,-1.5540161,-1.1471399,0.2898351
-0.39585975,-0.59321094,1.5258976,-1.5649569,-1.1267813,0.30488864
-0.3935868,-0.59951234,1.5277857,-1.5582005,-1.1286899,0.302338
-0.39869422,-0.6108255,1.5437194,-1.5664215,-1.112675,0.31410235
-0.3950168,-0.61698204,1.5433787,-1.5562218,-1.1181486,0.30857766
-0.4090099,-0.6204525,1.5653031,-1.5856107,-1.088401,0.33305708
-0.40717724,-0.60980076,1.554482,-1.5846698,-1.0971016,0.3274121
-0.4077664,-0.59888864,1.5466357,-1.5887825,-1.1013234,0.3255609
-0.4062455,-0.5886557,1.5363384,-1.5881377,-1.109235,0.32045564
-0.40554664,-0.5780382,1.526733,-1.5892023,-1.115765,0.31655166
-0.40259403,-0.56971127,1.5158589,-1.584847,-1.125507,0.309539
-0.41192767,-0.57147145,1.5299692,-1.6042012,-1.1066726,0.3252915
-0.4197127,-0.5811563,1.548535,-1.6183085,-1.0869633,0.34051067
-0.42159343,-0.57489717,1.5459783,-1.6238527,-1.086263,0.3421353
-0.42135876,-0.5920815,1.5602425,-1.6207193,-1.0778495,0.3470252
-0.41837186,-0.5982431,1.5606835,-1.6115927,-1.0811903,0.34278977
-0.42101747,-0.6072052,1.5723199,-1.617341,-1.0707088,0.35103965
-0.41961327,-0.6208808,1.581286,-1.6110884,-1.0666158,0.3524156
-0.4245059,-0.63509697,1.600531,-1.6217691,-1.048481,0.36687124
-0.41689798,-0.63660717,1.5895864,-1.6006523,-1.0642365,0.3517841
-0.42143875,-0.648635,1.6063173,-1.6105989,-1.048049,0.3647577
-0.43514556,-0.6456191,1.6260118,-1.648862,-1.0196486,0.39215216
-0.43459818,-0.6383282,1.6193191,-1.6487308,-1.0248239,0.38864407
-0.43999934,-0.63562286,1.6256744,-1.6630127,-1.0162535,0.3973806
-0.4475824,-0.63419193,1.6365098,-1.682644,-1.0027511,0.4105945
-0.44774553,-0.6266371,1.6306001,-1.6842264,-1.0067865,0.40822846
-0.44317883,-0.6178469,1.616148,-1.6738443,-1.0205204,0.39680007
-0.4441211,-0.61141145,1.6122832,-1.6771535,-1.0224364,0.39622426
-0.43806756,-0.62236583,1.6118177,-1.6601073,-1.0275824,0.38914856
-0.43043652,-0.6226671,1.6000274,-1.6404053,-1.0419393,0.37536564
-0.4312296,-0.6118013,1.5923318,-1.6441016,-1.0466037,0.3730044
-0.43229905,-0.60545754,1.5887222,-1.6477033,-1.0482788,0.37262595
-0.4348264,-0.59876764,1.587061,-1.6550409,-1.0473824,0.37476993
-0.4382789,-0.59458876,1.5889329,-1.6643918,-1.0432447,0.37953624
-0.43906674,-0.6013663,1.6141135,-1.7470512,-1.0548711,0.41896957
-0.45110184,-0.6047253,1.631071,-1.756514,-1.0250695,0.43497387
-0.45016387,-0.5998107,1.612033,-1.6941012,-1.017539,0.40318763
-0.45500672,-0.6144966,1.6322477,-1.7051756,-0.99961555,0.417738
-0.46007356,-0.61061054,1.6380471,-1.7216444,-0.9911167,0.4278085
-0.4633479,-0.6055757,1.6394396,-1.731542,-0.9883125,0.43209866
-0.44722348,-0.6449004,1.6445837,-1.6799831,-0.9972624,0.4137123
-0.4492109,-0.6782885,1.8195606,-2.2469764,-1.1156083,0.71945053
-0.47553483,-0.66361386,1.7963594,-2.1173732,-1.0150418,0.67139673
-0.5119727,-0.66230786,1.7867901,-1.9087597,-0.8524688,0.5810379
-0.5155168,-0.6737746,1.8052306,-1.926043,-0.8366303,0.5988127
-0.51613826,-0.6838234,1.8169521,-1.9345051,-0.8269058,0.61015433
-0.5105604,-0.68873274,1.8084798,-1.9109346,-0.8349631,0.5965076
-0.5096997,-0.69873214,1.8158367,-1.9104288,-0.82895863,0.60156727
-0.5025266,-0.7021882,1.8034698,-1.8831232,-0.840332,0.5851029
-0.5030669,-0.69076496,1.7941955,-1.8821167,-0.8480923,0.57819754
-0.50696516,-0.6798978,1.7925365,-1.894307,-0.8488371,0.580543
-0.52288246,-0.67223173,1.822163,-1.9622861,-0.8210801,0.6234938
-0.5254773,-0.68186575,1.838875,-1.9817922,-0.80688083,0.6425455
-0.5258,-0.65553725,1.812054,-1.9667722,-0.8286586,0.6176245
-0.5295673,-0.65080255,1.8163788,-1.9816111,-0.82517916,0.6248935
-0.44632685,-0.6981565,1.8985217,-2.453985,-1.1728271,0.868037
-0.40107718,-0.70765287,1.9524574,-2.6899219,-1.3774527,0.9891224
-0.49832904,-0.7361482,1.8431969,-1.9539,-0.8422235,0.64549
-0.5085871,-0.74833536,1.889279,-2.0456905,-0.8166601,0.7166968
-0.5209591,-0.7498794,1.9154993,-2.0810132,-0.77766174,0.74747115
-0.5239302,-0.7345599,1.8890883,-2.007969,-0.7656542,0.6906172
-0.52708894,-0.7585817,1.9547307,-2.1741772,-0.76349497,0.8203778
-0.5160927,-0.7811086,2.0129635,-2.3732693,-0.8217223,0.97884023
-0.5318576,-0.7740975,2.029193,-2.3803341,-0.7656489,0.98571324
-0.5441402,-0.7699272,2.065662,-2.4622717,-0.72257733,1.0524625
-0.5310357,-0.78317434,2.1123521,-2.6386359,-0.7900292,1.2076472
-0.5107571,-0.7964644,2.0941615,-2.6179485,-0.86570513,1.1947123
-0.48778793,-0.8081176,2.0800636,-2.615024,-0.947013,1.1931065
-0.48050505,-0.80606955,2.0387137,-2.5168695,-0.9609177,1.0956259
-0.46831137,-0.8083959,2.0204122,-2.4894898,-0.9982488,1.0622191
-0.4515592,-0.81167156,2.001752,-2.4690566,-1.0505078,1.0272505
-0.44705307,-0.80723226,1.9748808,-2.408235,-1.0567175,0.96205735
-0.4519258,-0.7965242,1.9424978,-2.3202724,-1.0295502,0.8884014
-0.44142535,-0.78878754,1.9048685,-2.2482622,-1.0503623,0.8145377
-0.4280653,-0.7884996,1.8891466,-2.2345533,-1.0879804,0.7824865
-0.42941612,-0.76628184,1.8303735,-2.0916703,-1.0642573,0.67686224
-0.42616916,-0.7398663,1.7663318,-1.9437456,-1.0562704,0.57119244
-0.41360968,-0.7189602,1.7117178,-1.8405955,-1.0807098,0.49007532
-0.386328,-0.71676886,1.6859428,-1.8370212,-1.1510923,0.4482544
-0.37602133,-0.70637596,1.6584845,-1.7930672,-1.1735259,0.40818474
-0.37271634,-0.6713913,1.5915728,-1.649361,-1.170151,0.3352963
-0.35722864,-0.66979045,1.5786949,-1.6492027,-1.2086406,0.3130495
-0.33957303,-0.6909693,1.6071818,-1.7414745,-1.2582105,0.32151353
-0.32898015,-0.677571,1.576732,-1.6920614,-1.2794836,0.28368846
-0.31302935,-0.67347765,1.5617198,-1.681957,-1.3177404,0.24926868
-0.29494104,-0.6378272,1.4908911,-1.5561905,-1.3530072,0.18114479
-0.2819516,-0.618057,1.4524558,-1.4915833,-1.3821678,0.14368777
-0.26427856,-0.63738954,1.4790939,-1.5673184,-1.4255358,0.12770192
-0.24714838,-0.6563108,1.5080183,-1.644179,-1.4681579,0.10354644
-0.2345144,-0.63712925,1.4710453,-1.5780411,-1.4954586,0.06918593
-0.22321583,-0.6108989,1.4236374,-1.4900656,-1.5200306,0.040788192
-0.20885442,-0.5954052,1.3955231,-1.4424524,-1.5543814,0.012280146
-0.20334814,-0.5542786,1.3353425,-1.3419776,-1.5658758,0.003091181
-0.20366475,-0.5427877,1.3268542,-1.3473912,-1.564467,0.0039975108
-0.1960082,-0.547905,1.3283652,-1.3422654,-1.5833862,-0.007924501
-0.19130549,-0.5550049,1.3322585,-1.3372053,-1.5951425,-0.015259486
-0.18077388,-0.5589989,1.3341402,-1.337349,-1.6229041,-0.032802813
-0.17340536,-0.55200136,1.3286793,-1.3426236,-1.6409978,-0.044530325
-0.18001032,-0.54018116,1.319525,-1.3437288,-1.6204401,-0.031404972
-0.18161462,-0.5289092,1.3110018,-1.3484772,-1.6164793,-0.029030604
-0.18148729,-0.5216527,1.3053335,-1.3515757,-1.6165318,-0.02916095
-0.18681782,-0.5159206,1.3012637,-1.3532969,-1.6042998,-0.021370817
-0.18163623,-0.509194,1.2954729,-1.356685,-1.6157935,-0.028849814
-0.1838876,-0.49746716,1.2861801,-1.3610352,-1.6102885,-0.025430696
-0.18918204,-0.48931387,1.2802829,-1.3643255,-1.5975733,-0.017286483
-0.18838023,-0.48213875,1.2741034,-1.3667129,-1.5992806,-0.018444363
-0.1771559,-0.47727624,1.2689261,-1.3694134,-1.6250659,-0.035350412
-0.17342493,-0.49056882,1.2797279,-1.3649248,-1.6339787,-0.040963568
-0.16675667,-0.48247635,1.2725847,-1.3686578,-1.6491112,-0.051050533
-0.16489649,-0.47574478,1.2668312,-1.3713002,-1.6532773,-0.053950455
-0.15478522,-0.4852064,1.2742149,-1.3687083,-1.6767106,-0.069106415
-0.15115185,-0.47837746,1.2683612,-1.3715152,-1.6850471,-0.07480072
-0.14654976,-0.49413794,1.2819191,-1.368575,-1.6997308,-0.08418644
-0.1450686,-0.50174797,1.2885382,-1.3675342,-1.7059112,-0.08816797
-0.13610592,-0.50871974,1.296055,-1.3711294,-1.7327332,-0.10610932
-0.14109294,-0.5163337,1.3012717,-1.3660128,-1.7208737,-0.097873405
-0.1491979,-0.52176595,1.305105,-1.3610883,-1.6996217,-0.083561346
-0.1537518,-0.53016573,1.3117592,-1.3570359,-1.6891787,-0.076462954
-0.15421067,-0.5407755,1.3203158,-1.3540158,-1.690804,-0.077340156
-0.15932775,-0.54748946,1.3254378,-1.3499784,-1.6784865,-0.06909076
-0.15766273,-0.5546025,1.331112,-1.3486501,-1.6850694,-0.07329943
-0.16111347,-0.5721634,1.3543019,-1.3822224,-1.6773643,-0.07265417
-0.13779229,-0.5611902,1.3379904,-1.3555355,-1.7417252,-0.110681266
-0.13870943,-0.547703,1.3272253,-1.3590102,-1.735671,-0.10700161
-0.13875698,-0.5406825,1.3216338,-1.3610023,-1.7336987,-0.105871595
-0.13443714,-0.5343586,1.3175801,-1.3655542,-1.7439617,-0.11297851
-0.12156191,-0.5489985,1.3326461,-1.3696008,-1.7832922,-0.13907307
-0.12207757,-0.55630726,1.338257,-1.3670733,-1.7836751,-0.13906926
-0.11757848,-0.5410091,1.3274015,-1.3744605,-1.7924027,-0.14551626
-0.11688704,-0.5334125,1.321466,-1.3770398,-1.7924902,-0.14585768
-0.11844383,-0.52148414,1.3112458,-1.3792596,-1.7852468,-0.14138418
-0.1215229,-0.51399493,1.3041661,-1.3792131,-1.774793,-0.1345431
-0.12076726,-0.5027901,1.2954149,-1.3850776,-1.7698219,-0.13230671
-0.12823692,-0.49549514,1.2870044,-1.380663,-1.7491957,-0.11804694
-0.12201413,-0.48871535,1.2834945,-1.3900565,-1.7586703,-0.12581785
-0.11239258,-0.48705822,1.2853605,-1.4005867,-1.7787659,-0.14100774
-0.11190642,-0.50284815,1.3218892,-1.4943067,-1.7743118,-0.1604729
-0.10604796,-0.500397,1.2985766,-1.401097,-1.8005699,-0.1555281
-0.108578935,-0.50752807,1.3034823,-1.3953038,-1.7992388,-0.15349697
-0.10610777,-0.5163815,1.3114938,-1.3936672,-1.809888,-0.16013268
-0.10392078,-0.527892,1.3214339,-1.390346,-1.8214877,-0.16698545
-0.103134625,-0.541198,1.3321109,-1.3845379,-1.8311172,-0.17197621
-0.10617024,-0.5504706,1.338395,-1.3788911,-1.8264813,-0.16808926
-0.10696678,-0.5572229,1.3434649,-1.376336,-1.8258362,-0.16737194
-0.092784084,-0.55674344,1.3485535,-1.3883499,-1.8629757,-0.19316028
-0.09319437,-0.55053747,1.3437266,-1.3913683,-1.8584479,-0.19097677
-0.08780787,-0.5438362,1.3425962,-1.4054571,-1.8670386,-0.19989653
-0.09337273,-0.5354383,1.3323814,-1.4000334,-1.84934,-0.18714158
-0.09250055,-0.5276012,1.3270657,-1.4062229,-1.8468641,-0.1869851
-0.09583269,-0.5129678,1.3135021,-1.408267,-1.8307549,-0.17691521
-0.095689096,-0.50618804,1.3083098,-1.4122816,-1.8272136,-0.17549373
-0.09551174,-0.49791288,1.3019017,-1.4171067,-1.8229105,-0.17373744
-0.09430251,-0.4903761,1.296409,-1.4224092,-1.8202058,-0.17311808
-0.08358688,-0.49997926,1.3110173,-1.4358366,-1.8487942,-0.19538859
-0.08277482,-0.5075835,1.3178402,-1.4339299,-1.8559016,-0.1996606
-0.081562564,-0.5247105,1.3326104,-1.4283652,-1.8707085,-0.20806673
-0.079442404,-0.5631078,1.3628058,-1.4092748,-1.8974482,-0.22042207
-0.09696859,-0.5771887,1.376126,-1.4332228,-1.8567289,-0.20460196
-0.109208375,-0.6087586,1.4263313,-1.5359305,-1.8258871,-0.21710473
-0.08186532,-0.6010344,1.4241395,-1.5294187,-1.8952212,-0.26552826
-0.09377334,-0.6602849,1.5294293,-1.7560034,-1.8741962,-0.35129547
-0.10808738,-0.6835301,1.5707897,-1.8442241,-1.8340559,-0.3537721
-0.12288873,-0.6655724,1.5268009,-1.7465746,-1.7896894,-0.25956514
-0.15172568,-0.64216983,1.4751472,-1.6304668,-1.7058022,-0.1370269
-0.17087205,-0.6358014,1.4624825,-1.5978835,-1.6505448,-0.0772795
-0.19083028,-0.6355247,1.4621285,-1.5886884,-1.5958259,-0.023881834
-0.20977055,-0.6592879,1.5069871,-1.6709422,-1.5528353,0.019371178
-0.21931562,-0.6865059,1.5604941,-1.7781607,-1.5322665,0.048920825
-0.22846581,-0.7139565,1.6189322,-1.8981048,-1.5157112,0.08426439
-0.24028537,-0.7320166,1.6610901,-1.982569,-1.4945028,0.13316461
-0.25759348,-0.7276952,1.6537417,-1.9496596,-1.4562687,0.18542035
-0.27106094,-0.7329727,1.6683825,-1.9681168,-1.4300363,0.23087445
-0.2774793,-0.75621265,1.726155,-2.094093,-1.4244661,0.29553422
-0.28828904,-0.75786763,1.732567,-2.0951164,-1.4027976,0.33294192
-0.30933133,-0.7486339,1.7153803,-2.0280657,-1.3517245,0.37098816
-0.32928234,-0.7336484,1.688561,-1.9379042,-1.2995394,0.38230374
-0.34505165,-0.73613316,1.7013704,-1.9439548,-1.2623123,0.4240376
-0.35004166,-0.7542323,1.744997,-2.0337913,-1.2621795,0.48035634
-0.37061,-0.7611342,1.7728829,-2.065347,-1.2151275,0.54930234
-0.38454562,-0.760765,1.7806028,-2.057945,-1.1803052,0.57332236
-0.40509284,-0.7558822,1.7839128,-2.0292263,-1.1228664,0.59463644
-0.47187945,-0.76341,1.8722148,-2.1005116,-0.9408367,0.7333479
-0.4821246,-0.7678117,1.8987398,-2.1442797,-0.9132626,0.7754931
-0.48886424,-0.7825227,1.9538484,-2.2724173,-0.907022,0.8816564
-0.47286892,-0.7309909,1.7974576,-1.9064156,-0.9181439,0.5954304
-0.4932271,-0.7134218,1.7930212,-1.8467945,-0.85256594,0.5654171
-0.49084416,-0.69894844,1.7749288,-1.8338189,-0.8685478,0.5486714
-0.48886782,-0.68775266,1.7605977,-1.8233606,-0.88117164,0.53550726
-0.34092635,-0.68038386,1.8203562,-2.516484,-1.4273349,0.62835336
-0.33026147,-0.67667186,1.8091607,-2.5148792,-1.4400537,0.5997427
-0.30337352,-0.6678398,1.7792708,-2.495691,-1.4712902,0.4845203
-0.30130547,-0.6372509,1.6414702,-2.1097088,-1.4053993,0.31687647
-0.27075,-0.62085223,1.5901225,-2.0258005,-1.4487529,0.21223539
-0.25372922,-0.610778,1.560526,-1.973863,-1.478001,0.15110691
-0.24966107,-0.5795992,1.4829596,-1.792117,-1.4713806,0.12162218
-0.23118237,-0.48390192,1.2897407,-1.382503,-1.5046481,0.04296574
-0.20534445,-0.488585,1.2846202,-1.3707031,-1.5610015,0.006342653
-0.20666116,-0.5015247,1.295581,-1.3660953,-1.5572118,0.00874596
-0.19788875,-0.4953621,1.2878417,-1.3652959,-1.5768106,-0.003878881
-0.19367133,-0.50252086,1.292373,-1.3608837,-1.5869963,-0.01040645
-0.19815005,-0.51258755,1.3017758,-1.3584657,-1.5764027,-0.0035877288
-0.20387045,-0.5210519,1.31021,-1.3570017,-1.5627562,0.0051289652
-0.2053769,-0.52839875,1.3163973,-1.3543869,-1.5594699,0.0072019687
-0.21198843,-0.5372583,1.3253058,-1.3528019,-1.5438241,0.017085679
-0.2132575,-0.5153759,1.3087521,-1.362748,-1.5419452,0.018462459
-0.19286247,-0.52714586,1.3116163,-1.3503526,-1.5901045,-0.012262666
-0.19199952,-0.5371837,1.3190801,-1.3456233,-1.5926661,-0.013823064
-0.17425679,-0.51437044,1.2990348,-1.3554223,-1.6326826,-0.03968713
-0.17268361,-0.50410044,1.2907082,-1.3597469,-1.6360033,-0.04203041
-0.16002788,-0.4987941,1.2856333,-1.3630608,-1.664814,-0.060925476
-0.15924236,-0.50719523,1.2925011,-1.3603268,-1.667544,-0.06252043
-0.16563787,-0.52223843,1.3048807,-1.3539816,-1.6538976,-0.05331048
-0.16759054,-0.5334951,1.314023,-1.3502507,-1.6516783,-0.05170861
-0.16815092,-0.6006663,1.5325277,-1.9692906,-1.6252465,-0.09191303
-0.13172229,-0.582265,1.488401,-1.8701744,-1.7121164,-0.20020518
-0.114388905,-0.603093,1.5456555,-2.0067332,-1.7305293,-0.2791344
-0.0991451,-0.5959932,1.5288547,-1.961039,-1.7670608,-0.31278142
-0.094343804,-0.629447,1.6335706,-2.2203965,-1.7332077,-0.41184783
-0.13558729,-0.63188004,1.6404765,-2.260339,-1.6663954,-0.2812941
-0.18232578,-0.64294493,1.6970414,-2.4257514,-1.585371,-0.0720899
-0.20661174,-0.123548314,0.7634091,1.7131678,1.5548131,-3.12551
-0.19369867,-0.08427372,0.7141494,1.8176519,1.5859942,3.128946
-0.14625622,-0.105004855,0.72816736,1.7465291,1.6886686,3.0276215
-0.13702528,-0.05458253,0.68169075,1.9292233,1.7244036,3.0405402
-0.13049479,-0.044396322,0.6661678,1.9281932,1.7346976,3.0323932
-0.08183341,-0.31101117,1.0031617,1.4567068,1.9010173,2.680337
-0.08849706,-0.3580128,1.0598738,1.3386546,1.8888367,2.5894682
-0.105919115,-0.37240157,1.0733604,1.314766,1.8423983,2.6290977
-0.12659188,-0.35365424,1.0451505,1.378654,1.7809151,2.776365
-0.15813339,-0.34896097,1.037884,1.4066207,1.6883516,2.9416933
-0.18455051,-0.32462308,1.0109987,1.476769,1.6119467,3.0805378
-0.20213763,-0.3326197,1.0249196,1.4610605,1.5720656,3.139666
-0.21266623,-0.37852454,1.0846456,1.3466696,1.5498439,-3.1015663
-0.19460493,-0.39647466,1.103549,1.2958785,1.5860863,3.1084561
-0.17779833,-0.4182911,1.1301795,1.2336929,1.6307198,2.9905133
-0.15381975,-0.43087548,1.1456614,1.1911755,1.7005848,2.7858217
-0.11790021,-0.5073582,1.2617325,0.9538332,1.8052689,2.1076784
-0.04282976,-0.415964,1.1599308,1.1485869,1.9627599,2.2882721
-0.02730623,-0.3806812,1.1208621,1.2306997,2.0026882,2.3613076
-0.01835048,-0.38570148,1.1338907,1.2102457,2.0195303,2.3258903
-0.010910618,-0.3997432,1.1590602,1.1674935,2.0289013,2.269946
0.0051503363,-0.3891553,1.1570057,1.1822098,2.0669532,2.2678258
0.017698122,-0.39040595,1.1692657,1.1676077,2.0950913,2.2380872
0.031428017,-0.37421975,1.1596124,1.198104,2.1345022,2.2572794
0.03355506,-0.40494788,1.2047318,1.1141889,2.1264312,2.1661904
0.015526302,-0.4212765,1.2114038,1.0880454,2.0772314,2.1502757
-0.0023039323,-0.43296507,1.2134343,1.0726455,2.0333965,2.1471503
-0.0032670635,-0.4590464,1.2518862,1.0045779,2.018254,2.0604339
0.009930773,-0.4553999,1.2577574,1.0038207,2.0481503,2.0518968
0.020408401,-0.4508714,1.2605264,1.0065125,2.0735385,2.0500956
0.04088915,-0.4305951,1.2499198,1.0394627,2.1325855,2.0782979
0.04253276,-0.44843486,1.2787497,0.9908136,2.1285164,2.0208535
0.043655854,-0.4664106,1.3080597,0.9426121,2.122674,1.9628451
0.053351328,-0.47105423,1.3261064,0.9188507,2.1471138,1.9321288
0.06894284,-0.40571004,1.245006,1.0733302,2.2252715,2.0997245
0.06456199,-0.38719353,1.2148535,1.1306865,2.2192385,2.1651495
0.056071747,-0.3722575,1.1836517,1.1793638,2.2028165,2.2180188
0.07967259,-0.32478395,1.1537689,1.2877059,2.2938235,2.3135242
0.09676013,-0.31670067,1.167973,1.2887415,2.3543003,2.3072596
0.10016408,-0.31546175,1.170274,1.272916,2.355705,2.2930365
0.09931697,-0.30574265,1.1564183,1.2852811,2.3445973,2.307698
0.1051764,-0.31117943,1.1709845,1.2496041,2.3540368,2.27348
0.10987606,-0.31006742,1.1756886,1.2238885,2.3554263,2.2503545
0.11217695,-0.30572653,1.1729039,1.2153679,2.3520646,2.2440746
0.11420736,-0.30103424,1.1694024,1.2094606,2.3477793,2.2407918
0.102602966,-0.2672052,1.1086198,1.3021563,2.305571,2.3367872
0.10367858,-0.2609076,1.1013377,1.3023441,2.2996747,2.3391929
0.09961903,-0.2723744,1.1120876,1.3116344,2.3089938,2.3434036
0.09675093,-0.27601722,1.1136243,1.3218368,2.3108912,2.3511577
0.088322215,-0.27207634,1.0922273,1.26736,2.2267876,2.3207831
0.07042536,-0.27911794,1.0785826,1.2582256,2.1568918,2.334298
0.082342386,-0.32357112,1.1544276,1.1288152,2.1715457,2.1980195
0.12987854,-0.3155259,1.2118591,1.1047581,2.3663728,2.141942
0.13666828,-0.3477689,1.2676498,1.0125301,2.3967032,2.045983
0.14608629,-0.37062696,1.3175802,0.9057286,2.4122803,1.9412549
0.14627662,-0.42515644,1.3955586,0.7837231,2.4534793,1.8063705
0.13892628,-0.45656273,1.4238217,0.7603192,2.4813411,1.7683276
0.12173803,-0.4738065,1.4213758,0.7696258,2.400711,1.7680341
0.12935592,-0.43574196,1.3761233,0.864291,2.4446824,1.872019
0.12690349,-0.41762376,1.3456737,0.9284675,2.437688,1.938608
0.11747802,-0.41255483,1.3230976,0.9682786,2.3990803,1.9784274
0.114045456,-0.39842787,1.2984048,1.0186969,2.3897967,2.031585
0.095213294,-0.406502,1.2809485,1.0318831,2.3141737,2.04658
0.0770551,-0.45354587,1.3601698,0.79116684,2.0641012,1.8341655
0.05524647,-0.4933252,1.4157997,0.7069559,1.9578179,1.7250885
0.04814557,-0.51717865,1.4611084,0.6538834,1.9198123,1.6496547
0.008581689,-0.54340816,1.4961197,0.61959475,1.7446612,1.5795252
0.004602578,-0.5353858,1.4730623,0.6352977,1.7314929,1.5844066
0.015762923,-0.55243,1.5223776,0.59488755,1.779232,1.5419965
0.0024257693,-0.5630107,1.5428698,0.5783665,1.7238935,1.4885477
-0.008719516,-0.5709117,1.5600288,0.56601626,1.6800822,-1.5795672
-0.010848126,-0.5753375,1.572203,0.558067,1.6772618,-1.5817051
-0.021058325,-0.57594573,1.5741171,0.56447536,1.6077217,-1.5918684
-0.014331565,-0.5720366,1.5639242,0.5715958,1.6094896,-1.5851383
-0.021958224,-0.57080936,1.560215,0.5754193,1.6055647,-1.5927675
-0.014746499,-0.56598514,1.5475637,0.58391315,1.608411,-1.585553
-0.018069368,-0.5602977,1.5320882,0.59564495,1.6066147,-1.5888772
-0.029337412,-0.56371576,1.5414835,0.5913442,1.5858573,-1.600137
-0.02971196,-0.5575176,1.5245664,0.6029806,1.5826484,-1.6005104
-0.029857976,-0.5797623,1.5849458,0.5590597,1.5958351,-1.6006632
-0.027074588,-0.586263,1.602058,0.5438974,1.6077038,-1.597888
-0.020159516,-0.5878852,1.6067307,0.5388637,1.6122518,-1.5909717
-0.019929765,-0.5922772,1.6187595,0.5289354,1.6137087,-1.5907423
-0.027328499,-0.59122247,1.6154685,0.5327959,1.6110574,-1.5981448
-0.027100168,-0.5978519,1.6337049,0.5175781,1.6130294,-1.5979171
-0.028838512,-0.6038549,1.6501709,0.5039335,1.6146957,-1.5996573
-0.031353205,-0.60841495,1.6626409,0.4934815,1.6156255,-1.6021737
-0.03817824,-0.60911816,1.6638119,0.49281397,1.6154872,-1.6090039
-0.040935945,-0.613995,1.6769323,0.48099104,1.6171739,-1.6117636
-0.049210522,-0.617058,1.6860504,0.4762277,1.619399,-1.6200519
-0.050160535,-0.6220457,1.6994457,0.46328938,1.6157296,-1.6209881
-0.04044953,-0.619742,1.693665,0.46690536,1.6166148,-1.6112723
-0.044730958,-0.62607384,1.7112185,0.4513137,1.617303,-1.6155524
-0.052157264,-0.63103694,1.7243288,0.43902054,1.6181291,-1.6229783
-0.05814959,-0.6341707,1.7314808,0.4305968,1.6208295,-1.6289724
-0.057673886,-0.63740474,1.7423407,0.42282048,1.6175636,-1.6284865
-0.064941235,-0.6415324,1.7522621,0.41155672,1.6199086,-1.6357495
-0.07441032,-0.6423176,1.7539955,0.41183293,1.6166224,-1.6452136
-0.08179297,-0.64533114,1.7629119,0.405475,1.6135894,-1.6525847
-0.08939644,-0.64887995,1.7726833,0.3970595,1.6148404,-1.6601857
-0.07794929,-0.6507112,1.7777923,0.38713804,1.6175935,-1.6487224
-0.07234802,-0.64660645,1.7662634,0.39815304,1.6187767,-1.6431394
-0.06718494,-0.6395911,1.7432909,0.41484278,1.6301513,-1.6380218
-0.050604895,-0.63836205,1.73457,0.4050802,1.6692352,-1.621542
-0.05939554,-0.6283976,1.7170854,0.4487458,1.6129864,-1.6302166
-0.033955775,-0.6384966,1.7292993,0.38668147,1.7121267,0.9843831
-0.009679853,-0.64034736,1.7295623,0.34672564,1.7874602,1.0077891
-0.0018564935,-0.6303077,1.7061836,0.374492,1.7970353,1.0760617
0.008787782,-0.6114603,1.6617553,0.42813402,1.8035762,1.1889544
-0.003570658,-0.6009434,1.6369213,0.48110625,1.7422626,1.2655487
2.7881173e-05,-0.59010166,1.6085718,0.5078661,1.7365892,1.307479
-0.008898514,-0.58156335,1.589022,0.542196,1.6934326,-1.5797604
-0.016765153,-0.5821412,1.5911878,0.55059403,1.611658,-1.5875746
-0.038344156,-0.59715724,1.6331042,0.5237078,1.5987158,-1.6091535
-0.040145636,-0.60327864,1.6497158,0.50979835,1.6036215,-1.6109601
-0.02294222,-0.6160322,1.674504,0.45414937,1.6971636,-1.5938877
0.026139699,-0.59782064,1.6336015,0.44709757,1.85814,1.2692596
0.041021746,-0.62465984,1.7040584,0.31957695,1.9515107,1.1338905
-0.009720045,-0.65816087,1.771205,0.26742128,1.822716,0.91278136
-0.05163982,-0.66220033,1.7860078,0.3094728,1.7195822,0.81974274
-0.053940743,-0.6756622,1.8143207,0.25072646,1.7357441,0.7301447
-0.056780126,-0.68553424,1.8363345,0.20586129,1.7478884,0.68085885
-0.06362887,-0.70420855,1.8785397,0.11322534,1.7650768,0.58566076
-0.090585984,-0.7128264,1.9004114,0.09801916,1.7254754,0.48382497
-0.10921362,-0.70581317,1.8883144,0.15534669,1.6853086,0.4488189
-0.09179975,-0.6955785,1.8636113,0.19374938,1.6940391,0.52525246
-0.11337166,-0.669881,1.8305734,0.33272058,1.6092904,-1.6839527
-0.10526769,-0.665985,1.8178707,0.3430009,1.6142004,-1.6758976
-0.0976402,-0.6618847,1.8047576,0.35370496,1.6188593,-1.6683152
-0.09238003,-0.65981525,1.804076,0.36238912,1.6127838,-1.6630912
-0.09312821,-0.65658456,1.7910696,0.37094745,1.6179405,-1.6638563
-0.109818295,-0.6610598,1.8041999,0.3620091,1.6130017,-1.68051
-0.11936505,-0.6730293,1.8291023,0.3177905,1.6219361,-1.6898304
-0.1250146,-0.6752936,1.8397228,0.3131271,1.6114172,-1.6954339
-0.12981375,-0.67598057,1.8473611,0.31454912,1.6037272,-1.7002641
-0.13828464,-0.67453927,1.8393867,0.3212204,1.6039126,-1.7087189
-0.1409277,-0.6808538,1.8578984,0.29793403,1.6021646,-1.7112132
-0.15121663,-0.6829899,1.8670732,0.29322246,1.5950662,-1.7214575
-0.16925743,-0.6850961,1.8661851,0.28765178,1.5914625,-1.7392845
-0.13924094,-0.6932126,1.8712018,0.23872723,1.6252633,0.3371409
-0.1810658,-0.7126304,1.9153298,0.16244099,1.5986993,0.13295354
-0.21180212,-0.7339308,1.9609249,0.05688667,1.5686008,-0.0074410066
-0.23749131,-0.75623274,2.0144875,-0.08500739,1.5285859,-0.100157134
-0.27402672,-0.74554175,1.9934329,-0.008567929,1.4829432,-0.24961464
-0.28860018,-0.7431314,1.9898134,0.0034229658,1.4617224,-0.31669906
-0.32438612,-0.74675447,2.004556,-0.035917997,1.4001652,-0.43670028
-0.35636422,-0.7372509,1.9868774,0.005998661,1.3593192,-0.57200557
-0.31965566,-0.7247381,1.9527237,0.10409401,1.4422492,-0.48483443
-0.2938774,-0.7240365,1.9497589,0.114339784,1.4727203,-0.39492318
-0.2970434,-0.69868004,1.9113439,0.2400125,1.515799,-1.8657575
-0.3140376,-0.7028702,1.908504,0.21686162,1.4824592,-0.5334194
-0.34229982,-0.7106667,1.9237472,0.16978188,1.4347758,-0.6194129
-0.3801419,-0.7154785,1.9387163,0.118685424,1.3526706,-0.74857366
-0.41543418,-0.72207326,1.9651582,0.036024496,1.2591826,-0.7958522
-0.408337,-0.7394228,2.0115619,-0.07337785,1.2404177,-0.6935713
-0.4171068,-0.75536484,2.0708132,-0.23562407,1.1875268,-0.61035997
-0.3746804,-0.7630103,2.071525,-0.22525685,1.2710623,-0.50809777
-0.3367549,-0.775845,2.1017516,-0.312093,1.3319126,-0.3631071
-0.28950047,-0.78848606,2.1518936,-0.47715238,1.4154571,-0.187333
-0.25993943,-0.78425974,2.1108866,-0.35886467,1.482731,-0.12703727
-0.195986,-0.7766502,2.0738022,-0.28170207,1.5981246,0.04400954
-0.15506993,-0.775816,2.0752134,-0.31832013,1.6666179,0.14201756
-0.09903903,-0.7738347,2.107481,-0.48432627,1.7965132,0.24913019
-0.092115864,-0.79674566,2.1787302,-0.7495577,1.8429291,0.19448714
-0.09412366,-0.80662906,2.177766,-0.7431917,1.8439145,0.19337353
-0.08639497,-0.8117213,2.169895,-0.7272427,1.8658884,0.2093489
-0.10156896,-0.790487,2.1877134,-0.7682718,1.8166611,0.17525695
-0.08566613,-0.78223747,2.1772904,-0.7543065,1.8490568,0.20203806
-0.09349737,-0.7744618,2.185331,-0.7724128,1.8257272,0.18501335
-0.016263008,-0.7492057,2.059057,-0.46073848,1.9809945,0.42546654
-0.05073628,-0.75686085,2.0478022,-0.3644804,1.8884449,0.39398578
-0.034961514,-0.7339858,1.963849,-0.1446499,1.8857434,0.5307915
0.018632956,-0.721027,1.9605006,-0.22888277,2.0334756,0.6184756
0.026068373,-0.7314728,2.0341454,-0.47331154,2.0896661,0.49632257
0.015387361,-0.6890768,1.8559076,0.048972167,1.9617344,0.7991761
0.029536163,-0.68059325,1.8390574,0.063353404,1.9918892,0.8434288
0.074566,-0.65261865,1.8009844,0.07013682,2.136065,0.96930087
0.09146088,-0.6415866,1.7873363,0.06354243,2.1924345,0.9949258
0.13596031,-0.5830219,1.7006093,0.15761957,2.3630815,1.1666353
0.14204668,-0.586773,1.7058427,0.1222778,2.4205174,1.1436154
0.14021207,-0.5909947,1.7019246,0.13497584,2.428362,1.151784
0.14419577,-0.57493913,1.6775196,0.1835289,2.4339547,1.2032021
0.14676736,-0.56695044,1.6719948,0.19047144,2.430245,1.213884
0.12719335,-0.5776875,1.6738639,0.2377508,2.3080933,1.2260618
0.13127501,-0.56244975,1.6459799,0.28946975,2.3215823,1.2850609
0.07202421,-0.56174654,1.57875,0.4915899,2.0287607,1.430844
0.086381726,-0.5440284,1.5517921,0.51911396,2.0863156,1.4818872
0.078752816,-0.5318079,1.5184237,0.5738789,2.0487611,1.5484031
0.09053979,-0.49352002,1.450687,0.66484123,2.1030147,1.6714641
0.11243804,-0.4850083,1.4626093,0.64866316,2.2053876,1.6641815
0.1541535,-0.43719554,1.4358631,0.6779836,2.4462383,1.7083033
0.124497935,-0.5020594,1.471412,0.66631633,2.4113936,1.657771
0.073336706,-0.6190009,1.620279,0.44352725,2.2020507,1.3593796
0.067837715,-0.63414675,1.6454531,0.40363154,2.1892653,1.3061363
0.05786043,-0.6616688,1.6934179,0.32518724,2.1705542,1.203487
0.07768897,-0.64499843,1.6792874,0.32124174,2.235675,1.2302049
0.07028108,-0.67211294,1.7300531,0.22649513,2.2263298,1.1208065
0.06471876,-0.6876292,1.7585647,0.17259736,2.2160933,1.0569397
0.043535605,-0.701031,1.7663296,0.1950013,2.150777,1.0410845
0.030117894,-0.7170771,1.7901384,0.16477107,2.120409,0.9859787
0.017508106,-0.73406714,1.8180921,0.11918288,2.0949478,0.9149652
0.0026568864,-0.75357246,1.8522044,0.0627712,2.067774,0.8324283
0.02943543,-0.7508348,1.8751363,-0.04280364,2.14543,0.79565775
0.041398358,-0.7390963,1.8580028,-0.02360663,2.1744418,0.834085
0.05722911,-0.722938,1.836176,0.0004169865,2.2187028,0.88695014
-0.0066523063,-0.72974545,1.7879949,0.22461244,2.0251195,0.9771436
-0.017446643,-0.73927695,1.8018267,0.21012335,2.0048351,0.93977195
-0.07271495,-0.69499147,1.691678,0.4987165,1.8508577,1.3040371
-0.08578399,-0.6953939,1.6905162,0.5171223,1.8338778,1.3490947
-0.0872514,-0.6900161,1.6760925,0.52945876,1.8311177,1.3591007
-0.0912456,-0.68500364,1.6610912,0.5423164,1.8274873,1.3671061
-0.08157565,-0.679515,1.6536317,0.5485806,1.831995,1.3865092
-0.074102305,-0.6740418,1.6448241,0.5560402,1.8339772,1.4032426
-0.08010686,-0.67300725,1.638469,0.5614158,1.831075,1.4016598
-0.07337957,-0.66780084,1.6298393,0.56865335,1.831848,1.4165621
-0.06554902,-0.6615268,1.6192404,0.57754385,1.8334277,1.4346987
-0.07086838,-0.6605269,1.613523,0.5824088,1.8304468,1.4337554
-0.067070276,-0.6524943,1.596044,0.59666765,1.8285838,1.4513847
-0.058168825,-0.6522487,1.6010956,0.5923253,1.8359128,1.4581821
-0.05192359,-0.6470172,1.592138,0.59950596,1.8368738,1.4715774
-0.04936792,-0.6515286,1.6048592,0.5889418,1.8433064,1.4651842
-0.057730444,-0.6570928,1.6133827,0.58234054,1.8392167,1.4500597
-0.053979624,-0.6614922,1.6268598,0.57146573,1.8461235,1.4464654
-0.0629365,-0.6672873,1.6352121,0.5642844,1.838201,1.4257139
-0.065650225,-0.6731944,1.64819,0.5536081,1.8388796,1.4127437
-0.07200278,-0.6793212,1.6593192,0.5439254,1.8375124,1.3946679
-0.060246136,-0.6827982,1.6697509,0.5187967,1.8569305,1.3439802
-0.049754627,-0.67534596,1.656735,0.5252691,1.8697958,1.3561176
-0.040260095,-0.6620392,1.631107,0.5495497,1.87514,1.3982482
-0.031713426,-0.6427944,1.5910449,0.5878609,1.8754953,1.4556476
-0.016286282,-0.6345854,1.5796046,0.58821625,1.9117321,1.4588795
-0.011650267,-0.6231477,1.557148,0.6118059,1.9189562,1.497663
-0.0015018681,-0.6070761,1.5283045,0.6392563,1.9438802,1.5425119
-0.008191152,-0.5892045,1.4848264,0.6879512,1.9258099,1.6075387
-0.008292769,-0.58175445,1.4684373,0.7043335,1.9278208,1.628596
-0.006273786,-0.57195336,1.4495083,0.72535837,1.9371955,1.660236
0.036083445,-0.56059015,1.4656222,0.70866895,2.0636046,1.6612922
0.04102126,-0.56699574,1.4829375,0.6844874,2.0777261,1.6317745
0.044261463,-0.54088795,1.4366128,0.7482798,2.0932612,1.7167193
-0.08519545,-0.6350014,1.5425739,0.64112175,1.8149016,1.4795864
-0.094384804,-0.6197744,1.5006659,0.6755414,1.8181682,1.5121989
-0.08738442,-0.61394703,1.4907911,0.6831459,1.8198287,1.5269772
-0.10137433,-0.6972094,1.6849695,0.52148217,1.8253669,1.3307778
-0.09623183,-0.7001097,1.6955459,0.51255876,1.8288386,1.3291879
-0.29690948,-0.7744824,1.8148776,0.36596107,1.4529709,-0.6163504
-0.40675417,-0.84658927,2.0413225,-0.1695011,1.1284758,-0.61417264
-0.4465091,-0.82299894,2.0124416,-0.10825479,1.031811,-0.7666462
-0.39898553,-0.8635951,2.1144204,-0.3745462,1.1282011,-0.47492275
-0.38480952,-0.8704216,2.146617,-0.46880448,1.1556866,-0.39884388
-0.37511662,-0.87114084,2.1977594,-0.6342662,1.1709666,-0.31225345
-0.3852476,-0.8563515,2.2288778,-0.74753225,1.1424611,-0.29115388
-0.38434747,-0.8477373,2.2325494,-0.7599144,1.1471304,-0.28828132
-0.39658985,-0.8390822,2.231099,-0.7579286,1.1213,-0.3092836
-0.40800643,-0.8269369,2.230076,-0.7585812,1.0984087,-0.32954115
-0.41490608,-0.81791973,2.2295134,-0.7598827,1.0850731,-0.34215382
-0.4177228,-0.8031302,2.2334735,-0.77568465,1.08534,-0.34392816
-0.42796803,-0.78459936,2.2338982,-0.7837395,1.0683604,-0.36144271
-0.42500812,-0.7756805,2.238793,-0.800881,1.0805222,-0.35185257
-0.41610357,-0.76560795,2.246669,-0.827458,1.1076375,-0.32969886
-0.45153376,-0.75543433,2.2287216,-0.7827684,1.026947,-0.40399322
-0.46117866,-0.7609286,2.2196183,-0.7558195,0.9993437,-0.42966503
-0.44828108,-0.77126795,2.2252584,-0.7662126,1.0253987,-0.40289956
-0.45717338,-0.7767552,2.216474,-0.740556,0.9994446,-0.42676434
-0.45848444,-0.78655684,2.2113113,-0.7230055,0.98970735,-0.43443903
-0.44299483,-0.8007049,2.217329,-0.73313737,1.0204517,-0.40266573
-0.43954256,-0.78858835,2.2247562,-0.75747824,1.0367125,-0.3895673
-0.41758543,-0.83116025,2.2223713,-0.73662037,1.0711052,-0.35238913
-0.40758887,-0.84624046,2.2222211,-0.7320076,1.0895479,-0.33445135
-0.4758864,-0.80435514,2.1858797,-0.6512586,0.9298178,-0.49158782
-0.5136466,-0.7596522,2.15975,-0.6010044,0.85236365,-0.5947695
-0.5133123,-0.7515923,2.16593,-0.62020755,0.8614369,-0.58533716
-0.5269856,-0.73362863,2.1557791,-0.60214746,0.83673376,-0.6226626
-0.53534096,-0.72071713,2.133476,-0.5331837,0.8297388,-0.6843611
-0.5385733,-0.73086524,2.136197,-0.5527926,0.8017775,-0.67211163
-0.5280428,-0.74508935,2.1452875,-0.5701743,0.82123417,-0.6403008
-0.5329708,-0.7474131,2.133699,-0.5396052,0.8020839,-0.6662093
-0.54489005,-0.73044705,2.1205504,-0.512167,0.7780311,-0.7091363
-0.55367893,-0.7172233,2.1096992,-0.4898331,0.7610592,-0.74237674
-0.55125695,-0.71411526,2.121058,-0.52080804,0.77574843,-0.71851534
-0.56390804,-0.70011145,2.098242,-0.46821508,0.744396,-0.7783668
-0.5659876,-0.703955,2.0844498,-0.4302243,0.72802377,-0.8071492
-0.56243104,-0.71469444,2.0812976,-0.4172028,0.7254699,-0.80736494
-0.5616359,-0.72022325,2.075048,-0.3986334,0.7188282,-0.8174656
-0.55586463,-0.735137,2.07361,-0.38906872,0.7192152,-0.81012213
-0.55822533,-0.7353423,2.0618901,-0.3588812,0.7058758,-0.8352281
-0.5647841,-0.72109616,2.0580378,-0.35412127,0.6997456,-0.8540074
-0.57804084,-0.6951991,2.0371656,-0.30882192,0.67639893,-0.9180306
-0.5773803,-0.69858783,2.026738,-0.2793236,0.66730034,-0.938751
-0.5869902,-0.6775253,2.002181,-0.22184065,0.6464457,-1.0063312
-0.5821005,-0.6895556,2.0002646,-0.2112159,0.6448004,-1.0031663
-0.57551223,-0.70512986,2.0106585,-0.23365626,0.6538782,-0.96917987
-0.56750757,-0.72293085,2.028448,-0.27563018,0.670791,-0.91662276
-0.5610347,-0.73678386,2.0405564,-0.3033079,0.6834899,-0.87965226
-0.5731724,-0.71195173,1.9942806,-0.18754946,0.6408333,-0.99924195
-0.57209605,-0.7148029,1.9855697,-0.16341747,0.6340835,-1.0155603
-0.5675357,-0.7261561,1.9889508,-0.16981559,0.63760704,-0.99832433
-0.577465,-0.7007261,1.9586043,-0.09487458,0.6135118,-1.0847135
-0.5749534,-0.7066191,1.955745,-0.08533277,0.6114592,-1.0862039
-0.583083,-0.6851983,1.9464577,-0.066747904,0.60595846,-1.1227108
-0.5850329,-0.68198067,1.9531361,-0.08656057,0.6100673,-1.1102607
-0.58864474,-0.67285186,1.9511609,-0.084516406,0.609189,-1.1210108
-0.58883935,-0.67350143,1.9658327,-0.124619976,0.6192789,-1.0883815
-0.59025425,-0.6703528,1.9779229,-0.15908515,0.62814605,-1.0638512
-0.5974122,-0.6526141,1.9650927,-0.13186438,0.6198065,-1.1029586
-0.6034655,-0.63711095,1.9522611,-0.103487544,0.6121366,-1.1407272
-0.6068195,-0.6290232,1.9531324,-0.110056676,0.61343503,-1.1431363
-0.59979993,-0.64708835,1.9771144,-0.1679761,0.62872666,-1.0791138
-0.59436035,-0.6602128,1.9890691,-0.1944188,0.63685715,-1.045177
-0.5995878,-0.6474078,1.990194,-0.20407455,0.63835853,-1.0495437
-0.59299254,-0.66228116,2.0091136,-0.24825183,0.6523489,-0.9995447
-0.59271014,-0.65999854,2.0181706,-0.2716554,0.6652774,-0.9814172
-0.580945,-0.68308955,2.0529692,-0.35648113,0.6911088,-0.8906201
-0.5776557,-0.691042,2.0537162,-0.35494703,0.6923614,-0.883943
-0.5512257,-0.73003703,2.1003563,-0.4598844,0.75093645,-0.75514084
-0.5423093,-0.7469977,2.107562,-0.4722123,0.76404285,-0.7263907
-0.53130716,-0.76515007,2.1190603,-0.49571458,0.7850299,-0.68601245
-0.52859086,-0.76286346,2.1292124,-0.5224308,0.79938155,-0.6648599
-0.5189542,-0.7654503,2.1460557,-0.5639995,0.8292005,-0.6233626
-0.54587346,-0.7494361,2.0909283,-0.42839855,0.74280685,-0.76164037
-0.54360986,-0.7576668,2.086662,-0.41500106,0.7394436,-0.76410764
-0.539331,-0.7672714,2.0881572,-0.41620415,0.7439029,-0.7524761
-0.58091056,-0.6930678,1.9804208,-0.15636152,0.6294923,-1.0436286
-0.5961723,-0.650374,1.9337385,-0.04416573,0.60047823,-1.1754544
-0.59953016,-0.6443309,1.9415091,-0.06919502,0.6052549,-1.1613251
-0.60386056,-0.6315292,1.9322925,-0.048568174,0.60122275,-1.190311
-0.6123045,-0.6076454,1.9169033,-0.018847309,0.59644043,-1.2358422
-0.61294734,-0.59782183,1.8903186,0.052641165,0.58542544,-1.3020262
-0.60818225,-0.61184895,1.8994704,0.034698196,0.58742404,-1.2749271
-0.6040366,-0.62344694,1.9057229,0.023530979,0.5887246,-1.2553848
-0.60300916,-0.6208883,1.8907015,0.065736085,0.581995,-1.291381
-0.60243714,-0.6166002,1.8750911,0.10904352,0.575649,-1.3298626
-0.60072273,-0.6168924,1.8655212,0.13742496,0.57148916,-1.3521692
-0.59599996,-0.6314069,1.8747637,0.118007496,0.5732306,-1.3230073
-0.5911511,-0.6442218,1.8788066,0.11260621,0.57322264,-1.3064573
-0.58802587,-0.6529778,1.8820212,0.106322624,0.5737704,-1.2925862
-0.58609724,-0.65108854,1.865729,0.15330146,0.56646484,-1.3317014
-0.5938573,-0.62560415,1.8499185,0.18863851,0.5641887,-1.3846188
-0.5970435,-0.61280763,1.8398914,0.2127091,0.563223,-1.4162122
-0.60040647,-0.60234785,1.8348601,0.22250977,0.56360257,-1.4340827
-0.60427755,-0.585255,1.8203021,0.25794002,0.5629649,-1.4788618
-0.6093076,-0.57706445,1.8255491,0.23623894,0.5658587,-1.4689312
-0.6121053,-0.56126976,1.8084149,0.27746725,0.56529117,-1.5161197
-0.6097482,-0.5572375,1.7927806,0.32321364,0.56311244,-1.5565587
-0.60720915,-0.55853605,1.7858617,0.3462238,0.5615569,-1.574049
-0.60386956,-0.5688793,1.7911655,0.33806413,0.5601148,-1.5584663
-0.6008264,-0.57780856,1.7951112,0.3327673,0.5588411,-1.5463525
-0.5975305,-0.59241647,1.8068935,0.30434957,0.55833364,-1.5095428
-0.5941176,-0.60304815,1.8116565,0.2951379,0.5573697,-1.4918342
-0.5911958,-0.60441583,1.8030169,0.3228813,0.5550155,-1.5127906
-0.5875881,-0.6056153,1.7918108,0.358645,0.55221367,-1.5403116
-0.58731776,-0.6279705,1.8273842,0.25853717,0.5570182,-1.4380724
-0.595607,-0.57555044,1.7729207,0.40095198,0.5552711,-1.603186
-0.6003772,-0.5623452,1.768259,0.40534154,0.55774206,-1.6184719
-0.6028871,-0.54524404,1.7511373,0.44657597,0.5605968,-1.6671451
-0.6059128,-0.52725863,1.7353765,0.4825644,0.565185,-1.7124871
-0.60823244,-0.5175454,1.7287073,0.49544078,0.5678604,-1.7314852
-0.6103529,-0.50831777,1.7218667,0.50780386,0.57049173,-1.749131
-0.6128152,-0.4914106,1.7051023,0.54170793,0.5759216,-1.7898669
-0.6141165,-0.47764596,1.6896375,0.57465166,0.5810373,-1.8273262
-0.6094299,-0.4875834,1.6911362,0.5830594,0.57855374,-1.8268911
-0.60548854,-0.48759386,1.6811162,0.6164159,0.5800356,-1.8544196
-0.60262626,-0.48958772,1.676547,0.6342599,0.58029824,-1.8676227
-0.6007546,-0.5014692,1.687566,0.6129291,0.5757663,-1.84095
-0.5988361,-0.5149239,1.7005183,0.58656913,0.57089627,-1.808805
-0.59580284,-0.5149293,1.6926979,0.6125166,0.5718014,-1.8301054
-0.59246576,-0.513459,1.6822553,0.6454163,0.5735541,-1.8582588
-0.5884007,-0.5117729,1.6705345,0.68284357,0.57650113,-1.8905818
-0.5850586,-0.5151781,1.6671954,0.6985175,0.5768355,-1.9009771
-0.5807674,-0.50919706,1.651112,0.74621993,0.5836441,-1.9457679
-0.5836001,-0.48709196,1.631892,0.7831258,0.5958725,-1.9943359
-0.5794715,-0.4873852,1.6236058,0.8117291,0.5993107,-2.0180879
-0.57451344,-0.48475552,1.610364,0.85304403,0.60577345,-2.054722
-0.5810008,-0.4700602,1.6067815,0.8431889,0.6101812,-2.0574112
-0.5821596,-0.45606813,1.5923252,0.8669781,0.6188875,-2.0863569
-0.58369046,-0.44268984,1.5796803,0.88518953,0.62747115,-2.110356
-0.58680856,-0.43860722,1.580747,0.874434,0.62685734,-2.1038594
-0.59849715,-0.4506058,1.6198184,0.76798683,0.60720515,-2.0079062
-0.602068,-0.44962308,1.6261501,0.7454834,0.6046585,-1.989794
-0.60497594,-0.44411767,1.6254398,0.7383184,0.605626,-1.987314
-0.6111925,-0.44083336,1.634529,0.7026342,0.6022819,-1.9595647
-0.6090867,-0.4656007,1.6607513,0.6541092,0.5888213,-1.9019251
-0.604674,-0.4683322,1.6544718,0.679569,0.590533,-1.9213928
-0.59987766,-0.4682941,1.6442461,0.71461874,0.5945017,-1.9510611
-0.5967387,-0.4756592,1.6462964,0.71808594,0.59234256,-1.9484274
-0.59244436,-0.47277123,1.6338749,0.75652295,0.5979067,-1.9830441
-0.58888334,-0.47948033,1.634205,0.76480913,0.5964662,-1.9848728
-0.58958644,-0.49452728,1.6531111,0.7204874,0.5860617,-1.9358706
-0.5940101,-0.49501398,1.6631733,0.68659204,0.5823953,-1.90698
-0.5883293,-0.5298641,1.6928784,0.6286461,0.567957,-1.8310957
-0.58440953,-0.55286145,1.7116963,0.5830377,0.56458795,-1.7725167
-0.5879923,-0.56394047,1.7348708,0.51656705,0.55621964,-1.707972
-0.5911851,-0.5472428,1.722056,0.54562217,0.5608655,-1.7469932
-0.5941719,-0.53132594,1.709663,0.5731581,0.5658337,-1.7839321
-0.5995872,-0.5396848,1.7347319,0.4963974,0.5622131,-1.7131206
-0.5968981,-0.55605817,1.7489871,0.46316192,0.5580602,-1.671251
-0.5929496,-0.5715998,1.7586368,0.44388083,0.55459416,-1.6414853
-0.5724026,-0.60323614,1.7553514,0.4573248,0.62647414,-1.6184864
-0.5791964,-0.5394562,1.6830233,0.65800554,0.58869237,-1.8461399
-0.56177485,-0.55382645,1.6656201,0.6783768,0.6668804,-1.8472841
-0.56196207,-0.5282902,1.6342375,0.7616232,0.6605353,-1.940272
-0.5448662,-0.6098603,1.7124634,0.5508983,0.74663156,-1.6832576
-0.52509177,-0.6125677,1.682997,0.6059327,0.82616526,-1.7258923
-0.5115272,-0.59779704,1.6399347,0.6850178,0.87287974,-1.811362
-0.4857871,-0.5998666,1.702516,0.47162575,1.1751659,-1.5798228
-0.485453,-0.6187346,1.7444808,0.41009948,1.1745825,-1.4804437
-0.47078574,-0.6305573,1.7602836,0.39117208,1.2256131,-1.4242656
-0.45188046,-0.6418239,1.7739727,0.3757176,1.2905991,-1.3467634
-0.43153772,-0.6507197,1.787655,0.3655787,1.3517382,-1.265904
-0.45443296,-0.66309106,1.8295428,0.28879014,1.2530562,-1.2150769
-0.46582517,-0.6726917,1.8612779,0.2260519,1.1984761,-1.1623443
-0.46236798,-0.6858314,1.8933401,0.164794,1.1874179,-1.0774198
-0.45257103,-0.6925141,1.9045734,0.1487847,1.2095433,-1.0282481
-0.42588592,-0.70306027,1.9195919,0.13516241,1.268578,-0.9284833
-0.415011,-0.69099444,1.8849692,0.21330442,1.3262323,-0.9726613
-0.41876945,-0.6718775,1.8386743,0.2957705,1.3533015,-1.1043295
-0.577618,-0.69176966,1.9214795,0.005128594,0.59141517,-1.1726242
-0.5826483,-0.6786347,1.9184277,0.009882677,0.59032404,-1.1899481
-0.59008515,-0.6560415,1.9042059,0.043068685,0.58437717,-1.2392983
-0.591602,-0.6568445,1.9180298,0.0035647368,0.59149504,-1.2070888
-0.5963898,-0.63785374,1.8953407,0.06163456,0.58177894,-1.2722384
-0.60661703,-0.6014802,1.8609179,0.14223783,0.5721899,-1.3704193
-0.6108993,-0.58464766,1.8455075,0.17862739,0.5697484,-1.4152191
-0.61210364,-0.58963186,1.8627505,0.12938482,0.5750582,-1.3710327
-0.6168933,-0.56973374,1.8425554,0.17772909,0.5716521,-1.4281018
-0.6152146,-0.5625964,1.8227051,0.23395373,0.56815255,-1.4798331
-0.61876863,-0.5498287,1.813331,0.2518907,0.56886387,-1.5050642
-0.621781,-0.5431596,1.8128185,0.24733137,0.5702371,-1.5069019
-0.6223434,-0.52473104,1.7826933,0.3252177,0.56907797,-1.5854964
-0.61680114,-0.52835506,1.7694743,0.37118745,0.5662979,-1.6199739
-0.6196455,-0.514641,1.7567617,0.39869535,0.5681876,-1.6538134
-0.6175892,-0.5138551,1.7533894,0.40315822,0.5988874,-1.6577718
-0.6197201,-0.49704868,1.7313278,0.46228004,0.5723547,-1.7200769
-0.61613977,-0.49619552,1.7204944,0.49695173,0.5733405,-1.7493308
-0.6186315,-0.47818702,1.7020268,0.5341969,0.57924974,-1.7934333
-0.6148385,-0.4603299,1.6679413,0.6226098,0.5885811,-1.8796837
-0.6043566,-0.5096349,1.7078078,0.5559481,0.57140696,-1.7877496
-0.6141649,-0.5171093,1.744094,0.44313484,0.56722003,-1.6884054
-0.61166507,-0.53253126,1.7588574,0.40936846,0.56390136,-1.64754
-0.61399174,-0.543479,1.7847779,0.33638996,0.5649354,-1.5789568
-0.6175677,-0.5784021,1.8659137,0.11237907,0.5784147,-1.3675246
-0.59409624,-0.6043357,1.8742841,0.12636234,0.7092618,-1.3425459
-0.58552146,-0.6332899,1.9229544,0.012873281,0.7367258,-1.2154247
-0.5471836,-0.6922223,2.0188377,-0.19056831,0.8477549,-0.95883995
-0.49076286,-0.73714757,2.0967438,-0.35585654,0.98122776,-0.71774554
-0.4750717,-0.7205327,2.004729,-0.08741215,1.0801818,-0.87625086
-0.48171547,-0.74981844,2.206933,-0.72726077,0.9538178,-0.47764647
-0.3514795,-0.8702848,2.0782835,-0.26045358,1.2519648,-0.41120678
-0.3234543,-0.8769396,2.0849211,-0.28121632,1.3208599,-0.3182298
-0.14545338,-0.7396208,1.9657339,-0.014548592,1.6593621,0.23132025
-0.11057108,-0.7281061,1.9363844,0.027486492,1.7060642,0.36954728
-0.1147639,-0.74766576,1.9857149,-0.100879714,1.719673,0.31001946
-0.3070955,-0.6788643,1.6134739,0.6310103,1.5272614,-1.8781406
-0.32230088,-0.66862553,1.5933594,0.65179443,1.4879013,-1.894175
-0.3258634,-0.66299635,1.5817487,0.66278696,1.4755697,-1.8981273
-0.34895012,-0.64332545,1.5525206,0.7086748,1.4003416,-1.8416824
-0.41684908,-0.5490849,1.4511782,0.9292883,1.1552414,-2.1545281
-0.421785,-0.52388406,1.4211141,0.99113023,1.1289318,-2.2261174
-0.31546095,-0.5715969,1.4052083,0.8740515,1.4300851,-2.3471303
-0.30597588,-0.56368476,1.3871306,0.89079887,1.4445589,-2.42466
-0.30066913,-0.53536505,1.3392777,0.961298,1.4336754,-2.5347605
-0.2955069,-0.5201917,1.313636,0.99894726,1.4344591,-2.598767
-0.31949323,-0.5241844,1.3343508,0.9965881,1.3876904,-2.4934323
-0.2704548,-0.52973217,1.3149868,0.9628389,1.4839526,-2.690772
-0.2555208,-0.4278739,1.164919,1.229534,1.4736897,-2.9135864
-0.22604445,-0.4153659,1.1368808,1.2543215,1.5280516,-3.0422542
-0.25301334,-0.3175312,1.0265543,1.5108227,1.4592687,-2.9959388
-0.28384554,-0.31141323,1.0380731,1.533197,1.3891194,-2.9256763
-0.29169756,-0.34093907,1.0773282,1.4602296,1.3782547,-2.8827677
-0.30948785,-0.34641775,1.096472,1.4493351,1.3378451,-2.8341095
-0.3420093,-0.5884984,1.4559625,-1.4616321,-1.243192,0.21406388
-0.39152262,-0.6290986,1.6452491,-1.9448509,-1.1946342,0.45661628
-0.39481068,-0.58228797,1.5431769,-1.6863117,-1.1566832,0.34271273
-0.43204492,-0.5842549,1.5703466,-1.6496493,-1.0610521,0.36445078
-0.57721895,-0.38386363,1.4984581,1.0234756,0.6839169,-2.2588038
-0.5765529,-0.39425915,1.5045886,0.9487198,0.73124814,-2.1905773
-0.60456026,-0.42545244,1.6011456,0.7848653,0.61838096,-2.0377452
-0.58221406,-0.54456115,1.7311473,0.44804963,0.7781075,-1.6603099
-0.5556215,-0.6169667,1.8287212,0.25150785,0.8902562,-1.4008863
0.0012271423,-0.34558654,1.0946699,1.3006152,2.0733066,2.3937347
0.012140184,-0.33985594,1.0963713,1.3070706,2.1007552,2.3863819
0.023274776,-0.3363546,1.1029301,1.308379,2.1285837,2.3769162
0.03418764,-0.32499853,1.0997338,1.3307313,2.160402,2.3876882
0.054208905,-0.2914938,1.0821544,1.4080207,2.227328,2.4424212
0.0406147,-0.23843724,1.0087204,1.570359,2.203166,2.594046
0.020617764,-0.26399073,1.0146149,1.5103741,2.1432285,2.5609815
0.0038629537,-0.260663,0.99546295,1.5308049,2.1001399,2.5968654
-0.009353098,-0.25798059,0.98142034,1.54658,2.0681136,2.6255715
