time,ur20-shoulder_pan_joint,ur20-shoulder_lift_joint,ur20-elbow_joint,ur20-wrist_1_joint,ur20-wrist_2_joint,ur20-wrist_3_joint,target-POS_X,target-POS_Y,target-POS_Z,target-ROT_X,target-ROT_Y,target-ROT_Z,target-ROT_W
0.0,-0.23932799696922302,-0.8077389001846313,1.8992667198181152,-2.4148941040039062,-1.610734224319458,-0.1567644476890564,1.064774513244629,-0.05925428494811058,0.024194728583097458,-0.6738240122795105,0.7282494306564331,0.09171813726425171,-0.08486362546682358
1.0,-0.2284354269504547,-0.80446857213974,1.893548607826233,-2.4130961894989014,-1.6130928993225098,-0.1662997156381607,1.0689191818237305,-0.04885444417595863,0.023157890886068344,-0.6813390254974365,0.7212457656860352,0.09074029326438904,-0.08571960031986237
2.0,-0.22295239567756653,-0.8009058237075806,1.8869670629501343,-2.41025710105896,-1.6139812469482422,-0.16985107958316803,1.0732290744781494,-0.04405330494046211,0.022072982043027878,-0.6846295595169067,0.7181256413459778,0.09033732861280441,-0.08612363785505295
3.0,-0.22693853080272675,-0.7975140810012817,1.8803852796554565,-2.4069156646728516,-1.6126115322113037,-0.1644621193408966,1.0771068334579468,-0.04905223101377487,0.02109449729323387,-0.6811990141868591,0.7213872671127319,0.09071876853704453,-0.08566484600305557
4.0,-0.23273243010044098,-0.7996922731399536,1.8837870359420776,-2.4062821865081787,-1.6118237972259521,-0.16018478572368622,1.0744153261184692,-0.054600901901721954,0.02176545187830925,-0.6774635314941406,0.7247504591941833,0.09176895022392273,-0.08578141033649445
5.0,-0.24092377722263336,-0.8013756275177002,1.8863022327423096,-2.4056878089904785,-1.6103167533874512,-0.1534946709871292,1.0721920728683472,-0.06273311376571655,0.02231762930750847,-0.6719438433647156,0.7297706007957458,0.09283921122550964,-0.08548267185688019
6.0,-0.24654173851013184,-0.8054230809211731,1.8938326835632324,-2.4092249870300293,-1.6093920469284058,-0.14999274909496307,1.067252516746521,-0.06745847314596176,0.02355940267443657,-0.6685744524002075,0.7328752279281616,0.09316220879554749,-0.08498837053775787
7.0,-0.2453029900789261,-0.7975029945373535,1.8785593509674072,-2.401031970977783,-1.6088999509811401,-0.14759914577007294,1.0765526294708252,-0.06836564093828201,0.021212857216596603,-0.6681021451950073,0.733241081237793,0.09349073469638824,-0.08518531173467636
8.0,-0.2454906851053238,-0.7915344834327698,1.867018222808838,-2.394958972930908,-1.6086443662643433,-0.1463235318660736,1.083488941192627,-0.07026815414428711,0.01946885511279106,-0.6675377488136292,0.733715832233429,0.09372175484895706,-0.08526844531297684
9.0,-0.25330716371536255,-0.7995973825454712,1.8815680742263794,-2.3997304439544678,-1.60769784450531,-0.1417197734117508,1.0737887620925903,-0.0762239396572113,0.021895956248044968,-0.662869930267334,0.7378023266792297,0.09482896327972412,-0.08519797027111053
10.0,-0.2601102292537689,-0.800944983959198,1.8835333585739136,-2.399257183074951,-1.6064603328704834,-0.13642315566539764,1.0719037055969238,-0.08297265321016312,0.022361140698194504,-0.6583046913146973,0.7418010234832764,0.09568526595830917,-0.08491503447294235
11.0,-0.25561419129371643,-0.7942066192626953,1.871202826499939,-2.3946783542633057,-1.606575608253479,-0.1374232918024063,1.0799458026885986,-0.08017785847187042,0.02034332975745201,-0.6603813171386719,0.7400373816490173,0.09508631378412247,-0.08485141396522522
12.0,-0.26249465346336365,-0.7919414639472961,1.8657373189926147,-2.3887057304382324,-1.605578064918518,-0.13214507699012756,1.0822253227233887,-0.08821473270654678,0.019756894558668137,-0.6557306051254272,0.7439385056495667,0.09657514840364456,-0.08512435108423233
13.0,-0.26858848333358765,-0.7951663732528687,1.8714853525161743,-2.3907244205474854,-1.604220986366272,-0.126789391040802,1.0781593322753906,-0.0936252772808075,0.020766954869031906,-0.6513851284980774,0.7477185130119324,0.0971892923116684,-0.08466778695583344
14.0,-0.2551615834236145,-0.7874252796173096,1.8575505018234253,-2.3855836391448975,-1.6071094274520874,-0.13819457590579987,1.0878338813781738,-0.08182225376367569,0.018366914242506027,-0.6607773303985596,0.7394886016845703,0.09587081521749496,-0.08566631376743317
15.0,-0.2613780200481415,-0.7867665886878967,1.8554402589797974,-2.382190704345703,-1.6060222387313843,-0.1330641359090805,1.0882751941680908,-0.0886693000793457,0.01824546977877617,-0.656456470489502,0.7431741952896118,0.0970195010304451,-0.08569873124361038
16.0,-0.26821181178092957,-0.7891789078712463,1.8593891859054565,-2.3824679851531982,-1.6048403978347778,-0.12800318002700806,1.0850918292999268,-0.09521383047103882,0.019023340195417404,-0.6519293189048767,0.7470544576644897,0.09794168174266815,-0.08547042310237885
17.0,-0.2755752205848694,-0.791420578956604,1.862953543663025,-2.382535457611084,-1.6033718585968018,-0.12192689627408981,1.0820565223693848,-0.10231408476829529,0.019769947975873947,-0.6467856168746948,0.7514210343360901,0.09891997277736664,-0.08514534682035446
18.0,-0.27582892775535583,-0.7847416400909424,1.8492474555969238,-2.372640371322632,-1.604062557220459,-0.12307608872652054,1.089722752571106,-0.10487651824951172,0.017853613942861557,-0.6470485925674438,0.7509408593177795,0.09997590631246567,-0.08614429086446762
19.0,-0.269473671913147,-0.7825778126716614,1.8455822467803955,-2.371860980987549,-1.605462670326233,-0.1285649985074997,1.0926350355148315,-0.09879932552576065,0.017152976244688034,-0.6515721082687378,0.7470664978027344,0.09925474971532822,-0.08656742423772812
20.0,-0.27049487829208374,-0.7776749134063721,1.8350841999053955,-2.363039493560791,-1.6063942909240723,-0.13031615316867828,1.0981968641281128,-0.10163453966379166,0.01577959582209587,-0.6517677903175354,0.7466039657592773,0.1004539355635643,-0.08769392967224121
21.0,-0.2648514211177826,-0.7737959623336792,1.8275059461593628,-2.358037233352661,-1.6080788373947144,-0.1357148140668869,1.1029713153839111,-0.09684859216213226,0.014582467265427113,-0.655905544757843,0.7428365349769592,0.1005195677280426,-0.08875618875026703
22.0,-0.276607483625412,-0.7678323984146118,1.8061729669570923,-2.305577039718628,-1.5761512517929077,-0.017093319445848465,1.1089632511138916,-0.10673435777425766,0.012343895621597767,-0.6029772162437439,0.7832948565483093,0.11982826888561249,-0.09224332123994827
23.0,-0.2738105058670044,-0.7615166306495667,1.7904350757598877,-2.2811553478240967,-1.5731465816497803,-0.00712635088711977,1.1158647537231445,-0.1050063967704773,0.010360580869019032,-0.5992884039878845,0.7846629619598389,0.12605200707912445,-0.0962725505232811
24.0,-0.2595050036907196,-0.7658488154411316,1.8100570440292358,-2.3399465084075928,-1.6068686246871948,-0.1271035522222519,1.112342119216919,-0.0931117907166481,0.012144294567406178,-0.6543148159980774,0.743480920791626,0.10376965999603271,-0.09132450073957443
25.0,-0.25233176350593567,-0.7699187994003296,1.8207764625549316,-2.355769634246826,-1.6107871532440186,-0.14576536417007446,1.1081104278564453,-0.08449844270944595,0.013299238868057728,-0.6643847227096558,0.7352806329727173,0.09942281991243362,-0.08983643352985382
26.0,-0.25944647192955017,-0.7763618230819702,1.833765983581543,-2.365400791168213,-1.6083143949508667,-0.13853545486927032,1.100385308265686,-0.09010221064090729,0.01525357086211443,-0.659100353717804,0.7403243780136108,0.09882287681102753,-0.08798059821128845
27.0,-0.25192251801490784,-0.7757210731506348,1.8333607912063599,-2.3673458099365234,-1.6095870733261108,-0.14413763582706451,1.101529598236084,-0.08215116709470749,0.01497702021151781,-0.6640612483024597,0.7360121607780457,0.09768108278512955,-0.08813200145959854
28.0,-0.25517183542251587,-0.7811469435691833,1.8445268869400024,-2.3758742809295654,-1.6079041957855225,-0.13950727880001068,1.0951228141784668,-0.08386168628931046,0.016573529690504074,-0.6611859202384949,0.738859236240387,0.0969327762722969,-0.08674262464046478
29.0,-0.248337984085083,-0.7827547788619995,1.848832607269287,-2.38165545463562,-1.6085915565490723,-0.1438257247209549,1.093598484992981,-0.07595983147621155,0.01696215197443962,-0.6654348373413086,0.7352924942970276,0.09536061435937881,-0.08630072325468063
30.0,-0.23911774158477783,-0.7793884873390198,1.8429033756256104,-2.3799495697021484,-1.6107635498046875,-0.15249016880989075,1.0979058742523193,-0.06710885465145111,0.01591808721423149,-0.672101616859436,0.7292497158050537,0.09438173472881317,-0.08698544651269913
31.0,-0.24230130016803741,-0.7744962573051453,1.8319287300109863,-2.368990182876587,-1.6113258600234985,-0.15160846710205078,1.1033939123153687,-0.07210365682840347,0.014518928714096546,-0.6704661250114441,0.730322539806366,0.09634112566709518,-0.08844511955976486
32.0,-0.24592973291873932,-0.7684684991836548,1.818890929222107,-2.3575034141540527,-1.6114662885665894,-0.14946269989013672,1.1101154088974,-0.07788373529911041,0.012808692641556263,-0.6681978702545166,0.7320017218589783,0.09821784496307373,-0.08965681493282318
33.0,-0.23711614310741425,-0.7684356570243835,1.8201894760131836,-2.3623547554016113,-1.6124738454818726,-0.15524183213710785,1.1105749607086182,-0.06821214407682419,0.012713772244751453,-0.6736916899681091,0.7272480726242065,0.0963500365614891,-0.08925457298755646
34.0,-0.22981296479701996,-0.7677339911460876,1.8198086023330688,-2.365161895751953,-1.6134827136993408,-0.16051258146762848,1.1116808652877808,-0.060408491641283035,0.01245389599353075,-0.6783813834190369,0.7230812311172485,0.0949539840221405,-0.08908407390117645
35.0,-0.2339281588792801,-0.763006865978241,1.8092113733291626,-2.3548803329467773,-1.6138038635253906,-0.15889979898929596,1.1169506311416626,-0.06635085493326187,0.01114473957568407,-0.6761606931686401,0.7247630953788757,0.0967981293797493,-0.09030687063932419
36.0,-0.24049243330955505,-0.7629629969596863,1.80805504322052,-2.350909471511841,-1.6132484674453735,-0.15513861179351807,1.11668860912323,-0.07364167273044586,0.011195403523743153,-0.672282338142395,0.7281145453453064,0.09825902432203293,-0.09072447568178177
37.0,-0.24661090970039368,-0.7610769271850586,1.8031060695648193,-2.344208002090454,-1.6129639148712158,-0.15196020901203156,1.1185134649276733,-0.0810055211186409,0.01072926539927721,-0.6687439680099487,0.7310419678688049,0.09997522085905075,-0.09145551919937134
38.0,-0.23852312564849854,-0.7558503150939941,1.7924221754074097,-2.3354620933532715,-1.6154849529266357,-0.15887892246246338,1.1247761249542236,-0.07372897863388062,0.009121102280914783,-0.6741923093795776,0.7256819009780884,0.10058652609586716,-0.09344957768917084
39.0,-0.22969266772270203,-0.7574702501296997,1.7978581190109253,-2.3461415767669678,-1.6150802373886108,-0.16167443990707397,1.123405933380127,-0.0632675364613533,0.009495985694229603,-0.6786407828330994,0.7221594452857971,0.09758473932743073,-0.09170409291982651
40.0,-0.22403043508529663,-0.7589691877365112,1.8024548292160034,-2.354417324066162,-1.6146291494369507,-0.16334055364131927,1.1219546794891357,-0.056426044553518295,0.009881746955215931,-0.681455135345459,0.7199772596359253,0.09539251774549484,-0.09028857201337814
41.0,-0.2200087010860443,-0.7528185844421387,1.7896779775619507,-2.344134569168091,-1.6164524555206299,-0.16757965087890625,1.129049301147461,-0.05373922735452652,0.008062821812927723,-0.6843607425689697,0.7168589234352112,0.09640324860811234,-0.09203289449214935
42.0,-0.21441954374313354,-0.751763641834259,1.788610577583313,-2.346869945526123,-1.6165187358856201,-0.16963568329811096,1.1304552555084229,-0.04768305644392967,0.007716936059296131,-0.6872001886367798,0.714385449886322,0.09509079158306122,-0.09147220104932785
43.0,-0.21691785752773285,-0.7594491839408875,1.8046860694885254,-2.359880208969116,-1.6150398254394531,-0.1672949492931366,1.121646523475647,-0.048359427601099014,0.00996903795748949,-0.6855798959732056,0.7163747549057007,0.0936071053147316,-0.08958320319652557
44.0,-0.21832852065563202,-0.7657961845397949,1.8175005912780762,-2.3685219287872314,-1.6149613857269287,-0.16847020387649536,1.1143044233322144,-0.04831567034125328,0.011823725886642933,-0.6855706572532654,0.7165760397911072,0.0928482860326767,-0.0888308435678482
45.0,-0.20844686031341553,-0.7682057023048401,1.8240152597427368,-2.3779819011688232,-1.6158086061477661,-0.17541801929473877,1.1117372512817383,-0.036803293973207474,0.012467083521187305,-0.6917983889579773,0.7110204696655273,0.09027621150016785,-0.08783562481403351
46.0,-0.2109980583190918,-0.7625880241394043,1.8120877742767334,-2.3683156967163086,-1.615509033203125,-0.17190216481685638,1.118215560913086,-0.04100068658590317,0.010860485024750233,-0.689508855342865,0.7129543423652649,0.09169954806566238,-0.08868401497602463
47.0,-0.20984676480293274,-0.7557569146156311,1.7972896099090576,-2.354548931121826,-1.6168919801712036,-0.17302952706813812,1.1260230541229248,-0.041584163904190063,0.008840960450470448,-0.6901644468307495,0.7117855548858643,0.0937008410692215,-0.09085459262132645
48.0,-0.20464573800563812,-0.7590532898902893,1.8058021068572998,-2.3666458129882812,-1.6160792112350464,-0.17481590807437897,1.122394323348999,-0.034804340451955795,0.0097834886983037,-0.6928643584251404,0.7097797989845276,0.09094301611185074,-0.08877567201852798
49.0,-0.20378993451595306,-0.7647450566291809,1.8176449537277222,-2.375833034515381,-1.6161549091339111,-0.17729273438453674,1.115858554840088,-0.03249896317720413,0.011456114239990711,-0.6941561102867126,0.7087793946266174,0.08974414318799973,-0.0878925696015358
50.0,-0.19610150158405304,-0.7658559083938599,1.8211020231246948,-2.3820230960845947,-1.616883635520935,-0.18296881020069122,1.1146560907363892,-0.023751430213451385,0.011756670661270618,-0.6990373730659485,0.7042861580848694,0.08787058293819427,-0.08721571415662766
51.0,-0.18782180547714233,-0.7648856043815613,1.8193844556808472,-2.3815271854400635,-1.6182116270065308,-0.18831244111061096,1.1158596277236938,-0.014928684569895267,0.011460942216217518,0.7038733959197998,-0.6994531154632568,-0.08726702630519867,0.08781851828098297
52.0,-0.18345551192760468,-0.7700946927070618,1.8292943239212036,-2.3856823444366455,-1.6194854974746704,-0.19280625879764557,1.1097813844680786,-0.009118190966546535,0.012953472323715687,0.7069898247718811,-0.6962343454360962,-0.08713995665311813,0.08848609775304794
53.0,-0.19142001867294312,-0.7702301144599915,1.830457329750061,-2.3897175788879395,-1.617591381072998,-0.1878354400396347,1.1095596551895142,-0.01763724535703659,0.01301111001521349,0.7025099396705627,-0.7010432481765747,-0.08656427264213562,0.08674538135528564
54.0,-0.19604220986366272,-0.7739741802215576,1.8376142978668213,-2.3931591510772705,-1.6170231103897095,-0.18563058972358704,1.1051490306854248,-0.021818948909640312,0.014111203141510487,-0.7000941634178162,0.7034673690795898,0.08681584149599075,-0.08639954775571823
55.0,-0.2022680938243866,-0.7712739706039429,1.8313277959823608,-2.3863306045532227,-1.6162354946136475,-0.18007712066173553,1.1082451343536377,-0.029242243617773056,0.0133312763646245,-0.6958000659942627,0.7074520587921143,0.08840011060237885,-0.08694412559270859
56.0,-0.2012140303850174,-0.7771726250648499,1.8431062698364258,-2.3937227725982666,-1.6165997982025146,-0.1826385259628296,1.1013916730880737,-0.026727285236120224,0.01506314892321825,-0.6971428990364075,0.7062522768974304,0.08774086833000183,-0.08660916984081268
57.0,-0.20796175301074982,-0.7806478142738342,1.8492777347564697,-2.395287036895752,-1.6155444383621216,-0.1776796579360962,1.0972669124603271,-0.033165235072374344,0.01610703393816948,-0.6929205656051636,0.7103156447410583,0.0885787233710289,-0.08640949428081512
58.0,-0.21307456493377686,-0.7858059406280518,1.8592052459716797,-2.4003121852874756,-1.6144691705703735,-0.17368429899215698,1.0911157131195068,-0.03731422498822212,0.0176151804625988,-0.6896483302116394,0.7135308980941772,0.0888204500079155,-0.08584754168987274
59.0,-0.22377358376979828,-0.7857894897460938,1.8580328226089478,-2.3962562084198,-1.612476110458374,-0.16391754150390625,1.0909181833267212,-0.048730749636888504,0.017655204981565475,-0.6821374297142029,0.7204992175102234,0.09061045944690704,-0.08578604459762573
60.0,-0.22043417394161224,-0.7809901237487793,1.8485749959945679,-2.390695095062256,-1.6134045124053955,-0.1668751835823059,1.0966334342956543,-0.04647965729236603,0.01625455543398857,-0.6844059228897095,0.7182547450065613,0.09070846438407898,-0.08643369376659393
61.0,-0.21299777925014496,-0.7780148983001709,1.8430063724517822,-2.388024091720581,-1.615260124206543,-0.17393943667411804,1.1002559661865234,-0.03933138772845268,0.01534698624163866,-0.68966144323349,0.7131757736206055,0.09020869433879852,-0.08723440021276474
62.0,-0.21831932663917542,-0.7752171158790588,1.8367067575454712,-2.3818349838256836,-1.6144922971725464,-0.16912052035331726,1.1033878326416016,-0.04580934718251228,0.014549237675964832,-0.6859139800071716,0.7165611982345581,0.0915522649884224,-0.08763661235570908
63.0,-0.22455644607543945,-0.7726203799247742,1.8306500911712646,-2.3753468990325928,-1.6136376857757568,-0.16384540498256683,1.10621976852417,-0.053272247314453125,0.013825130648911,-0.6816386580467224,0.7203801870346069,0.09308072924613953,-0.08807491511106491
64.0,-0.23266661167144775,-0.7741532325744629,1.8323627710342407,-2.372328996658325,-1.6129037141799927,-0.1590278297662735,1.104177713394165,-0.06175284832715988,0.014333170838654041,-0.6768253445625305,0.7246366143226624,0.0947490856051445,-0.0884975790977478
65.0,-0.22691994905471802,-0.7795423865318298,1.844717264175415,-2.3853609561920166,-1.612667202949524,-0.1620807945728302,1.0981491804122925,-0.053899407386779785,0.015871446579694748,-0.6802140474319458,0.7219868302345276,0.09219270199537277,-0.0868586078286171
66.0,-0.23350559175014496,-0.7837010025978088,1.8527286052703857,-2.38975191116333,-1.610701322555542,-0.15494047105312347,1.0930876731872559,-0.05970491096377373,0.017111238092184067,-0.6751853227615356,0.726764440536499,0.09249205142259598,-0.0859278067946434
67.0,-0.24159502983093262,-0.7847653031349182,1.8539565801620483,-2.388047218322754,-1.6091983318328857,-0.14805835485458374,1.0915488004684448,-0.06805530935525894,0.017477821558713913,-0.6696010231971741,0.7317737936973572,0.09373147785663605,-0.08576790243387222
68.0,-0.22980450093746185,-0.7875400185585022,1.8608285188674927,-2.3959553241729736,-1.611520767211914,-0.15933680534362793,1.0886977910995483,-0.05471176281571388,0.018194090574979782,-0.6782218813896179,0.7240856289863586,0.09149311482906342,-0.08569791913032532
69.0,-0.2351117879152298,-0.7944597601890564,1.8740702867507935,-2.4027225971221924,-1.6103770732879639,-0.15522229671478271,1.0804448127746582,-0.05840395763516426,0.02024747058749199,-0.6747744679450989,0.7273521423339844,0.09167728573083878,-0.08505026251077652
70.0,-0.22661039233207703,-0.7917196154594421,1.8695474863052368,-2.4024651050567627,-1.6121138334274292,-0.16294033825397491,1.0838803052902222,-0.05017809569835663,0.019392501562833786,-0.6807700395584106,0.7218490839004517,0.09053290635347366,-0.08538082987070084
71.0,-0.21572136878967285,-0.7913395762443542,1.869929552078247,-2.4059536457061768,-1.6142215728759766,-0.1730460226535797,1.0845469236373901,-0.03874603658914566,0.019232522696256638,-0.688481867313385,0.7146981358528137,0.08878929913043976,-0.08553235977888107
72.0,-0.21866458654403687,-0.7964766025543213,1.8792431354522705,-2.4088432788848877,-1.614152431488037,-0.1718493551015854,1.0784903764724731,-0.04060753062367439,0.020752858370542526,-0.6869543194770813,0.7160590291023254,0.0894145593047142,-0.08578026294708252
73.0,-0.21029457449913025,-0.7960610389709473,1.8791879415512085,-2.411022901535034,-1.6158592700958252,-0.1798318773508072,1.0790984630584717,-0.031913574784994125,0.020604070276021957,-0.6929101347923279,0.7104259729385376,0.08817338198423386,-0.08599943667650223
74.0,-0.20233626663684845,-0.7943294048309326,1.8766732215881348,-2.4123036861419678,-1.6172981262207031,-0.18705597519874573,1.0811935663223267,-0.0239359512925148,0.02007943019270897,-0.6984041333198547,0.7051781415939331,0.0868903174996376,-0.08605562895536423
75.0,-0.20362912118434906,-0.789128839969635,1.8667292594909668,-2.407582998275757,-1.6165187358856201,-0.18401148915290833,1.0872982740402222,-0.026478242129087448,0.01855623349547386,-0.6968467831611633,0.706731379032135,0.08702212572097778,-0.0858049988746643
76.0,-0.19689227640628815,-0.7901002168655396,1.869293212890625,-2.4110848903656006,-1.6178944110870361,-0.1909501552581787,1.086177945137024,-0.019114824011921883,0.018832232803106308,-0.7017750144004822,0.7019773125648499,0.08586055040359497,-0.08583580702543259
77.0,-0.1951526254415512,-0.7850770950317383,1.8594385385513306,-2.405601978302002,-1.6179090738296509,-0.19048143923282623,1.092140555381775,-0.018399875611066818,0.017369728535413742,0.702199399471283,-0.7014975547790527,-0.08603028208017349,0.08611635863780975
78.0,-0.19581101834774017,-0.7947389483451843,1.8777164220809937,-2.4135375022888184,-1.6188896894454956,-0.1937873661518097,1.0807451009750366,-0.01701514981687069,0.020192336291074753,0.7031376957893372,-0.7004832625389099,-0.08620959520339966,0.08653628081083298
79.0,-0.18786932528018951,-0.7930052876472473,1.8744232654571533,-2.411832094192505,-1.6207523345947266,-0.20096628367900848,1.0828015804290771,-0.009095720015466213,0.01967446133494377,0.7084707617759705,-0.6950445771217346,-0.08571956306695938,0.08737540245056152
80.0,-0.18090562522411346,-0.7934262156486511,1.8749713897705078,-2.411102533340454,-1.6226965188980103,-0.20781157910823822,1.082295298576355,-0.0017604348249733448,0.019799213856458664,0.7132872343063354,-0.6899920701980591,-0.08552812784910202,0.08841568231582642
81.0,-0.19143365323543549,-0.7983601093292236,1.884088158607483,-2.414612293243408,-1.6206575632095337,-0.19931094348430634,1.0765212774276733,-0.011730676516890526,0.02125312015414238,0.7065991759300232,-0.696817934513092,-0.08646132051944733,0.08767499029636383
82.0,-0.19204577803611755,-0.804329514503479,1.895522952079773,-2.420414686203003,-1.6212111711502075,-0.20174749195575714,1.0694692134857178,-0.01110677421092987,0.023029666393995285,0.7072646617889404,-0.696161687374115,-0.0863022729754448,0.0876786932349205
83.0,-0.1835540235042572,-0.8025829195976257,1.8920588493347168,-2.418107032775879,-1.6233799457550049,-0.20965294539928436,1.071515679359436,-0.0027342760004103184,0.022510122507810593,0.7129995822906494,-0.6901965141296387,-0.08592027425765991,0.0887589380145073
84.0,-0.18690171837806702,-0.8081376552581787,1.9029701948165894,-2.4246907234191895,-1.6228708028793335,-0.2087518870830536,1.064943552017212,-0.005001565907150507,0.0241704098880291,0.711556613445282,-0.6917992830276489,-0.08566160500049591,0.08810804784297943
85.0,-0.17819459736347198,-0.8058323264122009,1.8983995914459229,-2.421738624572754,-1.6250554323196411,-0.2166111022233963,1.067620038986206,0.003447608556598425,0.023490365594625473,0.7173093557357788,-0.6857317686080933,-0.08530424535274506,0.08923245221376419
86.0,-0.17616626620292664,-0.7987257242202759,1.8842750787734985,-2.4127304553985596,-1.6247621774673462,-0.21370236575603485,1.0760480165481567,0.0041570658795535564,0.021365460008382797,0.7169297337532043,-0.6859602928161621,-0.08598706871271133,0.0898691862821579
87.0,-0.171049103140831,-0.8026694655418396,1.8918821811676025,-2.4168002605438232,-1.6266751289367676,-0.22140105068683624,1.07130765914917,0.010176943615078926,0.02255476638674736,0.7213857173919678,-0.6812710762023926,-0.0854051411151886,0.09043397009372711
88.0,-0.16956953704357147,-0.8080452680587769,1.9026238918304443,-2.423905372619629,-1.6275185346603394,-0.2262556552886963,1.0648791790008545,0.012728042900562286,0.02417541667819023,0.7236259579658508,-0.6790276765823364,-0.08460460603237152,0.09016139060258865
89.0,-0.16261887550354004,-0.8052276372909546,1.8969956636428833,-2.420283555984497,-1.6292074918746948,-0.23196633160114288,1.068101406097412,0.019318237900733948,0.02335534617304802,0.7279340028762817,-0.6743003129959106,-0.08441698551177979,0.09113149344921112
90.0,-0.1527131348848343,-0.8065078258514404,1.8992775678634644,-2.421111822128296,-1.6319396495819092,-0.24221943318843842,1.0663402080535889,0.0297052264213562,0.023787450045347214,0.7347689270973206,-0.666770875453949,-0.08374862372875214,0.09228939563035965
91.0,-0.1456364244222641,-0.8066718578338623,1.8994019031524658,-2.4207630157470703,-1.6338399648666382,-0.24911686778068542,1.065932035446167,0.036979928612709045,0.023879867047071457,0.7394542694091797,-0.6614997386932373,-0.08334242552518845,0.09316392242908478
92.0,-0.14839570224285126,-0.8011395931243896,1.8877443075180054,-2.410900115966797,-1.6323573589324951,-0.23980137705802917,1.0726749897003174,0.03327606990933418,0.02218441292643547,0.7352737188339233,-0.6658380031585693,-0.0849919244647026,0.09385515749454498
93.0,-0.1418885439634323,-0.7967817783355713,1.8791515827178955,-2.4058995246887207,-1.6334795951843262,-0.2432408183813095,1.0776368379592896,0.03933784365653992,0.02092764899134636,0.73858243227005,-0.6620697975158691,-0.08485090732574463,0.09465676546096802
94.0,-0.14951646327972412,-0.7947263121604919,1.8758299350738525,-2.4061224460601807,-1.6312124729156494,-0.2362070530653,1.0802866220474243,0.031111054122447968,0.02027447149157524,0.7336925268173218,-0.6676711440086365,-0.08489633351564407,0.09329114854335785
95.0,-0.1545478254556656,-0.8003458380699158,1.88630211353302,-2.4102389812469482,-1.6306473016738892,-0.2333781123161316,1.0737920999526978,0.026797499507665634,0.02191103622317314,0.7310197353363037,-0.6705419421195984,-0.08546007424592972,0.09316792339086533
96.0,-0.1650829166173935,-0.7976861596107483,1.8819772005081177,-2.410557746887207,-1.6275328397750854,-0.223462775349617,1.0771344900131226,0.01545034721493721,0.021083783358335495,0.7240958213806152,-0.6782553195953369,-0.08553528040647507,0.09131626039743423
97.0,-0.1614699810743332,-0.7920390963554382,1.87124764919281,-2.405540704727173,-1.62762451171875,-0.22387175261974335,1.0837379693984985,0.018241696059703827,0.019422855228185654,0.7254634499549866,-0.6767963171005249,-0.0853363499045372,0.09147273004055023
98.0,-0.16842761635780334,-0.7934932708740234,1.8746066093444824,-2.4091715812683105,-1.6260485649108887,-0.21942821145057678,1.0821086168289185,0.011241493746638298,0.019838105887174606,0.7216029763221741,-0.6810948848724365,-0.0851769670844078,0.09024286270141602
99.0,-0.1746569126844406,-0.7917953133583069,1.8715578317642212,-2.408353567123413,-1.6240947246551514,-0.2123808115720749,1.0841864347457886,0.004448238294571638,0.01932106539607048,0.7170210480690002,-0.6860008835792542,-0.08546371012926102,0.08932826668024063
100.0,-0.1677447408437729,-0.7881370782852173,1.8636189699172974,-2.40120530128479,-1.6252295970916748,-0.2142014056444168,1.0884889364242554,0.01102665439248085,0.018250655382871628,0.7199466228485107,-0.6826552748680115,-0.08610041439533234,0.09080380946397781
101.0,-0.16911928355693817,-0.7831183075904846,1.8537673950195312,-2.3956899642944336,-1.624348521232605,-0.2102479189634323,1.09446382522583,0.008650388568639755,0.016786586493253708,0.7180728316307068,-0.6845824122428894,-0.08651060611009598,0.0907427966594696
102.0,-0.17772090435028076,-0.7858168482780457,1.8596720695495605,-2.4011361598968506,-1.622401475906372,-0.20471154153347015,1.0913246870040894,0.00011076733790105209,0.017563145607709885,0.7132285237312317,-0.6898603439331055,-0.08627006411552429,0.08919236809015274
103.0,-0.18563076853752136,-0.7840468883514404,1.8568006753921509,-2.4017598628997803,-1.6202657222747803,-0.19788755476474762,1.0934197902679443,-0.008586185984313488,0.01705354079604149,0.7081144452095032,-0.6952953338623047,-0.08620303124189377,0.08779232949018478
104.0,-0.1764623522758484,-0.7801586985588074,1.8484485149383545,-2.394449234008789,-1.6222643852233887,-0.20323537290096283,1.0980108976364136,0.0003132834390271455,0.01591668650507927,0.7131100296974182,-0.689887285232544,-0.08664803951978683,0.089564748108387
105.0,-0.19175878167152405,-0.7792535424232483,1.8478691577911377,-2.398552179336548,-1.6182748079299927,-0.19086961448192596,1.0990281105041504,-0.016076941043138504,0.01566217467188835,0.7034927606582642,-0.7000839114189148,-0.0863359197974205,0.08675631880760193
106.0,-0.18442223966121674,-0.7772424817085266,1.8433048725128174,-2.39359188079834,-1.6199617385864258,-0.19549331068992615,1.1014257669448853,-0.008708763867616653,0.015054103918373585,0.7076409459114075,-0.6956550478935242,-0.08673752844333649,0.08823198080062866
107.0,-0.17873139679431915,-0.7726982235908508,1.8340662717819214,-2.387056350708008,-1.6210052967071533,-0.19801221787929535,1.1067299842834473,-0.0035565667785704136,0.013708573766052723,0.7104617357254028,-0.6925954222679138,-0.0870620608329773,0.08930794149637222
108.0,-0.17018084228038788,-0.7746967673301697,1.8369370698928833,-2.3849432468414307,-1.6233006715774536,-0.20428602397441864,1.1043767929077148,0.005950366612523794,0.01429989654570818,0.7155473232269287,-0.6870336532592773,-0.08754260838031769,0.09117583930492401
109.0,-0.16408218443393707,-0.7775045037269592,1.8418561220169067,-2.3857479095458984,-1.6250550746917725,-0.20979000627994537,1.1010371446609497,0.012954983860254288,0.015141231007874012,0.7195327281951904,-0.6827078461647034,-0.0875595286488533,0.09228244423866272
110.0,-0.1601843535900116,-0.7729543447494507,1.8324822187423706,-2.3787453174591064,-1.625597357749939,-0.2099657952785492,1.1063004732131958,0.016301997005939484,0.013803583569824696,0.720861554145813,-0.6810961961746216,-0.08812855184078217,0.09327388554811478
111.0,-0.16493073105812073,-0.7691189050674438,1.8253048658370972,-2.3758981227874756,-1.6239166259765625,-0.20411895215511322,1.1108622550964355,0.010564930737018585,0.012671333737671375,0.7172049283981323,-0.6850224733352661,-0.08834797888994217,0.09249857068061829
112.0,-0.16657638549804688,-0.762921929359436,1.8129873275756836,-2.368530035018921,-1.6230946779251099,-0.2000385969877243,1.1181392669677734,0.0076444405131042,0.010877636261284351,0.7151677012443542,-0.6870514750480652,-0.08897826820611954,0.09261953830718994
113.0,-0.15956752002239227,-0.7634949684143066,1.8132671117782593,-2.3656747341156006,-1.6246776580810547,-0.2038193941116333,1.1173900365829468,0.015341535210609436,0.011057463474571705,0.7188242077827454,-0.6829602122306824,-0.08942914009094238,0.09412530809640884
114.0,-0.1559716761112213,-0.7675783634185791,1.8211134672164917,-2.3694450855255127,-1.625846028327942,-0.20811566710472107,1.1125422716140747,0.019929654896259308,0.012245249934494495,0.7215536236763,-0.6800540685653687,-0.08912871778011322,0.0945676863193512
115.0,-0.15125659108161926,-0.7701873183250427,1.8260618448257446,-2.37166166305542,-1.6274726390838623,-0.21397075057029724,1.1093670129776,0.025389429181814194,0.01301963347941637,0.7251874208450317,-0.6761337518692017,-0.08877335488796234,0.095213882625103
116.0,-0.14485856890678406,-0.7706737518310547,1.8262847661972046,-2.3693275451660156,-1.629058837890625,-0.21797293424606323,1.1086385250091553,0.03231894597411156,0.013190400786697865,0.7286691665649414,-0.6721525192260742,-0.08905724436044693,0.09654545783996582
117.0,-0.14056479930877686,-0.7751950621604919,1.8350330591201782,-2.3741977214813232,-1.6305181980133057,-0.22381512820720673,1.1032304763793945,0.03759598731994629,0.014555287547409534,0.7321377396583557,-0.6684026122093201,-0.08845607936382294,0.09689075499773026
118.0,-0.15165641903877258,-0.7761787176132202,1.8380539417266846,-2.3794872760772705,-1.6279553174972534,-0.21730883419513702,1.1023740768432617,0.025940928608179092,0.014788729138672352,0.7262625694274902,-0.675138533115387,-0.08806706964969635,0.09473584592342377
119.0,-0.14733600616455078,-0.7799279689788818,1.8457043170928955,-2.3851613998413086,-1.6294580698013306,-0.2244172990322113,1.0978503227233887,0.031122565269470215,0.015928786247968674,0.730221688747406,-0.6709877252578735,-0.08704868704080582,0.09473323822021484
120.0,-0.15360021591186523,-0.7823681235313416,1.8510076999664307,-2.389794111251831,-1.6281018257141113,-0.2209709882736206,1.0951132774353027,0.02490684762597084,0.016609322279691696,0.7269749641418457,-0.6746944189071655,-0.08683593571186066,0.09356466680765152
121.0,-0.15600474178791046,-0.7882009744644165,1.863036870956421,-2.398554563522339,-1.6283445358276367,-0.22419704496860504,1.0882140398025513,0.023329753428697586,0.01830492541193962,0.7273508906364441,-0.6745175123214722,-0.08597566932439804,0.09270995110273361
122.0,-0.14953139424324036,-0.7893128991127014,1.8649353981018066,-2.398792266845703,-1.6302639245986938,-0.2308906763792038,1.0867271423339844,0.030272435396909714,0.01866055652499199,0.7318159937858582,-0.6695796847343445,-0.0856751874089241,0.09363855421543121
123.0,-0.14424173533916473,-0.7912394404411316,1.8684452772140503,-2.400078535079956,-1.6319764852523804,-0.23700319230556488,1.08428955078125,0.03608245402574539,0.019262399524450302,0.7356631755828857,-0.665285587310791,-0.08535756915807724,0.09438715875148773
124.0,-0.1371128112077713,-0.7871092557907104,1.8594533205032349,-2.392076015472412,-1.6330546140670776,-0.237990602850914,1.0889877080917358,0.0429561622440815,0.018085133284330368,0.7382769584655762,-0.6620672345161438,-0.08605541288852692,0.09596113860607147
125.0,-0.1406351923942566,-0.7815424799919128,1.8482081890106201,-2.3844356536865234,-1.6311525106430054,-0.2291843295097351,1.0957508087158203,0.03847894445061684,0.016432147473096848,0.7340516448020935,-0.6666080951690674,-0.08714215457439423,0.09595869481563568
126.0,-0.1334693282842636,-0.7805902361869812,1.845657229423523,-2.3808815479278564,-1.6327825784683228,-0.23332813382148743,1.0966341495513916,0.04591718688607216,0.016201790422201157,0.7377884984016418,-0.662248432636261,-0.08733804523944855,0.09730036556720734
127.0,-0.12728393077850342,-0.78351891040802,1.851213812828064,-2.383674383163452,-1.6348755359649658,-0.24105647206306458,1.0928966999053955,0.05281371250748634,0.01710609719157219,0.7424479722976685,-0.6569876074790955,-0.08675508946180344,0.09804011136293411
128.0,-0.11792679876089096,-0.7781506776809692,1.8392999172210693,-2.372573137283325,-1.6362378597259521,-0.24163250625133514,1.0988532304763794,0.06205648556351662,0.015622195787727833,0.7455728650093079,-0.652964174747467,-0.08779877424240112,0.10025110840797424
129.0,-0.12496069818735123,-0.7772660255432129,1.8380848169326782,-2.373225212097168,-1.6344857215881348,-0.23631297051906586,1.100216031074524,0.05447792634367943,0.01529210526496172,0.7415078282356262,-0.6577138304710388,-0.08797965198755264,0.099188432097435
130.0,-0.12957467138767242,-0.7740225195884705,1.8315643072128296,-2.368501901626587,-1.6329859495162964,-0.2296556681394577,1.1042157411575317,0.0491439513862133,0.014285248704254627,0.7376877665519714,-0.6618903279304504,-0.08889482915401459,0.09907475858926773
131.0,-0.10950406640768051,-0.7677839994430542,1.814542293548584,-2.337810754776001,-1.6663011312484741,-0.3204992711544037,1.1092890501022339,0.06544895470142365,0.012472999282181263,0.773347020149231,-0.6166908144950867,-0.09168791025876999,0.11497913300991058
132.0,-0.09276440739631653,-0.7546145915985107,1.7805689573287964,-2.2741355895996094,-1.7191736698150635,-0.41637030243873596,1.1201096773147583,0.07475333660840988,0.008348536677658558,0.8059934377670288,-0.5651273727416992,-0.10108950734138489,0.1441754400730133
133.0,-0.08403978496789932,-0.7561835646629333,1.7838108539581299,-2.2719197273254395,-1.7381954193115234,-0.4572645425796509,1.11659836769104,0.08185140043497086,0.00874136108905077,0.8198431134223938,-0.542975127696991,-0.1003606915473938,0.1515355110168457
134.0,-0.052991870790719986,-0.7509790658950806,1.7774643898010254,-2.24300479888916,-1.8296153545379639,-0.6053006052970886,1.1121468544006348,0.1027456596493721,0.005937901325523853,0.8633506298065186,-0.45602110028266907,-0.10089847445487976,0.1910235434770584
135.0,-0.09974638372659683,-0.7707590460777283,1.8191925287246704,-2.333733320236206,-1.684336543083191,-0.3683786690235138,1.1044775247573853,0.07390063256025314,0.013350349850952625,0.7909616231918335,-0.5924960970878601,-0.09156949818134308,0.12224210053682327
136.0,-0.09005363285541534,-0.7726455926895142,1.8234854936599731,-2.3339836597442627,-1.7082831859588623,-0.43381184339523315,1.1004539728164673,0.08121564984321594,0.01385034341365099,0.8129421472549438,-0.5604080557823181,-0.08986243605613708,0.13035672903060913
137.0,-0.07127602398395538,-0.7675760984420776,1.8115360736846924,-2.304039478302002,-1.7612801790237427,-0.5327439904212952,1.1014933586120605,0.09357975423336029,0.012018394656479359,0.8437826633453369,-0.5054479241371155,-0.09271710366010666,0.15477968752384186
138.0,-0.11194624751806259,-0.7861272692680359,1.8553860187530518,-2.3837153911590576,-1.6392967700958252,-0.25543755292892456,1.0890355110168457,0.069212906062603,0.018016468733549118,0.7522005438804626,-0.6455403566360474,-0.08608412742614746,0.10030748695135117
139.0,-0.1106407567858696,-0.7911033034324646,1.8653545379638672,-2.3903965950012207,-1.6404892206192017,-0.26140066981315613,1.0830457210540771,0.07110518217086792,0.019505511969327927,0.7546384334564209,-0.6428234577178955,-0.08528874069452286,0.10012414306402206
140.0,-0.09541167318820953,-0.7922901511192322,1.8668321371078491,-2.3843095302581787,-1.6772664785385132,-0.378632515668869,1.079314112663269,0.0821533277630806,0.019873660057783127,0.7960586547851562,-0.5887425541877747,-0.08340151607990265,0.11276999861001968
141.0,-0.07393576949834824,-0.7777625322341919,1.8352007865905762,-2.3380508422851562,-1.746525764465332,-0.5296609997749329,1.0911020040512085,0.09368223696947098,0.015231293626129627,0.8431193232536316,-0.510751485824585,-0.08713658899068832,0.14384008944034576
142.0,-0.06643646955490112,-0.7838637232780457,1.85045325756073,-2.3547677993774414,-1.7638976573944092,-0.5839617252349854,1.082265853881836,0.09976031631231308,0.017022203654050827,0.858724057674408,-0.4835626780986786,-0.08321178704500198,0.14776980876922607
143.0,-0.03918730095028877,-0.7773027420043945,1.8460602760314941,-2.343839406967163,-1.853153109550476,-0.7408049702644348,1.0796658992767334,0.11579949408769608,0.013909530825912952,0.8969482779502869,-0.3934984505176544,-0.0809924453496933,0.18461580574512482
144.0,-0.005254233255982399,-0.7616642713546753,1.8288031816482544,-2.3068690299987793,-1.9710094928741455,-0.8479053378105164,1.0806961059570312,0.13520611822605133,0.0068062664940953255,0.9149522185325623,-0.3136003315448761,-0.08235625922679901,0.24028046429157257
145.0,-0.010895052924752235,-0.7543705105781555,1.8053677082061768,-2.2671241760253906,-1.955201506614685,-0.791675329208374,1.091296672821045,0.13125459849834442,0.004712325520813465,0.9047562479972839,-0.34070324897766113,-0.09008031338453293,0.2392132431268692
146.0,-0.04437939450144768,-0.7616351246833801,1.8054230213165283,-2.2823028564453125,-1.8460197448730469,-0.6670985817909241,1.0984656810760498,0.1104426309466362,0.009010282345116138,0.8795412182807922,-0.4257570803165436,-0.0925685241818428,0.19123071432113647
147.0,-0.019156010821461678,-0.7412300705909729,1.7679688930511475,-2.2060606479644775,-1.936005711555481,-0.7132635116577148,1.1078778505325317,0.12469419091939926,0.0008300662157125771,0.8883892893791199,-0.377435564994812,-0.10219728201627731,0.24054694175720215
148.0,0.005716362502425909,-0.7365704774856567,1.7768152952194214,-2.211878776550293,-2.0214264392852783,-0.8014073967933655,1.0992907285690308,0.14008349180221558,-0.003063547657802701,0.9030759334564209,-0.31489306688308716,-0.09615855664014816,0.27577129006385803
149.0,0.018771998584270477,-0.7384737730026245,1.7930458784103394,-2.2338383197784424,-2.0633816719055176,-0.8531023859977722,1.0899008512496948,0.1485152691602707,-0.0036353350151330233,0.9100375771522522,-0.2811576724052429,-0.08991371840238571,0.29102835059165955
150.0,0.032811086624860764,-0.7398622632026672,1.8156055212020874,-2.2753798961639404,-2.114938259124756,-0.9261406064033508,1.0788445472717285,0.1565973311662674,-0.004569339565932751,0.917656421661377,-0.2378312647342682,-0.07986734807491302,0.30816298723220825
151.0,0.06083329766988754,-0.7286649942398071,1.8285889625549316,-2.2913496494293213,-2.2248001098632812,-0.9906826019287109,1.0678099393844604,0.17236585915088654,-0.011862206272780895,0.9144001007080078,-0.18023435771465302,-0.07009751349687576,0.35563236474990845
152.0,0.07100633531808853,-0.7076976895332336,1.789476990699768,-2.1997435092926025,-2.2768805027008057,-0.9273854494094849,1.0792876482009888,0.17790119349956512,-0.021889347583055496,0.8990945219993591,-0.18367871642112732,-0.0795341432094574,0.38931408524513245
153.0,0.09455490112304688,-0.6994196772575378,1.817486047744751,-2.2444088459014893,-2.3811635971069336,-0.989313542842865,1.063232183456421,0.1904381960630417,-0.028564829379320145,0.8909371495246887,-0.13178105652332306,-0.06358897686004639,0.4299083650112152
154.0,0.10081570595502853,-0.7037028074264526,1.8663448095321655,-2.382932424545288,-2.411046266555786,-1.1144822835922241,1.0466772317886353,0.19239558279514313,-0.026187915354967117,0.897461473941803,-0.08897023648023605,-0.04262024909257889,0.42991945147514343
155.0,0.11015985161066055,-0.6985251903533936,1.9108370542526245,-2.5266449451446533,-2.4570960998535156,-1.244415283203125,1.0298326015472412,0.19586212933063507,-0.026512164622545242,0.896673858165741,-0.04216389358043671,-0.02069900557398796,0.44019314646720886
156.0,0.10739937424659729,-0.6974329948425293,1.9615440368652344,-2.717010498046875,-2.4424855709075928,-1.4172669649124146,1.01242196559906,0.19253003597259521,-0.022122669965028763,0.9052722454071045,0.003995024133473635,0.0018747103167697787,0.4248092472553253
157.0,0.05765325203537941,-0.7412440776824951,1.8711713552474976,-2.4016947746276855,-2.210381269454956,-1.0940451622009277,1.0545103549957275,0.1699487715959549,-0.005931156687438488,0.9279165267944336,-0.14946575462818146,-0.054309722036123276,0.33716675639152527
158.0,0.07268218696117401,-0.7384665608406067,1.9430559873580933,-2.6177237033843994,-2.2734947204589844,-1.3295904397964478,1.0271245241165161,0.17633260786533356,-0.005119937472045422,0.9349535703659058,-0.05176861956715584,-0.0194037277251482,0.35043591260910034
159.0,0.05289175361394882,-0.7517033815383911,1.9135798215866089,-2.5185537338256836,-2.1908044815063477,-1.2126871347427368,1.0410839319229126,0.16661734879016876,-0.00023524761490989476,0.9408304691314697,-0.11172324419021606,-0.03772662952542305,0.31769901514053345
160.0,0.0026832616422325373,-0.7742465138435364,1.8761361837387085,-2.4014883041381836,-1.9952600002288818,-0.9769445061683655,1.0610313415527344,0.14030183851718903,0.01080234069377184,0.9348788857460022,-0.25490865111351013,-0.06498364359140396,0.23832789063453674
161.0,-0.01361070480197668,-0.7748700380325317,1.8584349155426025,-2.3629727363586426,-1.9391908645629883,-0.8763412237167358,1.0701847076416016,0.13088038563728333,0.011828583665192127,0.9215641021728516,-0.3122663199901581,-0.07402750849723816,0.21847084164619446
162.0,-0.04691527038812637,-0.7869958281517029,1.8660962581634521,-2.374850034713745,-1.8243656158447266,-0.7266761064529419,1.0717711448669434,0.112151600420475,0.01740933582186699,0.894163191318512,-0.40778815746307373,-0.07671502232551575,0.16821418702602386
163.0,-0.0774325281381607,-0.796798825263977,1.879715919494629,-2.3968708515167236,-1.7278496026992798,-0.5371162295341492,1.0699856281280518,0.09438005089759827,0.02118511125445366,0.8453129529953003,-0.5129254460334778,-0.07755962759256363,0.12782004475593567
164.0,-0.034188661724328995,-0.790873646736145,1.8875318765640259,-2.4164297580718994,-1.8655115365982056,-0.8475478291511536,1.0612366199493408,0.11997579783201218,0.018250297755002975,0.9186355471611023,-0.3457687199115753,-0.06734906136989594,0.17893242835998535
165.0,-0.014298141933977604,-0.7911238074302673,1.9249504804611206,-2.519775390625,-1.9352766275405884,-1.0877041816711426,1.0464789867401123,0.13104884326457977,0.018089111894369125,0.9532328844070435,-0.22481848299503326,-0.04636906087398529,0.19660533964633942
166.0,-0.054424405097961426,-0.8043491244316101,1.920716643333435,-2.4884891510009766,-1.7963056564331055,-0.8377634882926941,1.0517226457595825,0.10944900661706924,0.02364550158381462,0.9173780083656311,-0.3690142035484314,-0.055661797523498535,0.13837653398513794
167.0,-0.07630010694265366,-0.8048449158668518,1.9018099308013916,-2.4317164421081543,-1.7289994955062866,-0.5798752307891846,1.059727668762207,0.09619192034006119,0.02374507114291191,0.8570459485054016,-0.4955165684223175,-0.07067174464464188,0.12223391234874725
168.0,-0.10346005856990814,-0.8079426884651184,1.8999580144882202,-2.4169695377349854,-1.6474997997283936,-0.2963965833187103,1.0623406171798706,0.07988958805799484,0.024658631533384323,0.768527626991272,-0.6268219351768494,-0.081088125705719,0.0994197204709053
169.0,-0.1062895655632019,-0.802665114402771,1.8887158632278442,-2.40716814994812,-1.643393874168396,-0.2771267592906952,1.0689913034439087,0.0768328309059143,0.023026730865240097,0.7613140940666199,-0.6353114247322083,-0.08299675583839417,0.09945768117904663
170.0,-0.1120387464761734,-0.8008212447166443,1.885143518447876,-2.4046595096588135,-1.6416534185409546,-0.26998013257980347,1.0715364217758179,0.07071668654680252,0.022399958223104477,0.7571271657943726,-0.6402676105499268,-0.08373501896858215,0.09901805967092514
171.0,-0.11908915638923645,-0.7988947629928589,1.881452202796936,-2.402181625366211,-1.6395679712295532,-0.261668860912323,1.0742182731628418,0.0632190853357315,0.021740462630987167,0.7521032691001892,-0.646147608757019,-0.08454954624176025,0.09841402620077133
172.0,-0.1248655617237091,-0.7967902421951294,1.8780195713043213,-2.4021530151367188,-1.6378648281097412,-0.2568058967590332,1.07697331905365,0.05697496607899666,0.021062027662992477,0.7486534714698792,-0.6503081917762756,-0.0845351591706276,0.09731929749250412
173.0,-0.11896196752786636,-0.7917540073394775,1.867415428161621,-2.393730878829956,-1.6385122537612915,-0.2562515139579773,1.0826982259750366,0.062504842877388,0.019612949341535568,0.7503052949905396,-0.6481124758720398,-0.08521179854869843,0.09864776581525803
174.0,-0.12465444952249527,-0.789178192615509,1.8627485036849976,-2.391940116882324,-1.636645793914795,-0.2497890144586563,1.0860190391540527,0.0562564842402935,0.018792491406202316,0.7463088035583496,-0.6527851819992065,-0.0855746939778328,0.09783485531806946
175.0,-0.13120287656784058,-0.7904428243637085,1.8658303022384644,-2.395474433898926,-1.6351910829544067,-0.24617581069469452,1.0847893953323364,0.049577366560697556,0.019114326685667038,0.7430012822151184,-0.656744658946991,-0.08541971445083618,0.09663870185613632
176.0,-0.13212472200393677,-0.7966701984405518,1.8783267736434937,-2.4037864208221436,-1.6359915733337402,-0.25115376710891724,1.0774180889129639,0.049438636749982834,0.020965199917554855,0.7444283962249756,-0.6552996635437012,-0.08463916182518005,0.09615112841129303
177.0,-0.12923415005207062,-0.8012003898620605,1.8869456052780151,-2.408174991607666,-1.6373099088668823,-0.2563168406486511,1.07191801071167,0.05304373428225517,0.022342275828123093,0.747109591960907,-0.652237057685852,-0.08425722271203995,0.0965130403637886
178.0,-0.13730676472187042,-0.8056572079658508,1.8969019651412964,-2.417894124984741,-1.635884165763855,-0.25538912415504456,1.0668681859970093,0.04536261782050133,0.02363012358546257,0.7442740797996521,-0.6558969020843506,-0.08325200527906418,0.0944695770740509
179.0,-0.13079383969306946,-0.8065043091773987,1.898379921913147,-2.418513059616089,-1.6376900672912598,-0.2621361017227173,1.065589189529419,0.0521559976041317,0.023940127342939377,0.7486560344696045,-0.6508453488349915,-0.08276742696762085,0.09520591795444489
180.0,-0.12381929159164429,-0.8037436008453369,1.8920878171920776,-2.412152051925659,-1.6390758752822876,-0.2642649710178375,1.0686153173446655,0.058946575969457626,0.023163508623838425,0.7515491247177124,-0.6472022533416748,-0.08331921696662903,0.0967525765299797
181.0,-0.12055277079343796,-0.8081455230712891,1.9013192653656006,-2.4200048446655273,-1.6405690908432007,-0.2730741500854492,1.0631409883499146,0.06284452229738235,0.02453507110476494,0.7555898427963257,-0.642726480960846,-0.0819227397441864,0.09630845487117767
182.0,-0.11299356818199158,-0.8081986308097839,1.9009734392166138,-2.418842077255249,-1.6425153017044067,-0.2794274389743805,1.062687873840332,0.07057172805070877,0.024631377309560776,0.7600662112236023,-0.6373021602630615,-0.08164063096046448,0.09736714512109756
183.0,-0.12319593876600266,-0.8168461322784424,1.9338650703430176,-2.4899799823760986,-1.6358952522277832,-0.3137999475002289,1.0510437488555908,0.062277305871248245,0.027456235140562057,0.7690545320510864,-0.6306852698326111,-0.06587259471416473,0.08032470941543579
184.0,-0.11590897291898727,-0.8161353468894958,1.931254267692566,-2.4851174354553223,-1.6384023427963257,-0.32045674324035645,1.0516644716262817,0.0694175437092781,0.027297627180814743,0.7733960151672363,-0.6250545978546143,-0.0664190948009491,0.08218204230070114
185.0,-0.11056412011384964,-0.8202852010726929,1.9526867866516113,-2.538761854171753,-1.6374112367630005,-0.38150298595428467,1.0439279079437256,0.07600706815719604,0.028967659920454025,0.79465252161026,-0.600573718547821,-0.05338195338845253,0.07063262909650803
186.0,-0.09344197064638138,-0.8194006085395813,1.9596115350723267,-2.564906120300293,-1.6768426895141602,-0.623575747013092,1.040626049041748,0.08795468509197235,0.02901996299624443,0.8660475611686707,-0.49178868532180786,-0.04445735365152359,0.07829009741544724
187.0,-0.1037244126200676,-0.8251805305480957,1.9951480627059937,-2.6510934829711914,-1.6463223695755005,1.4672648906707764,1.0281648635864258,0.08335070312023163,0.031136732548475266,-0.0015957953874021769,0.9982830286026001,-0.03288079798221588,-0.04844941571354866
188.0,-0.11250490695238113,-0.827065110206604,2.0352413654327393,-2.756791830062866,-1.6246066093444824,1.45817232131958,1.0132641792297363,0.07944649457931519,0.031801771372556686,-0.0003578951582312584,0.9995766878128052,-0.025484703481197357,-0.014037585817277431
189.0,-0.11397238820791245,-0.8259801268577576,1.9920974969863892,-2.6383092403411865,-1.6309235095977783,1.4572455883026123,1.0297874212265015,0.07510180026292801,0.03125586733222008,-0.001270898967050016,0.9983338713645935,-0.024236682802438736,-0.05234963819384575
190.0,-0.12378046661615372,-0.8254707455635071,1.982476830482483,-2.6108994483947754,-1.6288328170776367,1.4477496147155762,1.0337852239608765,0.06491072475910187,0.030986156314611435,-0.0013288491172716022,0.9978724718093872,-0.02155604399740696,-0.06151508167386055
191.0,-0.13729827105998993,-0.8226059675216675,1.9620611667633057,-2.5566229820251465,-1.6272761821746826,-0.34957635402679443,1.0416146516799927,0.05019919201731682,0.02950630709528923,0.7767960429191589,-0.6244286894798279,-0.05119403079152107,0.06368592381477356
192.0,-0.1349729597568512,-0.8271715641021729,1.9979093074798584,-2.6485776901245117,-1.6220241785049438,1.4363105297088623,1.0284397602081299,0.05521068349480629,0.0313694141805172,-0.0009466865449212492,0.9985926747322083,-0.0191128458827734,-0.0494617223739624
193.0,-0.12952858209609985,-0.8278297781944275,2.016658067703247,-2.7002382278442383,-1.620711326599121,1.4413834810256958,1.0211679935455322,0.06191911920905113,0.03165731951594353,-0.000683039310388267,0.9992479681968689,-0.020903227850794792,-0.03265168145298958
194.0,-0.12203837186098099,-0.827595591545105,2.0219814777374268,-2.7168900966644287,-1.6228281259536743,1.4487725496292114,1.0188390016555786,0.06946268677711487,0.03171105310320854,-0.0006207708502188325,0.9993702173233032,-0.022874005138874054,-0.027121610939502716
195.0,-0.13773958384990692,-0.8281440734863281,2.0430448055267334,-2.771610736846924,-1.6121082305908203,1.4329650402069092,1.0112454891204834,0.056312207132577896,0.031883250921964645,-0.00019128526037093252,0.9997618794441223,-0.019491050392389297,-0.009811668656766415
196.0,-0.14533570408821106,-0.8282897472381592,2.0485668182373047,-2.785393714904785,-1.6075578927993774,1.425370454788208,1.0093122720718384,0.049679454416036606,0.03191192075610161,-9.727986616780981e-05,0.9998271465301514,-0.017774470150470734,-0.005472064018249512
197.0,-0.15197409689426422,-0.8287342190742493,2.0439202785491943,-2.770568609237671,-1.6056227684020996,1.4187614917755127,1.0113269090652466,0.043018635362386703,0.03190824016928673,-0.0001645366137381643,0.999818742275238,-0.016044292598962784,-0.010253289714455605
198.0,-0.15395183861255646,-0.8276141881942749,1.9962950944900513,-2.640843629837036,-1.6151387691497803,1.4175349473953247,1.0296000242233276,0.03671098127961159,0.03134576603770256,-0.0007481484208256006,0.9985390305519104,-0.014340993016958237,-0.052092306315898895
199.0,-0.1439192295074463,-0.8266826272010803,1.9882224798202515,-2.621654987335205,-1.6205089092254639,1.4276835918426514,1.0323560237884521,0.04574189707636833,0.03117985650897026,-0.0009721993701532483,0.9981611371040344,-0.01665199175477028,-0.05827600508928299
200.0,-0.14317819476127625,-0.8212441205978394,1.953847050666809,-2.5352730751037598,-1.626675009727478,-0.3178930878639221,1.044689416885376,0.04376399889588356,0.02888317033648491,0.7646072506904602,-0.638401448726654,-0.05667409300804138,0.06787801533937454
201.0,-0.15222735702991486,-0.8229233622550964,1.962138295173645,-2.554408311843872,-1.622259497642517,-0.3168666958808899,1.0419727563858032,0.03546803444623947,0.029460426419973373,0.7615888714790344,-0.6428744792938232,-0.052778210490942,0.06252434104681015
202.0,-0.13513652980327606,-0.8129571080207825,1.9160029888153076,-2.4456236362457275,-1.6353083848953247,-0.2707440257072449,1.0576329231262207,0.049009282141923904,0.0259367935359478,0.7505154609680176,-0.6501914262771606,-0.07741318643093109,0.08935799449682236
203.0,-0.14244870841503143,-0.8122759461402893,1.9129136800765991,-2.4375617504119873,-1.6339918375015259,-0.2591323256492615,1.0589174032211304,0.04134237766265869,0.025636237114667892,0.7441113591194153,-0.657050609588623,-0.07992977648973465,0.09052065759897232
204.0,-0.15019726753234863,-0.8129830360412598,1.915482521057129,-2.4427380561828613,-1.6315523386001587,-0.2531244158744812,1.0582340955734253,0.03366316482424736,0.025815557688474655,0.7396160364151001,-0.6624497175216675,-0.07930341362953186,0.0885411947965622
205.0,-0.16300298273563385,-0.8162960410118103,1.9289562702178955,-2.4731602668762207,-1.6254733800888062,-0.25064393877983093,1.0538341999053955,0.021838586777448654,0.0268809013068676,0.7349950075149536,-0.6693550944328308,-0.07297448813915253,0.0801306813955307
206.0,-0.16019798815250397,-0.8236072659492493,1.9652334451675415,-2.5610063076019287,-1.6189923286437988,-0.30583667755126953,1.0410258769989014,0.027865175157785416,0.029663782566785812,0.7554833889007568,-0.6503461599349976,-0.05176118388772011,0.0601290762424469
207.0,-0.1666519194841385,-0.8286092877388,2.006436824798584,-2.6654136180877686,-1.60800039768219,1.4046823978424072,1.0260335206985474,0.025412730872631073,0.03153155371546745,-0.0005049491883255541,0.9989620447158813,-0.011440896429121494,-0.04408964142203331
208.0,-0.17382991313934326,-0.8272740244865417,1.9871928691864014,-2.614605665206909,-1.6097016334533691,1.3981194496154785,1.0333243608474731,0.016528066247701645,0.031158026307821274,-0.0005531609640456736,0.9981269240379333,-0.009127498604357243,-0.06049027293920517
209.0,-0.18245048820972443,-0.8298752307891846,2.0345184803009033,-2.738416910171509,-1.594564437866211,1.3884466886520386,1.015466332435608,0.013307653367519379,0.031881581991910934,-0.00016956117178779095,0.9997581243515015,-0.008327314630150795,-0.020357118919491768
210.0,-0.18034863471984863,-0.8291398882865906,2.058584690093994,-2.806509256362915,-1.5891165733337402,1.3904178142547607,1.0060410499572754,0.018009275197982788,0.03196738287806511,1.3785670489596669e-05,0.9999532103538513,-0.009573550894856453,0.001439907355234027
211.0,-0.17350761592388153,-0.8295274972915649,2.0606133937835693,-2.8091204166412354,-1.5924326181411743,1.39724862575531,1.0045993328094482,0.024598758667707443,0.03195936605334282,1.9139859432470985e-05,0.9999350309371948,-0.011280194856226444,0.0016966565744951367
212.0,-0.17655222117900848,-0.8322810530662537,2.0698368549346924,-2.8153514862060547,-1.591506004333496,1.3942067623138428,0.9985519051551819,0.022776681929826736,0.03196172043681145,1.7577229300513864e-05,0.9999402761459351,-0.01080827135592699,0.0016261786222457886
213.0,-0.18434695899486542,-0.8327752351760864,2.070744037628174,-2.8147058486938477,-1.587935447692871,1.3864226341247559,0.9980513453483582,0.015673749148845673,0.03196990117430687,1.2098465049348306e-05,0.999958872795105,-0.008968668058514595,0.0013489145785570145
214.0,-0.1926126629114151,-0.8296692967414856,2.055020332336426,-2.7943308353424072,-1.5843923091888428,1.3781675100326538,1.0075310468673706,0.006150427740067244,0.03197764977812767,-1.424993752152659e-05,0.9999765753746033,-0.006498368456959724,-0.0021927973721176386
215.0,-0.19337671995162964,-0.8325619101524353,2.0690314769744873,-2.8118557929992676,-1.583662748336792,1.3774038553237915,0.9992220401763916,0.007123276125639677,0.03197773918509483,6.861286692583235e-06,0.9999766945838928,-0.006754251196980476,0.001015823450870812
216.0,-0.19111424684524536,-0.8348738551139832,2.078958511352539,-2.8223137855529785,-1.5847982168197632,1.3796652555465698,0.9929960370063782,0.010406499728560448,0.031974177807569504,1.7574599041836336e-05,0.9999685883522034,-0.00757930614054203,0.0023186879698187113
217.0,-0.18352195620536804,-0.8360929489135742,2.0845491886138916,-2.8285136222839355,-1.5884956121444702,1.3872485160827637,0.9893244504928589,0.01802656799554825,0.03196605667471886,2.8042244593962096e-05,0.999950110912323,-0.009545871987938881,0.0029374840669333935
218.0,-0.18513193726539612,-0.8388023972511292,2.095414876937866,-2.838515520095825,-1.5880067348480225,1.3856422901153564,0.9823890328407288,0.017814528197050095,0.031965162605047226,3.672943057608791e-05,0.9999475479125977,-0.009480140171945095,0.003874151734635234
219.0,-0.18543922901153564,-0.8416124582290649,2.106722116470337,-2.8486828804016113,-1.5882197618484497,1.3853368759155273,0.9750696420669556,0.01885329931974411,0.03196274861693382,4.551171150524169e-05,0.9999416470527649,-0.009739979170262814,0.00467239785939455
220.0,-0.1770317703485489,-0.8393446803092957,2.1002066135406494,-2.8465821743011475,-1.5915091037750244,1.3937370777130127,0.9794455766677856,0.025717470794916153,0.03195266053080559,6.354053766699508e-05,0.9999186396598816,-0.011508185416460037,0.005520885344594717
221.0,-0.17248685657978058,-0.8346758484840393,2.081238031387329,-2.8288145065307617,-1.5932897329330444,1.3982702493667603,0.991449773311615,0.027776408940553665,0.031952958554029465,4.478112168726511e-05,0.9999204277992249,-0.012062500230967999,0.003712129546329379
222.0,-0.16279560327529907,-0.8294414281845093,2.061375141143799,-2.8113512992858887,-1.5975130796432495,1.4079434871673584,1.0038390159606934,0.03463636711239815,0.0319446437060833,2.8981479772483e-05,0.9999015927314758,-0.013879881240427494,0.0020878154318779707
223.0,-0.16468484699726105,-0.8330312371253967,2.075681209564209,-2.8250045776367188,-1.5968060493469238,1.4060595035552979,0.9948288798332214,0.03435833007097244,0.03194345161318779,4.915907993563451e-05,0.9998987317085266,-0.013775779865682125,0.003568154526874423
224.0,-0.15689709782600403,-0.8351873159408569,2.085468292236328,-2.835679769515991,-1.6006041765213013,1.4138364791870117,0.9883310198783875,0.04249243065714836,0.03192741796374321,7.743627793388441e-05,0.9998623132705688,-0.015860766172409058,0.004881580825895071
225.0,-0.16799430549144745,-0.8377668261528015,2.095141887664795,-2.843743324279785,-1.5955199003219604,1.4027608633041382,0.9825482964515686,0.03336809575557709,0.03194142505526543,7.56622466724366e-05,0.999893307685852,-0.013488913886249065,0.005608618725091219
226.0,-0.15996088087558746,-0.8373783230781555,2.0955281257629395,-2.8467981815338135,-1.5990747213363647,1.4107848405838013,0.9822173714637756,0.040709760040044785,0.0319269560277462,0.00010088394628837705,0.9998602271080017,-0.015379427932202816,0.006558751221746206
227.0,-0.15534301102161407,-0.8390332460403442,2.103858709335327,-2.856576919555664,-1.601245403289795,1.415400743484497,0.9768045544624329,0.045722801238298416,0.03191358968615532,0.0001332134852418676,0.9998293519020081,-0.01666085608303547,0.007994232699275017
228.0,-0.15593227744102478,-0.8410537242889404,2.114800453186035,-2.8701603412628174,-1.6007956266403198,1.41482675075531,0.9701216816902161,0.04627222195267677,0.03190263733267784,0.00017349373956676573,0.9998055100440979,-0.016804983839392662,0.010321937501430511
229.0,-0.15056869387626648,-0.8367233276367188,2.094957113265991,-2.849092960357666,-1.603285551071167,1.4201644659042358,0.9823814034461975,0.04918666556477547,0.031908344477415085,0.000131392473122105,0.9998177886009216,-0.01756405457854271,0.007479396183043718
230.0,-0.14389559626579285,-0.8367305397987366,2.0970113277435303,-2.8537261486053467,-1.6062556505203247,1.4268313646316528,0.9809415936470032,0.055436138063669205,0.0318913571536541,0.00016608749865554273,0.9997787475585938,-0.019168347120285034,0.008662756532430649
231.0,-0.1352023482322693,-0.8359768390655518,2.095734119415283,-2.8548922538757324,-1.6102241277694702,1.4355121850967407,0.9814290404319763,0.06320706754922867,0.03187067434191704,0.00019902217900380492,0.9997316598892212,-0.021171601489186287,0.009397909045219421
232.0,-0.13844338059425354,-0.8345314264297485,2.0873451232910156,-2.8436121940612793,-1.6088933944702148,1.4322665929794312,0.9866908192634583,0.05952773615717888,0.03188645467162132,0.00014729317626915872,0.9997686147689819,-0.020244408398866653,0.007274061441421509
233.0,-0.15349437296390533,-0.8324534893035889,2.0752437114715576,-2.827169895172119,-1.6019374132156372,1.4172327518463135,0.9948339462280273,0.04461779072880745,0.0319245271384716,7.112914317985997e-05,0.9998557567596436,-0.01642489805817604,0.004329943563789129
234.0,-0.1434638351202011,-0.8300984501838684,2.0663363933563232,-2.819222927093506,-1.6066879034042358,1.4272428750991821,0.9999741911888123,0.05303947255015373,0.031909000128507614,6.455653056036681e-05,0.9998204112052917,-0.01863149181008339,0.0034642925020307302
235.0,-0.14234206080436707,-0.8326833844184875,2.0786056518554688,-2.833688735961914,-1.6070343255996704,1.4283698797225952,0.9923862814903259,0.05518605187535286,0.031899940222501755,0.00011153586092405021,0.999799907207489,-0.019137855619192123,0.005826856009662151
236.0,-0.13447189331054688,-0.8318710327148438,2.0763847827911377,-2.8329274654388428,-1.6107182502746582,1.436226487159729,0.9934187531471252,0.06221872195601463,0.03188329562544823,0.00012684664397966117,0.9997621178627014,-0.020959679037332535,0.006050496362149715
237.0,-0.13559991121292114,-0.8294434547424316,2.064882755279541,-2.819366693496704,-1.6103507280349731,1.435093641281128,1.000549077987671,0.06019191816449165,0.03189248964190483,7.845220534363762e-05,0.999782919883728,-0.020481526851654053,0.00382955651730299
238.0,-0.12798868119716644,-0.8290371298789978,2.064518690109253,-2.820686101913452,-1.6138980388641357,1.4426929950714111,1.0004115104675293,0.06720913201570511,0.03187442943453789,9.792353375814855e-05,0.9997418522834778,-0.022291898727416992,0.004391652066260576
239.0,-0.12068577110767365,-0.8272229433059692,2.057694435119629,-2.8144853115081787,-1.61739981174469,1.4499821662902832,1.0042122602462769,0.07344575971364975,0.031858962029218674,8.979879930848256e-05,0.9997068047523499,-0.02392531745135784,0.003752195741981268
240.0,-0.10920857638120651,-0.8271703124046326,2.065018892288208,-2.830080986022949,-1.639016032218933,1.461342692375183,0.9991621971130371,0.08207046985626221,0.03157491609454155,0.00024305145780090243,0.999360978603363,-0.03506644070148468,0.0069267405197024345
241.0,-0.12255574017763138,-0.8310655951499939,2.0750298500061035,-2.834062099456787,-1.616300344467163,1.4481242895126343,0.9936391115188599,0.07305756956338882,0.03185367211699486,0.00016144408436957747,0.9996946454048157,-0.023758184164762497,0.006793228443711996
242.0,-0.12173357605934143,-0.8332046866416931,2.0855441093444824,-2.8466265201568604,-1.6165577173233032,1.4489538669586182,0.9871020317077637,0.0746268555521965,0.03184288367629051,0.0002142796729458496,0.9996693134307861,-0.024134166538715363,0.008875750005245209
243.0,-0.10445477068424225,-0.8290658593177795,2.103128671646118,-2.901456356048584,-1.674431324005127,1.4658849239349365,0.9771772027015686,0.08360811322927475,0.030784469097852707,0.0012375846272334456,0.9982582330703735,-0.05444277822971344,0.022692248225212097
244.0,-0.08342189341783524,-0.6642348170280457,1.5758283138275146,0.5986472368240356,1.7228435277938843,1.1900341510772705,0.9866799712181091,0.09574709087610245,0.029781576246023178,0.9860010147094727,0.14535364508628845,0.011914749629795551,0.08082325011491776
245.0,-0.04410913214087486,-0.659887969493866,1.5753947496414185,0.5697359442710876,1.8461494445800781,1.2652385234832764,0.9851258397102356,0.11572147160768509,0.025408577173948288,0.9819526672363281,0.12318185716867447,0.017862774431705475,0.1423943042755127
246.0,-0.07286567240953445,-0.6550127863883972,1.5580147504806519,0.6150032877922058,1.7494053840637207,1.2817070484161377,0.9938132762908936,0.10150545835494995,0.029196899384260178,0.9901089668273926,0.10509383678436279,0.009810884483158588,0.09243019670248032
247.0,-0.0380944162607193,-0.6459020972251892,1.5490961074829102,0.6031756401062012,1.859843134880066,1.34820556640625,0.9953123331069946,0.11919832974672318,0.025051813572645187,0.9852832555770874,0.08649086207151413,0.01289243996143341,0.14686760306358337
248.0,-0.007074691355228424,-0.6243538856506348,1.5238372087478638,0.6251803040504456,1.9644733667373657,1.451020359992981,1.0010571479797363,0.13473382592201233,0.019934367388486862,0.9791267514228821,0.05071503669023514,0.010180976241827011,0.1965583711862564
249.0,-0.05430503189563751,-0.6286934614181519,1.5130183696746826,0.6766632795333862,1.8007210493087769,1.5277851819992065,1.0087478160858154,0.11124520748853683,0.02779759094119072,0.9933681488037109,-0.006172108929604292,-0.0007133451290428638,0.11480910331010818
250.0,-0.07788743823766708,-0.613152265548706,1.4835628271102905,0.7444263100624084,1.7259042263031006,1.8486770391464233,1.01950204372406,0.09813407063484192,0.029890697449445724,0.9813259243965149,-0.17469382286071777,-0.014110073447227478,0.07926198840141296
251.0,-0.05691275745630264,-0.5878447890281677,1.445252776145935,0.8048343062400818,1.7886254787445068,1.9720971584320068,1.0296541452407837,0.10926220566034317,0.027855481952428818,0.9682157039642334,-0.2206876426935196,-0.026158690452575684,0.11476518958806992
252.0,-0.0007052355213090777,-0.5859357714653015,1.4634214639663696,0.7395707368850708,1.9849157333374023,1.6853399276733398,1.0183526277542114,0.1381940245628357,0.018760409206151962,0.9770277738571167,-0.051600415259599686,-0.010905127041041851,0.20648306608200073
253.0,0.018074236810207367,-0.5375538468360901,1.3985456228256226,0.8559011220932007,2.0523319244384766,1.878421664237976,1.0352880954742432,0.14827263355255127,0.012857806868851185,0.9609431624412537,-0.12251454591751099,-0.03138362988829613,0.24615755677223206
254.0,0.037722956389188766,-0.549835205078125,1.4318794012069702,0.7789711952209473,2.12943696975708,1.7398444414138794,1.0224255323410034,0.15788784623146057,0.008191731758415699,0.9590116143226624,-0.05060237646102905,-0.014691119082272053,0.2784247100353241
255.0,0.06448104977607727,-0.5534898042678833,1.4623517990112305,0.6966168880462646,2.240135669708252,1.6266579627990723,1.0088921785354614,0.1706257313489914,-0.0007941901567392051,0.9443435072898865,0.00976549182087183,0.003400116693228483,0.32879841327667236
256.0,0.04048855975270271,-0.594700038433075,1.5068042278289795,0.622691810131073,2.1426355838775635,1.5043436288833618,0.9999272227287292,0.15810011327266693,0.007591736502945423,0.9581476449966431,0.04619790241122246,0.01360625121742487,0.2821945548057556
257.0,0.06291037052869797,-0.595510721206665,1.5308194160461426,0.5540865659713745,2.2359750270843506,1.4393783807754517,0.9886284470558167,0.1682528853416443,-0.0005769461276941001,0.9412515163421631,0.07839713990688324,0.027264833450317383,0.32734695076942444
258.0,0.05323288217186928,-0.6213550567626953,1.568603515625,0.4914672374725342,2.2001423835754395,1.3488101959228516,0.9776434302330017,0.16242478787899017,0.0019042908679693937,0.9426571130752563,0.10992370545864105,0.03650150075554848,0.3130207359790802
259.0,-0.0020369859412312508,-0.6463127136230469,1.5684607028961182,0.5451809167861938,1.9887218475341797,1.3203248977661133,0.9847546815872192,0.13636933267116547,0.018016379326581955,0.9707395434379578,0.11039619147777557,0.024096770212054253,0.21188855171203613
260.0,0.01825166866183281,-0.6505008339881897,1.591692566871643,0.4862930178642273,2.066488265991211,1.2762396335601807,0.9742661714553833,0.14541389048099518,0.012246471829712391,0.9578882455825806,0.13327109813690186,0.03504878655076027,0.25191372632980347
261.0,0.03405291959643364,-0.6606665253639221,1.6270462274551392,0.40195584297180176,2.1343038082122803,1.2039012908935547,0.9603148102760315,0.15136288106441498,0.005850565619766712,0.9421074986457825,0.16276724636554718,0.04990890994668007,0.2888760566711426
262.0,0.026446213945746422,-0.6802801489830017,1.6605137586593628,0.34509700536727905,2.1127588748931885,1.1186782121658325,0.9499309062957764,0.14657963812351227,0.0062918635085225105,0.9367822408676147,0.19480225443840027,0.059179067611694336,0.28458550572395325
263.0,0.017514819279313087,-0.7006344199180603,1.6968159675598145,0.2838212847709656,2.090470314025879,1.0284262895584106,0.9384629726409912,0.1408328264951706,0.006381792016327381,0.9292948246002197,0.22843274474143982,0.06927841901779175,0.2818338871002197
264.0,-0.010727929882705212,-0.694700300693512,1.6613303422927856,0.3901950716972351,1.980165719985962,1.0710818767547607,0.9520174860954285,0.1293783038854599,0.01626260206103325,0.9498282670974731,0.214597687125206,0.05014477297663689,0.2219451665878296
265.0,-0.009190872311592102,-0.679911732673645,1.6317304372787476,0.4425359070301056,1.977966070175171,1.1477526426315308,0.9623973369598389,0.13105572760105133,0.017307545989751816,0.9583881497383118,0.18299387395381927,0.04109269753098488,0.21521347761154175
266.0,-0.03178354352712631,-0.6702849864959717,1.6009467840194702,0.5180603265762329,1.8937602043151855,1.2019342184066772,0.9748010039329529,0.12111223489046097,0.022722017019987106,0.9728385210037231,0.15558336675167084,0.02706807292997837,0.1692524403333664
267.0,-0.06381592154502869,-0.6789752840995789,1.6086337566375732,0.535557746887207,1.7934380769729614,1.1233246326446533,0.9727933406829834,0.10510585457086563,0.02719966694712639,0.9753397107124329,0.18345527350902557,0.022682437673211098,0.12059114128351212
268.0,-0.05264057219028473,-0.6922638416290283,1.6383849382400513,0.47588297724723816,1.8384467363357544,1.0551444292068481,0.961365282535553,0.10976145416498184,0.0246342234313488,0.9642266631126404,0.21711015701293945,0.03340822458267212,0.14837214350700378
269.0,-0.0876535102725029,-0.6902287602424622,1.6294368505477905,0.5271967649459839,1.734033465385437,0.9981554746627808,0.9641091823577881,0.09187755733728409,0.02900071069598198,0.9672144055366516,0.23486976325511932,0.022796249017119408,0.09387696534395218
270.0,-0.09874388575553894,-0.6959956884384155,1.6412878036499023,0.5197363495826721,1.7109593152999878,0.9209776520729065,0.958973228931427,0.08532026410102844,0.029486965388059616,0.9595821499824524,0.2674550712108612,0.023513806983828545,0.0843634381890297
271.0,-0.11470270901918411,-0.6796479821205139,1.610348105430603,0.583126425743103,1.6559946537017822,-1.6857916116714478,0.9706270694732666,0.07728806883096695,0.031076978892087936,0.0010667768074199557,0.9986876845359802,-0.045549456030130386,0.023389454931020737
272.0,-0.12802475690841675,-0.6680698394775391,1.5886515378952026,0.6230795383453369,1.613467812538147,-1.6989086866378784,0.9796945452690125,0.06990709155797958,0.031848322600126266,0.00024565105559304357,0.9996803998947144,-0.022889869287610054,0.010728439316153526
273.0,-0.133579820394516,-0.6724920868873596,1.5991147756576538,0.6150320768356323,1.6108407974243164,-1.7044466733932495,0.9746100306510925,0.06560584157705307,0.031853776425123215,0.0002564546011853963,0.9996934533119202,-0.021780945360660553,0.01177065446972847
274.0,-0.14161263406276703,-0.6722109913825989,1.5992040634155273,0.6172149777412415,1.607259750366211,-1.712471842765808,0.9747189283370972,0.05838779732584953,0.03187663480639458,0.00021093706891406327,0.9997455477714539,-0.019922900944948196,0.01058497466146946
275.0,-0.13743534684181213,-0.6783190369606018,1.6125422716140747,0.6035149693489075,1.6089080572128296,-1.7082797288894653,0.9680039286613464,0.06309620290994644,0.03184814378619194,0.00029090873431414366,0.9996818900108337,-0.02113678678870201,0.013758768327534199
276.0,-0.12352385371923447,-0.6927195191383362,1.6382189989089966,0.5521397590637207,1.6520068645477295,-1.6944867372512817,0.958266019821167,0.07095568627119064,0.030955087393522263,0.0014013623585924506,0.998507559299469,-0.044762615114450455,0.03125981241464615
277.0,-0.08645337074995041,-0.7153239250183105,1.680312991142273,0.4408789873123169,1.7609401941299438,0.8487838506698608,0.9447376132011414,0.0906016007065773,0.027013402432203293,0.9448714256286621,0.3025621771812439,0.038180071860551834,0.11923255026340485
278.0,-0.06722192466259003,-0.7364161610603333,1.7277281284332275,0.3297951817512512,1.8355929851531982,0.798367977142334,0.9288193583488464,0.09845001995563507,0.0218476764857769,0.9287000298500061,0.32422855496406555,0.059322696179151535,0.16992023587226868
279.0,-0.10426019877195358,-0.7299098372459412,1.7092337608337402,0.4081927239894867,1.7307592630386353,0.7098745703697205,0.9332002997398376,0.07973634451627731,0.02736283466219902,0.9251256585121155,0.359849750995636,0.04387912154197693,0.11280737817287445
280.0,-0.11419970542192459,-0.7096222639083862,1.6698368787765503,0.4900279641151428,1.689866304397583,0.7755936980247498,0.9467421770095825,0.07527840882539749,0.02964591607451439,0.940405547618866,0.3293842375278473,0.027939151972532272,0.07976742833852768
281.0,-0.13069714605808258,-0.7069591879844666,1.667166829109192,0.5129751563072205,1.6535314321517944,-1.7014570236206055,0.9462630748748779,0.06548494845628738,0.03059328719973564,0.002035847632214427,0.9979546666145325,-0.047306232154369354,0.04294748604297638
282.0,-0.14236392080783844,-0.6876195669174194,1.6331151723861694,0.5826818346977234,1.6101675033569336,-1.7131752967834473,0.9582165479660034,0.05957416817545891,0.03176281973719597,0.00041189248440787196,0.9995792508125305,-0.022503508254885674,0.0182957760989666
283.0,-0.15197746455669403,-0.6806673407554626,1.6194486618041992,0.6019579768180847,1.6024835109710693,-1.7228031158447266,0.9645960927009583,0.050662245601415634,0.031883131712675095,0.0002234044368378818,0.9997615814208984,-0.01793357916176319,0.01245435606688261
284.0,-0.15855491161346436,-0.6852016448974609,1.6302073001861572,0.5934892296791077,1.5993484258651733,-1.7293564081192017,0.9592803716659546,0.04570617899298668,0.03188581392168999,0.00022794902906753123,0.9997677206993103,-0.01664440706372261,0.013692050240933895
285.0,-0.1515689641237259,-0.6902074217796326,1.6404911279678345,0.5807902812957764,1.6020333766937256,-1.722348690032959,0.9542524218559265,0.05270322039723396,0.03184760734438896,0.000318496284307912,0.9996808171272278,-0.018433906137943268,0.017272228375077248
286.0,-0.14385715126991272,-0.7088093757629395,1.67380952835083,0.5175424814224243,1.635402798652649,-1.7145137786865234,0.9420427680015564,0.05656985566020012,0.030955474823713303,0.0014944403665140271,0.9985052943229675,-0.03825090453028679,0.03901100903749466
287.0,-0.16153845191001892,-0.6941975951194763,1.650409460067749,0.5741121768951416,1.5974332094192505,-1.7322889566421509,0.9493213891983032,0.04478767141699791,0.031858932226896286,0.000292394106509164,0.9997066855430603,-0.01639574021100998,0.017828309908509254
288.0,-0.1495167762041092,-0.7229741215705872,1.7011568546295166,0.4732670187950134,1.6408121585845947,-1.7198091745376587,0.9316652417182922,0.05200442299246788,0.030375774949789047,0.002338752383366227,0.9976078867912292,-0.043413374572992325,0.05374283343553543
289.0,-0.16826097667217255,-0.6992177963256836,1.6621063947677612,0.5640249252319336,1.5940980911254883,-1.7389718294143677,0.9435627460479736,0.03995238617062569,0.031852271407842636,0.000298345519695431,0.9996914267539978,-0.015156416222453117,0.01967836171388626
290.0,-0.18027503788471222,-0.7038943767547607,1.673760175704956,0.5559626817703247,1.5885785818099976,-1.7509466409683228,0.9376248717308044,0.03063654527068138,0.03185943886637688,0.0002622549654915929,0.9997077584266663,-0.01277429424226284,0.02052389830350876
291.0,-0.18318043649196625,-0.7162197828292847,1.6961915493011475,0.5171242356300354,1.5943959951400757,-1.7535978555679321,0.9293597340583801,0.028546474874019623,0.03149567171931267,0.0006240471266210079,0.9992514252662659,-0.018298353999853134,0.03407847881317139
292.0,-0.18853110074996948,-0.6992922425270081,1.6654698848724365,0.5698608756065369,1.586008071899414,-1.75925612449646,0.9410004019737244,0.02269633486866951,0.031908851116895676,0.00016783834144007415,0.9998201727867126,-0.010726174339652061,0.0156447384506464
293.0,-0.18213893473148346,-0.6946446299552917,1.6544874906539917,0.57900470495224,1.5890507698059082,-1.752893090248108,0.9465660452842712,0.027178209275007248,0.03191355988383293,0.00016684437287040055,0.9998307824134827,-0.011867904104292393,0.014056073501706123
294.0,-0.1880302131175995,-0.6889604926109314,1.6428773403167725,0.5934480428695679,1.587213158607483,-1.7588143348693848,0.9519737362861633,0.020888250321149826,0.03194298967719078,0.00010227675375062972,0.9998977780342102,-0.010252846404910088,0.009974431246519089
295.0,-0.18073074519634247,-0.6858206987380981,1.6343363523483276,0.5974954962730408,1.5900434255599976,-1.7515208721160889,0.9567691087722778,0.026483934372663498,0.03193385526537895,0.00012232956942170858,0.9998769164085388,-0.011693289503455162,0.010460232384502888
296.0,-0.17018666863441467,-0.6905979514122009,1.64387845993042,0.5849030017852783,1.5942267179489136,-1.7409619092941284,0.9521887898445129,0.036645714193582535,0.03189932927489281,0.0002015374629991129,0.9997984766960144,-0.01430546399205923,0.014085306786000729
297.0,-0.16995124518871307,-0.6818638443946838,1.6241742372512817,0.6035035252571106,1.5947585105895996,-1.7407605648040771,0.9620724320411682,0.03508906066417694,0.0319221131503582,0.00014317002205643803,0.999850332736969,-0.013919850811362267,0.010283773764967918
298.0,-0.1637973040342331,-0.677657425403595,1.6134968996047974,0.6100956797599792,1.5972926616668701,-1.7346179485321045,0.9677584767341614,0.03963421657681465,0.03191540762782097,0.00015253644960466772,0.9998350143432617,-0.015096360817551613,0.01010251883417368
299.0,-0.1635705977678299,-0.6710357069969177,1.5986179113388062,0.6240070462226868,1.5976697206497192,-1.734408974647522,0.9751415848731995,0.03857465833425522,0.031928595155477524,0.000107995918369852,0.9998636245727539,-0.014820157550275326,0.00728610297665
300.0,-0.171296626329422,-0.670905351638794,1.5990734100341797,0.6257901787757874,1.5943471193313599,-1.7421272993087769,0.974863588809967,0.03165433183312416,0.031942468136548996,8.198598516173661e-05,0.9998953342437744,-0.013037499971687794,0.006287817377597094
301.0,-0.17452046275138855,-0.6765891313552856,1.6121249198913574,0.6144183278083801,1.5927051305770874,-1.745334506034851,0.9683700203895569,0.029930591583251953,0.03193772956728935,0.0001053192318067886,0.9998857378959656,-0.012596618384122849,0.008359957486391068
302.0,-0.1876719743013382,-0.6787538528442383,1.619174838066101,0.6139268279075623,1.5875120162963867,-1.7584786415100098,0.9641815423965454,0.018862571567296982,0.031957756727933884,6.354401557473466e-05,0.9999313354492188,-0.009745082817971706,0.006520175840705633
303.0,-0.20092138648033142,-0.6775109171867371,1.6177712678909302,0.6191352009773254,1.5820801258087158,-1.7717225551605225,0.9644914865493774,0.006912251468747854,0.03197384998202324,2.9728631488978863e-05,0.9999679327011108,-0.0066659110598266125,0.0044596572406589985
304.0,-0.1947692334651947,-0.6753125786781311,1.611417531967163,0.6212409734725952,1.584273099899292,-1.765572428703308,0.9682390689849854,0.011749640107154846,0.031968068331480026,4.18872878071852e-05,0.9999547004699707,-0.007912333123385906,0.005293683614581823
305.0,-0.1941240280866623,-0.6689801216125488,1.5964329242706299,0.6331638097763062,1.5844287872314453,-1.7649333477020264,0.9760262370109558,0.010817384347319603,0.031972404569387436,2.822018723236397e-05,0.9999638199806213,-0.007669919636100531,0.003679199842736125
306.0,-0.20235741138458252,-0.6708047986030579,1.6018747091293335,0.6318062543869019,1.5812228918075562,-1.7731616497039795,0.9728116393089294,0.003957049455493689,0.031978826969861984,1.6713534932932816e-05,0.9999785423278809,-0.005902753211557865,0.0028314206283539534
307.0,-0.20081156492233276,-0.6659911274909973,1.5896044969558716,0.6392397880554199,1.5812867879867554,-1.771615743637085,0.9795853495597839,0.004070486407727003,0.03197873756289482,1.687942312855739e-05,0.9999783635139465,-0.0059319729916751385,0.0028454374987632036
308.0,-0.19340278208255768,-0.6632876992225647,1.5826780796051025,0.6432299017906189,1.5844666957855225,-1.7642145156860352,0.9832854270935059,0.010092070326209068,0.031974148005247116,2.0217032215441577e-05,0.9999682903289795,-0.007493362762033939,0.0026979062240570784
309.0,-0.197645902633667,-0.6582303047180176,1.5705641508102417,0.6523021459579468,1.5821763277053833,-1.7684537172317505,0.9897038340568542,0.005001635756343603,0.0319787971675396,1.176747537101619e-05,0.9999790787696838,-0.006184003781527281,0.00190284987911582
310.0,-0.20401620864868164,-0.6609359383583069,1.577843427658081,0.6489755511283875,1.5797361135482788,-1.7748198509216309,0.9856168627738953,-7.065057434374467e-05,0.03198228403925896,7.312493380595697e-06,0.999987006187439,-0.004874902777373791,0.0015000089770182967
311.0,-0.21181030571460724,-0.6599782109260559,1.5760632753372192,0.6516548991203308,1.5762563943862915,-1.782609462738037,0.9863781332969666,-0.007373624015599489,0.031985845416784286,2.751314923443715e-06,0.9999951124191284,-0.002990257926285267,0.0009200883214361966
312.0,-0.2176988273859024,-0.6670724153518677,1.5941429138183594,0.6408213376998901,1.5745007991790771,-1.7884962558746338,0.976449728012085,-0.010721524246037006,0.03198687359690666,2.1602093056571903e-06,0.9999973177909851,-0.0021221719216555357,0.0010179211385548115
313.0,-0.21945156157016754,-0.673060953617096,1.609129786491394,0.630976140499115,1.5743741989135742,-1.7902483940124512,0.968296468257904,-0.010598957538604736,0.03198651596903801,3.1049469271238195e-06,0.9999967217445374,-0.002154358197003603,0.0014412354212254286
314.0,-0.2114040106534958,-0.6748160123825073,1.6124117374420166,0.6261072158813477,1.5776715278625488,-1.782202124595642,0.9669510126113892,-0.0030262959189713,0.03198264166712761,1.1274677490291651e-05,0.999987781047821,-0.004105226136744022,0.0027463871520012617
315.0,-0.22239139676094055,-0.6782853007316589,1.6227033138275146,0.6230915188789368,1.5739127397537231,-1.7931880950927734,0.9606664180755615,-0.011655122973024845,0.03198687359690666,2.3702357339061564e-06,0.9999974370002747,-0.0018822923302650452,0.0012592251878231764
316.0,-0.2309432476758957,-0.6796140074729919,1.62729012966156,0.6229720711708069,1.5708999633789062,-1.8017395734786987,0.9575910568237305,-0.01870107464492321,0.031988006085157394,4.059242719733902e-09,1.0,-6.737110379617661e-05,6.025198308634572e-05
317.0,-0.23314253985881805,-0.6754466891288757,1.6163841485977173,0.629204273223877,1.5690441131591797,-1.8039391040802002,0.9637510776519775,-0.02198582887649536,0.03198779746890068,-4.0458724015479675e-07,0.9999995827674866,0.000776775530539453,0.0005208546062931418
318.0,-0.24229635298252106,-0.6826935410499573,1.6342151165008545,0.6163879036903381,1.565349817276001,-1.8130942583084106,0.9540985226631165,-0.027893653139472008,0.031985919922590256,-4.72033525511506e-06,0.999995231628418,0.0022973886225372553,0.0020546428859233856
319.0,-0.23208938539028168,-0.6882442235946655,1.6491460800170898,0.6085278987884521,1.5714893341064453,-1.80288565158844,0.945504367351532,-0.017040587961673737,0.03198787197470665,2.8935392037965357e-07,0.9999997019767761,-0.0004943596431985497,0.0005853103939443827
320.0,-0.22268860042095184,-0.6858172416687012,1.641183614730835,0.6096192598342896,1.5743379592895508,-1.7934836149215698,0.9507095813751221,-0.009754042141139507,0.03198544308543205,5.785701432614587e-06,0.9999942183494568,-0.0023687209468334913,0.002442528260871768
321.0,-0.22471432387828827,-0.6912090182304382,1.6548179388046265,0.6004800200462341,1.5740400552749634,-1.7955080270767212,0.9431601166725159,-0.009912082925438881,0.03198493644595146,6.7708688220591284e-06,0.999993085861206,-0.002328369067981839,0.002907967660576105
322.0,-0.21789339184761047,-0.689879834651947,1.6500598192214966,0.6004178524017334,1.5761505365371704,-1.788684368133545,0.946379542350769,-0.004514908883720636,0.03198070451617241,1.6350726582459174e-05,0.9999834895133972,-0.003716090228408575,0.004399909172207117
323.0,-0.2119063138961792,-0.6864897012710571,1.6410373449325562,0.6053526401519775,1.5782804489135742,-1.7826998233795166,0.9515222907066345,-0.0002891854092013091,0.03197839483618736,2.1806716176797636e-05,0.9999781847000122,-0.004804106894880533,0.00453908322378993
324.0,-0.21545426547527313,-0.682135283946991,1.6308519840240479,0.6140244603157043,1.5766161680221558,-1.7862495183944702,0.9568359851837158,-0.004566696938127279,0.03198256716132164,1.2268024875083938e-05,0.9999876618385315,-0.003703654045239091,0.0033123702742159367
325.0,-0.20594504475593567,-0.6838006377220154,1.6333976984024048,0.6083698868751526,1.5802520513534546,-1.7767388820648193,0.956052839756012,0.004122649785131216,0.031974028795957565,3.155357626383193e-05,0.9999683499336243,-0.00593956746160984,0.00531226908788085
326.0,-0.19389954209327698,-0.6848117113113403,1.63392174243927,0.6030793786048889,1.5848582983016968,-1.7646915912628174,0.9564281105995178,0.014816895127296448,0.03195808455348015,6.757258233847097e-05,0.9999321103096008,-0.008691447786986828,0.007774078752845526
327.0,-0.19425715506076813,-0.6936115622520447,1.6543707847595215,0.5852466225624084,1.584566593170166,-1.7650259733200073,0.9458669424057007,0.01659952849149704,0.031943779438734055,9.910235530696809e-05,0.9998995661735535,-0.009147555567324162,0.010832666419446468
328.0,-0.20158651471138,-0.6931005120277405,1.6546272039413452,0.5888350009918213,1.581952452659607,-1.7723631858825684,0.9451970458030701,0.010234782472252846,0.0319582037627697,6.679735815851018e-05,0.9999323487281799,-0.007510417141020298,0.008893360383808613
329.0,-0.21284380555152893,-0.6950483918190002,1.6607028245925903,0.5875337719917297,1.5775642395019531,-1.7836182117462158,0.9414966702461243,0.0010983808897435665,0.03196842595934868,4.077285120729357e-05,0.9999555349349976,-0.005167112685739994,0.007890487089753151
330.0,-0.2203996628522873,-0.6958932876586914,1.6647385358810425,0.5892621874809265,1.575331211090088,-1.7911837100982666,0.9384778738021851,-0.004990145098417997,0.031978022307157516,2.050078910542652e-05,0.9999774098396301,-0.0035995454527437687,0.005695254076272249
331.0,-0.2252882570028305,-0.7075663805007935,1.688529133796692,0.5593931674957275,1.5704132318496704,-1.7959831953048706,0.9278855919837952,-0.006380006205290556,0.031937312334775925,4.77997527923435e-05,0.9998842477798462,-0.0032124181743711233,0.014877958223223686
332.0,-0.216401144862175,-0.7023620009422302,1.6776686906814575,0.57235187292099,1.5757025480270386,-1.7871490716934204,0.9327780604362488,-4.043847366119735e-05,0.031957220286130905,5.256577060208656e-05,0.9999300837516785,-0.004879418760538101,0.010772204026579857
333.0,-0.20785856246948242,-0.7072439789772034,1.6853482723236084,0.5558942556381226,1.577309012413025,-1.77853262424469,0.9304975867271423,0.008148321881890297,0.031911205500364304,0.00012100891035515815,0.9998254776000977,-0.006981304846704006,0.01733025349676609
334.0,-0.2007703185081482,-0.702739953994751,1.6750649213790894,0.5655822157859802,1.5809786319732666,-1.771484375,0.9355732202529907,0.013116396963596344,0.03192281350493431,0.0001248349726665765,0.9998518228530884,-0.008266817778348923,0.015098490752279758
335.0,-0.19586600363254547,-0.7334203124046326,1.7280193567276,0.4616123139858246,1.5923805236816406,-1.7655473947525024,0.9180999398231506,0.019363079220056534,0.03082479164004326,0.0011744822841137648,0.9983006119728088,-0.0216812901198864,0.05407825857400894
336.0,-0.2059290111064911,-0.7422482371330261,1.744685411453247,0.43289855122566223,1.5809962749481201,-1.7749584913253784,0.9124338030815125,0.013132251799106598,0.030436720699071884,0.0012265370460227132,0.9976935982704163,-0.018761655315756798,0.06522389501333237
337.0,-0.1955503672361374,-0.7762308716773987,1.805586576461792,0.29315507411956787,1.6013602018356323,0.11996237933635712,0.8956035375595093,0.02269574999809265,0.027095507830381393,0.8042029142379761,0.5811187028884888,0.07305629551410675,0.10110168159008026
338.0,-0.2215997725725174,-0.7462965250015259,1.753461480140686,0.4220135807991028,1.56631600856781,-0.031414102762937546,0.9089334011077881,0.0019643562845885754,0.030309509485960007,0.7690166234970093,0.6352975368499756,0.04508253559470177,0.05457162484526634
339.0,-0.2241002768278122,-0.787068784236908,1.8289990425109863,0.25537556409835815,1.560507893562317,-0.03665923327207565,0.8878740072250366,0.00541123328730464,0.026115264743566513,0.7625300288200378,0.6324077248573303,0.08708260208368301,0.10500045865774155
340.0,-0.2088177353143692,-0.8042504787445068,1.8632818460464478,0.16600501537322998,1.5850898027420044,0.03965656831860542,0.8797901272773743,0.0167754665017128,0.022725921124219894,0.7782495617866516,0.6038947701454163,0.10554222017526627,0.13601404428482056
341.0,-0.22251169383525848,-0.8313462734222412,1.926991581916809,0.019307376816868782,1.5577466487884521,-0.026609651744365692,0.8632460236549377,0.012828577309846878,0.01654253527522087,0.7519291639328003,0.6192814707756042,0.14370043575763702,0.17448051273822784
342.0,-0.2431277632713318,-0.8352275490760803,1.938320279121399,0.0016955987084656954,1.5180323123931885,-0.10447777062654495,0.8596794605255127,0.0022448687814176083,0.01575503870844841,0.7297497391700745,0.643061637878418,0.15354526042938232,0.1742440015077591
343.0,-0.2626524567604065,-0.8419380187988281,1.9595202207565308,-0.044857848435640335,1.478920578956604,-0.16713926196098328,0.8541461825370789,-0.006851535756140947,0.013078046031296253,0.7088576555252075,0.6594852805137634,0.17042356729507446,0.18318232893943787
344.0,-0.2672467529773712,-0.8131150007247925,1.8879826068878174,0.13266168534755707,1.4819447994232178,-0.2293216437101364,0.8715618848800659,-0.016036899760365486,0.021306823939085007,0.7022738456726074,0.6872686743736267,0.12986287474632263,0.1326981782913208
345.0,-0.3133767247200012,-0.8265856504440308,1.929328441619873,0.04270404577255249,1.3855881690979004,-0.3861064314842224,0.8604329824447632,-0.037667956203222275,0.016199152916669846,0.6484434604644775,0.7260711193084717,0.17063872516155243,0.15239493548870087
346.0,-0.30244696140289307,-0.8436825275421143,1.9744075536727905,-0.07156998664140701,1.394349455833435,-0.3029806613922119,0.8496555089950562,-0.026179416105151176,0.010579925961792469,0.6654830574989319,0.6973767876625061,0.19249656796455383,0.18369297683238983
347.0,-0.325911283493042,-0.8494822382926941,2.0033316612243652,-0.14379268884658813,1.33842134475708,-0.35148680210113525,0.8424208760261536,-0.03503013774752617,0.005460632033646107,0.643258810043335,0.7058811783790588,0.21919967234134674,0.19975332915782928
348.0,-0.3490535020828247,-0.8436326384544373,1.9951692819595337,-0.1213248074054718,1.292130708694458,-0.42972126603126526,0.843869149684906,-0.0480651780962944,0.00550429243594408,0.61981201171875,0.7266355156898499,0.22548145055770874,0.1923331767320633
349.0,-0.3783775866031647,-0.8423481583595276,2.013040542602539,-0.17101037502288818,1.2186239957809448,-0.49267807602882385,0.8391422629356384,-0.060011330991983414,0.0004258871194906533,0.5919069647789001,0.737887978553772,0.25296497344970703,0.20291931927204132
350.0,-0.3794156014919281,-0.8545723557472229,2.0731141567230225,-0.3381209373474121,1.201211929321289,-0.41227537393569946,0.8253360986709595,-0.05269629880785942,-0.009837630204856396,0.5985535383224487,0.707959771156311,0.2862672805786133,0.24202829599380493
351.0,-0.3551250696182251,-0.8598597049713135,2.0723533630371094,-0.33306676149368286,1.2598482370376587,-0.3540973365306854,0.8260537385940552,-0.041611816734075546,-0.007678019814193249,0.6205080151557922,0.6940349340438843,0.27216628193855286,0.2433326691389084
352.0,-0.31607550382614136,-0.8648207783699036,2.065477132797241,-0.3151988685131073,1.3498859405517578,-0.26186951994895935,0.8284228444099426,-0.023879021406173706,-0.004469442181289196,0.6541627049446106,0.6706461906433105,0.25034770369529724,0.24419450759887695
353.0,-0.2774493098258972,-0.8655359148979187,2.051067352294922,-0.28472021222114563,1.4372013807296753,-0.16657251119613647,0.8327087163925171,-0.006788930390030146,-0.0014104724396020174,0.6875748038291931,0.6447202563285828,0.22847995162010193,0.24366700649261475
354.0,-0.26588213443756104,-0.8719454407691956,2.1031503677368164,-0.44204190373420715,1.457168698310852,-0.11374712735414505,0.8217918872833252,0.0026538497768342495,-0.011880475096404552,0.6863623857498169,0.617656946182251,0.25682348012924194,0.2853913903236389
355.0,-0.30342593789100647,-0.8594738841056824,2.203127145767212,-0.7662999033927917,1.361222505569458,-0.1346971094608307,0.8009977340698242,-0.006528409663587809,-0.036572713404893875,0.6359898447990417,0.6020380854606628,0.33188357949256897,0.3506000339984894
356.0,-0.32074853777885437,-0.8660918474197388,2.1676058769226074,-0.6348815560340881,1.324089765548706,-0.18982906639575958,0.807277262210846,-0.01668505184352398,-0.027181614190340042,0.6357378959655762,0.6290053725242615,0.31468909978866577,0.3180573284626007
357.0,-0.3500201106071472,-0.8611675500869751,2.173213481903076,-0.6539746522903442,1.2524008750915527,-0.2374240756034851,0.8056155443191528,-0.02869645692408085,-0.02988492324948311,0.6144465208053589,0.6425588726997375,0.3308647871017456,0.3163892924785614
358.0,-0.3834257423877716,-0.8549321889877319,2.1682167053222656,-0.6425161957740784,1.1704214811325073,-0.29994818568229675,0.8058263659477234,-0.0434756837785244,-0.031083185225725174,0.5909290313720703,0.6610731482505798,0.3447209298610687,0.30814382433891296
359.0,-0.4087803065776825,-0.8445111513137817,2.1871984004974365,-0.7198711037635803,1.1042029857635498,-0.3124813437461853,0.8014209270477295,-0.05246896669268608,-0.03882767632603645,0.56992107629776,0.6600571274757385,0.3704265058040619,0.31984180212020874
360.0,-0.41303956508636475,-0.848744809627533,2.122332811355591,-0.5010775923728943,1.104048252105713,-0.4132770597934723,0.8143667578697205,-0.06163330748677254,-0.023819822818040848,0.5702285766601562,0.6974813938140869,0.33600375056266785,0.27470117807388306
361.0,-0.45665085315704346,-0.8250457644462585,2.055177927017212,-0.3206588923931122,1.0025508403778076,-0.6050071120262146,0.8275755643844604,-0.09011109918355942,-0.017786581069231033,0.5236985683441162,0.7472072839736938,0.33506840467453003,0.23484089970588684
362.0,-0.46735256910324097,-0.8268967866897583,2.1159510612487793,-0.519174337387085,0.9573421478271484,-0.5090402364730835,0.8144502639770508,-0.08636089414358139,-0.03157465532422066,0.5227482318878174,0.7150534987449646,0.3746962249279022,0.2739260792732239
363.0,-0.44212397933006287,-0.8338435888290405,2.1677043437957764,-0.6734007596969604,1.0191680192947388,-0.38663211464881897,0.8042566180229187,-0.0688665360212326,-0.04013346508145332,0.5455540418624878,0.6808913350105286,0.3813250660896301,0.30553099513053894
364.0,-0.4867854118347168,-0.813364565372467,2.129218578338623,-0.5849208831787109,0.9008303880691528,-0.508012056350708,0.8103197813034058,-0.09305194765329361,-0.041862133890390396,0.5075005888938904,0.7099831700325012,0.39719000458717346,0.2839140295982361
365.0,-0.5075958967208862,-0.8003907203674316,2.102956771850586,-0.5245592594146729,0.8419654369354248,-0.5807387232780457,0.8149963617324829,-0.10571738332509995,-0.04200344160199165,0.4859582781791687,0.7249982357025146,0.40542808175086975,0.2717539668083191
366.0,-0.5263282656669617,-0.7859174609184265,2.0719850063323975,-0.45290032029151917,0.7860225439071655,-0.660946249961853,0.8210453987121582,-0.11845563352108002,-0.04114975407719612,0.4632461369037628,0.7397424578666687,0.413629949092865,0.2590258717536926
367.0,-0.5409071445465088,-0.7702376246452332,2.0411720275878906,-0.38084226846694946,0.7405550479888916,-0.7390902042388916,0.8270744681358337,-0.12946653366088867,-0.040825534611940384,0.4424533545970917,0.7525947690010071,0.4204128384590149,0.247162327170372
368.0,-0.49217018485069275,-0.8053312301635742,2.0432915687561035,-0.31688162684440613,0.9020282626152039,-0.6844659447669983,0.829137921333313,-0.10794328153133392,-0.023621026426553726,0.4884764552116394,0.7574669122695923,0.36403632164001465,0.2347603291273117
369.0,-0.522967517375946,-0.7794858813285828,2.015270948410034,-0.2724985182285309,0.8059001564979553,-0.7834118604660034,0.8342212438583374,-0.12559440732002258,-0.02831180766224861,0.4508897364139557,0.769987940788269,0.38958093523979187,0.22813090682029724
370.0,-0.551449179649353,-0.7574988603591919,2.0133321285247803,-0.3141149878501892,0.7044046521186829,-0.8084145784378052,0.8330057859420776,-0.1383642852306366,-0.03879368677735329,0.42423492670059204,0.7627789974212646,0.4265212118625641,0.23721836507320404
371.0,-0.5662378668785095,-0.7294062376022339,1.9668924808502197,-0.20280899107456207,0.6572557687759399,-0.9269617795944214,0.8419980406761169,-0.15231691300868988,-0.04024941101670265,0.3961692452430725,0.77824467420578,0.4342007040977478,0.2210320085287094
372.0,-0.574526846408844,-0.7095235586166382,1.9341164827346802,-0.12176968157291412,0.6293514370918274,-1.012052297592163,0.8486117720603943,-0.1613319367170334,-0.04051132872700691,0.3766580820083618,0.7879061102867126,0.43952709436416626,0.21011567115783691
373.0,-0.5882479548454285,-0.6570500135421753,1.8518935441970825,0.08802216500043869,0.5817955136299133,-1.230135440826416,0.866416871547699,-0.18134604394435883,-0.04154806211590767,0.3293202519416809,0.8093205094337463,0.4504949748516083,0.18331070244312286
374.0,-0.5926726460456848,-0.6292775273323059,1.8102401494979858,0.19794315099716187,0.566857635974884,-1.3444411754608154,0.8761172890663147,-0.19074685871601105,-0.0421045757830143,0.3051570951938629,0.8188058733940125,0.4556330144405365,0.16980783641338348
375.0,-0.5968843698501587,-0.5626490116119385,1.7147938013076782,0.4554937779903412,0.5578953623771667,-1.6142157316207886,0.9004603028297424,-0.2106376737356186,-0.04541606083512306,0.24747256934642792,0.838617205619812,0.4654197692871094,0.13734348118305206
376.0,-0.5963934659957886,-0.5408608317375183,1.6838933229446411,0.5388925671577454,0.5629348754882812,-1.701987862586975,0.9091430902481079,-0.21651940047740936,-0.04709050431847572,0.2276379019021988,0.8446124792098999,0.4678773581981659,0.12610118091106415
377.0,-0.5950354933738708,-0.5171334743499756,1.6493653059005737,0.6327448487281799,0.5714724659919739,-1.800479769706726,0.9193949699401855,-0.2228800654411316,-0.048421863466501236,0.2043745368719101,0.8506374359130859,0.47100016474723816,0.11316270381212234
378.0,-0.5979869365692139,-0.5882427096366882,1.75832998752594,0.3339989185333252,0.5595611333847046,-1.4921269416809082,0.887519359588623,-0.20313866436481476,-0.04869355633854866,0.2749820947647095,0.8301817178726196,0.46035996079444885,0.15248557925224304
379.0,-0.5996974110603333,-0.5619617700576782,1.7223334312438965,0.4317624270915985,0.55841064453125,-1.595954418182373,0.89655601978302,-0.21095915138721466,-0.05090486630797386,0.2527503967285156,0.837243378162384,0.46422117948532104,0.14014095067977905
380.0,-0.5962912440299988,-0.6202453970909119,1.8085713386535645,0.19762976467609406,0.5678137540817261,-1.3525524139404297,0.8744022250175476,-0.19332003593444824,-0.04956892505288124,0.3051087558269501,0.8192821741104126,0.45495009422302246,0.16942790150642395
381.0,-0.5923066139221191,-0.6483075618743896,1.853915810585022,0.07782436162233353,0.5839072465896606,-1.2303532361984253,0.8633089065551758,-0.18348585069179535,-0.05056377127766609,0.33135053515434265,0.8090413212776184,0.4492303729057312,0.18398652970790863
382.0,-0.5896124243736267,-0.6646590232849121,1.8852412700653076,-0.005364344455301762,0.5993382930755615,-1.1481497287750244,0.8554165959358215,-0.17714841663837433,-0.05354652926325798,0.349750280380249,0.8012986779212952,0.4448525607585907,0.19416895508766174
383.0,-0.5777942538261414,-0.7019045948982239,1.9412609338760376,-0.14382757246494293,0.6348986029624939,-1.0020771026611328,0.844074010848999,-0.16209548711776733,-0.05043405666947365,0.38125404715538025,0.7863377332687378,0.43742305040359497,0.2120835781097412
384.0,-0.5815407633781433,-0.6911047697067261,1.9162044525146484,-0.07926775515079498,0.615896999835968,-1.0645736455917358,0.8503872752189636,-0.16775593161582947,-0.04674743488430977,0.3663347065448761,0.7930653095245361,0.4418107271194458,0.20408231019973755
385.0,-0.5695629119873047,-0.7212870121002197,1.9692097902297974,-0.21189340949058533,0.6588170528411865,-0.9278614521026611,0.8391515612602234,-0.15379521250724792,-0.04798077419400215,0.397781640291214,0.7778987884521484,0.4331181049346924,0.22147665917873383
386.0,-0.552239179611206,-0.752327024936676,2.021646022796631,-0.3368518650531769,0.7129669785499573,-0.7950579524040222,0.8289598822593689,-0.13760675489902496,-0.046467576175928116,0.429368257522583,0.76045161485672,0.42423948645591736,0.23953527212142944
387.0,-0.542999804019928,-0.7623475193977356,2.046844244003296,-0.39773645997047424,0.7458605170249939,-0.7332767248153687,0.8232962489128113,-0.12972846627235413,-0.04924123361706734,0.4458799362182617,0.751105785369873,0.4186494052410126,0.24852339923381805
388.0,-0.5158820748329163,-0.7876486778259277,2.0977776050567627,-0.5157436728477478,0.8267284631729126,-0.6036921143531799,0.8134117126464844,-0.11007842421531677,-0.04950219765305519,0.4808944761753082,0.7288236021995544,0.4068199694156647,0.26842913031578064
389.0,-0.48323091864585876,-0.8052302002906799,2.140658140182495,-0.6158650517463684,0.9209664463996887,-0.4875170886516571,0.8050228357315063,-0.08999284356832504,-0.051589760929346085,0.5156168937683105,0.7046311497688293,0.3934001624584198,0.287872314453125
390.0,-0.44460341334342957,-0.8193554878234863,2.1730058193206787,-0.6913778185844421,1.0226198434829712,-0.3859718441963196,0.799358069896698,-0.06911217421293259,-0.052020784467458725,0.5478593111038208,0.6798940300941467,0.3795475363731384,0.30583977699279785
391.0,-0.492892324924469,-0.8043081164360046,2.126425266265869,-0.5810762643814087,0.8898770809173584,-0.5225850343704224,0.80898118019104,-0.09609589725732803,-0.047500330954790115,0.5042771100997925,0.7127146124839783,0.3980323374271393,0.2816254198551178
392.0,-0.46871939301490784,-0.8172069787979126,2.1514906883239746,-0.6380870342254639,0.9543498158454895,-0.4501281678676605,0.804686963558197,-0.08216772973537445,-0.04647945240139961,0.5260305404663086,0.6963648796081543,0.38957226276397705,0.2942809462547302
393.0,-0.4161873757839203,-0.8333132266998291,2.1875085830688477,-0.7240135669708252,1.0912201404571533,-0.3246378004550934,0.7987293601036072,-0.055445801466703415,-0.04672404006123543,0.5671377182006836,0.6631454825401306,0.37121814489364624,0.3174745738506317
394.0,-0.3982890546321869,-0.8334872722625732,2.1965885162353516,-0.747992217540741,1.1367433071136475,-0.28883180022239685,0.7964382171630859,-0.046652715653181076,-0.04950146749615669,0.5797130465507507,0.6524579524993896,0.364872008562088,0.3241910934448242
395.0,-0.36459386348724365,-0.8366842269897461,2.2074103355407715,-0.7786895632743835,1.220031499862671,-0.22709859907627106,0.7946816086769104,-0.03140377998352051,-0.05094568058848381,0.6014218926429749,0.6327147483825684,0.3535701334476471,0.336083322763443
396.0,-0.37084487080574036,-0.8435319662094116,2.20304274559021,-0.7641844749450684,1.2014490365982056,-0.23980401456356049,0.7973687052726746,-0.03461878001689911,-0.04487268999218941,0.5961863398551941,0.6372148990631104,0.3566301167011261,0.33366766571998596
397.0,-0.3419340252876282,-0.8512287735939026,2.2081353664398193,-0.7792205810546875,1.269830346107483,-0.19088830053806305,0.7980251312255859,-0.022125374525785446,-0.041416484862565994,0.6127619743347168,0.620719850063324,0.3480778634548187,0.34361532330513
398.0,-0.31422775983810425,-0.8505741953849792,2.211141347885132,-0.7934491038322449,1.3356391191482544,-0.1473221778869629,0.7975345253944397,-0.010044241324067116,-0.04339717701077461,0.6283777952194214,0.6052690744400024,0.33900436758995056,0.35194727778434753
399.0,-0.32240474224090576,-0.8412898778915405,2.213615894317627,-0.8009240031242371,1.3173761367797852,-0.15982288122177124,0.7945985794067383,-0.012737991288304329,-0.05024736747145653,0.6244332790374756,0.6097971796989441,0.34101417660713196,0.3491990566253662
400.0,-0.2789463996887207,-0.8461897969245911,2.212099313735962,-0.8080059289932251,1.420122742652893,-0.09339743852615356,0.7968745231628418,0.004938184749335051,-0.047634292393922806,0.6477495431900024,0.5849153399467468,0.32715728878974915,0.3623019754886627
401.0,-0.24773003160953522,-0.8453543782234192,2.208543300628662,-0.8107841610908508,1.4930981397628784,-0.04781002551317215,0.7982023358345032,0.017797771841287613,-0.048127759248018265,0.663436770439148,0.5669463872909546,0.31721946597099304,0.3712080717086792
402.0,-0.20037248730659485,-0.8461763262748718,2.194697856903076,-0.7971497178077698,1.606045126914978,0.021669959649443626,0.8032399415969849,0.03641850873827934,-0.04552282765507698,0.6870704889297485,0.538237452507019,0.3009994626045227,0.3842315971851349
403.0,-0.23861366510391235,-0.851614236831665,2.204495429992676,-0.8021014928817749,1.5147018432617188,-0.034420374780893326,0.8009469509124756,0.020935561507940292,-0.043013621121644974,0.6678940057754517,0.5614107251167297,0.3143921494483948,0.3740231692790985
404.0,-0.2852778732776642,-0.8534113168716431,2.2101948261260986,-0.7985367178916931,1.4043197631835938,-0.1031196191906929,0.798937976360321,0.0018012295477092266,-0.041953761130571365,0.6439633965492249,0.5886421799659729,0.3297107219696045,0.36069726943969727
405.0,-0.26085609197616577,-0.8561739325523376,2.207585573196411,-0.7993333339691162,1.4620925188064575,-0.06672711670398712,0.8006268739700317,0.011646084487438202,-0.039910513907670975,0.6564435958862305,0.5742499828338623,0.3220980167388916,0.3682006001472473
406.0,-0.22162817418575287,-0.8564643859863281,2.1983513832092285,-0.7925041913986206,1.5556753873825073,-0.009257243946194649,0.804115355014801,0.027240093797445297,-0.03854246810078621,0.6764448285102844,0.5508840084075928,0.30867844820022583,0.37903428077697754
407.0,-0.19353780150413513,-0.8531187176704407,2.1900782585144043,-0.7866458296775818,1.6231449842453003,0.032092176377773285,0.8062366247177124,0.03858162835240364,-0.03955567255616188,0.6903109550476074,0.5334696769714355,0.2988643944263458,0.38673123717308044
408.0,-0.16331040859222412,-0.8513228893280029,2.1769230365753174,-0.7712711095809937,1.6967004537582397,0.07758261263370514,0.8102437853813171,0.05056319758296013,-0.03827055171132088,0.7050088047981262,0.5138733386993408,0.2878985106945038,0.3949825167655945
409.0,-0.10545232146978378,-0.841227650642395,2.1424903869628906,-0.7269066572189331,1.840393304824829,0.1706819087266922,0.819267988204956,0.07408111542463303,-0.038043517619371414,0.7330958247184753,0.4737143814563751,0.2648654580116272,0.4098920524120331
410.0,-0.13130562007427216,-0.8509765863418579,2.1387577056884766,-0.6752117872238159,1.7747771739959717,0.14140546321868896,0.8191027045249939,0.06304224580526352,-0.03246556594967842,0.7316568493843079,0.4961893558502197,0.262347012758255,0.3868442475795746
411.0,-0.15012334287166595,-0.8599262833595276,2.0778167247772217,-0.4513676166534424,1.7232557535171509,0.14521248638629913,0.8310734033584595,0.053877104073762894,-0.014807539992034435,0.7549541592597961,0.5223395824432373,0.2255932092666626,0.3260571360588074
412.0,-0.21173644065856934,-0.8697099685668945,2.113913059234619,-0.5079140067100525,1.5805765390396118,0.008863553404808044,0.8212826251983643,0.027506206184625626,-0.016841132193803787,0.7149003744125366,0.5698006749153137,0.25259748101234436,0.3169214129447937
413.0,-0.23675066232681274,-0.871548593044281,2.121265411376953,-0.5138705968856812,1.5225199460983276,-0.04366951435804367,0.8189041614532471,0.01684604212641716,-0.01697944477200508,0.6992462277412415,0.5884480476379395,0.2613759934902191,0.3105902075767517
414.0,-0.17827245593070984,-0.8652854561805725,2.0835421085357666,-0.43999403715133667,1.656290054321289,0.08398160338401794,0.8286915421485901,0.04153098538517952,-0.012733000330626965,0.7413721084594727,0.5478202104568481,0.23036552965641022,0.3117566704750061
415.0,-0.23527222871780396,-0.8593984246253967,2.0171287059783936,-0.20881032943725586,1.5292755365371704,-0.05784831568598747,0.8415206074714661,0.011558279395103455,0.0037027120124548674,0.7259612679481506,0.6156487464904785,0.19825442135334015,0.23377785086631775
416.0,-0.21073363721370697,-0.8565355539321899,2.007526159286499,-0.1976192742586136,1.5834417343139648,0.017807388678193092,0.8445726633071899,0.022889744490385056,0.004155722446739674,0.7472790479660034,0.5909547209739685,0.18849709630012512,0.23835992813110352
417.0,-0.1749146580696106,-0.8526728749275208,2.001214027404785,-0.20658057928085327,1.65901517868042,0.12054632604122162,0.847374439239502,0.04056080803275108,0.002725881291553378,0.7714719772338867,0.5546305179595947,0.1820039004087448,0.2531611919403076
418.0,-0.1550035923719406,-0.8472074270248413,1.987821102142334,-0.187774658203125,1.703613042831421,0.1841871291399002,0.8512616157531738,0.04974206164479256,0.003054064465686679,0.7875949144363403,0.5325757265090942,0.1736106276512146,0.25674253702163696
419.0,-0.14683888852596283,-0.8339099287986755,1.9436551332473755,-0.07868516445159912,1.7132794857025146,0.23274070024490356,0.8623870611190796,0.0534873865544796,0.009163645096123219,0.8064683675765991,0.5236261487007141,0.14955675601959229,0.23034143447875977
420.0,-0.11807486414909363,-0.8417313694953918,1.988979458808899,-0.22870470583438873,1.7879242897033691,0.2749157249927521,0.8525171875953674,0.06780477613210678,-0.0015693784225732088,0.8023636937141418,0.4942082464694977,0.17548848688602448,0.28491148352622986
421.0,-0.12759916484355927,-0.8533722758293152,2.0495550632476807,-0.39037349820137024,1.773397445678711,0.20661334693431854,0.8380481600761414,0.06382665783166885,-0.011699127964675426,0.773987352848053,0.5042437314987183,0.20906108617782593,0.3208976686000824
422.0,-0.09700285643339157,-0.8454946875572205,2.082134485244751,-0.5339474081993103,1.8560442924499512,0.23395027220249176,0.8322514891624451,0.07734004408121109,-0.024312827736139297,0.7656793594360352,0.473091185092926,0.2290690392255783,0.3707391321659088
423.0,-0.07129546999931335,-0.8342838883399963,2.021315336227417,-0.38430842757225037,1.9132815599441528,0.33459925651550293,0.8467431664466858,0.08909007906913757,-0.016021180897951126,0.7980818152427673,0.44922685623168945,0.1969774067401886,0.3499436378479004
424.0,-0.007380749098956585,-0.8033832907676697,1.9884506464004517,-0.4061121940612793,2.0911920070648193,0.45630666613578796,0.8568790555000305,0.11795727163553238,-0.025886017829179764,0.8105975389480591,0.3843172788619995,0.18929097056388855,0.3992503583431244
425.0,0.009867354296147823,-0.781065821647644,1.911498785018921,-0.21985258162021637,2.127971649169922,0.5978846549987793,0.8760546445846558,0.12805800139904022,-0.017138738185167313,0.8439764976501465,0.35057273507118225,0.15572749078273773,0.37490180134773254
426.0,0.04472942277789116,-0.7517133355140686,1.87093985080719,-0.1903507560491562,2.2382681369781494,0.6916179656982422,0.8870546817779541,0.14529748260974884,-0.023146767169237137,0.8486592769622803,0.3070913851261139,0.1465393602848053,0.40496736764907837
427.0,0.0272273700684309,-0.7833161354064941,1.988571286201477,-0.4954438805580139,2.2033841609954834,0.47001782059669495,0.8585370182991028,0.13319481909275055,-0.037924397736787796,0.7993063926696777,0.3519994914531708,0.1962912231683731,0.44573020935058594
428.0,0.05803900957107544,-0.7531822323799133,1.9271405935287476,-0.3929559290409088,2.2970194816589355,0.5821446180343628,0.8730798959732056,0.14943288266658783,-0.04054877534508705,0.815652072429657,0.31288135051727295,0.17428971827030182,0.4543567895889282
429.0,0.045166026800870895,-0.7641573548316956,1.9571831226348877,-0.4459266662597656,2.253675937652588,0.5289108753204346,0.8651204705238342,0.14283858239650726,-0.042786139994859695,0.8083663582801819,0.3318329453468323,0.18464915454387665,0.44981712102890015
430.0,0.008289734832942486,-0.7937453985214233,2.0229287147521973,-0.5534422993659973,2.1443138122558594,0.41027867794036865,0.8490258455276489,0.12432075291872025,-0.041061583906412125,0.7887282967567444,0.37497586011886597,0.2091589719057083,0.4399471580982208
431.0,-0.01037054043263197,-0.8026044368743896,2.0502798557281494,-0.5973341464996338,2.089763879776001,0.3607999384403229,0.8417614698410034,0.11574653536081314,-0.042670849710702896,0.7791266441345215,0.3947542905807495,0.2200876921415329,0.4343871474266052
432.0,-0.06382516771554947,-0.8315111398696899,2.0932254791259766,-0.6282528042793274,1.946398377418518,0.2631645202636719,0.8313702344894409,0.0915578156709671,-0.03425594046711922,0.7615110874176025,0.4420827031135559,0.23797152936458588,0.4099186956882477
433.0,-0.03616713732481003,-0.8209176659584045,2.0555059909820557,-0.556620180606842,2.0179648399353027,0.33509349822998047,0.8406549096107483,0.10394901037216187,-0.03214842453598976,0.7800717949867249,0.41744327545166016,0.21990719437599182,0.41093820333480835
434.0,-0.03237008675932884,-0.799589991569519,1.911643385887146,-0.1389579027891159,1.9947634935379028,0.543566882610321,0.8749544024467468,0.10926396399736404,-0.0048465607687830925,0.8506181240081787,0.39137136936187744,0.1467573046684265,0.31896671652793884
435.0,-0.05079295486211777,-0.8115397691726685,1.933962345123291,-0.16946206986904144,1.9491746425628662,0.4793837070465088,0.8686846494674683,0.10002432763576508,-0.00427697878330946,0.8402689099311829,0.415554940700531,0.1543695628643036,0.312141478061676
436.0,-0.0660693570971489,-0.8224183320999146,1.9592119455337524,-0.2143847793340683,1.9133186340332031,0.4172593057155609,0.8617551326751709,0.0924837738275528,-0.005217629484832287,0.8274211287498474,0.4367530643939972,0.1647910326719284,0.3121938109397888
437.0,-0.10127484798431396,-0.8216526508331299,1.9257053136825562,-0.08066407591104507,1.8159549236297607,0.37893909215927124,0.8689635396003723,0.0760858878493309,0.006036353297531605,0.834116518497467,0.467356413602829,0.143201544880867,0.2555796802043915
438.0,-0.0886319950222969,-0.8032581806182861,1.877971887588501,0.02344968542456627,1.8356050252914429,0.47312065958976746,0.8821471333503723,0.08285699039697647,0.010642183013260365,0.8585671782493591,0.43878334760665894,0.12068728357553482,0.23614877462387085
439.0,-0.11833489686250687,-0.7962183952331543,1.849481463432312,0.12432141602039337,1.7550225257873535,0.4158543646335602,0.8886666297912598,0.06829702854156494,0.017964880913496017,0.8572162985801697,0.4681953489780426,0.10277818143367767,0.1881759911775589
440.0,-0.13994236290454865,-0.7954342365264893,1.8448907136917114,0.15617376565933228,1.7099311351776123,0.3479938507080078,0.8886004090309143,0.056202780455350876,0.02039824053645134,0.8471940159797668,0.49475377798080444,0.09763152152299881,0.16717977821826935
441.0,-0.16014984250068665,-0.7989214062690735,1.8511285781860352,0.15980562567710876,1.6687644720077515,0.25513651967048645,0.8857247233390808,0.04524354264140129,0.021404754370450974,0.8280308246612549,0.529417097568512,0.09944748878479004,0.1555400937795639
442.0,-0.1694091558456421,-0.8216163516044617,1.9038722515106201,0.04082405939698219,1.659785270690918,0.18298591673374176,0.8713756799697876,0.04095953330397606,0.016537796705961227,0.8045013546943665,0.5492842793464661,0.127420112490654,0.18662405014038086
443.0,-0.18903672695159912,-0.8326269388198853,1.931105375289917,-0.011578748002648354,1.6232606172561646,0.09944785386323929,0.8635146617889404,0.031198743730783463,0.014495563693344593,0.7815535664558411,0.5754646062850952,0.142812117934227,0.1939569115638733
444.0,-0.18564684689044952,-0.7647217512130737,1.7827240228652954,0.33751940727233887,1.611087441444397,0.18216931819915771,0.9027249813079834,0.028649993240833282,0.028280775994062424,0.8207800388336182,0.560698390007019,0.06163031980395317,0.090217724442482
445.0,-0.17416436970233917,-0.7558279633522034,1.764970302581787,0.36687710881233215,1.6240808963775635,0.2636847198009491,0.9088696241378784,0.035830479115247726,0.028785061091184616,0.8408923745155334,0.5317416787147522,0.05384755879640579,0.08515413850545883
446.0,-0.1623661369085312,-0.7391159534454346,1.732817530632019,0.42354679107666016,1.6338399648666382,0.38659319281578064,0.9198463559150696,0.04314978048205376,0.0297393761575222,0.8704761862754822,0.4851875603199005,0.04033694416284561,0.07236861437559128
447.0,-0.14560513198375702,-0.7675433158874512,1.7854063510894775,0.2961532175540924,1.678839921951294,0.389674574136734,0.9052495360374451,0.05358457192778587,0.02590402588248253,0.8639435768127441,0.4841364920139313,0.06776171922683716,0.1209210529923439
448.0,-0.13996197283267975,-0.7534154653549194,1.7572267055511475,0.35154664516448975,1.6793349981307983,0.45964908599853516,0.9141926765441895,0.05731089785695076,0.02744687721133232,0.8806998133659363,0.4581865966320038,0.05544670671224594,0.10657645016908646
449.0,-0.1241753101348877,-0.7531887292861938,1.7562143802642822,0.3366118371486664,1.7100940942764282,0.5329767465591431,0.9159526824951172,0.06664229184389114,0.026274871081113815,0.8928497433662415,0.4298904836177826,0.058224327862262726,0.12092749774456024
450.0,-0.08749508857727051,-0.7840362787246704,1.828324317932129,0.1392391175031662,1.8210318088531494,0.5456534028053284,0.8963333964347839,0.08478996157646179,0.01640075072646141,0.8794350028038025,0.418504923582077,0.09746598452329636,0.20481239259243011
451.0,-0.09951288253068924,-0.7603801488876343,1.7726837396621704,0.2748042345046997,1.7719910144805908,0.6008839011192322,0.9125641584396362,0.07989787310361862,0.022677849978208542,0.8991261720657349,0.40237361192703247,0.07035776972770691,0.1572183519601822
452.0,-0.11063652485609055,-0.7382522821426392,1.7261823415756226,0.38274985551834106,1.725780725479126,0.6505355834960938,0.9268305897712708,0.07530972361564636,0.02696521207690239,0.9148799777030945,0.3835921287536621,0.04868300259113312,0.11611057817935944
453.0,-0.0634741485118866,-0.7661747336387634,1.794548511505127,0.1855311542749405,1.8706032037734985,0.6698969602584839,0.9075815081596375,0.09805787354707718,0.01611245796084404,0.8998005390167236,0.37142276763916016,0.08734535425901413,0.2116008996963501
454.0,-0.04491018131375313,-0.7575685977935791,1.782973289489746,0.18758834898471832,1.9174696207046509,0.7376165986061096,0.9116352200508118,0.10775405913591385,0.01392675656825304,0.9067627191543579,0.34388017654418945,0.08651555329561234,0.2281290739774704
455.0,-0.030097536742687225,-0.7780342102050781,1.8470407724380493,0.01953907683491707,1.9849395751953125,0.6553747653961182,0.8926554322242737,0.1120968833565712,0.0034277259837836027,0.8797573447227478,0.3627052307128906,0.11715324223041534,0.2841602861881256
456.0,-0.008284451439976692,-0.7692030668258667,1.8425517082214355,-0.004055934026837349,2.048356294631958,0.6976731419563293,0.8942838311195374,0.1226772740483284,-0.0012535632122308016,0.8791980147361755,0.3411588668823242,0.12031880766153336,0.31007272005081177
457.0,0.0015991015825420618,-0.7560737133026123,1.8162411451339722,0.04239645227789879,2.0718445777893066,0.759646475315094,0.901989221572876,0.12832526862621307,-0.0007132470491342247,0.8883418440818787,0.3196675479412079,0.11161304265260696,0.3101676404476166
458.0,-0.015143678523600101,-0.7429159879684448,1.7677829265594482,0.17991644144058228,2.0037059783935547,0.8304979801177979,0.9165517687797546,0.1224035993218422,0.008809355087578297,0.9117817878723145,0.30407994985580444,0.08732602000236511,0.2618464529514313
459.0,-0.04262026771903038,-0.7265220284461975,1.7141289710998535,0.32730188965797424,1.8990031480789185,0.8890095353126526,0.9340808391571045,0.11156458407640457,0.01902328059077263,0.9355053305625916,0.28762730956077576,0.06029951944947243,0.19612367451190948
460.0,-0.047888465225696564,-0.7115238308906555,1.6804896593093872,0.39751556515693665,1.8711085319519043,0.9597681164741516,0.9456852674484253,0.11021145433187485,0.021858464926481247,0.9490982890129089,0.25865045189857483,0.04726392775774002,0.1734314262866974
461.0,-0.008580675348639488,-0.7192575931549072,1.7173082828521729,0.278358519077301,2.007351875305176,0.9486978650093079,0.932646632194519,0.1277608573436737,0.011762273497879505,0.930223286151886,0.2613404095172882,0.06968843191862106,0.24805118143558502
462.0,0.011844063177704811,-0.73115473985672,1.7622462511062622,0.15082968771457672,2.0891482830047607,0.8798026442527771,0.9180142283439636,0.13543443381786346,0.002338451100513339,0.9074724316596985,0.2799720764160156,0.09234072268009186,0.2993036210536957
463.0,0.03856128826737404,-0.7132828831672668,1.747896432876587,0.136917382478714,2.1799540519714355,0.9354032278060913,0.9215112924575806,0.14834924042224884,-0.0046335188671946526,0.9021028876304626,0.2530268430709839,0.09440168738365173,0.336565226316452
464.0,0.06654995679855347,-0.6650427579879761,1.6734219789505005,0.2530521750450134,2.2732324600219727,1.1113827228546143,0.9421424865722656,0.16432704031467438,-0.008904564194381237,0.9096263647079468,0.18999429047107697,0.07553402334451675,0.3616305887699127
465.0,0.06264566630125046,-0.6847898960113525,1.7123931646347046,0.17123734951019287,2.2657740116119385,1.023636817932129,0.9307342171669006,0.16077490150928497,-0.010593491606414318,0.9003012180328369,0.2173265814781189,0.08849472552537918,0.366599977016449
466.0,0.07562856376171112,-0.7015315294265747,1.7763453722000122,-0.019358966499567032,2.3371431827545166,0.8859511613845825,0.9116675853729248,0.16334103047847748,-0.023503843694925308,0.8681654334068298,0.24439501762390137,0.11704116314649582,0.41576579213142395
467.0,0.05812285095453262,-0.7295395135879517,1.8241173028945923,-0.09770309925079346,2.277658700942993,0.787663459777832,0.899196445941925,0.1532829850912094,-0.021795321255922318,0.8613937497138977,0.27800384163856506,0.13056603074073792,0.40455833077430725
468.0,0.08951043337583542,-0.7088811993598938,1.8282496929168701,-0.20781518518924713,2.4085025787353516,0.764464259147644,0.8981975317001343,0.1672985851764679,-0.03744462504982948,0.8361188173294067,0.25569459795951843,0.14192508161067963,0.4640936255455017
469.0,0.09998077899217606,-0.6763737797737122,1.7582086324691772,-0.04897230118513107,2.4434616565704346,0.9090932011604309,0.9156196713447571,0.17506547272205353,-0.0342201329767704,0.8528656959533691,0.22050611674785614,0.11847048997879028,0.45821598172187805
470.0,0.09994963556528091,-0.6602007746696472,1.7175383567810059,0.06135634705424309,2.4342293739318848,1.0022294521331787,0.9262657761573792,0.17702935636043549,-0.02957781031727791,0.8669202923774719,0.20179465413093567,0.10332851856946945,0.44390469789505005
471.0,0.10307995975017548,-0.6298444867134094,1.6562423706054688,0.20776216685771942,2.4393210411071777,1.1409519910812378,0.9429193735122681,0.18119682371616364,-0.026019204407930374,0.8813570141792297,0.16750603914260864,0.08248205482959747,0.43399110436439514
472.0,0.07576017081737518,-0.6406973600387573,1.6347182989120483,0.32098647952079773,2.305710554122925,1.1989229917526245,0.9531251192092896,0.17016620934009552,-0.01030354481190443,0.9127042293548584,0.1607671082019806,0.06516794115304947,0.36997029185295105
473.0,0.07728447020053864,-0.6210455894470215,1.5969760417938232,0.4006785452365875,2.3053274154663086,1.2853816747665405,0.9647474884986877,0.17258302867412567,-0.008741679601371288,0.9199616312980652,0.13329945504665375,0.05286393687129021,0.3648386299610138
474.0,0.10090014338493347,-0.5769565105438232,1.5500365495681763,0.4631281793117523,2.4139814376831055,1.3914209604263306,0.974789023399353,0.18490411341190338,-0.018930349498987198,0.9052921533584595,0.09991335868835449,0.04529199376702309,0.41038042306900024
475.0,0.11162185668945312,-0.5426457524299622,1.5068246126174927,0.5413784980773926,2.465751886367798,1.4872522354125977,0.9857178926467896,0.19160978496074677,-0.023949090391397476,0.898149847984314,0.07374424487352371,0.03547077253460884,0.43200749158859253
476.0,0.12012410163879395,-0.5040209293365479,1.4601030349731445,0.6422125697135925,2.511756181716919,1.6048191785812378,0.9968827366828918,0.1971893459558487,-0.02917008474469185,0.8901726603507996,0.04458446428179741,0.02268204465508461,0.4528692960739136
477.0,0.11350898444652557,-0.5944518446922302,1.602961540222168,0.3101678490638733,2.4838075637817383,1.2560936212539673,0.9566928148269653,0.18846797943115234,-0.02853073552250862,0.8819191455841064,0.13504648208618164,0.0683622732758522,0.44643887877464294
478.0,0.12929220497608185,-0.5573446750640869,1.564356803894043,0.36072808504104614,2.569692850112915,1.3306642770767212,0.9643889665603638,0.19724027812480927,-0.037605125457048416,0.8673859238624573,0.1126815602183342,0.06244375929236412,0.4806717038154602
479.0,0.13202691078186035,-0.5223841071128845,1.5109941959381104,0.4899105131626129,2.5794646739959717,1.4618616104125977,0.9787219166755676,0.20103539526462555,-0.038831714540719986,0.8709036707878113,0.08298805356025696,0.0459497906267643,0.48221197724342346
480.0,0.12949103116989136,-0.5714170336723328,1.5936452150344849,0.28693175315856934,2.5607731342315674,1.26082181930542,0.9556276202201843,0.19705261290073395,-0.04227793589234352,0.8649840950965881,0.12969358265399933,0.07187868654727936,0.47939085960388184
481.0,0.13430902361869812,-0.4974144399166107,1.476848840713501,0.5711359977722168,2.581697463989258,1.5469269752502441,0.9877068996429443,0.20435987412929535,-0.04249957576394081,0.8725636005401611,0.0642426460981369,0.03555732220411301,0.4829506576061249
482.0,0.12998998165130615,-0.43103158473968506,1.3754537105560303,0.8490497469902039,2.556178092956543,1.836061954498291,1.0180085897445679,0.20609086751937866,-0.04188453033566475,0.8771578073501587,-0.006745366845279932,-0.0036922944709658623,0.48014071583747864
483.0,0.12567594647407532,-0.4015371799468994,1.330195426940918,0.9726734161376953,2.5341415405273438,1.9666204452514648,1.0330028533935547,0.2054055631160736,-0.04195943847298622,0.8764469623565674,-0.04219575971364975,-0.023065408691763878,0.47909098863601685
484.0,0.1304977387189865,-0.457409143447876,1.4116708040237427,0.7554454803466797,2.5687663555145264,1.735654592514038,1.0073825120925903,0.20415474474430084,-0.038325149565935135,0.8763929605484009,0.018156856298446655,0.00996834971010685,0.48115110397338867
485.0,0.13467568159103394,-0.5155643820762634,1.5086398124694824,0.48829230666160583,2.5780296325683594,1.4651206731796265,0.9781069755554199,0.20373563468456268,-0.04547545686364174,0.8712430596351624,0.08348073065280914,0.046135928481817245,0.48149558901786804
486.0,0.1325141340494156,-0.542542040348053,1.5492466688156128,0.39036592841148376,2.5714304447174072,1.3652676343917847,0.9672747850418091,0.2006702721118927,-0.04401077702641487,0.8686666488647461,0.10601989179849625,0.05862685665488243,0.48035502433776855
487.0,0.12339939177036285,-0.6058675050735474,1.6481001377105713,0.1635400950908661,2.5378382205963135,1.1361815929412842,0.9421223402023315,0.19139660894870758,-0.04076399281620979,0.8602277636528015,0.15866412222385406,0.08789847791194916,0.4765583574771881
488.0,0.11854018270969391,-0.6308708786964417,1.693847417831421,0.061008866876363754,2.5135226249694824,1.036185383796692,0.9302948117256165,0.18748106062412262,-0.04258975759148598,0.8551639914512634,0.1834256798028946,0.10167711228132248,0.4740372598171234
489.0,0.11120875924825668,-0.6560977101325989,1.7366198301315308,-0.028264541178941727,2.486191749572754,0.9469355940818787,0.9198983311653137,0.18188397586345673,-0.04134737327694893,0.8498882055282593,0.20583729445934296,0.11418652534484863,0.471468448638916
490.0,0.0993882343173027,-0.6872239112854004,1.7988337278366089,-0.15618161857128143,2.4365577697753906,0.8225947022438049,0.9041446447372437,0.17405928671360016,-0.04367903247475624,0.8408394455909729,0.23995725810527802,0.13314703106880188,0.4665633738040924
491.0,0.0740295946598053,-0.7310142517089844,1.8870093822479248,-0.32304397225379944,2.346336603164673,0.6562198400497437,0.8823562860488892,0.15866968035697937,-0.04379313066601753,0.8247988820075989,0.2896100878715515,0.1608872264623642,0.45820093154907227
492.0,0.09136641770601273,-0.7017468214035034,1.8386242389678955,-0.23626551032066345,2.3996694087982178,0.7492088079452515,0.8928713798522949,0.16942629218101501,-0.049057964235544205,0.8342936635017395,0.2621683180332184,0.14539562165737152,0.46268996596336365
493.0,0.10386084765195847,-0.6760793328285217,1.7879927158355713,-0.1383422464132309,2.4450149536132812,0.8454259037971497,0.905588686466217,0.17748799920082092,-0.04907092824578285,0.8426892757415771,0.23482473194599152,0.13005392253398895,0.4667099416255951
494.0,0.11305729299783707,-0.6514392495155334,1.7383835315704346,-0.03577253222465515,2.483997106552124,0.9449373483657837,0.9181603193283081,0.18363314867019653,-0.0470576174557209,0.8498031497001648,0.20761510729789734,0.11498383432626724,0.47064799070358276
495.0,0.12199291586875916,-0.6219697594642639,1.69209885597229,0.058281928300857544,2.512760639190674,1.0409272909164429,0.9289486408233643,0.19067664444446564,-0.0509459413588047,0.8555160164833069,0.18406671285629272,0.10179473459720612,0.4731275141239166
496.0,0.1247611716389656,-0.6056901812553406,1.657718300819397,0.13675114512443542,2.5316011905670166,1.1150591373443604,0.9383932948112488,0.19279766082763672,-0.04716973379254341,0.8593719005584717,0.16511467099189758,0.09131502360105515,0.4752670228481293
497.0,0.13193728029727936,-0.5656386613845825,1.593203067779541,0.2827787697315216,2.559448003768921,1.2619454860687256,0.954391360282898,0.1994033008813858,-0.048503000289201736,0.8651911616325378,0.13069432973861694,0.07230866700410843,0.4786803722381592
498.0,0.13497298955917358,-0.5348109006881714,1.5444954633712769,0.3955482542514801,2.5708870887756348,1.3747848272323608,0.9674699306488037,0.20318765938282013,-0.04979227855801582,0.8691380620002747,0.10496845096349716,0.05794873461127281,0.47981515526771545
499.0,0.13565076887607574,-0.4617251455783844,1.4290343523025513,0.6884155869483948,2.57366681098938,1.6714414358139038,1.0005625486373901,0.20814557373523712,-0.048852045089006424,0.8756117224693298,0.03573617339134216,0.019642844796180725,0.4812912046909332
500.0,0.1328430324792862,-0.42905524373054504,1.3786296844482422,0.8284437656402588,2.557945489883423,1.8176072835922241,1.0159215927124023,0.2086428850889206,-0.04808967188000679,0.877291202545166,-0.0009653653251007199,-0.0005281417397782207,0.4799572229385376
501.0,0.13363130390644073,-0.40511760115623474,1.3485382795333862,0.89817214012146,2.5458271503448486,1.894404411315918,1.0242679119110107,0.2116370052099228,-0.05471331253647804,0.8774641752243042,-0.020082857459783554,-0.010965255089104176,0.47909611463546753
502.0,0.1365985870361328,-0.43587690591812134,1.3956289291381836,0.7692068219184875,2.5644352436065674,1.7588708400726318,1.0095555782318115,0.2111361175775528,-0.05465171858668327,0.8770342469215393,0.015087787993252277,0.00825959350913763,0.48011985421180725
503.0,0.1385340839624405,-0.4808260202407837,1.4640083312988281,0.5897067785263062,2.5787577629089355,1.5732707977294922,0.989362895488739,0.20912747085094452,-0.053485769778490067,0.87360680103302,0.060029663145542145,0.033105362206697464,0.48177969455718994
504.0,0.13906320929527283,-0.5017111897468567,1.5001775026321411,0.4969443678855896,2.576259136199951,1.4815881252288818,0.9783702492713928,0.2083359807729721,-0.05613759532570839,0.8720179796218872,0.08168705552816391,0.045011814683675766,0.4805058538913727
505.0,0.1407429426908493,-0.4657100737094879,1.4474376440048218,0.6223859786987305,2.576192855834961,1.610248327255249,0.9931535720825195,0.2121288776397705,-0.05981071665883064,0.8746344447135925,0.052370116114616394,0.0288056842982769,0.4810843765735626
506.0,0.14050982892513275,-0.5101152658462524,1.5203129053115845,0.4409901201725006,2.572072744369507,1.429046392440796,0.9717460870742798,0.20920756459236145,-0.06158413365483284,0.8710368275642395,0.09477590024471283,0.05213649198412895,0.4791598618030548
507.0,0.14279934763908386,-0.5088494420051575,1.5266385078430176,0.41793882846832275,2.5693068504333496,1.4105299711227417,0.9687303900718689,0.21130047738552094,-0.068095363676548,0.8707777261734009,0.10028731822967529,0.055071864277124405,0.47817957401275635
508.0,0.14023619890213013,-0.5330078601837158,1.563390851020813,0.33533018827438354,2.5628528594970703,1.3272578716278076,0.9589141607284546,0.2079024761915207,-0.06562253832817078,0.8680940866470337,0.11902263760566711,0.06546259671449661,0.4774527847766876
509.0,0.13167232275009155,-0.5875829458236694,1.6525180339813232,0.1341760754585266,2.5300323963165283,1.1264562606811523,0.9362162947654724,0.1993095427751541,-0.0636821910738945,0.8602014780044556,0.16590334475040436,0.09131944924592972,0.47348734736442566
510.0,0.1273050457239151,-0.6081129312515259,1.689860224723816,0.05392834544181824,2.511688232421875,1.0487898588180542,0.9263324737548828,0.19550327956676483,-0.06407594680786133,0.856096625328064,0.18489842116832733,0.1018838882446289,0.4717317223548889
511.0,0.13541898131370544,-0.5641179084777832,1.610002040863037,0.23210471868515015,2.5493216514587402,1.2222671508789062,0.9472674131393433,0.2027233988046646,-0.061859358102083206,0.8642252087593079,0.1426815241575241,0.07858732342720032,0.4760051369667053
512.0,0.1368936449289322,-0.5356504321098328,1.5537965297698975,0.3664258122444153,2.5673329830169678,1.3500502109527588,0.963821291923523,0.2048967182636261,-0.055820804089307785,0.8685635924339294,0.11183881014585495,0.061656851321458817,0.47884005308151245
513.0,0.1344405561685562,-0.5601466298103333,1.5939439535140991,0.27511414885520935,2.557356834411621,1.259878158569336,0.9527522921562195,0.20181730389595032,-0.055291514843702316,0.8653371930122375,0.132550448179245,0.07318408787250519,0.47777214646339417
514.0,0.12965327501296997,-0.5867661237716675,1.6353780031204224,0.18158969283103943,2.5406386852264404,1.1649606227874756,0.94267737865448,0.19726867973804474,-0.05347089841961861,0.8617473244667053,0.15448658168315887,0.08527249842882156,0.47566166520118713
515.0,0.1263207495212555,-0.608359158039093,1.6802785396575928,0.07807997614145279,2.5175459384918213,1.0668256282806396,0.9303151369094849,0.19453825056552887,-0.05830255523324013,0.8570528030395508,0.17926333844661713,0.09889325499534607,0.47280579805374146
516.0,0.1199156865477562,-0.6325335502624512,1.7242151498794556,-0.014066467992961407,2.492131233215332,0.977128803730011,0.9189590215682983,0.18940787017345428,-0.05835648253560066,0.8518537878990173,0.20171712338924408,0.11138290911912918,0.4703713059425354
517.0,0.11101659387350082,-0.657738208770752,1.763384461402893,-0.09233397990465164,2.4639973640441895,0.8959112763404846,0.9103826880455017,0.18277283012866974,-0.05437905713915825,0.8465245962142944,0.22225075960159302,0.12283939868211746,0.4678795039653778
518.0,0.1043630912899971,-0.6734116673469543,1.8033345937728882,-0.17529578506946564,2.4314374923706055,0.8195632100105286,0.8991955518722534,0.17864492535591125,-0.05928713455796242,0.8404743075370789,0.24419492483139038,0.1349571794271469,0.4644979238510132
519.0,0.08054956793785095,-0.7146574854850769,1.8831318616867065,-0.3248697519302368,2.3508851528167725,0.668850839138031,0.8799945116043091,0.16381193697452545,-0.05713481083512306,0.8259924054145813,0.2885397970676422,0.15969158709049225,0.45714327692985535
520.0,0.060249775648117065,-0.7398751378059387,1.9358183145523071,-0.41766566038131714,2.287045478820801,0.5744577646255493,0.8668890595436096,0.1521671563386917,-0.05579284951090813,0.8143891096115112,0.3186546266078949,0.17672611773014069,0.45166081190109253
521.0,0.041802410036325455,-0.7588526010513306,1.9726200103759766,-0.4791405498981476,2.2320733070373535,0.5064672231674194,0.8585565090179443,0.14224404096603394,-0.05315515771508217,0.8047467470169067,0.3418918251991272,0.18975210189819336,0.44663941860198975
522.0,0.0031206279527395964,-0.7845633029937744,2.0384345054626465,-0.5868521928787231,2.118936777114868,0.389372855424881,0.8416686058044434,0.12322124093770981,-0.05372180417180061,0.7845136523246765,0.3854144215583801,0.21420525014400482,0.436016321182251
523.0,0.027824604883790016,-0.7717589139938354,1.997590184211731,-0.5196057558059692,2.1917974948883057,0.4606913924217224,0.8528724908828735,0.13500063121318817,-0.05095219984650612,0.797344982624054,0.3579694330692291,0.1990097314119339,0.44327640533447266
524.0,0.07083922624588013,-0.7318156361579895,1.903159260749817,-0.35664117336273193,2.3273160457611084,0.6291736960411072,0.8768377900123596,0.1575470119714737,-0.04995499923825264,0.8214581608772278,0.2995728552341461,0.16625091433525085,0.4558763802051544
525.0,0.05464529991149902,-0.7508125305175781,1.9418957233428955,-0.4234822690486908,2.277280807495117,0.5596476197242737,0.8673574328422546,0.1484290361404419,-0.0485411174595356,0.8125560283660889,0.32226401567459106,0.1790601909160614,0.45148205757141113
526.0,0.02517549693584442,-0.7793042659759521,1.997514009475708,-0.5149036049842834,2.190359115600586,0.4575413763523102,0.8545781970024109,0.13295547664165497,-0.04451555386185646,0.7969948649406433,0.35786351561546326,0.19930052757263184,0.4438605308532715
527.0,0.00744796684011817,-0.7880024313926697,2.0284135341644287,-0.5666713118553162,2.1363604068756104,0.4042690396308899,0.8458461761474609,0.12461508065462112,-0.047649938613176346,0.7874733209609985,0.37850555777549744,0.21073020994663239,0.43842005729675293
528.0,-0.028999432921409607,-0.8097883462905884,2.075141668319702,-0.6369916796684265,2.036644220352173,0.31547802686691284,0.8349663615226746,0.10752648860216141,-0.044369567185640335,0.7693254947662354,0.41319432854652405,0.23054556548595428,0.4292522370815277
529.0,-0.05050896853208542,-0.816986083984375,2.098966598510742,-0.6728376150131226,1.9789178371429443,0.27011775970458984,0.8285330533981323,0.09805500507354736,-0.04542820528149605,0.7588948607444763,0.4320468008518219,0.24106810986995697,0.42343878746032715
530.0,-0.07364014536142349,-0.8273937106132507,2.1191556453704834,-0.6994932889938354,1.9197102785110474,0.22609782218933105,0.8241766691207886,0.08784874528646469,-0.042751092463731766,0.7479838728904724,0.45035967230796814,0.2514818608760834,0.4176758825778961
531.0,-0.09986446052789688,-0.8333896398544312,2.141436815261841,-0.7315872311592102,1.8521313667297363,0.17857569456100464,0.818055272102356,0.07698502391576767,-0.043678540736436844,0.7350680828094482,0.4706275165081024,0.26315364241600037,0.4110167920589447
532.0,-0.12546682357788086,-0.8400229215621948,2.1577370166778564,-0.7515023946762085,1.7887300252914429,0.13657712936401367,0.8141752481460571,0.06627515703439713,-0.042546022683382034,0.7231677174568176,0.4887775182723999,0.2732573449611664,0.4042961895465851
533.0,-0.15026985108852386,-0.8419583439826965,2.172659397125244,-0.7717716693878174,1.7268167734146118,0.09688466787338257,0.8097074627876282,0.05644245818257332,-0.04437601938843727,0.7111577391624451,0.5061359405517578,0.28292760252952576,0.3975337743759155
534.0,-0.1725517362356186,-0.8372595906257629,2.1864025592803955,-0.7943399548530579,1.6719928979873657,0.06252627819776535,0.8040724992752075,0.04806920513510704,-0.050540681928396225,0.7003594636917114,0.5210922956466675,0.2911905348300934,0.39136648178100586
535.0,-0.1215624064207077,-0.8282771110534668,2.159172773361206,-0.761590838432312,1.7953236103057861,0.14153778553009033,0.8111402988433838,0.0687919482588768,-0.051699284464120865,0.7246261835098267,0.48751935362815857,0.2718905210494995,0.404125452041626
536.0,-0.0637105330824852,-0.8151370286941528,2.114164352416992,-0.6991017460823059,1.9409842491149902,0.24260051548480988,0.823121190071106,0.09295827895402908,-0.05097072198987007,0.752065896987915,0.4444826543331146,0.24760818481445312,0.41895371675491333
537.0,-0.0392143614590168,-0.8043444752693176,2.091611862182617,-0.6683936715126038,2.00426983833313,0.29067355394363403,0.8280712962150574,0.10380587726831436,-0.053330305963754654,0.7635508179664612,0.4245259761810303,0.23644891381263733,0.42527613043785095
538.0,-0.01989409141242504,-0.7951705455780029,2.069664478302002,-0.6364109516143799,2.053819417953491,0.3317021429538727,0.833591103553772,0.11277391761541367,-0.05454273894429207,0.772641122341156,0.40838831663131714,0.2271314263343811,0.42971622943878174
539.0,-0.08161351829767227,-0.8167908191680908,2.131293296813965,-0.7261216640472412,1.892969012260437,0.2081972360610962,0.8178661465644836,0.08575484901666641,-0.05398545041680336,0.7430569529533386,0.4594517946243286,0.2559033930301666,0.41386452317237854
540.0,-0.10145970433950424,-0.8185727000236511,2.1482508182525635,-0.7518588304519653,1.8438055515289307,0.17403550446033478,0.8124610781669617,0.07750389724969864,-0.056507792323827744,0.7337979674339294,0.47384101152420044,0.2640966773033142,0.40898436307907104
541.0,-0.14003907144069672,-0.8268657326698303,2.171468496322632,-0.7805832028388977,1.7484642267227173,0.11133358627557755,0.8068599104881287,0.06171100214123726,-0.055382464081048965,0.7156513333320618,0.500928521156311,0.27911561727523804,0.3987584412097931
542.0,-0.1944059133529663,-0.8315802812576294,2.196894645690918,-0.8111169338226318,1.6191588640213013,0.02991073951125145,0.7993974089622498,0.03986092284321785,-0.05661836639046669,0.6901023983955383,0.5353330969810486,0.29850301146507263,0.3848027288913727
543.0,-0.21485646069049835,-0.8370835185050964,2.202132225036621,-0.8122016787528992,1.570600152015686,-0.00012102752225473523,0.7988293766975403,0.03143692761659622,-0.053423378616571426,0.6800613403320312,0.5477889180183411,0.3056735396385193,0.37948331236839294
544.0,-0.26159727573394775,-0.8389900326728821,2.2128348350524902,-0.8186259269714355,1.4618546962738037,-0.06734193116426468,0.79526287317276,0.012528810650110245,-0.05323619768023491,0.6570758819580078,0.5746769309043884,0.321167916059494,0.36721792817115784
545.0,-0.2928514778614044,-0.8381710052490234,2.2150213718414307,-0.8139815330505371,1.3880367279052734,-0.11417315900325775,0.7940391302108765,-0.0001910258870339021,-0.053598809987306595,0.6409128308296204,0.5929542183876038,0.3310519754886627,0.357827752828598
546.0,-0.2736048996448517,-0.8322104215621948,2.2157952785491943,-0.824561595916748,1.4341495037078857,-0.08501364290714264,0.7927480936050415,0.00811728835105896,-0.058408062905073166,0.6513704061508179,0.5817421078681946,0.32448437809944153,0.3633216917514801
547.0,-0.3809472918510437,-0.8283252120018005,2.2051291465759277,-0.7736040949821472,1.182985544204712,-0.2548319101333618,0.7931722402572632,-0.03829630836844444,-0.05582839623093605,0.5924515128135681,0.6415435671806335,0.35796940326690674,0.33057689666748047
548.0,-0.35561102628707886,-0.8289005160331726,2.2124531269073486,-0.7959774732589722,1.244886040687561,-0.21010275185108185,0.7916112542152405,-0.026889877393841743,-0.057822372764348984,0.6081211566925049,0.6267140507698059,0.3496900200843811,0.3393156826496124
549.0,-0.3136584460735321,-0.8265356421470642,2.21826171875,-0.8207868933677673,1.340474247932434,-0.1455925852060318,0.7901408672332764,-0.007953286170959473,-0.06188942864537239,0.6304826736450195,0.6046217679977417,0.3369028568267822,0.35131287574768066
550.0,-0.299481064081192,-0.8204837441444397,2.2200241088867188,-0.8318483233451843,1.374414324760437,-0.1237965077161789,0.78852379322052,-0.001597509253770113,-0.06689152121543884,0.6385080218315125,0.59664386510849,0.33190521597862244,0.35519370436668396
551.0,-0.26254281401634216,-0.8221803903579712,2.2175512313842773,-0.837086021900177,1.4610989093780518,-0.06826931238174438,0.7900987267494202,0.013287797570228577,-0.06604679673910141,0.6575713157653809,0.57521653175354,0.320342093706131,0.3662060499191284
552.0,-0.2304488569498062,-0.8229117393493652,2.210469961166382,-0.8319374322891235,1.5332552194595337,-0.023298287764191628,0.7929718494415283,0.02636183425784111,-0.06491175293922424,0.6726641058921814,0.5577387809753418,0.31037184596061707,0.374325692653656
553.0,-0.18696735799312592,-0.8201374411582947,2.1973423957824707,-0.8206326961517334,1.6359827518463135,0.04050708934664726,0.796748697757721,0.043609242886304855,-0.06505638360977173,0.6937606930732727,0.531295120716095,0.2956327795982361,0.38603484630584717
554.0,-0.15208519995212555,-0.8180137872695923,2.1811912059783936,-0.8008129596710205,1.71712327003479,0.09163621813058853,0.8017346262931824,0.057705845683813095,-0.0638313889503479,0.7096828818321228,0.5099954009056091,0.28364986181259155,0.39471232891082764
555.0,-0.16929836571216583,-0.8273401260375977,2.187718152999878,-0.8032287955284119,1.6784803867340088,0.06685620546340942,0.8015066981315613,0.05008602514863014,-0.05810515955090523,0.7019117474555969,0.5197815895080566,0.2898072600364685,0.3913549780845642
556.0,-0.09729225188493729,-0.8102104067802429,2.1477468013763428,-0.756628692150116,1.8517004251480103,0.180018350481987,0.8107585310935974,0.07984573394060135,-0.06273224949836731,0.7354333996772766,0.47198984026908875,0.2625906467437744,0.40915700793266296
557.0,-0.07457921653985977,-0.8084465265274048,2.1277999877929688,-0.7258774042129517,1.9080060720443726,0.21959629654884338,0.8171677589416504,0.08931004256010056,-0.05956597253680229,0.7459930777549744,0.4553785026073456,0.25318166613578796,0.41475778818130493
558.0,-0.031427137553691864,-0.795032799243927,2.086174964904785,-0.6649396419525146,2.021253824234009,0.3050832748413086,0.8277519941329956,0.10786492377519608,-0.059204939752817154,0.7667086124420166,0.4194793701171875,0.23326772451400757,0.42635804414749146
559.0,-0.006316094659268856,-0.7831549048423767,2.0551846027374268,-0.6179796457290649,2.0871775150299072,0.36184051632881165,0.8357210159301758,0.11954040080308914,-0.06002276763319969,0.7788766026496887,0.3973531424999237,0.22051450610160828,0.432244211435318
560.0,0.021368172019720078,-0.7695537209510803,2.014235019683838,-0.5515631437301636,2.167562246322632,0.436710387468338,0.8463187217712402,0.13240110874176025,-0.05829161778092384,0.7930356860160828,0.36789390444755554,0.20432844758033752,0.4404523968696594
561.0,0.045718997716903687,-0.7496113181114197,1.9706110954284668,-0.4807986915111542,2.2364044189453125,0.51360023021698,0.8571102023124695,0.14503808319568634,-0.060412611812353134,0.805653989315033,0.34081923961639404,0.1887739598751068,0.4462379813194275
562.0,0.06289585679769516,-0.7326449751853943,1.935274362564087,-0.42079246044158936,2.2885677814483643,0.5785092115402222,0.865338146686554,0.15421094000339508,-0.0619666762650013,0.8148025274276733,0.31854215264320374,0.17636820673942566,0.45113417506217957
563.0,0.08030234277248383,-0.7108545303344727,1.8920669555664062,-0.3460840880870819,2.3408124446868896,0.6555963158607483,0.8758623003959656,0.16437245905399323,-0.06438516080379486,0.824345052242279,0.2942352294921875,0.16257131099700928,0.45546838641166687
564.0,0.09291728585958481,-0.6938808560371399,1.8492573499679565,-0.26439815759658813,2.3880255222320557,0.7339951395988464,0.8871626257896423,0.17153041064739227,-0.061402443796396255,0.8327473402023315,0.2694363296031952,0.14889225363731384,0.4601815342903137
565.0,0.11271949857473373,-0.6532710790634155,1.7694048881530762,-0.11015598475933075,2.4580636024475098,0.8856032490730286,0.9071260690689087,0.1845693737268448,-0.06203650310635567,0.8457624316215515,0.22673650085926056,0.12506549060344696,0.46651381254196167
566.0,0.10778246074914932,-0.6646082401275635,1.7985646724700928,-0.170003741979599,2.4348552227020264,0.8309106826782227,0.8988116979598999,0.18139855563640594,-0.06548202782869339,0.8414050936698914,0.24237360060214996,0.1336967647075653,0.46413111686706543
567.0,0.12247508764266968,-0.6261481642723083,1.7269986867904663,-0.025793636217713356,2.4886484146118164,0.9730516076087952,0.9163506627082825,0.19182641804218292,-0.06648039817810059,0.8516778349876404,0.20455025136470795,0.11267878860235214,0.4691562354564667
568.0,0.13271069526672363,-0.5880087018013,1.6628729104995728,0.10698555409908295,2.523841381072998,1.1049600839614868,0.9321561455726624,0.20032303035259247,-0.06955897808074951,0.8592263460159302,0.1723405420780182,0.09472966939210892,0.472287118434906
569.0,0.11810169368982315,-0.6390907764434814,1.7581572532653809,-0.09334500133991241,2.465278387069702,0.9099354147911072,0.9078879356384277,0.18895401060581207,-0.07033146172761917,0.8475329279899597,0.22203117609024048,0.12216665595769882,0.4663321077823639
570.0,0.12853969633579254,-0.6081966757774353,1.7053020000457764,0.015458781272172928,2.502009868621826,1.0195950269699097,0.9200819134712219,0.19676311314105988,-0.07268962264060974,0.8544138669967651,0.1939590573310852,0.1067107543349266,0.4700741171836853
571.0,0.1349790394306183,-0.5821083784103394,1.661908745765686,0.10487508773803711,2.523162841796875,1.108000636100769,0.9309670329093933,0.20239873230457306,-0.07526066899299622,0.859465479850769,0.17278797924518585,0.09482492506504059,0.4716690480709076
572.0,0.12113570421934128,-0.6310248374938965,1.752954363822937,-0.0867430716753006,2.4681649208068848,0.9214171171188354,0.9078495502471924,0.191492959856987,-0.07571500539779663,0.8483479022979736,0.2201596349477768,0.12094853073358536,0.466054767370224
573.0,0.11222650110721588,-0.6526327729225159,1.7962208986282349,-0.17223964631557465,2.4358694553375244,0.8392179012298584,0.8966152667999268,0.18513323366641998,-0.0759362131357193,0.8420467376708984,0.24229808151721954,0.1332651674747467,0.4631299376487732
574.0,0.10183665156364441,-0.6731315851211548,1.8364083766937256,-0.2491878718137741,2.4003853797912598,0.763400673866272,0.8866925835609436,0.17824526131153107,-0.07508718967437744,0.8353821039199829,0.26364752650260925,0.14516113698482513,0.4599513113498688
575.0,0.08924388885498047,-0.692595362663269,1.8772634267807007,-0.32607224583625793,2.3573217391967773,0.6867805123329163,0.8767473101615906,0.17058990895748138,-0.07492529600858688,0.8276936411857605,0.286766916513443,0.15791751444339752,0.4557963013648987
576.0,0.06565886735916138,-0.7212362289428711,1.938993215560913,-0.4351494014263153,2.2844464778900146,0.5770457983016968,0.8612521290779114,0.15684176981449127,-0.07347561419010162,0.8143846392631531,0.3214174509048462,0.17738570272922516,0.44944727420806885
577.0,0.10170076042413712,-0.6760465502738953,1.8282932043075562,-0.22912174463272095,2.409106731414795,0.7767172455787659,0.8903593420982361,0.17758755385875702,-0.06853120028972626,0.8366237282752991,0.25828227400779724,0.14249549806118011,0.46156907081604004
578.0,0.07924532890319824,-0.7086057662963867,1.9012421369552612,-0.36608657240867615,2.3310391902923584,0.6424002647399902,0.8718375563621521,0.16420435905456543,-0.07010997831821442,0.8227027058601379,0.29948779940605164,0.16528251767158508,0.4540364146232605
579.0,0.06393654644489288,-0.7274562120437622,1.9377412796020508,-0.4288422763347626,2.285672903060913,0.5766274929046631,0.8632150888442993,0.15532338619232178,-0.0675055980682373,0.8144484758377075,0.32032787799835205,0.17707836627960205,0.4502299427986145
580.0,0.04721319302916527,-0.7430866360664368,1.9726917743682861,-0.4889223575592041,2.234159231185913,0.5127878785133362,0.8548620939254761,0.14649571478366852,-0.06680098176002502,0.8053613305091858,0.3423977792263031,0.18932786583900452,0.4453222453594208
581.0,0.0294954851269722,-0.7561138272285461,2.006169557571411,-0.5445501208305359,2.183152198791504,0.4552765488624573,0.8459959030151367,0.13731802999973297,-0.0669640526175499,0.7960705757141113,0.36272701621055603,0.20087295770645142,0.4408523440361023
582.0,0.01301446184515953,-0.7642978429794312,2.0333504676818848,-0.5899194478988647,2.134521007537842,0.40722259879112244,0.8386225700378418,0.12947650253772736,-0.06882372498512268,0.7875142097473145,0.3811650574207306,0.2109861522912979,0.43591246008872986
583.0,0.026941455900669098,-0.7518556118011475,2.0150530338287354,-0.5636675953865051,2.1707096099853516,0.4435119330883026,0.8417590260505676,0.13661175966262817,-0.07334258407354355,0.7938768267631531,0.36806902289390564,0.20359526574611664,0.43912839889526367
584.0,0.04487349092960358,-0.7364475727081299,1.984603762626648,-0.5156573057174683,2.218431234359741,0.4971645772457123,0.8489340543746948,0.1461394876241684,-0.07656089961528778,0.8027396202087402,0.34967041015625,0.1929086595773697,0.4428611397743225
585.0,0.03599296510219574,-0.7394882440567017,2.0037314891815186,-0.5500017404556274,2.190282106399536,0.46632757782936096,0.8427764773368835,0.1418302059173584,-0.08017443120479584,0.797645628452301,0.36114072799682617,0.199236199259758,0.4400497376918793
586.0,0.003314751898869872,-0.7604367733001709,2.052133798599243,-0.6267491579055786,2.100067138671875,0.37694689631462097,0.831407368183136,0.1258499026298523,-0.07761938124895096,0.7814707159996033,0.39446306228637695,0.21784090995788574,0.431564599275589
587.0,-0.014409041963517666,-0.7710479497909546,2.073810338973999,-0.6583893299102783,2.0555732250213623,0.3368026912212372,0.8264248967170715,0.11719908565282822,-0.07502852380275726,0.7733633518218994,0.4094524085521698,0.2264692336320877,0.427749365568161
588.0,-0.002348873997107148,-0.7696567177772522,2.056319236755371,-0.6285463571548462,2.0891499519348145,0.3657906651496887,0.8322141766548157,0.12259752303361893,-0.07133287936449051,0.7793763875961304,0.39776042103767395,0.2200644463300705,0.431196928024292
589.0,-0.04664923623204231,-0.7840092182159424,2.108612060546875,-0.7099483609199524,1.9724177122116089,0.269232839345932,0.8178068995475769,0.10265784710645676,-0.07379330694675446,0.7581943869590759,0.43650418519973755,0.2416655272245407,0.4197655916213989
590.0,-0.07057108730077744,-0.7847219705581665,2.1324992179870605,-0.7490668892860413,1.9098485708236694,0.22313198447227478,0.8100947141647339,0.09278996288776398,-0.07884065061807632,0.7467670440673828,0.45616409182548523,0.2523024082183838,0.41303372383117676
591.0,-0.08971644937992096,-0.7875649929046631,2.1487748622894287,-0.7734553217887878,1.8636175394058228,0.19001257419586182,0.8052470684051514,0.08465404063463211,-0.08009248971939087,0.738106369972229,0.46972793340682983,0.26002272963523865,0.40858641266822815
592.0,-0.05077800899744034,-0.7783862352371216,2.11514949798584,-0.7247042655944824,1.9581429958343506,0.25919902324676514,0.8143811225891113,0.10151175409555435,-0.07976527512073517,0.7556641697883606,0.4415491223335266,0.24405062198638916,0.41766658425331116
593.0,-0.02740189991891384,-0.7676485776901245,2.093257188796997,-0.6944937705993652,2.0177950859069824,0.3059854805469513,0.8188483715057373,0.111908920109272,-0.08270695060491562,0.7664911150932312,0.4225253164768219,0.23350834846496582,0.42360082268714905
594.0,0.0026295098941773176,-0.7543076872825623,2.056321620941162,-0.6379589438438416,2.0944161415100098,0.37300628423690796,0.8284136652946472,0.1260259598493576,-0.08375642448663712,0.7806016802787781,0.3969007432460785,0.21883723139762878,0.43039649724960327
595.0,-0.020949803292751312,-0.7594558596611023,2.088252544403076,-0.6910946369171143,2.0311648845672607,0.31802642345428467,0.8185843229293823,0.11532523483037949,-0.087946817278862,0.7690720558166504,0.41858354210853577,0.23091183602809906,0.4242590069770813
596.0,-0.04464627802371979,-0.7656694054603577,2.1132771968841553,-0.7300418615341187,1.9687057733535767,0.268563836812973,0.8119491934776306,0.10507623106241226,-0.08918586373329163,0.7577628493309021,0.43897828459739685,0.24201205372810364,0.4177604019641876
597.0,-0.06905753165483475,-0.7687073945999146,2.13627028465271,-0.7659685015678406,1.9085524082183838,0.22367316484451294,0.8050014972686768,0.09454759955406189,-0.09186023473739624,0.7468490600585938,0.4573917090892792,0.2521040737628937,0.41164645552635193
598.0,-0.09137146174907684,-0.7761275768280029,2.153672695159912,-0.789173424243927,1.8563129901885986,0.18575268983840942,0.8009225726127625,0.08481501787900925,-0.08966965973377228,0.73692786693573,0.47244739532470703,0.26092803478240967,0.40699803829193115
599.0,-0.13685242831707,-0.7821150422096252,2.182079792022705,-0.8277651071548462,1.7479419708251953,0.11301586776971817,0.7932868003845215,0.06620346754789352,-0.09043987840414047,0.7165648937225342,0.5030299425125122,0.2776360809803009,0.39549195766448975
600.0,-0.06232789531350136,-0.7739145159721375,2.1282501220703125,-0.7493152022361755,1.9269189834594727,0.23658275604248047,0.8089452385902405,0.09700555354356766,-0.08618710190057755,0.750104546546936,0.45154044032096863,0.24918889999389648,0.4139556884765625
601.0,-0.10915126651525497,-0.7855899333953857,2.1638545989990234,-0.7982692122459412,1.8145183324813843,0.15680333971977234,0.7999517917633057,0.07708113640546799,-0.08460221439599991,0.7289855480194092,0.48424407839775085,0.2677098214626312,0.4030129015445709
602.0,-0.14495255053043365,-0.7915308475494385,2.184370279312134,-0.8242672681808472,1.7304673194885254,0.10124245285987854,0.7947061657905579,0.062329258769750595,-0.08389963209629059,0.7129794359207153,0.50739586353302,0.28060445189476013,0.3942980170249939
603.0,-0.17263638973236084,-0.7923208475112915,2.198720932006836,-0.8438960313796997,1.667452335357666,0.060766395181417465,0.7900408506393433,0.05115627869963646,-0.0855046734213829,0.700677752494812,0.5238884687423706,0.2900336682796478,0.3879072964191437
604.0,-0.1687212437391281,-0.8000501990318298,2.194878339767456,-0.8328829407691956,1.677079200744629,0.06669733673334122,0.7930787205696106,0.05219731852412224,-0.0793110802769661,0.7023776173591614,0.5211324095726013,0.28890565037727356,0.3893844187259674
605.0,-0.13683973252773285,-0.8005881309509277,2.1773133277893066,-0.8076521754264832,1.750291109085083,0.11370779573917389,0.7991297841072083,0.06504874676465988,-0.07600967586040497,0.7164923548698425,0.5017328262329102,0.27800869941711426,0.3970063626766205
606.0,-0.11192421615123749,-0.7955694794654846,2.1629080772399902,-0.7898002862930298,1.810390591621399,0.1534280776977539,0.8025655150413513,0.07521481812000275,-0.07697425037622452,0.7280392050743103,0.4849150478839874,0.26862531900405884,0.4033072888851166
607.0,-0.07207837700843811,-0.7939249277114868,2.130748748779297,-0.7401638627052307,1.9090179204940796,0.22167620062828064,0.8128516674041748,0.09150099754333496,-0.07140640169382095,0.7464260458946228,0.4559311866760254,0.25268086791038513,0.41367557644844055
608.0,-0.020486654713749886,-0.780785858631134,2.077833890914917,-0.6593460440635681,2.043940544128418,0.3256344497203827,0.8273487091064453,0.11376287788152695,-0.06832081824541092,0.7710896134376526,0.412787526845932,0.2288035750389099,0.4274064302444458
609.0,-0.04003329947590828,-0.7888219952583313,2.099311113357544,-0.6911237239837646,1.9934899806976318,0.28453052043914795,0.821946918964386,0.1048908680677414,-0.06764133274555206,0.7618987560272217,0.42921221256256104,0.2380795031785965,0.42261725664138794
610.0,-0.09079334884881973,-0.8020557761192322,2.14494252204895,-0.7575877904891968,1.865228533744812,0.19001273810863495,0.809882402420044,0.08313414454460144,-0.06832073628902435,0.7381392121315002,0.46849551796913147,0.2601405680179596,0.4098650813102722
611.0,-0.13478907942771912,-0.8099099397659302,2.1734442710876465,-0.7954010963439941,1.7571182250976562,0.11770282685756683,0.8024893999099731,0.0651681050658226,-0.06838308274745941,0.717609167098999,0.4994102120399475,0.2772788405418396,0.3984256386756897
612.0,-0.20208793878555298,-0.8140737414360046,2.20426869392395,-0.8331116437911987,1.5993512868881226,0.01778237521648407,0.7931843400001526,0.03816711902618408,-0.07055781036615372,0.6865631341934204,0.5411835312843323,0.3005761206150055,0.3813207149505615
613.0,-0.1733764410018921,-0.80832439661026,2.195071220397949,-0.8270880579948425,1.6672942638397217,0.06028652563691139,0.7948339581489563,0.04976340010762215,-0.07328686118125916,0.7002227902412415,0.5233560800552368,0.2907028794288635,0.388945072889328
614.0,-0.23364076018333435,-0.8112627267837524,2.2142505645751953,-0.8452062606811523,1.526821255683899,-0.02741869166493416,0.7891454696655273,0.025779936462640762,-0.07382650673389435,0.6717950105667114,0.5595430135726929,0.31064513325691223,0.37296485900878906
615.0,-0.19623197615146637,-0.8056137561798096,2.204399824142456,-0.8400464653968811,1.612597107887268,0.026120105758309364,0.7912717461585999,0.04106184467673302,-0.07672375440597534,0.6894657015800476,0.5380189418792725,0.29833847284317017,0.3823176324367523
616.0,-0.2609110176563263,-0.8041265606880188,2.2218847274780273,-0.8567810654640198,1.4664666652679443,-0.06533955782651901,0.784746527671814,0.01514766737818718,-0.07957777380943298,0.6594083905220032,0.5742308497428894,0.3186546564102173,0.3659217357635498
617.0,-0.3210737705230713,-0.8025947213172913,2.22436785697937,-0.8449316620826721,1.3294683694839478,-0.1542680561542511,0.7828074097633362,-0.00965990498661995,-0.0796433612704277,0.6292470693588257,0.6073184013366699,0.33680322766304016,0.34896430373191833
618.0,-0.29977262020111084,-0.7953352928161621,2.2262682914733887,-0.8592259287834167,1.3782782554626465,-0.1224823147058487,0.7809953093528748,-0.00011288419045740739,-0.08564388006925583,0.6405503153800964,0.5960131287574768,0.32984569668769836,0.35449346899986267
619.0,-0.3242765963077545,-0.793012261390686,2.2265634536743164,-0.8542760610580444,1.324580430984497,-0.15810489654541016,0.7799170613288879,-0.01043509691953659,-0.08662936091423035,0.6286318898200989,0.6085031628608704,0.33683493733406067,0.3479771614074707
620.0,-0.34486863017082214,-0.7960557341575623,2.2243800163269043,-0.8421978950500488,1.2779977321624756,-0.18934495747089386,0.7807778120040894,-0.019576558843255043,-0.08345738053321838,0.617662250995636,0.6191055178642273,0.3433298170566559,0.34252941608428955
621.0,-0.3834083080291748,-0.794908344745636,2.215003490447998,-0.8123471140861511,1.1905622482299805,-0.2526373565196991,0.7826652526855469,-0.037217769771814346,-0.08143646270036697,0.5965951085090637,0.6396816372871399,0.3544248044490814,0.3305521309375763
622.0,-0.36149173974990845,-0.8027071356773376,2.218898296356201,-0.8221771121025085,1.2385673522949219,-0.21681492030620575,0.7836931943893433,-0.027629323303699493,-0.07737399637699127,0.607990562915802,0.6284034252166748,0.34873291850090027,0.3374047875404358
623.0,-0.40292173624038696,-0.798759937286377,2.2068636417388916,-0.7871672511100769,1.1414819955825806,-0.2893928289413452,0.7854626178741455,-0.04648124799132347,-0.07635031640529633,0.5834261775016785,0.6512401700019836,0.36144983768463135,0.3238118886947632
624.0,-0.44052374362945557,-0.7948886752128601,2.1872007846832275,-0.7363682389259338,1.0490591526031494,-0.3662641644477844,0.7896044254302979,-0.06500260531902313,-0.07336948812007904,0.5577775239944458,0.6732498407363892,0.37378886342048645,0.3096785545349121
625.0,-0.4180664122104645,-0.8025364875793457,2.1989588737487793,-0.7637313008308411,1.1013275384902954,-0.32030606269836426,0.7882139086723328,-0.05383988469839096,-0.07130184024572372,0.572057843208313,0.6606214642524719,0.3675006926059723,0.3182331621646881
626.0,-0.3690132796764374,-0.8102439641952515,2.2147390842437744,-0.807157576084137,1.2192611694335938,-0.23008383810520172,0.786516010761261,-0.03169461339712143,-0.07105877250432968,0.6029056310653687,0.6328731179237366,0.35172051191329956,0.3350660502910614
627.0,-0.31461381912231445,-0.8114080429077148,2.222315788269043,-0.8373809456825256,1.3418171405792236,-0.1455838978290558,0.7855349779129028,-0.007424078416079283,-0.07328201085329056,0.6315857768058777,0.6044146418571472,0.3357238173484802,0.35081613063812256
628.0,-0.34469443559646606,-0.8124387264251709,2.2199058532714844,-0.8234789371490479,1.2742013931274414,-0.19080379605293274,0.7858321070671082,-0.020658403635025024,-0.07117774337530136,0.6159220933914185,0.6199039816856384,0.34487834572792053,0.34266307950019836
629.0,-0.3911580443382263,-0.8127143383026123,2.2068183422088623,-0.7826880216598511,1.1645199060440063,-0.2702624499797821,0.7889400124549866,-0.0419837087392807,-0.06691111624240875,0.5886592268943787,0.6458566784858704,0.3593074679374695,0.32748693227767944
630.0,-0.34497156739234924,-0.8222187757492065,2.2169601917266846,-0.8118572235107422,1.2710340023040771,-0.192281112074852,0.7889093160629272,-0.02148761786520481,-0.06372581422328949,0.614666223526001,0.6205882430076599,0.34592530131340027,0.3426242470741272
631.0,-0.37277331948280334,-0.8196492195129395,2.2107200622558594,-0.7924825549125671,1.20716392993927,-0.2379939705133438,0.7897568345069885,-0.034090377390384674,-0.06348337233066559,0.5993257761001587,0.6357078552246094,0.35398924350738525,0.33373013138771057
632.0,-0.408319354057312,-0.8148130774497986,2.1991233825683594,-0.7602441906929016,1.1201817989349365,-0.3038885295391083,0.7912319898605347,-0.05008978024125099,-0.06301356852054596,0.5764669179916382,0.6562706828117371,0.36575353145599365,0.3212772011756897
633.0,-0.44346901774406433,-0.8063297271728516,2.180126667022705,-0.7141566276550293,1.0349780321121216,-0.3770034909248352,0.7943165302276611,-0.06758198887109756,-0.06334427744150162,0.5527674555778503,0.6766983270645142,0.3766511082649231,0.30767104029655457
634.0,-0.4643251299858093,-0.8012569546699524,2.16453218460083,-0.6761009097099304,0.9796731472015381,-0.42891925573349,0.7972428202629089,-0.07832293957471848,-0.06206779554486275,0.5357286334037781,0.6901828050613403,0.38427895307540894,0.2982821762561798
635.0,-0.43049898743629456,-0.8046516180038452,2.1902027130126953,-0.7404167652130127,1.0693994760513306,-0.34707409143447876,0.791149377822876,-0.06052376702427864,-0.06742985546588898,0.5629733204841614,0.6683615446090698,0.3718319833278656,0.3132009506225586
636.0,-0.47418659925460815,-0.7912061214447021,2.160015821456909,-0.6682630181312561,0.9586999416351318,-0.451173335313797,0.7959685325622559,-0.08294446766376495,-0.0677214115858078,0.5296505093574524,0.6951761245727539,0.386585533618927,0.29453718662261963
637.0,-0.4561600685119629,-0.7954502701759338,2.1747374534606934,-0.7042962312698364,1.0072308778762817,-0.404055655002594,0.793100118637085,-0.07344599068164825,-0.069333016872406,0.5450533628463745,0.6834062933921814,0.37969499826431274,0.30282726883888245
638.0,-0.4952393174171448,-0.7799258232116699,2.140331983566284,-0.6239768266677856,0.905856728553772,-0.5100008845329285,0.7989039421081543,-0.09486563503742218,-0.06972728669643402,0.5123348832130432,0.7083717584609985,0.3934016227722168,0.28453049063682556
639.0,-0.5102682709693909,-0.7692586183547974,2.124300956726074,-0.5886939764022827,0.868852436542511,-0.5561213493347168,0.8010261058807373,-0.10382401198148727,-0.07237346470355988,0.49951478838920593,0.7178180813789368,0.3980942368507385,0.27702558040618896
640.0,-0.5386321544647217,-0.7473334670066833,2.0842015743255615,-0.49612101912498474,0.7910577654838562,-0.6658823490142822,0.807428240776062,-0.12196127325296402,-0.0746607705950737,0.46902960538864136,0.7382041811943054,0.40922239422798157,0.2600058317184448
641.0,-0.556930661201477,-0.7309930324554443,2.042909622192383,-0.3991781175136566,0.7347358465194702,-0.7649457454681396,0.8166184425354004,-0.1368376761674881,-0.07190441340208054,0.4428725242614746,0.7543636560440063,0.417870432138443,0.2453237771987915
642.0,-0.5750271677970886,-0.7047754526138306,1.9935283660888672,-0.2813268005847931,0.678648829460144,-0.8891092538833618,0.8262522220611572,-0.15283188223838806,-0.07211446762084961,0.41237831115722656,0.7715631127357483,0.42720192670822144,0.22832715511322021
643.0,-0.5882002711296082,-0.6766108274459839,1.9388326406478882,-0.14733625948429108,0.6331775784492493,-1.02431058883667,0.8382595181465149,-0.16795840859413147,-0.07034879922866821,0.38090071082115173,0.7877505421638489,0.435835599899292,0.21073943376541138
644.0,-0.5788192749023438,-0.6987980604171753,1.9713410139083862,-0.22673507034778595,0.6599050164222717,-0.9381839036941528,0.8326437473297119,-0.15837989747524261,-0.06740117073059082,0.3999654948711395,0.7779905796051025,0.4309089481830597,0.22153058648109436
645.0,-0.5510724186897278,-0.7423194050788879,2.0482301712036133,-0.40850263833999634,0.7434079647064209,-0.745250403881073,0.8178204894065857,-0.13336408138275146,-0.06525378674268723,0.446417897939682,0.7518264651298523,0.41723987460136414,0.2477477639913559
646.0,-0.5418549180030823,-0.7499191164970398,2.070957899093628,-0.4627244174480438,0.7742425203323364,-0.6913628578186035,0.8124158382415771,-0.1256687045097351,-0.06804455816745758,0.4609973132610321,0.7429864406585693,0.41231629252433777,0.25582796335220337
647.0,-0.52545565366745,-0.7631431818008423,2.100292682647705,-0.530412495136261,0.8214297890663147,-0.6179937720298767,0.8065093159675598,-0.1137973815202713,-0.06856727600097656,0.48088011145591736,0.7301110029220581,0.4054407477378845,0.26703938841819763
648.0,-0.5052439570426941,-0.7786165475845337,2.125739574432373,-0.5886618494987488,0.8757808208465576,-0.5453999638557434,0.8029294610023499,-0.10150357335805893,-0.06601538509130478,0.5013313889503479,0.7161000370979309,0.39785394072532654,0.27853187918663025
649.0,-0.5204401612281799,-0.7729873061180115,2.1018662452697754,-0.5308383107185364,0.8279616832733154,-0.6064856052398682,0.8085314035415649,-0.11144161969423294,-0.0618474967777729,0.4827251732349396,0.7284635305404663,0.4052278399467468,0.26852911710739136
650.0,-0.502741813659668,-0.7866955399513245,2.1237289905548096,-0.5806001424789429,0.8754442930221558,-0.543778657913208,0.8055009245872498,-0.10072437673807144,-0.05943507328629494,0.5004443526268005,0.7162736654281616,0.3986566960811615,0.2785325050354004
651.0,-0.4242018461227417,-0.8176749348640442,2.1890151500701904,-0.7328523397445679,1.0787678956985474,-0.3372308313846588,0.7946046590805054,-0.05833049491047859,-0.058043379336595535,0.5647334456443787,0.6661218404769897,0.37161657214164734,0.31505393981933594
652.0,-0.45295771956443787,-0.8103787899017334,2.170318365097046,-0.687593936920166,1.0054678916931152,-0.40310171246528625,0.7979165315628052,-0.07288192957639694,-0.05747987702488899,0.5432435274124146,0.683992862701416,0.381251722574234,0.302799254655838
653.0,-0.47618135809898376,-0.8021321296691895,2.1520538330078125,-0.6443525552749634,0.9441625475883484,-0.4632836878299713,0.8008255362510681,-0.0850682333111763,-0.05737103894352913,0.5238562226295471,0.6987174153327942,0.3898128569126129,0.2922581136226654
654.0,-0.5167113542556763,-0.7807325124740601,2.1025164127349854,-0.5297924280166626,0.8322860598564148,-0.5986270904541016,0.8102773427963257,-0.10975154489278793,-0.056357089430093765,0.48381200432777405,0.7273836731910706,0.40521177649497986,0.2695225775241852
655.0,-0.5366209745407104,-0.7661216259002686,2.0658838748931885,-0.44458895921707153,0.7719632387161255,-0.6893385052680969,0.8181713223457336,-0.12416811287403107,-0.05387670174241066,0.4584927558898926,0.7436376810073853,0.41420748829841614,0.2553812265396118
656.0,-0.5477959513664246,-0.751343846321106,2.0461082458496094,-0.39970624446868896,0.7425069212913513,-0.7432620525360107,0.8207811713218689,-0.13211598992347717,-0.057434339076280594,0.4451490044593811,0.7520763278007507,0.4182543158531189,0.24756194651126862
657.0,-0.5316303372383118,-0.7667564153671265,2.0811572074890137,-0.48177385330200195,0.7926550507545471,-0.6571843028068542,0.8133697509765625,-0.11951204389333725,-0.059009287506341934,0.4680708348751068,0.7377836108207703,0.41071662306785583,0.2605702579021454
658.0,-0.5607953667640686,-0.7320497632026672,2.0206308364868164,-0.34094059467315674,0.7082826495170593,-0.8129902482032776,0.8240985870361328,-0.14184297621250153,-0.06189388409256935,0.4283950924873352,0.7619752287864685,0.4233458340167999,0.23801204562187195
659.0,-0.5731685161590576,-0.7115263938903809,1.981381893157959,-0.24813096225261688,0.6690636873245239,-0.9083742499351501,0.832431435585022,-0.15400338172912598,-0.06154802814126015,0.4055367410182953,0.7746486067771912,0.42989546060562134,0.2250548005104065
660.0,-0.5631325244903564,-0.7316965460777283,2.0052802562713623,-0.30159687995910645,0.6918284893035889,-0.8456982374191284,0.8291664719581604,-0.14524443447589874,-0.05561977997422218,0.41890284419059753,0.7668081521987915,0.4268043637275696,0.23316076397895813
661.0,-0.576826810836792,-0.704278826713562,1.9573391675949097,-0.18654049932956696,0.6480728387832642,-0.9653135538101196,0.838969886302948,-0.1593073159456253,-0.05631238594651222,0.391059935092926,0.7818744778633118,0.43424859642982483,0.21719242632389069
662.0,-0.5862953066825867,-0.6801588535308838,1.921115756034851,-0.09669560939073563,0.6195507049560547,-1.0616968870162964,0.8456450700759888,-0.16957561671733856,-0.058468129485845566,0.36969998478889465,0.7922399044036865,0.4399242103099823,0.20529134571552277
663.0,-0.5950312614440918,-0.6423022747039795,1.8548674583435059,0.07191464304924011,0.5851649641990662,-1.23130464553833,0.8613255620002747,-0.18496479094028473,-0.05651380494236946,0.3325197994709015,0.808923065662384,0.4484354555606842,0.18433605134487152
664.0,-0.5943619012832642,-0.6511228084564209,1.8769866228103638,0.01153888925909996,0.5960392355918884,-1.1744595766067505,0.8550302982330322,-0.18117749691009521,-0.061018381267786026,0.3458053171634674,0.8035222291946411,0.44506561756134033,0.19153928756713867
665.0,-0.5841207504272461,-0.6866387128829956,1.943539023399353,-0.156053364276886,0.6367161273956299,-1.0074093341827393,0.8392512202262878,-0.1651327759027481,-0.0642693042755127,0.3833007216453552,0.7862136960029602,0.4356941282749176,0.21241280436515808
666.0,-0.5914537906646729,-0.6655436158180237,1.9078119993209839,-0.06658979505300522,0.611816942691803,-1.0996062755584717,0.8467977046966553,-0.17447461187839508,-0.06426630169153214,0.36272764205932617,0.7959144711494446,0.4410702884197235,0.2010120153427124
667.0,-0.6005207896232605,-0.6284351944923401,1.851688265800476,0.0737534910440445,0.5854194164276123,-1.2457929849624634,0.8588138222694397,-0.18870055675506592,-0.06723500043153763,0.33188652992248535,0.8098366856575012,0.44762077927589417,0.18344353139400482
668.0,-0.5979754328727722,-0.6434705257415771,1.880273699760437,-0.0013610887108370662,0.5985087156295776,-1.1716012954711914,0.85162752866745,-0.18265719711780548,-0.06947151571512222,0.3483694791793823,0.8029020428657532,0.443752259016037,0.1925387680530548
669.0,-0.5960812568664551,-0.6535837650299072,1.9039771556854248,-0.061265356838703156,0.6102964282035828,-1.1153734922409058,0.8449970483779907,-0.1775609254837036,-0.07259106636047363,0.3612160384654999,0.7971568703651428,0.44067132472991943,0.1996816098690033
670.0,-0.6050480008125305,-0.6127814650535583,1.8376505374908447,0.10686419159173965,0.5808723568916321,-1.287117838859558,0.8600900769233704,-0.19359643757343292,-0.0734434574842453,0.324450820684433,0.8132067322731018,0.4487445056438446,0.17903874814510345
671.0,-0.6075167655944824,-0.5886704921722412,1.7966099977493286,0.21483148634433746,0.5696132183074951,-1.3955386877059937,0.8706192970275879,-0.20222243666648865,-0.0721207857131958,0.3009420931339264,0.82227623462677,0.45358335971832275,0.1660054326057434
672.0,-0.6044908165931702,-0.5918384790420532,1.7895307540893555,0.2373518943786621,0.5671676397323608,-1.4102410078048706,0.8747299313545227,-0.2017596811056137,-0.06505974382162094,0.2962232232093811,0.8236523270606995,0.4550447463989258,0.16365501284599304
673.0,-0.6015312671661377,-0.6151793003082275,1.8233673572540283,0.151796355843544,0.5737965106964111,-1.3213067054748535,0.866612434387207,-0.19386102259159088,-0.06278935074806213,0.3147212564945221,0.8163052201271057,0.4519268572330475,0.17423748970031738
674.0,-0.6036250591278076,-0.5768128633499146,1.759599208831787,0.3206721544265747,0.5624725222587585,-1.49124276638031,0.8837217688560486,-0.20661069452762604,-0.060952361673116684,0.27781790494918823,0.8299716114997864,0.4586842656135559,0.15353621542453766
675.0,-0.6061513423919678,-0.5477786064147949,1.7214388847351074,0.42257726192474365,0.5617241859436035,-1.6008541584014893,0.8927242159843445,-0.2153719812631607,-0.06487264484167099,0.25455883145332336,0.8375182151794434,0.46259474754333496,0.1406029909849167
676.0,-0.6061710715293884,-0.5248399376869202,1.6885814666748047,0.5047786831855774,0.5667064189910889,-1.6864789724349976,0.9019134044647217,-0.22226305305957794,-0.06783133745193481,0.23537923395633698,0.8436492681503296,0.46479666233062744,0.1296788901090622
677.0,-0.6031847596168518,-0.5087794065475464,1.6589056253433228,0.5876327753067017,0.5724608898162842,-1.7686694860458374,0.9118305444717407,-0.22652678191661835,-0.06492704153060913,0.21519602835178375,0.848984956741333,0.46781840920448303,0.11858003586530685
678.0,-0.5956823229789734,-0.4766406714916229,1.6003472805023193,0.7440466284751892,0.5925987958908081,-1.924214243888855,0.9324132800102234,-0.23456145823001862,-0.0610869936645031,0.17448969185352325,0.8582481145858765,0.4729865491390228,0.09616249799728394
679.0,-0.5994418263435364,-0.4941888749599457,1.6306630373001099,0.6694117188453674,0.5799605846405029,-1.8496737480163574,0.9217790365219116,-0.2300989329814911,-0.06100574508309364,0.19447708129882812,0.8536026477813721,0.4711867570877075,0.1073509231209755
680.0,-0.6028457283973694,-0.5296798944473267,1.685949444770813,0.5181358456611633,0.5655829906463623,-1.6933395862579346,0.904773473739624,-0.22061310708522797,-0.060924384742975235,0.2323828488588333,0.8441062569618225,0.46586889028549194,0.12825392186641693
681.0,-0.6032189726829529,-0.5500959157943726,1.715864658355713,0.44206055998802185,0.5608622431755066,-1.6145213842391968,0.896160364151001,-0.21460197865962982,-0.05893554165959358,0.2502186596393585,0.8385502696037292,0.46376076340675354,0.13838359713554382
682.0,-0.6006943583488464,-0.5984070897102356,1.7859817743301392,0.2523473799228668,0.5649394392967224,-1.4161988496780396,0.8781804442405701,-0.2000575214624405,-0.05664486065506935,0.2930864989757538,0.8243139386177063,0.45637375116348267,0.1622646301984787
683.0,-0.5976343154907227,-0.6240852475166321,1.8231691122055054,0.15732638537883759,0.5722557902336121,-1.317370057106018,0.8691732287406921,-0.1915598064661026,-0.05445638671517372,0.3136776387691498,0.8161940574645996,0.45291852951049805,0.174064502120018
684.0,-0.6007185578346252,-0.5764082074165344,1.74857759475708,0.35662350058555603,0.5599722266197205,-1.5212327241897583,0.8885760307312012,-0.20670954883098602,-0.05403761938214302,0.26980769634246826,0.8321964144706726,0.46079695224761963,0.14939568936824799
685.0,-0.6000223755836487,-0.543712317943573,1.697433352470398,0.4945659041404724,0.5620220899581909,-1.6623008251190186,0.9033506512641907,-0.21630485355854034,-0.05365479364991188,0.23815830051898956,0.8419799208641052,0.4658215641975403,0.13176000118255615
686.0,-0.5982680320739746,-0.5098866820335388,1.6480345726013184,0.6281037926673889,0.5734476447105408,-1.802256464958191,0.9177879095077515,-0.22544966638088226,-0.0557134635746479,0.2052852362394333,0.8508576154708862,0.47014132142066956,0.11343035846948624
687.0,-0.5918954610824585,-0.4758232831954956,1.5914393663406372,0.7748643755912781,0.5963959097862244,-1.9513994455337524,0.937019407749176,-0.23392829298973083,-0.05555959418416023,0.16608956456184387,0.8596616387367249,0.4743392765522003,0.09164397418498993
688.0,-0.5875045657157898,-0.4510745108127594,1.5529547929763794,0.869695246219635,0.6180657148361206,-2.0502302646636963,0.949799656867981,-0.23993684351444244,-0.058145929127931595,0.138177752494812,0.8646836280822754,0.4768873453140259,0.07620730996131897
689.0,-0.5824952721595764,-0.4366767704486847,1.5262131690979004,0.9315521717071533,0.634859025478363,-2.1115102767944336,0.959873378276825,-0.24284721910953522,-0.05811886116862297,0.11885256320238113,0.8676680326461792,0.47826191782951355,0.06551198661327362
690.0,-0.5755167007446289,-0.4220464825630188,1.4964312314987183,1.0008811950683594,0.6565964221954346,-2.1795437335968018,0.9715741872787476,-0.245055690407753,-0.056803371757268906,0.09569422155618668,0.8706520795822144,0.47961336374282837,0.052714768797159195
691.0,-0.5904718041419983,-0.4479603171348572,1.5551509857177734,0.8559028506278992,0.6172217726707458,-2.0403106212615967,0.9474044442176819,-0.2415378987789154,-0.0637444257736206,0.14194954931735992,0.8644376993179321,0.47591015696525574,0.07814934104681015
692.0,-0.578715443611145,-0.41799411177635193,1.4973220825195312,0.9888800978660583,0.65530925989151,-2.1712446212768555,0.9694879651069641,-0.24716995656490326,-0.06286776065826416,0.09932566434144974,0.8705819845199585,0.47878751158714294,0.05462540313601494
693.0,-0.5699834823608398,-0.40152478218078613,1.4626028537750244,1.0692803859710693,0.6828222870826721,-2.250004291534424,0.9832382202148438,-0.2492760717868805,-0.06083369627594948,0.0710633397102356,0.8731129169464111,0.48072144389152527,0.03912629559636116
694.0,-0.5670491456985474,-0.38702768087387085,1.4405237436294556,1.1048434972763062,0.700266420841217,-2.2873380184173584,0.9902923107147217,-0.25245389342308044,-0.06616057455539703,0.05694131925702095,0.8746058344841003,0.4804621636867523,0.031280551105737686
695.0,-0.5739922523498535,-0.39793312549591064,1.4653184413909912,1.052169919013977,0.6797648668289185,-2.237030029296875,0.9801804423332214,-0.25153592228889465,-0.06761977076530457,0.07658654451370239,0.873092770576477,0.4796594977378845,0.04207509011030197
696.0,-0.5822262763977051,-0.41503000259399414,1.500078797340393,0.9731152653694153,0.6527238488197327,-2.1591389179229736,0.9667237997055054,-0.2490369826555252,-0.06873783469200134,0.10424605011940002,0.8703170418739319,0.4779165983200073,0.05724456161260605
697.0,-0.5892582535743713,-0.42974796891212463,1.530975103378296,0.9052013158798218,0.6324400901794434,-2.0941829681396484,0.9544004201889038,-0.24652142822742462,-0.06985120475292206,0.1263337880373001,0.8671754002571106,0.47668030858039856,0.06944480538368225
698.0,-0.5950505137443542,-0.44950923323631287,1.566217303276062,0.8187316060066223,0.6113699078559875,-2.0069997310638428,0.9417217969894409,-0.24215352535247803,-0.06992968916893005,0.1526349037885666,0.8630341291427612,0.47417497634887695,0.08386187255382538
699.0,-0.5995055437088013,-0.47146061062812805,1.6025606393814087,0.73007732629776,0.5929766297340393,-1.9166579246520996,0.9293423295021057,-0.23668275773525238,-0.06858418136835098,0.17789503931999207,0.8579461574554443,0.47191816568374634,0.0978521853685379
700.0,-0.603565514087677,-0.4725050926208496,1.6130445003509521,0.6980264782905579,0.5894467830657959,-1.8895941972732544,0.9238979816436768,-0.23699967563152313,-0.07424432039260864,0.18630516529083252,0.856350302696228,0.4706081748008728,0.10238420218229294
701.0,-0.6057555675506592,-0.503923773765564,1.6589818000793457,0.5808462500572205,0.5736206769943237,-1.7666304111480713,0.910224199295044,-0.22828106582164764,-0.07051219046115875,0.21674807369709015,0.8489220142364502,0.4670458436012268,0.11924686282873154
702.0,-0.6091874241828918,-0.5173078775405884,1.6866291761398315,0.5038261413574219,0.5686022639274597,-1.6920868158340454,0.9004607200622559,-0.22463135421276093,-0.07453525811433792,0.235409215092659,0.8440384268760681,0.4641377627849579,0.12945179641246796
703.0,-0.6092066764831543,-0.5566628575325012,1.745947241783142,0.34834080934524536,0.5640925168991089,-1.5315498113632202,0.8840054869651794,-0.2127149999141693,-0.07229995727539062,0.2714415192604065,0.8327646851539612,0.4587613344192505,0.14953429996967316
704.0,-0.6109801530838013,-0.5658538341522217,1.7682108879089355,0.2842879891395569,0.5669744610786438,-1.471130609512329,0.8766301274299622,-0.20967300236225128,-0.0773155465722084,0.28574317693710327,0.828216016292572,0.4557275176048279,0.15723074972629547
705.0,-0.6123697757720947,-0.5373509526252747,1.725534439086914,0.39880886673927307,0.5650420188903809,-1.5899724960327148,0.8875890374183655,-0.21859897673130035,-0.07851368188858032,0.2598085105419159,0.8367736339569092,0.4603078067302704,0.14292022585868835
706.0,-0.6085037589073181,-0.6546093821525574,2.148202896118164,-2.8761777877807617,-0.5781206488609314,1.3471750020980835,0.911408543586731,-0.23250712454319,-0.07803511619567871,0.211355060338974,0.8507229089736938,0.46704980731010437,0.11603464931249619
707.0,-0.6066615581512451,-0.6646082401275635,2.1223626136779785,-2.7685470581054688,-0.5891661047935486,1.2611196041107178,0.9210824370384216,-0.2383880913257599,-0.0799211710691452,0.18981170654296875,0.8558430075645447,0.46973493695259094,0.10417939722537994
708.0,-0.6018692851066589,-0.6756090521812439,2.097815752029419,-2.6769955158233643,-0.6011603474617004,1.1933331489562988,0.9316650629043579,-0.24172164499759674,-0.07775606960058212,0.17070066928863525,0.8600336909294128,0.47163575887680054,0.09361091256141663
709.0,-0.5953283309936523,-0.6862937808036804,2.0580437183380127,-2.5412728786468506,-0.6234201788902283,1.0892293453216553,0.9466764330863953,-0.2471165657043457,-0.07693298906087875,0.1403404027223587,0.8654619455337524,0.4747152030467987,0.07697822898626328
710.0,-0.5869431495666504,-0.691459059715271,2.0150833129882812,-2.417659282684326,-0.6506000757217407,0.9950549602508545,0.9627837538719177,-0.2515231966972351,-0.07672496140003204,0.10972478240728378,0.8700703382492065,0.47678378224372864,0.06012731418013573
711.0,-0.579767644405365,-0.6958216428756714,1.986344814300537,-2.338191032409668,-0.6698286533355713,0.936520516872406,0.9739136695861816,-0.2529059648513794,-0.0739806517958641,0.08885172754526138,0.8723617196083069,0.4782443940639496,0.048710115253925323
712.0,-0.5724995732307434,-0.6962252855300903,1.9529722929000854,-2.2532832622528076,-0.6941426992416382,0.8710930347442627,0.9856252074241638,-0.25501418113708496,-0.07334675639867783,0.0647602528333664,0.8742778301239014,0.47977232933044434,0.03553810715675354
713.0,-0.5537952184677124,-0.6889475584030151,1.8802204132080078,-2.099698066711426,-0.7562481164932251,0.7505853176116943,1.0117499828338623,-0.25731849670410156,-0.07400958240032196,0.012335591949522495,0.8777207136154175,0.47896671295166016,0.006731454748660326
714.0,-0.5645292401313782,-0.6891647577285767,1.9156910181045532,-2.1789090633392334,-0.7237899899482727,0.8112578988075256,0.9988381266593933,-0.2577757239341736,-0.07711267471313477,0.039920542389154434,0.8764692544937134,0.47930312156677246,0.021830817684531212
715.0,-0.5815732479095459,-0.6877392530441284,1.980375051498413,-2.3342032432556152,-0.6746329069137573,0.9279681444168091,0.9746041893959045,-0.255971759557724,-0.08081777393817902,0.08661557734012604,0.8729711771011353,0.4776744246482849,0.047394510358572006
716.0,-0.5721025466918945,-0.6876192688941956,1.9394924640655518,-2.234098196029663,-0.705213725566864,0.8510749340057373,0.9892926216125488,-0.25822773575782776,-0.08017000555992126,0.05725487321615219,0.8753775358200073,0.47901424765586853,0.03133036568760872
717.0,-0.5551788210868835,-0.6818040013313293,1.8755494356155396,-2.0997111797332764,-0.7593144178390503,0.7466111779212952,1.0125514268875122,-0.25981926918029785,-0.07986092567443848,0.011172167025506496,0.8779394626617432,0.4786027669906616,0.0060904319398105145
718.0,-0.538317859172821,-0.6693552136421204,1.813570261001587,-1.9828206300735474,-0.8214435577392578,0.6484750509262085,1.0330767631530762,-0.26037055253982544,-0.08275134861469269,-0.037217505276203156,0.877987265586853,0.4768068194389343,-0.020211637020111084
719.0,-0.528013288974762,-0.6682671308517456,1.7873361110687256,-1.9314535856246948,-0.8490442633628845,0.608951210975647,1.0429176092147827,-0.2575737237930298,-0.07883159816265106,-0.059405311942100525,0.8768866062164307,0.47592154145240784,-0.03224164620041847
720.0,-0.5187346339225769,-0.6631647944450378,1.7612730264663696,-1.8915235996246338,-0.8748409152030945,0.5774165391921997,1.05322265625,-0.25590935349464417,-0.07797405123710632,-0.07891619205474854,0.8759397268295288,0.47400227189064026,-0.042704373598098755
721.0,-0.5113624930381775,-0.6554768681526184,1.7381829023361206,-1.862533450126648,-0.8977396488189697,0.5524433255195618,1.0622494220733643,-0.25529956817626953,-0.07999235391616821,-0.09529857337474823,0.8751139044761658,0.47165223956108093,-0.051362212747335434
722.0,-0.4933549165725708,-0.6471355557441711,1.6969422101974487,-1.8051459789276123,-0.9469388127326965,0.5028939843177795,1.078912377357483,-0.24958017468452454,-0.07784779369831085,-0.1308550238609314,0.8723978400230408,0.4657452702522278,-0.06985931098461151
723.0,-0.4819471538066864,-0.6420779228210449,1.6710455417633057,-1.7692443132400513,-0.9754127860069275,0.4734940826892853,1.089599847793579,-0.24545918405056,-0.07558286190032959,-0.1521451473236084,0.8695223927497864,0.46284326910972595,-0.08098624646663666
724.0,-0.46933114528656006,-0.6303085088729858,1.640547752380371,-1.7397040128707886,-1.011305332183838,0.44301626086235046,1.1022802591323853,-0.24180029332637787,-0.07874104380607605,-0.17695030570030212,0.8666683435440063,0.4570203423500061,-0.09331122785806656
725.0,-0.4474824070930481,-0.615967869758606,1.593900203704834,-1.6887167692184448,-1.0665701627731323,0.3941577672958374,1.1219909191131592,-0.23286326229572296,-0.07889015972614288,-0.21669475734233856,0.8594532012939453,0.44896525144577026,-0.11319803446531296
726.0,-0.45891839265823364,-0.6225995421409607,1.6177361011505127,-1.7161685228347778,-1.038737416267395,0.4194152057170868,1.1119085550308228,-0.23788775503635406,-0.07971929013729095,-0.19636492431163788,0.8636504411697388,0.45271798968315125,-0.10293276607990265
727.0,-0.5025351047515869,-0.6465802788734436,1.7141605615615845,-1.8363759517669678,-0.9259552955627441,0.5266585350036621,1.0717778205871582,-0.2538614571094513,-0.08298104256391525,-0.11441544443368912,0.8744927048683167,0.46736761927604675,-0.06114867702126503
728.0,-0.48098158836364746,-0.6317675709724426,1.6608021259307861,-1.7707878351211548,-0.9831762909889221,0.47001558542251587,1.0938552618026733,-0.247625932097435,-0.0831846222281456,-0.15609249472618103,0.8699228763580322,0.460480660200119,-0.08262522518634796
729.0,-0.49335265159606934,-0.6384243965148926,1.6898635625839233,-1.8092312812805176,-0.9516067504882812,0.5022171139717102,1.081858515739441,-0.2518264353275299,-0.08469285070896149,-0.13264226913452148,0.873077929019928,0.4638690650463104,-0.07047326862812042
730.0,-0.4715487062931061,-0.6218740940093994,1.6380714178085327,-1.7516566514968872,-1.0111663341522217,0.4477899968624115,1.1033700704574585,-0.2450542002916336,-0.08686640113592148,-0.1749797910451889,0.8681426644325256,0.4552905559539795,-0.09176675230264664
731.0,-0.45874646306037903,-0.6141965985298157,1.6110740900039673,-1.7213469743728638,-1.0427253246307373,0.41946130990982056,1.1149550676345825,-0.23977313935756683,-0.08649773895740509,-0.19794321060180664,0.8643198013305664,0.45068466663360596,-0.1032140702009201
732.0,-0.4823746979236603,-0.6231949329376221,1.6568856239318848,-1.7805970907211304,-0.9849180579185486,0.4731404781341553,1.0955052375793457,-0.2504473626613617,-0.09094099700450897,-0.15546606481075287,0.871129035949707,0.4585494101047516,-0.08183503895998001
733.0,-0.4903242886066437,-0.6308354735374451,1.6778254508972168,-1.802517294883728,-0.962561845779419,0.49378702044487,1.0868377685546875,-0.2523689866065979,-0.0890536680817604,-0.13963624835014343,0.872842013835907,0.4617275297641754,-0.07386663556098938
734.0,-0.5028964877128601,-0.63704514503479,1.7071409225463867,-1.842063546180725,-0.9304516911506653,0.5268062949180603,1.0746169090270996,-0.2564948797225952,-0.09066560864448547,-0.11576955020427704,0.8753714561462402,0.46533310413360596,-0.061541199684143066
735.0,-0.5137735605239868,-0.648312509059906,1.7372444868087769,-1.8739948272705078,-0.8969221115112305,0.5575916171073914,1.062398076057434,-0.2581797242164612,-0.0868210569024086,-0.09282416105270386,0.8761057257652283,0.47046560049057007,-0.04984624311327934
736.0,-0.5218318104743958,-0.6561337113380432,1.7619426250457764,-1.9055986404418945,-0.872124969959259,0.5847551226615906,1.0527111291885376,-0.2589641511440277,-0.08490757644176483,-0.07501827925443649,0.876900851726532,0.47305330634117126,-0.040469393134117126
737.0,-0.533936619758606,-0.6591842770576477,1.7928681373596191,-1.9584791660308838,-0.8405984044075012,0.6251806020736694,1.0403163433074951,-0.2619895339012146,-0.08848074823617935,-0.050426214933395386,0.8780888319015503,0.4750504493713379,-0.027280831709504128
738.0,-0.5458601117134094,-0.6648328900337219,1.8279826641082764,-2.020113229751587,-0.8048372864723206,0.6749212741851807,1.027298092842102,-0.2636774778366089,-0.08925200253725052,-0.0227571539580822,0.8785569071769714,0.4769352376461029,-0.012353995814919472
739.0,-0.5581813454627991,-0.6682891845703125,1.8678183555603027,-2.1024820804595947,-0.7638123631477356,0.7413844466209412,1.013631820678711,-0.26458749175071716,-0.09106984734535217,0.010029294528067112,0.8783158659934998,0.4779444634914398,0.00545754237100482
740.0,-0.5380587577819824,-0.6519087553024292,1.7958428859710693,-1.977447509765625,-0.835232675075531,0.6363560557365417,1.038761019706726,-0.26528051495552063,-0.09582237154245377,-0.04435976967215538,0.8789085149765015,0.4743195176124573,-0.02393958531320095
741.0,-0.5483782887458801,-0.6550542116165161,1.8236781358718872,-2.025414228439331,-0.8068121671676636,0.6737473607063293,1.0276515483856201,-0.26714473962783813,-0.09765040874481201,-0.022507084533572197,0.8788341879844666,0.4764399230480194,-0.0122017040848732
742.0,-0.5657237768173218,-0.6648257374763489,1.8872867822647095,-2.149394989013672,-0.7477338910102844,0.7737170457839966,1.0054682493209839,-0.2663115859031677,-0.09638907760381699,0.025369031354784966,0.8782222270965576,0.4773803651332855,0.013789992779493332
743.0,-0.5806512236595154,-0.6680940389633179,1.942069411277771,-2.2662885189056396,-0.703984260559082,0.8624507188796997,0.9846189618110657,-0.2649340033531189,-0.09725386649370193,0.06404118239879608,0.8757121562957764,0.4772930145263672,0.03490462899208069
744.0,-0.5714578628540039,-0.6702641844749451,1.9134081602096558,-2.1991591453552246,-0.7267221212387085,0.8138042688369751,0.9962355494499207,-0.26453718543052673,-0.09379513561725616,0.042861782014369965,0.8772380352020264,0.47756868600845337,0.023333966732025146
745.0,-0.5863934755325317,-0.6740854978561401,1.978615641593933,-2.3481717109680176,-0.67714524269104,0.9292871356010437,0.9725981950759888,-0.2604522705078125,-0.09236972033977509,0.08854519575834274,0.8734495043754578,0.4763546288013458,0.04829004034399986
746.0,-0.5795140266418457,-0.6768105626106262,1.9511358737945557,-2.2757201194763184,-0.6966795921325684,0.8753066658973694,0.9828804731369019,-0.2616114616394043,-0.09000227600336075,0.06829193234443665,0.874958872795105,0.4779036045074463,0.037301138043403625
747.0,-0.5715867877006531,-0.679639995098114,1.92666494846344,-2.215970277786255,-0.715756893157959,0.8323574066162109,0.9928149580955505,-0.2611590325832367,-0.08641010522842407,0.050044357776641846,0.8763220906257629,0.4783400595188141,0.027316691353917122
748.0,-0.5624537467956543,-0.6783185005187988,1.8944638967514038,-2.1468191146850586,-0.7412196397781372,0.780616044998169,1.005171298980713,-0.26148438453674316,-0.08486444503068924,0.027269400656223297,0.8775046467781067,0.47856125235557556,0.014871804043650627
749.0,-0.584385871887207,-0.38593024015426636,1.469136118888855,1.0123584270477295,0.6742990612983704,-2.208580255508423,0.9729546904563904,-0.2580610513687134,-0.08656824380159378,0.08913858979940414,0.8730539679527283,0.47692784667015076,0.04869421571493149
750.0,-0.5895792841911316,-0.4020717740058899,1.4984511137008667,0.9548889994621277,0.6542779207229614,-2.151979446411133,0.9623645544052124,-0.25464025139808655,-0.08424359560012817,0.10891395807266235,0.8706194162368774,0.47603923082351685,0.05955222249031067
751.0,-0.5981459021568298,-0.41334229707717896,1.5283414125442505,0.8841827511787415,0.6348902583122253,-2.0867440700531006,0.9493982195854187,-0.253374844789505,-0.08883631974458694,0.13162817060947418,0.8674226999282837,0.4744146466255188,0.07199066132307053
752.0,-0.603213906288147,-0.4270586669445038,1.5554635524749756,0.8155351877212524,0.6191816329956055,-2.018909454345703,0.9392848610877991,-0.2503824234008789,-0.09052854031324387,0.15238222479820251,0.8642889261245728,0.4720771014690399,0.083231620490551
753.0,-0.5932417511940002,-0.3924117684364319,1.4936496019363403,0.9516597390174866,0.65762859582901,-2.1549887657165527,0.9611353874206543,-0.25834783911705017,-0.09359387308359146,0.10919191688299179,0.8711280822753906,0.4750446677207947,0.05954466760158539
754.0,-0.5994054675102234,-0.39910486340522766,1.513450026512146,0.9042543172836304,0.6446162462234497,-2.111905574798584,0.9522544741630554,-0.2578257620334625,-0.09743058681488037,0.12456798553466797,0.8690828680992126,0.47388237714767456,0.06792283058166504
755.0,-0.6080152988433838,-0.43642833828926086,1.5777400732040405,0.759284257888794,0.608574390411377,-1.9660454988479614,0.9302342534065247,-0.24828605353832245,-0.09371702373027802,0.16838689148426056,0.8614463806152344,0.47022101283073425,0.0919140875339508
756.0,-0.61238032579422,-0.45102137327194214,1.6059209108352661,0.6908887028694153,0.5958783030509949,-1.8993326425552368,0.9199791550636292,-0.2445516437292099,-0.094637431204319,0.18734431266784668,0.8573077321052551,0.4684508740901947,0.10236884653568268
757.0,-0.615935742855072,-0.4625718891620636,1.6292695999145508,0.6278286576271057,0.5875571966171265,-1.8376623392105103,0.9115564823150635,-0.2416016310453415,-0.09709759801626205,0.20402351021766663,0.8535991311073303,0.4661840498447418,0.11142526566982269
758.0,-0.6058924198150635,-0.410098135471344,1.5399214029312134,0.8378750085830688,0.6288212537765503,-2.0489625930786133,0.9413965344429016,-0.25588467717170715,-0.10113464295864105,0.14503292739391327,0.8661404252052307,0.47172752022743225,0.07898952066898346
759.0,-0.6126106381416321,-0.4348159432411194,1.585854411125183,0.7310917973518372,0.6058105826377869,-1.9439220428466797,0.925013542175293,-0.249400332570076,-0.10086868703365326,0.17596124112606049,0.8602700233459473,0.46880507469177246,0.09589026123285294
760.0,-0.6190225481987,-0.45607566833496094,1.6284282207489014,0.6224445700645447,0.5892940759658813,-1.8382760286331177,0.9096015691757202,-0.24373860657215118,-0.10389658063650131,0.20512600243091583,0.8537375926971436,0.46535366773605347,0.11180968582630157
761.0,-0.6220635771751404,-0.4827793538570404,1.6741234064102173,0.5077756643295288,0.5775842070579529,-1.7236119508743286,0.8951165676116943,-0.23542706668376923,-0.10355818271636963,0.23368608951568604,0.8462546467781067,0.4615209996700287,0.12744511663913727
762.0,-0.6227103471755981,-0.5199066996574402,1.7324833869934082,0.3591911196708679,0.5704777836799622,-1.5719505548477173,0.8787234425544739,-0.2236120104789734,-0.10107557475566864,0.2685627043247223,0.8353989124298096,0.4565533697605133,0.14677207171916962
763.0,-0.6232289671897888,-0.5372313261032104,1.7652941942214966,0.2729094326496124,0.5722875595092773,-1.487794041633606,0.8689126968383789,-0.21728520095348358,-0.10335446894168854,0.28774628043174744,0.8290479779243469,0.4529528319835663,0.157211035490036
764.0,-0.6221965551376343,-0.5565237402915955,1.7978395223617554,0.1899276226758957,0.5757850408554077,-1.4048683643341064,0.8602322340011597,-0.21036218106746674,-0.10321994125843048,0.3058556616306305,0.8222240209579468,0.44988223910331726,0.16734980046749115
765.0,-0.6180248260498047,-0.5759524703025818,1.8195762634277344,0.13816313445568085,0.5792130827903748,-1.3460819721221924,0.8567734956741333,-0.20404848456382751,-0.09715616703033447,0.31719228625297546,0.8174336552619934,0.4482590854167938,0.17393989861011505
766.0,-0.6200377345085144,-0.5433940887451172,1.7637792825698853,0.28206393122673035,0.5706831216812134,-1.4896306991577148,0.871613085269928,-0.21578271687030792,-0.09646458923816681,0.28584617376327515,0.8293159008026123,0.4539252817630768,0.15645761787891388
767.0,-0.6212741732597351,-0.5075481534004211,1.707722544670105,0.4280341863632202,0.5705341696739197,-1.6389825344085693,0.8865548968315125,-0.2277323603630066,-0.09801651537418365,0.2527337074279785,0.8400723934173584,0.4596533477306366,0.1382855772972107
768.0,-0.6172329783439636,-0.48338037729263306,1.6615346670150757,0.5483396649360657,0.5784358382225037,-1.7561105489730835,0.9018943309783936,-0.23519913852214813,-0.09494610875844955,0.2240367829799652,0.8484447002410889,0.4636388123035431,0.12242653220891953
769.0,-0.617738664150238,-0.5001336336135864,1.6866916418075562,0.4865611493587494,0.5727481245994568,-1.692373275756836,0.8946824073791504,-0.23002971708774567,-0.09281327575445175,0.23904217779636383,0.8440458178520203,0.4618813097476959,0.13080939650535583
770.0,-0.6188517212867737,-0.5188431739807129,1.7174988985061646,0.40737318992614746,0.568557858467102,-1.612599492073059,0.8855237364768982,-0.2242567390203476,-0.09249115735292435,0.25762662291526794,0.8382542133331299,0.45937538146972656,0.14118309319019318
771.0,-0.6175742745399475,-0.5402770638465881,1.748483419418335,0.3259294927120209,0.5684432983398438,-1.5273027420043945,0.8777850866317749,-0.21741436421871185,-0.09047660231590271,0.2762569785118103,0.8322629928588867,0.4561717212200165,0.1514192372560501
772.0,-0.6136208176612854,-0.47227367758750916,1.6365283727645874,0.6164169907569885,0.5840858221054077,-1.8207982778549194,0.9111745953559875,-0.23846742510795593,-0.09090352803468704,0.20715980231761932,0.8524982929229736,0.4663569927215576,0.11332622915506363
773.0,-0.607717752456665,-0.4484706521034241,1.5922482013702393,0.7308395504951477,0.6010273098945618,-1.9340710639953613,0.9266602396965027,-0.2446654587984085,-0.08881459385156631,0.17662981152534485,0.8594169020652771,0.46997326612472534,0.09659025073051453
774.0,-0.6002107262611389,-0.43320995569229126,1.5567785501480103,0.8216049671173096,0.6177184581756592,-2.019920825958252,0.9409369230270386,-0.24802084267139435,-0.08379822224378586,0.15101200342178345,0.864132821559906,0.4729059040546417,0.08264292776584625
775.0,-0.594043493270874,-0.4177733361721039,1.5258269309997559,0.9000816941261292,0.6362478137016296,-2.097330093383789,0.9526620507240295,-0.25113579630851746,-0.0816124975681305,0.1270749270915985,0.8677449822425842,0.47541946172714233,0.06962171196937561
776.0,-0.6105215549468994,-0.4747743010520935,1.6322742700576782,0.6355498433113098,0.5842617750167847,-1.8353735208511353,0.9142935276031494,-0.23732882738113403,-0.08489386737346649,0.2023860514163971,0.8532575368881226,0.4676412343978882,0.11092086136341095
777.0,-0.612459123134613,-0.49539127945899963,1.665112853050232,0.5497903227806091,0.5751538872718811,-1.7474831342697144,0.9042103290557861,-0.23139898478984833,-0.08420176804065704,0.22403956949710846,0.8478125929832458,0.46469420194625854,0.12279823422431946
778.0,-0.615602433681488,-0.5264500379562378,1.7189273834228516,0.4104023873806,0.5668032169342041,-1.6088215112686157,0.8872851133346558,-0.22193366289138794,-0.08544144034385681,0.2570214867591858,0.8380159735679626,0.4601636528968811,0.14113327860832214
779.0,-0.6142385005950928,-0.5521025061607361,1.7564367055892944,0.31030571460723877,0.5673723220825195,-1.504234790802002,0.8778173327445984,-0.2138909548521042,-0.08364837616682053,0.2798765003681183,0.8306350111961365,0.45616888999938965,0.15370282530784607
780.0,-0.6124711036682129,-0.5761314630508423,1.7938591241836548,0.2150914967060089,0.571139931678772,-1.407214879989624,0.8680903315544128,-0.20562328398227692,-0.08237774670124054,0.30070316791534424,0.8229851126670837,0.4526766538619995,0.1653994619846344
781.0,-0.6115855574607849,-0.5958787202835083,1.8327265977859497,0.1111803874373436,0.5814077258110046,-1.3060907125473022,0.8572468757629395,-0.19817711412906647,-0.08619958162307739,0.3232972323894501,0.8144286274909973,0.4478594958782196,0.17778322100639343
782.0,-0.6149991750717163,-0.5738257169723511,1.8004456758499146,0.19423389434814453,0.5732811093330383,-1.3928720951080322,0.8644371628761292,-0.20582489669322968,-0.08827705681324005,0.3051130771636963,0.8216196894645691,0.4513857662677765,0.16762463748455048
783.0,-0.6088881492614746,-0.6148430705070496,1.8713736534118652,0.01016979943960905,0.5967571139335632,-1.2081689834594727,0.8469496369361877,-0.18991775810718536,-0.08991490304470062,0.34515127539634705,0.805580735206604,0.4426529109477997,0.18965476751327515
784.0,-0.6180921196937561,-0.5644132494926453,1.7954542636871338,0.20256902277469635,0.5737100839614868,-1.407882809638977,0.8637735843658447,-0.20852535963058472,-0.0943886786699295,0.3032294511795044,0.8227260708808899,0.45113903284072876,0.1662748157978058
785.0,-0.6133607029914856,-0.5983216166496277,1.8516080379486084,0.05722741037607193,0.5895689725875854,-1.2607154846191406,0.8501585125923157,-0.19580839574337006,-0.09434739500284195,0.3348756432533264,0.8102443814277649,0.44453054666519165,0.18372538685798645
786.0,-0.6064893007278442,-0.6284281611442566,1.9036415815353394,-0.07206067442893982,0.6118378043174744,-1.1310197114944458,0.8379560708999634,-0.18294136226177216,-0.09400945156812668,0.362746000289917,0.7977537512779236,0.4384675621986389,0.1993752121925354
787.0,-0.6032710075378418,-0.6395387649536133,1.929980754852295,-0.14036248624324799,0.6282789707183838,-1.0656211376190186,0.8312143683433533,-0.17698638141155243,-0.09732847660779953,0.37796926498413086,0.7908152937889099,0.4343443512916565,0.2075943946838379
788.0,-0.5942904353141785,-0.6608954668045044,1.961822748184204,-0.21632912755012512,0.6510943174362183,-0.9843325614929199,0.8255688548088074,-0.1671842485666275,-0.09402256458997726,0.39543047547340393,0.7820149064064026,0.429917573928833,0.21739035844802856
789.0,-0.5870237946510315,-0.6752669811248779,1.9903873205184937,-0.2849864363670349,0.674140989780426,-0.9156043529510498,0.8192877173423767,-0.1588360071182251,-0.09444312006235123,0.41124337911605835,0.7736114859580994,0.4256753623485565,0.22628436982631683
790.0,-0.5730608105659485,-0.7001175880432129,2.024432420730591,-0.36346951127052307,0.7087370753288269,-0.8267582654953003,0.8144303560256958,-0.14691804349422455,-0.08855479955673218,0.43112054467201233,0.7621604800224304,0.4203645586967468,0.23778164386749268
791.0,-0.584352970123291,-0.6819819211959839,1.9904958009719849,-0.2824343144893646,0.6745433807373047,-0.9110141396522522,0.82111656665802,-0.15762469172477722,-0.08909734338521957,0.41110095381736755,0.7733516693115234,0.42615148425102234,0.22653508186340332
792.0,-0.5985451340675354,-0.6512093544006348,1.9330408573150635,-0.14302432537078857,0.6298003792762756,-1.0523654222488403,0.8333877325057983,-0.1741415411233902,-0.08891428261995316,0.37895655632019043,0.7898293137550354,0.4347911775112152,0.20861086249351501
793.0,-0.6029505729675293,-0.6367136836051941,1.9025269746780396,-0.06496448814868927,0.6106069087982178,-1.128708004951477,0.8407911062240601,-0.18135234713554382,-0.08634690195322037,0.3614838421344757,0.7978826761245728,0.43941015005111694,0.19907645881175995
794.0,-0.6078571081161499,-0.6071498394012451,1.8398230075836182,0.09676322340965271,0.5828329920768738,-1.2840861082077026,0.8576088547706604,-0.1948687583208084,-0.0798843502998352,0.3265770971775055,0.8127522468566895,0.4476849138736725,0.1798870861530304
795.0,-0.602801501750946,-0.6292911767959595,1.8707530498504639,0.01862138882279396,0.5950040817260742,-1.2008944749832153,0.8514354825019836,-0.18687750399112701,-0.07693878561258316,0.34377217292785645,0.8053923845291138,0.4441060721874237,0.18956142663955688
796.0,-0.6016025543212891,-0.6375699639320374,1.8918004035949707,-0.03533535823225975,0.6048794388771057,-1.1509513854980469,0.8453090190887451,-0.1825408935546875,-0.08036576211452484,0.3553001880645752,0.8004181385040283,0.44127535820007324,0.19587916135787964
797.0,-0.5918293595314026,-0.6678876876831055,1.9424164295196533,-0.16124984622001648,0.6362578272819519,-1.0214972496032715,0.834611713886261,-0.16930030286312103,-0.07941143214702606,0.3836789131164551,0.7869751453399658,0.4343109726905823,0.2117423564195633
798.0,-0.5862641334533691,-0.6799999475479126,1.9724088907241821,-0.2363584041595459,0.6597771644592285,-0.9495182037353516,0.8270909190177917,-0.16167031228542328,-0.083072230219841,0.40088745951652527,0.7784899473190308,0.42936640977859497,0.2211044728755951
799.0,-0.5775899887084961,-0.6960378289222717,2.004347324371338,-0.31231340765953064,0.6872673630714417,-0.8733083605766296,0.8200405836105347,-0.15215939283370972,-0.08350840210914612,0.41862496733665466,0.7687593102455139,0.4246155023574829,0.23122276365756989
800.0,-0.5634044408798218,-0.7151780724525452,2.0426368713378906,-0.40491047501564026,0.7319923639297485,-0.7763400077819824,0.8125736117362976,-0.1398015022277832,-0.0840645432472229,0.4427434504032135,0.7552250623703003,0.41696682572364807,0.24444282054901123
801.0,-0.5494405627250671,-0.7293890714645386,2.0731890201568604,-0.47581619024276733,0.7720391750335693,-0.7020547986030579,0.8063269853591919,-0.1284189373254776,-0.08435528725385666,0.4616563320159912,0.7436507940292358,0.41085562109947205,0.25505802035331726
802.0,-0.5669084787368774,-0.7147489190101624,2.025942802429199,-0.36135149002075195,0.7120580673217773,-0.8136910796165466,0.8178392052650452,-0.14390531182289124,-0.07768471539020538,0.43186360597610474,0.761054515838623,0.4209789037704468,0.2388862669467926
803.0,-0.5511495471000671,-0.7336909770965576,2.0616252422332764,-0.4455161988735199,0.7584086060523987,-0.7230451703071594,0.8112452626228333,-0.13124550879001617,-0.07696373760700226,0.4547056257724762,0.7475401163101196,0.4136609137058258,0.2516171634197235
804.0,-0.4940764307975769,-0.7735253572463989,2.1460530757904053,-0.6403883099555969,0.9144868850708008,-0.5016382932662964,0.7955939173698425,-0.09328880161046982,-0.07607194781303406,0.5159274935722351,0.7061256170272827,0.39159151911735535,0.2861146032810211
805.0,-0.4636264145374298,-0.7819896936416626,2.174468517303467,-0.7088412642478943,0.9959232211112976,-0.4169948399066925,0.7898539900779724,-0.07638459652662277,-0.07869575172662735,0.5425801873207092,0.6860414147377014,0.3801876902580261,0.30068492889404297
806.0,-0.5093778371810913,-0.763166069984436,2.1300582885742188,-0.6051828861236572,0.8772264122962952,-0.5475168228149414,0.7977620363235474,-0.10237020999193192,-0.07864568382501602,0.5031865835189819,0.7156527042388916,0.39625608921051025,0.2786138355731964
807.0,-0.5271080136299133,-0.7507296800613403,2.107814073562622,-0.5542745590209961,0.8305697441101074,-0.6096250414848328,0.8011323809623718,-0.11331009119749069,-0.08039898425340652,0.48579683899879456,0.7276955246925354,0.4027178883552551,0.2688474655151367
808.0,-0.5120761394500732,-0.7557028532028198,2.130807399749756,-0.6099259853363037,0.8753964304924011,-0.5515888333320618,0.7956277132034302,-0.1032307967543602,-0.0842890813946724,0.5030881762504578,0.7161116003990173,0.3958940804004669,0.2781265377998352
809.0,-0.4978122115135193,-0.7620916366577148,2.1478707790374756,-0.6494510769844055,0.9126737117767334,-0.5061927437782288,0.7921833992004395,-0.09434713423252106,-0.08482004702091217,0.5162081718444824,0.7065291404724121,0.3908788859844208,0.28558605909347534
810.0,-0.453066885471344,-0.7780445218086243,2.1846940517425537,-0.7365376949310303,1.025954008102417,-0.38970187306404114,0.7861303687095642,-0.07022269815206528,-0.08438538759946823,0.552095890045166,0.6787959933280945,0.3756200075149536,0.30550897121429443
811.0,-0.43397951126098633,-0.7829270958900452,2.1963181495666504,-0.7644748091697693,1.071387767791748,-0.348428338766098,0.7841891050338745,-0.060447826981544495,-0.08415231853723526,0.5650210976600647,0.6678387522697449,0.3698825240135193,0.312936931848526
812.0,-0.4748707115650177,-0.7690237760543823,2.170173168182373,-0.703025221824646,0.9735837578773499,-0.44087663292884827,0.7877389192581177,-0.08141176402568817,-0.08652018755674362,0.5364094972610474,0.6913935542106628,0.3823924660682678,0.2966746389865875
813.0,-0.5262841582298279,-0.7448908686637878,2.114248514175415,-0.5731418132781982,0.8404698967933655,-0.5983412861824036,0.7977672815322876,-0.11195128411054611,-0.08689413219690323,0.4903988242149353,0.7250687479972839,0.40050819516181946,0.27088290452957153
814.0,-0.551567792892456,-0.7225425839424133,2.0750701427459717,-0.4832323491573334,0.772959291934967,-0.7029240727424622,0.8039032816886902,-0.12892821431159973,-0.09018246829509735,0.46266090869903564,0.7433943152427673,0.41008681058883667,0.25522273778915405
815.0,-0.5785643458366394,-0.6884527802467346,2.0194637775421143,-0.3553664982318878,0.7021266222000122,-0.8453239798545837,0.8128840923309326,-0.15013442933559418,-0.09571389108896255,0.4281875491142273,0.7642347812652588,0.4207475185394287,0.23573753237724304
816.0,-0.5672462582588196,-0.7025054693222046,2.047043561935425,-0.42084354162216187,0.7349544167518616,-0.7761964201927185,0.8076552152633667,-0.14049755036830902,-0.09544888138771057,0.44521787762641907,0.7545040249824524,0.41527867317199707,0.24504771828651428
817.0,-0.5568358898162842,-0.7127290964126587,2.070478916168213,-0.47578248381614685,0.765109658241272,-0.7194200754165649,0.8027673363685608,-0.13189184665679932,-0.09602202475070953,0.4596680700778961,0.7456889152526855,0.41059771180152893,0.2531064450740814
818.0,-0.5383782386779785,-0.7275755405426025,2.1043357849121094,-0.5551064610481262,0.8173649311065674,-0.6342493891716003,0.7961402535438538,-0.11840172857046127,-0.09633621573448181,0.48228535056114197,0.7310546636581421,0.4028853178024292,0.26578816771507263
819.0,-0.5205976963043213,-0.742925763130188,2.1255667209625244,-0.6020874381065369,0.8603250980377197,-0.5734891295433044,0.7938818335533142,-0.10748167335987091,-0.09193660318851471,0.49834632873535156,0.7199738025665283,0.39714372158050537,0.274892121553421
820.0,-0.5052780508995056,-0.7488707304000854,2.145341396331787,-0.6487506031990051,0.901412308216095,-0.5221510529518127,0.7895694971084595,-0.09765051305294037,-0.09357898682355881,0.513229250907898,0.7093750238418579,0.3914002776145935,0.28317609429359436
821.0,-0.4908845126628876,-0.7531171441078186,2.1617228984832764,-0.6878803372383118,0.9395813345909119,-0.4782104790210724,0.785900354385376,-0.08892204612493515,-0.09519331902265549,0.5263131260871887,0.6995561718940735,0.3862338364124298,0.29058411717414856
822.0,-0.4725022614002228,-0.7624998688697815,2.1751694679260254,-0.7186508178710938,0.9844515323638916,-0.43149012327194214,0.7847782373428345,-0.07949811965227127,-0.0925593227148056,0.5404167771339417,0.6887279748916626,0.3802424669265747,0.29836079478263855
823.0,-0.45007187128067017,-0.7721911072731018,2.1891982555389404,-0.7504860162734985,1.0365487337112427,-0.3809678554534912,0.7834590673446655,-0.06803503632545471,-0.08968621492385864,0.5556438565254211,0.6762478947639465,0.3737122118473053,0.3070632815361023
824.0,-0.4249396324157715,-0.7783169746398926,2.2036292552948,-0.7855111956596375,1.0958229303359985,-0.32805177569389343,0.7810774445533752,-0.055372439324855804,-0.0892251580953598,0.572185754776001,0.6618738770484924,0.3663583993911743,0.3167145252227783
825.0,-0.3994838297367096,-0.7862862348556519,2.212059497833252,-0.8065613508224487,1.155811071395874,-0.2798130512237549,0.7811806201934814,-0.04409659653902054,-0.08636071532964706,0.5881540775299072,0.6477965712547302,0.35847434401512146,0.3254697322845459
826.0,-0.3730095624923706,-0.787589430809021,2.2200613021850586,-0.8301433324813843,1.2164777517318726,-0.23417362570762634,0.7796915769577026,-0.03178615868091583,-0.08783604204654694,0.6034126281738281,0.6337018609046936,0.35055822134017944,0.3338024914264679
827.0,-0.3553164303302765,-0.7829634547233582,2.2255825996398926,-0.8495473265647888,1.2578192949295044,-0.20461934804916382,0.7772811055183411,-0.023357205092906952,-0.09252840280532837,0.6136127710342407,0.623986542224884,0.34499621391296387,0.33926063776016235
828.0,-0.3326570391654968,-0.7821349501609802,2.22866153717041,-0.8629041910171509,1.3085662126541138,-0.1695445328950882,0.7766280174255371,-0.013343757949769497,-0.09429857134819031,0.625516414642334,0.6122380495071411,0.3382869362831116,0.34562382102012634
829.0,-0.30761227011680603,-0.7791174650192261,2.2299399375915527,-0.8745418787002563,1.3644922971725464,-0.13234272599220276,0.7760652303695679,-0.0024894909001886845,-0.09734492748975754,0.6383413076400757,0.5993307828903198,0.3306276202201843,0.35214823484420776
830.0,-0.26853859424591064,-0.7806031703948975,2.227808952331543,-0.8807492852210999,1.4507745504379272,-0.07600168883800507,0.7775413990020752,0.013665307313203812,-0.09687267988920212,0.656939685344696,0.5786386132240295,0.3194665014743805,0.3626965880393982
831.0,-0.23628780245780945,-0.7744255065917969,2.222963571548462,-0.8843019604682922,1.5231586694717407,-0.030127763748168945,0.778022289276123,0.026965707540512085,-0.10118898749351501,0.6724427342414856,0.5611619353294373,0.30922096967697144,0.3705408275127411
832.0,-0.2602248787879944,-0.7716130614280701,2.228776454925537,-0.8909866809844971,1.4707587957382202,-0.06339157372713089,0.7752302289009094,0.017535347491502762,-0.10343106836080551,0.6615433096885681,0.5737806558609009,0.31636735796928406,0.36475735902786255
833.0,-0.2903345227241516,-0.7731041312217712,2.2307608127593994,-0.8850595355033875,1.4036401510238647,-0.10684579610824585,0.7746977210044861,0.005111306440085173,-0.10208263248205185,0.6472151279449463,0.5901228785514832,0.3251335322856903,0.35658901929855347
834.0,-0.3243580758571625,-0.7712850570678711,2.2313382625579834,-0.877600371837616,1.3294048309326172,-0.15617766976356506,0.7735276222229004,-0.009112700819969177,-0.10252232104539871,0.6308557391166687,0.6075226068496704,0.33478549122810364,0.3476436138153076
835.0,-0.30341267585754395,-0.7646894454956055,2.2327957153320312,-0.8908795714378357,1.3767813444137573,-0.12490010261535645,0.771953821182251,0.000110726359707769,-0.10789957642555237,0.6417945623397827,0.5965161323547363,0.3281046152114868,0.35300934314727783
836.0,-0.3406389057636261,-0.7634005546569824,2.232131004333496,-0.8796781897544861,1.2954083681106567,-0.17973211407661438,0.7711005806922913,-0.015552856959402561,-0.10758378356695175,0.6234287619590759,0.6153504848480225,0.3388552963733673,0.3433037996292114
837.0,-0.3163696229457855,-0.7707014083862305,2.193228006362915,-0.7283890843391418,1.3539341688156128,-0.177207812666893,0.776116669178009,-0.0076433573849499226,-0.10273843258619308,0.6490688323974609,0.6253631114959717,0.30054351687431335,0.31193622946739197
838.0,-0.28136610984802246,-0.7756251692771912,2.120298385620117,-0.48202449083328247,1.4367769956588745,-0.15479110181331635,0.7890480756759644,0.002626996021717787,-0.09007281064987183,0.6869377493858337,0.6359992027282715,0.23886793851852417,0.2579994201660156
839.0,-0.27089032530784607,-0.7345103621482849,1.963664174079895,-0.019212020561099052,1.4915820360183716,-0.20669271051883698,0.8174240589141846,-0.005733103957027197,-0.0727066695690155,0.712171733379364,0.6776003837585449,0.12648151814937592,0.13293461501598358
840.0,-0.2579251229763031,-0.6850229501724243,1.864957571029663,0.2514181435108185,1.5429104566574097,-0.1961030513048172,0.8344569206237793,-0.007804934401065111,-0.06694713979959488,0.7261167764663696,0.6838923692703247,0.04870229214429855,0.051709238439798355
841.0,-0.25882455706596375,-0.6865289211273193,1.8751399517059326,0.24500297009944916,1.542493224143982,-1.8271418809890747,0.8276281952857971,-0.006682845298200846,-0.06801534444093704,0.0002665543870534748,0.9975491166114807,-0.003805870655924082,0.06986603140830994
842.0,-0.2502330243587494,-0.6909641027450562,1.8777090311050415,0.22318091988563538,1.5450613498687744,-0.15726417303085327,0.8304697871208191,-0.0007003308273851871,-0.06775513291358948,0.7360533475875854,0.6720165014266968,0.0548565573990345,0.060083869844675064
843.0,-0.2544574737548828,-0.7138856649398804,1.917135238647461,0.1065472736954689,1.5224982500076294,-0.17882807552814484,0.825962483882904,0.0005558091215789318,-0.06932198256254196,0.7247501015663147,0.6761954426765442,0.09023761004209518,0.09671718627214432
844.0,-0.24304404854774475,-0.7412667274475098,1.9770357608795166,-0.06793547421693802,1.5300676822662354,-0.0952267199754715,0.8160189986228943,0.01123100332915783,-0.07413532584905624,0.739254355430603,0.6427077054977417,0.13192470371723175,0.15174223482608795
845.0,-0.24709245562553406,-0.7766363024711609,2.153817892074585,-0.6119483709335327,1.503023624420166,-0.06495176255702972,0.7844955325126648,0.02018597722053528,-0.09615173935890198,0.6980820894241333,0.5985307097434998,0.25579869747161865,0.2983447015285492
846.0,-0.22526685893535614,-0.7740427255630493,2.1699001789093018,-0.6858808398246765,1.5449073314666748,-0.022245081141591072,0.7830594182014465,0.030864793807268143,-0.10006348043680191,0.7009559869766235,0.5783247351646423,0.2656196653842926,0.3219432532787323
847.0,-0.27280452847480774,-0.7633412480354309,2.231524705886841,-0.8981379866600037,1.4437873363494873,-0.08102043718099594,0.7723928689956665,0.012914050370454788,-0.10934366285800934,0.6562358736991882,0.5805309414863586,0.3193749785423279,0.361023485660553
848.0,-0.22183501720428467,-0.7671226263046265,2.2205471992492676,-0.8882918357849121,1.5553257465362549,-0.009809567593038082,0.7772286534309387,0.03319456800818443,-0.1062546968460083,0.6793017983436584,0.5534265637397766,0.30440375208854675,0.37363946437835693
849.0,-0.17497149109840393,-0.767749547958374,2.2050271034240723,-0.8708154559135437,1.6595609188079834,0.05631954222917557,0.7823758721351624,0.05191827192902565,-0.104137122631073,0.6997674703598022,0.5268722176551819,0.29017430543899536,0.38539618253707886
850.0,-0.15135557949543,-0.7678870558738708,2.1933984756469727,-0.8545054793357849,1.713151454925537,0.09088771045207977,0.7862381339073181,0.0612613819539547,-0.10254380851984024,0.7102814316749573,0.5128411054611206,0.2822592258453369,0.3909270465373993
851.0,-0.1337772160768509,-0.761680543422699,2.184992790222168,-0.8468988537788391,1.7524443864822388,0.11689742654561996,0.7875102758407593,0.06870245188474655,-0.10586350411176682,0.7179752588272095,0.5025318264961243,0.2761813998222351,0.3945848047733307
852.0,-0.17964507639408112,-0.7598833441734314,2.208284854888916,-0.880914568901062,1.6486444473266602,0.049531999975442886,0.7795116901397705,0.050529900938272476,-0.1101890504360199,0.6979166865348816,0.5299583673477173,0.2913225591182709,0.38365066051483154
853.0,-0.11494095623493195,-0.753969132900238,2.17533802986145,-0.8382201790809631,1.7946736812591553,0.14542248845100403,0.7887389063835144,0.07679134607315063,-0.11002693325281143,0.7260769009590149,0.4911911189556122,0.2696232199668884,0.3985561430454254
854.0,-0.15012554824352264,-0.762390673160553,2.1739144325256348,-0.7790738344192505,1.709978461265564,0.10132574290037155,0.7862669825553894,0.06270284950733185,-0.10665112733840942,0.7223690152168274,0.520467221736908,0.2661549150943756,0.36940279603004456
855.0,-0.20275725424289703,-0.771960973739624,2.086761236190796,-0.41921448707580566,1.588975191116333,0.022696614265441895,0.7983101606369019,0.03822171315550804,-0.08736705780029297,0.7398529052734375,0.5855261087417603,0.20561377704143524,0.2598073184490204
856.0,-0.17870262265205383,-0.7624269127845764,2.040696382522583,-0.2960314452648163,1.635106086730957,0.09598628431558609,0.8079317808151245,0.048239756375551224,-0.08258852362632751,0.7682215571403503,0.5699535012245178,0.17370280623435974,0.23412831127643585
857.0,-0.15974891185760498,-0.7354503273963928,1.9556330442428589,-0.06998898833990097,1.654363989830017,0.18448936939239502,0.8265048265457153,0.05737872049212456,-0.0751374363899231,0.8040690422058105,0.5552492737770081,0.12076924741268158,0.17488867044448853
858.0,-0.18028119206428528,-0.7204406261444092,1.9212247133255005,0.04762949049472809,1.6095956563949585,0.11560609191656113,0.8309346437454224,0.04678119346499443,-0.07112008333206177,0.7948995232582092,0.58482426404953,0.09576773643493652,0.13016855716705322
859.0,-0.20168927311897278,-0.7142426371574402,1.911251187324524,0.09376786649227142,1.5829607248306274,0.04227372258901596,0.8304771780967712,0.03343577682971954,-0.0697404146194458,0.7806912660598755,0.6091064214706421,0.0859224870800972,0.1101267859339714
860.0,-0.21617889404296875,-0.7302615642547607,1.9473657608032227,0.001181575353257358,1.5653284788131714,-0.01486201398074627,0.8230657577514648,0.02589970827102661,-0.07209298014640808,0.7622771859169006,0.6230416893959045,0.11097889393568039,0.13578012585639954
861.0,-0.2302241176366806,-0.7314212322235107,1.9517290592193604,-0.0022674142383038998,1.5454398393630981,-0.06875870376825333,0.821297287940979,0.017969679087400436,-0.07213292270898819,0.7485077381134033,0.639372706413269,0.11424307525157928,0.13374334573745728
862.0,-0.23196233808994293,-0.6924701929092407,1.8746895790100098,0.2143671214580536,1.556904911994934,-0.0787653997540474,0.8344162702560425,0.011632855981588364,-0.06730050593614578,0.755854070186615,0.6488983631134033,0.0568445585668087,0.06621406227350235
863.0,-0.233274444937706,-0.688355028629303,1.874165415763855,0.23436039686203003,1.558060884475708,-0.0837118923664093,0.8301454782485962,0.011372886598110199,-0.0679057165980339,0.7554832100868225,0.6508024334907532,0.04928116500377655,0.05720798671245575
864.0,-0.23992766439914703,-0.6840589642524719,1.8716461658477783,0.2553405165672302,1.5560911893844604,-1.8087583780288696,0.8275214433670044,0.006818361114710569,-0.06814906746149063,0.0005110356141813099,0.9979299306869507,-0.007992072962224483,0.06381044536828995
865.0,-0.223247691988945,-0.6896805167198181,1.872911810874939,0.22587718069553375,1.564452886581421,-0.03887035697698593,0.8326736688613892,0.018075168132781982,-0.0678003653883934,0.76651930809021,0.6371158957481384,0.05165901780128479,0.06215137615799904
866.0,-0.2114546000957489,-0.6850559711456299,1.8608465194702148,0.24506381154060364,1.5737303495407104,0.01941821351647377,0.8374417424201965,0.025347642600536346,-0.0672488659620285,0.7817111015319824,0.6191249489784241,0.046512458473443985,0.058726921677589417
867.0,-0.21340547502040863,-0.6827601194381714,1.8650647401809692,0.25685375928878784,1.5713372230529785,-1.7824134826660156,0.8313694596290588,0.02541794627904892,-0.06810519099235535,0.0009099969756789505,0.9978342652320862,-0.014136006124317646,0.06423498690128326
868.0,-0.19705002009868622,-0.6859884858131409,1.863495945930481,0.23768799006938934,1.583245038986206,0.07918921113014221,0.836049497127533,0.03609827533364296,-0.06785404682159424,0.7955911159515381,0.6007959842681885,0.04698576405644417,0.062219876796007156
869.0,-0.18918345868587494,-0.6806424260139465,1.8564356565475464,0.26065555214881897,1.5864360332489014,-1.7584108114242554,0.8359695076942444,0.04212864488363266,-0.06806478649377823,0.0013075853930786252,0.9977135062217712,-0.020234975963830948,0.06447230279445648
870.0,-0.18484045565128326,-0.6845806241035461,1.8565926551818848,0.23991984128952026,1.5927340984344482,0.1360701620578766,0.8402290344238281,0.043938297778367996,-0.06765858829021454,0.808899998664856,0.5824652314186096,0.04680223390460014,0.06499671190977097
871.0,-0.17711055278778076,-0.6799616813659668,1.851016879081726,0.25938910245895386,1.594382643699646,0.16540567576885223,0.839709997177124,0.05020106956362724,-0.06798168271780014,0.8156775832176208,0.5741217732429504,0.04091993346810341,0.05813656747341156
872.0,-0.17344263195991516,-0.6775500774383545,1.839426875114441,0.26813244819641113,1.5990239381790161,0.19657371938228607,0.8468113541603088,0.051276471465826035,-0.06700937449932098,0.8235507011413574,0.5626899600028992,0.04046240821480751,0.05922061949968338
873.0,-0.1624954491853714,-0.6790734529495239,1.8442729711532593,0.2576168179512024,1.6068693399429321,0.2373739629983902,0.8442369699478149,0.05963904783129692,-0.0678817480802536,0.8317772746086121,0.5498729944229126,0.04194899648427963,0.06345505267381668
874.0,-0.15963159501552582,-0.6768954992294312,1.8337953090667725,0.2657003104686737,1.6095831394195557,0.25412634015083313,0.8506708145141602,0.06056883558630943,-0.06694822758436203,0.8356038331985474,0.543979823589325,0.04173736646771431,0.06411249935626984
875.0,-0.14855054020881653,-0.6757718920707703,1.8285715579986572,0.26512113213539124,1.6194344758987427,0.3056592345237732,0.8538312315940857,0.0678744986653328,-0.06705944240093231,0.8464174866676331,0.5264614820480347,0.04230470955371857,0.06801532953977585
876.0,-0.14133743941783905,-0.6729809045791626,1.828038215637207,0.275394082069397,1.6197235584259033,0.33327779173851013,0.8511307239532471,0.07429788261651993,-0.06791002303361893,0.8520593047142029,0.5181567072868347,0.0385637991130352,0.06341449916362762
877.0,-0.13239914178848267,-0.6704031229019165,1.8206758499145508,0.2822135090827942,1.6264997720718384,0.3804759681224823,0.8544638156890869,0.08031225204467773,-0.06790205836296082,0.8619055151939392,0.5015735030174255,0.03744644299149513,0.06434808671474457
878.0,-0.12480451911687851,-0.7232367992401123,1.9234007596969604,-0.01748671941459179,1.7029218673706055,0.31171372532844543,0.8366937637329102,0.0771198496222496,-0.07430142909288406,0.8326433897018433,0.5152499675750732,0.1068381667137146,0.17265036702156067
879.0,-0.09035875648260117,-0.7521706819534302,2.1456284523010254,-0.7606503963470459,1.8468347787857056,0.19729147851467133,0.7946363687515259,0.08759880065917969,-0.10828612744808197,0.7450684309005737,0.47894036769866943,0.25101208686828613,0.39048951864242554
880.0,-0.08240769058465958,-0.7507556080818176,2.0297796726226807,-0.3756932318210602,1.8272610902786255,0.31138086318969727,0.817740797996521,0.0948699340224266,-0.08938165754079819,0.8026817440986633,0.48533985018730164,0.17934876680374146,0.2966168522834778
881.0,-0.04842595010995865,-0.7410474419593811,2.015782117843628,-0.3842962682247162,1.9117703437805176,0.3918565511703491,0.8224741816520691,0.10971636325120926,-0.09204430133104324,0.8148401975631714,0.4498145282268524,0.17671337723731995,0.32011678814888
882.0,-0.10998407006263733,-0.7058231234550476,1.8810123205184937,0.0791841596364975,1.708545446395874,0.39709749817848206,0.8477376103401184,0.08729010820388794,-0.07179177552461624,0.8545834422111511,0.49026891589164734,0.08521328866481781,0.14853453636169434
883.0,-0.12478701770305634,-0.6652273535728455,1.8118284940719604,0.30214589834213257,1.6258761882781982,-1.6949542760849,0.8562048077583313,0.08661278337240219,-0.06807052344083786,0.00199319189414382,0.9977595210075378,-0.03484125807881355,0.05707963556051254
884.0,-0.11562898010015488,-0.6622140407562256,1.8027862310409546,0.30954214930534363,1.6324639320373535,-1.6859068870544434,0.8605788946151733,0.092824287712574,-0.06804671883583069,0.0021177164744585752,0.9977051615715027,-0.03750680759549141,0.05633261799812317
885.0,-0.12042568624019623,-0.6689194440841675,1.812005877494812,0.2810279130935669,1.6407641172409058,0.4419713616371155,0.8601387739181519,0.08751396089792252,-0.06775003671646118,0.8739116191864014,0.4792692959308624,0.039004046469926834,0.07112094759941101
886.0,-0.11118528246879578,-0.6652737855911255,1.802135705947876,0.29077786207199097,1.6477482318878174,0.48995715379714966,0.8645768761634827,0.09378685057163239,-0.06776904314756393,0.8831191658973694,0.46208393573760986,0.037604689598083496,0.07186881452798843
887.0,-0.10243045538663864,-0.6927821040153503,1.8512732982635498,0.14626148343086243,1.7039300203323364,0.4532875418663025,0.8558506965637207,0.09349618852138519,-0.07022880762815475,0.868591845035553,0.4729572832584381,0.07070378214120865,0.12984836101531982
888.0,-0.0734536200761795,-0.708747386932373,1.8886557817459106,0.007152536418288946,1.7918378114700317,0.49747100472450256,0.8507019877433777,0.10502258688211441,-0.07561038434505463,0.8663351535797119,0.4492432475090027,0.10048160701990128,0.19377198815345764
889.0,-0.09772904217243195,-0.6794392466545105,1.8217189311981201,0.2110985368490219,1.6892563104629517,0.4912410080432892,0.864636242389679,0.09887049347162247,-0.06884358823299408,0.878187358379364,0.4621627926826477,0.057403434067964554,0.10907619446516037
890.0,-0.09758258610963821,-0.6631439924240112,1.789306879043579,0.28846344351768494,1.6648207902908325,0.5376819372177124,0.873357355594635,0.10190892964601517,-0.06742807477712631,0.8905278444290161,0.4457506835460663,0.040696416050195694,0.08130395412445068
891.0,-0.05957877263426781,-0.6939259171485901,1.8522260189056396,0.08006531000137329,1.80032217502594,0.5826770067214966,0.8616081476211548,0.11479479819536209,-0.07399149239063263,0.8845081925392151,0.42175382375717163,0.08583085983991623,0.18000569939613342
892.0,-0.0475061759352684,-0.6900234818458557,1.8436256647109985,0.08188197016716003,1.8242473602294922,0.6237337589263916,0.8655313849449158,0.12134412676095963,-0.07465996593236923,0.8899660110473633,0.4062395393848419,0.0860382691025734,0.18848764896392822
893.0,-0.08149489760398865,-0.6498214602470398,1.7580995559692383,0.33277586102485657,1.671905279159546,0.6584398150444031,0.8855616450309753,0.11371395736932755,-0.06712029874324799,0.9131737351417542,0.39922359585762024,0.03287274017930031,0.07519226521253586
894.0,-0.09155447036027908,-0.6515156626701355,1.7670997381210327,0.3355100750923157,1.6559854745864868,0.6156864166259766,0.87955641746521,0.10790827125310898,-0.06714799255132675,0.9068407416343689,0.4150445759296417,0.030519716441631317,0.06668324768543243
895.0,-0.09591571986675262,-0.6565852761268616,1.782604694366455,0.31897205114364624,1.6523767709732056,0.5723778605461121,0.8716607093811035,0.10543286055326462,-0.06788339465856552,0.8984931707382202,0.4325607419013977,0.03246463090181351,0.06743388622999191
896.0,-0.10418999195098877,-0.6577876806259155,1.7900731563568115,0.3208179175853729,1.6397713422775269,-1.67460298538208,0.8665990233421326,0.10078445822000504,-0.06802856922149658,0.002219109097495675,0.9976750612258911,-0.04033675417304039,0.05488666146993637
897.0,-0.0883491262793541,-0.6505283713340759,1.7708253860473633,0.3405008316040039,1.6496636867523193,-1.6589540243148804,0.8750854134559631,0.11206797510385513,-0.06804244965314865,0.0022626451682299376,0.9977114796638489,-0.044052015990018845,0.051245495676994324
898.0,-0.0812704935669899,-0.6482641696929932,1.7617716789245605,0.34284108877182007,1.6592390537261963,0.6551722884178162,0.8805018663406372,0.11627478152513504,-0.06793258339166641,0.9128721952438354,0.40181082487106323,0.029085611924529076,0.06607946753501892
899.0,-0.07391208410263062,-0.6437668204307556,1.7501907348632812,0.35513150691986084,1.6629177331924438,0.6979219317436218,0.885627806186676,0.12173912674188614,-0.0679469034075737,0.9198910593986511,0.38563272356987,0.027577176690101624,0.06578279286623001
900.0,-0.06817561388015747,-0.637901782989502,1.7387698888778687,0.3755914866924286,1.6579186916351318,-1.6389654874801636,0.889082133769989,0.12730297446250916,-0.0681157186627388,0.0020565015729516745,0.9979403018951416,-0.04660680145025253,0.04403361305594444
901.0,-0.06027380749583244,-0.632611095905304,1.724806308746338,0.38923928141593933,1.6625910997390747,-1.6311132907867432,0.8954802751541138,0.1331564337015152,-0.06811726093292236,0.002027819398790598,0.9979499578475952,-0.048440854996442795,0.041775938123464584
902.0,-0.06490088999271393,-0.6407123804092407,1.7384775876998901,0.3577618896961212,1.6801671981811523,0.7559335231781006,0.8925092220306396,0.12654012441635132,-0.06778956949710846,0.9287340044975281,0.36217039823532104,0.028804557397961617,0.07386514544487
903.0,-0.055712245404720306,-0.6415084600448608,1.7331950664520264,0.341764360666275,1.7108550071716309,0.7903857827186584,0.8982837796211243,0.12964116036891937,-0.06768830120563507,0.9322782754898071,0.3482799530029297,0.034214429557323456,0.0915854275226593
904.0,-0.07393349707126617,-0.64546138048172,1.7465596199035645,0.34400448203086853,1.6771560907363892,0.698739230632782,0.8908320665359497,0.11914274841547012,-0.06712260842323303,0.9196039438247681,0.38416263461112976,0.03166373819112778,0.07579627633094788
905.0,-0.01872161403298378,-0.6813133955001831,1.8269968032836914,0.07506882399320602,1.891845464706421,0.7127767205238342,0.8733591437339783,0.13598284125328064,-0.07680775970220566,0.8990586996078491,0.3706398606300354,0.08882961422204971,0.21547342836856842
906.0,0.004974359646439552,-0.7010211944580078,1.8965582847595215,-0.14100471138954163,2.000220775604248,0.6328623294830322,0.855828046798706,0.14101649820804596,-0.08634530752897263,0.8663153052330017,0.3805941641330719,0.13011449575424194,0.2961690127849579
907.0,0.08711973577737808,-0.6712685823440552,1.9209898710250854,-0.43030473589897156,2.3098227977752686,0.6247004270553589,0.8546568751335144,0.17208431661128998,-0.1110997200012207,0.8197147846221924,0.3132481575012207,0.17117387056350708,0.4479316174983978
908.0,0.058305930346250534,-0.6978238821029663,1.9810906648635864,-0.5327439308166504,2.2288589477539062,0.5183312892913818,0.8401283621788025,0.1558539718389511,-0.108366958796978,0.8053621053695679,0.34812667965888977,0.19037093222141266,0.4404073655605316
909.0,0.07664353400468826,-0.6851170659065247,1.941023349761963,-0.4619150459766388,2.283751964569092,0.5871327519416809,0.8511945605278015,0.16573791205883026,-0.10603571683168411,0.8151000142097473,0.32456010580062866,0.17752023041248322,0.4458242654800415
910.0,0.08593811094760895,-0.6784234642982483,1.9164364337921143,-0.41608816385269165,2.3151211738586426,0.6298382878303528,0.8582679033279419,0.17076291143894196,-0.10304240137338638,0.8205319046974182,0.31000858545303345,0.16972829401493073,0.44923752546310425
911.0,0.04591456800699234,-0.7110564112663269,2.0013439655303955,-0.5633761286735535,2.1983189582824707,0.48123860359191895,0.8363620042800903,0.1489488035440445,-0.10338785499334335,0.7995903491973877,0.36004555225372314,0.19734573364257812,0.4382660686969757
912.0,0.003799098776653409,-0.7323904037475586,2.064812183380127,-0.6671242713928223,2.0849661827087402,0.3682836890220642,0.8199083805084229,0.12822920083999634,-0.1036786213517189,0.7793277502059937,0.40173035860061646,0.2203415185213089,0.4274466335773468
913.0,0.010916340164840221,-0.7354282140731812,2.0524470806121826,-0.6428935527801514,2.1070637702941895,0.3875803053379059,0.8249645829200745,0.13117659091949463,-0.09798973798751831,0.7831916809082031,0.39357954263687134,0.21614110469818115,0.43010345101356506
914.0,-0.011538547463715076,-0.7433595657348633,2.082202434539795,-0.6909884214401245,2.0483601093292236,0.33475759625434875,0.8166993856430054,0.12066582590341568,-0.0992344468832016,0.7724900841712952,0.41380974650382996,0.2274518460035324,0.42460161447525024
915.0,-0.02322905696928501,-0.7420934438705444,2.0979723930358887,-0.7196984887123108,2.01566219329834,0.3077579140663147,0.8110470175743103,0.11579208821058273,-0.1039554551243782,0.7664994597434998,0.4250042736530304,0.233492910861969,0.42110687494277954
916.0,0.029339492321014404,-0.7127609848976135,2.02793288230896,-0.6034103631973267,2.14463472366333,0.4379417896270752,0.8266825079917908,0.14154864847660065,-0.11030249297618866,0.7935636043548584,0.38017091155052185,0.2052690088748932,0.4284757971763611
917.0,0.006039564497768879,-0.7241284251213074,2.065063238143921,-0.6730218529701233,2.086545467376709,0.37103700637817383,0.8176873326301575,0.1298421174287796,-0.11037720739841461,0.7797561287879944,0.401713103055954,0.21992675960063934,0.42689478397369385
918.0,-0.03291068598628044,-0.7384427785873413,2.1097991466522217,-0.7423398494720459,1.98893404006958,0.2872796058654785,0.8062472343444824,0.11187627166509628,-0.10948345065116882,0.7619266510009766,0.4339340627193451,0.23794327676296234,0.4177945852279663
919.0,-0.053202658891677856,-0.747146725654602,2.12777042388916,-0.7666346430778503,1.9409047365188599,0.2496454268693924,0.8025297522544861,0.1026558056473732,-0.10657480359077454,0.7531914114952087,0.448623925447464,0.24618516862392426,0.4133184552192688
920.0,-0.07919715344905853,-0.7538118362426758,2.1496500968933105,-0.7981981635093689,1.8792680501937866,0.20378714799880981,0.796938955783844,0.0913911908864975,-0.1057162880897522,0.7416685819625854,0.4668988585472107,0.25656941533088684,0.4075603485107422
921.0,-0.06862933933734894,-0.7571001052856445,2.1393632888793945,-0.7789999842643738,1.9059916734695435,0.222864031791687,0.801153302192688,0.09552786499261856,-0.1013009175658226,0.7466008067131042,0.4587661325931549,0.25223302841186523,0.41048675775527954
922.0,-0.10739973187446594,-0.7639909982681274,2.168241262435913,-0.820335328578949,1.8136106729507446,0.15755756199359894,0.7934448719024658,0.0793057307600975,-0.10145305097103119,0.72925865650177,0.4855336844921112,0.26718825101852417,0.4013095498085022
923.0,-0.08746547251939774,-0.7668540477752686,2.1530725955963135,-0.7946437001228333,1.8630880117416382,0.19122330844402313,0.7989339232444763,0.0870816633105278,-0.0965312048792839,0.7383779287338257,0.4709629416465759,0.2595716714859009,0.4069577157497406
924.0,-0.11312425881624222,-0.774226188659668,2.1694905757904053,-0.8149070143699646,1.8017888069152832,0.1490011066198349,0.7955173850059509,0.07636155933141708,-0.09410043060779572,0.7268111109733582,0.48849278688430786,0.2693300247192383,0.4007265865802765
925.0,-0.13496966660022736,-0.7734062671661377,2.183058261871338,-0.8355002999305725,1.7511801719665527,0.11553123593330383,0.7909232378005981,0.06750456988811493,-0.0969870537519455,0.717417299747467,0.5024617314338684,0.2768181562423706,0.3952423632144928
926.0,-0.17216749489307404,-0.7771127820014954,2.201967716217041,-0.8597260117530823,1.6670775413513184,0.060883961617946625,0.7855072617530823,0.05236930772662163,-0.09697923809289932,0.7009977698326111,0.5245229601860046,0.28948426246643066,0.38688069581985474
927.0,-0.215237095952034,-0.7791629433631897,2.216329574584961,-0.8741321563720703,1.5692996978759766,-0.0009446120238862932,0.7813940048217773,0.03515264019370079,-0.09725843369960785,0.6816669702529907,0.5497337579727173,0.30309727787971497,0.37583908438682556
928.0,-0.1581941545009613,-0.7827764749526978,2.193671703338623,-0.8438885807991028,1.699238657951355,0.08138126134872437,0.7895942330360413,0.05756574496626854,-0.09174288809299469,0.7071828842163086,0.5159796476364136,0.2849120795726776,0.39049017429351807
929.0,-0.18907426297664642,-0.7859594225883484,2.2064478397369385,-0.8580334782600403,1.6279000043869019,0.035961613059043884,0.7861825227737427,0.045237090438604355,-0.0912240669131279,0.6930420994758606,0.5346871614456177,0.29536139965057373,0.3828367590904236
930.0,-0.22783316671848297,-0.7950031757354736,2.216510057449341,-0.8610587120056152,1.540642261505127,-0.018918773159384727,0.7848463654518127,0.0291338749229908,-0.08585544675588608,0.675257682800293,0.5564972162246704,0.3078688681125641,0.3735702633857727
931.0,-0.2602323889732361,-0.7926377058029175,2.2244369983673096,-0.8690569400787354,1.4690091609954834,-0.06400658935308456,0.7813714146614075,0.016172293573617935,-0.08807866275310516,0.660384476184845,0.5738166570663452,0.3177059590816498,0.36563605070114136
932.0,-0.24086152017116547,-0.7862175107002258,2.2217090129852295,-0.8730784058570862,1.5123655796051025,-0.036792270839214325,0.7810574173927307,0.024402212351560593,-0.09261462837457657,0.66975998878479,0.5635433793067932,0.3113346993923187,0.3700149953365326
933.0,-0.28402137756347656,-0.7870028018951416,2.2275631427764893,-0.8715689778327942,1.4146811962127686,-0.09911201149225235,0.7789309024810791,0.007000710349529982,-0.09205015003681183,0.6488758325576782,0.5874311923980713,0.3245719075202942,0.35852178931236267
934.0,-0.30766624212265015,-0.7876189947128296,2.2280967235565186,-0.8654364347457886,1.3625257015228271,-0.13321363925933838,0.7785595655441284,-0.0030124359764158726,-0.09112810343503952,0.6374664306640625,0.5997456312179565,0.33142876625061035,0.3522738516330719
935.0,-0.40293851494789124,-0.7733284831047058,2.214419364929199,-0.8182035684585571,1.1520323753356934,-0.2841695249080658,0.7773940563201904,-0.04466838389635086,-0.0957748293876648,0.5878801345825195,0.648755669593811,0.358083575963974,0.3244830071926117
936.0,-0.3784547448158264,-0.7725615501403809,2.222435712814331,-0.8426147103309631,1.2083016633987427,-0.24158604443073273,0.7754099369049072,-0.03313078358769417,-0.09857146441936493,0.602180004119873,0.6357263326644897,0.3506157696247101,0.3321142792701721
937.0,-0.3554120361804962,-0.7712644338607788,2.2283854484558105,-0.8626054525375366,1.2606357336044312,-0.20350171625614166,0.7737434506416321,-0.02256050705909729,-0.1011144146323204,0.6148812174797058,0.6233875751495361,0.3438854515552521,0.33919304609298706
938.0,-0.4057963490486145,-0.7656563520431519,2.2154059410095215,-0.8240873217582703,1.147810697555542,-0.2883088290691376,0.775236189365387,-0.045371852815151215,-0.1012171134352684,0.58717942237854,0.6497927904129028,0.3581315279006958,0.32362237572669983
939.0,-0.37170419096946716,-0.763759434223175,2.226349353790283,-0.8582839965820312,1.2260063886642456,-0.2292765974998474,0.7723321914672852,-0.029366133734583855,-0.1055426225066185,0.6069749593734741,0.6316303610801697,0.3477657735347748,0.33419087529182434
940.0,-0.39175984263420105,-0.7584918737411499,2.2219252586364746,-0.8464006781578064,1.1820893287658691,-0.2626599967479706,0.7719866037368774,-0.03816977143287659,-0.10784220695495605,0.59635329246521,0.6419416666030884,0.3530956506729126,0.3280200660228729
941.0,-0.4158441722393036,-0.7553201913833618,2.214250087738037,-0.8250384330749512,1.127877950668335,-0.30520111322402954,0.7728647589683533,-0.04927832633256912,-0.10784891247749329,0.5824703574180603,0.6544419527053833,0.3601331114768982,0.3205278813838959
942.0,-0.44024813175201416,-0.751632034778595,2.2030956745147705,-0.7959126234054565,1.0710372924804688,-0.3530738651752472,0.7746266722679138,-0.06099095940589905,-0.10745243728160858,0.5670305490493774,0.6678300499916077,0.3675472140312195,0.31207117438316345
943.0,-0.46274784207344055,-0.7445117831230164,2.189868211746216,-0.7644495964050293,1.0189166069030762,-0.4016666114330292,0.7763044834136963,-0.07224982231855392,-0.10906001180410385,0.5522310733795166,0.6804868578910828,0.3739873468875885,0.3034995198249817
944.0,-0.48264971375465393,-0.7434689998626709,2.1738739013671875,-0.7235655188560486,0.968757688999176,-0.45049652457237244,0.7802416682243347,-0.08325891196727753,-0.10551365464925766,0.5367040038108826,0.6925134062767029,0.3810194432735443,0.2952934503555298
945.0,-0.49864670634269714,-0.7397957444190979,2.1594090461730957,-0.688007652759552,0.9275662899017334,-0.49396592378616333,0.7831394672393799,-0.09220824390649796,-0.1040002852678299,0.5232442617416382,0.7024926543235779,0.3868843913078308,0.28816673159599304
946.0,-0.47741395235061646,-0.7521759867668152,2.175062894821167,-0.7227737903594971,0.9774578809738159,-0.44022753834724426,0.7821692824363708,-0.0811992660164833,-0.09975148737430573,0.5388981699943542,0.6904188990592957,0.38043835759162903,0.29694655537605286
947.0,-0.4302627146244049,-0.7643875479698181,2.2051310539245605,-0.7955014705657959,1.0893535614013672,-0.33538705110549927,0.7772548198699951,-0.056940268725156784,-0.09918022155761719,0.5713292360305786,0.6633988618850708,0.3661371171474457,0.3153228759765625
948.0,-0.45615583658218384,-0.7599215507507324,2.189286470413208,-0.7559661269187927,1.0275311470031738,-0.39115896821022034,0.780362069606781,-0.07016054540872574,-0.09822285175323486,0.5537883043289185,0.6784151196479797,0.3739921748638153,0.30528879165649414
949.0,-0.5154742002487183,-0.7385192513465881,2.1366171836853027,-0.6314724087715149,0.879696786403656,-0.5505717992782593,0.7894645929336548,-0.10322988778352737,-0.09848273545503616,0.5060523748397827,0.7149672508239746,0.393769234418869,0.2787090241909027
950.0,-0.5518198013305664,-0.7134584188461304,2.0852105617523193,-0.5124830603599548,0.7843860387802124,-0.6873917579650879,0.7982182502746582,-0.12710519134998322,-0.10044579207897186,0.4688279330730438,0.7400664687156677,0.40732911229133606,0.2580406963825226
951.0,-0.5423685312271118,-0.7180455327033997,2.1039202213287354,-0.5582026839256287,0.8140795230865479,-0.6416957974433899,0.7937348484992981,-0.11998547613620758,-0.10324780642986298,0.4816802442073822,0.7319050431251526,0.40260815620422363,0.26496386528015137
952.0,-0.5275599956512451,-0.7260284423828125,2.1252505779266357,-0.6084365248680115,0.8537064790725708,-0.5863717794418335,0.7895327210426331,-0.11002608388662338,-0.10412611067295074,0.4970766007900238,0.7216837406158447,0.39674997329711914,0.2732708156108856
953.0,-0.5379154086112976,-0.715164840221405,2.114492177963257,-0.5860910415649414,0.831139326095581,-0.6191635727882385,0.7898091673851013,-0.11604008823633194,-0.10873650759458542,0.4889084994792938,0.7275347113609314,0.39948904514312744,0.26845940947532654
954.0,-0.5562108159065247,-0.7010864615440369,2.086411714553833,-0.5211358666419983,0.7836428284645081,-0.6926435232162476,0.7945111989974976,-0.12856073677539825,-0.11013474315404892,0.4695168137550354,0.7402589917182922,0.40637168288230896,0.2577453553676605
955.0,-0.5176252722740173,-0.7232193350791931,2.1426193714141846,-0.6534624099731445,0.8859621286392212,-0.5465674996376038,0.783711314201355,-0.10263881087303162,-0.11124972999095917,0.5095910429954529,0.7132826447486877,0.3915345072746277,0.27972427010536194
956.0,-0.43555042147636414,-0.7379661798477173,2.0272645950317383,-0.2104140669107437,1.1713249683380127,-0.6278494000434875,0.8054220676422119,-0.08691795915365219,-0.08431440591812134,0.5672737956047058,0.7643411159515381,0.24617530405521393,0.18270480632781982
957.0,-0.45234352350234985,-0.749509334564209,2.1307895183563232,-0.5389548540115356,1.0769585371017456,-0.48837268352508545,0.7852678894996643,-0.07680582255125046,-0.09952158480882645,0.5663667321205139,0.71256422996521,0.3241759240627289,0.25766441226005554
958.0,-0.3997800350189209,-0.7595555782318115,2.094963788986206,-0.3962531089782715,1.2176268100738525,-0.44160500168800354,0.791653037071228,-0.05835719406604767,-0.0896381139755249,0.6083218455314636,0.7131401300430298,0.26505687832832336,0.2260984480381012
959.0,-0.3510695695877075,-0.7169975638389587,1.9311784505844116,0.06818456202745438,1.4057559967041016,-0.5056968331336975,0.8240954875946045,-0.0607643760740757,-0.07134027034044266,0.6324398517608643,0.756869912147522,0.12648220360279083,0.10568840801715851
960.0,-0.3335503339767456,-0.7099213004112244,1.9143595695495605,0.11756140738725662,1.441103458404541,-0.47086161375045776,0.8264217972755432,-0.05250871554017067,-0.06973160803318024,0.6444237232208252,0.7518332004547119,0.10593000054359436,0.09079647809267044
961.0,-0.3091930150985718,-0.689185380935669,1.8722316026687622,0.22945353388786316,1.5013846158981323,-0.4098674952983856,0.8338584899902344,-0.04412565007805824,-0.06726492941379547,0.6660951972007751,0.740862250328064,0.06414393335580826,0.05767059698700905
962.0,-0.3177623450756073,-0.7228257060050964,1.9412885904312134,0.047831304371356964,1.4462852478027344,-0.376327782869339,0.8209919929504395,-0.038265351206064224,-0.07124055922031403,0.6699855327606201,0.7241718769073486,0.11993006616830826,0.11095625907182693
963.0,-0.3723231256008148,-0.7679277658462524,2.1285059452056885,-0.49871787428855896,1.2640269994735718,-0.3385351896286011,0.7858779430389404,-0.041107919067144394,-0.09293582290410995,0.6294798254966736,0.6823225617408752,0.27322742342948914,0.2520672082901001
964.0,-0.36925312876701355,-0.7605858445167542,2.213258743286133,-0.8053844571113586,1.2395225763320923,-0.24108411371707916,0.772079586982727,-0.029458023607730865,-0.10817071050405502,0.6145843863487244,0.6382830739021301,0.33392152190208435,0.32152339816093445
965.0,-0.34153351187705994,-0.7698325514793396,2.187108039855957,-0.7008129358291626,1.306981086730957,-0.2232954055070877,0.7762596011161804,-0.019908225163817406,-0.10182434320449829,0.6383712291717529,0.639907956123352,0.30285313725471497,0.30212581157684326
966.0,-0.30645129084587097,-0.7401814460754395,1.9825289249420166,-0.0662393569946289,1.4393084049224854,-0.3049367070198059,0.8135288953781128,-0.025375153869390488,-0.07455629110336304,0.6833069920539856,0.7004753351211548,0.14744241535663605,0.14382867515087128
967.0,-0.27376529574394226,-0.6909320950508118,1.8754751682281494,0.2245914191007614,1.5263845920562744,-0.26579195261001587,0.8325703144073486,-0.017908846959471703,-0.06717866659164429,0.7061651349067688,0.7030823230743408,0.059056591242551804,0.05931553617119789
968.0,-0.27485015988349915,-0.6882370114326477,1.877589464187622,0.23757009208202362,1.5309116840362549,-0.26858144998550415,0.8276366591453552,-0.018151575699448586,-0.06792924553155899,0.7063341736793518,0.7039408087730408,0.05263393744826317,0.052812885493040085
969.0,-0.2903996706008911,-0.6855820417404175,1.8741978406906128,0.24892523884773254,1.5239510536193848,-1.8585546016693115,0.8276461362838745,-0.030015384778380394,-0.06800343096256256,-0.00024190251133404672,0.997508704662323,0.003424637019634247,0.07045997679233551
970.0,-0.28728029131889343,-0.6860451698303223,1.8689693212509155,0.246392622590065,1.5211933851242065,-0.33499544858932495,0.8326734900474548,-0.02844921126961708,-0.0672406554222107,0.6868312358856201,0.7229511737823486,0.05427532270550728,0.05156363174319267
971.0,-0.3010571300983429,-0.6861404180526733,1.8697919845581055,0.2446311116218567,1.5104787349700928,-0.3977273106575012,0.8323342800140381,-0.03823013976216316,-0.06742805987596512,0.6685160994529724,0.7396738529205322,0.057318028062582016,0.05180395022034645
972.0,-0.30649885535240173,-0.6825934648513794,1.8700860738754272,0.26124271750450134,1.5169914960861206,-1.8749748468399048,0.827800989151001,-0.04244628921151161,-0.06809162348508835,-0.000483066076412797,0.9977782964706421,0.007278479170054197,0.06622163206338882
973.0,-0.3148707151412964,-0.6854031682014465,1.871528148651123,0.24686425924301147,1.5031824111938477,-0.4533231854438782,0.8300781846046448,-0.04800508916378021,-0.06788589805364609,0.6528144478797913,0.7536321878433228,0.057919543236494064,0.05017130449414253
974.0,-0.32262760400772095,-0.6815649271011353,1.8597663640975952,0.26182302832603455,1.4976648092269897,-0.5070884227752686,0.8358317017555237,-0.05560321733355522,-0.067238450050354,0.6353480815887451,0.7685952186584473,0.057648494839668274,0.04765428602695465
975.0,-0.3242519795894623,-0.6806752681732178,1.8647814989089966,0.2667010724544525,1.5046201944351196,-1.8927338123321533,0.8303283452987671,-0.05627128481864929,-0.06804612278938293,-0.0008289956604130566,0.9976561069488525,0.012287266552448273,0.06730973720550537
976.0,-0.3342800736427307,-0.677648663520813,1.8592175245285034,0.27801597118377686,1.5014609098434448,-1.9030779600143433,0.831622838973999,-0.0647401511669159,-0.06811083108186722,-0.0009292673203162849,0.9978559017181396,0.014532054774463177,0.06380892544984818
977.0,-0.33271148800849915,-0.680720329284668,1.8580169677734375,0.2631453275680542,1.4891984462738037,-0.5562440156936646,0.8365820050239563,-0.0631183534860611,-0.06739384680986404,0.6199098825454712,0.7809098958969116,0.06011728197336197,0.04772290959954262
978.0,-0.34372571110725403,-0.6794495582580566,1.85806143283844,0.26664721965789795,1.484412670135498,-0.5996633172035217,0.835107684135437,-0.07128638029098511,-0.0678844079375267,0.6071679592132568,0.7909252047538757,0.0603288933634758,0.04631255567073822
979.0,-0.35830071568489075,-0.6913437843322754,1.875905990600586,0.20399431884288788,1.4351531267166138,-0.6330513954162598,0.8360132575035095,-0.07614604383707047,-0.06835322827100754,0.5948086977005005,0.7958682775497437,0.09061168879270554,0.06772053986787796
980.0,-0.3514038324356079,-0.6774802803993225,1.8535131216049194,0.2730318009853363,1.4794472455978394,-0.6407208442687988,0.8368054032325745,-0.07771557569503784,-0.06788847595453262,0.593832790851593,0.8009951710700989,0.06101694703102112,0.04523606598377228
981.0,-0.36010387539863586,-0.6743628978729248,1.8462002277374268,0.28324708342552185,1.4755818843841553,-0.6855877637863159,0.8395470976829529,-0.08565705269575119,-0.06790531426668167,0.5793241262435913,0.811659038066864,0.06087243929505348,0.043447889387607574
982.0,-0.36651355028152466,-0.6694732308387756,1.8381885290145874,0.3027225136756897,1.4811959266662598,-1.935860276222229,0.8404918313026428,-0.09254042059183121,-0.06807612627744675,-0.0015008194604888558,0.9977654814720154,0.02402626723051071,0.06232618913054466
983.0,-0.3607980012893677,-0.6692939400672913,1.8306187391281128,0.3033439815044403,1.475826621055603,-0.7273527979850769,0.8470816612243652,-0.08914538472890854,-0.06696145981550217,0.5628819465637207,0.8234745860099792,0.05868799239397049,0.04011588916182518
984.0,-0.3945276737213135,-0.7029014825820923,1.9041281938552856,0.1172238439321518,1.3480955362319946,-0.7083063125610352,0.8327922224998474,-0.09209788590669632,-0.07147081941366196,0.5683422684669495,0.8057265281677246,0.13622848689556122,0.09609267115592957
985.0,-0.40132617950439453,-0.6939830183982849,1.8844177722930908,0.16023994982242584,1.349494457244873,-0.7758163213729858,0.8379151225090027,-0.10043402016162872,-0.0706690326333046,0.5462639927864075,0.8231838345527649,0.12898649275302887,0.08559530228376389
986.0,-0.467798113822937,-0.7108721733093262,1.962056279182434,-0.05775418505072594,1.1308293342590332,-0.8213164806365967,0.8213984966278076,-0.11614733934402466,-0.08152632415294647,0.5144904255867004,0.8098469376564026,0.23791348934173584,0.1511448621749878
987.0,-0.42766082286834717,-0.6927416920661926,1.8872913122177124,0.13596616685390472,1.2875406742095947,-0.851021945476532,0.8397439122200012,-0.11446274071931839,-0.07271639257669449,0.5192418694496155,0.8346685171127319,0.1559135764837265,0.09699282795190811
988.0,-0.42654070258140564,-0.681580662727356,1.8586865663528442,0.19730110466480255,1.3139654397964478,-0.9063642024993896,0.8475629091262817,-0.12133347243070602,-0.07103016972541809,0.5013503432273865,0.8502657413482666,0.13808317482471466,0.08141930401325226
989.0,-0.38248541951179504,-0.6604213714599609,1.8073556423187256,0.32920631766319275,1.4596693515777588,-0.8627747297286987,0.8573295474052429,-0.10980157554149628,-0.06683969497680664,0.5150082111358643,0.8540831208229065,0.06239427626132965,0.037623465061187744
990.0,-0.3756798803806305,-0.6664162278175354,1.823799729347229,0.309276819229126,1.4622187614440918,-0.8034828901290894,0.8499708771705627,-0.1011955663561821,-0.06726492941379547,0.5369874238967896,0.8402425050735474,0.06326425075531006,0.04043131321668625
991.0,-0.3828114867210388,-0.6625434160232544,1.8214104175567627,0.32442739605903625,1.473436951637268,-1.9527363777160645,0.8469986915588379,-0.10821320116519928,-0.06811029464006424,-0.001693476689979434,0.9978604316711426,0.028802992776036263,0.05866936221718788
992.0,-0.3904547393321991,-0.6612143516540527,1.8142833709716797,0.3242197632789612,1.457899570465088,-0.8765812516212463,0.8521887063980103,-0.11459236592054367,-0.0679301992058754,0.5124936699867249,0.8555682301521301,0.0627678632736206,0.03759855777025223
993.0,-0.39886072278022766,-0.6549028158187866,1.8007780313491821,0.3457740843296051,1.4609870910644531,-1.9693846702575684,0.8562865853309631,-0.12441117316484451,-0.06805429607629776,-0.0020352303981781006,0.9977116584777832,0.0351957306265831,0.0576937310397625
994.0,-0.40488168597221375,-0.6497890949249268,1.788746953010559,0.3619248569011688,1.4621502161026,-1.9757531881332397,0.8607282638549805,-0.13198986649513245,-0.06812147051095963,-0.001935131847858429,0.9979147911071777,0.03612719476222992,0.053452711552381516
995.0,-0.39754149317741394,-0.6548941135406494,1.7952927350997925,0.34354814887046814,1.447431206703186,-0.9550060629844666,0.8617664575576782,-0.12326064705848694,-0.06728755682706833,0.48154544830322266,0.8731803297996521,0.06593786925077438,0.036363713443279266
996.0,-0.4035854935646057,-0.6495971083641052,1.7798807621002197,0.35835903882980347,1.439584493637085,-1.0090885162353516,0.8694435358047485,-0.1307641714811325,-0.06696922332048416,0.4603513479232788,0.8843680620193481,0.06853523850440979,0.035675521939992905
997.0,-0.45385831594467163,-0.6762691736221313,1.855610728263855,0.18516011536121368,1.242486834526062,-0.9951110482215881,0.8507927060127258,-0.13603775203227997,-0.07335416227579117,0.4684904217720032,0.8624243140220642,0.16843223571777344,0.09149658679962158
998.0,-0.47577202320098877,-0.6692609190940857,1.8519765138626099,0.17957386374473572,1.1761412620544434,-1.0677282810211182,0.8529968857765198,-0.14665456116199493,-0.07575006037950516,0.44048136472702026,0.8703699111938477,0.19635950028896332,0.09937464445829391
999.0,-0.4581587314605713,-0.6604616045951843,1.81746244430542,0.2557865381240845,1.2560219764709473,-1.0954959392547607,0.8629533052444458,-0.14819397032260895,-0.0720348134636879,0.43197324872016907,0.8848217725753784,0.15691162645816803,0.07660483568906784
1000.0,-0.6067990064620972,-0.6303755044937134,1.9433621168136597,-0.1805163323879242,0.6379313468933105,-1.042602777481079,0.8234922885894775,-0.17606712877750397,-0.11102749407291412,0.386173814535141,0.7877101898193359,0.4309765696525574,0.21128566563129425
1001.0,-0.5956807136535645,-0.6488428115844727,1.9720337390899658,-0.23940260708332062,0.6800053119659424,-0.9729130864143372,0.8175105452537537,-0.16635559499263763,-0.10959290713071823,0.40627798438072205,0.7828051447868347,0.41834476590156555,0.21712206304073334
1002.0,-0.5594139099121094,-0.6764251589775085,1.9784637689590454,-0.1865248680114746,0.8300909399986267,-0.9431474208831787,0.8168349266052246,-0.15144865214824677,-0.0989404022693634,0.4402077794075012,0.7985150814056396,0.35957759618759155,0.19822899997234344
1003.0,-0.578551173210144,-0.6791850328445435,2.0369315147399902,-0.4046587347984314,0.7203781008720398,-0.8135034441947937,0.8045071959495544,-0.14684711396694183,-0.10969042032957077,0.43906211853027344,0.759017825126648,0.4161376953125,0.24071939289569855
1004.0,-0.5875216722488403,-0.6699099540710449,2.0088024139404297,-0.3353019058704376,0.6895993947982788,-0.8805760741233826,0.8112674355506897,-0.1557614654302597,-0.10604949295520782,0.42199739813804626,0.7682560682296753,0.42189520597457886,0.2317439317703247
1005.0,-0.5736786127090454,-0.6886510848999023,2.0424318313598633,-0.4147607684135437,0.7276808023452759,-0.7954616546630859,0.8053443431854248,-0.1438988298177719,-0.1044105812907219,0.44236239790916443,0.7567645907402039,0.4154936373233795,0.242874413728714
1006.0,-0.5862243175506592,-0.6745821833610535,2.003175973892212,-0.3185099959373474,0.6849250197410583,-0.889500617980957,0.8145530223846436,-0.15620778501033783,-0.10013030469417572,0.4185812175273895,0.7698461413383484,0.42327407002449036,0.23014283180236816
1007.0,-0.5951799750328064,-0.6571663618087769,1.9746793508529663,-0.25180724263191223,0.6609771847724915,-0.9597678780555725,0.8198171854019165,-0.16524846851825714,-0.10255391150712967,0.40293678641319275,0.778626024723053,0.4272090494632721,0.2210794985294342
1008.0,-0.6009842753410339,-0.6448907256126404,1.9488003253936768,-0.18859918415546417,0.6414725184440613,-1.0220584869384766,0.8257495164871216,-0.17252643406391144,-0.10143585503101349,0.3886043429374695,0.7859208583831787,0.4311283528804779,0.21317458152770996
1009.0,-0.6097044348716736,-0.6211987137794495,1.9060876369476318,-0.08249327540397644,0.6137421727180481,-1.1296334266662598,0.8348755240440369,-0.1841028779745102,-0.10139764100313187,0.36475130915641785,0.7972456812858582,0.43739086389541626,0.20011258125305176
1010.0,-0.6080997586250305,-0.6273164749145508,1.9261775016784668,-0.13547298312187195,0.6262024641036987,-1.081400990486145,0.829039990901947,-0.17985698580741882,-0.1057993546128273,0.3763909935951233,0.7920739054679871,0.4340561032295227,0.20626206696033478
1011.0,-0.6160899996757507,-0.5970932841300964,1.8694877624511719,0.006264859810471535,0.5978876352310181,-1.2218260765075684,0.8423882722854614,-0.19388698041439056,-0.10459858179092407,0.34555068612098694,0.8062994480133057,0.4412635564804077,0.18910951912403107
1012.0,-0.6209802627563477,-0.5728021860122681,1.8293243646621704,0.10703427344560623,0.5838127732276917,-1.3239383697509766,0.8516772389411926,-0.20384739339351654,-0.10552362352609634,0.323823481798172,0.8153808116912842,0.4460029602050781,0.17712731659412384
1013.0,-0.6197589039802551,-0.585586667060852,1.8598365783691406,0.02711166813969612,0.5949264168739319,-1.24895179271698,0.842829167842865,-0.19748730957508087,-0.10993650555610657,0.34092190861701965,0.8086322546005249,0.44180434942245483,0.18626610934734344
1014.0,-0.6159855127334595,-0.6034958958625793,1.8938156366348267,-0.058213017880916595,0.6090397238731384,-1.1651324033737183,0.8344807028770447,-0.18938355147838593,-0.11090407520532608,0.3592442572116852,0.8004586100578308,0.4377380907535553,0.19645601511001587
1015.0,-0.6017613410949707,-0.5857089757919312,1.8194646835327148,0.1614329069852829,0.7060084939002991,-1.3417158126831055,0.8561627268791199,-0.20168133080005646,-0.10129744559526443,0.33139944076538086,0.8423693776130676,0.3954542577266693,0.15557703375816345
1016.0,-0.4499019682407379,-0.636844277381897,1.7526944875717163,0.3639022707939148,1.325247883796692,-1.2115275859832764,0.8855236768722534,-0.16278429329395294,-0.06921704858541489,0.3851468563079834,0.9135947227478027,0.12016754597425461,0.05065939947962761
1017.0,-0.42792046070098877,-0.6360095143318176,1.746018648147583,0.38871660828590393,1.3994290828704834,-1.1703147888183594,0.8854605555534363,-0.15402357280254364,-0.06749536097049713,0.3978993892669678,0.9127285480499268,0.08502279222011566,0.03706525266170502
1018.0,-0.492801696062088,-0.6493667364120483,1.8135734796524048,0.24323062598705292,1.1434073448181152,-1.1923102140426636,0.8657498955726624,-0.16415928304195404,-0.07621552050113678,0.3953341543674469,0.8903249502182007,0.2064647227525711,0.09167726337909698
1019.0,-0.41483625769615173,-0.6404311060905457,1.757347583770752,0.3845098316669464,1.4304088354110718,-1.109907865524292,0.8789300322532654,-0.14385473728179932,-0.06699692457914352,0.4205031991004944,0.9039177298545837,0.07087183743715286,0.032969631254673004
1020.0,-0.416298508644104,-0.6438109874725342,1.769688367843628,0.3739287257194519,1.4361300468444824,-1.0837162733078003,0.8716404438018799,-0.14296630024909973,-0.06786126643419266,0.433074414730072,0.8981490135192871,0.06845060735940933,0.033005885779857635
1021.0,-0.41076093912124634,-0.6459271311759949,1.7776809930801392,0.37168851494789124,1.4549498558044434,-1.981941819190979,0.8661915063858032,-0.13856768608093262,-0.06805761158466339,-0.0021410558838397264,0.9977564811706543,0.039612483233213425,0.053928762674331665
1022.0,-0.42036688327789307,-0.6363679766654968,1.753990888595581,0.39972835779190063,1.4545146226882935,-1.99211847782135,0.8757626414299011,-0.1516999751329422,-0.06812772154808044,-0.002029245253652334,0.9979531168937683,0.04212164506316185,0.04807722568511963
1023.0,-0.4237072169780731,-0.6366634368896484,1.7509433031082153,0.3929726481437683,1.4261503219604492,-1.155087947845459,0.8803530931472778,-0.15216541290283203,-0.06779997050762177,0.4041270315647125,0.9112964868545532,0.07209622859954834,0.031972069293260574
1024.0,-0.4259556829929352,-0.62978595495224,1.736233115196228,0.41687482595443726,1.448171854019165,-1.9981684684753418,0.884127676486969,-0.15971137583255768,-0.0680752545595169,-0.00216101435944438,0.99783855676651,0.04596109315752983,0.04691670835018158
1025.0,-0.42938295006752014,-0.6249127388000488,1.7238260507583618,0.4303019344806671,1.447920322418213,-2.0018303394317627,0.8894296884536743,-0.1653788983821869,-0.0680966004729271,-0.002100234618410468,0.9978961944580078,0.047138575464487076,0.04446074366569519
1026.0,-0.4333759844303131,-0.6211180686950684,1.7125422954559326,0.4375748634338379,1.4278286695480347,-1.2852915525436401,0.8962035775184631,-0.16898654401302338,-0.06787671148777008,0.349378377199173,0.9340242743492126,0.06967256963253021,0.026061514392495155
1027.0,-0.43262988328933716,-0.6257309913635254,1.7212164402008057,0.4203195571899414,1.4008868932724,-1.2560747861862183,0.8954442143440247,-0.16338609158992767,-0.06736316531896591,0.3614141047000885,0.9281352162361145,0.08305913209915161,0.032343070954084396
1028.0,-0.491482675075531,-0.6268494129180908,1.7558332681655884,0.3423071801662445,1.1746281385421753,-1.3176311254501343,0.8858559131622314,-0.17867153882980347,-0.0742528960108757,0.34710994362831116,0.91569983959198,0.18935760855674744,0.07177887111902237
1029.0,-0.42713889479637146,-0.6184301972389221,1.7020339965820312,0.4472130835056305,1.428900122642517,-1.2951468229293823,0.9027275443077087,-0.16607104241847992,-0.06686002016067505,0.3419422507286072,0.9368323087692261,0.06916246563196182,0.025244183838367462
1030.0,-0.48126381635665894,-0.6218922734260559,1.7342522144317627,0.37759801745414734,1.2208391427993774,-1.3387590646743774,0.8940473794937134,-0.1804484724998474,-0.0723172053694725,0.33693358302116394,0.9244650602340698,0.16765035688877106,0.06110240891575813
1031.0,-0.44997087121009827,-0.6167272329330444,1.7020139694213867,0.4325387179851532,1.3489418029785156,-1.3343446254730225,0.9055314064025879,-0.17646445333957672,-0.06837733089923859,0.3315666615962982,0.9365494847297668,0.10722654312849045,0.03796141967177391
1032.0,-0.43465369939804077,-0.6150452494621277,1.697973370552063,0.4558877944946289,1.4416437149047852,-2.0077176094055176,0.9014174938201904,-0.17498117685317993,-0.0680457204580307,-0.002163151279091835,0.997786283493042,0.05175717920064926,0.04170170798897743
1033.0,-0.4367126524448395,-0.6109107136726379,1.686823844909668,0.4657934010028839,1.435727834701538,-2.010152816772461,0.9069634675979614,-0.17859594523906708,-0.06798197329044342,-0.0023003011010587215,0.997612714767456,0.05495009198784828,0.04176170378923416
1034.0,-0.4392074644565582,-0.6021000742912292,1.6649171113967896,0.489629328250885,1.440516471862793,-2.012786388397217,0.9161748886108398,-0.18620559573173523,-0.06806126981973648,-0.001985483104363084,0.9978353381156921,0.054970089346170425,0.03604115918278694
1035.0,-0.4410816431045532,-0.5980868339538574,1.654213547706604,0.49768567085266113,1.4166700839996338,-1.4606012105941772,0.9227902293205261,-0.1871832013130188,-0.06779538094997406,0.270714670419693,0.9595391154289246,0.07453855872154236,0.021029556170105934
1036.0,-0.435860276222229,-0.6029478311538696,1.6647350788116455,0.4871814250946045,1.4231109619140625,-1.4235098361968994,0.918619692325592,-0.18105463683605194,-0.06726504862308502,0.2858879268169403,0.9553572535514832,0.07143966853618622,0.02137811854481697
1037.0,-0.47190719842910767,-0.6002817153930664,1.6756266355514526,0.463640034198761,1.2723402976989746,-1.46299409866333,0.9164960980415344,-0.1911468356847763,-0.07032539695501328,0.2803347706794739,0.9481911659240723,0.1433517336845398,0.04238224774599075
1038.0,-0.4678152799606323,-0.6073164343833923,1.6901767253875732,0.44675159454345703,1.2857836484909058,-1.4252740144729614,0.9102963209152222,-0.18609727919101715,-0.06995697319507599,0.2959730923175812,0.9443633556365967,0.136884406208992,0.04290096461772919
1039.0,-0.54358971118927,-0.5975857377052307,1.7437188625335693,0.3456219732761383,0.9782047271728516,-1.4299192428588867,0.8881216049194336,-0.20116467773914337,-0.08284208923578262,0.30985039472579956,0.9041271209716797,0.2782992720603943,0.09537503123283386
1040.0,-0.5835750699043274,-0.556967556476593,1.724438190460205,0.3814097046852112,0.8063170909881592,-1.5391387939453125,0.8880186676979065,-0.21750490367412567,-0.0930931493639946,0.2770237624645233,0.8854618072509766,0.3560950458049774,0.11140715330839157
1041.0,-0.6263554692268372,-0.5361588597297668,1.776041030883789,0.23972897231578827,0.5747234225273132,-1.4622833728790283,0.8635932803153992,-0.21689827740192413,-0.11055801063776016,0.2949378490447998,0.8268517851829529,0.4510464072227478,0.16088813543319702
1042.0,-0.6260611414909363,-0.5156864523887634,1.7377055883407593,0.3398136496543884,0.5722326636314392,-1.5601344108581543,0.8747892379760742,-0.224436417222023,-0.10842558741569519,0.2727598249912262,0.834473729133606,0.4551112651824951,0.14875969290733337
1043.0,-0.6259658336639404,-0.5920040011405945,2.1755576133728027,-3.061396360397339,-0.5757613182067871,1.4601099491119385,0.887958824634552,-0.2342233806848526,-0.10975885391235352,0.24510888755321503,0.8431981801986694,0.4594566524028778,0.1335592418909073
1044.0,-0.5929795503616333,-0.6402981877326965,2.149976968765259,-2.981889247894287,-0.7551882266998291,1.4357885122299194,0.9080941677093506,-0.23408502340316772,-0.09697778522968292,0.2271536886692047,0.8885101079940796,0.38626351952552795,0.09875091910362244
1045.0,-0.5559529066085815,-0.6748273968696594,2.1232895851135254,-2.9249494075775146,-0.9237257242202759,1.4151616096496582,0.927259087562561,-0.2299789935350418,-0.08597157895565033,0.20298676192760468,0.9251757860183716,0.3132454752922058,0.06872713565826416
1046.0,-0.4651907682418823,-0.7118323445320129,2.116806983947754,-2.967562437057495,-1.3023788928985596,1.5398539304733276,0.940621018409729,-0.2014409303665161,-0.06940430402755737,0.2140195071697235,0.9676132202148438,0.130707785487175,0.028910331428050995
1047.0,-0.4902758002281189,-0.7034863233566284,2.1337690353393555,-2.9923055171966553,-1.1995322704315186,1.5466169118881226,0.9303735494613647,-0.20528744161128998,-0.072786845266819,0.22776228189468384,0.9560549855232239,0.1795903742313385,0.042784057557582855
1048.0,-0.48624926805496216,-0.7027676701545715,2.1488938331604004,-3.0297956466674805,-1.2153595685958862,1.6077735424041748,0.9231181740760803,-0.1998535692691803,-0.07219889760017395,0.25346115231513977,0.9510341286659241,0.170927956700325,0.04555419832468033
1049.0,-0.43504762649536133,-0.7186475396156311,2.130953788757324,-2.9921042919158936,-1.4279404878616333,1.63394033908844,0.9323549270629883,-0.1874362677335739,-0.06704249978065491,0.2455853819847107,0.9667339324951172,0.06930620223283768,0.017606280744075775
1050.0,-0.4403669536113739,-0.7181511521339417,2.131748676300049,-2.991776943206787,-1.44364333152771,1.1274785995483398,0.9295159578323364,-0.19418540596961975,-0.0680985301733017,-0.0017069407040253282,0.9979714751243591,0.05585652217268944,0.030497388914227486
1051.0,-0.4418635666370392,-0.7171210050582886,2.1166210174560547,-2.9706778526306152,-1.4312951564788818,1.1251574754714966,0.9387559294700623,-0.1979963183403015,-0.06795402616262436,-0.0018963661277666688,0.9975666999816895,0.06286237388849258,0.03009355254471302
1052.0,-0.4423990845680237,-0.7163258790969849,2.107736110687256,-2.957935333251953,-1.4122859239578247,1.5437431335449219,0.9449021816253662,-0.19825129210948944,-0.06774680316448212,0.20570115745067596,0.975404679775238,0.07749616354703903,0.01634301245212555
1053.0,-0.4795896112918854,-0.7072515487670898,2.1069507598876953,-2.946629285812378,-1.2397133111953735,1.4974949359893799,0.9454881548881531,-0.20864279568195343,-0.0713580921292305,0.20090344548225403,0.965582013130188,0.16173091530799866,0.0336504802107811
1054.0,-0.4330398440361023,-0.7161412239074707,2.0904695987701416,-2.935574769973755,-1.4296042919158936,1.133711576461792,0.9560631513595581,-0.19663123786449432,-0.06677558273077011,-0.0016805536579340696,0.997496485710144,0.06597314774990082,0.025409523397684097
1055.0,-0.46763598918914795,-0.7106656432151794,2.0857605934143066,-2.9094398021698,-1.2855051755905151,1.4419372081756592,0.95714271068573,-0.20952822268009186,-0.06994479149580002,0.1693934202194214,0.9750779867172241,0.1411646008491516,0.024523532018065453
1056.0,-0.4408350884914398,-0.7142304182052612,2.0782344341278076,-2.915093421936035,-1.4137617349624634,1.4454299211502075,0.9617577791213989,-0.2048286348581314,-0.06774448603391647,0.15735280513763428,0.9843738675117493,0.07805459946393967,0.012477078475058079
1057.0,-0.44058746099472046,-0.7149530649185181,2.091033458709717,-2.9366657733917236,-1.431214690208435,1.1261847019195557,0.9538292288780212,-0.20377285778522491,-0.06793578714132309,-0.0016511193243786693,0.9975513219833374,0.06519518792629242,0.025263771414756775
1058.0,-0.4402752220630646,-0.7158513069152832,2.099520444869995,-2.9478938579559326,-1.4451630115509033,1.127319574356079,0.9481182098388672,-0.20311273634433746,-0.06811025738716125,-0.001391350175254047,0.9980213642120361,0.05814790353178978,0.02388043701648712
1059.0,-0.4393778145313263,-0.7138174176216125,2.07875919342041,-2.92063045501709,-1.4431313276290894,1.1279557943344116,0.9603897333145142,-0.20760056376457214,-0.06807605177164078,-0.0012459506979212165,0.9979342818260193,0.0609000064432621,0.02041669562458992
1060.0,-0.43803030252456665,-0.7123843431472778,2.064739227294922,-2.901684284210205,-1.4415278434753418,1.1291228532791138,0.9687271118164062,-0.20980970561504364,-0.06804242730140686,-0.0011243900517001748,0.9978541731834412,0.0629986822605133,0.017809538170695305
1061.0,-0.43969517946243286,-0.7131880521774292,2.0666823387145996,-2.898611545562744,-1.4131970405578613,1.4085839986801147,0.9684917330741882,-0.20669525861740112,-0.06772871315479279,0.13885720074176788,0.9870964288711548,0.07896795123815536,0.011108608916401863
1062.0,-0.4305674433708191,-0.7123219966888428,2.052288293838501,-2.8822221755981445,-1.4324336051940918,1.1360331773757935,0.9778717160224915,-0.204537495970726,-0.06698446720838547,-0.001106198295019567,0.9975062608718872,0.06871876865625381,0.016057323664426804
1063.0,-0.4543609917163849,-0.7120879292488098,2.066971778869629,-2.884829044342041,-1.334932565689087,1.3976366519927979,0.9681594967842102,-0.20906823873519897,-0.06864461302757263,0.1415148228406906,0.9827128052711487,0.11815109103918076,0.017014261335134506
1064.0,-0.4872417151927948,-0.7051499485969543,2.055854320526123,-2.828042507171631,-1.1896883249282837,1.3239362239837646,0.9699245095252991,-0.22149322926998138,-0.07358886301517487,0.12638641893863678,0.9726908802986145,0.19305361807346344,0.02508438751101494
1065.0,-0.5228020548820496,-0.6952057480812073,2.0647833347320557,-2.802377223968506,-1.047805905342102,1.2995948791503906,0.9593339562416077,-0.23191456496715546,-0.07986614108085632,0.13859780132770538,0.9538541436195374,0.2636021673679352,0.03830216825008392
1066.0,-0.5787610411643982,-0.6666210293769836,2.067931890487671,-2.7215867042541504,-0.8000997304916382,1.2187650203704834,0.9449851512908936,-0.24894726276397705,-0.0956900417804718,0.15066400170326233,0.9081934690475464,0.38522830605506897,0.06390712410211563
1067.0,-0.6153138279914856,-0.6375551819801331,2.0913567543029785,-2.704127550125122,-0.6099402904510498,1.1860496997833252,0.9248311519622803,-0.25269562005996704,-0.10839549452066422,0.17394830286502838,0.8611443638801575,0.4682174324989319,0.09457837790250778
1068.0,-0.6091359257698059,-0.6476392149925232,2.056434154510498,-2.5875298976898193,-0.629154622554779,1.0980833768844604,0.9388710260391235,-0.25779423117637634,-0.10758715867996216,0.14772842824459076,0.8660726547241211,0.47079262137413025,0.08030441403388977
1069.0,-0.6006560921669006,-0.6552266478538513,2.0143890380859375,-2.4626615047454834,-0.6550778746604919,1.0041265487670898,0.9552820324897766,-0.2624959647655487,-0.10657709836959839,0.11715549230575562,0.8707625865936279,0.47327834367752075,0.06367654353380203
1070.0,-0.5921417474746704,-0.6569879651069641,1.9743587970733643,-2.3598921298980713,-0.6820932626724243,0.9261327981948853,0.9704643487930298,-0.26619952917099,-0.10697895288467407,0.08930528908967972,0.8742220401763916,0.47477173805236816,0.04849983751773834
1071.0,-0.5960025191307068,-0.6625458002090454,2.0044612884521484,-2.4276304244995117,-0.6610841751098633,0.9820323586463928,0.9605406522750854,-0.26147791743278503,-0.10124300420284271,0.10866988450288773,0.871643602848053,0.47427016496658325,0.05912839248776436
1072.0,-0.5872867703437805,-0.6662048697471619,1.9684070348739624,-2.333373785018921,-0.6850283145904541,0.9124884009361267,0.9747058153152466,-0.2637990117073059,-0.09915360808372498,0.08324021100997925,0.8743375539779663,0.47597435116767883,0.045314546674489975
1073.0,-0.5766627192497253,-0.6628256440162659,1.9208060503005981,-2.2257044315338135,-0.7211174964904785,0.82872074842453,0.9919063448905945,-0.26712414622306824,-0.10086099803447723,0.050119880586862564,0.8771360516548157,0.47684192657470703,0.027246927842497826
1074.0,-0.5690639019012451,-0.657904326915741,1.8889095783233643,-2.1623315811157227,-0.7467831373214722,0.7787372469902039,1.0034942626953125,-0.26886001229286194,-0.10282640904188156,0.02829688973724842,0.8784823417663574,0.4766889214515686,0.01535467803478241
1075.0,-0.5609455108642578,-0.6544690132141113,1.8587397336959839,-2.102304697036743,-0.7709609270095825,0.7329241633415222,1.014776587486267,-0.2694739103317261,-0.1026255339384079,0.007276101969182491,0.8788865804672241,0.4769589900970459,0.003948635421693325
1076.0,-0.5674992203712463,-0.6506257653236389,1.8742831945419312,-2.1407365798950195,-0.7587748169898987,0.7583181262016296,1.0078542232513428,-0.27130159735679626,-0.10798554867506027,0.0195482037961483,0.8790380954742432,0.4762328565120697,0.010590550489723682
1077.0,-0.5788833498954773,-0.6527397036552429,1.9143742322921753,-2.22529935836792,-0.7265363335609436,0.8220095038414001,0.9924432635307312,-0.2707277834415436,-0.10936696827411652,0.04816680774092674,0.8777611255645752,0.4759553372859955,0.02611786499619484
1078.0,-0.5868673920631409,-0.6541558504104614,1.9452117681503296,-2.293381452560425,-0.7022630572319031,0.8740041851997375,0.9807654619216919,-0.2693883776664734,-0.10930761694908142,0.06997271627187729,0.8759461641311646,0.4757915437221527,0.03800738602876663
1079.0,-0.5614385604858398,-0.6751493811607361,2.00565242767334,-2.5726733207702637,-0.8516701459884644,1.0931284427642822,0.9734346270561218,-0.25472158193588257,-0.09399405866861343,0.09617316722869873,0.9202229976654053,0.3773396909236908,0.039436034858226776
1080.0,-0.5040097236633301,-0.6986328363418579,2.0106420516967773,-2.6981258392333984,-1.1003289222717285,1.1798981428146362,0.9871233105659485,-0.23499852418899536,-0.07817139476537704,0.0761914923787117,0.9655539393424988,0.2480270266532898,0.01957171969115734
1081.0,-0.45868104696273804,-0.70904541015625,2.0434212684631348,-2.841540575027466,-1.3042047023773193,1.333490252494812,0.980709433555603,-0.21477481722831726,-0.06955073773860931,0.11362812668085098,0.9840985536575317,0.13562346994876862,0.015659652650356293
1082.0,-0.43404731154441833,-0.7097406983375549,2.0341956615448,-2.8541691303253174,-1.4186376333236694,1.305973768234253,0.9875321984291077,-0.2104281336069107,-0.06762122362852097,0.08580473810434341,0.9931986927986145,0.07840932905673981,0.006773964501917362
1083.0,-0.4344840943813324,-0.7092038989067078,2.0396032333374023,-2.8698649406433105,-1.441533088684082,1.1325668096542358,0.9838129878044128,-0.21303223073482513,-0.0680127888917923,-0.0008568697958253324,0.9977898001670837,0.06513424217700958,0.013126365840435028
1084.0,-0.43292397260665894,-0.7078250646591187,2.028345823287964,-2.854590654373169,-1.4420864582061768,1.1341168880462646,0.990373432636261,-0.21446937322616577,-0.06800883263349533,-0.0006926710484549403,0.997762143611908,0.06603552401065826,0.010465896688401699
1085.0,-0.4309588670730591,-0.7081764340400696,2.0220038890838623,-2.8388235569000244,-1.4224801063537598,1.2700506448745728,0.9948580265045166,-0.21109403669834137,-0.06752467900514603,0.06655770540237427,0.9947674870491028,0.07733786106109619,0.005174505989998579
1086.0,-0.4297349452972412,-0.7056589126586914,2.015378713607788,-2.840541124343872,-1.4487189054489136,1.1376729011535645,0.9981796741485596,-0.21569330990314484,-0.06806430965662003,-0.00047155251377262175,0.9979390501976013,0.0637422427535057,0.007382556796073914
1087.0,-0.429220050573349,-0.7056891322135925,2.008655548095703,-2.824185609817505,-1.4280146360397339,1.2352880239486694,1.002533197402954,-0.2136385440826416,-0.06779909133911133,0.0484711192548275,0.9959691166877747,0.07538323849439621,0.003668698016554117
1088.0,-0.4360838830471039,-0.7068111896514893,2.00722074508667,-2.803788900375366,-1.3757821321487427,1.2355190515518188,1.0029244422912598,-0.21262721717357635,-0.06789404898881912,0.053390983492136,0.9932560324668884,0.10276833176612854,0.005524157080799341
1089.0,-0.48315930366516113,-0.7021486759185791,1.999133586883545,-2.7040963172912598,-1.1760157346725464,1.1651760339736938,0.9968322515487671,-0.22897301614284515,-0.07500932365655899,0.05390016362071037,0.9759436845779419,0.21093358099460602,0.01164960116147995
1090.0,-0.4771343767642975,-0.7015238404273987,1.9834201335906982,-2.67844820022583,-1.1905617713928223,1.1279220581054688,1.0052324533462524,-0.2289411574602127,-0.07460828125476837,0.033197421580553055,0.9778324961662292,0.20662124454975128,0.007014792412519455
1091.0,-0.5221839547157288,-0.6825612187385559,1.931065559387207,-2.45776104927063,-0.9821504354476929,0.9728791117668152,1.0125738382339478,-0.2519497573375702,-0.0875270664691925,0.016478024423122406,0.9427046179771423,0.33317044377326965,0.005823658779263496
1092.0,-0.44629907608032227,-0.7038322687149048,1.9793646335601807,-2.730125904083252,-1.3144428730010986,1.1393532752990723,1.0148309469223022,-0.2193979024887085,-0.069748155772686,0.014777081087231636,0.99004065990448,0.1399889886379242,0.002089437795802951
1093.0,-0.42064857482910156,-0.7019268870353699,1.980069637298584,-2.785344362258911,-1.431282639503479,1.1413662433624268,1.0198363065719604,-0.21252238750457764,-0.06744764745235443,-0.002161945914849639,0.997063934803009,0.07654423266649246,-0.00016597179637756199
1094.0,-0.4247310757637024,-0.7022088766098022,1.993407130241394,-2.8135807514190674,-1.448893666267395,1.1426907777786255,1.0116091966629028,-0.21631643176078796,-0.0680161640048027,-0.000209260790143162,0.9978516697883606,0.06543539464473724,0.0031911057885736227
1095.0,-0.4204399883747101,-0.6992977261543274,1.976885199546814,-2.794689893722534,-1.4550518989562988,1.1473431587219238,1.0215237140655518,-0.21702896058559418,-0.06804359704256058,4.9119920731754974e-05,0.9979674220085144,0.06372306495904922,-0.0007692674989812076
1096.0,-0.4138769209384918,-0.6962785124778748,1.9592963457107544,-2.773801326751709,-1.4580777883529663,1.1541320085525513,1.032614827156067,-0.21508240699768066,-0.06789842993021011,0.00029910888406448066,0.9979642033576965,0.06360327452421188,-0.004693153779953718
1097.0,-0.41164350509643555,-0.6973317861557007,1.955308437347412,-2.7578487396240234,-1.4419689178466797,1.0656604766845703,1.0351370573043823,-0.2109757959842682,-0.06740676611661911,-0.044323213398456573,0.9963159561157227,0.07334411144256592,-0.0032628676854074
1098.0,-0.42615798115730286,-0.7003766894340515,1.9453455209732056,-2.688377857208252,-1.3686579465866089,1.0029278993606567,1.0348113775253296,-0.21501877903938293,-0.06866785883903503,-0.06388579308986664,0.9908428192138672,0.11870373785495758,-0.007653567939996719
1099.0,-0.40999481081962585,-0.7003793120384216,1.9705826044082642,-2.780862808227539,-1.452174186706543,1.1577363014221191,1.0271239280700684,-0.20733951032161713,-0.06667289137840271,0.00025285768788307905,0.9977919459342957,0.06630750000476837,-0.003804989857599139
1100.0,-0.4833831787109375,-0.6937184929847717,1.9281871318817139,-2.529442071914673,-1.1363909244537354,0.9787636995315552,1.0253371000289917,-0.23786599934101105,-0.07847138494253159,-0.022936854511499405,0.9674142003059387,0.252087265253067,-0.005976849235594273
1101.0,-0.49683263897895813,-0.6812907457351685,1.8783268928527832,-2.3677256107330322,-1.0587273836135864,0.8587275147438049,1.03727126121521,-0.2477593570947647,-0.08514179289340973,-0.05180232971906662,0.9480285048484802,0.3134729862213135,-0.01712884195148945
1102.0,-0.45399975776672363,-0.6936596632003784,1.9096686840057373,-2.550330638885498,-1.2289228439331055,0.947556734085083,1.0425699949264526,-0.2275550216436386,-0.0745374858379364,-0.06271149963140488,0.976740300655365,0.20462900400161743,-0.0131381805986166
1103.0,-0.512421190738678,-0.648784875869751,1.7862029075622559,-2.086589813232422,-0.950776994228363,0.6814792156219482,1.0569770336151123,-0.26110419631004333,-0.0990542322397232,-0.07820852100849152,0.9081263542175293,0.40981024503707886,-0.03529316931962967
1104.0,-0.4933266043663025,-0.6506696939468384,1.7701971530914307,-2.09706974029541,-1.013106346130371,0.6654528975486755,1.0697131156921387,-0.25422507524490356,-0.09493105113506317,-0.10931293666362762,0.9164054989814758,0.3823242485523224,-0.04560534283518791
1105.0,-0.47144147753715515,-0.659323513507843,1.7756454944610596,-2.1686367988586426,-1.0924856662750244,0.6788339018821716,1.0783395767211914,-0.24438856542110443,-0.08830823749303818,-0.1366119682788849,0.9310666918754578,0.33472365140914917,-0.04911275953054428
1106.0,-0.4209136962890625,-0.6912015080451965,1.888021469116211,-2.5722219944000244,-1.3344967365264893,0.8689643144607544,1.0620898008346558,-0.21566563844680786,-0.07062655687332153,-0.12697431445121765,0.9801698923110962,0.15087264776229858,-0.01954452320933342
1107.0,-0.43368151783943176,-0.6931831240653992,1.9005638360977173,-2.5755224227905273,-1.2989675998687744,0.9175817370414734,1.0530515909194946,-0.22049079835414886,-0.07165379077196121,-0.09435579180717468,0.9812651872634888,0.16720399260520935,-0.016077883541584015
1108.0,-0.4056052565574646,-0.6944880485534668,1.940955638885498,-2.743121385574341,-1.4505085945129395,1.1621538400650024,1.0441420078277588,-0.2094724178314209,-0.06730018556118011,0.0007129181758500636,0.9975084066390991,0.06980594247579575,-0.010187412612140179
1109.0,-0.4093033969402313,-0.6933436989784241,1.9469362497329712,-2.764101505279541,-1.4652857780456543,1.159103512763977,1.0405815839767456,-0.21459658443927765,-0.06789229810237885,0.0003967494994867593,0.9981563091278076,0.06033884361386299,-0.00656323553994298
1110.0,-0.40173494815826416,-0.6889354586601257,1.9281734228134155,-2.7483184337615967,-1.475187063217163,1.1671909093856812,1.0527132749557495,-0.212843120098114,-0.06785321980714798,0.000540653767529875,0.9983829855918884,0.05602022260427475,-0.00963544100522995
1111.0,-0.39729827642440796,-0.6872110962867737,1.9188145399093628,-2.7369604110717773,-1.4764337539672852,1.1717408895492554,1.0587254762649536,-0.21050913631916046,-0.0677441731095314,0.0006657716003246605,0.9983536005020142,0.05612112209200859,-0.011843590065836906
1112.0,-0.3901061415672302,-0.6893545985221863,1.9200459718704224,-2.7317447662353516,-1.4754087924957275,1.178975224494934,1.0591142177581787,-0.20226754248142242,-0.06672017276287079,0.0008062007836997509,0.9982566833496094,0.057322412729263306,-0.014039803296327591
1113.0,-0.38840675354003906,-0.6859782934188843,1.904174566268921,-2.7100183963775635,-1.4702918529510498,1.1805641651153564,1.0679861307144165,-0.20310871303081512,-0.06716234236955643,0.0010721415746957064,0.9979605078697205,0.06140078604221344,-0.01742575317621231
1114.0,-0.4197293817996979,-0.6845791935920715,1.8520679473876953,-2.4879658222198486,-1.306888222694397,0.7954133749008179,1.0765339136123657,-0.21622000634670258,-0.0726277232170105,-0.15781617164611816,0.9709476232528687,0.177544504404068,-0.028857780620455742
1115.0,-0.3861227035522461,-0.685822069644928,1.891398310661316,-2.67460036277771,-1.4551359415054321,0.8463620543479919,1.0738691091537476,-0.2003633826971054,-0.0670863538980484,-0.16495339572429657,0.983300507068634,0.07582017034292221,-0.012719197198748589
1116.0,-0.38813865184783936,-0.6824311017990112,1.8984524011611938,-2.718275308609009,-1.4842177629470825,1.1813123226165771,1.0719748735427856,-0.2067423313856125,-0.06764380633831024,0.0008111443021334708,0.9984773397445679,0.052999258041381836,-0.015281517058610916
1117.0,-0.3818221986293793,-0.6811743378639221,1.8873988389968872,-2.698723316192627,-1.480484962463379,1.187636375427246,1.07881760597229,-0.2015807032585144,-0.06736143678426743,0.0010990612208843231,0.9982162117958069,0.056439295411109924,-0.019438596442341805
1118.0,-0.37795960903167725,-0.6766312122344971,1.8786942958831787,-2.7071590423583984,-1.497055172920227,1.1919822692871094,1.0854803323745728,-0.20249338448047638,-0.0676688551902771,0.0007839880418032408,0.998781681060791,0.046361293643713,-0.016889797523617744
1119.0,-0.3737855851650238,-0.6770769953727722,1.8736200332641602,-2.691392660140991,-1.4916778802871704,1.1961231231689453,1.0883162021636963,-0.19785664975643158,-0.06736251711845398,0.0010583073599264026,0.9984979033470154,0.05065232142806053,-0.020862175151705742
1120.0,-0.3691335618495941,-0.6802369952201843,1.8855340480804443,-2.7084827423095703,-1.500799298286438,1.2009897232055664,1.082851767539978,-0.19183096289634705,-0.06642026454210281,0.000846549344714731,0.998816967010498,0.04480946063995361,-0.018869852647185326
1121.0,-0.4003947377204895,-0.6821455955505371,1.8440183401107788,-2.515880823135376,-1.3621797561645508,0.7546542882919312,1.0871797800064087,-0.207193985581398,-0.07054739445447922,-0.19303208589553833,0.9697670936584473,0.14642710983753204,-0.029146311804652214
1122.0,-0.3900216221809387,-0.6794560551643372,1.832470417022705,-2.510470151901245,-1.3860214948654175,0.7033772468566895,1.09515380859375,-0.20222480595111847,-0.07003320008516312,-0.2245481312274933,0.9643259048461914,0.13653875887393951,-0.031793732196092606
1123.0,-0.36428916454315186,-0.676773726940155,1.871860384941101,-2.694546699523926,-1.5017390251159668,1.205933690071106,1.0913738012313843,-0.18963780999183655,-0.06661198288202286,0.0009447111515328288,0.99876868724823,0.044939663261175156,-0.020995881408452988
1124.0,-0.3777077794075012,-0.6772292256355286,1.8344855308532715,-2.5539963245391846,-1.4208812713623047,0.7041432857513428,1.1005059480667114,-0.19559836387634277,-0.06866460293531418,-0.23413601517677307,0.9654543995857239,0.11113837361335754,-0.02695259265601635
1125.0,-0.35470297932624817,-0.6726335287094116,1.857682704925537,-2.686089515686035,-1.5111947059631348,1.2158054113388062,1.1013323068618774,-0.1837533712387085,-0.06654049456119537,0.0008951927302405238,0.9989482164382935,0.04003351554274559,-0.02233756333589554
1126.0,-0.36448734998703003,-0.673437237739563,1.857464075088501,-2.6740498542785645,-1.4956923723220825,1.2056835889816284,1.098881483078003,-0.19173690676689148,-0.06718014925718307,0.0012036350090056658,0.9984806180000305,0.04943842813372612,-0.024309149011969566
1127.0,-0.36736351251602173,-0.6713327169418335,1.858894944190979,-2.691694736480713,-1.5055899620056152,1.202903151512146,1.0987730026245117,-0.19670122861862183,-0.0675920844078064,0.0008218095172196627,0.9989136457443237,0.04237347096204758,-0.019373366609215736
1128.0,-0.361728310585022,-0.6688324213027954,1.849928617477417,-2.685178756713867,-1.5094971656799316,1.208669900894165,1.1049747467041016,-0.19308340549468994,-0.06755083054304123,0.0008231622050516307,0.9989745020866394,0.04044675827026367,-0.020330874249339104
1129.0,-0.35658082365989685,-0.6694493293762207,1.845750093460083,-2.670583963394165,-1.5053550004959106,1.2138619422912598,1.1073812246322632,-0.18724404275417328,-0.06720709800720215,0.001074666972272098,0.998733639717102,0.04398272559046745,-0.02440289780497551
1130.0,-0.35038912296295166,-0.6650360822677612,1.8342217206954956,-2.6697285175323486,-1.5146210193634033,1.2202290296554565,1.1156954765319824,-0.18452595174312592,-0.06734851747751236,0.0008972889627330005,0.9989891052246094,0.03841380402445793,-0.023334890604019165
1131.0,-0.35106760263442993,-0.6714601516723633,1.8426992893218994,-2.649745225906372,-1.5018168687820435,1.2195831537246704,1.1082981824874878,-0.18051977455615997,-0.0666857659816742,0.0015179709298536181,0.9983415603637695,0.048201728612184525,-0.03143981099128723
1132.0,-0.35546794533729553,-0.6689265966415405,1.8034188747406006,-2.5285022258758545,-1.4509776830673218,0.589671790599823,1.1207739114761353,-0.18199583888053894,-0.06839247792959213,-0.3009704351425171,0.9476787447929382,0.1014133021235466,-0.03220754861831665
1133.0,-0.3435940146446228,-0.6660645008087158,1.8328585624694824,-2.661597728729248,-1.5147569179534912,1.2271370887756348,1.1170172691345215,-0.17699627578258514,-0.06681646406650543,0.001031651976518333,0.9988860487937927,0.03915216401219368,-0.026320455595850945
1134.0,-0.334148645401001,-0.6638611555099487,1.8296725749969482,-2.6717593669891357,-1.5279837846755981,1.236716866493225,1.121429443359375,-0.16956427693367004,-0.06647980213165283,0.0007284479215741158,0.9992454051971436,0.030839011073112488,-0.0236031636595726
1135.0,-0.34260234236717224,-0.6614438891410828,1.8224010467529297,-2.6625237464904785,-1.5204020738601685,1.2281569242477417,1.1239397525787354,-0.17921854555606842,-0.06731763482093811,0.0008534005610272288,0.9990837574005127,0.035338930785655975,-0.024126894772052765
1136.0,-0.33736681938171387,-0.658284068107605,1.8140254020690918,-2.6612203121185303,-1.5253933668136597,1.233449101448059,1.130074143409729,-0.1759750247001648,-0.06740163266658783,0.0007510121795348823,0.9992093443870544,0.03221374377608299,-0.023294974118471146
1137.0,-0.33327412605285645,-0.6607361435890198,1.8153822422027588,-2.649404764175415,-1.5209345817565918,1.237626314163208,1.128806710243225,-0.1699364334344864,-0.0669630914926529,0.0009995201835408807,0.9989668130874634,0.035968758165836334,-0.0277598537504673
1138.0,-0.3279462158679962,-0.6559779047966003,1.804532527923584,-2.6517913341522217,-1.5291237831115723,1.2429895401000977,1.1368253231048584,-0.1676788330078125,-0.0672050192952156,0.0007732946542091668,0.9992125630378723,0.030587399378418922,-0.025261569768190384
1139.0,-0.32211124897003174,-0.6528301239013672,1.795528769493103,-2.648468255996704,-1.5334526300430298,1.2488675117492676,1.1432205438613892,-0.16356047987937927,-0.06724731624126434,0.0006981050246395171,0.9992973208427429,0.02798803523182869,-0.024925457313656807
1140.0,-0.31479212641716003,-0.6528911590576172,1.7929118871688843,-2.642007350921631,-1.5347483158111572,1.256272554397583,1.1453895568847656,-0.1557253748178482,-0.06696263700723648,0.0007540048682130873,0.9992457628250122,0.027772167697548866,-0.02712918259203434
1141.0,-0.3139066696166992,-0.6565313339233398,1.810099720954895,-2.6705775260925293,-1.544392466545105,1.2570768594741821,1.1370283365249634,-0.15351589024066925,-0.06633482128381729,0.00044854904990643263,0.9995513558387756,0.02085224911570549,-0.021501170471310616
1142.0,-0.3230781555175781,-0.6575033664703369,1.805567979812622,-2.645927906036377,-1.5286216735839844,1.2479416131973267,1.1363599300384521,-0.16163647174835205,-0.06680966168642044,0.0008803578675724566,0.9991129040718079,0.031550921499729156,-0.027878008782863617
1143.0,-0.38200750946998596,-0.5942364931106567,1.5540307760238647,-1.8277649879455566,-1.2601044178009033,0.34633976221084595,1.1678489446640015,-0.2017238438129425,-0.09301027655601501,-0.33066412806510925,0.8682769536972046,0.3455933928489685,-0.131611630320549
1144.0,-0.4110310673713684,-0.5666921138763428,1.5076513290405273,-1.6477175951004028,-1.1645116806030273,0.3254631757736206,1.1608375310897827,-0.22017760574817657,-0.10300444066524506,-0.2831377685070038,0.8474008440971375,0.42600953578948975,-0.14234042167663574
1145.0,-0.382578045129776,-0.5512650609016418,1.4619646072387695,-1.6075708866119385,-1.228724718093872,0.27370166778564453,1.1815468072891235,-0.2030050903558731,-0.1032935231924057,-0.32954296469688416,0.8328981399536133,0.4134303629398346,-0.1635771244764328
1146.0,-0.37119513750076294,-0.5473098754882812,1.4475781917572021,-1.5945889949798584,-1.2534708976745605,0.2541821599006653,1.1883046627044678,-0.19518020749092102,-0.10227583348751068,-0.34740328788757324,0.8266012668609619,0.40818125009536743,-0.17155008018016815
1147.0,-0.3530215620994568,-0.5415999889373779,1.4249995946884155,-1.5721230506896973,-1.2926174402236938,0.2223161906003952,1.198608160018921,-0.18226884305477142,-0.09982958436012268,-0.37557438015937805,0.81517094373703,0.40049105882644653,-0.18451856076717377
1148.0,-0.3330994248390198,-0.573689877986908,1.4900217056274414,-1.7688287496566772,-1.3543078899383545,0.24097491800785065,1.199587345123291,-0.16728468239307404,-0.09229499101638794,-0.4115173816680908,0.8356608152389526,0.32634085416793823,-0.1607050895690918
1149.0,-0.33594009280204773,-0.6168956756591797,1.5965425968170166,-2.0185272693634033,-1.3781776428222656,0.31449225544929504,1.180322289466858,-0.16795210540294647,-0.0813848078250885,-0.4038660228252411,0.8716888427734375,0.25186118483543396,-0.11669092625379562
1150.0,-0.3279725909233093,-0.6485491991043091,1.7067056894302368,-2.3197128772735596,-1.4362014532089233,0.3976362645626068,1.1597421169281006,-0.16042698919773102,-0.07218507677316666,-0.39487209916114807,0.9033554196357727,0.15339252352714539,-0.067050501704216
1151.0,-0.3089304268360138,-0.6523371934890747,1.744767189025879,-2.4746158123016357,-1.4985263347625732,0.36164888739585876,1.1582145690917969,-0.14695899188518524,-0.06836476176977158,-0.42978420853614807,0.8972939252853394,0.09085839241743088,-0.04351918771862984
1152.0,-0.30135586857795715,-0.6492001414299011,1.7814550399780273,-2.636460781097412,-1.5418448448181152,1.2697805166244507,1.1541428565979004,-0.14357063174247742,-0.06681644916534424,0.000651806010864675,0.9993409514427185,0.02369026467204094,-0.027495529502630234
1153.0,-0.30478590726852417,-0.6460269093513489,1.7756673097610474,-2.6402065753936768,-1.5426981449127197,1.2662644386291504,1.1578176021575928,-0.1489795744419098,-0.06724146008491516,0.0005499623366631567,0.9994478821754456,0.022426925599575043,-0.024508876726031303
1154.0,-0.30803167819976807,-0.6511768102645874,1.7874152660369873,-2.6390581130981445,-1.5381439924240112,1.263074517250061,1.1496258974075317,-0.1495492309331894,-0.06687591969966888,0.0007095718756318092,0.9992892742156982,0.025845149531960487,-0.02743523195385933
1155.0,-0.3093825578689575,-0.6553669571876526,1.793906569480896,-2.6287453174591064,-1.536612868309021,1.2619314193725586,1.1439648866653442,-0.1491096168756485,-0.06656359136104584,0.0009470757213421166,0.9990420937538147,0.028521282598376274,-0.033174119889736176
1156.0,-0.3309698700904846,-0.6541218161582947,1.7329401969909668,-2.3885815143585205,-1.4478057622909546,0.4305262863636017,1.1521202325820923,-0.16332803666591644,-0.07054043561220169,-0.3822583854198456,0.9128480553627014,0.13234645128250122,-0.05542055889964104
1157.0,-0.3420546054840088,-0.656019926071167,1.7355506420135498,-2.3694169521331787,-1.428092360496521,0.457948237657547,1.1464241743087769,-0.17153005301952362,-0.07133698463439941,-0.36202940344810486,0.9189413785934448,0.14557573199272156,-0.05735153704881668
1158.0,-0.325904905796051,-0.6612874865531921,1.8107086420059204,-2.6335697174072266,-1.5230529308319092,1.245261311531067,1.1312674283981323,-0.16237685084342957,-0.06660730391740799,0.0012185146333649755,0.998776912689209,0.03644814342260361,-0.03339057043194771
1159.0,-0.3416820466518402,-0.6638591289520264,1.7825003862380981,-2.502342462539673,-1.4675285816192627,0.4986329674720764,1.1329034566879272,-0.17268098890781403,-0.06847073137760162,-0.35063543915748596,0.9304364323616028,0.09966099262237549,-0.037557292729616165
1160.0,-0.3554770350456238,-0.6648632287979126,1.7756634950637817,-2.4508378505706787,-1.4261571168899536,0.5502787232398987,1.1295983791351318,-0.1812332272529602,-0.06991847604513168,-0.31554558873176575,0.9391990900039673,0.1283598244190216,-0.04312543943524361
1161.0,-0.38513100147247314,-0.6199496388435364,1.617467999458313,-1.9747693538665771,-1.2729167938232422,0.41030779480934143,1.1549326181411743,-0.20242762565612793,-0.0864570215344429,-0.31733810901641846,0.891921877861023,0.30349910259246826,-0.10798235237598419
1162.0,-0.41391521692276,-0.5931869745254517,1.5685536861419678,-1.795763611793518,-1.17702054977417,0.3903979957103729,1.1509339809417725,-0.22139695286750793,-0.09798463433980942,-0.27470889687538147,0.8730719089508057,0.384267657995224,-0.12090842425823212
1163.0,-0.4269503057003021,-0.589413046836853,1.5686712265014648,-1.7636792659759521,-1.141059160232544,0.3940681517124176,1.1440174579620361,-0.22900475561618805,-0.10126073658466339,-0.25443196296691895,0.8696877956390381,0.40595850348472595,-0.11876542121171951
1164.0,-0.4020896255970001,-0.6590104103088379,1.7396626472473145,-2.243110179901123,-1.2848308086395264,0.5777658820152283,1.1189638376235962,-0.21013113856315613,-0.07789237797260284,-0.2545924484729767,0.9356484413146973,0.23585200309753418,-0.06417597085237503
1165.0,-0.43471595644950867,-0.6423977017402649,1.7014265060424805,-2.0742411613464355,-1.1697847843170166,0.5613059401512146,1.1144559383392334,-0.22946816682815552,-0.08731360733509064,-0.21474266052246094,0.9192287921905518,0.32135406136512756,-0.07507208734750748
1166.0,-0.4645858108997345,-0.6314341425895691,1.6927683353424072,-1.976192593574524,-1.074175477027893,0.5543338060379028,1.1016546487808228,-0.24505598843097687,-0.09568401426076889,-0.17384538054466248,0.9045161604881287,0.3823961317539215,-0.07349544018507004
1167.0,-0.4520583152770996,-0.5877447128295898,1.5801838636398315,-1.7216492891311646,-1.068871021270752,0.4059915542602539,1.1285898685455322,-0.24206821620464325,-0.10483581572771072,-0.21339991688728333,0.8640084862709045,0.44271165132522583,-0.10934455692768097
1168.0,-0.4654223918914795,-0.5951462388038635,1.607371211051941,-1.7524874210357666,-1.0360641479492188,0.43572255969047546,1.1169084310531616,-0.24801696836948395,-0.10553858429193497,-0.18932782113552094,0.8685152530670166,0.4475681483745575,-0.09756545722484589
1169.0,-0.49059584736824036,-0.6085533499717712,1.6597119569778442,-1.813249111175537,-0.9738532900810242,0.4924240708351135,1.094152808189392,-0.25823545455932617,-0.10676842927932739,-0.1438111811876297,0.8745474815368652,0.4569878876209259,-0.07514739036560059
1170.0,-0.5008234977722168,-0.6165778040885925,1.6861622333526611,-1.8443472385406494,-0.9460563659667969,0.5200105905532837,1.0831773281097412,-0.2608763873577118,-0.10570759326219559,-0.12355367839336395,0.8766076564788818,0.46052196621894836,-0.06490837782621384
1171.0,-0.5124614834785461,-0.6261012554168701,1.7167319059371948,-1.8795496225357056,-0.9139609336853027,0.5513243079185486,1.0703612565994263,-0.26344871520996094,-0.10382713377475739,-0.10050366818904877,0.8779932260513306,0.46496671438217163,-0.053224626928567886
1172.0,-0.52387934923172,-0.6315664649009705,1.7437716722488403,-1.9164570569992065,-0.8835524320602417,0.5825322270393372,1.0589734315872192,-0.2666111886501312,-0.10458798706531525,-0.07833480834960938,0.8787851333618164,0.46888530254364014,-0.04179638624191284
1173.0,-0.5398238897323608,-0.6377536058425903,1.7867436408996582,-1.9862933158874512,-0.8402336835861206,0.6373428106307983,1.0417340993881226,-0.269845187664032,-0.10731750726699829,-0.04488266631960869,0.8801245093345642,0.4720034599304199,-0.024070201441645622
1174.0,-0.5498635172843933,-0.6441947817802429,1.8168100118637085,-2.0314762592315674,-0.8106113076210022,0.6738471984863281,1.0296831130981445,-0.27065715193748474,-0.10644541680812836,-0.02294437400996685,0.8796656131744385,0.47487741708755493,-0.012386257760226727
1175.0,-0.5410633087158203,-0.6453589797019958,1.7968395948410034,-1.9913907051086426,-0.8320845365524292,0.6441788673400879,1.0380077362060547,-0.26800984144210815,-0.10207006335258484,-0.040243182331323624,0.8795619606971741,0.4735839068889618,-0.021668199449777603
1176.0,-0.5320826768875122,-0.6412298083305359,1.7718373537063599,-1.9516438245773315,-0.8571239709854126,0.6127488613128662,1.048038363456726,-0.26654231548309326,-0.10122562199831009,-0.059291429817676544,0.8792674541473389,0.4715529680252075,-0.031798116862773895
1177.0,-0.5256231427192688,-0.6444993615150452,1.7599077224731445,-1.923074722290039,-0.8707296252250671,0.5928013920783997,1.0530509948730469,-0.26353394985198975,-0.09563837945461273,-0.0710679292678833,0.8782371282577515,0.4713745415210724,-0.038144152611494064
1178.0,-0.5161547660827637,-0.6348448395729065,1.7311618328094482,-1.8880454301834106,-0.9006659388542175,0.5614718198776245,1.0643713474273682,-0.2626989185810089,-0.09866734594106674,-0.09215160459280014,0.8776963353157043,0.46770283579826355,-0.04910533130168915
1179.0,-0.5013568997383118,-0.6269526481628418,1.6958509683609009,-1.8415108919143677,-0.9393423795700073,0.5221449732780457,1.0792597532272339,-0.25842756032943726,-0.09781976789236069,-0.12053100019693375,0.8758870363235474,0.46285778284072876,-0.06369396299123764
1180.0,-0.4798640012741089,-0.6148129105567932,1.6465604305267334,-1.7794498205184937,-0.9955993890762329,0.46720829606056213,1.0998480319976807,-0.251184344291687,-0.09670352935791016,-0.16166730225086212,0.8712830543518066,0.455612450838089,-0.0845392644405365
1181.0,-0.4916020631790161,-0.6174243092536926,1.6691138744354248,-1.8127886056900024,-0.9668170213699341,0.49588534235954285,1.0903546810150146,-0.2564258873462677,-0.10030029714107513,-0.14013250172138214,0.8741911053657532,0.45906177163124084,-0.07358743250370026
1182.0,-0.4578973352909088,-0.5960824489593506,1.5956518650054932,-1.7308225631713867,-1.0523672103881836,0.4183255136013031,1.1218440532684326,-0.24355797469615936,-0.1008545532822609,-0.20218849182128906,0.865532398223877,0.44621580839157104,-0.10423608124256134
1183.0,-0.446833074092865,-0.5943281650543213,1.5774492025375366,-1.7043715715408325,-1.0781906843185425,0.3940808176994324,1.1295889616012573,-0.2374493032693863,-0.09687364101409912,-0.2214999496936798,0.8613041639328003,0.4428569972515106,-0.113888680934906
1184.0,-0.46506109833717346,-0.6075565218925476,1.6164171695709229,-1.7433515787124634,-1.031616449356079,0.43414613604545593,1.1128733158111572,-0.24488399922847748,-0.09523060917854309,-0.18814003467559814,0.8672754764556885,0.4504317343235016,-0.0977131798863411
1185.0,-0.4507048726081848,-0.6019513010978699,1.5883835554122925,-1.706876516342163,-1.0656616687774658,0.40171462297439575,1.1247340440750122,-0.2380346953868866,-0.09217000007629395,-0.21356147527694702,0.8620061874389648,0.44622355699539185,-0.11055160313844681
1186.0,-0.43812546133995056,-0.5975183248519897,1.5673161745071411,-1.6819239854812622,-1.0962753295898438,0.3756881654262543,1.133832335472107,-0.2313719540834427,-0.09002853184938431,-0.23565536737442017,0.857373833656311,0.44121426343917847,-0.12127090245485306
1187.0,-0.4191509187221527,-0.5804113745689392,1.527756929397583,-1.6517069339752197,-1.142746925354004,0.3391115665435791,1.151436686515808,-0.22285988926887512,-0.09490787982940674,-0.2685880661010742,0.8499543070793152,0.432187557220459,-0.13657252490520477
1188.0,-0.4345974922180176,-0.5885358452796936,1.555765151977539,-1.6811922788619995,-1.106723666191101,0.36995765566825867,1.1392107009887695,-0.23107661306858063,-0.09586568176746368,-0.24231339991092682,0.8567804098129272,0.4380239248275757,-0.12388131022453308
1189.0,-0.4389039874076843,-0.5842745900154114,1.5587985515594482,-1.6945557594299316,-1.098677158355713,0.37955242395401,1.1380832195281982,-0.23469926416873932,-0.10155284404754639,-0.23557808995246887,0.8591506481170654,0.43810126185417175,-0.12012685090303421
1190.0,-0.426759272813797,-0.579780101776123,1.5381287336349487,-1.670036792755127,-1.1265004873275757,0.3550024926662445,1.147116780281067,-0.22793982923030853,-0.09933888912200928,-0.2561475336551666,0.8539559841156006,0.4338359534740448,-0.1301308423280716
1191.0,-0.4086199402809143,-0.5727382898330688,1.5088931322097778,-1.6373685598373413,-1.1684116125106812,0.3193471133708954,1.1599065065383911,-0.21734939515590668,-0.09667230397462845,-0.28669798374176025,0.8453478813171387,0.4268849492073059,-0.14477716386318207
1192.0,-0.39975810050964355,-0.5660912990570068,1.4934582710266113,-1.6270442008972168,-1.1887322664260864,0.3040963113307953,1.167093276977539,-0.2124493271112442,-0.09844138473272324,-0.30117878317832947,0.8414633870124817,0.422349214553833,-0.1511683166027069
1193.0,-0.3785138428211212,-0.5574035048484802,1.4618135690689087,-1.594900369644165,-1.2361239194869995,0.2649794816970825,1.181183099746704,-0.1988915055990219,-0.0961509495973587,-0.3354661166667938,0.8296093344688416,0.41378170251846313,-0.1673194169998169
1194.0,-0.36618444323539734,-0.5518711805343628,1.445530652999878,-1.5821950435638428,-1.2635016441345215,0.24394766986370087,1.1888259649276733,-0.19063159823417664,-0.09615445137023926,-0.354967325925827,0.8226902484893799,0.4077157974243164,-0.17591772973537445
1195.0,-0.35050565004348755,-0.5467708110809326,1.4259793758392334,-1.5628409385681152,-1.297200322151184,0.2166692167520523,1.1976959705352783,-0.17947737872600555,-0.09412454813718796,-0.3790905475616455,0.812619686126709,0.4011475741863251,-0.18713705241680145
1196.0,-0.3386945426464081,-0.5407947897911072,1.4108084440231323,-1.5522578954696655,-1.3235007524490356,0.1962958127260208,1.204742670059204,-0.17124147713184357,-0.09487443417310715,-0.39752984046936035,0.8047654032707214,0.395230770111084,-0.195232093334198
1197.0,-0.3320763111114502,-0.5334879159927368,1.4005374908447266,-1.5528196096420288,-1.3378057479858398,0.1867235004901886,1.2100987434387207,-0.16699764132499695,-0.0992770567536354,-0.4075965881347656,0.8012142777442932,0.39046546816825867,-0.19863900542259216
1198.0,-0.31470227241516113,-0.5288207530975342,1.3829762935638428,-1.5367872714996338,-1.3744540214538574,0.15729698538780212,1.2182791233062744,-0.15353712439537048,-0.0973307266831398,-0.43334320187568665,0.7883983850479126,0.38263455033302307,-0.21031512320041656
1199.0,-0.3232344388961792,-0.5345072150230408,1.3938369750976562,-1.5409656763076782,-1.3562747240066528,0.17103701829910278,1.2129534482955933,-0.15969961881637573,-0.09519736468791962,-0.4206196963787079,0.7942859530448914,0.38742366433143616,-0.20516294240951538
1200.0,-0.30543074011802673,-0.5295901894569397,1.3761168718338013,-1.524903416633606,-1.3939827680587769,0.1408284306526184,1.221121072769165,-0.145803764462471,-0.09336736798286438,-0.4467955529689789,0.7805426716804504,0.37941744923591614,-0.21718482673168182
1201.0,-0.3156437873840332,-0.5379924178123474,1.3898018598556519,-1.5275744199752808,-1.371938943862915,0.15706707537174225,1.2142819166183472,-0.153025820851326,-0.08922950178384781,-0.4315146207809448,0.7876415252685547,0.385700523853302,-0.2113085836172104
1202.0,-0.32765141129493713,-0.5410268902778625,1.4017642736434937,-1.538872241973877,-1.3467367887496948,0.17711611092090607,1.2087481021881104,-0.16235284507274628,-0.09077924489974976,-0.41391721367836,0.7965567708015442,0.391008198261261,-0.20318080484867096
1203.0,-0.3417116105556488,-0.5474531054496765,1.4175853729248047,-1.5482820272445679,-1.3156461715698242,0.20059290528297424,1.2011326551437378,-0.17253124713897705,-0.0897645652294159,-0.39227262139320374,0.8060047626495361,0.398562490940094,-0.19397546350955963
1204.0,-0.35176458954811096,-0.5529959201812744,1.431513786315918,-1.5584615468978882,-1.2936846017837524,0.217701256275177,1.1947354078292847,-0.17942564189434052,-0.08908046036958694,-0.37682053446769714,0.8126422166824341,0.40329551696777344,-0.18700726330280304
1205.0,-0.37525320053100586,-0.5633012652397156,1.4623242616653442,-1.5836851596832275,-1.2417562007904053,0.25793135166168213,1.180501937866211,-0.19540084898471832,-0.08952158689498901,-0.3400435745716095,0.826808750629425,0.4143831729888916,-0.17042435705661774
1206.0,-0.388064980506897,-0.5661925077438354,1.4792649745941162,-1.604426622390747,-1.2135894298553467,0.2816881835460663,1.1731362342834473,-0.20413920283317566,-0.09287729859352112,-0.31966501474380493,0.8345548510551453,0.4190142750740051,-0.160497784614563
1207.0,-0.4006476104259491,-0.5731869339942932,1.4994733333587646,-1.6219228506088257,-1.1852960586547852,0.3041824996471405,1.1639817953109741,-0.21171580255031586,-0.09266097843647003,-0.2993274927139282,0.8410252332687378,0.42455580830574036,-0.15110275149345398
1208.0,-0.42704954743385315,-0.5919849872589111,1.547516942024231,-1.66093111038208,-1.1219682693481445,0.353940486907959,1.1425421237945557,-0.22552825510501862,-0.08918142318725586,-0.25437238812446594,0.8528521060943604,0.4369795024394989,-0.13033387064933777
1209.0,-0.4083564579486847,-0.5829788446426392,1.515499472618103,-1.627027153968811,-1.1656215190887451,0.31723910570144653,1.1564565896987915,-0.21509499847888947,-0.08755286782979965,-0.28594380617141724,0.8439963459968567,0.42977339029312134,-0.145606130361557
1210.0,-0.4175037741661072,-0.5912863612174988,1.5334315299987793,-1.6392067670822144,-1.1427217721939087,0.33450886607170105,1.148457407951355,-0.21947549283504486,-0.08484183996915817,-0.2699938118457794,0.8480116128921509,0.4345543384552002,-0.13835538923740387
1211.0,-0.4350428581237793,-0.6035676002502441,1.567204475402832,-1.6697924137115479,-1.1007024049758911,0.3686603009700775,1.1336095333099365,-0.22811396420001984,-0.08337545394897461,-0.23995400965213776,0.8553850650787354,0.4420008659362793,-0.12399078905582428
1212.0,-0.41967305541038513,-0.6005189418792725,1.5432093143463135,-1.6368192434310913,-1.1350480318069458,0.33783701062202454,1.1438236236572266,-0.21893490850925446,-0.07815492153167725,-0.26540711522102356,0.8482498526573181,0.43738192319869995,-0.13685151934623718
1213.0,-0.39640480279922485,-0.5828701853752136,1.5009407997131348,-1.6044514179229736,-1.1921674013137817,0.2940606474876404,1.1625757217407227,-0.20688173174858093,-0.08222394436597824,-0.3053675889968872,0.8373640179634094,0.42596063017845154,-0.1553381383419037
1214.0,-0.38539427518844604,-0.5729499459266663,1.4807274341583252,-1.5928103923797607,-1.217679738998413,0.2753669321537018,1.1719516515731812,-0.2009439319372177,-0.08567781001329422,-0.3232923746109009,0.8320531249046326,0.4201434552669525,-0.1632457822561264
1215.0,-0.3682790994644165,-0.5663167834281921,1.457208514213562,-1.57002854347229,-1.2563732862472534,0.24465085566043854,1.1824506521224976,-0.189693883061409,-0.08399569988250732,-0.3507443070411682,0.8219746947288513,0.4127025604248047,-0.17610405385494232
1216.0,-0.35758087038993835,-0.5604403018951416,1.442477822303772,-1.5599071979522705,-1.2804815769195557,0.22652001678943634,1.1893219947814941,-0.18265843391418457,-0.08487628400325775,-0.367656409740448,0.815643846988678,0.4072534739971161,-0.1835719794034958
1217.0,-0.3712889552116394,-0.573867917060852,1.465045690536499,-1.5661976337432861,-1.2475677728652954,0.2489737719297409,1.1783987283706665,-0.1905142068862915,-0.0783209502696991,-0.34510570764541626,0.8229082226753235,0.4162371754646301,-0.17455875873565674
1218.0,-0.35582295060157776,-0.5659485459327698,1.4443440437316895,-1.5513672828674316,-1.2834194898605347,0.22219835221767426,1.187941551208496,-0.1803993135690689,-0.0791742205619812,-0.3699991703033447,0.8136192560195923,0.4082387089729309,-0.18564948439598083
1219.0,-0.3410748541355133,-0.5604547262191772,1.425620675086975,-1.5335625410079956,-1.3149373531341553,0.19724299013614655,1.1963433027267456,-0.16991522908210754,-0.07770639657974243,-0.39220306277275085,0.8037124872207642,0.40213626623153687,-0.1962381899356842
1220.0,-0.3229217827320099,-0.5571141242980957,1.408088207244873,-1.5145756006240845,-1.3550193309783936,0.16587001085281372,1.2041213512420654,-0.15614859759807587,-0.07418479770421982,-0.4197787940502167,0.7903308272361755,0.39413148164749146,-0.20934022963047028
1221.0,-0.3143557012081146,-0.5505334734916687,1.396833896636963,-1.5115259885787964,-1.3738672733306885,0.15230782330036163,1.2096935510635376,-0.15021277964115143,-0.07715922594070435,-0.43269890546798706,0.7844902873039246,0.38899004459381104,-0.2145540416240692
1222.0,-0.30147185921669006,-0.5445101261138916,1.3827905654907227,-1.5032374858856201,-1.401210904121399,0.13156744837760925,1.2164078950881958,-0.1404767781496048,-0.07817038148641586,-0.4514097571372986,0.7748008966445923,0.3824460804462433,-0.22281843423843384
1223.0,-0.32977423071861267,-0.5541926026344299,1.4119294881820679,-1.526339054107666,-1.3406133651733398,0.17832420766353607,1.2028639316558838,-0.16205032169818878,-0.07935616374015808,-0.40983352065086365,0.7961196303367615,0.3958568871021271,-0.20378270745277405
1224.0,-0.3138693571090698,-0.5444358587265015,1.3925137519836426,-1.5179613828659058,-1.3752447366714478,0.15270604193210602,1.2123196125030518,-0.15067236125469208,-0.08262449502944946,-0.43372538685798645,0.7851197123527527,0.38699400424957275,-0.21378792822360992
1225.0,-0.32776492834091187,-0.5475224256515503,1.4060406684875488,-1.5314967632293701,-1.3462097644805908,0.17568962275981903,1.2061175107955933,-0.16151811182498932,-0.08483060449361801,-0.4135410189628601,0.7954972386360168,0.3929797112941742,-0.20429134368896484
1226.0,-0.30392688512802124,-0.5380882024765015,1.3804267644882202,-1.5132297277450562,-1.3964793682098389,0.1367969959974289,1.2182294130325317,-0.14338943362236023,-0.08493315428495407,-0.4483473002910614,0.7778921127319336,0.38147860765457153,-0.2198697030544281
1227.0,-0.28986623883247375,-0.5335021018981934,1.3686532974243164,-1.5068962574005127,-1.4271467924118042,0.11333531141281128,1.2240742444992065,-0.13230016827583313,-0.08531492203474045,-0.46913793683052063,0.7667339444160461,0.37379181385040283,-0.22871023416519165
1228.0,-0.27687889337539673,-0.5327696800231934,1.3598979711532593,-1.4959791898727417,-1.453965187072754,0.09187237173318863,1.228013277053833,-0.1213177964091301,-0.08219137042760849,-0.4870963990688324,0.7554243803024292,0.36832860112190247,-0.23749765753746033
1229.0,-0.25314217805862427,-0.5249390602111816,1.3429865837097168,-1.4897032976150513,-1.5046236515045166,0.05251742899417877,1.236646056175232,-0.10175449401140213,-0.08402106910943985,-0.5205853581428528,0.7344736456871033,0.3551895320415497,-0.25175368785858154
1230.0,-0.23208588361740112,-0.52278071641922,1.3325462341308594,-1.4801702499389648,-1.5480546951293945,0.018028613179922104,1.2416545152664185,-0.08331551402807236,-0.08164610713720322,-0.5483260750770569,0.7140796780586243,0.3452025353908539,-0.2650734782218933
1231.0,-0.220070019364357,-0.520047128200531,1.327934980392456,-1.4812493324279785,-1.5742270946502686,-0.0027368904557079077,1.2444030046463013,-0.07293913513422012,-0.08283286541700363,-0.5648316740989685,0.7019771933555603,0.33798593282699585,-0.2719534933567047
1232.0,-0.20758166909217834,-0.5179646015167236,1.3236663341522217,-1.4809980392456055,-1.599642038345337,-0.02309553325176239,1.2468719482421875,-0.06174883246421814,-0.08329074084758759,-0.5807234048843384,0.6893436312675476,0.33122140169143677,-0.2790306508541107
1233.0,-0.19793865084648132,-0.5154341459274292,1.3198235034942627,-1.481626033782959,-1.6191072463989258,-0.03881227597594261,1.2490601539611816,-0.05311458557844162,-0.0844917893409729,-0.5927697420120239,0.6793963313102722,0.32588356733322144,-0.28433170914649963
1234.0,-0.17484232783317566,-0.511569082736969,1.31659996509552,-1.4898736476898193,-1.6670098304748535,-0.0782962217926979,1.2520121335983276,-0.03210339695215225,-0.0875282809138298,-0.6218435764312744,0.65431147813797,0.311932772397995,-0.29645419120788574
1235.0,-0.16422966122627258,-0.5124112963676453,1.3168039321899414,-1.4896023273468018,-1.6887544393539429,-0.09589044749736786,1.252070426940918,-0.022160951048135757,-0.08635258674621582,-0.6340980529785156,0.6419802308082581,0.3066561818122864,-0.3028911054134369
1236.0,-0.15182095766067505,-0.5095537900924683,1.3165820837020874,-1.4984197616577148,-1.7134116888046265,-0.11710167676210403,1.2532227039337158,-0.010588230565190315,-0.08962222933769226,0.6488587856292725,-0.6281325817108154,-0.298702597618103,0.30855876207351685
1237.0,-0.1844664216041565,-0.5110575556755066,1.3165887594223022,-1.4894206523895264,-1.647373914718628,-0.06227784603834152,1.251746654510498,-0.04109957441687584,-0.08831313252449036,-0.610385537147522,0.6651391386985779,0.3169185519218445,-0.290830135345459
1238.0,-0.20377011597156525,-0.5113007426261902,1.318666934967041,-1.488718867301941,-1.606515884399414,-0.028950821608304977,1.2501308917999268,-0.05870501324534416,-0.08923061192035675,-0.5859586000442505,0.6865667104721069,0.3274093568325043,-0.27943143248558044
1239.0,-0.2144688367843628,-0.5123224258422852,1.3218632936477661,-1.4901220798492432,-1.5846168994903564,-0.011188671924173832,1.248378872871399,-0.06838987022638321,-0.08959479629993439,-0.5724524259567261,0.6977754831314087,0.33289656043052673,-0.27310711145401
1240.0,-0.2432669699192047,-0.5189914703369141,1.3349010944366455,-1.4914336204528809,-1.5245269536972046,0.03704475983977318,1.2411326169967651,-0.0935758426785469,-0.08758798241615295,-0.5339938402175903,0.726064145565033,0.3489976227283478,-0.256675124168396
1241.0,-0.27101245522499084,-0.5253322720527649,1.3514245748519897,-1.4994107484817505,-1.4660662412643433,0.08319492638111115,1.2326514720916748,-0.11713457852602005,-0.08743691444396973,-0.49555057287216187,0.7513408660888672,0.3637923002243042,-0.23994103074073792
1242.0,-0.25332120060920715,-0.5176585912704468,1.3385478258132935,-1.4990442991256714,-1.5035951137542725,0.05404482036828995,1.2396240234375,-0.10258795320987701,-0.09100448340177536,-0.5206791758537292,0.7361140847206116,0.3530714213848114,-0.24973972141742706
1243.0,-0.2380049079656601,-0.5112634897232056,1.3276995420455933,-1.4978954792022705,-1.5348660945892334,0.02912767417728901,1.2453736066818237,-0.08959747105836868,-0.09380786865949631,-0.5414181351661682,0.7222372889518738,0.34437528252601624,-0.2581575810909271
1244.0,-0.2242661416530609,-0.5114312171936035,1.323685884475708,-1.4934136867523193,-1.5643082857131958,0.005258993245661259,1.2474308013916016,-0.0773533433675766,-0.09164528548717499,-0.5599101781845093,0.7080543637275696,0.3375231623649597,-0.2669041156768799
1245.0,-0.21476030349731445,-0.5064318180084229,1.3182865381240845,-1.49786376953125,-1.5830938816070557,-0.010066758841276169,1.2508035898208618,-0.06904644519090652,-0.09529504179954529,-0.5724313855171204,0.6993035078048706,0.33129215240478516,-0.2711870074272156
1246.0,-0.19450968503952026,-0.5072378516197205,1.3145633935928345,-1.4928176403045654,-1.6254324913024902,-0.044628798961639404,1.2527508735656738,-0.05051735043525696,-0.09226306527853012,-0.5979722738265991,0.6771143674850464,0.32147470116615295,-0.28390026092529297
1247.0,-0.180056631565094,-0.5038332343101501,1.3119748830795288,-1.499443531036377,-1.654657006263733,-0.06920495629310608,1.2550190687179565,-0.037282709032297134,-0.09514611214399338,-0.6161721348762512,0.6618021726608276,0.3125339150428772,-0.2909852862358093
1248.0,-0.16999875009059906,-0.5032832026481628,1.311320185661316,-1.5011886358261108,-1.6750516891479492,-0.08622843772172928,1.2557069063186646,-0.027901580557227135,-0.09535074234008789,-0.6282086968421936,0.6504625678062439,0.3070783317089081,-0.2965724468231201
1249.0,-0.15679392218589783,-0.503238320350647,1.3116884231567383,-1.5039154291152954,-1.702018141746521,-0.1087682694196701,1.2559988498687744,-0.01550676766782999,-0.09531641751527786,0.6436654925346375,-0.6350683569908142,-0.2999422252178192,0.3040026128292084
1250.0,-0.20136556029319763,-0.502354085445404,1.3125178813934326,-1.4996693134307861,-1.6102246046066284,-0.03248896449804306,1.2541579008102417,-0.05707644298672676,-0.09751806408166885,-0.5896558165550232,0.6856651306152344,0.3236071467399597,-0.27829447388648987
1251.0,-0.2113657295703888,-0.4990307688713074,1.3128257989883423,-1.5066066980361938,-1.588985800743103,-0.015096606686711311,1.2543222904205322,-0.06643608957529068,-0.10196907818317413,-0.5772327184677124,0.6972095966339111,0.3274332284927368,-0.27108803391456604
1252.0,-0.223749577999115,-0.5011815428733826,1.3171828985214233,-1.5065909624099731,-1.5636547803878784,0.00590110057964921,1.2517677545547485,-0.07758340239524841,-0.10142051428556442,-0.5610214471817017,0.709748387336731,0.33423441648483276,-0.2641960084438324
1253.0,-0.2348133623600006,-0.5033112168312073,1.3212265968322754,-1.5058244466781616,-1.5409839153289795,0.024492153897881508,1.2492703199386597,-0.08745774626731873,-0.10067740082740784,-0.546188235282898,0.7204158902168274,0.3405900299549103,-0.25822070240974426
1254.0,-0.2562088370323181,-0.5120629072189331,1.3363239765167236,-1.5077153444290161,-1.4970910549163818,0.05989884212613106,1.2413161993026733,-0.10565448552370071,-0.09693226218223572,-0.5170007348060608,0.739993691444397,0.35270148515701294,-0.2464168518781662
1255.0,-0.26377180218696594,-0.5174126029014587,1.3430705070495605,-1.5051003694534302,-1.4819355010986328,0.0715596154332161,1.2374638319015503,-0.1118101179599762,-0.09341294318437576,-0.5064888596534729,0.7459283471107483,0.3578147292137146,-0.24295789003372192
1256.0,-0.2742656171321869,-0.5202917456626892,1.3502558469772339,-1.5085474252700806,-1.4593026638031006,0.08947399258613586,1.2338335514068604,-0.12050776928663254,-0.09314446896314621,-0.49141865968704224,0.7552512288093567,0.36352914571762085,-0.23653718829154968
1257.0,-0.286835640668869,-0.5249931216239929,1.3613190650939941,-1.514510989189148,-1.4332401752471924,0.11002868413925171,1.2284082174301147,-0.1307222545146942,-0.09242969751358032,-0.4737079441547394,0.7657206058502197,0.3699789345264435,-0.2288849949836731
1258.0,-0.29345929622650146,-0.5222706198692322,1.363820195198059,-1.523650050163269,-1.4194111824035645,0.12187013030052185,1.227591633796692,-0.13667303323745728,-0.09688504785299301,-0.4644499719142914,0.7719414830207825,0.37191465497016907,-0.2237679362297058
1259.0,-0.2812246084213257,-0.5175919532775879,1.3529592752456665,-1.518273949623108,-1.444793939590454,0.10187548398971558,1.233005404472351,-0.12678885459899902,-0.0977291464805603,-0.4818993806838989,0.7621002197265625,0.36547163128852844,-0.2310989499092102
1260.0,-0.30409911274909973,-0.5217832326889038,1.3703385591506958,-1.5332881212234497,-1.3972673416137695,0.14005668461322784,1.2245945930480957,-0.145730122923851,-0.10033442080020905,-0.4492197632789612,0.7808235287666321,0.37634608149528503,-0.21651767194271088
1261.0,-0.26948508620262146,-0.5255095362663269,1.372965931892395,-1.5910745859146118,-1.4717720746994019,0.09067904204130173,1.2362765073776245,-0.11711261421442032,-0.09869851171970367,-0.5040494799613953,0.763383150100708,0.3371015787124634,-0.22258269786834717
1262.0,-0.25324028730392456,-0.5165283679962158,1.352332353591919,-1.5612479448318481,-1.5047335624694824,0.05847155302762985,1.2424122095108032,-0.10338812321424484,-0.09990354627370834,-0.5257164239883423,0.7447364926338196,0.3358379602432251,-0.23707111179828644
1263.0,-0.2398076355457306,-0.5742520689964294,1.4753156900405884,-1.8512929677963257,-1.5408729314804077,0.041834015399217606,1.2300471067428589,-0.08908847719430923,-0.08485417068004608,-0.5684522390365601,0.7638418674468994,0.24518205225467682,-0.1824648380279541
1264.0,-0.2517184913158417,-0.623661994934082,1.6218907833099365,-2.2095179557800293,-1.5330111980438232,0.10017475485801697,1.2034298181533813,-0.09593097865581512,-0.07313989847898483,-0.5603249073028564,0.8085401058197021,0.14771513640880585,-0.10236780345439911
1265.0,-0.25619789958000183,-0.6396899223327637,1.7179207801818848,-2.498366594314575,-1.5490009784698486,0.14258387684822083,1.1840832233428955,-0.09891775995492935,-0.06763134896755219,-0.5507544875144958,0.8311968445777893,0.06338360905647278,-0.0419982373714447
1266.0,-0.2672508955001831,-0.6270435452461243,1.6322190761566162,-2.2186760902404785,-1.5105613470077515,0.15987633168697357,1.1974341869354248,-0.10982977598905563,-0.0731351301074028,-0.5278214812278748,0.8300469517707825,0.1519535481929779,-0.09662628173828125
1267.0,-0.27121081948280334,-0.6365467309951782,1.674721121788025,-2.334217071533203,-1.5172380208969116,0.18767613172531128,1.1878520250320435,-0.11309736222028732,-0.07058694213628769,-0.519480288028717,0.8430280089378357,0.11871323734521866,-0.07315199822187424
1268.0,-0.29246699810028076,-0.561687171459198,1.453083872795105,-1.7425912618637085,-1.4355506896972656,0.15265882015228271,1.219175934791565,-0.13545428216457367,-0.09145494550466537,-0.4781564474105835,0.8024753332138062,0.30662551522254944,-0.1827034056186676
1269.0,-0.31244319677352905,-0.5391718149185181,1.4112099409103394,-1.620509147644043,-1.387116551399231,0.16803434491157532,1.2177822589874268,-0.1525292843580246,-0.09901199489831924,-0.4419918954372406,0.7994867563247681,0.3559924364089966,-0.19680847227573395
1270.0,-0.31023845076560974,-0.6045875549316406,1.5589364767074585,-1.9670594930648804,-1.4237239360809326,0.23056228458881378,1.1964941024780273,-0.14876283705234528,-0.08212774991989136,-0.45459040999412537,0.8443363904953003,0.24973082542419434,-0.13445499539375305
1271.0,-0.303191214799881,-0.6434347629547119,1.6934133768081665,-2.3326447010040283,-1.4756160974502563,0.31030189990997314,1.1727346181869507,-0.14090295135974884,-0.07116568088531494,-0.4492330849170685,0.8805726766586304,0.1344495713710785,-0.06859079748392105
1272.0,-0.2896594703197479,-0.6408163905143738,1.6870824098587036,-2.339468002319336,-1.49672532081604,0.2540915906429291,1.1790146827697754,-0.12974338233470917,-0.0707274079322815,-0.4817286431789398,0.8645679354667664,0.12495061010122299,-0.06962123513221741
1273.0,-0.27955153584480286,-0.6458860039710999,1.7659027576446533,-2.61539626121521,-1.5511616468429565,1.2918354272842407,1.16459321975708,-0.12204849720001221,-0.06659962981939316,0.0006651721778325737,0.9992408156394958,0.019821174442768097,-0.033533185720443726
1274.0,-0.2873723804950714,-0.6482834815979004,1.7567369937896729,-2.5632247924804688,-1.5392835140228271,1.2848262786865234,1.163612961769104,-0.12924519181251526,-0.06702957302331924,0.001613401691429317,0.9981929659843445,0.03147979453206062,-0.05115935951471329
1275.0,-0.2832562327384949,-0.6433923840522766,1.7661535739898682,-2.6342809200286865,-1.5510592460632324,1.2878680229187012,1.1661995649337769,-0.12694717943668365,-0.06678852438926697,0.0004563214024528861,0.9995121359825134,0.017748579382896423,-0.02569776028394699
1276.0,-0.2907114028930664,-0.6492552161216736,1.7751545906066895,-2.6181399822235107,-1.5478534698486328,1.2807122468948364,1.157426118850708,-0.13278955221176147,-0.06658997386693954,0.0007638368406333029,0.9991627931594849,0.02222531847655773,-0.034339092671871185
1277.0,-0.2967540919780731,-0.64463871717453,1.7707034349441528,-2.6366677284240723,-1.545959711074829,1.2743349075317383,1.1617742776870728,-0.14105698466300964,-0.06708846986293793,0.0005199587321840227,0.9994699954986572,0.020664948970079422,-0.025148050859570503
1278.0,-0.2881568670272827,-0.6417132019996643,1.7627407312393188,-2.6345527172088623,-1.5497233867645264,1.282928466796875,1.1678590774536133,-0.13312625885009766,-0.06709395349025726,0.00044611026532948017,0.9995344877243042,0.018230441957712173,-0.0244592297822237
1279.0,-0.28080859780311584,-0.6393121480941772,1.755908489227295,-2.6319189071655273,-1.5526962280273438,1.2902768850326538,1.1729390621185303,-0.12621046602725983,-0.06708191335201263,0.00039546118932776153,0.9995743632316589,0.016374118626117706,-0.024141326546669006
1280.0,-0.2754632234573364,-0.6410112977027893,1.7597321271896362,-2.6328604221343994,-1.5546728372573853,1.2956516742706299,1.1711468696594238,-0.1195632815361023,-0.06676814705133438,0.0003875570837408304,0.9995662569999695,0.015454474836587906,-0.02506645955145359
1281.0,-0.2701486051082611,-0.6381267309188843,1.7525864839553833,-2.6319119930267334,-1.556660532951355,1.3009343147277832,1.1763226985931396,-0.11491755396127701,-0.06690666079521179,0.00033173206611536443,0.9996194243431091,0.013922782614827156,-0.023817498236894608
1282.0,-0.26942962408065796,-0.643186092376709,1.7602806091308594,-2.619075059890747,-1.5594688653945923,1.3019025325775146,1.1696726083755493,-0.112662173807621,-0.06657382845878601,0.0004626093723345548,0.9993920922279358,0.014604452066123486,-0.0316566601395607
1283.0,-0.2638688087463379,-0.6402843594551086,1.7659333944320679,-2.6596038341522217,-1.563224196434021,1.3070721626281738,1.1711701154708862,-0.10699653625488281,-0.06646550446748734,0.0001420686166966334,0.9998231530189514,0.008457317017018795,-0.016795337200164795
1284.0,-0.2577749788761139,-0.6395640969276428,1.7644672393798828,-2.660956621170044,-1.5661243200302124,1.3131568431854248,1.1728435754776,-0.10059544444084167,-0.06640955060720444,0.00010833443229785189,0.9998463988304138,0.0066856383346021175,-0.01620156317949295
1285.0,-0.2647877037525177,-0.6350557208061218,1.7442461252212524,-2.628535270690918,-1.5583183765411377,1.3062793016433716,1.1819926500320435,-0.11024978756904602,-0.06705183535814285,0.0002957992837764323,0.9996496438980103,0.01274800579994917,-0.02319544367492199
1286.0,-0.2574833929538727,-0.6359723210334778,1.7471742630004883,-2.632333278656006,-1.5611681938171387,1.3135743141174316,1.1812111139297485,-0.10165837407112122,-0.06680207699537277,0.0002501384587958455,0.9996801018714905,0.010973725467920303,-0.02278701402246952
1287.0,-0.25232255458831787,-0.6330775022506714,1.738957166671753,-2.6279964447021484,-1.5625214576721191,1.318726897239685,1.186616063117981,-0.09703893959522247,-0.06693460792303085,0.00022718391846865416,0.9996952414512634,0.010078216902911663,-0.022535204887390137
1288.0,-0.24668388068675995,-0.63462895154953,1.7440394163131714,-2.633514404296875,-1.5644505023956299,1.3243482112884521,1.1843829154968262,-0.0899580642580986,-0.06670716404914856,0.00019188158330507576,0.999722421169281,0.00877379346638918,-0.02186378464102745
1289.0,-0.24719133973121643,-0.6384919285774231,1.7390543222427368,-2.5867507457733154,-1.5660332441329956,1.3244271278381348,1.1818995475769043,-0.09019581228494644,-0.06677769869565964,0.0005114138475619256,0.9991023540496826,0.012638384476304054,-0.04042880982160568
1290.0,-0.23945540189743042,-0.6342766284942627,1.6819859743118286,-2.4025392532348633,-1.5600924491882324,0.04875003173947334,1.195273756980896,-0.08321002870798111,-0.06898576766252518,-0.594278872013092,0.796987771987915,0.0865025669336319,-0.06450116634368896
1291.0,-0.24033239483833313,-0.6350913047790527,1.753082275390625,-2.6593432426452637,-1.5680207014083862,1.3305586576461792,1.1818047761917114,-0.08223489671945572,-0.06650391966104507,6.777029921067879e-05,0.9998906850814819,0.004851193632930517,-0.013968291692435741
1292.0,-0.24104705452919006,-0.6314802765846252,1.7353676557540894,-2.6293487548828125,-1.5654808282852173,1.3299704790115356,1.1901001930236816,-0.0847296342253685,-0.06688821315765381,0.0001708146883174777,0.9997396469116211,0.007988588884472847,-0.021376771852374077
1293.0,-0.23569169640541077,-0.6334941387176514,1.7438838481903076,-2.6423885822296143,-1.5677999258041382,1.3352681398391724,1.1863571405410767,-0.07771927863359451,-0.06661053746938705,0.0001108073556679301,0.9998107552528381,0.005984603427350521,-0.018511900678277016
1294.0,-0.23406444489955902,-0.6298491954803467,1.7308400869369507,-2.6275439262390137,-1.5672094821929932,1.3369426727294922,1.1934106349945068,-0.077347032725811,-0.06690589338541031,0.00014504860155284405,0.9997538328170776,0.006872172001749277,-0.021101469174027443
1295.0,-0.22808922827243805,-0.6299980878829956,1.7319697141647339,-2.63061261177063,-1.5688403844833374,1.3428981304168701,1.193427562713623,-0.0703747421503067,-0.06680779159069061,0.00011611923400778323,0.9997774958610535,0.005716140381991863,-0.020309755578637123
1296.0,-0.21528346836566925,-0.62654709815979,1.7223246097564697,-2.625819444656372,-1.570997953414917,1.3556865453720093,1.2000153064727783,-0.05669231340289116,-0.06694885343313217,8.475953654851764e-05,0.9997923970222473,0.004252549726516008,-0.01992732472717762
1297.0,-0.20964780449867249,-0.6294040679931641,1.7325148582458496,-2.637728691101074,-1.5724397897720337,1.3612840175628662,1.1949149370193481,-0.049006860703229904,-0.06668108701705933,5.28782038600184e-05,0.9998360872268677,0.002959656761959195,-0.017863400280475616
1298.0,-0.20904752612113953,-0.6332066059112549,1.7260991334915161,-2.586556911468506,-1.576765537261963,1.3623685836791992,1.1928657293319702,-0.048530951142311096,-0.0667969360947609,0.00019459966279100627,0.9992519617080688,0.005072192754596472,-0.038337282836437225
1299.0,-0.21604984998703003,-0.6315737962722778,1.7444568872451782,-2.659255027770996,-1.5709284543991089,1.354809045791626,1.1891520023345947,-0.05522637441754341,-0.06653320044279099,3.049065708182752e-05,0.999925434589386,0.002552991034463048,-0.011942221783101559
1300.0,-0.22071875631809235,-0.6338186860084534,1.740972638130188,-2.6310927867889404,-1.5744117498397827,1.3503187894821167,1.1877962350845337,-0.061085186898708344,-0.06656324863433838,7.821722101652995e-05,0.9997239112854004,0.0033626207150518894,-0.02325437217950821
1301.0,-0.22842006385326385,-0.6335560083389282,1.7534631490707397,-2.672436475753784,-1.5717124938964844,1.3424137830734253,1.1838325262069702,-0.06899935752153397,-0.06644126027822495,1.4596766959584784e-05,0.9999582767486572,0.0016218166565522552,-0.008999881334602833
1302.0,-0.2295931577682495,-0.6283043622970581,1.6501150131225586,-2.3152966499328613,-1.5615761280059814,0.032380104064941406,1.2034822702407837,-0.07339340448379517,-0.07066988945007324,-0.6023387908935547,0.7861713767051697,0.10977058112621307,-0.08410263061523438
1303.0,-0.22161494195461273,-0.6296091675758362,1.6603968143463135,-2.3533496856689453,-1.5720350742340088,-0.004887223243713379,1.202968955039978,-0.06520483642816544,-0.06984761357307434,-0.6217244863510132,0.7733900547027588,0.0964881032705307,-0.07756633311510086
1304.0,-0.21326997876167297,-0.630081057548523,1.6674315929412842,-2.38236141204834,-1.5830121040344238,-0.053129468113183975,1.2029755115509033,-0.05678955093026161,-0.0692904070019722,-0.6446686387062073,0.7560920715332031,0.08584609627723694,-0.07319517433643341
1305.0,-0.20447760820388794,-0.6144981980323792,1.5941776037216187,-2.175337076187134,-1.5928421020507812,-0.055921200662851334,1.2171845436096191,-0.05061202123761177,-0.07367077469825745,-0.6427532434463501,0.7429560422897339,0.14125074446201324,-0.12220018357038498
1306.0,-0.20087352395057678,-0.6319004893302917,1.692520260810852,-2.473257064819336,-1.587554693222046,-0.10468529909849167,1.2001864910125732,-0.04189576208591461,-0.06788313388824463,-0.6706600189208984,0.7374993562698364,0.058768756687641144,-0.0534425713121891
1307.0,-0.19716954231262207,-0.6317808628082275,1.739850640296936,-2.6433675289154053,-1.5772913694381714,1.3737525939941406,1.1910419464111328,-0.033979084342718124,-0.06653990596532822,5.261027126834961e-06,0.999837338924408,0.00029157567769289017,-0.018040500581264496
1308.0,-0.20320892333984375,-0.6284818053245544,1.7298600673675537,-2.636260509490967,-1.5736384391784668,1.36771821975708,1.1967711448669434,-0.041823383420705795,-0.06671277433633804,3.988271419075318e-05,0.9998377561569214,0.0022310218773782253,-0.017873534932732582
1309.0,-0.19835107028484344,-0.6256210803985596,1.720329761505127,-2.62686824798584,-1.5745257139205933,1.372593641281128,1.2021665573120117,-0.03719525411725044,-0.0669139176607132,3.818100958596915e-05,0.9998116493225098,0.0019773095846176147,-0.019305940717458725
1310.0,-0.18884088099002838,-0.625051736831665,1.7183241844177246,-2.624694347381592,-1.5766996145248413,1.3821033239364624,1.2034822702407837,-0.02629667893052101,-0.06694286316633224,1.5822301065782085e-05,0.9998018741607666,0.0007953354506753385,-0.01988992840051651
1311.0,-0.19316323101520538,-0.6292428970336914,1.732824683189392,-2.640226125717163,-1.5754221677780151,1.377746820449829,1.195569634437561,-0.02977411262691021,-0.06663495302200317,1.7329466572846286e-05,0.999851644039154,0.0010072882287204266,-0.017201529815793037
1312.0,-0.1887046992778778,-0.6299875974655151,1.7409199476242065,-2.6602976322174072,-1.5740019083023071,1.3821353912353516,1.1926366090774536,-0.02363705448806286,-0.06654082238674164,4.715486284112558e-06,0.9999414086341858,0.00043555579031817615,-0.010825732722878456
1313.0,-0.18202699720859528,-0.624896764755249,1.717787504196167,-2.624164581298828,-1.5781980752944946,1.3889130353927612,1.2038882970809937,-0.01837770827114582,-0.0669444352388382,-1.2763379118041485e-06,0.9997979402542114,-6.347657472360879e-05,-0.02010316029191017
1314.0,-0.17940543591976166,-0.6276295185089111,1.727439284324646,-2.634957790374756,-1.5782880783081055,1.3915060758590698,1.198768973350525,-0.014299299567937851,-0.06674478948116302,-9.209934432874434e-06,0.9998341798782349,-0.0005058112437836826,-0.018205221742391586
1315.0,-0.173892542719841,-0.6248368620872498,1.7178794145584106,-2.624751329421997,-1.579890251159668,1.3970375061035156,1.2039544582366943,-0.008841694332659245,-0.06696845591068268,-2.199562732130289e-05,0.9997987151145935,-0.0010976886842399836,-0.020034095272421837
1316.0,-0.17536553740501404,-0.629748523235321,1.7372658252716064,-2.650491952896118,-1.5777015686035156,1.3954989910125732,1.1940644979476929,-0.008522325195372105,-0.0665895938873291,-1.3913194379711058e-05,0.999897301197052,-0.0009729026351124048,-0.014299238100647926
1317.0,-0.1730547696352005,-0.6312512755393982,1.6891613006591797,-2.4653501510620117,-1.5995523929595947,-0.17270243167877197,1.2016868591308594,-0.010514717549085617,-0.06801553070545197,0.7053820490837097,-0.7039713859558105,-0.05850948393344879,0.058626722544431686
1318.0,-0.18200042843818665,-0.6311855316162109,1.743538737297058,-2.659555673599243,-1.5752748250961304,1.3888471126556396,1.1908854246139526,-0.015494013205170631,-0.06650182604789734,-8.078138193923223e-07,0.9999279975891113,-6.727346044499427e-05,-0.012007049284875393
1319.0,-0.18167360126972198,-0.631291389465332,1.693408489227295,-2.482316255569458,-1.598284363746643,-0.1791795939207077,1.201159954071045,-0.02060052752494812,-0.06779191642999649,-0.7048888206481934,0.7051849961280823,0.05407574027776718,-0.05405302345752716
1320.0,-0.16852021217346191,-0.6120538711547852,1.5885475873947144,-2.1709179878234863,-1.63973867893219,-0.1725720912218094,1.2199723720550537,-0.014452393166720867,-0.07390394806861877,0.7001651525497437,-0.6882341504096985,-0.13319557905197144,0.1355046033859253
1321.0,-0.17498552799224854,-0.5994020700454712,1.5455915927886963,-2.0591206550598145,-1.6415473222732544,-0.1424797773361206,1.2272894382476807,-0.023936891928315163,-0.07699670642614365,-0.6827178597450256,0.6937386989593506,0.16350162029266357,-0.16090421378612518
1322.0,-0.18647819757461548,-0.6292574405670166,1.6714227199554443,-2.409076690673828,-1.6069614887237549,-0.17312651872634888,1.2048108577728271,-0.02844325825572014,-0.06886536628007889,-0.6999196410179138,0.7067078948020935,0.07341501861810684,-0.07270984351634979
1323.0,-0.19400998950004578,-0.6186344027519226,1.612014889717102,-2.228076457977295,-1.6062182188034058,-0.10102606564760208,1.2147382497787476,-0.03939932957291603,-0.07248011976480484,-0.6660779118537903,0.7266830801963806,0.12395146489143372,-0.11361394077539444
1324.0,-0.19093811511993408,-0.4975946247577667,1.3084222078323364,-1.5059773921966553,-1.6310209035873413,-0.05015670135617256,1.2570090293884277,-0.04770931228995323,-0.10144539177417755,-0.6031518578529358,0.6751870512962341,0.3166934549808502,-0.2829056680202484
1325.0,-0.17483973503112793,-0.49843814969062805,1.308429479598999,-1.5070405006408691,-1.6640924215316772,-0.07784189283847809,1.2575308084487915,-0.0326198972761631,-0.10016586631536484,-0.6228291988372803,0.6570135951042175,0.308259516954422,-0.292220801115036
1326.0,-0.1643276810646057,-0.4982195198535919,1.3079731464385986,-1.508194923400879,-1.685579776763916,-0.0958690494298935,1.2580407857894897,-0.022780876606702805,-0.10001197457313538,-0.6352874040603638,0.6448307037353516,0.3027341961860657,-0.29825377464294434
1327.0,-0.15242968499660492,-0.4981311559677124,1.3092533349990845,-1.5128753185272217,-1.709944248199463,-0.11670833826065063,1.2580596208572388,-0.011559228412806988,-0.10050718486309052,0.6493752598762512,-0.6308492422103882,-0.2959077060222626,0.30459755659103394
1328.0,-0.14326994121074677,-0.5460070371627808,1.411303162574768,-1.7404638528823853,-1.7117509841918945,-0.16671904921531677,1.2465159893035889,0.0013586278073489666,-0.09019570797681808,0.6876156330108643,-0.6381250619888306,-0.23562228679656982,0.25389623641967773
1329.0,-0.12220209836959839,-0.5079242587089539,1.3341304063796997,-1.5678867101669312,-1.7681944370269775,-0.17778214812278748,1.254589319229126,0.017940539866685867,-0.09998181462287903,0.6889830231666565,-0.5970821380615234,-0.2690669298171997,0.3104807734489441
1330.0,-0.1532832831144333,-0.6214596033096313,1.6281601190567017,-2.277146100997925,-1.6489243507385254,-0.24685724079608917,1.2119046449661255,0.003965470474213362,-0.07170099020004272,0.734458327293396,-0.6608558297157288,-0.10327718406915665,0.11477961391210556
1331.0,-0.16440407931804657,-0.6329628229141235,1.719635009765625,-2.5657660961151123,-1.590786337852478,1.4070874452590942,1.1951755285263062,0.002339515369385481,-0.06696442514657974,-0.0001109084187191911,0.9988992214202881,-0.002364800311625004,-0.04684806987643242
1332.0,-0.17085731029510498,-0.630649745464325,1.7440879344940186,-2.6651339530944824,-1.5761771202087402,1.3999701738357544,1.1912282705307007,-0.00240654731169343,-0.06652273237705231,-1.0140135600522626e-05,0.9999507665634155,-0.0010274819796904922,-0.009868432767689228
1333.0,-0.16446378827095032,-0.6291878819465637,1.732822060585022,-2.640343189239502,-1.5808387994766235,1.4064273834228516,1.1957991123199463,0.0037204003892838955,-0.06667443364858627,-3.815496893366799e-05,0.9998421669006348,-0.0021633103024214506,-0.017634522169828415
1334.0,-0.16216087341308594,-0.6256818771362305,1.7212681770324707,-2.629227638244629,-1.5821889638900757,1.4087461233139038,1.20217764377594,0.005217698868364096,-0.06692816317081451,-5.049783067079261e-05,0.9998112320899963,-0.002622518688440323,-0.019251832738518715
1335.0,-0.1540742814540863,-0.626233696937561,1.7227696180343628,-2.6295554637908936,-1.5842535495758057,1.4168285131454468,1.2010654211044312,0.014776650816202164,-0.06695041060447693,-7.387739606201649e-05,0.9997990131378174,-0.003750246251001954,-0.019695386290550232
1336.0,-0.14819183945655823,-0.6279926896095276,1.728050947189331,-2.633025646209717,-1.5857616662979126,1.4227049350738525,1.1977747678756714,0.02208145707845688,-0.06689545512199402,-9.129873069468886e-05,0.9997931718826294,-0.004607801325619221,-0.019809845834970474
1337.0,-0.1537281572818756,-0.6305544972419739,1.7365987300872803,-2.6417863368988037,-1.5834344625473022,1.4171594381332397,1.1932402849197388,0.016531970351934433,-0.0666557103395462,-6.512501568067819e-05,0.9998264312744141,-0.003560771234333515,-0.018286410719156265
1338.0,-0.1607607752084732,-0.6314671635627747,1.7471723556518555,-2.668534278869629,-1.5764306783676147,1.4100611209869385,1.1894872188568115,0.00985744222998619,-0.06650413572788239,-1.2514035915955901e-05,0.9999557733535767,-0.0013428652891889215,-0.00931849516928196
1339.0,-0.1490751951932907,-0.6273696422576904,1.6584081649780273,-2.3647398948669434,-1.6395714282989502,-0.2770787179470062,1.2061082124710083,0.011387065052986145,-0.06983920186758041,0.7478588223457336,-0.6523576378822327,-0.0808749794960022,0.0927145779132843
1340.0,-0.14926870167255402,-0.6327356100082397,1.6979246139526367,-2.484978437423706,-1.6150521039962769,-0.2829441428184509,1.1980922222137451,0.016179177910089493,-0.06783799082040787,0.7515245079994202,-0.6550092101097107,-0.05162661895155907,0.059233784675598145
1341.0,-0.1271468549966812,-0.6053292155265808,1.567961573600769,-2.1099188327789307,-1.7037420272827148,-0.2859888970851898,1.2207071781158447,0.025965247303247452,-0.07612966001033783,0.7513947486877441,-0.6222617030143738,-0.14002518355846405,0.16908349096775055
1342.0,-0.13230779767036438,-0.63008052110672,1.6719636917114258,-2.3955936431884766,-1.6529266834259033,-0.3560946583747864,1.2010921239852905,0.03015446662902832,-0.06941003352403641,0.7791593670845032,-0.6160596609115601,-0.07174567878246307,0.09074010699987411
1343.0,-0.14918950200080872,-0.6343536972999573,1.736322283744812,-2.611266613006592,-1.5891286134719849,1.4218848943710327,1.1895006895065308,0.021608080714941025,-0.06667480617761612,-0.00014284033386502415,0.999485433101654,-0.004494795110076666,-0.031762704253196716
1344.0,-0.1455221325159073,-0.6311544179916382,1.7377630472183228,-2.6405787467956543,-1.585803508758545,1.4253668785095215,1.192065715789795,0.026100005954504013,-0.06668956577777863,-9.179264452541247e-05,0.9998023509979248,-0.004754037130624056,-0.019304540008306503
1345.0,-0.139369934797287,-0.6292945742607117,1.7314753532409668,-2.633789539337158,-1.5881706476211548,1.431524395942688,1.195246934890747,0.03259257972240448,-0.06689002364873886,-0.00012121394684072584,0.9997703433036804,-0.005880500189960003,-0.02060812897980213
1346.0,-0.1328941434621811,-0.6289880871772766,1.7301695346832275,-2.631254196166992,-1.590556025505066,1.4379996061325073,1.1955158710479736,0.03989321365952492,-0.06700260937213898,-0.00015247566625475883,0.9997439384460449,-0.007093904074281454,-0.02148839645087719
1347.0,-0.13599781692028046,-0.6327449083328247,1.7419655323028564,-2.641528606414795,-1.5886694192886353,1.4348891973495483,1.1889498233795166,0.03739097714424133,-0.06668094545602798,-0.00012663596135098487,0.9997749328613281,-0.006244329269975424,-0.02027558721601963
1348.0,-0.12886807322502136,-0.6320368647575378,1.7395762205123901,-2.6383321285247803,-1.5914994478225708,1.4420166015625,1.1898013353347778,0.04527782276272774,-0.06685029715299606,-0.00016287642938550562,0.9997465014457703,-0.007694236468523741,-0.02116326242685318
1349.0,-0.11710794270038605,-0.6319937109947205,1.7389808893203735,-2.6354334354400635,-1.5960139036178589,1.4537701606750488,1.1891106367111206,0.058574315160512924,-0.06704298406839371,-0.00022610626183450222,0.9996963739395142,-0.010046465322375298,-0.022499218583106995
1350.0,-0.12344714254140854,-0.6341878175735474,1.7455675601959229,-2.6410248279571533,-1.5935808420181274,1.4474351406097412,1.1857407093048096,0.051874611526727676,-0.06676973402500153,-0.00019141302618663758,0.9997234344482422,-0.008770630694925785,-0.021818283945322037
1351.0,-0.12635895609855652,-0.6378149390220642,1.7622008323669434,-2.6670289039611816,-1.5835509300231934,1.444482445716858,1.177843689918518,0.051003288477659225,-0.06642936915159225,-6.723184196744114e-05,0.9998806118965149,-0.004552254918962717,-0.014767147600650787
1352.0,-0.13123275339603424,-0.6356556415557861,1.7561184167861938,-2.66422963142395,-1.584518313407898,1.4396051168441772,1.1818866729736328,0.04460891708731651,-0.06651054322719574,-7.196049409685656e-05,0.9998851418495178,-0.005033216439187527,-0.014295479282736778
1353.0,-0.13375556468963623,-0.6363074779510498,1.7381294965744019,-2.600878953933716,-1.6009396314620972,1.437359094619751,1.186219573020935,0.03850268945097923,-0.06674950569868088,-0.0003814012452494353,0.9992433190345764,-0.010150943882763386,-0.03754454851150513
1354.0,-0.11892867088317871,-0.6325917840003967,1.6821101903915405,-2.412221670150757,-1.661125659942627,-0.40374627709388733,1.1960475444793701,0.04549320414662361,-0.06923656165599823,0.7979787588119507,-0.591987133026123,-0.06735824793577194,0.09079666435718536
1355.0,-0.09016977250576019,-0.536859929561615,1.400280237197876,-1.7000664472579956,-1.8253406286239624,-0.27211135625839233,1.2420872449874878,0.050504740327596664,-0.09428671002388,0.74057936668396,-0.5574780106544495,-0.22563746571540833,0.29974719882011414
1356.0,-0.09956374019384384,-0.5313014388084412,1.38638174533844,-1.6737993955612183,-1.8089447021484375,-0.2470225989818573,1.2454543113708496,0.04100583493709564,-0.09518450498580933,0.7278640270233154,-0.5701265335083008,-0.23494669795036316,0.29994967579841614
1357.0,-0.09974873811006546,-0.5060099959373474,1.329565167427063,-1.5386457443237305,-1.8218212127685547,-0.21245716512203217,1.2508481740951538,0.03829902037978172,-0.09872455149888992,0.7078459858894348,-0.5626028180122375,-0.26576074957847595,0.33437028527259827
1358.0,-0.08749464154243469,-0.5091370940208435,1.3368637561798096,-1.5456198453903198,-1.8491548299789429,-0.23552264273166656,1.247835636138916,0.04975242540240288,-0.09772699326276779,0.7204174399375916,-0.5451956391334534,-0.2586840093135834,0.3418230414390564
1359.0,-0.06732030212879181,-0.5125076770782471,1.35201096534729,-1.568363904953003,-1.8937013149261475,-0.27609139680862427,1.2422760725021362,0.06862529367208481,-0.0996687188744545,0.7412396669387817,-0.5161037445068359,-0.24523982405662537,0.3522188663482666
1360.0,-0.09057220816612244,-0.5999413132667542,1.5555243492126465,-2.058974027633667,-1.7727360725402832,-0.3782626986503601,1.2165647745132446,0.060262683779001236,-0.07883978635072708,0.7893880009651184,-0.5605053305625916,-0.1449691206216812,0.20416735112667084
1361.0,-0.09048958122730255,-0.6199139952659607,1.6227577924728394,-2.2294938564300537,-1.748113751411438,-0.4573451578617096,1.2031209468841553,0.06532896310091019,-0.07392678409814835,0.817444920539856,-0.5432179570198059,-0.10602664947509766,0.1595509797334671
1362.0,-0.11407319456338882,-0.6397391557693481,1.7443819046020508,-2.5924911499023438,-1.6170130968093872,1.4570410251617432,1.1795350313186646,0.05999955162405968,-0.06685204803943634,-0.0007992815226316452,0.9988734722137451,-0.01822514645755291,-0.043806567788124084
1363.0,-0.09297461807727814,-0.6319122314453125,1.6729458570480347,-2.3609838485717773,-1.7126235961914062,-0.5040957927703857,1.1917171478271484,0.06884681433439255,-0.07085324823856354,0.8327506184577942,-0.5348033308982849,-0.0773921087384224,0.12050844728946686
1364.0,-0.04423157125711441,-0.5364286303520203,1.4138193130493164,-1.69338858127594,-1.9320383071899414,-0.3594336211681366,1.2290996313095093,0.09220767766237259,-0.0978647917509079,0.7790113091468811,-0.4835699796676636,-0.21049852669239044,0.33910444378852844
1365.0,-0.024526286870241165,-0.5256813764572144,1.3953748941421509,-1.6215256452560425,-1.992791771888733,-0.36573874950408936,1.2246615886688232,0.10780058056116104,-0.10046619921922684,0.7808342576026917,-0.44925418496131897,-0.21650049090385437,0.3762925863265991
1366.0,-0.01523831021040678,-0.5397363901138306,1.433799386024475,-1.705098271369934,-2.0036213397979736,-0.41577473282814026,1.216764211654663,0.11775382608175278,-0.1000899076461792,0.8001264333724976,-0.4345916211605072,-0.1973293125629425,0.36330288648605347
1367.0,-0.040490489453077316,-0.5859001278877258,1.5309778451919556,-1.9613556861877441,-1.9022759199142456,-0.48381298780441284,1.208741307258606,0.1019386351108551,-0.08561424165964127,0.8259729743003845,-0.46872735023498535,-0.15455593168735504,0.27235233783721924
1368.0,-0.07884173095226288,-0.6305806636810303,1.665991187095642,-2.3271992206573486,-1.7465606927871704,-0.5480145215988159,1.1893301010131836,0.08059761673212051,-0.0721065104007721,0.8469530940055847,-0.5058950185775757,-0.0838560089468956,0.14038902521133423
1369.0,-0.1086157038807869,-0.6411407589912415,1.7464483976364136,-2.5874011516571045,-1.621022343635559,1.462520956993103,1.1770209074020386,0.06605087965726852,-0.06690853834152222,-0.0009433767991140485,0.998701810836792,-0.020141085609793663,-0.046777624636888504
1370.0,-0.1126466616988182,-0.6379892826080322,1.7561085224151611,-2.645116090774536,-1.5987657308578491,1.458228588104248,1.178283452987671,0.0646454393863678,-0.06668050587177277,-0.00026677612913772464,0.999662458896637,-0.011431899853050709,-0.02332823909819126
1371.0,-0.10666731745004654,-0.6394608020782471,1.760230302810669,-2.646393299102783,-1.6019716262817383,1.46420156955719,1.175123929977417,0.07148697972297668,-0.06669890880584717,-0.0003157706232741475,0.9996235370635986,-0.01309118326753378,-0.024111779406666756
1372.0,-0.10510025918483734,-0.6356255412101746,1.7499303817749023,-2.6416144371032715,-1.6012060642242432,1.4657610654830933,1.1814615726470947,0.07276657223701477,-0.06703954190015793,-0.0002980959543492645,0.9996480941772461,-0.012837002985179424,-0.023213444277644157
1373.0,-0.09849057346582413,-0.6379640698432922,1.7568528652191162,-2.6452481746673584,-1.6043850183486938,1.4723615646362305,1.176574945449829,0.08051414042711258,-0.06701342761516571,-0.00034518117900006473,0.9996122121810913,-0.014524441212415695,-0.023756319656968117
1374.0,-0.10312849283218384,-0.6413708329200745,1.7679553031921387,-2.656198501586914,-1.6006653308868408,1.4677220582962036,1.1707438230514526,0.07627399265766144,-0.06660855561494827,-0.00028039756580255926,0.999676525592804,-0.012732690200209618,-0.022014738991856575
1375.0,-0.09219997376203537,-0.6418535709381104,1.7303847074508667,-2.517158031463623,-1.664219617843628,-0.5776001214981079,1.176573395729065,0.07861325144767761,-0.0678747296333313,0.854936957359314,-0.5117422342300415,-0.04358883947134018,0.0728212520480156
1376.0,-0.07447979599237442,-0.6385822296142578,1.7011016607284546,-2.412080764770508,-1.7248866558074951,-0.5988103151321411,1.1786881685256958,0.08985964953899384,-0.07019082456827164,0.8626059293746948,-0.487795889377594,-0.06597866863012314,0.1166750118136406
1377.0,-0.056492626667022705,-0.6322083473205566,1.6724392175674438,-2.3170790672302246,-1.7897876501083374,-0.6224732398986816,1.1805483102798462,0.10098336637020111,-0.07314855605363846,0.8694907426834106,-0.45946744084358215,-0.08471299707889557,0.16030986607074738
1378.0,-0.05762929469347,-0.641330361366272,1.712307095527649,-2.4186618328094482,-1.7560762166976929,-0.6819838285446167,1.169769048690796,0.10537386685609818,-0.07070313394069672,0.8854726552963257,-0.4418139159679413,-0.06429547071456909,0.12885941565036774
1379.0,-0.08977566659450531,-0.6469376087188721,1.7708865404129028,-2.6207027435302734,-1.625760793685913,1.4811632633209229,1.162803053855896,0.08862891793251038,-0.06671404838562012,-0.0009458227432332933,0.9989375472068787,-0.024035053327679634,-0.039309993386268616
1380.0,-0.0963323563337326,-0.6435434818267822,1.7742470502853394,-2.6588094234466553,-1.6043530702590942,1.4745105504989624,1.1660858392715454,0.08405473083257675,-0.06660567224025726,-0.00033480647834949195,0.9996315836906433,-0.014643936417996883,-0.022854724898934364
1381.0,-0.09053337574005127,-0.6399154663085938,1.7629976272583008,-2.648686170578003,-1.6084965467453003,1.4803048372268677,1.1719800233840942,0.08959272503852844,-0.06708419322967529,-0.0004049403651151806,0.9995672106742859,-0.01672513782978058,-0.024201005697250366
1382.0,-0.08537973463535309,-0.6418479084968567,1.769061803817749,-2.6523704528808594,-1.6114554405212402,1.4854483604431152,1.1676934957504272,0.09549961239099503,-0.06709699332714081,-0.0004479732597246766,0.9995330572128296,-0.01830381341278553,-0.024462886154651642
1383.0,-0.08094841241836548,-0.644128680229187,1.7757588624954224,-2.6556332111358643,-1.6147047281265259,1.489871859550476,1.1629586219787598,0.10051937401294708,-0.06705249100923538,-0.0005015819915570319,0.9994854927062988,-0.019983656704425812,-0.025086699053645134
1384.0,-0.07576931267976761,-0.6451565027236938,1.7792528867721558,-2.657827854156494,-1.6175382137298584,1.495040774345398,1.1601929664611816,0.10627233237028122,-0.06712783873081207,-0.0005430018645711243,0.999450147151947,-0.021514790132641792,-0.025224659591913223
1385.0,-0.08174827694892883,-0.6485466361045837,1.789023995399475,-2.6653125286102295,-1.613633155822754,1.4890724420547485,1.1550720930099487,0.10040758550167084,-0.06660829484462738,-0.00047992035979405046,0.9995066523551941,-0.019463997334241867,-0.02464466169476509
1386.0,-0.06930410116910934,-0.6508092880249023,1.7714020013809204,-2.583921432495117,-1.6692135334014893,-0.7387415170669556,1.1549264192581177,0.1061163917183876,-0.06731952726840973,0.8989148139953613,-0.43204405903816223,-0.03150739148259163,0.06555456668138504
1387.0,-0.03729052469134331,-0.6341260075569153,1.6824158430099487,-2.318362236022949,-1.8299094438552856,-0.690502405166626,1.1712591648101807,0.11787993460893631,-0.07410021126270294,0.8876131772994995,-0.41684749722480774,-0.08327867835760117,0.17732925713062286
1388.0,-0.03814680129289627,-0.6426020860671997,1.7174896001815796,-2.402423143386841,-1.8032318353652954,-0.7481606602668762,1.1607158184051514,0.12127863615751266,-0.07213874161243439,0.9018732309341431,-0.39856433868408203,-0.06736137717962265,0.15242566168308258
1389.0,-0.04429645463824272,-0.6508771777153015,1.7556082010269165,-2.5023345947265625,-1.7499048709869385,-0.7944803833961487,1.1505389213562012,0.12268329411745071,-0.06941895186901093,0.9129871129989624,-0.3887099623680115,-0.048547785729169846,0.11402718722820282
1390.0,-0.07387818396091461,-0.6496469974517822,1.790914535522461,-2.6607236862182617,-1.624064564704895,1.4969255924224854,1.1521700620651245,0.10803646594285965,-0.06683102250099182,-0.0006798092508688569,0.9993160367012024,-0.024655835703015327,-0.02755308337509632
1391.0,-0.07436852902173996,-0.6530475616455078,1.805389642715454,-2.6810450553894043,-1.6156280040740967,1.496429443359375,1.1446974277496338,0.10933598130941391,-0.06647875159978867,-0.00047090669977478683,0.9995273947715759,-0.020783817395567894,-0.022646665573120117
1392.0,-0.06770389527082443,-0.6495702266693115,1.79335618019104,-2.6668601036071777,-1.624126672744751,1.5030848979949951,1.1504387855529785,0.11520927399396896,-0.06709729880094528,-0.0006398669793270528,0.9993599653244019,-0.024979740381240845,-0.0255990419536829
1393.0,-0.061472270637750626,-0.6503883600234985,1.7977516651153564,-2.672520399093628,-1.6261847019195557,1.509303331375122,1.1472190618515015,0.1222110167145729,-0.06727754324674606,-0.0006421692669391632,0.9993563294410706,-0.026229673996567726,-0.02446678839623928
1394.0,-0.06299468129873276,-0.6546448469161987,1.807197093963623,-2.671335458755493,-1.6336761713027954,1.5077753067016602,1.1406385898590088,0.11973487585783005,-0.06680495291948318,-0.0008305556839331985,0.999167799949646,-0.029725221917033195,-0.027917858213186264
1395.0,-0.05679977312684059,-0.6521817445755005,1.8040850162506104,-2.6774120330810547,-1.6292632818222046,1.5139663219451904,1.1427165269851685,0.127317875623703,-0.0673200860619545,-0.0006769215688109398,0.9993164539337158,-0.027889510616660118,-0.02425496093928814
1396.0,-0.05576268956065178,-0.6554381251335144,1.812386393547058,-2.67866587638855,-1.6357585191726685,1.5149930715560913,1.1368587017059326,0.12782061100006104,-0.06709273904561996,-0.0008171071531251073,0.9991716146469116,-0.03104780800640583,-0.02629590965807438
1397.0,-0.06310637295246124,-0.6587620973587036,1.824592113494873,-2.6948699951171875,-1.6231359243392944,1.5076673030853271,1.1313893795013428,0.12181966751813889,-0.0664004385471344,-0.0005576040130108595,0.9994397163391113,-0.02479267679154873,-0.022478071972727776
1398.0,-0.054255202412605286,-0.6566945314407349,1.7959426641464233,-2.6142029762268066,-1.6812938451766968,-0.853780210018158,1.1397210359573364,0.12235947698354721,-0.0672387108206749,0.9250786900520325,-0.37269219756126404,-0.02728181891143322,0.06771762669086456
1399.0,-0.020737670361995697,-0.6499834060668945,1.7511258125305176,-2.455371856689453,-1.8249788284301758,-0.8519778251647949,1.1426331996917725,0.13853654265403748,-0.07192449271678925,0.9244210720062256,-0.3436218500137329,-0.057642366737127304,0.15507110953330994
1400.0,0.05747859179973602,-0.5613878965377808,1.5323396921157837,-1.8119680881500244,-2.2035739421844482,-0.584153413772583,1.1685853004455566,0.17717324197292328,-0.10523364692926407,0.8434435129165649,-0.29851630330085754,-0.1490207314491272,0.4210509657859802
1401.0,-0.0008208379149436951,-0.6264114379882812,1.6671278476715088,-2.2355661392211914,-1.9418364763259888,-0.7429900169372559,1.162266731262207,0.144099161028862,-0.07930261641740799,0.8977131843566895,-0.3571315109729767,-0.0953717976808548,0.23973387479782104
1402.0,0.016924932599067688,-0.5890811681747437,1.567777156829834,-1.9722535610198975,-2.0471909046173096,-0.6135214567184448,1.1796902418136597,0.1502281129360199,-0.09126294404268265,0.8609105944633484,-0.36216965317726135,-0.13855063915252686,0.3293475806713104
1403.0,0.026693997904658318,-0.5456695556640625,1.471122145652771,-1.72417151927948,-2.120063304901123,-0.49215495586395264,1.1937949657440186,0.15236346423625946,-0.10390431433916092,0.8224306106567383,-0.359369158744812,-0.1765691041946411,0.4040854573249817
1404.0,0.014552625827491283,-0.538692057132721,1.4485127925872803,-1.6950021982192993,-2.0878524780273438,-0.4589237868785858,1.2030740976333618,0.1422482579946518,-0.10420328378677368,0.8130847811698914,-0.3823124170303345,-0.18680313229560852,0.39728447794914246
1405.0,-0.005177350714802742,-0.5619363188743591,1.4884135723114014,-1.817959189414978,-2.013841152191162,-0.48803749680519104,1.2041796445846558,0.12862005829811096,-0.09554372727870941,0.8249467611312866,-0.41340866684913635,-0.17268189787864685,0.3445824682712555
1406.0,-0.00471513019874692,-0.5334798097610474,1.422287940979004,-1.6560465097427368,-2.04122257232666,-0.412071168422699,1.2137236595153809,0.1253395527601242,-0.10119173675775528,0.7978851199150085,-0.4156361222267151,-0.20171105861663818,0.387219101190567
1407.0,0.005146755371242762,-0.5420670509338379,1.4397696256637573,-1.6694881916046143,-2.067681074142456,-0.4343404769897461,1.2059218883514404,0.13365516066551208,-0.0975186750292778,0.8051394820213318,-0.39785656332969666,-0.19485430419445038,0.39432525634765625
1408.0,0.01734090968966484,-0.5457860827445984,1.4582281112670898,-1.69779372215271,-2.0983028411865234,-0.4663108289241791,1.198636770248413,0.1441345065832138,-0.09956426918506622,0.8149683475494385,-0.37590619921684265,-0.18472929298877716,0.40049490332603455
1409.0,0.02742893621325493,-0.5532154440879822,1.4783172607421875,-1.7206860780715942,-2.1259846687316895,-0.49354666471481323,1.19020414352417,0.1523672193288803,-0.09792997688055038,0.822409987449646,-0.35656240582466125,-0.17633192241191864,0.4067089259624481
1410.0,0.04213164746761322,-0.5557950139045715,1.5011699199676514,-1.7603094577789307,-2.1625468730926514,-0.5343530774116516,1.1810468435287476,0.16482017934322357,-0.10211756825447083,0.8327318429946899,-0.3294428288936615,-0.16370418667793274,0.41379469633102417
1411.0,0.03621847927570343,-0.5590262413024902,1.4953253269195557,-1.7409405708312988,-2.150017738342285,-0.5172039270401001,1.1829863786697388,0.15948162972927094,-0.09690583497285843,0.8283320665359497,-0.33969050645828247,-0.1690361499786377,0.41219303011894226
1412.0,0.04964262247085571,-0.5672553777694702,1.524101734161377,-1.7810378074645996,-2.1883161067962646,-0.5591571927070618,1.1712913513183594,0.16998952627182007,-0.09668297320604324,0.8377137184143066,-0.3121805191040039,-0.15647020936012268,0.4198763966560364
1413.0,0.04002704098820686,-0.5660823583602905,1.5067675113677979,-1.7476937770843506,-2.1643896102905273,-0.5286137461662292,1.177955985069275,0.16196058690547943,-0.09270315617322922,0.8306547999382019,-0.3306818902492523,-0.1656830608844757,0.4161868095397949
1414.0,0.04901125654578209,-0.5736910104751587,1.5286871194839478,-1.7754313945770264,-2.1910831928253174,-0.5575180649757385,1.168939471244812,0.16878119111061096,-0.09117184579372406,0.8369020819664001,-0.31174778938293457,-0.1570460945367813,0.42159783840179443
1415.0,0.06717075407505035,-0.5812442898750305,1.566786766052246,-1.8373370170593262,-2.242072343826294,-0.6178010702133179,1.1536020040512085,0.1828700602054596,-0.09366440773010254,0.8482169508934021,-0.27409541606903076,-0.13935653865337372,0.4312534034252167
1416.0,0.08045599609613419,-0.5889537930488586,1.602335810661316,-1.8964132070541382,-2.282304525375366,-0.671547532081604,1.1393688917160034,0.19243837893009186,-0.09468202292919159,0.8563162684440613,-0.24356259405612946,-0.12459125369787216,0.43803736567497253
1417.0,0.09250470250844955,-0.5913004279136658,1.630743145942688,-1.9527721405029297,-2.316544532775879,-0.7210076451301575,1.1279277801513672,0.20135490596294403,-0.09848249703645706,0.8624586462974548,-0.21654371917247772,-0.11140131205320358,0.44369345903396606
1418.0,0.07809848338365555,-0.5800462365150452,1.588489294052124,-1.8869836330413818,-2.2691893577575684,-0.6596171855926514,1.1452713012695312,0.19172444939613342,-0.1004013642668724,0.855303943157196,-0.2514837980270386,-0.12778633832931519,0.434605211019516
1419.0,0.06997153162956238,-0.5724627375602722,1.5638830661773682,-1.851311445236206,-2.2423555850982666,-0.6257132887840271,1.1552355289459229,0.18621672689914703,-0.10201147943735123,0.8503352999687195,-0.27118542790412903,-0.13702698051929474,0.4296649098396301
1420.0,0.08621560782194138,-0.5828040242195129,1.6086071729660034,-1.9241628646850586,-2.2926735877990723,-0.6927126049995422,1.1371535062789917,0.1976926177740097,-0.1022450402379036,0.8597918748855591,-0.23311902582645416,-0.11889117956161499,0.43849557638168335
1421.0,0.09330640733242035,-0.5826752781867981,1.623931884765625,-1.957694411277771,-2.311551094055176,-0.7215027213096619,1.1309406757354736,0.2031259387731552,-0.10557769238948822,0.8633562922477722,-0.2176664024591446,-0.1112893745303154,0.44142037630081177
1422.0,0.07236037403345108,-0.5920071601867676,1.6247884035110474,-2.011350631713867,-2.219611644744873,-0.7317759394645691,1.1414512395858765,0.1907883882522583,-0.0993661880493164,0.8755789995193481,-0.2528120279312134,-0.1141909807920456,0.39548447728157043
1423.0,0.03096139430999756,-0.6298327445983887,1.6995022296905518,-2.2670295238494873,-2.026796817779541,-0.8436593413352966,1.139796495437622,0.16841711103916168,-0.0821753665804863,0.914095401763916,-0.2870553433895111,-0.08580929040908813,0.2732500433921814
1424.0,-0.01064389944076538,-0.651395857334137,1.7603776454925537,-2.4626662731170654,-1.8503119945526123,-0.896327793598175,1.1354190111160278,0.14635337889194489,-0.07258189469575882,0.9322945475578308,-0.3164472281932831,-0.05630592256784439,0.16588453948497772
1425.0,-0.044606685638427734,-0.6605236530303955,1.806359052658081,-2.6130034923553467,-1.69635808467865,-0.877753734588623,1.1307220458984375,0.13138633966445923,-0.06746488064527512,0.9308362603187561,-0.3562954366207123,-0.02903592400252819,0.07585752755403519
1426.0,-0.04905299097299576,-0.6632031798362732,1.8282500505447388,-2.66778564453125,-1.6598976850509644,1.521676778793335,1.1232208013534546,0.1323537975549698,-0.06671453267335892,-0.0015484546311199665,0.9984294772148132,-0.04278888180851936,-0.03613141179084778
1427.0,-0.03077557496726513,-0.663009762763977,1.8163766860961914,-2.6153407096862793,-1.7315984964370728,-0.9720022082328796,1.121514916419983,0.14185236394405365,-0.06798529624938965,0.9477410316467285,-0.3040018081665039,-0.0295657180249691,0.09217263013124466
1428.0,-0.04357359558343887,-0.6628982424736023,1.8364652395248413,-2.692521572113037,-1.654510736465454,1.5271366834640503,1.119603157043457,0.13946062326431274,-0.066990427672863,-0.0011274856515228748,0.9987884759902954,-0.04066205397248268,-0.02769460715353489
1429.0,-0.04846837744116783,-0.6589810252189636,1.825122594833374,-2.6886823177337646,-1.6427028179168701,1.52226722240448,1.1279784440994263,0.13542354106903076,-0.06714270263910294,-0.000897539546713233,0.9990628957748413,-0.03472395986318588,-0.025823617354035378
1430.0,-0.04323277622461319,-0.6592362523078918,1.829461693763733,-2.697690486907959,-1.6407713890075684,1.5275039672851562,1.1251881122589111,0.1417142152786255,-0.06740698218345642,-0.0007875981391407549,0.9991534352302551,-0.0340031199157238,-0.023142917081713676
1431.0,-0.03936278447508812,-0.661357581615448,1.8375121355056763,-2.7046329975128174,-1.6445083618164062,1.5313665866851807,1.1196719408035278,0.14568735659122467,-0.0674397274851799,-0.0008130292408168316,0.9990971684455872,-0.03597811982035637,-0.022577477619051933
1432.0,-0.03559676557779312,-0.6659587621688843,1.8515491485595703,-2.7110323905944824,-1.656660795211792,1.5351097583770752,1.10977041721344,0.14836548268795013,-0.06724248826503754,-0.0010180693352594972,0.9988217353820801,-0.042073510587215424,-0.024168888106942177
1433.0,-0.04615914449095726,-0.6679660677909851,1.857246994972229,-2.7194814682006836,-1.6402145624160767,1.5245699882507324,1.108586311340332,0.13929250836372375,-0.06635961681604385,-0.0007379030575975776,0.9991918206214905,-0.03372134640812874,-0.021864688023924828
1434.0,1.8696164261200465e-05,-0.6576633453369141,1.7917678356170654,-2.516077756881714,-1.8610987663269043,-0.9821372032165527,1.119120717048645,0.1568537801504135,-0.07221860438585281,0.9466742873191833,-0.27271124720573425,-0.04749353975057602,0.1648663580417633
1435.0,-0.0324062779545784,-0.6697400808334351,1.8513318300247192,-2.680480480194092,-1.6918189525604248,1.5382449626922607,1.105515480041504,0.14662937819957733,-0.0670076385140419,-0.002246177988126874,0.9975244998931885,-0.05923829600214958,-0.03782380744814873
1436.0,-0.03701217845082283,-0.671417236328125,1.8703473806381226,-2.7284762859344482,-1.6546103954315186,1.5336902141571045,1.098706841468811,0.14752742648124695,-0.06654390692710876,-0.0009109413367696106,0.998909592628479,-0.041093628853559494,-0.02214328572154045
1437.0,-2.7801437377929688,-2.47098970413208,-1.787136197090149,-0.7682659029960632,1.3193663358688354,-0.6537273526191711,1.113986849784851,0.16522692143917084,-0.07414526492357254,0.9477112889289856,-0.24988648295402527,-0.05060809478163719,0.19193460047245026
1438.0,-2.7266101837158203,-2.5075912475585938,-1.6898452043533325,-1.1413896083831787,1.1127701997756958,-0.5484835505485535,1.1163512468338013,0.19762960076332092,-0.0927826538681984,0.9050335884094238,-0.21029573678970337,-0.08367882668972015,0.3601221740245819
1439.0,-2.7602546215057373,-2.4616425037384033,-1.8303463459014893,-0.7054482698440552,1.2900644540786743,-0.7573937773704529,1.0920929908752441,0.1752767115831375,-0.07403566688299179,0.9616026282310486,-0.190684974193573,-0.03839310631155968,0.19361205399036407
1440.0,-2.7936251163482666,-2.4595465660095215,-1.8567320108413696,-0.5543388724327087,1.4215880632400513,-0.7500255703926086,1.0949994325637817,0.1589716374874115,-0.06836604326963425,0.9678300023078918,-0.2270970344543457,-0.02474350668489933,0.10545056313276291
1441.0,-2.807093858718872,-2.4598543643951416,-1.891160011291504,-0.4287559688091278,1.499018669128418,1.9059127569198608,1.0855486392974854,0.15278317034244537,-0.06642972677946091,-0.0009001531871035695,0.9987893104553223,-0.044930629432201385,-0.020010031759738922
1442.0,-2.812035322189331,-2.4695630073547363,-1.8608862161636353,-0.4486696720123291,1.5059378147125244,1.9007700681686401,1.1042131185531616,0.15467317402362823,-0.06748732924461365,-0.0008736439631320536,0.9989181756973267,-0.04145604744553566,-0.021051181480288506
1443.0,-2.8061559200286865,-2.466414213180542,-1.8710523843765259,-0.44359323382377625,1.4992605447769165,1.9068293571472168,1.097240686416626,0.15796694159507751,-0.06747322529554367,-0.0009298457880504429,0.9987717270851135,-0.04504656419157982,-0.020616525784134865
1444.0,-2.802100658416748,-2.46308970451355,-1.880471110343933,-0.441585510969162,1.4915767908096313,1.9110841751098633,1.0907622575759888,0.15910287201404572,-0.06736884266138077,-0.00104289420414716,0.9985551238059998,-0.049425121396780014,-0.021070001646876335
1445.0,-2.795192241668701,-2.461009979248047,-1.8922713994979858,-0.42570754885673523,1.4909299612045288,1.9181231260299683,1.0833383798599243,0.1642550528049469,-0.06757541745901108,-0.000866586109623313,0.9986493587493896,-0.048833295702934265,-0.017721835523843765
1446.0,-2.789398670196533,-2.4582958221435547,-1.902758002281189,-0.4176633954048157,1.485106348991394,1.9241474866867065,1.0763555765151978,0.16736473143100739,-0.0676143541932106,-0.0008424618281424046,0.9985336661338806,-0.051617756485939026,-0.01629723235964775
1447.0,-2.795091152191162,-2.4558138847351074,-1.890339970588684,-0.46841898560523987,1.4626202583312988,-0.8111608028411865,1.081167459487915,0.158963143825531,-0.06703770905733109,0.9766004681587219,-0.20183175802230835,-0.01503086369484663,0.07272962480783463
1448.0,-2.7961504459381104,-2.4554994106292725,-1.9077379703521729,-0.4174051582813263,1.487161636352539,1.9172688722610474,1.0742144584655762,0.15926110744476318,-0.06660612672567368,-0.0009119576425291598,0.9985446333885193,-0.050865303725004196,-0.017902782186865807
1449.0,-2.791876792907715,-2.4530386924743652,-1.9181562662124634,-0.4075033664703369,1.4829697608947754,1.9217344522476196,1.067657232284546,0.16102483868598938,-0.0665844976902008,-0.0008449688903056085,0.998487651348114,-0.05257592722773552,-0.016047097742557526
1450.0,-2.7825233936309814,-2.452909469604492,-1.919136881828308,-0.41319575905799866,1.4681496620178223,1.9316588640213013,1.0652981996536255,0.1682700216770172,-0.06745872646570206,-0.0009734572959132493,0.9980220198631287,-0.060792241245508194,-0.01598118059337139
1451.0,-2.778207540512085,-2.4527225494384766,-1.9281316995620728,-0.39224743843078613,1.477163314819336,1.9357506036758423,1.0601613521575928,0.1726732701063156,-0.067781001329422,-0.0006370604387484491,0.9984449148178101,-0.05450878292322159,-0.01166912354528904
1452.0,-2.77368426322937,-2.4496490955352783,-1.938356876373291,-0.3881116211414337,1.467047095298767,1.9406954050064087,1.053300142288208,0.17346268892288208,-0.06771424412727356,-0.000658411649055779,0.998149037361145,-0.059811078011989594,-0.010987813584506512
1453.0,-2.7684381008148193,-2.447890281677246,-1.9512590169906616,-0.36890044808387756,1.4696896076202393,1.9459178447723389,1.045365810394287,0.176677405834198,-0.0679253563284874,-0.0004242560244165361,0.9983366131782532,-0.05717482417821884,-0.007407987490296364
1454.0,-2.7687225341796875,-2.4457268714904785,-1.948652982711792,-0.39060506224632263,1.4462080001831055,-1.0413119792938232,1.0461429357528687,0.17279884219169617,-0.06753260642290115,0.9945231676101685,-0.07577162235975266,-0.005468847695738077,0.07178012281656265
1455.0,-2.7717418670654297,-2.4426703453063965,-1.964545488357544,-0.36491382122039795,1.4591904878616333,1.9430303573608398,1.03800630569458,0.1684178113937378,-0.06670302897691727,-0.000476497458294034,0.9979993104934692,-0.06276745349168777,-0.007576284930109978
1456.0,-2.764472246170044,-2.444563627243042,-1.9622875452041626,-0.36518195271492004,1.456757664680481,1.950472354888916,1.0381195545196533,0.17609860002994537,-0.0678168311715126,-0.00042404900887049735,0.9979323148727417,-0.06393109261989594,-0.006619191262871027
1457.0,-2.7587692737579346,-2.440706491470337,-1.975504755973816,-0.36136752367019653,1.4326361417770386,-1.1281497478485107,1.029640555381775,0.1750325709581375,-0.06765441596508026,0.9967063665390015,-0.027571463957428932,-0.0021088882349431515,0.07623615860939026
1458.0,-2.7607617378234863,-2.4429893493652344,-1.9733659029006958,-0.34967565536499023,1.4583971500396729,1.9541586637496948,1.031316876411438,0.17776107788085938,-0.06795501708984375,-0.0002431058674119413,0.9980632662773132,-0.062084220349788666,-0.003908159211277962
1459.0,-2.7520899772644043,-2.4380273818969727,-2.0009605884552,-0.3197215497493744,1.446520447731018,1.963487148284912,1.0143332481384277,0.17840789258480072,-0.06799396872520447,0.00015243263624142855,0.9978034496307373,-0.06620455533266068,0.002297391649335623
1460.0,-2.754270076751709,-2.4370954036712646,-1.9957053661346436,-0.3369136452674866,1.4286998510360718,-1.1857880353927612,1.0176608562469482,0.17445240914821625,-0.0674498975276947,0.9970644116401672,0.0031881961040198803,0.0002446173457428813,0.07650071382522583
1461.0,-2.761202335357666,-2.4377670288085938,-1.9861154556274414,-0.3498618006706238,1.4373823404312134,-1.1381452083587646,1.0238771438598633,0.17083466053009033,-0.06685779988765717,0.9970194101333618,-0.024013135582208633,-0.0017653724644333124,0.07329782843589783
1462.0,-2.7305240631103516,-2.4352951049804688,-2.0082664489746094,-0.3517851233482361,1.3254632949829102,-1.2409579753875732,1.008023738861084,0.1792517751455307,-0.06913559138774872,0.9906084537506104,0.04533389210700989,0.0058971247635781765,0.12886035442352295
1463.0,-2.7086124420166016,-2.4391696453094482,-1.979218602180481,-0.46055054664611816,1.2183634042739868,-1.1175947189331055,1.0163986682891846,0.18970267474651337,-0.0734427198767662,0.9811996221542358,0.00466152373701334,0.0009166139643639326,0.1929371953010559
1464.0,-2.721405029296875,-2.4399948120117188,-1.9596599340438843,-0.48256716132164,1.2563220262527466,-1.0645817518234253,1.0279946327209473,0.1868804395198822,-0.07223323732614517,0.9837657809257507,-0.02904788963496685,-0.005226726643741131,0.17701371014118195
1465.0,-2.715641975402832,-2.444300889968872,-1.9365804195404053,-0.5477173924446106,1.2140339612960815,-1.0093882083892822,1.036487102508545,0.1903863549232483,-0.07458849251270294,0.9774397015571594,-0.047113705426454544,-0.009912773035466671,0.2056543380022049
1466.0,-2.7240402698516846,-2.445512533187866,-1.9224780797958374,-0.5641213655471802,1.23712158203125,-0.9723331928253174,1.0445992946624756,0.1882478892803192,-0.0738881304860115,0.9778074026107788,-0.07040784507989883,-0.01417155284434557,0.19681110978126526
1467.0,-2.7582848072052,-2.444376230239868,-1.9306546449661255,-0.46760472655296326,1.3751718997955322,-0.9778159856796265,1.0512213706970215,0.17484180629253387,-0.06861136853694916,0.9883231520652771,-0.09760300815105438,-0.011499391868710518,0.11644227057695389
1468.0,-2.724163293838501,-2.4525949954986572,-1.8813673257827759,-0.6645074486732483,1.2094000577926636,-0.8768949508666992,1.0604156255722046,0.1907244175672531,-0.07623424381017685,0.9679139852523804,-0.10879348963499069,-0.02530037797987461,0.22509242594242096
1469.0,-2.7538185119628906,-2.4492647647857666,-1.8929033279418945,-0.5691576600074768,1.3244562149047852,-0.8799675703048706,1.0657708644866943,0.17755459249019623,-0.07096009701490402,0.9780450463294983,-0.13700340688228607,-0.021783698350191116,0.1555102914571762
1470.0,-2.7396867275238037,-2.457876682281494,-1.8509427309036255,-0.7016778588294983,1.240004062652588,-0.813122034072876,1.0772842168807983,0.1850331723690033,-0.07563996315002441,0.9643511772155762,-0.148533433675766,-0.03333951160311699,0.2164563238620758
1471.0,-2.7094433307647705,-2.4869656562805176,-1.7605372667312622,-1.0037672519683838,1.0893306732177734,-0.6589949131011963,1.0921329259872437,0.20368286967277527,-0.08935155719518661,0.9244062304496765,-0.16071325540542603,-0.05924733728170395,0.34078463912010193
1472.0,-2.667275905609131,-2.521068572998047,-1.7119358777999878,-1.2561908960342407,0.9209083318710327,-0.5518004894256592,1.081778645515442,0.2244986742734909,-0.10831892490386963,0.8772779107093811,-0.11947257816791534,-0.06273039430379868,0.46062445640563965
1473.0,-2.6819369792938232,-2.5264222621917725,-1.6784244775772095,-1.3053884506225586,0.9580881595611572,-0.5112060308456421,1.0955547094345093,0.21902988851070404,-0.10526002198457718,0.8739580512046814,-0.14769691228866577,-0.0771544799208641,0.4565415382385254
1474.0,-2.6920413970947266,-2.530168056488037,-1.6579526662826538,-1.3323428630828857,0.9825659394264221,-0.4875754714012146,1.1043270826339722,0.2146005779504776,-0.10356499254703522,0.8717046976089478,-0.16587840020656586,-0.08619728684425354,0.4529739022254944
1475.0,-2.650907039642334,-2.5094223022460938,-1.7552530765533447,-1.201577067375183,0.8757019639015198,-0.598666250705719,1.0637818574905396,0.22841475903987885,-0.10665355622768402,0.8788865208625793,-0.08666736632585526,-0.046034082770347595,0.46682778000831604
1476.0,-2.660888433456421,-2.5118515491485596,-1.7327696084976196,-1.2367537021636963,0.9007233381271362,-0.5705682039260864,1.0732165575027466,0.22492308914661407,-0.1041439026594162,0.8777539134025574,-0.10566577315330505,-0.05585300549864769,0.4639647603034973
1477.0,-2.67468523979187,-2.517476797103882,-1.7000930309295654,-1.2841562032699585,0.9361172914505005,-0.5317472815513611,1.086707353591919,0.22024251520633698,-0.10185769945383072,0.8752455711364746,-0.13238099217414856,-0.06957180798053741,0.45997855067253113
1478.0,-2.689699172973633,-2.5227413177490234,-1.6677757501602173,-1.330329418182373,0.9739701151847839,-0.4925595819950104,1.1000291109085083,0.21412305533885956,-0.09870397299528122,0.871654212474823,-0.16071970760822296,-0.08395865559577942,0.4553450047969818
1479.0,-2.700681447982788,-2.5307841300964355,-1.6425291299819946,-1.3571879863739014,1.0022077560424805,-0.46709614992141724,1.110798716545105,0.2100559026002884,-0.09982509911060333,0.8690478205680847,-0.1810467690229416,-0.09390034526586533,0.4507337212562561
1480.0,-2.713290214538574,-2.530508518218994,-1.6210638284683228,-1.3943387269973755,1.0300476551055908,-0.4372881352901459,1.1196041107177734,0.20289911329746246,-0.09306298196315765,0.8643103241920471,-0.2028428018093109,-0.10515589267015457,0.4480677545070648
1481.0,-2.7020747661590576,-2.5233027935028076,-1.6459461450576782,-1.3660318851470947,1.0018973350524902,-0.4634484052658081,1.1091694831848145,0.20756015181541443,-0.09307780861854553,0.8679075837135315,-0.18228670954704285,-0.09497623145580292,0.4522029459476471
1482.0,-2.724065065383911,-2.532390832901001,-1.6020328998565674,-1.4227547645568848,1.0549708604812622,-0.4127347469329834,1.1273926496505737,0.19697178900241852,-0.08903279155492783,0.8600101470947266,-0.22166723012924194,-0.11471633613109589,0.44506898522377014
1483.0,-2.70430326461792,-2.5170602798461914,-1.6469199657440186,-1.3765684366226196,1.0039793252944946,-0.4579397439956665,1.108554720878601,0.2048845738172531,-0.08689245581626892,0.8665820956230164,-0.1851358264684677,-0.09682025760412216,0.45319539308547974
1484.0,-2.686347484588623,-2.504210948944092,-1.6880760192871094,-1.3308801651000977,0.9552352428436279,-0.5019419193267822,1.09156334400177,0.2113736867904663,-0.08532749861478806,0.8709536790847778,-0.15059861540794373,-0.0796915739774704,0.46087852120399475
1485.0,-2.6909449100494385,-2.5144643783569336,-1.6718685626983643,-1.3393244743347168,0.9722086191177368,-0.48962894082069397,1.0982412099838257,0.2115090936422348,-0.0913621112704277,0.8705328106880188,-0.16125014424324036,-0.0846814215183258,0.4571652412414551
1486.0,-2.6777520179748535,-2.505953073501587,-1.703735589981079,-1.2996071577072144,0.9366239309310913,-0.5248558521270752,1.0852386951446533,0.2159091979265213,-0.09129171073436737,0.8736006617546082,-0.13540546596050262,-0.07159475982189178,0.4619106650352478
1487.0,-2.6718802452087402,-2.497863292694092,-1.7223069667816162,-1.2818794250488281,0.9184789657592773,-0.5417983531951904,1.0776294469833374,0.21655584871768951,-0.08799158036708832,0.8744484782218933,-0.12288737297058105,-0.06530901044607162,0.46472930908203125
1488.0,-2.660024881362915,-2.4925284385681152,-1.7506606578826904,-1.2413175106048584,0.8869009017944336,-0.5755491852760315,1.0660858154296875,0.2203489989042282,-0.08944379538297653,0.8762098550796509,-0.0995834469795227,-0.053247641772031784,0.4685126841068268
1489.0,-2.641096353530884,-2.4850215911865234,-1.8007267713546753,-1.1606996059417725,0.8345661163330078,-0.6398085951805115,1.046335220336914,0.22509200870990753,-0.09251556545495987,0.878351628780365,-0.05985323712229729,-0.03224211558699608,0.4731558859348297
1490.0,-2.656327724456787,-2.4976470470428467,-1.753991961479187,-1.225913643836975,0.8814661502838135,-0.5849697589874268,1.0645848512649536,0.22319789230823517,-0.09512486308813095,0.8771809339523315,-0.0940500870347023,-0.05019715055823326,0.4681759178638458
1491.0,-2.6659836769104004,-2.5057170391082764,-1.727620244026184,-1.2575515508651733,0.9092241525650024,-0.5570828318595886,1.0754231214523315,0.22116540372371674,-0.09698787331581116,0.8763190507888794,-0.11378002166748047,-0.0602717250585556,0.4642050564289093
1492.0,-2.6517298221588135,-2.502743721008301,-1.7591722011566162,-1.2072035074234009,0.8736346364021301,-0.5971447229385376,1.0622971057891846,0.22637036442756653,-0.10109827667474747,0.8781784176826477,-0.0867108553647995,-0.04622306674718857,0.4681317210197449
1493.0,-2.642184019088745,-2.495826244354248,-1.787687063217163,-1.1659854650497437,0.8449088931083679,-0.6313698887825012,1.051125168800354,0.2277868092060089,-0.10016288608312607,0.8789719939231873,-0.06549922376871109,-0.03510153293609619,0.4710477590560913
1494.0,-2.6304800510406494,-2.4919273853302,-1.8203305006027222,-1.1101337671279907,0.8126831650733948,-0.6746882200241089,1.0381381511688232,0.2301233857870102,-0.10220517963171005,0.8796042203903198,-0.04039998725056648,-0.021747197955846786,0.473488450050354
1495.0,-2.626600742340088,-2.484954595565796,-1.8368343114852905,-1.0909638404846191,0.7977966070175171,-0.6918328404426575,1.0317710638046265,0.22915220260620117,-0.0984203964471817,0.8790585398674011,-0.030275259166955948,-0.016375433653593063,0.4754696190357208
1496.0,-2.615553140640259,-2.4857003688812256,-1.8661435842514038,-1.0278520584106445,0.7674061059951782,-0.7402137517929077,1.020660638809204,0.23176898062229156,-0.10257583111524582,0.879001259803772,-0.0053475042805075645,-0.0029005499090999365,0.47678065299987793
1497.0,-2.6173064708709717,-2.493419885635376,-1.8523012399673462,-1.0452439785003662,0.7795841097831726,-0.7228098511695862,1.0249972343444824,0.23376910388469696,-0.10797611624002457,0.879453718662262,-0.013640999794006348,-0.007378962356597185,0.4757317006587982
1498.0,-2.640078067779541,-2.501610040664673,-1.79629385471344,-1.1166694164276123,0.8537534475326538,-0.6604064106941223,1.0497442483901978,0.2306758314371109,-0.10760615766048431,0.8854819536209106,-0.060344815254211426,-0.031326282769441605,0.45967257022857666
1499.0,-2.6298396587371826,-2.497116804122925,-1.8254563808441162,-1.069787621498108,0.8238362669944763,-0.6987866163253784,1.037956714630127,0.23220990598201752,-0.10806144028902054,0.8853649497032166,-0.03755542263388634,-0.01963788829743862,0.46296101808547974
1500.0,-2.6092700958251953,-2.490732192993164,-1.8800203800201416,-0.99004727602005,0.7550792694091797,-0.7655593752861023,1.014656662940979,0.23398743569850922,-0.10851695388555527,0.8792493939399719,0.006808736827224493,0.003688366152346134,0.47629883885383606
1501.0,-2.6020827293395996,-2.488687753677368,-1.907269835472107,-0.9328523278236389,0.733761191368103,-0.8089204430580139,1.0043891668319702,0.23355130851268768,-0.10896597802639008,0.8789406418800354,0.025923023000359535,0.014039467088878155,0.4760192036628723
1502.0,-2.592172861099243,-2.481168031692505,-1.9543719291687012,-0.8359901905059814,0.6966794729232788,-0.8864531517028809,0.9875556230545044,0.23023368418216705,-0.10429047048091888,0.8767170310020447,0.05783167481422424,0.03143059089779854,0.4764817953109741
1503.0,-2.605842113494873,-2.4819512367248535,-1.9037444591522217,-0.9498160481452942,0.736090362071991,-0.8007869720458984,1.0070390701293945,0.23111005127429962,-0.1026853546500206,0.8787122964859009,0.021716557443141937,0.011781498789787292,0.4767121970653534
1504.0,-2.599439859390259,-2.4791479110717773,-1.930364727973938,-0.8938857913017273,0.7152625322341919,-0.8441705703735352,0.9972201585769653,0.23005221784114838,-0.10185128450393677,0.8778825402259827,0.040123350918293,0.02178717590868473,0.47669458389282227
1505.0,-2.59035587310791,-2.473451614379883,-1.9748858213424683,-0.7969962954521179,0.6808033585548401,-0.9214903116226196,0.9813553094863892,0.2266460359096527,-0.09769656509160995,0.875264585018158,0.07053528726100922,0.03843431547284126,0.4769271910190582
1506.0,-2.6029317378997803,-2.471930980682373,-1.928232192993164,-0.9084360003471375,0.7164756655693054,-0.8380727767944336,0.9993883371353149,0.2275308221578598,-0.09540673345327377,0.877699613571167,0.03682263195514679,0.020027566701173782,0.47737452387809753
1507.0,-2.5869641304016113,-2.470187187194824,-1.9997059106826782,-0.7376582622528076,0.6635062098503113,-0.9698899984359741,0.9731195569038391,0.22339628636837006,-0.09415248781442642,0.8736992478370667,0.08720488101243973,0.04753205180168152,0.47622016072273254
1508.0,-2.57436203956604,-2.478208541870117,-2.0606701374053955,-0.5651605129241943,0.6249814033508301,-1.0997791290283203,0.9492639303207397,0.21805359423160553,-0.09489978849887848,0.8679608106613159,0.13051439821720123,0.0712522342801094,0.47384926676750183
1509.0,-2.577787160873413,-2.4777235984802246,-2.0375993251800537,-0.628894567489624,0.6398070454597473,-1.0493698120117188,0.9576978087425232,0.22126440703868866,-0.09749757498502731,0.8706177473068237,0.1146373599767685,0.06245584413409233,0.4743232727050781
1510.0,-2.5822484493255615,-2.478471040725708,-2.0084035396575928,-0.7047956585884094,0.6589248776435852,-0.9893038272857666,0.968180775642395,0.22504477202892303,-0.1006070002913475,0.873295783996582,0.09484239667654037,0.05159464478492737,0.47507646679878235
1511.0,-2.5763165950775146,-2.4845080375671387,-2.030433177947998,-0.6392566561698914,0.6452209949493408,-1.0362764596939087,0.9588503241539001,0.22420363128185272,-0.10371752828359604,0.8714598417282104,0.11123541742563248,0.06048247218132019,0.4738422632217407
1512.0,-2.567469835281372,-2.49465012550354,-2.07637357711792,-0.4956550598144531,0.6177639961242676,-1.144816279411316,0.9406386613845825,0.21922670304775238,-0.10464796423912048,0.8663123250007629,0.1453385055065155,0.07906924188137054,0.4713042676448822
1513.0,-2.5631682872772217,-2.5038843154907227,-2.099372148513794,-0.4130893349647522,0.6061639189720154,-1.206184983253479,0.9308306574821472,0.2162603884935379,-0.10642433166503906,0.8632190227508545,0.16326157748699188,0.08877437561750412,0.46938011050224304
1514.0,-2.565706968307495,-2.5004067420959473,-2.0706541538238525,-0.5057546496391296,0.6218777298927307,-1.1319841146469116,0.9411845207214355,0.22193056344985962,-0.1102956160902977,0.8670904040336609,0.14250124990940094,0.07740865647792816,0.4710155427455902
1515.0,-2.5707859992980957,-2.4928581714630127,-2.0464553833007812,-0.585096538066864,0.6355985999107361,-1.0732711553573608,0.9512375593185425,0.22436606884002686,-0.10844068974256516,0.8698137402534485,0.1241493970155716,0.0674709677696228,0.4727141857147217
1516.0,-2.5880367755889893,-2.482646942138672,-2.032904624938965,-0.564590334892273,0.7247307300567627,-1.095525860786438,0.9625453948974609,0.22277268767356873,-0.10326308012008667,0.8928524255752563,0.11008576303720474,0.053437456488609314,0.433405339717865
1517.0,-2.5839016437530518,-2.487513303756714,-1.9804710149765015,-0.7639468908309937,0.678456723690033,-0.9371933341026306,0.9765337705612183,0.23062480986118317,-0.10942772030830383,0.8754177689552307,0.07767479866743088,0.04216556251049042,0.4752182960510254
1518.0,-2.730781316757202,-2.4330368041992188,-2.0238425731658936,-0.32550105452537537,1.338249683380127,-1.2754863500595093,0.9994401335716248,0.1773242950439453,-0.06872592121362686,0.9907506108283997,0.061346136033535004,0.007480134721845388,0.12080545723438263
1519.0,-2.6731717586517334,-2.444608211517334,-1.9982119798660278,-0.4768727719783783,1.0857951641082764,-1.1469953060150146,1.0001806020736694,0.20018695294857025,-0.07912858575582504,0.9647361040115356,0.04637845233082771,0.012441597878932953,0.25880247354507446
1520.0,-2.657123565673828,-2.4481608867645264,-2.010018825531006,-0.47684040665626526,1.0279003381729126,-1.1577955484390259,0.9912192225456238,0.2044641524553299,-0.08203449100255966,0.9557458758354187,0.06397140771150589,0.01917734183371067,0.28651338815689087
1521.0,-2.698148488998413,-2.4352309703826904,-2.041355848312378,-0.3386114537715912,1.2123963832855225,-1.2847353219985962,0.9852982759475708,0.1855688989162445,-0.07281769067049026,0.978925883769989,0.0863795280456543,0.016265258193016052,0.18433167040348053
1522.0,-2.6929209232330322,-2.4356369972229004,-2.0680758953094482,-0.2851991653442383,1.2012768983840942,-1.3616102933883667,0.9716315269470215,0.18283149600028992,-0.07300131767988205,0.9743879437446594,0.12431482970714569,0.02371509186923504,0.18588048219680786
1523.0,-2.728114128112793,-2.4303739070892334,-2.0608232021331787,-0.25927138328552246,1.3465412855148315,-1.4011244773864746,0.9794639348983765,0.17279405891895294,-0.06836133450269699,0.9859080910682678,0.12293053418397903,0.014038458466529846,0.112589031457901
1524.0,-2.7505815029144287,-2.591884136199951,-1.5297337770462036,2.5217018127441406,-1.4378538131713867,-1.176232933998108,0.9878541827201843,0.16769906878471375,-0.06678703427314758,0.0008049089810810983,0.997685968875885,-0.06691800057888031,0.01200045458972454
1525.0,-2.745086431503296,-2.602867364883423,-1.5068798065185547,2.4980146884918213,-1.4242371320724487,1.8442445993423462,0.9972488880157471,0.17519474029541016,-0.06778910011053085,0.9951283931732178,0.06280794739723206,0.004786701872944832,0.07584045082330704
1526.0,-2.748807430267334,-2.6122701168060303,-1.4840829372406006,2.475940227508545,-1.4257714748382568,1.9017657041549683,1.0078431367874146,0.17585822939872742,-0.06777278333902359,0.9965335130691528,0.03260853514075279,0.002503057708963752,0.0764947161078453
1527.0,-2.7482593059539795,-2.6070010662078857,-1.4942095279693604,2.4911093711853027,-1.445422649383545,-1.1742082834243774,1.0031646490097046,0.17776226997375488,-0.06801623106002808,0.0003927997313439846,0.9978438019752502,-0.0653579905629158,0.00599701376631856
1528.0,-2.7439401149749756,-2.5978004932403564,-1.5179203748703003,2.511050224304199,-1.4384934902191162,-1.1695252656936646,0.991760790348053,0.1764799952507019,-0.06797247380018234,0.0006854328676126897,0.99767005443573,-0.06746271997690201,0.010136500000953674
1529.0,-2.742232084274292,-2.5916402339935303,-1.5333588123321533,2.525294303894043,-1.4337387084960938,-1.1675927639007568,0.9847069382667542,0.17453525960445404,-0.06792572885751724,0.0009270940790884197,0.9975486993789673,-0.06866132467985153,0.013469322584569454
1530.0,-2.7411105632781982,-2.5839054584503174,-1.553614854812622,2.5416035652160645,-1.4177595376968384,1.7341516017913818,0.9757357239723206,0.16927535831928253,-0.06752654165029526,0.9898823499679565,0.11888383328914642,0.009236104786396027,0.07690412551164627
1531.0,-2.7404847145080566,-2.582066774368286,-1.556612491607666,2.548145055770874,-1.4423357248306274,-1.1663851737976074,0.9734657406806946,0.17304638028144836,-0.06804875284433365,0.0010147453285753727,0.9978890419006348,-0.06290742009878159,0.01609671860933304
1532.0,-2.7388031482696533,-2.5756232738494873,-1.5730419158935547,2.563122510910034,-1.4405031204223633,-1.1646687984466553,0.9656069278717041,0.17115436494350433,-0.06804175674915314,0.0011854666518047452,0.9978510141372681,-0.06274165213108063,0.0188538059592247
1533.0,-2.738548994064331,-2.5736806392669678,-1.579034447669983,2.5666160583496094,-1.4153821468353271,1.669345736503601,0.9638740420341492,0.16650880873203278,-0.06755924224853516,0.9853310585021973,0.15178470313549042,0.011875470168888569,0.07709123194217682
1534.0,-2.7446858882904053,-2.57763934135437,-1.5665268898010254,2.555506467819214,-1.423189640045166,1.6916776895523071,0.9706038236618042,0.16428180038928986,-0.06687719374895096,0.9876649975776672,0.13784733414649963,0.010266199707984924,0.07355650514364243
1535.0,-2.6889708042144775,-2.5884833335876465,-1.5890555381774902,2.555811882019043,-1.1955482959747314,1.7089937925338745,0.9566272497177124,0.17881108820438385,-0.07306159287691116,0.9692760109901428,0.1584586650133133,0.03035367652773857,0.18567045032978058
1536.0,-2.7048189640045166,-2.570967435836792,-1.6091843843460083,2.593245029449463,-1.2646446228027344,1.6242040395736694,0.9506229162216187,0.17064613103866577,-0.07052510976791382,0.9699404835700989,0.18948324024677277,0.029273798689246178,0.1498488336801529
1537.0,-2.7430431842803955,-2.5677061080932617,-1.5914887189865112,2.579882860183716,-1.427113652229309,1.6301987171173096,0.9585974216461182,0.16158436238765717,-0.06708285957574844,0.9830538630485535,0.16862636804580688,0.012156452052295208,0.07086938619613647
1538.0,-2.7389473915100098,-2.5622987747192383,-1.6067310571670532,2.5945687294006348,-1.4172104597091675,1.5947465896606445,0.9512326717376709,0.1610153764486313,-0.067461758852005,0.9792047142982483,0.18780113756656647,0.014454309828579426,0.07536549866199493
1539.0,-2.7367007732391357,-2.556187629699707,-1.622464656829834,2.610825538635254,-1.4235386848449707,1.5505601167678833,0.9432225227355957,0.16092535853385925,-0.06786202639341354,0.9748668074607849,0.21028828620910645,0.015514465048909187,0.07192286103963852
1540.0,-2.737887144088745,-2.5502946376800537,-1.6371372938156128,2.6248180866241455,-1.440879225730896,-1.1642026901245117,0.9354397058486938,0.15928201377391815,-0.06806277483701706,0.0017066128784790635,0.9978811740875244,-0.05804809555411339,0.02933768555521965
1541.0,-2.73848032951355,-2.5445914268493652,-1.6514418125152588,2.639796733856201,-1.434306263923645,-1.1646493673324585,0.9293016791343689,0.1549764722585678,-0.06797706335783005,0.002010135678574443,0.9976439476013184,-0.059824563562870026,0.033521346747875214
1542.0,-2.737088680267334,-2.549104928970337,-1.6403696537017822,2.629066228866577,-1.4121098518371582,1.5051500797271729,0.9356374144554138,0.15538962185382843,-0.06766612827777863,0.9695202708244324,0.2317797839641571,0.018468128517270088,0.07725102454423904
1543.0,-2.7354753017425537,-2.5543723106384277,-1.6275607347488403,2.616577386856079,-1.3918755054473877,1.540234088897705,0.9425849914550781,0.15664465725421906,-0.06737039983272552,0.9724035263061523,0.21550479531288147,0.019339632242918015,0.0872645452618599
1544.0,-2.709630250930786,-2.5500073432922363,-1.653327465057373,2.648122549057007,-1.2865701913833618,1.5152738094329834,0.9320095181465149,0.16068051755428314,-0.06986070424318314,0.9608957171440125,0.23782499134540558,0.03407781943678856,0.13768622279167175
1545.0,-2.7449886798858643,-2.5428316593170166,-1.6534396409988403,2.6420304775238037,-1.4293453693389893,1.4538893699645996,0.9299410581588745,0.14795681834220886,-0.0670158788561821,0.9649164080619812,0.2527344524860382,0.0180264413356781,0.06882326304912567
1546.0,-2.7279372215270996,-2.5336873531341553,-1.6818745136260986,2.6804659366607666,-1.352940559387207,1.4070308208465576,0.9192749857902527,0.14761097729206085,-0.0682116448879242,0.9533309936523438,0.28112363815307617,0.03115076944231987,0.10563676804304123
1547.0,-2.739046812057495,-2.538827419281006,-1.6659830808639526,2.655243396759033,-1.4266588687896729,1.4240411520004272,0.9230882525444031,0.15049712359905243,-0.06788840889930725,0.9601747393608093,0.26975566148757935,0.01968405209481716,0.07006388157606125
1548.0,-2.7408483028411865,-2.534512996673584,-1.6778136491775513,2.6644840240478516,-1.4427015781402588,-1.1676355600357056,0.9162923097610474,0.14850406348705292,-0.06807807832956314,0.0019401779863983393,0.9978824257850647,-0.05441795289516449,0.035577770322561264
1549.0,-2.7407000064849854,-2.5300862789154053,-1.6881110668182373,2.6788811683654785,-1.4192317724227905,1.365177035331726,0.913417398929596,0.1435360163450241,-0.06780683249235153,0.9518680572509766,0.296597957611084,0.022998860105872154,0.07380994409322739
1550.0,-2.7430338859558105,-2.523897409439087,-1.7033222913742065,2.6964361667633057,-1.4148831367492676,1.3184751272201538,0.9070647358894348,0.13786913454532623,-0.06774969398975372,0.9449416399002075,0.3172147572040558,0.025579174980521202,0.0761970579624176
1551.0,-2.7454729080200195,-2.5239574909210205,-1.7050212621688843,2.6918811798095703,-1.4462352991104126,-1.1727339029312134,0.9036307334899902,0.13927264511585236,-0.06809495389461517,0.0020179927814751863,0.9979180693626404,-0.05088580399751663,0.03957471624016762
1552.0,-2.745647668838501,-2.424329996109009,-2.1958396434783936,-0.046423617750406265,1.4201836585998535,-1.8672268390655518,0.9009802937507629,0.13368098437786102,-0.06779062002897263,0.9383457899093628,0.33664336800575256,0.02654370665550232,0.07398682087659836
1553.0,-2.693281650543213,-2.456021785736084,-2.220327377319336,0.06327714771032333,1.1974542140960693,-1.8374900817871094,0.8921674489974976,0.14361922442913055,-0.07334937155246735,0.9225886464118958,0.3348025977611542,0.0653838962316513,0.1801731288433075
1554.0,-2.7371904850006104,-2.4265787601470947,-2.1767611503601074,-0.06641525775194168,1.383898377418518,-1.7964708805084229,0.9139169454574585,0.14132718741893768,-0.06760596483945847,0.9470373392105103,0.30653974413871765,0.02946341224014759,0.09102553874254227
1555.0,-2.680678606033325,-2.456264019012451,-2.2043046951293945,0.022515352815389633,1.1558046340942383,-1.7534502744674683,0.900275707244873,0.1531876027584076,-0.0748206302523613,0.9301035404205322,0.3019997477531433,0.06456093490123749,0.19883577525615692
1556.0,-2.5593693256378174,-2.5994951725006104,-2.2331924438476562,0.26225319504737854,0.6151727437973022,-1.7440394163131714,0.8657687306404114,0.17846103012561798,-0.10801185667514801,0.835350751876831,0.2963722050189972,0.15480607748031616,0.43633437156677246
1557.0,-2.551759958267212,-2.5844578742980957,-2.2116811275482178,0.12995141744613647,0.5731743574142456,-1.6257696151733398,0.8767257928848267,0.1889379769563675,-0.11028856039047241,0.8361856937408447,0.267684668302536,0.14594332873821259,0.4558936059474945
1558.0,-2.6088781356811523,-2.501725912094116,-2.2010674476623535,0.03096737712621689,0.8694283962249756,-1.6336110830307007,0.8955615162849426,0.17908313870429993,-0.0889982208609581,0.8996703028678894,0.26881080865859985,0.09848036617040634,0.3295993208885193
1559.0,-2.5953400135040283,-2.5085294246673584,-2.1853294372558594,-0.014639587141573429,0.8064541816711426,-1.5764180421829224,0.9017438888549805,0.188022181391716,-0.09305983781814575,0.892952561378479,0.2520950436592102,0.10132629424333572,0.35891059041023254
1560.0,-2.624607563018799,-2.470319986343384,-2.1490461826324463,-0.14052928984165192,0.9376413822174072,-1.4906187057495117,0.9232664108276367,0.18869730830192566,-0.08491597324609756,0.9258677363395691,0.21306470036506653,0.0699801817536354,0.3040972948074341
1561.0,-2.6169326305389404,-2.471740484237671,-2.1252691745758057,-0.2107211798429489,0.8969662189483643,-1.4187194108963013,0.93367600440979,0.19689930975437164,-0.08755812793970108,0.9234782457351685,0.19008468091487885,0.06718625128269196,0.3264073431491852
1562.0,-2.5584917068481445,-2.5163872241973877,-2.1229376792907715,-0.3204944133758545,0.5948590636253357,-1.2747617959976196,0.9201458096504211,0.21305625140666962,-0.1088082417845726,0.859247088432312,0.18263942003250122,0.09935031831264496,0.4674043655395508
1563.0,-2.554417371749878,-2.538160562515259,-2.1622438430786133,-0.14889191091060638,0.5799961090087891,-1.4075576066970825,0.9027863144874573,0.2043072134256363,-0.10869671404361725,0.8512327075004578,0.21644695103168488,0.11781284213066101,0.4633289873600006
1564.0,-2.557760238647461,-2.5206804275512695,-2.1420559883117676,-0.24787841737270355,0.5856201648712158,-1.33428156375885,0.9131233096122742,0.20824207365512848,-0.10499485582113266,0.8555145859718323,0.19758853316307068,0.10770062357187271,0.46631982922554016
1565.0,-2.561703681945801,-2.507570505142212,-2.1310300827026367,-0.3045041561126709,0.5895499587059021,-1.2953740358352661,0.9196048974990845,0.2087535858154297,-0.09972033649682999,0.857819676399231,0.18647487461566925,0.10173460841178894,0.4679985046386719
1566.0,-2.565823793411255,-2.495821475982666,-2.1109683513641357,-0.3859366178512573,0.5987322926521301,-1.2354140281677246,0.9289146065711975,0.21139876544475555,-0.09721986949443817,0.8613799810409546,0.16976945102214813,0.09257625043392181,0.4697153866291046
1567.0,-2.569969654083252,-2.4860787391662598,-2.088606119155884,-0.46867650747299194,0.6096020936965942,-1.1739320755004883,0.9385693669319153,0.21433037519454956,-0.09537038207054138,0.8646222352981567,0.15219157934188843,0.08300578594207764,0.4715678095817566
1568.0,-2.558797597885132,-2.5235252380371094,-2.158618927001953,-0.18086758255958557,0.5792226195335388,-1.3913930654525757,0.9075680375099182,0.20284032821655273,-0.09997826814651489,0.852150559425354,0.21077871322631836,0.11500683426856995,0.46495747566223145
1569.0,-2.5555784702301025,-2.5453004837036133,-2.1824164390563965,-0.05714103952050209,0.5737873911857605,-1.4845712184906006,0.8950813412666321,0.1973600834608078,-0.10330488532781601,0.8461753726005554,0.23384462296962738,0.12755326926708221,0.46155619621276855
1570.0,-2.5545637607574463,-2.5693817138671875,-2.207324981689453,0.08897390216588974,0.5709623098373413,-1.6000983715057373,0.8819167613983154,0.1893603503704071,-0.10356451570987701,0.8380078077316284,0.2605413496494293,0.1423393189907074,0.45782163739204407
1571.0,-2.5558927059173584,-2.587944269180298,-2.2235779762268066,0.19811192154884338,0.5739814043045044,-1.6885035037994385,0.8726505637168884,0.18217788636684418,-0.10321789234876633,0.831716001033783,0.2800171971321106,0.15296979248523712,0.45435571670532227
1572.0,-2.5571510791778564,-2.558351755142212,-2.205895185470581,0.06524930894374847,0.5692822337150574,-1.5866947174072266,0.88495272397995,0.18859632313251495,-0.09772085398435593,0.8389272689819336,0.2563018798828125,0.14027996361255646,0.4591643810272217
1573.0,-2.5598394870758057,-2.589282989501953,-2.232455015182495,0.24995817244052887,0.5753726959228516,-1.7379292249679565,0.869871199131012,0.17657570540905,-0.09660327434539795,0.8280410766601562,0.28937286138534546,0.15842558443546295,0.45333513617515564
1574.0,-2.56482195854187,-2.622272491455078,-2.2535204887390137,0.4311961531639099,0.5910877585411072,-1.889947772026062,0.8552404642105103,0.1637488454580307,-0.09566115587949753,0.8154225945472717,0.32216009497642517,0.17671756446361542,0.4472915828227997
1575.0,-2.5723938941955566,-2.6579127311706543,-2.269322395324707,0.6014500260353088,0.6187505125999451,-2.034236192703247,0.8407167196273804,0.15007974207401276,-0.09761019051074982,0.8020217418670654,0.3540705144405365,0.19427433609962463,0.4400598704814911
1576.0,-2.581711530685425,-2.6802399158477783,-2.27907395362854,0.7222620844841003,0.6473873853683472,-2.143831253051758,0.831322968006134,0.13858343660831451,-0.09641031920909882,0.7905037999153137,0.3784513473510742,0.20793378353118896,0.43432924151420593
1577.0,-2.62066912651062,-2.7347252368927,-2.2994189262390137,1.0060944557189941,0.7622748613357544,-2.41628360748291,0.8078156113624573,0.10311140865087509,-0.09574071317911148,0.7550182342529297,0.4443947672843933,0.24456468224525452,0.41551071405410767
1578.0,-2.6057140827178955,-2.7160708904266357,-2.2943317890167236,0.9188808798789978,0.7167177796363831,-2.3298275470733643,0.8152403831481934,0.11504974216222763,-0.09422360360622406,0.7676017880439758,0.4218364953994751,0.23239783942699432,0.42288652062416077
1579.0,-2.5981242656707764,-2.7000980377197266,-2.289897918701172,0.8522419333457947,0.6910625696182251,-2.2696456909179688,0.8217505812644958,0.12271559983491898,-0.09214095771312714,0.7758588790893555,0.4068642556667328,0.2239377349615097,0.4270320534706116
1580.0,-2.5879452228546143,-2.6760733127593994,-2.2825589179992676,0.7481350898742676,0.6563339233398438,-2.1765894889831543,0.8313904404640198,0.13390089571475983,-0.08938593417406082,0.7872158885002136,0.3844107687473297,0.21158826351165771,0.43330118060112
1581.0,-2.5790839195251465,-2.66262149810791,-2.275993824005127,0.6615903973579407,0.631450355052948,-2.0935659408569336,0.8371607661247253,0.14294445514678955,-0.09197155386209488,0.7960748672485352,0.3659091889858246,0.20132319629192352,0.43800029158592224
1582.0,-2.574733257293701,-2.6455600261688232,-2.2692108154296875,0.5822718739509583,0.6153402924537659,-2.0255844593048096,0.8442316055297852,0.14976705610752106,-0.09091354161500931,0.8031823039054871,0.3506275713443756,0.19268997013568878,0.44139474630355835
1583.0,-2.5712966918945312,-2.627868890762329,-2.2619998455047607,0.5023381114006042,0.6014105081558228,-1.958573341369629,0.851366400718689,0.1561172753572464,-0.08923926204442978,0.8096172213554382,0.33559805154800415,0.18439684808254242,0.44485026597976685
1584.0,-2.577974319458008,-2.6340749263763428,-2.26997709274292,0.5721328854560852,0.6136869192123413,-2.0257880687713623,0.8471869826316833,0.14841972291469574,-0.0834643766283989,0.8034767508506775,0.34896600246429443,0.19214777648448944,0.4424106180667877
1585.0,-2.5726816654205322,-2.615764617919922,-2.2606005668640137,0.4746114909648895,0.5969156622886658,-1.9410454034805298,0.8550512194633484,0.15669222176074982,-0.08385001122951508,0.8113764524459839,0.33055177330970764,0.18188416957855225,0.44645512104034424
1586.0,-2.571129322052002,-2.595187187194824,-2.253943681716919,0.39117568731307983,0.5846561193466187,-1.8731082677841187,0.8620926141738892,0.16144227981567383,-0.08000899851322174,0.8172625303268433,0.3148874342441559,0.1735193431377411,0.4503542184829712
1587.0,-2.5669989585876465,-2.585118293762207,-2.2434444427490234,0.309978187084198,0.5775890946388245,-1.800917387008667,0.8678365349769592,0.1684439331293106,-0.08417470753192902,0.8232482671737671,0.3002568483352661,0.1650775671005249,0.45261186361312866
1588.0,-2.5643675327301025,-2.598693370819092,-2.245285987854004,0.33912748098373413,0.5805612206459045,-1.8174967765808105,0.8636852502822876,0.16861368715763092,-0.09076569974422455,0.8216656446456909,0.30533140897750854,0.16764622926712036,0.4511463940143585
1589.0,-2.5612316131591797,-2.5697410106658936,-2.223644256591797,0.1758538782596588,0.571031928062439,-1.68340265750885,0.8774881958961487,0.17976392805576324,-0.09144142270088196,0.8322722911834717,0.276329904794693,0.15143543481826782,0.45610523223876953
1590.0,-2.558724880218506,-2.5389132499694824,-2.1876280307769775,-0.04275953397154808,0.5712637305259705,-1.5031722784042358,0.8951705098152161,0.19394253194332123,-0.09605617821216583,0.8449119329452515,0.23671481013298035,0.1294059455394745,0.461891770362854
1591.0,-2.56074857711792,-2.521899461746216,-2.168168544769287,-0.14477011561393738,0.5753532648086548,-1.425154685974121,0.9051681756973267,0.1988457292318344,-0.09436959773302078,0.8500379323959351,0.21786242723464966,0.11906001716852188,0.46453869342803955
1592.0,-2.5640227794647217,-2.501103401184082,-2.1334803104400635,-0.3043075501918793,0.5874914526939392,-1.3006826639175415,0.9203212261199951,0.20656296610832214,-0.09418904781341553,0.8574081063270569,0.1868424117565155,0.10209911316633224,0.4685264527797699
1593.0,-2.5635111331939697,-2.5077707767486572,-2.1548993587493896,-0.215544193983078,0.5784261226654053,-1.3735185861587524,0.9123953580856323,0.20101237297058105,-0.09049326926469803,0.8530845642089844,0.20457370579242706,0.1119319424033165,0.4667629301548004
1594.0,-2.561098575592041,-2.537689447402954,-2.196460485458374,-0.005347505211830139,0.5685648918151855,-1.5386297702789307,0.8928675651550293,0.18973763287067413,-0.09009861201047897,0.8424506783485413,0.24369989335536957,0.13352429866790771,0.46158263087272644
1595.0,-2.562128782272339,-2.5468735694885254,-2.2102696895599365,0.0717826634645462,0.567077100276947,-1.602837324142456,0.8866137862205505,0.1844499558210373,-0.08726222068071365,0.8379098176956177,0.25766944885253906,0.14142724871635437,0.459904283285141
1596.0,-2.5635499954223633,-2.5218863487243652,-2.1839869022369385,-0.0790313109755516,0.5699489712715149,-1.4847279787063599,0.9005031585693359,0.19236528873443604,-0.08631962537765503,0.8461733460426331,0.23038262128829956,0.1262373924255371,0.4636578857898712
1597.0,-2.5652754306793213,-2.544703722000122,-2.216529607772827,0.1023990586400032,0.5665381550788879,-1.6342428922653198,0.8855336904525757,0.18052978813648224,-0.08119387179613113,0.8358480334281921,0.2633068859577179,0.14473019540309906,0.45943525433540344
1598.0,-2.5649752616882324,-2.5278103351593018,-2.199347496032715,-0.00438515841960907,0.5664300918579102,-1.5480985641479492,0.8944637179374695,0.18662773072719574,-0.08167669177055359,0.8418310284614563,0.24409595131874084,0.1340615153312683,0.46234747767448425
1599.0,-2.566490411758423,-2.5064857006073,-2.1717982292175293,-0.1478286236524582,0.5716584920883179,-1.4358127117156982,0.9079144597053528,0.19432640075683594,-0.08160154521465302,0.8492935299873352,0.21786905825138092,0.11948785930871964,0.46578559279441833
1600.0,-2.5693306922912598,-2.487041473388672,-2.1468353271484375,-0.27518418431282043,0.5789554119110107,-1.3371057510375977,0.9191989302635193,0.19939132034778595,-0.07929268479347229,0.8548994064331055,0.1935151368379593,0.10627014189958572,0.4694737493991852
1601.0,-2.5663182735443115,-2.4981672763824463,-2.152460813522339,-0.2383730411529541,0.5781407356262207,-1.360831618309021,0.9151873588562012,0.19986848533153534,-0.08485954999923706,0.8537117838859558,0.20039929449558258,0.10983961820602417,0.4679226577281952
1602.0,-2.570716142654419,-2.481943130493164,-2.1161186695098877,-0.38600635528564453,0.5940284132957458,-1.2465109825134277,0.9304251074790955,0.20668019354343414,-0.08531758189201355,0.8605007529258728,0.170662984251976,0.09338204562664032,0.4708422124385834
1603.0,-2.5746397972106934,-2.473097085952759,-2.0879065990448,-0.4871428608894348,0.6081616282463074,-1.1687469482421875,0.9416511654853821,0.21112550795078278,-0.08551792800426483,0.8645848631858826,0.14906661212444305,0.08153283596038818,0.47288963198661804
1604.0,-2.5789217948913574,-2.468698024749756,-2.053203821182251,-0.5980643033981323,0.628729522228241,-1.0804473161697388,0.953950047492981,0.21645855903625488,-0.08843324333429337,0.8687693476676941,0.1233312264084816,0.06741049885749817,0.4748527705669403
1605.0,-2.58520770072937,-2.4630911350250244,-2.0255398750305176,-0.6796424984931946,0.6457989811897278,-1.0201632976531982,0.9651379585266113,0.2184268832206726,-0.08673157542943954,0.8714978694915771,0.10333289951086044,0.05644543841481209,0.4760543406009674
1606.0,-2.59152889251709,-2.4618780612945557,-1.9917584657669067,-0.7694234251976013,0.6680551767349243,-0.9509640336036682,0.9775216579437256,0.22154052555561066,-0.08756107091903687,0.8739885091781616,0.07973703742027283,0.04355282709002495,0.4773775339126587
1607.0,-2.6064274311065674,-2.45939564704895,-1.9336926937103271,-0.9127161502838135,0.7113530039787292,-0.8432705402374268,0.9995456337928772,0.22305966913700104,-0.08467094600200653,0.8770382404327393,0.03775870054960251,0.020600251853466034,0.4784912168979645
1608.0,-2.5987703800201416,-2.456331968307495,-1.9669276475906372,-0.8400493860244751,0.6856840252876282,-0.8998619318008423,0.9873145222663879,0.22140131890773773,-0.08325163275003433,0.8752649426460266,0.060576293617486954,0.033129721879959106,0.47869035601615906
1609.0,-2.5858073234558105,-2.4569923877716064,-2.036231279373169,-0.6588641405105591,0.6381176114082336,-1.0409879684448242,0.962498664855957,0.21529240906238556,-0.08085170388221741,0.870373547077179,0.10936799645423889,0.059855956584215164,0.47634631395339966
1610.0,-2.5797886848449707,-2.4620025157928467,-2.0653939247131348,-0.5727346539497375,0.6202028393745422,-1.1056382656097412,0.9509428143501282,0.21271179616451263,-0.08147484064102173,0.8672223091125488,0.13020354509353638,0.07135625183582306,0.4752691984176636
1611.0,-2.575483798980713,-2.4696602821350098,-2.0988078117370605,-0.456460565328598,0.6014813184738159,-1.1972825527191162,0.9389013051986694,0.20777581632137299,-0.08033569157123566,0.863031268119812,0.1562141627073288,0.08556321263313293,0.4727083146572113
1612.0,-2.5815863609313965,-2.4543416500091553,-2.079202175140381,-0.5402889847755432,0.6110203862190247,-1.1383655071258545,0.9479973912239075,0.20795096457004547,-0.07304690778255463,0.865536093711853,0.13843689858913422,0.07602003961801529,0.47529301047325134
1613.0,-2.5849528312683105,-2.4518303871154785,-2.055129051208496,-0.6139699816703796,0.6254242062568665,-1.0803437232971191,0.95670485496521,0.21126170456409454,-0.07472546398639679,0.868304431438446,0.12115108966827393,0.06646943092346191,0.4763944447040558
1614.0,-2.594283103942871,-2.447460889816284,-2.006258964538574,-0.7511219382286072,0.6568282246589661,-0.9753239154815674,0.974949300289154,0.21566253900527954,-0.07505673170089722,0.8726587891578674,0.08656357228755951,0.047440093010663986,0.47824978828430176
1615.0,-2.6009411811828613,-2.4422852993011475,-1.9802733659744263,-0.8267273306846619,0.6745825409889221,-0.9195603132247925,0.9847209453582764,0.21615685522556305,-0.071438267827034,0.8740113973617554,0.06671659648418427,0.03663313761353493,0.4799072742462158
1616.0,-2.6079797744750977,-2.442075729370117,-1.9531577825546265,-0.8907586336135864,0.6950310468673706,-0.8714381456375122,0.9950788617134094,0.2167733609676361,-0.07050588726997375,0.875606894493103,0.04763266071677208,0.02610965259373188,0.47996047139167786
1617.0,-2.6062676906585693,-2.435974597930908,-1.9687461853027344,-0.862345278263092,0.6826945543289185,-0.8969531655311584,0.9901536703109741,0.21436986327171326,-0.06582015007734299,0.8745700120925903,0.057237107306718826,0.03144558519124985,0.4804813861846924
1618.0,-2.614564895629883,-2.4369730949401855,-1.9361366033554077,-0.9370696544647217,0.7086349129676819,-0.8397508263587952,1.0021960735321045,0.21510764956474304,-0.06516552716493607,0.8762496709823608,0.03398926928639412,0.018630431964993477,0.48029598593711853
1619.0,-2.6242127418518066,-2.439070463180542,-1.899225115776062,-1.0209728479385376,0.744493305683136,-0.7720760107040405,1.014474868774414,0.21549087762832642,-0.06446627527475357,0.8776846528053284,0.004596058279275894,0.0025094179436564445,0.4792100489139557
1620.0,-2.6403589248657227,-2.4461090564727783,-1.842721700668335,-1.137108325958252,0.8000660538673401,-0.6776100993156433,1.0333640575408936,0.21442072093486786,-0.06362968683242798,0.8772505521774292,-0.040309805423021317,-0.021956507116556168,0.4778331518173218
1621.0,-2.6517860889434814,-2.456183433532715,-1.802042007446289,-1.209783673286438,0.8400787115097046,-0.6163311004638672,1.046756386756897,0.2135837823152542,-0.06576588749885559,0.8751468062400818,-0.07162532955408096,-0.03903393819928169,0.476932168006897
1622.0,-2.6305432319641113,-2.4483582973480225,-1.8670254945755005,-1.080818772315979,0.7748426198959351,-0.7198135256767273,1.0245336294174194,0.2176484912633896,-0.06919844448566437,0.8779526352882385,-0.01883601024746895,-0.010260961018502712,0.47826680541038513
1623.0,-2.659392833709717,-2.470367431640625,-1.7705047130584717,-1.2454164028167725,0.8687455058097839,-0.5839366912841797,1.058698058128357,0.2147964984178543,-0.07236391305923462,0.8744528889656067,-0.0914512649178505,-0.049553535878658295,0.47382858395576477
1624.0,-2.6467785835266113,-2.464010715484619,-1.8067246675491333,-1.1873836517333984,0.833702564239502,-0.6290737390518188,1.0446007251739502,0.21741358935832977,-0.07409293949604034,0.8762362599372864,-0.06454058736562729,-0.035078950226306915,0.47624996304512024
1625.0,-2.634981632232666,-2.456963062286377,-1.8451184034347534,-1.116423487663269,0.7956038117408752,-0.6872099041938782,1.0314167737960815,0.21897830069065094,-0.07402770221233368,0.877816915512085,-0.0344008170068264,-0.01870858110487461,0.4773929715156555
1626.0,-2.6158089637756348,-2.450434923171997,-1.912873387336731,-0.9725605249404907,0.7287188768386841,-0.8037230372428894,1.008668303489685,0.21982042491436005,-0.07541371136903763,0.877448558807373,0.019898802042007446,0.010865830816328526,0.4791347086429596
1627.0,-2.599302053451538,-2.4500279426574707,-1.9745359420776367,-0.8304400444030762,0.6794475317001343,-0.9114044904708862,0.9855210185050964,0.2190162092447281,-0.07797794044017792,0.8745848536491394,0.06445430219173431,0.03532075136899948,0.4792696535587311
1628.0,-2.606461524963379,-2.4512593746185303,-1.9453630447387695,-0.8967609405517578,0.7017671465873718,-0.8606710433959961,0.9964857697486877,0.22009070217609406,-0.07815483212471008,0.8762816786766052,0.04417257383465767,0.024154098704457283,0.47916150093078613
1629.0,-2.614638090133667,-2.4576196670532227,-1.9071133136749268,-0.9754429459571838,0.732872724533081,-0.7973276376724243,1.0098494291305542,0.22233356535434723,-0.08123739808797836,0.8777276277542114,0.017831949517130852,0.009725881740450859,0.4787292182445526
1630.0,-2.629777193069458,-2.4643118381500244,-1.850977897644043,-1.0930259227752686,0.7880727648735046,-0.7011251449584961,1.0285454988479614,0.22242972254753113,-0.08158785104751587,0.8782662749290466,-0.026667427271604538,-0.014489800669252872,0.4772077798843384
1631.0,-2.619119882583618,-2.46724009513855,-1.8789535760879517,-1.0263135433197021,0.7588801980018616,-0.7516621947288513,1.0184015035629272,0.22530460357666016,-0.0874132290482521,0.8785055875778198,-0.0018660796340554953,-0.0010147655848413706,0.47772735357284546
1632.0,-2.600403308868408,-2.4655544757843018,-1.9468214511871338,-0.8745284676551819,0.7017212510108948,-0.8676833510398865,0.9933762550354004,0.2250615656375885,-0.09067382663488388,0.8766942024230957,0.04853426292538643,0.026454685255885124,0.47786176204681396
1633.0,-2.6097300052642822,-2.467430591583252,-1.9105960130691528,-0.9540138840675354,0.7297129034996033,-0.8073195219039917,1.007042407989502,0.22590689361095428,-0.09020113945007324,0.8779627084732056,0.023181993514299393,0.012621281668543816,0.4780008792877197
1634.0,-2.6264941692352295,-2.476151704788208,-1.8464211225509644,-1.0856682062149048,0.7901597619056702,-0.7001636624336243,1.0288418531417847,0.22665216028690338,-0.09178370237350464,0.8786154985427856,-0.0260530523955822,-0.014132602140307426,0.47660914063453674
1635.0,-2.6352438926696777,-2.474193811416626,-1.8254919052124023,-1.1326591968536377,0.8122109174728394,-0.6651451587677002,1.0368101596832275,0.22377696633338928,-0.08692224323749542,0.877984344959259,-0.04458742216229439,-0.02417284995317459,0.47599491477012634
1636.0,-2.648059606552124,-2.4764881134033203,-1.7918959856033325,-1.1932791471481323,0.8457138538360596,-0.6193511486053467,1.050138235092163,0.2204715460538864,-0.0828249529004097,0.8768948912620544,-0.07109692692756653,-0.03841804713010788,0.4738403260707855
1637.0,-2.6421151161193848,-2.4689903259277344,-1.81344735622406,-1.165401577949524,0.8257243037223816,-0.643104076385498,1.041799545288086,0.2202792912721634,-0.08001116663217545,0.877096951007843,-0.056810542941093445,-0.030827471986413002,0.47594475746154785
1638.0,-2.657343864440918,-2.4779038429260254,-1.7683112621307373,-1.2359611988067627,0.8692012429237366,-0.5874783992767334,1.0593992471694946,0.21762757003307343,-0.07912649214267731,0.8752979636192322,-0.08991648256778717,-0.04855518043041229,0.47266361117362976
1639.0,-2.6677348613739014,-2.480534315109253,-1.7447459697723389,-1.2739169597625732,0.8969555497169495,-0.556608259677887,1.0687177181243896,0.21397487819194794,-0.07635735720396042,0.8738843202590942,-0.11051662266254425,-0.05939652770757675,0.4696640968322754
1640.0,-2.681126356124878,-2.4850006103515625,-1.7144298553466797,-1.3201733827590942,0.932325005531311,-0.5184577703475952,1.0807077884674072,0.20904459059238434,-0.07318463921546936,0.8711738586425781,-0.13675251603126526,-0.07312534004449844,0.4658406972885132
1641.0,-2.677302598953247,-2.4908671379089355,-1.7172365188598633,-1.3041200637817383,0.9269654750823975,-0.5279583930969238,1.0796525478363037,0.21231013536453247,-0.07977426797151566,0.8726117610931396,-0.13118702173233032,-0.06994318217039108,0.465238481760025
1642.0,-2.686626672744751,-2.4963221549987793,-1.6941249370574951,-1.3350207805633545,0.9513211250305176,-0.5023229718208313,1.0890389680862427,0.20925705134868622,-0.07901288568973541,0.8703472018241882,-0.14925041794776917,-0.07931549102067947,0.46252477169036865
1643.0,-2.7014029026031494,-2.5079641342163086,-1.6587555408477783,-1.37404203414917,0.9927067756652832,-0.464741975069046,1.103451132774353,0.20436106622219086,-0.08095650374889374,0.8667744398117065,-0.1783577799797058,-0.09386445581912994,0.456157922744751
1644.0,-2.719277858734131,-2.514469623565674,-1.6232554912567139,-1.4220325946807861,1.0356476306915283,-0.42316934466362,1.1180205345153809,0.19575683772563934,-0.07677778601646423,0.8605220913887024,-0.21025560796260834,-0.11013124138116837,0.4507388174533844
1645.0,-2.696756362915039,-2.497478485107422,-1.6743611097335815,-1.3673968315124512,0.9752379655838013,-0.47659727931022644,1.096980333328247,0.20437315106391907,-0.07459874451160431,0.8673107624053955,-0.16756103932857513,-0.08891019225120544,0.4602070152759552
1646.0,-2.7108540534973145,-2.502094030380249,-1.6469584703445435,-1.4054579734802246,1.0108580589294434,-0.44267702102661133,1.107978343963623,0.19773532450199127,-0.07126616686582565,0.8629251718521118,-0.19353777170181274,-0.10215683281421661,0.4554857611656189
1647.0,-2.7406795024871826,-2.520888090133667,-1.585510015487671,-1.4722973108291626,1.0866620540618896,-0.3767271041870117,1.1334002017974854,0.18410034477710724,-0.07112444937229156,0.8516574501991272,-0.24756407737731934,-0.12894278764724731,0.4435824751853943
1648.0,-2.7540507316589355,-2.5264720916748047,-1.562011480331421,-1.5002260208129883,1.1187801361083984,-0.348906010389328,1.1430069208145142,0.1766640990972519,-0.06892812997102737,0.8453416228294373,-0.27065086364746094,-0.14044420421123505,0.43865862488746643
1649.0,-2.726372718811035,-2.508180618286133,-1.6159799098968506,-1.4468532800674438,1.0480237007141113,-0.4069737195968628,1.1205484867095947,0.19013617932796478,-0.06765307486057281,0.8568806648254395,-0.22103196382522583,-0.1163259968161583,0.45096415281295776
1650.0,-2.74897837638855,-2.518259048461914,-1.5751514434814453,-1.494627594947815,1.1038289070129395,-0.3591760993003845,1.1372509002685547,0.17821522057056427,-0.06460107117891312,0.8473073840141296,-0.26083096861839294,-0.13611407577991486,0.4421655535697937
1651.0,-2.720442533493042,-2.4989404678344727,-1.6330218315124512,-1.435528039932251,1.0307159423828125,-0.42043212056159973,1.1132861375808716,0.1915156990289688,-0.06349168717861176,0.858798623085022,-0.2093818634748459,-0.11075367778539658,0.4542662501335144
1652.0,-2.707965135574341,-2.4912192821502686,-1.6597206592559814,-1.4042127132415771,0.9972508549690247,-0.4505027234554291,1.1026208400726318,0.19676922261714935,-0.063763827085495,0.8631229400634766,-0.18569315969944,-0.09877312183380127,0.4591086804866791
1653.0,-2.6908066272735596,-2.4838998317718506,-1.6961112022399902,-1.3549104928970337,0.9535361528396606,-0.49306899309158325,1.088003396987915,0.20409248769283295,-0.06697028875350952,0.8681937456130981,-0.1537800282239914,-0.08228664845228195,0.46456456184387207
1654.0,-2.6739251613616943,-2.474519729614258,-1.7371083498001099,-1.2986303567886353,0.9075361490249634,-0.5408021807670593,1.0718082189559937,0.20969264209270477,-0.06855250149965286,0.8721468448638916,-0.12025024741888046,-0.06477412581443787,0.46979156136512756
1655.0,-2.661623001098633,-2.4643306732177734,-1.7708319425582886,-1.2556825876235962,0.8697505593299866,-0.5792067646980286,1.0586678981781006,0.21230456233024597,-0.06661156564950943,0.8736387491226196,-0.09380117058753967,-0.050969891250133514,0.47471970319747925
1656.0,-2.683176279067993,-2.47434139251709,-1.71888267993927,-1.3318387269973755,0.9297612905502319,-0.5152416825294495,1.0789083242416382,0.20537658035755157,-0.06365262717008591,0.8698540925979614,-0.13742436468601227,-0.07393356412649155,0.46797677874565125
1657.0,-2.6714537143707275,-2.465660572052002,-1.7490006685256958,-1.2932829856872559,0.894687831401825,-0.5500527620315552,1.0672191381454468,0.20853029191493988,-0.0627143606543541,0.8719165325164795,-0.11279529333114624,-0.06113108992576599,0.47254815697669983
1658.0,-2.663555145263672,-2.4532642364501953,-1.7764469385147095,-1.264811635017395,0.8664249777793884,-0.5776369571685791,1.0566086769104004,0.208539217710495,-0.05725293233990669,0.8726266622543335,-0.09388846158981323,-0.051271047443151474,0.47652801871299744
1659.0,-2.6751821041107178,-2.458965539932251,-1.746729850769043,-1.3094639778137207,0.8986124992370605,-0.5414690971374512,1.0681335926055908,0.205152228474617,-0.055520910769701004,0.8706129193305969,-0.11759509146213531,-0.06394409388303757,0.4734088182449341
1660.0,-2.6856439113616943,-2.4679503440856934,-1.7189912796020508,-1.343229055404663,0.930705726146698,-0.510325014591217,1.078871726989746,0.20257890224456787,-0.0572098009288311,0.868720531463623,-0.13985446095466614,-0.07552116364240646,0.4691075384616852
1661.0,-2.696547031402588,-2.4804513454437256,-1.6876142024993896,-1.3765757083892822,0.9643182754516602,-0.47866910696029663,1.0912587642669678,0.2003546804189682,-0.06094883009791374,0.8660135865211487,-0.1630840003490448,-0.08747509866952896,0.4645128846168518
1662.0,-2.711486577987671,-2.485764741897583,-1.657624363899231,-1.4181243181228638,1.0018221139907837,-0.4427401125431061,1.1032395362854004,0.19350700080394745,-0.05738909915089607,0.8614079356193542,-0.1904105544090271,-0.10163091123104095,0.4597732424736023
1663.0,-2.7366995811462402,-2.50628924369812,-1.6012108325958252,-1.4751695394515991,1.069889783859253,-0.3847302496433258,1.126247525215149,0.1833813637495041,-0.06060450151562691,0.8521307110786438,-0.23787233233451843,-0.12533241510391235,0.4489786624908447
1664.0,-2.766843795776367,-2.518190860748291,-1.54909086227417,-1.5385174751281738,1.1425853967666626,-0.32235074043273926,1.1471867561340332,0.1663903146982193,-0.054826799780130386,0.8373551964759827,-0.28969040513038635,-0.15156890451908112,0.4381125867366791
1665.0,-2.7561235427856445,-2.510230541229248,-1.570139765739441,-1.5188133716583252,1.1152546405792236,-0.3443961441516876,1.1385371685028076,0.17180557548999786,-0.053875286132097244,0.8428652882575989,-0.27075502276420593,-0.14223001897335052,0.44276461005210876
1666.0,-2.7436535358428955,-2.503715753555298,-1.5927133560180664,-1.4941149950027466,1.0840486288070679,-0.37023672461509705,1.1293762922286987,0.17842228710651398,-0.05484496429562569,0.8486915230751038,-0.24885012209415436,-0.13131161034107208,0.4478320777416229
1667.0,-2.728329658508301,-2.494499921798706,-1.622944951057434,-1.4614815711975098,1.0455803871154785,-0.4027061462402344,1.1169424057006836,0.18584303557872772,-0.05536137893795967,0.8549612760543823,-0.2216792106628418,-0.11769610643386841,0.4539244771003723
1668.0,-2.7007603645324707,-2.475950002670288,-1.683007001876831,-1.3932603597640991,0.9709842801094055,-0.4685591757297516,1.0929068326950073,0.1970757395029068,-0.054914381355047226,0.8642047643661499,-0.16934825479984283,-0.09110921621322632,0.4649414122104645
1669.0,-2.720032215118408,-2.4856014251708984,-1.6432583332061768,-1.4431442022323608,1.0211206674575806,-0.4229380786418915,1.1087827682495117,0.18860088288784027,-0.05260883644223213,0.858039379119873,-0.205079585313797,-0.10945747792720795,0.4579628109931946
1670.0,-2.6922450065612793,-2.4651381969451904,-1.7081924676895142,-1.3678193092346191,0.9441305994987488,-0.49332883954048157,1.0829920768737793,0.1986599713563919,-0.05130531266331673,0.8665425181388855,-0.1509784460067749,-0.08165500313043594,0.46865981817245483
1671.0,-2.706397533416748,-2.471571207046509,-1.6762981414794922,-1.4129685163497925,0.9810854196548462,-0.4556722640991211,1.095361590385437,0.19296810030937195,-0.04833533242344856,0.8620049357414246,-0.17801114916801453,-0.09598663449287415,0.4648076295852661
1672.0,-2.6831214427948,-2.455850601196289,-1.7333077192306519,-1.3392395973205566,0.915306568145752,-0.5205763578414917,1.0733189582824707,0.20070022344589233,-0.0488908477127552,0.8685340285301208,-0.131219282746315,-0.07139814645051956,0.47258085012435913
1673.0,-2.6716861724853516,-2.450624704360962,-1.7601782083511353,-1.300295114517212,0.8836801052093506,-0.5532927513122559,1.062894582748413,0.20458219945430756,-0.05065036192536354,0.8705732822418213,-0.10846374183893204,-0.05933583900332451,0.4762531518936157
1674.0,-2.65706729888916,-2.443589687347412,-1.802057147026062,-1.227407455444336,0.8420078158378601,-0.6105591058731079,1.0479227304458618,0.20833127200603485,-0.053661052137613297,0.874319314956665,-0.0758420005440712,-0.0414285734295845,0.4775954484939575
1675.0,-2.6507065296173096,-2.4322731494903564,-1.8303903341293335,-1.183016300201416,0.8147925138473511,-0.650830090045929,1.0389888286590576,0.20742855966091156,-0.048540402203798294,0.8759076595306396,-0.05544587969779968,-0.030278479680418968,0.4783249795436859
1676.0,-2.661001682281494,-2.4359748363494873,-1.800136923789978,-1.2419779300689697,0.8449801802635193,-0.6042695641517639,1.0492565631866455,0.20486558973789215,-0.04589115455746651,0.8736212849617004,-0.07991299033164978,-0.04372459277510643,0.4780040681362152
1677.0,-2.674842357635498,-2.444521427154541,-1.758493423461914,-1.314264178276062,0.8866333365440369,-0.5461744070053101,1.0635298490524292,0.2016189843416214,-0.04421328380703926,0.8694658875465393,-0.11234986782073975,-0.06164703145623207,0.47708094120025635
1678.0,-2.694013833999634,-2.4566049575805664,-1.7112603187561035,-1.377646565437317,0.9416189789772034,-0.49112144112586975,1.0817383527755737,0.19562631845474243,-0.043447885662317276,0.8654490113258362,-0.1512865275144577,-0.08224228769540787,0.47047486901283264
1679.0,-2.73117733001709,-2.426440715789795,-1.7318521738052368,-1.2468138933181763,1.0766644477844238,-0.5191735625267029,1.0905903577804565,0.17553241550922394,-0.02439482882618904,0.8917426466941833,-0.20863212645053864,-0.09148357808589935,0.39102229475975037
1680.0,-2.7591168880462646,-2.409703493118286,-1.7444441318511963,-1.1672409772872925,1.1728590726852417,-0.5071598291397095,1.0960800647735596,0.15983228385448456,-0.013518589548766613,0.9012552499771118,-0.25652334094047546,-0.09559325873851776,0.33585217595100403
1681.0,-2.782716989517212,-2.412719249725342,-1.7255357503890991,-1.1649360656738281,1.238310694694519,-0.4528971016407013,1.1086606979370117,0.14741457998752594,-0.01130643766373396,0.8942092657089233,-0.3047875165939331,-0.10577534884214401,0.31033197045326233
1682.0,-2.7466728687286377,-2.448850154876709,-1.6780003309249878,-1.3279526233673096,1.109043836593628,-0.45203229784965515,1.1098861694335938,0.170382559299469,-0.029978174716234207,0.8777859210968018,-0.24357280135154724,-0.11029776185750961,0.3974902927875519
1683.0,-2.7171270847320557,-2.469953775405884,-1.6634267568588257,-1.4270224571228027,1.0086336135864258,-0.4394613802433014,1.1017006635665894,0.18707413971424103,-0.04305741563439369,0.8610537648200989,-0.19602148234844208,-0.10415321588516235,0.4575086534023285
1684.0,-2.7349934577941895,-2.4881725311279297,-1.6162856817245483,-1.4851100444793701,1.0562306642532349,-0.38840922713279724,1.1191178560256958,0.1803627461194992,-0.046190518885850906,0.8513765335083008,-0.2311391532421112,-0.1233741044998169,0.45443540811538696
1685.0,-2.7463626861572266,-2.4980154037475586,-1.592512845993042,-1.5055819749832153,1.0869659185409546,-0.36458152532577515,1.1289968490600586,0.17543523013591766,-0.04852307215332985,0.8468768000602722,-0.2520669102668762,-0.13358107209205627,0.44879627227783203
1686.0,-2.765864133834839,-2.485088586807251,-1.5989270210266113,-1.4548442363739014,1.1459423303604126,-0.3628382384777069,1.1349509954452515,0.16325901448726654,-0.039497945457696915,0.8530687689781189,-0.28442466259002686,-0.13836875557899475,0.41500648856163025
1687.0,-2.7585105895996094,-2.4669716358184814,-1.6362839937210083,-1.3912832736968994,1.1340992450714111,-0.4024679362773895,1.1240270137786865,0.16590410470962524,-0.03439633920788765,0.8654654622077942,-0.2690392732620239,-0.12544704973697662,0.4035473167896271
1688.0,-2.7982258796691895,-2.4489424228668213,-1.6472810506820679,-1.2934825420379639,1.2566757202148438,-0.36680513620376587,1.1351839303970337,0.14177006483078003,-0.022127259522676468,0.8683409094810486,-0.341390460729599,-0.1316375583410263,0.33482566475868225
1689.0,-2.7767486572265625,-2.432090997695923,-1.6900148391723633,-1.2454921007156372,1.2092384099960327,-0.43139830231666565,1.1168758869171143,0.15299463272094727,-0.019039902836084366,0.8842584490776062,-0.29818594455718994,-0.11484324932098389,0.340563029050827
1690.0,-2.8022987842559814,-2.4161829948425293,-1.7105215787887573,-1.1620618104934692,1.2881419658660889,-0.4053242802619934,1.1190601587295532,0.13617518544197083,-0.010118412785232067,0.8854305744171143,-0.3443814516067505,-0.11313746869564056,0.29088494181632996
1691.0,-2.823913812637329,-2.4095988273620605,-1.7170737981796265,-1.1168429851531982,1.3507862091064453,-0.35571157932281494,1.123107671737671,0.1222597286105156,-0.005338984541594982,0.87666916847229,-0.3900994658470154,-0.11446540802717209,0.2572377026081085
1692.0,-2.8486437797546387,-2.3985838890075684,-1.7366851568222046,-1.0437935590744019,1.424225091934204,-0.28216278553009033,1.1234170198440552,0.10537079721689224,0.0007757067796774209,0.8605949878692627,-0.4484676718711853,-0.11153809726238251,0.21403802931308746
1693.0,-2.8620150089263916,-2.3996849060058594,-1.7345335483551025,-1.027569055557251,1.453299880027771,-0.23842674493789673,1.1279277801513672,0.09588639438152313,0.001264673424884677,0.8480064868927002,-0.4776339530944824,-0.11271396279335022,0.20011594891548157
1694.0,-2.863863229751587,-2.412114143371582,-1.705872893333435,-1.080405592918396,1.4476224184036255,-0.22851498425006866,1.1374356746673584,0.09555792063474655,-0.0027172148693352938,0.8422691822052002,-0.4788910448551178,-0.12232085317373276,0.2151367962360382
1695.0,-2.821714401245117,-2.4267971515655518,-1.6818467378616333,-1.1884231567382812,1.3338326215744019,-0.340835839509964,1.132812738418579,0.12535028159618378,-0.011563885025680065,0.8690743446350098,-0.38730260729789734,-0.1252695769071579,0.28109437227249146
1696.0,-2.836603879928589,-2.4302868843078613,-1.6714280843734741,-1.1855448484420776,1.366304874420166,-0.3037457764148712,1.1403390169143677,0.11541671305894852,-0.011377769522368908,0.8590966463088989,-0.4157417416572571,-0.1300346702337265,0.2687061131000519
1697.0,-2.8458869457244873,-2.4490506649017334,-1.6313762664794922,-1.2493705749511719,1.3768846988677979,-0.2650209963321686,1.154045820236206,0.11036310344934464,-0.016960803419351578,0.8441016674041748,-0.4330613911151886,-0.14431384205818176,0.28128936886787415
1698.0,-2.8265767097473145,-2.460636615753174,-1.6140600442886353,-1.3127080202102661,1.322751522064209,-0.29760462045669556,1.152655839920044,0.12436699122190475,-0.022852499037981033,0.8498014211654663,-0.3952711224555969,-0.14706599712371826,0.31618016958236694
1699.0,-2.7978038787841797,-2.4929897785186768,-1.5665597915649414,-1.4591811895370483,1.2287846803665161,-0.31117257475852966,1.1537175178527832,0.14457862079143524,-0.037428904324769974,0.8425385355949402,-0.3408176898956299,-0.15641003847122192,0.38666272163391113
1700.0,-2.7680749893188477,-2.5115134716033936,-1.5519143342971802,-1.5470527410507202,1.1421589851379395,-0.31975698471069336,1.145451307296753,0.1641533374786377,-0.048407990485429764,0.836094856262207,-0.2903654873371124,-0.15269508957862854,0.4396789073944092
1701.0,-2.7805569171905518,-2.521832227706909,-1.5291131734848022,-1.563340187072754,1.1737987995147705,-0.29661765694618225,1.1552547216415405,0.15758514404296875,-0.051252271980047226,0.8298699855804443,-0.3118700087070465,-0.1627562791109085,0.4330860674381256
1702.0,-2.794654130935669,-2.5264062881469727,-1.5098484754562378,-1.5819793939590454,1.2073156833648682,-0.27185824513435364,1.1635617017745972,0.14863230288028717,-0.04896150901913643,0.8222950100898743,-0.33493995666503906,-0.17354479432106018,0.4260614812374115
1703.0,-2.8211114406585693,-2.491217613220215,-1.5586113929748535,-1.4347565174102783,1.2923319339752197,-0.27507978677749634,1.1632765531539917,0.1296464502811432,-0.033718232065439224,0.8349827527999878,-0.3836609721183777,-0.1646992266178131,0.35844412446022034
1704.0,-2.8481767177581787,-2.476515054702759,-1.5773147344589233,-1.353134274482727,1.3650151491165161,-0.24053111672401428,1.1680519580841064,0.11000130325555801,-0.026065636426210403,0.8297470211982727,-0.4331023097038269,-0.16290484368801117,0.3120966851711273
1705.0,-2.8728902339935303,-2.4521079063415527,-1.6203715801239014,-1.233491063117981,1.4371647834777832,-0.19494779407978058,1.1644052267074585,0.09082814306020737,-0.015741456300020218,0.8219112157821655,-0.48501357436180115,-0.1518058180809021,0.25725239515304565
1706.0,-2.888542890548706,-2.4399056434631348,-1.6447612047195435,-1.1656619310379028,1.4769048690795898,-0.15586332976818085,1.1619127988815308,0.07790888100862503,-0.010603251866996288,0.8118460774421692,-0.5180711150169373,-0.14485320448875427,0.22699300944805145
1707.0,-2.9013102054595947,-2.437077522277832,-1.6508032083511353,-1.1376233100891113,1.5045636892318726,-0.11692561209201813,1.163394570350647,0.06759079545736313,-0.00890542846173048,0.7989480495452881,-0.5443681478500366,-0.14393764734268188,0.21125169098377228
1708.0,-2.8740737438201904,-2.469550609588623,-1.5853999853134155,-1.2998197078704834,1.4289634227752686,-0.18671691417694092,1.173677682876587,0.09066271036863327,-0.02158166840672493,0.8146190643310547,-0.48240184783935547,-0.1640721559524536,0.2770642936229706
1709.0,-2.884261131286621,-2.4738500118255615,-1.575461745262146,-1.3062012195587158,1.4487427473068237,-0.161054790019989,1.178745150566101,0.08293638378381729,-0.022314686328172684,0.8045766353607178,-0.4997929632663727,-0.1692354679107666,0.27243858575820923
1710.0,-2.91001033782959,-2.4445908069610596,-1.6346428394317627,-1.15931236743927,1.5155949592590332,-0.09471658617258072,1.169821858406067,0.06059957668185234,-0.011045056395232677,0.788496732711792,-0.5567638278007507,-0.15072961151599884,0.21346540749073029
1711.0,-2.9188249111175537,-2.4541845321655273,-1.6142687797546387,-1.1898229122161865,1.5234812498092651,-0.07770410180091858,1.17719566822052,0.05309155210852623,-0.0139323053881526,0.7787429094314575,-0.5660517811775208,-0.15901640057563782,0.2187660187482834
1712.0,-2.8986971378326416,-2.462803602218628,-1.5963153839111328,-1.2480522394180298,1.48427414894104,-0.12704840302467346,1.1771358251571655,0.07086430490016937,-0.01773812249302864,0.7952986359596252,-0.5292316675186157,-0.16379448771476746,0.24614080786705017
1713.0,-2.8932712078094482,-2.5019447803497314,-1.5191826820373535,-1.409510612487793,1.4536001682281494,-0.13299910724163055,1.1930307149887085,0.07652512937784195,-0.030797023326158524,0.7856556177139282,-0.5065988302230835,-0.19244055449962616,0.2984452247619629
1714.0,-2.8681724071502686,-2.516929864883423,-1.4965754747390747,-1.4879406690597534,1.3910256624221802,-0.1756705790758133,1.190697193145752,0.09651515632867813,-0.037454549223184586,0.7969452142715454,-0.4598466753959656,-0.19575774669647217,0.33926135301589966
1715.0,-2.8553173542022705,-2.494030714035034,-1.541864037513733,-1.4146616458892822,1.3741868734359741,-0.2115159034729004,1.1777805089950562,0.10574457794427872,-0.031059492379426956,0.8158489465713501,-0.44397827982902527,-0.17710019648075104,0.32543709874153137
1716.0,-2.826972723007202,-2.536118507385254,-1.4770838022232056,-1.590415120124817,1.2863543033599854,-0.22295820713043213,1.1811959743499756,0.127484992146492,-0.047798145562410355,0.8068433403968811,-0.38808009028434753,-0.19306795299053192,0.4014006555080414
1717.0,-2.847322940826416,-2.5458927154541016,-1.4519457817077637,-1.608014464378357,1.3325082063674927,-0.1876044124364853,1.1924177408218384,0.11329946666955948,-0.048597026616334915,0.7925887107849121,-0.41988927125930786,-0.2069854587316513,0.3907085657119751
1718.0,-2.8653626441955566,-2.564929962158203,-1.413041353225708,-1.6586915254592896,1.3705875873565674,-0.14898423850536346,1.2044295072555542,0.10061249881982803,-0.05281539633870125,0.7726197242736816,-0.445252001285553,-0.225967139005661,0.3921075463294983
1719.0,-2.8852174282073975,-2.5732622146606445,-1.3933814764022827,-1.6703628301620483,1.414414644241333,-0.11692588031291962,1.2131630182266235,0.08538831025362015,-0.05399974808096886,0.7567049860954285,-0.47412410378456116,-0.23898954689502716,0.3814287781715393
1720.0,-2.8482985496520996,-2.561424493789673,-1.4302256107330322,-1.6390326023101807,1.333168864250183,-0.17797808349132538,1.1976629495620728,0.11379047483205795,-0.05629698559641838,0.7863996028900146,-0.42027729749679565,-0.2133796364068985,0.39926406741142273
1721.0,-2.8766558170318604,-2.5758931636810303,-1.3977701663970947,-1.6584522724151611,1.3965270519256592,-0.1313430815935135,1.2120203971862793,0.09285128861665726,-0.05921848490834236,0.7645515203475952,-0.4624825119972229,-0.2323758900165558,0.38415151834487915
1722.0,-2.857781410217285,-2.569502115249634,-1.416914701461792,-1.6427842378616333,1.3555198907852173,-0.1622997373342514,1.2038524150848389,0.10743521898984909,-0.06011590734124184,0.7796218395233154,-0.43513816595077515,-0.21950145065784454,0.3932730555534363
1723.0,-2.8351125717163086,-2.56152081489563,-1.4418680667877197,-1.6213099956512451,1.304841160774231,-0.200612410902977,1.193283200263977,0.12425433844327927,-0.061437640339136124,0.7965331673622131,-0.40092164278030396,-0.20346136391162872,0.40422797203063965
1724.0,-2.8117802143096924,-2.5501322746276855,-1.4737805128097534,-1.5945218801498413,1.251809000968933,-0.2410091757774353,1.179672360420227,0.14022347331047058,-0.061544980853796005,0.812375009059906,-0.3645806908607483,-0.18634222447872162,0.41521602869033813
1725.0,-2.8211891651153564,-2.5501720905303955,-1.4637631177902222,-1.6100754737854004,1.2721805572509766,-0.22411036491394043,1.1834629774093628,0.1331106275320053,-0.05741267278790474,0.8057024478912354,-0.3788452446460724,-0.19374637305736542,0.4120466709136963
1726.0,-2.8110110759735107,-2.5424842834472656,-1.4792985916137695,-1.6017813682556152,1.247579574584961,-0.24150508642196655,1.1765085458755493,0.13942764699459076,-0.0548824779689312,0.8119785189628601,-0.362261563539505,-0.18646939098834991,0.41795527935028076
1727.0,-2.8009698390960693,-2.5357537269592285,-1.4944437742233276,-1.5922232866287231,1.2238775491714478,-0.25838568806648254,1.1697607040405273,0.14569516479969025,-0.05327089503407478,0.8177904486656189,-0.34611815214157104,-0.17921562492847443,0.4234415888786316
1728.0,-2.800391435623169,-2.5419766902923584,-1.49098801612854,-1.5850287675857544,1.2244622707366943,-0.2602465748786926,1.1719106435775757,0.14725521206855774,-0.05905011668801308,0.8188794851303101,-0.346002459526062,-0.17824077606201172,0.42184019088745117
1729.0,-2.7743799686431885,-2.528425931930542,-1.5327068567276,-1.5443227291107178,1.163191318511963,-0.3088655173778534,1.1546015739440918,0.16323602199554443,-0.060123343020677567,0.834170401096344,-0.30329447984695435,-0.15739578008651733,0.4328957796096802
1730.0,-2.787266254425049,-2.536844491958618,-1.5109742879867554,-1.5625803470611572,1.1948943138122559,-0.28457510471343994,1.1637765169143677,0.1558162420988083,-0.06125282868742943,0.8271061778068542,-0.3251515328884125,-0.16772857308387756,0.42666053771972656
1731.0,-2.761533498764038,-2.5242536067962646,-1.5525789260864258,-1.5204683542251587,1.133750319480896,-0.3334794044494629,1.1464697122573853,0.17122016847133636,-0.06294849514961243,0.8409819006919861,-0.2822452485561371,-0.14687296748161316,0.4376247227191925
1732.0,-2.7684524059295654,-2.533881187438965,-1.5366908311843872,-1.527036428451538,1.15250563621521,-0.32076728343963623,1.153594970703125,0.1684478372335434,-0.06777676939964294,0.8380874991416931,-0.29474878311157227,-0.15230204164981842,0.43305498361587524
1733.0,-2.7853360176086426,-2.5420212745666504,-1.5100164413452148,-1.5536450147628784,1.192958116531372,-0.2885221242904663,1.1646939516067505,0.15822015702724457,-0.06681115925312042,0.828815221786499,-0.3230823278427124,-0.16591347754001617,0.4256240427494049
1734.0,-2.7957992553710938,-2.546401262283325,-1.4938057661056519,-1.5711736679077148,1.2162338495254517,-0.26936641335487366,1.17142915725708,0.1514425426721573,-0.06533358991146088,0.8224935531616211,-0.33962810039520264,-0.1741325855255127,0.4217051565647125
1735.0,-2.8110549449920654,-2.5575382709503174,-1.4699398279190063,-1.5851556062698364,1.252713918685913,-0.24314726889133453,1.182126760482788,0.14209644496440887,-0.06862728297710419,0.8137592673301697,-0.3645804226398468,-0.18506436049938202,0.4130716919898987
1736.0,-2.8247742652893066,-2.562497138977051,-1.4521794319152832,-1.602739691734314,1.2837131023406982,-0.218827024102211,1.1895568370819092,0.13250380754470825,-0.0670539140701294,0.8044630885124207,-0.38604676723480225,-0.19531726837158203,0.40701162815093994
1737.0,-2.8526394367218018,-2.573126792907715,-1.4192161560058594,-1.6315081119537354,1.3453483581542969,-0.17155151069164276,1.2036124467849731,0.11212394386529922,-0.06551143527030945,0.7843406796455383,-0.42819854617118835,-0.21507281064987183,0.3939535915851593
1738.0,-2.8690545558929443,-2.579449415206909,-1.4009590148925781,-1.6465654373168945,1.3807448148727417,-0.1444568783044815,1.2114123106002808,0.09961172193288803,-0.0649595707654953,0.7714940905570984,-0.45206618309020996,-0.22633889317512512,0.3862689435482025
1739.0,-2.8837170600891113,-2.583700656890869,-1.3882653713226318,-1.6556650400161743,1.4128228425979614,-0.12039274722337723,1.216993808746338,0.08800206333398819,-0.06444092094898224,0.7595630288124084,-0.47335824370384216,-0.23593629896640778,0.37858957052230835
1740.0,-2.8952596187591553,-2.5888314247131348,-1.3772226572036743,-1.6612021923065186,1.4381828308105469,-0.10141170024871826,1.2219657897949219,0.07895662635564804,-0.06563782691955566,0.749779999256134,-0.49000030755996704,-0.2432606965303421,0.37222835421562195
1741.0,-2.908947706222534,-2.5917835235595703,-1.3670997619628906,-1.669580101966858,1.4669239521026611,-0.07943015545606613,1.2262728214263916,0.0675404742360115,-0.0645332783460617,0.7376099228858948,-0.5086845755577087,-0.25209224224090576,0.36554235219955444
1742.0,-2.9150962829589844,-2.5978617668151855,-1.3603861331939697,-1.6659413576126099,1.480633020401001,-0.06962399929761887,1.229933500289917,0.06291316449642181,-0.06892113387584686,0.7326722145080566,-0.5177929401397705,-0.2549110949039459,0.3606969118118286
1743.0,-2.9030745029449463,-2.595588207244873,-1.3678582906723022,-1.660713791847229,1.4544954299926758,-0.08963637053966522,1.2266850471496582,0.07298151403665543,-0.06957770884037018,0.743728756904602,-0.5009714961051941,-0.24726833403110504,0.3670879006385803
1744.0,-2.8766252994537354,-2.5874764919281006,-1.3909192085266113,-1.6438411474227905,1.3981359004974365,-0.13281257450580597,1.2166602611541748,0.09440142661333084,-0.0702505111694336,0.7663518190383911,-0.46376076340675354,-0.23016232252120972,0.38033685088157654
1745.0,-2.8872625827789307,-2.5948305130004883,-1.3791090250015259,-1.6454174518585205,1.4220229387283325,-0.11543475836515427,1.2223790884017944,0.08645697683095932,-0.0738992691040039,0.7580008506774902,-0.4796874225139618,-0.2363417148590088,0.3734666109085083
1746.0,-2.874634265899658,-2.5938308238983154,-1.3884657621383667,-1.6339651346206665,1.3947480916976929,-0.13701680302619934,1.2186636924743652,0.09688998013734818,-0.0768900066614151,0.7690407037734985,-0.46160808205604553,-0.2275497317314148,0.37909865379333496
1747.0,-2.883395195007324,-2.6001734733581543,-1.3784962892532349,-1.634879469871521,1.4141991138458252,-0.12284437566995621,1.2235475778579712,0.09034901857376099,-0.08016429096460342,0.7623618245124817,-0.4747181236743927,-0.2324879914522171,0.3733583688735962
1748.0,-2.8606951236724854,-2.592048406600952,-1.4001036882400513,-1.6207976341247559,1.364821195602417,-0.1607135534286499,1.2138750553131104,0.10819084197282791,-0.07986567169427872,0.7805112600326538,-0.4413869082927704,-0.2179172784090042,0.3853464424610138
1749.0,-2.844322919845581,-2.584850549697876,-1.4192370176315308,-1.6068378686904907,1.3301268815994263,-0.18748623132705688,1.2053804397583008,0.12057960778474808,-0.07958418130874634,0.7925549745559692,-0.41744479537010193,-0.20715346932411194,0.39329877495765686
1750.0,-2.8311431407928467,-2.582345485687256,-1.4325261116027832,-1.5921733379364014,1.3008214235305786,-0.2107996791601181,1.1998791694641113,0.13063935935497284,-0.08218599110841751,0.8023510575294495,-0.3972313106060028,-0.19764699041843414,0.39921900629997253
1751.0,-2.803870916366577,-2.565112829208374,-1.472808599472046,-1.5651344060897827,1.239501953125,-0.2572701573371887,1.1819370985031128,0.14884009957313538,-0.07860404998064041,0.8195499777793884,-0.3545217514038086,-0.17872881889343262,0.41316846013069153
1752.0,-2.8219845294952393,-2.5733065605163574,-1.4480154514312744,-1.5867114067077637,1.2798938751220703,-0.2257329672574997,1.1926835775375366,0.1363857090473175,-0.07803307473659515,0.8079745769500732,-0.38282519578933716,-0.1917845606803894,0.4047723114490509
1753.0,-2.854675054550171,-2.584352970123291,-1.410373568534851,-1.62139093875885,1.3516571521759033,-0.16954900324344635,1.2087244987487793,0.11210504919290543,-0.07513022422790527,0.7842406630516052,-0.4323321580886841,-0.2148517221212387,0.389736145734787
1754.0,-2.8404083251953125,-2.576045513153076,-1.428235650062561,-1.6115726232528687,1.3195743560791016,-0.19341866672039032,1.2006800174713135,0.12233293801546097,-0.07291308790445328,0.7944939732551575,-0.4105018079280853,-0.2054225355386734,0.39757922291755676
1755.0,-2.829491138458252,-2.569434881210327,-1.4425126314163208,-1.6036759614944458,1.2947055101394653,-0.21166729927062988,1.194232702255249,0.12991486489772797,-0.07111436128616333,0.8018482327461243,-0.3935144245624542,-0.19810044765472412,0.4036611318588257
1756.0,-2.8190083503723145,-2.5658011436462402,-1.4562113285064697,-1.5894291400909424,1.2724061012268066,-0.2296212613582611,1.1884819269180298,0.13750191032886505,-0.07264990359544754,0.8091061115264893,-0.3778526186943054,-0.1904451996088028,0.40780550241470337
1757.0,-2.789116144180298,-2.5492429733276367,-1.5003529787063599,-1.5545378923416138,1.203147530555725,-0.28233811259269714,1.1692681312561035,0.15684214234352112,-0.07124775648117065,0.8272153735160828,-0.3297838270664215,-0.16846957802772522,0.4225817918777466
1758.0,-2.775329828262329,-2.5423526763916016,-1.5224370956420898,-1.5327856540679932,1.1711899042129517,-0.3081061542034149,1.1599705219268799,0.16535501182079315,-0.07198329269886017,0.835020124912262,-0.30720144510269165,-0.15760798752307892,0.4284023940563202
1759.0,-2.750084161758423,-2.5307111740112305,-1.5648250579833984,-1.4870519638061523,1.1119048595428467,-0.35749685764312744,1.142263650894165,0.18015192449092865,-0.0746287852525711,0.8478508591651917,-0.26483631134033203,-0.13696011900901794,0.4384661614894867
1760.0,-2.7629237174987793,-2.541377067565918,-1.5388083457946777,-1.508682370185852,1.1434168815612793,-0.33231255412101746,1.1534335613250732,0.17376019060611725,-0.07695771008729935,0.8418887257575989,-0.2870153486728668,-0.14746436476707458,0.4325503706932068
1761.0,-2.740236520767212,-2.5286805629730225,-1.5808100700378418,-1.464694619178772,1.0898499488830566,-0.3777708411216736,1.1357297897338867,0.18609903752803802,-0.0780349150300026,0.8525677919387817,-0.24846723675727844,-0.12864208221435547,0.44141072034835815
1762.0,-2.7762980461120605,-2.5513906478881836,-1.5151954889297485,-1.5261344909667969,1.1769165992736816,-0.3070177435874939,1.1636615991592407,0.16645510494709015,-0.07948443293571472,0.8353703618049622,-0.3101928234100342,-0.15796871483325958,0.42542052268981934
1763.0,-2.7883992195129395,-2.5584473609924316,-1.4949342012405396,-1.5443118810653687,1.204155683517456,-0.28517046570777893,1.1724450588226318,0.15904763340950012,-0.07965191453695297,0.8287547826766968,-0.32962870597839355,-0.16713431477546692,0.42021021246910095
1764.0,-2.7598578929901123,-2.5460047721862793,-1.5396482944488525,-1.4981046915054321,1.13850998878479,-0.33886924386024475,1.153477668762207,0.17678765952587128,-0.08242519944906235,0.8440051078796387,-0.2827272415161133,-0.14476661384105682,0.43216121196746826
1765.0,-2.747426986694336,-2.5393412113189697,-1.5625079870224,-1.4735945463180542,1.109355092048645,-0.36397749185562134,1.143873691558838,0.18367533385753632,-0.0832928791642189,0.8500649333000183,-0.26163309812545776,-0.13446083664894104,0.43687301874160767
1766.0,-2.7233948707580566,-2.525125503540039,-1.6080509424209595,-1.4272863864898682,1.0496598482131958,-0.41372427344322205,1.1246063709259033,0.19576868414878845,-0.08316075056791306,0.8595262765884399,-0.2191530466079712,-0.11407527327537537,0.4474073648452759
1767.0,-2.734839916229248,-2.5333304405212402,-1.5855076313018799,-1.447792410850525,1.0800942182540894,-0.3894827663898468,1.1341204643249512,0.1905226856470108,-0.08468816429376602,0.855518102645874,-0.24027960002422333,-0.12401572614908218,0.4415593445301056
1768.0,-2.764765501022339,-2.5555591583251953,-1.5270315408706665,-1.4988075494766235,1.1533448696136475,-0.3301846385002136,1.1593037843704224,0.17533530294895172,-0.08857281506061554,0.8424199223518372,-0.2922341525554657,-0.14836391806602478,0.427686870098114
1769.0,-2.780296802520752,-2.559913158416748,-1.5042394399642944,-1.5261704921722412,1.1875475645065308,-0.300994336605072,1.1689367294311523,0.16516883671283722,-0.08495300263166428,0.8340240120887756,-0.3171846270561218,-0.16047237813472748,0.42195555567741394
1770.0,-2.7933218479156494,-2.567065477371216,-1.482823371887207,-1.546112060546875,1.2169129848480225,-0.2770637571811676,1.1781309843063354,0.15701943635940552,-0.0847664326429367,0.8265414237976074,-0.3381662666797638,-0.17038878798484802,0.41646191477775574
1771.0,-2.810393810272217,-2.573547124862671,-1.4603639841079712,-1.566813349723816,1.2558457851409912,-0.24663622677326202,1.1878712177276611,0.14537134766578674,-0.08342182636260986,0.816223680973053,-0.3655400574207306,-0.18286103010177612,0.40831512212753296
1772.0,-2.819584608078003,-2.5809097290039062,-1.4454853534698486,-1.5747846364974976,1.2762510776519775,-0.23149676620960236,1.1946702003479004,0.13945335149765015,-0.08592021465301514,0.8107577562332153,-0.37983444333076477,-0.1889657825231552,0.40334802865982056
1773.0,-2.805351495742798,-2.578679084777832,-1.462376356124878,-1.553083062171936,1.246154546737671,-0.2569386661052704,1.187678575515747,0.15004949271678925,-0.09019429236650467,0.8203572034835815,-0.3582029938697815,-0.1783761978149414,0.4085175693035126
1774.0,-2.821789503097534,-2.5890750885009766,-1.4375275373458862,-1.570284366607666,1.282295823097229,-0.22896826267242432,1.1987992525100708,0.13902641832828522,-0.09222084283828735,0.8102319240570068,-0.383756160736084,-0.18963006138801575,0.40036970376968384
1775.0,-2.8394312858581543,-2.596278667449951,-1.4162629842758179,-1.5872105360031128,1.321139931678772,-0.19855253398418427,1.2081928253173828,0.12613050639629364,-0.09194053709506989,0.7981614470481873,-0.4109492301940918,-0.20165246725082397,0.39165717363357544
1776.0,-2.8508615493774414,-2.6007795333862305,-1.4031637907028198,-1.5973087549209595,1.3452905416488647,-0.17957672476768494,1.2140477895736694,0.117436982691288,-0.09173528850078583,0.7899991273880005,-0.42786654829978943,-0.20912955701351166,0.386130154132843
1777.0,-2.862352132797241,-2.602945327758789,-1.3915225267410278,-1.6107169389724731,1.369372010231018,-0.15975137054920197,1.2188429832458496,0.10826810449361801,-0.08924712240695953,0.7808048725128174,-0.4445466697216034,-0.21720585227012634,0.38150185346603394
1778.0,-2.8324670791625977,-2.589021921157837,-1.4271169900894165,-1.5863487720489502,1.3051731586456299,-0.2094670683145523,1.202884554862976,0.1306353658437729,-0.08785098046064377,0.8022869825363159,-0.39995962381362915,-0.19770735502243042,0.3965851366519928
1779.0,-2.849273204803467,-2.5933079719543457,-1.4094315767288208,-1.6037107706069946,1.341322898864746,-0.18072329461574554,1.210490107536316,0.11772831529378891,-0.08548084646463394,0.7900425791740417,-0.4251469671726227,-0.20930178463459015,0.38894152641296387
1780.0,-2.870436191558838,-2.600276231765747,-1.387444019317627,-1.6219090223312378,1.3865454196929932,-0.145183727145195,1.220080018043518,0.10122261196374893,-0.08426209539175034,0.7736295461654663,-0.4561831057071686,-0.22337289154529572,0.3788124620914459
1781.0,-2.8824217319488525,-2.60657000541687,-1.375167965888977,-1.626074194908142,1.4123013019561768,-0.12576231360435486,1.2259100675582886,0.09189056605100632,-0.0864792987704277,0.7643738389015198,-0.4737181067466736,-0.23041841387748718,0.3717944920063019
1782.0,-2.8990108966827393,-2.612657308578491,-1.3596999645233154,-1.6361273527145386,1.4466633796691895,-0.09872136265039444,1.2328001260757446,0.0783190056681633,-0.08686915785074234,0.7503650188446045,-0.49687108397483826,-0.2407015562057495,0.36350274085998535
1783.0,-2.9084055423736572,-2.619274139404297,-1.3508027791976929,-1.6339871883392334,1.467336893081665,-0.08317210525274277,1.2373985052108765,0.0709216371178627,-0.09099511057138443,0.7426269054412842,-0.5107648372650146,-0.24546381831169128,0.35689231753349304
1784.0,-2.8845555782318115,-2.615290403366089,-1.3681299686431885,-1.6177090406417847,1.4168603420257568,-0.12387572228908539,1.2300598621368408,0.09103313833475113,-0.09397304803133011,0.7640619277954102,-0.47715580463409424,-0.22999423742294312,0.36828604340553284
1785.0,-2.857168674468994,-2.6088783740997314,-1.3922065496444702,-1.5968118906021118,1.3591901063919067,-0.1700308918952942,1.219477653503418,0.11333668977022171,-0.09672505408525467,0.7861127257347107,-0.4375118017196655,-0.2123166173696518,0.3814864158630371
1786.0,-2.8718621730804443,-2.6122026443481445,-1.3790013790130615,-1.608720302581787,1.3905484676361084,-0.14491784572601318,1.2252483367919922,0.10150208324193954,-0.09503049403429031,0.7744397521018982,-0.4591207206249237,-0.22196583449840546,0.3744095265865326
1787.0,-2.8888964653015137,-2.6220011711120605,-1.3607561588287354,-1.6141866445541382,1.4260085821151733,-0.11762697994709015,1.2339740991592407,0.08804597705602646,-0.09886907041072845,0.7613328695297241,-0.4836053252220154,-0.23155227303504944,0.36452940106391907
1788.0,-2.902491569519043,-2.6241085529327393,-1.350813388824463,-1.6240031719207764,1.4547990560531616,-0.09413164108991623,1.2381508350372314,0.07654989510774612,-0.09695474803447723,0.7490432858467102,-0.502852201461792,-0.24043112993240356,0.3581436276435852
1789.0,-2.9170706272125244,-2.6247003078460693,-1.3429996967315674,-1.633037805557251,1.4849203824996948,-0.06959450244903564,1.241392970085144,0.06374981999397278,-0.09410756081342697,0.7354816794395447,-0.5227349400520325,-0.24972403049468994,0.35135868191719055
1790.0,-2.9421603679656982,-2.629387855529785,-1.3287642002105713,-1.6424446105957031,1.5374999046325684,-0.0270567424595356,1.247602105140686,0.04185919091105461,-0.09319247305393219,0.7109344005584717,-0.5565962791442871,-0.26498425006866455,0.3384615480899811
1791.0,-2.931225061416626,-2.6254711151123047,-1.3353171348571777,-1.6423680782318115,1.514180302619934,-0.04572957381606102,1.2443957328796387,0.051252562552690506,-0.09141497313976288,0.7215531468391418,-0.5415395498275757,-0.2589477300643921,0.3450247645378113
1792.0,-2.9524128437042236,-2.628504753112793,-1.3261427879333496,-1.647088646888733,1.5586873292922974,-0.009820539504289627,1.2485053539276123,0.032496970146894455,-0.0908021479845047,0.7002311944961548,-0.5697479844093323,-0.271507203578949,0.33368754386901855
1793.0,-2.956399917602539,-2.6359140872955322,-1.3203333616256714,-1.6388798952102661,1.566007137298584,-0.003937008325010538,1.2520734071731567,0.02931419387459755,-0.09730880707502365,0.6975056529045105,-0.5753271579742432,-0.2718191146850586,0.3295435905456543
1794.0,-2.9677629470825195,-2.637582540512085,-1.3158087730407715,-1.6412239074707031,1.5893187522888184,0.01524069532752037,1.2540082931518555,0.0190325565636158,-0.09713082760572433,0.6854655146598816,-0.5897451639175415,-0.27849382162094116,0.323695570230484
1795.0,-2.9852845668792725,-2.6370503902435303,-1.313645362854004,-1.6429786682128906,1.6258145570755005,0.0453094057738781,1.2548234462738037,0.002861184533685446,-0.09526069462299347,0.6659769415855408,-0.6116153597831726,-0.288883239030838,0.31455978751182556
1796.0,-2.9743566513061523,-2.6336231231689453,-1.316852331161499,-1.6477868556976318,1.6036676168441772,0.026839232072234154,1.2528736591339111,0.01279987022280693,-0.09257818758487701,0.6773947477340698,-0.5977225303649902,-0.2837049663066864,0.3215208351612091
1797.0,-2.964089870452881,-2.630621910095215,-1.3212586641311646,-1.6487799882888794,1.5824787616729736,0.009495498612523079,1.2507046461105347,0.021987516433000565,-0.09102651476860046,0.6881957650184631,-0.5845872163772583,-0.2781915068626404,0.32749640941619873
1798.0,-2.9837300777435303,-2.6303555965423584,-1.3179243803024292,-1.651798129081726,1.6239980459213257,0.043248869478702545,1.2519381046295166,0.0040702237747609615,-0.08889442682266235,0.6662819981575012,-0.6092822551727295,-0.290134996175766,0.31727781891822815
1799.0,-2.942331314086914,-2.6215949058532715,-1.3334797620773315,-1.6526490449905396,1.5380878448486328,-0.02619481459259987,1.2443965673446655,0.041089389473199844,-0.08567174524068832,0.7094024419784546,-0.5560663342475891,-0.26715928316116333,0.34082886576652527
1800.0,-2.9255287647247314,-2.619342088699341,-1.3420441150665283,-1.6458696126937866,1.5026569366455078,-0.0545479953289032,1.240793228149414,0.05580119416117668,-0.08697391301393509,0.7261708974838257,-0.5336301922798157,-0.2566964328289032,0.3493158519268036
1801.0,-2.9138166904449463,-2.6134238243103027,-1.3516541719436646,-1.6451009511947632,1.4788379669189453,-0.07307183742523193,1.2360668182373047,0.06564442068338394,-0.08414815366268158,0.7363895773887634,-0.517767608165741,-0.25047871470451355,0.35624080896377563
1802.0,-2.90453839302063,-2.6082990169525146,-1.3594976663589478,-1.645336389541626,1.4584373235702515,-0.08860664069652557,1.2321641445159912,0.07310567051172256,-0.08142085373401642,0.7444760799407959,-0.5042924880981445,-0.24538560211658478,0.3622574508190155
1803.0,-2.894038200378418,-2.6049623489379883,-1.3680602312088013,-1.6400957107543945,1.4361741542816162,-0.10594949871301651,1.2283453941345215,0.08176922053098679,-0.08125730603933334,0.7536844611167908,-0.48956048488616943,-0.23886770009994507,0.36773979663848877
1804.0,-2.912400484085083,-2.603447675704956,-1.3584198951721191,-1.6568666696548462,1.4752031564712524,-0.07462169975042343,1.2317169904708862,0.06582880020141602,-0.07493056356906891,0.7361689805984497,-0.5147438049316406,-0.2518048584461212,0.36012277007102966
1805.0,-2.9211955070495605,-2.6083133220672607,-1.351027488708496,-1.6568264961242676,1.494259238243103,-0.060134824365377426,1.2353671789169312,0.05869418755173683,-0.07749367505311966,0.7283371686935425,-0.5272024869918823,-0.25664791464805603,0.3545624017715454
1806.0,-2.9295005798339844,-2.6134252548217773,-1.3436907529830933,-1.6563373804092407,1.5110760927200317,-0.047224294394254684,1.2390519380569458,0.051778171211481094,-0.0803532600402832,0.7211169600486755,-0.5383539199829102,-0.26087677478790283,0.3494405746459961
1807.0,-2.9406538009643555,-2.6153547763824463,-1.3377747535705566,-1.6602658033370972,1.534505009651184,-0.028725290670990944,1.241599440574646,0.04205789044499397,-0.07990416884422302,0.710095226764679,-0.553146481513977,-0.2677215039730072,0.3436843454837799
1808.0,-2.959994077682495,-2.6168229579925537,-1.330915093421936,-1.6653751134872437,1.5756245851516724,0.0038257369305938482,1.2444394826889038,0.0249028317630291,-0.07835489511489868,0.6899222135543823,-0.5783814191818237,-0.2796516716480255,0.33358246088027954
1809.0,-2.9540183544158936,-2.6208817958831787,-1.3302966356277466,-1.6577216386795044,1.5629206895828247,-0.00629444932565093,1.245485544204712,0.030574779957532883,-0.0832078605890274,0.6970097422599792,-0.5712593793869019,-0.2747304141521454,0.33520635962486267
1810.0,-2.969637393951416,-2.624234199523926,-1.3234890699386597,-1.6594799757003784,1.5945634841918945,0.01905803568661213,1.2485800981521606,0.016554366797208786,-0.08398822695016861,0.6809393167495728,-0.590817391872406,-0.2835926413536072,0.3268512487411499
1811.0,-2.9798381328582764,-2.6244075298309326,-1.321922779083252,-1.6598012447357178,1.616410732269287,0.036635756492614746,1.2492603063583374,0.007324844133108854,-0.08336358517408371,0.6695950627326965,-0.6037933230400085,-0.2896493375301361,0.32121551036834717
1812.0,-2.9920477867126465,-2.6265127658843994,-1.3194506168365479,-1.6569596529006958,1.6415889263153076,0.057167746126651764,1.25062894821167,-0.0037994482554495335,-0.08467873930931091,0.6562591195106506,-0.6188979744911194,-0.29612699151039124,0.3140033483505249
1813.0,-3.0020508766174316,-2.626248598098755,-1.3186448812484741,-1.6577394008636475,1.6618951559066772,0.07351671159267426,1.2507972717285156,-0.013117805123329163,-0.08378559350967407,0.6448408365249634,-0.6304656863212585,-0.30206379294395447,0.30895107984542847
1814.0,-3.0276389122009277,-2.6248414516448975,-1.3211665153503418,-1.6525267362594604,1.714015245437622,0.11599898338317871,1.2495898008346558,-0.037130143493413925,-0.08277658373117447,-0.6148263812065125,0.6595091819763184,0.3163355588912964,-0.29490333795547485
1815.0,-3.037734031677246,-2.619654893875122,-1.3255887031555176,-1.6557939052581787,1.7371197938919067,0.13366743922233582,1.2468549013137817,-0.04644061252474785,-0.07811769098043442,-0.6010669469833374,0.67052161693573,0.32381895184516907,-0.29027679562568665
1816.0,-3.0196542739868164,-2.6205742359161377,-1.3228271007537842,-1.6611539125442505,1.698460578918457,0.10231034457683563,1.2481170892715454,-0.029759325087070465,-0.07835685461759567,-0.6235617399215698,0.6499847769737244,0.3134620785713196,-0.300719290971756
1817.0,-2.99937105178833,-2.6199498176574707,-1.3227083683013916,-1.666015863418579,1.6576136350631714,0.06922318786382675,1.2480531930923462,-0.010827800258994102,-0.07785402983427048,0.6466898322105408,-0.6267967224121094,-0.3025040626525879,0.3121049106121063
1818.0,-3.00921893119812,-2.6184840202331543,-1.322892665863037,-1.668104887008667,1.6777361631393433,0.08500219136476517,1.247573733329773,-0.020041916519403458,-0.0759047344326973,-0.6351426243782043,0.6377728581428528,0.3087264895439148,-0.30745330452919006
1819.0,-2.987717866897583,-2.6190476417541504,-1.3243730068206787,-1.6668857336044312,1.6339322328567505,0.050240449607372284,1.2473082542419434,-9.292781032854691e-05,-0.07770330458879471,0.6596661806106567,-0.6130576133728027,-0.2959532141685486,0.31845349073410034
1820.0,-2.9474174976348877,-2.6118886470794678,-1.3377363681793213,-1.6671940088272095,1.5492504835128784,-0.016939828172326088,1.2409626245498657,0.03580121323466301,-0.0755261778831482,0.7024210095405579,-0.5617827773094177,-0.2729717493057251,0.34130826592445374
1821.0,-2.933018684387207,-2.60648512840271,-1.3461555242538452,-1.6678866147994995,1.5185414552688599,-0.04073714464902878,1.2367640733718872,0.0480731837451458,-0.0728352963924408,0.7163228988647461,-0.5422812104225159,-0.26503613591194153,0.3500978350639343
1822.0,-2.96340274810791,-2.6123080253601074,-1.3325774669647217,-1.6727573871612549,1.5830897092819214,0.009650018066167831,1.242884635925293,0.021537289023399353,-0.0734420120716095,0.6854225993156433,-0.5821645259857178,-0.28312742710113525,0.333345502614975
1823.0,-2.9734103679656982,-2.614351749420166,-1.3285900354385376,-1.6735776662826538,1.6034269332885742,0.025664877146482468,1.2446911334991455,0.01256086677312851,-0.07396139204502106,0.6749908924102783,-0.5944806337356567,-0.2888365387916565,0.3279535174369812
1824.0,-2.9949262142181396,-2.6134798526763916,-1.3269963264465332,-1.674538016319275,1.649865746498108,0.06226243078708649,1.24516761302948,-0.006916156504303217,-0.07184653729200363,0.6504049301147461,-0.6211129426956177,-0.3019832968711853,0.31622499227523804
1825.0,-2.980938196182251,-2.6111958026885986,-1.329689860343933,-1.6775974035263062,1.6199193000793457,0.03846155107021332,1.2437034845352173,0.005596708040684462,-0.07045996934175491,0.6660791635513306,-0.6036380529403687,-0.29421523213386536,0.32464924454689026
1826.0,-2.991042137145996,-2.608119249343872,-1.3305089473724365,-1.6817708015441895,1.6419196128845215,0.055413804948329926,1.2427644729614258,-0.003683601040393114,-0.0668560341000557,0.6540641188621521,-0.6156948208808899,-0.30121368169784546,0.31998491287231445
1827.0,-2.9694223403930664,-2.607717514038086,-1.3334749937057495,-1.6814149618148804,1.5958280563354492,0.019445976242423058,1.2415335178375244,0.015796352177858353,-0.06801968067884445,0.6780992746353149,-0.5889583230018616,-0.28830868005752563,0.3319452404975891
1828.0,-2.9535272121429443,-2.603555917739868,-1.3407691717147827,-1.6805579662322998,1.5625067949295044,-0.006410876289010048,1.2381505966186523,0.029728177934885025,-0.0664949119091034,0.6945611238479614,-0.5687369108200073,-0.27913597226142883,0.34089043736457825
1829.0,-2.9399192333221436,-2.601558208465576,-1.34618079662323,-1.6783255338668823,1.5331065654754639,-0.029062671586871147,1.2357436418533325,0.04155897721648216,-0.06664945185184479,0.7084625363349915,-0.5507120490074158,-0.2708714008331299,0.3484620153903961
1830.0,-2.9260904788970947,-2.5958502292633057,-1.3560289144515991,-1.6764765977859497,1.5042235851287842,-0.05103600397706032,1.2310752868652344,0.05321701243519783,-0.06432192772626877,0.7214218378067017,-0.5323419570922852,-0.26297512650489807,0.3563799560070038
1831.0,-2.9486446380615234,-2.597489833831787,-1.3458161354064941,-1.6868616342544556,1.5519603490829468,-0.014407197944819927,1.2350578308105469,0.03354218974709511,-0.061350081115961075,0.6987557411193848,-0.5616756677627563,-0.2775523364543915,0.34529057145118713
1832.0,-2.9368832111358643,-2.5942444801330566,-1.351561427116394,-1.6867213249206543,1.5268075466156006,-0.033462848514318466,1.2322477102279663,0.04362008348107338,-0.06008894369006157,0.7102338075637817,-0.546012818813324,-0.2708187699317932,0.35227128863334656
1833.0,-2.9641098976135254,-2.5992000102996826,-1.3400719165802002,-1.690670371055603,1.5853321552276611,0.0111238993704319,1.2373850345611572,0.02002059668302536,-0.060575906187295914,0.6823734641075134,-0.58156418800354,-0.28727900981903076,0.337076336145401
1834.0,-2.9791529178619385,-2.5989489555358887,-1.3369908332824707,-1.6944115161895752,1.6171480417251587,0.03541698306798935,1.2383829355239868,0.006514381151646376,-0.058590639382600784,0.6659156084060669,-0.5999586582183838,-0.2967943549156189,0.32942265272140503
1835.0,-2.993901491165161,-2.603264093399048,-1.3330601453781128,-1.688501000404358,1.6484086513519287,0.05989958718419075,1.2407687902450562,-0.006522428710013628,-0.06193206086754799,0.6499892473220825,-0.6184685826301575,-0.30440494418144226,0.3199191391468048
1836.0,-3.009798288345337,-2.601710796356201,-1.3329609632492065,-1.6904356479644775,1.681746244430542,0.08538360148668289,1.2403234243392944,-0.021103857085108757,-0.05963587388396263,-0.6314297914505005,0.6365648508071899,0.3143802285194397,-0.311844140291214
1837.0,-3.022460699081421,-2.5990090370178223,-1.3360142707824707,-1.6889780759811401,1.7095952033996582,0.10678836703300476,1.2387388944625854,-0.032658860087394714,-0.057518068701028824,-0.6158342361450195,0.6511828899383545,0.32223957777023315,-0.30474719405174255
1838.0,-3.0006256103515625,-2.5925934314727783,-1.3436564207077026,-1.6827726364135742,1.6628966331481934,0.07186988741159439,1.2371242046356201,-0.013122513890266418,-0.05404238775372505,0.6428155303001404,-0.6274408102035522,-0.3069465160369873,0.3144678771495819
1839.0,-3.0086829662323,-2.565490484237671,-1.3922170400619507,-1.5854090452194214,1.6781387329101562,0.09752819687128067,1.2299259901046753,-0.021671777591109276,-0.04605017974972725,-0.642343282699585,0.6500952243804932,0.28874537348747253,-0.2853022813796997
1840.0,-2.9826300144195557,-2.5519888401031494,-1.416782021522522,-1.5446186065673828,1.621250867843628,0.04884454980492592,1.2253046035766602,0.0007496154867112637,-0.042381469160318375,0.6792184114456177,-0.6214610934257507,-0.26356786489486694,0.2880633771419525
1841.0,-2.9742605686187744,-2.5265793800354004,-1.4650981426239014,-1.4493553638458252,1.608128309249878,0.0417955107986927,1.216856598854065,0.007534469943493605,-0.03496219590306282,0.6963181495666504,-0.6228323578834534,-0.23779256641864777,0.26584887504577637
1842.0,-2.9616661071777344,-2.535276174545288,-1.448798418045044,-1.4902929067611694,1.5807359218597412,0.010415867902338505,1.2184053659439087,0.018881116062402725,-0.03792055323719978,0.708416223526001,-0.5998870134353638,-0.24030886590480804,0.2837846279144287
1843.0,-2.968355894088745,-2.579998254776001,-1.3666229248046875,-1.6503252983093262,1.5946604013442993,0.019541095942258835,1.2320648431777954,0.015283506363630295,-0.05091900750994682,0.6828725934028625,-0.5919550061225891,-0.28041505813598633,0.3234836459159851
1844.0,-2.95363450050354,-2.5919713973999023,-1.347447156906128,-1.6962018013000488,1.562694787979126,-0.006127652712166309,1.2332693338394165,0.02869592234492302,-0.0551825650036335,0.6925997734069824,-0.5673789381980896,-0.2822585999965668,0.34455323219299316
1845.0,-2.9404780864715576,-2.569840669631958,-1.3871426582336426,-1.627953290939331,1.536444902420044,-0.028817499056458473,1.2256258726119995,0.03932614251971245,-0.048911694437265396,0.7145642638206482,-0.5573570728302002,-0.2600281536579132,0.33337128162384033
1846.0,-2.925898551940918,-2.5867087841033936,-1.3614790439605713,-1.6882400512695312,1.5029854774475098,-0.051120150834321976,1.2272560596466064,0.05242360755801201,-0.055530134588479996,0.7202974557876587,-0.5308296084403992,-0.2649100422859192,0.35946378111839294
1847.0,-2.9151649475097656,-2.5869622230529785,-1.3667532205581665,-1.6801683902740479,1.479957103729248,-0.0687529444694519,1.2254525423049927,0.06168883666396141,-0.05839240923523903,0.7309026122093201,-0.516575276851654,-0.25742480158805847,0.36423051357269287
1848.0,-2.906665325164795,-2.5680794715881348,-1.3959754705429077,-1.641638159751892,1.463435411453247,-0.08599581569433212,1.2178939580917358,0.0678209587931633,-0.05028180405497551,0.7439451813697815,-0.5080959796905518,-0.24478939175605774,0.35841628909111023
1849.0,-2.9240379333496094,-2.544969081878662,-1.4342098236083984,-1.5488145351409912,1.5031368732452393,-0.06355632841587067,1.2152611017227173,0.052101392298936844,-0.04234125092625618,0.7412992119789124,-0.5407453775405884,-0.23430386185646057,0.32120344042778015
1850.0,-2.953320026397705,-2.510866165161133,-1.4965330362319946,-1.3974668979644775,1.5690886974334717,-0.002058633603155613,1.2090599536895752,0.02547721192240715,-0.03080642595887184,0.7255220413208008,-0.5987074375152588,-0.2159973382949829,0.2617485821247101
1851.0,-2.9405908584594727,-2.4964632987976074,-1.5260062217712402,-1.3453205823898315,1.5486067533493042,-0.028853701427578926,1.2017899751663208,0.03624469414353371,-0.026811320334672928,0.7440071105957031,-0.585455060005188,-0.1991344839334488,0.25306376814842224
1852.0,-2.931389331817627,-2.487009048461914,-1.545541763305664,-1.3138470649719238,1.534584403038025,-0.04919905588030815,1.1960889101028442,0.04395567253232002,-0.02417861297726631,0.7564470767974854,-0.5747637152671814,-0.18884539604187012,0.24853959679603577
1853.0,-2.9179952144622803,-2.5013606548309326,-1.5173075199127197,-1.3848768472671509,1.5049968957901,-0.07931280136108398,1.199218511581421,0.056166235357522964,-0.02920897677540779,0.7642549872398376,-0.5480287075042725,-0.19811300933361053,0.2762790322303772
1854.0,-2.910104513168335,-2.478384256362915,-1.5640146732330322,-1.2985857725143433,1.497867226600647,-0.09989719837903976,1.187624454498291,0.061879854649305344,-0.022330839186906815,0.7802035808563232,-0.5428025126457214,-0.17754556238651276,0.2551971971988678
1855.0,-2.926347255706787,-2.465230703353882,-1.5906223058700562,-1.229257583618164,1.5332781076431274,-0.05810529366135597,1.1845670938491821,0.047312553972005844,-0.017249006778001785,0.7674733400344849,-0.5752422213554382,-0.16972310841083527,0.2264402061700821
1856.0,-2.9419329166412354,-2.4590487480163574,-1.6043272018432617,-1.1877195835113525,1.5600905418395996,-0.017910167574882507,1.1839083433151245,0.032811421900987625,-0.014682802371680737,0.7524656653404236,-0.6024595499038696,-0.16634729504585266,0.20776605606079102
1857.0,-2.9515674114227295,-2.467867612838745,-1.5854312181472778,-1.2180043458938599,1.574516773223877,0.005948412232100964,1.1898897886276245,0.024770814925432205,-0.017261285334825516,0.7389368414878845,-0.6147236824035645,-0.17640885710716248,0.21205462515354156
1858.0,-2.961420774459839,-2.4670603275299072,-1.587548017501831,-1.2074378728866577,1.5884568691253662,0.02881784550845623,1.190490961074829,0.015307195484638214,-0.016780037432909012,0.7284868359565735,-0.6289612054824829,-0.1774306297302246,0.20550689101219177
1859.0,-2.9676191806793213,-2.4862141609191895,-1.5469495058059692,-1.2846941947937012,1.5976974964141846,0.03883937746286392,1.2005611658096313,0.011132299900054932,-0.022808391600847244,0.716278076171875,-0.6308048367500305,-0.19720324873924255,0.22392408549785614
1860.0,-2.9781408309936523,-2.4817750453948975,-1.5565229654312134,-1.2604856491088867,1.6142499446868896,0.0652945339679718,1.1991448402404785,0.0008448394946753979,-0.02118435874581337,0.7049410939216614,-0.6474067568778992,-0.19595235586166382,0.21336641907691956
1861.0,-2.987428665161133,-2.5008301734924316,-1.517172932624817,-1.335539698600769,1.6309915781021118,0.0804314836859703,1.2081520557403564,-0.006275226827710867,-0.027071181684732437,0.6885925531387329,-0.6525470614433289,-0.21754305064678192,0.22955971956253052
1862.0,-2.9994072914123535,-2.49977707862854,-1.5198514461517334,-1.3253778219223022,1.6513664722442627,0.10934192687273026,1.208082914352417,-0.01756521500647068,-0.026611316949129105,0.6737061738967896,-0.6693678498268127,-0.2207183688879013,0.22214888036251068
1863.0,-2.987337589263916,-2.4612083435058594,-1.6017338037490845,-1.1658848524093628,1.62760329246521,0.09965503960847855,1.18880033493042,-0.00970243476331234,-0.014393317513167858,0.6968012452125549,-0.669745147228241,-0.17790549993515015,0.1850924789905548
1864.0,-2.9970240592956543,-2.458946704864502,-1.6074342727661133,-1.1506686210632324,1.6416069269180298,0.12739340960979462,1.1876866817474365,-0.019178520888090134,-0.013520496897399426,-0.6839417815208435,0.6846868991851807,0.1781805008649826,-0.17798659205436707
1865.0,-2.9913628101348877,-2.441284418106079,-1.649540901184082,-1.0653917789459229,1.6299092769622803,0.12362039089202881,1.176815152168274,-0.015935253351926804,-0.008102062158286572,0.6940400004386902,-0.6848919987678528,-0.15584971010684967,0.1579313725233078
1866.0,-2.9880268573760986,-2.4216268062591553,-1.7011690139770508,-0.9558030962944031,1.6221140623092651,0.13296301662921906,1.1628471612930298,-0.01539386622607708,-0.001924800919368863,0.6989112496376038,-0.6911976933479309,-0.12921734154224396,0.13065938651561737
1867.0,-2.979118824005127,-2.425001382827759,-1.6910470724105835,-0.9808536171913147,1.6151059865951538,0.10903000086545944,1.1653622388839722,-0.005731882061809301,-0.003093886421993375,0.709289014339447,-0.6781923770904541,-0.13286879658699036,0.13896112143993378
1868.0,-2.9719045162200928,-2.429931402206421,-1.6771047115325928,-1.014154076576233,1.607959270477295,0.08555673807859421,1.1687474250793457,0.0021358556114137173,-0.004755872301757336,0.7182146906852722,-0.6653193831443787,-0.13846983015537262,0.1494787037372589
1869.0,-2.97773814201355,-2.4460954666137695,-1.6366567611694336,-1.0973258018493652,1.6131048202514648,0.08354897797107697,1.1797146797180176,-0.002063699532300234,-0.009747463278472424,0.7114350199699402,-0.663149356842041,-0.1585836112499237,0.17013050615787506
1870.0,-2.9708240032196045,-2.455916404724121,-1.6128424406051636,-1.1497507095336914,1.6052004098892212,0.0619785375893116,1.1852973699569702,0.005821512546390295,-0.012890595011413097,0.7178114056587219,-0.6494643688201904,-0.168323814868927,0.18603752553462982
1871.0,-2.9613683223724365,-2.4442684650421143,-1.6396501064300537,-1.1004067659378052,1.592895746231079,0.04326736927032471,1.1775585412979126,0.013709492981433868,-0.009435507468879223,0.7312014102935791,-0.6407657861709595,-0.15423262119293213,0.17600052058696747
1872.0,-2.953045129776001,-2.4395592212677,-1.6503043174743652,-1.0836067199707031,1.5847582817077637,0.028095753863453865,1.173844575881958,0.021552659571170807,-0.008095371536910534,0.7403008937835693,-0.6322159171104431,-0.14845514297485352,0.17383535206317902
1873.0,-2.933903932571411,-2.441070795059204,-1.6444728374481201,-1.113025426864624,1.5556399822235107,-0.028669502586126328,1.172309398651123,0.03923335298895836,-0.009039449505507946,0.7635564208030701,-0.5991601347923279,-0.1486574113368988,0.18944570422172546
1874.0,-2.944732189178467,-2.4323525428771973,-1.6670360565185547,-1.0561039447784424,1.5741283893585205,0.007021043449640274,1.1681138277053833,0.028538305312395096,-0.006035405211150646,0.7518636584281921,-0.6216199994087219,-0.14002332091331482,0.16936136782169342
1875.0,-2.959494113922119,-2.417292833328247,-1.7093702554702759,-0.9526252746582031,1.5994361639022827,0.07437706738710403,1.1585254669189453,0.01344248652458191,-0.0008789628627710044,0.7298415899276733,-0.6586819291114807,-0.12257213890552521,0.13581402599811554
1876.0,-2.966675043106079,-2.4094464778900146,-1.7333449125289917,-0.8978058695793152,1.605208396911621,0.10069457441568375,1.1519099473953247,0.004846017342060804,0.0015403598081320524,0.7209903597831726,-0.6732038259506226,-0.11207783967256546,0.12003354728221893
1877.0,-2.9482109546661377,-2.4138195514678955,-1.716267466545105,-0.9482702016830444,1.5904850959777832,0.05132710188627243,1.154744029045105,0.024409834295511246,4.024505687993951e-05,0.7416829466819763,-0.6455268263816833,-0.11962615698575974,0.1374453753232956
1878.0,-2.9387624263763428,-2.4151296615600586,-1.7103649377822876,-0.9699825644493103,1.5795470476150513,0.021710330620408058,1.154876947402954,0.033681731671094894,-0.0005508243921212852,0.7535682916641235,-0.6291854977607727,-0.12204363197088242,0.1461702436208725
1879.0,-2.927562952041626,-2.4322521686553955,-1.66470205783844,-1.0783882141113281,1.5513665676116943,-0.038904931396245956,1.1655280590057373,0.044576626271009445,-0.006424653343856335,0.7708880305290222,-0.5941516160964966,-0.14016102254390717,0.18185333907604218
1880.0,-2.9157843589782715,-2.421321153640747,-1.6892751455307007,-1.0420199632644653,1.5426596403121948,-0.059652019292116165,1.1558820009231567,0.054846618324518204,-0.003235909389331937,0.7829492092132568,-0.582356333732605,-0.13055239617824554,0.17552123963832855
1881.0,-2.9194583892822266,-2.404550552368164,-1.7326476573944092,-0.9484179615974426,1.5643625259399414,-0.016428887844085693,1.1435747146606445,0.0512087456882,0.002448183251544833,0.7729417681694031,-0.606736421585083,-0.11457481980323792,0.14596067368984222
1882.0,-2.905231237411499,-2.4105629920959473,-1.713878870010376,-1.0058528184890747,1.5322537422180176,-0.08655701577663422,1.1460108757019043,0.06316825747489929,-0.00010262728028465062,0.7961183786392212,-0.5681782960891724,-0.12097670137882233,0.16950978338718414
1883.0,-2.88720703125,-2.423304319381714,-1.6811294555664062,-1.0956480503082275,1.48785400390625,-0.15493756532669067,1.1512351036071777,0.07845057547092438,-0.0050391582772135735,0.816119372844696,-0.5235826969146729,-0.1320582777261734,0.2058420181274414
1884.0,-2.8642594814300537,-2.4397993087768555,-1.6471179723739624,-1.1928855180740356,1.4237419366836548,-0.2259790152311325,1.1550060510635376,0.09630216658115387,-0.01228261273354292,0.8347223997116089,-0.4693980813026428,-0.1411307156085968,0.2509703040122986
1885.0,-2.873302698135376,-2.4139699935913086,-1.7020719051361084,-1.0737699270248413,1.4652844667434692,-0.2008284032344818,1.141323447227478,0.08845977485179901,-0.002789485501125455,0.833297610282898,-0.4972287714481354,-0.12380697578191757,0.2074861228466034
1886.0,-2.892596960067749,-2.4053866863250732,-1.7243338823318481,-1.002345085144043,1.5132118463516235,-0.12828007340431213,1.1395444869995117,0.07319575548171997,0.0010688125621527433,0.8120511770248413,-0.5444507598876953,-0.11700676381587982,0.17451618611812592
1887.0,-2.913949966430664,-2.39411997795105,-1.7587820291519165,-0.9043903946876526,1.5657703876495361,-0.013988541439175606,1.1334340572357178,0.055450450628995895,0.005611893720924854,0.7757617831230164,-0.6072412729263306,-0.1057814434170723,0.13513770699501038
1888.0,-2.9073493480682373,-2.3884170055389404,-1.7715872526168823,-0.8894174098968506,1.5619291067123413,-0.025300277397036552,1.1271668672561646,0.060918841511011124,0.007256072945892811,0.7818836569786072,-0.600424587726593,-0.10218477994203568,0.1330668181180954
1889.0,-2.88895320892334,-2.393235921859741,-1.7531344890594482,-0.9522056579589844,1.5219932794570923,-0.1194075495004654,1.1288081407546997,0.07604390382766724,0.005013761110603809,0.8127433657646179,-0.5496114492416382,-0.10829805582761765,0.1601468324661255
1890.0,-2.903815984725952,-2.381059408187866,-1.7897834777832031,-0.861118495464325,1.5662040710449219,-0.013876632787287235,1.119349479675293,0.06373906880617142,0.009519082494080067,0.7804099917411804,-0.6046820282936096,-0.09746050089597702,0.12578368186950684
1891.0,-2.917879104614258,-2.3736841678619385,-1.8165796995162964,-0.7924301028251648,1.6022121906280518,0.11287884414196014,1.1120551824569702,0.05185062065720558,0.012302947230637074,0.7368892431259155,-0.6622697710990906,-0.09065516293048859,0.10086949169635773
1892.0,-2.919445276260376,-2.3802201747894287,-1.800297498703003,-0.8160738945007324,1.5938359498977661,0.07870309799909592,1.1196002960205078,0.05047061666846275,0.010232609696686268,0.7472233772277832,-0.6492092609405518,-0.09318003058433533,0.10724785923957825
1893.0,-2.9247171878814697,-2.3746273517608643,-1.8155649900436401,-0.790287971496582,1.603171706199646,0.11729402840137482,1.1133615970611572,0.04461215063929558,0.011997592635452747,0.7332242727279663,-0.6665347814559937,-0.09053023904561996,0.09958816319704056
1894.0,-2.929955005645752,-2.372795343399048,-1.8201788663864136,-0.7842265963554382,1.6033905744552612,0.119598887860775,1.1113929748535156,0.03834462910890579,0.01249669212847948,0.7308729290962219,-0.6694321036338806,-0.08982334285974503,0.09806738793849945
1895.0,-2.939831256866455,-2.377317190170288,-1.8120180368423462,-0.7864813208580017,1.6053541898727417,0.1274171769618988,1.1168196201324463,0.02871907874941826,0.011176479049026966,0.7248965501785278,-0.6760092377662659,-0.09031666070222855,0.09684813767671585
1896.0,-2.933297872543335,-2.3779447078704834,-1.809747576713562,-0.7913378477096558,1.6048527956008911,0.12401857227087021,1.117404580116272,0.036104489117860794,0.01101790089160204,0.7280954122543335,-0.6722560524940491,-0.09088410437107086,0.09843318909406662
1897.0,-2.927368640899658,-2.3840136528015137,-1.7934106588363647,-0.8179416656494141,1.6001936197280884,0.10074122995138168,1.1240909099578857,0.04349944368004799,0.009166759438812733,0.7371543049812317,-0.6606892943382263,-0.0946083664894104,0.105557881295681
1898.0,-2.9406070709228516,-2.3842380046844482,-1.7968083620071411,-0.8014101982116699,1.606981873512268,0.1299484223127365,1.1246981620788574,0.02970951795578003,0.009152633138000965,0.7233307957649231,-0.6770181655883789,-0.09279197454452515,0.09913958609104156
1899.0,-2.9518253803253174,-2.384063720703125,-1.7991160154342651,-0.7931100130081177,1.6074464321136475,0.13478685915470123,1.1246846914291382,0.017110735177993774,0.009174746461212635,0.718184232711792,-0.6830645799636841,-0.0915173590183258,0.09622270613908768
1900.0,-2.947185516357422,-2.3877129554748535,-1.7903964519500732,-0.8038524985313416,1.6080538034439087,0.13400597870349884,1.128755807876587,0.023244019597768784,0.008121025748550892,0.7196910977363586,-0.6809204816818237,-0.0932057797908783,0.09851277619600296
1901.0,-2.9389264583587646,-2.392700433731079,-1.7737748622894287,-0.8407852053642273,1.600294828414917,0.09680449217557907,1.1339826583862305,0.03246544301509857,0.006516304798424244,0.7339314818382263,-0.6629903316497803,-0.0989471822977066,0.10953470319509506
1902.0,-2.9307711124420166,-2.394652843475342,-1.7640856504440308,-0.8714868426322937,1.5907772779464722,0.06065564230084419,1.1354151964187622,0.04058215022087097,0.005774182267487049,0.7475346326828003,-0.6450225114822388,-0.10357803851366043,0.12003947794437408
1903.0,-2.9353017807006836,-2.404982805252075,-1.736907720565796,-0.9199538230895996,1.583189606666565,0.033995043486356735,1.1457514762878418,0.0363684706389904,0.0025727569591253996,0.7529643774032593,-0.6346561908721924,-0.11210338026285172,0.13300088047981262
1904.0,-2.9499053955078125,-2.399149179458618,-1.7594009637832642,-0.8568136096000671,1.6012979745864868,0.09725146740674973,1.141232967376709,0.021522551774978638,0.0045893313363194466,0.7295895218849182,-0.6668611168861389,-0.10230755805969238,0.11193112283945084
1905.0,-2.957815408706665,-2.393960952758789,-1.777995228767395,-0.8116501569747925,1.6092233657836914,0.1372891217470169,1.135998249053955,0.012739881873130798,0.006300074048340321,0.7147837281227112,-0.6858945488929749,-0.09451083838939667,0.09849152714014053
1906.0,-2.961733341217041,-2.4017603397369385,-1.7555667161941528,-0.8536508083343506,1.606894850730896,0.1167241632938385,1.1443414688110352,0.009433578699827194,0.0038925528060644865,0.7190076112747192,-0.6786700487136841,-0.10281334817409515,0.10892418771982193
1907.0,-2.9744224548339844,-2.4042062759399414,-1.7510392665863037,-0.8550738096237183,1.6114370822906494,0.13154947757720947,1.1470564603805542,-0.003923818934708834,0.003230613423511386,0.7093775272369385,-0.6887393593788147,-0.10430680960416794,0.10743237286806107
1908.0,-2.967921495437622,-2.3949344158172607,-1.7780301570892334,-0.8043094277381897,1.6094987392425537,0.14168551564216614,1.1371934413909912,0.0014993487857282162,0.006022450514137745,0.7101227045059204,-0.6913217902183533,-0.09306597709655762,0.09559695422649384
1909.0,-2.9629437923431396,-2.3871614933013916,-1.7947773933410645,-0.7893139719963074,1.608291745185852,0.14062874019145966,1.1282963752746582,0.005367980804294348,0.008267921395599842,0.7125906348228455,-0.6893587708473206,-0.09065257012844086,0.0937076136469841
1910.0,-2.970072031021118,-2.3877012729644775,-1.7952824831008911,-0.7832415103912354,1.608410358428955,0.1439492553472519,1.1289085149765015,-0.0025518801994621754,0.00812260527163744,0.7092362642288208,-0.6932674646377563,-0.0894193947315216,0.0914791151881218
1911.0,-2.96623158454895,-2.378934144973755,-1.8125286102294922,-0.7731225490570068,1.6076421737670898,0.14199461042881012,1.1188538074493408,-0.0001184870270662941,0.010697019286453724,0.7113657593727112,-0.6912405490875244,-0.08854961395263672,0.09112770855426788
1912.0,-2.972602367401123,-2.3817172050476074,-1.8076967000961304,-0.773648202419281,1.6082866191864014,0.14534638822078705,1.122005581855774,-0.0066038197837769985,0.009884950704872608,0.7080426812171936,-0.694771945476532,-0.08850263804197311,0.09019312262535095
1913.0,-2.978671073913574,-2.3823728561401367,-1.8071670532226562,-0.7711280584335327,1.6089258193969727,0.14925196766853333,1.1226811408996582,-0.013191880658268929,0.00971133727580309,0.704658567905426,-0.6984070539474487,-0.08815929293632507,0.08894842118024826
1914.0,-2.985201120376587,-2.3802144527435303,-1.812021017074585,-0.765884280204773,1.609838604927063,0.1543934941291809,1.1200759410858154,-0.020773539319634438,0.010383662767708302,-0.7006533145904541,0.7026345133781433,0.08784399181604385,-0.08759629726409912
1915.0,-2.9899075031280518,-2.384732484817505,-1.802085041999817,-0.7753971219062805,1.6107547283172607,0.15530134737491608,1.125213623046875,-0.02509969472885132,0.00905792135745287,-0.6984248161315918,0.704481303691864,0.08957204222679138,-0.08880198746919632
1916.0,-2.9969146251678467,-2.3889479637145996,-1.7935981750488281,-0.7806616425514221,1.6116241216659546,0.15797832608222961,1.129931092262268,-0.03213125839829445,0.00786804873496294,-0.6949101686477661,0.7078496813774109,0.09040169417858124,-0.08874913305044174
1917.0,-3.0028345584869385,-2.390580415725708,-1.7887241840362549,-0.789270281791687,1.6130965948104858,0.16005843877792358,1.1316548585891724,-0.03832037374377251,0.0074263932183384895,-0.6917192339897156,0.7104741930961609,0.09273333847522736,-0.09028537571430206
1918.0,-2.991948366165161,-2.391167402267456,-1.7895735502243042,-0.7819095849990845,1.610694169998169,0.15479260683059692,1.1326141357421875,-0.026281647384166718,0.007195156998932362,-0.6978657841682434,0.704997718334198,0.08978854864835739,-0.08888023346662521
1919.0,-2.9850072860717773,-2.3901352882385254,-1.793910264968872,-0.7712859511375427,1.6087427139282227,0.15189406275749207,1.131523609161377,-0.018920885398983955,0.007472109980881214,0.7017925381660461,-0.7017514705657959,-0.08669289201498032,0.08669797331094742
1920.0,-2.977684736251831,-2.388035774230957,-1.796212077140808,-0.776807963848114,1.608656644821167,0.14797642827033997,1.129224181175232,-0.011046539060771465,0.00804851669818163,0.7054417729377747,-0.6975853443145752,-0.08817734569311142,0.0891704261302948
1921.0,-2.9799628257751465,-2.392937421798706,-1.7865934371948242,-0.7820886373519897,1.6087862253189087,0.14813044667243958,1.1348602771759033,-0.012675234116613865,0.006634456105530262,0.7045578360557556,-0.6984267830848694,-0.0884881466627121,0.08926492184400558
1922.0,-2.9921786785125732,-2.397313356399536,-1.7761893272399902,-0.7941969037055969,1.6110209226608276,0.15286996960639954,1.1397038698196411,-0.0254234429448843,0.005417627282440662,-0.6981850266456604,0.7042292356491089,0.09149305522441864,-0.09070779383182526
1923.0,-2.9995598793029785,-2.401688814163208,-1.759651780128479,-0.8341529369354248,1.6168664693832397,0.1570020169019699,1.144139289855957,-0.032259367406368256,0.004140955395996571,-0.6922762393951416,0.7073476314544678,0.10210911929607391,-0.09993347525596619
1924.0,-2.987506151199341,-2.406038999557495,-1.7466586828231812,-0.8606971502304077,1.6156846284866333,0.14355339109897614,1.1488285064697266,-0.01796971820294857,0.0027423023711889982,0.7002419233322144,-0.6976386308670044,-0.1069488674402237,0.10734796524047852
1925.0,-2.99603271484375,-2.4127039909362793,-1.7268174886703491,-0.9019259810447693,1.625382900238037,0.15843752026557922,1.1548200845718384,-0.025346988812088966,0.0007823228952474892,-0.689612865447998,0.7049133777618408,0.11860716342926025,-0.11603274196386337
1926.0,-2.9992294311523438,-2.432996988296509,-1.6711820363998413,-1.018203854560852,1.63872230052948,0.15491533279418945,1.1709518432617188,-0.024638302624225616,-0.005444991402328014,-0.6826275587081909,0.7010875344276428,0.14769819378852844,-0.1438092291355133
1927.0,-3.006809711456299,-2.429266929626465,-1.6809840202331543,-0.9975619912147522,1.6431127786636353,0.17140118777751923,1.1679210662841797,-0.033212825655937195,-0.0042247651144862175,-0.6749645471572876,0.7103756070137024,0.14460662007331848,-0.13739822804927826
1928.0,-3.003720998764038,-2.4140536785125732,-1.722777009010315,-0.9105542898178101,1.6308223009109497,0.17065100371837616,1.1557272672653198,-0.03322110325098038,0.0004284501192159951,-0.6817867755889893,0.7117037177085876,0.12221705913543701,-0.11707956343889236
1929.0,-3.021965503692627,-2.427885055541992,-1.6842705011367798,-0.9935207962989807,1.6590436697006226,0.2093067169189453,1.1655874252319336,-0.04864516854286194,-0.003738927887752652,-0.6546923518180847,0.7289773225784302,0.14874374866485596,-0.13358630239963531
1930.0,-3.0307202339172363,-2.4320547580718994,-1.6732453107833862,-1.0187550783157349,1.6720694303512573,0.22754479944705963,1.1676687002182007,-0.05655033513903618,-0.005038085393607616,-0.6420838832855225,0.7372978925704956,0.1584017276763916,-0.13794586062431335
1931.0,-3.0126795768737793,-2.4101438522338867,-1.7331814765930176,-0.8918259143829346,1.63490629196167,0.18925951421260834,1.1515341997146606,-0.04343792423605919,0.0016507625114172697,-0.6724488139152527,0.721817135810852,0.1197657585144043,-0.11157442629337311
1932.0,-3.0196142196655273,-2.411304235458374,-1.7288823127746582,-0.9033342599868774,1.640072226524353,0.19868896901607513,1.1520625352859497,-0.05051616579294205,0.0013429492246359587,-0.665590763092041,0.7271122932434082,0.1240801066160202,-0.11358161270618439
1933.0,-3.037714958190918,-2.4250340461730957,-1.690638542175293,-0.987253725528717,1.6764806509017944,0.2508382797241211,1.1613439321517944,-0.06465081125497818,-0.0028429210651665926,-0.6322181224822998,0.748380184173584,0.15321409702301025,-0.12943251430988312
1934.0,-3.02579927444458,-2.409311294555664,-1.7333494424819946,-0.8981045484542847,1.6445780992507935,0.21307145059108734,1.14955735206604,-0.05719484016299248,0.0019722103606909513,-0.6579391360282898,0.7342425584793091,0.12462850660085678,-0.11167696118354797
1935.0,-3.0089478492736816,-2.3963124752044678,-1.7737013101577759,-0.8115752339363098,1.6150387525558472,0.15895351767539978,1.1380046606063843,-0.044054362922906876,0.0058037759736180305,-0.689137876033783,0.7117650508880615,0.09766391664743423,-0.09455916285514832
1936.0,-3.018618106842041,-2.3968536853790283,-1.76971435546875,-0.82484370470047,1.620344877243042,0.1711834818124771,1.1380146741867065,-0.054172445088624954,0.005701047368347645,-0.6804525256156921,0.7190667390823364,0.10253338515758514,-0.09702730178833008
1937.0,-3.0288851261138916,-2.40325927734375,-1.7491428852081299,-0.8706731200218201,1.6394745111465454,0.21055838465690613,1.1434589624404907,-0.062202125787734985,0.0038082271348685026,-0.6592645049095154,0.7350578308105469,0.11784893274307251,-0.10569728910923004
1938.0,-3.027188539505005,-2.3936097621917725,-1.7758433818817139,-0.8215005397796631,1.6222046613693237,0.1777728796005249,1.1338942050933838,-0.06405062228441238,0.0067297788336873055,-0.6748983263969421,0.7242946624755859,0.10323168337345123,-0.09619138389825821
1939.0,-3.0431270599365234,-2.410594940185547,-1.7265300750732422,-0.922918975353241,1.6656421422958374,0.25562554597854614,1.1484794616699219,-0.07384172827005386,0.0016780018340796232,-0.6326770186424255,0.7534547448158264,0.13704857230186462,-0.11507987976074219
1940.0,-3.0546152591705322,-2.430521249771118,-1.6760669946670532,-1.0255162715911865,1.7070854902267456,0.2955598831176758,1.1625090837478638,-0.07935110479593277,-0.004660281352698803,-0.6033897995948792,0.7670000791549683,0.17153021693229675,-0.13494077324867249
1941.0,-3.079127788543701,-2.438636541366577,-1.656917929649353,-1.0783751010894775,1.7585337162017822,0.35898783802986145,1.1627941131591797,-0.09981022030115128,-0.0075166551396250725,-0.5593437552452087,0.7918030619621277,0.20036891102790833,-0.1415441632270813
1942.0,-3.096031427383423,-2.4475104808807373,-1.639565348625183,-1.1215622425079346,1.804069995880127,0.40351349115371704,1.1640501022338867,-0.11243080347776413,-0.010970908217132092,-0.5252395272254944,0.8074043393135071,0.22526967525482178,-0.14654435217380524
1943.0,-3.0968832969665527,-2.4644861221313477,-1.603422999382019,-1.1893150806427002,1.817965030670166,0.3837045133113861,1.174448013305664,-0.11086834967136383,-0.016664404422044754,-0.5250741839408875,0.7993173003196716,0.244231715798378,-0.16043661534786224
1944.0,-3.07383394241333,-2.448377847671509,-1.6348049640655518,-1.1162184476852417,1.7573752403259277,0.3369331359863281,1.1707160472869873,-0.09332634508609772,-0.010564851574599743,-0.5675331950187683,0.7823712825775146,0.20763973891735077,-0.15062212944030762
1945.0,-3.053600788116455,-2.4438316822052,-1.644537329673767,-1.0854591131210327,1.71796452999115,0.28677260875701904,1.1721819639205933,-0.07565701752901077,-0.008823382668197155,-0.6019905209541321,0.7618885636329651,0.18754731118679047,-0.14818663895130157
1946.0,-3.043623447418213,-2.4468564987182617,-1.637157678604126,-1.0958048105239868,1.7031587362289429,0.2557494044303894,1.1759411096572876,-0.06593047827482224,-0.009691867046058178,-0.6184998154640198,0.7482768297195435,0.18489064276218414,-0.15282422304153442
1947.0,-3.0525972843170166,-2.473442316055298,-1.5787714719772339,-1.2127615213394165,1.7357984781265259,0.26031363010406494,1.1901682615280151,-0.07015349715948105,-0.018416661769151688,-0.600287675857544,0.7479701638221741,0.22085702419281006,-0.17725004255771637
1948.0,-3.0397229194641113,-2.4633421897888184,-1.5996261835098267,-1.1683292388916016,1.7073352336883545,0.23396790027618408,1.186613917350769,-0.05963559076189995,-0.014958861283957958,-0.6221935153007507,0.7368953824043274,0.20195166766643524,-0.17051677405834198
1949.0,-3.026764392852783,-2.453836679458618,-1.620338797569275,-1.1246317625045776,1.6816349029541016,0.20620346069335938,1.1826852560043335,-0.04874608665704727,-0.011794853024184704,-0.6433787941932678,0.724815845489502,0.18426474928855896,-0.16356156766414642
1950.0,-3.0162272453308105,-2.4438164234161377,-1.6441856622695923,-1.074403166770935,1.6614161729812622,0.18518653512001038,1.1773816347122192,-0.040134791284799576,-0.008722233586013317,-0.6603178381919861,0.7157884240150452,0.16700711846351624,-0.15406477451324463
1951.0,-3.006955862045288,-2.4495718479156494,-1.6299066543579102,-1.103990077972412,1.653198480606079,0.16021881997585297,1.1815986633300781,-0.02996433526277542,-0.010545196942985058,-0.6712723970413208,0.7024393677711487,0.17104220390319824,-0.1634531170129776
1952.0,-3.016791343688965,-2.4673714637756348,-1.5895065069198608,-1.1854455471038818,1.6731675863265991,0.17270326614379883,1.191341519355774,-0.03722584992647171,-0.016191471368074417,-0.6553200483322144,0.7069067358970642,0.19518719613552094,-0.1809433549642563
1953.0,-3.0382018089294434,-2.48313307762146,-1.557018756866455,-1.2515119314193726,1.715377688407898,0.2167968600988388,1.1974228620529175,-0.05548301711678505,-0.02138369157910347,-0.621103823184967,0.7268385887145996,0.2228623628616333,-0.19044212996959686
1954.0,-3.0092642307281494,-2.4940576553344727,-1.5321685075759888,-1.2996022701263428,1.6678638458251953,0.13679398596286774,1.2051727771759033,-0.027270760387182236,-0.024784434586763382,-0.661425769329071,0.6851480603218079,0.2195073515176773,-0.21190720796585083
1955.0,-3.020198106765747,-2.496894121170044,-1.526975154876709,-1.3087482452392578,1.6870745420455933,0.16102375090122223,1.2059416770935059,-0.037338126450777054,-0.025669176131486893,-0.6460034251213074,0.69771409034729,0.22720356285572052,-0.21036449074745178
1956.0,-3.0294299125671387,-2.4907610416412354,-1.540279507637024,-1.2827880382537842,1.7012919187545776,0.18739290535449982,1.2023118734359741,-0.04664279893040657,-0.023736361414194107,-0.6339558362960815,0.7119380831718445,0.22559085488319397,-0.2008807510137558
1957.0,-3.049835443496704,-2.5189788341522217,-1.4844965934753418,-1.4002668857574463,1.7520695924758911,0.21448294818401337,1.2114155292510986,-0.06244489178061485,-0.03263883665204048,-0.5976957082748413,0.7222467660903931,0.26811909675598145,-0.22188207507133484
1958.0,-3.06857967376709,-2.4921863079071045,-1.541482925415039,-1.2905447483062744,1.7754838466644287,0.2819759249687195,1.1968491077423096,-0.08254876732826233,-0.024809587746858597,-0.5732312798500061,0.756413996219635,0.2510773539543152,-0.19027331471443176
1959.0,-3.0766987800598145,-2.467313766479492,-1.5944910049438477,-1.1933658123016357,1.7783737182617188,0.32921794056892395,1.1816154718399048,-0.09276983141899109,-0.016941163688898087,-0.5603090524673462,0.7778178453445435,0.231003075838089,-0.16640543937683105
1960.0,-3.090726852416992,-2.4775009155273438,-1.575368046760559,-1.2376341819763184,1.814315676689148,0.3539799749851227,1.1836968660354614,-0.10374561697244644,-0.020754504948854446,-0.5355742573738098,0.7871166467666626,0.25295117497444153,-0.17211441695690155
1961.0,-3.078395366668701,-2.488952875137329,-1.5495301485061646,-1.2791770696640015,1.793405294418335,0.3088715076446533,1.1931339502334595,-0.0917648896574974,-0.02401517704129219,-0.5574491024017334,0.76829594373703,0.2546332776546478,-0.1847531646490097
1962.0,-3.1109771728515625,-2.52278470993042,-1.4894179105758667,-1.4216771125793457,1.8898266553878784,0.3424837291240692,1.1986494064331055,-0.11596722900867462,-0.036161649972200394,-0.49850523471832275,0.7797182202339172,0.31919559836387634,-0.20407462120056152
1963.0,-3.1114566326141357,-2.5513010025024414,-1.4355833530426025,-1.5302047729492188,1.9037283658981323,0.30464816093444824,1.2089835405349731,-0.11419583112001419,-0.044996652752161026,-0.4960910677909851,0.7625755071640015,0.34801581501960754,-0.22640059888362885
1964.0,-3.09628963470459,-2.5579285621643066,-1.4189541339874268,-1.5522514581680298,1.8694093227386475,0.26957961916923523,1.2155925035476685,-0.10065775364637375,-0.04606490209698677,-0.5197145938873291,0.7463559508323669,0.3411834239959717,-0.23757830262184143
1965.0,-3.0838356018066406,-2.5439748764038086,-1.4420894384384155,-1.4988205432891846,1.8365271091461182,0.2632271647453308,1.213973045349121,-0.09055300801992416,-0.04127131775021553,-0.5405135154724121,0.7438831329345703,0.3179683983325958,-0.23103927075862885
1966.0,-3.0659735202789307,-2.534651041030884,-1.4560033082962036,-1.4629915952682495,1.790267825126648,0.23349733650684357,1.214505672454834,-0.0758710727095604,-0.0377044714987278,-0.5712549686431885,0.7305006980895996,0.29478228092193604,-0.230521097779274
1967.0,-0.24197807908058167,-0.5528548955917358,1.3547520637512207,-1.4470065832138062,-1.5280709266662598,0.03213068097829819,1.2272977828979492,-0.0890946239233017,-0.0547269769012928,-0.5326065421104431,0.7188176512718201,0.35899484157562256,-0.2659965455532074
1968.0,-0.22294819355010986,-0.5486778616905212,1.3455462455749512,-1.4438024759292603,-1.5691301822662354,0.0012585384538397193,1.2320525646209717,-0.07296274602413177,-0.055374760180711746,-0.5579210519790649,0.700067937374115,0.34853366017341614,-0.27776482701301575
1969.0,-0.20390506088733673,-0.5846349596977234,1.4075363874435425,-1.5752145051956177,-1.6101922988891602,-0.03684549033641815,1.2250950336456299,-0.05427732318639755,-0.04385507479310036,-0.5982002019882202,0.6953819990158081,0.30190789699554443,-0.2597152888774872
1970.0,-0.19251598417758942,-0.5964758992195129,1.4294238090515137,-1.624289631843567,-1.6328649520874023,-0.06268835067749023,1.222708821296692,-0.043310828506946564,-0.040178824216127396,-0.6188414692878723,0.6870217323303223,0.2829665541648865,-0.25488486886024475
1971.0,-0.1806727945804596,-0.5843604803085327,1.4070689678192139,-1.582726240158081,-1.6555954217910767,-0.0803305059671402,1.2269887924194336,-0.03308679908514023,-0.0436793752014637,-0.628234326839447,0.6697396039962769,0.2887789011001587,-0.27088263630867004
1972.0,-0.1967572122812271,-0.544668436050415,1.3369765281677246,-1.4421348571777344,-1.625494360923767,-0.04152210056781769,1.2367334365844727,-0.05017295107245445,-0.05593713000416756,-0.5914430022239685,0.6725080013275146,0.33407557010650635,-0.29380565881729126
1973.0,-0.2013300210237503,-0.540431559085846,1.3355861902236938,-1.449242353439331,-1.6156330108642578,-0.034350115805864334,1.2380536794662476,-0.05459563061594963,-0.060675304383039474,-0.5864590406417847,0.6782166361808777,0.334957480430603,-0.28964027762413025
1974.0,-0.2281423658132553,-0.5436373949050903,1.3439220190048218,-1.4517287015914917,-1.5576988458633423,0.009985988028347492,1.2334944009780884,-0.07797712087631226,-0.0609365813434124,-0.5516505837440491,0.7062742710113525,0.34966665506362915,-0.2731145918369293
1975.0,-0.24302442371845245,-0.5463960766792297,1.3514342308044434,-1.456081509590149,-1.5261619091033936,0.03398042917251587,1.2297760248184204,-0.09071324020624161,-0.06121423467993736,-0.5320570468902588,0.720848023891449,0.35737287998199463,-0.2637765109539032
1976.0,-0.2125464826822281,-0.5403172373771667,1.338179588317871,-1.4525340795516968,-1.5913100242614746,-0.015743998810648918,1.2368559837341309,-0.06453169882297516,-0.06222888454794884,-0.5723141431808472,0.6905373930931091,0.3405303657054901,-0.2822299301624298
1977.0,-0.20956146717071533,-0.5347674489021301,1.334212064743042,-1.4591706991195679,-1.5976459980010986,-0.0208208616822958,1.2395350933074951,-0.06236859783530235,-0.06725379824638367,-0.576837956905365,0.6881844997406006,0.3372609317302704,-0.28269296884536743
1978.0,-0.19931410253047943,-0.5346140265464783,1.3316949605941772,-1.4565160274505615,-1.618930459022522,-0.03728192299604416,1.240767002105713,-0.05314456671476364,-0.0660829097032547,-0.589388370513916,0.6772014498710632,0.33226025104522705,-0.2891758680343628
1979.0,-0.18519368767738342,-0.5355715155601501,1.3312879800796509,-1.4563828706741333,-1.649123191833496,-0.0607365258038044,1.241317629814148,-0.04033559188246727,-0.06452667713165283,-0.6068639755249023,0.661511242389679,0.3246653378009796,-0.29784485697746277
1980.0,-0.17329750955104828,-0.5354644656181335,1.330885648727417,-1.45795476436615,-1.6747549772262573,-0.08078344911336899,1.241912841796875,-0.02960006333887577,-0.06427787989377975,-0.6214003562927246,0.6478883624076843,0.3179622292518616,-0.30496278405189514
1981.0,-0.17009031772613525,-0.5296387076377869,1.3273741006851196,-1.4661715030670166,-1.680600643157959,-0.08632456511259079,1.2445287704467773,-0.026960933580994606,-0.06985560059547424,-0.6258410215377808,0.6452414989471436,0.3145200312137604,-0.3050634264945984
1982.0,-0.18218442797660828,-0.5261174440383911,1.32562255859375,-1.4696333408355713,-1.6545287370681763,-0.06618057936429977,1.2454988956451416,-0.038194265216588974,-0.07365521788597107,-0.6117174029350281,0.6597402095794678,0.320092111825943,-0.29679247736930847
1983.0,-0.2013065367937088,-0.5247000455856323,1.3262529373168945,-1.470359444618225,-1.6134800910949707,-0.03371051698923111,1.244762897491455,-0.055596716701984406,-0.0759706199169159,-0.5878778696060181,0.6812799572944641,0.33023473620414734,-0.28496024012565613
1984.0,-0.21142195165157318,-0.5296699404716492,1.3316365480422974,-1.4664465188980103,-1.593461036682129,-0.01775006577372551,1.241455078125,-0.06445182859897614,-0.07244214415550232,-0.5750874876976013,0.6910282969474792,0.33658650517463684,-0.28011396527290344
1985.0,-0.22133949398994446,-0.5327926874160767,1.3358876705169678,-1.4647340774536133,-1.571954369544983,-0.0009017808479256928,1.2389345169067383,-0.0729498565196991,-0.07065008580684662,-0.5617607831954956,0.7011634111404419,0.3426690697669983,-0.27454087138175964
1986.0,-0.22719264030456543,-0.528255820274353,1.3346253633499146,-1.4720128774642944,-1.559009313583374,0.009254529140889645,1.2400572299957275,-0.07851334661245346,-0.07576493918895721,-0.5544391870498657,0.7080666422843933,0.3443118929862976,-0.26960739493370056
1987.0,-0.24062514305114746,-0.529030978679657,1.3399399518966675,-1.477036952972412,-1.5307484865188599,0.031457673758268356,1.2374684810638428,-0.0903254970908165,-0.07741326838731766,-0.5367826819419861,0.7215191721916199,0.3508940041065216,-0.2610517144203186
1988.0,-0.28492411971092224,-0.5416821241378784,1.3706040382385254,-1.4924595355987549,-1.437504768371582,0.10352615267038345,1.222126841545105,-0.12714096903800964,-0.07616286724805832,-0.4756241738796234,0.7609232068061829,0.37424206733703613,-0.2339245080947876
1989.0,-0.27372080087661743,-0.5376511216163635,1.3609557151794434,-1.4870656728744507,-1.4605047702789307,0.08587785810232162,1.226859450340271,-0.11805052310228348,-0.07664020359516144,-0.49107739329338074,0.7516737580299377,0.3685753047466278,-0.24079465866088867
1990.0,-0.261036217212677,-0.5347940325737,1.3524987697601318,-1.481568455696106,-1.4875121116638184,0.06498750299215317,1.2310024499893188,-0.10750538855791092,-0.0762254148721695,-0.5087845325469971,0.7403733134269714,0.36205339431762695,-0.24880307912826538
1991.0,-0.2481451779603958,-0.5344347357749939,1.3465632200241089,-1.4746310710906982,-1.51563560962677,0.04298381134867668,1.2337220907211304,-0.09645756334066391,-0.07385788857936859,-0.5266322493553162,0.7278301119804382,0.3558465838432312,-0.25747811794281006
1992.0,-0.23765094578266144,-0.5353792309761047,1.3424931764602661,-1.4670226573944092,-1.53732168674469,0.025964222848415375,1.2353781461715698,-0.08711741119623184,-0.07066610455513,-0.5401397347450256,0.7173560261726379,0.35154491662979126,-0.26469895243644714
1993.0,-0.23512740433216095,-0.5399278402328491,1.344124674797058,-1.4595413208007812,-1.5428041219711304,0.02151070535182953,1.2339372634887695,-0.0844721868634224,-0.06572927534580231,-0.5429794192314148,0.7139819264411926,0.3518550395965576,-0.2675839364528656
1994.0,-0.2459673434495926,-0.5409690737724304,1.3495160341262817,-1.464911937713623,-1.5200611352920532,0.039044514298439026,1.2314600944519043,-0.093853659927845,-0.06709498912096024,-0.5287988781929016,0.7246377468109131,0.35695743560791016,-0.26048699021339417
1995.0,-0.25714629888534546,-0.5413045287132263,1.3546624183654785,-1.4710209369659424,-1.4957664012908936,0.05783173814415932,1.2291404008865356,-0.10343170911073685,-0.0691499412059784,-0.5135296583175659,0.735569179058075,0.3622884154319763,-0.2529277205467224
1996.0,-0.27572938799858093,-0.5458660125732422,1.3673361539840698,-1.4788589477539062,-1.4564279317855835,0.08786515891551971,1.2229245901107788,-0.11881941556930542,-0.06947135180234909,-0.4878537058830261,0.7520164847373962,0.37185561656951904,-0.2412329912185669
1997.0,-0.27273041009902954,-0.5511307716369629,1.3686612844467163,-1.469518780708313,-1.462587833404541,0.08225345611572266,1.2215391397476196,-0.11564656347036362,-0.06357049942016602,-0.4914993941783905,0.748356819152832,0.3722953498363495,-0.24451296031475067
1998.0,-0.2605498731136322,-0.5501775741577148,1.3614140748977661,-1.4614049196243286,-1.488109827041626,0.06272658705711365,1.2248108386993408,-0.10533718019723892,-0.06130383536219597,-0.5079445838928223,0.7373048663139343,0.36677807569503784,-0.25268104672431946
1999.0,-0.29657843708992004,-0.5587482452392578,1.3882156610488892,-1.4812570810317993,-1.4103697538375854,0.12128794938325882,1.2121353149414062,-0.13446907699108124,-0.06324215233325958,-0.45716115832328796,0.7683840394020081,0.3848998546600342,-0.2290017008781433
2000.0,-0.2842559516429901,-0.5533538460731506,1.3772279024124146,-1.4773017168045044,-1.4375641345977783,0.10135617852210999,1.217646837234497,-0.12500014901161194,-0.0648438036441803,-0.47522372007369995,0.7585673332214355,0.3777872920036316,-0.23667438328266144
2001.0,-0.29751354455947876,-0.5510339140892029,1.3842155933380127,-1.4917656183242798,-1.4091461896896362,0.12390892952680588,1.2149475812911987,-0.13630859553813934,-0.07086071372032166,-0.45656317472457886,0.7704281210899353,0.38279351592063904,-0.22684717178344727
2002.0,-0.30586814880371094,-0.5567269921302795,1.3937464952468872,-1.493565320968628,-1.3909783363342285,0.13695669174194336,1.2100934982299805,-0.14239735901355743,-0.06822585314512253,-0.4442433714866638,0.7764788269996643,0.3879101872444153,-0.22193333506584167
2003.0,-0.317168653011322,-0.5641752481460571,1.4077271223068237,-1.4992691278457642,-1.3660879135131836,0.15512119233608246,1.2033518552780151,-0.1504356414079666,-0.06549724191427231,-0.42740577459335327,0.7847437858581543,0.39421218633651733,-0.21470516920089722
2004.0,-0.3296411335468292,-0.5655494928359985,1.4188897609710693,-1.5131068229675293,-1.338705062866211,0.17657019197940826,1.1985751390457153,-0.1601126343011856,-0.06874121725559235,-0.408806711435318,0.7944344878196716,0.39938947558403015,-0.20552116632461548
2005.0,-0.3485589325428009,-0.5742106437683105,1.4423680305480957,-1.5311594009399414,-1.2973777055740356,0.20782470703125,1.1878031492233276,-0.17345236241817474,-0.06857891380786896,-0.3802473545074463,0.8072937726974487,0.4082946479320526,-0.1923128366470337
2006.0,-0.35310113430023193,-0.5706173181533813,1.4446444511413574,-1.5421561002731323,-1.2884533405303955,0.21643586456775665,1.1872872114181519,-0.17753922939300537,-0.07379789650440216,-0.37378063797950745,0.8110378384590149,0.40869176387786865,-0.188352569937706
2007.0,-0.3663417100906372,-0.5777066946029663,1.4624626636505127,-1.5545626878738403,-1.2573634386062622,0.23948943614959717,1.1791234016418457,-0.18614159524440765,-0.07280699908733368,-0.35237112641334534,0.8192243576049805,0.4156275987625122,-0.1787729561328888
2008.0,-0.3780113756656647,-0.5811907052993774,1.4774442911148071,-1.5704751014709473,-1.2312551736831665,0.26012924313545227,1.172521948814392,-0.19405612349510193,-0.07482686638832092,-0.33394819498062134,0.8263184428215027,0.4204758107662201,-0.16993100941181183
2009.0,-0.3924858272075653,-0.5893254280090332,1.500507116317749,-1.5907096862792969,-1.1984822750091553,0.285836786031723,1.16225004196167,-0.20283843576908112,-0.07467690110206604,-0.31073248386383057,0.834344744682312,0.4266873300075531,-0.1589098423719406
2010.0,-0.4050143361091614,-0.5987190008163452,1.5218265056610107,-1.6054514646530151,-1.1671520471572876,0.3089275062084198,1.1527336835861206,-0.2095634490251541,-0.07213008403778076,-0.2891443073749542,0.8404541015625,0.43336376547813416,-0.14909164607524872
2011.0,-0.38151416182518005,-0.5890390872955322,1.4870376586914062,-1.5697417259216309,-1.2220509052276611,0.2652949094772339,1.1677956581115723,-0.1951010376214981,-0.06964615732431412,-0.3278784155845642,0.8276106119155884,0.4235551953315735,-0.1678018718957901
2012.0,-0.3720172047615051,-0.5881950855255127,1.474962830543518,-1.5519142150878906,-1.2420536279678345,0.24802683293819427,1.172777533531189,-0.1883680671453476,-0.06564889848232269,-0.34234675765037537,0.8214990496635437,0.42091497778892517,-0.17540965974330902
2013.0,-0.3532375395298004,-0.5815033912658691,1.4516361951828003,-1.5303943157196045,-1.284937858581543,0.21556302905082703,1.1831982135772705,-0.1756475269794464,-0.06386451423168182,-0.37204521894454956,0.8098146319389343,0.41221171617507935,-0.18937838077545166
2014.0,-0.3414138853549957,-0.5766102075576782,1.4366607666015625,-1.5171796083450317,-1.3117973804473877,0.19508197903633118,1.1898289918899536,-0.16752935945987701,-0.06324970722198486,-0.3904755711555481,0.8017263412475586,0.4068220853805542,-0.19814004004001617
2015.0,-0.31220629811286926,-0.5676669478416443,1.4057892560958862,-1.4889488220214844,-1.3760952949523926,0.14627937972545624,1.2036406993865967,-0.14590971171855927,-0.060390654951334,-0.4341660141944885,0.7801913022994995,0.39350777864456177,-0.21898183226585388
2016.0,-0.28495004773139954,-0.5605231523513794,1.3819142580032349,-1.4688800573349,-1.4352085590362549,0.10187046974897385,1.214585781097412,-0.12459882348775864,-0.05818768963217735,-0.4734102189540863,0.7580946683883667,0.3804389536380768,-0.23757416009902954
2017.0,-0.2733389139175415,-0.5583513379096985,1.3733502626419067,-1.4610273838043213,-1.460451602935791,0.08283638954162598,1.2184618711471558,-0.11520660668611526,-0.05684003606438637,-0.4897593855857849,0.7478737235069275,0.3748956322669983,-0.24550753831863403
2018.0,-0.3241657316684723,-0.5719654560089111,1.4182839393615723,-1.4989516735076904,-1.349320650100708,0.16635648906230927,1.1979950666427612,-0.1547478437423706,-0.060771968215703964,-0.4161849319934845,0.7893121838569641,0.3993081748485565,-0.2105453908443451
2019.0,-0.34574100375175476,-0.586342453956604,1.4471113681793213,-1.513350009918213,-1.2997413873672485,0.201849102973938,1.1844277381896973,-0.16908766329288483,-0.05618802830576897,-0.3826461732387543,0.8038133978843689,0.41126304864883423,-0.1957770437002182
2020.0,-0.328508585691452,-0.5802969336509705,1.4269145727157593,-1.4944959878921509,-1.3382883071899414,0.1726587861776352,1.1932973861694336,-0.15682841837406158,-0.05455164238810539,-0.4088558256626129,0.7914957404136658,0.40361279249191284,-0.20849063992500305
2021.0,-0.2944962680339813,-0.5687254667282104,1.3927357196807861,-1.4667887687683105,-1.4137929677963257,0.11656209081411362,1.2087115049362183,-0.13136735558509827,-0.053099971264600754,-0.4591127038002014,0.7650098204612732,0.38725122809410095,-0.23240478336811066
2022.0,-0.3067742884159088,-0.5760872960090637,1.4088767766952515,-1.4821960926055908,-1.386997938156128,0.13788731396198273,1.202383041381836,-0.14045871794223785,-0.051837507635354996,-0.4416150152683258,0.7760415077209473,0.3913353383541107,-0.22269366681575775
2023.0,-0.28975173830986023,-0.6482056975364685,1.5352920293807983,-1.758884310722351,-1.4496527910232544,0.14278872311115265,1.1847941875457764,-0.12403640896081924,-0.027925673872232437,-0.4879283905029297,0.8011643886566162,0.2959357500076294,-0.1802319884300232
2024.0,-0.30499058961868286,-0.6496351957321167,1.540413498878479,-1.7486975193023682,-1.4178416728973389,0.17443926632404327,1.1790310144424438,-0.135802760720253,-0.02843557670712471,-0.4621707797050476,0.812541663646698,0.3087581992149353,-0.17562055587768555
2025.0,-0.328886479139328,-0.6011460423469543,1.459096908569336,-1.550795316696167,-1.342933177947998,0.18537044525146484,1.18681800365448,-0.155825674533844,-0.0460064597427845,-0.41156142950057983,0.8010783195495605,0.3865814208984375,-0.19860976934432983
2026.0,-0.351881742477417,-0.5939122438430786,1.4579092264175415,-1.5144330263137817,-1.2840710878372192,0.21195784211158752,1.1791434288024902,-0.17233072221279144,-0.05184755101799965,-0.3722725212574005,0.8073533773422241,0.4157455265522003,-0.1917012482881546
2027.0,-0.3335505425930023,-0.6368384957313538,1.5243449211120605,-1.675134301185608,-1.3435521125793457,0.22255179286003113,1.1731829643249512,-0.15698960423469543,-0.03514169529080391,-0.4083671271800995,0.8236913084983826,0.3524671792984009,-0.17474506795406342
2028.0,-0.30627331137657166,-0.6770203709602356,1.5938570499420166,-1.8543161153793335,-1.4305428266525269,0.1881493330001831,1.1666009426116943,-0.1354731023311615,-0.019467849284410477,-0.46716323494911194,0.8251275420188904,0.27645084261894226,-0.15651844441890717
2029.0,-0.3342267870903015,-0.6646878123283386,1.5758720636367798,-1.7779964208602905,-1.3583178520202637,0.2434292584657669,1.1618841886520386,-0.15625007450580597,-0.025929052382707596,-0.41253793239593506,0.8380787372589111,0.32028257846832275,-0.15765666961669922
2030.0,-0.35946470499038696,-0.6422172784805298,1.5434423685073853,-1.6714917421340942,-1.2835419178009033,0.2682483196258545,1.160007119178772,-0.17449598014354706,-0.036124903708696365,-0.36435961723327637,0.837340772151947,0.37370941042900085,-0.1626155525445938
2031.0,-0.3773377537727356,-0.6317417025566101,1.5335127115249634,-1.6196202039718628,-1.2316113710403442,0.28276753425598145,1.1553492546081543,-0.18646426498889923,-0.04195563867688179,-0.33193379640579224,0.8366392850875854,0.4050115644931793,-0.16068698465824127
2032.0,-0.3936387002468109,-0.6182539463043213,1.5205625295639038,-1.5645588636398315,-1.184619665145874,0.28564852476119995,1.1515653133392334,-0.1976865530014038,-0.04944433644413948,-0.3042377531528473,0.8320121765136719,0.4356774389743805,-0.15931198000907898
2033.0,-0.4080256521701813,-0.6268510222434998,1.5450578927993774,-1.5875253677368164,-1.1492767333984375,0.3130512237548828,1.1411561965942383,-0.2055513709783554,-0.049301404505968094,-0.2797824740409851,0.8395195007324219,0.4418641924858093,-0.14725784957408905
2034.0,-0.42419540882110596,-0.6365611553192139,1.574058175086975,-1.6161830425262451,-1.1084941625595093,0.34529221057891846,1.1289888620376587,-0.2138083279132843,-0.04938403144478798,-0.251493364572525,0.8471643924713135,0.4486887753009796,-0.13319995999336243
2035.0,-0.43564361333847046,-0.6441956162452698,1.595680594444275,-1.63662850856781,-1.0793356895446777,0.368074893951416,1.1197855472564697,-0.2191999852657318,-0.048818860203027725,-0.2312890887260437,0.8517339825630188,0.4537329077720642,-0.1232115626335144
2036.0,-0.4415861964225769,-0.640762209892273,1.6028425693511963,-1.6555391550064087,-1.0682512521743774,0.3807978332042694,1.1171451807022095,-0.22356456518173218,-0.055145952850580215,-0.2222355604171753,0.8548077940940857,0.4538632333278656,-0.11799675971269608
2037.0,-0.4279422163963318,-0.6308220028877258,1.5755618810653687,-1.6298307180404663,-1.103060007095337,0.35298123955726624,1.1287678480148315,-0.21748138964176178,-0.056284431368112564,-0.24650894105434418,0.8494846224784851,0.44800469279289246,-0.1300048977136612
2038.0,-0.40491774678230286,-0.6182989478111267,1.5349889993667603,-1.5876338481903076,-1.1603319644927979,0.3067527115345001,1.1457536220550537,-0.20540042221546173,-0.055065397173166275,-0.2865774929523468,0.8383999466896057,0.43871527910232544,-0.14995937049388885
2039.0,-0.38391849398612976,-0.6084979176521301,1.5026482343673706,-1.5555166006088257,-1.209650993347168,0.2683734893798828,1.1596791744232178,-0.19288545846939087,-0.053470175713300705,-0.3210545480251312,0.8271709084510803,0.4299567639827728,-0.16688154637813568
2040.0,-0.3618448078632355,-0.591254711151123,1.466314673423767,-1.5326412916183472,-1.2632371187210083,0.2296571135520935,1.1760356426239014,-0.1802789866924286,-0.05852049961686134,-0.35755103826522827,0.8145054578781128,0.418345183134079,-0.18364489078521729
2041.0,-0.3775445222854614,-0.5989115238189697,1.4888038635253906,-1.5523918867111206,-1.2274127006530762,0.2568451464176178,1.1660752296447754,-0.19031529128551483,-0.0589246042072773,-0.3326917588710785,0.8239579796791077,0.425340473651886,-0.17174085974693298
2042.0,-0.38904911279678345,-0.6003469228744507,1.5035781860351562,-1.5734165906906128,-1.2017033100128174,0.27849921584129333,1.1600794792175293,-0.19817079603672028,-0.06323299556970596,-0.3143902122974396,0.8311493992805481,0.4289754033088684,-0.16226403415203094
2043.0,-0.4006917178630829,-0.6064113974571228,1.521563172340393,-1.5897232294082642,-1.1737682819366455,0.29990845918655396,1.1522347927093506,-0.20500923693180084,-0.06331779807806015,-0.2949382960796356,0.8372584581375122,0.4342871606349945,-0.15298490226268768
2044.0,-0.42139551043510437,-0.6194745898246765,1.5588304996490479,-1.6248359680175781,-1.1234736442565918,0.3399912118911743,1.1362224817276,-0.21589791774749756,-0.0627916231751442,-0.2596021592617035,0.8473405241966248,0.44294941425323486,-0.13570770621299744
2045.0,-0.41153934597969055,-0.6096001863479614,1.5381863117218018,-1.610357403755188,-1.1493372917175293,0.32056567072868347,1.1452142000198364,-0.2116585224866867,-0.06611078977584839,-0.27730852365493774,0.8429783582687378,0.4378792941570282,-0.14404596388339996
2046.0,-0.42902427911758423,-0.6172479391098022,1.5680437088012695,-1.6442431211471558,-1.107488989830017,0.3556528389453888,1.13262140750885,-0.2212449163198471,-0.06859249621629715,-0.24740980565547943,0.8512887358665466,0.4443204700946808,-0.12913276255130768
2047.0,-0.4192101061344147,-0.6078001260757446,1.547764778137207,-1.6297603845596313,-1.1336482763290405,0.3360214829444885,1.1414399147033691,-0.21708373725414276,-0.07173587381839752,-0.26530560851097107,0.8472786545753479,0.4391191601753235,-0.13749995827674866
2048.0,-0.43548884987831116,-0.6134316921234131,1.5745681524276733,-1.662272572517395,-1.0947859287261963,0.36912623047828674,1.1301294565200806,-0.22615140676498413,-0.0750800147652626,-0.23733004927635193,0.854611337184906,0.44501793384552,-0.12358381599187851
2049.0,-0.4521532654762268,-0.6268309950828552,1.6097899675369263,-1.6944808959960938,-1.051673173904419,0.4041918218135834,1.1150312423706055,-0.23302705585956573,-0.072579525411129,-0.2070889174938202,0.8605775833129883,0.45240315794944763,-0.10886605083942413
2050.0,-0.46814313530921936,-0.6399751305580139,1.6455191373825073,-1.72965669631958,-1.0082714557647705,0.44071629643440247,1.1000988483428955,-0.2387986034154892,-0.0700860470533371,-0.17679095268249512,0.8654137849807739,0.4593459963798523,-0.09383745491504669
2051.0,-0.4557940661907196,-0.6371005773544312,1.6232813596725464,-1.6975243091583252,-1.0383968353271484,0.4123985767364502,1.1091697216033936,-0.23265789449214935,-0.06606493145227432,-0.19890841841697693,0.8612092137336731,0.4557145833969116,-0.10525370389223099
2052.0,-0.46863728761672974,-0.6467502117156982,1.6511266231536865,-1.7262141704559326,-1.0030652284622192,0.4421164095401764,1.0976725816726685,-0.23741333186626434,-0.06469015777111053,-0.17436495423316956,0.8649567365646362,0.4613015353679657,-0.0929928869009018
2053.0,-0.4408791661262512,-0.630678653717041,1.5942142009735107,-1.6604454517364502,-1.0743190050125122,0.37938392162323,1.1211737394332886,-0.22550980746746063,-0.06303971260786057,-0.22516962885856628,0.8552646636962891,0.45133328437805176,-0.11882469058036804
2054.0,-0.45074379444122314,-0.6415114402770996,1.6181979179382324,-1.680446982383728,-1.0471746921539307,0.4013499915599823,1.1110713481903076,-0.22871164977550507,-0.059628743678331375,-0.20647954940795898,0.858813464641571,0.45584484934806824,-0.1095961332321167
2055.0,-0.4771064221858978,-0.6572436094284058,1.6740692853927612,-1.7459317445755005,-0.9779427647590637,0.46294206380844116,1.0881435871124268,-0.23918555676937103,-0.0608440525829792,-0.15731164813041687,0.8668971657752991,0.4654132127761841,-0.08445628732442856
2056.0,-0.49441227316856384,-0.6665223240852356,1.7140594720840454,-1.7997663021087646,-0.9310797452926636,0.5094403624534607,1.072240948677063,-0.24502374231815338,-0.06285649538040161,-0.12344058603048325,0.8711162209510803,0.4706078767776489,-0.06668698787689209
2057.0,-0.4874471127986908,-0.6564926505088806,1.6931185722351074,-1.7808586359024048,-0.955127477645874,0.4887731969356537,1.0804370641708374,-0.24440251290798187,-0.06728504598140717,-0.13930507004261017,0.8701193332672119,0.4667990207672119,-0.07473397254943848
2058.0,-0.47793900966644287,-0.6480275392532349,1.6682555675506592,-1.7530722618103027,-0.9811257719993591,0.46405380964279175,1.0906627178192139,-0.24195893108844757,-0.06859800219535828,-0.157888263463974,0.8677999377250671,0.4635532796382904,-0.08433928340673447
2059.0,-0.4992217421531677,-0.660138726234436,1.7183635234832764,-1.819009780883789,-0.9241405725479126,0.5207571983337402,1.070410966873169,-0.248853400349617,-0.07043991982936859,-0.11651643365621567,0.8726775646209717,0.4700208306312561,-0.06275530904531479
2060.0,-0.5142914652824402,-0.6699494123458862,1.7572864294052124,-1.8717032670974731,-0.8808445930480957,0.5658918023109436,1.0550068616867065,-0.25241735577583313,-0.07045231014490128,-0.08540784567594528,0.8747066259384155,0.4748101532459259,-0.046361275017261505
2061.0,-0.5239036679267883,-0.6788314580917358,1.7878226041793823,-1.9151217937469482,-0.8511579632759094,0.6019651293754578,1.0434550046920776,-0.2532726228237152,-0.06885148584842682,-0.06346570700407028,0.8759651184082031,0.47693106532096863,-0.03455476090312004
2062.0,-0.5360440015792847,-0.6821519732475281,1.821581482887268,-1.9812158346176147,-0.8159139156341553,0.654410719871521,1.031633734703064,-0.2560886740684509,-0.07212191075086594,-0.035164132714271545,0.8777121901512146,0.4775134027004242,-0.019130811095237732
2063.0,-0.5460898876190186,-0.692366361618042,1.860504150390625,-2.0505638122558594,-0.7773422002792358,0.7139936685562134,1.018923044204712,-0.25533023476600647,-0.06863321363925934,-0.005531033035367727,0.8779544234275818,0.47870275378227234,-0.0030157833825796843
2064.0,-0.55633944272995,-0.6974878311157227,1.899402141571045,-2.1308188438415527,-0.73863285779953,0.7799513936042786,1.0061018466949463,-0.25461289286613464,-0.06830786168575287,0.025089481845498085,0.8769300580024719,0.4797663986682892,0.013726397417485714
2065.0,-0.538530170917511,-0.6946771740913391,1.841475009918213,-2.0056140422821045,-0.7976089715957642,0.6803946495056152,1.0258241891860962,-0.2531885802745819,-0.06375586986541748,-0.022572601214051247,0.8777263164520264,0.47847220301628113,-0.012304932810366154
2066.0,-0.5144464373588562,-0.6796913146972656,1.7663882970809937,-1.8712537288665771,-0.8739204406738281,0.5698421001434326,1.0516175031661987,-0.24974341690540314,-0.06319062411785126,-0.08217699825763702,0.874151885509491,0.47654852271080017,-0.04479922354221344
2067.0,-0.5057308673858643,-0.6730148196220398,1.7408027648925781,-1.8352391719818115,-0.8988739848136902,0.5408161282539368,1.0616018772125244,-0.2483244091272354,-0.06330505758523941,-0.10068712383508682,0.8726695775985718,0.474668949842453,-0.05476648733019829
2068.0,-0.5257695913314819,-0.6911681294441223,1.8052886724472046,-1.9339871406555176,-0.8351207375526428,0.6233787536621094,1.0384643077850342,-0.25046226382255554,-0.06057603284716606,-0.05271751806139946,0.8764786720275879,0.4776826798915863,-0.028731154277920723
2069.0,-0.5405907034873962,-0.7025616765022278,1.856278896331787,-2.0265188217163086,-0.7838752269744873,0.7011255025863647,1.0214488506317139,-0.2512331008911133,-0.05877232924103737,-0.012831851840019226,0.8776624798774719,0.4790565073490143,-0.007004037499427795
2070.0,-0.5546510219573975,-0.7125466465950012,1.9132786989212036,-2.1408352851867676,-0.7279166579246521,0.7964932322502136,1.0029575824737549,-0.24939851462841034,-0.05637507513165474,0.03102530725300312,0.8761839270591736,0.4806760847568512,0.017020540311932564
2071.0,-0.5635173916816711,-0.7161454558372498,1.9488495588302612,-2.2179479598999023,-0.6958345174789429,0.8582326769828796,0.9906818866729736,-0.24812163412570953,-0.05573158338665962,0.05736115947365761,0.8739722371101379,0.481542706489563,0.03160494565963745
2072.0,-0.5491217374801636,-0.7181903719902039,1.902170181274414,-2.107124090194702,-0.7402780055999756,0.773206353187561,1.0073132514953613,-0.2471778243780136,-0.05045154318213463,0.019889164716005325,0.8766752481460571,0.4805477261543274,0.010902205482125282
2073.0,-0.5339354872703552,-0.7068644762039185,1.8425657749176025,-1.9906363487243652,-0.7989345788955688,0.6758987307548523,1.0266913175582886,-0.24847401678562164,-0.052653033286333084,-0.02602827176451683,0.8773112893104553,0.47900471091270447,-0.014211220666766167
2074.0,-0.5224303007125854,-0.699607789516449,1.805785059928894,-1.9231135845184326,-0.8362005352973938,0.6200326681137085,1.0391323566436768,-0.2470421940088272,-0.05261041596531868,-0.05528095364570618,0.876047670841217,0.4780944585800171,-0.030169039964675903
2075.0,-0.5088225603103638,-0.6877840757369995,1.7609301805496216,-1.8469990491867065,-0.8814476728439331,0.5560895800590515,1.0540268421173096,-0.24541813135147095,-0.0539436973631382,-0.09014889597892761,0.872655987739563,0.47740182280540466,-0.04931754618883133
2076.0,-0.4981432259082794,-0.6778712868690491,1.7298399209976196,-1.8071107864379883,-0.9137580990791321,0.5217515826225281,1.06607186794281,-0.24374337494373322,-0.055648576468229294,-0.11318112909793854,0.8709411025047302,0.47418808937072754,-0.0616220198571682
2077.0,-0.48808637261390686,-0.6763195991516113,1.709431529045105,-1.7738057374954224,-0.9389625191688538,0.49516886472702026,1.074159860610962,-0.23955129086971283,-0.05161309614777565,-0.13195112347602844,0.868822455406189,0.4718071520328522,-0.07165501266717911
2078.0,-0.4739997088909149,-0.6629750728607178,1.6727445125579834,-1.732825756072998,-0.9816638231277466,0.4558950364589691,1.0885385274887085,-0.23616380989551544,-0.05449366942048073,-0.16142259538173676,0.8654538989067078,0.4662298262119293,-0.08696018904447556
2079.0,-0.46157655119895935,-0.6532019972801208,1.6440645456314087,-1.7021336555480957,-1.015390396118164,0.42649534344673157,1.1003673076629639,-0.23197513818740845,-0.05565250292420387,-0.18503497540950775,0.8620316386222839,0.4613635241985321,-0.09903161227703094
2080.0,-0.44675561785697937,-0.6499974131584167,1.6176844835281372,-1.6634268760681152,-1.0509270429611206,0.3932131826877594,1.1109697818756104,-0.22435389459133148,-0.05027938261628151,-0.21109329164028168,0.8564906716346741,0.45733821392059326,-0.11271695047616959
2081.0,-0.46174144744873047,-0.6611226797103882,1.6498234272003174,-1.6968722343444824,-1.0102068185806274,0.42726197838783264,1.0977919101715088,-0.23013614118099213,-0.04912026599049568,-0.18286314606666565,0.8613977432250977,0.4635425806045532,-0.09840384125709534
2082.0,-0.5080122351646423,-0.6975350379943848,1.768814206123352,-1.849518060684204,-0.8747525215148926,0.5636680126190186,1.0521321296691895,-0.24248868227005005,-0.046245027333498,-0.08661797642707825,0.8728456497192383,0.47790026664733887,-0.04742506146430969
2083.0,-0.4937874972820282,-0.6864205002784729,1.7278941869735718,-1.788258671760559,-0.9179272651672363,0.5122207403182983,1.0668971538543701,-0.23955519497394562,-0.046529460698366165,-0.11852910369634628,0.8693348169326782,0.4754013121128082,-0.06481839716434479
2084.0,-0.4706961214542389,-0.6722323894500732,1.6735937595367432,-1.7174526453018188,-0.9826304316520691,0.4497973322868347,1.088140606880188,-0.2321091741323471,-0.0450589545071125,-0.16439934074878693,0.8637356758117676,0.46797433495521545,-0.08907199651002884
2085.0,-0.4542577266693115,-0.6764121651649475,1.6639271974563599,-1.7326745986938477,-1.0329500436782837,0.44151633977890015,1.097108244895935,-0.22408528625965118,-0.0392446406185627,-0.19183936715126038,0.8685470223426819,0.4462175965309143,-0.09855782985687256
2086.0,-0.4485534131526947,-0.6579442024230957,1.6263651847839355,-1.6638250350952148,-1.042216420173645,0.39832961559295654,1.1073198318481445,-0.22349785268306732,-0.04471449926495552,-0.20604072511196136,0.8568403124809265,0.45952337980270386,-0.11049961298704147
2087.0,-0.4219074249267578,-0.681343674659729,1.6478452682495117,-1.7692443132400513,-1.133190631866455,0.4134451448917389,1.1135894060134888,-0.20785529911518097,-0.03162573650479317,-0.24947290122509003,0.8737888336181641,0.4014008045196533,-0.11460277438163757
2088.0,-0.4184752106666565,-0.661007821559906,1.6090707778930664,-1.6953598260879517,-1.13227117061615,0.3748226761817932,1.1236687898635864,-0.20805980265140533,-0.03822030499577522,-0.2584812641143799,0.8607332110404968,0.4200192391872406,-0.1261332929134369
2089.0,-0.4001305401325226,-0.663455069065094,1.6020432710647583,-1.7176514863967896,-1.1847541332244873,0.3559485375881195,1.1324260234832764,-0.1976371556520462,-0.03449195995926857,-0.29084083437919617,0.8607348203659058,0.3958036005496979,-0.1337413787841797
2090.0,-0.38268667459487915,-0.6566027998924255,1.5797004699707031,-1.7042009830474854,-1.2309402227401733,0.31919869780540466,1.1437103748321533,-0.1882592737674713,-0.03417741134762764,-0.3239251673221588,0.8526247143745422,0.38327619433403015,-0.14561247825622559
2091.0,-0.3643765449523926,-0.7012448310852051,1.6553664207458496,-1.8888885974884033,-1.3063836097717285,0.34017640352249146,1.1321959495544434,-0.17354591190814972,-0.016481447964906693,-0.3577703833580017,0.871924102306366,0.3092659115791321,-0.1268988698720932
2092.0,-0.34694772958755493,-0.6995370388031006,1.6469234228134155,-1.8994461297988892,-1.3480854034423828,0.3008021414279938,1.1402091979980469,-0.16229350864887238,-0.015300932340323925,-0.39125147461891174,0.8626521825790405,0.2919297218322754,-0.13240322470664978
2093.0,-0.3238438367843628,-0.7153527736663818,1.674545168876648,-1.9867011308670044,-1.4145971536636353,0.25211602449417114,1.1396993398666382,-0.1452116221189499,-0.007760929875075817,-0.4398631155490875,0.8540005087852478,0.24701574444770813,-0.12722839415073395
2094.0,-0.3039989173412323,-0.715722918510437,1.6733874082565308,-2.011603355407715,-1.4614337682724,0.18971286714076996,1.1457781791687012,-0.1311475932598114,-0.006116139702498913,-0.4831220209598541,0.8358734250068665,0.22561819851398468,-0.13040384650230408
2095.0,-0.33890867233276367,-0.6887221336364746,1.623388648033142,-1.8657255172729492,-1.3619977235794067,0.27167078852653503,1.1489436626434326,-0.15797759592533112,-0.018220622092485428,-0.4069969952106476,0.8525066375732422,0.29600033164024353,-0.14131416380405426
2096.0,-0.30138880014419556,-0.6998761892318726,1.6399861574172974,-1.9505702257156372,-1.453578233718872,0.18428388237953186,1.1560941934585571,-0.12999697029590607,-0.011451142840087414,-0.4814762771129608,0.829947292804718,0.24368593096733093,-0.14136922359466553
2097.0,-0.28384366631507874,-0.7085561752319336,1.6577494144439697,-2.0080695152282715,-1.4981180429458618,0.12852166593074799,1.1560800075531006,-0.11620274931192398,-0.007355350069701672,-0.5214873552322388,0.8141272664070129,0.21509364247322083,-0.13777773082256317
2098.0,-0.2801573872566223,-0.72771155834198,1.7026151418685913,-2.1022756099700928,-1.520289421081543,0.10589421540498734,1.1440726518630981,-0.11191754788160324,-0.0009816766250878572,-0.5398839116096497,0.8121535181999207,0.18421670794487,-0.12245914340019226
2099.0,-0.2681337893009186,-0.7325786352157593,1.7169066667556763,-2.1473474502563477,-1.5475201606750488,0.05382419377565384,1.1430524587631226,-0.10188093781471252,0.0010782897006720304,-0.5705660581588745,0.7958218455314636,0.16480524837970734,-0.11815745383501053
2100.0,-0.25093233585357666,-0.7408767938613892,1.7440016269683838,-2.224700927734375,-1.5838462114334106,-0.03582082316279411,1.1389275789260864,-0.08652739971876144,0.004205835051834583,-0.61844801902771,0.7663562893867493,0.13528263568878174,-0.10917281359434128
2101.0,-0.2515086233615875,-0.7287116646766663,1.7113968133926392,-2.1579933166503906,-1.5721709728240967,-0.0032927831634879112,1.149176836013794,-0.08797018229961395,0.0002814948675222695,-0.6022738814353943,0.7737376689910889,0.15502893924713135,-0.12067383527755737
2102.0,-0.24169591069221497,-0.7404935956001282,1.7467552423477173,-2.242185354232788,-1.5942668914794922,-0.06734003871679306,1.1404151916503906,-0.07784166187047958,0.004174483008682728,-0.635319709777832,0.7539662718772888,0.1277410387992859,-0.10763929784297943
2103.0,-0.23381085693836212,-0.7505719661712646,1.7800806760787964,-2.3198957443237305,-1.6147228479385376,-0.15130950510501862,1.1308784484863281,-0.06968075782060623,0.007487398572266102,-0.6727944612503052,0.7261923551559448,0.103721484541893,-0.09609469771385193
2104.0,-0.25416937470436096,-0.7506914734840393,1.770095944404602,-2.272406578063965,-1.5900425910949707,-0.05843919515609741,1.1291390657424927,-0.0887327641248703,0.007281375117599964,-0.6277855634689331,0.7620767951011658,0.12234114855527878,-0.10078250616788864
2105.0,-0.2615284323692322,-0.7574092745780945,1.7857547998428345,-2.292786121368408,-1.5864675045013428,-0.04950082302093506,1.12155282497406,-0.09462115168571472,0.009297159500420094,-0.6218684315681458,0.7680759429931641,0.11873361468315125,-0.09613201022148132
2106.0,-0.2665543556213379,-0.7458741068840027,1.7516100406646729,-2.218954563140869,-1.5656838417053223,0.013681884855031967,1.1321985721588135,-0.09997314214706421,0.005542975850403309,-0.5914702415466309,0.7864671349525452,0.1421433985233307,-0.10690033435821533
2107.0,-0.2871644198894501,-0.7378214001655579,1.72590970993042,-2.1386356353759766,-1.5158969163894653,0.12217962741851807,1.1348077058792114,-0.11672927439212799,0.0020471035968512297,-0.5315755605697632,0.8205080032348633,0.17643305659294128,-0.11430419236421585
2108.0,-0.29868847131729126,-0.7378047704696655,1.7239463329315186,-2.117784023284912,-1.4929118156433105,0.16414307057857513,1.1319351196289062,-0.12564906477928162,0.0015069365035742521,-0.5058457255363464,0.8338489532470703,0.18890194594860077,-0.11459539830684662
2109.0,-0.3230552673339844,-0.7386634349822998,1.7246267795562744,-2.0836901664733887,-1.4376071691513062,0.25385376811027527,1.1245521306991577,-0.14290854334831238,0.00037394167156890035,-0.4487316608428955,0.8601076602935791,0.21508793532848358,-0.11221473664045334
2110.0,-0.3008587658405304,-0.7550892233848572,1.7649168968200684,-2.1927921772003174,-1.5080078840255737,0.15240445733070374,1.117437720298767,-0.12612544000148773,0.007252019830048084,-0.5148192644119263,0.8348141312599182,0.16602365672588348,-0.10238467901945114
2111.0,-0.3178294003009796,-0.7524772882461548,1.7565284967422485,-2.151700258255005,-1.4644135236740112,0.23154689371585846,1.1154409646987915,-0.13811473548412323,0.005354118533432484,-0.4674813747406006,0.8571956157684326,0.1896751970052719,-0.1034415140748024
2112.0,-0.3424781262874603,-0.7409025430679321,1.7307971715927124,-2.0661730766296387,-1.3922765254974365,0.318137526512146,1.1166597604751587,-0.15563838183879852,-0.0003205418470315635,-0.40488240122795105,0.8770261406898499,0.23482561111450195,-0.1084081158041954
2113.0,-0.34346017241477966,-0.725547194480896,1.6986232995986938,-2.0039217472076416,-1.3766268491744995,0.31145110726356506,1.126441240310669,-0.1577678769826889,-0.005839231424033642,-0.4008941352367401,0.8718324303627014,0.255675733089447,-0.11756721138954163
2114.0,-0.36529648303985596,-0.7212252020835876,1.6960046291351318,-1.966766357421875,-1.3152514696121216,0.36909037828445435,1.1207232475280762,-0.17167648673057556,-0.009686681441962719,-0.35282784700393677,0.8834463357925415,0.28629007935523987,-0.11433756351470947
2115.0,-0.37131184339523315,-0.7303981184959412,1.7162184715270996,-1.9956799745559692,-1.307938814163208,0.39216795563697815,1.1126158237457275,-0.17449770867824554,-0.007049578242003918,-0.3408221900463104,0.89032381772995,0.28197890520095825,-0.10794351249933243
2116.0,-0.39436835050582886,-0.7230275869369507,1.710900068283081,-1.948891043663025,-1.2389209270477295,0.4364025294780731,1.107035756111145,-0.188550665974617,-0.012528914026916027,-0.29398253560066223,0.8950395584106445,0.3186309039592743,-0.10465676337480545
2117.0,-0.44718682765960693,-0.7042883038520813,1.7089875936508179,-1.8453139066696167,-1.070448398590088,0.49192672967910767,1.0892332792282104,-0.21737004816532135,-0.02770865336060524,-0.19709210097789764,0.8877023458480835,0.40620851516723633,-0.09018843621015549
2118.0,-0.41454753279685974,-0.7195401787757874,1.7149347066879272,-1.921983242034912,-1.1787229776382446,0.470602810382843,1.0992621183395386,-0.199713334441185,-0.01665141060948372,-0.2546791732311249,0.8969894647598267,0.3475765585899353,-0.09868624061346054
2119.0,-0.37931451201438904,-0.7451581954956055,1.7501922845840454,-2.049288749694824,-1.2955741882324219,0.4373280704021454,1.0999469757080078,-0.17693674564361572,-0.002777430461719632,-0.3189655840396881,0.9023676514625549,0.2732483148574829,-0.09658680856227875
2120.0,-0.3422186076641083,-0.7610096335411072,1.7760542631149292,-2.151533365249634,-1.411995530128479,0.3285634219646454,1.101546287536621,-0.1531343311071396,0.006502759642899036,-0.4080307185649872,0.8839597702026367,0.2072935402393341,-0.09568548947572708
2121.0,-0.32677170634269714,-0.7611185312271118,1.7764676809310913,-2.1757607460021973,-1.4511884450912476,0.26766830682754517,1.1059290170669556,-0.14315272867679596,0.007666182704269886,-0.4476020336151123,0.8688271045684814,0.18814142048358917,-0.09692662209272385
2122.0,-0.2919244170188904,-0.7685901522636414,1.801156997680664,-2.2720820903778076,-1.5462838411331177,0.0711388885974884,1.1063576936721802,-0.11864272505044937,0.012141418643295765,-0.558351993560791,0.8129663467407227,0.1362699419260025,-0.09359133243560791
2123.0,-0.3041880130767822,-0.7714112997055054,1.8043044805526733,-2.25913405418396,-1.521569013595581,0.13626757264137268,1.101684331893921,-0.1272229701280594,0.012581524439156055,-0.5239089727401733,0.8340036869049072,0.14656278491020203,-0.092068612575531
2124.0,-0.28644487261772156,-0.7785936594009399,1.8296414613723755,-2.32987904548645,-1.5722880363464355,-0.004963231738656759,1.0962918996810913,-0.1136096864938736,0.015571665950119495,-0.5946194529533386,0.7907384634017944,0.1162625104188919,-0.0874270647764206
2125.0,-0.29035213589668274,-0.7851382493972778,1.8439701795578003,-2.3451313972473145,-1.5750844478607178,-0.014662733301520348,1.0885628461837769,-0.11616835743188858,0.017591040581464767,-0.5973851680755615,0.78932124376297,0.11305583268404007,-0.0855644941329956
2126.0,-0.310956746339798,-0.7804965376853943,1.8247498273849487,-2.2829902172088623,-1.5172141790390015,0.15408290922641754,1.0913594961166382,-0.13093878328800201,0.015241843648254871,-0.5139641165733337,0.8413376212120056,0.142774760723114,-0.08721956610679626
2127.0,-0.35285690426826477,-0.7660362720489502,1.7888438701629639,-2.160083770751953,-1.3872363567352295,0.3756089508533478,1.094232201576233,-0.15876178443431854,0.007321042008697987,-0.37958839535713196,0.8955647349357605,0.21370907127857208,-0.09058137238025665
2128.0,-0.3554917275905609,-0.7736440300941467,1.8060576915740967,-2.1863391399383545,-1.388969898223877,0.38768139481544495,1.0869859457015991,-0.1593913584947586,0.009741407819092274,-0.37457334995269775,0.8996323943138123,0.20716290175914764,-0.08625489473342896
2129.0,-0.3232707381248474,-0.7864773869514465,1.8361097574234009,-2.283132314682007,-1.4937536716461182,0.21604152023792267,1.083235263824463,-0.13840408623218536,0.016633551567792892,-0.4801994860172272,0.8601368069648743,0.15015333890914917,-0.08382801711559296
2130.0,-0.29240408539772034,-0.7907602787017822,1.8566139936447144,-2.359764337539673,-1.5787732601165771,-0.028061876073479652,1.0819916725158691,-0.11709051579236984,0.01936107501387596,-0.6023696660995483,0.7861878871917725,0.10958769172430038,-0.08396505564451218
2131.0,-0.2884048521518707,-0.7972983717918396,1.8731125593185425,-2.385408878326416,-1.6006866693496704,-0.11134067177772522,1.0744187831878662,-0.11390559375286102,0.021659310907125473,-0.6377730965614319,0.7589926719665527,0.10033566504716873,-0.08431096374988556
2132.0,-0.317573606967926,-0.7949528098106384,1.85799241065979,-2.325193405151367,-1.5183125734329224,0.16307631134986877,1.075088381767273,-0.1332796812057495,0.019660335034132004,-0.5086939930915833,0.846727728843689,0.13357612490653992,-0.0802493765950203
2133.0,-0.3577364981174469,-0.7863574028015137,1.8368555307388306,-2.240020990371704,-1.3933682441711426,0.4147304892539978,1.0752018690109253,-0.15827353298664093,0.013891142792999744,-0.3646392524242401,0.9076607823371887,0.19284258782863617,-0.07747164368629456
2134.0,-0.38341715931892395,-0.7914015650749207,1.8552122116088867,-2.2416117191314697,-1.3225631713867188,0.5350017547607422,1.062717318534851,-0.17106415331363678,0.013262820430099964,-0.2889558672904968,0.9296396970748901,0.21833258867263794,-0.0678633600473404
2135.0,-0.4283360242843628,-0.7886514663696289,1.8807567358016968,-2.251678228378296,-1.1748548746109009,0.7241317629814148,1.0472493171691895,-0.1918007880449295,0.006841492839157581,-0.16001825034618378,0.947234034538269,0.2738640606403351,-0.04626443237066269
2136.0,-0.39357492327690125,-0.7779326438903809,1.8259602785110474,-2.169729709625244,-1.282800316810608,0.5325532555580139,1.0702219009399414,-0.17930491268634796,0.007448685355484486,-0.275325208902359,0.9252383708953857,0.2501761019229889,-0.0744454562664032
2137.0,-0.44409823417663574,-0.7636160850524902,1.8288486003875732,-2.108487367630005,-1.1137288808822632,0.6482667326927185,1.0579004287719727,-0.20534352958202362,-0.004965352825820446,-0.16541366279125214,0.9275316596031189,0.329941064119339,-0.05884086340665817
2138.0,-0.4215671420097351,-0.7573903799057007,1.7972034215927124,-2.075268030166626,-1.1813685894012451,0.5693915486335754,1.0730026960372925,-0.19670315086841583,-0.0038876712787896395,-0.2214459627866745,0.9213087558746338,0.31076136231422424,-0.0746946707367897
2139.0,-0.3930738866329193,-0.7620314955711365,1.791511058807373,-2.107110023498535,-1.2701719999313354,0.503575325012207,1.0825363397598267,-0.18181900680065155,0.001666676951572299,-0.282611608505249,0.9169503450393677,0.26916638016700745,-0.08295927941799164
2140.0,-0.39185893535614014,-0.7500205636024475,1.7648066282272339,-2.056811571121216,-1.2658164501190186,0.4747317135334015,1.0913089513778687,-0.18334367871284485,-0.0024900019634515047,-0.29176777601242065,0.909210205078125,0.2827948331832886,-0.09074955433607101
2141.0,-0.42023801803588867,-0.7380236387252808,1.7551424503326416,-1.9927107095718384,-1.1743448972702026,0.5182794332504272,1.085929274559021,-0.19984020292758942,-0.010724487714469433,-0.23652884364128113,0.9088227152824402,0.3325713872909546,-0.08655453473329544
2142.0,-0.44431614875793457,-0.7322197556495667,1.7611933946609497,-1.9619899988174438,-1.0956194400787354,0.5530581474304199,1.076658010482788,-0.21176059544086456,-0.016845185309648514,-0.19022157788276672,0.9061020016670227,0.36982065439224243,-0.07763790339231491
2143.0,-0.46497780084609985,-0.7293386459350586,1.7731493711471558,-1.9455082416534424,-1.0286567211151123,0.5781133770942688,1.0662931203842163,-0.22097541391849518,-0.0216040201485157,-0.1524718552827835,0.9015017151832581,0.39935562014579773,-0.0675434023141861
2144.0,-0.48950058221817017,-0.7252528667449951,1.7926058769226074,-1.9381033182144165,-0.9408271312713623,0.6102978587150574,1.053465485572815,-0.23048953711986542,-0.02818926051259041,-0.10509216785430908,0.8932846188545227,0.4340401291847229,-0.051063474267721176
2145.0,-0.5122886300086975,-0.7081062197685242,1.7896597385406494,-1.8777556419372559,-0.8545472025871277,0.5909294486045837,1.0456770658493042,-0.2412227839231491,-0.040872830897569656,-0.07211259007453918,0.8742662072181702,0.47843608260154724,-0.039463110268116
2146.0,-0.5015544295310974,-0.7374473810195923,1.8358068466186523,-2.0165023803710938,-0.9019662737846375,0.6815232634544373,1.039366364479065,-0.23155908286571503,-0.02588837221264839,-0.06912754476070404,0.898261308670044,0.43271157145500183,-0.03330020606517792
2147.0,-0.4683915376663208,-0.7689985036849976,1.869269609451294,-2.1674060821533203,-1.0331143140792847,0.7488088011741638,1.0413368940353394,-0.21303369104862213,-0.006718534044921398,-0.0990590900182724,0.930756688117981,0.3499884307384491,-0.03724876418709755
2148.0,-0.502574622631073,-0.7691247463226318,1.926186442375183,-2.254138708114624,-0.9121524095535278,0.8735405802726746,1.0172638893127441,-0.22201356291770935,-0.01264874916523695,-0.0138693293556571,0.9228627681732178,0.38483598828315735,-0.005783542990684509
2149.0,-0.5397259593009949,-0.7544357776641846,1.9686781167984009,-2.2954862117767334,-0.7676631212234497,0.933405339717865,0.9947417974472046,-0.2321786731481552,-0.02568032220005989,0.051017243415117264,0.8965717554092407,0.43923985958099365,0.024993879720568657
2150.0,-0.5365757942199707,-0.7281357645988464,1.8748120069503784,-2.0313758850097656,-0.7697492241859436,0.719963014125824,1.0175728797912598,-0.24245180189609528,-0.038202036172151566,-0.0061713154427707195,0.8770409226417542,0.4803641438484192,-0.003380091628059745
2151.0,-0.5503478050231934,-0.7329225540161133,1.9250736236572266,-2.1390132904052734,-0.7201284170150757,0.8070422410964966,1.000962257385254,-0.24226920306682587,-0.03972064331173897,0.033598169684410095,0.8754907846450806,0.4817107915878296,0.01848631724715233
2152.0,-0.5616267919540405,-0.7339828610420227,1.9669971466064453,-2.2369394302368164,-0.6802579164505005,0.884681761264801,0.9866786003112793,-0.24163196980953217,-0.04124361649155617,0.06631611287593842,0.87229984998703,0.48305946588516235,0.03672432899475098
2153.0,-0.5689259171485901,-0.7335423827171326,2.001582622528076,-2.3262479305267334,-0.6558960676193237,0.9533181190490723,0.9747183918952942,-0.2395600527524948,-0.04227902367711067,0.09086067229509354,0.8703380227088928,0.48138394951820374,0.05025503784418106
2154.0,-0.5284230709075928,-0.715764582157135,1.8377107381820679,-1.967816948890686,-0.805620014667511,0.6636354327201843,1.0292868614196777,-0.2443942129611969,-0.04351506009697914,-0.03327775374054909,0.8768362998962402,0.47929102182388306,-0.018190087750554085
2155.0,-0.540749728679657,-0.721981406211853,1.8802376985549927,-2.052114725112915,-0.7631814479827881,0.7323970198631287,1.0151543617248535,-0.24503786861896515,-0.04451807215809822,0.00041058214264921844,0.8771559000015259,0.4802054762840271,0.00022477623133454472
2156.0,-0.553080141544342,-0.7260404229164124,1.9254896640777588,-2.1498000621795654,-0.7184139490127563,0.8114709258079529,1.0001611709594727,-0.2447148710489273,-0.04568462446331978,0.03627282753586769,0.8754673004150391,0.48150110244750977,0.019949810579419136
2157.0,-0.5633067488670349,-0.725520670413971,1.9610978364944458,-2.233912944793701,-0.6855624318122864,0.8765210509300232,0.9875336289405823,-0.24469734728336334,-0.04828796163201332,0.06394197791814804,0.8729247450828552,0.4823540151119232,0.0353325679898262
2158.0,-0.5700069665908813,-0.7261155843734741,1.9932845830917358,-2.3145229816436768,-0.6624785661697388,0.9389304518699646,0.9764212369918823,-0.24261033535003662,-0.04855245724320412,0.08661480247974396,0.8711236119270325,0.48099303245544434,0.04782457277178764
2159.0,-0.5792257189750671,-0.7218834757804871,2.0357460975646973,-2.433852195739746,-0.632957935333252,1.0301198959350586,0.9612609148025513,-0.23989154398441315,-0.05043087527155876,0.11774381995201111,0.867383599281311,0.4791160225868225,0.06503806263208389
2160.0,-0.5860467553138733,-0.716195821762085,2.0733702182769775,-2.548269748687744,-0.6103034019470215,1.117620587348938,0.9474805593490601,-0.2359524518251419,-0.051092784851789474,0.14481134712696075,0.8632368445396423,0.4769182801246643,0.08000491559505463
2161.0,-0.594172477722168,-0.6998926997184753,2.1276695728302,-2.7446510791778564,-0.5812633633613586,1.2697151899337769,0.9272598028182983,-0.22826404869556427,-0.051738109439611435,0.18695461750030518,0.8548595905303955,0.472832053899765,0.103406623005867
2162.0,-0.5893523693084717,-0.7119879126548767,2.1038265228271484,-2.6501073837280273,-0.5929640531539917,1.1992601156234741,0.9371430277824402,-0.23087461292743683,-0.048611823469400406,0.1674504578113556,0.8589740991592407,0.474923700094223,0.09258276224136353
2163.0,-0.5820071697235107,-0.7259168028831482,2.0661251544952393,-2.5138535499572754,-0.6132367253303528,1.0968871116638184,0.9515436291694641,-0.23448576033115387,-0.044405508786439896,0.13775627315044403,0.8639355897903442,0.4783520996570587,0.07627420127391815
2164.0,-0.5753995776176453,-0.7309141159057617,2.0321428775787354,-2.4116485118865967,-0.6347677111625671,1.0187772512435913,0.9638970494270325,-0.23752810060977936,-0.043402064591646194,0.11307746171951294,0.8676630854606628,0.4800626039505005,0.06256375461816788
2165.0,-0.5856668949127197,-0.7215675115585327,2.0959646701812744,-2.6122701168060303,-0.5962674021720886,1.1749464273452759,0.9413507580757141,-0.22999270260334015,-0.04293743148446083,0.159809872508049,0.8601293563842773,0.47624439001083374,0.08848500996828079
2166.0,-0.590310275554657,-0.7109652757644653,2.1301276683807373,-2.7399535179138184,-0.5783408880233765,1.2748141288757324,0.9287633895874023,-0.22480511665344238,-0.04266296699643135,0.1866597682237625,0.8543878793716431,0.4737781286239624,0.10350721329450607
2167.0,-0.5903159379959106,-0.7087964415550232,2.149496078491211,-2.8127942085266113,-0.5694316625595093,1.3361172676086426,0.9224850535392761,-0.21970628201961517,-0.03814825788140297,0.20126783847808838,0.8507430553436279,0.47247567772865295,0.11177776753902435
2168.0,-0.5809914469718933,-0.7287395596504211,2.113159418106079,-2.6762731075286865,-0.609307587146759,1.2347791194915771,0.9378793239593506,-0.2239750772714615,-0.03450312092900276,0.17108654975891113,0.8636080026626587,0.465206503868103,0.09216053783893585
2169.0,-0.5434566736221313,-0.6081414222717285,1.6762069463729858,0.5479575395584106,0.7873461842536926,-1.6348376274108887,0.9258509874343872,-0.1972852200269699,-0.011745232157409191,0.22776441276073456,0.8955460786819458,0.37046369910240173,0.0942201241850853
2170.0,-0.5556630492210388,-0.6158714294433594,1.7100672721862793,0.47473040223121643,0.7357166409492493,-1.5682737827301025,0.9129712581634521,-0.1956423968076706,-0.01709314063191414,0.2514520585536957,0.878823459148407,0.389868825674057,0.11155064404010773
2171.0,-0.5411636829376221,-0.6479207277297974,1.738509178161621,0.41029101610183716,0.7964611649513245,-1.4709762334823608,0.9071513414382935,-0.18482039868831635,-0.010906624607741833,0.27901268005371094,0.8824521899223328,0.36110228300094604,0.11417287588119507
2172.0,-0.5518211722373962,-0.6554813385009766,1.7715288400650024,0.333282470703125,0.7483804225921631,-1.405733585357666,0.8953143358230591,-0.18235565721988678,-0.016441304236650467,0.29825904965400696,0.8653098940849304,0.380851149559021,0.1312735676765442
2173.0,-0.5702776312828064,-0.6579883694648743,1.8106448650360107,0.22375354170799255,0.6643147468566895,-1.3257728815078735,0.8811768293380737,-0.1820380538702011,-0.02659216895699501,0.3157324194908142,0.8383123278617859,0.4159388542175293,0.1566545069217682
2174.0,-0.5709697008132935,-0.6810837984085083,1.8581652641296387,0.09777245670557022,0.6528041362762451,-1.2043204307556152,0.868324339389801,-0.1731814593076706,-0.030010122805833817,0.3422902822494507,0.8205746412277222,0.4224275052547455,0.1762092411518097
2175.0,-0.5780609846115112,-0.6935911178588867,1.9002455472946167,-0.03176230192184448,0.6140832304954529,-1.0980651378631592,0.856853723526001,-0.16844423115253448,-0.03700469806790352,0.3582444489002228,0.7984235882759094,0.4415152668952942,0.19810336828231812
2176.0,-0.5930348038673401,-0.6101280450820923,1.7770441770553589,0.28962403535842896,0.5598750710487366,-1.436181664466858,0.8852279186248779,-0.19655710458755493,-0.03944161906838417,0.2850073277950287,0.8261837959289551,0.459426611661911,0.1584876924753189
2177.0,-0.5937758684158325,-0.5737044811248779,1.7213295698165894,0.4446116089820862,0.555652916431427,-1.596031904220581,0.9004426002502441,-0.20716600120067596,-0.038233328610658646,0.25008630752563477,0.8373441696166992,0.4657880961894989,0.139115110039711
2178.0,-0.5877195596694946,-0.5540314316749573,1.6807730197906494,0.5555600523948669,0.5830247402191162,-1.7041280269622803,0.9138314127922058,-0.21254007518291473,-0.03490980342030525,0.2237561196088791,0.8505878448486328,0.46019402146339417,0.12105890363454819
2179.0,-0.5502568483352661,-0.5741323828697205,1.635941505432129,0.6413865685462952,0.7562516927719116,-1.7518757581710815,0.9369106888771057,-0.20727187395095825,-0.015795398503541946,0.19391800463199615,0.8958197832107544,0.39082664251327515,0.08460219204425812
2180.0,-0.5701585412025452,-0.4985356628894806,1.57338547706604,0.8229549527168274,0.6568520069122314,-1.9754663705825806,0.9512084126472473,-0.2259836047887802,-0.030506465584039688,0.14475686848163605,0.8764585256576538,0.4530635476112366,0.07482847571372986
2181.0,-0.5588228702545166,-0.45946019887924194,1.5063546895980835,0.9787562489509583,0.6939932107925415,-2.1374189853668213,0.9755187034606934,-0.23305033147335052,-0.03106806054711342,0.09227024018764496,0.8824828863143921,0.4587048292160034,0.04796105623245239
2182.0,-0.5476977825164795,-0.5101936459541321,1.5449271202087402,0.8509355187416077,0.7528820633888245,-1.9906079769134521,0.966029167175293,-0.22189538180828094,-0.02020852640271187,0.12012427300214767,0.9003525376319885,0.414579302072525,0.05531281977891922
2183.0,-0.5241004228591919,-0.5635766386985779,1.5768545866012573,0.7455511093139648,0.8581668734550476,-1.8540003299713135,0.9613674283027649,-0.20700080692768097,-0.006476852111518383,0.14462211728096008,0.9223549962043762,0.35392943024635315,0.05549492686986923
2184.0,-0.5055932998657227,-0.6051650643348694,1.6141301393508911,0.6569836139678955,0.9332307577133179,-1.7297824621200562,0.9526451230049133,-0.19264847040176392,0.0017134069930762053,0.17824625968933105,0.9317641854286194,0.31066370010375977,0.05942988768219948
2185.0,-0.5004558563232422,-0.6322430372238159,1.6513761281967163,0.5824294686317444,0.9551129341125488,-1.6240360736846924,0.941283643245697,-0.18412096798419952,0.004096177406609058,0.21584467589855194,0.9281203746795654,0.2954370081424713,0.06870714575052261
2186.0,-0.5144707560539246,-0.6465756297111511,1.695191740989685,0.5008828043937683,0.9025788307189941,-1.5364311933517456,0.9249008893966675,-0.18208815157413483,-0.0004504501703195274,0.2526262104511261,0.9102498888969421,0.3161143958568573,0.08773279935121536
2187.0,-0.4550965428352356,-0.6624139547348022,1.6523836851119995,0.566734254360199,1.115161418914795,-1.5387794971466064,0.946541965007782,-0.16382935643196106,0.016459297388792038,0.23337455093860626,0.9457709193229675,0.21937070786952972,0.05413100868463516
2188.0,-0.46389710903167725,-0.6403748393058777,1.6219333410263062,0.6213453412055969,1.0847150087356567,-1.6394402980804443,0.9562036991119385,-0.173045352101326,0.014282983727753162,0.19433574378490448,0.9508369565010071,0.23624414205551147,0.04828449711203575
2189.0,-0.4779290556907654,-0.6088767647743225,1.584456443786621,0.6934143304824829,1.031977891921997,-1.7604786157608032,0.9672190546989441,-0.18547140061855316,0.00975219625979662,0.1512048840522766,0.9509087204933167,0.2666677236557007,0.04240308329463005
2190.0,-0.49888017773628235,-0.5649831891059875,1.5433297157287598,0.7881494760513306,0.9486494660377502,-1.8986753225326538,0.9771823883056641,-0.20111453533172607,0.001285803271457553,0.11070195585489273,0.9414372444152832,0.3163190186023712,0.03719539940357208
2191.0,-0.5192930102348328,-0.5096603631973267,1.4960178136825562,0.9124221801757812,0.860396683216095,-2.0517170429229736,0.988343358039856,-0.21753446757793427,-0.010321962647140026,0.07451290637254715,0.9237384796142578,0.3744896650314331,0.03020801953971386
2192.0,-0.4787391722202301,-0.5490025877952576,1.4940884113311768,0.8617902398109436,1.013846516609192,-1.9978832006454468,0.9969624876976013,-0.1990794986486435,0.005388823337852955,0.057017505168914795,0.9536308646202087,0.2950018048286438,0.017638130113482475
2193.0,-0.43334099650382996,-0.6336752772331238,1.5809228420257568,0.674444317817688,1.1858088970184326,-1.7056142091751099,0.9743551015853882,-0.1654861569404602,0.020415913313627243,0.1507277637720108,0.9695786237716675,0.19057998061180115,0.029626991599798203
2194.0,-0.4208042323589325,-0.6271030902862549,1.5590022802352905,0.7021008729934692,1.2247506380081177,-1.7552660703659058,0.9837247133255005,-0.1627049744129181,0.022354301065206528,0.12147596478462219,0.9770697355270386,0.17353114485740662,0.02157457359135151
2195.0,-0.3874969184398651,-0.6469399333000183,1.5710339546203613,0.6676561236381531,1.3359975814819336,-1.6606340408325195,0.9824994206428528,-0.1451212614774704,0.027615424245595932,0.1484655737876892,0.9819021224975586,0.11626317352056503,0.017579227685928345
2196.0,-0.35681524872779846,-0.6439889073371887,1.5509618520736694,0.6826269030570984,1.4265711307525635,-1.700901985168457,0.9926488399505615,-0.13185209035873413,0.030205603688955307,0.11348628252744675,0.990879476070404,0.07218272984027863,0.008267149329185486
2197.0,-0.34465456008911133,-0.6382806897163391,1.5340650081634521,0.6952911019325256,1.4604766368865967,-1.9175865650177002,1.0009926557540894,-0.12773068249225616,0.030897032469511032,-0.0005071606137789786,0.9984278082847595,0.05529789254069328,0.009157008491456509
2198.0,-0.3807622194290161,-0.6334853172302246,1.5412793159484863,0.703543484210968,1.3531814813613892,-1.7565107345581055,0.9950112700462341,-0.14591053128242493,0.028163250535726547,0.09896435588598251,0.9889452457427979,0.10987569391727448,0.01099532563239336
2199.0,-0.4258282482624054,-0.6102787852287292,1.5342904329299927,0.7442770004272461,1.2043087482452393,-1.8372396230697632,0.9919442534446716,-0.16850386559963226,0.020924296230077744,0.08703316003084183,0.9782660603523254,0.18746362626552582,0.016678031533956528
2200.0,-0.43584516644477844,-0.5769035220146179,1.4902393817901611,0.8303648829460144,1.1650446653366089,-1.9873732328414917,1.0048354864120483,-0.17905354499816895,0.017410408705472946,0.026797670871019363,0.9756202101707458,0.21774138510227203,0.005980771500617266
2201.0,-0.469430536031723,-0.5170436501502991,1.4411417245864868,0.9660361409187317,1.0413779020309448,-2.1504833698272705,1.0138585567474365,-0.20152075588703156,0.004404884763062,-0.010971127077937126,0.9537361264228821,0.3004252016544342,-0.00345588568598032
2202.0,-0.45069804787635803,-0.5028150081634521,1.4022753238677979,1.0260318517684937,1.1044198274612427,-2.259796142578125,1.028122901916504,-0.19714945554733276,0.007210400886833668,-0.07335983216762543,0.9557302594184875,0.28411734104156494,-0.02180824801325798
2203.0,-0.4067717492580414,-0.5141555070877075,1.379348874092102,1.0237786769866943,1.2524052858352661,-2.3816046714782715,1.0408788919448853,-0.17695747315883636,0.016174878925085068,-0.17100580036640167,0.9601001739501953,0.21785107254981995,-0.03880198672413826
2204.0,-0.41875985264778137,-0.5516265034675598,1.440056324005127,0.9163418412208557,1.2185630798339844,-2.17535662651062,1.0216737985610962,-0.17645499110221863,0.018572356551885605,-0.07034522294998169,0.975482702255249,0.2079906016588211,-0.014998877421021461
2205.0,-0.3744920790195465,-0.5482437014579773,1.4060596227645874,0.9453698396682739,1.3618077039718628,-2.4218335151672363,1.0368907451629639,-0.15717501938343048,0.024167057126760483,-0.22140341997146606,0.9627840518951416,0.15106512606143951,-0.034739185124635696
2206.0,-0.3890843093395233,-0.6007760167121887,1.4925028085708618,0.792421817779541,1.3210272789001465,-2.0023934841156006,1.010001301765442,-0.15562742948532104,0.02599627897143364,-0.014001252129673958,0.9905450940132141,0.1364576816558838,-0.0019288149196654558
2207.0,-0.3727148771286011,-0.5834183692932129,1.4567838907241821,0.8490586280822754,1.3719850778579712,-2.229267120361328,1.022245168685913,-0.15114834904670715,0.02715064212679863,-0.13384228944778442,0.9831650853157043,0.1232525035738945,-0.016778867691755295
2208.0,-0.3552536070346832,-0.6224679946899414,1.5103944540023804,0.7387520670890808,1.4273552894592285,-1.9438060522079468,1.0081775188446045,-0.13611464202404022,0.03000275418162346,-0.006849769502878189,0.9970183372497559,0.07685846090316772,-0.0005280371988192201
2209.0,-0.3359472453594208,-0.6002019047737122,1.4684494733810425,0.8059079051017761,1.4842287302017212,-1.907220721244812,1.0222089290618896,-0.12990634143352509,0.030557256191968918,0.0019971781875938177,0.9977300763130188,0.0578184612095356,-0.03446381539106369
2210.0,-0.3127196729183197,-0.6043664813041687,1.4698542356491089,0.7927818894386292,1.546502947807312,-1.8826829195022583,1.0235620737075806,-0.11576271057128906,0.03153510019183159,0.0009471500525251031,0.9989697337150574,0.024980660527944565,-0.03787626698613167
2211.0,-0.3045559525489807,-0.8215728402137756,1.9525991678237915,-2.5345211029052734,-1.5710296630859375,-0.0013817261205986142,1.0416172742843628,-0.1167585477232933,0.029435347765684128,-0.5901569724082947,0.8029531836509705,0.06732483953237534,-0.04948262497782707
2212.0,-0.3290107250213623,-0.8230715394020081,1.9562216997146606,-2.52850604057312,-1.5028833150863647,0.36561423540115356,1.0383023023605347,-0.13104046881198883,0.028943996876478195,-0.41963863372802734,0.9028252363204956,0.08511655777692795,-0.03956269100308418
2213.0,-0.3067081570625305,-0.8144949078559875,1.918503761291504,-2.4506351947784424,-1.5663847923278809,0.019345998764038086,1.052814245223999,-0.12187470495700836,0.02670837566256523,-0.579103410243988,0.8075419664382935,0.09091175347566605,-0.0651945024728775
2214.0,-0.33461299538612366,-0.8156458735466003,1.9212987422943115,-2.438549041748047,-1.4836647510528564,0.34454816579818726,1.049206018447876,-0.1377771645784378,0.025774013251066208,-0.4230794608592987,0.8972615003585815,0.11414491385221481,-0.053821954876184464
2215.0,-0.36879628896713257,-0.8070127964019775,1.897652268409729,-2.3544178009033203,-1.3742082118988037,0.5521606802940369,1.052395224571228,-0.15892855823040009,0.020161908119916916,-0.2997353971004486,0.9368019700050354,0.1718634068965912,-0.05498873442411423
2216.0,-0.3341221809387207,-0.8030050992965698,1.8745139837265015,-2.3295745849609375,-1.4821630716323853,0.26721152663230896,1.064113974571228,-0.1421695500612259,0.021470140665769577,-0.45372945070266724,0.876362144947052,0.14351873099803925,-0.07430566847324371
2217.0,-0.30932143330574036,-0.804027259349823,1.8820366859436035,-2.370797634124756,-1.5519559383392334,0.06591449677944183,1.0657124519348145,-0.12651340663433075,0.02300919219851494,-0.556276798248291,0.8193123936653137,0.11488649249076843,-0.07800284028053284
2218.0,-0.2911389172077179,-0.8063018321990967,1.8920291662216187,-2.401285171508789,-1.5983765125274658,-0.10529571771621704,1.0638395547866821,-0.11339516192674637,0.024330269545316696,-0.6345438957214355,0.7622150778770447,0.09836793690919876,-0.08189128339290619
2219.0,-0.28278738260269165,-0.8004841208457947,1.8804038763046265,-2.392516851425171,-1.6014678478240967,-0.11560241878032684,1.0711361169815063,-0.10685891658067703,0.022505830973386765,-0.6416575908660889,0.7559589147567749,0.09882216155529022,-0.08388020843267441
2220.0,-0.28111597895622253,-0.7948083877563477,1.8690664768218994,-2.3849501609802246,-1.602129340171814,-0.11717583984136581,1.0777926445007324,-0.10704569518566132,0.020829152315855026,-0.642844021320343,0.7547820806503296,0.09942376613616943,-0.08467872440814972
2221.0,-0.2762651741504669,-0.7976561188697815,1.8752602338790894,-2.3900105953216553,-1.6030482053756714,-0.12140724807977676,1.0748226642608643,-0.10097790509462357,0.021588604897260666,-0.6463672518730164,0.7519039511680603,0.09843587875366211,-0.08461947739124298
2222.0,-0.268024742603302,-0.803314208984375,1.8876978158950806,-2.4009480476379395,-1.6045382022857666,-0.129102423787117,1.0687401294708252,-0.0904669314622879,0.023146312683820724,-0.6525501012802124,0.7468810677528381,0.0962831974029541,-0.08412265032529831
2223.0,-0.27460357546806335,-0.8034260272979736,1.887385368347168,-2.399733066558838,-1.6029177904129028,-0.12257401645183563,1.0682398080825806,-0.09726957976818085,0.02325868234038353,-0.6475442051887512,0.7511762380599976,0.09705862402915955,-0.08366844058036804
2224.0,-0.27923932671546936,-0.8091936707496643,1.8992770910263062,-2.4093265533447266,-1.6007329225540161,-0.11594617366790771,1.0612519979476929,-0.09999901801347733,0.02501506730914116,-0.6433305740356445,0.7550976872444153,0.0961441844701767,-0.08191324025392532
2225.0,-0.28920823335647583,-0.8118053674697876,1.9087916612625122,-2.4310617446899414,-1.594375729560852,-0.0974225401878357,1.057305097579956,-0.10868825763463974,0.02597017213702202,-0.6327349543571472,0.7652238011360168,0.09144359827041626,-0.07561130821704865
2226.0,-0.28680986166000366,-0.817627489566803,1.9330921173095703,-2.4861505031585693,-1.5859403610229492,-0.07452451437711716,1.049377679824829,-0.10238128155469894,0.02782539650797844,-0.6256425976753235,0.7736520767211914,0.07788781821727753,-0.06298688799142838
2227.0,-0.29601767659187317,-0.8242236971855164,1.966253399848938,-2.565526247024536,-1.5690619945526123,0.011688205413520336,1.037497878074646,-0.10599458962678909,0.030279438942670822,-0.5887404680252075,0.8049654960632324,0.05939717963337898,-0.0434422567486763
2228.0,-0.286207914352417,-0.8229722380638123,1.9589484930038452,-2.5467114448547363,-1.5760964155197144,-0.03281791880726814,1.0406187772750854,-0.09757063537836075,0.0296868197619915,-0.6102980971336365,0.7881231307983398,0.06324346363544464,-0.048973776400089264
2229.0,-0.2765284776687622,-0.8171098828315735,1.9305214881896973,-2.478733777999878,-1.5907624959945679,-0.09550207853317261,1.050833821296692,-0.09249057620763779,0.027521874755620956,-0.6376756429672241,0.7633835673332214,0.0790729969739914,-0.06605188548564911
2230.0,-0.270432710647583,-0.808481752872467,1.8985127210617065,-2.409950017929077,-1.6030060052871704,-0.1250065118074417,1.0625840425491333,-0.09114957600831985,0.024698030203580856,-0.6501704454421997,0.7492493987083435,0.09524822235107422,-0.08265282213687897
2231.0,-0.26632699370384216,-0.8128869533538818,1.9128772020339966,-2.437244176864624,-1.6003000736236572,-0.12337817996740341,1.057320237159729,-0.08481789380311966,0.026017319411039352,-0.6515733599662781,0.7494443655014038,0.08860591053962708,-0.07703473418951035
2232.0,-0.2597499191761017,-0.8087632060050964,1.8999730348587036,-2.412731409072876,-1.6055576801300049,-0.13568302989006042,1.0627857446670532,-0.08001130819320679,0.024667631834745407,-0.6582963466644287,0.742225706577301,0.09388166666030884,-0.08326570689678192
2233.0,-0.25343695282936096,-0.8098520040512085,1.9027756452560425,-2.4160358905792236,-1.6068990230560303,-0.14177930355072021,1.0617793798446655,-0.0731281265616417,0.02493235096335411,-0.6629982590675354,0.7381455898284912,0.09284475445747375,-0.08339262753725052
2234.0,-0.25899046659469604,-0.817561149597168,1.9323134422302246,-2.4809792041778564,-1.596233606338501,-0.12198412418365479,1.0511205196380615,-0.07460988312959671,0.02748866006731987,-0.654539167881012,0.7489956617355347,0.07746706902980804,-0.06769764423370361
2235.0,-0.27357664704322815,-0.8222850561141968,1.9549287557601929,-2.5355889797210693,-1.5827142000198364,-0.07021770626306534,1.0426939725875854,-0.08573919534683228,0.029291104525327682,-0.6298329830169678,0.7721712589263916,0.06512017548084259,-0.05311623960733414
2236.0,-0.2756926417350769,-0.5922372937202454,1.4510046243667603,0.8293158411979675,1.5697824954986572,-1.84469735622406,1.0314723253250122,-0.082749143242836,0.03123221918940544,0.0009239617502316833,0.99828040599823,0.01639089360833168,-0.05627349764108658
2237.0,-0.2757716178894043,-0.6150308847427368,1.4885921478271484,0.7641521096229553,1.5582058429718018,-1.846064567565918,1.0200549364089966,-0.07774513959884644,0.031733106821775436,0.0004621609696187079,0.9994204640388489,0.015154795721173286,-0.0304783433675766
2238.0,-0.2875117361545563,-0.6331912875175476,1.5188193321228027,0.710155189037323,1.5427254438400269,-1.858386754989624,1.0103837251663208,-0.08465560525655746,0.03191034123301506,0.00013600911188405007,0.9998235106468201,0.017000406980514526,-0.007998932152986526
2239.0,-0.29650601744651794,-0.6385250091552734,1.5277490615844727,0.6937124729156494,1.5350688695907593,-1.867497205734253,1.0072306394577026,-0.09178683161735535,0.031909700483083725,1.1002168321283534e-05,0.9998220205307007,0.018856341019272804,-0.0005833692266605794
2240.0,-0.28557002544403076,-0.5917810797691345,1.4500057697296143,0.8302006721496582,1.5658169984817505,-1.8545469045639038,1.0312308073043823,-0.09247930347919464,0.031226497143507004,0.0010544733377173543,0.9982672929763794,0.018892737105488777,-0.05571698024868965
2241.0,-0.2955642342567444,-0.6152149438858032,1.4884471893310547,0.7626252174377441,1.5486494302749634,-1.8659611940383911,1.0190904140472412,-0.09661265462636948,0.031728338450193405,0.000559725915081799,0.999409556388855,0.020055126398801804,-0.027892891317605972
2242.0,-0.3103688061237335,-0.6320335268974304,1.5164294242858887,0.7122092247009277,1.5315028429031372,-1.8813875913619995,1.0098209381103516,-0.10643313080072403,0.03186648711562157,0.00014233001274988055,0.9997239112854004,0.022646239027380943,-0.006283194292336702
2243.0,-0.30568909645080566,-0.6070972084999084,1.4746357202529907,0.7854512333869934,1.5483214855194092,-1.8757553100585938,1.0226075649261475,-0.10830773413181305,0.031588952988386154,0.0008263950003311038,0.9990923404693604,0.023057926446199417,-0.035807423293590546
2244.0,-0.31824663281440735,-0.6281605362892151,1.5096536874771118,0.7230996489524841,1.5296398401260376,-1.889261245727539,1.0113288164138794,-0.11486580222845078,0.03183208033442497,0.00023856353072915226,0.9996455907821655,0.024827904999256134,-0.009605280123651028
2245.0,-0.31772467494010925,-0.641989529132843,1.5348962545394897,0.6848491430282593,1.523232340812683,-1.8888821601867676,1.002700924873352,-0.11044107377529144,0.03186092898249626,-9.77717645582743e-05,0.999711275100708,0.023675449192523956,0.004128476604819298
2246.0,-0.31682997941970825,-0.647769033908844,1.5481338500976562,0.6737630367279053,1.5237140655517578,-1.8879683017730713,0.996424674987793,-0.10753197968006134,0.03186548873782158,-0.00013174557534512132,0.9997215270996094,0.022885194048285484,0.005755200050771236
2247.0,-0.3248122036457062,-0.6462808847427368,1.5448700189590454,0.6765748858451843,1.519661545753479,-1.896024227142334,0.9972763061523438,-0.11540962755680084,0.031843166798353195,-0.00015194789739325643,0.9996708035469055,0.02492324821650982,0.006094625219702721
2248.0,-0.3433586061000824,-0.6529082655906677,1.5644135475158691,0.6628335118293762,1.4677530527114868,-1.915884017944336,0.9875501394271851,-0.1227540522813797,0.0310639850795269,-0.0007721835863776505,0.9986712336540222,0.049074687063694,0.015713956207036972
2249.0,-0.355232834815979,-0.6605779528617859,1.5849668979644775,0.6443424224853516,1.4323490858078003,-1.9291400909423828,0.977937638759613,-0.12568823993206024,0.03036118671298027,-0.001623155316337943,0.997603178024292,0.06445258855819702,0.02512335032224655
2250.0,-0.3365497291088104,-0.666169285774231,1.5918949842453003,0.6348602175712585,1.485848069190979,-1.9083622694015503,0.9750619530677795,-0.11431856453418732,0.03136260434985161,-0.0007244424195960164,0.9990849494934082,0.0383848212659359,0.018855879083275795
2251.0,-0.31394824385643005,-0.6610220074653625,1.5787705183029175,0.6484629511833191,1.5253688097000122,-1.885024905204773,0.9816941618919373,-0.10004619508981705,0.03187335655093193,-0.00019218833767808974,0.999739408493042,0.020892566069960594,0.009196490049362183
2252.0,-0.3113189935684204,-0.6532406210899353,1.5608423948287964,0.6636781692504883,1.5267499685287476,-1.882400393486023,0.9906121492385864,-0.10047446191310883,0.03188129886984825,-0.00013715332897845656,0.9997574687004089,0.02103598602116108,0.006518356967717409
2253.0,-0.3208812475204468,-0.6552239060401917,1.5654301643371582,0.6594944000244141,1.52176034450531,-1.8920321464538574,0.9876717329025269,-0.10848888009786606,0.031855713576078415,-0.00019069005793426186,0.9996992945671082,0.023089991882443428,0.008256074972450733
2254.0,-0.3196275234222412,-0.6680362820625305,1.5949649810791016,0.6344764828681946,1.5223605632781982,-1.8907159566879272,0.9733625054359436,-0.1025671735405922,0.03185414895415306,-0.00025969318812713027,0.9996957182884216,0.021512068808078766,0.012068302370607853
2255.0,-0.3465648293495178,-0.6769922375679016,1.617794394493103,0.6075511574745178,1.4522888660430908,-1.9192253351211548,0.9636422395706177,-0.11490822583436966,0.030734892934560776,-0.0015949156368151307,0.9981811046600342,0.05186130851507187,0.030697541311383247
2256.0,-0.37031039595603943,-0.6712355613708496,1.6122300624847412,0.6133905053138733,1.386786699295044,-1.481335163116455,0.9661375284194946,-0.12917307019233704,0.029240738600492477,0.2261608988046646,0.9697135090827942,0.08982402086257935,0.02094915695488453
2257.0,-0.41287553310394287,-0.6643580794334412,1.6212937831878662,0.6055934429168701,1.254892110824585,-1.544191598892212,0.9612022042274475,-0.14928439259529114,0.02413145825266838,0.21462613344192505,0.9639384150505066,0.1535867303609848,0.03419692441821098
2258.0,-0.40563449263572693,-0.6756790280342102,1.6392368078231812,0.5799826383590698,1.275998592376709,-1.4772380590438843,0.954463541507721,-0.14235341548919678,0.02506018802523613,0.24237225949764252,0.9589100480079651,0.1429731249809265,0.03613761067390442
2259.0,-0.4490945041179657,-0.6857063174247742,1.6905709505081177,0.5011776089668274,1.1327781677246094,-1.4190877676010132,0.9336140155792236,-0.15417030453681946,0.01729915663599968,0.28196609020233154,0.9339931607246399,0.2100713700056076,0.06341909617185593
2260.0,-0.41473641991615295,-0.6948612928390503,1.6830134391784668,0.5138609409332275,1.2412312030792236,-1.3610557317733765,0.9378155469894409,-0.13871511816978455,0.02314877137541771,0.2974816858768463,0.9399349689483643,0.15960991382598877,0.050515227019786835
2261.0,-0.40897852182388306,-0.70545494556427,1.7010440826416016,0.48618531227111816,1.254321813583374,-1.2914917469024658,0.931264340877533,-0.1322217434644699,0.023547422140836716,0.3262430429458618,0.9310495257377625,0.15424391627311707,0.054047614336013794
2262.0,-0.36063605546951294,-0.6882979869842529,1.6451139450073242,0.573246419429779,1.4069491624832153,-1.3259462118148804,0.952417254447937,-0.11746661365032196,0.02965719625353813,0.29548734426498413,0.9516205191612244,0.08050349354743958,0.024997113272547722
2263.0,-0.32325664162635803,-0.6774596571922302,1.6164593696594238,0.6142368316650391,1.5144495964050293,-1.8943852186203003,0.963080108165741,-0.10149554908275604,0.03174925968050957,-0.00041334584238938987,0.9995646476745605,0.02391888201236725,0.017273632809519768
2264.0,-0.34537699818611145,-0.6915245056152344,1.6488726139068604,0.5712774395942688,1.445557951927185,-1.917790174484253,0.9503876566886902,-0.1078500896692276,0.030502181500196457,-0.00212604901753366,0.997816801071167,0.05171268433332443,0.04102296009659767
2265.0,-0.38058045506477356,-0.7120578289031982,1.7000057697296143,0.490943968296051,1.337215542793274,-1.1918588876724243,0.9316845536231995,-0.11779684573411942,0.027038272470235825,0.3628113567829132,0.9234376549720764,0.11636453121900558,0.045718710869550705
2266.0,-0.3780651390552521,-0.7232073545455933,1.722905158996582,0.4570402503013611,1.3339601755142212,-1.1165990829467773,0.9230141639709473,-0.11136723309755325,0.02655605599284172,0.3945823311805725,0.9094995856285095,0.12001802772283554,0.052069276571273804
2267.0,-0.3306451439857483,-0.7004623413085938,1.6671018600463867,0.5543422102928162,1.471781611442566,-1.9020476341247559,0.9418224692344666,-0.09463906288146973,0.030927937477827072,-0.0015350488247349858,0.9984645843505859,0.03870457038283348,0.03959976136684418
2268.0,-0.31139639019966125,-0.6849505305290222,1.6340864896774292,0.6009993553161621,1.526350975036621,-1.882332444190979,0.9545542597770691,-0.08888313919305801,0.03185592219233513,-0.0002993731468450278,0.9996997117996216,0.01798558607697487,0.01664017327129841
2269.0,-0.3022432029247284,-0.6811798810958862,1.6258736848831177,0.6099051237106323,1.5317127704620361,-1.8731632232666016,0.9588796496391296,-0.08211563527584076,0.03188956901431084,-0.0002201012393925339,0.999776303768158,0.016243156045675278,0.013547366484999657
2270.0,-0.3059159517288208,-0.6890088319778442,1.6435298919677734,0.5930328965187073,1.5291471481323242,-1.876796007156372,0.9501222372055054,-0.08255341649055481,0.03186292573809624,-0.00028384983306750655,0.9997157454490662,0.01635514758527279,0.0173504501581192
2271.0,-0.3021335005760193,-0.6932817697525024,1.653496503829956,0.5845293998718262,1.5310455560684204,-1.8729661703109741,0.9452846050262451,-0.0776626467704773,0.031863804906606674,-0.00027705501997843385,0.9997177720069885,0.01509679201990366,0.01834673434495926
2272.0,-0.36459702253341675,-0.7302600145339966,1.732824683189392,0.44363075494766235,1.3646477460861206,-1.0216765403747559,0.9191402792930603,-0.10185150057077408,0.027461301535367966,0.43218931555747986,0.8937738537788391,0.10796110332012177,0.052205197513103485
2273.0,-0.3803451955318451,-0.7527830600738525,1.7855823040008545,0.3464459776878357,1.3011853694915771,-0.9414722323417664,0.9017937183380127,-0.09981731325387955,0.02353070303797722,0.46582919359207153,0.8695551156997681,0.14451271295547485,0.07741686701774597
2274.0,-0.41460490226745605,-0.7407064437866211,1.776793122291565,0.35382384061813354,1.216039776802063,-1.0861769914627075,0.9050889015197754,-0.1201796606183052,0.02001069113612175,0.4116955101490021,0.889788031578064,0.17873230576515198,0.0826975554227829
2275.0,-0.4609485864639282,-0.7257170081138611,1.782828450202942,0.3330795466899872,1.0756441354751587,-1.2039176225662231,0.9017082452774048,-0.1415313482284546,0.011557442136108875,0.368110716342926,0.8929094076156616,0.23967555165290833,0.09880861639976501
2276.0,-0.46709078550338745,-0.7115925550460815,1.759437918663025,0.3766739070415497,1.0623859167099,-1.2769052982330322,0.9089953899383545,-0.14918039739131927,0.011348885484039783,0.34141865372657776,0.9030662775039673,0.24374692142009735,0.0921524316072464
2277.0,-0.48914235830307007,-0.6831808090209961,1.7291420698165894,0.4334803521633148,0.9916570782661438,-1.4049502611160278,0.9169476628303528,-0.16471092402935028,0.006694045849144459,0.29561248421669006,0.910678505897522,0.27448031306266785,0.08909820765256882
2278.0,-0.5071209073066711,-0.6917572021484375,1.7683721780776978,0.35226452350616455,0.9232866764068604,-1.338217854499817,0.9026180505752563,-0.165068119764328,0.0002838492509908974,0.32080355286598206,0.889870822429657,0.3051450848579407,0.11000655591487885
2279.0,-0.51961749792099,-0.7068494558334351,1.8161998987197876,0.24487820267677307,0.8705934882164001,-1.241762638092041,0.8867232203483582,-0.16114352643489838,-0.0058355508372187614,0.3506855070590973,0.8662816882133484,0.32977810502052307,0.13349977135658264
2280.0,-0.4679562747478485,-0.7393501400947571,1.8192569017410278,0.2579399347305298,1.0442386865615845,-1.1297197341918945,0.8898395299911499,-0.137624591588974,0.00790185946971178,0.39385437965393066,0.87491375207901,0.2569531202316284,0.11567096412181854
2281.0,-0.4565958082675934,-0.7558081150054932,1.8446372747421265,0.20871084928512573,1.070632815361023,-1.0419155359268188,0.8825652003288269,-0.12714631855487823,0.008470711298286915,0.42435556650161743,0.8616237640380859,0.24978527426719666,0.1230209544301033
2282.0,-0.5088856816291809,-0.7404694557189941,1.8737083673477173,0.11902743577957153,0.8963114023208618,-1.0849688053131104,0.8710243701934814,-0.14543579518795013,-0.006552445702254772,0.3984127640724182,0.8438825607299805,0.3249514102935791,0.15341563522815704
2283.0,-0.5266428589820862,-0.7167630791664124,1.8493397235870361,0.16461452841758728,0.8367455005645752,-1.174066424369812,0.8762937784194946,-0.15742303431034088,-0.010599988512694836,0.3680921196937561,0.8496663570404053,0.3464755117893219,0.1500999927520752
2284.0,-0.540183424949646,-0.7364271879196167,1.921262502670288,-0.029964035376906395,0.7675244212150574,-1.0203078985214233,0.8555939793586731,-0.14923617243766785,-0.022204268723726273,0.39813557267189026,0.8118292093276978,0.3834756910800934,0.1880633383989334
2285.0,-0.5169429183006287,-0.7647222876548767,1.9512304067611694,-0.08357037603855133,0.8459154367446899,-0.91962730884552,0.849799633026123,-0.13422231376171112,-0.017391938716173172,0.4329831898212433,0.8041096329689026,0.358659029006958,0.19312456250190735
2286.0,-0.47973188757896423,-0.7832620739936829,1.9400899410247803,-0.02324517071247101,0.9720410108566284,-0.878468930721283,0.8546638488769531,-0.12004812806844711,-0.005543920211493969,0.4625924229621887,0.8125124573707581,0.30826741456985474,0.17550767958164215
2287.0,-0.44584450125694275,-0.7729907035827637,1.873797059059143,0.14891260862350464,1.093613862991333,-0.9440465569496155,0.8743547201156616,-0.1165674552321434,0.008195188827812672,0.45762377977371216,0.843818187713623,0.24637143313884735,0.13361342251300812
2288.0,-0.43663763999938965,-0.7892381548881531,1.9062871932983398,0.0794345885515213,1.1059746742248535,-0.8512054681777954,0.8652555346488953,-0.105658158659935,0.006574657745659351,0.48657679557800293,0.8241641521453857,0.24957191944122314,0.14734432101249695
2289.0,-0.4422725737094879,-0.8117493987083435,1.9754866361618042,-0.09187090396881104,1.0685595273971558,-0.7235783934593201,0.8467956781387329,-0.09642357379198074,-0.002463954733684659,0.5150916576385498,0.7870891094207764,0.283966064453125,0.1858348250389099
2290.0,-0.4157886505126953,-0.823580265045166,1.983508586883545,-0.10270971804857254,1.1359082460403442,-0.6415238976478577,0.8455601334571838,-0.0825575664639473,0.0004476875183172524,0.545491635799408,0.7729151248931885,0.2647949755191803,0.1868813931941986
2291.0,-0.41819778084754944,-0.83681321144104,2.035752534866333,-0.2424226701259613,1.1154130697250366,-0.557567834854126,0.8328067064285278,-0.07589274644851685,-0.007609116844832897,0.5578064322471619,0.745525062084198,0.29205322265625,0.2185160517692566
2292.0,-0.34848541021347046,-0.8110701441764832,1.903022050857544,0.10578471422195435,1.3219799995422363,-0.5616064667701721,0.8669779896736145,-0.06070231646299362,0.017208319157361984,0.5943182706832886,0.7733404636383057,0.17503246665000916,0.13451384007930756
2293.0,-0.33450400829315186,-0.8195199370384216,1.9183356761932373,0.06997055560350418,1.346561312675476,-0.481876939535141,0.8630834817886353,-0.050859659910202026,0.016461621969938278,0.6190476417541504,0.7519299387931824,0.174998939037323,0.14407286047935486
2294.0,-0.31645649671554565,-0.7780392169952393,1.8215969800949097,0.28824761509895325,1.4177930355072021,-0.5589752793312073,0.8890348076820374,-0.05487704277038574,0.02570880576968193,0.6030213832855225,0.7851617932319641,0.11184049397706985,0.08589594811201096
2295.0,-0.2973601222038269,-0.7471225261688232,1.7589954137802124,0.41750219464302063,1.4786887168884277,-0.5735846757888794,0.9070703983306885,-0.052898526191711426,0.029678713530302048,0.5982841849327087,0.7968477606773376,0.06733521819114685,0.050556205213069916
2296.0,-0.2919692099094391,-0.7575566172599792,1.7784849405288696,0.3800352215766907,1.4765164852142334,-0.5020532608032227,0.9009762406349182,-0.045745983719825745,0.02900780364871025,0.6230001449584961,0.7762014865875244,0.07553888857364655,0.06062953546643257
2297.0,-0.29981645941734314,-0.7855677008628845,1.8344546556472778,0.2613750696182251,1.440659761428833,-0.4530067443847656,0.8851878643035889,-0.04229917749762535,0.02537481114268303,0.6376326084136963,0.756614625453949,0.1107030138373375,0.09329432994127274
2298.0,-0.28242436051368713,-0.780960202217102,1.8227906227111816,0.28612279891967773,1.4732730388641357,-0.3744923174381256,0.888300359249115,-0.03283253312110901,0.02664017304778099,0.6636999249458313,0.7365633249282837,0.09679624438285828,0.08722081780433655
2299.0,-0.2747190594673157,-0.748689591884613,1.7611026763916016,0.41610443592071533,1.5079277753829956,-0.4133283793926239,0.9058015942573547,-0.036393191665410995,0.029998060315847397,0.6527736783027649,0.7535625100135803,0.05869411677122116,0.05084378644824028
2300.0,-0.25652989745140076,-0.7269368767738342,1.7221778631210327,0.4953162372112274,1.5406376123428345,-1.8264925479888916,0.9172189235687256,-0.02798483707010746,0.03137011453509331,-0.00018834821821656078,0.9990819692611694,0.004415931645780802,0.042612817138433456
2301.0,-0.26869839429855347,-0.7203996181488037,1.7104846239089966,0.5163480043411255,1.536750316619873,-1.838958740234375,0.9210688471794128,-0.03969445452094078,0.031565111130476,-0.0002798771020025015,0.9993376135826111,0.00787163432687521,0.03553159534931183
2302.0,-0.2558276653289795,-0.7045252919197083,1.6837127208709717,0.5693797469139099,1.5574618577957153,-1.8265663385391235,0.9291898012161255,-0.03314942121505737,0.03195105120539665,-4.525485564954579e-05,0.9999160170555115,0.003637755522504449,0.01243927888572216
2303.0,-0.2581447958946228,-0.7551435232162476,1.7720504999160767,0.3928094804286957,1.522139310836792,-0.29084423184394836,0.902582049369812,-0.022663835436105728,0.02968890592455864,0.6915860176086426,0.7173925638198853,0.06047803908586502,0.05830247327685356
2304.0,-0.24437853693962097,-0.7504363656044006,1.7625654935836792,0.4098655581474304,1.542134165763855,-0.1888909786939621,0.9055332541465759,-0.014093610458076,0.03008865937590599,0.7236338257789612,0.6860216856002808,0.05207158252596855,0.05492648854851723
2305.0,-0.2375815212726593,-0.7667805552482605,1.7915693521499634,0.34589946269989014,1.5442001819610596,-0.13037103414535522,0.8974348306655884,-0.0062870788387954235,0.028790485113859177,0.7393038272857666,0.6657921671867371,0.06742227077484131,0.07486651092767715
2306.0,-0.2336493283510208,-0.6998038291931152,1.6766434907913208,0.5857357382774353,1.5709325075149536,-1.8044381141662598,0.9310175776481628,-0.014985986053943634,0.03198431059718132,4.0543736758991145e-06,0.9999916553497314,-0.001017919392324984,0.003982968162745237
2307.0,-0.2408660501241684,-0.6997422575950623,1.6784449815750122,0.5889351963996887,1.5689650774002075,-1.8116612434387207,0.9291344881057739,-0.020961815491318703,0.0319872610270977,-8.978549317362194e-07,0.9999983310699463,0.0005124572198837996,0.0017520554829388857
2308.0,-0.24475090205669403,-0.6967255473136902,1.669301986694336,0.5918098092079163,1.5657167434692383,-1.815543532371521,0.9348649978637695,-0.025507906451821327,0.03198431059718132,-6.285689323703991e-06,0.9999917149543762,0.0016874588327482343,0.0037249133456498384
2309.0,-0.23772524297237396,-0.6920403838157654,1.6590873003005981,0.6025715470314026,1.5695801973342896,-1.8085215091705322,0.9398345947265625,-0.0207190103828907,0.03198784217238426,-3.236216059576691e-07,0.9999996423721313,0.00045226782094687223,0.000715552712790668
2310.0,-0.24167007207870483,-0.6888548135757446,1.6501256227493286,0.6065550446510315,1.5667030811309814,-1.8124666213989258,0.9451765418052673,-0.025307755917310715,0.03198660537600517,-3.1522652079729596e-06,0.9999967813491821,0.0016316905384883285,0.0019318951526656747
2311.0,-0.2479681521654129,-0.6934774518013,1.6606361865997314,0.5966840386390686,1.563468337059021,-1.8187620639801025,0.9398401379585266,-0.02943919040262699,0.031982388347387314,-1.1522373824846e-05,0.9999872446060181,0.0026986082084476948,0.0042696925811469555
2312.0,-0.2549551725387573,-0.6928724646568298,1.6577847003936768,0.5954866409301758,1.559067964553833,-1.8257473707199097,0.9419270157814026,-0.03590698167681694,0.03197447583079338,-2.8404328986653127e-05,0.9999693036079407,0.004363410174846649,0.006509463302791119
2313.0,-0.2633384168148041,-0.695867657661438,1.6637732982635498,0.5876001119613647,1.5541797876358032,-1.8341227769851685,0.9391994476318359,-0.04237564653158188,0.03195996209979057,-5.7568438933230937e-05,0.9999362826347351,0.006031535100191832,0.009543967433273792
2314.0,-0.25818970799446106,-0.6889291405677795,1.6478478908538818,0.6022126078605652,1.557005763053894,-1.8289892673492432,0.9473347663879395,-0.040084484964609146,0.03197238966822624,-3.4948276152135804e-05,0.9999646544456482,0.005432732403278351,0.006432682741433382
2315.0,-0.2660788595676422,-0.6914212107658386,1.6533478498458862,0.5965353846549988,1.5528990030288696,-1.8368812799453735,0.9445050358772278,-0.046223100274801254,0.031962018460035324,-5.822190360049717e-05,0.9999409317970276,0.007011860143393278,0.008302857168018818
2316.0,-0.26621267199516296,-0.7028369307518005,1.679121971130371,0.5716544389724731,1.5518748760223389,-1.8369581699371338,0.9317180514335632,-0.04270057752728462,0.03193957731127739,-8.272237027995288e-05,0.9998899698257446,0.0061207115650177,0.01351366750895977
2317.0,-0.27425017952919006,-0.7035077214241028,1.6785897016525269,0.5665198564529419,1.5461177825927734,-1.8449620008468628,0.9328897595405579,-0.04969991371035576,0.03190765902400017,-0.0001378407614538446,0.9998173713684082,0.0079244589433074,0.01739116571843624
2318.0,-0.2904287576675415,-0.724332332611084,1.716732144355774,0.4985686242580414,1.5085248947143555,-1.8604756593704224,0.920167863368988,-0.055212002247571945,0.03110836073756218,-0.0008679950842633843,0.9987196326255798,0.018399553373456,0.04711439460515976
2319.0,-0.31185656785964966,-0.7522321939468384,1.7695848941802979,0.39438045024871826,1.450878381729126,-0.640770673751831,0.9043159484863281,-0.06094859912991524,0.028869640082120895,0.5750475525856018,0.8120733499526978,0.08102655410766602,0.05737674608826637
2320.0,-0.3557305634021759,-0.7972881197929382,1.8734955787658691,0.1715763807296753,1.3179798126220703,-0.6417396068572998,0.8750616312026978,-0.06951943784952164,0.019419904798269272,0.5703670382499695,0.7960848808288574,0.16445882618427277,0.11782901734113693
2321.0,-0.39393848180770874,-0.8068292737007141,1.9163343906402588,0.067955881357193,1.213948130607605,-0.6997284293174744,0.863294243812561,-0.08279813081026077,0.01161880511790514,0.5425947308540344,0.7989465594291687,0.21457014977931976,0.14572268724441528
2322.0,-0.3684682846069336,-0.7829722762107849,1.8461685180664062,0.2287619709968567,1.301826000213623,-0.7481753826141357,0.8829184174537659,-0.08148116618394852,0.020672496408224106,0.5350756049156189,0.8228602409362793,0.16037385165691376,0.10428518801927567
2323.0,-0.38940197229385376,-0.7713848948478699,1.8301514387130737,0.25791439414024353,1.2583595514297485,-0.8692205548286438,0.8878566026687622,-0.09580553323030472,0.01981852576136589,0.4915328621864319,0.8478853702545166,0.1719120591878891,0.09966021031141281
2324.0,-0.3466723561286926,-0.7543694376945496,1.7789249420166016,0.3686160743236542,1.380318284034729,-0.8119927644729614,0.9027291536331177,-0.08134637027978897,0.026688288897275925,0.5134018063545227,0.8483223915100098,0.1107821837067604,0.06704499572515488
2325.0,-0.3117946684360504,-0.736720085144043,1.7397019863128662,0.44969961047172546,1.4659359455108643,-0.7227991223335266,0.9139348864555359,-0.06641734391450882,0.02993873879313469,0.543642520904541,0.8356087803840637,0.06605969369411469,0.04297807812690735
2326.0,-0.2866602838039398,-0.7064648270606995,1.6830285787582397,0.5557094216346741,1.5375436544418335,-1.8573029041290283,0.9315592050552368,-0.059705108404159546,0.03184562548995018,-0.00024339508672710508,0.9996763467788696,0.010500862263143063,0.0231710784137249
2327.0,-0.28774210810661316,-0.6989946365356445,1.667415976524353,0.5743750929832458,1.5388481616973877,-1.8584985733032227,0.9385201930999756,-0.0630021020770073,0.03188876435160637,-0.00020370791025925428,0.9997744560241699,0.011343161575496197,0.01795460283756256
2328.0,-0.3153405487537384,-0.724027693271637,1.7153282165527344,0.490861713886261,1.4726120233535767,-1.885563611984253,0.9223824143409729,-0.07357006520032883,0.030508514493703842,-0.0018880452262237668,0.9978151321411133,0.0328998789191246,0.057262223213911057
2329.0,-0.33802953362464905,-0.734886884689331,1.7378307580947876,0.44471633434295654,1.419667363166809,-0.8827574849128723,0.915955662727356,-0.08429712802171707,0.02898518368601799,0.4844481647014618,0.8694069385528564,0.08488108217716217,0.047297168523073196
2330.0,-0.31355515122413635,-0.7097616195678711,1.686569094657898,0.5353237986564636,1.4953569173812866,-1.884260654449463,0.9328029751777649,-0.07893536239862442,0.03120390698313713,-0.0010606559226289392,0.9988589286804199,0.0268187765032053,0.03950387239456177
2331.0,-0.29142341017723083,-0.6931709051132202,1.654375433921814,0.5871386528015137,1.5376180410385132,-1.8622403144836426,0.9447193145751953,-0.06818956881761551,0.03189976140856743,-0.00019653179333545268,0.9997994303703308,0.012662705965340137,0.015517408028244972
2332.0,-0.2853758931159973,-0.685417652130127,1.6371756792068481,0.6045024394989014,1.5415785312652588,-1.8562253713607788,0.9532251954078674,-0.06549128144979477,0.03192944452166557,-0.000132727887830697,0.9998669028282166,0.011971043422818184,0.011085936799645424
2333.0,-0.2794302701950073,-0.6883790493011475,1.644239068031311,0.5989719033241272,1.544664978981018,-1.85025155544281,0.9497823119163513,-0.05922309309244156,0.031936418265104294,-0.00011678936425596476,0.9998828768730164,0.010356665588915348,0.011275413446128368
2334.0,-0.2753869295120239,-0.6918099522590637,1.653130292892456,0.5936644673347473,1.5473923683166504,-1.846194863319397,0.9449313282966614,-0.054383326321840286,0.03194413706660271,-9.830820636125281e-05,0.9999002814292908,0.009110840037465096,0.010789170861244202
2335.0,-0.2706356942653656,-0.6854078769683838,1.6384105682373047,0.6070280075073242,1.549989938735962,-1.8414568901062012,0.952465832233429,-0.05233066901564598,0.03195781633257866,-6.840936111984774e-05,0.9999313950538635,0.008585098199546337,0.00796783808618784
2336.0,-0.26214587688446045,-0.6850588917732239,1.6383923292160034,0.6092221736907959,1.5547906160354614,-1.8329569101333618,0.9522981643676758,-0.04485444724559784,0.03197018429636955,-4.0326598536921665e-05,0.9999595880508423,0.006661484949290752,0.006053451914340258
2337.0,-0.2518148124217987,-0.6837873458862305,1.6361135244369507,0.6130445003509521,1.560320496559143,-1.8226172924041748,0.953325092792511,-0.03605297952890396,0.03198034688830376,-1.7289643437834457e-05,0.9999827146530151,0.0043967608362436295,0.003932291641831398
2338.0,-0.24739140272140503,-0.6790885329246521,1.6244690418243408,0.6212626099586487,1.5619487762451172,-1.818192720413208,0.9596845507621765,-0.0336630754172802,0.031982745975255966,-1.170723498944426e-05,0.9999881386756897,0.003780539846047759,0.0030966736376285553
2339.0,-0.2454165816307068,-0.6739633083343506,1.6117149591445923,0.6299906373023987,1.5623050928115845,-1.8162187337875366,0.9666135907173157,-0.03354378417134285,0.031983520835638046,-9.416356078872923e-06,0.9999898076057434,0.003747352631762624,0.002512776991352439
2340.0,-0.25742506980895996,-0.6792442202568054,1.6241391897201538,0.6196715235710144,1.5565727949142456,-1.8282357454299927,0.9600169062614441,-0.04262178763747215,0.03197474405169487,-2.9344235372263938e-05,0.9999699592590332,0.006084282882511616,0.004822812043130398
2341.0,-0.2568682134151459,-0.6734713315963745,1.6097526550292969,0.6294261813163757,1.5561232566833496,-1.8276829719543457,0.9678041338920593,-0.04405474662780762,0.03197474405169487,-2.789257086988073e-05,0.9999698400497437,0.006449326407164335,0.004324750974774361
2342.0,-0.25191402435302734,-0.6669763922691345,1.5940839052200317,0.6411725282669067,1.5580788850784302,-1.822727084159851,0.9761135578155518,-0.04165669158101082,0.03197876736521721,-1.6384599803132005e-05,0.9999790191650391,0.005844383034855127,0.0028034192509949207
2343.0,-0.2620173692703247,-0.6701915264129639,1.601775884628296,0.6351694464683533,1.5533052682876587,-1.8328452110290527,0.9718778729438782,-0.04974418878555298,0.031970273703336716,-3.34190517605748e-05,0.9999598264694214,0.007923318073153496,0.004217640496790409
2344.0,-0.27031633257865906,-0.6653168797492981,1.5894180536270142,0.6426759362220764,1.5483204126358032,-1.8411691188812256,0.978346586227417,-0.05892610549926758,0.03195933625102043,-5.08265002281405e-05,0.9999349117279053,0.010292885825037956,0.004937700927257538
2345.0,-0.27832427620887756,-0.665266215801239,1.5891629457473755,0.6423604488372803,1.5441868305206299,-1.849202275276184,0.9782360792160034,-0.06620777398347855,0.031947921961545944,-7.104450196493417e-05,0.9999089241027832,0.01216859184205532,0.00583781860768795
2346.0,-0.27655234932899475,-0.6707556843757629,1.6024949550628662,0.6327530145645142,1.54560387134552,-1.8474149703979492,0.9713360071182251,-0.0627102330327034,0.031950902193784714,-7.285312312887982e-05,0.9999157190322876,0.011256467550992966,0.006471566390246153
2347.0,-0.26951655745506287,-0.6712134480476379,1.6038098335266113,0.632442831993103,1.549324631690979,-1.840359091758728,0.9707987904548645,-0.056206438690423965,0.031960826367139816,-5.397807035478763e-05,0.9999382495880127,0.009581516496837139,0.005633214022964239
2348.0,-0.2677857279777527,-0.6782921552658081,1.621311902999878,0.6203550100326538,1.5510271787643433,-1.838614583015442,0.9614927172660828,-0.05221876502037048,0.03196347877383232,-5.2961309847887605e-05,0.999944269657135,0.00855016428977251,0.006193841807544231
2349.0,-0.2761320471763611,-0.6764335632324219,1.6164199113845825,0.6228836178779602,1.546438217163086,-1.8469836711883545,0.9639772176742554,-0.06034305691719055,0.031951915472745895,-7.588186417706311e-05,0.9999179840087891,0.010636660270392895,0.007133408449590206
2350.0,-0.28430038690567017,-0.6795281767845154,1.6231085062026978,0.6156596541404724,1.5418726205825806,-1.8551651239395142,0.9605536460876465,-0.06663435697555542,0.031934645026922226,-0.0001177346712211147,0.9998788237571716,0.012259789742529392,0.009602156467735767
2351.0,-0.2841658294200897,-0.6745861172676086,1.6112968921661377,0.6248751878738403,1.5417026281356812,-1.855043649673462,0.9666616320610046,-0.06825914978981018,0.031936775892972946,-0.00010770346852950752,0.9998835921287537,0.012671520002186298,0.008498660288751125
2352.0,-0.29224374890327454,-0.6781139373779297,1.619449496269226,0.6175955533981323,1.5375410318374634,-1.8631404638290405,0.9622325897216797,-0.07423808425664902,0.0319194458425045,-0.00014883989933878183,0.9998441934585571,0.014212165959179401,0.010471077635884285
2353.0,-0.2872774302959442,-0.6690641641616821,1.5982451438903809,0.6352291107177734,1.5399166345596313,-1.8581819534301758,0.9731701612472534,-0.07296653091907501,0.031933318823575974,-0.00010340078006265685,0.9998757243156433,0.013901421800255775,0.007437220774590969
2354.0,-0.29841169714927673,-0.6732710003852844,1.6075268983840942,0.6257680058479309,1.5338059663772583,-1.8693495988845825,0.9682337641716003,-0.08156145364046097,0.0319063775241375,-0.0001703802408883348,0.9998144507408142,0.016092466190457344,0.010585613548755646
2355.0,-0.30942046642303467,-0.6764520406723022,1.6147685050964355,0.618831992149353,1.5279523134231567,-1.880401849746704,0.9640774726867676,-0.09024494141340256,0.0318768136203289,-0.00023868434072937816,0.9997472763061523,0.018323978409171104,0.013022501021623611
2356.0,-0.3060007393360138,-0.670486569404602,1.6009266376495361,0.6307311654090881,1.5297573804855347,-1.8769898414611816,0.9711580276489258,-0.08938055485486984,0.03189028427004814,-0.00019514527230057865,0.9997779130935669,0.018114177510142326,0.010770674794912338
2357.0,-0.31430792808532715,-0.6711351871490479,1.6021965742111206,0.6287063956260681,1.5252023935317993,-1.8853440284729004,0.9701309204101562,-0.09662500023841858,0.03186700865626335,-0.00024557087454013526,0.9997250437736511,0.01997211202979088,0.012292308732867241
2358.0,-0.3079674541950226,-0.6649131178855896,1.5880968570709229,0.6417237520217896,1.528812289237976,-1.8789907693862915,0.9773356914520264,-0.0931590273976326,0.03188915178179741,-0.0001752750395098701,0.9997753500938416,0.019109444692730904,0.009170107543468475
2359.0,-0.2982748746871948,-0.6628055572509766,1.5829607248306274,0.6456812620162964,1.5335701704025269,-1.869246482849121,0.9805899858474731,-0.08518637716770172,0.031910430639982224,-0.00013379761367104948,0.999823808670044,0.017060767859220505,0.007841032929718494
2360.0,-0.30573248863220215,-0.6587120890617371,1.573498249053955,0.6533738374710083,1.5297036170959473,-1.876760482788086,0.9847915768623352,-0.09340693056583405,0.031894754618406296,-0.00014289343380369246,0.9997881650924683,0.01919463835656643,0.00744286784902215
2361.0,-0.3027762472629547,-0.6532418727874756,1.5606043338775635,0.663530707359314,1.5309561491012573,-1.8737989664077759,0.9914283752441406,-0.09268584102392197,0.031900715082883835,-0.00011218620056752115,0.9998016953468323,0.019026469439268112,0.005895153619349003
2362.0,-0.30370116233825684,-0.6433396339416504,1.5377689599990845,0.6823704838752747,1.5303313732147217,-1.8747478723526,1.0024725198745728,-0.09699004888534546,0.03189597651362419,-6.443748861784115e-05,0.9997908473014832,0.02020224742591381,0.0031889525707811117
2363.0,-0.2983205020427704,-0.6460018157958984,1.5438005924224854,0.6773062348365784,1.5330586433410645,-1.8693283796310425,0.9999537467956543,-0.09110412001609802,0.03190867230296135,-6.513437256217003e-05,0.9998196959495544,0.01866701990365982,0.0034886463545262814
2364.0,-0.29526710510253906,-0.6555168628692627,1.566161870956421,0.6599699854850769,1.5351265668869019,-1.8662400245666504,0.9890029430389404,-0.08496975153684616,0.031918030232191086,-8.992345829028636e-05,0.9998409748077393,0.017035331577062607,0.005277804099023342
2365.0,-0.2886844575405121,-0.6591964960098267,1.574758529663086,0.6532323360443115,1.5385979413986206,-1.8596165180206299,0.9850817918777466,-0.07769187539815903,0.03193075582385063,-8.397935016546398e-05,0.9998700022697449,0.015147014521062374,0.0055435639806091785
2366.0,-0.28636857867240906,-0.6528139710426331,1.5593096017837524,0.664277195930481,1.539106845855713,-1.8573009967803955,0.9931706190109253,-0.07782179117202759,0.031932782381772995,-6.820174894528463e-05,0.999874472618103,0.01519523561000824,0.004487801343202591
2367.0,-0.2906491756439209,-0.6480664014816284,1.548449993133545,0.6734039783477783,1.5369325876235962,-1.8616100549697876,0.9982055425643921,-0.08333086222410202,0.03192443773150444,-5.6959939684020355e-05,0.999855637550354,0.016649167984724045,0.003420694498345256
2368.0,-0.28288033604621887,-0.6470584273338318,1.5460686683654785,0.6754240393638611,1.5408344268798828,-1.8538037538528442,0.9998151659965515,-0.07648865878582001,0.03193790838122368,-3.6279645428294316e-05,0.999886155128479,0.01489245891571045,0.002435831120237708
2369.0,-0.2812149226665497,-0.640504777431488,1.5313193798065186,0.6885366439819336,1.5419745445251465,-1.8521312475204468,1.0069022178649902,-0.07701729983091354,0.03193829581141472,1.637472678339691e-06,0.9998870491981506,0.01503119245171547,-0.00010892600403167307
2370.0,-0.2739051580429077,-0.6402111053466797,1.5308890342712402,0.6897137761116028,1.5459051132202148,-1.8447877168655396,1.0073412656784058,-0.07025758177042007,0.03194886073470116,1.662107024458237e-05,0.9999110698699951,0.013278888538479805,-0.001251579960808158
2371.0,-0.2667034864425659,-0.6451979875564575,1.5409302711486816,0.6777178645133972,1.5483061075210571,-1.8375673294067383,1.0034964084625244,-0.062203675508499146,0.03195978328585625,-1.8858259863918647e-05,0.9999359846115112,0.01119692251086235,0.0016841283068060875
2372.0,-0.27403295040130615,-0.6482111215591431,1.5486541986465454,0.6733005046844482,1.5452784299850464,-1.8449184894561768,0.999005138874054,-0.06794507801532745,0.03195170685648918,-2.5804818506003357e-05,0.9999176263809204,0.01268122810870409,0.0020347158424556255
2373.0,-0.2814115285873413,-0.6556330323219299,1.5661951303482056,0.6596884727478027,1.5419859886169434,-1.8523173332214355,0.9898327589035034,-0.07228699326515198,0.03194233402609825,-5.86767346248962e-05,0.9998962879180908,0.013762051239609718,0.004263219889253378
2374.0,-0.2746659219264984,-0.6591283082962036,1.5747904777526855,0.6540493369102478,1.5458565950393677,-1.8455413579940796,0.9856130480766296,-0.06490853428840637,0.031953733414411545,-4.629168688552454e-05,0.9999220967292786,0.011854852549731731,0.003904568264260888
2375.0,-0.2693403661251068,-0.6533600687980652,1.5604509115219116,0.663401186466217,1.5476499795913696,-1.8402049541473389,0.9934378862380981,-0.06201416626572609,0.031958531588315964,-3.586577076930553e-05,0.9999330043792725,0.011115040630102158,0.0032265621703118086
2376.0,-0.2661612927913666,-0.6582645177841187,1.5726789236068726,0.6556712985038757,1.5500187873840332,-1.8370113372802734,0.9870398044586182,-0.0574377216398716,0.031964223831892014,-3.0539649742422625e-05,0.9999459981918335,0.00992920808494091,0.0030755726620554924
2377.0,-0.25823742151260376,-0.6598473191261292,1.5766485929489136,0.6532964110374451,1.5542168617248535,-1.8290668725967407,0.9851555228233337,-0.049674928188323975,0.031972866505384445,-1.9456427253317088e-05,0.9999656677246094,0.007925504818558693,0.002454829402267933
2378.0,-0.2581638991832733,-0.6543299555778503,1.5626782178878784,0.6617077589035034,1.5532599687576294,-1.828997254371643,0.9927231669425964,-0.05144714191555977,0.031971048563718796,-2.1767411453765817e-05,0.9999614953994751,0.008382934145629406,0.0025965336244553328
2379.0,-0.2620519697666168,-0.6491383910179138,1.5506534576416016,0.6714997887611389,1.5512105226516724,-1.8328986167907715,0.9985607266426086,-0.05660055950284004,0.03196663782000542,-1.4286147234088276e-05,0.9999515414237976,0.009745756164193153,0.0014658129075542092
2380.0,-0.2559656798839569,-0.6370235681533813,1.525612711906433,0.6998018622398376,1.5565807819366455,-1.8267648220062256,1.0095734596252441,-0.0541752353310585,0.03195987269282341,6.109433888923377e-05,0.999936044216156,0.009103127755224705,-0.006710928864777088
2381.0,-0.24629221856594086,-0.6163196563720703,1.491042971611023,0.7610470652580261,1.5709928274154663,-1.8165887594223022,1.0204397439956665,-0.04931154102087021,0.03175589069724083,0.0002465496363583952,0.9994723200798035,0.007816135883331299,-0.03152703121304512
2382.0,-0.24849073588848114,-0.6389119029045105,1.5288244485855103,0.694250762462616,1.5593527555465698,-1.8192906379699707,1.0088014602661133,-0.04677702859044075,0.03197097405791283,3.645890319603495e-05,0.9999613165855408,0.007189623545855284,-0.005070848856121302
2383.0,-0.2549014985561371,-0.6468390822410583,1.544671893119812,0.6747193336486816,1.5542373657226562,-1.825732707977295,1.0020822286605835,-0.050760336220264435,0.031972747296094894,-1.0195408322033472e-05,0.9999654293060303,0.008233213797211647,0.00123828393407166
2384.0,-0.2404680848121643,-0.6454012393951416,1.5407071113586426,0.676391065120697,1.5609480142593384,-1.8112760782241821,1.0047136545181274,-0.03784935176372528,0.03198261186480522,-3.5958482840214856e-06,0.999987781047821,0.004889701958745718,0.0007353832479566336
2385.0,-0.2345225065946579,-0.624882161617279,1.505286693572998,0.7360215187072754,1.5724409818649292,-1.8050798177719116,1.0163586139678955,-0.03643103688955307,0.03187335655093193,0.00010071301221614704,0.999739408493042,0.004498968832194805,-0.022379964590072632
2386.0,-0.23815195262432098,-0.6137164235115051,1.4867582321166992,0.7686258554458618,1.5757473707199097,-1.8083560466766357,1.021985411643982,-0.042044270783662796,0.03171051666140556,0.00020822563965339214,0.9993691444396973,0.005943243857473135,-0.0350135862827301
2387.0,-0.22645147144794464,-0.5883360505104065,1.4456498622894287,0.8404979109764099,1.5914082527160645,-1.7954001426696777,1.0348869562149048,-0.03543884679675102,0.030884575098752975,0.00026787322713062167,0.9979312419891357,0.004166799131780863,-0.06415453553199768
2388.0,-0.228905588388443,-0.6375347971916199,1.5264770984649658,0.6984380483627319,1.569507122039795,-1.7996728420257568,1.009916067123413,-0.028711888939142227,0.03197277709841728,1.989689735637512e-05,0.999965488910675,0.0025091662537306547,-0.00792941264808178
2389.0,-0.23464852571487427,-0.6471972465515137,1.545092225074768,0.6734797358512878,1.5640380382537842,-1.805450201034546,1.002514123916626,-0.031917549669742584,0.03198547288775444,-1.6915764717850834e-06,0.9999943375587463,0.0033537582494318485,0.0005043796263635159
2390.0,-0.22738073766231537,-0.6506974697113037,1.553762674331665,0.6679440140724182,1.568076491355896,-1.7981778383255005,0.9979811906814575,-0.02417391911149025,0.03198758885264397,-2.736497322075593e-07,0.9999990463256836,0.001348920981399715,0.00020286545623093843
2391.0,-0.23222844302654266,-0.6558548808097839,1.5666037797927856,0.6597467660903931,1.566389560699463,-1.8030269145965576,0.9910683035850525,-0.027139687910676003,0.03198693320155144,-1.3784336942990194e-06,0.9999975562095642,0.0021096437703818083,0.000653394847176969
2392.0,-0.23578158020973206,-0.652357816696167,1.5580836534500122,0.6656339168548584,1.5642989873886108,-1.8065828084945679,0.9955007433891296,-0.031418733298778534,0.03198566660284996,-1.5637970136594959e-06,0.999994695186615,0.003224603831768036,0.0004849553224630654
2393.0,-0.24269999563694,-0.6513586044311523,1.5557113885879517,0.667377769947052,1.5608265399932861,-1.81350839138031,0.9966039061546326,-0.03808610141277313,0.03198249265551567,-3.6865849324385636e-06,0.9999874830245972,0.0049510071985423565,0.0007446038071066141
2394.0,-0.2506188452243805,-0.6547968983650208,1.5638432502746582,0.6610676646232605,1.5570886135101318,-1.821437120437622,0.9923018217086792,-0.04436530917882919,0.031977634876966476,-1.3309083442436531e-05,0.9999764561653137,0.006555057596415281,0.0020303060300648212
2395.0,-0.24090397357940674,-0.6568448543548584,1.5690499544143677,0.6580828428268433,1.5622553825378418,-1.8117084503173828,0.9896586537361145,-0.03480042889714241,0.031983982771635056,-5.172250439500203e-06,0.9999909400939941,0.004086501430720091,0.001265680301003158
2396.0,-0.2469002902507782,-0.6600435376167297,1.5771405696868896,0.653113067150116,1.5598392486572266,-1.8177103996276855,0.9851601123809814,-0.03927288204431534,0.03198137506842613,-8.50685410114238e-06,0.9999850392341614,0.005240737926214933,0.0016231925692409277
2397.0,-0.2419867217540741,-0.6628481149673462,1.5839909315109253,0.6483585834503174,1.5625245571136475,-1.8127901554107666,0.9816307425498962,-0.03394271433353424,0.03198414668440819,-6.252339517232031e-06,0.999991238117218,0.003860205877572298,0.0016196767101064324
2398.0,-0.24308829009532928,-0.6676294207572937,1.5960248708724976,0.6407246589660645,1.562700629234314,-1.8138911724090576,0.9750783443450928,-0.033436477184295654,0.031984250992536545,-6.6632978814595845e-06,0.9999914765357971,0.0037271210458129644,0.0017877715872600675
2399.0,-0.23552623391151428,-0.6688171625137329,1.5993354320526123,0.6394089460372925,1.5667530298233032,-1.8063241243362427,0.9732139706611633,-0.026203643530607224,0.03198705241084099,-1.6673217260176898e-06,0.9999979734420776,0.0018644158262759447,0.0008942846325226128
2400.0,-0.22868594527244568,-0.6703385710716248,1.6035103797912598,0.6375529766082764,1.5704741477966309,-1.7994822263717651,0.970815896987915,-0.019540928304195404,0.0319879911839962,-1.0620226476021344e-08,1.0,0.00014879944501444697,7.137274951674044e-05
2401.0,-0.22754386067390442,-0.662941575050354,1.5845959186553955,0.6489206552505493,1.5698052644729614,-1.7983403205871582,0.9812661409378052,-0.02074100449681282,0.03198794648051262,-1.0052334431520649e-07,0.9999998807907104,0.00045779161155223846,0.00021958316210657358
2402.0,-0.23267413675785065,-0.6604220867156982,1.5781856775283813,0.6527695059776306,1.566912293434143,-1.8034720420837402,0.9847489595413208,-0.026169706135988235,0.03198717162013054,-1.0707649380492512e-06,0.9999980926513672,0.0018593603745102882,0.0005758769693784416
2403.0,-0.22065728902816772,-0.6596009731292725,1.575858235359192,0.6536045670509338,1.5724318027496338,-1.7914538383483887,0.9861807227134705,-0.015473909676074982,0.03198779746890068,2.493202089226543e-07,0.9999996423721313,-0.000900160928722471,0.0002769728598650545
2404.0,-0.22179818153381348,-0.6546373963356018,1.563527226448059,0.6616249084472656,1.571287751197815,-1.7925945520401,0.9927953481674194,-0.017913857474923134,0.03198797628283501,2.254104458643269e-08,1.0,-0.0002706628874875605,8.328088733833283e-05
2405.0,-0.21292060613632202,-0.6551638245582581,1.5640933513641357,0.659416913986206,1.5751615762710571,-1.7837187051773071,0.9928239583969116,-0.009691443294286728,0.03198662027716637,1.76076423485938e-06,0.9999969601631165,-0.00239216024056077,0.0007360539748333395
2406.0,-0.20517607033252716,-0.6562260389328003,1.566125512123108,0.6565702557563782,1.5786473751068115,-1.7759780883789062,0.991951584815979,-0.0023606684990227222,0.03198358044028282,5.646888894261792e-06,0.9999900460243225,-0.004283904563635588,0.0013181510148569942
2407.0,-0.2013096958398819,-0.6503297686576843,1.5516037940979004,0.6661663055419922,1.5799733400344849,-1.7721143960952759,0.9996371269226074,-0.0003022835298907012,0.031982745975255966,3.510496753733605e-06,0.9999881386756897,-0.004831324331462383,0.0007266031461767852
2408.0,-0.20880278944969177,-0.648887038230896,1.5484017133712769,0.6691917181015015,1.5763813257217407,-1.779602289199829,1.0012487173080444,-0.007573964539915323,0.031986039131879807,1.3074153457637294e-06,0.9999956488609314,-0.002948448760434985,0.00044342296314425766
2409.0,-0.21551403403282166,-0.6467329859733582,1.5434081554412842,0.6732572317123413,1.5730586051940918,-1.7863109111785889,1.0037753582000732,-0.014337708242237568,0.03198767825961113,2.155991296604043e-07,0.9999992847442627,-0.001197326579131186,0.00018006695609074086
2410.0,-0.21154925227165222,-0.6296154856681824,1.5130138397216797,0.7216585874557495,1.580856204032898,-1.7822203636169434,1.0143101215362549,-0.013840396888554096,0.03191788122057915,-2.3530408725491725e-05,0.9998407363891602,-0.0013214752543717623,-0.017803329974412918
2411.0,-0.22373086214065552,-0.6452546119689941,1.5400429964065552,0.6761400103569031,1.5690267086029053,-1.794527530670166,1.0054064989089966,-0.02235260047018528,0.03198782727122307,-1.1578279668356117e-07,0.9999997019767761,0.0008774278103373945,0.00013195702922530472
2412.0,-0.22140051424503326,-0.6165063977241516,1.4913376569747925,0.760388195514679,1.5818274021148682,-1.7917312383651733,1.0209119319915771,-0.025513149797916412,0.03175313398241997,5.5061784223653376e-05,0.999466061592102,0.0016865398501977324,-0.03263034671545029
2413.0,-0.21218839287757874,-0.6002034544944763,1.4645795822143555,0.8072448372840881,1.592188835144043,-1.7818907499313354,1.0293079614639282,-0.01951015181839466,0.03140432760119438,7.253738658619113e-06,0.998672604560852,0.00014064095739740878,-0.05150782689452171
2414.0,-0.2061077356338501,-0.6037725806236267,1.4703445434570312,0.7968753576278687,1.593259572982788,-1.7760083675384521,1.0275815725326538,-0.013037921860814095,0.031488578766584396,-7.278069824678823e-05,0.9988642930984497,-0.0015265856636688113,-0.04762133210897446
2415.0,-0.20409156382083893,-0.8248897194862366,1.9698604345321655,-2.56929087638855,-1.602994680404663,-0.2148403823375702,1.0396168231964111,-0.014985485933721066,0.029971163719892502,0.7097277045249939,-0.7004827260971069,-0.05261679366230965,0.053311239928007126
2416.0,-0.1967923790216446,-0.825433075428009,1.9732059240341187,-2.577618360519409,-1.6046020984649658,-0.2338469922542572,1.0384395122528076,-0.007398549001663923,0.03020523115992546,0.719021201133728,-0.6912069916725159,-0.05017343536019325,0.05219241604208946
2417.0,-0.188788503408432,-0.8229045867919922,1.959471583366394,-2.5444648265838623,-1.6107841730117798,-0.2386033982038498,1.0433528423309326,-0.000991125125437975,0.02920980378985405,0.72307288646698,-0.6856762170791626,-0.057626500725746155,0.06076943874359131
2418.0,-0.1989239603281021,-0.8301547169685364,2.0308127403259277,-2.72651743888855,-1.5883954763412476,1.3720687627792358,1.0169702768325806,-0.0027375840581953526,0.03185994550585747,-9.950352978194132e-05,0.9997090101242065,-0.004186511505395174,-0.023760732263326645
2419.0,-0.19002126157283783,-0.8293578028678894,2.011505365371704,-2.6759262084960938,-1.5973910093307495,1.381332278251648,1.024339199066162,0.003482657950371504,0.03162313625216484,-0.00023351673735305667,0.9991703629493713,-0.005788058042526245,-0.04031110182404518
2420.0,-0.18312868475914001,-0.8265815377235413,1.9813963174819946,-2.5989627838134766,-1.607546091079712,1.3891348838806152,1.035487413406372,0.006876434665173292,0.030765872448682785,-0.0004306928312871605,0.9978278875350952,-0.006556404288858175,-0.06554771959781647
2421.0,-0.17572404444217682,-0.8212608098983765,1.9515444040298462,-2.526000499725342,-1.616804838180542,-0.2543722093105316,1.0460830926895142,0.01119847223162651,0.028627078980207443,0.7327187657356262,-0.6745061278343201,-0.06119772046804428,0.06647933274507523
2422.0,-0.16866207122802734,-0.8150180578231812,1.9232940673828125,-2.4595143795013428,-1.625119924545288,-0.23867642879486084,1.0558773279190063,0.015600040555000305,0.026405107229948044,0.7287802696228027,-0.6753934621810913,-0.0766710638999939,0.08273155242204666
2423.0,-0.17932452261447906,-0.81682950258255,1.930772066116333,-2.4764838218688965,-1.620511770248413,-0.23096895217895508,1.053393006324768,0.005532376002520323,0.02699674293398857,0.7227566838264465,-0.6827993392944336,-0.07334768772125244,0.07763998955488205
2424.0,-0.18325163424015045,-0.8115071654319763,1.9095425605773926,-2.4284658432006836,-1.624085545539856,-0.21398420631885529,1.060918927192688,-0.000556806568056345,0.02518453821539879,0.7146808505058289,-0.6885982155799866,-0.08515897393226624,0.08838460594415665
2425.0,-0.1938643902540207,-0.8174763917922974,1.9332988262176514,-2.482028007507324,-1.615723729133606,-0.21316289901733398,1.0525511503219604,-0.008872603066265583,0.027196567505598068,0.7115918397903442,-0.6947770714759827,-0.07300948351621628,0.07477644085884094
2426.0,-0.20363233983516693,-0.8178480267524719,1.9348076581954956,-2.485543966293335,-1.6124520301818848,-0.20039966702461243,1.0519806146621704,-0.018548736348748207,0.027327578514814377,0.7036941051483154,-0.7029951214790344,-0.0728079080581665,0.07288031280040741
2427.0,-0.21695487201213837,-0.8182439208030701,1.9360949993133545,-2.488290548324585,-1.6081624031066895,-0.18191875517368317,1.0512951612472534,-0.03180844336748123,0.027483057230710983,-0.6923527717590332,0.7143553495407104,0.07303335517644882,-0.07078388333320618
2428.0,-0.20948345959186554,-0.8131548166275024,1.914791464805603,-2.438944101333618,-1.616042137145996,-0.1879376322031021,1.0587464570999146,-0.026734787970781326,0.025727372616529465,-0.6963925361633301,0.7077938914299011,0.08453898131847382,-0.08317720890045166
2429.0,-0.19909992814064026,-0.8089104890823364,1.9044864177703857,-2.425832509994507,-1.6196463108062744,-0.19650492072105408,1.0640246868133545,-0.01732724905014038,0.02440507337450981,0.7029529809951782,-0.7006301283836365,-0.08638565242290497,0.08667204529047012
2430.0,-0.20269182324409485,-0.8046638369560242,1.8959568738937378,-2.4201900959014893,-1.6185194253921509,-0.1909915804862976,1.0690430402755737,-0.022017208859324455,0.02313808724284172,-0.6996713876724243,0.7038108110427856,0.08717638999223709,-0.08666366338729858
2431.0,-0.20986640453338623,-0.8029996156692505,1.892145037651062,-2.4163269996643066,-1.6168800592422485,-0.18326427042484283,1.0709596872329712,-0.029875926673412323,0.022652816027402878,-0.6942921280860901,0.7089990377426147,0.08831529319286346,-0.08648334443569183
2432.0,-0.21719740331172943,-0.8036326766014099,1.8928285837173462,-2.415161609649658,-1.6153733730316162,-0.17650526762008667,1.0701206922531128,-0.03735797479748726,0.022861789911985397,-0.6891841292381287,0.7138855457305908,0.08925946801900864,-0.08617096394300461
2433.0,-0.2147655487060547,-0.8078227043151855,1.901298999786377,-2.420927047729492,-1.616166591644287,-0.180693581700325,1.0652072429656982,-0.033789727836847305,0.02410399541258812,-0.6916228532791138,0.711637020111084,0.08850172162055969,-0.08601268380880356
2434.0,-0.22383789718151093,-0.808941662311554,1.9028069972991943,-2.4199635982513428,-1.6143107414245605,-0.1724797487258911,1.0637437105178833,-0.04290534555912018,0.024468999356031418,-0.685332715511322,0.7176107168197632,0.08961047977209091,-0.08557980507612228
2435.0,-0.23158049583435059,-0.8143584728240967,1.9191187620162964,-2.4490902423858643,-1.6086846590042114,-0.16293542087078094,1.0567097663879395,-0.048676081001758575,0.026210468262434006,-0.679498016834259,0.7246832251548767,0.08354644477367401,-0.0783371850848198
2436.0,-0.2293294072151184,-0.8198995590209961,1.9433073997497559,-2.505262851715088,-1.6022881269454956,-0.1631954163312912,1.0484799146652222,-0.04333823546767235,0.028108831495046616,-0.6812955737113953,0.7257373929023743,0.06970871984958649,-0.06543999165296555
2437.0,-0.24052171409130096,-0.8227907419204712,1.9571653604507446,-2.538322925567627,-1.5944113731384277,-0.1392991691827774,1.0432872772216797,-0.05268072709441185,0.02921689674258232,-0.6687809228897095,0.7386820912361145,0.06237997114658356,-0.05647697299718857
2438.0,-0.23901787400245667,-0.8278185129165649,1.9871809482574463,-2.6116926670074463,-1.5847524404525757,1.333460807800293,1.0327377319335938,-0.0469883494079113,0.03120638057589531,0.0004266144533175975,0.9982219338417053,0.007197254337370396,-0.0591692179441452
2439.0,-0.2582733631134033,-0.8303104639053345,2.025995969772339,-2.7121191024780273,-1.5633989572525024,1.3128548860549927,1.0176922082901,-0.059771422296762466,0.031822483986616135,0.00026641145814210176,0.9996237754821777,0.010512051172554493,-0.025333894416689873
2440.0,-0.26012182235717773,-0.82855623960495,1.9961764812469482,-2.635277271270752,-1.5730482339859009,1.312010407447815,1.028719186782837,-0.06615793704986572,0.03140316531062126,0.0006090256501920521,0.9986698031425476,0.012137615121901035,-0.05010996386408806
2441.0,-0.26870977878570557,-0.8299970030784607,2.019929885864258,-2.6968064308166504,-1.5607393980026245,1.30255126953125,1.0195642709732056,-0.07066594809293747,0.03175778314471245,0.0003929204831365496,0.9994766116142273,0.01332248654216528,-0.029477592557668686
2442.0,-0.2674584984779358,-0.8275335431098938,1.9860601425170898,-2.6104395389556885,-1.5734831094741821,1.3051589727401733,1.0320851802825928,-0.07483599334955215,0.03121117874979973,0.0008291577687487006,0.9982326030731201,0.014354201033711433,-0.057662028819322586
2443.0,-0.24999165534973145,-0.8242992758750916,1.9652520418167114,-2.5583014488220215,-1.5880911350250244,-0.11135373264551163,1.040147066116333,-0.06088932231068611,0.029846739023923874,-0.6549763083457947,0.7517027854919434,0.05815140902996063,-0.05066869407892227
2444.0,-0.25010228157043457,-0.8175734281539917,1.9324274063110352,-2.480621099472046,-1.599044680595398,-0.13499721884727478,1.051483392715454,-0.06564595550298691,0.027417372912168503,-0.6627832055091858,0.741654098033905,0.07701358199119568,-0.06882361322641373
2445.0,-0.24318112432956696,-0.8163602352142334,1.9272719621658325,-2.46832013130188,-1.6028062105178833,-0.14663900434970856,1.0535249710083008,-0.05936471000313759,0.026953887194395065,-0.6695177555084229,0.7349525690078735,0.07958801090717316,-0.07250207662582397
